rgn_id,rgn_name,product,year,tonnes,sust_tonnes,sust_tonnes_orig,peak_sust_tonnes,tonnes_rel
5,New Caledonia,ornamentals,2004,5,4.997837308772909,4.997837308772909,15.452619008387463,0.32342978921955906
5,New Caledonia,ornamentals,2005,4,4.4982265931937855,3.9986158776146623,15.452619008387463,0.2910980068008026
5,New Caledonia,ornamentals,2006,3,3.998558205848606,2.9992214311582472,15.452619008387463,0.258762492214313
5,New Caledonia,ornamentals,2007,4,3.9985726237901202,3.9986158776146623,15.452619008387463,0.2587634252562463
5,New Caledonia,ornamentals,2008,4,3.7487672660005584,3.9986158776146623,15.452619008387463,0.24259753404686807
5,New Caledonia,ornamentals,2009,3,3.498918654386455,2.9992214311582472,15.452619008387463,0.22642884371169
5,New Caledonia,ornamentals,2010,6,4.24833472775514,5.99688572463299,15.452619008387463,0.2749265173398247
5,New Caledonia,ornamentals,2011,6,4.747902189509722,5.99688572463299,15.452619008387463,0.3072555006327813
5,New Caledonia,ornamentals,2012,17,7.991998042459766,16.974999289414836,15.452619008387463,0.5171937545423091
5,New Caledonia,ornamentals,2013,15,10.98732662940925,14.980535778956186,15.452619008387463,0.7110332962616553
5,New Caledonia,ornamentals,2014,15,13.23323914299005,14.980535778956186,15.452619008387463,0.8563751643528669
5,New Caledonia,ornamentals,2015,14.893594239356077,15.452619008387463,14.874405186222646,15.452619008387463,1
5,New Caledonia,ornamentals,2016,13.25666428203462,14.519234561408503,13.241461501498996,15.452619008387463,0.9395970064056887
5,New Caledonia,ornamentals,2017,4,11.773754586073123,3.9986158776146623,15.452619008387463,0.7619261550215206
5,New Caledonia,ornamentals,2018,3,8.778425999123638,2.9992214311582472,15.452619008387463,0.5680866133021744
5,New Caledonia,ornamentals,2019,2.91,5.787141563712176,2.909267444576795,15.452619008387463,0.3745087845996201
5,New Caledonia,ornamentals,2020,0.99,2.7242549918007093,0.9899152138531331,15.452619008387463,0.17629729888001652
5,New Caledonia,ornamentals,2021,0.73,1.9070894974154946,0.7299539000738033,15.452619008387463,0.12341529266853427
5,New Caledonia,ornamentals,2022,0.86,1.3722681443616174,0.8599360189427377,15.452619008387463,0.08880489084839079
6,Vanuatu,ornamentals,2004,134.96523742733226,124.40714875021953,124.40714875021953,25.656978152172325,1
6,Vanuatu,ornamentals,2005,151.83077441155638,131.4381214738642,138.46909419750884,25.656978152172325,1
6,Vanuatu,ornamentals,2006,0,87.62541431590945,0,25.656978152172325,1
6,Vanuatu,ornamentals,2007,0,65.7190607369321,0,25.656978152172325,1
6,Vanuatu,ornamentals,2008,0,34.61727354937721,0,25.656978152172325,1
6,Vanuatu,ornamentals,2009,0,0,0,25.656978152172325,0
6,Vanuatu,ornamentals,2010,0,0,0,25.656978152172325,0
6,Vanuatu,ornamentals,2011,0,0,0,25.656978152172325,0
6,Vanuatu,ornamentals,2012,14.646755325548384,3.630602868701896,14.522411474807583,25.656978152172325,0.1415054745406368
6,Vanuatu,ornamentals,2013,21.428210080260214,8.921119914187734,21.16206818194335,25.656978152172325,0.3477073512428587
6,Vanuatu,ornamentals,2014,50.93953826209645,21.280001336066285,49.43552568751421,25.656978152172325,0.8294040400959903
6,Vanuatu,ornamentals,2015,17.6892756376933,25.656978152172325,17.50790726442416,25.656978152172325,1
6,Vanuatu,ornamentals,2016,5.811879071630756,23.474450480673063,5.792300788810538,25.656978152172325,0.9149343442335796
6,Vanuatu,ornamentals,2017,14.289593037321993,21.726743314444114,14.171239517027548,25.656978152172325,0.8468161443480262
6,Vanuatu,ornamentals,2018,2,9.86728227510575,1.9976815301607507,25.656978152172325,0.3845847401273289
6,Vanuatu,ornamentals,2019,0,5.490305458999709,0,25.656978152172325,0.2139887802233193
6,Vanuatu,ornamentals,2020,0,4.042230261797075,0,25.656978152172325,0.15754896144910296
6,Vanuatu,ornamentals,2021,0.01,0.5019203680497512,0.00999994203825402,25.656978152172325,0.019562723445950884
6,Vanuatu,ornamentals,2022,0,0.002499985509563505,0,25.656978152172325,9.743881351638583e-5
7,Solomon Islands,ornamentals,2004,80,38.809983236928325,38.809983236928325,11.06089889874314,1
7,Solomon Islands,ornamentals,2005,102,43.93773111822996,49.06547899953161,11.06089889874314,1
7,Solomon Islands,ornamentals,2006,143,51.857724246108894,67.69771050186675,11.06089889874314,1
7,Solomon Islands,ornamentals,2007,100,50.9284428865068,48.140598807700506,11.06089889874314,1
7,Solomon Islands,ornamentals,2008,69,49.62963185036127,33.61473909234621,11.06089889874314,1
7,Solomon Islands,ornamentals,2009,48,43.256160591801915,23.571593965294195,11.06089889874314,1
7,Solomon Islands,ornamentals,2010,42,31.49973337375482,20.67200162967837,11.06089889874314,1
7,Solomon Islands,ornamentals,2011,0,19.464583671829693,0,11.06089889874314,1
7,Solomon Islands,ornamentals,2012,0,11.06089889874314,0,11.06089889874314,1
7,Solomon Islands,ornamentals,2013,0,5.168000407419592,0,11.06089889874314,0.4672315021346807
7,Solomon Islands,ornamentals,2014,0,0,0,11.06089889874314,0
7,Solomon Islands,ornamentals,2015,0,0,0,11.06089889874314,0
7,Solomon Islands,ornamentals,2016,0,0,0,11.06089889874314,0
7,Solomon Islands,ornamentals,2017,0,0,0,11.06089889874314,0
7,Solomon Islands,ornamentals,2018,0,0,0,11.06089889874314,0
7,Solomon Islands,ornamentals,2019,0,0,0,11.06089889874314,0
7,Solomon Islands,ornamentals,2020,0,0,0,11.06089889874314,0
7,Solomon Islands,ornamentals,2021,0,0,0,11.06089889874314,0
7,Solomon Islands,ornamentals,2022,0,0,0,11.06089889874314,0
8,Palau,ornamentals,2004,7.43089397589506,3.648847186749261,3.648847186749261,3.6744032305007637,0.9930448450678017
8,Palau,ornamentals,2005,1.6090494854850022,2.2251246171133054,0.8014020474773503,3.6744032305007637,0.6055744232540465
8,Palau,ornamentals,2006,1.530776974759192,1.7376038150397868,0.7625622108927493,3.6744032305007637,0.4728941561492636
8,Palau,ornamentals,2007,1.0819514330858055,1.4380938134666719,0.5395638087473268,3.6744032305007637,0.3913815994742314
8,Palau,ornamentals,2008,0,0.5258820167793566,0,3.6744032305007637,0.14312038820728099
8,Palau,ornamentals,2009,0,0.32553150491001903,0,3.6744032305007637,0.08859438784720809
8,Palau,ornamentals,2010,0,0.1348909521868317,0,3.6744032305007637,0.03671098236228368
8,Palau,ornamentals,2011,0,0,0,3.6744032305007637,0
8,Palau,ornamentals,2012,0,0,0,3.6744032305007637,0
8,Palau,ornamentals,2013,2.205079165186457,0.27416874301937094,1.0966749720774838,3.6744032305007637,0.07461585618680344
8,Palau,ornamentals,2014,0,0.27416874301937094,0,3.6744032305007637,0.07461585618680344
8,Palau,ornamentals,2015,2.1832394902700365,0.545636425163316,1.0858707285757803,3.6744032305007637,0.14849661045202006
8,Palau,ornamentals,2016,2,0.7944303043743158,0.9951755168439993,3.6744032305007637,0.21620662037847366
8,Palau,ornamentals,2017,2,0.7690554405659447,0.9951755168439993,3.6744032305007637,0.20930077411812378
8,Palau,ornamentals,2018,6,1.5082003534649433,2.9565796515959946,3.6744032305007637,0.4104613072799305
8,Palau,ornamentals,2019,5.04,1.8590733218625317,2.4893626021661333,3.6744032305007637,0.5059524513887305
8,Palau,ornamentals,2020,6.09,2.3603462605429026,3.000267271565483,3.6744032305007637,0.6423754042425073
8,Palau,ornamentals,2021,10.49,3.389621968273489,5.1122783477663445,3.6744032305007637,0.9224959144757601
8,Palau,ornamentals,2022,8.36,3.6744032305007637,4.095704700505094,3.6744032305007637,1
9,Micronesia,ornamentals,2004,1.433369141287609,0.7161300901408653,0.7161300901408653,1.5223818991062847,0.47040108041304873
9,Micronesia,ornamentals,2005,1.2197496725633208,0.6628017011695595,0.6094733121982537,1.5223818991062847,0.43537150668873403
9,Micronesia,ornamentals,2006,0,0.44186780077970633,0,1.5223818991062847,0.2902476711258227
9,Micronesia,ornamentals,2007,0,0.33140085058477975,0,1.5223818991062847,0.21768575334436702
9,Micronesia,ornamentals,2008,1.2209289146460067,0.304883867170855,0.6100621564851663,1.5223818991062847,0.20026766434219778
9,Micronesia,ornamentals,2009,1.27894075864522,0.31227277411657683,0.6390289399811412,1.5223818991062847,0.20512118168239965
9,Micronesia,ornamentals,2010,1.3122588469422976,0.47618894521335486,0.6556646843871119,1.5223818991062847,0.3127920435029488
9,Micronesia,ornamentals,2011,2.8395491552186334,0.8305885770015532,1.4175985271527936,1.5223818991062847,0.5455849005358976
9,Micronesia,ornamentals,2012,3.700108059537283,1.1396628281812364,1.846359161203899,1.5223818991062847,0.7486050831596699
9,Micronesia,ornamentals,2013,3.6346511250258153,1.433345659713177,1.8137602661089036,1.5223818991062847,0.9415151747105135
9,Micronesia,ornamentals,2014,2.025834459130813,1.5223818991062847,1.0118096419595428,1.5223818991062847,1
9,Micronesia,ornamentals,2015,1.528236799831956,1.358854290781043,0.7634880938518268,1.5223818991062847,0.8925843716210494
9,Micronesia,ornamentals,2016,2.0554300021717635,1.153908204344928,1.0265748154594392,1.5223818991062847,0.7579623779173482
9,Micronesia,ornamentals,2017,1.8911980448517485,0.9366265784853779,0.9446337626707029,1.5223818991062847,0.6152375951364274
9,Micronesia,ornamentals,2018,2.5418600257022383,1.0009707445279774,1.269186306129941,1.5223818991062847,0.6575030517083774
9,Micronesia,ornamentals,2019,0.05,0.8163485523902237,0.024999325300811753,1.5223818991062847,0.5362311210278194
9,Micronesia,ornamentals,2020,1.4360366815589505,0.7390702971624948,0.7174617945485235,1.5223818991062847,0.48546970874809176
9,Micronesia,ornamentals,2021,2.98925543332253,0.8759658982118476,1.4922161668681138,1.5223818991062847,0.5753916929294048
9,Micronesia,ornamentals,2022,3.0983833516251664,0.9453195308020993,1.546600836490948,1.5223818991062847,0.6209476947650584
11,Marshall Islands,ornamentals,2004,23.995276344477077,23.86448354880146,23.86448354880146,106.90903643633581,0.22322232380246668
11,Marshall Islands,ornamentals,2005,35.5146518171689,29.54631015993078,35.2281367710601,106.90903643633581,0.27636868823081734
11,Marshall Islands,ornamentals,2006,63.295110680699565,40.4925551756178,62.38504520699184,106.90903643633581,0.37875708663533847
11,Marshall Islands,ornamentals,2007,64.78168254575696,46.32650808615078,63.82836681774974,106.90903643633581,0.43332640186817284
11,Marshall Islands,ornamentals,2008,92.5528258523749,63.01212856451886,90.60696546227376,106.90903643633581,0.5893994620561611
11,Marshall Islands,ornamentals,2009,141.17378726256158,88.36671314198165,136.64647508091127,106.90903643633581,0.8265598127863019
11,Marshall Islands,ornamentals,2010,182.1863580513066,116.43207315150339,174.6464852450788,106.90903643633581,1
11,Marshall Islands,ornamentals,2011,114.2561910461112,128.2976646788929,111.29073292730767,106.90903643633581,1
11,Marshall Islands,ornamentals,2012,5.05826462315479,106.90903643633581,5.05245249204551,106.90903643633581,1
11,Marshall Islands,ornamentals,2013,3.1531228888341527,73.5351337711035,3.150864419982056,106.90903643633581,0.6878289826781254
11,Marshall Islands,ornamentals,2014,2.581443962428885,30.51849500984004,2.5799302000249202,106.90903643633581,0.2854622586371711
11,Marshall Islands,ornamentals,2015,2.232008837342847,3.2535310670296815,2.2308771560662395,106.90903643633581,0.03043270405834361
11,Marshall Islands,ornamentals,2016,2.425836337703811,2.5965428370099604,2.4244995719666265,106.90903643633581,0.024287402857252373
11,Marshall Islands,ornamentals,2017,3.422210898384213,2.6637143582768386,3.4195505050495685,106.90903643633581,0.024915708223252737
11,Marshall Islands,ornamentals,2018,4.900113695256275,3.2423966394915946,4.894659324883944,106.90903643633581,0.030328555448373512
11,Marshall Islands,ornamentals,2019,0.31,2.762171892950367,0.30997816990132826,106.90903643633581,0.025836655020225877
11,Marshall Islands,ornamentals,2020,0.14,2.191045886873554,0.13999554765937602,106.90903643633581,0.020494487275435496
11,Marshall Islands,ornamentals,2021,8.363974830671054,3.423179158655514,8.348083592177407,106.90903643633581,0.03201954926133875
11,Marshall Islands,ornamentals,2022,7.2,3.996570330777031,7.188224013370012,106.90903643633581,0.037382904794553855
14,Taiwan,ornamentals,2004,121.96737907336478,42.72151399178698,42.72151399178698,39.72047565880527,1
14,Taiwan,ornamentals,2005,111,41.54798352517604,40.37445305856511,39.72047565880527,1
14,Taiwan,ornamentals,2006,108,40.925656210331724,39.681001580643084,39.72047565880527,1
14,Taiwan,ornamentals,2007,117,41.11800824651387,41.69506435506028,39.72047565880527,1
14,Taiwan,ornamentals,2008,209,43.15667617440882,50.876185703366815,39.72047565880527,1
14,Taiwan,ornamentals,2009,104,42.743569449038716,38.72202615708468,39.72047565880527,1
14,Taiwan,ornamentals,2010,102,42.380270795240484,38.227806965450164,39.72047565880527,1
14,Taiwan,ornamentals,2011,88,40.57982595648613,34.493285000042874,39.72047565880527,1
14,Taiwan,ornamentals,2012,109,37.83943136062601,39.91460731992631,39.72047565880527,0.9526429563850837
14,Taiwan,ornamentals,2013,142,39.72047565880527,46.24620334980172,39.72047565880527,1
14,Taiwan,ornamentals,2014,26,33.20605557614717,12.170126634817791,39.72047565880527,0.8359934020272999
14,Taiwan,ornamentals,2015,34,28.477951186287846,15.580867440605573,39.72047565880527,0.7169589667281547
14,Taiwan,ornamentals,2016,38,22.806127337325833,17.227311924078244,39.72047565880527,0.5741655143616125
14,Taiwan,ornamentals,2017,52,16.914703134693195,22.680506539271168,39.72047565880527,0.42584341839178175
14,Taiwan,ornamentals,2018,54,19.727234074778938,23.42025039516077,39.72047565880527,0.4966515064984069
14,Taiwan,ornamentals,2019,47.57,21.08376850736042,21.0070051709315,39.72047565880527,0.5308035253270325
14,Taiwan,ornamentals,2020,33.17,20.585517724128945,15.234308791152335,39.72047565880527,0.5182595974166168
14,Taiwan,ornamentals,2021,25.05,17.85405691352149,11.75466329684135,39.72047565880527,0.44949252538881884
14,Taiwan,ornamentals,2022,22.06,14.607140556603936,10.432584967490556,39.72047565880527,0.36774837950274675
15,Philippines,ornamentals,2004,6941,2331.1149667489863,2331.1149667489863,2161.4245129515534,1
15,Philippines,ornamentals,2005,6698,2309.555866018378,2287.99676528777,2161.4245129515534,1
15,Philippines,ornamentals,2006,6660,2300.0377337855502,2281.0014693198946,2161.4245129515534,1
15,Philippines,ornamentals,2007,6766,2300.1143493365666,2300.3441959896154,2161.4245129515534,1
15,Philippines,ornamentals,2008,6441,2277.1744565653075,2239.3553956639503,2161.4245129515534,1
15,Philippines,ornamentals,2009,5555,2217.104176786158,2047.7156461711725,2161.4245129515534,1
15,Philippines,ornamentals,2010,5166,2134.8153507754146,1951.8461652769206,2161.4245129515534,0.9876890624601077
15,Philippines,ornamentals,2011,5503,2068.557958443841,2035.314626663321,2161.4245129515534,0.9570345603322054
15,Philippines,ornamentals,2012,6049,2048.5057165966573,2159.146428275216,2161.4245129515534,0.947757233399422
15,Philippines,ornamentals,2013,5904,2068.485756981022,2127.635807708631,2161.4245129515534,0.9570011557592553
15,Philippines,ornamentals,2014,5945,2114.6858531168696,2136.646549820311,2161.4245129515534,0.9783759925203868
15,Philippines,ornamentals,2015,5888,2136.881659445461,2124.0978519776854,2161.4245129515534,0.9886450563695247
15,Philippines,ornamentals,2016,6534,2161.4245129515534,2257.3178422995857,2161.4245129515534,1
15,Philippines,ornamentals,2017,5898,2161.093184347919,2126.3104932940932,2161.4245129515534,0.9998467082233734
15,Philippines,ornamentals,2018,5313,2124.1604954073264,1988.9157940579419,2161.4245129515534,0.9827595100726693
15,Philippines,ornamentals,2019,5123.36,2078.361585778882,1940.9022134639063,2161.4245129515534,0.9615702853951423
15,Philippines,ornamentals,2020,3788.98,1902.7735140879122,1554.9655555357076,2161.4245129515534,0.8803330871313021
15,Philippines,ornamentals,2021,7079.06,1959.7879658511,2354.368300346844,2161.4245129515534,0.9067112703255563
15,Philippines,ornamentals,2022,7904.13,2081.1942447457277,2474.540909636452,2161.4245129515534,0.9628808372788062
16,Australia,ornamentals,2004,264.9174385757765,263.1816653457227,263.1816653457227,383.75877679046386,0.685799729577058
16,Australia,ornamentals,2005,231.85218600369635,246.85216658286546,230.52266782000822,383.75877679046386,0.6432482630036348
16,Australia,ornamentals,2006,199.15317554002215,230.62551995144545,198.1722266886054,383.75877679046386,0.6009648088840175
16,Australia,ornamentals,2007,275.2799823573217,241.32057991943438,273.4057598234012,383.75877679046386,0.6288340345925113
16,Australia,ornamentals,2008,386.2638406659445,271.1685947880483,382.5737248201785,383.75877679046386,0.7066120990272728
16,Australia,ornamentals,2009,390.8360983369661,310.3024539912908,387.0581046329782,383.75877679046386,0.8085872500076241
16,Australia,ornamentals,2010,359.6589511376221,349.8743125485062,356.4596609174671,383.75877679046386,0.9117037412789678
16,Australia,ornamentals,2011,362.1255628871861,371.2434324594235,358.8822394670702,383.75877679046386,0.967387470755167
16,Australia,ornamentals,2012,424.5525680343935,380.6236566796653,420.09462170114574,383.75877679046386,0.9918304927459409
16,Australia,ornamentals,2013,403.62792874092065,383.75877679046386,399.59858507617247,383.75877679046386,1
16,Australia,ornamentals,2014,313.6460243455149,372.4471045430241,311.2129719277081,383.75877679046386,0.9705240037972708
16,Australia,ornamentals,2015,254.8241054229325,346.03106422107845,253.21807817928746,383.75877679046386,0.9016889909726153
16,Australia,ornamentals,2016,282.4079840547197,311.116269793481,280.43544399075597,383.75877679046386,0.8107078941502714
16,Australia,ornamentals,2017,299.7174890981705,285.5905571812394,297.49573462720593,383.75877679046386,0.7441929004718886
16,Australia,ornamentals,2018,357.11389437152366,296.2772447649222,353.95972226243947,383.75877679046386,0.7720403093912627
16,Australia,ornamentals,2019,323.63936038842894,313.23492396832404,321.04879499289484,383.75877679046386,0.8162286908146819
16,Australia,ornamentals,2020,198.68584635128127,292.55343693350665,197.70949585148637,383.75877679046386,0.7623367975587533
16,Australia,ornamentals,2021,240.79533118402105,278.0198205002679,239.36126889425083,383.75877679046386,0.7244650476152353
16,Australia,ornamentals,2022,319.06218943000977,268.665985343595,316.54438163574815,383.75877679046386,0.7000907903411662
17,Papua New Guinea,ornamentals,2004,0,0,0,10.683798816314013,0
17,Papua New Guinea,ornamentals,2005,0,0,0,10.683798816314013,0
17,Papua New Guinea,ornamentals,2006,0,0,0,10.683798816314013,0
17,Papua New Guinea,ornamentals,2007,9.999610996734503,1.2478793873529452,4.991517549411781,10.683798816314013,0.11680109376895516
17,Papua New Guinea,ornamentals,2008,8.025822006477398,2.2497723882129685,4.007572003440092,10.683798816314013,0.21057794394046406
17,Papua New Guinea,ornamentals,2009,9.79523830844022,3.472189018845188,4.889666522528877,10.683798816314013,0.32499573218687
17,Papua New Guinea,ornamentals,2010,40.17343791522691,8.460426248442023,19.952948918387342,10.683798816314013,0.7918930704238897
17,Papua New Guinea,ornamentals,2011,36,11.685691817174037,17.892579824339837,10.683798816314013,1
17,Papua New Guinea,ornamentals,2012,0,10.683798816314013,0,10.683798816314013,1
17,Papua New Guinea,ornamentals,2013,0,9.461382185681796,0,10.683798816314013,0.8855822117535942
17,Papua New Guinea,ornamentals,2014,0,4.473144956084959,0,10.683798816314013,0.41868487351657435
17,Papua New Guinea,ornamentals,2015,0,0,0,10.683798816314013,0
17,Papua New Guinea,ornamentals,2016,0,0,0,10.683798816314013,0
17,Papua New Guinea,ornamentals,2017,0,0,0,10.683798816314013,0
17,Papua New Guinea,ornamentals,2018,0,0,0,10.683798816314013,0
17,Papua New Guinea,ornamentals,2019,31.07,3.8637466206152307,15.454986482460923,10.683798816314013,0.36164539290232073
17,Papua New Guinea,ornamentals,2020,0.02,3.866246612326637,0.009999966845624797,10.683798816314013,0.3618793912913197
17,Papua New Guinea,ornamentals,2021,0.02,3.868746604038043,0.009999966845624797,10.683798816314013,0.3621133896803186
17,Papua New Guinea,ornamentals,2022,1.49,4.054950600270299,0.7448159849290255,10.683798816314013,0.37954202152126315
18,Fiji,ornamentals,2004,269,125.94003535856842,125.94003535856842,89.9409501183838,1
18,Fiji,ornamentals,2005,126,93.53098975922114,61.12194415987386,89.9409501183838,1
18,Fiji,ornamentals,2006,90,77.03459592109196,44.041808244833604,89.9409501183838,0.8565019139746246
18,Fiji,ornamentals,2007,117,71.99611092426117,56.88065593376879,89.9409501183838,0.8004819921236886
18,Fiji,ornamentals,2008,119,54.967307225208216,57.82482056235662,89.9409501183838,0.6111488387976567
18,Fiji,ornamentals,2009,99,51.77196817930192,48.340587976248656,89.9409501183838,0.5756217619577916
18,Fiji,ornamentals,2010,175,61.73081789272405,83.8772070985221,89.9409501183838,0.6863482964263945
18,Fiji,ornamentals,2011,135,63.84667104700075,65.3440685508756,89.9409501183838,0.7098732108451519
18,Fiji,ornamentals,2012,71,58.11638428178833,34.90367350150694,89.9409501183838,0.6461615560575386
18,Fiji,ornamentals,2013,93,57.40045332197202,45.47686413698344,89.9409501183838,0.638201544973889
18,Fiji,ornamentals,2014,95,48.03924782541629,46.43238511229917,89.9409501183838,0.5341198615556668
18,Fiji,ornamentals,2015,98,43.66920372422152,47.86389214609654,89.9409501183838,0.4855319369735633
18,Fiji,ornamentals,2016,82,44.99443098582815,40.20458254793347,89.9409501183838,0.5002663517185967
18,Fiji,ornamentals,2017,77,43.07487177515077,37.79862729427388,89.9409501183838,0.47892391306133564
18,Fiji,ornamentals,2018,74,40.554829260925004,36.352215055396144,89.9409501183838,0.45090505723527663
18,Fiji,ornamentals,2019,153.1,47.033157426675075,73.7772048090968,89.9409501183838,0.5229337400235176
18,Fiji,ornamentals,2020,168.15,57.16457911927222,80.73026931832206,89.9409501183838,0.6355789998218827
18,Fiji,ornamentals,2021,213.77,73.08471933547024,101.47918815906597,89.9409501183838,0.8125855824212805
18,Fiji,ornamentals,2022,218.89,89.9409501183838,103.77713818705037,89.9409501183838,1
20,South Korea,ornamentals,2004,14.123834883573636,14.123834883573636,14.123834883573636,4.6983642048477,1
20,South Korea,ornamentals,2005,15.480722239135048,14.802278561354342,15.480722239135048,4.6983642048477,1
20,South Korea,ornamentals,2006,10.154334435172586,13.25296385262709,10.154334435172586,4.6983642048477,1
20,South Korea,ornamentals,2007,14.888790957375022,13.661920628814073,14.888790957375022,4.6983642048477,1
20,South Korea,ornamentals,2008,12.221340582470477,13.186297053538283,12.221340582470477,4.6983642048477,1
20,South Korea,ornamentals,2009,9.661684968203645,11.731537735805432,9.661684968203645,4.6983642048477,1
20,South Korea,ornamentals,2010,8.934540284773448,11.426589198205647,8.934540284773448,4.6983642048477,1
20,South Korea,ornamentals,2011,0,7.704391458861892,0,4.6983642048477,1
20,South Korea,ornamentals,2012,0.19723156641370895,4.6983642048477,0.19723156641370895,4.6983642048477,1
20,South Korea,ornamentals,2013,0,2.282942962796789,0,4.6983642048477,0.48590165922881917
20,South Korea,ornamentals,2014,0,0.04930789160342724,0,4.6983642048477,0.010494693355732642
20,South Korea,ornamentals,2015,0.2670362147214503,0.1160669452837898,0.2670362147214503,4.6983642048477,0.02470369265201572
20,South Korea,ornamentals,2016,1,0.31675905368036256,1,4.6983642048477,0.06741900795037034
20,South Korea,ornamentals,2017,0,0.31675905368036256,0,4.6983642048477,0.06741900795037034
20,South Korea,ornamentals,2018,0.24376799861886983,0.37770105333508003,0.24376799861886983,4.6983642048477,0.08038990526646994
20,South Korea,ornamentals,2019,0.05,0.3234419996547175,0.05,4.6983642048477,0.06884140640289124
20,South Korea,ornamentals,2020,0.1,0.09844199965471746,0.1,4.6983642048477,0.020952398614212688
20,South Korea,ornamentals,2021,0.35,0.18594199965471744,0.35,4.6983642048477,0.03957590164314323
20,South Korea,ornamentals,2022,0.18,0.16999999999999998,0.18,4.6983642048477,0.03618280588477934
24,Cambodia,ornamentals,2004,142,0,0,0,1
24,Cambodia,ornamentals,2005,124,0,0,0,1
24,Cambodia,ornamentals,2006,63,0,0,0,1
24,Cambodia,ornamentals,2007,110,0,0,0,1
24,Cambodia,ornamentals,2008,13,0,0,0,1
24,Cambodia,ornamentals,2009,47,0,0,0,1
24,Cambodia,ornamentals,2010,230,0,0,0,1
24,Cambodia,ornamentals,2011,141,0,0,0,1
24,Cambodia,ornamentals,2012,9,0,0,0,1
24,Cambodia,ornamentals,2013,0,0,0,0,1
24,Cambodia,ornamentals,2014,0,0,0,0,1
24,Cambodia,ornamentals,2015,0,0,0,0,1
24,Cambodia,ornamentals,2016,0,0,0,0,1
24,Cambodia,ornamentals,2017,0,0,0,0,1
24,Cambodia,ornamentals,2018,0,0,0,0,1
24,Cambodia,ornamentals,2019,0,0,0,0,1
24,Cambodia,ornamentals,2020,0,0,0,0,1
24,Cambodia,ornamentals,2021,0,0,0,0,1
24,Cambodia,ornamentals,2022,0,0,0,0,1
25,Thailand,ornamentals,2004,1839,281.2982533043969,281.2982533043969,320.9249017403677,0.8765236096635802
25,Thailand,ornamentals,2005,1739,290.05844240516046,298.818631505924,320.9249017403677,0.9038203044767819
25,Thailand,ornamentals,2006,1517,301.44700741020927,324.224137420307,320.9249017403677,0.9393070022783202
25,Thailand,ornamentals,2007,908,300.6891396454547,298.41553635119095,320.9249017403677,0.9369454910317804
25,Thailand,ornamentals,2008,2200,277.02567854448733,186.64440890052734,320.9249017403677,0.8632102932560982
25,Thailand,ornamentals,2009,970,279.18175023073906,307.44291825093103,320.9249017403677,0.8699285992353457
25,Thailand,ornamentals,2010,1115,278.848520382654,322.8912180279666,320.9249017403677,0.868890257098983
25,Thailand,ornamentals,2011,1493,285.70877023159755,325.85653574696516,320.9249017403677,0.8902667530073424
25,Thailand,ornamentals,2012,1185,320.9249017403677,327.5089349356081,320.9249017403677,1
25,Thailand,ornamentals,2013,755,311.5468415569492,269.93067751725687,320.9249017403677,0.9707780227319178
25,Thailand,ornamentals,2014,917,305.7780313865255,299.81597734627184,320.9249017403677,0.9528024460809956
25,Thailand,ornamentals,2015,1010,302.4381723216555,312.4970994874851,320.9249017403677,0.9423954659845367
25,Thailand,ornamentals,2016,1135,301.66075747493744,324.399275548736,320.9249017403677,0.9399730461520396
25,Thailand,ornamentals,2017,827,305.2870562740803,284.4358727138283,320.9249017403677,0.9512725706809171
25,Thailand,ornamentals,2018,643,291.20258901475995,243.4781083089905,320.9249017403677,0.9073854582040085
25,Thailand,ornamentals,2019,601.86,271.22146588255055,232.5726069586473,320.9249017403677,0.8451244026615676
25,Thailand,ornamentals,2020,439.15,235.91709573740525,183.18179496815495,320.9249017403677,0.7351162046261688
25,Thailand,ornamentals,2021,497.08,215.28611892857785,201.91196547851868,320.9249017403677,0.6708302090647582
25,Thailand,ornamentals,2022,8.14,155.43096589181968,4.0574961619578485,320.9249017403677,0.4843219240667254
29,Mayotte,ornamentals,2004,0,0,0,0,1
29,Mayotte,ornamentals,2005,0,0,0,0,1
29,Mayotte,ornamentals,2006,34,7.7388940463796,23.2166821391388,0,1
29,Mayotte,ornamentals,2007,14,8.847092182550965,12.171686591065058,0,1
29,Mayotte,ornamentals,2008,8,10.697842108352194,7.402999703204916,0,1
29,Mayotte,ornamentals,2009,0,10.697842108352194,0,0,1
29,Mayotte,ornamentals,2010,0,4.893671573567493,0,0,1
29,Mayotte,ornamentals,2011,0,1.850749925801229,0,0,1
29,Mayotte,ornamentals,2012,0,0,0,0,1
29,Mayotte,ornamentals,2013,0,0,0,0,1
29,Mayotte,ornamentals,2014,0,0,0,0,1
29,Mayotte,ornamentals,2015,0,0,0,0,1
29,Mayotte,ornamentals,2016,0,0,0,0,1
29,Mayotte,ornamentals,2017,0,0,0,0,1
29,Mayotte,ornamentals,2018,0,0,0,0,1
29,Mayotte,ornamentals,2019,0,0,0,0,1
29,Mayotte,ornamentals,2020,0,0,0,0,1
29,Mayotte,ornamentals,2021,0,0,0,0,1
29,Mayotte,ornamentals,2022,0,0,0,0,1
37,Mauritius,ornamentals,2004,3,2.988111258740323,2.988111258740323,7.2503354024611015,0.41213421074644613
37,Mauritius,ornamentals,2005,3,2.988111258740323,2.988111258740323,7.2503354024611015,0.41213421074644613
37,Mauritius,ornamentals,2006,3,2.988111258740323,2.988111258740323,7.2503354024611015,0.41213421074644613
37,Mauritius,ornamentals,2007,2,2.739762472804167,1.9947161149956991,7.2503354024611015,0.37788079043545547
37,Mauritius,ornamentals,2008,2,2.491413686868011,1.9947161149956991,7.2503354024611015,0.34362737012446476
37,Mauritius,ornamentals,2009,3,2.491413686868011,2.988111258740323,7.2503354024611015,0.34362737012446476
37,Mauritius,ornamentals,2010,2,2.243064900931855,1.9947161149956991,7.2503354024611015,0.30937394981347405
37,Mauritius,ornamentals,2011,3,2.491413686868011,2.988111258740323,7.2503354024611015,0.34362737012446476
37,Mauritius,ornamentals,2012,1,2.2424044153063174,0.9986790287489248,7.2503354024611015,0.3092828525622609
37,Mauritius,ornamentals,2013,0,1.4953766006212368,0,7.2503354024611015,0.20624929987564938
37,Mauritius,ornamentals,2014,0,0.9966975718723119,0,7.2503354024611015,0.13746916750002852
37,Mauritius,ornamentals,2015,1,0.4993395143744624,0.9986790287489248,7.2503354024611015,0.068871229626834
37,Mauritius,ornamentals,2016,9,2.472920089352958,8.893001328662908,7.2503354024611015,0.3410766470904965
37,Mauritius,ornamentals,2017,6,3.9610313480932815,5.9524450349612925,7.2503354024611015,0.5463238772028013
37,Mauritius,ornamentals,2018,9,6.184281680259009,8.893001328662908,7.2503354024611015,0.8529649094798808
37,Mauritius,ornamentals,2019,5.3,7.2503354024611015,5.262893917557298,7.2503354024611015,1
37,Mauritius,ornamentals,2020,1,5.2767548274826055,0.9986790287489248,7.2503354024611015,0.7277945825363374
37,Mauritius,ornamentals,2021,1.05,4.050779476041205,1.0485436291956896,7.2503354024611015,0.5587023566752762
37,Mauritius,ornamentals,2022,1.68,2.246597066560719,1.6762716907409652,7.2503354024611015,0.3098611225348443
39,Maldives,ornamentals,2004,279.89205957751255,269.80778561112186,269.80778561112186,381.1413087965498,0.7078943672178633
39,Maldives,ornamentals,2005,270.31323360504757,265.3575840970832,260.9073825830445,381.1413087965498,0.6962183787817366
39,Maldives,ornamentals,2006,260.36698149317453,260.78524868785024,251.64057786938434,381.1413087965498,0.6842219477895934
39,Maldives,ornamentals,2007,240.7451743769816,253.9100590422509,233.28449010545296,381.1413087965498,0.6661835208678104
39,Maldives,ornamentals,2008,225.10381710434012,241.10338517703343,218.5810901502519,381.1413087965498,0.6325826658315131
39,Maldives,ornamentals,2009,210.8709266994156,227.16328020708207,205.1469627032391,381.1413087965498,0.5960080289495464
39,Maldives,ornamentals,2010,343,246.21703880502722,327.85561226116494,381.1413087965498,0.6459993527924204
39,Maldives,ornamentals,2011,320,264.600551880206,306.8185424061682,381.1413087965498,0.69423215425187
39,Maldives,ornamentals,2012,0,209.95527934264305,0,381.1413087965498,0.5508594174837016
39,Maldives,ornamentals,2013,280,226.1455252992639,269.90794652972255,381.1413087965498,0.5933377466045765
39,Maldives,ornamentals,2014,315,219.73843344064272,302.2272448266801,381.1413087965498,0.576527467291501
39,Maldives,ornamentals,2015,437,246.13816850502727,412.41748266370644,381.1413087965498,0.6457924208798208
39,Maldives,ornamentals,2016,386,337.8432845800992,366.82046430028754,381.1413087965498,0.886399025198387
39,Maldives,ornamentals,2017,386,362.0714140227404,366.82046430028754,381.1413087965498,0.9499663396916423
39,Maldives,ornamentals,2018,399,381.1413087965498,378.5068239219178,381.1413087965498,1
39,Maldives,ornamentals,2019,286.71,347.069051402899,276.12845308910306,381.1413087965498,0.9106046586730951
39,Maldives,ornamentals,2020,279.71993049891165,322.7759493399703,269.64805604857276,381.1413087965498,0.8468668755930244
39,Maldives,ornamentals,2021,304.69,304.2557508777566,292.7396704514328,381.1413087965498,0.7982754528456686
39,Maldives,ornamentals,2022,333.91,289.5184630591991,319.5576726476879,381.1413087965498,0.7596092482689715
40,Sri Lanka,ornamentals,2004,774,0,0,26.28424066711188,0
40,Sri Lanka,ornamentals,2005,838,0,0,26.28424066711188,0
40,Sri Lanka,ornamentals,2006,875,0,0,26.28424066711188,0
40,Sri Lanka,ornamentals,2007,736,0,0,26.28424066711188,0
40,Sri Lanka,ornamentals,2008,713,0,0,26.28424066711188,0
40,Sri Lanka,ornamentals,2009,854,0,0,26.28424066711188,0
40,Sri Lanka,ornamentals,2010,684,0,0,26.28424066711188,0
40,Sri Lanka,ornamentals,2011,892,0,0,26.28424066711188,0
40,Sri Lanka,ornamentals,2012,507,0,0,26.28424066711188,0
40,Sri Lanka,ornamentals,2013,37,4.000636851574813,16.002547406299254,26.28424066711188,0.152206674038737
40,Sri Lanka,ornamentals,2014,40,8.270920973210828,17.081136486544054,26.28424066711188,0.3146722432639953
40,Sri Lanka,ornamentals,2015,62,14.267778575441348,23.987430408922084,26.28424066711188,0.542826355767389
40,Sri Lanka,ornamentals,2016,242,17.80835313762352,14.162298248728693,26.28424066711188,0.6775296788355083
40,Sri Lanka,ornamentals,2017,204,20.327806289801405,26.080360015010786,26.28424066711188,0.7733838137936602
40,Sri Lanka,ornamentals,2018,199,22.871598106232735,27.25630375226938,26.28424066711188,0.8701639281080997
40,Sri Lanka,ornamentals,2019,224.42,21.95745552003639,20.33086006413671,26.28424066711188,0.8353848147308522
40,Sri Lanka,ornamentals,2020,176.15,26.28424066711188,31.469438837030655,26.28424066711188,1
40,Sri Lanka,ornamentals,2021,560.77,19.764150663359185,0,26.28424066711188,0.7519391910031112
40,Sri Lanka,ornamentals,2022,194.61,20.003470050619,28.213581301308643,26.28424066711188,0.7610442433533305
41,Mozambique,ornamentals,2004,5.440892684764037,5.429083717469027,5.429083717469027,3.242520494742183,1
41,Mozambique,ornamentals,2005,5.249270443879482,5.333681172084875,5.238278626700722,3.242520494742183,1
41,Mozambique,ornamentals,2006,0,3.555787448056583,0,3.242520494742183,1
41,Mozambique,ornamentals,2007,0,2.6668405860424373,0,3.242520494742183,0.8224591302866943
41,Mozambique,ornamentals,2008,4.773497300394126,2.5006715807775146,4.764407696409336,3.242520494742183,0.7712122667635894
41,Mozambique,ornamentals,2009,0,1.191101924102334,0,3.242520494742183,0.3673382870004157
41,Mozambique,ornamentals,2010,0,1.191101924102334,0,3.242520494742183,0.3673382870004157
41,Mozambique,ornamentals,2011,0,1.191101924102334,0,3.242520494742183,0.3673382870004157
41,Mozambique,ornamentals,2012,0,0,0,3.242520494742183,0
41,Mozambique,ornamentals,2013,5,1.2475068315807276,4.9900273263229105,3.242520494742183,0.38473367665789215
41,Mozambique,ornamentals,2014,7,2.992620221478954,6.980453559592905,3.242520494742183,0.9229302409442136
41,Mozambique,ornamentals,2015,1,3.242520494742183,0.9996010930529164,3.242520494742183,1
41,Mozambique,ornamentals,2016,0,3.242520494742183,0,3.242520494742183,1
41,Mozambique,ornamentals,2017,0,1.9950136631614555,0,3.242520494742183,0.6152663233421078
41,Mozambique,ornamentals,2018,0,0.2499002732632291,0,3.242520494742183,0.07706975905578632
41,Mozambique,ornamentals,2019,0,0,0,3.242520494742183,0
41,Mozambique,ornamentals,2020,0,0,0,3.242520494742183,0
41,Mozambique,ornamentals,2021,0,0,0,3.242520494742183,0
41,Mozambique,ornamentals,2022,0,0,0,3.242520494742183,0
42,Madagascar,ornamentals,2004,0,0,0,2.8557433208001592,0
42,Madagascar,ornamentals,2005,0,0,0,2.8557433208001592,0
42,Madagascar,ornamentals,2006,5.057648202994869,1.68169113114537,5.04507339343611,2.8557433208001592,0.5888803517096809
42,Madagascar,ornamentals,2007,0,1.2612683483590275,0,2.8557433208001592,0.4416602637822607
42,Madagascar,ornamentals,2008,0,1.2612683483590275,0,2.8557433208001592,0.4416602637822607
42,Madagascar,ornamentals,2009,0,1.2612683483590275,0,2.8557433208001592,0.4416602637822607
42,Madagascar,ornamentals,2010,5.282095031140898,1.3170948436435574,5.26837937457423,2.8557433208001592,0.46120911289552335
42,Madagascar,ornamentals,2011,4.595004894414103,2.4632511940119146,4.584625401473429,2.8557433208001592,0.8625604325397596
42,Madagascar,ornamentals,2012,0.570620164193558,2.6058662186231594,0.5704600984449781,2.8557433208001592,0.9125001535127513
42,Madagascar,ornamentals,2013,1,2.8557433208001592,0.999508408708001,2.8557433208001592,1
42,Madagascar,ornamentals,2014,1,1.7885255793336021,0.999508408708001,2.8557433208001592,0.6262907335917255
42,Madagascar,ornamentals,2015,1,0.8922463311422453,0.999508408708001,2.8557433208001592,0.3124392604347383
42,Madagascar,ornamentals,2016,1,0.999508408708001,0.999508408708001,2.8557433208001592,0.3499993859489955
42,Madagascar,ornamentals,2017,1.0725097223552158,1.0176173705678093,1.0719442561472348,2.8557433208001592,0.3563406287798583
42,Madagascar,ornamentals,2018,0.570620164193558,0.9103552930020538,0.5704600984449781,2.8557433208001592,0.31878050326560115
42,Madagascar,ornamentals,2019,1.02,0.9153503279300045,1.0194885484198042,2.8557433208001592,0.32052962227485127
42,Madagascar,ornamentals,2020,0,0.6654732257530043,0,2.8557433208001592,0.23302977578760242
42,Madagascar,ornamentals,2021,0.01,0.3999871494264133,0.0099999508408708,2.8557433208001592,0.14006411098401508
42,Madagascar,ornamentals,2022,0.33,0.3398587412422441,0.32994646570830133,2.8557433208001592,0.11900885446070764
43,Kenya,ornamentals,2004,79,24.299976173393624,24.299976173393624,18.90989979094563,1
43,Kenya,ornamentals,2005,36,19.571776992378446,14.843577811363264,18.90989979094563,1
43,Kenya,ornamentals,2006,44,18.809468263128654,17.284850804629073,18.90989979094563,0.9946889444720873
43,Kenya,ornamentals,2007,15,15.845103706520243,6.952010036695012,18.90989979094563,0.8379263709322848
43,Kenya,ornamentals,2008,100,16.18133229311641,25.644890519778286,18.90989979094563,0.8557069298095539
43,Kenya,ornamentals,2009,100,18.881660470220165,25.644890519778286,18.90989979094563,0.9985066382668518
43,Kenya,ornamentals,2010,60,19.86848791584294,21.23216058712018,18.90989979094563,1
43,Kenya,ornamentals,2011,45,22.522507989232963,17.5680903302551,18.90989979094563,1
43,Kenya,ornamentals,2012,25,18.855736773659928,10.977805657486142,18.90989979094563,0.9971357321887218
43,Kenya,ornamentals,2013,33,15.906446288116319,13.847728577603853,18.90989979094563,0.8411703109993521
43,Kenya,ornamentals,2014,38,14.469186689100269,15.483122191055983,18.90989979094563,0.7651646412229193
43,Kenya,ornamentals,2015,18,12.129887719746698,8.210894452840817,18.90989979094563,0.641457006850702
43,Kenya,ornamentals,2016,37,13.176882683414576,15.165785512157646,18.90989979094563,0.6968245643334335
43,Kenya,ornamentals,2017,43,13.964135603290362,16.996740257107003,18.90989979094563,0.7384563513116351
43,Kenya,ornamentals,2018,46,14.554969764022637,17.846458833985086,18.90989979094563,0.7697010520908099
43,Kenya,ornamentals,2019,99.06,18.90989979094563,25.630614560532788,18.90989979094563,1
43,Kenya,ornamentals,2020,407.88,15.11845341290622,0,18.90989979094563,0.7994993934417983
43,Kenya,ornamentals,2021,507.47,10.869268348629468,0,18.90989979094563,0.5747924879979455
43,Kenya,ornamentals,2022,448.22,6.407653640133197,0,18.90989979094563,0.3388518030751959
44,NA,ornamentals,2004,NA,NA,NA,31.921004969112854,NA
44,NA,ornamentals,2005,NA,NA,NA,31.921004969112854,NA
44,NA,ornamentals,2006,NA,NA,NA,31.921004969112854,NA
44,NA,ornamentals,2007,NA,NA,NA,31.921004969112854,NA
44,NA,ornamentals,2008,NA,NA,NA,31.921004969112854,NA
44,NA,ornamentals,2009,NA,NA,NA,31.921004969112854,NA
44,NA,ornamentals,2010,NA,NA,NA,31.921004969112854,NA
44,NA,ornamentals,2011,NA,NA,NA,31.921004969112854,NA
44,NA,ornamentals,2012,NA,NA,NA,31.921004969112854,NA
44,NA,ornamentals,2013,NA,NA,NA,31.921004969112854,NA
44,NA,ornamentals,2014,NA,NA,NA,31.921004969112854,NA
44,NA,ornamentals,2015,NA,NA,NA,31.921004969112854,NA
44,NA,ornamentals,2016,NA,NA,NA,31.921004969112854,NA
44,NA,ornamentals,2017,NA,NA,NA,31.921004969112854,NA
44,NA,ornamentals,2018,NA,NA,NA,31.921004969112854,NA
44,Somalia,ornamentals,2019,1.1,1.0958753020656116,1.0958753020656116,31.921004969112854,0.034330852149736316
44,Somalia,ornamentals,2020,10.44,10.068458118362338,10.068458118362338,31.921004969112854,0.3154179552963542
44,Somalia,ornamentals,2021,36.45,31.921004969112854,31.921004969112854,31.921004969112854,1
44,Somalia,ornamentals,2022,17.91,14.97547271319352,16.816552463233275,31.921004969112854,0.4691416428675716
45,Eritrea,ornamentals,2004,0,0,0,2.5835386769855124,0
45,Eritrea,ornamentals,2005,0,0,0,2.5835386769855124,0
45,Eritrea,ornamentals,2006,0,0,0,2.5835386769855124,0
45,Eritrea,ornamentals,2007,0,0,0,2.5835386769855124,0
45,Eritrea,ornamentals,2008,3,0.747635611418407,2.990542445673628,2.5835386769855124,0.289384330909554
45,Eritrea,ornamentals,2009,1,0.9973729015760078,0.9989491606304031,2.5835386769855124,0.3860491466455413
45,Eritrea,ornamentals,2010,4.984814293635566,2.2370485626877943,4.958702644447147,2.5835386769855124,0.8658854549442996
45,Eritrea,ornamentals,2011,4.396817736077253,3.3311742884039193,4.3765029028645,2.5835386769855124,1
45,Eritrea,ornamentals,2012,0,2.5835386769855124,0,2.5835386769855124,1
45,Eritrea,ornamentals,2013,0,2.3338013868279117,0,2.5835386769855124,0.9033351842640128
45,Eritrea,ornamentals,2014,0,1.094125725716125,0,2.5835386769855124,0.42349887596525443
45,Eritrea,ornamentals,2015,0,0,0,2.5835386769855124,0
45,Eritrea,ornamentals,2016,0,0,0,2.5835386769855124,0
45,Eritrea,ornamentals,2017,0,0,0,2.5835386769855124,0
45,Eritrea,ornamentals,2018,0,0,0,2.5835386769855124,0
45,Eritrea,ornamentals,2019,0,0,0,2.5835386769855124,0
45,Eritrea,ornamentals,2020,0,0,0,2.5835386769855124,0
45,Eritrea,ornamentals,2021,0,0,0,2.5835386769855124,0
45,Eritrea,ornamentals,2022,0,0,0,2.5835386769855124,0
46,NA,ornamentals,2004,NA,NA,NA,322.0753500093024,NA
46,NA,ornamentals,2005,NA,NA,NA,322.0753500093024,NA
46,NA,ornamentals,2006,NA,NA,NA,322.0753500093024,NA
46,NA,ornamentals,2007,NA,NA,NA,322.0753500093024,NA
46,NA,ornamentals,2008,NA,NA,NA,322.0753500093024,NA
46,NA,ornamentals,2009,NA,NA,NA,322.0753500093024,NA
46,NA,ornamentals,2010,NA,NA,NA,322.0753500093024,NA
46,NA,ornamentals,2011,NA,NA,NA,322.0753500093024,NA
46,NA,ornamentals,2012,NA,NA,NA,322.0753500093024,NA
46,NA,ornamentals,2013,NA,NA,NA,322.0753500093024,NA
46,NA,ornamentals,2014,NA,NA,NA,322.0753500093024,NA
46,Djibouti,ornamentals,2015,47.49748527171687,38.95347275539465,38.95347275539465,322.0753500093024,0.12094521593866023
46,Djibouti,ornamentals,2016,382.6002108146058,191.3001054073029,191.3001054073029,322.0753500093024,0.5939607157200253
46,Djibouti,ornamentals,2017,644.1507000186048,322.0753500093024,322.0753500093024,322.0753500093024,1
46,Djibouti,ornamentals,2018,575.3847823915876,210.00532984194842,287.6923911957938,322.0753500093024,0.6520378844139513
46,Djibouti,ornamentals,2019,364.1348098422605,245.78381288338232,182.06740492113025,322.0753500093024,0.7631251906620095
46,Djibouti,ornamentals,2020,450.3835735829234,254.25673322942203,225.1917867914617,322.0753500093024,0.7894324518224646
46,Djibouti,ornamentals,2021,506.3889950544235,237.03652010889937,253.19449752721175,322.0753500093024,0.7359660405617913
46,Djibouti,ornamentals,2022,362.29890084944054,210.400784916131,181.14945042472027,322.0753500093024,0.6532657184415201
47,Yemen,ornamentals,2004,6,5.9687221778291075,5.9687221778291075,16.277574560960474,0.3666837559536829
47,Yemen,ornamentals,2005,24,14.734138511547414,23.49955484526572,16.277574560960474,0.9051802193482327
47,Yemen,ornamentals,2006,4,11.151458589598885,3.9860987457018253,16.277574560960474,0.6850810941050226
47,Yemen,ornamentals,2007,2,8.862725113805528,1.9965246864254564,16.277574560960474,0.5444745518206107
47,Yemen,ornamentals,2008,18,11.800169469463743,17.718499600461968,16.277574560960474,0.7249341371634584
47,Yemen,ornamentals,2009,3,6.673325894261632,2.992180544457277,16.277574560960474,0.40997053149838963
47,Yemen,ornamentals,2010,41,15.561676075410686,39.53949947029804,16.277574560960474,0.9560193391915542
47,Yemen,ornamentals,2011,22,20.457416668174375,21.579487057480222,16.277574560960474,1
47,Yemen,ornamentals,2012,1,16.277574560960474,0.9991311716063641,16.277574560960474,1
47,Yemen,ornamentals,2013,0,15.529529424846157,0,16.277574560960474,0.9540444349793733
47,Yemen,ornamentals,2014,11,8.36837249836416,10.894871764370055,16.277574560960474,0.5141043874211181
47,Yemen,ornamentals,2015,0,2.973500733994105,0,16.277574560960474,0.18267468060786143
47,Yemen,ornamentals,2016,1,2.973500733994105,0.9991311716063641,16.277574560960474,0.18267468060786143
47,Yemen,ornamentals,2017,2.8114600016534155,3.6746488627450096,2.8045925150036193,16.277574560960474,0.22574916483922303
47,Yemen,ornamentals,2018,2.1812241029971915,1.4952035328082154,2.177090444622878,16.277574560960474,0.0918566539018814
47,Yemen,ornamentals,2019,0,1.4952035328082154,0,16.277574560960474,0.0918566539018814
47,Yemen,ornamentals,2020,0,1.2454207399066242,0,16.277574560960474,0.07651144433357994
47,Yemen,ornamentals,2021,0,0.5442726111557195,0,16.277574560960474,0.03343696010221833
47,Yemen,ornamentals,2022,0,0,0,16.277574560960474,0
48,Oman,ornamentals,2004,0,0,0,0,1
48,Oman,ornamentals,2005,0,0,0,0,1
48,Oman,ornamentals,2006,0,0,0,0,1
48,Oman,ornamentals,2007,0,0,0,0,1
48,Oman,ornamentals,2008,0,0,0,0,1
48,Oman,ornamentals,2009,0,0,0,0,1
48,Oman,ornamentals,2010,0,0,0,0,1
48,Oman,ornamentals,2011,0,0,0,0,1
48,Oman,ornamentals,2012,0,0,0,0,1
48,Oman,ornamentals,2013,0,0,0,0,1
48,Oman,ornamentals,2014,0,0,0,0,1
48,Oman,ornamentals,2015,0,0,0,0,1
48,Oman,ornamentals,2016,0,0,0,0,1
48,Oman,ornamentals,2017,0,0,0,0,1
48,Oman,ornamentals,2018,0,0,0,0,1
48,Oman,ornamentals,2019,0,0,0,0,1
48,Oman,ornamentals,2020,0,0,0,0,1
48,Oman,ornamentals,2021,0,0,0,0,1
48,Oman,ornamentals,2022,0,0,0,0,1
49,NA,ornamentals,2004,NA,NA,NA,9.024234787872427,NA
49,NA,ornamentals,2005,NA,NA,NA,9.024234787872427,NA
49,NA,ornamentals,2006,NA,NA,NA,9.024234787872427,NA
49,NA,ornamentals,2007,NA,NA,NA,9.024234787872427,NA
49,NA,ornamentals,2008,NA,NA,NA,9.024234787872427,NA
49,NA,ornamentals,2009,NA,NA,NA,9.024234787872427,NA
49,NA,ornamentals,2010,NA,NA,NA,9.024234787872427,NA
49,NA,ornamentals,2011,NA,NA,NA,9.024234787872427,NA
49,NA,ornamentals,2012,NA,NA,NA,9.024234787872427,NA
49,NA,ornamentals,2013,NA,NA,NA,9.024234787872427,NA
49,NA,ornamentals,2014,NA,NA,NA,9.024234787872427,NA
49,NA,ornamentals,2015,NA,NA,NA,9.024234787872427,NA
49,Sudan,ornamentals,2016,9.145938520900016,9.024234787872427,9.024234787872427,9.024234787872427,1
49,Sudan,ornamentals,2017,8.18440631716203,8.086947371677853,8.086947371677853,9.024234787872427,0.8961366322766575
49,Sudan,ornamentals,2018,0,0,0,9.024234787872427,0
49,Sudan,ornamentals,2019,0,4.27779553988757,0,9.024234787872427,0.47403415806916444
49,Sudan,ornamentals,2020,0,2.0217368429194633,0,9.024234787872427,0.22403415806916438
49,Sudan,ornamentals,2021,1.46,0.3642246584388359,1.4568986337553436,9.024234787872427,0.040360724981171096
49,Sudan,ornamentals,2022,11.17,3.1113416064071573,10.988467791873285,9.024234787872427,0.34477622530261026
50,Saudi Arabia,ornamentals,2004,209,201.68365189841734,201.68365189841734,9.43953431321006,1
50,Saudi Arabia,ornamentals,2005,158,177.75115364308118,153.81865538774503,9.43953431321006,1
50,Saudi Arabia,ornamentals,2006,200,182.93416939862146,193.30020090970203,9.43953431321006,1
50,Saudi Arabia,ornamentals,2007,35,145.899331712181,34.794818652859625,9.43953431321006,1
50,Saudi Arabia,ornamentals,2008,46,106.88981389460749,45.64558062812324,9.43953431321006,1
50,Saudi Arabia,ornamentals,2009,38,77.87468436088129,37.75813725284024,9.43953431321006,1
50,Saudi Arabia,ornamentals,2010,0,29.549634133455775,0,9.43953431321006,1
50,Saudi Arabia,ornamentals,2011,0,20.85092947024087,0,9.43953431321006,1
50,Saudi Arabia,ornamentals,2012,0,9.43953431321006,0,9.43953431321006,1
50,Saudi Arabia,ornamentals,2013,0,0,0,9.43953431321006,0
50,Saudi Arabia,ornamentals,2014,0,0,0,9.43953431321006,0
50,Saudi Arabia,ornamentals,2015,0,0,0,9.43953431321006,0
50,Saudi Arabia,ornamentals,2016,0,0,0,9.43953431321006,0
50,Saudi Arabia,ornamentals,2017,0,0,0,9.43953431321006,0
50,Saudi Arabia,ornamentals,2018,0,0,0,9.43953431321006,0
50,Saudi Arabia,ornamentals,2019,0,0,0,9.43953431321006,0
50,Saudi Arabia,ornamentals,2020,0,0,0,9.43953431321006,0
50,Saudi Arabia,ornamentals,2021,0,0,0,9.43953431321006,0
50,Saudi Arabia,ornamentals,2022,0,0,0,9.43953431321006,0
52,Bahrain,ornamentals,2004,0,0,0,2.875991571214657,0
52,Bahrain,ornamentals,2005,0,0,0,2.875991571214657,0
52,Bahrain,ornamentals,2006,0,0,0,2.875991571214657,0
52,Bahrain,ornamentals,2007,0,0,0,2.875991571214657,0
52,Bahrain,ornamentals,2008,0,0,0,2.875991571214657,0
52,Bahrain,ornamentals,2009,0,0,0,2.875991571214657,0
52,Bahrain,ornamentals,2010,0,0,0,2.875991571214657,0
52,Bahrain,ornamentals,2011,0,0,0,2.875991571214657,0
52,Bahrain,ornamentals,2012,0,0,0,2.875991571214657,0
52,Bahrain,ornamentals,2013,1.2064589043534395,0.2958725772258696,1.1834903089034785,2.875991571214657,0.10287671917651334
52,Bahrain,ornamentals,2014,0,0.2958725772258696,0,2.875991571214657,0.10287671917651334
52,Bahrain,ornamentals,2015,0,0.2958725772258696,0,2.875991571214657,0.10287671917651334
52,Bahrain,ornamentals,2016,0,0.2958725772258696,0,2.875991571214657,0.10287671917651334
52,Bahrain,ornamentals,2017,1.8290922178617848,0.44407467577953175,1.776298703118127,2.875991571214657,0.15440750251989774
52,Bahrain,ornamentals,2018,0,0.44407467577953175,0,2.875991571214657,0.15440750251989774
52,Bahrain,ornamentals,2019,12,2.875991571214657,9.727667581740501,2.875991571214657,1
52,Bahrain,ornamentals,2020,0,2.875991571214657,0,2.875991571214657,1
52,Bahrain,ornamentals,2021,0.2,2.4817590945727463,0.19936879655048348,2.875991571214657,0.8629229374008878
52,Bahrain,ornamentals,2022,0.2,2.531601293710367,0.19936879655048348,2.875991571214657,0.8802533773216731
53,Pakistan,ornamentals,2004,0,0,0,132,0
53,Pakistan,ornamentals,2005,0,0,0,132,0
53,Pakistan,ornamentals,2006,0,0,0,132,0
53,Pakistan,ornamentals,2007,1,0.25,1,132,0.001893939393939394
53,Pakistan,ornamentals,2008,19,5,19,132,0.03787878787878788
53,Pakistan,ornamentals,2009,18,9.5,18,132,0.07196969696969698
53,Pakistan,ornamentals,2010,4,10.5,4,132,0.07954545454545454
53,Pakistan,ornamentals,2011,41,20.5,41,132,0.1553030303030303
53,Pakistan,ornamentals,2012,4,16.75,4,132,0.1268939393939394
53,Pakistan,ornamentals,2013,6,13.75,6,132,0.10416666666666667
53,Pakistan,ornamentals,2014,77,32,77,132,0.24242424242424243
53,Pakistan,ornamentals,2015,210,74.25,210,132,0.5625
53,Pakistan,ornamentals,2016,69,90.5,69,132,0.6856060606060606
53,Pakistan,ornamentals,2017,172,132,172,132,1
53,Pakistan,ornamentals,2018,1,113,1,132,0.8560606060606061
53,Pakistan,ornamentals,2019,3.69,61.4225,3.69,132,0.4653219696969697
53,Pakistan,ornamentals,2020,0,44.1725,0,132,0.33464015151515153
53,Pakistan,ornamentals,2021,0,1.1724999999999999,0,132,0.008882575757575756
53,Pakistan,ornamentals,2022,0,0.9225,0,132,0.0069886363636363635
54,United Arab Emirates,ornamentals,2004,2.309081184897323,2.216876083424111,2.216876083424111,6.826918203740493,0.32472574260659465
54,United Arab Emirates,ornamentals,2005,0,1.1084380417120554,0,6.826918203740493,0.16236287130329732
54,United Arab Emirates,ornamentals,2006,4.1875257346411985,2.0337194341048055,3.8842822188903057,6.826918203740493,0.2978971438372476
54,United Arab Emirates,ornamentals,2007,0,1.5252895755786042,0,6.826918203740493,0.2234228578779357
54,United Arab Emirates,ornamentals,2008,0,0.9710705547225764,0,6.826918203740493,0.14224142222628702
54,United Arab Emirates,ornamentals,2009,16,3.8643027454370276,11.572928762857805,6.826918203740493,0.5660391160567534
54,United Arab Emirates,ornamentals,2010,6,4.23759296753367,5.3774431072768785,6.826918203740493,0.6207182862117606
54,United Arab Emirates,ornamentals,2011,6.412719677121487,5.662985451399813,5.701569935464569,6.826918203740493,0.8295083202105809
54,United Arab Emirates,ornamentals,2012,0,5.662985451399813,0,6.826918203740493,0.8295083202105809
54,United Arab Emirates,ornamentals,2013,1,3.01542994893034,0.9827067529799133,6.826918203740493,0.4416970965432361
54,United Arab Emirates,ornamentals,2014,0,1.6710691721111206,0,6.826918203740493,0.24477650416194174
54,United Arab Emirates,ornamentals,2015,0,0.24567668824497832,0,6.826918203740493,0.03598647016312151
54,United Arab Emirates,ornamentals,2016,0,0.24567668824497832,0,6.826918203740493,0.03598647016312151
54,United Arab Emirates,ornamentals,2017,0,0,0,6.826918203740493,0
54,United Arab Emirates,ornamentals,2018,4,0.9308270119196532,3.723308047678613,6.826918203740493,0.13634658921351214
54,United Arab Emirates,ornamentals,2019,27.11,4.530899958611787,14.400291786768534,6.826918203740493,0.6636815944461281
54,United Arab Emirates,ornamentals,2020,10.8,6.726628875506059,8.782915667577088,6.826918203740493,0.9853097217160907
54,United Arab Emirates,ornamentals,2021,0,6.726628875506059,0,6.826918203740493,0.9853097217160907
54,United Arab Emirates,ornamentals,2022,4.47,6.826918203740493,4.12446536061635,6.826918203740493,1
59,Belgium,ornamentals,2004,3,3,3,6.905,0.4344677769732078
59,Belgium,ornamentals,2005,5,4,5,6.905,0.5792903692976104
59,Belgium,ornamentals,2006,3,3.6666666666666665,3,6.905,0.5310161718561428
59,Belgium,ornamentals,2007,2,3.25,2,6.905,0.4706734250543085
59,Belgium,ornamentals,2008,0,2.5,0,6.905,0.3620564808110065
59,Belgium,ornamentals,2009,2,1.75,2,6.905,0.25343953656770457
59,Belgium,ornamentals,2010,3,1.75,3,6.905,0.25343953656770457
59,Belgium,ornamentals,2011,3,2,3,6.905,0.2896451846488052
59,Belgium,ornamentals,2012,5,3.25,5,6.905,0.4706734250543085
59,Belgium,ornamentals,2013,6,4.25,6,6.905,0.6154960173787111
59,Belgium,ornamentals,2014,3,4.25,3,6.905,0.6154960173787111
59,Belgium,ornamentals,2015,2,4,2,6.905,0.5792903692976104
59,Belgium,ornamentals,2016,3,3.5,3,6.905,0.5068790731354091
59,Belgium,ornamentals,2017,4,3,4,6.905,0.4344677769732078
59,Belgium,ornamentals,2018,7,4,7,6.905,0.5792903692976104
59,Belgium,ornamentals,2019,4.29,4.5725,4.29,6.905,0.6622013034033308
59,Belgium,ornamentals,2020,10.47,6.44,10.47,6.905,0.9326574945691528
59,Belgium,ornamentals,2021,5.86,6.905,5.86,6.905,1
59,Belgium,ornamentals,2022,5.89,6.6275,5.89,6.905,0.9598117306299783
61,Tunisia,ornamentals,2004,0,0,0,1.4990828285111308,0
61,Tunisia,ornamentals,2005,0,0,0,1.4990828285111308,0
61,Tunisia,ornamentals,2006,0,0,0,1.4990828285111308,0
61,Tunisia,ornamentals,2007,0,0,0,1.4990828285111308,0
61,Tunisia,ornamentals,2008,7.548495073770937,1.8851137596845622,7.540455038738249,1.4990828285111308,1
61,Tunisia,ornamentals,2009,5,3.134231864022188,4.996472417350503,1.4990828285111308,1
61,Tunisia,ornamentals,2010,1,3.3841965881956932,0.9998588966940202,1.4990828285111308,1
61,Tunisia,ornamentals,2011,0,3.3841965881956932,0,1.4990828285111308,1
61,Tunisia,ornamentals,2012,0,1.4990828285111308,0,1.4990828285111308,1
61,Tunisia,ornamentals,2013,0,0.24996472417350504,0,1.4990828285111308,0.16674510535336243
61,Tunisia,ornamentals,2014,0,0,0,1.4990828285111308,0
61,Tunisia,ornamentals,2015,0,0,0,1.4990828285111308,0
61,Tunisia,ornamentals,2016,0,0,0,1.4990828285111308,0
61,Tunisia,ornamentals,2017,0,0,0,1.4990828285111308,0
61,Tunisia,ornamentals,2018,0,0,0,1.4990828285111308,0
61,Tunisia,ornamentals,2019,0,0,0,1.4990828285111308,0
61,Tunisia,ornamentals,2020,0,0,0,1.4990828285111308,0
61,Tunisia,ornamentals,2021,0,0,0,1.4990828285111308,0
61,Tunisia,ornamentals,2022,0,0,0,1.4990828285111308,0
62,Morocco,ornamentals,2004,1696,848,848,0,1
62,Morocco,ornamentals,2005,2099,948.75,1049.5,0,1
62,Morocco,ornamentals,2006,2050,974.1666666666666,1025,0,1
62,Morocco,ornamentals,2007,2109,994.25,1054.5,0,1
62,Morocco,ornamentals,2008,315,821.625,157.5,0,1
62,Morocco,ornamentals,2009,0,559.25,0,0,1
62,Morocco,ornamentals,2010,0,303,0,0,1
62,Morocco,ornamentals,2011,0,39.375,0,0,1
62,Morocco,ornamentals,2012,0,0,0,0,1
62,Morocco,ornamentals,2013,0,0,0,0,1
62,Morocco,ornamentals,2014,0,0,0,0,1
62,Morocco,ornamentals,2015,0,0,0,0,1
62,Morocco,ornamentals,2016,0,0,0,0,1
62,Morocco,ornamentals,2017,0,0,0,0,1
62,Morocco,ornamentals,2018,0,0,0,0,1
62,Morocco,ornamentals,2019,0,0,0,0,1
62,Morocco,ornamentals,2020,0,0,0,0,1
62,Morocco,ornamentals,2021,0,0,0,0,1
62,Morocco,ornamentals,2022,0,0,0,0,1
67,Libya,ornamentals,2004,0,0,0,564.2625,0
67,Libya,ornamentals,2005,6.974436886920529,3.476684304655923,6.953368609311846,564.2625,0.006161466169833939
67,Libya,ornamentals,2006,0,2.317789536437282,0,564.2625,0.004107644113222625
67,Libya,ornamentals,2007,0,1.7383421523279614,0,564.2625,0.0030807330849169693
67,Libya,ornamentals,2008,0,1.7383421523279614,0,564.2625,0.0030807330849169693
67,Libya,ornamentals,2009,0,0,0,564.2625,0
67,Libya,ornamentals,2010,0,0,0,564.2625,0
67,Libya,ornamentals,2011,0,0,0,564.2625,0
67,Libya,ornamentals,2012,0,0,0,564.2625,0
67,Libya,ornamentals,2013,0,0,0,564.2625,0
67,Libya,ornamentals,2014,0,0,0,564.2625,0
67,Libya,ornamentals,2015,0,0,0,564.2625,0
67,Libya,ornamentals,2016,1504.7,188.0875,752.35,564.2625,0.3333333333333333
67,Libya,ornamentals,2017,3009.4,564.2625,1504.7,564.2625,1
67,Libya,ornamentals,2018,0,564.2625,0,564.2625,1
67,Libya,ornamentals,2019,0,564.2625,0,564.2625,1
67,Libya,ornamentals,2020,0,376.175,0,564.2625,0.6666666666666666
67,Libya,ornamentals,2021,0,0,0,564.2625,0
67,Libya,ornamentals,2022,0,0,0,564.2625,0
71,Bulgaria,ornamentals,2004,11,8.81784352474207,8.81784352474207,142.50875,0.06187580429090895
71,Bulgaria,ornamentals,2005,6,7.084303443737624,5.350763362733177,142.50875,0.04971135767970475
71,Bulgaria,ornamentals,2006,0,4.7228689624917495,0,142.50875,0.033140905119803166
71,Bulgaria,ornamentals,2007,0,3.542151721868812,0,142.50875,0.024855678839852374
71,Bulgaria,ornamentals,2008,4,2.265553436542536,3.7114503834369676,142.50875,0.015897644436166453
71,Bulgaria,ornamentals,2009,0,0.9278625958592419,0,142.50875,0.006510916669041318
71,Bulgaria,ornamentals,2010,0,0.9278625958592419,0,142.50875,0.006510916669041318
71,Bulgaria,ornamentals,2011,0,0.9278625958592419,0,142.50875,0.006510916669041318
71,Bulgaria,ornamentals,2012,0,0,0,142.50875,0
71,Bulgaria,ornamentals,2013,0,0,0,142.50875,0
71,Bulgaria,ornamentals,2014,0,0,0,142.50875,0
71,Bulgaria,ornamentals,2015,0,0,0,142.50875,0
71,Bulgaria,ornamentals,2016,0,0,0,142.50875,0
71,Bulgaria,ornamentals,2017,25,3.4321326507516403,13.728530603006561,142.50875,0.024083662587396498
71,Bulgaria,ornamentals,2018,118,18.18213265075164,59,142.50875,0.12758607910568046
71,Bulgaria,ornamentals,2019,197.26,42.83963265075164,98.63,142.50875,0.300610542515822
71,Bulgaria,ornamentals,2020,414.68,94.67463265075165,207.34,142.50875,0.6643425940565169
71,Bulgaria,ornamentals,2021,349.15,134.88625,174.575,142.50875,0.9465120562772461
71,Bulgaria,ornamentals,2022,178.98,142.50875,89.49,142.50875,1
76,Turkey,ornamentals,2004,1,0.9880905118731907,0.9880905118731907,3.6550904498247414,0.27033271144372606
76,Turkey,ornamentals,2005,0.2313434178794296,0.6093982683019676,0.23070602473074464,3.6550904498247414,0.16672590642214827
76,Turkey,ornamentals,2006,0.2887649678773414,0.5021894764508169,0.2877718927485154,3.6550904498247414,0.13739454148799424
76,Turkey,ornamentals,2007,0,0.3766421073381127,0,3.6550904498247414,0.10304590611599568
76,Turkey,ornamentals,2008,0,0.129619479369815,0,3.6550904498247414,0.03546272825506415
76,Turkey,ornamentals,2009,0,0.07194297318712885,0,3.6550904498247414,0.019682952904921534
76,Turkey,ornamentals,2010,1,0.2470226279682977,0.9880905118731907,3.6550904498247414,0.06758317786093151
76,Turkey,ornamentals,2011,1.238970971926335,0.5521949587837282,1.220689323261722,3.6550904498247414,0.15107559343988478
76,Turkey,ornamentals,2012,1.9948223181752005,1.039052633922388,1.9474307005546396,3.6550904498247414,0.284275491451165
76,Turkey,ornamentals,2013,1,1.2860752618906859,0.9880905118731907,3.6550904498247414,0.35185866931209653
76,Turkey,ornamentals,2014,1,1.2860752618906859,0.9880905118731907,3.6550904498247414,0.35185866931209653
76,Turkey,ornamentals,2015,11,3.3706409152392762,9.558951936656085,3.6550904498247414,0.9221771558077025
76,Turkey,ornamentals,2016,1,3.130805868068914,0.9880905118731907,3.6550904498247414,0.856560435657354
76,Turkey,ornamentals,2017,2.1826236157817607,3.4152554026543793,2.1258886502150514,3.6550904498247414,0.9343832798496513
76,Turkey,ornamentals,2018,1.9948223181752005,3.6550904498247414,1.9474307005546396,3.6550904498247414,1
76,Turkey,ornamentals,2019,0.1,1.2903226919404034,0.09988090511873192,3.6550904498247414,0.3530207281196758
76,Turkey,ornamentals,2020,2.16,1.5694088370209955,2.1044350921955592,3.6550904498247414,0.42937619699568513
76,Turkey,ornamentals,2021,4.51,2.1048766296052044,4.267759820551888,3.6550904498247414,0.5758753876271739
76,Turkey,ornamentals,2022,4.71,2.7294686355780575,4.4457987244460515,3.6550904498247414,0.7467581645507386
77,Syria,ornamentals,2004,1.782419480972436,1.6891473086745645,1.6891473086745645,13.25686520713812,0.12741679743149598
77,Syria,ornamentals,2005,38,10.344573654337282,19,13.25686520713812,0.7803182345677979
77,Syria,ornamentals,2006,19,10.063049102891522,9.5,13.25686520713812,0.7590821016625486
77,Syria,ornamentals,2007,7,8.937646536534855,5.561438837464853,13.25686520713812,0.6741900439420931
77,Syria,ornamentals,2008,32,12.515359709366214,16,13.25686520713812,0.9440663017850823
77,Syria,ornamentals,2009,51,14.140359709366214,25.5,13.25686520713812,1
77,Syria,ornamentals,2010,45,17.390359709366212,22.5,13.25686520713812,1
77,Syria,ornamentals,2011,1.999090180804842,16.470440858881297,1.8817634355251802,13.25686520713812,1
77,Syria,ornamentals,2012,3.506720035455487,13.25686520713812,3.1456973930272967,13.25686520713812,1
77,Syria,ornamentals,2013,2.4098594394981774,7.44170592166049,2.239362858089482,13.25686520713812,0.5613473325242475
77,Syria,ornamentals,2014,5.463502730060668,2.963495623066961,4.587158805625886,13.25686520713812,0.22354422231518775
77,Syria,ornamentals,2015,1.886163480029495,2.938484188155837,1.7817176958806844,13.25686520713812,0.22165754439244195
77,Syria,ornamentals,2016,1.943585030027407,2.6102305997221973,1.8326830392927365,13.25686520713812,0.19689651806346545
77,Syria,ornamentals,2017,2.7132232232742695,2.6746646529779055,2.497099071112316,13.25686520713812,0.20175694715050285
77,Syria,ornamentals,2018,2.254901686781579,2.0542815893789266,2.1056265512299692,13.25686520713812,0.15495983079565484
77,Syria,ornamentals,2019,2.1106922491562727,2.103827159853419,1.9798999777786543,13.25686520713812,0.15869718270354136
77,Syria,ornamentals,2020,0,1.645656400030235,0,13.25686520713812,0.12413616449416233
77,Syria,ornamentals,2021,3.1131046418078654,1.7285266643536166,2.8285801284058425,13.25686520713812,0.1303872851798249
77,Syria,ornamentals,2022,3.1131046418078654,1.9092650586475848,2.8285801284058425,13.25686520713812,0.14402085476584214
78,NA,ornamentals,2004,NA,NA,NA,2.121735582154516,NA
78,NA,ornamentals,2005,NA,NA,NA,2.121735582154516,NA
78,NA,ornamentals,2006,NA,NA,NA,2.121735582154516,NA
78,NA,ornamentals,2007,NA,NA,NA,2.121735582154516,NA
78,NA,ornamentals,2008,NA,NA,NA,2.121735582154516,NA
78,NA,ornamentals,2009,NA,NA,NA,2.121735582154516,NA
78,NA,ornamentals,2010,NA,NA,NA,2.121735582154516,NA
78,NA,ornamentals,2011,NA,NA,NA,2.121735582154516,NA
78,Lebanon,ornamentals,2012,4,2,2,2.121735582154516,0.9426245272132828
78,Lebanon,ornamentals,2013,4.243471164309032,2.121735582154516,2.121735582154516,2.121735582154516,1
78,Lebanon,ornamentals,2014,0,0,0,2.121735582154516,0
78,Lebanon,ornamentals,2015,2.607997823721436,1.4141064509972228,1.5346902218343752,2.121735582154516,0.6664857124002552
78,Lebanon,ornamentals,2016,2,1.2563054491895045,1.3687959927691273,2.121735582154516,0.5921121650388638
78,Lebanon,ornamentals,2017,2.280903155603917,1.0908566569240092,1.4599404130925346,2.121735582154516,0.5141341202452283
78,Lebanon,ornamentals,2018,1.6267138193688793,1.3931419438334132,1.209141147637616,2.121735582154516,0.6566048830734825
78,Lebanon,ornamentals,2019,0,1.0094693883748196,0,2.121735582154516,0.4757753024765481
78,Lebanon,ornamentals,2020,4.74,1.2597703901825377,2.37,2.121735582154516,0.5937452342215537
78,Lebanon,ornamentals,2021,2.88,1.2875691295609195,1.5711353706060622,2.121735582154516,0.60684712100339
78,Lebanon,ornamentals,2022,2.88,1.3780676853030311,1.5711353706060622,2.121735582154516,0.6495002001633364
79,Israel,ornamentals,2004,1904.4610950988915,952.2305475494458,952.2305475494458,1031.2463998234416,0.9233782999993755
79,Israel,ornamentals,2005,1937.1456785925964,960.401693422872,968.5728392962982,1031.2463998234416,0.9313018630535836
79,Israel,ornamentals,2006,2006.867944870855,974.7457864270572,1003.4339724354274,1031.2463998234416,0.9452113351318775
79,Israel,ornamentals,2007,2398.99442129275,1030.9336424818866,1199.497210646375,1031.2463998234416,0.9996967190948657
79,Israel,ornamentals,2008,2811.0506984510953,1144.2573429009121,1405.5253492255476,1031.2463998234416,1
79,Israel,ornamentals,2009,2761.1941603106525,1247.263403115669,1380.5970801553262,1031.2463998234416,1
79,Israel,ornamentals,2010,2686.6458336471737,1332.235639212709,1343.3229168235869,1031.2463998234416,1
79,Israel,ornamentals,2011,2798.8732501686577,1382.2204928221975,1399.4366250843289,1031.2463998234416,1
79,Israel,ornamentals,2012,1.7138988300357028,1031.2463998234416,1.6289772305240322,1031.2463998234416,1
79,Israel,ornamentals,2013,2.974720915178409,686.7768541651268,2.7188975220674525,1031.2463998234416,0.6659677592888654
79,Israel,ornamentals,2014,0,350.9461249592301,0,1031.2463998234416,0.34031258195840985
79,Israel,ornamentals,2015,1.7879267016502922,1.510846360663456,1.6955106900623385,1031.2463998234416,0.0014650682522839604
79,Israel,ornamentals,2016,2.8768344246294646,1.7629946349752834,2.6375703277713427,1031.2463998234416,0.001709576523396468
79,Israel,ornamentals,2017,3.449999061118035,1.85974480539722,3.1058982037551996,1031.2463998234416,0.001803395198000812
79,Israel,ornamentals,2018,8.424585622430257,3.452929550264941,6.372738979470883,1031.2463998234416,0.0033483070106776736
79,Israel,ornamentals,2019,4.252499609767995,3.961476543376093,3.7296986625069453,1031.2463998234416,0.003841445210431117
79,Israel,ornamentals,2020,0,3.302083961433257,0,1031.2463998234416,0.0032020319896375908
79,Israel,ornamentals,2021,6.725025390863834,3.879995304091036,5.4175435743863165,1031.2463998234416,0.0037624328237706576
79,Israel,ornamentals,2022,6.725025390863834,3.6411964528198943,5.4175435743863165,1031.2463998234416,0.003530869492919732
80,Greece,ornamentals,2004,127.57798945123976,88.2659859326168,88.2659859326168,121.16424376549354,0.7284821263230972
80,Greece,ornamentals,2005,31,58.472434396918146,28.678882861219492,121.16424376549354,0.4825882007738867
80,Greece,ornamentals,2006,303,89.48162293127876,151.5,121.16424376549354,0.7385150944734598
80,Greece,ornamentals,2007,203.0136383031604,92.97811039026882,103.46757276723902,121.16424376549354,0.7673725143716709
80,Greece,ornamentals,2008,184,96.46839282216331,102.22711566019474,121.16424376549354,0.7961787225682881
80,Greece,ornamentals,2009,149.96102743261144,113.20984437089491,95.644689056145907,121.16424376549354,0.934350274079258
80,Greece,ornamentals,2010,709,163.95984437089493,354.5,121.16424376549354,1
80,Greece,ornamentals,2011,38,146.72102268054223,34.51228600582825,121.16424376549354,1
80,Greece,ornamentals,2012,0,121.16424376549354,0,121.16424376549354,1
80,Greece,ornamentals,2013,0,97.25307150145706,0,121.16424376549354,0.802654879682861
80,Greece,ornamentals,2014,0,8.628071501457063,0,121.16424376549354,0.07120971693725256
80,Greece,ornamentals,2015,0,0,0,121.16424376549354,0
80,Greece,ornamentals,2016,0,0,0,121.16424376549354,0
80,Greece,ornamentals,2017,0,0,0,121.16424376549354,0
80,Greece,ornamentals,2018,0,0,0,121.16424376549354,0
80,Greece,ornamentals,2019,0,0,0,121.16424376549354,0
80,Greece,ornamentals,2020,0,0,0,121.16424376549354,0
80,Greece,ornamentals,2021,0,0,0,121.16424376549354,0
80,Greece,ornamentals,2022,0,0,0,121.16424376549354,0
82,Albania,ornamentals,2004,2,1.9695193762677368,1.9695193762677368,0.24809496101673356,1
82,Albania,ornamentals,2005,1,1.4809496101673356,0.9923798440669342,0.24809496101673356,1
82,Albania,ornamentals,2006,1,1.3180930214672018,0.9923798440669342,0.24809496101673356,1
82,Albania,ornamentals,2007,0,0.9885697661004014,0,0.24809496101673356,1
82,Albania,ornamentals,2008,3,1.229044571184069,2.9314185966024078,0.24809496101673356,1
82,Albania,ornamentals,2009,1,1.229044571184069,0.9923798440669342,0.24809496101673356,1
82,Albania,ornamentals,2010,0,0.9809496101673355,0,0.24809496101673356,1
82,Albania,ornamentals,2011,0,0.9809496101673355,0,0.24809496101673356,1
82,Albania,ornamentals,2012,0,0.24809496101673356,0,0.24809496101673356,1
82,Albania,ornamentals,2013,0,0,0,0.24809496101673356,0
82,Albania,ornamentals,2014,0,0,0,0.24809496101673356,0
82,Albania,ornamentals,2015,0,0,0,0.24809496101673356,0
82,Albania,ornamentals,2016,0,0,0,0.24809496101673356,0
82,Albania,ornamentals,2017,0,0,0,0.24809496101673356,0
82,Albania,ornamentals,2018,0,0,0,0.24809496101673356,0
82,Albania,ornamentals,2019,0,0,0,0.24809496101673356,0
82,Albania,ornamentals,2020,0,0,0,0.24809496101673356,0
82,Albania,ornamentals,2021,0,0,0,0.24809496101673356,0
82,Albania,ornamentals,2022,0,0,0,0.24809496101673356,0
84,Algeria,ornamentals,2004,1,0.9957254835260616,0.9957254835260616,0,1
84,Algeria,ornamentals,2005,1,0.9957254835260616,0.9957254835260616,0,1
84,Algeria,ornamentals,2006,0,0.6638169890173744,0,0,1
84,Algeria,ornamentals,2007,7.257375233125259,2.255922393738256,7.032238607900901,0,1
84,Algeria,ornamentals,2008,0,2.0069910228567407,0,0,1
84,Algeria,ornamentals,2009,0,1.7580596519752252,0,0,1
84,Algeria,ornamentals,2010,0,1.7580596519752252,0,0,1
84,Algeria,ornamentals,2011,0,0,0,0,1
84,Algeria,ornamentals,2012,0,0,0,0,1
84,Algeria,ornamentals,2013,0,0,0,0,1
84,Algeria,ornamentals,2014,0,0,0,0,1
84,Algeria,ornamentals,2015,0,0,0,0,1
84,Algeria,ornamentals,2016,0,0,0,0,1
84,Algeria,ornamentals,2017,0,0,0,0,1
84,Algeria,ornamentals,2018,0,0,0,0,1
84,Algeria,ornamentals,2019,0,0,0,0,1
84,Algeria,ornamentals,2020,0,0,0,0,1
84,Algeria,ornamentals,2021,0,0,0,0,1
84,Algeria,ornamentals,2022,0,0,0,0,1
85,Ascension,ornamentals,2004,0.8910435794263378,0.8910435794263378,0.8910435794263378,0,1
85,Ascension,ornamentals,2005,0,0.4455217897131689,0,0,1
85,Ascension,ornamentals,2006,0,0.29701452647544596,0,0,1
85,Ascension,ornamentals,2007,0.819514983080893,0.4276396406268077,0.819514983080893,0,1
85,Ascension,ornamentals,2008,0,0.20487874577022325,0,0,1
85,Ascension,ornamentals,2009,0,0.20487874577022325,0,0,1
85,Ascension,ornamentals,2010,0,0.20487874577022325,0,0,1
85,Ascension,ornamentals,2011,0,0,0,0,1
85,Ascension,ornamentals,2012,0,0,0,0,1
85,Ascension,ornamentals,2013,0,0,0,0,1
85,Ascension,ornamentals,2014,0,0,0,0,1
85,Ascension,ornamentals,2015,0,0,0,0,1
85,Ascension,ornamentals,2016,0,0,0,0,1
85,Ascension,ornamentals,2017,0,0,0,0,1
85,Ascension,ornamentals,2018,0,0,0,0,1
85,Ascension,ornamentals,2019,0,0,0,0,1
85,Ascension,ornamentals,2020,0,0,0,0,1
85,Ascension,ornamentals,2021,0,0,0,0,1
85,Ascension,ornamentals,2022,0,0,0,0,1
86,Saint Helena,ornamentals,2004,0.9750234922063328,0.9750234922063328,0.9750234922063328,0,1
86,Saint Helena,ornamentals,2005,0,0.4875117461031664,0,0,1
86,Saint Helena,ornamentals,2006,0,0.32500783073544426,0,0,1
86,Saint Helena,ornamentals,2007,0.4601243123613017,0.3587869511419086,0.4601243123613017,0,1
86,Saint Helena,ornamentals,2008,0,0.11503107809032542,0,0,1
86,Saint Helena,ornamentals,2009,0,0.11503107809032542,0,0,1
86,Saint Helena,ornamentals,2010,0,0.11503107809032542,0,0,1
86,Saint Helena,ornamentals,2011,0,0,0,0,1
86,Saint Helena,ornamentals,2012,0,0,0,0,1
86,Saint Helena,ornamentals,2013,0,0,0,0,1
86,Saint Helena,ornamentals,2014,0,0,0,0,1
86,Saint Helena,ornamentals,2015,0,0,0,0,1
86,Saint Helena,ornamentals,2016,0,0,0,0,1
86,Saint Helena,ornamentals,2017,0,0,0,0,1
86,Saint Helena,ornamentals,2018,0,0,0,0,1
86,Saint Helena,ornamentals,2019,0,0,0,0,1
86,Saint Helena,ornamentals,2020,0,0,0,0,1
86,Saint Helena,ornamentals,2021,0,0,0,0,1
86,Saint Helena,ornamentals,2022,0,0,0,0,1
88,Tristan da Cunha,ornamentals,2004,0.8910435794263378,0.8910435794263378,0.8910435794263378,0,1
88,Tristan da Cunha,ornamentals,2005,0,0.4455217897131689,0,0,1
88,Tristan da Cunha,ornamentals,2006,0,0.29701452647544596,0,0,1
88,Tristan da Cunha,ornamentals,2007,0.819514983080893,0.4276396406268077,0.819514983080893,0,1
88,Tristan da Cunha,ornamentals,2008,0,0.20487874577022325,0,0,1
88,Tristan da Cunha,ornamentals,2009,0,0.20487874577022325,0,0,1
88,Tristan da Cunha,ornamentals,2010,0,0.20487874577022325,0,0,1
88,Tristan da Cunha,ornamentals,2011,0,0,0,0,1
88,Tristan da Cunha,ornamentals,2012,0,0,0,0,1
88,Tristan da Cunha,ornamentals,2013,0,0,0,0,1
88,Tristan da Cunha,ornamentals,2014,0,0,0,0,1
88,Tristan da Cunha,ornamentals,2015,0,0,0,0,1
88,Tristan da Cunha,ornamentals,2016,0,0,0,0,1
88,Tristan da Cunha,ornamentals,2017,0,0,0,0,1
88,Tristan da Cunha,ornamentals,2018,0,0,0,0,1
88,Tristan da Cunha,ornamentals,2019,0,0,0,0,1
88,Tristan da Cunha,ornamentals,2020,0,0,0,0,1
88,Tristan da Cunha,ornamentals,2021,0,0,0,0,1
88,Tristan da Cunha,ornamentals,2022,0,0,0,0,1
96,Sierra Leone,ornamentals,2004,0.8091519432026075,0.8091519432026075,0.8091519432026075,6.5,0.12448491433886269
96,Sierra Leone,ornamentals,2005,0,0.40457597160130376,0,6.5,0.062242457169431345
96,Sierra Leone,ornamentals,2006,0.758489079702116,0.5225470076349078,0.758489079702116,6.5,0.08039184732844736
96,Sierra Leone,ornamentals,2007,0,0.3919102557261809,0,6.5,0.06029388549633552
96,Sierra Leone,ornamentals,2008,0,0.189622269925529,0,6.5,0.029172656911619847
96,Sierra Leone,ornamentals,2009,0.9990310213841695,0.4393800252715714,0.9990310213841695,6.5,0.06759692696485714
96,Sierra Leone,ornamentals,2010,0.9736995896339238,0.49318265275452333,0.9736995896339238,6.5,0.07587425426992667
96,Sierra Leone,ornamentals,2011,0,0.49318265275452333,0,6.5,0.07587425426992667
96,Sierra Leone,ornamentals,2012,0,0.49318265275452333,0,6.5,0.07587425426992667
96,Sierra Leone,ornamentals,2013,0,0.24342489740848094,0,6.5,0.03744998421668937
96,Sierra Leone,ornamentals,2014,26,6.5,26,6.5,1
96,Sierra Leone,ornamentals,2015,0,6.5,0,6.5,1
96,Sierra Leone,ornamentals,2016,0,6.5,0,6.5,1
96,Sierra Leone,ornamentals,2017,0,6.5,0,6.5,1
96,Sierra Leone,ornamentals,2018,0,0,0,6.5,0
96,Sierra Leone,ornamentals,2019,0,0,0,6.5,0
96,Sierra Leone,ornamentals,2020,0,0,0,6.5,0
96,Sierra Leone,ornamentals,2021,0,0,0,6.5,0
96,Sierra Leone,ornamentals,2022,0,0,0,6.5,0
97,Liberia,ornamentals,2004,1,1,1,0.2149323696867107,1
97,Liberia,ornamentals,2005,0.6572060166792397,0.8286030083396199,0.6572060166792397,0.2149323696867107,1
97,Liberia,ornamentals,2006,1,0.8857353388930799,1,0.2149323696867107,1
97,Liberia,ornamentals,2007,0,0.6643015041698099,0,0.2149323696867107,1
97,Liberia,ornamentals,2008,0,0.41430150416980993,0,0.2149323696867107,1
97,Liberia,ornamentals,2009,0,0.25,0,0.2149323696867107,1
97,Liberia,ornamentals,2010,0,0,0,0.2149323696867107,0
97,Liberia,ornamentals,2011,0,0,0,0.2149323696867107,0
97,Liberia,ornamentals,2012,0.8597294787468428,0.2149323696867107,0.8597294787468428,0.2149323696867107,1
97,Liberia,ornamentals,2013,0,0.2149323696867107,0,0.2149323696867107,1
97,Liberia,ornamentals,2014,0,0.2149323696867107,0,0.2149323696867107,1
97,Liberia,ornamentals,2015,0,0.2149323696867107,0,0.2149323696867107,1
97,Liberia,ornamentals,2016,0,0,0,0.2149323696867107,0
97,Liberia,ornamentals,2017,0,0,0,0.2149323696867107,0
97,Liberia,ornamentals,2018,0,0,0,0.2149323696867107,0
97,Liberia,ornamentals,2019,0,0,0,0.2149323696867107,0
97,Liberia,ornamentals,2020,0,0,0,0.2149323696867107,0
97,Liberia,ornamentals,2021,0,0,0,0.2149323696867107,0
97,Liberia,ornamentals,2022,0,0,0,0.2149323696867107,0
100,Republique du Congo,ornamentals,2004,6.1339583675792255,6.055187818513095,6.055187818513095,0,1
100,Republique du Congo,ornamentals,2005,0,3.0275939092565474,0,0,1
100,Republique du Congo,ornamentals,2006,13.759026996022158,6.472628051598673,13.362696336282925,0,1
100,Republique du Congo,ornamentals,2007,0,4.854471038699005,0,0,1
100,Republique du Congo,ornamentals,2008,0,3.340674084070731,0,0,1
100,Republique du Congo,ornamentals,2009,0,3.340674084070731,0,0,1
100,Republique du Congo,ornamentals,2010,0,0,0,0,1
100,Republique du Congo,ornamentals,2011,0,0,0,0,1
100,Republique du Congo,ornamentals,2012,0,0,0,0,1
100,Republique du Congo,ornamentals,2013,0,0,0,0,1
100,Republique du Congo,ornamentals,2014,0,0,0,0,1
100,Republique du Congo,ornamentals,2015,0,0,0,0,1
100,Republique du Congo,ornamentals,2016,0,0,0,0,1
100,Republique du Congo,ornamentals,2017,0,0,0,0,1
100,Republique du Congo,ornamentals,2018,0,0,0,0,1
100,Republique du Congo,ornamentals,2019,0,0,0,0,1
100,Republique du Congo,ornamentals,2020,0,0,0,0,1
100,Republique du Congo,ornamentals,2021,0,0,0,0,1
100,Republique du Congo,ornamentals,2022,0,0,0,0,1
101,Namibia,ornamentals,2004,80,80,80,9.281419492676662,1
101,Namibia,ornamentals,2005,72,76,72,9.281419492676662,1
101,Namibia,ornamentals,2006,0,50.666666666666664,0,9.281419492676662,1
101,Namibia,ornamentals,2007,0,38,0,9.281419492676662,1
101,Namibia,ornamentals,2008,0,18,0,9.281419492676662,1
101,Namibia,ornamentals,2009,0,0,0,9.281419492676662,0
101,Namibia,ornamentals,2010,0,0,0,9.281419492676662,0
101,Namibia,ornamentals,2011,0,0,0,9.281419492676662,0
101,Namibia,ornamentals,2012,5,1.25,5,9.281419492676662,0.1346776752183532
101,Namibia,ornamentals,2013,6.125677970706647,2.7814194926766618,6.125677970706647,9.281419492676662,0.2996760888645634
101,Namibia,ornamentals,2014,26,9.281419492676662,26,9.281419492676662,1
101,Namibia,ornamentals,2015,0,9.281419492676662,0,9.281419492676662,1
101,Namibia,ornamentals,2016,0,8.031419492676662,0,9.281419492676662,0.8653223247816468
101,Namibia,ornamentals,2017,0,6.5,0,9.281419492676662,0.7003239111354367
101,Namibia,ornamentals,2018,0,0,0,9.281419492676662,0
101,Namibia,ornamentals,2019,0,0,0,9.281419492676662,0
101,Namibia,ornamentals,2020,0,0,0,9.281419492676662,0
101,Namibia,ornamentals,2021,0,0,0,9.281419492676662,0
101,Namibia,ornamentals,2022,0.5,0.125,0.5,9.281419492676662,0.01346776752183532
102,South Africa,ornamentals,2004,9.050939486576787,8.483760267086318,8.483760267086318,13.597003996991003,0.6239433531801389
102,South Africa,ornamentals,2005,2.298753895069943,5.372963954111273,2.2621676411362284,13.597003996991003,0.39515793003372673
102,South Africa,ornamentals,2006,2.2820838982925835,4.330651419193867,2.246026349359054,13.597003996991003,0.31850041524972955
102,South Africa,ornamentals,2007,0.9183107825693284,3.4761065978286205,0.9124721337328814,13.597003996991003,0.2556523921444664
102,South Africa,ornamentals,2008,74.99231232781635,10.729205572034084,37.496156163908175,13.597003996991003,0.789086005594206
102,South Africa,ornamentals,2009,0.8849707890146092,10.383550761162992,0.8795483976518581,13.597003996991003,0.7636646104877851
102,South Africa,ornamentals,2010,1.5418523517102043,10.203392368512684,1.5253927787578232,13.597003996991003,0.750414750982693
102,South Africa,ornamentals,2011,1.525182354932845,10.352543527300414,1.509076768883797,13.597003996991003,0.7613841644520672
102,South Africa,ornamentals,2012,0,0.9785044863233696,0,13.597003996991003,0.07196471270729282
102,South Africa,ornamentals,2013,1,1.0068864828497428,0.9930763837573507,13.597003996991003,0.07405208405267552
102,South Africa,ornamentals,2014,8,2.514760428277899,7.556888560470448,13.597003996991003,0.18494959836993588
102,South Africa,ornamentals,2015,2,2.6305676198143004,1.972305535029403,13.597003996991003,0.19346670931305465
102,South Africa,ornamentals,2016,24,7.633566880872807,20.011997044234025,13.597003996991003,0.561415359042485
102,South Africa,ornamentals,2017,8,9.27451992505108,7.556888560470448,13.597003996991003,0.6821002573142965
102,South Africa,ornamentals,2018,10,9.712207378867237,9.307638375735074,13.597003996991003,0.7142902496032607
102,South Africa,ornamentals,2019,20.39,13.597003996991003,17.51149200752446,13.597003996991003,1
102,South Africa,ornamentals,2020,2.12,9.116225360722254,2.0888824991590376,13.597003996991003,0.6704583864754075
102,South Africa,ornamentals,2021,2.45,7.829113468980517,2.4084409935034983,13.597003996991003,0.5757969528223341
102,South Africa,ornamentals,2022,10.38,7.910708655573124,9.634019122105501,13.597003996991003,0.5817979208746098
103,Sao Tome and Principe,ornamentals,2004,0,0,0,0,1
103,Sao Tome and Principe,ornamentals,2005,0,0,0,0,1
103,Sao Tome and Principe,ornamentals,2006,0,0,0,0,1
103,Sao Tome and Principe,ornamentals,2007,0,0,0,0,1
103,Sao Tome and Principe,ornamentals,2008,0,0,0,0,1
103,Sao Tome and Principe,ornamentals,2009,0,0,0,0,1
103,Sao Tome and Principe,ornamentals,2010,0,0,0,0,1
103,Sao Tome and Principe,ornamentals,2011,0,0,0,0,1
103,Sao Tome and Principe,ornamentals,2012,0,0,0,0,1
103,Sao Tome and Principe,ornamentals,2013,0,0,0,0,1
103,Sao Tome and Principe,ornamentals,2014,0,0,0,0,1
103,Sao Tome and Principe,ornamentals,2015,0,0,0,0,1
103,Sao Tome and Principe,ornamentals,2016,0,0,0,0,1
103,Sao Tome and Principe,ornamentals,2017,0,0,0,0,1
103,Sao Tome and Principe,ornamentals,2018,0,0,0,0,1
103,Sao Tome and Principe,ornamentals,2019,0,0,0,0,1
103,Sao Tome and Principe,ornamentals,2020,0,0,0,0,1
103,Sao Tome and Principe,ornamentals,2021,0,0,0,0,1
103,Sao Tome and Principe,ornamentals,2022,0,0,0,0,1
104,Equatorial Guinea,ornamentals,2004,0,0,0,0,1
104,Equatorial Guinea,ornamentals,2005,0,0,0,0,1
104,Equatorial Guinea,ornamentals,2006,0,0,0,0,1
104,Equatorial Guinea,ornamentals,2007,0,0,0,0,1
104,Equatorial Guinea,ornamentals,2008,0,0,0,0,1
104,Equatorial Guinea,ornamentals,2009,0,0,0,0,1
104,Equatorial Guinea,ornamentals,2010,0,0,0,0,1
104,Equatorial Guinea,ornamentals,2011,0,0,0,0,1
104,Equatorial Guinea,ornamentals,2012,0,0,0,0,1
104,Equatorial Guinea,ornamentals,2013,0,0,0,0,1
104,Equatorial Guinea,ornamentals,2014,0,0,0,0,1
104,Equatorial Guinea,ornamentals,2015,0,0,0,0,1
104,Equatorial Guinea,ornamentals,2016,0,0,0,0,1
104,Equatorial Guinea,ornamentals,2017,0,0,0,0,1
104,Equatorial Guinea,ornamentals,2018,0,0,0,0,1
104,Equatorial Guinea,ornamentals,2019,0,0,0,0,1
104,Equatorial Guinea,ornamentals,2020,0,0,0,0,1
104,Equatorial Guinea,ornamentals,2021,0,0,0,0,1
104,Equatorial Guinea,ornamentals,2022,0,0,0,0,1
106,Ghana,ornamentals,2004,0,0,0,17.3198427062732,0
106,Ghana,ornamentals,2005,0,0,0,17.3198427062732,0
106,Ghana,ornamentals,2006,0,0,0,17.3198427062732,0
106,Ghana,ornamentals,2007,0,0,0,17.3198427062732,0
106,Ghana,ornamentals,2008,1,0.21358438419821887,0.8543375367928755,17.3198427062732,0.012331773897742109
106,Ghana,ornamentals,2009,0,0.21358438419821887,0,17.3198427062732,0.012331773897742109
106,Ghana,ornamentals,2010,0,0.21358438419821887,0,17.3198427062732,0.012331773897742109
106,Ghana,ornamentals,2011,0,0.21358438419821887,0,17.3198427062732,0.012331773897742109
106,Ghana,ornamentals,2012,0,0,0,17.3198427062732,0
106,Ghana,ornamentals,2013,66,8.25,33,17.3198427062732,0.47633227044330334
106,Ghana,ornamentals,2014,0,8.25,0,17.3198427062732,0.47633227044330334
106,Ghana,ornamentals,2015,0,8.25,0,17.3198427062732,0.47633227044330334
106,Ghana,ornamentals,2016,0,8.25,0,17.3198427062732,0.47633227044330334
106,Ghana,ornamentals,2017,1,0.21358438419821887,0.8543375367928755,17.3198427062732,0.012331773897742109
106,Ghana,ornamentals,2018,1,0.42716876839643775,0.8543375367928755,17.3198427062732,0.024663547795484218
106,Ghana,ornamentals,2019,104.63,13.505918768396437,52.315,17.3198427062732,0.7797945395603755
106,Ghana,ornamentals,2020,2.44,13.899114758158953,1.5727839590500636,17.3198427062732,0.8024965927158642
106,Ghana,ornamentals,2021,2.67,14.093427090471417,1.63158686604273,17.3198427062732,0.8137156514341101
106,Ghana,ornamentals,2022,27.52,17.3198427062732,13.76,17.3198427062732,1
112,Cuba,ornamentals,2004,14,13.78032102433722,13.78032102433722,7.42882849512966,1
112,Cuba,ornamentals,2005,12,12.809462112945546,11.838603201553875,7.42882849512966,1
112,Cuba,ornamentals,2006,19,14.738103806225153,18.595387192784365,7.42882849512966,1
112,Cuba,ornamentals,2007,20,15.941496744636833,19.551675559871875,7.42882849512966,1
112,Cuba,ornamentals,2008,10,14.96839621104452,9.887918889967969,7.42882849512966,1
112,Cuba,ornamentals,2009,11,14.724840874871362,10.864381856861241,7.42882849512966,1
112,Cuba,ornamentals,2010,9,12.303297651893786,8.909214300874055,7.42882849512966,1
112,Cuba,ornamentals,2011,6,8.905291462022934,5.959650800388468,7.42882849512966,1
112,Cuba,ornamentals,2012,4,7.42882849512966,3.982067022394875,7.42882849512966,1
112,Cuba,ornamentals,2013,3,5.460211205938629,2.989912700097117,7.42882849512966,0.7350029967064583
112,Cuba,ornamentals,2014,4,4.228424386318834,3.982067022394875,7.42882849512966,0.5691912781525363
112,Cuba,ornamentals,2015,2,3.2373908751213967,1.9955167555987188,7.42882849512966,0.4357875373275652
112,Cuba,ornamentals,2016,6.14,3.766310586983269,6.097745869842364,7.42882849512966,0.5069858039464045
112,Cuba,ornamentals,2017,8.45,5.111325233311334,8.369971285409378,7.42882849512966,0.6880392025017563
112,Cuba,ornamentals,2018,9,6.3431120529311285,8.909214300874055,7.42882849512966,0.8538509210556783
112,Cuba,ornamentals,2019,0.07,5.861731491037851,0.06999450802560843,7.42882849512966,0.7890519339463553
112,Cuba,ornamentals,2020,1.14,4.621930872050767,1.1385433938940237,7.42882849512966,0.6221614720384115
112,Cuba,ornamentals,2021,0.33,2.6119075366162154,0.3298779436711752,7.42882849512966,0.3515907707828471
112,Cuba,ornamentals,2022,0.31,0.4620770339110166,0.30989229005325925,7.42882849512966,0.06220052518562709
114,Haiti,ornamentals,2004,95.50892343809473,79.89808275339792,79.89808275339792,73.09553651149439,1
114,Haiti,ornamentals,2005,62.26504412461172,67.76416988276942,55.63025701214094,73.09553651149439,0.9270630344455218
114,Haiti,ornamentals,2006,57.07353944920101,62.34245081722571,51.49901268613828,73.09553651149439,0.852889981967945
114,Haiti,ornamentals,2007,83.54511109795108,64.6569049455712,71.600267330607693,73.09553651149439,0.8845533945209336
114,Haiti,ornamentals,2008,120.832365023432,68.64385745278705,95.84589278226126,73.09553651149439,0.9390977989742602
114,Haiti,ornamentals,2009,155.37500167652965,83.251461819552,114.0606744792008,73.09553651149439,1
114,Haiti,ornamentals,2010,113.243241289598,93.20092295833349,91.29685724126423,73.09553651149439,1
114,Haiti,ornamentals,2011,106.10751262937036,97.01080058541498,86.83977783893363,73.09553651149439,1
114,Haiti,ornamentals,2012,0.18489499099961876,73.09553651149439,0.184836486578885,73.09553651149439,1
114,Haiti,ornamentals,2013,0.16304212407053997,44.62111704963298,0.16299663175517246,73.09553651149439,0.6104492719964678
114,Haiti,ornamentals,2014,0.16016674684302956,21.836933450558107,0.16012284496474385,73.09553651149439,0.29874510117487424
114,Haiti,ornamentals,2015,0.1709014884924016,0.16970186697442372,0.1708515045988936,73.09553651149439,0.002321644727893034
114,Haiti,ornamentals,2016,0.1883454436726312,0.1705639291533806,0.18828473529471249,73.09553651149439,0.002333438364277676
114,Haiti,ornamentals,2017,0.2115401533078815,0.18268066415981676,0.21146357178091718,73.09553651149439,0.0024992040947820382
114,Haiti,ornamentals,2018,0.228409033042609,0.19972989062623384,0.2283197508304121,73.09553651149439,0.002732449888986395
114,Haiti,ornamentals,2019,0.22,0.21199630716283224,0.21991717074528724,73.09553651149439,0.0029002633714781683
114,Haiti,ornamentals,2020,0.21,0.21740625572483163,0.20992452954271007,73.09553651149439,0.002974275394922974
114,Haiti,ornamentals,2021,0.08,0.18453762462242176,0.07998904737127766,73.09553651149439,0.002524608661890086
114,Haiti,ornamentals,2022,0.2,0.17744057343244007,0.19993154607048536,73.09553651149439,0.002427515849815772
115,Dominican Republic,ornamentals,2004,11.629545807423083,11.146331220523056,11.146331220523056,24.300944491618708,0.45867893012830746
115,Dominican Republic,ornamentals,2005,141.9782275021043,41.0677224857876,70.98911375105214,24.300944491618708,1
115,Dominican Republic,ornamentals,2006,12.0786415148672,31.230943637334583,11.557385940428551,24.300944491618708,1
115,Dominican Republic,ornamentals,2007,51.88203477379025,33.98941707609341,42.26483739236989,24.300944491618708,1
115,Dominican Republic,ornamentals,2008,43.35757469583632,40.363097255748386,36.64105193914297,24.300944491618708,1
115,Dominican Republic,ornamentals,2009,32.333398065974905,29.76536109759009,28.59816911841895,24.300944491618708,1
115,Dominican Republic,ornamentals,2010,35.47428189692232,34.62054509531759,30.97812193133854,24.300944491618708,1
115,Dominican Republic,ornamentals,2011,43.61459883168456,33.25888795214074,36.818208819662495,24.300944491618708,1
115,Dominican Republic,ornamentals,2012,0.8116316963574484,24.300944491618708,0.8092780970548538,24.300944491618708,1
115,Dominican Republic,ornamentals,2013,0,17.15140221201397,0,24.300944491618708,0.7057915883857689
115,Dominican Republic,ornamentals,2014,0,9.406871729179336,0,24.300944491618708,0.38709901717703715
115,Dominican Republic,ornamentals,2015,0.1544917509217355,0.2409211430776863,0.15440647525589143,24.300944491618708,0.0099140649928556885
115,Dominican Republic,ornamentals,2016,10.997300850610998,2.6799012159581186,10.565198388576583,24.300944491618708,0.11027971430832267
115,Dominican Republic,ornamentals,2017,0.2,2.729865487479085,0.1998570860838645,24.300944491618708,0.1123357772542793
115,Dominican Republic,ornamentals,2018,3.78,3.662102917483393,3.7289497200172317,24.300944491618708,0.15069796644103428
115,Dominican Republic,ornamentals,2019,0.03,3.6310004947786414,0.02999678443688695,24.300944491618708,0.14941808109684618
115,Dominican Republic,ornamentals,2020,0.1,1.0146919655147373,0.09996427152096612,24.300944491618708,0.04175524806719756
115,Dominican Republic,ornamentals,2021,0.06,0.9797244784306581,0.0599871377475478,24.300944491618708,0.04031631275766096
115,Dominican Republic,ornamentals,2022,0.06,0.062483832863237165,0.0599871377475478,24.300944491618708,0.002571251207326019
124,Barbados,ornamentals,2004,3,2.5130713911016636,2.5130713911016636,0.039422695841928514,1
124,Barbados,ornamentals,2005,1,1.729484106167591,0.9458968212335181,0.039422695841928514,1
124,Barbados,ornamentals,2006,0,1.1529894041117272,0,0.039422695841928514,1
124,Barbados,ornamentals,2007,0,0.8647420530837955,0,0.039422695841928514,1
124,Barbados,ornamentals,2008,0,0.23647420530837954,0,0.039422695841928514,1
124,Barbados,ornamentals,2009,0,0,0,0.039422695841928514,0
124,Barbados,ornamentals,2010,0,0,0,0.039422695841928514,0
124,Barbados,ornamentals,2011,0,0,0,0.039422695841928514,0
124,Barbados,ornamentals,2012,0,0,0,0.039422695841928514,0
124,Barbados,ornamentals,2013,0,0,0,0.039422695841928514,0
124,Barbados,ornamentals,2014,0,0,0,0.039422695841928514,0
124,Barbados,ornamentals,2015,0,0,0,0.039422695841928514,0
124,Barbados,ornamentals,2016,0.15905959127891833,0.039422695841928514,0.15769078336771405,0.039422695841928514,1
124,Barbados,ornamentals,2017,0,0.039422695841928514,0,0.039422695841928514,1
124,Barbados,ornamentals,2018,0,0.039422695841928514,0,0.039422695841928514,1
124,Barbados,ornamentals,2019,0,0.039422695841928514,0,0.039422695841928514,1
124,Barbados,ornamentals,2020,0,0,0,0.039422695841928514,0
124,Barbados,ornamentals,2021,0,0,0,0.039422695841928514,0
124,Barbados,ornamentals,2022,0,0,0,0.039422695841928514,0
126,Trinidad and Tobago,ornamentals,2004,82,41,41,40.95483520944787,1
126,Trinidad and Tobago,ornamentals,2005,82,41,41,40.95483520944787,1
126,Trinidad and Tobago,ornamentals,2006,104,44.666666666666664,52,40.95483520944787,1
126,Trinidad and Tobago,ornamentals,2007,86,44.25,43,40.95483520944787,1
126,Trinidad and Tobago,ornamentals,2008,83,44.375,41.5,40.95483520944787,1
126,Trinidad and Tobago,ornamentals,2009,65,42.25,32.5,40.95483520944787,1
126,Trinidad and Tobago,ornamentals,2010,178.51361792273653,51.56420224034207,89.25680896136826,40.95483520944787,1
126,Trinidad and Tobago,ornamentals,2011,34.95961696169189,46.330810408217495,22.066432671501715,40.95483520944787,1
126,Trinidad and Tobago,ornamentals,2012,28.663319157958885,40.95483520944787,19.996099204921517,40.95483520944787,1
126,Trinidad and Tobago,ornamentals,2013,12.048229290046056,35.45905605074806,10.516883365200746,40.95483520944787,0.8658087834905513
126,Trinidad and Tobago,ornamentals,2014,15.658021521426546,16.412751837512225,13.07159210842492,40.95483520944787,0.40075248144878306
126,Trinidad and Tobago,ornamentals,2015,13.799472248559082,13.843794253946882,11.790602337240347,40.95483520944787,0.3380258810259663
126,Trinidad and Tobago,ornamentals,2016,0.13,8.877224881593929,0.12982171550969976,40.95483520944787,0.21675645466999807
126,Trinidad and Tobago,ornamentals,2017,0.95,6.483123836854452,0.9404791862428421,40.95483520944787,0.15829935107048998
126,Trinidad and Tobago,ornamentals,2018,29.17,8.263638622786189,20.193651252151867,40.95483520944787,0.20177443226239256
126,Trinidad and Tobago,ornamentals,2019,0.06,5.330978544035791,0.059962022238752605,40.95483520944787,0.13016725660773718
126,Trinidad and Tobago,ornamentals,2020,0.29,5.370801314483303,0.2891127972997485,40.95483520944787,0.13113961482243525
126,Trinidad and Tobago,ornamentals,2021,0.24,5.195529606877602,0.23939235582004179,40.95483520944787,0.12685998076434807
126,Trinidad and Tobago,ornamentals,2022,0.15,0.18455745358768666,0.14976263899220382,40.95483520944787,0.004506365430207154
129,Panama,ornamentals,2004,0,0,0,0,1
129,Panama,ornamentals,2005,0,0,0,0,1
129,Panama,ornamentals,2006,0,0,0,0,1
129,Panama,ornamentals,2007,0,0,0,0,1
129,Panama,ornamentals,2008,0,0,0,0,1
129,Panama,ornamentals,2009,0,0,0,0,1
129,Panama,ornamentals,2010,0,0,0,0,1
129,Panama,ornamentals,2011,0,0,0,0,1
129,Panama,ornamentals,2012,0,0,0,0,1
129,Panama,ornamentals,2013,0,0,0,0,1
129,Panama,ornamentals,2014,0,0,0,0,1
129,Panama,ornamentals,2015,0,0,0,0,1
129,Panama,ornamentals,2016,0,0,0,0,1
129,Panama,ornamentals,2017,0,0,0,0,1
129,Panama,ornamentals,2018,0,0,0,0,1
129,Panama,ornamentals,2019,0,0,0,0,1
129,Panama,ornamentals,2020,0,0,0,0,1
129,Panama,ornamentals,2021,0,0,0,0,1
129,Panama,ornamentals,2022,0,0,0,0,1
130,Costa Rica,ornamentals,2004,85,78.77555395181042,78.77555395181042,30.502232021268654,1
130,Costa Rica,ornamentals,2005,75,74.46476597098712,70.15397799016382,30.502232021268654,1
130,Costa Rica,ornamentals,2006,69,71.27595297094963,64.89832697087466,30.502232021268654,1
130,Costa Rica,ornamentals,2007,73,70.55921133752703,68.4089864372592,30.502232021268654,1
130,Costa Rica,ornamentals,2008,72,67.74879937850817,67.53390611573498,30.502232021268654,1
130,Costa Rica,ornamentals,2009,24,56.08624671751541,23.503767346192777,30.502232021268654,1
130,Costa Rica,ornamentals,2010,11,42.58560414532162,10.895756682099524,30.502232021268654,1
130,Costa Rica,ornamentals,2011,12,28.45234299514387,11.875941836548193,30.502232021268654,0.9327954418320786
130,Costa Rica,ornamentals,2012,0,11.568866466210125,0,30.502232021268654,0.379279341201764
130,Costa Rica,ornamentals,2013,10,8.171386754062658,9.913848497602913,30.502232021268654,0.26789471499544354
130,Costa Rica,ornamentals,2014,4,6.4440015234418935,3.986215759616466,30.502232021268654,0.21126327801023242
130,Costa Rica,ornamentals,2015,6,4.967262429089107,5.968985459137048,30.502232021268654,0.16284914578138168
130,Costa Rica,ornamentals,2016,5,6.211877960189289,4.978462124400728,30.502232021268654,0.2036532262903862
130,Costa Rica,ornamentals,2017,3,4.481477426984626,2.992246364784262,30.502232021268654,0.14692293415969604
130,Costa Rica,ornamentals,2018,7,5.224369928036866,6.957785763825427,30.502232021268654,0.17127828299233996
130,Costa Rica,ornamentals,2019,36.88,12.659179508197703,35.70822377978039,30.502232021268654,0.41502469390996327
130,Costa Rica,ornamentals,2020,23.89,17.264140407394407,23.39830572118755,30.502232021268654,0.5659959702410117
130,Costa Rica,ornamentals,2021,37.29,25.539085157787326,36.09202536635594,30.502232021268654,0.8372857809218481
130,Costa Rica,ornamentals,2022,27.46,30.502232021268654,26.810373217750726,30.502232021268654,1
131,Nicaragua,ornamentals,2004,4,3.9988962774851604,3.9988962774851604,137.7582873356888,0.029028353609976777
131,Nicaragua,ornamentals,2005,0,1.9994481387425802,0,137.7582873356888,0.014514176804988389
131,Nicaragua,ornamentals,2006,6,3.332137633942257,5.9975166243416105,137.7582873356888,0.024188291669324534
131,Nicaragua,ornamentals,2007,13,5.746188708190944,12.988341930937008,137.7582873356888,0.0417121090812392
131,Nicaragua,ornamentals,2008,12,7.743981263161265,11.990066497366444,137.7582873356888,0.05621426785229091
131,Nicaragua,ornamentals,2009,0,7.743981263161265,0,137.7582873356888,0.05621426785229091
131,Nicaragua,ornamentals,2010,2,6.744533124418686,1.99972406937129,137.7582873356888,0.04895918245545283
131,Nicaragua,ornamentals,2011,4,4.4971717110557234,3.9988962774851604,137.7582873356888,0.03264538052870122
131,Nicaragua,ornamentals,2012,2,1.9995861040569352,1.99972406937129,137.7582873356888,0.014515178307816446
131,Nicaragua,ornamentals,2013,2,2.499517121399758,1.99972406937129,137.7582873356888,0.01814422326047757
131,Nicaragua,ornamentals,2014,5,3.249154962449576,4.998275433570563,137.7582873356888,0.023585912871666653
131,Nicaragua,ornamentals,2015,9,4.4980339942704415,8.994412404768624,137.7582873356888,0.032651639921376575
131,Nicaragua,ornamentals,2016,12,6.99561960126923,11.990066497366444,137.7582873356888,0.050781842142261356
131,Nicaragua,ornamentals,2017,20,11.48879031820866,19.97240693712901,137.7582873356888,0.08339817908894892
131,Nicaragua,ornamentals,2018,26,16.727563390753026,25.953367723748027,137.7582873356888,0.12142691168910492
131,Nicaragua,ornamentals,2019,511.14,137.7582873356888,493.1173081845118,137.7582873356888,1
131,Nicaragua,ornamentals,2020,6.39,136.35756653465816,6.387183293243863,137.7582873356888,0.989832039668021
131,Nicaragua,ornamentals,2021,6.02,132.86883981060362,6.017500040910825,137.7582873356888,0.9645070534800523
131,Nicaragua,ornamentals,2022,7.99,128.3768969147335,7.985596140267524,137.7582873356888,0.9318996293987397
132,Colombia,ornamentals,2004,213,98.3648335367554,98.3648335367554,143.13791749968982,0.6872031901467937
132,Colombia,ornamentals,2005,239,103.8112013619659,109.2575691871764,143.13791749968982,0.7252529810082703
132,Colombia,ornamentals,2006,294,113.04115542011102,131.5010635364013,143.13791749968982,0.789735923189996
132,Colombia,ornamentals,2007,542,139.36207818034597,218.32484646105084,143.13791749968982,0.9736209707022457
132,Colombia,ornamentals,2008,321,150.27677036957078,142.02360229365456,143.13791749968982,1
132,Colombia,ornamentals,2009,452,170.30388301499096,189.3660197688571,143.13791749968982,1
132,Colombia,ornamentals,2010,368,177.35785965817558,159.71697010913982,143.13791749968982,1
132,Colombia,ornamentals,2011,559,178.64381807310346,223.46868012076234,143.13791749968982,1
132,Colombia,ornamentals,2012,0,143.13791749968982,0,143.13791749968982,1
132,Colombia,ornamentals,2013,0,95.79641255747555,0,143.13791749968982,0.6692595102040879
132,Colombia,ornamentals,2014,0,55.867170030190586,0,143.13791749968982,0.390303079757407
132,Colombia,ornamentals,2015,65,7.935602623447683,31.742410493790732,143.13791749968982,0.055440254839985915
132,Colombia,ornamentals,2016,106,20.6819176712721,50.98526019129767,143.13791749968982,0.14448944090105906
132,Colombia,ornamentals,2017,50,26.819848217690847,24.55172218567499,143.13791749968982,0.18737067498378943
132,Colombia,ornamentals,2018,100,38.87157040336584,48.20688874269995,143.13791749968982,0.271567248443796
132,Colombia,ornamentals,2019,125.38,45.903768582667595,59.87120321099777,143.13791749968982,0.32069607679437606
132,Colombia,ornamentals,2020,7.73,34.12102494490202,3.854285640235368,143.13791749968982,0.23837865983327555
132,Colombia,ornamentals,2021,0.14,28.000593519858757,0.0699964855019357,143.13791749968982,0.19561967932025723
132,Colombia,ornamentals,2022,0.14,15.966370455559252,0.0699964855019357,143.13791749968982,0.11154535942996273
133,Honduras,ornamentals,2004,0,0,0,0,1
133,Honduras,ornamentals,2005,22,10.963532330157221,21.927064660314443,0,1
133,Honduras,ornamentals,2006,0,7.309021553438147,0,0,1
133,Honduras,ornamentals,2007,0,5.481766165078611,0,0,1
133,Honduras,ornamentals,2008,0,5.481766165078611,0,0,1
133,Honduras,ornamentals,2009,0,0,0,0,1
133,Honduras,ornamentals,2010,0,0,0,0,1
133,Honduras,ornamentals,2011,0,0,0,0,1
133,Honduras,ornamentals,2012,0,0,0,0,1
133,Honduras,ornamentals,2013,0,0,0,0,1
133,Honduras,ornamentals,2014,0,0,0,0,1
133,Honduras,ornamentals,2015,0,0,0,0,1
133,Honduras,ornamentals,2016,0,0,0,0,1
133,Honduras,ornamentals,2017,0,0,0,0,1
133,Honduras,ornamentals,2018,0,0,0,0,1
133,Honduras,ornamentals,2019,0,0,0,0,1
133,Honduras,ornamentals,2020,0,0,0,0,1
133,Honduras,ornamentals,2021,0,0,0,0,1
133,Honduras,ornamentals,2022,0,0,0,0,1
134,El Salvador,ornamentals,2004,0,0,0,0,1
134,El Salvador,ornamentals,2005,0,0,0,0,1
134,El Salvador,ornamentals,2006,0,0,0,0,1
134,El Salvador,ornamentals,2007,0,0,0,0,1
134,El Salvador,ornamentals,2008,0,0,0,0,1
134,El Salvador,ornamentals,2009,0,0,0,0,1
134,El Salvador,ornamentals,2010,0,0,0,0,1
134,El Salvador,ornamentals,2011,0,0,0,0,1
134,El Salvador,ornamentals,2012,0,0,0,0,1
134,El Salvador,ornamentals,2013,0,0,0,0,1
134,El Salvador,ornamentals,2014,0,0,0,0,1
134,El Salvador,ornamentals,2015,0,0,0,0,1
134,El Salvador,ornamentals,2016,0,0,0,0,1
134,El Salvador,ornamentals,2017,0,0,0,0,1
134,El Salvador,ornamentals,2018,0,0,0,0,1
134,El Salvador,ornamentals,2019,0,0,0,0,1
134,El Salvador,ornamentals,2020,0,0,0,0,1
134,El Salvador,ornamentals,2021,0,0,0,0,1
134,El Salvador,ornamentals,2022,0,0,0,0,1
135,Mexico,ornamentals,2004,11.842771478545115,11.803549784522914,11.803549784522914,24.75492950301077,0.47681613405876716
135,Mexico,ornamentals,2005,17.371544012882723,14.545351363917506,17.287152943312098,24.75492950301077,0.5875739360174084
135,Mexico,ornamentals,2006,13.662891267693569,14.233796621404968,13.610687136379894,24.75492950301077,0.574988372302729
135,Mexico,ornamentals,2007,11.17427582357398,13.460186739777411,11.13935709489474,24.75492950301077,0.5437376316559633
135,Mexico,ornamentals,2008,14.43726479878238,14.104043146416595,14.378975411079649,24.75492950301077,0.5697468516200467
135,Mexico,ornamentals,2009,23.45185819331877,15.60676788008642,23.298051877991398,24.75492950301077,0.6304509119360763
135,Mexico,ornamentals,2010,29.15492177066632,19.433399591750593,28.917213983036582,24.75492950301077,0.7850315061243476
135,Mexico,ornamentals,2011,22.309030251298253,22.1910225442099,22.169848904731978,24.75492950301077,0.896428428184817
135,Mexico,ornamentals,2012,24.806693956375597,24.75492950301077,24.63460324628313,24.75492950301077,1
135,Mexico,ornamentals,2013,14.386786239169396,22.512642469958145,14.328903745780881,24.75492950301077,0.9094205849877329
135,Mexico,ornamentals,2014,11.055164022670397,18.038585413275026,11.020985756304118,24.75492950301077,0.7286866000196494
135,Mexico,ornamentals,2015,7.374515561814405,14.335949950270617,7.359307052714341,24.75492950301077,0.5791149576300363
135,Mexico,ornamentals,2016,8.056695155422858,10.186934833209266,8.038542778037725,24.75492950301077,0.4115113651190281
135,Mexico,ornamentals,2017,12.054624070424325,9.608205539157233,12.013986569572749,24.75492950301077,0.3881330196472041
135,Mexico,ornamentals,2018,1.9169900889605744,7.331949701446076,1.9159624054594893,24.75492950301077,0.2961814009833614
135,Mexico,ornamentals,2019,2.15416122101351,6.030338817212459,2.152863515779872,24.75492950301077,0.243601534655109
135,Mexico,ornamentals,2020,13.928394860292885,7.489238649254601,13.87414210620629,24.75492950301077,0.3025352444790334
135,Mexico,ornamentals,2021,11.437925892694691,7.336076995285492,11.401339953696313,24.75492950301077,0.2963481271232566
135,Mexico,ornamentals,2022,8.06,8.867544575771408,8.041832727403152,24.75492950301077,0.3582132833257679
136,Guatemala,ornamentals,2004,0,0,0,0.248968910391127,0
136,Guatemala,ornamentals,2005,0,0,0,0.248968910391127,0
136,Guatemala,ornamentals,2006,0,0,0,0.248968910391127,0
136,Guatemala,ornamentals,2007,3,0.7407201935201431,2.9628807740805723,0.248968910391127,1
136,Guatemala,ornamentals,2008,2,1.236595835084651,1.9835025662580321,0.248968910391127,1
136,Guatemala,ornamentals,2009,1,1.485564745475778,0.995875641564508,0.248968910391127,1
136,Guatemala,ornamentals,2010,0,1.485564745475778,0,0.248968910391127,1
136,Guatemala,ornamentals,2011,0,0.744844551955635,0,0.248968910391127,1
136,Guatemala,ornamentals,2012,0,0.248968910391127,0,0.248968910391127,1
136,Guatemala,ornamentals,2013,0,0,0,0.248968910391127,0
136,Guatemala,ornamentals,2014,0,0,0,0.248968910391127,0
136,Guatemala,ornamentals,2015,0,0,0,0.248968910391127,0
136,Guatemala,ornamentals,2016,0,0,0,0.248968910391127,0
136,Guatemala,ornamentals,2017,0,0,0,0.248968910391127,0
136,Guatemala,ornamentals,2018,0,0,0,0.248968910391127,0
136,Guatemala,ornamentals,2019,0,0,0,0.248968910391127,0
136,Guatemala,ornamentals,2020,0,0,0,0.248968910391127,0
136,Guatemala,ornamentals,2021,0,0,0,0.248968910391127,0
136,Guatemala,ornamentals,2022,0,0,0,0.248968910391127,0
137,Ecuador,ornamentals,2004,7,6.771460813542046,6.771460813542046,16.799948296654613,0.40306438412613765
137,Ecuador,ornamentals,2005,11,8.603554472470897,10.435648131399748,16.799948296654613,0.5121179137309685
137,Ecuador,ornamentals,2006,22,12.31656715684693,19.742592525598994,16.799948296654613,0.7331312537015091
137,Ecuador,ornamentals,2007,10,11.620823741891343,9.533593497024585,16.799948296654613,0.6917178277391132
137,Ecuador,ornamentals,2008,6,11.385981953238044,5.832093658928851,16.799948296654613,0.6777391068224504
137,Ecuador,ornamentals,2009,10,11.160468294644254,9.533593497024585,16.799948296654613,0.6643156334514819
137,Ecuador,ornamentals,2010,20,10.75841366026909,18.13437398809834,16.799948296654613,0.6403837363244399
137,Ecuador,ornamentals,2011,19,12.704083417077632,17.316272524258753,16.799948296654613,0.7561977687519078
137,Ecuador,ornamentals,2012,24,16.574434638060822,21.31349854286161,16.799948296654613,0.9865765266290315
137,Ecuador,ornamentals,2013,11,16.799948296654613,10.435648131399748,16.799948296654613,1
137,Ecuador,ornamentals,2014,13,15.319298052122916,12.21177300997155,16.799948296654613,0.9118657856330106
137,Ecuador,ornamentals,2015,10,13.373628295314372,9.533593497024585,16.799948296654613,0.7960517532055426
137,Ecuador,ornamentals,2016,10,10.428652033855117,9.533593497024585,16.799948296654613,0.6207550076765286
137,Ecuador,ornamentals,2017,8,9.745114960529113,7.701499838095734,16.799948296654613,0.5800681519043523
137,Ecuador,ornamentals,2018,6,8.150195122768439,5.832093658928851,16.799948296654613,0.48513215510260793
137,Ecuador,ornamentals,2019,2,6.262132683482538,1.9813437398809834,16.799948296654613,0.3727471402236114
137,Ecuador,ornamentals,2020,2.3744909575421276,4.46578280722863,2.348193992008949,16.799948296654613,0.2658212232782826
137,Ecuador,ornamentals,2021,1.34,2.873314148912839,1.3316252048325736,16.799948296654613,0.17103113046395532
137,Ecuador,ornamentals,2022,1.34,1.74819703538877,1.3316252048325736,16.799948296654613,0.10405966759653003
138,Peru,ornamentals,2004,603,603,603,313.5,1
138,Peru,ornamentals,2005,583,593,583,313.5,1
138,Peru,ornamentals,2006,552,579.3333333333334,552,313.5,1
138,Peru,ornamentals,2007,454,548,454,313.5,1
138,Peru,ornamentals,2008,505,523.5,505,313.5,1
138,Peru,ornamentals,2009,410,480.25,410,313.5,1
138,Peru,ornamentals,2010,441,452.5,441,313.5,1
138,Peru,ornamentals,2011,387,435.75,387,313.5,1
138,Peru,ornamentals,2012,16,313.5,16,313.5,1
138,Peru,ornamentals,2013,24,217,24,313.5,0.6921850079744817
138,Peru,ornamentals,2014,15,110.5,15,313.5,0.3524720893141946
138,Peru,ornamentals,2015,25,20,25,313.5,0.06379585326953748
138,Peru,ornamentals,2016,9,18.25,9,313.5,0.058213716108452954
138,Peru,ornamentals,2017,13,15.5,13,313.5,0.049441786283891544
138,Peru,ornamentals,2018,60,26.75,60,313.5,0.08532695374800638
138,Peru,ornamentals,2019,0.33,20.5825,0.33,313.5,0.06565390749601276
138,Peru,ornamentals,2020,0,18.3325,0,313.5,0.058476874003189794
138,Peru,ornamentals,2021,0,15.0825,0,313.5,0.04811004784688995
138,Peru,ornamentals,2022,0,0.0825,0,313.5,2.631578947368421e-4
139,Venezuela,ornamentals,2004,22,21.8205390530005,21.8205390530005,0.4723957810213267,1
139,Venezuela,ornamentals,2005,15,18.368555979935284,14.916572906870067,0.4723957810213267,1
139,Venezuela,ornamentals,2006,3,13.244591625381789,2.996662916274803,0.4723957810213267,1
139,Venezuela,ornamentals,2007,0,9.933443719036342,0,0.4723957810213267,1
139,Venezuela,ornamentals,2008,0,4.4783089557862175,0,0.4723957810213267,1
139,Venezuela,ornamentals,2009,0,0.7491657290687007,0,0.4723957810213267,1
139,Venezuela,ornamentals,2010,0,0,0,0.4723957810213267,0
139,Venezuela,ornamentals,2011,0,0,0,0.4723957810213267,0
139,Venezuela,ornamentals,2012,0,0,0,0.4723957810213267,0
139,Venezuela,ornamentals,2013,0,0,0,0.4723957810213267,0
139,Venezuela,ornamentals,2014,0,0,0,0.4723957810213267,0
139,Venezuela,ornamentals,2015,0,0,0,0.4723957810213267,0
139,Venezuela,ornamentals,2016,0,0,0,0.4723957810213267,0
139,Venezuela,ornamentals,2017,0,0,0,0.4723957810213267,0
139,Venezuela,ornamentals,2018,0,0,0,0.4723957810213267,0
139,Venezuela,ornamentals,2019,0.81,0.2024391816491083,0.8097567265964332,0.4723957810213267,0.42853723462862386
139,Venezuela,ornamentals,2020,0.24,0.262433842315148,0.23997864266415872,0.4723957810213267,0.5555380739170915
139,Venezuela,ornamentals,2021,0.59,0.4099015745694607,0.5898709290172509,0.4723957810213267,0.8677079496418182
139,Venezuela,ornamentals,2022,0.25,0.4723957810213267,0.24997682580746391,0.4723957810213267,1
140,Guadeloupe and Martinique,ornamentals,2004,0,0,0,0,1
140,Guadeloupe and Martinique,ornamentals,2005,0,0,0,0,1
140,Guadeloupe and Martinique,ornamentals,2006,0,0,0,0,1
140,Guadeloupe and Martinique,ornamentals,2007,0,0,0,0,1
140,Guadeloupe and Martinique,ornamentals,2008,0,0,0,0,1
140,Guadeloupe and Martinique,ornamentals,2009,0,0,0,0,1
140,Guadeloupe and Martinique,ornamentals,2010,0,0,0,0,1
140,Guadeloupe and Martinique,ornamentals,2011,0,0,0,0,1
140,Guadeloupe and Martinique,ornamentals,2012,0,0,0,0,1
140,Guadeloupe and Martinique,ornamentals,2013,0,0,0,0,1
140,Guadeloupe and Martinique,ornamentals,2014,0,0,0,0,1
140,Guadeloupe and Martinique,ornamentals,2015,0,0,0,0,1
140,Guadeloupe and Martinique,ornamentals,2016,0,0,0,0,1
140,Guadeloupe and Martinique,ornamentals,2017,0,0,0,0,1
140,Guadeloupe and Martinique,ornamentals,2018,0,0,0,0,1
140,Guadeloupe and Martinique,ornamentals,2019,0,0,0,0,1
140,Guadeloupe and Martinique,ornamentals,2020,0,0,0,0,1
140,Guadeloupe and Martinique,ornamentals,2021,0,0,0,0,1
140,Guadeloupe and Martinique,ornamentals,2022,0,0,0,0,1
147,French Polynesia,ornamentals,2004,53,52.37627142669455,52.37627142669455,45.1183734380775,1
147,French Polynesia,ornamentals,2005,47,49.44288537186779,46.509499317041026,45.1183734380775,1
147,French Polynesia,ornamentals,2006,37,45.19392970242056,36.69601836352611,45.1183734380775,1
147,French Polynesia,ornamentals,2007,27,40.604979305122676,26.838128113229022,45.1183734380775,0.8999654954505573
147,French Polynesia,ornamentals,2008,35,36.19290971275135,34.72799305720926,45.1183734380775,0.80217673986905
147,French Polynesia,ornamentals,2009,27,31.275066911798355,26.838128113229022,45.1183734380775,0.6931780675719987
147,French Polynesia,ornamentals,2010,24,28.06908762723367,23.87210122526738,45.1183734380775,0.6221210005665865
147,French Polynesia,ornamentals,2011,21,26.585074974075248,20.902077500595333,45.1183734380775,0.5892294634814752
147,French Polynesia,ornamentals,2012,23,23.62371106227573,22.882537410011185,45.1183734380775,0.5235940319235574
147,French Polynesia,ornamentals,2013,15,20.651688919248492,14.950039541120068,45.1183734380775,0.4577223721859523
147,French Polynesia,ornamentals,2014,29,21.8869783396894,28.813258907031013,45.1183734380775,0.4851012275459815
147,French Polynesia,ornamentals,2015,21,21.8869783396894,20.902077500595333,45.1183734380775,0.4851012275459815
147,French Polynesia,ornamentals,2016,34.23,24.65880141501954,33.96982971133174,45.1183734380775,0.5465356912492069
147,French Polynesia,ornamentals,2017,26.93,27.61353311996713,26.768966360910436,45.1183734380775,0.6120241271078887
147,French Polynesia,ornamentals,2018,42.63,30.966836186260206,42.22647117220332,45.1183734380775,0.6863464665622421
147,French Polynesia,ornamentals,2019,55.02,39.32827200988303,54.34782079508662,45.1183734380775,0.8716686576447383
147,French Polynesia,ornamentals,2020,41.05,41.00477181076152,40.67582891484569,45.1183734380775,0.9088264643901298
147,French Polynesia,ornamentals,2021,32.27,42.32222303304508,32.03877125004468,45.1183734380775,0.9380263473179062
147,French Polynesia,ornamentals,2022,54.06,45.1183734380775,53.411072792333,45.1183734380775,1
152,Samoa,ornamentals,2004,0,0,0,1.6331233434458492,0
152,Samoa,ornamentals,2005,0,0,0,1.6331233434458492,0
152,Samoa,ornamentals,2006,0,0,0,1.6331233434458492,0
152,Samoa,ornamentals,2007,1,0.24937587143989165,0.9975034857595666,1.6331233434458492,0.1526987367125099
152,Samoa,ornamentals,2008,0,0.24937587143989165,0,1.6331233434458492,0.1526987367125099
152,Samoa,ornamentals,2009,0,0.24937587143989165,0,1.6331233434458492,0.1526987367125099
152,Samoa,ornamentals,2010,6.642651616514165,1.882499214885741,6.532493373783397,1.6331233434458492,1
152,Samoa,ornamentals,2011,0,1.6331233434458492,0,1.6331233434458492,1
152,Samoa,ornamentals,2012,0,1.6331233434458492,0,1.6331233434458492,1
152,Samoa,ornamentals,2013,0,1.6331233434458492,0,1.6331233434458492,1
152,Samoa,ornamentals,2014,0,0,0,1.6331233434458492,0
152,Samoa,ornamentals,2015,0,0,0,1.6331233434458492,0
152,Samoa,ornamentals,2016,0,0,0,1.6331233434458492,0
152,Samoa,ornamentals,2017,0,0,0,1.6331233434458492,0
152,Samoa,ornamentals,2018,0,0,0,1.6331233434458492,0
152,Samoa,ornamentals,2019,0,0,0,1.6331233434458492,0
152,Samoa,ornamentals,2020,0,0,0,1.6331233434458492,0
152,Samoa,ornamentals,2021,0,0,0,1.6331233434458492,0
152,Samoa,ornamentals,2022,0,0,0,1.6331233434458492,0
153,Cook Islands,ornamentals,2004,9,8.727562375877703,8.727562375877703,13.942591641596351,0.6259641392522663
153,Cook Islands,ornamentals,2005,9.723901684549055,9.066718826344054,9.405875276810404,13.942591641596351,0.6502893478780796
153,Cook Islands,ornamentals,2006,11.057643441653203,9.593276615415181,10.646392193557435,13.942591641596351,0.6880554822243078
153,Cook Islands,ornamentals,2007,5.566414001268427,8.560507041499616,5.4621983197529165,13.942591641596351,0.6139824834258348
153,Cook Islands,ornamentals,2008,16.065117080714813,10.177880662329414,15.197056859196904,13.942591641596351,0.7299848495859771
153,Cook Islands,ornamentals,2009,14.863869535894509,11.35660483728597,14.120771976636622,13.942591641596351,0.8145261031245192
153,Cook Islands,ornamentals,2010,17.46510594396087,12.804796768016868,16.439159916481028,13.942591641596351,0.9183943055331991
153,Cook Islands,ornamentals,2011,13.338870743073876,14.624355018744199,12.740431322662241,13.942591641596351,1
153,Cook Islands,ornamentals,2012,13.042111137221127,13.942591641596351,12.470003350605513,13.942591641596351,1
153,Cook Islands,ornamentals,2013,10.08407396735629,12.847911625827539,9.742051913561374,13.942591641596351,0.9214866185635859
153,Cook Islands,ornamentals,2014,11.147353236853178,11.420472152225779,10.72940202207399,13.942591641596351,0.8191068379392195
153,Cook Islands,ornamentals,2015,7.402536763634998,10.039921615938065,7.218229177511381,13.942591641596351,0.7200900574312845
153,Cook Islands,ornamentals,2016,5.231278897123502,8.207229379097052,5.139234403241463,13.942591641596351,0.5886444636742849
153,Cook Islands,ornamentals,2017,0,5.771716400706708,0,13.942591641596351,0.4139629524461837
153,Cook Islands,ornamentals,2018,0,3.089365895188211,0,13.942591641596351,0.22157759293267915
153,Cook Islands,ornamentals,2019,0.01,1.2873085167246794,0.00999966365725417,13.942591641596351,0.09232921323494271
153,Cook Islands,ornamentals,2020,0,0.0024999159143135425,0,13.942591641596351,1.7930066221370848e-4
153,Cook Islands,ornamentals,2021,0,0.0024999159143135425,0,13.942591641596351,1.7930066221370848e-4
153,Cook Islands,ornamentals,2022,0,0.0024999159143135425,0,13.942591641596351,1.7930066221370848e-4
155,Tonga,ornamentals,2004,0,0,0,7.025509044493345,0
155,Tonga,ornamentals,2005,0,0,0,7.025509044493345,0
155,Tonga,ornamentals,2006,0,0,0,7.025509044493345,0
155,Tonga,ornamentals,2007,0,0,0,7.025509044493345,0
155,Tonga,ornamentals,2008,20.0626002106726,4.943649958097983,19.77459983239193,7.025509044493345,0.7036714246311958
155,Tonga,ornamentals,2009,1,5.193471079398454,0.9992844852018826,7.025509044493345,0.7392305734015305
155,Tonga,ornamentals,2010,0,5.193471079398454,0,7.025509044493345,0.7392305734015305
155,Tonga,ornamentals,2011,2.80891518123385,5.894288520963504,2.8032697662602026,7.025509044493345,0.8389838349981912
155,Tonga,ornamentals,2012,9,3.186149388203644,8.94204330135249,7.025509044493345,0.45351153461270904
155,Tonga,ornamentals,2013,3,3.684718358607409,2.9935603668169435,7.025509044493345,0.5244770642627702
155,Tonga,ornamentals,2014,10,6.166830488654473,9.928448520188258,7.025509044493345,0.8777770336069938
155,Tonga,ornamentals,2015,6.266077769902495,7.025509044493345,6.237983989615686,7.025509044493345,1
155,Tonga,ornamentals,2016,5.056439051933921,6.04953448741411,5.038145073035554,7.025509044493345,0.8610813037321172
155,Tonga,ornamentals,2017,4.720999559913707,6.477407466418198,4.705052282833294,7.025509044493345,0.9219840762279349
155,Tonga,ornamentals,2018,7.270417513523171,5.803444370793016,7.232596137687528,7.025509044493345,0.8260532203487527
155,Tonga,ornamentals,2019,0.01,4.246448355501224,0.009999928448520188,7.025509044493345,0.6044328359138086
155,Tonga,ornamentals,2020,2.385024061185959,3.582150579717851,2.380953969902061,7.025509044493345,0.5098777265863136
155,Tonga,ornamentals,2021,0.01,2.4083874911216574,0.009999928448520188,7.025509044493345,0.34280611922482296
155,Tonga,ornamentals,2022,0.9142527854028232,0.8286521358306135,0.9136547165233522,7.025509044493345,0.11794905259998466
162,New Zealand,ornamentals,2004,69,69,69,31.902124017787127,1
162,New Zealand,ornamentals,2005,4,36.5,4,31.902124017787127,1
162,New Zealand,ornamentals,2006,19,30.666666666666668,19,31.902124017787127,0.9612735079823642
162,New Zealand,ornamentals,2007,15,26.75,15,31.902124017787127,0.8385021632128775
162,New Zealand,ornamentals,2008,7,11.25,7,31.902124017787127,0.35264109667831295
162,New Zealand,ornamentals,2009,0,10.25,0,31.902124017787127,0.3212952214180185
162,New Zealand,ornamentals,2010,0,5.5,0,31.902124017787127,0.17240231393161967
162,New Zealand,ornamentals,2011,0,1.75,0,31.902124017787127,0.054855281705515346
162,New Zealand,ornamentals,2012,0,0,0,31.902124017787127,0
162,New Zealand,ornamentals,2013,0,0,0,31.902124017787127,0
162,New Zealand,ornamentals,2014,0,0,0,31.902124017787127,0
162,New Zealand,ornamentals,2015,0,0,0,31.902124017787127,0
162,New Zealand,ornamentals,2016,64.45651809886385,16.114129524715963,64.45651809886385,31.902124017787127,0.505111494009975
162,New Zealand,ornamentals,2017,0,16.114129524715963,0,31.902124017787127,0.505111494009975
162,New Zealand,ornamentals,2018,61.85197797228466,31.577124017787128,61.85197797228466,31.902124017787127,0.9898125905404043
162,New Zealand,ornamentals,2019,1.3,31.902124017787127,1.3,31.902124017787127,1
162,New Zealand,ornamentals,2020,0.21,15.840494493071164,0.21,31.902124017787127,0.4965341644411904
162,New Zealand,ornamentals,2021,0,15.840494493071164,0,31.902124017787127,0.4965341644411904
162,New Zealand,ornamentals,2022,0,0.3775,0,31.902124017787127,0.011833067910761169
163,United States,ornamentals,2004,797.1149760730274,761.578248368649,761.578248368649,871.3476649380659,0.8740233996297917
163,United States,ornamentals,2005,900.5472119671017,808.3840135866046,855.1897788045603,871.3476649380659,0.9277399207170233
163,United States,ornamentals,2006,539.5961359767884,713.3599035797357,523.3116835659977,871.3476649380659,0.8186857350796255
163,United States,ornamentals,2007,1031.543450067303,778.0275845458935,972.030627444367,871.3476649380659,0.8929014397498782
163,United States,ornamentals,2008,1217.7243519668527,871.3305690506386,1134.7901863876293,871.3476649380659,0.9999803799469313
163,United States,ornamentals,2009,1115.2023138229083,918.9443735922014,1045.6449969708115,871.3476649380659,1
163,United States,ornamentals,2010,1214.4145512288983,1071.0991043558565,1131.930606620618,871.3476649380659,1
163,United States,ornamentals,2011,1206.2003053838775,1109.2985531167292,1124.8284224878578,871.3476649380659,1
163,United States,ornamentals,2012,184.8987011659388,871.3476649380659,182.9866336729767,871.3476649380659,1
163,United States,ornamentals,2013,236.62670822527787,668.310198633445,233.49513175232752,871.3476649380659,0.7669845522348964
163,United States,ornamentals,2014,207.24301467922277,436.537769817871,204.8408913583219,871.3476649380659,0.5009914955689925
163,United States,ornamentals,2015,208.31529506904047,206.8027267342215,205.88825015325983,871.3476649380659,0.23733663961665716
163,United States,ornamentals,2016,240.6565425388096,220.41041685482367,237.41739415538535,871.3476649380659,0.2529534716438244
163,United States,ornamentals,2017,374.87208475506065,253.78974942234237,367.0124620224024,871.3476649380659,0.29126118039276705
163,United States,ornamentals,2018,287.203036571976,273.22695580081916,282.58971687222896,871.3476649380659,0.31356824238490355
163,United States,ornamentals,2019,281.23604709275503,290.9580009154753,276.81243061188445,871.3476649380659,0.3339172326079007
163,United States,ornamentals,2020,182.81797878626628,276.8408282093402,180.94870333084506,871.3476649380659,0.31771569414720086
163,United States,ornamentals,2021,168.27828929240582,226.76134292642178,166.69452089072863,871.3476649380659,0.26024209629636136
163,United States,ornamentals,2022,152.3940342141074,193.88770046776622,151.09514703760672,871.3476649380659,0.22251474155444884
164,Belize,ornamentals,2004,53,52.028326966663705,52.028326966663705,30.878747567451697,1
164,Belize,ornamentals,2005,90,69.61321090767788,87.19809484869207,30.878747567451697,1
164,Belize,ornamentals,2006,57,65.0341821756289,55.87612471153093,30.878747567451697,1
164,Belize,ornamentals,2007,40,58.63727094523733,39.446537254062626,30.878747567451697,1
164,Belize,ornamentals,2008,39,55.248655322857225,38.47386447714329,30.878747567451697,1
164,Belize,ornamentals,2009,28,40.38133242430688,27.72880325449069,30.878747567451697,1
164,Belize,ornamentals,2010,20,31.377709824803066,19.86163431351566,30.878747567451697,1
164,Belize,ornamentals,2011,30,28.938244812639965,29.68867720541023,30.878747567451697,0.9371573361072081
164,Belize,ornamentals,2012,47,30.878747567451697,46.235875496390214,30.878747567451697,1
164,Belize,ornamentals,2013,27,30.633503887924597,26.747828536382286,30.878747567451697,0.9920578488816171
164,Belize,ornamentals,2014,0,25.668095309545684,0,30.878747567451697,0.8312544170865791
164,Belize,ornamentals,2015,0,18.245926008193123,0,30.878747567451697,0.590889444862899
164,Belize,ornamentals,2016,0,6.686957134095572,0,30.878747567451697,0.21655532237790887
164,Belize,ornamentals,2017,0,0,0,30.878747567451697,0
164,Belize,ornamentals,2018,0,0,0,30.878747567451697,0
164,Belize,ornamentals,2019,0,0,0,30.878747567451697,0
164,Belize,ornamentals,2020,0,0,0,30.878747567451697,0
164,Belize,ornamentals,2021,0,0,0,30.878747567451697,0
164,Belize,ornamentals,2022,0,0,0,30.878747567451697,0
166,Jamaica,ornamentals,2004,1,0.4958744894778584,0.4958744894778584,0.2479372447389292,1
166,Jamaica,ornamentals,2005,0,0.2479372447389292,0,0.2479372447389292,1
166,Jamaica,ornamentals,2006,3,0.6529149649261945,1.462870405300725,0.2479372447389292,1
166,Jamaica,ornamentals,2007,0,0.4896862236946459,0,0.2479372447389292,1
166,Jamaica,ornamentals,2008,0,0.3657176013251813,0,0.2479372447389292,1
166,Jamaica,ornamentals,2009,0,0.3657176013251813,0,0.2479372447389292,1
166,Jamaica,ornamentals,2010,0,0,0,0.2479372447389292,0
166,Jamaica,ornamentals,2011,0,0,0,0.2479372447389292,0
166,Jamaica,ornamentals,2012,0,0,0,0.2479372447389292,0
166,Jamaica,ornamentals,2013,1,0.1239686223694646,0.4958744894778584,0.2479372447389292,0.5
166,Jamaica,ornamentals,2014,1,0.2479372447389292,0.4958744894778584,0.2479372447389292,1
166,Jamaica,ornamentals,2015,0,0.2479372447389292,0,0.2479372447389292,1
166,Jamaica,ornamentals,2016,0,0.2479372447389292,0,0.2479372447389292,1
166,Jamaica,ornamentals,2017,0,0.1239686223694646,0,0.2479372447389292,0.5
166,Jamaica,ornamentals,2018,0,0,0,0.2479372447389292,0
166,Jamaica,ornamentals,2019,0,0,0,0.2479372447389292,0
166,Jamaica,ornamentals,2020,0,0,0,0.2479372447389292,0
166,Jamaica,ornamentals,2021,0,0,0,0.2479372447389292,0
166,Jamaica,ornamentals,2022,0,0,0,0.2479372447389292,0
167,Guyana,ornamentals,2004,86,86,86,9,1
167,Guyana,ornamentals,2005,23,54.5,23,9,1
167,Guyana,ornamentals,2006,61,56.666666666666664,61,9,1
167,Guyana,ornamentals,2007,103,68.25,103,9,1
167,Guyana,ornamentals,2008,28,53.75,28,9,1
167,Guyana,ornamentals,2009,21,53.25,21,9,1
167,Guyana,ornamentals,2010,2,38.5,2,9,1
167,Guyana,ornamentals,2011,9,15,9,9,1
167,Guyana,ornamentals,2012,4,9,4,9,1
167,Guyana,ornamentals,2013,1.1382505397397755,4.034562634934944,1.1382505397397755,9,0.4482847372149938
167,Guyana,ornamentals,2014,1,3.784562634934944,1,9,0.420506959437216
167,Guyana,ornamentals,2015,6,3.034562634934944,6,9,0.3371736261038827
167,Guyana,ornamentals,2016,4,3.034562634934944,4,9,0.3371736261038827
167,Guyana,ornamentals,2017,13,6,13,9,0.6666666666666666
167,Guyana,ornamentals,2018,7,7.5,7,9,0.8333333333333334
167,Guyana,ornamentals,2019,3.31,6.8275,3.31,9,0.7586111111111111
167,Guyana,ornamentals,2020,0,5.8275,0,9,0.6475
167,Guyana,ornamentals,2021,0,2.5775,0,9,0.2863888888888889
167,Guyana,ornamentals,2022,0,0.8275,0,9,0.09194444444444444
168,Suriname,ornamentals,2004,47.81906732546486,33.76045393309524,33.76045393309524,24.556473088316892,1
168,Suriname,ornamentals,2005,44.963324333305536,33.147089721623125,32.53372551015101,24.556473088316892,1
168,Suriname,ornamentals,2006,42.68496174310076,32.59242759504113,31.48310334187713,24.556473088316892,1
168,Suriname,ornamentals,2007,39.74039099679521,31.952000458619544,30.030719049354794,24.556473088316892,1
168,Suriname,ornamentals,2008,36.88464800463589,30.64196448641162,28.520310044263553,24.556473088316892,1
168,Suriname,ornamentals,2009,34.29538827491797,29.27457451497685,27.064165624411935,24.556473088316892,1
168,Suriname,ornamentals,2010,32.01702568471319,27.832468557047843,25.71467951016109,24.556473088316892,1
168,Suriname,ornamentals,2011,28.983627184260513,26.279518642932565,23.81891939289368,24.556473088316892,1
168,Suriname,ornamentals,2012,25.683745421367348,24.556473088316892,21.628127825800867,24.556473088316892,1
168,Suriname,ornamentals,2013,22.828002429208027,22.696462539682802,19.624123429875567,24.556473088316892,0.924255794309525
168,Suriname,ornamentals,2014,0,16.26779266214253,0,24.556473088316892,0.6624645405566068
168,Suriname,ornamentals,2015,0,10.313062813919109,0,24.556473088316892,0.4199732908234978
168,Suriname,ornamentals,2016,0,4.906030857468892,0,24.556473088316892,0.1997856467345471
168,Suriname,ornamentals,2017,0,0,0,24.556473088316892,0
168,Suriname,ornamentals,2018,0,0,0,24.556473088316892,0
168,Suriname,ornamentals,2019,6.913593679460973,1.6549321485935933,6.619728594374373,24.556473088316892,0.06739290869017146
168,Suriname,ornamentals,2020,5.49,2.9811061293606245,5.304695923068125,24.556473088316892,0.12139797594870944
168,Suriname,ornamentals,2021,4.74,4.13157291713775,4.601867151108503,24.556473088316892,0.16824781401948993
168,Suriname,ornamentals,2022,5.13,5.373623243263008,4.968201304501031,24.556473088316892,0.2188271590931187
171,Brazil,ornamentals,2004,95,47.00685114076913,47.00685114076913,32.94085987023838,1
171,Brazil,ornamentals,2005,174,66.17624690766579,85.34564267456246,32.94085987023838,1
171,Brazil,ornamentals,2006,152,69.03001091190018,74.73753892036896,32.94085987023838,1
171,Brazil,ornamentals,2007,158,71.18148413622876,77.63590380921448,32.94085987023838,1
171,Brazil,ornamentals,2008,131,75.57034122435334,64.56227949326748,32.94085987023838,1
171,Brazil,ornamentals,2009,97,66.23039765774865,47.98586840814369,32.94085987023838,1
171,Brazil,ornamentals,2010,86,58.19497888436357,42.59586382682864,32.94085987023838,1
171,Brazil,ornamentals,2011,76,48.207099114583016,37.68438473009224,32.94085987023838,1
171,Brazil,ornamentals,2012,7,32.94085987023838,3.49732251588894,32.94085987023838,1
171,Brazil,ornamentals,2013,5,21.569051252371963,2.498633936678031,32.94085987023838,0.6547810633158155
171,Brazil,ornamentals,2014,4,11.419866725533288,1.9991257194739398,32.94085987023838,0.34667785754587976
171,Brazil,ornamentals,2015,4,2.4985519728787127,1.9991257194739398,32.94085987023838,0.075849628173675
171,Brazil,ornamentals,2016,4,2.1240027737749627,1.9991257194739398,32.94085987023838,0.06447927534806007
171,Brazil,ornamentals,2017,4,1.9991257194739398,1.9991257194739398,32.94085987023838,0.06068832833596196
171,Brazil,ornamentals,2018,3,1.8742213439064777,1.4995082172040912,32.94085987023838,0.05689655192030404
171,Brazil,ornamentals,2019,2.63,1.7030954248040753,1.3146220430643307,32.94085987023838,0.05170160801852046
171,Brazil,ornamentals,2020,1.49,1.3895336669637794,0.7448786881127558,32.94085987023838,0.04218267745400309
171,Brazil,ornamentals,2021,1.56,1.084718992578291,0.7798670219319862,32.94085987023838,0.03292928590362391
171,Brazil,ornamentals,2022,2.35,1.0035164974303123,1.174698236612177,32.94085987023838,0.030464186465787312
172,Argentina,ornamentals,2004,1,1,1,0.75,1
172,Argentina,ornamentals,2005,2,1.5,2,0.75,1
172,Argentina,ornamentals,2006,2,1.6666666666666667,2,0.75,1
172,Argentina,ornamentals,2007,1,1.5,1,0.75,1
172,Argentina,ornamentals,2008,1,1.5,1,0.75,1
172,Argentina,ornamentals,2009,1,1.25,1,0.75,1
172,Argentina,ornamentals,2010,1,1,1,0.75,1
172,Argentina,ornamentals,2011,1,1,1,0.75,1
172,Argentina,ornamentals,2012,0,0.75,0,0.75,1
172,Argentina,ornamentals,2013,0,0.5,0,0.75,0.6666666666666666
172,Argentina,ornamentals,2014,0,0.25,0,0.75,0.3333333333333333
172,Argentina,ornamentals,2015,0,0,0,0.75,0
172,Argentina,ornamentals,2016,0,0,0,0.75,0
172,Argentina,ornamentals,2017,0,0,0,0.75,0
172,Argentina,ornamentals,2018,0,0,0,0.75,0
172,Argentina,ornamentals,2019,0,0,0,0.75,0
172,Argentina,ornamentals,2020,0,0,0,0.75,0
172,Argentina,ornamentals,2021,0,0,0,0.75,0
172,Argentina,ornamentals,2022,0,0,0,0.75,0
175,Denmark,ornamentals,2004,0,0,0,7.079790983730536,0
175,Denmark,ornamentals,2005,0,0,0,7.079790983730536,0
175,Denmark,ornamentals,2006,1,0.32901001821531367,0.987030054645941,7.079790983730536,0.04647171349710515
175,Denmark,ornamentals,2007,8.656553124433003,2.167917123858138,7.68463844078661,7.079790983730536,0.30621202360917765
175,Denmark,ornamentals,2008,7.394957131144793,3.8393397735030086,6.685690598579483,7.079790983730536,0.5422956387167175
175,Denmark,ornamentals,2009,0,3.8393397735030086,0,7.079790983730536,0.5422956387167175
175,Denmark,ornamentals,2010,0,3.5925822598415236,0,7.079790983730536,0.5074418535938886
175,Denmark,ornamentals,2011,0,1.6714226496448708,0,7.079790983730536,0.23608361510753983
175,Denmark,ornamentals,2012,0.23375680328132076,0.05826202409363651,0.23304809637454604,7.079790983730536,0.008229342395492112
175,Denmark,ornamentals,2013,0,0.05826202409363651,0,7.079790983730536,0.008229342395492112
175,Denmark,ornamentals,2014,1,0.30501953775512175,0.987030054645941,7.079790983730536,0.04308312751832097
175,Denmark,ornamentals,2015,6,1.6882900295685905,5.533081967253875,7.079790983730536,0.23846608373726086
175,Denmark,ornamentals,2016,19,5.209490437271127,14.31784972718469,7.079790983730536,0.735825457169938
175,Denmark,ornamentals,2017,5,6.378428278808258,4.675751366148525,7.079790983730536,0.9009345464387267
175,Denmark,ornamentals,2018,4,7.079790983730536,3.7924808743350553,7.079790983730536,1
175,Denmark,ornamentals,2019,0,5.6965204919170676,0,7.079790983730536,0.8046170437810601
175,Denmark,ornamentals,2020,0.03,2.1245551418831905,0.02998832704918135,7.079790983730536,0.3000872690684583
175,Denmark,ornamentals,2021,0.04,0.9656121123679176,0.03997924808743351,7.079790983730536,0.1363899180903657
175,Denmark,ornamentals,2022,0.12,0.0474452019808791,0.11981323278690155,7.079790983730536,0.006701497556906535
176,Germany,ornamentals,2004,3,3,3,2.75,1
176,Germany,ornamentals,2005,3,3,3,2.75,1
176,Germany,ornamentals,2006,3,3,3,2.75,1
176,Germany,ornamentals,2007,5,3.5,5,2.75,1
176,Germany,ornamentals,2008,5,4,5,2.75,1
176,Germany,ornamentals,2009,2,3.75,2,2.75,1
176,Germany,ornamentals,2010,3,3.75,3,2.75,1
176,Germany,ornamentals,2011,3,3.25,3,2.75,1
176,Germany,ornamentals,2012,2,2.5,2,2.75,0.9090909090909091
176,Germany,ornamentals,2013,2,2.5,2,2.75,0.9090909090909091
176,Germany,ornamentals,2014,3,2.5,3,2.75,0.9090909090909091
176,Germany,ornamentals,2015,4,2.75,4,2.75,1
176,Germany,ornamentals,2016,2,2.75,2,2.75,1
176,Germany,ornamentals,2017,2,2.75,2,2.75,1
176,Germany,ornamentals,2018,2,2.5,2,2.75,0.9090909090909091
176,Germany,ornamentals,2019,1.2,1.8,1.2,2.75,0.6545454545454545
176,Germany,ornamentals,2020,0.45,1.4125,0.45,2.75,0.5136363636363637
176,Germany,ornamentals,2021,0.39,1.01,0.39,2.75,0.36727272727272725
176,Germany,ornamentals,2022,0.2,0.56,0.2,2.75,0.20363636363636364
177,Netherlands,ornamentals,2004,73,73,73,1506.48,0.04845733099676066
177,Netherlands,ornamentals,2005,107,90,107,1506.48,0.05974191492751314
177,Netherlands,ornamentals,2006,148,109.33333333333333,148,1506.48,0.0725753633193493
177,Netherlands,ornamentals,2007,259,146.75,259,1506.48,0.09741251128458393
177,Netherlands,ornamentals,2008,327,210.25,327,1506.48,0.1395637512612182
177,Netherlands,ornamentals,2009,321,263.75,321,1506.48,0.175077000690351
177,Netherlands,ornamentals,2010,357,316,357,1506.48,0.20976050130104615
177,Netherlands,ornamentals,2011,362,341.75,362,1506.48,0.2268533269608624
177,Netherlands,ornamentals,2012,336,344,336,1506.48,0.22834687483405022
177,Netherlands,ornamentals,2013,397,363,397,1506.48,0.240959056874303
177,Netherlands,ornamentals,2014,270,341.25,270,1506.48,0.22652142743348733
177,Netherlands,ornamentals,2015,419,355.5,419,1506.48,0.23598056396367692
177,Netherlands,ornamentals,2016,222,327,222,1506.48,0.21706229090329776
177,Netherlands,ornamentals,2017,936,461.75,936,1506.48,0.30650921353087995
177,Netherlands,ornamentals,2018,434,502.75,434,1506.48,0.3337249747756359
177,Netherlands,ornamentals,2019,817.71,602.4275,817.71,1506.48,0.3998908050554936
177,Netherlands,ornamentals,2020,1277.23,866.235,1277.23,1506.48,0.5750059741914928
177,Netherlands,ornamentals,2021,2190.94,1179.97,2190.94,1506.48,0.7832629706335298
177,Netherlands,ornamentals,2022,1740.04,1506.48,1740.04,1506.48,1
178,Poland,ornamentals,2004,0,0,0,5.5,0
178,Poland,ornamentals,2005,0,0,0,5.5,0
178,Poland,ornamentals,2006,0,0,0,5.5,0
178,Poland,ornamentals,2007,0,0,0,5.5,0
178,Poland,ornamentals,2008,0,0,0,5.5,0
178,Poland,ornamentals,2009,0,0,0,5.5,0
178,Poland,ornamentals,2010,0,0,0,5.5,0
178,Poland,ornamentals,2011,0,0,0,5.5,0
178,Poland,ornamentals,2012,5,1.25,5,5.5,0.22727272727272727
178,Poland,ornamentals,2013,17,5.5,17,5.5,1
178,Poland,ornamentals,2014,0,5.5,0,5.5,1
178,Poland,ornamentals,2015,0,5.5,0,5.5,1
178,Poland,ornamentals,2016,0,4.25,0,5.5,0.7727272727272727
178,Poland,ornamentals,2017,0,0,0,5.5,0
178,Poland,ornamentals,2018,0,0,0,5.5,0
178,Poland,ornamentals,2019,0.38,0.095,0.38,5.5,0.017272727272727273
178,Poland,ornamentals,2020,0.87,0.3125,0.87,5.5,0.056818181818181816
178,Poland,ornamentals,2021,0.4,0.4125,0.4,5.5,0.075
178,Poland,ornamentals,2022,0.04,0.4225,0.04,5.5,0.07681818181818181
179,France,ornamentals,2004,361,349.22065662694786,349.22065662694786,78.22352921443049,1
179,France,ornamentals,2005,212,278.57914834801,207.93764006907207,78.22352921443049,1
179,France,ornamentals,2006,145,233.4193023107138,143.0996102361214,78.22352921443049,1
179,France,ornamentals,2007,128,206.6942509792733,126.51909698495187,78.22352921443049,1
179,France,ornamentals,2008,133,152.23937226209344,131.40114175822836,78.22352921443049,1
179,France,ornamentals,2009,82,120.60302145086203,81.39223682414651,78.22352921443049,1
179,France,ornamentals,2010,157,123.52113069575745,154.77204721570305,78.22352921443049,1
179,France,ornamentals,2011,35,100.6136753857769,34.889275745029664,78.22352921443049,1
179,France,ornamentals,2012,42,78.22352921443049,41.84055707284272,78.22352921443049,1
179,France,ornamentals,2013,67,74.524033032769,66.59425209750054,78.22352921443049,0.9527060947158209
179,France,ornamentals,2014,78,55.19354237838619,77.45008459817183,78.22352921443049,0.7055874739055397
179,France,ornamentals,2015,75,65.09411651678018,74.4915722986056,78.22352921443049,0.8321551989599029
179,France,ornamentals,2016,66,71.03554564557953,65.60627358804018,78.22352921443049,0.9081096999708761
179,France,ornamentals,2017,67,71.03554564557953,66.59425209750054,78.22352921443049,0.9081096999708761
179,France,ornamentals,2018,39,61.388654783422325,38.86252114954296,78.22352921443049,0.7847850307947688
179,France,ornamentals,2019,30.03,50.25288390616193,29.94848878956402,78.22352921443049,0.6424267021806963
179,France,ornamentals,2020,25.54,40.2215758149818,25.481041223319668,78.22352921443049,0.5141876903140522
179,France,ornamentals,2021,31.33,31.383332487513897,31.241278787628936,78.22352921443049,0.40120067200604365
179,France,ornamentals,2022,28.56,28.789270597748775,28.486273590482472,78.22352921443049,0.3680385030804491
180,United Kingdom,ornamentals,2004,32,31.69518954876625,31.69518954876625,150.75349354835595,0.21024514127494928
180,United Kingdom,ornamentals,2005,47,39.0188221734186,46.34245479807095,150.75349354835595,0.25882532639883965
180,United Kingdom,ornamentals,2006,65,47.26000118968057,63.74235922220451,150.75349354835595,0.3134919137016309
180,United Kingdom,ornamentals,2007,59,49.93595665868018,57.96382306567903,150.75349354835595,0.3312424507274363
180,United Kingdom,ornamentals,2008,84,62.48707564260549,81.89966548446746,150.75349354835595,0.4144983586901887
180,United Kingdom,ornamentals,2009,112,77.9679799361844,108.2660719723866,150.75349354835595,0.51718854469648
180,United Kingdom,ornamentals,2010,177,103.95099202841108,167.67440759111125,150.75349354835595,0.6895428396494677
180,United Kingdom,ornamentals,2011,160,127.5549709417804,152.3797387191563,150.75349354835595,0.8461161856979829
180,United Kingdom,ornamentals,2012,148,142.45003305605806,141.47991394157813,150.75349354835595,0.9449202781517335
180,United Kingdom,ornamentals,2013,148,150.75349354835595,141.47991394157813,150.75349354835595,1
180,United Kingdom,ornamentals,2014,128,139.61564984564316,123.12303278026005,150.75349354835595,0.9261188351887832
180,United Kingdom,ornamentals,2015,88,122.94443290649028,85.69487096254478,150.75349354835595,0.8155328942148489
180,United Kingdom,ornamentals,2016,107,113.47245860659984,103.59201674201644,150.75349354835595,0.7527020166216063
180,United Kingdom,ornamentals,2017,119,106.79866644934958,114.78474531257706,150.75349354835595,0.7084324478032256
180,United Kingdom,ornamentals,2018,111,102.85102115231899,107.3324515921377,150.75349354835595,0.6822463528470624
180,United Kingdom,ornamentals,2019,127.59,112.11335986512785,122.7442258137802,150.75349354835595,0.7436866451732753
180,United Kingdom,ornamentals,2020,115.31,114.05338290251836,111.35210889157848,150.75349354835595,0.7565554881548029
180,United Kingdom,ornamentals,2021,8,87.35243391107358,7.980949346797891,150.75349354835595,0.5794388697403836
180,United Kingdom,ornamentals,2022,52.4,73.41499085078827,51.58267935099651,150.75349354835595,0.4869869952780866
181,Ireland,ornamentals,2004,12,11.91768159435264,11.91768159435264,116.95866586219489,0.10189652478076744
181,Ireland,ornamentals,2005,0,5.95884079717632,0,116.95866586219489,0.05094826239038372
181,Ireland,ornamentals,2006,2,4.638464990657849,1.9977133776209066,116.95866586219489,0.039659010783545216
181,Ireland,ornamentals,2007,11,6.211556161251494,10.930829673032427,116.95866586219489,0.053108986114549075
181,Ireland,ornamentals,2008,89,24.35011477111346,84.47191603380051,116.95866586219489,0.20819419058527638
181,Ireland,ornamentals,2009,168,62.31651289439289,151.86559249311773,116.95866586219489,0.5328080004590388
181,Ireland,ornamentals,2010,124,90.61964044367902,115.2102235747654,116.95866586219489,0.7748005654446375
181,Ireland,ornamentals,2011,230,137.8267877845437,199.75941903649124,116.95866586219489,1
181,Ireland,ornamentals,2012,1,116.95866586219489,0.9994283444052267,116.95866586219489,1
181,Ireland,ornamentals,2013,0,78.99226773891546,0,116.95866586219489,0.6753861901262377
181,Ireland,ornamentals,2014,2,50.68914018962934,1.9977133776209066,116.95866586219489,0.433393625140639
181,Ireland,ornamentals,2015,1,0.99914251660784,0.9994283444052267,116.95866586219489,0.008542697620927613
181,Ireland,ornamentals,2016,1,0.99914251660784,0.9994283444052267,116.95866586219489,0.008542697620927613
181,Ireland,ornamentals,2017,3,1.7478562915196,2.99485509964704,116.95866586219489,0.014944222205637932
181,Ireland,ornamentals,2018,3,1.9971417220261334,2.99485509964704,116.95866586219489,0.017075619897881197
181,Ireland,ornamentals,2019,0,1.7472846359248269,0,116.95866586219489,0.014939334533650917
181,Ireland,ornamentals,2020,2.89,2.2187339186502437,2.885225475306894,116.95866586219489,0.01897023963375608
181,Ireland,ornamentals,2021,0,1.4700201437384837,0,116.95866586219489,0.012568715049045762
181,Ireland,ornamentals,2022,0,0.7213063688267235,0,116.95866586219489,0.006167190464335442
182,Spain,ornamentals,2004,2973,1486.5,1486.5,3966.25,0.37478726757012293
182,Spain,ornamentals,2005,3846,1704.75,1923,3966.25,0.4298140560983297
182,Spain,ornamentals,2006,4296,1852.5,2148,3966.25,0.46706586826347307
182,Spain,ornamentals,2007,4379,1936.75,2189.5,3966.25,0.4883075953356445
182,Spain,ornamentals,2008,3783,2038,1891.5,3966.25,0.5138354869208951
182,Spain,ornamentals,2009,6452,2363.75,3226,3966.25,0.5959659628112197
182,Spain,ornamentals,2010,8089,2837.875,4044.5,3966.25,0.7155058304443744
182,Spain,ornamentals,2011,9223,3443.375,4611.5,3966.25,0.8681689253072802
182,Spain,ornamentals,2012,6655,3802.375,3327.5,3966.25,0.9586826347305389
182,Spain,ornamentals,2013,7763,3966.25,3881.5,3966.25,1
182,Spain,ornamentals,2014,6241,3735.25,3120.5,3966.25,0.9417585880869839
182,Spain,ornamentals,2015,6997,3457,3498.5,3966.25,0.871604160100851
182,Spain,ornamentals,2016,6543,3443,3271.5,3966.25,0.8680743775606682
182,Spain,ornamentals,2017,6266,3255.875,3133,3966.25,0.8208950520012607
182,Spain,ornamentals,2018,5388,3149.25,2694,3966.25,0.7940119760479042
182,Spain,ornamentals,2019,5127.36,2915.545,2563.68,3966.25,0.73508855972266
182,Spain,ornamentals,2020,4957.06,2717.3025,2478.53,3966.25,0.6851062086353608
182,Spain,ornamentals,2021,4758.08,2528.8125,2379.04,3966.25,0.6375827292782855
182,Spain,ornamentals,2022,1273.78,2014.535,636.89,3966.25,0.5079193192562245
183,Portugal,ornamentals,2004,0,0,0,43.990579932253894,0
183,Portugal,ornamentals,2005,41,18.372214784945946,36.74442956989189,43.990579932253894,0.4176397495381832
183,Portugal,ornamentals,2006,39,23.96463681990756,35.14948088983079,43.990579932253894,0.5447674674171933
183,Portugal,ornamentals,2007,10,20.410188346190218,9.746842925038186,43.990579932253894,0.4639672488433249
183,Portugal,ornamentals,2008,71,34.969776308983946,58.23835185117491,43.990579932253894,0.7949378335734125
183,Portugal,ornamentals,2009,26,31.855833459825504,24.28865817325813,43.990579932253894,0.7241512503104968
183,Portugal,ornamentals,2010,4,24.058336954369334,3.9594948680061095,43.990579932253894,0.5468974719455736
183,Portugal,ornamentals,2011,5,22.855803905924674,4.936710731259547,43.990579932253894,0.5195613229269296
183,Portugal,ornamentals,2012,11,10.969635927954998,10.693679939296203,43.990579932253894,0.24936329425182369
183,Portugal,ornamentals,2013,14,8.273424417909176,13.503812133074842,43.990579932253894,0.18807263806593058
183,Portugal,ornamentals,2014,7,9.002538959224825,6.87595303326871,43.990579932253894,0.204646971535471
183,Portugal,ornamentals,2015,25,13.622803346782103,23.41776828148866,43.990579932253894,0.3096754661511944
183,Portugal,ornamentals,2016,41,20.135490754431025,36.74442956989189,43.990579932253894,0.4577227848653044
183,Portugal,ornamentals,2017,37,25.1431076321055,33.53427964377275,43.990579932253894,0.571556630324634
183,Portugal,ornamentals,2018,40,32.411491073941065,35.94948680061096,43.990579932253894,0.7367825367125237
183,Portugal,ornamentals,2019,30.25,33.54041263880079,27.933454540927542,43.990579932253894,0.7624453392170208
183,Portugal,ornamentals,2020,40.27,33.39546032655571,36.16462032091157,43.990579932253894,0.759150263033249
183,Portugal,ornamentals,2021,67.01,38.92248700236316,55.64238634700257,43.990579932253894,0.8847914044848769
183,Portugal,ornamentals,2022,67.89,43.990579932253894,56.22185852017389,43.990579932253894,1
184,Italy,ornamentals,2004,120,108.59558443810525,108.59558443810525,64.28060660168838,1
184,Italy,ornamentals,2005,95,98.22401268967414,87.85244094124305,64.28060660168838,1
184,Italy,ornamentals,2006,109,98.67953018916074,99.59056518813392,64.28060660168838,1
184,Italy,ornamentals,2007,98,96.60811974158518,90.39388839885852,64.28060660168838,1
184,Italy,ornamentals,2008,210,113.2277179674832,175.07397734169732,64.28060660168838,1
184,Italy,ornamentals,2009,106,115.53995472430006,97.10138796851047,64.28060660168838,1
184,Italy,ornamentals,2010,90,111.53856748887512,83.5850162464342,64.28060660168838,1
184,Italy,ornamentals,2011,27,95.54575825470526,26.42265146217908,64.28060660168838,1
184,Italy,ornamentals,2012,48,63.321087296805146,46.175293510096836,64.28060660168838,0.9850729581500554
184,Italy,ornamentals,2013,35,47.553198480661536,34.02983270393604,64.28060660168838,0.7397751980674762
184,Italy,ornamentals,2014,42,36.807684192469964,40.60295909366789,64.28060660168838,0.5726094717890106
184,Italy,ornamentals,2015,33,38.236406595208116,32.13754107313171,64.28060660168838,0.5948358084443436
184,Italy,ornamentals,2016,94,48.443114191557136,87.00212389549291,64.28060660168838,0.7536194313120366
184,Italy,ornamentals,2017,104,63.79416020450623,95.43401675573239,64.28060660168838,0.9924324547807025
184,Italy,ornamentals,2018,40,63.32663110992551,38.73284271534503,64.28060660168838,0.9851592020953671
184,Italy,ornamentals,2019,37.04,64.28060660168838,35.953443040183195,64.28060660168838,1
184,Italy,ornamentals,2020,26.12,48.924993810167045,25.57967272940756,64.28060660168838,0.7611159321088609
184,Italy,ornamentals,2021,15,28.771941122945293,14.821806006845394,64.28060660168838,0.44759909160828576
184,Italy,ornamentals,2022,11.89,22.03323971186498,11.778037071023768,64.28060660168838,0.3427665181878707
188,NA,ornamentals,2004,NA,NA,NA,8.218959726101275,NA
188,NA,ornamentals,2005,NA,NA,NA,8.218959726101275,NA
188,NA,ornamentals,2006,NA,NA,NA,8.218959726101275,NA
188,NA,ornamentals,2007,NA,NA,NA,8.218959726101275,NA
188,Slovenia,ornamentals,2008,1,1,1,8.218959726101275,0.12166989902922391
188,Slovenia,ornamentals,2009,26.79414132907732,26.79414132907732,26.79414132907732,8.218959726101275,1
188,Slovenia,ornamentals,2010,0,0,0,8.218959726101275,0
188,Slovenia,ornamentals,2011,1,7.19853533226933,1,8.218959726101275,0.8758450670355102
188,Slovenia,ornamentals,2012,5.08169757532778,8.218959726101275,5.08169757532778,8.218959726101275,1
188,Slovenia,ornamentals,2013,0,1.520424393831945,0,8.218959726101275,0.18498988247910172
188,Slovenia,ornamentals,2014,0,1.520424393831945,0,8.218959726101275,0.18498988247910172
188,Slovenia,ornamentals,2015,0,1.270424393831945,0,8.218959726101275,0.15457240772179576
188,Slovenia,ornamentals,2016,0,0,0,8.218959726101275,0
188,Slovenia,ornamentals,2017,0,0,0,8.218959726101275,0
188,Slovenia,ornamentals,2018,0,0,0,8.218959726101275,0
188,Slovenia,ornamentals,2019,0,0,0,8.218959726101275,0
188,Slovenia,ornamentals,2020,0,0,0,8.218959726101275,0
188,Slovenia,ornamentals,2021,0,0,0,8.218959726101275,0
188,Slovenia,ornamentals,2022,0,0,0,8.218959726101275,0
189,NA,ornamentals,2004,NA,NA,NA,30.9175,NA
189,NA,ornamentals,2005,NA,NA,NA,30.9175,NA
189,NA,ornamentals,2006,NA,NA,NA,30.9175,NA
189,NA,ornamentals,2007,NA,NA,NA,30.9175,NA
189,NA,ornamentals,2008,NA,NA,NA,30.9175,NA
189,NA,ornamentals,2009,NA,NA,NA,30.9175,NA
189,NA,ornamentals,2010,NA,NA,NA,30.9175,NA
189,NA,ornamentals,2011,NA,NA,NA,30.9175,NA
189,NA,ornamentals,2012,NA,NA,NA,30.9175,NA
189,NA,ornamentals,2013,NA,NA,NA,30.9175,NA
189,NA,ornamentals,2014,NA,NA,NA,30.9175,NA
189,Lithuania,ornamentals,2015,2.3389476217164997,2.3389476217164997,2.3389476217164997,30.9175,0.0756512532292876
189,Lithuania,ornamentals,2016,0,0,0,30.9175,0
189,Lithuania,ornamentals,2017,14,14,14,30.9175,0.452817983342767
189,Lithuania,ornamentals,2018,19,8.834736905429125,19,30.9175,0.28575198206288105
189,Lithuania,ornamentals,2019,38.71,17.927500000000002,38.71,30.9175,0.579849599741247
189,Lithuania,ornamentals,2020,23.97,23.92,23.97,30.9175,0.7736718686827849
189,Lithuania,ornamentals,2021,25.71,26.8475,25.71,30.9175,0.8683593434139242
189,Lithuania,ornamentals,2022,35.28,30.9175,35.28,30.9175,1
191,Iran,ornamentals,2004,0,0,0,89.04236653146566,0
191,Iran,ornamentals,2005,0,0,0,89.04236653146566,0
191,Iran,ornamentals,2006,14,4.532484519152956,13.597453557458868,89.04236653146566,0.050902561283018836
191,Iran,ornamentals,2007,0,3.399363389364717,0,89.04236653146566,0.038176920962264126
191,Iran,ornamentals,2008,20,8.193982551333526,19.178476647875236,89.04236653146566,0.09202341391541911
191,Iran,ornamentals,2009,27,14.569675974021681,25.502773690752623,89.04236653146566,0.16362633363830317
191,Iran,ornamentals,2010,53,22.978025649582932,47.230852259703866,89.04236653146566,0.25805722090127725
191,Iran,ornamentals,2011,20,27.77264481155174,19.178476647875236,89.04236653146566,0.3119037138544322
191,Iran,ornamentals,2012,0,22.978025649582932,0,89.04236653146566,0.25805722090127725
191,Iran,ornamentals,2013,2,17.100278418514463,1.9917847664787525,89.04236653146566,0.19204654014301822
191,Iran,ornamentals,2014,5,6.529729051211548,4.948654790492203,89.04236653146566,0.07333283363379703
191,Iran,ornamentals,2015,28,8.332563446701606,26.38981422983547,89.04236653146566,0.09357976176157735
191,Iran,ornamentals,2016,370,54.582563446701606,185,89.04236653146566,0.6129954264795209
191,Iran,ornamentals,2017,14,57.48398064444663,13.597453557458868,89.04236653146566,0.6455801084771599
191,Iran,ornamentals,2018,24,61.95106854005867,22.817006372940345,89.04236653146566,0.6957482258534368
191,Iran,ornamentals,2019,28.25,62.006348119971634,26.610932549487334,89.04236653146566,0.6963690491992923
191,Iran,ornamentals,2020,581.21,88.40759811997164,290.605,89.04236653146566,0.9928711641859865
191,Iran,ornamentals,2021,16.71,89.04236653146566,16.13652720343495,89.04236653146566,1
191,Iran,ornamentals,2022,10.1,85.81073769001168,9.890491007124384,89.04236653146566,0.9637068401555569
193,Guinea Bissau,ornamentals,2004,0.6825374484294855,0.6825374484294855,0.6825374484294855,0.49318265275452333,1
193,Guinea Bissau,ornamentals,2005,0,0.34126872421474275,0,0.49318265275452333,0.6919722790505485
193,Guinea Bissau,ornamentals,2006,0,0.2275124828098285,0,0.49318265275452333,0.4613148527003656
193,Guinea Bissau,ornamentals,2007,0,0.17063436210737137,0,0.49318265275452333,0.34598613952527424
193,Guinea Bissau,ornamentals,2008,0.7711334635881713,0.1927833658970428,0.7711334635881713,0.49318265275452333,0.3908964859577062
193,Guinea Bissau,ornamentals,2009,0.9357237739976084,0.42671430939644495,0.9357237739976084,0.49318265275452333,0.8652257069731885
193,Guinea Bissau,ornamentals,2010,1.0370068370204848,0.6859660186515661,1.0370068370204848,0.49318265275452333,1
193,Guinea Bissau,ornamentals,2011,0,0.6859660186515661,0,0.49318265275452333,1
193,Guinea Bissau,ornamentals,2012,0,0.49318265275452333,0,0.49318265275452333,1
193,Guinea Bissau,ornamentals,2013,0,0.2592517092551212,0,0.49318265275452333,0.5256707789845178
193,Guinea Bissau,ornamentals,2014,0,0,0,0.49318265275452333,0
193,Guinea Bissau,ornamentals,2015,0,0,0,0.49318265275452333,0
193,Guinea Bissau,ornamentals,2016,0,0,0,0.49318265275452333,0
193,Guinea Bissau,ornamentals,2017,0,0,0,0.49318265275452333,0
193,Guinea Bissau,ornamentals,2018,0,0,0,0.49318265275452333,0
193,Guinea Bissau,ornamentals,2019,0,0,0,0.49318265275452333,0
193,Guinea Bissau,ornamentals,2020,0,0,0,0.49318265275452333,0
193,Guinea Bissau,ornamentals,2021,0,0,0,0.49318265275452333,0
193,Guinea Bissau,ornamentals,2022,0,0,0,0.49318265275452333,0
194,Guinea,ornamentals,2004,0,0,0,3.5319169626830487,0
194,Guinea,ornamentals,2005,0,0,0,3.5319169626830487,0
194,Guinea,ornamentals,2006,0,0,0,3.5319169626830487,0
194,Guinea,ornamentals,2007,0.92307939011153906,0.23076984752788476,0.92307939011153906,3.5319169626830487,0.0653384125295456
194,Guinea,ornamentals,2008,0,0.23076984752788476,0,3.5319169626830487,0.0653384125295456
194,Guinea,ornamentals,2009,3.1514774325273436,1.0186392056597207,3.1514774325273436,3.5319169626830487,0.2884097266221976
194,Guinea,ornamentals,2010,3.316067742936781,1.8476561413939159,3.316067742936781,3.5319169626830487,0.5231312516448091
194,Guinea,ornamentals,2011,7.66012267526807,3.5319169626830487,7.66012267526807,3.5319169626830487,1
194,Guinea,ornamentals,2012,0,3.5319169626830487,0,3.5319169626830487,1
194,Guinea,ornamentals,2013,0.05945680233142656,2.7589118051340695,0.05945680233142656,3.5319169626830487,0.7811372221611462
194,Guinea,ornamentals,2014,0,1.929894869399874,0,3.5319169626830487,0.5464156971385347
194,Guinea,ornamentals,2015,0,0.01486420058285664,0,3.5319169626830487,0.004208536253798258
194,Guinea,ornamentals,2016,0.25,0.07736420058285665,0.25,3.5319169626830487,0.02190430901979256
194,Guinea,ornamentals,2017,0,0.0625,0,3.5319169626830487,0.0176957727659943
194,Guinea,ornamentals,2018,0,0.0625,0,3.5319169626830487,0.0176957727659943
194,Guinea,ornamentals,2019,0.05,0.075,0.05,3.5319169626830487,0.02123492731919316
194,Guinea,ornamentals,2020,0.01,0.015000000000000001,0.01,3.5319169626830487,0.004246985463838632
194,Guinea,ornamentals,2021,0.15,0.0525,0.15,3.5319169626830487,0.014864449123435212
194,Guinea,ornamentals,2022,0.15,0.09,0.15,3.5319169626830487,0.02548191278303179
195,Ivory Coast,ornamentals,2004,0,0,0,0.17062369611283756,0
195,Ivory Coast,ornamentals,2005,0,0,0,0.17062369611283756,0
195,Ivory Coast,ornamentals,2006,0.5685673375424187,0.1895224458474729,0.5685673375424187,0.17062369611283756,1
195,Ivory Coast,ornamentals,2007,0.6698504005652808,0.3096044345269249,0.6698504005652808,0.17062369611283756,1
195,Ivory Coast,ornamentals,2008,0,0.3096044345269249,0,0.17062369611283756,1
195,Ivory Coast,ornamentals,2009,0.6824947844513503,0.48022813063976244,0.6824947844513503,0.17062369611283756,1
195,Ivory Coast,ornamentals,2010,0,0.33808629625415776,0,0.17062369611283756,1
195,Ivory Coast,ornamentals,2011,0,0.17062369611283756,0,0.17062369611283756,1
195,Ivory Coast,ornamentals,2012,0,0.17062369611283756,0,0.17062369611283756,1
195,Ivory Coast,ornamentals,2013,0,0,0,0.17062369611283756,0
195,Ivory Coast,ornamentals,2014,0,0,0,0.17062369611283756,0
195,Ivory Coast,ornamentals,2015,0,0,0,0.17062369611283756,0
195,Ivory Coast,ornamentals,2016,0,0,0,0.17062369611283756,0
195,Ivory Coast,ornamentals,2017,0,0,0,0.17062369611283756,0
195,Ivory Coast,ornamentals,2018,0,0,0,0.17062369611283756,0
195,Ivory Coast,ornamentals,2019,0,0,0,0.17062369611283756,0
195,Ivory Coast,ornamentals,2020,0,0,0,0.17062369611283756,0
195,Ivory Coast,ornamentals,2021,0,0,0,0.17062369611283756,0
195,Ivory Coast,ornamentals,2022,0,0,0,0.17062369611283756,0
196,Nigeria,ornamentals,2004,118.56063208221124,116.74198189557991,116.74198189557991,12.665870458822345,1
196,Nigeria,ornamentals,2005,77.25897535442141,96.61434639613897,76.48671089669803,12.665870458822345,1
196,Nigeria,ornamentals,2006,0,64.40956426409265,0,12.665870458822345,1
196,Nigeria,ornamentals,2007,53.02494398925353,61.472466335979185,52.66117255163879,12.665870458822345,1
196,Nigeria,ornamentals,2008,0,32.2869708620842,0,12.665870458822345,1
196,Nigeria,ornamentals,2009,0,13.165293137909698,0,12.665870458822345,1
196,Nigeria,ornamentals,2010,51,25.831163596732043,50.66348183528938,12.665870458822345,1
196,Nigeria,ornamentals,2011,0,12.665870458822345,0,12.665870458822345,1
196,Nigeria,ornamentals,2012,0,12.665870458822345,0,12.665870458822345,1
196,Nigeria,ornamentals,2013,0,12.665870458822345,0,12.665870458822345,1
196,Nigeria,ornamentals,2014,0,0,0,12.665870458822345,0
196,Nigeria,ornamentals,2015,0,0,0,12.665870458822345,0
196,Nigeria,ornamentals,2016,0,0,0,12.665870458822345,0
196,Nigeria,ornamentals,2017,0,0,0,12.665870458822345,0
196,Nigeria,ornamentals,2018,0,0,0,12.665870458822345,0
196,Nigeria,ornamentals,2019,0,0,0,12.665870458822345,0
196,Nigeria,ornamentals,2020,21.2,5.2854628293014665,21.141851317205866,12.665870458822345,0.41729961209416166
196,Nigeria,ornamentals,2021,0,5.2854628293014665,0,12.665870458822345,0.41729961209416166
196,Nigeria,ornamentals,2022,0,5.2854628293014665,0,12.665870458822345,0.41729961209416166
197,NA,ornamentals,2004,NA,NA,NA,2.657720019963752,NA
197,NA,ornamentals,2005,NA,NA,NA,2.657720019963752,NA
197,NA,ornamentals,2006,NA,NA,NA,2.657720019963752,NA
197,NA,ornamentals,2007,NA,NA,NA,2.657720019963752,NA
197,NA,ornamentals,2008,NA,NA,NA,2.657720019963752,NA
197,NA,ornamentals,2009,NA,NA,NA,2.657720019963752,NA
197,NA,ornamentals,2010,NA,NA,NA,2.657720019963752,NA
197,NA,ornamentals,2011,NA,NA,NA,2.657720019963752,NA
197,NA,ornamentals,2012,NA,NA,NA,2.657720019963752,NA
197,NA,ornamentals,2013,NA,NA,NA,2.657720019963752,NA
197,NA,ornamentals,2014,NA,NA,NA,2.657720019963752,NA
197,NA,ornamentals,2015,NA,NA,NA,2.657720019963752,NA
197,NA,ornamentals,2016,NA,NA,NA,2.657720019963752,NA
197,NA,ornamentals,2017,NA,NA,NA,2.657720019963752,NA
197,NA,ornamentals,2018,NA,NA,NA,2.657720019963752,NA
197,Cameroon,ornamentals,2019,0.7,0.6971581357725978,0.6971581357725978,2.657720019963752,0.26231436364094746
197,Cameroon,ornamentals,2020,0.9,0.8953022244404168,0.8953022244404168,2.657720019963752,0.3368685255464297
197,Cameroon,ornamentals,2021,2.7,2.657720019963752,2.657720019963752,2.657720019963752,1
197,Cameroon,ornamentals,2022,1.4154049195501557,1.4134915756336028,1.403785922357645,2.657720019963752,0.5318436724019113
199,Democratic Republic of the Congo,ornamentals,2004,32.999053111263265,32.999053111263265,32.999053111263265,29.033177256192204,1
199,Democratic Republic of the Congo,ornamentals,2005,38.108523033800566,35.553788072531916,38.108523033800566,29.033177256192204,1
199,Democratic Republic of the Congo,ornamentals,2006,39.141909615916575,36.749828586993466,39.141909615916575,29.033177256192204,1
199,Democratic Republic of the Congo,ornamentals,2007,41.657508321822434,37.97674852070071,41.657508321822434,29.033177256192204,1
199,Democratic Republic of the Congo,ornamentals,2008,36.391493377833285,38.824858587343215,36.391493377833285,29.033177256192204,1
199,Democratic Republic of the Congo,ornamentals,2009,41.13041026942324,39.58033039624888,41.13041026942324,29.033177256192204,1
199,Democratic Republic of the Congo,ornamentals,2010,39.940478665854926,39.77997265873347,39.940478665854926,29.033177256192204,1
199,Democratic Republic of the Congo,ornamentals,2011,30.7836568969185,37.06150980250749,30.7836568969185,29.033177256192204,1
199,Democratic Republic of the Congo,ornamentals,2012,4.278163192572157,29.033177256192204,4.278163192572157,29.033177256192204,1
199,Democratic Republic of the Congo,ornamentals,2013,1.9206611121590549,19.23073996687616,1.9206611121590549,29.033177256192204,0.6623711830497168
199,Democratic Republic of the Congo,ornamentals,2014,0,9.245620300412428,0,29.033177256192204,0.31845017232623135
199,Democratic Republic of the Congo,ornamentals,2015,0,1.5497060761828028,0,29.033177256192204,0.053377074872240554
199,Democratic Republic of the Congo,ornamentals,2016,0,0.4801652780397637,0,29.033177256192204,0.016538502617289466
199,Democratic Republic of the Congo,ornamentals,2017,1.72,0.43,1.72,29.033177256192204,0.014810642190678234
199,Democratic Republic of the Congo,ornamentals,2018,1.41,0.7825,1.41,29.033177256192204,0.026951924451641206
199,Democratic Republic of the Congo,ornamentals,2019,0,0.7825,0,29.033177256192204,0.026951924451641206
199,Democratic Republic of the Congo,ornamentals,2020,0,0.7825,0,29.033177256192204,0.026951924451641206
199,Democratic Republic of the Congo,ornamentals,2021,0.3,0.4275,0.3,29.033177256192204,0.01472453380584871
199,Democratic Republic of the Congo,ornamentals,2022,0.77,0.2675,0.77,29.033177256192204,0.009213597176759136
202,Tanzania,ornamentals,2004,37,17.51130670968367,17.51130670968367,29.76088163593738,0.5884001328958652
202,Tanzania,ornamentals,2005,26,15.011549386889374,12.511792064095077,29.76088163593738,0.5044053993602919
202,Tanzania,ornamentals,2006,37,15.844801827820806,17.51130670968367,29.76088163593738,0.5324036438721498
202,Tanzania,ornamentals,2007,4,12.380712566511137,1.9884447825821319,29.76088163593738,0.41600624329492186
202,Tanzania,ornamentals,2008,46,13.370841513211959,21.471822496486958,29.76088163593738,0.4492757196099381
202,Tanzania,ornamentals,2009,95,20.488427290996647,40.982135175233836,29.76088163593738,0.6884348233237856
202,Tanzania,ornamentals,2010,4,16.607711809221264,1.9884447825821319,29.76088163593738,0.558038300490629
202,Tanzania,ornamentals,2011,1,16.23542006330358,0.49927779891138324,29.76088163593738,0.5455288677906202
202,Tanzania,ornamentals,2012,4.007008336855733,11.365441545209276,1.99190842410975,29.76088163593738,0.38189196423149907
202,Tanzania,ornamentals,2013,122.68611794160422,13.738050825319021,50.47257229567282,29.76088163593738,0.46161437666315
202,Tanzania,ornamentals,2014,5,13.861425872869633,2.4819449727845813,29.76088163593738,0.4657599207723551
202,Tanzania,ornamentals,2015,75,22.096011142274484,33.437618876530784,29.76088163593738,0.7424514976596904
202,Tanzania,ornamentals,2016,73,29.76088163593738,32.65139039876134,29.76088163593738,1
202,Tanzania,ornamentals,2017,2,17.392016360930562,0.997111195645533,29.76088163593738,0.5843918393845244
202,Tanzania,ornamentals,2018,14,18.486142264392193,6.858448586631117,29.76088163593738,0.6211557335744208
202,Tanzania,ornamentals,2019,200,27.904726659092002,71.11195645533002,29.76088163593738,0.9376310487185299
202,Tanzania,ornamentals,2020,600,29.743781083894188,40.007608097970085,29.76088163593738,0.9994254016983642
202,Tanzania,ornamentals,2021,0,29.494503284982805,0,29.76088163593738,0.9910493797121617
202,Tanzania,ornamentals,2022,0,27.779891138325027,0,29.76088163593738,0.9334364310222506
203,India,ornamentals,2004,53,51.77481253716604,51.77481253716604,79.51247890854717,0.6511532937706024
203,India,ornamentals,2005,31,41.17782898987468,30.58084544258333,79.51247890854717,0.5178788229862153
203,India,ornamentals,2006,71,50.385650084842766,68.80129227477893,79.51247890854717,0.6336822946093129
203,India,ornamentals,2007,81,57.32381793532542,78.13832148677338,79.51247890854717,0.7209411493918776
203,India,ornamentals,2008,77,62.983609241480465,74.41397776178621,79.51247890854717,0.7921223197420658
203,India,ornamentals,2009,77,73.94189232128119,74.41397776178621,79.51247890854717,0.9299407254844476
203,India,ornamentals,2010,43,67.2899519849841,42.19353092959061,79.51247890854717,0.8462816517439854
203,India,ornamentals,2011,80,67.05750762591649,77.20854405050291,79.51247890854717,0.843358282201766
203,India,ornamentals,2012,81,67.98859355716328,78.13832148677338,79.51247890854717,0.8550682168438202
203,India,ornamentals,2013,40,59.21063311987316,39.30213601262573,79.51247890854717,0.7446709489208031
203,India,ornamentals,2014,55,62.08240061219313,53.680600898870516,79.51247890854717,0.7807881412375336
203,India,ornamentals,2015,31,50.42547596021324,30.58084544258333,79.51247890854717,0.6341831703953174
203,India,ornamentals,2016,32,38.77923735054001,31.553367048080464,79.51247890854717,0.4877125940840394
203,India,ornamentals,2017,165,67.23505536984223,153.12540808983462,79.51247890854717,0.8455912366557449
203,India,ornamentals,2018,81,73.34948551681795,78.13832148677338,79.51247890854717,0.9224902370504924
203,India,ornamentals,2019,48.45,77.56081045794987,47.42614520711104,79.51247890854717,0.9754545641465656
203,India,ornamentals,2020,40.06,79.51247890854717,39.36004085046964,79.51247890854717,1
203,India,ornamentals,2021,7,42.97578386493518,6.978627915386663,79.51247890854717,0.5404910581943322
203,India,ornamentals,2022,17.6,27.807426876252922,17.464893532044343,79.51247890854717,0.34972405914090765
204,Bangladesh,ornamentals,2004,1,0.9973329505031662,0.9973329505031662,2.6826570002049466,0.37177058059490015
204,Bangladesh,ornamentals,2005,11,5.8373099806931386,10.677287010883111,2.6826570002049466,1
204,Bangladesh,ornamentals,2006,10,7.135971670567632,9.73329505031662,2.6826570002049466,1
204,Bangladesh,ornamentals,2007,2,5.84931170342889,1.9893318020126647,2.6826570002049466,1
204,Bangladesh,ornamentals,2008,0,5.599978465803099,0,2.6826570002049466,1
204,Bangladesh,ornamentals,2009,0,2.930656713082321,0,2.6826570002049466,1
204,Bangladesh,ornamentals,2010,1,0.7466661881289577,0.9973329505031662,2.6826570002049466,0.2783308444098201
204,Bangladesh,ornamentals,2011,10,2.6826570002049466,9.73329505031662,2.6826570002049466,1
204,Bangladesh,ornamentals,2012,0,2.6826570002049466,0,2.6826570002049466,1
204,Bangladesh,ornamentals,2013,0,2.6826570002049466,0,2.6826570002049466,1
204,Bangladesh,ornamentals,2014,0,2.433323762579155,0,2.6826570002049466,0.9070573548512749
204,Bangladesh,ornamentals,2015,0,0,0,2.6826570002049466,0
204,Bangladesh,ornamentals,2016,0,0,0,2.6826570002049466,0
204,Bangladesh,ornamentals,2017,0,0,0,2.6826570002049466,0
204,Bangladesh,ornamentals,2018,0,0,0,2.6826570002049466,0
204,Bangladesh,ornamentals,2019,0,0,0,2.6826570002049466,0
204,Bangladesh,ornamentals,2020,0,0,0,2.6826570002049466,0
204,Bangladesh,ornamentals,2021,0,0,0,2.6826570002049466,0
204,Bangladesh,ornamentals,2022,0,0,0,2.6826570002049466,0
205,NA,ornamentals,2004,NA,NA,NA,153.909493381218,NA
205,Myanmar,ornamentals,2005,482.53278069862426,207.5362573506534,207.5362573506534,153.909493381218,1
205,Myanmar,ornamentals,2006,0,0,0,153.909493381218,0
205,Myanmar,ornamentals,2007,0,0,0,153.909493381218,0
205,Myanmar,ornamentals,2008,420.216057751466,98.01593671713411,184.52748951788303,153.909493381218,0.6368413966145591
205,Myanmar,ornamentals,2009,388.02065128299,89.18172247500343,172.1994003821307,153.909493381218,0.5794426355111797
205,Myanmar,ornamentals,2010,357.77730473934935,129.26802896545348,160.34522596180014,153.909493381218,0.8398963970680474
205,Myanmar,ornamentals,2011,326.015689365282,166.1706931535691,147.61065675246246,153.909493381218,1
205,Myanmar,ornamentals,2012,296.4230294632507,153.909493381218,135.48269042847875,153.909493381218,1
205,Myanmar,ornamentals,2013,273.3372359773566,142.3209583936458,125.84526043184188,153.909493381218,0.9247055218428367
205,Myanmar,ornamentals,2014,242.8769938865153,130.4579026721293,112.89300307573413,153.909493381218,0.8476273932563633
205,Myanmar,ornamentals,2015,214.1519161733013,118.66330941173804,100.4322837108974,153.909493381218,0.7709940875305282
205,Myanmar,ornamentals,2016,188.4633761209552,107.06421118826529,89.08629753458774,153.909493381218,0.6956309765966043
205,Myanmar,ornamentals,2017,167.1127470126885,95.48058800179442,79.51076768595838,153.909493381218,0.6203684120075609
205,Myanmar,ornamentals,2018,1.06,67.38979654019447,0.5298372293343627,153.909493381218,0.4378534102069771
205,Myanmar,ornamentals,2019,0.68,42.36670886603994,0.33993301427928924,153.909493381218,0.27527027693543216
205,Myanmar,ornamentals,2020,0.55,20.16387352695372,0.27495617824283086,153.909493381218,0.13101123968363587
205,Myanmar,ornamentals,2021,0.29,0.3224285596709158,0.1449878168271804,153.909493381218,0.0020949231433846217
205,Myanmar,ornamentals,2022,0.29,0.22621620654412022,0.1449878168271804,153.909493381218,0.0014698002155319031
206,Malaysia,ornamentals,2004,2364.2117346963237,573.1981731993808,573.1981731993808,548.1759631404364,1
206,Malaysia,ornamentals,2005,2646.930326617403,566.7093648273982,560.2205564554156,548.1759631404364,1
206,Malaysia,ornamentals,2006,2559.7362083657913,566.4996629784126,566.0802592804415,548.1759631404364,1
206,Malaysia,ornamentals,2007,3397.4061962115775,535.2003642336064,441.3024679991874,548.1759631404364,0.9763295004171757
206,Malaysia,ornamentals,2008,3385.1568491414914,502.95796192098544,444.22856394889715,548.1759631404364,0.9175118862191581
206,Malaysia,ornamentals,2009,2318.817947691194,506.3176560758979,573.6593330750655,548.1759631404364,0.923640746987998
206,Malaysia,ornamentals,2010,3148,488.4067291023088,494.43655138608517,548.1759631404364,0.8909670652180433
206,Malaysia,ornamentals,2011,2132,520.7889540540472,570.8313678061407,548.1759631404364,0.9500397483145883
206,Malaysia,ornamentals,2012,1867,548.1759631404364,553.7766002944542,548.1759631404364,1
206,Malaysia,ornamentals,2013,62.137188526445954,412.4231253735378,30.647982007471143,548.1759631404364,0.7523553623380597
206,Malaysia,ornamentals,2014,97.1704440574814,300.70314269110935,47.5566206563714,548.1759631404364,0.5485522221157163
206,Malaysia,ornamentals,2015,78.61968382592218,167.65442354492455,38.636491221401535,548.1759631404364,0.30584052351447855
206,Malaysia,ornamentals,2016,153.2382282149557,47.72553369725767,74.06104090378659,548.1759631404364,0.08706243415680548
206,Malaysia,ornamentals,2017,103.65695667820742,52.72802994039809,50.65796698003283,548.1759631404364,0.09618814666430343
206,Malaysia,ornamentals,2018,112.71479673071366,54.5822207834427,54.97338402854985,548.1759631404364,0.0995706204824223
206,Malaysia,ornamentals,2019,67.72044137637153,53.26325434222467,33.36062545652941,548.1759631404364,0.09716452001486106
206,Malaysia,ornamentals,2020,49.639416203166576,40.88581348658505,24.551277481228116,548.1759631404364,0.07458519934430356
206,Malaysia,ornamentals,2021,55.81118539217516,35.112887618554915,27.566263507912286,548.1759631404364,0.06405404464908906
206,Malaysia,ornamentals,2022,75.03521200561951,30.595605406322715,36.904255179621046,548.1759631404364,0.05581347498537522
207,Vietnam,ornamentals,2004,1564,195.19363047574254,195.19363047574254,163.19452969737864,1
207,Vietnam,ornamentals,2005,30,104.98886245666975,14.78409443759696,163.19452969737864,0.6433356721659536
207,Vietnam,ornamentals,2006,89,84.19250535637447,42.59979115578389,163.19452969737864,0.5159027420373566
207,Vietnam,ornamentals,2007,74,72.06596266735889,35.68633460031215,163.19452969737864,0.4415954554420121
207,Vietnam,ornamentals,2008,84,33.34438014611329,40.307300390760155,163.19452969737864,0.20432290351855398
207,Vietnam,ornamentals,2009,121,43.89528060917434,56.987696289841175,163.19452969737864,0.2689751959858703
207,Vietnam,ornamentals,2010,901.9682326747788,97.1999018378292,255.81827607040333,163.19452969737864,0.595607597987952
207,Vietnam,ornamentals,2011,845.697420466633,151.0970098379027,251.2747666006061,163.19452969737864,0.9258705553310574
207,Vietnam,ornamentals,2012,1909.5441211148136,161.0273285610828,80.0285752834806,163.19452969737864,0.9867201361447924
207,Vietnam,ornamentals,2013,1943.4160657207103,163.19452969737864,65.65650083502457,163.19452969737864,1
207,Vietnam,ornamentals,2014,1989.0796190179535,110.59243711830159,45.40990575409504,163.19452969737864,0.6776724521549818
207,Vietnam,ornamentals,2015,2026.4847893328115,54.79363618146256,28.079562853250028,163.19452969737864,0.33575657396770386
207,Vietnam,ornamentals,2016,2056.227542447479,38.2415463794931,13.820216075602772,163.19452969737864,0.2343310553999983
207,Vietnam,ornamentals,2017,2091.248849633397,21.82742117073696,0,163.19452969737864,0.13375093645119632
207,Vietnam,ornamentals,2018,2163.7308631312626,10.4749447322132,0,163.19452969737864,0.06418686184909209
207,Vietnam,ornamentals,2019,2214.388183993826,3.455054018900693,0,163.19452969737864,0.021171383779270088
207,Vietnam,ornamentals,2020,2206.015945505598,0,0,163.19452969737864,0
207,Vietnam,ornamentals,2021,2247.7503815385426,0,0,163.19452969737864,0
207,Vietnam,ornamentals,2022,2274.831296055854,0,0,163.19452969737864,0
208,Singapore,ornamentals,2004,11221.559979357102,0,0,0,1
208,Singapore,ornamentals,2005,12198.79644957713,0,0,0,1
208,Singapore,ornamentals,2006,13741.479611358627,0,0,0,1
208,Singapore,ornamentals,2007,14727.825694561245,0,0,0,1
208,Singapore,ornamentals,2008,15289.273400790771,0,0,0,1
208,Singapore,ornamentals,2009,13340.588939225658,0,0,0,1
208,Singapore,ornamentals,2010,1961.0359573346504,0,0,0,1
208,Singapore,ornamentals,2011,2004.5284924252048,0,0,0,1
208,Singapore,ornamentals,2012,2037.165936482168,0,0,0,1
208,Singapore,ornamentals,2013,2020.295651629116,0,0,0,1
208,Singapore,ornamentals,2014,2040.5455212124652,0,0,0,1
208,Singapore,ornamentals,2015,2067.563859322632,0,0,0,1
208,Singapore,ornamentals,2016,2105.0967365908145,0,0,0,1
208,Singapore,ornamentals,2017,2138.5004223678116,0,0,0,1
208,Singapore,ornamentals,2018,2167.6472097002406,0,0,0,1
208,Singapore,ornamentals,2019,2182.04426961219,0,0,0,1
208,Singapore,ornamentals,2020,2208.7565367241914,0,0,0,1
208,Singapore,ornamentals,2021,2246.2766432970384,0,0,0,1
208,Singapore,ornamentals,2022,2278.108256478459,0,0,0,1
209,China,ornamentals,2004,84.29068364527711,40.18497841477071,40.18497841477071,107.57144208186315,0.37356548947432966
209,China,ornamentals,2005,84.37773963127484,40.204716689184295,40.22445496359787,107.57144208186315,0.3737489793860719
209,China,ornamentals,2006,81.32965845848094,39.749736744693074,38.83977685571064,107.57144208186315,0.3695194186803134
209,China,ornamentals,2007,95.03635472420116,41.06883407913262,45.02612608245126,107.57144208186315,0.38178194216155203
209,China,ornamentals,2008,92.45884477495042,41.99026782710204,43.87071340664838,107.57144208186315,0.39034772625941877
209,China,ornamentals,2009,98.89951701048972,43.621901364076926,46.75098911149742,107.57144208186315,0.40551563240065275
209,China,ornamentals,2010,530,80.78573153129352,187.495097524577,107.57144208186315,0.7509960819323647
209,China,ornamentals,2011,571,118.41418941261253,195.53995760772733,107.57144208186315,1
209,China,ornamentals,2012,1,107.57144208186315,0.49972408365085286,107.57144208186315,1
209,China,ornamentals,2013,0,95.8836948039888,0,107.57144208186315,0.8913489765343126
209,China,ornamentals,2014,0,49.009920422844544,0,107.57144208186315,0.4556034526854015
209,China,ornamentals,2015,0,0.12493102091271321,0,107.57144208186315,0.00116137720657904
209,China,ornamentals,2016,0,0,0,107.57144208186315,0
209,China,ornamentals,2017,0,0,0,107.57144208186315,0
209,China,ornamentals,2018,0,0,0,107.57144208186315,0
209,China,ornamentals,2019,0.07,0.008749662002472295,0.03499864800988918,107.57144208186315,8.133814916986701e-5
209,China,ornamentals,2020,0,0.008749662002472295,0,107.57144208186315,8.133814916986701e-5
209,China,ornamentals,2021,0,0.008749662002472295,0,107.57144208186315,8.133814916986701e-5
209,China,ornamentals,2022,0,0.008749662002472295,0,107.57144208186315,8.133814916986701e-5
210,Japan,ornamentals,2004,225,219.37517005362213,219.37517005362213,192.92559275404324,1
210,Japan,ornamentals,2005,255,233.57519423902616,247.7752184244302,192.92559275404324,1
210,Japan,ornamentals,2006,204,222.17550942322922,199.37613979163532,192.92559275404324,1
210,Japan,ornamentals,2007,240,225.03168043822998,233.60019348323226,192.92559275404324,1
210,Japan,ornamentals,2008,229,225.98123751880962,223.1733983759407,192.92559275404324,1
210,Japan,ornamentals,2009,258,226.68848881121716,250.6042235940603,192.92559275404324,1
210,Japan,ornamentals,2010,269,242.08448685219795,260.96013195555855,192.92559275404324,1
210,Japan,ornamentals,2011,266,248.21905345578045,258.1384598975622,192.92559275404324,1
210,Japan,ornamentals,2012,2,192.92559275404324,1.9995555689918911,192.92559275404324,1
210,Japan,ornamentals,2013,3,131.0242868630861,2.9990000302317554,192.92559275404324,0.6791441456402635
210,Japan,ornamentals,2014,9,68.03200394221791,8.991000272085795,192.92559275404324,0.3526333804191053
210,Japan,ornamentals,2015,3,4.247138975385299,2.9990000302317554,192.92559275404324,0.022014388629091254
210,Japan,ornamentals,2016,8,5.745472359104891,7.992889103870258,192.92559275404324,0.02978076820751134
210,Japan,ornamentals,2017,3,5.745472359104891,2.9990000302317554,192.92559275404324,0.02978076820751134
210,Japan,ornamentals,2018,2,3.997611183331415,1.9995555689918911,192.92559275404324,0.020720999874951195
210,Japan,ornamentals,2019,0.93,3.480337151499794,0.9299039029052717,192.92559275404324,0.018039789857931407
210,Japan,ornamentals,2020,2.45,2.0944481444618437,2.4493330757184566,192.92559275404324,0.01085624833161462
210,Japan,ornamentals,2021,1.8,1.7946081396247628,1.7996400108834318,192.92559275404324,0.009302073996541614
210,Japan,ornamentals,2022,1.58,1.68964990502875,1.5797226306078394,192.92559275404324,0.00875803920521239
212,Kiribati,ornamentals,2004,145.83245103473587,132.9784373721569,132.9784373721569,9.995997419352417,1
212,Kiribati,ornamentals,2005,0,66.48921868607844,0,9.995997419352417,1
212,Kiribati,ornamentals,2006,98.17633640574093,75.10970944018737,92.35069094840523,9.995997419352417,1
212,Kiribati,ornamentals,2007,6,57.82684240559959,5.978241301836257,9.995997419352417,1
212,Kiribati,ornamentals,2008,0,24.582233062560373,0,9.995997419352417,1
212,Kiribati,ornamentals,2009,41,34.57823048191279,39.98398967740967,9.995997419352417,1
212,Kiribati,ornamentals,2010,0,11.49055774481148,0,9.995997419352417,1
212,Kiribati,ornamentals,2011,0,9.995997419352417,0,9.995997419352417,1
212,Kiribati,ornamentals,2012,0,9.995997419352417,0,9.995997419352417,1
212,Kiribati,ornamentals,2013,0,0,0,9.995997419352417,0
212,Kiribati,ornamentals,2014,2.0134875812797457,0.502759307544066,2.011037230176264,9.995997419352417,0.05029606215891128
212,Kiribati,ornamentals,2015,2.182621325938574,1.047694813567495,2.179742024093716,9.995997419352417,0.10481143297807785
212,Kiribati,ornamentals,2016,1.7467580558950564,1.4839232903876243,1.744913907280517,9.995997419352417,0.14845174804814618
212,Kiribati,ornamentals,2017,2.8542545172350717,2.1962559260547354,2.849330542668444,9.995997419352417,0.21971353471968166
212,Kiribati,ornamentals,2018,3.208591429659924,2.494088871199659,3.20236901075596,9.995997419352417,0.24950875501138703
212,Kiribati,ornamentals,2019,2.308979427530285,2.5255926385956218,2.3057570936775664,9.995997419352417,0.2526603932195933
212,Kiribati,ornamentals,2020,0.26,2.1543539472755215,0.2599591420001148,9.995997419352417,0.21552165900970088
212,Kiribati,ornamentals,2021,0,1.4420213116084104,0,9.995997419352417,0.1442598723381654
212,Kiribati,ornamentals,2022,0,0.6414290589194203,0,9.995997419352417,0.06416858988754869
214,Egypt,ornamentals,2004,11,5.431151797956728,5.431151797956728,34.331975331287246,0.15819514448407626
214,Egypt,ornamentals,2005,0,2.715575898978364,0,34.331975331287246,0.07909757224203813
214,Egypt,ornamentals,2006,1,1.9768609348504707,0.49943100659468376,34.331975331287246,0.057580751348406324
214,Egypt,ornamentals,2007,7.057841009734204,2.357789993200088,3.5005771682489395,34.331975331287246,0.06867621132919195
214,Egypt,ornamentals,2008,5,1.621445834927679,2.4857751648670927,34.331975331287246,0.04722844576466974
214,Egypt,ornamentals,2009,4,2.1191698613064136,1.9908961055149392,34.331975331287246,0.06172583548885351
214,Egypt,ornamentals,2010,18,4.198223643827124,8.815646136677522,34.331975331287246,0.12228319528125779
214,Egypt,ornamentals,2011,3,3.696799116602927,1.4948790593521535,34.331975331287246,0.10767801971574814
214,Egypt,ornamentals,2012,10,4.311130490253246,4.943100659468371,34.331975331287246,0.1255718742849162
214,Egypt,ornamentals,2013,8,4.804302569389451,3.963584422059758,34.331975331287246,0.13993667777720956
214,Egypt,ornamentals,2014,24,5.5184559848545245,11.672259798537818,34.331975331287246,0.16073808546126597
214,Egypt,ornamentals,2015,262.67559961273884,28.164267479991963,92.0781250399019,34.331975331287246,0.820350918006324
214,Egypt,ornamentals,2016,40,31.700894952998354,19.089610551493937,34.331975331287246,0.9233635596874279
214,Egypt,ornamentals,2017,30,34.331975331287246,14.487905935215338,34.331975331287246,1
214,Egypt,ornamentals,2018,23,34.213661003799714,11.199002488587682,34.331975331287246,0.9965538153180569
214,Egypt,ornamentals,2019,35.32,15.43167458414518,16.95017936128376,34.331975331287246,0.44948402867113973
214,Egypt,ornamentals,2020,65.78,18.266262135184647,30.42796075565181,34.331975331287246,0.5320480968229733
214,Egypt,ornamentals,2021,58.64,21.48514341498244,27.363431054406508,34.331975331287246,0.6258056289409804
214,Egypt,ornamentals,2022,105.42,30.2820333222361,46.386562117602324,34.331975331287246,0.8820358581185286
216,Indonesia,ornamentals,2004,2248,1057.6593700754236,1057.6593700754236,507.41091116877294,1
216,Indonesia,ornamentals,2005,4452,1511.7326817844641,1965.8059934935047,507.41091116877294,1
216,Indonesia,ornamentals,2006,1471,1243.5197390207143,707.0938534932147,507.41091116877294,1
216,Indonesia,ornamentals,2007,1114,1067.8169640949393,540.7086393176141,507.41091116877294,1
216,Indonesia,ornamentals,2008,890,912.0525187577589,434.60158872670195,507.41091116877294,1
216,Indonesia,ornamentals,2009,911,531.7522923568777,444.60508788998004,507.41091116877294,1
216,Indonesia,ornamentals,2010,1056,483.31905030864016,513.3608853002644,507.41091116877294,0.9525200181355197
216,Indonesia,ornamentals,2011,1086,480.0212161129689,527.5173025349291,507.41091116877294,0.9460206817533456
216,Indonesia,ornamentals,2012,945,486.5649891031981,460.776680687619,507.41091116877294,0.9589170796158911
216,Indonesia,ornamentals,2013,1087,507.41091116877294,527.9887761522792,507.41091116877294,1
216,Indonesia,ornamentals,2014,931,492.6010561630935,454.12146527754686,507.41091116877294,0.9708128960578196
216,Indonesia,ornamentals,2015,718,448.7798259171735,352.2323815512489,507.41091116877294,0.8844504838956887
216,Indonesia,ornamentals,2016,872,440.09014206087426,426.017945262422,507.41091116877294,0.867324947836002
216,Indonesia,ornamentals,2017,722,396.632139595147,354.1567662893701,507.41091116877294,0.7816783811005216
216,Indonesia,ornamentals,2018,794,380.282737544952,388.7238570767669,507.41091116877294,0.7494571542992774
216,Indonesia,ornamentals,2019,437.15,346.2412182939493,216.06630454723816,507.41091116877294,0.6823684920302866
216,Indonesia,ornamentals,2020,424.48,292.2053862675159,209.87461715668846,507.41091116877294,0.5758752518633241
216,Indonesia,ornamentals,2021,462.64,260.79374804718145,228.5102134080322,507.41091116877294,0.513969531018692
216,Indonesia,ornamentals,2022,521.58,227.91745363144952,257.2186794138392,507.41091116877294,0.44917728139992746
218,Canada,ornamentals,2004,16,15.825812207083855,15.825812207083855,1.4010921904916822,1
218,Canada,ornamentals,2005,25,20.200274520392338,24.57473683370082,1.4010921904916822,1
218,Canada,ornamentals,2006,16,18.742120415956176,15.825812207083855,1.4010921904916822,1
218,Canada,ornamentals,2007,22,19.47425936297161,21.670676204017912,1.4010921904916822,1
218,Canada,ornamentals,2008,2,16.01712589013457,1.9972783157356853,1.4010921904916822,1
218,Canada,ornamentals,2009,1,10.123271576442843,0.9993195789339213,1.4010921904916822,1
218,Canada,ornamentals,2010,2,6.666138103605801,1.9972783157356853,1.4010921904916822,1
218,Canada,ornamentals,2011,2.2163889139646926,1.8017306594143185,2.2130464272519825,1.4010921904916822,1
218,Canada,ornamentals,2012,0.394830511656003,1.4010921904916822,0.3947244400451395,1.4010921904916822,1
218,Canada,ornamentals,2013,0,1.151262295758202,0,1.4010921904916822,0.821689181890445
218,Canada,ornamentals,2014,1,0.9017726115577609,0.9993195789339213,1.4010921904916822,0.6436211818733383
218,Canada,ornamentals,2015,0.1476838285168724,0.3854282517908216,0.14766898818422547,1.4010921904916822,0.27509128550317885
218,Canada,ornamentals,2016,0.20947049930165507,0.33910730274476447,0.20944064386091113,1.4010921904916822,0.24203068509414952
218,Canada,ornamentals,2017,1,0.5889371974782448,0.9993195789339213,1.4010921904916822,0.4203415032037045
218,Canada,ornamentals,2018,0.4566171824407857,0.45322613153424934,0.45647531515793943,1.4010921904916822,0.32348059221941683
218,Canada,ornamentals,2019,0,0.416308884488193,0,1.4010921904916822,0.2971316857758651
218,Canada,ornamentals,2020,0,0.3639487235229652,0,1.4010921904916822,0.2597607252348223
218,Canada,ornamentals,2021,0.87,0.3314900761132561,0.869484989295085,1.4010921904916822,0.23659405024370808
218,Canada,ornamentals,2022,0.17,0.25986633128156883,0.16998033583119035,1.4010921904916822,0.18547411301348737
220,Sint Maarten,ornamentals,2004,1.0366591262628049,1.0077940928823625,1.0077940928823625,0.22095406496093745,1
220,Sint Maarten,ornamentals,2005,0.762790330937845,0.8774780847128565,0.7471620765433505,0.22095406496093745,1
220,Sint Maarten,ornamentals,2006,1.017053774583793,0.9147421268805054,0.989270211215803,0.22095406496093745,1
220,Sint Maarten,ornamentals,2007,1.1441854964067677,0.9633120761651679,1.1090219240191552,0.22095406496093745,1
220,Sint Maarten,ornamentals,2008,0.25426344364594833,0.7744952956784394,0.25252697093544896,0.22095406496093745,1
220,Sint Maarten,ornamentals,2009,0.25426344364594833,0.650836519276464,0.25252697093544896,0.22095406496093745,1
220,Sint Maarten,ornamentals,2010,0.6423727217523236,0.5613412886995885,0.6312892889083008,0.22095406496093745,1
220,Sint Maarten,ornamentals,2011,0,0.2840858076947997,0,0.22095406496093745,1
220,Sint Maarten,ornamentals,2012,0,0.22095406496093745,0,0.22095406496093745,1
220,Sint Maarten,ornamentals,2013,0,0.1578223222270752,0,0.22095406496093745,0.7142766178797239
220,Sint Maarten,ornamentals,2014,0,0,0,0.22095406496093745,0
220,Sint Maarten,ornamentals,2015,0,0,0,0.22095406496093745,0
220,Sint Maarten,ornamentals,2016,0,0,0,0.22095406496093745,0
220,Sint Maarten,ornamentals,2017,0,0,0,0.22095406496093745,0
220,Sint Maarten,ornamentals,2018,0,0,0,0.22095406496093745,0
220,Sint Maarten,ornamentals,2019,0,0,0,0.22095406496093745,0
220,Sint Maarten,ornamentals,2020,0,0,0,0.22095406496093745,0
220,Sint Maarten,ornamentals,2021,0,0,0,0.22095406496093745,0
220,Sint Maarten,ornamentals,2022,0,0,0,0.22095406496093745,0
222,Sweden,ornamentals,2004,0,0,0,4.2043339891208005,0
222,Sweden,ornamentals,2005,0,0,0,4.2043339891208005,0
222,Sweden,ornamentals,2006,1,0.33252149313992535,0.997564479419776,4.2043339891208005,0.0790901707619716
222,Sweden,ornamentals,2007,16.589547484237528,4.229206207352656,15.919260349990848,4.2043339891208005,1
222,Sweden,ornamentals,2008,8.679346694160813,6.353175294738921,8.495876349545059,4.2043339891208005,1
222,Sweden,ornamentals,2009,1,6.6025664145938645,0.997564479419776,4.2043339891208005,1
222,Sweden,ornamentals,2010,5,7.5879532911125205,4.9391119854944,4.2043339891208005,1
222,Sweden,ornamentals,2011,5,4.842916199988409,4.9391119854944,4.2043339891208005,1
222,Sweden,ornamentals,2012,3,3.4634671912966404,2.978080314777984,4.2043339891208005,0.8237849800369718
222,Sweden,ornamentals,2013,4,4.2043339891208005,3.9610316707164164,4.2043339891208005,1
222,Sweden,ornamentals,2014,3,3.714076071441696,2.978080314777984,4.2043339891208005,0.8833922521503517
222,Sweden,ornamentals,2015,3,3.223818153762592,2.978080314777984,4.2043339891208005,0.7667845043007034
222,Sweden,ornamentals,2016,3,3.223818153762592,2.978080314777984,4.2043339891208005,0.7667845043007034
222,Sweden,ornamentals,2017,3,2.978080314777984,2.978080314777984,4.2043339891208005,0.7083358083549286
222,Sweden,ornamentals,2018,5,3.468338232457088,4.9391119854944,4.2043339891208005,0.8249435562045768
222,Sweden,ornamentals,2019,0.31,2.801259640380652,0.3097659464722405,4.2043339891208005,0.6662790462482844
222,Sweden,ornamentals,2020,0.33,2.1391732546383597,0.3297347718088136,4.2043339891208005,0.5088019315719725
222,Sweden,ornamentals,2021,0.3,1.4695983767308085,0.29978080314777983,4.2043339891208005,0.3495436805290835
222,Sweden,ornamentals,2022,0.4,0.33472295953399955,0.3996103167071642,4.2043339891208005,0.07961378910432279
223,Norway,ornamentals,2004,0,0,0,0,1
223,Norway,ornamentals,2005,0,0,0,0,1
223,Norway,ornamentals,2006,0,0,0,0,1
223,Norway,ornamentals,2007,0,0,0,0,1
223,Norway,ornamentals,2008,0,0,0,0,1
223,Norway,ornamentals,2009,0,0,0,0,1
223,Norway,ornamentals,2010,0,0,0,0,1
223,Norway,ornamentals,2011,0,0,0,0,1
223,Norway,ornamentals,2012,0,0,0,0,1
223,Norway,ornamentals,2013,0,0,0,0,1
223,Norway,ornamentals,2014,0,0,0,0,1
223,Norway,ornamentals,2015,0,0,0,0,1
223,Norway,ornamentals,2016,0,0,0,0,1
223,Norway,ornamentals,2017,0,0,0,0,1
223,Norway,ornamentals,2018,0,0,0,0,1
223,Norway,ornamentals,2019,0,0,0,0,1
223,Norway,ornamentals,2020,0,0,0,0,1
223,Norway,ornamentals,2021,0,0,0,0,1
223,Norway,ornamentals,2022,0,0,0,0,1
224,Chile,ornamentals,2004,47.730239571317725,23.865119785658862,23.865119785658862,0,1
224,Chile,ornamentals,2005,45.0077382103791,23.184494445424207,22.50386910518955,0,1
224,Chile,ornamentals,2006,42.240822972366914,22.496466792343956,21.120411486183457,0,1
224,Chile,ornamentals,2007,0,16.872350094257968,0,0,1
224,Chile,ornamentals,2008,0,10.906070147843252,0,0,1
224,Chile,ornamentals,2009,0,5.280102871545864,0,0,1
224,Chile,ornamentals,2010,0,0,0,0,1
224,Chile,ornamentals,2011,0,0,0,0,1
224,Chile,ornamentals,2012,0,0,0,0,1
224,Chile,ornamentals,2013,0,0,0,0,1
224,Chile,ornamentals,2014,0,0,0,0,1
224,Chile,ornamentals,2015,0,0,0,0,1
224,Chile,ornamentals,2016,0,0,0,0,1
224,Chile,ornamentals,2017,0,0,0,0,1
224,Chile,ornamentals,2018,0,0,0,0,1
224,Chile,ornamentals,2019,0,0,0,0,1
224,Chile,ornamentals,2020,0,0,0,0,1
224,Chile,ornamentals,2021,0,0,0,0,1
224,Chile,ornamentals,2022,0,0,0,0,1
244,NA,ornamentals,2004,NA,NA,NA,0.027478125497705844,NA
244,NA,ornamentals,2005,NA,NA,NA,0.027478125497705844,NA
244,NA,ornamentals,2006,NA,NA,NA,0.027478125497705844,NA
244,NA,ornamentals,2007,NA,NA,NA,0.027478125497705844,NA
244,NA,ornamentals,2008,NA,NA,NA,0.027478125497705844,NA
244,NA,ornamentals,2009,NA,NA,NA,0.027478125497705844,NA
244,NA,ornamentals,2010,NA,NA,NA,0.027478125497705844,NA
244,NA,ornamentals,2011,NA,NA,NA,0.027478125497705844,NA
244,NA,ornamentals,2012,NA,NA,NA,0.027478125497705844,NA
244,NA,ornamentals,2013,NA,NA,NA,0.027478125497705844,NA
244,NA,ornamentals,2014,NA,NA,NA,0.027478125497705844,NA
244,NA,ornamentals,2015,NA,NA,NA,0.027478125497705844,NA
244,NA,ornamentals,2016,NA,NA,NA,0.027478125497705844,NA
244,NA,ornamentals,2017,NA,NA,NA,0.027478125497705844,NA
244,NA,ornamentals,2018,NA,NA,NA,0.027478125497705844,NA
244,Curacao,ornamentals,2019,0.01,0.009998694059564528,0.009998694059564528,0.027478125497705844,0.3638783169688675
244,Curacao,ornamentals,2020,0.01,0.009998694059564528,0.009998694059564528,0.027478125497705844,0.3638783169688675
244,Curacao,ornamentals,2021,0.01,0.009998694059564528,0.009998694059564528,0.027478125497705844,0.3638783169688675
244,Curacao,ornamentals,2022,0.08,0.027478125497705844,0.0799164198121298,0.027478125497705844,1
245,Bonaire,ornamentals,2004,1.0366591262628049,1.0223281896197884,1.0223281896197884,0.22256783191071286,1
245,Bonaire,ornamentals,2005,0.762790330937845,0.8886796956752263,0.7550312017306641,0.22256783191071286,1
245,Bonaire,ornamentals,2006,1.017053774583793,0.9268730528182709,1.0032597671043604,0.22256783191071286,1
245,Bonaire,ornamentals,2007,1.1441854964067677,0.9768366535363558,1.1267274556906106,0.22256783191071286,1
245,Bonaire,ornamentals,2008,0.25426344364594833,0.7846049356760297,0.25340131817848377,0.22256783191071286,1
245,Bonaire,ornamentals,2009,0.25426344364594833,0.6591974647879846,0.25340131817848377,0.22256783191071286,1
245,Bonaire,ornamentals,2010,0.6423727217523236,0.5676000253779865,0.6368700094643677,0.22256783191071286,1
245,Bonaire,ornamentals,2011,0,0.2859181614553338,0,0.22256783191071286,1
245,Bonaire,ornamentals,2012,0,0.22256783191071286,0,0.22256783191071286,1
245,Bonaire,ornamentals,2013,0,0.15921750236609192,0,0.22256783191071286,0.7153661919569981
245,Bonaire,ornamentals,2014,0,0,0,0.22256783191071286,0
245,Bonaire,ornamentals,2015,0,0,0,0.22256783191071286,0
245,Bonaire,ornamentals,2016,0,0,0,0.22256783191071286,0
245,Bonaire,ornamentals,2017,0,0,0,0.22256783191071286,0
245,Bonaire,ornamentals,2018,0,0,0,0.22256783191071286,0
245,Bonaire,ornamentals,2019,0,0,0,0.22256783191071286,0
245,Bonaire,ornamentals,2020,0,0,0,0.22256783191071286,0
245,Bonaire,ornamentals,2021,0,0,0,0.22256783191071286,0
245,Bonaire,ornamentals,2022,0,0,0,0.22256783191071286,0
247,Brunei,ornamentals,2004,28.24015631785683,27.614828987606856,27.614828987606856,0,1
247,Brunei,ornamentals,2005,0,13.807414493803428,0,0,1
247,Brunei,ornamentals,2006,15.936628996673662,14.450771493748451,15.7374854936385,0,1
247,Brunei,ornamentals,2007,0,10.83807862031134,0,0,1
247,Brunei,ornamentals,2008,0,3.934371373409625,0,0,1
247,Brunei,ornamentals,2009,0,3.934371373409625,0,0,1
247,Brunei,ornamentals,2010,0,0,0,0,1
247,Brunei,ornamentals,2011,0,0,0,0,1
247,Brunei,ornamentals,2012,0,0,0,0,1
247,Brunei,ornamentals,2013,0,0,0,0,1
247,Brunei,ornamentals,2014,0,0,0,0,1
247,Brunei,ornamentals,2015,0,0,0,0,1
247,Brunei,ornamentals,2016,0,0,0,0,1
247,Brunei,ornamentals,2017,0,0,0,0,1
247,Brunei,ornamentals,2018,0,0,0,0,1
247,Brunei,ornamentals,2019,0,0,0,0,1
247,Brunei,ornamentals,2020,0,0,0,0,1
247,Brunei,ornamentals,2021,0,0,0,0,1
247,Brunei,ornamentals,2022,0,0,0,0,1
248,Saba,ornamentals,2004,1.0366591262628049,1.0315906529709349,1.0315906529709349,0.22359627265248222,1
248,Saba,ornamentals,2005,0.762790330937845,0.8958183925538274,0.7600461321367199,0.22359627265248222,1
248,Saba,ornamentals,2006,1.017053774583793,0.9346039946816678,1.0121751989373484,0.22359627265248222,1
248,Saba,ornamentals,2007,1.1441854964067677,0.9854557582873098,1.1380110491042361,0.22359627265248222,1
248,Saba,ornamentals,2008,0.25426344364594833,0.7910477282115875,0.2539585326680455,0.22359627265248222,1
248,Saba,ornamentals,2009,0.25426344364594833,0.6645258283444189,0.2539585326680455,0.22359627265248222,1
248,Saba,ornamentals,2010,0.6423727217523236,0.5715886680955526,0.6404265579418834,0.22359627265248222,1
248,Saba,ornamentals,2011,0,0.2870859058194936,0,0.22359627265248222,1
248,Saba,ornamentals,2012,0,0.22359627265248222,0,0.22359627265248222,1
248,Saba,ornamentals,2013,0,0.16010663948547085,0,0.22359627265248222,0.7160523634233912
248,Saba,ornamentals,2014,0,0,0,0.22359627265248222,0
248,Saba,ornamentals,2015,0,0,0,0.22359627265248222,0
248,Saba,ornamentals,2016,0,0,0,0.22359627265248222,0
248,Saba,ornamentals,2017,0,0,0,0.22359627265248222,0
248,Saba,ornamentals,2018,0,0,0,0.22359627265248222,0
248,Saba,ornamentals,2019,0,0,0,0.22359627265248222,0
248,Saba,ornamentals,2020,0,0,0,0.22359627265248222,0
248,Saba,ornamentals,2021,0,0,0,0.22359627265248222,0
248,Saba,ornamentals,2022,0,0,0,0.22359627265248222,0
249,Sint Eustatius,ornamentals,2004,1.0366591262628049,0.9816593676026567,0.9816593676026567,0.21805224335758688,1
249,Sint Eustatius,ornamentals,2005,0.762790330937845,0.8573357235823003,0.7330120795619437,0.21805224335758688,1
249,Sint Eustatius,ornamentals,2006,1.017053774583793,0.8929287027304119,0.9641146610266352,0.21805224335758688,1
249,Sint Eustatius,ornamentals,2007,1.1441854964067677,0.9389926347505564,1.0771844308109897,0.21805224335758688,1
249,Sint Eustatius,ornamentals,2008,0.25426344364594833,0.7563164801120487,0.25095474904862597,0.21805224335758688,1
249,Sint Eustatius,ornamentals,2009,0.25426344364594833,0.6358021474837192,0.25095474904862597,0.21805224335758688,1
249,Sint Eustatius,ornamentals,2010,0.6423727217523236,0.5500870383224907,0.6212542243817215,0.21805224335758688,1
249,Sint Eustatius,ornamentals,2011,0,0.28079093061974336,0,0.21805224335758688,1
249,Sint Eustatius,ornamentals,2012,0,0.21805224335758688,0,0.21805224335758688,1
249,Sint Eustatius,ornamentals,2013,0,0.15531355609543038,0,0.21805224335758688,0.7122768090064064
249,Sint Eustatius,ornamentals,2014,0,0,0,0.21805224335758688,0
249,Sint Eustatius,ornamentals,2015,0,0,0,0.21805224335758688,0
249,Sint Eustatius,ornamentals,2016,0,0,0,0.21805224335758688,0
249,Sint Eustatius,ornamentals,2017,0,0,0,0.21805224335758688,0
249,Sint Eustatius,ornamentals,2018,0,0,0,0.21805224335758688,0
249,Sint Eustatius,ornamentals,2019,0,0,0,0.21805224335758688,0
249,Sint Eustatius,ornamentals,2020,0,0,0,0.21805224335758688,0
249,Sint Eustatius,ornamentals,2021,0,0,0,0.21805224335758688,0
249,Sint Eustatius,ornamentals,2022,0,0,0,0.21805224335758688,0
250,Aruba,ornamentals,2004,1.163790848085779,1.155354252269989,1.155354252269989,5.364131060200156,0.21538516477389688
250,Aruba,ornamentals,2005,0.762790330937845,0.9572601266341894,0.7591660009983898,5.364131060200156,0.17845576774525534
250,Aruba,ornamentals,2006,1.017053774583793,0.9750435915421579,1.010610521358095,5.364131060200156,0.1817710232280893
250,Aruba,ornamentals,2007,1.1441854964067677,1.015290382167367,1.1360307540429935,5.364131060200156,0.18927397014969327
250,Aruba,ornamentals,2008,1.4802271210651217,1.093096559545426,1.4665789617822256,5.364131060200156,0.20377886880053941
250,Aruba,ornamentals,2009,0.25426344364594833,0.9667702443756641,0.2538607403193422,5.364131060200156,0.18022867702631973
250,Aruba,ornamentals,2010,0.6423727217523236,0.8740682080331104,0.6398023759878803,5.364131060200156,0.16294684045257005
250,Aruba,ornamentals,2011,0,0.590060519522362,0,5.364131060200156,0.11000113772394379
250,Aruba,ornamentals,2012,0,0.2234157790768056,0,5.364131060200156,0.041649947879623415
250,Aruba,ornamentals,2013,0,0.15995059399697006,0,5.364131060200156,0.029818546974689632
250,Aruba,ornamentals,2014,0,0,0,5.364131060200156,0
250,Aruba,ornamentals,2015,0,0,0,5.364131060200156,0
250,Aruba,ornamentals,2016,10,2.3442753452679237,9.377101381071695,5.364131060200156,0.4370279769376943
250,Aruba,ornamentals,2017,12,5.120031842453733,11.103025988743239,5.364131060200156,0.9544941734258606
250,Aruba,ornamentals,2018,0.1805865587623714,5.1651276979904415,0.18038342214683376,5.364131060200156,0.9629010999216172
250,Aruba,ornamentals,2019,0.8,5.364131060200156,0.7960134488388588,5.364131060200156,1
250,Aruba,ornamentals,2020,0,3.0198557149322327,0,5.364131060200156,0.5629720230623056
250,Aruba,ornamentals,2021,0,0.24409921774642315,0,5.364131060200156,0.04550582657413946
250,Aruba,ornamentals,2022,0,0.1990033622097147,0,5.364131060200156,0.03709890007838271
