rgn_id,product,year,tonnes,usd,level,georgn_id,georgn_values,global_values,values,values_final,values_gf_description,values_gf
1,seaweeds,2018,NA,NA,r2,53,10.143539812628127,10.275189421593952,NA,10.143539812628127,geo_region,1
1,seaweeds,2019,NA,NA,r2,53,11.787004381653329,16.29898735556039,NA,11.787004381653329,geo_region,1
1,seaweeds,2020,NA,NA,r2,53,14.720871225999414,10.904686467625826,NA,14.720871225999414,geo_region,1
1,seaweeds,2021,NA,NA,r2,53,17.101254897840988,18.484025191907875,NA,17.101254897840988,geo_region,1
1,seaweeds,2022,NA,NA,r2,53,14.014046204001941,11.505365226299725,NA,14.014046204001941,geo_region,1
1,ornamentals,2018,NA,NA,r2,53,5.373874835482054,39634.778748635654,NA,5.373874835482054,geo_region,1
1,ornamentals,2019,NA,NA,r2,53,19.414063639572674,214.05315606677638,NA,19.414063639572674,geo_region,1
1,ornamentals,2020,NA,NA,r2,53,19.92005563906819,263.37100345054444,NA,19.92005563906819,geo_region,1
1,ornamentals,2021,NA,NA,r2,53,23.375171597254617,315.17903827248927,NA,23.375171597254617,geo_region,1
1,ornamentals,2022,NA,NA,r2,53,28.218543046357617,354.129859434226,NA,28.218543046357617,geo_region,1
1,fish_oil,2018,NA,NA,r2,53,2.2833393915708022,3.4548599236057504,NA,2.2833393915708022,geo_region,1
1,fish_oil,2019,NA,NA,r2,53,2.45584267463423,3.2124334731657735,NA,2.45584267463423,geo_region,1
1,fish_oil,2020,NA,NA,r2,53,2.555594828739243,4.395076265231746,NA,2.555594828739243,geo_region,1
1,fish_oil,2021,NA,NA,r2,53,2.862192299235069,3.306193203690287,NA,2.862192299235069,geo_region,1
1,fish_oil,2022,NA,NA,r2,53,3.0210339730264915,8.148638976069059,NA,3.0210339730264915,geo_region,1
2,seaweeds,2018,NA,NA,r2,53,10.143539812628127,10.275189421593952,NA,10.143539812628127,geo_region,1
2,seaweeds,2019,NA,NA,r2,53,11.787004381653329,16.29898735556039,NA,11.787004381653329,geo_region,1
2,seaweeds,2020,NA,NA,r2,53,14.720871225999414,10.904686467625826,NA,14.720871225999414,geo_region,1
2,seaweeds,2021,NA,NA,r2,53,17.101254897840988,18.484025191907875,NA,17.101254897840988,geo_region,1
2,seaweeds,2022,NA,NA,r2,53,14.014046204001941,11.505365226299725,NA,14.014046204001941,geo_region,1
2,ornamentals,2018,NA,NA,r2,53,5.373874835482054,39634.778748635654,NA,5.373874835482054,geo_region,1
2,ornamentals,2019,NA,NA,r2,53,19.414063639572674,214.05315606677638,NA,19.414063639572674,geo_region,1
2,ornamentals,2020,NA,NA,r2,53,19.92005563906819,263.37100345054444,NA,19.92005563906819,geo_region,1
2,ornamentals,2021,NA,NA,r2,53,23.375171597254617,315.17903827248927,NA,23.375171597254617,geo_region,1
2,ornamentals,2022,NA,NA,r2,53,28.218543046357617,354.129859434226,NA,28.218543046357617,geo_region,1
2,fish_oil,2018,NA,NA,r2,53,2.2833393915708022,3.4548599236057504,NA,2.2833393915708022,geo_region,1
2,fish_oil,2019,NA,NA,r2,53,2.45584267463423,3.2124334731657735,NA,2.45584267463423,geo_region,1
2,fish_oil,2020,NA,NA,r2,53,2.555594828739243,4.395076265231746,NA,2.555594828739243,geo_region,1
2,fish_oil,2021,NA,NA,r2,53,2.862192299235069,3.306193203690287,NA,2.862192299235069,geo_region,1
2,fish_oil,2022,NA,NA,r2,53,3.0210339730264915,8.148638976069059,NA,3.0210339730264915,geo_region,1
3,seaweeds,2018,NA,NA,r2,53,10.143539812628127,10.275189421593952,NA,10.143539812628127,geo_region,1
3,seaweeds,2019,NA,NA,r2,53,11.787004381653329,16.29898735556039,NA,11.787004381653329,geo_region,1
3,seaweeds,2020,NA,NA,r2,53,14.720871225999414,10.904686467625826,NA,14.720871225999414,geo_region,1
3,seaweeds,2021,NA,NA,r2,53,17.101254897840988,18.484025191907875,NA,17.101254897840988,geo_region,1
3,seaweeds,2022,NA,NA,r2,53,14.014046204001941,11.505365226299725,NA,14.014046204001941,geo_region,1
3,ornamentals,2018,NA,NA,r2,53,5.373874835482054,39634.778748635654,NA,5.373874835482054,geo_region,1
3,ornamentals,2019,NA,NA,r2,53,19.414063639572674,214.05315606677638,NA,19.414063639572674,geo_region,1
3,ornamentals,2020,NA,NA,r2,53,19.92005563906819,263.37100345054444,NA,19.92005563906819,geo_region,1
3,ornamentals,2021,NA,NA,r2,53,23.375171597254617,315.17903827248927,NA,23.375171597254617,geo_region,1
3,ornamentals,2022,NA,NA,r2,53,28.218543046357617,354.129859434226,NA,28.218543046357617,geo_region,1
3,fish_oil,2018,NA,NA,r2,53,2.2833393915708022,3.4548599236057504,NA,2.2833393915708022,geo_region,1
3,fish_oil,2019,NA,NA,r2,53,2.45584267463423,3.2124334731657735,NA,2.45584267463423,geo_region,1
3,fish_oil,2020,NA,NA,r2,53,2.555594828739243,4.395076265231746,NA,2.555594828739243,geo_region,1
3,fish_oil,2021,NA,NA,r2,53,2.862192299235069,3.306193203690287,NA,2.862192299235069,geo_region,1
3,fish_oil,2022,NA,NA,r2,53,3.0210339730264915,8.148638976069059,NA,3.0210339730264915,geo_region,1
4,seaweeds,2018,NA,NA,r2,53,10.143539812628127,10.275189421593952,NA,10.143539812628127,geo_region,1
4,seaweeds,2019,NA,NA,r2,53,11.787004381653329,16.29898735556039,NA,11.787004381653329,geo_region,1
4,seaweeds,2020,NA,NA,r2,53,14.720871225999414,10.904686467625826,NA,14.720871225999414,geo_region,1
4,seaweeds,2021,NA,NA,r2,53,17.101254897840988,18.484025191907875,NA,17.101254897840988,geo_region,1
4,seaweeds,2022,NA,NA,r2,53,14.014046204001941,11.505365226299725,NA,14.014046204001941,geo_region,1
4,ornamentals,2018,NA,NA,r2,53,5.373874835482054,39634.778748635654,NA,5.373874835482054,geo_region,1
4,ornamentals,2019,NA,NA,r2,53,19.414063639572674,214.05315606677638,NA,19.414063639572674,geo_region,1
4,ornamentals,2020,NA,NA,r2,53,19.92005563906819,263.37100345054444,NA,19.92005563906819,geo_region,1
4,ornamentals,2021,NA,NA,r2,53,23.375171597254617,315.17903827248927,NA,23.375171597254617,geo_region,1
4,ornamentals,2022,NA,NA,r2,53,28.218543046357617,354.129859434226,NA,28.218543046357617,geo_region,1
4,fish_oil,2018,NA,NA,r2,53,2.2833393915708022,3.4548599236057504,NA,2.2833393915708022,geo_region,1
4,fish_oil,2019,NA,NA,r2,53,2.45584267463423,3.2124334731657735,NA,2.45584267463423,geo_region,1
4,fish_oil,2020,NA,NA,r2,53,2.555594828739243,4.395076265231746,NA,2.555594828739243,geo_region,1
4,fish_oil,2021,NA,NA,r2,53,2.862192299235069,3.306193203690287,NA,2.862192299235069,geo_region,1
4,fish_oil,2022,NA,NA,r2,53,3.0210339730264915,8.148638976069059,NA,3.0210339730264915,geo_region,1
5,ornamentals,2018,8.5,270.75,r2,54,17.10394249717243,39634.778748635654,31.852941176470587,31.852941176470587,none,0
5,ornamentals,2019,5,176.25,r2,54,16.627512784189875,214.05315606677638,35.25,35.25,none,0
5,ornamentals,2020,1.75,102.75,r2,54,24.439445222341902,263.37100345054444,58.714285714285715,58.714285714285715,none,0
5,ornamentals,2021,0.75,54.25,r2,54,28.12662289435575,315.17903827248927,72.33333333333333,72.33333333333333,none,0
5,ornamentals,2022,0,0,r2,54,21.12041412346486,354.129859434226,NA,21.12041412346486,geo_region,1
5,seaweeds,2018,NA,NA,r2,54,1.0026331284222698,10.275189421593952,NA,1.0026331284222698,geo_region,1
5,seaweeds,2019,NA,NA,r2,54,1.0933646147112588,16.29898735556039,NA,1.0933646147112588,geo_region,1
5,seaweeds,2020,NA,NA,r2,54,1.0196604348613976,10.904686467625826,NA,1.0196604348613976,geo_region,1
5,seaweeds,2021,NA,NA,r2,54,301.1861916894571,18.484025191907875,NA,301.1861916894571,geo_region,1
5,seaweeds,2022,NA,NA,r2,54,1.1513679661287632,11.505365226299725,NA,1.1513679661287632,geo_region,1
5,fish_oil,2018,NA,NA,r2,54,1.8095238095238095,3.4548599236057504,NA,1.8095238095238095,geo_region,1
5,fish_oil,2019,NA,NA,r2,54,1.898363697705803,3.2124334731657735,NA,1.898363697705803,geo_region,1
5,fish_oil,2020,NA,NA,r2,54,1.5857371138244694,4.395076265231746,NA,1.5857371138244694,geo_region,1
5,fish_oil,2021,NA,NA,r2,54,1.6889049243418175,3.306193203690287,NA,1.6889049243418175,geo_region,1
5,fish_oil,2022,NA,NA,r2,54,1.7264532196009426,8.148638976069059,NA,1.7264532196009426,geo_region,1
6,ornamentals,2018,11.337808849070823,125.5,r2,54,17.10394249717243,39634.778748635654,11.069158218369964,11.069158218369964,none,0
6,ornamentals,2019,6.60209450988998,76,r2,54,16.627512784189875,214.05315606677638,11.511498341344783,11.511498341344783,none,0
6,ornamentals,2020,4.647166866284294,49.75,r2,54,24.439445222341902,263.37100345054444,10.705447304021233,10.705447304021233,none,0
6,ornamentals,2021,0.5,2.5,r2,54,28.12662289435575,315.17903827248927,5,5,none,0
6,ornamentals,2022,0,0,r2,54,21.12041412346486,354.129859434226,NA,21.12041412346486,geo_region,1
6,seaweeds,2018,NA,NA,r2,54,1.0026331284222698,10.275189421593952,NA,1.0026331284222698,geo_region,1
6,seaweeds,2019,NA,NA,r2,54,1.0933646147112588,16.29898735556039,NA,1.0933646147112588,geo_region,1
6,seaweeds,2020,NA,NA,r2,54,1.0196604348613976,10.904686467625826,NA,1.0196604348613976,geo_region,1
6,seaweeds,2021,NA,NA,r2,54,301.1861916894571,18.484025191907875,NA,301.1861916894571,geo_region,1
6,seaweeds,2022,NA,NA,r2,54,1.1513679661287632,11.505365226299725,NA,1.1513679661287632,geo_region,1
6,fish_oil,2018,NA,NA,r2,54,1.8095238095238095,3.4548599236057504,NA,1.8095238095238095,geo_region,1
6,fish_oil,2019,NA,NA,r2,54,1.898363697705803,3.2124334731657735,NA,1.898363697705803,geo_region,1
6,fish_oil,2020,NA,NA,r2,54,1.5857371138244694,4.395076265231746,NA,1.5857371138244694,geo_region,1
6,fish_oil,2021,NA,NA,r2,54,1.6889049243418175,3.306193203690287,NA,1.6889049243418175,geo_region,1
6,fish_oil,2022,NA,NA,r2,54,1.7264532196009426,8.148638976069059,NA,1.7264532196009426,geo_region,1
7,ornamentals,2018,0,0,r2,54,17.10394249717243,39634.778748635654,NA,17.10394249717243,geo_region,1
7,ornamentals,2019,0,0,r2,54,16.627512784189875,214.05315606677638,NA,16.627512784189875,geo_region,1
7,ornamentals,2020,0,0,r2,54,24.439445222341902,263.37100345054444,NA,24.439445222341902,geo_region,1
7,ornamentals,2021,0,0,r2,54,28.12662289435575,315.17903827248927,NA,28.12662289435575,geo_region,1
7,ornamentals,2022,0,0,r2,54,21.12041412346486,354.129859434226,NA,21.12041412346486,geo_region,1
7,seaweeds,2018,283.5,547.75,r2,54,1.0026331284222698,10.275189421593952,1.9320987654320987,1.9320987654320987,none,0
7,seaweeds,2019,214,374.75,r2,54,1.0933646147112588,16.29898735556039,1.7511682242990654,1.7511682242990654,none,0
7,seaweeds,2020,144.14362710478383,287.2,r2,54,1.0196604348613976,10.904686467625826,1.9924571468652075,1.9924571468652075,none,0
7,seaweeds,2021,160.26862710478383,219.95,r2,54,301.1861916894571,18.484025191907875,1.3723833789141802,1.3723833789141802,none,0
7,seaweeds,2022,152.80612710478383,199.0660324485126,r2,54,1.1513679661287632,11.505365226299725,1.3027359322575263,1.3027359322575263,none,0
7,fish_oil,2018,NA,NA,r2,54,1.8095238095238095,3.4548599236057504,NA,1.8095238095238095,geo_region,1
7,fish_oil,2019,NA,NA,r2,54,1.898363697705803,3.2124334731657735,NA,1.898363697705803,geo_region,1
7,fish_oil,2020,NA,NA,r2,54,1.5857371138244694,4.395076265231746,NA,1.5857371138244694,geo_region,1
7,fish_oil,2021,NA,NA,r2,54,1.6889049243418175,3.306193203690287,NA,1.6889049243418175,geo_region,1
7,fish_oil,2022,NA,NA,r2,54,1.7264532196009426,8.148638976069059,NA,1.7264532196009426,geo_region,1
8,ornamentals,2018,2.6403743582563273,15.75,r2,57,132.36662386551376,39634.778748635654,5.965063230806831,5.965063230806831,none,0
8,ornamentals,2019,3.76,20.69288152275516,r2,57,156.79588578176524,214.05315606677638,5.5034259369029686,5.5034259369029686,none,0
8,ornamentals,2020,3.26,18.19288152275516,r2,57,208.8975257733803,263.37100345054444,5.580638503912627,5.580638503912627,none,0
8,ornamentals,2021,2.76,17.692881522755158,r2,57,119.40702100368375,315.17903827248927,6.410464319838826,6.410464319838826,none,0
8,ornamentals,2022,1.26,6.692881522755158,r2,57,5.311810732345363,354.129859434226,5.311810732345363,5.311810732345363,none,0
8,seaweeds,2018,NA,NA,r2,57,NA,10.275189421593952,NA,10.275189421593952,global,1
8,seaweeds,2019,NA,NA,r2,57,NA,16.29898735556039,NA,16.29898735556039,global,1
8,seaweeds,2020,NA,NA,r2,57,NA,10.904686467625826,NA,10.904686467625826,global,1
8,seaweeds,2021,NA,NA,r2,57,NA,18.484025191907875,NA,18.484025191907875,global,1
8,seaweeds,2022,NA,NA,r2,57,NA,11.505365226299725,NA,11.505365226299725,global,1
8,fish_oil,2018,NA,NA,r2,57,NA,3.4548599236057504,NA,3.4548599236057504,global,1
8,fish_oil,2019,NA,NA,r2,57,NA,3.2124334731657735,NA,3.2124334731657735,global,1
8,fish_oil,2020,NA,NA,r2,57,NA,4.395076265231746,NA,4.395076265231746,global,1
8,fish_oil,2021,NA,NA,r2,57,NA,3.306193203690287,NA,3.306193203690287,global,1
8,fish_oil,2022,NA,NA,r2,57,NA,8.148638976069059,NA,8.148638976069059,global,1
9,ornamentals,2018,0.6717253299835768,71,r2,57,132.36662386551376,39634.778748635654,105.69796437739797,105.69796437739797,none,0
9,ornamentals,2019,0.5152766735363485,63,r2,57,156.79588578176524,214.05315606677638,122.26441295630642,122.26441295630642,none,0
9,ornamentals,2020,0.3402423769535261,44.25,r2,57,208.8975257733803,263.37100345054444,130.05434654027277,130.05434654027277,none,0
9,ornamentals,2021,0.18262886818273927,28.75,r2,57,119.40702100368375,315.17903827248927,157.4230858794603,157.4230858794603,none,0
9,ornamentals,2022,0,0,r2,57,5.311810732345363,354.129859434226,NA,5.311810732345363,geo_region,1
9,seaweeds,2018,NA,NA,r2,57,NA,10.275189421593952,NA,10.275189421593952,global,1
9,seaweeds,2019,NA,NA,r2,57,NA,16.29898735556039,NA,16.29898735556039,global,1
9,seaweeds,2020,NA,NA,r2,57,NA,10.904686467625826,NA,10.904686467625826,global,1
9,seaweeds,2021,NA,NA,r2,57,NA,18.484025191907875,NA,18.484025191907875,global,1
9,seaweeds,2022,NA,NA,r2,57,NA,11.505365226299725,NA,11.505365226299725,global,1
9,fish_oil,2018,NA,NA,r2,57,NA,3.4548599236057504,NA,3.4548599236057504,global,1
9,fish_oil,2019,NA,NA,r2,57,NA,3.2124334731657735,NA,3.2124334731657735,global,1
9,fish_oil,2020,NA,NA,r2,57,NA,4.395076265231746,NA,4.395076265231746,global,1
9,fish_oil,2021,NA,NA,r2,57,NA,3.306193203690287,NA,3.306193203690287,global,1
9,fish_oil,2022,NA,NA,r2,57,NA,8.148638976069059,NA,8.148638976069059,global,1
10,seaweeds,2018,NA,NA,r2,57,NA,10.275189421593952,NA,10.275189421593952,global,1
10,seaweeds,2019,NA,NA,r2,57,NA,16.29898735556039,NA,16.29898735556039,global,1
10,seaweeds,2020,NA,NA,r2,57,NA,10.904686467625826,NA,10.904686467625826,global,1
10,seaweeds,2021,NA,NA,r2,57,NA,18.484025191907875,NA,18.484025191907875,global,1
10,seaweeds,2022,NA,NA,r2,57,NA,11.505365226299725,NA,11.505365226299725,global,1
10,ornamentals,2018,NA,NA,r2,57,132.36662386551376,39634.778748635654,NA,132.36662386551376,geo_region,1
10,ornamentals,2019,NA,NA,r2,57,156.79588578176524,214.05315606677638,NA,156.79588578176524,geo_region,1
10,ornamentals,2020,NA,NA,r2,57,208.8975257733803,263.37100345054444,NA,208.8975257733803,geo_region,1
10,ornamentals,2021,NA,NA,r2,57,119.40702100368375,315.17903827248927,NA,119.40702100368375,geo_region,1
10,ornamentals,2022,NA,NA,r2,57,5.311810732345363,354.129859434226,NA,5.311810732345363,geo_region,1
10,fish_oil,2018,NA,NA,r2,57,NA,3.4548599236057504,NA,3.4548599236057504,global,1
10,fish_oil,2019,NA,NA,r2,57,NA,3.2124334731657735,NA,3.2124334731657735,global,1
10,fish_oil,2020,NA,NA,r2,57,NA,4.395076265231746,NA,4.395076265231746,global,1
10,fish_oil,2021,NA,NA,r2,57,NA,3.306193203690287,NA,3.306193203690287,global,1
10,fish_oil,2022,NA,NA,r2,57,NA,8.148638976069059,NA,8.148638976069059,global,1
11,ornamentals,2018,0.6247635385320578,171.5,r2,57,132.36662386551376,39634.778748635654,274.5038553353414,274.5038553353414,none,0
11,ornamentals,2019,0.4316654822095707,149.25,r2,57,156.79588578176524,214.05315606677638,345.7538444724198,345.7538444724198,none,0
11,ornamentals,2020,0.23734202779766633,123,r2,57,208.8975257733803,263.37100345054444,518.2394417935002,518.2394417935002,none,0
11,ornamentals,2021,0,76.5,r2,57,119.40702100368375,315.17903827248927,NA,119.40702100368375,geo_region,1
11,ornamentals,2022,0,0,r2,57,5.311810732345363,354.129859434226,NA,5.311810732345363,geo_region,1
11,seaweeds,2018,NA,NA,r2,57,NA,10.275189421593952,NA,10.275189421593952,global,1
11,seaweeds,2019,NA,NA,r2,57,NA,16.29898735556039,NA,16.29898735556039,global,1
11,seaweeds,2020,NA,NA,r2,57,NA,10.904686467625826,NA,10.904686467625826,global,1
11,seaweeds,2021,NA,NA,r2,57,NA,18.484025191907875,NA,18.484025191907875,global,1
11,seaweeds,2022,NA,NA,r2,57,NA,11.505365226299725,NA,11.505365226299725,global,1
11,fish_oil,2018,NA,NA,r2,57,NA,3.4548599236057504,NA,3.4548599236057504,global,1
11,fish_oil,2019,NA,NA,r2,57,NA,3.2124334731657735,NA,3.2124334731657735,global,1
11,fish_oil,2020,NA,NA,r2,57,NA,4.395076265231746,NA,4.395076265231746,global,1
11,fish_oil,2021,NA,NA,r2,57,NA,3.306193203690287,NA,3.306193203690287,global,1
11,fish_oil,2022,NA,NA,r2,57,NA,8.148638976069059,NA,8.148638976069059,global,1
12,seaweeds,2018,NA,NA,NA,NA,33.43536067892503,10.275189421593952,NA,33.43536067892503,geo_region,1
12,seaweeds,2019,NA,NA,NA,NA,26.606902747831157,16.29898735556039,NA,26.606902747831157,geo_region,1
12,seaweeds,2020,NA,NA,NA,NA,16.27481174370217,10.904686467625826,NA,16.27481174370217,geo_region,1
12,seaweeds,2021,NA,NA,NA,NA,21.14420214803502,18.484025191907875,NA,21.14420214803502,geo_region,1
12,seaweeds,2022,NA,NA,NA,NA,24.05035936355738,11.505365226299725,NA,24.05035936355738,geo_region,1
12,ornamentals,2018,NA,NA,NA,NA,790.9594797423088,39634.778748635654,NA,790.9594797423088,geo_region,1
12,ornamentals,2019,NA,NA,NA,NA,1233.9306211288915,214.05315606677638,NA,1233.9306211288915,geo_region,1
12,ornamentals,2020,NA,NA,NA,NA,1128.7078357250932,263.37100345054444,NA,1128.7078357250932,geo_region,1
12,ornamentals,2021,NA,NA,NA,NA,2080.9481310834467,315.17903827248927,NA,2080.9481310834467,geo_region,1
12,ornamentals,2022,NA,NA,NA,NA,7.0375,354.129859434226,NA,7.0375,geo_region,1
12,fish_oil,2018,NA,NA,NA,NA,1.3390586982297266,3.4548599236057504,NA,1.3390586982297266,geo_region,1
12,fish_oil,2019,NA,NA,NA,NA,1.2526439137430962,3.2124334731657735,NA,1.2526439137430962,geo_region,1
12,fish_oil,2020,NA,NA,NA,NA,1.271589315568058,4.395076265231746,NA,1.271589315568058,geo_region,1
12,fish_oil,2021,NA,NA,NA,NA,1.2764244361532855,3.306193203690287,NA,1.2764244361532855,geo_region,1
12,fish_oil,2022,NA,NA,NA,NA,1.61186422028017,8.148638976069059,NA,1.61186422028017,geo_region,1
13,seaweeds,2018,NA,NA,NA,NA,33.43536067892503,10.275189421593952,NA,33.43536067892503,geo_region,1
13,seaweeds,2019,NA,NA,NA,NA,26.606902747831157,16.29898735556039,NA,26.606902747831157,geo_region,1
13,seaweeds,2020,NA,NA,NA,NA,16.27481174370217,10.904686467625826,NA,16.27481174370217,geo_region,1
13,seaweeds,2021,NA,NA,NA,NA,21.14420214803502,18.484025191907875,NA,21.14420214803502,geo_region,1
13,seaweeds,2022,NA,NA,NA,NA,24.05035936355738,11.505365226299725,NA,24.05035936355738,geo_region,1
13,ornamentals,2018,NA,NA,NA,NA,790.9594797423088,39634.778748635654,NA,790.9594797423088,geo_region,1
13,ornamentals,2019,NA,NA,NA,NA,1233.9306211288915,214.05315606677638,NA,1233.9306211288915,geo_region,1
13,ornamentals,2020,NA,NA,NA,NA,1128.7078357250932,263.37100345054444,NA,1128.7078357250932,geo_region,1
13,ornamentals,2021,NA,NA,NA,NA,2080.9481310834467,315.17903827248927,NA,2080.9481310834467,geo_region,1
13,ornamentals,2022,NA,NA,NA,NA,7.0375,354.129859434226,NA,7.0375,geo_region,1
13,fish_oil,2018,NA,NA,NA,NA,1.3390586982297266,3.4548599236057504,NA,1.3390586982297266,geo_region,1
13,fish_oil,2019,NA,NA,NA,NA,1.2526439137430962,3.2124334731657735,NA,1.2526439137430962,geo_region,1
13,fish_oil,2020,NA,NA,NA,NA,1.271589315568058,4.395076265231746,NA,1.271589315568058,geo_region,1
13,fish_oil,2021,NA,NA,NA,NA,1.2764244361532855,3.306193203690287,NA,1.2764244361532855,geo_region,1
13,fish_oil,2022,NA,NA,NA,NA,1.61186422028017,8.148638976069059,NA,1.61186422028017,geo_region,1
14,fish_oil,2018,34.75,350.75,r2,30,4.546074210711093,3.4548599236057504,10.093525179856115,10.093525179856115,none,0
14,fish_oil,2019,19.05,296.49,r2,30,5.919152840443222,3.2124334731657735,15.563779527559054,15.563779527559054,none,0
14,fish_oil,2020,14.0825,181.9125,r2,30,5.455188340752984,4.395076265231746,12.917628262027339,12.917628262027339,none,0
14,fish_oil,2021,4.3325,67.51,r2,30,6.419276429218941,3.306193203690287,15.582227351413737,15.582227351413737,none,0
14,fish_oil,2022,0.095,5.24,r2,30,16.630907898747427,8.148638976069059,55.15789473684211,55.15789473684211,none,0
14,ornamentals,2018,44.5,2303.75,r2,30,65.38803482499006,39634.778748635654,51.76966292134831,51.76966292134831,none,0
14,ornamentals,2019,47.8925,2525.8025,r2,30,2765.8454340741005,214.05315606677638,52.73899879939447,52.73899879939447,none,0
14,ornamentals,2020,46.685,2418.9225,r2,30,3660.703410341339,263.37100345054444,51.813698189996785,51.813698189996785,none,0
14,ornamentals,2021,39.9475,2396.1075,r2,30,3993.473240263839,315.17903827248927,59.981413104699925,59.981413104699925,none,0
14,ornamentals,2022,31.9625,2277.5975,r2,30,4909.999794793812,354.129859434226,71.25842784513101,71.25842784513101,none,0
14,seaweeds,2018,800.5,5367,r2,30,8.137668270038583,10.275189421593952,6.704559650218614,6.704559650218614,none,0
14,seaweeds,2019,901.04,5116.345,r2,30,8.097901720053917,16.29898735556039,5.678266225694753,5.678266225694753,none,0
14,seaweeds,2020,731.125,4157.43,r2,30,10.11932016859041,10.904686467625826,5.6863463839972646,5.6863463839972646,none,0
14,seaweeds,2021,720.0550000000001,3634.32,r2,30,10.05039780453991,18.484025191907875,5.047281110470728,5.047281110470728,none,0
14,seaweeds,2022,661.815,2739.6,r2,30,9.360245044858877,11.505365226299725,4.1395253960698986,4.1395253960698986,none,0
15,fish_oil,2018,516.25,2223,r2,35,4.702077295284629,3.4548599236057504,4.306053268765133,4.306053268765133,none,0
15,fish_oil,2019,699.87,2551.26,r2,35,4.463701931205542,3.2124334731657735,3.6453341334819327,3.6453341334819327,none,0
15,fish_oil,2020,1573.3125,3984.44,r2,35,3.888908488020139,4.395076265231746,2.532516585230207,2.532516585230207,none,0
15,fish_oil,2021,2113.7425,5458.1025,r2,35,4.125339886791366,3.306193203690287,2.5821983992846813,2.5821983992846813,none,0
15,fish_oil,2022,2223.31,5813.3775000000005,r2,35,6.043566430155209,8.148638976069059,2.6147399597896834,2.6147399597896834,none,0
15,ornamentals,2018,5908.25,5655,r2,35,4.420850308050087,39634.778748635654,0.9571362078449626,0.9571362078449626,none,0
15,ornamentals,2019,5717.09,5777.085,r2,35,5.16003729904374,214.05315606677638,1.0104939750817286,1.0104939750817286,none,0
15,ornamentals,2020,5030.835,5319.175,r2,35,6.073033195602348,263.37100345054444,1.05731454122427,1.05731454122427,none,0
15,ornamentals,2021,5326.1,5387.0075,r2,35,7.761660915503255,315.17903827248927,1.0114356658718386,1.0114356658718386,none,0
15,ornamentals,2022,5973.8825,5283.6325,r2,35,11.397724261342796,354.129859434226,0.8844553772190866,0.8844553772190866,none,0
15,seaweeds,2018,11635.5,13779.75,r2,35,4.880607874947624,10.275189421593952,1.1842851617893515,1.1842851617893515,none,0
15,seaweeds,2019,12062.425,17880.8875,r2,35,5.335437707792218,16.29898735556039,1.482362584637832,1.482362584637832,none,0
15,seaweeds,2020,13351.4825,22657.95,r2,35,5.686256030491027,10.904686467625826,1.697036265448425,1.697036265448425,none,0
15,seaweeds,2021,13520.04,23183.7425,r2,35,5.832575561749689,18.484025191907875,1.7147687802698808,1.7147687802698808,none,0
15,seaweeds,2022,15655.632500000002,27196.175,r2,35,5.9883235769503,11.505365226299725,1.7371495530442476,1.7371495530442476,none,0
16,fish_oil,2018,3480.5,7426,r2,53,2.2833393915708022,3.4548599236057504,2.133601494038213,2.133601494038213,none,0
16,fish_oil,2019,2175.185,5357.305,r2,53,2.45584267463423,3.2124334731657735,2.4629192459491955,2.4629192459491955,none,0
16,fish_oil,2020,1919.5375,4504,r2,53,2.555594828739243,4.395076265231746,2.3463985465248793,2.3463985465248793,none,0
16,fish_oil,2021,1785.14,5098.4400000000005,r2,53,2.862192299235069,3.306193203690287,2.85604490404114,2.85604490404114,none,0
16,fish_oil,2022,2145.5675,6910.38,r2,53,3.0210339730264915,8.148638976069059,3.220770262413091,3.220770262413091,none,0
16,ornamentals,2018,260.28704479019143,1398.75,r2,53,5.373874835482054,39634.778748635654,5.373874835482054,5.373874835482054,none,0
16,ornamentals,2019,205.44705089314948,1507.1225,r2,53,19.414063639572674,214.05315606677638,7.335819586837662,7.335819586837662,none,0
16,ornamentals,2020,144.17378539776655,1389.0875,r2,53,19.92005563906819,263.37100345054444,9.634813264891351,9.634813264891351,none,0
16,ornamentals,2021,79.04859041914483,1307.8625,r2,53,23.375171597254617,315.17903827248927,16.545045181264204,16.545045181264204,none,0
16,ornamentals,2022,0,1257.615,r2,53,28.218543046357617,354.129859434226,NA,28.218543046357617,geo_region,1
16,seaweeds,2018,834.25,2020.25,r2,53,10.143539812628127,10.275189421593952,2.4216362001798024,2.4216362001798024,none,0
16,seaweeds,2019,954.43,2101.1975,r2,53,11.787004381653329,16.29898735556039,2.2015208029923623,2.2015208029923623,none,0
16,seaweeds,2020,892.0625,2147.9775,r2,53,14.720871225999414,10.904686467625826,2.407877811252014,2.407877811252014,none,0
16,seaweeds,2021,783.5625,2090.685,r2,53,17.101254897840988,18.484025191907875,2.6681789901890403,2.6681789901890403,none,0
16,seaweeds,2022,765.135,2093.3375,r2,53,14.014046204001941,11.505365226299725,2.735906081933254,2.735906081933254,none,0
17,fish_oil,2018,5.25,9.5,r2,54,1.8095238095238095,3.4548599236057504,1.8095238095238095,1.8095238095238095,none,0
17,fish_oil,2019,59.28,112.535,r2,54,1.898363697705803,3.2124334731657735,1.898363697705803,1.898363697705803,none,0
17,fish_oil,2020,122.03,193.5075,r2,54,1.5857371138244694,4.395076265231746,1.5857371138244694,1.5857371138244694,none,0
17,fish_oil,2021,228.66,386.185,r2,54,1.6889049243418175,3.306193203690287,1.6889049243418175,1.6889049243418175,none,0
17,fish_oil,2022,335.28999999999996,578.8625,r2,54,1.7264532196009426,8.148638976069059,1.7264532196009426,1.7264532196009426,none,0
17,ornamentals,2018,0,0.75,r2,54,17.10394249717243,39634.778748635654,NA,17.10394249717243,geo_region,1
17,ornamentals,2019,7.7675,89.5525,r2,54,16.627512784189875,214.05315606677638,11.5291277759897,11.5291277759897,none,0
17,ornamentals,2020,7.7725,154.3475,r2,54,24.439445222341902,263.37100345054444,19.85815374718559,19.85815374718559,none,0
17,ornamentals,2021,7.7775,205.3975,r2,54,28.12662289435575,315.17903827248927,26.40919318547091,26.40919318547091,none,0
17,ornamentals,2022,7.7825,256.4475,r2,54,21.12041412346486,354.129859434226,32.95181496948281,32.95181496948281,none,0
17,seaweeds,2018,60.5,32,r2,54,1.0026331284222698,10.275189421593952,0.5289256198347108,0.5289256198347108,none,0
17,seaweeds,2019,60.5,32,r2,54,1.0933646147112588,16.29898735556039,0.5289256198347108,0.5289256198347108,none,0
17,seaweeds,2020,40.75,19,r2,54,1.0196604348613976,10.904686467625826,0.4662576687116564,0.4662576687116564,none,0
17,seaweeds,2021,0,0,r2,54,301.1861916894571,18.484025191907875,NA,301.1861916894571,geo_region,1
17,seaweeds,2022,0,0,r2,54,1.1513679661287632,11.505365226299725,NA,1.1513679661287632,geo_region,1
18,ornamentals,2018,82.75,694.25,r2,54,17.10394249717243,39634.778748635654,8.389728096676738,8.389728096676738,none,0
18,ornamentals,2019,96.525,793.38,r2,54,16.627512784189875,214.05315606677638,8.21942501942502,8.21942501942502,none,0
18,ornamentals,2020,118.0625,1001.1575,r2,54,24.439445222341902,263.37100345054444,8.479894123875066,8.479894123875066,none,0
18,ornamentals,2021,152.255,1334.3575,r2,54,28.12662289435575,315.17903827248927,8.763965058618766,8.763965058618766,none,0
18,ornamentals,2022,188.4775,1750.77,r2,54,21.12041412346486,354.129859434226,9.28901327744691,9.28901327744691,none,0
18,seaweeds,2018,16,8.75,r2,54,1.0026331284222698,10.275189421593952,0.546875,0.546875,none,0
18,seaweeds,2019,3.7525,3.7525,r2,54,1.0933646147112588,16.29898735556039,1,1,none,0
18,seaweeds,2020,3.7525,2.2525,r2,54,1.0196604348613976,10.904686467625826,0.6002664890073285,0.6002664890073285,none,0
18,seaweeds,2021,0.0025,1.5025,r2,54,301.1861916894571,18.484025191907875,601,601,none,0
18,seaweeds,2022,0.0025,0.0025,r2,54,1.1513679661287632,11.505365226299725,1,1,none,0
18,fish_oil,2018,NA,NA,r2,54,1.8095238095238095,3.4548599236057504,NA,1.8095238095238095,geo_region,1
18,fish_oil,2019,NA,NA,r2,54,1.898363697705803,3.2124334731657735,NA,1.898363697705803,geo_region,1
18,fish_oil,2020,NA,NA,r2,54,1.5857371138244694,4.395076265231746,NA,1.5857371138244694,geo_region,1
18,fish_oil,2021,NA,NA,r2,54,1.6889049243418175,3.306193203690287,NA,1.6889049243418175,geo_region,1
18,fish_oil,2022,NA,NA,r2,54,1.7264532196009426,8.148638976069059,NA,1.7264532196009426,geo_region,1
19,seaweeds,2018,NA,NA,r2,61,15.585581085581085,10.275189421593952,NA,15.585581085581085,geo_region,1
19,seaweeds,2019,NA,NA,r2,61,14.44776119402985,16.29898735556039,NA,14.44776119402985,geo_region,1
19,seaweeds,2020,NA,NA,r2,61,1.1630434782608696,10.904686467625826,NA,1.1630434782608696,geo_region,1
19,seaweeds,2021,NA,NA,r2,61,22.74975562072336,18.484025191907875,NA,22.74975562072336,geo_region,1
19,seaweeds,2022,NA,NA,r2,61,40.75,11.505365226299725,NA,40.75,geo_region,1
19,ornamentals,2018,NA,NA,r2,61,6.444154457352955,39634.778748635654,NA,6.444154457352955,geo_region,1
19,ornamentals,2019,NA,NA,r2,61,6.2867366961180835,214.05315606677638,NA,6.2867366961180835,geo_region,1
19,ornamentals,2020,NA,NA,r2,61,9.099498883052588,263.37100345054444,NA,9.099498883052588,geo_region,1
19,ornamentals,2021,NA,NA,r2,61,10.055097385506228,315.17903827248927,NA,10.055097385506228,geo_region,1
19,ornamentals,2022,NA,NA,r2,61,11.150603070175437,354.129859434226,NA,11.150603070175437,geo_region,1
19,fish_oil,2018,NA,NA,r2,61,NA,3.4548599236057504,NA,3.4548599236057504,global,1
19,fish_oil,2019,NA,NA,r2,61,NA,3.2124334731657735,NA,3.2124334731657735,global,1
19,fish_oil,2020,NA,NA,r2,61,NA,4.395076265231746,NA,4.395076265231746,global,1
19,fish_oil,2021,NA,NA,r2,61,NA,3.306193203690287,NA,3.306193203690287,global,1
19,fish_oil,2022,NA,NA,r2,61,NA,8.148638976069059,NA,8.148638976069059,global,1
20,fish_oil,2018,1803.5,3780.75,r2,30,4.546074210711093,3.4548599236057504,2.096340449126698,2.096340449126698,none,0
20,fish_oil,2019,1530.96,2842.76,r2,30,5.919152840443222,3.2124334731657735,1.8568479908031563,1.8568479908031563,none,0
20,fish_oil,2020,1391.0025,2563.83,r2,30,5.455188340752984,4.395076265231746,1.8431526902359987,1.8431526902359987,none,0
20,fish_oil,2021,1314.8200000000002,2540.4525,r2,30,6.419276429218941,3.306193203690287,1.9321675210294942,1.9321675210294942,none,0
20,fish_oil,2022,1264.0425,2537.8775,r2,30,16.630907898747427,8.148638976069059,2.0077469705330317,2.0077469705330317,none,0
20,ornamentals,2018,0.3087765145665097,9.25,r2,30,65.38803482499006,39634.778748635654,29.956941553621864,29.956941553621864,none,0
20,ornamentals,2019,0.2625,6.0875,r2,30,2765.8454340741005,214.05315606677638,23.19047619047619,23.19047619047619,none,0
20,ornamentals,2020,0.0375,6.625,r2,30,3660.703410341339,263.37100345054444,176.66666666666669,176.66666666666669,none,0
20,ornamentals,2021,0.125,16.93,r2,30,3993.473240263839,315.17903827248927,135.44,135.44,none,0
20,ornamentals,2022,0.16999999999999998,15.2925,r2,30,4909.999794793812,354.129859434226,89.95588235294119,89.95588235294119,none,0
20,seaweeds,2018,2242.5,24134.75,r2,30,8.137668270038583,10.275189421593952,10.762430323299888,10.762430323299888,none,0
20,seaweeds,2019,2282.4625,25556.5875,r2,30,8.097901720053917,16.29898735556039,11.196936422832795,11.196936422832795,none,0
20,seaweeds,2020,2225.0775,25482.76,r2,30,10.11932016859041,10.904686467625826,11.452526934455092,11.452526934455092,none,0
20,seaweeds,2021,2063.4125,24676.6325,r2,30,10.05039780453991,18.484025191907875,11.959136866719573,11.959136866719573,none,0
20,seaweeds,2022,2433.1425,24279.317499999997,r2,30,9.360245044858877,11.505365226299725,9.978584279383554,9.978584279383554,none,0
21,seaweeds,2018,422,143.5,r2,30,8.137668270038583,10.275189421593952,0.3400473933649289,0.3400473933649289,none,0
21,seaweeds,2019,298.5,102.25,r2,30,8.097901720053917,16.29898735556039,0.3425460636515913,0.3425460636515913,none,0
21,seaweeds,2020,0,1.75,r2,30,10.11932016859041,10.904686467625826,NA,10.11932016859041,geo_region,1
21,seaweeds,2021,0,0.75,r2,30,10.05039780453991,18.484025191907875,NA,10.05039780453991,geo_region,1
21,seaweeds,2022,0,0,r2,30,9.360245044858877,11.505365226299725,NA,9.360245044858877,geo_region,1
21,ornamentals,2018,NA,NA,r2,30,65.38803482499006,39634.778748635654,NA,65.38803482499006,geo_region,1
21,ornamentals,2019,NA,NA,r2,30,2765.8454340741005,214.05315606677638,NA,2765.8454340741005,geo_region,1
21,ornamentals,2020,NA,NA,r2,30,3660.703410341339,263.37100345054444,NA,3660.703410341339,geo_region,1
21,ornamentals,2021,NA,NA,r2,30,3993.473240263839,315.17903827248927,NA,3993.473240263839,geo_region,1
21,ornamentals,2022,NA,NA,r2,30,4909.999794793812,354.129859434226,NA,4909.999794793812,geo_region,1
21,fish_oil,2018,NA,NA,r2,30,4.546074210711093,3.4548599236057504,NA,4.546074210711093,geo_region,1
21,fish_oil,2019,NA,NA,r2,30,5.919152840443222,3.2124334731657735,NA,5.919152840443222,geo_region,1
21,fish_oil,2020,NA,NA,r2,30,5.455188340752984,4.395076265231746,NA,5.455188340752984,geo_region,1
21,fish_oil,2021,NA,NA,r2,30,6.419276429218941,3.306193203690287,NA,6.419276429218941,geo_region,1
21,fish_oil,2022,NA,NA,r2,30,16.630907898747427,8.148638976069059,NA,16.630907898747427,geo_region,1
24,ornamentals,2018,0,0,r2,35,4.420850308050087,39634.778748635654,NA,4.420850308050087,geo_region,1
24,ornamentals,2019,0,0,r2,35,5.16003729904374,214.05315606677638,NA,5.16003729904374,geo_region,1
24,ornamentals,2020,0,0,r2,35,6.073033195602348,263.37100345054444,NA,6.073033195602348,geo_region,1
24,ornamentals,2021,0,0,r2,35,7.761660915503255,315.17903827248927,NA,7.761660915503255,geo_region,1
24,ornamentals,2022,0,0,r2,35,11.397724261342796,354.129859434226,NA,11.397724261342796,geo_region,1
24,seaweeds,2018,0,0,r2,35,4.880607874947624,10.275189421593952,NA,4.880607874947624,geo_region,1
24,seaweeds,2019,0,0,r2,35,5.335437707792218,16.29898735556039,NA,5.335437707792218,geo_region,1
24,seaweeds,2020,0,0,r2,35,5.686256030491027,10.904686467625826,NA,5.686256030491027,geo_region,1
24,seaweeds,2021,0,0,r2,35,5.832575561749689,18.484025191907875,NA,5.832575561749689,geo_region,1
24,seaweeds,2022,0,0,r2,35,5.9883235769503,11.505365226299725,NA,5.9883235769503,geo_region,1
24,fish_oil,2018,NA,NA,r2,35,4.702077295284629,3.4548599236057504,NA,4.702077295284629,geo_region,1
24,fish_oil,2019,NA,NA,r2,35,4.463701931205542,3.2124334731657735,NA,4.463701931205542,geo_region,1
24,fish_oil,2020,NA,NA,r2,35,3.888908488020139,4.395076265231746,NA,3.888908488020139,geo_region,1
24,fish_oil,2021,NA,NA,r2,35,4.125339886791366,3.306193203690287,NA,4.125339886791366,geo_region,1
24,fish_oil,2022,NA,NA,r2,35,6.043566430155209,8.148638976069059,NA,6.043566430155209,geo_region,1
25,fish_oil,2018,3518.5,13705.25,r2,35,4.702077295284629,3.4548599236057504,3.8951968168253517,3.8951968168253517,none,0
25,fish_oil,2019,3815.8825,15660.9075,r2,35,4.463701931205542,3.2124334731657735,4.1041377715377765,4.1041377715377765,none,0
25,fish_oil,2020,4330.7575,17726.1575,r2,35,3.888908488020139,4.395076265231746,4.0930847548032885,4.0930847548032885,none,0
25,fish_oil,2021,5258.4875,20016.1675,r2,35,4.125339886791366,3.306193203690287,3.8064495731900094,3.8064495731900094,none,0
25,fish_oil,2022,6167.69,21791.28,r2,35,6.043566430155209,8.148638976069059,3.5331347716892387,3.5331347716892387,none,0
25,ornamentals,2018,903.75,12987,r2,35,4.420850308050087,39634.778748635654,14.370124481327801,14.370124481327801,none,0
25,ornamentals,2019,801.715,13590.2625,r2,35,5.16003729904374,214.05315606677638,16.95148837180295,16.95148837180295,none,0
25,ornamentals,2020,627.7525,12910.2525,r2,35,6.073033195602348,263.37100345054444,20.565832075539323,20.565832075539323,none,0
25,ornamentals,2021,545.2725,12112.6725,r2,35,7.761660915503255,315.17903827248927,22.21398016588036,22.21398016588036,none,0
25,ornamentals,2022,386.5575,8657.012499999999,r2,35,11.397724261342796,354.129859434226,22.395148199168297,22.395148199168297,none,0
25,seaweeds,2018,703.25,5816,r2,35,4.880607874947624,10.275189421593952,8.270174191254888,8.270174191254888,none,0
25,seaweeds,2019,557.725,5447.9275,r2,35,5.335437707792218,16.29898735556039,9.7681249719844,9.7681249719844,none,0
25,seaweeds,2020,458.9275,4987.7375,r2,35,5.686256030491027,10.904686467625826,10.86824716322295,10.86824716322295,none,0
25,seaweeds,2021,411.7575,4554.1475,r2,35,5.832575561749689,18.484025191907875,11.060266054655957,11.060266054655957,none,0
25,seaweeds,2022,355.65,4396.3125,r2,35,5.9883235769503,11.505365226299725,12.361345423871786,12.361345423871786,none,0
26,seaweeds,2018,NA,NA,r2,34,4.615394502700786,10.275189421593952,NA,4.615394502700786,geo_region,1
26,seaweeds,2019,NA,NA,r2,34,5.291433528267817,16.29898735556039,NA,5.291433528267817,geo_region,1
26,seaweeds,2020,NA,NA,r2,34,4.60769301035278,10.904686467625826,NA,4.60769301035278,geo_region,1
26,seaweeds,2021,NA,NA,r2,34,4.924905746560749,18.484025191907875,NA,4.924905746560749,geo_region,1
26,seaweeds,2022,NA,NA,r2,34,4.9143801462924674,11.505365226299725,NA,4.9143801462924674,geo_region,1
26,ornamentals,2018,NA,NA,r2,34,9.793720058572863,39634.778748635654,NA,9.793720058572863,geo_region,1
26,ornamentals,2019,NA,NA,r2,34,9.645740556034559,214.05315606677638,NA,9.645740556034559,geo_region,1
26,ornamentals,2020,NA,NA,r2,34,9.642187711081062,263.37100345054444,NA,9.642187711081062,geo_region,1
26,ornamentals,2021,NA,NA,r2,34,8.901348616570035,315.17903827248927,NA,8.901348616570035,geo_region,1
26,ornamentals,2022,NA,NA,r2,34,9.96349564715308,354.129859434226,NA,9.96349564715308,geo_region,1
26,fish_oil,2018,NA,NA,r2,34,6.412578769890091,3.4548599236057504,NA,6.412578769890091,geo_region,1
26,fish_oil,2019,NA,NA,r2,34,6.936688359708423,3.2124334731657735,NA,6.936688359708423,geo_region,1
26,fish_oil,2020,NA,NA,r2,34,7.407003934011522,4.395076265231746,NA,7.407003934011522,geo_region,1
26,fish_oil,2021,NA,NA,r2,34,7.5418588973937855,3.306193203690287,NA,7.5418588973937855,geo_region,1
26,fish_oil,2022,NA,NA,r2,34,7.763712526014334,8.148638976069059,NA,7.763712526014334,geo_region,1
28,seaweeds,2018,NA,NA,r2,14,0.45218351941683255,10.275189421593952,NA,0.45218351941683255,geo_region,1
28,seaweeds,2019,NA,NA,r2,14,0.9956685839914019,16.29898735556039,NA,0.9956685839914019,geo_region,1
28,seaweeds,2020,NA,NA,r2,14,1.0579441333278639,10.904686467625826,NA,1.0579441333278639,geo_region,1
28,seaweeds,2021,NA,NA,r2,14,1.135183850075545,18.484025191907875,NA,1.135183850075545,geo_region,1
28,seaweeds,2022,NA,NA,r2,14,1.1601891158060684,11.505365226299725,NA,1.1601891158060684,geo_region,1
28,ornamentals,2018,NA,NA,r2,14,10.79449051490515,39634.778748635654,NA,10.79449051490515,geo_region,1
28,ornamentals,2019,NA,NA,r2,14,9.9345890452497585,214.05315606677638,NA,9.9345890452497585,geo_region,1
28,ornamentals,2020,NA,NA,r2,14,14.37024340237346,263.37100345054444,NA,14.37024340237346,geo_region,1
28,ornamentals,2021,NA,NA,r2,14,7.447977572027137,315.17903827248927,NA,7.447977572027137,geo_region,1
28,ornamentals,2022,NA,NA,r2,14,7.858590255796274,354.129859434226,NA,7.858590255796274,geo_region,1
28,fish_oil,2018,NA,NA,r2,14,5.915613683652038,3.4548599236057504,NA,5.915613683652038,geo_region,1
28,fish_oil,2019,NA,NA,r2,14,6.152920069031538,3.2124334731657735,NA,6.152920069031538,geo_region,1
28,fish_oil,2020,NA,NA,r2,14,5.542889568576166,4.395076265231746,NA,5.542889568576166,geo_region,1
28,fish_oil,2021,NA,NA,r2,14,5.6635159540174,3.306193203690287,NA,5.6635159540174,geo_region,1
28,fish_oil,2022,NA,NA,r2,14,5.512365654553643,8.148638976069059,NA,5.512365654553643,geo_region,1
29,ornamentals,2018,0,0,r2,14,10.79449051490515,39634.778748635654,NA,10.79449051490515,geo_region,1
29,ornamentals,2019,0,0,r2,14,9.9345890452497585,214.05315606677638,NA,9.9345890452497585,geo_region,1
29,ornamentals,2020,0,0,r2,14,14.37024340237346,263.37100345054444,NA,14.37024340237346,geo_region,1
29,ornamentals,2021,0,0,r2,14,7.447977572027137,315.17903827248927,NA,7.447977572027137,geo_region,1
29,ornamentals,2022,0,0,r2,14,7.858590255796274,354.129859434226,NA,7.858590255796274,geo_region,1
29,seaweeds,2018,NA,NA,r2,14,0.45218351941683255,10.275189421593952,NA,0.45218351941683255,geo_region,1
29,seaweeds,2019,NA,NA,r2,14,0.9956685839914019,16.29898735556039,NA,0.9956685839914019,geo_region,1
29,seaweeds,2020,NA,NA,r2,14,1.0579441333278639,10.904686467625826,NA,1.0579441333278639,geo_region,1
29,seaweeds,2021,NA,NA,r2,14,1.135183850075545,18.484025191907875,NA,1.135183850075545,geo_region,1
29,seaweeds,2022,NA,NA,r2,14,1.1601891158060684,11.505365226299725,NA,1.1601891158060684,geo_region,1
29,fish_oil,2018,NA,NA,r2,14,5.915613683652038,3.4548599236057504,NA,5.915613683652038,geo_region,1
29,fish_oil,2019,NA,NA,r2,14,6.152920069031538,3.2124334731657735,NA,6.152920069031538,geo_region,1
29,fish_oil,2020,NA,NA,r2,14,5.542889568576166,4.395076265231746,NA,5.542889568576166,geo_region,1
29,fish_oil,2021,NA,NA,r2,14,5.6635159540174,3.306193203690287,NA,5.6635159540174,geo_region,1
29,fish_oil,2022,NA,NA,r2,14,5.512365654553643,8.148638976069059,NA,5.512365654553643,geo_region,1
30,seaweeds,2018,NA,NA,NA,NA,33.43536067892503,10.275189421593952,NA,33.43536067892503,geo_region,1
30,seaweeds,2019,NA,NA,NA,NA,26.606902747831157,16.29898735556039,NA,26.606902747831157,geo_region,1
30,seaweeds,2020,NA,NA,NA,NA,16.27481174370217,10.904686467625826,NA,16.27481174370217,geo_region,1
30,seaweeds,2021,NA,NA,NA,NA,21.14420214803502,18.484025191907875,NA,21.14420214803502,geo_region,1
30,seaweeds,2022,NA,NA,NA,NA,24.05035936355738,11.505365226299725,NA,24.05035936355738,geo_region,1
30,ornamentals,2018,NA,NA,NA,NA,790.9594797423088,39634.778748635654,NA,790.9594797423088,geo_region,1
30,ornamentals,2019,NA,NA,NA,NA,1233.9306211288915,214.05315606677638,NA,1233.9306211288915,geo_region,1
30,ornamentals,2020,NA,NA,NA,NA,1128.7078357250932,263.37100345054444,NA,1128.7078357250932,geo_region,1
30,ornamentals,2021,NA,NA,NA,NA,2080.9481310834467,315.17903827248927,NA,2080.9481310834467,geo_region,1
30,ornamentals,2022,NA,NA,NA,NA,7.0375,354.129859434226,NA,7.0375,geo_region,1
30,fish_oil,2018,NA,NA,NA,NA,1.3390586982297266,3.4548599236057504,NA,1.3390586982297266,geo_region,1
30,fish_oil,2019,NA,NA,NA,NA,1.2526439137430962,3.2124334731657735,NA,1.2526439137430962,geo_region,1
30,fish_oil,2020,NA,NA,NA,NA,1.271589315568058,4.395076265231746,NA,1.271589315568058,geo_region,1
30,fish_oil,2021,NA,NA,NA,NA,1.2764244361532855,3.306193203690287,NA,1.2764244361532855,geo_region,1
30,fish_oil,2022,NA,NA,NA,NA,1.61186422028017,8.148638976069059,NA,1.61186422028017,geo_region,1
31,fish_oil,2018,1573.25,4260,r2,14,5.915613683652038,3.4548599236057504,2.707770538693787,2.707770538693787,none,0
31,fish_oil,2019,1520.5875,4846.7725,r2,14,6.152920069031538,3.2124334731657735,3.187434133188652,3.187434133188652,none,0
31,fish_oil,2020,1410.9,5013.5275,r2,14,5.542889568576166,4.395076265231746,3.553425118718548,3.553425118718548,none,0
31,fish_oil,2021,1510.13,5387.6900000000005,r2,14,5.6635159540174,3.306193203690287,3.567699469582089,3.567699469582089,none,0
31,fish_oil,2022,835.89,3878.2225,r2,14,5.512365654553643,8.148638976069059,4.6396326071612295,4.6396326071612295,none,0
31,seaweeds,2018,NA,NA,r2,14,0.45218351941683255,10.275189421593952,NA,0.45218351941683255,geo_region,1
31,seaweeds,2019,NA,NA,r2,14,0.9956685839914019,16.29898735556039,NA,0.9956685839914019,geo_region,1
31,seaweeds,2020,NA,NA,r2,14,1.0579441333278639,10.904686467625826,NA,1.0579441333278639,geo_region,1
31,seaweeds,2021,NA,NA,r2,14,1.135183850075545,18.484025191907875,NA,1.135183850075545,geo_region,1
31,seaweeds,2022,NA,NA,r2,14,1.1601891158060684,11.505365226299725,NA,1.1601891158060684,geo_region,1
31,ornamentals,2018,NA,NA,r2,14,10.79449051490515,39634.778748635654,NA,10.79449051490515,geo_region,1
31,ornamentals,2019,NA,NA,r2,14,9.9345890452497585,214.05315606677638,NA,9.9345890452497585,geo_region,1
31,ornamentals,2020,NA,NA,r2,14,14.37024340237346,263.37100345054444,NA,14.37024340237346,geo_region,1
31,ornamentals,2021,NA,NA,r2,14,7.447977572027137,315.17903827248927,NA,7.447977572027137,geo_region,1
31,ornamentals,2022,NA,NA,r2,14,7.858590255796274,354.129859434226,NA,7.858590255796274,geo_region,1
32,seaweeds,2018,NA,NA,r2,14,0.45218351941683255,10.275189421593952,NA,0.45218351941683255,geo_region,1
32,seaweeds,2019,NA,NA,r2,14,0.9956685839914019,16.29898735556039,NA,0.9956685839914019,geo_region,1
32,seaweeds,2020,NA,NA,r2,14,1.0579441333278639,10.904686467625826,NA,1.0579441333278639,geo_region,1
32,seaweeds,2021,NA,NA,r2,14,1.135183850075545,18.484025191907875,NA,1.135183850075545,geo_region,1
32,seaweeds,2022,NA,NA,r2,14,1.1601891158060684,11.505365226299725,NA,1.1601891158060684,geo_region,1
32,ornamentals,2018,NA,NA,r2,14,10.79449051490515,39634.778748635654,NA,10.79449051490515,geo_region,1
32,ornamentals,2019,NA,NA,r2,14,9.9345890452497585,214.05315606677638,NA,9.9345890452497585,geo_region,1
32,ornamentals,2020,NA,NA,r2,14,14.37024340237346,263.37100345054444,NA,14.37024340237346,geo_region,1
32,ornamentals,2021,NA,NA,r2,14,7.447977572027137,315.17903827248927,NA,7.447977572027137,geo_region,1
32,ornamentals,2022,NA,NA,r2,14,7.858590255796274,354.129859434226,NA,7.858590255796274,geo_region,1
32,fish_oil,2018,NA,NA,r2,14,5.915613683652038,3.4548599236057504,NA,5.915613683652038,geo_region,1
32,fish_oil,2019,NA,NA,r2,14,6.152920069031538,3.2124334731657735,NA,6.152920069031538,geo_region,1
32,fish_oil,2020,NA,NA,r2,14,5.542889568576166,4.395076265231746,NA,5.542889568576166,geo_region,1
32,fish_oil,2021,NA,NA,r2,14,5.6635159540174,3.306193203690287,NA,5.6635159540174,geo_region,1
32,fish_oil,2022,NA,NA,r2,14,5.512365654553643,8.148638976069059,NA,5.512365654553643,geo_region,1
33,seaweeds,2018,NA,NA,NA,NA,33.43536067892503,10.275189421593952,NA,33.43536067892503,geo_region,1
33,seaweeds,2019,NA,NA,NA,NA,26.606902747831157,16.29898735556039,NA,26.606902747831157,geo_region,1
33,seaweeds,2020,NA,NA,NA,NA,16.27481174370217,10.904686467625826,NA,16.27481174370217,geo_region,1
33,seaweeds,2021,NA,NA,NA,NA,21.14420214803502,18.484025191907875,NA,21.14420214803502,geo_region,1
33,seaweeds,2022,NA,NA,NA,NA,24.05035936355738,11.505365226299725,NA,24.05035936355738,geo_region,1
33,ornamentals,2018,NA,NA,NA,NA,790.9594797423088,39634.778748635654,NA,790.9594797423088,geo_region,1
33,ornamentals,2019,NA,NA,NA,NA,1233.9306211288915,214.05315606677638,NA,1233.9306211288915,geo_region,1
33,ornamentals,2020,NA,NA,NA,NA,1128.7078357250932,263.37100345054444,NA,1128.7078357250932,geo_region,1
33,ornamentals,2021,NA,NA,NA,NA,2080.9481310834467,315.17903827248927,NA,2080.9481310834467,geo_region,1
33,ornamentals,2022,NA,NA,NA,NA,7.0375,354.129859434226,NA,7.0375,geo_region,1
33,fish_oil,2018,NA,NA,NA,NA,1.3390586982297266,3.4548599236057504,NA,1.3390586982297266,geo_region,1
33,fish_oil,2019,NA,NA,NA,NA,1.2526439137430962,3.2124334731657735,NA,1.2526439137430962,geo_region,1
33,fish_oil,2020,NA,NA,NA,NA,1.271589315568058,4.395076265231746,NA,1.271589315568058,geo_region,1
33,fish_oil,2021,NA,NA,NA,NA,1.2764244361532855,3.306193203690287,NA,1.2764244361532855,geo_region,1
33,fish_oil,2022,NA,NA,NA,NA,1.61186422028017,8.148638976069059,NA,1.61186422028017,geo_region,1
34,seaweeds,2018,NA,NA,NA,NA,33.43536067892503,10.275189421593952,NA,33.43536067892503,geo_region,1
34,seaweeds,2019,NA,NA,NA,NA,26.606902747831157,16.29898735556039,NA,26.606902747831157,geo_region,1
34,seaweeds,2020,NA,NA,NA,NA,16.27481174370217,10.904686467625826,NA,16.27481174370217,geo_region,1
34,seaweeds,2021,NA,NA,NA,NA,21.14420214803502,18.484025191907875,NA,21.14420214803502,geo_region,1
34,seaweeds,2022,NA,NA,NA,NA,24.05035936355738,11.505365226299725,NA,24.05035936355738,geo_region,1
34,ornamentals,2018,NA,NA,NA,NA,790.9594797423088,39634.778748635654,NA,790.9594797423088,geo_region,1
34,ornamentals,2019,NA,NA,NA,NA,1233.9306211288915,214.05315606677638,NA,1233.9306211288915,geo_region,1
34,ornamentals,2020,NA,NA,NA,NA,1128.7078357250932,263.37100345054444,NA,1128.7078357250932,geo_region,1
34,ornamentals,2021,NA,NA,NA,NA,2080.9481310834467,315.17903827248927,NA,2080.9481310834467,geo_region,1
34,ornamentals,2022,NA,NA,NA,NA,7.0375,354.129859434226,NA,7.0375,geo_region,1
34,fish_oil,2018,NA,NA,NA,NA,1.3390586982297266,3.4548599236057504,NA,1.3390586982297266,geo_region,1
34,fish_oil,2019,NA,NA,NA,NA,1.2526439137430962,3.2124334731657735,NA,1.2526439137430962,geo_region,1
34,fish_oil,2020,NA,NA,NA,NA,1.271589315568058,4.395076265231746,NA,1.271589315568058,geo_region,1
34,fish_oil,2021,NA,NA,NA,NA,1.2764244361532855,3.306193203690287,NA,1.2764244361532855,geo_region,1
34,fish_oil,2022,NA,NA,NA,NA,1.61186422028017,8.148638976069059,NA,1.61186422028017,geo_region,1
35,seaweeds,2018,NA,NA,NA,NA,33.43536067892503,10.275189421593952,NA,33.43536067892503,geo_region,1
35,seaweeds,2019,NA,NA,NA,NA,26.606902747831157,16.29898735556039,NA,26.606902747831157,geo_region,1
35,seaweeds,2020,NA,NA,NA,NA,16.27481174370217,10.904686467625826,NA,16.27481174370217,geo_region,1
35,seaweeds,2021,NA,NA,NA,NA,21.14420214803502,18.484025191907875,NA,21.14420214803502,geo_region,1
35,seaweeds,2022,NA,NA,NA,NA,24.05035936355738,11.505365226299725,NA,24.05035936355738,geo_region,1
35,ornamentals,2018,NA,NA,NA,NA,790.9594797423088,39634.778748635654,NA,790.9594797423088,geo_region,1
35,ornamentals,2019,NA,NA,NA,NA,1233.9306211288915,214.05315606677638,NA,1233.9306211288915,geo_region,1
35,ornamentals,2020,NA,NA,NA,NA,1128.7078357250932,263.37100345054444,NA,1128.7078357250932,geo_region,1
35,ornamentals,2021,NA,NA,NA,NA,2080.9481310834467,315.17903827248927,NA,2080.9481310834467,geo_region,1
35,ornamentals,2022,NA,NA,NA,NA,7.0375,354.129859434226,NA,7.0375,geo_region,1
35,fish_oil,2018,NA,NA,NA,NA,1.3390586982297266,3.4548599236057504,NA,1.3390586982297266,geo_region,1
35,fish_oil,2019,NA,NA,NA,NA,1.2526439137430962,3.2124334731657735,NA,1.2526439137430962,geo_region,1
35,fish_oil,2020,NA,NA,NA,NA,1.271589315568058,4.395076265231746,NA,1.271589315568058,geo_region,1
35,fish_oil,2021,NA,NA,NA,NA,1.2764244361532855,3.306193203690287,NA,1.2764244361532855,geo_region,1
35,fish_oil,2022,NA,NA,NA,NA,1.61186422028017,8.148638976069059,NA,1.61186422028017,geo_region,1
36,seaweeds,2018,NA,NA,NA,NA,33.43536067892503,10.275189421593952,NA,33.43536067892503,geo_region,1
36,seaweeds,2019,NA,NA,NA,NA,26.606902747831157,16.29898735556039,NA,26.606902747831157,geo_region,1
36,seaweeds,2020,NA,NA,NA,NA,16.27481174370217,10.904686467625826,NA,16.27481174370217,geo_region,1
36,seaweeds,2021,NA,NA,NA,NA,21.14420214803502,18.484025191907875,NA,21.14420214803502,geo_region,1
36,seaweeds,2022,NA,NA,NA,NA,24.05035936355738,11.505365226299725,NA,24.05035936355738,geo_region,1
36,ornamentals,2018,NA,NA,NA,NA,790.9594797423088,39634.778748635654,NA,790.9594797423088,geo_region,1
36,ornamentals,2019,NA,NA,NA,NA,1233.9306211288915,214.05315606677638,NA,1233.9306211288915,geo_region,1
36,ornamentals,2020,NA,NA,NA,NA,1128.7078357250932,263.37100345054444,NA,1128.7078357250932,geo_region,1
36,ornamentals,2021,NA,NA,NA,NA,2080.9481310834467,315.17903827248927,NA,2080.9481310834467,geo_region,1
36,ornamentals,2022,NA,NA,NA,NA,7.0375,354.129859434226,NA,7.0375,geo_region,1
36,fish_oil,2018,NA,NA,NA,NA,1.3390586982297266,3.4548599236057504,NA,1.3390586982297266,geo_region,1
36,fish_oil,2019,NA,NA,NA,NA,1.2526439137430962,3.2124334731657735,NA,1.2526439137430962,geo_region,1
36,fish_oil,2020,NA,NA,NA,NA,1.271589315568058,4.395076265231746,NA,1.271589315568058,geo_region,1
36,fish_oil,2021,NA,NA,NA,NA,1.2764244361532855,3.306193203690287,NA,1.2764244361532855,geo_region,1
36,fish_oil,2022,NA,NA,NA,NA,1.61186422028017,8.148638976069059,NA,1.61186422028017,geo_region,1
37,fish_oil,2018,1734,3930,r2,14,5.915613683652038,3.4548599236057504,2.2664359861591694,2.2664359861591694,none,0
37,fish_oil,2019,1829.5725,4956.4825,r2,14,6.152920069031538,3.2124334731657735,2.709093244460113,2.709093244460113,none,0
37,fish_oil,2020,1890.2475,5794.9725,r2,14,5.542889568576166,4.395076265231746,3.0657215523364005,3.0657215523364005,none,0
37,fish_oil,2021,2011.47,6131.005,r2,14,5.6635159540174,3.306193203690287,3.0480220932949535,3.0480220932949535,none,0
37,fish_oil,2022,2039.71,6429.967500000001,r2,14,5.512365654553643,8.148638976069059,3.152392987238382,3.152392987238382,none,0
37,ornamentals,2018,6.25,92.75,r2,14,10.79449051490515,39634.778748635654,14.84,14.84,none,0
37,ornamentals,2019,7.325,105.4475,r2,14,9.9345890452497585,214.05315606677638,14.39556313993174,14.39556313993174,none,0
37,ornamentals,2020,5.325,83.0425,r2,14,14.37024340237346,263.37100345054444,15.594835680751174,15.594835680751174,none,0
37,ornamentals,2021,4.0875,65.8675,r2,14,7.447977572027137,315.17903827248927,16.114373088685017,16.114373088685017,none,0
37,ornamentals,2022,2.2575,27.135,r2,14,7.858590255796274,354.129859434226,12.019933554817277,12.019933554817277,none,0
37,seaweeds,2018,0,0.75,r2,14,0.45218351941683255,10.275189421593952,NA,0.45218351941683255,geo_region,1
37,seaweeds,2019,2.375,5.735,r2,14,0.9956685839914019,16.29898735556039,2.4147368421052633,2.4147368421052633,none,0
37,seaweeds,2020,2.53,6.3950000000000005,r2,14,1.0579441333278639,10.904686467625826,2.5276679841897236,2.5276679841897236,none,0
37,seaweeds,2021,2.62,7.1475,r2,14,1.135183850075545,18.484025191907875,2.7280534351145036,2.7280534351145036,none,0
37,seaweeds,2022,2.645,7.08,r2,14,1.1601891158060684,11.505365226299725,2.6767485822306236,2.6767485822306236,none,0
38,seaweeds,2018,NA,NA,r2,34,4.615394502700786,10.275189421593952,NA,4.615394502700786,geo_region,1
38,seaweeds,2019,NA,NA,r2,34,5.291433528267817,16.29898735556039,NA,5.291433528267817,geo_region,1
38,seaweeds,2020,NA,NA,r2,34,4.60769301035278,10.904686467625826,NA,4.60769301035278,geo_region,1
38,seaweeds,2021,NA,NA,r2,34,4.924905746560749,18.484025191907875,NA,4.924905746560749,geo_region,1
38,seaweeds,2022,NA,NA,r2,34,4.9143801462924674,11.505365226299725,NA,4.9143801462924674,geo_region,1
38,ornamentals,2018,NA,NA,r2,34,9.793720058572863,39634.778748635654,NA,9.793720058572863,geo_region,1
38,ornamentals,2019,NA,NA,r2,34,9.645740556034559,214.05315606677638,NA,9.645740556034559,geo_region,1
38,ornamentals,2020,NA,NA,r2,34,9.642187711081062,263.37100345054444,NA,9.642187711081062,geo_region,1
38,ornamentals,2021,NA,NA,r2,34,8.901348616570035,315.17903827248927,NA,8.901348616570035,geo_region,1
38,ornamentals,2022,NA,NA,r2,34,9.96349564715308,354.129859434226,NA,9.96349564715308,geo_region,1
38,fish_oil,2018,NA,NA,r2,34,6.412578769890091,3.4548599236057504,NA,6.412578769890091,geo_region,1
38,fish_oil,2019,NA,NA,r2,34,6.936688359708423,3.2124334731657735,NA,6.936688359708423,geo_region,1
38,fish_oil,2020,NA,NA,r2,34,7.407003934011522,4.395076265231746,NA,7.407003934011522,geo_region,1
38,fish_oil,2021,NA,NA,r2,34,7.5418588973937855,3.306193203690287,NA,7.5418588973937855,geo_region,1
38,fish_oil,2022,NA,NA,r2,34,7.763712526014334,8.148638976069059,NA,7.763712526014334,geo_region,1
39,fish_oil,2018,0,0,r2,34,6.412578769890091,3.4548599236057504,NA,6.412578769890091,geo_region,1
39,fish_oil,2019,0,0,r2,34,6.936688359708423,3.2124334731657735,NA,6.936688359708423,geo_region,1
39,fish_oil,2020,0,0,r2,34,7.407003934011522,4.395076265231746,NA,7.407003934011522,geo_region,1
39,fish_oil,2021,0,0,r2,34,7.5418588973937855,3.306193203690287,NA,7.5418588973937855,geo_region,1
39,fish_oil,2022,0,0,r2,34,7.763712526014334,8.148638976069059,NA,7.763712526014334,geo_region,1
39,ornamentals,2018,402,501.75,r2,34,9.793720058572863,39634.778748635654,1.248134328358209,1.248134328358209,none,0
39,ornamentals,2019,364.4275,463.0175,r2,34,9.645740556034559,214.05315606677638,1.2705339196410808,1.2705339196410808,none,0
39,ornamentals,2020,267.9275,438.2,r2,34,9.642187711081062,263.37100345054444,1.63551707084939,1.63551707084939,none,0
39,ornamentals,2021,247.6,434.4575,r2,34,8.901348616570035,315.17903827248927,1.7546748788368336,1.7546748788368336,none,0
39,ornamentals,2022,231.3275,445.4225,r2,34,9.96349564715308,354.129859434226,1.9255060466222134,1.9255060466222134,none,0
39,seaweeds,2018,NA,NA,r2,34,4.615394502700786,10.275189421593952,NA,4.615394502700786,geo_region,1
39,seaweeds,2019,NA,NA,r2,34,5.291433528267817,16.29898735556039,NA,5.291433528267817,geo_region,1
39,seaweeds,2020,NA,NA,r2,34,4.60769301035278,10.904686467625826,NA,4.60769301035278,geo_region,1
39,seaweeds,2021,NA,NA,r2,34,4.924905746560749,18.484025191907875,NA,4.924905746560749,geo_region,1
39,seaweeds,2022,NA,NA,r2,34,4.9143801462924674,11.505365226299725,NA,4.9143801462924674,geo_region,1
40,fish_oil,2018,8.25,172.5,r2,34,6.412578769890091,3.4548599236057504,20.90909090909091,20.90909090909091,none,0
40,fish_oil,2019,7.4875,174.1075,r2,34,6.936688359708423,3.2124334731657735,23.253088480801335,23.253088480801335,none,0
40,fish_oil,2020,5.8,145.5425,r2,34,7.407003934011522,4.395076265231746,25.09353448275862,25.09353448275862,none,0
40,fish_oil,2021,7.1475,142.56,r2,34,7.5418588973937855,3.306193203690287,19.945435466946485,19.945435466946485,none,0
40,fish_oil,2022,6.96,137.0675,r2,34,7.763712526014334,8.148638976069059,19.69360632183908,19.69360632183908,none,0
40,ornamentals,2018,176.75,6126.75,r2,34,9.793720058572863,39634.778748635654,34.663366336633665,34.663366336633665,none,0
40,ornamentals,2019,217.355,7273.0625,r2,34,9.645740556034559,214.05315606677638,33.46167559982517,33.46167559982517,none,0
40,ornamentals,2020,200.8925,6859.3525,r2,34,9.642187711081062,263.37100345054444,34.14439314558781,34.14439314558781,none,0
40,ornamentals,2021,290.085,7139.202499999999,r2,34,8.901348616570035,315.17903827248927,24.61072616646845,24.61072616646845,none,0
40,ornamentals,2022,288.9875,7063.6475,r2,34,9.96349564715308,354.129859434226,24.442744063324536,24.442744063324536,none,0
40,seaweeds,2018,76.75,68.5,r2,34,4.615394502700786,10.275189421593952,0.8925081433224755,0.8925081433224755,none,0
40,seaweeds,2019,68.2075,69.7675,r2,34,5.291433528267817,16.29898735556039,1.022871385111608,1.022871385111608,none,0
40,seaweeds,2020,76.7625,77.845,r2,34,4.60769301035278,10.904686467625826,1.0141019377951472,1.0141019377951472,none,0
40,seaweeds,2021,96.55,93.93,r2,34,4.924905746560749,18.484025191907875,0.9728638011393062,0.9728638011393062,none,0
40,seaweeds,2022,134.205,108.4475,r2,34,4.9143801462924674,11.505365226299725,0.8080734696918892,0.8080734696918892,none,0
41,fish_oil,2018,118,1480.75,r2,14,5.915613683652038,3.4548599236057504,12.548728813559322,12.548728813559322,none,0
41,fish_oil,2019,118.785,1500.185,r2,14,6.152920069031538,3.2124334731657735,12.629414488361325,12.629414488361325,none,0
41,fish_oil,2020,106.5225,1421.8675,r2,14,5.542889568576166,4.395076265231746,13.348048534347205,13.348048534347205,none,0
41,fish_oil,2021,102.4025,1409.5525,r2,14,5.6635159540174,3.306193203690287,13.764825077512755,13.764825077512755,none,0
41,fish_oil,2022,74.7925,1019.8025,r2,14,5.512365654553643,8.148638976069059,13.635090416819867,13.635090416819867,none,0
41,ornamentals,2018,0.25,0,r2,14,10.79449051490515,39634.778748635654,0,0,none,0
41,ornamentals,2019,0,0,r2,14,9.9345890452497585,214.05315606677638,NA,9.9345890452497585,geo_region,1
41,ornamentals,2020,0,0,r2,14,14.37024340237346,263.37100345054444,NA,14.37024340237346,geo_region,1
41,ornamentals,2021,0,0,r2,14,7.447977572027137,315.17903827248927,NA,7.447977572027137,geo_region,1
41,ornamentals,2022,0,0,r2,14,7.858590255796274,354.129859434226,NA,7.858590255796274,geo_region,1
41,seaweeds,2018,NA,NA,r2,14,0.45218351941683255,10.275189421593952,NA,0.45218351941683255,geo_region,1
41,seaweeds,2019,NA,NA,r2,14,0.9956685839914019,16.29898735556039,NA,0.9956685839914019,geo_region,1
41,seaweeds,2020,NA,NA,r2,14,1.0579441333278639,10.904686467625826,NA,1.0579441333278639,geo_region,1
41,seaweeds,2021,NA,NA,r2,14,1.135183850075545,18.484025191907875,NA,1.135183850075545,geo_region,1
41,seaweeds,2022,NA,NA,r2,14,1.1601891158060684,11.505365226299725,NA,1.1601891158060684,geo_region,1
42,fish_oil,2018,0,0,r2,14,5.915613683652038,3.4548599236057504,NA,5.915613683652038,geo_region,1
42,fish_oil,2019,0,0,r2,14,6.152920069031538,3.2124334731657735,NA,6.152920069031538,geo_region,1
42,fish_oil,2020,8.37,10.3325,r2,14,5.542889568576166,4.395076265231746,1.234468339307049,1.234468339307049,none,0
42,fish_oil,2021,22.32,23.975,r2,14,5.6635159540174,3.306193203690287,1.0741487455197134,1.0741487455197134,none,0
42,fish_oil,2022,40.92,39.815,r2,14,5.512365654553643,8.148638976069059,0.9729960899315737,0.9729960899315737,none,0
42,ornamentals,2018,0.5,17.75,r2,14,10.79449051490515,39634.778748635654,35.5,35.5,none,0
42,ornamentals,2019,0.505,11.99,r2,14,9.9345890452497585,214.05315606677638,23.742574257425744,23.742574257425744,none,0
42,ornamentals,2020,0.255,10.49,r2,14,14.37024340237346,263.37100345054444,41.13725490196079,41.13725490196079,none,0
42,ornamentals,2021,0.2575,3.2725,r2,14,7.447977572027137,315.17903827248927,12.70873786407767,12.70873786407767,none,0
42,ornamentals,2022,0.34,6.2125,r2,14,7.858590255796274,354.129859434226,18.272058823529413,18.272058823529413,none,0
42,seaweeds,2018,1401,842.75,r2,14,0.45218351941683255,10.275189421593952,0.6015346181299072,0.6015346181299072,none,0
42,seaweeds,2019,1651.7075,1094.37,r2,14,0.9956685839914019,16.29898735556039,0.6625688870456784,0.6625688870456784,none,0
42,seaweeds,2020,1794.03,1346.9125,r2,14,1.0579441333278639,10.904686467625826,0.7507747919488525,0.7507747919488525,none,0
42,seaweeds,2021,2052.3424999999997,1710.9225,r2,14,1.135183850075545,18.484025191907875,0.8336437509821095,0.8336437509821095,none,0
42,seaweeds,2022,2565.385,2354.275,r2,14,1.1601891158060684,11.505365226299725,0.9177082582146538,0.9177082582146538,none,0
43,fish_oil,2018,1.5,6.75,r2,14,5.915613683652038,3.4548599236057504,4.5,4.5,none,0
43,fish_oil,2019,2.1475,10.1025,r2,14,6.152920069031538,3.2124334731657735,4.704307334109429,4.704307334109429,none,0
43,fish_oil,2020,2.1625,10.25,r2,14,5.542889568576166,4.395076265231746,4.7398843930635834,4.7398843930635834,none,0
43,fish_oil,2021,0.7124999999999999,4.135,r2,14,5.6635159540174,3.306193203690287,5.803508771929825,5.803508771929825,none,0
43,fish_oil,2022,0.7575,3.91,r2,14,5.512365654553643,8.148638976069059,5.1617161716171625,5.1617161716171625,none,0
43,ornamentals,2018,36,17.5,r2,14,10.79449051490515,39634.778748635654,0.4861111111111111,0.4861111111111111,none,0
43,ornamentals,2019,56.265,29.182499999999997,r2,14,9.9345890452497585,214.05315606677638,0.5186616902159423,0.5186616902159423,none,0
43,ornamentals,2020,148.985,92.92,r2,14,14.37024340237346,263.37100345054444,0.6236869483505051,0.6236869483505051,none,0
43,ornamentals,2021,265.1025,224.8625,r2,14,7.447977572027137,315.17903827248927,0.8482096547561792,0.8482096547561792,none,0
43,ornamentals,2022,365.6575,385.6475,r2,14,7.858590255796274,354.129859434226,1.0546686448384075,1.0546686448384075,none,0
43,seaweeds,2018,11.75,3.25,r2,14,0.45218351941683255,10.275189421593952,0.2765957446808511,0.2765957446808511,none,0
43,seaweeds,2019,33.260000000000005,11.7525,r2,14,0.9956685839914019,16.29898735556039,0.353352375225496,0.353352375225496,none,0
43,seaweeds,2020,33.2675,11.8275,r2,14,1.0579441333278639,10.904686467625826,0.3555271661531525,0.3555271661531525,none,0
43,seaweeds,2021,33.2675,11.8275,r2,14,1.135183850075545,18.484025191907875,0.3555271661531525,0.3555271661531525,none,0
43,seaweeds,2022,25.0175,10.0775,r2,14,1.1601891158060684,11.505365226299725,0.40281802738083344,0.40281802738083344,none,0
44,fish_oil,2018,65.75,496.75,r2,14,5.915613683652038,3.4548599236057504,7.555133079847908,7.555133079847908,none,0
44,fish_oil,2019,65.5,493.5,r2,14,6.152920069031538,3.2124334731657735,7.534351145038168,7.534351145038168,none,0
44,fish_oil,2020,52.25,382.25,r2,14,5.542889568576166,4.395076265231746,7.315789473684211,7.315789473684211,none,0
44,fish_oil,2021,41.5,279,r2,14,5.6635159540174,3.306193203690287,6.72289156626506,6.72289156626506,none,0
44,fish_oil,2022,0,0,r2,14,5.512365654553643,8.148638976069059,NA,5.512365654553643,geo_region,1
44,seaweeds,2018,NA,NA,r2,14,0.45218351941683255,10.275189421593952,NA,0.45218351941683255,geo_region,1
44,seaweeds,2019,NA,NA,r2,14,0.9956685839914019,16.29898735556039,NA,0.9956685839914019,geo_region,1
44,seaweeds,2020,NA,NA,r2,14,1.0579441333278639,10.904686467625826,NA,1.0579441333278639,geo_region,1
44,seaweeds,2021,NA,NA,r2,14,1.135183850075545,18.484025191907875,NA,1.135183850075545,geo_region,1
44,seaweeds,2022,NA,NA,r2,14,1.1601891158060684,11.505365226299725,NA,1.1601891158060684,geo_region,1
44,ornamentals,2018,NA,NA,r2,14,10.79449051490515,39634.778748635654,NA,10.79449051490515,geo_region,1
44,ornamentals,2019,NA,NA,r2,14,9.9345890452497585,214.05315606677638,NA,9.9345890452497585,geo_region,1
44,ornamentals,2020,NA,NA,r2,14,14.37024340237346,263.37100345054444,NA,14.37024340237346,geo_region,1
44,ornamentals,2021,NA,NA,r2,14,7.447977572027137,315.17903827248927,NA,7.447977572027137,geo_region,1
44,ornamentals,2022,NA,NA,r2,14,7.858590255796274,354.129859434226,NA,7.858590255796274,geo_region,1
45,ornamentals,2018,0,0,r2,14,10.79449051490515,39634.778748635654,NA,10.79449051490515,geo_region,1
45,ornamentals,2019,0,0,r2,14,9.9345890452497585,214.05315606677638,NA,9.9345890452497585,geo_region,1
45,ornamentals,2020,0,0,r2,14,14.37024340237346,263.37100345054444,NA,14.37024340237346,geo_region,1
45,ornamentals,2021,0,0,r2,14,7.447977572027137,315.17903827248927,NA,7.447977572027137,geo_region,1
45,ornamentals,2022,0,0,r2,14,7.858590255796274,354.129859434226,NA,7.858590255796274,geo_region,1
45,seaweeds,2018,NA,NA,r2,14,0.45218351941683255,10.275189421593952,NA,0.45218351941683255,geo_region,1
45,seaweeds,2019,NA,NA,r2,14,0.9956685839914019,16.29898735556039,NA,0.9956685839914019,geo_region,1
45,seaweeds,2020,NA,NA,r2,14,1.0579441333278639,10.904686467625826,NA,1.0579441333278639,geo_region,1
45,seaweeds,2021,NA,NA,r2,14,1.135183850075545,18.484025191907875,NA,1.135183850075545,geo_region,1
45,seaweeds,2022,NA,NA,r2,14,1.1601891158060684,11.505365226299725,NA,1.1601891158060684,geo_region,1
45,fish_oil,2018,NA,NA,r2,14,5.915613683652038,3.4548599236057504,NA,5.915613683652038,geo_region,1
45,fish_oil,2019,NA,NA,r2,14,6.152920069031538,3.2124334731657735,NA,6.152920069031538,geo_region,1
45,fish_oil,2020,NA,NA,r2,14,5.542889568576166,4.395076265231746,NA,5.542889568576166,geo_region,1
45,fish_oil,2021,NA,NA,r2,14,5.6635159540174,3.306193203690287,NA,5.6635159540174,geo_region,1
45,fish_oil,2022,NA,NA,r2,14,5.512365654553643,8.148638976069059,NA,5.512365654553643,geo_region,1
46,ornamentals,2018,0,599,r2,14,10.79449051490515,39634.778748635654,NA,10.79449051490515,geo_region,1
46,ornamentals,2019,0,583,r2,14,9.9345890452497585,214.05315606677638,NA,9.9345890452497585,geo_region,1
46,ornamentals,2020,0,443.5,r2,14,14.37024340237346,263.37100345054444,NA,14.37024340237346,geo_region,1
46,ornamentals,2021,0,208,r2,14,7.447977572027137,315.17903827248927,NA,7.447977572027137,geo_region,1
46,ornamentals,2022,0,0,r2,14,7.858590255796274,354.129859434226,NA,7.858590255796274,geo_region,1
46,seaweeds,2018,NA,NA,r2,14,0.45218351941683255,10.275189421593952,NA,0.45218351941683255,geo_region,1
46,seaweeds,2019,NA,NA,r2,14,0.9956685839914019,16.29898735556039,NA,0.9956685839914019,geo_region,1
46,seaweeds,2020,NA,NA,r2,14,1.0579441333278639,10.904686467625826,NA,1.0579441333278639,geo_region,1
46,seaweeds,2021,NA,NA,r2,14,1.135183850075545,18.484025191907875,NA,1.135183850075545,geo_region,1
46,seaweeds,2022,NA,NA,r2,14,1.1601891158060684,11.505365226299725,NA,1.1601891158060684,geo_region,1
46,fish_oil,2018,NA,NA,r2,14,5.915613683652038,3.4548599236057504,NA,5.915613683652038,geo_region,1
46,fish_oil,2019,NA,NA,r2,14,6.152920069031538,3.2124334731657735,NA,6.152920069031538,geo_region,1
46,fish_oil,2020,NA,NA,r2,14,5.542889568576166,4.395076265231746,NA,5.542889568576166,geo_region,1
46,fish_oil,2021,NA,NA,r2,14,5.6635159540174,3.306193203690287,NA,5.6635159540174,geo_region,1
46,fish_oil,2022,NA,NA,r2,14,5.512365654553643,8.148638976069059,NA,5.512365654553643,geo_region,1
47,fish_oil,2018,71.5,451.25,r2,145,3.1482979342019943,3.4548599236057504,6.311188811188811,6.311188811188811,none,0
47,fish_oil,2019,66.75,450.25,r2,145,3.3330369758415266,3.2124334731657735,6.745318352059925,6.745318352059925,none,0
47,fish_oil,2020,175.345,562.1324999999999,r2,145,4.891353293710225,4.395076265231746,3.205865579286549,3.205865579286549,none,0
47,fish_oil,2021,852.3625000000001,1083.9756145346394,r2,145,4.010700494033984,3.306193203690287,1.2717307654133532,1.2717307654133532,none,0
47,fish_oil,2022,1989.4125,1761.9752475290736,r2,145,53.17676727094445,8.148638976069059,0.8856761720000622,0.8856761720000622,none,0
47,ornamentals,2018,0.25,16.25,r2,145,23.044981825728932,39634.778748635654,65,65,none,0
47,ornamentals,2019,0.25,16.25,r2,145,30.283511690975086,214.05315606677638,65,65,none,0
47,ornamentals,2020,0,14.75,r2,145,16.86259860980457,263.37100345054444,NA,16.86259860980457,geo_region,1
47,ornamentals,2021,0,3.5,r2,145,17.94630555986484,315.17903827248927,NA,17.94630555986484,geo_region,1
47,ornamentals,2022,0,0,r2,145,20.842225885578028,354.129859434226,NA,20.842225885578028,geo_region,1
47,seaweeds,2018,NA,NA,r2,145,12.875281373749422,10.275189421593952,NA,12.875281373749422,geo_region,1
47,seaweeds,2019,NA,NA,r2,145,15.006866082967287,16.29898735556039,NA,15.006866082967287,geo_region,1
47,seaweeds,2020,NA,NA,r2,145,15.347322550380131,10.904686467625826,NA,15.347322550380131,geo_region,1
47,seaweeds,2021,NA,NA,r2,145,13.049236015855529,18.484025191907875,NA,13.049236015855529,geo_region,1
47,seaweeds,2022,NA,NA,r2,145,14.273967987774382,11.505365226299725,NA,14.273967987774382,geo_region,1
48,fish_oil,2018,10916.9125,12453.4375,r2,145,3.1482979342019943,3.4548599236057504,1.1407472121810998,1.1407472121810998,none,0
48,fish_oil,2019,11742.8725,13680.715,r2,145,3.3330369758415266,3.2124334731657735,1.1650228681270278,1.1650228681270278,none,0
48,fish_oil,2020,11230.24,16932.1725,r2,145,4.891353293710225,4.395076265231746,1.5077302444115175,1.5077302444115175,none,0
48,fish_oil,2021,17429.51,26252.8375,r2,145,4.010700494033984,3.306193203690287,1.5062292342125512,1.5062292342125512,none,0
48,fish_oil,2022,21023.9175,34078.09,r2,145,53.17676727094445,8.148638976069059,1.620920078287027,1.620920078287027,none,0
48,ornamentals,2018,0,0,r2,145,23.044981825728932,39634.778748635654,NA,23.044981825728932,geo_region,1
48,ornamentals,2019,0,0,r2,145,30.283511690975086,214.05315606677638,NA,30.283511690975086,geo_region,1
48,ornamentals,2020,0,0,r2,145,16.86259860980457,263.37100345054444,NA,16.86259860980457,geo_region,1
48,ornamentals,2021,0,0,r2,145,17.94630555986484,315.17903827248927,NA,17.94630555986484,geo_region,1
48,ornamentals,2022,0,0,r2,145,20.842225885578028,354.129859434226,NA,20.842225885578028,geo_region,1
48,seaweeds,2018,NA,NA,r2,145,12.875281373749422,10.275189421593952,NA,12.875281373749422,geo_region,1
48,seaweeds,2019,NA,NA,r2,145,15.006866082967287,16.29898735556039,NA,15.006866082967287,geo_region,1
48,seaweeds,2020,NA,NA,r2,145,15.347322550380131,10.904686467625826,NA,15.347322550380131,geo_region,1
48,seaweeds,2021,NA,NA,r2,145,13.049236015855529,18.484025191907875,NA,13.049236015855529,geo_region,1
48,seaweeds,2022,NA,NA,r2,145,14.273967987774382,11.505365226299725,NA,14.273967987774382,geo_region,1
49,seaweeds,2018,NA,NA,r2,15,8.462239523653874,10.275189421593952,NA,8.462239523653874,geo_region,1
49,seaweeds,2019,NA,NA,r2,15,8.597244542153623,16.29898735556039,NA,8.597244542153623,geo_region,1
49,seaweeds,2020,NA,NA,r2,15,9.1593229386477,10.904686467625826,NA,9.1593229386477,geo_region,1
49,seaweeds,2021,NA,NA,r2,15,6.7830538527519995,18.484025191907875,NA,6.7830538527519995,geo_region,1
49,seaweeds,2022,NA,NA,r2,15,5.448059380501483,11.505365226299725,NA,5.448059380501483,geo_region,1
49,ornamentals,2018,NA,NA,r2,15,5.689500858169653,39634.778748635654,NA,5.689500858169653,geo_region,1
49,ornamentals,2019,NA,NA,r2,15,5.949614069459611,214.05315606677638,NA,5.949614069459611,geo_region,1
49,ornamentals,2020,NA,NA,r2,15,5.8000282599272435,263.37100345054444,NA,5.8000282599272435,geo_region,1
49,ornamentals,2021,NA,NA,r2,15,1.6053409215278538,315.17903827248927,NA,1.6053409215278538,geo_region,1
49,ornamentals,2022,NA,NA,r2,15,1.5248529189923063,354.129859434226,NA,1.5248529189923063,geo_region,1
49,fish_oil,2018,NA,NA,r2,15,1.566475112495773,3.4548599236057504,NA,1.566475112495773,geo_region,1
49,fish_oil,2019,NA,NA,r2,15,1.5801909746291387,3.2124334731657735,NA,1.5801909746291387,geo_region,1
49,fish_oil,2020,NA,NA,r2,15,1.53458597668387,4.395076265231746,NA,1.53458597668387,geo_region,1
49,fish_oil,2021,NA,NA,r2,15,1.2786113714266671,3.306193203690287,NA,1.2786113714266671,geo_region,1
49,fish_oil,2022,NA,NA,r2,15,1.7001233420695068,8.148638976069059,NA,1.7001233420695068,geo_region,1
50,fish_oil,2018,2.5,13.75,r2,145,3.1482979342019943,3.4548599236057504,5.5,5.5,none,0
50,fish_oil,2019,2.5,13.75,r2,145,3.3330369758415266,3.2124334731657735,5.5,5.5,none,0
50,fish_oil,2020,0.75,13.5,r2,145,4.891353293710225,4.395076265231746,18,18,none,0
50,fish_oil,2021,0,0,r2,145,4.010700494033984,3.306193203690287,NA,4.010700494033984,geo_region,1
50,fish_oil,2022,0,0,r2,145,53.17676727094445,8.148638976069059,NA,53.17676727094445,geo_region,1
50,ornamentals,2018,0,0,r2,145,23.044981825728932,39634.778748635654,NA,23.044981825728932,geo_region,1
50,ornamentals,2019,0,0,r2,145,30.283511690975086,214.05315606677638,NA,30.283511690975086,geo_region,1
50,ornamentals,2020,0,0,r2,145,16.86259860980457,263.37100345054444,NA,16.86259860980457,geo_region,1
50,ornamentals,2021,0,0,r2,145,17.94630555986484,315.17903827248927,NA,17.94630555986484,geo_region,1
50,ornamentals,2022,0,0,r2,145,20.842225885578028,354.129859434226,NA,20.842225885578028,geo_region,1
50,seaweeds,2018,0,0,r2,145,12.875281373749422,10.275189421593952,NA,12.875281373749422,geo_region,1
50,seaweeds,2019,0,0,r2,145,15.006866082967287,16.29898735556039,NA,15.006866082967287,geo_region,1
50,seaweeds,2020,0,0,r2,145,15.347322550380131,10.904686467625826,NA,15.347322550380131,geo_region,1
50,seaweeds,2021,0,0,r2,145,13.049236015855529,18.484025191907875,NA,13.049236015855529,geo_region,1
50,seaweeds,2022,0,0,r2,145,14.273967987774382,11.505365226299725,NA,14.273967987774382,geo_region,1
51,fish_oil,2018,0,0,r2,145,3.1482979342019943,3.4548599236057504,NA,3.1482979342019943,geo_region,1
51,fish_oil,2019,0,0,r2,145,3.3330369758415266,3.2124334731657735,NA,3.3330369758415266,geo_region,1
51,fish_oil,2020,0,0,r2,145,4.891353293710225,4.395076265231746,NA,4.891353293710225,geo_region,1
51,fish_oil,2021,0,0,r2,145,4.010700494033984,3.306193203690287,NA,4.010700494033984,geo_region,1
51,fish_oil,2022,0,0,r2,145,53.17676727094445,8.148638976069059,NA,53.17676727094445,geo_region,1
51,seaweeds,2018,NA,NA,r2,145,12.875281373749422,10.275189421593952,NA,12.875281373749422,geo_region,1
51,seaweeds,2019,NA,NA,r2,145,15.006866082967287,16.29898735556039,NA,15.006866082967287,geo_region,1
51,seaweeds,2020,NA,NA,r2,145,15.347322550380131,10.904686467625826,NA,15.347322550380131,geo_region,1
51,seaweeds,2021,NA,NA,r2,145,13.049236015855529,18.484025191907875,NA,13.049236015855529,geo_region,1
51,seaweeds,2022,NA,NA,r2,145,14.273967987774382,11.505365226299725,NA,14.273967987774382,geo_region,1
51,ornamentals,2018,NA,NA,r2,145,23.044981825728932,39634.778748635654,NA,23.044981825728932,geo_region,1
51,ornamentals,2019,NA,NA,r2,145,30.283511690975086,214.05315606677638,NA,30.283511690975086,geo_region,1
51,ornamentals,2020,NA,NA,r2,145,16.86259860980457,263.37100345054444,NA,16.86259860980457,geo_region,1
51,ornamentals,2021,NA,NA,r2,145,17.94630555986484,315.17903827248927,NA,17.94630555986484,geo_region,1
51,ornamentals,2022,NA,NA,r2,145,20.842225885578028,354.129859434226,NA,20.842225885578028,geo_region,1
52,fish_oil,2018,0,0,r2,145,3.1482979342019943,3.4548599236057504,NA,3.1482979342019943,geo_region,1
52,fish_oil,2019,0,0,r2,145,3.3330369758415266,3.2124334731657735,NA,3.3330369758415266,geo_region,1
52,fish_oil,2020,0,0.0075,r2,145,4.891353293710225,4.395076265231746,NA,4.891353293710225,geo_region,1
52,fish_oil,2021,0,0.0075,r2,145,4.010700494033984,3.306193203690287,NA,4.010700494033984,geo_region,1
52,fish_oil,2022,0,0.0075,r2,145,53.17676727094445,8.148638976069059,NA,53.17676727094445,geo_region,1
52,ornamentals,2018,0,1.25,r2,145,23.044981825728932,39634.778748635654,NA,23.044981825728932,geo_region,1
52,ornamentals,2019,3,7.7925,r2,145,30.283511690975086,214.05315606677638,2.5975,2.5975,none,0
52,ornamentals,2020,3,7.7925,r2,145,16.86259860980457,263.37100345054444,2.5975,2.5975,none,0
52,ornamentals,2021,3.05,38.4575,r2,145,17.94630555986484,315.17903827248927,12.609016393442625,12.609016393442625,none,0
52,ornamentals,2022,3.1,70.3725,r2,145,20.842225885578028,354.129859434226,22.700806451612902,22.700806451612902,none,0
52,seaweeds,2018,7,45,r2,145,12.875281373749422,10.275189421593952,6.428571428571429,6.428571428571429,none,0
52,seaweeds,2019,7.035,51.035,r2,145,15.006866082967287,16.29898735556039,7.254442075337597,7.254442075337597,none,0
52,seaweeds,2020,6.403333333333333,47.529999999999994,r2,145,15.347322550380131,10.904686467625826,7.422696512233211,7.422696512233211,none,0
52,seaweeds,2021,6.07,42.4525,r2,145,13.049236015855529,18.484025191907875,6.9938220757825365,6.9938220757825365,none,0
52,seaweeds,2022,6.555,37.155,r2,145,14.273967987774382,11.505365226299725,5.668192219679634,5.668192219679634,none,0
53,fish_oil,2018,117,158.5,r2,34,6.412578769890091,3.4548599236057504,1.3547008547008548,1.3547008547008548,none,0
53,fish_oil,2019,302.125,344.255,r2,34,6.936688359708423,3.2124334731657735,1.1394455937112122,1.1394455937112122,none,0
53,fish_oil,2020,420.23,504.43,r2,34,7.407003934011522,4.395076265231746,1.200366465982914,1.200366465982914,none,0
53,fish_oil,2021,534.36,606.7025,r2,34,7.5418588973937855,3.306193203690287,1.1353815779624223,1.1353815779624223,none,0
53,fish_oil,2022,549.0875,623.625,r2,34,7.763712526014334,8.148638976069059,1.1357479454549595,1.1357479454549595,none,0
53,ornamentals,2018,113,309.5,r2,34,9.793720058572863,39634.778748635654,2.7389380530973453,2.7389380530973453,none,0
53,ornamentals,2019,61.4225,164.5475,r2,34,9.645740556034559,214.05315606677638,2.678945012007001,2.678945012007001,none,0
53,ornamentals,2020,44.1725,113.0475,r2,34,9.642187711081062,263.37100345054444,2.5592280264870677,2.5592280264870677,none,0
53,ornamentals,2021,1.1725,2.7975000000000003,r2,34,8.901348616570035,315.17903827248927,2.3859275053304905,2.3859275053304905,none,0
53,ornamentals,2022,0.9225,1.5475,r2,34,9.96349564715308,354.129859434226,1.6775067750677508,1.6775067750677508,none,0
53,seaweeds,2018,4.75,12.25,r2,34,4.615394502700786,10.275189421593952,2.5789473684210527,2.5789473684210527,none,0
53,seaweeds,2019,5.3575,10,r2,34,5.291433528267817,16.29898735556039,1.8665422305179655,1.8665422305179655,none,0
53,seaweeds,2020,4.3575,6.25,r2,34,4.60769301035278,10.904686467625826,1.4343086632243258,1.4343086632243258,none,0
53,seaweeds,2021,8.5175,15.805,r2,34,4.924905746560749,18.484025191907875,1.8555914294100382,1.8555914294100382,none,0
53,seaweeds,2022,17.509999999999998,47.09,r2,34,4.9143801462924674,11.505365226299725,2.689320388349515,2.689320388349515,none,0
54,fish_oil,2018,563.5,1704,r2,145,3.1482979342019943,3.4548599236057504,3.0239574090505768,3.0239574090505768,none,0
54,fish_oil,2019,766.22,2987.0950000000003,r2,145,3.3330369758415266,3.2124334731657735,3.8984821591709955,3.8984821591709955,none,0
54,fish_oil,2020,673.005,2991.3775,r2,145,4.891353293710225,4.395076265231746,4.44480724511705,4.44480724511705,none,0
54,fish_oil,2021,619.3175,2714.295,r2,145,4.010700494033984,3.306193203690287,4.382719687397821,4.382719687397821,none,0
54,fish_oil,2022,571.0250000000001,2475.7575,r2,145,53.17676727094445,8.148638976069059,4.3356376691038045,4.3356376691038045,none,0
54,ornamentals,2018,1,5.75,r2,145,23.044981825728932,39634.778748635654,5.75,5.75,none,0
54,ornamentals,2019,7.7775,64.89,r2,145,30.283511690975086,214.05315606677638,8.343297974927676,8.343297974927676,none,0
54,ornamentals,2020,10.4775,71.0475,r2,145,16.86259860980457,263.37100345054444,6.780959198282034,6.780959198282034,none,0
54,ornamentals,2021,10.4775,71.0475,r2,145,17.94630555986484,315.17903827248927,6.780959198282034,6.780959198282034,none,0
54,ornamentals,2022,10.595,71.8575,r2,145,20.842225885578028,354.129859434226,6.782208588957055,6.782208588957055,none,0
54,seaweeds,2018,4.5,75.25,r2,145,12.875281373749422,10.275189421593952,16.72222222222222,16.72222222222222,none,0
54,seaweeds,2019,14.34,232.22,r2,145,15.006866082967287,16.29898735556039,16.19386331938633,16.19386331938633,none,0
54,seaweeds,2020,23.425,490.135,r2,145,15.347322550380131,10.904686467625826,20.923585912486658,20.923585912486658,none,0
54,seaweeds,2021,37.3725,872.8475,r2,145,13.049236015855529,18.484025191907875,23.35534149441434,23.35534149441434,none,0
54,seaweeds,2022,40.9225,1024.755,r2,145,14.273967987774382,11.505365226299725,25.041358665770666,25.041358665770666,none,0
55,seaweeds,2018,NA,NA,r2,39,18.76241599903231,10.275189421593952,NA,18.76241599903231,geo_region,1
55,seaweeds,2019,NA,NA,r2,39,46.96082292201427,16.29898735556039,NA,46.96082292201427,geo_region,1
55,seaweeds,2020,NA,NA,r2,39,20.247487454432704,10.904686467625826,NA,20.247487454432704,geo_region,1
55,seaweeds,2021,NA,NA,r2,39,19.40416398570961,18.484025191907875,NA,19.40416398570961,geo_region,1
55,seaweeds,2022,NA,NA,r2,39,17.005950367900795,11.505365226299725,NA,17.005950367900795,geo_region,1
55,ornamentals,2018,NA,NA,r2,39,14.198414670933607,39634.778748635654,NA,14.198414670933607,geo_region,1
55,ornamentals,2019,NA,NA,r2,39,13.566111556541582,214.05315606677638,NA,13.566111556541582,geo_region,1
55,ornamentals,2020,NA,NA,r2,39,14.339791376978802,263.37100345054444,NA,14.339791376978802,geo_region,1
55,ornamentals,2021,NA,NA,r2,39,14.602848932369069,315.17903827248927,NA,14.602848932369069,geo_region,1
55,ornamentals,2022,NA,NA,r2,39,13.979040180975835,354.129859434226,NA,13.979040180975835,geo_region,1
55,fish_oil,2018,NA,NA,r2,39,3.3919279189997713,3.4548599236057504,NA,3.3919279189997713,geo_region,1
55,fish_oil,2019,NA,NA,r2,39,2.8217346453234287,3.2124334731657735,NA,2.8217346453234287,geo_region,1
55,fish_oil,2020,NA,NA,r2,39,2.3412878130792234,4.395076265231746,NA,2.3412878130792234,geo_region,1
55,fish_oil,2021,NA,NA,r2,39,1.968407204236721,3.306193203690287,NA,1.968407204236721,geo_region,1
55,fish_oil,2022,NA,NA,r2,39,2.1156596594286468,8.148638976069059,NA,2.1156596594286468,geo_region,1
56,fish_oil,2018,207,223,r2,11,1.3552878181845123,3.4548599236057504,1.077294685990338,1.077294685990338,none,0
56,fish_oil,2019,227.695,211.255,r2,11,1.379622445060606,3.2124334731657735,0.9277981510353763,0.9277981510353763,none,0
56,fish_oil,2020,195.77666666666667,177.56333333333333,r2,11,1.3832835882340406,4.395076265231746,0.9069688250217084,0.9069688250217084,none,0
56,fish_oil,2021,174.4325,160.375,r2,11,1.451210120596937,3.306193203690287,0.9194100869964026,0.9194100869964026,none,0
56,fish_oil,2022,155.8025,137.9725,r2,11,1.4677137622621226,8.148638976069059,0.8855602445403635,0.8855602445403635,none,0
56,seaweeds,2018,NA,NA,r2,11,2.6451612903225805,10.275189421593952,NA,2.6451612903225805,geo_region,1
56,seaweeds,2019,NA,NA,r2,11,151.58708852668585,16.29898735556039,NA,151.58708852668585,geo_region,1
56,seaweeds,2020,NA,NA,r2,11,44.883944449148956,10.904686467625826,NA,44.883944449148956,geo_region,1
56,seaweeds,2021,NA,NA,r2,11,27.148297233403618,18.484025191907875,NA,27.148297233403618,geo_region,1
56,seaweeds,2022,NA,NA,r2,11,23.565479555304314,11.505365226299725,NA,23.565479555304314,geo_region,1
56,ornamentals,2018,NA,NA,r2,11,0.5,39634.778748635654,NA,0.5,geo_region,1
56,ornamentals,2019,NA,NA,r2,11,0.6896745756353747,214.05315606677638,NA,0.6896745756353747,geo_region,1
56,ornamentals,2020,NA,NA,r2,11,0.7818135229063559,263.37100345054444,NA,0.7818135229063559,geo_region,1
56,ornamentals,2021,NA,NA,r2,11,0.7884019511962408,315.17903827248927,NA,0.7884019511962408,geo_region,1
56,ornamentals,2022,NA,NA,r2,11,1.1014416243515268,354.129859434226,NA,1.1014416243515268,geo_region,1
57,seaweeds,2018,NA,NA,r2,39,18.76241599903231,10.275189421593952,NA,18.76241599903231,geo_region,1
57,seaweeds,2019,NA,NA,r2,39,46.96082292201427,16.29898735556039,NA,46.96082292201427,geo_region,1
57,seaweeds,2020,NA,NA,r2,39,20.247487454432704,10.904686467625826,NA,20.247487454432704,geo_region,1
57,seaweeds,2021,NA,NA,r2,39,19.40416398570961,18.484025191907875,NA,19.40416398570961,geo_region,1
57,seaweeds,2022,NA,NA,r2,39,17.005950367900795,11.505365226299725,NA,17.005950367900795,geo_region,1
57,ornamentals,2018,NA,NA,r2,39,14.198414670933607,39634.778748635654,NA,14.198414670933607,geo_region,1
57,ornamentals,2019,NA,NA,r2,39,13.566111556541582,214.05315606677638,NA,13.566111556541582,geo_region,1
57,ornamentals,2020,NA,NA,r2,39,14.339791376978802,263.37100345054444,NA,14.339791376978802,geo_region,1
57,ornamentals,2021,NA,NA,r2,39,14.602848932369069,315.17903827248927,NA,14.602848932369069,geo_region,1
57,ornamentals,2022,NA,NA,r2,39,13.979040180975835,354.129859434226,NA,13.979040180975835,geo_region,1
57,fish_oil,2018,NA,NA,r2,39,3.3919279189997713,3.4548599236057504,NA,3.3919279189997713,geo_region,1
57,fish_oil,2019,NA,NA,r2,39,2.8217346453234287,3.2124334731657735,NA,2.8217346453234287,geo_region,1
57,fish_oil,2020,NA,NA,r2,39,2.3412878130792234,4.395076265231746,NA,2.3412878130792234,geo_region,1
57,fish_oil,2021,NA,NA,r2,39,1.968407204236721,3.306193203690287,NA,1.968407204236721,geo_region,1
57,fish_oil,2022,NA,NA,r2,39,2.1156596594286468,8.148638976069059,NA,2.1156596594286468,geo_region,1
58,seaweeds,2018,NA,NA,r2,39,18.76241599903231,10.275189421593952,NA,18.76241599903231,geo_region,1
58,seaweeds,2019,NA,NA,r2,39,46.96082292201427,16.29898735556039,NA,46.96082292201427,geo_region,1
58,seaweeds,2020,NA,NA,r2,39,20.247487454432704,10.904686467625826,NA,20.247487454432704,geo_region,1
58,seaweeds,2021,NA,NA,r2,39,19.40416398570961,18.484025191907875,NA,19.40416398570961,geo_region,1
58,seaweeds,2022,NA,NA,r2,39,17.005950367900795,11.505365226299725,NA,17.005950367900795,geo_region,1
58,ornamentals,2018,NA,NA,r2,39,14.198414670933607,39634.778748635654,NA,14.198414670933607,geo_region,1
58,ornamentals,2019,NA,NA,r2,39,13.566111556541582,214.05315606677638,NA,13.566111556541582,geo_region,1
58,ornamentals,2020,NA,NA,r2,39,14.339791376978802,263.37100345054444,NA,14.339791376978802,geo_region,1
58,ornamentals,2021,NA,NA,r2,39,14.602848932369069,315.17903827248927,NA,14.602848932369069,geo_region,1
58,ornamentals,2022,NA,NA,r2,39,13.979040180975835,354.129859434226,NA,13.979040180975835,geo_region,1
58,fish_oil,2018,NA,NA,r2,39,3.3919279189997713,3.4548599236057504,NA,3.3919279189997713,geo_region,1
58,fish_oil,2019,NA,NA,r2,39,2.8217346453234287,3.2124334731657735,NA,2.8217346453234287,geo_region,1
58,fish_oil,2020,NA,NA,r2,39,2.3412878130792234,4.395076265231746,NA,2.3412878130792234,geo_region,1
58,fish_oil,2021,NA,NA,r2,39,1.968407204236721,3.306193203690287,NA,1.968407204236721,geo_region,1
58,fish_oil,2022,NA,NA,r2,39,2.1156596594286468,8.148638976069059,NA,2.1156596594286468,geo_region,1
59,fish_oil,2018,12706.75,23559.5,r2,155,2.6429262900447803,3.4548599236057504,1.8540932968697739,1.8540932968697739,none,0
59,fish_oil,2019,16026.4125,28410.095,r2,155,2.6058871156847534,3.2124334731657735,1.7727045900010374,1.7727045900010374,none,0
59,fish_oil,2020,18586.8325,32204.375,r2,155,2.579581694356832,4.395076265231746,1.7326446020321107,1.7326446020321107,none,0
59,fish_oil,2021,21670.315,39425.885,r2,155,2.5830666410990286,3.306193203690287,1.8193498802393968,1.8193498802393968,none,0
59,fish_oil,2022,22791.9875,48347.17,r2,155,2.72712541692096,8.148638976069059,2.1212353683503906,2.1212353683503906,none,0
59,ornamentals,2018,4,135.5,r2,155,76.21018677385715,39634.778748635654,33.875,33.875,none,0
59,ornamentals,2019,4.5725,117.95,r2,155,88.57229231443823,214.05315606677638,25.795516675779115,25.795516675779115,none,0
59,ornamentals,2020,6.44,164.3975,r2,155,94.72763630015001,263.37100345054444,25.52756211180124,25.52756211180124,none,0
59,ornamentals,2021,6.905,151.7825,r2,155,103.87787412088393,315.17903827248927,21.98153511947864,21.98153511947864,none,0
59,ornamentals,2022,6.6275,144.59,r2,155,116.65252339444487,354.129859434226,21.816672953602414,21.816672953602414,none,0
59,seaweeds,2018,484.75,5287,r2,155,9.158225264727745,10.275189421593952,10.906652913873131,10.906652913873131,none,0
59,seaweeds,2019,508.625,5511.8175,r2,155,9.587599317196764,16.29898735556039,10.836701892356844,10.836701892356844,none,0
59,seaweeds,2020,594.7675,5433.715,r2,155,9.483964221102044,10.904686467625826,9.135864014089538,9.135864014089538,none,0
59,seaweeds,2021,596.385,5325.547500000001,r2,155,9.844553142561853,18.484025191907875,8.929714027012754,8.929714027012754,none,0
59,seaweeds,2022,588.405,4967.5775,r2,155,9.05662014526641,11.505365226299725,8.442446104298911,8.442446104298911,none,0
60,seaweeds,2018,NA,NA,r2,39,18.76241599903231,10.275189421593952,NA,18.76241599903231,geo_region,1
60,seaweeds,2019,NA,NA,r2,39,46.96082292201427,16.29898735556039,NA,46.96082292201427,geo_region,1
60,seaweeds,2020,NA,NA,r2,39,20.247487454432704,10.904686467625826,NA,20.247487454432704,geo_region,1
60,seaweeds,2021,NA,NA,r2,39,19.40416398570961,18.484025191907875,NA,19.40416398570961,geo_region,1
60,seaweeds,2022,NA,NA,r2,39,17.005950367900795,11.505365226299725,NA,17.005950367900795,geo_region,1
60,ornamentals,2018,NA,NA,r2,39,14.198414670933607,39634.778748635654,NA,14.198414670933607,geo_region,1
60,ornamentals,2019,NA,NA,r2,39,13.566111556541582,214.05315606677638,NA,13.566111556541582,geo_region,1
60,ornamentals,2020,NA,NA,r2,39,14.339791376978802,263.37100345054444,NA,14.339791376978802,geo_region,1
60,ornamentals,2021,NA,NA,r2,39,14.602848932369069,315.17903827248927,NA,14.602848932369069,geo_region,1
60,ornamentals,2022,NA,NA,r2,39,13.979040180975835,354.129859434226,NA,13.979040180975835,geo_region,1
60,fish_oil,2018,NA,NA,r2,39,3.3919279189997713,3.4548599236057504,NA,3.3919279189997713,geo_region,1
60,fish_oil,2019,NA,NA,r2,39,2.8217346453234287,3.2124334731657735,NA,2.8217346453234287,geo_region,1
60,fish_oil,2020,NA,NA,r2,39,2.3412878130792234,4.395076265231746,NA,2.3412878130792234,geo_region,1
60,fish_oil,2021,NA,NA,r2,39,1.968407204236721,3.306193203690287,NA,1.968407204236721,geo_region,1
60,fish_oil,2022,NA,NA,r2,39,2.1156596594286468,8.148638976069059,NA,2.1156596594286468,geo_region,1
61,fish_oil,2018,0,0.5075,r2,15,1.566475112495773,3.4548599236057504,NA,1.566475112495773,geo_region,1
61,fish_oil,2019,0,0.5075,r2,15,1.5801909746291387,3.2124334731657735,NA,1.5801909746291387,geo_region,1
61,fish_oil,2020,0,0.2575,r2,15,1.53458597668387,4.395076265231746,NA,1.53458597668387,geo_region,1
61,fish_oil,2021,0,0.0075,r2,15,1.2786113714266671,3.306193203690287,NA,1.2786113714266671,geo_region,1
61,fish_oil,2022,52.5,112.4625,r2,15,1.7001233420695068,8.148638976069059,2.1421428571428573,2.1421428571428573,none,0
61,ornamentals,2018,0,0,r2,15,5.689500858169653,39634.778748635654,NA,5.689500858169653,geo_region,1
61,ornamentals,2019,0,0,r2,15,5.949614069459611,214.05315606677638,NA,5.949614069459611,geo_region,1
61,ornamentals,2020,0,0,r2,15,5.8000282599272435,263.37100345054444,NA,5.8000282599272435,geo_region,1
61,ornamentals,2021,0,0,r2,15,1.6053409215278538,315.17903827248927,NA,1.6053409215278538,geo_region,1
61,ornamentals,2022,0,0,r2,15,1.5248529189923063,354.129859434226,NA,1.5248529189923063,geo_region,1
61,seaweeds,2018,96.04,1039.4525,r2,15,8.462239523653874,10.275189421593952,10.823120574760516,10.823120574760516,none,0
61,seaweeds,2019,87.135,980.745,r2,15,8.597244542153623,16.29898735556039,11.255465656739542,11.255465656739542,none,0
61,seaweeds,2020,62.805,778.8375,r2,15,9.1593229386477,10.904686467625826,12.40088368760449,12.40088368760449,none,0
61,seaweeds,2021,61.055,389.9125,r2,15,6.7830538527519995,18.484025191907875,6.386250102366719,6.386250102366719,none,0
61,seaweeds,2022,66.14750000000001,273.2675,r2,15,5.448059380501483,11.505365226299725,4.131184096148758,4.131184096148758,none,0
62,fish_oil,2018,38230.25,80895.25,r2,15,1.566475112495773,3.4548599236057504,2.116001072449173,2.116001072449173,none,0
62,fish_oil,2019,34034.795,71526.11,r2,15,1.5801909746291387,3.2124334731657735,2.101558419846513,2.101558419846513,none,0
62,fish_oil,2020,36644.845,72385.7175,r2,15,1.53458597668387,4.395076265231746,1.9753315234380169,1.9753315234380169,none,0
62,fish_oil,2021,35523.9625,70334.66,r2,15,1.2786113714266671,3.306193203690287,1.9799215811017703,1.9799215811017703,none,0
62,fish_oil,2022,39374.635,93748.0925,r2,15,1.7001233420695068,8.148638976069059,2.380926007314099,2.380926007314099,none,0
62,ornamentals,2018,0,0,r2,15,5.689500858169653,39634.778748635654,NA,5.689500858169653,geo_region,1
62,ornamentals,2019,0,0,r2,15,5.949614069459611,214.05315606677638,NA,5.949614069459611,geo_region,1
62,ornamentals,2020,0,0,r2,15,5.8000282599272435,263.37100345054444,NA,5.8000282599272435,geo_region,1
62,ornamentals,2021,0,0,r2,15,1.6053409215278538,315.17903827248927,NA,1.6053409215278538,geo_region,1
62,ornamentals,2022,0,0,r2,15,1.5248529189923063,354.129859434226,NA,1.5248529189923063,geo_region,1
62,seaweeds,2018,3127.5,37925,r2,15,8.462239523653874,10.275189421593952,12.126298960831335,12.126298960831335,none,0
62,seaweeds,2019,3144.8775,39520.27,r2,15,8.597244542153623,16.29898735556039,12.566553069237195,12.566553069237195,none,0
62,seaweeds,2020,2916.1425,38362.84,r2,15,9.1593229386477,10.904686467625826,13.155337916442697,13.155337916442697,none,0
62,seaweeds,2021,2815.165,35743.205,r2,15,6.7830538527519995,18.484025191907875,12.696664316301177,12.696664316301177,none,0
62,seaweeds,2022,2837.2675,32338.185,r2,15,5.448059380501483,11.505365226299725,11.397651085066883,11.397651085066883,none,0
63,seaweeds,2018,NA,NA,r2,15,8.462239523653874,10.275189421593952,NA,8.462239523653874,geo_region,1
63,seaweeds,2019,NA,NA,r2,15,8.597244542153623,16.29898735556039,NA,8.597244542153623,geo_region,1
63,seaweeds,2020,NA,NA,r2,15,9.1593229386477,10.904686467625826,NA,9.1593229386477,geo_region,1
63,seaweeds,2021,NA,NA,r2,15,6.7830538527519995,18.484025191907875,NA,6.7830538527519995,geo_region,1
63,seaweeds,2022,NA,NA,r2,15,5.448059380501483,11.505365226299725,NA,5.448059380501483,geo_region,1
63,ornamentals,2018,NA,NA,r2,15,5.689500858169653,39634.778748635654,NA,5.689500858169653,geo_region,1
63,ornamentals,2019,NA,NA,r2,15,5.949614069459611,214.05315606677638,NA,5.949614069459611,geo_region,1
63,ornamentals,2020,NA,NA,r2,15,5.8000282599272435,263.37100345054444,NA,5.8000282599272435,geo_region,1
63,ornamentals,2021,NA,NA,r2,15,1.6053409215278538,315.17903827248927,NA,1.6053409215278538,geo_region,1
63,ornamentals,2022,NA,NA,r2,15,1.5248529189923063,354.129859434226,NA,1.5248529189923063,geo_region,1
63,fish_oil,2018,NA,NA,r2,15,1.566475112495773,3.4548599236057504,NA,1.566475112495773,geo_region,1
63,fish_oil,2019,NA,NA,r2,15,1.5801909746291387,3.2124334731657735,NA,1.5801909746291387,geo_region,1
63,fish_oil,2020,NA,NA,r2,15,1.53458597668387,4.395076265231746,NA,1.53458597668387,geo_region,1
63,fish_oil,2021,NA,NA,r2,15,1.2786113714266671,3.306193203690287,NA,1.2786113714266671,geo_region,1
63,fish_oil,2022,NA,NA,r2,15,1.7001233420695068,8.148638976069059,NA,1.7001233420695068,geo_region,1
64,fish_oil,2018,31182.6625,35274.2,r2,11,1.3552878181845123,3.4548599236057504,1.1312119354785692,1.1312119354785692,none,0
64,fish_oil,2019,32360.18,36177.095,r2,11,1.379622445060606,3.2124334731657735,1.1179509817312512,1.1179509817312512,none,0
64,fish_oil,2020,36552.1225,39260.6175,r2,11,1.3832835882340406,4.395076265231746,1.0740995273256704,1.0740995273256704,none,0
64,fish_oil,2021,33318.96,36557.325,r2,11,1.451210120596937,3.306193203690287,1.0971928595610427,1.0971928595610427,none,0
64,fish_oil,2022,28682.1,31668.99,r2,11,1.4677137622621226,8.148638976069059,1.1041377723388457,1.1041377723388457,none,0
64,seaweeds,2018,NA,NA,r2,11,2.6451612903225805,10.275189421593952,NA,2.6451612903225805,geo_region,1
64,seaweeds,2019,NA,NA,r2,11,151.58708852668585,16.29898735556039,NA,151.58708852668585,geo_region,1
64,seaweeds,2020,NA,NA,r2,11,44.883944449148956,10.904686467625826,NA,44.883944449148956,geo_region,1
64,seaweeds,2021,NA,NA,r2,11,27.148297233403618,18.484025191907875,NA,27.148297233403618,geo_region,1
64,seaweeds,2022,NA,NA,r2,11,23.565479555304314,11.505365226299725,NA,23.565479555304314,geo_region,1
64,ornamentals,2018,NA,NA,r2,11,0.5,39634.778748635654,NA,0.5,geo_region,1
64,ornamentals,2019,NA,NA,r2,11,0.6896745756353747,214.05315606677638,NA,0.6896745756353747,geo_region,1
64,ornamentals,2020,NA,NA,r2,11,0.7818135229063559,263.37100345054444,NA,0.7818135229063559,geo_region,1
64,ornamentals,2021,NA,NA,r2,11,0.7884019511962408,315.17903827248927,NA,0.7884019511962408,geo_region,1
64,ornamentals,2022,NA,NA,r2,11,1.1014416243515268,354.129859434226,NA,1.1014416243515268,geo_region,1
65,fish_oil,2018,890.3333333333334,93.66666666666669,r2,11,1.3552878181845123,3.4548599236057504,0.1052040434294272,0.1052040434294272,none,0
65,fish_oil,2019,978.345,160.82,r2,11,1.379622445060606,3.2124334731657735,0.1643796411286407,0.1643796411286407,none,0
65,fish_oil,2020,945.98,163.07,r2,11,1.3832835882340406,4.395076265231746,0.17238207995940716,0.17238207995940716,none,0
65,fish_oil,2021,721.48,145.07,r2,11,1.451210120596937,3.306193203690287,0.20107279481066695,0.20107279481066695,none,0
65,fish_oil,2022,759.735,181.32,r2,11,1.4677137622621226,8.148638976069059,0.2386621650970404,0.2386621650970404,none,0
65,seaweeds,2018,NA,NA,r2,11,2.6451612903225805,10.275189421593952,NA,2.6451612903225805,geo_region,1
65,seaweeds,2019,NA,NA,r2,11,151.58708852668585,16.29898735556039,NA,151.58708852668585,geo_region,1
65,seaweeds,2020,NA,NA,r2,11,44.883944449148956,10.904686467625826,NA,44.883944449148956,geo_region,1
65,seaweeds,2021,NA,NA,r2,11,27.148297233403618,18.484025191907875,NA,27.148297233403618,geo_region,1
65,seaweeds,2022,NA,NA,r2,11,23.565479555304314,11.505365226299725,NA,23.565479555304314,geo_region,1
65,ornamentals,2018,NA,NA,r2,11,0.5,39634.778748635654,NA,0.5,geo_region,1
65,ornamentals,2019,NA,NA,r2,11,0.6896745756353747,214.05315606677638,NA,0.6896745756353747,geo_region,1
65,ornamentals,2020,NA,NA,r2,11,0.7818135229063559,263.37100345054444,NA,0.7818135229063559,geo_region,1
65,ornamentals,2021,NA,NA,r2,11,0.7884019511962408,315.17903827248927,NA,0.7884019511962408,geo_region,1
65,ornamentals,2022,NA,NA,r2,11,1.1014416243515268,354.129859434226,NA,1.1014416243515268,geo_region,1
66,fish_oil,2018,2172.75,1811.75,r2,11,1.3552878181845123,3.4548599236057504,0.833851110344034,0.833851110344034,none,0
66,fish_oil,2019,2763.5575,2024.36,r2,11,1.379622445060606,3.2124334731657735,0.7325195875244137,0.7325195875244137,none,0
66,fish_oil,2020,2828.9425,2490.755,r2,11,1.3832835882340406,4.395076265231746,0.8804544454332317,0.8804544454332317,none,0
66,fish_oil,2021,2515.8325,2282.3275,r2,11,1.451210120596937,3.306193203690287,0.9071857923768772,0.9071857923768772,none,0
66,fish_oil,2022,2917.635,2852.4225,r2,11,1.4677137622621226,8.148638976069059,0.9776488491535096,0.9776488491535096,none,0
66,seaweeds,2018,23.25,61.5,r2,11,2.6451612903225805,10.275189421593952,2.6451612903225805,2.6451612903225805,none,0
66,seaweeds,2019,26.075,74.075,r2,11,151.58708852668585,16.29898735556039,2.840843720038351,2.840843720038351,none,0
66,seaweeds,2020,18.075,54.825,r2,11,44.883944449148956,10.904686467625826,3.0331950207468883,3.0331950207468883,none,0
66,seaweeds,2021,10.575,32.575,r2,11,27.148297233403618,18.484025191907875,3.080378250591017,3.080378250591017,none,0
66,seaweeds,2022,4.4225,14.66,r2,11,23.565479555304314,11.505365226299725,3.3148671565856414,3.3148671565856414,none,0
66,ornamentals,2018,NA,NA,r2,11,0.5,39634.778748635654,NA,0.5,geo_region,1
66,ornamentals,2019,NA,NA,r2,11,0.6896745756353747,214.05315606677638,NA,0.6896745756353747,geo_region,1
66,ornamentals,2020,NA,NA,r2,11,0.7818135229063559,263.37100345054444,NA,0.7818135229063559,geo_region,1
66,ornamentals,2021,NA,NA,r2,11,0.7884019511962408,315.17903827248927,NA,0.7884019511962408,geo_region,1
66,ornamentals,2022,NA,NA,r2,11,1.1014416243515268,354.129859434226,NA,1.1014416243515268,geo_region,1
67,ornamentals,2018,1128.525,11286.56,r2,15,5.689500858169653,39634.778748635654,10.001160807248398,10.001160807248398,none,0
67,ornamentals,2019,1128.525,11286.56,r2,15,5.949614069459611,214.05315606677638,10.001160807248398,10.001160807248398,none,0
67,ornamentals,2020,752.35,7524.3725,r2,15,5.8000282599272435,263.37100345054444,10.001159699607895,10.001159699607895,none,0
67,ornamentals,2021,0,0,r2,15,1.6053409215278538,315.17903827248927,NA,1.6053409215278538,geo_region,1
67,ornamentals,2022,0,0,r2,15,1.5248529189923063,354.129859434226,NA,1.5248529189923063,geo_region,1
67,seaweeds,2018,NA,NA,r2,15,8.462239523653874,10.275189421593952,NA,8.462239523653874,geo_region,1
67,seaweeds,2019,NA,NA,r2,15,8.597244542153623,16.29898735556039,NA,8.597244542153623,geo_region,1
67,seaweeds,2020,NA,NA,r2,15,9.1593229386477,10.904686467625826,NA,9.1593229386477,geo_region,1
67,seaweeds,2021,NA,NA,r2,15,6.7830538527519995,18.484025191907875,NA,6.7830538527519995,geo_region,1
67,seaweeds,2022,NA,NA,r2,15,5.448059380501483,11.505365226299725,NA,5.448059380501483,geo_region,1
67,fish_oil,2018,NA,NA,r2,15,1.566475112495773,3.4548599236057504,NA,1.566475112495773,geo_region,1
67,fish_oil,2019,NA,NA,r2,15,1.5801909746291387,3.2124334731657735,NA,1.5801909746291387,geo_region,1
67,fish_oil,2020,NA,NA,r2,15,1.53458597668387,4.395076265231746,NA,1.53458597668387,geo_region,1
67,fish_oil,2021,NA,NA,r2,15,1.2786113714266671,3.306193203690287,NA,1.2786113714266671,geo_region,1
67,fish_oil,2022,NA,NA,r2,15,1.7001233420695068,8.148638976069059,NA,1.7001233420695068,geo_region,1
68,seaweeds,2018,NA,NA,r2,39,18.76241599903231,10.275189421593952,NA,18.76241599903231,geo_region,1
68,seaweeds,2019,NA,NA,r2,39,46.96082292201427,16.29898735556039,NA,46.96082292201427,geo_region,1
68,seaweeds,2020,NA,NA,r2,39,20.247487454432704,10.904686467625826,NA,20.247487454432704,geo_region,1
68,seaweeds,2021,NA,NA,r2,39,19.40416398570961,18.484025191907875,NA,19.40416398570961,geo_region,1
68,seaweeds,2022,NA,NA,r2,39,17.005950367900795,11.505365226299725,NA,17.005950367900795,geo_region,1
68,ornamentals,2018,NA,NA,r2,39,14.198414670933607,39634.778748635654,NA,14.198414670933607,geo_region,1
68,ornamentals,2019,NA,NA,r2,39,13.566111556541582,214.05315606677638,NA,13.566111556541582,geo_region,1
68,ornamentals,2020,NA,NA,r2,39,14.339791376978802,263.37100345054444,NA,14.339791376978802,geo_region,1
68,ornamentals,2021,NA,NA,r2,39,14.602848932369069,315.17903827248927,NA,14.602848932369069,geo_region,1
68,ornamentals,2022,NA,NA,r2,39,13.979040180975835,354.129859434226,NA,13.979040180975835,geo_region,1
68,fish_oil,2018,NA,NA,r2,39,3.3919279189997713,3.4548599236057504,NA,3.3919279189997713,geo_region,1
68,fish_oil,2019,NA,NA,r2,39,2.8217346453234287,3.2124334731657735,NA,2.8217346453234287,geo_region,1
68,fish_oil,2020,NA,NA,r2,39,2.3412878130792234,4.395076265231746,NA,2.3412878130792234,geo_region,1
68,fish_oil,2021,NA,NA,r2,39,1.968407204236721,3.306193203690287,NA,1.968407204236721,geo_region,1
68,fish_oil,2022,NA,NA,r2,39,2.1156596594286468,8.148638976069059,NA,2.1156596594286468,geo_region,1
69,fish_oil,2018,4346.25,4766.5,r2,154,4.014749529552957,3.4548599236057504,1.0966925510497556,1.0966925510497556,none,0
69,fish_oil,2019,4733.3150000000005,5235.45,r2,154,2.2635702995578795,3.2124334731657735,1.106085270048581,1.106085270048581,none,0
69,fish_oil,2020,5772.415,6225.275,r2,154,2.3400080691294542,4.395076265231746,1.0784524328205785,1.0784524328205785,none,0
69,fish_oil,2021,7151.43,8002.2275,r2,154,2.3483223977540533,3.306193203690287,1.1189688635699433,1.1189688635699433,none,0
69,fish_oil,2022,9019.1325,11068.925,r2,154,2.5898782650703764,8.148638976069059,1.2272715807202077,1.2272715807202077,none,0
69,seaweeds,2018,114.75,888.75,r2,154,7.9772773337847465,10.275189421593952,7.745098039215686,7.745098039215686,none,0
69,seaweeds,2019,109.7125,632.3925,r2,154,7.726409111532387,16.29898735556039,5.764087957160761,5.764087957160761,none,0
69,seaweeds,2020,106.19,573.6125,r2,154,6.948863891803536,10.904686467625826,5.401756285902627,5.401756285902627,none,0
69,seaweeds,2021,118.0125,599.065,r2,154,6.809722341216138,18.484025191907875,5.076284291918229,5.076284291918229,none,0
69,seaweeds,2022,148.025,531.735,r2,154,6.50269542970176,11.505365226299725,3.5921972639756796,3.5921972639756796,none,0
69,ornamentals,2018,NA,NA,r2,154,33.516976317799845,39634.778748635654,NA,33.516976317799845,geo_region,1
69,ornamentals,2019,NA,NA,r2,154,34.0665571119764,214.05315606677638,NA,34.0665571119764,geo_region,1
69,ornamentals,2020,NA,NA,r2,154,35.15067413990925,263.37100345054444,NA,35.15067413990925,geo_region,1
69,ornamentals,2021,NA,NA,r2,154,34.17760007557975,315.17903827248927,NA,34.17760007557975,geo_region,1
69,ornamentals,2022,NA,NA,r2,154,41.57077078964292,354.129859434226,NA,41.57077078964292,geo_region,1
70,fish_oil,2018,4,83.75,r2,154,4.014749529552957,3.4548599236057504,20.9375,20.9375,none,0
70,fish_oil,2019,512.54,844.9,r2,154,2.2635702995578795,3.2124334731657735,1.6484567058180826,1.6484567058180826,none,0
70,fish_oil,2020,1136.99,1796.03,r2,154,2.3400080691294542,4.395076265231746,1.5796357047995144,1.5796357047995144,none,0
70,fish_oil,2021,1796.0475,2927.5575,r2,154,2.3483223977540533,3.306193203690287,1.630000041758361,1.630000041758361,none,0
70,fish_oil,2022,2549.87,4981.835,r2,154,2.5898782650703764,8.148638976069059,1.9537603877844754,1.9537603877844754,none,0
70,seaweeds,2018,1.75,48,r2,154,7.9772773337847465,10.275189421593952,27.428571428571427,27.428571428571427,none,0
70,seaweeds,2019,1.8475,46.0725,r2,154,7.726409111532387,16.29898735556039,24.937753721244924,24.937753721244924,none,0
70,seaweeds,2020,1.625,43.8025,r2,154,6.948863891803536,10.904686467625826,26.955384615384617,26.955384615384617,none,0
70,seaweeds,2021,1.685,38.925,r2,154,6.809722341216138,18.484025191907875,23.100890207715132,23.100890207715132,none,0
70,seaweeds,2022,1.4125,29.1075,r2,154,6.50269542970176,11.505365226299725,20.6070796460177,20.6070796460177,none,0
70,ornamentals,2018,NA,NA,r2,154,33.516976317799845,39634.778748635654,NA,33.516976317799845,geo_region,1
70,ornamentals,2019,NA,NA,r2,154,34.0665571119764,214.05315606677638,NA,34.0665571119764,geo_region,1
70,ornamentals,2020,NA,NA,r2,154,35.15067413990925,263.37100345054444,NA,35.15067413990925,geo_region,1
70,ornamentals,2021,NA,NA,r2,154,34.17760007557975,315.17903827248927,NA,34.17760007557975,geo_region,1
70,ornamentals,2022,NA,NA,r2,154,41.57077078964292,354.129859434226,NA,41.57077078964292,geo_region,1
71,fish_oil,2018,0,0,r2,151,2.0931358403803104,3.4548599236057504,NA,2.0931358403803104,geo_region,1
71,fish_oil,2019,0.16,3.195,r2,151,5.836038562862585,3.2124334731657735,19.96875,19.96875,none,0
71,fish_oil,2020,0.16,3.195,r2,151,5.871895578378755,4.395076265231746,19.96875,19.96875,none,0
71,fish_oil,2021,0.485,10.025,r2,151,6.10501511190344,3.306193203690287,20.670103092783506,20.670103092783506,none,0
71,fish_oil,2022,0.485,10.0325,r2,151,6.307458391123386,8.148638976069059,20.68556701030928,20.68556701030928,none,0
71,ornamentals,2018,35.75,81.25,r2,151,2.272727272727273,39634.778748635654,2.272727272727273,2.272727272727273,none,0
71,ornamentals,2019,85.065,189.3225,r2,151,4.415442370694855,214.05315606677638,2.2256215834949744,2.2256215834949744,none,0
71,ornamentals,2020,188.735,379.855,r2,151,3.1703183829178476,263.37100345054444,2.0126367658356954,2.0126367658356954,none,0
71,ornamentals,2021,269.7725,529.8475,r2,151,2.9638447041657154,315.17903827248927,1.9640530446950673,1.9640530446950673,none,0
71,ornamentals,2022,285.0175,550.8175,r2,151,3.0727960335457443,354.129859434226,1.9325743156121993,1.9325743156121993,none,0
71,seaweeds,2018,6.5,129,r2,151,8.816072214779437,10.275189421593952,19.846153846153847,19.846153846153847,none,0
71,seaweeds,2019,13.4375,138.9925,r2,151,6.9905143703432815,16.29898735556039,10.343627906976744,10.343627906976744,none,0
71,seaweeds,2020,24.6625,186.76,r2,151,7.469446078974914,10.904686467625826,7.572630511910795,7.572630511910795,none,0
71,seaweeds,2021,39.435,314.41499999999996,r2,151,18.210114957943045,18.484025191907875,7.972993533662988,7.972993533662988,none,0
71,seaweeds,2022,58.9175,398.7075,r2,151,11.28438866680999,11.505365226299725,6.7672168710485,6.7672168710485,none,0
72,fish_oil,2018,70,151.5,r2,151,2.0931358403803104,3.4548599236057504,2.164285714285714,2.164285714285714,none,0
72,fish_oil,2019,77.065,175.11,r2,151,5.836038562862585,3.2124334731657735,2.27223772140401,2.27223772140401,none,0
72,fish_oil,2020,78.825,230.88,r2,151,5.871895578378755,4.395076265231746,2.929019980970504,2.929019980970504,none,0
72,fish_oil,2021,80.82,277.88,r2,151,6.10501511190344,3.306193203690287,3.4382578569660978,3.4382578569660978,none,0
72,fish_oil,2022,77.1225,304.475,r2,151,6.307458391123386,8.148638976069059,3.947939965639081,3.947939965639081,none,0
72,seaweeds,2018,3.5,36.5,r2,151,8.816072214779437,10.275189421593952,10.428571428571429,10.428571428571429,none,0
72,seaweeds,2019,3.585,36.4525,r2,151,6.9905143703432815,16.29898735556039,10.168061366806137,10.168061366806137,none,0
72,seaweeds,2020,2.1375,27.16,r2,151,7.469446078974914,10.904686467625826,12.706432748538012,12.706432748538012,none,0
72,seaweeds,2021,0.315,20.645,r2,151,18.210114957943045,18.484025191907875,65.53968253968254,65.53968253968254,none,0
72,seaweeds,2022,0.5175,16.009999999999998,r2,151,11.28438866680999,11.505365226299725,30.93719806763285,30.93719806763285,none,0
72,ornamentals,2018,NA,NA,r2,151,2.272727272727273,39634.778748635654,NA,2.272727272727273,geo_region,1
72,ornamentals,2019,NA,NA,r2,151,4.415442370694855,214.05315606677638,NA,4.415442370694855,geo_region,1
72,ornamentals,2020,NA,NA,r2,151,3.1703183829178476,263.37100345054444,NA,3.1703183829178476,geo_region,1
72,ornamentals,2021,NA,NA,r2,151,2.9638447041657154,315.17903827248927,NA,2.9638447041657154,geo_region,1
72,ornamentals,2022,NA,NA,r2,151,3.0727960335457443,354.129859434226,NA,3.0727960335457443,geo_region,1
73,fish_oil,2018,192.75,200.75,r2,151,2.0931358403803104,3.4548599236057504,1.0415045395590143,1.0415045395590143,none,0
73,fish_oil,2019,254.75,352,r2,151,5.836038562862585,3.2124334731657735,1.3817468105986261,1.3817468105986261,none,0
73,fish_oil,2020,955.5,1202.5,r2,151,5.871895578378755,4.395076265231746,1.2585034013605443,1.2585034013605443,none,0
73,fish_oil,2021,1873.25,2712.75,r2,151,6.10501511190344,3.306193203690287,1.4481516081676231,1.4481516081676231,none,0
73,fish_oil,2022,2787.25,4214.75,r2,151,6.307458391123386,8.148638976069059,1.5121535563727688,1.5121535563727688,none,0
73,seaweeds,2018,677.5,2395.5,r2,151,8.816072214779437,10.275189421593952,3.535793357933579,3.535793357933579,none,0
73,seaweeds,2019,560.5,2537.75,r2,151,6.9905143703432815,16.29898735556039,4.5276538804638715,4.5276538804638715,none,0
73,seaweeds,2020,398,2887.75,r2,151,7.469446078974914,10.904686467625826,7.255653266331659,7.255653266331659,none,0
73,seaweeds,2021,551.25,3759.5,r2,151,18.210114957943045,18.484025191907875,6.819954648526077,6.819954648526077,none,0
73,seaweeds,2022,653.5,4364.5,r2,151,11.28438866680999,11.505365226299725,6.678653404743688,6.678653404743688,none,0
73,ornamentals,2018,NA,NA,r2,151,2.272727272727273,39634.778748635654,NA,2.272727272727273,geo_region,1
73,ornamentals,2019,NA,NA,r2,151,4.415442370694855,214.05315606677638,NA,4.415442370694855,geo_region,1
73,ornamentals,2020,NA,NA,r2,151,3.1703183829178476,263.37100345054444,NA,3.1703183829178476,geo_region,1
73,ornamentals,2021,NA,NA,r2,151,2.9638447041657154,315.17903827248927,NA,2.9638447041657154,geo_region,1
73,ornamentals,2022,NA,NA,r2,151,3.0727960335457443,354.129859434226,NA,3.0727960335457443,geo_region,1
74,fish_oil,2018,4221.5,7109,r2,145,3.1482979342019943,3.4548599236057504,1.683998578704252,1.683998578704252,none,0
74,fish_oil,2019,4105.6325,7059.52,r2,145,3.3330369758415266,3.2124334731657735,1.719471969300711,1.719471969300711,none,0
74,fish_oil,2020,5527.945,9861.25,r2,145,4.891353293710225,4.395076265231746,1.7838907586815715,1.7838907586815715,none,0
74,fish_oil,2021,5816.6975,10468.7125,r2,145,4.010700494033984,3.306193203690287,1.7997691129717506,1.7997691129717506,none,0
74,fish_oil,2022,5649.27,10896.3425,r2,145,53.17676727094445,8.148638976069059,1.9288054031759856,1.9288054031759856,none,0
74,seaweeds,2018,NA,NA,r2,145,12.875281373749422,10.275189421593952,NA,12.875281373749422,geo_region,1
74,seaweeds,2019,NA,NA,r2,145,15.006866082967287,16.29898735556039,NA,15.006866082967287,geo_region,1
74,seaweeds,2020,NA,NA,r2,145,15.347322550380131,10.904686467625826,NA,15.347322550380131,geo_region,1
74,seaweeds,2021,NA,NA,r2,145,13.049236015855529,18.484025191907875,NA,13.049236015855529,geo_region,1
74,seaweeds,2022,NA,NA,r2,145,14.273967987774382,11.505365226299725,NA,14.273967987774382,geo_region,1
74,ornamentals,2018,NA,NA,r2,145,23.044981825728932,39634.778748635654,NA,23.044981825728932,geo_region,1
74,ornamentals,2019,NA,NA,r2,145,30.283511690975086,214.05315606677638,NA,30.283511690975086,geo_region,1
74,ornamentals,2020,NA,NA,r2,145,16.86259860980457,263.37100345054444,NA,16.86259860980457,geo_region,1
74,ornamentals,2021,NA,NA,r2,145,17.94630555986484,315.17903827248927,NA,17.94630555986484,geo_region,1
74,ornamentals,2022,NA,NA,r2,145,20.842225885578028,354.129859434226,NA,20.842225885578028,geo_region,1
75,fish_oil,2018,0,0.5,r2,151,2.0931358403803104,3.4548599236057504,NA,2.0931358403803104,geo_region,1
75,fish_oil,2019,0.99,2.4924999999999997,r2,151,5.836038562862585,3.2124334731657735,2.5176767676767673,2.5176767676767673,none,0
75,fish_oil,2020,1.0125,2.675,r2,151,5.871895578378755,4.395076265231746,2.641975308641975,2.641975308641975,none,0
75,fish_oil,2021,1.135,3.1474999999999995,r2,151,6.10501511190344,3.306193203690287,2.773127753303964,2.773127753303964,none,0
75,fish_oil,2022,1.515,4.965,r2,151,6.307458391123386,8.148638976069059,3.2772277227722775,3.2772277227722775,none,0
75,seaweeds,2018,20.5,124.5,r2,151,8.816072214779437,10.275189421593952,6.073170731707317,6.073170731707317,none,0
75,seaweeds,2019,28.2275,161.8125,r2,151,6.9905143703432815,16.29898735556039,5.7324417677796475,5.7324417677796475,none,0
75,seaweeds,2020,33.4375,178.625,r2,151,7.469446078974914,10.904686467625826,5.342056074766355,5.342056074766355,none,0
75,seaweeds,2021,37.7275,226.5825,r2,151,18.210114957943045,18.484025191907875,6.005765025511895,6.005765025511895,none,0
75,seaweeds,2022,35.4075,215.9975,r2,151,11.28438866680999,11.505365226299725,6.100331850596625,6.100331850596625,none,0
75,ornamentals,2018,NA,NA,r2,151,2.272727272727273,39634.778748635654,NA,2.272727272727273,geo_region,1
75,ornamentals,2019,NA,NA,r2,151,4.415442370694855,214.05315606677638,NA,4.415442370694855,geo_region,1
75,ornamentals,2020,NA,NA,r2,151,3.1703183829178476,263.37100345054444,NA,3.1703183829178476,geo_region,1
75,ornamentals,2021,NA,NA,r2,151,2.9638447041657154,315.17903827248927,NA,2.9638447041657154,geo_region,1
75,ornamentals,2022,NA,NA,r2,151,3.0727960335457443,354.129859434226,NA,3.0727960335457443,geo_region,1
76,fish_oil,2018,7549.75,15113.25,r2,145,3.1482979342019943,3.4548599236057504,2.0018212523593495,2.0018212523593495,none,0
76,fish_oil,2019,7761.96,15299.1925,r2,145,3.3330369758415266,3.2124334731657735,1.9710475833423515,1.9710475833423515,none,0
76,fish_oil,2020,9520.0525,18861.865,r2,145,4.891353293710225,4.395076265231746,1.9812774141739242,1.9812774141739242,none,0
76,fish_oil,2021,10350.03,20724.925,r2,145,4.010700494033984,3.306193203690287,2.002402408495434,2.002402408495434,none,0
76,fish_oil,2022,11122.5375,25112.96,r2,145,53.17676727094445,8.148638976069059,2.257844489173446,2.257844489173446,none,0
76,ornamentals,2018,3,65.5,r2,145,23.044981825728932,39634.778748635654,21.833333333333332,21.833333333333332,none,0
76,ornamentals,2019,0.275,22.5525,r2,145,30.283511690975086,214.05315606677638,82.0090909090909,82.0090909090909,none,0
76,ornamentals,2020,0.5650000000000001,19.6825,r2,145,16.86259860980457,263.37100345054444,34.836283185840706,34.836283185840706,none,0
76,ornamentals,2021,1.6925,31.525,r2,145,17.94630555986484,315.17903827248927,18.62629246676514,18.62629246676514,none,0
76,ornamentals,2022,2.87,152.3975,r2,145,20.842225885578028,354.129859434226,53.100174216027874,53.100174216027874,none,0
76,seaweeds,2018,34.5,63.75,r2,145,12.875281373749422,10.275189421593952,1.8478260869565217,1.8478260869565217,none,0
76,seaweeds,2019,34.5825,60.9575,r2,145,15.006866082967287,16.29898735556039,1.762668979975421,1.762668979975421,none,0
76,seaweeds,2020,33.885,57.21,r2,145,15.347322550380131,10.904686467625826,1.688357680389553,1.688357680389553,none,0
76,seaweeds,2021,59.6475,105.6125,r2,145,13.049236015855529,18.484025191907875,1.7706106710256087,1.7706106710256087,none,0
76,seaweeds,2022,53.48,122.455,r2,145,14.273967987774382,11.505365226299725,2.2897344801795065,2.2897344801795065,none,0
77,ornamentals,2018,1.159646744623018,22.75,r2,145,23.044981825728932,39634.778748635654,19.618043257988575,19.618043257988575,none,0
77,ornamentals,2019,0.8332475848937264,18.25,r2,145,30.283511690975086,214.05315606677638,21.902253700894473,21.902253700894473,none,0
77,ornamentals,2020,0.5030349766542273,14.5,r2,145,16.86259860980457,263.37100345054444,28.825033393188704,28.825033393188704,none,0
77,ornamentals,2021,0,4.25,r2,145,17.94630555986484,315.17903827248927,NA,17.94630555986484,geo_region,1
77,ornamentals,2022,0,0,r2,145,20.842225885578028,354.129859434226,NA,20.842225885578028,geo_region,1
77,seaweeds,2018,NA,NA,r2,145,12.875281373749422,10.275189421593952,NA,12.875281373749422,geo_region,1
77,seaweeds,2019,NA,NA,r2,145,15.006866082967287,16.29898735556039,NA,15.006866082967287,geo_region,1
77,seaweeds,2020,NA,NA,r2,145,15.347322550380131,10.904686467625826,NA,15.347322550380131,geo_region,1
77,seaweeds,2021,NA,NA,r2,145,13.049236015855529,18.484025191907875,NA,13.049236015855529,geo_region,1
77,seaweeds,2022,NA,NA,r2,145,14.273967987774382,11.505365226299725,NA,14.273967987774382,geo_region,1
77,fish_oil,2018,NA,NA,r2,145,3.1482979342019943,3.4548599236057504,NA,3.1482979342019943,geo_region,1
77,fish_oil,2019,NA,NA,r2,145,3.3330369758415266,3.2124334731657735,NA,3.3330369758415266,geo_region,1
77,fish_oil,2020,NA,NA,r2,145,4.891353293710225,4.395076265231746,NA,4.891353293710225,geo_region,1
77,fish_oil,2021,NA,NA,r2,145,4.010700494033984,3.306193203690287,NA,4.010700494033984,geo_region,1
77,fish_oil,2022,NA,NA,r2,145,53.17676727094445,8.148638976069059,NA,53.17676727094445,geo_region,1
78,fish_oil,2018,0,0.25,r2,145,3.1482979342019943,3.4548599236057504,NA,3.1482979342019943,geo_region,1
78,fish_oil,2019,0,0.25,r2,145,3.3330369758415266,3.2124334731657735,NA,3.3330369758415266,geo_region,1
78,fish_oil,2020,0,0.25,r2,145,4.891353293710225,4.395076265231746,NA,4.891353293710225,geo_region,1
78,fish_oil,2021,0,0,r2,145,4.010700494033984,3.306193203690287,NA,4.010700494033984,geo_region,1
78,fish_oil,2022,0,0,r2,145,53.17676727094445,8.148638976069059,NA,53.17676727094445,geo_region,1
78,ornamentals,2018,0.5,4,r2,145,23.044981825728932,39634.778748635654,8,8,none,0
78,ornamentals,2019,0.5,3,r2,145,30.283511690975086,214.05315606677638,6,6,none,0
78,ornamentals,2020,1.185,1.8375,r2,145,16.86259860980457,263.37100345054444,1.5506329113924049,1.5506329113924049,none,0
78,ornamentals,2021,1.905,1.7000000000000002,r2,145,17.94630555986484,315.17903827248927,0.8923884514435696,0.8923884514435696,none,0
78,ornamentals,2022,2.625,2.0625,r2,145,20.842225885578028,354.129859434226,0.7857142857142857,0.7857142857142857,none,0
78,seaweeds,2018,0.75,25,r2,145,12.875281373749422,10.275189421593952,33.333333333333336,33.333333333333336,none,0
78,seaweeds,2019,0.625,26.3525,r2,145,15.006866082967287,16.29898735556039,42.164,42.164,none,0
78,seaweeds,2020,0.6325,21.3675,r2,145,15.347322550380131,10.904686467625826,33.78260869565218,33.78260869565218,none,0
78,seaweeds,2021,0.775,18.9675,r2,145,13.049236015855529,18.484025191907875,24.4741935483871,24.4741935483871,none,0
78,seaweeds,2022,1.09,15.5875,r2,145,14.273967987774382,11.505365226299725,14.30045871559633,14.30045871559633,none,0
79,fish_oil,2018,1525.75,3625.75,r2,145,3.1482979342019943,3.4548599236057504,2.3763722759298704,2.3763722759298704,none,0
79,fish_oil,2019,1058.25,2467.75,r2,145,3.3330369758415266,3.2124334731657735,2.3319158988896764,2.3319158988896764,none,0
79,fish_oil,2020,468.5,1553.5,r2,145,4.891353293710225,4.395076265231746,3.3159018143009606,3.3159018143009606,none,0
79,fish_oil,2021,264.3075,1219,r2,145,4.010700494033984,3.306193203690287,4.61205224974698,4.61205224974698,none,0
79,fish_oil,2022,0.6775,236.25,r2,145,53.17676727094445,8.148638976069059,348.70848708487085,348.70848708487085,none,0
79,ornamentals,2018,3.4313833862724117,62,r2,145,23.044981825728932,39634.778748635654,18.068514363051687,18.068514363051687,none,0
79,ornamentals,2019,3.128295801702361,81.75,r2,145,30.283511690975086,214.05315606677638,26.132439251912544,26.132439251912544,none,0
79,ornamentals,2020,2.576623229450039,68.5,r2,145,16.86259860980457,263.37100345054444,26.58518297012358,26.58518297012358,none,0
79,ornamentals,2021,1.8987514391014777,96.5,r2,145,17.94630555986484,315.17903827248927,50.822871289390825,50.822871289390825,none,0
79,ornamentals,2022,0,114.75,r2,145,20.842225885578028,354.129859434226,NA,20.842225885578028,geo_region,1
79,seaweeds,2018,2756.5,5291.75,r2,145,12.875281373749422,10.275189421593952,1.9197351714130237,1.9197351714130237,none,0
79,seaweeds,2019,2802.5,4571.5,r2,145,15.006866082967287,16.29898735556039,1.631222123104371,1.631222123104371,none,0
79,seaweeds,2020,2827.7225,4477.75,r2,145,15.347322550380131,10.904686467625826,1.5835181846875004,1.5835181846875004,none,0
79,seaweeds,2021,2753.08,4016,r2,145,13.049236015855529,18.484025191907875,1.4587298589216442,1.4587298589216442,none,0
79,seaweeds,2022,1514.9775,2557,r2,145,14.273967987774382,11.505365226299725,1.6878138454201466,1.6878138454201466,none,0
80,fish_oil,2018,89.25,340.5,r2,39,3.3919279189997713,3.4548599236057504,3.8151260504201683,3.8151260504201683,none,0
80,fish_oil,2019,221.4825,508.7625,r2,39,2.8217346453234287,3.2124334731657735,2.2970776472181775,2.2970776472181775,none,0
80,fish_oil,2020,267.255,575.1125,r2,39,2.3412878130792234,4.395076265231746,2.1519241922508465,2.1519241922508465,none,0
80,fish_oil,2021,252.1375,581.8575,r2,39,1.968407204236721,3.306193203690287,2.3076991720787268,2.3076991720787268,none,0
80,fish_oil,2022,230.13,514.3349999999999,r2,39,2.1156596594286468,8.148638976069059,2.2349758831964537,2.2349758831964537,none,0
80,ornamentals,2018,0,0,r2,39,14.198414670933607,39634.778748635654,NA,14.198414670933607,geo_region,1
80,ornamentals,2019,0,0,r2,39,13.566111556541582,214.05315606677638,NA,13.566111556541582,geo_region,1
80,ornamentals,2020,0,0,r2,39,14.339791376978802,263.37100345054444,NA,14.339791376978802,geo_region,1
80,ornamentals,2021,0,0,r2,39,14.602848932369069,315.17903827248927,NA,14.602848932369069,geo_region,1
80,ornamentals,2022,0,0,r2,39,13.979040180975835,354.129859434226,NA,13.979040180975835,geo_region,1
80,seaweeds,2018,6.75,133.25,r2,39,18.76241599903231,10.275189421593952,19.74074074074074,19.74074074074074,none,0
80,seaweeds,2019,6.2275,142.0375,r2,39,46.96082292201427,16.29898735556039,22.80810919309514,22.80810919309514,none,0
80,seaweeds,2020,8.16,168.3175,r2,39,20.247487454432704,10.904686467625826,20.627144607843135,20.627144607843135,none,0
80,seaweeds,2021,12.945,191.075,r2,39,19.40416398570961,18.484025191907875,14.760525299343374,14.760525299343374,none,0
80,seaweeds,2022,16.322499999999998,270.83500000000004,r2,39,17.005950367900795,11.505365226299725,16.592740082707923,16.592740082707923,none,0
81,fish_oil,2018,0,0,r2,145,3.1482979342019943,3.4548599236057504,NA,3.1482979342019943,geo_region,1
81,fish_oil,2019,0,0,r2,145,3.3330369758415266,3.2124334731657735,NA,3.3330369758415266,geo_region,1
81,fish_oil,2020,0,0,r2,145,4.891353293710225,4.395076265231746,NA,4.891353293710225,geo_region,1
81,fish_oil,2021,0.005,0.0625,r2,145,4.010700494033984,3.306193203690287,12.5,12.5,none,0
81,fish_oil,2022,0.01,0.125,r2,145,53.17676727094445,8.148638976069059,12.5,12.5,none,0
81,seaweeds,2018,1.25,21.25,r2,145,12.875281373749422,10.275189421593952,17,17,none,0
81,seaweeds,2019,1,21.035,r2,145,15.006866082967287,16.29898735556039,21.035,21.035,none,0
81,seaweeds,2020,0.7575,20.2125,r2,145,15.347322550380131,10.904686467625826,26.683168316831683,26.683168316831683,none,0
81,seaweeds,2021,0.2575,5.2125,r2,145,13.049236015855529,18.484025191907875,20.24271844660194,20.24271844660194,none,0
81,seaweeds,2022,0.07999999999999999,2.9325,r2,145,14.273967987774382,11.505365226299725,36.65625000000001,36.65625000000001,none,0
81,ornamentals,2018,NA,NA,r2,145,23.044981825728932,39634.778748635654,NA,23.044981825728932,geo_region,1
81,ornamentals,2019,NA,NA,r2,145,30.283511690975086,214.05315606677638,NA,30.283511690975086,geo_region,1
81,ornamentals,2020,NA,NA,r2,145,16.86259860980457,263.37100345054444,NA,16.86259860980457,geo_region,1
81,ornamentals,2021,NA,NA,r2,145,17.94630555986484,315.17903827248927,NA,17.94630555986484,geo_region,1
81,ornamentals,2022,NA,NA,r2,145,20.842225885578028,354.129859434226,NA,20.842225885578028,geo_region,1
82,ornamentals,2018,0,0,r2,39,14.198414670933607,39634.778748635654,NA,14.198414670933607,geo_region,1
82,ornamentals,2019,0,0,r2,39,13.566111556541582,214.05315606677638,NA,13.566111556541582,geo_region,1
82,ornamentals,2020,0,0,r2,39,14.339791376978802,263.37100345054444,NA,14.339791376978802,geo_region,1
82,ornamentals,2021,0,0,r2,39,14.602848932369069,315.17903827248927,NA,14.602848932369069,geo_region,1
82,ornamentals,2022,0,0,r2,39,13.979040180975835,354.129859434226,NA,13.979040180975835,geo_region,1
82,seaweeds,2018,0.25,7.75,r2,39,18.76241599903231,10.275189421593952,31,31,none,0
82,seaweeds,2019,0.03,5.365,r2,39,46.96082292201427,16.29898735556039,178.83333333333334,178.83333333333334,none,0
82,seaweeds,2020,0.1125,3.2775,r2,39,20.247487454432704,10.904686467625826,29.133333333333333,29.133333333333333,none,0
82,seaweeds,2021,0.125,3.0025,r2,39,19.40416398570961,18.484025191907875,24.02,24.02,none,0
82,seaweeds,2022,0.125,2.02,r2,39,17.005950367900795,11.505365226299725,16.16,16.16,none,0
82,fish_oil,2018,NA,NA,r2,39,3.3919279189997713,3.4548599236057504,NA,3.3919279189997713,geo_region,1
82,fish_oil,2019,NA,NA,r2,39,2.8217346453234287,3.2124334731657735,NA,2.8217346453234287,geo_region,1
82,fish_oil,2020,NA,NA,r2,39,2.3412878130792234,4.395076265231746,NA,2.3412878130792234,geo_region,1
82,fish_oil,2021,NA,NA,r2,39,1.968407204236721,3.306193203690287,NA,1.968407204236721,geo_region,1
82,fish_oil,2022,NA,NA,r2,39,2.1156596594286468,8.148638976069059,NA,2.1156596594286468,geo_region,1
84,ornamentals,2018,0,0,r2,15,5.689500858169653,39634.778748635654,NA,5.689500858169653,geo_region,1
84,ornamentals,2019,0,0,r2,15,5.949614069459611,214.05315606677638,NA,5.949614069459611,geo_region,1
84,ornamentals,2020,0,0,r2,15,5.8000282599272435,263.37100345054444,NA,5.8000282599272435,geo_region,1
84,ornamentals,2021,0,0,r2,15,1.6053409215278538,315.17903827248927,NA,1.6053409215278538,geo_region,1
84,ornamentals,2022,0,0,r2,15,1.5248529189923063,354.129859434226,NA,1.5248529189923063,geo_region,1
84,seaweeds,2018,NA,NA,r2,15,8.462239523653874,10.275189421593952,NA,8.462239523653874,geo_region,1
84,seaweeds,2019,NA,NA,r2,15,8.597244542153623,16.29898735556039,NA,8.597244542153623,geo_region,1
84,seaweeds,2020,NA,NA,r2,15,9.1593229386477,10.904686467625826,NA,9.1593229386477,geo_region,1
84,seaweeds,2021,NA,NA,r2,15,6.7830538527519995,18.484025191907875,NA,6.7830538527519995,geo_region,1
84,seaweeds,2022,NA,NA,r2,15,5.448059380501483,11.505365226299725,NA,5.448059380501483,geo_region,1
84,fish_oil,2018,NA,NA,r2,15,1.566475112495773,3.4548599236057504,NA,1.566475112495773,geo_region,1
84,fish_oil,2019,NA,NA,r2,15,1.5801909746291387,3.2124334731657735,NA,1.5801909746291387,geo_region,1
84,fish_oil,2020,NA,NA,r2,15,1.53458597668387,4.395076265231746,NA,1.53458597668387,geo_region,1
84,fish_oil,2021,NA,NA,r2,15,1.2786113714266671,3.306193203690287,NA,1.2786113714266671,geo_region,1
84,fish_oil,2022,NA,NA,r2,15,1.7001233420695068,8.148638976069059,NA,1.7001233420695068,geo_region,1
85,ornamentals,2018,0,0,NA,NA,790.9594797423088,39634.778748635654,NA,790.9594797423088,geo_region,1
85,ornamentals,2019,0,0,NA,NA,1233.9306211288915,214.05315606677638,NA,1233.9306211288915,geo_region,1
85,ornamentals,2020,0,0,NA,NA,1128.7078357250932,263.37100345054444,NA,1128.7078357250932,geo_region,1
85,ornamentals,2021,0,0,NA,NA,2080.9481310834467,315.17903827248927,NA,2080.9481310834467,geo_region,1
85,ornamentals,2022,0,0,NA,NA,7.0375,354.129859434226,NA,7.0375,geo_region,1
85,seaweeds,2018,NA,NA,NA,NA,33.43536067892503,10.275189421593952,NA,33.43536067892503,geo_region,1
85,seaweeds,2019,NA,NA,NA,NA,26.606902747831157,16.29898735556039,NA,26.606902747831157,geo_region,1
85,seaweeds,2020,NA,NA,NA,NA,16.27481174370217,10.904686467625826,NA,16.27481174370217,geo_region,1
85,seaweeds,2021,NA,NA,NA,NA,21.14420214803502,18.484025191907875,NA,21.14420214803502,geo_region,1
85,seaweeds,2022,NA,NA,NA,NA,24.05035936355738,11.505365226299725,NA,24.05035936355738,geo_region,1
85,fish_oil,2018,NA,NA,NA,NA,1.3390586982297266,3.4548599236057504,NA,1.3390586982297266,geo_region,1
85,fish_oil,2019,NA,NA,NA,NA,1.2526439137430962,3.2124334731657735,NA,1.2526439137430962,geo_region,1
85,fish_oil,2020,NA,NA,NA,NA,1.271589315568058,4.395076265231746,NA,1.271589315568058,geo_region,1
85,fish_oil,2021,NA,NA,NA,NA,1.2764244361532855,3.306193203690287,NA,1.2764244361532855,geo_region,1
85,fish_oil,2022,NA,NA,NA,NA,1.61186422028017,8.148638976069059,NA,1.61186422028017,geo_region,1
86,ornamentals,2018,0,0,r2,154,33.516976317799845,39634.778748635654,NA,33.516976317799845,geo_region,1
86,ornamentals,2019,0,0,r2,154,34.0665571119764,214.05315606677638,NA,34.0665571119764,geo_region,1
86,ornamentals,2020,0,0,r2,154,35.15067413990925,263.37100345054444,NA,35.15067413990925,geo_region,1
86,ornamentals,2021,0,0,r2,154,34.17760007557975,315.17903827248927,NA,34.17760007557975,geo_region,1
86,ornamentals,2022,0,0,r2,154,41.57077078964292,354.129859434226,NA,41.57077078964292,geo_region,1
86,seaweeds,2018,NA,NA,r2,154,7.9772773337847465,10.275189421593952,NA,7.9772773337847465,geo_region,1
86,seaweeds,2019,NA,NA,r2,154,7.726409111532387,16.29898735556039,NA,7.726409111532387,geo_region,1
86,seaweeds,2020,NA,NA,r2,154,6.948863891803536,10.904686467625826,NA,6.948863891803536,geo_region,1
86,seaweeds,2021,NA,NA,r2,154,6.809722341216138,18.484025191907875,NA,6.809722341216138,geo_region,1
86,seaweeds,2022,NA,NA,r2,154,6.50269542970176,11.505365226299725,NA,6.50269542970176,geo_region,1
86,fish_oil,2018,NA,NA,r2,154,4.014749529552957,3.4548599236057504,NA,4.014749529552957,geo_region,1
86,fish_oil,2019,NA,NA,r2,154,2.2635702995578795,3.2124334731657735,NA,2.2635702995578795,geo_region,1
86,fish_oil,2020,NA,NA,r2,154,2.3400080691294542,4.395076265231746,NA,2.3400080691294542,geo_region,1
86,fish_oil,2021,NA,NA,r2,154,2.3483223977540533,3.306193203690287,NA,2.3483223977540533,geo_region,1
86,fish_oil,2022,NA,NA,r2,154,2.5898782650703764,8.148638976069059,NA,2.5898782650703764,geo_region,1
88,ornamentals,2018,0,0,NA,NA,790.9594797423088,39634.778748635654,NA,790.9594797423088,geo_region,1
88,ornamentals,2019,0,0,NA,NA,1233.9306211288915,214.05315606677638,NA,1233.9306211288915,geo_region,1
88,ornamentals,2020,0,0,NA,NA,1128.7078357250932,263.37100345054444,NA,1128.7078357250932,geo_region,1
88,ornamentals,2021,0,0,NA,NA,2080.9481310834467,315.17903827248927,NA,2080.9481310834467,geo_region,1
88,ornamentals,2022,0,0,NA,NA,7.0375,354.129859434226,NA,7.0375,geo_region,1
88,seaweeds,2018,NA,NA,NA,NA,33.43536067892503,10.275189421593952,NA,33.43536067892503,geo_region,1
88,seaweeds,2019,NA,NA,NA,NA,26.606902747831157,16.29898735556039,NA,26.606902747831157,geo_region,1
88,seaweeds,2020,NA,NA,NA,NA,16.27481174370217,10.904686467625826,NA,16.27481174370217,geo_region,1
88,seaweeds,2021,NA,NA,NA,NA,21.14420214803502,18.484025191907875,NA,21.14420214803502,geo_region,1
88,seaweeds,2022,NA,NA,NA,NA,24.05035936355738,11.505365226299725,NA,24.05035936355738,geo_region,1
88,fish_oil,2018,NA,NA,NA,NA,1.3390586982297266,3.4548599236057504,NA,1.3390586982297266,geo_region,1
88,fish_oil,2019,NA,NA,NA,NA,1.2526439137430962,3.2124334731657735,NA,1.2526439137430962,geo_region,1
88,fish_oil,2020,NA,NA,NA,NA,1.271589315568058,4.395076265231746,NA,1.271589315568058,geo_region,1
88,fish_oil,2021,NA,NA,NA,NA,1.2764244361532855,3.306193203690287,NA,1.2764244361532855,geo_region,1
88,fish_oil,2022,NA,NA,NA,NA,1.61186422028017,8.148638976069059,NA,1.61186422028017,geo_region,1
89,seaweeds,2018,NA,NA,r2,999,NA,10.275189421593952,NA,10.275189421593952,global,1
89,seaweeds,2019,NA,NA,r2,999,NA,16.29898735556039,NA,16.29898735556039,global,1
89,seaweeds,2020,NA,NA,r2,999,NA,10.904686467625826,NA,10.904686467625826,global,1
89,seaweeds,2021,NA,NA,r2,999,NA,18.484025191907875,NA,18.484025191907875,global,1
89,seaweeds,2022,NA,NA,r2,999,NA,11.505365226299725,NA,11.505365226299725,global,1
89,ornamentals,2018,NA,NA,r2,999,NA,39634.778748635654,NA,39634.778748635654,global,1
89,ornamentals,2019,NA,NA,r2,999,NA,214.05315606677638,NA,214.05315606677638,global,1
89,ornamentals,2020,NA,NA,r2,999,NA,263.37100345054444,NA,263.37100345054444,global,1
89,ornamentals,2021,NA,NA,r2,999,NA,315.17903827248927,NA,315.17903827248927,global,1
89,ornamentals,2022,NA,NA,r2,999,NA,354.129859434226,NA,354.129859434226,global,1
89,fish_oil,2018,NA,NA,r2,999,NA,3.4548599236057504,NA,3.4548599236057504,global,1
89,fish_oil,2019,NA,NA,r2,999,NA,3.2124334731657735,NA,3.2124334731657735,global,1
89,fish_oil,2020,NA,NA,r2,999,NA,4.395076265231746,NA,4.395076265231746,global,1
89,fish_oil,2021,NA,NA,r2,999,NA,3.306193203690287,NA,3.306193203690287,global,1
89,fish_oil,2022,NA,NA,r2,999,NA,8.148638976069059,NA,8.148638976069059,global,1
90,seaweeds,2018,NA,NA,r2,18,1.8315579227696406,10.275189421593952,NA,1.8315579227696406,geo_region,1
90,seaweeds,2019,NA,NA,r2,18,1.9370391584233815,16.29898735556039,NA,1.9370391584233815,geo_region,1
90,seaweeds,2020,NA,NA,r2,18,1.8957141434235627,10.904686467625826,NA,1.8957141434235627,geo_region,1
90,seaweeds,2021,NA,NA,r2,18,2.4308246646333034,18.484025191907875,NA,2.4308246646333034,geo_region,1
90,seaweeds,2022,NA,NA,r2,18,2.9001090576411115,11.505365226299725,NA,2.9001090576411115,geo_region,1
90,ornamentals,2018,NA,NA,r2,18,10.795454545454545,39634.778748635654,NA,10.795454545454545,geo_region,1
90,ornamentals,2019,NA,NA,r2,18,7.0698829940695616,214.05315606677638,NA,7.0698829940695616,geo_region,1
90,ornamentals,2020,NA,NA,r2,18,8.022463589237226,263.37100345054444,NA,8.022463589237226,geo_region,1
90,ornamentals,2021,NA,NA,r2,18,8.857551487414188,315.17903827248927,NA,8.857551487414188,geo_region,1
90,ornamentals,2022,NA,NA,r2,18,2.6411997736276174,354.129859434226,NA,2.6411997736276174,geo_region,1
90,fish_oil,2018,NA,NA,r2,18,1.6725421575041064,3.4548599236057504,NA,1.6725421575041064,geo_region,1
90,fish_oil,2019,NA,NA,r2,18,1.6234061309837566,3.2124334731657735,NA,1.6234061309837566,geo_region,1
90,fish_oil,2020,NA,NA,r2,18,1.363616392583733,4.395076265231746,NA,1.363616392583733,geo_region,1
90,fish_oil,2021,NA,NA,r2,18,1.4720457579114896,3.306193203690287,NA,1.4720457579114896,geo_region,1
90,fish_oil,2022,NA,NA,r2,18,1.7861921852880418,8.148638976069059,NA,1.7861921852880418,geo_region,1
91,seaweeds,2018,NA,NA,NA,NA,33.43536067892503,10.275189421593952,NA,33.43536067892503,geo_region,1
91,seaweeds,2019,NA,NA,NA,NA,26.606902747831157,16.29898735556039,NA,26.606902747831157,geo_region,1
91,seaweeds,2020,NA,NA,NA,NA,16.27481174370217,10.904686467625826,NA,16.27481174370217,geo_region,1
91,seaweeds,2021,NA,NA,NA,NA,21.14420214803502,18.484025191907875,NA,21.14420214803502,geo_region,1
91,seaweeds,2022,NA,NA,NA,NA,24.05035936355738,11.505365226299725,NA,24.05035936355738,geo_region,1
91,ornamentals,2018,NA,NA,NA,NA,790.9594797423088,39634.778748635654,NA,790.9594797423088,geo_region,1
91,ornamentals,2019,NA,NA,NA,NA,1233.9306211288915,214.05315606677638,NA,1233.9306211288915,geo_region,1
91,ornamentals,2020,NA,NA,NA,NA,1128.7078357250932,263.37100345054444,NA,1128.7078357250932,geo_region,1
91,ornamentals,2021,NA,NA,NA,NA,2080.9481310834467,315.17903827248927,NA,2080.9481310834467,geo_region,1
91,ornamentals,2022,NA,NA,NA,NA,7.0375,354.129859434226,NA,7.0375,geo_region,1
91,fish_oil,2018,NA,NA,NA,NA,1.3390586982297266,3.4548599236057504,NA,1.3390586982297266,geo_region,1
91,fish_oil,2019,NA,NA,NA,NA,1.2526439137430962,3.2124334731657735,NA,1.2526439137430962,geo_region,1
91,fish_oil,2020,NA,NA,NA,NA,1.271589315568058,4.395076265231746,NA,1.271589315568058,geo_region,1
91,fish_oil,2021,NA,NA,NA,NA,1.2764244361532855,3.306193203690287,NA,1.2764244361532855,geo_region,1
91,fish_oil,2022,NA,NA,NA,NA,1.61186422028017,8.148638976069059,NA,1.61186422028017,geo_region,1
92,seaweeds,2018,NA,NA,NA,NA,33.43536067892503,10.275189421593952,NA,33.43536067892503,geo_region,1
92,seaweeds,2019,NA,NA,NA,NA,26.606902747831157,16.29898735556039,NA,26.606902747831157,geo_region,1
92,seaweeds,2020,NA,NA,NA,NA,16.27481174370217,10.904686467625826,NA,16.27481174370217,geo_region,1
92,seaweeds,2021,NA,NA,NA,NA,21.14420214803502,18.484025191907875,NA,21.14420214803502,geo_region,1
92,seaweeds,2022,NA,NA,NA,NA,24.05035936355738,11.505365226299725,NA,24.05035936355738,geo_region,1
92,ornamentals,2018,NA,NA,NA,NA,790.9594797423088,39634.778748635654,NA,790.9594797423088,geo_region,1
92,ornamentals,2019,NA,NA,NA,NA,1233.9306211288915,214.05315606677638,NA,1233.9306211288915,geo_region,1
92,ornamentals,2020,NA,NA,NA,NA,1128.7078357250932,263.37100345054444,NA,1128.7078357250932,geo_region,1
92,ornamentals,2021,NA,NA,NA,NA,2080.9481310834467,315.17903827248927,NA,2080.9481310834467,geo_region,1
92,ornamentals,2022,NA,NA,NA,NA,7.0375,354.129859434226,NA,7.0375,geo_region,1
92,fish_oil,2018,NA,NA,NA,NA,1.3390586982297266,3.4548599236057504,NA,1.3390586982297266,geo_region,1
92,fish_oil,2019,NA,NA,NA,NA,1.2526439137430962,3.2124334731657735,NA,1.2526439137430962,geo_region,1
92,fish_oil,2020,NA,NA,NA,NA,1.271589315568058,4.395076265231746,NA,1.271589315568058,geo_region,1
92,fish_oil,2021,NA,NA,NA,NA,1.2764244361532855,3.306193203690287,NA,1.2764244361532855,geo_region,1
92,fish_oil,2022,NA,NA,NA,NA,1.61186422028017,8.148638976069059,NA,1.61186422028017,geo_region,1
93,seaweeds,2018,NA,NA,NA,NA,33.43536067892503,10.275189421593952,NA,33.43536067892503,geo_region,1
93,seaweeds,2019,NA,NA,NA,NA,26.606902747831157,16.29898735556039,NA,26.606902747831157,geo_region,1
93,seaweeds,2020,NA,NA,NA,NA,16.27481174370217,10.904686467625826,NA,16.27481174370217,geo_region,1
93,seaweeds,2021,NA,NA,NA,NA,21.14420214803502,18.484025191907875,NA,21.14420214803502,geo_region,1
93,seaweeds,2022,NA,NA,NA,NA,24.05035936355738,11.505365226299725,NA,24.05035936355738,geo_region,1
93,ornamentals,2018,NA,NA,NA,NA,790.9594797423088,39634.778748635654,NA,790.9594797423088,geo_region,1
93,ornamentals,2019,NA,NA,NA,NA,1233.9306211288915,214.05315606677638,NA,1233.9306211288915,geo_region,1
93,ornamentals,2020,NA,NA,NA,NA,1128.7078357250932,263.37100345054444,NA,1128.7078357250932,geo_region,1
93,ornamentals,2021,NA,NA,NA,NA,2080.9481310834467,315.17903827248927,NA,2080.9481310834467,geo_region,1
93,ornamentals,2022,NA,NA,NA,NA,7.0375,354.129859434226,NA,7.0375,geo_region,1
93,fish_oil,2018,NA,NA,NA,NA,1.3390586982297266,3.4548599236057504,NA,1.3390586982297266,geo_region,1
93,fish_oil,2019,NA,NA,NA,NA,1.2526439137430962,3.2124334731657735,NA,1.2526439137430962,geo_region,1
93,fish_oil,2020,NA,NA,NA,NA,1.271589315568058,4.395076265231746,NA,1.271589315568058,geo_region,1
93,fish_oil,2021,NA,NA,NA,NA,1.2764244361532855,3.306193203690287,NA,1.2764244361532855,geo_region,1
93,fish_oil,2022,NA,NA,NA,NA,1.61186422028017,8.148638976069059,NA,1.61186422028017,geo_region,1
94,seaweeds,2018,NA,NA,r2,999,NA,10.275189421593952,NA,10.275189421593952,global,1
94,seaweeds,2019,NA,NA,r2,999,NA,16.29898735556039,NA,16.29898735556039,global,1
94,seaweeds,2020,NA,NA,r2,999,NA,10.904686467625826,NA,10.904686467625826,global,1
94,seaweeds,2021,NA,NA,r2,999,NA,18.484025191907875,NA,18.484025191907875,global,1
94,seaweeds,2022,NA,NA,r2,999,NA,11.505365226299725,NA,11.505365226299725,global,1
94,ornamentals,2018,NA,NA,r2,999,NA,39634.778748635654,NA,39634.778748635654,global,1
94,ornamentals,2019,NA,NA,r2,999,NA,214.05315606677638,NA,214.05315606677638,global,1
94,ornamentals,2020,NA,NA,r2,999,NA,263.37100345054444,NA,263.37100345054444,global,1
94,ornamentals,2021,NA,NA,r2,999,NA,315.17903827248927,NA,315.17903827248927,global,1
94,ornamentals,2022,NA,NA,r2,999,NA,354.129859434226,NA,354.129859434226,global,1
94,fish_oil,2018,NA,NA,r2,999,NA,3.4548599236057504,NA,3.4548599236057504,global,1
94,fish_oil,2019,NA,NA,r2,999,NA,3.2124334731657735,NA,3.2124334731657735,global,1
94,fish_oil,2020,NA,NA,r2,999,NA,4.395076265231746,NA,4.395076265231746,global,1
94,fish_oil,2021,NA,NA,r2,999,NA,3.306193203690287,NA,3.306193203690287,global,1
94,fish_oil,2022,NA,NA,r2,999,NA,8.148638976069059,NA,8.148638976069059,global,1
95,seaweeds,2018,NA,NA,r2,154,7.9772773337847465,10.275189421593952,NA,7.9772773337847465,geo_region,1
95,seaweeds,2019,NA,NA,r2,154,7.726409111532387,16.29898735556039,NA,7.726409111532387,geo_region,1
95,seaweeds,2020,NA,NA,r2,154,6.948863891803536,10.904686467625826,NA,6.948863891803536,geo_region,1
95,seaweeds,2021,NA,NA,r2,154,6.809722341216138,18.484025191907875,NA,6.809722341216138,geo_region,1
95,seaweeds,2022,NA,NA,r2,154,6.50269542970176,11.505365226299725,NA,6.50269542970176,geo_region,1
95,ornamentals,2018,NA,NA,r2,154,33.516976317799845,39634.778748635654,NA,33.516976317799845,geo_region,1
95,ornamentals,2019,NA,NA,r2,154,34.0665571119764,214.05315606677638,NA,34.0665571119764,geo_region,1
95,ornamentals,2020,NA,NA,r2,154,35.15067413990925,263.37100345054444,NA,35.15067413990925,geo_region,1
95,ornamentals,2021,NA,NA,r2,154,34.17760007557975,315.17903827248927,NA,34.17760007557975,geo_region,1
95,ornamentals,2022,NA,NA,r2,154,41.57077078964292,354.129859434226,NA,41.57077078964292,geo_region,1
95,fish_oil,2018,NA,NA,r2,154,4.014749529552957,3.4548599236057504,NA,4.014749529552957,geo_region,1
95,fish_oil,2019,NA,NA,r2,154,2.2635702995578795,3.2124334731657735,NA,2.2635702995578795,geo_region,1
95,fish_oil,2020,NA,NA,r2,154,2.3400080691294542,4.395076265231746,NA,2.3400080691294542,geo_region,1
95,fish_oil,2021,NA,NA,r2,154,2.3483223977540533,3.306193203690287,NA,2.3483223977540533,geo_region,1
95,fish_oil,2022,NA,NA,r2,154,2.5898782650703764,8.148638976069059,NA,2.5898782650703764,geo_region,1
96,ornamentals,2018,0,0,r2,11,0.5,39634.778748635654,NA,0.5,geo_region,1
96,ornamentals,2019,0,0,r2,11,0.6896745756353747,214.05315606677638,NA,0.6896745756353747,geo_region,1
96,ornamentals,2020,0,0,r2,11,0.7818135229063559,263.37100345054444,NA,0.7818135229063559,geo_region,1
96,ornamentals,2021,0,0,r2,11,0.7884019511962408,315.17903827248927,NA,0.7884019511962408,geo_region,1
96,ornamentals,2022,0,0,r2,11,1.1014416243515268,354.129859434226,NA,1.1014416243515268,geo_region,1
96,seaweeds,2018,NA,NA,r2,11,2.6451612903225805,10.275189421593952,NA,2.6451612903225805,geo_region,1
96,seaweeds,2019,NA,NA,r2,11,151.58708852668585,16.29898735556039,NA,151.58708852668585,geo_region,1
96,seaweeds,2020,NA,NA,r2,11,44.883944449148956,10.904686467625826,NA,44.883944449148956,geo_region,1
96,seaweeds,2021,NA,NA,r2,11,27.148297233403618,18.484025191907875,NA,27.148297233403618,geo_region,1
96,seaweeds,2022,NA,NA,r2,11,23.565479555304314,11.505365226299725,NA,23.565479555304314,geo_region,1
96,fish_oil,2018,NA,NA,r2,11,1.3552878181845123,3.4548599236057504,NA,1.3552878181845123,geo_region,1
96,fish_oil,2019,NA,NA,r2,11,1.379622445060606,3.2124334731657735,NA,1.379622445060606,geo_region,1
96,fish_oil,2020,NA,NA,r2,11,1.3832835882340406,4.395076265231746,NA,1.3832835882340406,geo_region,1
96,fish_oil,2021,NA,NA,r2,11,1.451210120596937,3.306193203690287,NA,1.451210120596937,geo_region,1
96,fish_oil,2022,NA,NA,r2,11,1.4677137622621226,8.148638976069059,NA,1.4677137622621226,geo_region,1
97,ornamentals,2018,0,0,r2,11,0.5,39634.778748635654,NA,0.5,geo_region,1
97,ornamentals,2019,0,0,r2,11,0.6896745756353747,214.05315606677638,NA,0.6896745756353747,geo_region,1
97,ornamentals,2020,0,0,r2,11,0.7818135229063559,263.37100345054444,NA,0.7818135229063559,geo_region,1
97,ornamentals,2021,0,0,r2,11,0.7884019511962408,315.17903827248927,NA,0.7884019511962408,geo_region,1
97,ornamentals,2022,0,0,r2,11,1.1014416243515268,354.129859434226,NA,1.1014416243515268,geo_region,1
97,seaweeds,2018,NA,NA,r2,11,2.6451612903225805,10.275189421593952,NA,2.6451612903225805,geo_region,1
97,seaweeds,2019,NA,NA,r2,11,151.58708852668585,16.29898735556039,NA,151.58708852668585,geo_region,1
97,seaweeds,2020,NA,NA,r2,11,44.883944449148956,10.904686467625826,NA,44.883944449148956,geo_region,1
97,seaweeds,2021,NA,NA,r2,11,27.148297233403618,18.484025191907875,NA,27.148297233403618,geo_region,1
97,seaweeds,2022,NA,NA,r2,11,23.565479555304314,11.505365226299725,NA,23.565479555304314,geo_region,1
97,fish_oil,2018,NA,NA,r2,11,1.3552878181845123,3.4548599236057504,NA,1.3552878181845123,geo_region,1
97,fish_oil,2019,NA,NA,r2,11,1.379622445060606,3.2124334731657735,NA,1.379622445060606,geo_region,1
97,fish_oil,2020,NA,NA,r2,11,1.3832835882340406,4.395076265231746,NA,1.3832835882340406,geo_region,1
97,fish_oil,2021,NA,NA,r2,11,1.451210120596937,3.306193203690287,NA,1.451210120596937,geo_region,1
97,fish_oil,2022,NA,NA,r2,11,1.4677137622621226,8.148638976069059,NA,1.4677137622621226,geo_region,1
98,seaweeds,2018,NA,NA,r2,11,2.6451612903225805,10.275189421593952,NA,2.6451612903225805,geo_region,1
98,seaweeds,2019,NA,NA,r2,11,151.58708852668585,16.29898735556039,NA,151.58708852668585,geo_region,1
98,seaweeds,2020,NA,NA,r2,11,44.883944449148956,10.904686467625826,NA,44.883944449148956,geo_region,1
98,seaweeds,2021,NA,NA,r2,11,27.148297233403618,18.484025191907875,NA,27.148297233403618,geo_region,1
98,seaweeds,2022,NA,NA,r2,11,23.565479555304314,11.505365226299725,NA,23.565479555304314,geo_region,1
98,ornamentals,2018,NA,NA,r2,11,0.5,39634.778748635654,NA,0.5,geo_region,1
98,ornamentals,2019,NA,NA,r2,11,0.6896745756353747,214.05315606677638,NA,0.6896745756353747,geo_region,1
98,ornamentals,2020,NA,NA,r2,11,0.7818135229063559,263.37100345054444,NA,0.7818135229063559,geo_region,1
98,ornamentals,2021,NA,NA,r2,11,0.7884019511962408,315.17903827248927,NA,0.7884019511962408,geo_region,1
98,ornamentals,2022,NA,NA,r2,11,1.1014416243515268,354.129859434226,NA,1.1014416243515268,geo_region,1
98,fish_oil,2018,NA,NA,r2,11,1.3552878181845123,3.4548599236057504,NA,1.3552878181845123,geo_region,1
98,fish_oil,2019,NA,NA,r2,11,1.379622445060606,3.2124334731657735,NA,1.379622445060606,geo_region,1
98,fish_oil,2020,NA,NA,r2,11,1.3832835882340406,4.395076265231746,NA,1.3832835882340406,geo_region,1
98,fish_oil,2021,NA,NA,r2,11,1.451210120596937,3.306193203690287,NA,1.451210120596937,geo_region,1
98,fish_oil,2022,NA,NA,r2,11,1.4677137622621226,8.148638976069059,NA,1.4677137622621226,geo_region,1
99,seaweeds,2018,NA,NA,r2,11,2.6451612903225805,10.275189421593952,NA,2.6451612903225805,geo_region,1
99,seaweeds,2019,NA,NA,r2,11,151.58708852668585,16.29898735556039,NA,151.58708852668585,geo_region,1
99,seaweeds,2020,NA,NA,r2,11,44.883944449148956,10.904686467625826,NA,44.883944449148956,geo_region,1
99,seaweeds,2021,NA,NA,r2,11,27.148297233403618,18.484025191907875,NA,27.148297233403618,geo_region,1
99,seaweeds,2022,NA,NA,r2,11,23.565479555304314,11.505365226299725,NA,23.565479555304314,geo_region,1
99,ornamentals,2018,NA,NA,r2,11,0.5,39634.778748635654,NA,0.5,geo_region,1
99,ornamentals,2019,NA,NA,r2,11,0.6896745756353747,214.05315606677638,NA,0.6896745756353747,geo_region,1
99,ornamentals,2020,NA,NA,r2,11,0.7818135229063559,263.37100345054444,NA,0.7818135229063559,geo_region,1
99,ornamentals,2021,NA,NA,r2,11,0.7884019511962408,315.17903827248927,NA,0.7884019511962408,geo_region,1
99,ornamentals,2022,NA,NA,r2,11,1.1014416243515268,354.129859434226,NA,1.1014416243515268,geo_region,1
99,fish_oil,2018,NA,NA,r2,11,1.3552878181845123,3.4548599236057504,NA,1.3552878181845123,geo_region,1
99,fish_oil,2019,NA,NA,r2,11,1.379622445060606,3.2124334731657735,NA,1.379622445060606,geo_region,1
99,fish_oil,2020,NA,NA,r2,11,1.3832835882340406,4.395076265231746,NA,1.3832835882340406,geo_region,1
99,fish_oil,2021,NA,NA,r2,11,1.451210120596937,3.306193203690287,NA,1.451210120596937,geo_region,1
99,fish_oil,2022,NA,NA,r2,11,1.4677137622621226,8.148638976069059,NA,1.4677137622621226,geo_region,1
100,fish_oil,2018,377.75,140,r2,17,0.3357137814210437,3.4548599236057504,0.37061548643282594,0.37061548643282594,none,0
100,fish_oil,2019,502.75,184.43,r2,17,0.3324329403752614,3.2124334731657735,0.3668423669816012,0.3668423669816012,none,0
100,fish_oil,2020,587.75,214.525,r2,17,0.3465675386400777,4.395076265231746,0.3649936197362824,0.3649936197362824,none,0
100,fish_oil,2021,502.5,184.9975,r2,17,0.33678445077729724,3.306193203690287,0.3681542288557214,0.3681542288557214,none,0
100,fish_oil,2022,292.95,109.8525,r2,17,0.42760135016379885,8.148638976069059,0.3749871991807476,0.3749871991807476,none,0
100,ornamentals,2018,0,0,r2,17,5.146964856230032,39634.778748635654,NA,5.146964856230032,geo_region,1
100,ornamentals,2019,0,0,r2,17,5.146964856230032,214.05315606677638,NA,5.146964856230032,geo_region,1
100,ornamentals,2020,0,0,r2,17,5.146964856230032,263.37100345054444,NA,5.146964856230032,geo_region,1
100,ornamentals,2021,0,0,r2,17,3.7192982456140355,315.17903827248927,NA,3.7192982456140355,geo_region,1
100,ornamentals,2022,0,0,r2,17,1.616822429906542,354.129859434226,NA,1.616822429906542,geo_region,1
100,seaweeds,2018,NA,NA,r2,17,NA,10.275189421593952,NA,10.275189421593952,global,1
100,seaweeds,2019,NA,NA,r2,17,NA,16.29898735556039,NA,16.29898735556039,global,1
100,seaweeds,2020,NA,NA,r2,17,NA,10.904686467625826,NA,10.904686467625826,global,1
100,seaweeds,2021,NA,NA,r2,17,NA,18.484025191907875,NA,18.484025191907875,global,1
100,seaweeds,2022,NA,NA,r2,17,NA,11.505365226299725,NA,11.505365226299725,global,1
101,fish_oil,2018,237.5,438.25,r2,18,1.6725421575041064,3.4548599236057504,1.845263157894737,1.845263157894737,none,0
101,fish_oil,2019,125.555,223.5825,r2,18,1.6234061309837566,3.2124334731657735,1.7807534546613037,1.7807534546613037,none,0
101,fish_oil,2020,115.2875,138.38750000000002,r2,18,1.363616392583733,4.395076265231746,1.2003686436083705,1.2003686436083705,none,0
101,fish_oil,2021,121.67,152.6125,r2,18,1.4720457579114896,3.306193203690287,1.254314950275335,1.254314950275335,none,0
101,fish_oil,2022,136.47,179.82250000000002,r2,18,1.7861921852880418,8.148638976069059,1.3176705503040962,1.3176705503040962,none,0
101,ornamentals,2018,0,0,r2,18,10.795454545454545,39634.778748635654,NA,10.795454545454545,geo_region,1
101,ornamentals,2019,0,0,r2,18,7.0698829940695616,214.05315606677638,NA,7.0698829940695616,geo_region,1
101,ornamentals,2020,0,0,r2,18,8.022463589237226,263.37100345054444,NA,8.022463589237226,geo_region,1
101,ornamentals,2021,0,0,r2,18,8.857551487414188,315.17903827248927,NA,8.857551487414188,geo_region,1
101,ornamentals,2022,0.125,0.0625,r2,18,2.6411997736276174,354.129859434226,0.5,0.5,none,0
101,seaweeds,2018,0,0,r2,18,1.8315579227696406,10.275189421593952,NA,1.8315579227696406,geo_region,1
101,seaweeds,2019,0.21,0.41,r2,18,1.9370391584233815,16.29898735556039,1.9523809523809523,1.9523809523809523,none,0
101,seaweeds,2020,0.21,0.41,r2,18,1.8957141434235627,10.904686467625826,1.9523809523809523,1.9523809523809523,none,0
101,seaweeds,2021,0.26,0.8275,r2,18,2.4308246646333034,18.484025191907875,3.1826923076923075,3.1826923076923075,none,0
101,seaweeds,2022,0.31,1.245,r2,18,2.9001090576411115,11.505365226299725,4.016129032258065,4.016129032258065,none,0
102,fish_oil,2018,5591.5,8386.25,r2,18,1.6725421575041064,3.4548599236057504,1.4998211571134759,1.4998211571134759,none,0
102,fish_oil,2019,5547.61,8133.1225,r2,18,1.6234061309837566,3.2124334731657735,1.4660588073062095,1.4660588073062095,none,0
102,fish_oil,2020,5818.63,8884.2575,r2,18,1.363616392583733,4.395076265231746,1.5268641415590956,1.5268641415590956,none,0
102,fish_oil,2021,5675.49,9590.31,r2,18,1.4720457579114896,3.306193203690287,1.6897765655476442,1.6897765655476442,none,0
102,fish_oil,2022,7006.3925,15797.41,r2,18,1.7861921852880418,8.148638976069059,2.2547138202719874,2.2547138202719874,none,0
102,ornamentals,2018,11,118.75,r2,18,10.795454545454545,39634.778748635654,10.795454545454545,10.795454545454545,none,0
102,ornamentals,2019,15.5975,110.2725,r2,18,7.0698829940695616,214.05315606677638,7.0698829940695616,7.0698829940695616,none,0
102,ornamentals,2020,10.1275,81.2475,r2,18,8.022463589237226,263.37100345054444,8.022463589237226,8.022463589237226,none,0
102,ornamentals,2021,8.74,77.415,r2,18,8.857551487414188,315.17903827248927,8.857551487414188,8.857551487414188,none,0
102,ornamentals,2022,8.835,42.252500000000005,r2,18,2.6411997736276174,354.129859434226,4.782399547255235,4.782399547255235,none,0
102,seaweeds,2018,1126.5,2063.25,r2,18,1.8315579227696406,10.275189421593952,1.8315579227696406,1.8315579227696406,none,0
102,seaweeds,2019,1156.0275,2221.535,r2,18,1.9370391584233815,16.29898735556039,1.9216973644658106,1.9216973644658106,none,0
102,seaweeds,2020,1388.84,2554.1425,r2,18,1.8957141434235627,10.904686467625826,1.8390473344661733,1.8390473344661733,none,0
102,seaweeds,2021,1851.045,3107.825,r2,18,2.4308246646333034,18.484025191907875,1.6789570215742997,1.6789570215742997,none,0
102,seaweeds,2022,2473.6475,4413.2075,r2,18,2.9001090576411115,11.505365226299725,1.7840890830241578,1.7840890830241578,none,0
103,ornamentals,2018,0,0,r2,17,5.146964856230032,39634.778748635654,NA,5.146964856230032,geo_region,1
103,ornamentals,2019,0,0,r2,17,5.146964856230032,214.05315606677638,NA,5.146964856230032,geo_region,1
103,ornamentals,2020,0,0,r2,17,5.146964856230032,263.37100345054444,NA,5.146964856230032,geo_region,1
103,ornamentals,2021,0,0,r2,17,3.7192982456140355,315.17903827248927,NA,3.7192982456140355,geo_region,1
103,ornamentals,2022,0,0,r2,17,1.616822429906542,354.129859434226,NA,1.616822429906542,geo_region,1
103,seaweeds,2018,NA,NA,r2,17,NA,10.275189421593952,NA,10.275189421593952,global,1
103,seaweeds,2019,NA,NA,r2,17,NA,16.29898735556039,NA,16.29898735556039,global,1
103,seaweeds,2020,NA,NA,r2,17,NA,10.904686467625826,NA,10.904686467625826,global,1
103,seaweeds,2021,NA,NA,r2,17,NA,18.484025191907875,NA,18.484025191907875,global,1
103,seaweeds,2022,NA,NA,r2,17,NA,11.505365226299725,NA,11.505365226299725,global,1
103,fish_oil,2018,NA,NA,r2,17,0.3357137814210437,3.4548599236057504,NA,0.3357137814210437,geo_region,1
103,fish_oil,2019,NA,NA,r2,17,0.3324329403752614,3.2124334731657735,NA,0.3324329403752614,geo_region,1
103,fish_oil,2020,NA,NA,r2,17,0.3465675386400777,4.395076265231746,NA,0.3465675386400777,geo_region,1
103,fish_oil,2021,NA,NA,r2,17,0.33678445077729724,3.306193203690287,NA,0.33678445077729724,geo_region,1
103,fish_oil,2022,NA,NA,r2,17,0.42760135016379885,8.148638976069059,NA,0.42760135016379885,geo_region,1
104,ornamentals,2018,0,0,r2,17,5.146964856230032,39634.778748635654,NA,5.146964856230032,geo_region,1
104,ornamentals,2019,0,0,r2,17,5.146964856230032,214.05315606677638,NA,5.146964856230032,geo_region,1
104,ornamentals,2020,0,0,r2,17,5.146964856230032,263.37100345054444,NA,5.146964856230032,geo_region,1
104,ornamentals,2021,0,0,r2,17,3.7192982456140355,315.17903827248927,NA,3.7192982456140355,geo_region,1
104,ornamentals,2022,0,0,r2,17,1.616822429906542,354.129859434226,NA,1.616822429906542,geo_region,1
104,seaweeds,2018,NA,NA,r2,17,NA,10.275189421593952,NA,10.275189421593952,global,1
104,seaweeds,2019,NA,NA,r2,17,NA,16.29898735556039,NA,16.29898735556039,global,1
104,seaweeds,2020,NA,NA,r2,17,NA,10.904686467625826,NA,10.904686467625826,global,1
104,seaweeds,2021,NA,NA,r2,17,NA,18.484025191907875,NA,18.484025191907875,global,1
104,seaweeds,2022,NA,NA,r2,17,NA,11.505365226299725,NA,11.505365226299725,global,1
104,fish_oil,2018,NA,NA,r2,17,0.3357137814210437,3.4548599236057504,NA,0.3357137814210437,geo_region,1
104,fish_oil,2019,NA,NA,r2,17,0.3324329403752614,3.2124334731657735,NA,0.3324329403752614,geo_region,1
104,fish_oil,2020,NA,NA,r2,17,0.3465675386400777,4.395076265231746,NA,0.3465675386400777,geo_region,1
104,fish_oil,2021,NA,NA,r2,17,0.33678445077729724,3.306193203690287,NA,0.33678445077729724,geo_region,1
104,fish_oil,2022,NA,NA,r2,17,0.42760135016379885,8.148638976069059,NA,0.42760135016379885,geo_region,1
105,seaweeds,2018,NA,NA,r2,999,NA,10.275189421593952,NA,10.275189421593952,global,1
105,seaweeds,2019,NA,NA,r2,999,NA,16.29898735556039,NA,16.29898735556039,global,1
105,seaweeds,2020,NA,NA,r2,999,NA,10.904686467625826,NA,10.904686467625826,global,1
105,seaweeds,2021,NA,NA,r2,999,NA,18.484025191907875,NA,18.484025191907875,global,1
105,seaweeds,2022,NA,NA,r2,999,NA,11.505365226299725,NA,11.505365226299725,global,1
105,ornamentals,2018,NA,NA,r2,999,NA,39634.778748635654,NA,39634.778748635654,global,1
105,ornamentals,2019,NA,NA,r2,999,NA,214.05315606677638,NA,214.05315606677638,global,1
105,ornamentals,2020,NA,NA,r2,999,NA,263.37100345054444,NA,263.37100345054444,global,1
105,ornamentals,2021,NA,NA,r2,999,NA,315.17903827248927,NA,315.17903827248927,global,1
105,ornamentals,2022,NA,NA,r2,999,NA,354.129859434226,NA,354.129859434226,global,1
105,fish_oil,2018,NA,NA,r2,999,NA,3.4548599236057504,NA,3.4548599236057504,global,1
105,fish_oil,2019,NA,NA,r2,999,NA,3.2124334731657735,NA,3.2124334731657735,global,1
105,fish_oil,2020,NA,NA,r2,999,NA,4.395076265231746,NA,4.395076265231746,global,1
105,fish_oil,2021,NA,NA,r2,999,NA,3.306193203690287,NA,3.306193203690287,global,1
105,fish_oil,2022,NA,NA,r2,999,NA,8.148638976069059,NA,8.148638976069059,global,1
106,fish_oil,2018,174.75,626,r2,11,1.3552878181845123,3.4548599236057504,3.5822603719599426,3.5822603719599426,none,0
106,fish_oil,2019,254.3075,982.7775,r2,11,1.379622445060606,3.2124334731657735,3.864524247220393,3.864524247220393,none,0
106,fish_oil,2020,265.9175,997.475,r2,11,1.3832835882340406,4.395076265231746,3.7510694106254756,3.7510694106254756,none,0
106,fish_oil,2021,192.1675,763.975,r2,11,1.451210120596937,3.306193203690287,3.9755681892099344,3.9755681892099344,none,0
106,fish_oil,2022,94.4425,375.23,r2,11,1.4677137622621226,8.148638976069059,3.9731053286391194,3.9731053286391194,none,0
106,ornamentals,2018,0.5,0.25,r2,11,0.5,39634.778748635654,0.5,0.5,none,0
106,ornamentals,2019,26.6575,18.385,r2,11,0.6896745756353747,214.05315606677638,0.6896745756353747,0.6896745756353747,none,0
106,ornamentals,2020,27.2675,18.790000000000003,r2,11,0.7818135229063559,263.37100345054444,0.6890987439259193,0.6890987439259193,none,0
106,ornamentals,2021,27.685,19.442500000000003,r2,11,0.7884019511962408,315.17903827248927,0.7022756005056892,0.7022756005056892,none,0
106,ornamentals,2022,34.315,45.5825,r2,11,1.1014416243515268,354.129859434226,1.3283549468162612,1.3283549468162612,none,0
106,seaweeds,2018,0,1.6666666666666667,r2,11,2.6451612903225805,10.275189421593952,NA,2.6451612903225805,geo_region,1
106,seaweeds,2019,0.0075,2.2525,r2,11,151.58708852668585,16.29898735556039,300.3333333333333,300.3333333333333,none,0
106,seaweeds,2020,0.1225,10.625,r2,11,44.883944449148956,10.904686467625826,86.73469387755102,86.73469387755102,none,0
106,seaweeds,2021,0.185,9.475,r2,11,27.148297233403618,18.484025191907875,51.21621621621622,51.21621621621622,none,0
106,seaweeds,2022,0.2175,9.53,r2,11,23.565479555304314,11.505365226299725,43.81609195402299,43.81609195402299,none,0
107,seaweeds,2018,NA,NA,NA,NA,33.43536067892503,10.275189421593952,NA,33.43536067892503,geo_region,1
107,seaweeds,2019,NA,NA,NA,NA,26.606902747831157,16.29898735556039,NA,26.606902747831157,geo_region,1
107,seaweeds,2020,NA,NA,NA,NA,16.27481174370217,10.904686467625826,NA,16.27481174370217,geo_region,1
107,seaweeds,2021,NA,NA,NA,NA,21.14420214803502,18.484025191907875,NA,21.14420214803502,geo_region,1
107,seaweeds,2022,NA,NA,NA,NA,24.05035936355738,11.505365226299725,NA,24.05035936355738,geo_region,1
107,ornamentals,2018,NA,NA,NA,NA,790.9594797423088,39634.778748635654,NA,790.9594797423088,geo_region,1
107,ornamentals,2019,NA,NA,NA,NA,1233.9306211288915,214.05315606677638,NA,1233.9306211288915,geo_region,1
107,ornamentals,2020,NA,NA,NA,NA,1128.7078357250932,263.37100345054444,NA,1128.7078357250932,geo_region,1
107,ornamentals,2021,NA,NA,NA,NA,2080.9481310834467,315.17903827248927,NA,2080.9481310834467,geo_region,1
107,ornamentals,2022,NA,NA,NA,NA,7.0375,354.129859434226,NA,7.0375,geo_region,1
107,fish_oil,2018,NA,NA,NA,NA,1.3390586982297266,3.4548599236057504,NA,1.3390586982297266,geo_region,1
107,fish_oil,2019,NA,NA,NA,NA,1.2526439137430962,3.2124334731657735,NA,1.2526439137430962,geo_region,1
107,fish_oil,2020,NA,NA,NA,NA,1.271589315568058,4.395076265231746,NA,1.271589315568058,geo_region,1
107,fish_oil,2021,NA,NA,NA,NA,1.2764244361532855,3.306193203690287,NA,1.2764244361532855,geo_region,1
107,fish_oil,2022,NA,NA,NA,NA,1.61186422028017,8.148638976069059,NA,1.61186422028017,geo_region,1
108,seaweeds,2018,NA,NA,r2,29,6.0859853978291145,10.275189421593952,NA,6.0859853978291145,geo_region,1
108,seaweeds,2019,NA,NA,r2,29,7.82871458519322,16.29898735556039,NA,7.82871458519322,geo_region,1
108,seaweeds,2020,NA,NA,r2,29,6.101649512234715,10.904686467625826,NA,6.101649512234715,geo_region,1
108,seaweeds,2021,NA,NA,r2,29,7.173577625016936,18.484025191907875,NA,7.173577625016936,geo_region,1
108,seaweeds,2022,NA,NA,r2,29,8.084252892769317,11.505365226299725,NA,8.084252892769317,geo_region,1
108,ornamentals,2018,NA,NA,r2,29,13.771352850341923,39634.778748635654,NA,13.771352850341923,geo_region,1
108,ornamentals,2019,NA,NA,r2,29,12.9885095803017,214.05315606677638,NA,12.9885095803017,geo_region,1
108,ornamentals,2020,NA,NA,r2,29,12.841029662743555,263.37100345054444,NA,12.841029662743555,geo_region,1
108,ornamentals,2021,NA,NA,r2,29,12.749657456895111,315.17903827248927,NA,12.749657456895111,geo_region,1
108,ornamentals,2022,NA,NA,r2,29,6.841621621621622,354.129859434226,NA,6.841621621621622,geo_region,1
108,fish_oil,2018,NA,NA,r2,29,5.292202371013524,3.4548599236057504,NA,5.292202371013524,geo_region,1
108,fish_oil,2019,NA,NA,r2,29,4.627366686177259,3.2124334731657735,NA,4.627366686177259,geo_region,1
108,fish_oil,2020,NA,NA,r2,29,6.657895628600474,4.395076265231746,NA,6.657895628600474,geo_region,1
108,fish_oil,2021,NA,NA,r2,29,4.407551068448722,3.306193203690287,NA,4.407551068448722,geo_region,1
108,fish_oil,2022,NA,NA,r2,29,6.671794871794871,8.148638976069059,NA,6.671794871794871,geo_region,1
110,seaweeds,2018,14.64,80.525,r2,29,6.0859853978291145,10.275189421593952,5.500341530054645,5.500341530054645,none,0
110,seaweeds,2019,13.166666666666666,101.87333333333332,r2,29,7.82871458519322,16.29898735556039,7.737215189873417,7.737215189873417,none,0
110,seaweeds,2020,11.875,86.8425,r2,29,6.101649512234715,10.904686467625826,7.313052631578947,7.313052631578947,none,0
110,seaweeds,2021,11.1,86.5925,r2,29,7.173577625016936,18.484025191907875,7.801126126126126,7.801126126126126,none,0
110,seaweeds,2022,6.305,59.08,r2,29,8.084252892769317,11.505365226299725,9.370340999206979,9.370340999206979,none,0
110,ornamentals,2018,NA,NA,r2,29,13.771352850341923,39634.778748635654,NA,13.771352850341923,geo_region,1
110,ornamentals,2019,NA,NA,r2,29,12.9885095803017,214.05315606677638,NA,12.9885095803017,geo_region,1
110,ornamentals,2020,NA,NA,r2,29,12.841029662743555,263.37100345054444,NA,12.841029662743555,geo_region,1
110,ornamentals,2021,NA,NA,r2,29,12.749657456895111,315.17903827248927,NA,12.749657456895111,geo_region,1
110,ornamentals,2022,NA,NA,r2,29,6.841621621621622,354.129859434226,NA,6.841621621621622,geo_region,1
110,fish_oil,2018,NA,NA,r2,29,5.292202371013524,3.4548599236057504,NA,5.292202371013524,geo_region,1
110,fish_oil,2019,NA,NA,r2,29,4.627366686177259,3.2124334731657735,NA,4.627366686177259,geo_region,1
110,fish_oil,2020,NA,NA,r2,29,6.657895628600474,4.395076265231746,NA,6.657895628600474,geo_region,1
110,fish_oil,2021,NA,NA,r2,29,4.407551068448722,3.306193203690287,NA,4.407551068448722,geo_region,1
110,fish_oil,2022,NA,NA,r2,29,6.671794871794871,8.148638976069059,NA,6.671794871794871,geo_region,1
111,seaweeds,2018,NA,NA,r2,29,6.0859853978291145,10.275189421593952,NA,6.0859853978291145,geo_region,1
111,seaweeds,2019,NA,NA,r2,29,7.82871458519322,16.29898735556039,NA,7.82871458519322,geo_region,1
111,seaweeds,2020,NA,NA,r2,29,6.101649512234715,10.904686467625826,NA,6.101649512234715,geo_region,1
111,seaweeds,2021,NA,NA,r2,29,7.173577625016936,18.484025191907875,NA,7.173577625016936,geo_region,1
111,seaweeds,2022,NA,NA,r2,29,8.084252892769317,11.505365226299725,NA,8.084252892769317,geo_region,1
111,ornamentals,2018,NA,NA,r2,29,13.771352850341923,39634.778748635654,NA,13.771352850341923,geo_region,1
111,ornamentals,2019,NA,NA,r2,29,12.9885095803017,214.05315606677638,NA,12.9885095803017,geo_region,1
111,ornamentals,2020,NA,NA,r2,29,12.841029662743555,263.37100345054444,NA,12.841029662743555,geo_region,1
111,ornamentals,2021,NA,NA,r2,29,12.749657456895111,315.17903827248927,NA,12.749657456895111,geo_region,1
111,ornamentals,2022,NA,NA,r2,29,6.841621621621622,354.129859434226,NA,6.841621621621622,geo_region,1
111,fish_oil,2018,NA,NA,r2,29,5.292202371013524,3.4548599236057504,NA,5.292202371013524,geo_region,1
111,fish_oil,2019,NA,NA,r2,29,4.627366686177259,3.2124334731657735,NA,4.627366686177259,geo_region,1
111,fish_oil,2020,NA,NA,r2,29,6.657895628600474,4.395076265231746,NA,6.657895628600474,geo_region,1
111,fish_oil,2021,NA,NA,r2,29,4.407551068448722,3.306193203690287,NA,4.407551068448722,geo_region,1
111,fish_oil,2022,NA,NA,r2,29,6.671794871794871,8.148638976069059,NA,6.671794871794871,geo_region,1
112,ornamentals,2018,6.3975,57.7475,r2,29,13.771352850341923,39634.778748635654,9.026572880031262,9.026572880031262,none,0
112,ornamentals,2019,5.8975,36.2475,r2,29,12.9885095803017,214.05315606677638,6.146248410343366,6.146248410343366,none,0
112,ornamentals,2020,4.3625,24.5425,r2,29,12.841029662743555,263.37100345054444,5.6257879656160465,5.6257879656160465,none,0
112,ornamentals,2021,2.25,12.63,r2,29,12.749657456895111,315.17903827248927,5.613333333333333,5.613333333333333,none,0
112,ornamentals,2022,0,0,r2,29,6.841621621621622,354.129859434226,NA,6.841621621621622,geo_region,1
112,seaweeds,2018,0,0,r2,29,6.0859853978291145,10.275189421593952,NA,6.0859853978291145,geo_region,1
112,seaweeds,2019,0,0,r2,29,7.82871458519322,16.29898735556039,NA,7.82871458519322,geo_region,1
112,seaweeds,2020,0,0,r2,29,6.101649512234715,10.904686467625826,NA,6.101649512234715,geo_region,1
112,seaweeds,2021,0,0,r2,29,7.173577625016936,18.484025191907875,NA,7.173577625016936,geo_region,1
112,seaweeds,2022,0,0,r2,29,8.084252892769317,11.505365226299725,NA,8.084252892769317,geo_region,1
112,fish_oil,2018,NA,NA,r2,29,5.292202371013524,3.4548599236057504,NA,5.292202371013524,geo_region,1
112,fish_oil,2019,NA,NA,r2,29,4.627366686177259,3.2124334731657735,NA,4.627366686177259,geo_region,1
112,fish_oil,2020,NA,NA,r2,29,6.657895628600474,4.395076265231746,NA,6.657895628600474,geo_region,1
112,fish_oil,2021,NA,NA,r2,29,4.407551068448722,3.306193203690287,NA,4.407551068448722,geo_region,1
112,fish_oil,2022,NA,NA,r2,29,6.671794871794871,8.148638976069059,NA,6.671794871794871,geo_region,1
113,seaweeds,2018,NA,NA,r2,29,6.0859853978291145,10.275189421593952,NA,6.0859853978291145,geo_region,1
113,seaweeds,2019,NA,NA,r2,29,7.82871458519322,16.29898735556039,NA,7.82871458519322,geo_region,1
113,seaweeds,2020,NA,NA,r2,29,6.101649512234715,10.904686467625826,NA,6.101649512234715,geo_region,1
113,seaweeds,2021,NA,NA,r2,29,7.173577625016936,18.484025191907875,NA,7.173577625016936,geo_region,1
113,seaweeds,2022,NA,NA,r2,29,8.084252892769317,11.505365226299725,NA,8.084252892769317,geo_region,1
113,ornamentals,2018,NA,NA,r2,29,13.771352850341923,39634.778748635654,NA,13.771352850341923,geo_region,1
113,ornamentals,2019,NA,NA,r2,29,12.9885095803017,214.05315606677638,NA,12.9885095803017,geo_region,1
113,ornamentals,2020,NA,NA,r2,29,12.841029662743555,263.37100345054444,NA,12.841029662743555,geo_region,1
113,ornamentals,2021,NA,NA,r2,29,12.749657456895111,315.17903827248927,NA,12.749657456895111,geo_region,1
113,ornamentals,2022,NA,NA,r2,29,6.841621621621622,354.129859434226,NA,6.841621621621622,geo_region,1
113,fish_oil,2018,NA,NA,r2,29,5.292202371013524,3.4548599236057504,NA,5.292202371013524,geo_region,1
113,fish_oil,2019,NA,NA,r2,29,4.627366686177259,3.2124334731657735,NA,4.627366686177259,geo_region,1
113,fish_oil,2020,NA,NA,r2,29,6.657895628600474,4.395076265231746,NA,6.657895628600474,geo_region,1
113,fish_oil,2021,NA,NA,r2,29,4.407551068448722,3.306193203690287,NA,4.407551068448722,geo_region,1
113,fish_oil,2022,NA,NA,r2,29,6.671794871794871,8.148638976069059,NA,6.671794871794871,geo_region,1
114,ornamentals,2018,16.906185564335182,410.75,r2,29,13.771352850341923,39634.778748635654,24.295841213674287,24.295841213674287,none,0
114,ornamentals,2019,14.154084645928483,345.75,r2,29,12.9885095803017,214.05315606677638,24.42757752614241,24.42757752614241,none,0
114,ornamentals,2020,10.508711826574135,258,r2,29,12.841029662743555,263.37100345054444,24.551058612871735,24.551058612871735,none,0
114,ornamentals,2021,5.686830008891874,140,r2,29,12.749657456895111,315.17903827248927,24.618284664935878,24.618284664935878,none,0
114,ornamentals,2022,0,0,r2,29,6.841621621621622,354.129859434226,NA,6.841621621621622,geo_region,1
114,seaweeds,2018,NA,NA,r2,29,6.0859853978291145,10.275189421593952,NA,6.0859853978291145,geo_region,1
114,seaweeds,2019,NA,NA,r2,29,7.82871458519322,16.29898735556039,NA,7.82871458519322,geo_region,1
114,seaweeds,2020,NA,NA,r2,29,6.101649512234715,10.904686467625826,NA,6.101649512234715,geo_region,1
114,seaweeds,2021,NA,NA,r2,29,7.173577625016936,18.484025191907875,NA,7.173577625016936,geo_region,1
114,seaweeds,2022,NA,NA,r2,29,8.084252892769317,11.505365226299725,NA,8.084252892769317,geo_region,1
114,fish_oil,2018,NA,NA,r2,29,5.292202371013524,3.4548599236057504,NA,5.292202371013524,geo_region,1
114,fish_oil,2019,NA,NA,r2,29,4.627366686177259,3.2124334731657735,NA,4.627366686177259,geo_region,1
114,fish_oil,2020,NA,NA,r2,29,6.657895628600474,4.395076265231746,NA,6.657895628600474,geo_region,1
114,fish_oil,2021,NA,NA,r2,29,4.407551068448722,3.306193203690287,NA,4.407551068448722,geo_region,1
114,fish_oil,2022,NA,NA,r2,29,6.671794871794871,8.148638976069059,NA,6.671794871794871,geo_region,1
115,fish_oil,2018,14.9725,23.7225,r2,29,5.292202371013524,3.4548599236057504,1.5844047420270495,1.5844047420270495,none,0
115,fish_oil,2019,14.755,23.3425,r2,29,4.627366686177259,3.2124334731657735,1.582006099627245,1.582006099627245,none,0
115,fish_oil,2020,14.755,22.5925,r2,29,6.657895628600474,4.395076265231746,1.5311758725855642,1.5311758725855642,none,0
115,fish_oil,2021,14.705,22.2775,r2,29,4.407551068448722,3.306193203690287,1.514960897653859,1.514960897653859,none,0
115,fish_oil,2022,0.0325,0.37,r2,29,6.671794871794871,8.148638976069059,11.384615384615383,11.384615384615383,none,0
115,ornamentals,2018,3.782948150383183,80.5675,r2,29,13.771352850341923,39634.778748635654,21.297542762207602,21.297542762207602,none,0
115,ornamentals,2019,3.75182521265275,79.9425,r2,29,12.9885095803017,214.05315606677638,21.307629078881366,21.307629078881366,none,0
115,ornamentals,2020,1.0275,21.617500000000003,r2,29,12.841029662743555,263.37100345054444,21.038929440389296,21.038929440389296,none,0
115,ornamentals,2021,0.9925,20.4275,r2,29,12.749657456895111,315.17903827248927,20.581863979848865,20.581863979848865,none,0
115,ornamentals,2022,0.0625,0.465,r2,29,6.841621621621622,354.129859434226,7.44,7.44,none,0
115,seaweeds,2018,2.39,6.2125,r2,29,6.0859853978291145,10.275189421593952,2.5993723849372383,2.5993723849372383,none,0
115,seaweeds,2019,2.2575000000000003,6.425,r2,29,7.82871458519322,16.29898735556039,2.846068660022148,2.846068660022148,none,0
115,seaweeds,2020,1.9675,6.425,r2,29,6.101649512234715,10.904686467625826,3.2655654383735704,3.2655654383735704,none,0
115,seaweeds,2021,0.8425,5.1475,r2,29,7.173577625016936,18.484025191907875,6.109792284866469,6.109792284866469,none,0
115,seaweeds,2022,1.7425,7.2775,r2,29,8.084252892769317,11.505365226299725,4.176470588235294,4.176470588235294,none,0
116,seaweeds,2018,NA,NA,NA,NA,33.43536067892503,10.275189421593952,NA,33.43536067892503,geo_region,1
116,seaweeds,2019,NA,NA,NA,NA,26.606902747831157,16.29898735556039,NA,26.606902747831157,geo_region,1
116,seaweeds,2020,NA,NA,NA,NA,16.27481174370217,10.904686467625826,NA,16.27481174370217,geo_region,1
116,seaweeds,2021,NA,NA,NA,NA,21.14420214803502,18.484025191907875,NA,21.14420214803502,geo_region,1
116,seaweeds,2022,NA,NA,NA,NA,24.05035936355738,11.505365226299725,NA,24.05035936355738,geo_region,1
116,ornamentals,2018,NA,NA,NA,NA,790.9594797423088,39634.778748635654,NA,790.9594797423088,geo_region,1
116,ornamentals,2019,NA,NA,NA,NA,1233.9306211288915,214.05315606677638,NA,1233.9306211288915,geo_region,1
116,ornamentals,2020,NA,NA,NA,NA,1128.7078357250932,263.37100345054444,NA,1128.7078357250932,geo_region,1
116,ornamentals,2021,NA,NA,NA,NA,2080.9481310834467,315.17903827248927,NA,2080.9481310834467,geo_region,1
116,ornamentals,2022,NA,NA,NA,NA,7.0375,354.129859434226,NA,7.0375,geo_region,1
116,fish_oil,2018,NA,NA,NA,NA,1.3390586982297266,3.4548599236057504,NA,1.3390586982297266,geo_region,1
116,fish_oil,2019,NA,NA,NA,NA,1.2526439137430962,3.2124334731657735,NA,1.2526439137430962,geo_region,1
116,fish_oil,2020,NA,NA,NA,NA,1.271589315568058,4.395076265231746,NA,1.271589315568058,geo_region,1
116,fish_oil,2021,NA,NA,NA,NA,1.2764244361532855,3.306193203690287,NA,1.2764244361532855,geo_region,1
116,fish_oil,2022,NA,NA,NA,NA,1.61186422028017,8.148638976069059,NA,1.61186422028017,geo_region,1
117,seaweeds,2018,NA,NA,r2,29,6.0859853978291145,10.275189421593952,NA,6.0859853978291145,geo_region,1
117,seaweeds,2019,NA,NA,r2,29,7.82871458519322,16.29898735556039,NA,7.82871458519322,geo_region,1
117,seaweeds,2020,NA,NA,r2,29,6.101649512234715,10.904686467625826,NA,6.101649512234715,geo_region,1
117,seaweeds,2021,NA,NA,r2,29,7.173577625016936,18.484025191907875,NA,7.173577625016936,geo_region,1
117,seaweeds,2022,NA,NA,r2,29,8.084252892769317,11.505365226299725,NA,8.084252892769317,geo_region,1
117,ornamentals,2018,NA,NA,r2,29,13.771352850341923,39634.778748635654,NA,13.771352850341923,geo_region,1
117,ornamentals,2019,NA,NA,r2,29,12.9885095803017,214.05315606677638,NA,12.9885095803017,geo_region,1
117,ornamentals,2020,NA,NA,r2,29,12.841029662743555,263.37100345054444,NA,12.841029662743555,geo_region,1
117,ornamentals,2021,NA,NA,r2,29,12.749657456895111,315.17903827248927,NA,12.749657456895111,geo_region,1
117,ornamentals,2022,NA,NA,r2,29,6.841621621621622,354.129859434226,NA,6.841621621621622,geo_region,1
117,fish_oil,2018,NA,NA,r2,29,5.292202371013524,3.4548599236057504,NA,5.292202371013524,geo_region,1
117,fish_oil,2019,NA,NA,r2,29,4.627366686177259,3.2124334731657735,NA,4.627366686177259,geo_region,1
117,fish_oil,2020,NA,NA,r2,29,6.657895628600474,4.395076265231746,NA,6.657895628600474,geo_region,1
117,fish_oil,2021,NA,NA,r2,29,4.407551068448722,3.306193203690287,NA,4.407551068448722,geo_region,1
117,fish_oil,2022,NA,NA,r2,29,6.671794871794871,8.148638976069059,NA,6.671794871794871,geo_region,1
118,seaweeds,2018,NA,NA,r2,29,6.0859853978291145,10.275189421593952,NA,6.0859853978291145,geo_region,1
118,seaweeds,2019,NA,NA,r2,29,7.82871458519322,16.29898735556039,NA,7.82871458519322,geo_region,1
118,seaweeds,2020,NA,NA,r2,29,6.101649512234715,10.904686467625826,NA,6.101649512234715,geo_region,1
118,seaweeds,2021,NA,NA,r2,29,7.173577625016936,18.484025191907875,NA,7.173577625016936,geo_region,1
118,seaweeds,2022,NA,NA,r2,29,8.084252892769317,11.505365226299725,NA,8.084252892769317,geo_region,1
118,ornamentals,2018,NA,NA,r2,29,13.771352850341923,39634.778748635654,NA,13.771352850341923,geo_region,1
118,ornamentals,2019,NA,NA,r2,29,12.9885095803017,214.05315606677638,NA,12.9885095803017,geo_region,1
118,ornamentals,2020,NA,NA,r2,29,12.841029662743555,263.37100345054444,NA,12.841029662743555,geo_region,1
118,ornamentals,2021,NA,NA,r2,29,12.749657456895111,315.17903827248927,NA,12.749657456895111,geo_region,1
118,ornamentals,2022,NA,NA,r2,29,6.841621621621622,354.129859434226,NA,6.841621621621622,geo_region,1
118,fish_oil,2018,NA,NA,r2,29,5.292202371013524,3.4548599236057504,NA,5.292202371013524,geo_region,1
118,fish_oil,2019,NA,NA,r2,29,4.627366686177259,3.2124334731657735,NA,4.627366686177259,geo_region,1
118,fish_oil,2020,NA,NA,r2,29,6.657895628600474,4.395076265231746,NA,6.657895628600474,geo_region,1
118,fish_oil,2021,NA,NA,r2,29,4.407551068448722,3.306193203690287,NA,4.407551068448722,geo_region,1
118,fish_oil,2022,NA,NA,r2,29,6.671794871794871,8.148638976069059,NA,6.671794871794871,geo_region,1
119,seaweeds,2018,NA,NA,r2,29,6.0859853978291145,10.275189421593952,NA,6.0859853978291145,geo_region,1
119,seaweeds,2019,NA,NA,r2,29,7.82871458519322,16.29898735556039,NA,7.82871458519322,geo_region,1
119,seaweeds,2020,NA,NA,r2,29,6.101649512234715,10.904686467625826,NA,6.101649512234715,geo_region,1
119,seaweeds,2021,NA,NA,r2,29,7.173577625016936,18.484025191907875,NA,7.173577625016936,geo_region,1
119,seaweeds,2022,NA,NA,r2,29,8.084252892769317,11.505365226299725,NA,8.084252892769317,geo_region,1
119,ornamentals,2018,NA,NA,r2,29,13.771352850341923,39634.778748635654,NA,13.771352850341923,geo_region,1
119,ornamentals,2019,NA,NA,r2,29,12.9885095803017,214.05315606677638,NA,12.9885095803017,geo_region,1
119,ornamentals,2020,NA,NA,r2,29,12.841029662743555,263.37100345054444,NA,12.841029662743555,geo_region,1
119,ornamentals,2021,NA,NA,r2,29,12.749657456895111,315.17903827248927,NA,12.749657456895111,geo_region,1
119,ornamentals,2022,NA,NA,r2,29,6.841621621621622,354.129859434226,NA,6.841621621621622,geo_region,1
119,fish_oil,2018,NA,NA,r2,29,5.292202371013524,3.4548599236057504,NA,5.292202371013524,geo_region,1
119,fish_oil,2019,NA,NA,r2,29,4.627366686177259,3.2124334731657735,NA,4.627366686177259,geo_region,1
119,fish_oil,2020,NA,NA,r2,29,6.657895628600474,4.395076265231746,NA,6.657895628600474,geo_region,1
119,fish_oil,2021,NA,NA,r2,29,4.407551068448722,3.306193203690287,NA,4.407551068448722,geo_region,1
119,fish_oil,2022,NA,NA,r2,29,6.671794871794871,8.148638976069059,NA,6.671794871794871,geo_region,1
120,seaweeds,2018,NA,NA,r2,29,6.0859853978291145,10.275189421593952,NA,6.0859853978291145,geo_region,1
120,seaweeds,2019,NA,NA,r2,29,7.82871458519322,16.29898735556039,NA,7.82871458519322,geo_region,1
120,seaweeds,2020,NA,NA,r2,29,6.101649512234715,10.904686467625826,NA,6.101649512234715,geo_region,1
120,seaweeds,2021,NA,NA,r2,29,7.173577625016936,18.484025191907875,NA,7.173577625016936,geo_region,1
120,seaweeds,2022,NA,NA,r2,29,8.084252892769317,11.505365226299725,NA,8.084252892769317,geo_region,1
120,ornamentals,2018,NA,NA,r2,29,13.771352850341923,39634.778748635654,NA,13.771352850341923,geo_region,1
120,ornamentals,2019,NA,NA,r2,29,12.9885095803017,214.05315606677638,NA,12.9885095803017,geo_region,1
120,ornamentals,2020,NA,NA,r2,29,12.841029662743555,263.37100345054444,NA,12.841029662743555,geo_region,1
120,ornamentals,2021,NA,NA,r2,29,12.749657456895111,315.17903827248927,NA,12.749657456895111,geo_region,1
120,ornamentals,2022,NA,NA,r2,29,6.841621621621622,354.129859434226,NA,6.841621621621622,geo_region,1
120,fish_oil,2018,NA,NA,r2,29,5.292202371013524,3.4548599236057504,NA,5.292202371013524,geo_region,1
120,fish_oil,2019,NA,NA,r2,29,4.627366686177259,3.2124334731657735,NA,4.627366686177259,geo_region,1
120,fish_oil,2020,NA,NA,r2,29,6.657895628600474,4.395076265231746,NA,6.657895628600474,geo_region,1
120,fish_oil,2021,NA,NA,r2,29,4.407551068448722,3.306193203690287,NA,4.407551068448722,geo_region,1
120,fish_oil,2022,NA,NA,r2,29,6.671794871794871,8.148638976069059,NA,6.671794871794871,geo_region,1
121,seaweeds,2018,NA,NA,r2,29,6.0859853978291145,10.275189421593952,NA,6.0859853978291145,geo_region,1
121,seaweeds,2019,NA,NA,r2,29,7.82871458519322,16.29898735556039,NA,7.82871458519322,geo_region,1
121,seaweeds,2020,NA,NA,r2,29,6.101649512234715,10.904686467625826,NA,6.101649512234715,geo_region,1
121,seaweeds,2021,NA,NA,r2,29,7.173577625016936,18.484025191907875,NA,7.173577625016936,geo_region,1
121,seaweeds,2022,NA,NA,r2,29,8.084252892769317,11.505365226299725,NA,8.084252892769317,geo_region,1
121,ornamentals,2018,NA,NA,r2,29,13.771352850341923,39634.778748635654,NA,13.771352850341923,geo_region,1
121,ornamentals,2019,NA,NA,r2,29,12.9885095803017,214.05315606677638,NA,12.9885095803017,geo_region,1
121,ornamentals,2020,NA,NA,r2,29,12.841029662743555,263.37100345054444,NA,12.841029662743555,geo_region,1
121,ornamentals,2021,NA,NA,r2,29,12.749657456895111,315.17903827248927,NA,12.749657456895111,geo_region,1
121,ornamentals,2022,NA,NA,r2,29,6.841621621621622,354.129859434226,NA,6.841621621621622,geo_region,1
121,fish_oil,2018,NA,NA,r2,29,5.292202371013524,3.4548599236057504,NA,5.292202371013524,geo_region,1
121,fish_oil,2019,NA,NA,r2,29,4.627366686177259,3.2124334731657735,NA,4.627366686177259,geo_region,1
121,fish_oil,2020,NA,NA,r2,29,6.657895628600474,4.395076265231746,NA,6.657895628600474,geo_region,1
121,fish_oil,2021,NA,NA,r2,29,4.407551068448722,3.306193203690287,NA,4.407551068448722,geo_region,1
121,fish_oil,2022,NA,NA,r2,29,6.671794871794871,8.148638976069059,NA,6.671794871794871,geo_region,1
122,seaweeds,2018,0.36,8.719999999999999,r2,29,6.0859853978291145,10.275189421593952,24.22222222222222,24.22222222222222,none,0
122,seaweeds,2019,2.3225,42.9175,r2,29,7.82871458519322,16.29898735556039,18.479009687836385,18.479009687836385,none,0
122,seaweeds,2020,29.887500000000003,468.2625000000001,r2,29,6.101649512234715,10.904686467625826,15.667503136762862,15.667503136762862,none,0
122,seaweeds,2021,29.887500000000003,466.5125000000001,r2,29,7.173577625016936,18.484025191907875,15.608950230029278,15.608950230029278,none,0
122,seaweeds,2022,29.5275,461.0425,r2,29,8.084252892769317,11.505365226299725,15.614003894674457,15.614003894674457,none,0
122,ornamentals,2018,NA,NA,r2,29,13.771352850341923,39634.778748635654,NA,13.771352850341923,geo_region,1
122,ornamentals,2019,NA,NA,r2,29,12.9885095803017,214.05315606677638,NA,12.9885095803017,geo_region,1
122,ornamentals,2020,NA,NA,r2,29,12.841029662743555,263.37100345054444,NA,12.841029662743555,geo_region,1
122,ornamentals,2021,NA,NA,r2,29,12.749657456895111,315.17903827248927,NA,12.749657456895111,geo_region,1
122,ornamentals,2022,NA,NA,r2,29,6.841621621621622,354.129859434226,NA,6.841621621621622,geo_region,1
122,fish_oil,2018,NA,NA,r2,29,5.292202371013524,3.4548599236057504,NA,5.292202371013524,geo_region,1
122,fish_oil,2019,NA,NA,r2,29,4.627366686177259,3.2124334731657735,NA,4.627366686177259,geo_region,1
122,fish_oil,2020,NA,NA,r2,29,6.657895628600474,4.395076265231746,NA,6.657895628600474,geo_region,1
122,fish_oil,2021,NA,NA,r2,29,4.407551068448722,3.306193203690287,NA,4.407551068448722,geo_region,1
122,fish_oil,2022,NA,NA,r2,29,6.671794871794871,8.148638976069059,NA,6.671794871794871,geo_region,1
123,seaweeds,2018,1.135,0.2325,r2,29,6.0859853978291145,10.275189421593952,0.20484581497797358,0.20484581497797358,none,0
123,seaweeds,2019,1.135,0.2325,r2,29,7.82871458519322,16.29898735556039,0.20484581497797358,0.20484581497797358,none,0
123,seaweeds,2020,1.135,0.2325,r2,29,6.101649512234715,10.904686467625826,0.20484581497797358,0.20484581497797358,none,0
123,seaweeds,2021,1.135,0.2325,r2,29,7.173577625016936,18.484025191907875,0.20484581497797358,0.20484581497797358,none,0
123,seaweeds,2022,0,0,r2,29,8.084252892769317,11.505365226299725,NA,8.084252892769317,geo_region,1
123,ornamentals,2018,NA,NA,r2,29,13.771352850341923,39634.778748635654,NA,13.771352850341923,geo_region,1
123,ornamentals,2019,NA,NA,r2,29,12.9885095803017,214.05315606677638,NA,12.9885095803017,geo_region,1
123,ornamentals,2020,NA,NA,r2,29,12.841029662743555,263.37100345054444,NA,12.841029662743555,geo_region,1
123,ornamentals,2021,NA,NA,r2,29,12.749657456895111,315.17903827248927,NA,12.749657456895111,geo_region,1
123,ornamentals,2022,NA,NA,r2,29,6.841621621621622,354.129859434226,NA,6.841621621621622,geo_region,1
123,fish_oil,2018,NA,NA,r2,29,5.292202371013524,3.4548599236057504,NA,5.292202371013524,geo_region,1
123,fish_oil,2019,NA,NA,r2,29,4.627366686177259,3.2124334731657735,NA,4.627366686177259,geo_region,1
123,fish_oil,2020,NA,NA,r2,29,6.657895628600474,4.395076265231746,NA,6.657895628600474,geo_region,1
123,fish_oil,2021,NA,NA,r2,29,4.407551068448722,3.306193203690287,NA,4.407551068448722,geo_region,1
123,fish_oil,2022,NA,NA,r2,29,6.671794871794871,8.148638976069059,NA,6.671794871794871,geo_region,1
124,fish_oil,2018,0.25,2.25,r2,29,5.292202371013524,3.4548599236057504,9,9,none,0
124,fish_oil,2019,0.4125,3.165,r2,29,4.627366686177259,3.2124334731657735,7.672727272727273,7.672727272727273,none,0
124,fish_oil,2020,0.1625,1.915,r2,29,6.657895628600474,4.395076265231746,11.784615384615384,11.784615384615384,none,0
124,fish_oil,2021,0.1625,1.415,r2,29,4.407551068448722,3.306193203690287,8.707692307692307,8.707692307692307,none,0
124,fish_oil,2022,0.1625,0.915,r2,29,6.671794871794871,8.148638976069059,5.630769230769231,5.630769230769231,none,0
124,ornamentals,2018,0,1,r2,29,13.771352850341923,39634.778748635654,NA,13.771352850341923,geo_region,1
124,ornamentals,2019,0,1,r2,29,12.9885095803017,214.05315606677638,NA,12.9885095803017,geo_region,1
124,ornamentals,2020,0,0,r2,29,12.841029662743555,263.37100345054444,NA,12.841029662743555,geo_region,1
124,ornamentals,2021,0,0,r2,29,12.749657456895111,315.17903827248927,NA,12.749657456895111,geo_region,1
124,ornamentals,2022,0,0,r2,29,6.841621621621622,354.129859434226,NA,6.841621621621622,geo_region,1
124,seaweeds,2018,0,0,r2,29,6.0859853978291145,10.275189421593952,NA,6.0859853978291145,geo_region,1
124,seaweeds,2019,0.0025,0.0025,r2,29,7.82871458519322,16.29898735556039,1,1,none,0
124,seaweeds,2020,0.0025,0.0025,r2,29,6.101649512234715,10.904686467625826,1,1,none,0
124,seaweeds,2021,0.0025,0.0025,r2,29,7.173577625016936,18.484025191907875,1,1,none,0
124,seaweeds,2022,0.0025,0.0025,r2,29,8.084252892769317,11.505365226299725,1,1,none,0
125,seaweeds,2018,NA,NA,r2,29,6.0859853978291145,10.275189421593952,NA,6.0859853978291145,geo_region,1
125,seaweeds,2019,NA,NA,r2,29,7.82871458519322,16.29898735556039,NA,7.82871458519322,geo_region,1
125,seaweeds,2020,NA,NA,r2,29,6.101649512234715,10.904686467625826,NA,6.101649512234715,geo_region,1
125,seaweeds,2021,NA,NA,r2,29,7.173577625016936,18.484025191907875,NA,7.173577625016936,geo_region,1
125,seaweeds,2022,NA,NA,r2,29,8.084252892769317,11.505365226299725,NA,8.084252892769317,geo_region,1
125,ornamentals,2018,NA,NA,r2,29,13.771352850341923,39634.778748635654,NA,13.771352850341923,geo_region,1
125,ornamentals,2019,NA,NA,r2,29,12.9885095803017,214.05315606677638,NA,12.9885095803017,geo_region,1
125,ornamentals,2020,NA,NA,r2,29,12.841029662743555,263.37100345054444,NA,12.841029662743555,geo_region,1
125,ornamentals,2021,NA,NA,r2,29,12.749657456895111,315.17903827248927,NA,12.749657456895111,geo_region,1
125,ornamentals,2022,NA,NA,r2,29,6.841621621621622,354.129859434226,NA,6.841621621621622,geo_region,1
125,fish_oil,2018,NA,NA,r2,29,5.292202371013524,3.4548599236057504,NA,5.292202371013524,geo_region,1
125,fish_oil,2019,NA,NA,r2,29,4.627366686177259,3.2124334731657735,NA,4.627366686177259,geo_region,1
125,fish_oil,2020,NA,NA,r2,29,6.657895628600474,4.395076265231746,NA,6.657895628600474,geo_region,1
125,fish_oil,2021,NA,NA,r2,29,4.407551068448722,3.306193203690287,NA,4.407551068448722,geo_region,1
125,fish_oil,2022,NA,NA,r2,29,6.671794871794871,8.148638976069059,NA,6.671794871794871,geo_region,1
126,ornamentals,2018,7.5625,3.52,r2,29,13.771352850341923,39634.778748635654,0.46545454545454545,0.46545454545454545,none,0
126,ornamentals,2019,7.577500000000001,0.5499999999999999,r2,29,12.9885095803017,214.05315606677638,0.07258330583965686,0.07258330583965686,none,0
126,ornamentals,2020,7.617500000000001,1.13,r2,29,12.841029662743555,263.37100345054444,0.1483426320971447,0.1483426320971447,none,0
126,ornamentals,2021,7.44,1.3775,r2,29,12.749657456895111,315.17903827248927,0.18514784946236557,0.18514784946236557,none,0
126,ornamentals,2022,0.185,1.155,r2,29,6.841621621621622,354.129859434226,6.243243243243244,6.243243243243244,none,0
126,seaweeds,2018,10.35,20.5875,r2,29,6.0859853978291145,10.275189421593952,1.9891304347826086,1.9891304347826086,none,0
126,seaweeds,2019,22.0925,48.475,r2,29,7.82871458519322,16.29898735556039,2.194183546452416,2.194183546452416,none,0
126,seaweeds,2020,37.2875,81.63000000000001,r2,29,6.101649512234715,10.904686467625826,2.1892054978209856,2.1892054978209856,none,0
126,seaweeds,2021,40.165,88.9825,r2,29,7.173577625016936,18.484025191907875,2.2154238765093988,2.2154238765093988,none,0
126,seaweeds,2022,32.7725,80.665,r2,29,8.084252892769317,11.505365226299725,2.4613624227629876,2.4613624227629876,none,0
126,fish_oil,2018,NA,NA,r2,29,5.292202371013524,3.4548599236057504,NA,5.292202371013524,geo_region,1
126,fish_oil,2019,NA,NA,r2,29,4.627366686177259,3.2124334731657735,NA,4.627366686177259,geo_region,1
126,fish_oil,2020,NA,NA,r2,29,6.657895628600474,4.395076265231746,NA,6.657895628600474,geo_region,1
126,fish_oil,2021,NA,NA,r2,29,4.407551068448722,3.306193203690287,NA,4.407551068448722,geo_region,1
126,fish_oil,2022,NA,NA,r2,29,6.671794871794871,8.148638976069059,NA,6.671794871794871,geo_region,1
127,fish_oil,2018,0,0,r2,29,5.292202371013524,3.4548599236057504,NA,5.292202371013524,geo_region,1
127,fish_oil,2019,0,0,r2,29,4.627366686177259,3.2124334731657735,NA,4.627366686177259,geo_region,1
127,fish_oil,2020,0,0,r2,29,6.657895628600474,4.395076265231746,NA,6.657895628600474,geo_region,1
127,fish_oil,2021,0.01,0.03,r2,29,4.407551068448722,3.306193203690287,3,3,none,0
127,fish_oil,2022,0.185,0.555,r2,29,6.671794871794871,8.148638976069059,3.0000000000000004,3.0000000000000004,none,0
127,seaweeds,2018,0.25,0.5,r2,29,6.0859853978291145,10.275189421593952,2,2,none,0
127,seaweeds,2019,0.965,3.0575,r2,29,7.82871458519322,16.29898735556039,3.16839378238342,3.16839378238342,none,0
127,seaweeds,2020,5.4075,20.8275,r2,29,6.101649512234715,10.904686467625826,3.851595006934813,3.851595006934813,none,0
127,seaweeds,2021,5.955,29.61,r2,29,7.173577625016936,18.484025191907875,4.972292191435768,4.972292191435768,none,0
127,seaweeds,2022,6.2524999999999995,37.8925,r2,29,8.084252892769317,11.505365226299725,6.0603758496601365,6.0603758496601365,none,0
127,ornamentals,2018,NA,NA,r2,29,13.771352850341923,39634.778748635654,NA,13.771352850341923,geo_region,1
127,ornamentals,2019,NA,NA,r2,29,12.9885095803017,214.05315606677638,NA,12.9885095803017,geo_region,1
127,ornamentals,2020,NA,NA,r2,29,12.841029662743555,263.37100345054444,NA,12.841029662743555,geo_region,1
127,ornamentals,2021,NA,NA,r2,29,12.749657456895111,315.17903827248927,NA,12.749657456895111,geo_region,1
127,ornamentals,2022,NA,NA,r2,29,6.841621621621622,354.129859434226,NA,6.841621621621622,geo_region,1
129,fish_oil,2018,5406.5,7353.25,r2,13,1.394017386977269,3.4548599236057504,1.3600758346434847,1.3600758346434847,none,0
129,fish_oil,2019,9883.315,13624.8675,r2,13,1.3085471902736288,3.2124334731657735,1.3785726246709733,1.3785726246709733,none,0
129,fish_oil,2020,11443.38,16549.975,r2,13,1.205289385466095,4.395076265231746,1.4462488355713083,1.4462488355713083,none,0
129,fish_oil,2021,11603.1075,17438.45,r2,13,1.2283936545980199,3.306193203690287,1.502912043174641,1.502912043174641,none,0
129,fish_oil,2022,10271.8525,16214.5075,r2,13,1.2848825436909677,8.148638976069059,1.5785378051330077,1.5785378051330077,none,0
129,ornamentals,2018,0,0,r2,13,5.5040900004468005,39634.778748635654,NA,5.5040900004468005,geo_region,1
129,ornamentals,2019,0,0,r2,13,6.575789240164007,214.05315606677638,NA,6.575789240164007,geo_region,1
129,ornamentals,2020,0,0,r2,13,6.247950719004547,263.37100345054444,NA,6.247950719004547,geo_region,1
129,ornamentals,2021,0,0,r2,13,8.000150483196636,315.17903827248927,NA,8.000150483196636,geo_region,1
129,ornamentals,2022,0,0,r2,13,10.376138143840762,354.129859434226,NA,10.376138143840762,geo_region,1
129,seaweeds,2018,9,22,r2,13,37.04416896235078,10.275189421593952,2.4444444444444446,2.4444444444444446,none,0
129,seaweeds,2019,3.5,16.5,r2,13,42.93961179208979,16.29898735556039,4.714285714285714,4.714285714285714,none,0
129,seaweeds,2020,5.125,6,r2,13,38.036944340399266,10.904686467625826,1.170731707317073,1.170731707317073,none,0
129,seaweeds,2021,8.25,9.75,r2,13,36.98692296749276,18.484025191907875,1.1818181818181819,1.1818181818181819,none,0
129,seaweeds,2022,10.4175,12.5,r2,13,41.637058843364535,11.505365226299725,1.1999040076793857,1.1999040076793857,none,0
130,fish_oil,2018,1191.5,1036.5,r2,13,1.394017386977269,3.4548599236057504,0.8699118757868234,0.8699118757868234,none,0
130,fish_oil,2019,1296.7125,1115.2675,r2,13,1.3085471902736288,3.2124334731657735,0.8600730693966472,0.8600730693966472,none,0
130,fish_oil,2020,1405.94,1184.9075,r2,13,1.205289385466095,4.395076265231746,0.8427866765295816,0.8427866765295816,none,0
130,fish_oil,2021,1107.475,936.645,r2,13,1.2283936545980199,3.306193203690287,0.8457482110205649,0.8457482110205649,none,0
130,fish_oil,2022,859.5125,827.04,r2,13,1.2848825436909677,8.148638976069059,0.9622198630037375,0.9622198630037375,none,0
130,ornamentals,2018,5.25,40,r2,13,5.5040900004468005,39634.778748635654,7.619047619047619,7.619047619047619,none,0
130,ornamentals,2019,12.97,89.1575,r2,13,6.575789240164007,214.05315606677638,6.874132613723978,6.874132613723978,none,0
130,ornamentals,2020,17.692500000000003,111.225,r2,13,6.247950719004547,263.37100345054444,6.28656210258584,6.28656210258584,none,0
130,ornamentals,2021,26.265,170.7075,r2,13,8.000150483196636,315.17903827248927,6.4994288977727015,6.4994288977727015,none,0
130,ornamentals,2022,31.380000000000003,200.71,r2,13,10.376138143840762,354.129859434226,6.396112173358827,6.396112173358827,none,0
130,seaweeds,2018,0.25,6.25,r2,13,37.04416896235078,10.275189421593952,25,25,none,0
130,seaweeds,2019,0.3125,5.7975,r2,13,42.93961179208979,16.29898735556039,18.552,18.552,none,0
130,seaweeds,2020,0.0625,0.2975,r2,13,38.036944340399266,10.904686467625826,4.76,4.76,none,0
130,seaweeds,2021,0.0625,0.11,r2,13,36.98692296749276,18.484025191907875,1.76,1.76,none,0
130,seaweeds,2022,0.0625,0.175,r2,13,41.637058843364535,11.505365226299725,2.8,2.8,none,0
131,ornamentals,2018,16.75,47,r2,13,5.5040900004468005,39634.778748635654,2.8059701492537314,2.8059701492537314,none,0
131,ornamentals,2019,142.285,753.06,r2,13,6.575789240164007,214.05315606677638,5.292616930807886,5.292616930807886,none,0
131,ornamentals,2020,140.8825,750.0875,r2,13,6.247950719004547,263.37100345054444,5.32420634216457,5.32420634216457,none,0
131,ornamentals,2021,137.3875,741.5925,r2,13,8.000150483196636,315.17903827248927,5.397816395232463,5.397816395232463,none,0
131,ornamentals,2022,132.885,728.7624999999999,r2,13,10.376138143840762,354.129859434226,5.48415923542913,5.48415923542913,none,0
131,seaweeds,2018,NA,NA,r2,13,37.04416896235078,10.275189421593952,NA,37.04416896235078,geo_region,1
131,seaweeds,2019,NA,NA,r2,13,42.93961179208979,16.29898735556039,NA,42.93961179208979,geo_region,1
131,seaweeds,2020,NA,NA,r2,13,38.036944340399266,10.904686467625826,NA,38.036944340399266,geo_region,1
131,seaweeds,2021,NA,NA,r2,13,36.98692296749276,18.484025191907875,NA,36.98692296749276,geo_region,1
131,seaweeds,2022,NA,NA,r2,13,41.637058843364535,11.505365226299725,NA,41.637058843364535,geo_region,1
131,fish_oil,2018,NA,NA,r2,13,1.394017386977269,3.4548599236057504,NA,1.394017386977269,geo_region,1
131,fish_oil,2019,NA,NA,r2,13,1.3085471902736288,3.2124334731657735,NA,1.3085471902736288,geo_region,1
131,fish_oil,2020,NA,NA,r2,13,1.205289385466095,4.395076265231746,NA,1.205289385466095,geo_region,1
131,fish_oil,2021,NA,NA,r2,13,1.2283936545980199,3.306193203690287,NA,1.2283936545980199,geo_region,1
131,fish_oil,2022,NA,NA,r2,13,1.2848825436909677,8.148638976069059,NA,1.2848825436909677,geo_region,1
132,fish_oil,2018,3.5,75.75,r2,5,5.075779040513716,3.4548599236057504,21.642857142857142,21.642857142857142,none,0
132,fish_oil,2019,0,1.75,r2,5,1.6296041754003665,3.2124334731657735,NA,1.6296041754003665,geo_region,1
132,fish_oil,2020,0.0125,1.2075,r2,5,17.355011194082863,4.395076265231746,96.6,96.6,none,0
132,fish_oil,2021,0.465,5.444999999999999,r2,5,3.253793823620138,3.306193203690287,11.709677419354836,11.709677419354836,none,0
132,fish_oil,2022,2.5625,26.2225,r2,5,3.0769801710240006,8.148638976069059,10.233170731707316,10.233170731707316,none,0
132,ornamentals,2018,80.25,809.75,r2,5,23.454645409565696,39634.778748635654,10.090342679127726,10.090342679127726,none,0
132,ornamentals,2019,95.345,903.735,r2,5,23.5877735782103,214.05315606677638,9.478577796423515,9.478577796423515,none,0
132,ornamentals,2020,70.7775,701.095,r2,5,20.40412147769972,263.37100345054444,9.905619723782275,9.905619723782275,none,0
132,ornamentals,2021,58.3125,572.665,r2,5,21.455478190929487,315.17903827248927,9.820621650589496,9.820621650589496,none,0
132,ornamentals,2022,33.3475,329.735,r2,5,26.585990321770645,354.129859434226,9.887847664742486,9.887847664742486,none,0
132,seaweeds,2018,0.25,4,r2,5,8.946364002502081,10.275189421593952,16,16,none,0
132,seaweeds,2019,0,0.5,r2,5,7.181370825028034,16.29898735556039,NA,7.181370825028034,geo_region,1
132,seaweeds,2020,0,0,r2,5,6.942890650560043,10.904686467625826,NA,6.942890650560043,geo_region,1
132,seaweeds,2021,0,0,r2,5,7.130241867350975,18.484025191907875,NA,7.130241867350975,geo_region,1
132,seaweeds,2022,0,0,r2,5,8.015445451504016,11.505365226299725,NA,8.015445451504016,geo_region,1
133,fish_oil,2018,16,15,r2,13,1.394017386977269,3.4548599236057504,0.9375,0.9375,none,0
133,fish_oil,2019,26.75,25.675,r2,13,1.3085471902736288,3.2124334731657735,0.9598130841121496,0.9598130841121496,none,0
133,fish_oil,2020,61.68,47.1325,r2,13,1.205289385466095,4.395076265231746,0.7641455901426719,0.7641455901426719,none,0
133,fish_oil,2021,61.33,41.0125,r2,13,1.2283936545980199,3.306193203690287,0.6687184086091637,0.6687184086091637,none,0
133,fish_oil,2022,182.14,132.5475,r2,13,1.2848825436909677,8.148638976069059,0.7277231799714506,0.7277231799714506,none,0
133,ornamentals,2018,0,0,r2,13,5.5040900004468005,39634.778748635654,NA,5.5040900004468005,geo_region,1
133,ornamentals,2019,0,0,r2,13,6.575789240164007,214.05315606677638,NA,6.575789240164007,geo_region,1
133,ornamentals,2020,0,0,r2,13,6.247950719004547,263.37100345054444,NA,6.247950719004547,geo_region,1
133,ornamentals,2021,0,0,r2,13,8.000150483196636,315.17903827248927,NA,8.000150483196636,geo_region,1
133,ornamentals,2022,0,0,r2,13,10.376138143840762,354.129859434226,NA,10.376138143840762,geo_region,1
133,seaweeds,2018,0.5,57.5,r2,13,37.04416896235078,10.275189421593952,115,115,none,0
133,seaweeds,2019,0.6033333333333334,85.22666666666667,r2,13,42.93961179208979,16.29898735556039,141.2596685082873,141.2596685082873,none,0
133,seaweeds,2020,0.5775,89.14500000000001,r2,13,38.036944340399266,10.904686467625826,154.36363636363637,154.36363636363637,none,0
133,seaweeds,2021,0.8275,135.02,r2,13,36.98692296749276,18.484025191907875,163.16616314199396,163.16616314199396,none,0
133,seaweeds,2022,0.8275,161.145,r2,13,41.637058843364535,11.505365226299725,194.73716012084594,194.73716012084594,none,0
134,fish_oil,2018,213,255.25,r2,13,1.394017386977269,3.4548599236057504,1.198356807511737,1.198356807511737,none,0
134,fish_oil,2019,248.75,302.6875,r2,13,1.3085471902736288,3.2124334731657735,1.2168341708542714,1.2168341708542714,none,0
134,fish_oil,2020,262.5,320.9375,r2,13,1.205289385466095,4.395076265231746,1.2226190476190477,1.2226190476190477,none,0
134,fish_oil,2021,245.5,316.8125,r2,13,1.2283936545980199,3.306193203690287,1.290478615071283,1.290478615071283,none,0
134,fish_oil,2022,236.25,322.6125,r2,13,1.2848825436909677,8.148638976069059,1.3655555555555556,1.3655555555555556,none,0
134,ornamentals,2018,0,0,r2,13,5.5040900004468005,39634.778748635654,NA,5.5040900004468005,geo_region,1
134,ornamentals,2019,0,0,r2,13,6.575789240164007,214.05315606677638,NA,6.575789240164007,geo_region,1
134,ornamentals,2020,0,0,r2,13,6.247950719004547,263.37100345054444,NA,6.247950719004547,geo_region,1
134,ornamentals,2021,0,0,r2,13,8.000150483196636,315.17903827248927,NA,8.000150483196636,geo_region,1
134,ornamentals,2022,0,0,r2,13,10.376138143840762,354.129859434226,NA,10.376138143840762,geo_region,1
134,seaweeds,2018,NA,NA,r2,13,37.04416896235078,10.275189421593952,NA,37.04416896235078,geo_region,1
134,seaweeds,2019,NA,NA,r2,13,42.93961179208979,16.29898735556039,NA,42.93961179208979,geo_region,1
134,seaweeds,2020,NA,NA,r2,13,38.036944340399266,10.904686467625826,NA,38.036944340399266,geo_region,1
134,seaweeds,2021,NA,NA,r2,13,36.98692296749276,18.484025191907875,NA,36.98692296749276,geo_region,1
134,seaweeds,2022,NA,NA,r2,13,41.637058843364535,11.505365226299725,NA,41.637058843364535,geo_region,1
135,fish_oil,2018,10200,14432.25,r2,13,1.394017386977269,3.4548599236057504,1.4149264705882354,1.4149264705882354,none,0
135,fish_oil,2019,16044.68,23115.5075,r2,13,1.3085471902736288,3.2124334731657735,1.4406960749606723,1.4406960749606723,none,0
135,fish_oil,2020,20621,31925.03,r2,13,1.205289385466095,4.395076265231746,1.54818049561127,1.54818049561127,none,0
135,fish_oil,2021,26929.7425,45849.524999999994,r2,13,1.2283936545980199,3.306193203690287,1.7025608395624279,1.7025608395624279,none,0
135,fish_oil,2022,35914.235,62124.02,r2,13,1.2848825436909677,8.148638976069059,1.7297882023659976,1.7297882023659976,none,0
135,ornamentals,2018,10.020941742633497,61,r2,13,5.5040900004468005,39634.778748635654,6.0872522330390515,6.0872522330390515,none,0
135,ornamentals,2019,7.884606603934145,59.6125,r2,13,6.575789240164007,214.05315606677638,7.560618175960158,7.560618175960158,none,0
135,ornamentals,2020,10.390316865703,74.11500000000001,r2,13,6.247950719004547,263.37100345054444,7.133083712263231,7.133083712263231,none,0
135,ornamentals,2021,6.553841930292549,79.3225,r2,13,8.000150483196636,315.17903827248927,12.103206156584742,12.103206156584742,none,0
135,ornamentals,2022,5.066982299788897,97.53,r2,13,10.376138143840762,354.129859434226,19.24814302273433,19.24814302273433,none,0
135,seaweeds,2018,605,3468,r2,13,37.04416896235078,10.275189421593952,5.732231404958678,5.732231404958678,none,0
135,seaweeds,2019,651.995,3418.7574999999997,r2,13,42.93961179208979,16.29898735556039,5.243533309304519,5.243533309304519,none,0
135,seaweeds,2020,680.865,3358.04,r2,13,38.036944340399266,10.904686467625826,4.932020297709531,4.932020297709531,none,0
135,seaweeds,2021,704.31,3428.7924999999996,r2,13,36.98692296749276,18.484025191907875,4.868300180318325,4.868300180318325,none,0
135,seaweeds,2022,656.505,3551.0449999999996,r2,13,41.637058843364535,11.505365226299725,5.409014402022833,5.409014402022833,none,0
136,fish_oil,2018,6,15.5,r2,13,1.394017386977269,3.4548599236057504,2.5833333333333335,2.5833333333333335,none,0
136,fish_oil,2019,11.6875,23.32,r2,13,1.3085471902736288,3.2124334731657735,1.9952941176470589,1.9952941176470589,none,0
136,fish_oil,2020,34.2975,48.282500000000006,r2,13,1.205289385466095,4.395076265231746,1.4077556673226914,1.4077556673226914,none,0
136,fish_oil,2021,83.645,113.7525,r2,13,1.2283936545980199,3.306193203690287,1.359943810150039,1.359943810150039,none,0
136,fish_oil,2022,121.32,163.23250000000002,r2,13,1.2848825436909677,8.148638976069059,1.345470656116057,1.345470656116057,none,0
136,ornamentals,2018,0,0,r2,13,5.5040900004468005,39634.778748635654,NA,5.5040900004468005,geo_region,1
136,ornamentals,2019,0,0,r2,13,6.575789240164007,214.05315606677638,NA,6.575789240164007,geo_region,1
136,ornamentals,2020,0,0,r2,13,6.247950719004547,263.37100345054444,NA,6.247950719004547,geo_region,1
136,ornamentals,2021,0,0,r2,13,8.000150483196636,315.17903827248927,NA,8.000150483196636,geo_region,1
136,ornamentals,2022,0,0,r2,13,10.376138143840762,354.129859434226,NA,10.376138143840762,geo_region,1
136,seaweeds,2018,0,2,r2,13,37.04416896235078,10.275189421593952,NA,37.04416896235078,geo_region,1
136,seaweeds,2019,0.035,1.5725,r2,13,42.93961179208979,16.29898735556039,44.92857142857142,44.92857142857142,none,0
136,seaweeds,2020,0.06,1.4975,r2,13,38.036944340399266,10.904686467625826,24.958333333333336,24.958333333333336,none,0
136,seaweeds,2021,0.06,0.8375,r2,13,36.98692296749276,18.484025191907875,13.958333333333334,13.958333333333334,none,0
136,seaweeds,2022,0.1275,0.515,r2,13,41.637058843364535,11.505365226299725,4.03921568627451,4.03921568627451,none,0
137,fish_oil,2018,11551.25,21535.25,r2,5,5.075779040513716,3.4548599236057504,1.864322043068932,1.864322043068932,none,0
137,fish_oil,2019,9667,16563.745,r2,5,1.6296041754003665,3.2124334731657735,1.7134317782145443,1.7134317782145443,none,0
137,fish_oil,2020,8685.75,13682.455,r2,5,17.355011194082863,4.395076265231746,1.5752761707394296,1.5752761707394296,none,0
137,fish_oil,2021,6505.265,10883.9975,r2,5,3.253793823620138,3.306193203690287,1.6731059380363442,1.6731059380363442,none,0
137,fish_oil,2022,5676.4075,9913.67,r2,5,3.0769801710240006,8.148638976069059,1.7464690475445956,1.7464690475445956,none,0
137,ornamentals,2018,8.5,116,r2,5,23.454645409565696,39634.778748635654,13.647058823529411,13.647058823529411,none,0
137,ornamentals,2019,6.5,86.4425,r2,5,23.5877735782103,214.05315606677638,13.298846153846153,13.298846153846153,none,0
137,ornamentals,2020,4,54.7275,r2,5,20.40412147769972,263.37100345054444,13.681875,13.681875,none,0
137,ornamentals,2021,2.335,32.97,r2,5,21.455478190929487,315.17903827248927,14.119914346895074,14.119914346895074,none,0
137,ornamentals,2022,1.17,18.2125,r2,5,26.585990321770645,354.129859434226,15.566239316239315,15.566239316239315,none,0
137,seaweeds,2018,35.5,981.75,r2,5,8.946364002502081,10.275189421593952,27.654929577464788,27.654929577464788,none,0
137,seaweeds,2019,39.9225,1085.5225,r2,5,7.181370825028034,16.29898735556039,27.190744567599726,27.190744567599726,none,0
137,seaweeds,2020,37.9225,1040.2025,r2,5,6.942890650560043,10.904686467625826,27.429692135275893,27.429692135275893,none,0
137,seaweeds,2021,36.2825,1011.9825,r2,5,7.130241867350975,18.484025191907875,27.891752222145662,27.891752222145662,none,0
137,seaweeds,2022,34.3725,983.5375,r2,5,8.015445451504016,11.505365226299725,28.614081024074476,28.614081024074476,none,0
138,fish_oil,2018,144792,316670.75,r2,5,5.075779040513716,3.4548599236057504,2.1870735261616665,2.1870735261616665,none,0
138,fish_oil,2019,161534.0725,348283.33999999997,r2,5,1.6296041754003665,3.2124334731657735,2.156098305513841,2.156098305513841,none,0
138,fish_oil,2020,173180.13,372501.575,r2,5,17.355011194082863,4.395076265231746,2.150948697174439,2.150948697174439,none,0
138,fish_oil,2021,186504.03,421875.8725,r2,5,3.253793823620138,3.306193203690287,2.2620201424065742,2.2620201424065742,none,0
138,fish_oil,2022,173967.0625,468644.3175,r2,5,3.0769801710240006,8.148638976069059,2.6938680849428036,2.6938680849428036,none,0
138,ornamentals,2018,26.75,50,r2,5,23.454645409565696,39634.778748635654,1.8691588785046729,1.8691588785046729,none,0
138,ornamentals,2019,20.5825,22.1175,r2,5,23.5877735782103,214.05315606677638,1.0745779181343373,1.0745779181343373,none,0
138,ornamentals,2020,18.3325,14.6175,r2,5,20.40412147769972,263.37100345054444,0.7973544252011455,0.7973544252011455,none,0
138,ornamentals,2021,15.0825,3.8675,r2,5,21.455478190929487,315.17903827248927,0.2564230067959556,0.2564230067959556,none,0
138,ornamentals,2022,0.0825,0.3675,r2,5,26.585990321770645,354.129859434226,4.454545454545454,4.454545454545454,none,0
138,seaweeds,2018,26396,23549.25,r2,5,8.946364002502081,10.275189421593952,0.8921522200333384,0.8921522200333384,none,0
138,seaweeds,2019,29129.9625,24561.885,r2,5,7.181370825028034,16.29898735556039,0.8431828568265406,0.8431828568265406,none,0
138,seaweeds,2020,31108.3575,25503.0925,r2,5,6.942890650560043,10.904686467625826,0.8198148198599042,0.8198148198599042,none,0
138,seaweeds,2021,34986.4025,27537.0225,r2,5,7.130241867350975,18.484025191907875,0.7870778511737525,0.7870778511737525,none,0
138,seaweeds,2022,39478.55,38332.73,r2,5,8.015445451504016,11.505365226299725,0.9709761376747627,0.9709761376747627,none,0
139,fish_oil,2018,0,0,r2,5,5.075779040513716,3.4548599236057504,NA,5.075779040513716,geo_region,1
139,fish_oil,2019,0,0,r2,5,1.6296041754003665,3.2124334731657735,NA,1.6296041754003665,geo_region,1
139,fish_oil,2020,0,0,r2,5,17.355011194082863,4.395076265231746,NA,17.355011194082863,geo_region,1
139,fish_oil,2021,0,0,r2,5,3.253793823620138,3.306193203690287,NA,3.253793823620138,geo_region,1
139,fish_oil,2022,0,0,r2,5,3.0769801710240006,8.148638976069059,NA,3.0769801710240006,geo_region,1
139,ornamentals,2018,0,0,r2,5,23.454645409565696,39634.778748635654,NA,23.454645409565696,geo_region,1
139,ornamentals,2019,0,0,r2,5,23.5877735782103,214.05315606677638,NA,23.5877735782103,geo_region,1
139,ornamentals,2020,0,0,r2,5,20.40412147769972,263.37100345054444,NA,20.40412147769972,geo_region,1
139,ornamentals,2021,0,0,r2,5,21.455478190929487,315.17903827248927,NA,21.455478190929487,geo_region,1
139,ornamentals,2022,0,0,r2,5,26.585990321770645,354.129859434226,NA,26.585990321770645,geo_region,1
139,seaweeds,2018,NA,NA,r2,5,8.946364002502081,10.275189421593952,NA,8.946364002502081,geo_region,1
139,seaweeds,2019,NA,NA,r2,5,7.181370825028034,16.29898735556039,NA,7.181370825028034,geo_region,1
139,seaweeds,2020,NA,NA,r2,5,6.942890650560043,10.904686467625826,NA,6.942890650560043,geo_region,1
139,seaweeds,2021,NA,NA,r2,5,7.130241867350975,18.484025191907875,NA,7.130241867350975,geo_region,1
139,seaweeds,2022,NA,NA,r2,5,8.015445451504016,11.505365226299725,NA,8.015445451504016,geo_region,1
140,ornamentals,2018,0,0,NA,NA,790.9594797423088,39634.778748635654,NA,790.9594797423088,geo_region,1
140,ornamentals,2019,0,0,NA,NA,1233.9306211288915,214.05315606677638,NA,1233.9306211288915,geo_region,1
140,ornamentals,2020,0,0,NA,NA,1128.7078357250932,263.37100345054444,NA,1128.7078357250932,geo_region,1
140,ornamentals,2021,0,0,NA,NA,2080.9481310834467,315.17903827248927,NA,2080.9481310834467,geo_region,1
140,ornamentals,2022,0,0,NA,NA,7.0375,354.129859434226,NA,7.0375,geo_region,1
140,seaweeds,2018,NA,NA,NA,NA,33.43536067892503,10.275189421593952,NA,33.43536067892503,geo_region,1
140,seaweeds,2019,NA,NA,NA,NA,26.606902747831157,16.29898735556039,NA,26.606902747831157,geo_region,1
140,seaweeds,2020,NA,NA,NA,NA,16.27481174370217,10.904686467625826,NA,16.27481174370217,geo_region,1
140,seaweeds,2021,NA,NA,NA,NA,21.14420214803502,18.484025191907875,NA,21.14420214803502,geo_region,1
140,seaweeds,2022,NA,NA,NA,NA,24.05035936355738,11.505365226299725,NA,24.05035936355738,geo_region,1
140,fish_oil,2018,NA,NA,NA,NA,1.3390586982297266,3.4548599236057504,NA,1.3390586982297266,geo_region,1
140,fish_oil,2019,NA,NA,NA,NA,1.2526439137430962,3.2124334731657735,NA,1.2526439137430962,geo_region,1
140,fish_oil,2020,NA,NA,NA,NA,1.271589315568058,4.395076265231746,NA,1.271589315568058,geo_region,1
140,fish_oil,2021,NA,NA,NA,NA,1.2764244361532855,3.306193203690287,NA,1.2764244361532855,geo_region,1
140,fish_oil,2022,NA,NA,NA,NA,1.61186422028017,8.148638976069059,NA,1.61186422028017,geo_region,1
141,fish_oil,2018,5260.6675000000005,1350.795,r2,154,4.014749529552957,3.4548599236057504,0.2567725483505658,0.2567725483505658,none,0
141,fish_oil,2019,3711.6125,1045.385,r2,154,2.2635702995578795,3.2124334731657735,0.28165251625809534,0.28165251625809534,none,0
141,fish_oil,2020,438.0725,477.78,r2,154,2.3400080691294542,4.395076265231746,1.0906413892677582,1.0906413892677582,none,0
141,fish_oil,2021,699.5725,760.3375,r2,154,2.3483223977540533,3.306193203690287,1.086860189615801,1.086860189615801,none,0
141,fish_oil,2022,1886.41,4660.19,r2,154,2.5898782650703764,8.148638976069059,2.4704014503739904,2.4704014503739904,none,0
141,seaweeds,2018,6.282500000000001,69.6875,r2,154,7.9772773337847465,10.275189421593952,11.092319936331076,11.092319936331076,none,0
141,seaweeds,2019,4.8075,67.945,r2,154,7.726409111532387,16.29898735556039,14.133125325013,14.133125325013,none,0
141,seaweeds,2020,21.4825,80.4025,r2,154,6.948863891803536,10.904686467625826,3.7426975445129758,3.7426975445129758,none,0
141,seaweeds,2021,46.72,126.275,r2,154,6.809722341216138,18.484025191907875,2.7028039383561646,2.7028039383561646,none,0
141,seaweeds,2022,61.55,140.3825,r2,154,6.50269542970176,11.505365226299725,2.2807879772542647,2.2807879772542647,none,0
141,ornamentals,2018,NA,NA,r2,154,33.516976317799845,39634.778748635654,NA,33.516976317799845,geo_region,1
141,ornamentals,2019,NA,NA,r2,154,34.0665571119764,214.05315606677638,NA,34.0665571119764,geo_region,1
141,ornamentals,2020,NA,NA,r2,154,35.15067413990925,263.37100345054444,NA,35.15067413990925,geo_region,1
141,ornamentals,2021,NA,NA,r2,154,34.17760007557975,315.17903827248927,NA,34.17760007557975,geo_region,1
141,ornamentals,2022,NA,NA,r2,154,41.57077078964292,354.129859434226,NA,41.57077078964292,geo_region,1
143,fish_oil,2018,44226,96246.5,r2,154,4.014749529552957,3.4548599236057504,2.1762424817980373,2.1762424817980373,none,0
143,fish_oil,2019,44088.365,93936.28,r2,154,2.2635702995578795,3.2124334731657735,2.1306365069332918,2.1306365069332918,none,0
143,fish_oil,2020,42523.64,94422.945,r2,154,2.3400080691294542,4.395076265231746,2.220481242903947,2.220481242903947,none,0
143,fish_oil,2021,39258.6625,96217.765,r2,154,2.3483223977540533,3.306193203690287,2.4508671175438033,2.4508671175438033,none,0
143,fish_oil,2022,46684.447499999995,126031.11,r2,154,2.5898782650703764,8.148638976069059,2.699638032558916,2.699638032558916,none,0
143,seaweeds,2018,4168.75,5671.25,r2,154,7.9772773337847465,10.275189421593952,1.3604197901049475,1.3604197901049475,none,0
143,seaweeds,2019,4340.27,5714.6025,r2,154,7.726409111532387,16.29898735556039,1.3166467754310214,1.3166467754310214,none,0
143,seaweeds,2020,4111.9349999999995,5266.0875,r2,154,6.948863891803536,10.904686467625826,1.2806835467973108,1.2806835467973108,none,0
143,seaweeds,2021,3982.4825,5775.3275,r2,154,6.809722341216138,18.484025191907875,1.4501827691647107,1.4501827691647107,none,0
143,seaweeds,2022,6053.8425,6732.1900000000005,r2,154,6.50269542970176,11.505365226299725,1.1120523865627494,1.1120523865627494,none,0
143,ornamentals,2018,NA,NA,r2,154,33.516976317799845,39634.778748635654,NA,33.516976317799845,geo_region,1
143,ornamentals,2019,NA,NA,r2,154,34.0665571119764,214.05315606677638,NA,34.0665571119764,geo_region,1
143,ornamentals,2020,NA,NA,r2,154,35.15067413990925,263.37100345054444,NA,35.15067413990925,geo_region,1
143,ornamentals,2021,NA,NA,r2,154,34.17760007557975,315.17903827248927,NA,34.17760007557975,geo_region,1
143,ornamentals,2022,NA,NA,r2,154,41.57077078964292,354.129859434226,NA,41.57077078964292,geo_region,1
144,seaweeds,2018,NA,NA,r2,154,7.9772773337847465,10.275189421593952,NA,7.9772773337847465,geo_region,1
144,seaweeds,2019,NA,NA,r2,154,7.726409111532387,16.29898735556039,NA,7.726409111532387,geo_region,1
144,seaweeds,2020,NA,NA,r2,154,6.948863891803536,10.904686467625826,NA,6.948863891803536,geo_region,1
144,seaweeds,2021,NA,NA,r2,154,6.809722341216138,18.484025191907875,NA,6.809722341216138,geo_region,1
144,seaweeds,2022,NA,NA,r2,154,6.50269542970176,11.505365226299725,NA,6.50269542970176,geo_region,1
144,ornamentals,2018,NA,NA,r2,154,33.516976317799845,39634.778748635654,NA,33.516976317799845,geo_region,1
144,ornamentals,2019,NA,NA,r2,154,34.0665571119764,214.05315606677638,NA,34.0665571119764,geo_region,1
144,ornamentals,2020,NA,NA,r2,154,35.15067413990925,263.37100345054444,NA,35.15067413990925,geo_region,1
144,ornamentals,2021,NA,NA,r2,154,34.17760007557975,315.17903827248927,NA,34.17760007557975,geo_region,1
144,ornamentals,2022,NA,NA,r2,154,41.57077078964292,354.129859434226,NA,41.57077078964292,geo_region,1
144,fish_oil,2018,NA,NA,r2,154,4.014749529552957,3.4548599236057504,NA,4.014749529552957,geo_region,1
144,fish_oil,2019,NA,NA,r2,154,2.2635702995578795,3.2124334731657735,NA,2.2635702995578795,geo_region,1
144,fish_oil,2020,NA,NA,r2,154,2.3400080691294542,4.395076265231746,NA,2.3400080691294542,geo_region,1
144,fish_oil,2021,NA,NA,r2,154,2.3483223977540533,3.306193203690287,NA,2.3483223977540533,geo_region,1
144,fish_oil,2022,NA,NA,r2,154,2.5898782650703764,8.148638976069059,NA,2.5898782650703764,geo_region,1
145,seaweeds,2018,NA,NA,r2,154,7.9772773337847465,10.275189421593952,NA,7.9772773337847465,geo_region,1
145,seaweeds,2019,NA,NA,r2,154,7.726409111532387,16.29898735556039,NA,7.726409111532387,geo_region,1
145,seaweeds,2020,NA,NA,r2,154,6.948863891803536,10.904686467625826,NA,6.948863891803536,geo_region,1
145,seaweeds,2021,NA,NA,r2,154,6.809722341216138,18.484025191907875,NA,6.809722341216138,geo_region,1
145,seaweeds,2022,NA,NA,r2,154,6.50269542970176,11.505365226299725,NA,6.50269542970176,geo_region,1
145,ornamentals,2018,NA,NA,r2,154,33.516976317799845,39634.778748635654,NA,33.516976317799845,geo_region,1
145,ornamentals,2019,NA,NA,r2,154,34.0665571119764,214.05315606677638,NA,34.0665571119764,geo_region,1
145,ornamentals,2020,NA,NA,r2,154,35.15067413990925,263.37100345054444,NA,35.15067413990925,geo_region,1
145,ornamentals,2021,NA,NA,r2,154,34.17760007557975,315.17903827248927,NA,34.17760007557975,geo_region,1
145,ornamentals,2022,NA,NA,r2,154,41.57077078964292,354.129859434226,NA,41.57077078964292,geo_region,1
145,fish_oil,2018,NA,NA,r2,154,4.014749529552957,3.4548599236057504,NA,4.014749529552957,geo_region,1
145,fish_oil,2019,NA,NA,r2,154,2.2635702995578795,3.2124334731657735,NA,2.2635702995578795,geo_region,1
145,fish_oil,2020,NA,NA,r2,154,2.3400080691294542,4.395076265231746,NA,2.3400080691294542,geo_region,1
145,fish_oil,2021,NA,NA,r2,154,2.3483223977540533,3.306193203690287,NA,2.3483223977540533,geo_region,1
145,fish_oil,2022,NA,NA,r2,154,2.5898782650703764,8.148638976069059,NA,2.5898782650703764,geo_region,1
146,seaweeds,2018,NA,NA,r2,61,15.585581085581085,10.275189421593952,NA,15.585581085581085,geo_region,1
146,seaweeds,2019,NA,NA,r2,61,14.44776119402985,16.29898735556039,NA,14.44776119402985,geo_region,1
146,seaweeds,2020,NA,NA,r2,61,1.1630434782608696,10.904686467625826,NA,1.1630434782608696,geo_region,1
146,seaweeds,2021,NA,NA,r2,61,22.74975562072336,18.484025191907875,NA,22.74975562072336,geo_region,1
146,seaweeds,2022,NA,NA,r2,61,40.75,11.505365226299725,NA,40.75,geo_region,1
146,ornamentals,2018,NA,NA,r2,61,6.444154457352955,39634.778748635654,NA,6.444154457352955,geo_region,1
146,ornamentals,2019,NA,NA,r2,61,6.2867366961180835,214.05315606677638,NA,6.2867366961180835,geo_region,1
146,ornamentals,2020,NA,NA,r2,61,9.099498883052588,263.37100345054444,NA,9.099498883052588,geo_region,1
146,ornamentals,2021,NA,NA,r2,61,10.055097385506228,315.17903827248927,NA,10.055097385506228,geo_region,1
146,ornamentals,2022,NA,NA,r2,61,11.150603070175437,354.129859434226,NA,11.150603070175437,geo_region,1
146,fish_oil,2018,NA,NA,r2,61,NA,3.4548599236057504,NA,3.4548599236057504,global,1
146,fish_oil,2019,NA,NA,r2,61,NA,3.2124334731657735,NA,3.2124334731657735,global,1
146,fish_oil,2020,NA,NA,r2,61,NA,4.395076265231746,NA,4.395076265231746,global,1
146,fish_oil,2021,NA,NA,r2,61,NA,3.306193203690287,NA,3.306193203690287,global,1
146,fish_oil,2022,NA,NA,r2,61,NA,8.148638976069059,NA,8.148638976069059,global,1
147,ornamentals,2018,31.1975,320.1425,r2,61,6.444154457352955,39634.778748635654,10.261799823703821,10.261799823703821,none,0
147,ornamentals,2019,39.7025,395.32,r2,61,6.2867366961180835,214.05315606677638,9.95705560103268,9.95705560103268,none,0
147,ornamentals,2020,41.4075,376.7875,r2,61,9.099498883052588,263.37100345054444,9.099498883052588,9.099498883052588,none,0
147,ornamentals,2021,42.7425,429.78,r2,61,10.055097385506228,315.17903827248927,10.055097385506228,10.055097385506228,none,0
147,ornamentals,2022,45.6,508.4675,r2,61,11.150603070175437,354.129859434226,11.150603070175437,11.150603070175437,none,0
147,seaweeds,2018,0.0275,0.815,r2,61,15.585581085581085,10.275189421593952,29.636363636363633,29.636363636363633,none,0
147,seaweeds,2019,0.03,0.82,r2,61,14.44776119402985,16.29898735556039,27.333333333333332,27.333333333333332,none,0
147,seaweeds,2020,0.01,0.0075,r2,61,1.1630434782608696,10.904686467625826,0.75,0.75,none,0
147,seaweeds,2021,0.0275,1.2125,r2,61,22.74975562072336,18.484025191907875,44.090909090909086,44.090909090909086,none,0
147,seaweeds,2022,0.03,1.2225,r2,61,40.75,11.505365226299725,40.75,40.75,none,0
147,fish_oil,2018,NA,NA,r2,61,NA,3.4548599236057504,NA,3.4548599236057504,global,1
147,fish_oil,2019,NA,NA,r2,61,NA,3.2124334731657735,NA,3.2124334731657735,global,1
147,fish_oil,2020,NA,NA,r2,61,NA,4.395076265231746,NA,4.395076265231746,global,1
147,fish_oil,2021,NA,NA,r2,61,NA,3.306193203690287,NA,3.306193203690287,global,1
147,fish_oil,2022,NA,NA,r2,61,NA,8.148638976069059,NA,8.148638976069059,global,1
148,seaweeds,2018,NA,NA,r2,57,NA,10.275189421593952,NA,10.275189421593952,global,1
148,seaweeds,2019,NA,NA,r2,57,NA,16.29898735556039,NA,16.29898735556039,global,1
148,seaweeds,2020,NA,NA,r2,57,NA,10.904686467625826,NA,10.904686467625826,global,1
148,seaweeds,2021,NA,NA,r2,57,NA,18.484025191907875,NA,18.484025191907875,global,1
148,seaweeds,2022,NA,NA,r2,57,NA,11.505365226299725,NA,11.505365226299725,global,1
148,ornamentals,2018,NA,NA,r2,57,132.36662386551376,39634.778748635654,NA,132.36662386551376,geo_region,1
148,ornamentals,2019,NA,NA,r2,57,156.79588578176524,214.05315606677638,NA,156.79588578176524,geo_region,1
148,ornamentals,2020,NA,NA,r2,57,208.8975257733803,263.37100345054444,NA,208.8975257733803,geo_region,1
148,ornamentals,2021,NA,NA,r2,57,119.40702100368375,315.17903827248927,NA,119.40702100368375,geo_region,1
148,ornamentals,2022,NA,NA,r2,57,5.311810732345363,354.129859434226,NA,5.311810732345363,geo_region,1
148,fish_oil,2018,NA,NA,r2,57,NA,3.4548599236057504,NA,3.4548599236057504,global,1
148,fish_oil,2019,NA,NA,r2,57,NA,3.2124334731657735,NA,3.2124334731657735,global,1
148,fish_oil,2020,NA,NA,r2,57,NA,4.395076265231746,NA,4.395076265231746,global,1
148,fish_oil,2021,NA,NA,r2,57,NA,3.306193203690287,NA,3.306193203690287,global,1
148,fish_oil,2022,NA,NA,r2,57,NA,8.148638976069059,NA,8.148638976069059,global,1
149,seaweeds,2018,NA,NA,NA,NA,33.43536067892503,10.275189421593952,NA,33.43536067892503,geo_region,1
149,seaweeds,2019,NA,NA,NA,NA,26.606902747831157,16.29898735556039,NA,26.606902747831157,geo_region,1
149,seaweeds,2020,NA,NA,NA,NA,16.27481174370217,10.904686467625826,NA,16.27481174370217,geo_region,1
149,seaweeds,2021,NA,NA,NA,NA,21.14420214803502,18.484025191907875,NA,21.14420214803502,geo_region,1
149,seaweeds,2022,NA,NA,NA,NA,24.05035936355738,11.505365226299725,NA,24.05035936355738,geo_region,1
149,ornamentals,2018,NA,NA,NA,NA,790.9594797423088,39634.778748635654,NA,790.9594797423088,geo_region,1
149,ornamentals,2019,NA,NA,NA,NA,1233.9306211288915,214.05315606677638,NA,1233.9306211288915,geo_region,1
149,ornamentals,2020,NA,NA,NA,NA,1128.7078357250932,263.37100345054444,NA,1128.7078357250932,geo_region,1
149,ornamentals,2021,NA,NA,NA,NA,2080.9481310834467,315.17903827248927,NA,2080.9481310834467,geo_region,1
149,ornamentals,2022,NA,NA,NA,NA,7.0375,354.129859434226,NA,7.0375,geo_region,1
149,fish_oil,2018,NA,NA,NA,NA,1.3390586982297266,3.4548599236057504,NA,1.3390586982297266,geo_region,1
149,fish_oil,2019,NA,NA,NA,NA,1.2526439137430962,3.2124334731657735,NA,1.2526439137430962,geo_region,1
149,fish_oil,2020,NA,NA,NA,NA,1.271589315568058,4.395076265231746,NA,1.271589315568058,geo_region,1
149,fish_oil,2021,NA,NA,NA,NA,1.2764244361532855,3.306193203690287,NA,1.2764244361532855,geo_region,1
149,fish_oil,2022,NA,NA,NA,NA,1.61186422028017,8.148638976069059,NA,1.61186422028017,geo_region,1
150,seaweeds,2018,NA,NA,NA,NA,33.43536067892503,10.275189421593952,NA,33.43536067892503,geo_region,1
150,seaweeds,2019,NA,NA,NA,NA,26.606902747831157,16.29898735556039,NA,26.606902747831157,geo_region,1
150,seaweeds,2020,NA,NA,NA,NA,16.27481174370217,10.904686467625826,NA,16.27481174370217,geo_region,1
150,seaweeds,2021,NA,NA,NA,NA,21.14420214803502,18.484025191907875,NA,21.14420214803502,geo_region,1
150,seaweeds,2022,NA,NA,NA,NA,24.05035936355738,11.505365226299725,NA,24.05035936355738,geo_region,1
150,ornamentals,2018,NA,NA,NA,NA,790.9594797423088,39634.778748635654,NA,790.9594797423088,geo_region,1
150,ornamentals,2019,NA,NA,NA,NA,1233.9306211288915,214.05315606677638,NA,1233.9306211288915,geo_region,1
150,ornamentals,2020,NA,NA,NA,NA,1128.7078357250932,263.37100345054444,NA,1128.7078357250932,geo_region,1
150,ornamentals,2021,NA,NA,NA,NA,2080.9481310834467,315.17903827248927,NA,2080.9481310834467,geo_region,1
150,ornamentals,2022,NA,NA,NA,NA,7.0375,354.129859434226,NA,7.0375,geo_region,1
150,fish_oil,2018,NA,NA,NA,NA,1.3390586982297266,3.4548599236057504,NA,1.3390586982297266,geo_region,1
150,fish_oil,2019,NA,NA,NA,NA,1.2526439137430962,3.2124334731657735,NA,1.2526439137430962,geo_region,1
150,fish_oil,2020,NA,NA,NA,NA,1.271589315568058,4.395076265231746,NA,1.271589315568058,geo_region,1
150,fish_oil,2021,NA,NA,NA,NA,1.2764244361532855,3.306193203690287,NA,1.2764244361532855,geo_region,1
150,fish_oil,2022,NA,NA,NA,NA,1.61186422028017,8.148638976069059,NA,1.61186422028017,geo_region,1
151,seaweeds,2018,NA,NA,r2,61,15.585581085581085,10.275189421593952,NA,15.585581085581085,geo_region,1
151,seaweeds,2019,NA,NA,r2,61,14.44776119402985,16.29898735556039,NA,14.44776119402985,geo_region,1
151,seaweeds,2020,NA,NA,r2,61,1.1630434782608696,10.904686467625826,NA,1.1630434782608696,geo_region,1
151,seaweeds,2021,NA,NA,r2,61,22.74975562072336,18.484025191907875,NA,22.74975562072336,geo_region,1
151,seaweeds,2022,NA,NA,r2,61,40.75,11.505365226299725,NA,40.75,geo_region,1
151,ornamentals,2018,NA,NA,r2,61,6.444154457352955,39634.778748635654,NA,6.444154457352955,geo_region,1
151,ornamentals,2019,NA,NA,r2,61,6.2867366961180835,214.05315606677638,NA,6.2867366961180835,geo_region,1
151,ornamentals,2020,NA,NA,r2,61,9.099498883052588,263.37100345054444,NA,9.099498883052588,geo_region,1
151,ornamentals,2021,NA,NA,r2,61,10.055097385506228,315.17903827248927,NA,10.055097385506228,geo_region,1
151,ornamentals,2022,NA,NA,r2,61,11.150603070175437,354.129859434226,NA,11.150603070175437,geo_region,1
151,fish_oil,2018,NA,NA,r2,61,NA,3.4548599236057504,NA,3.4548599236057504,global,1
151,fish_oil,2019,NA,NA,r2,61,NA,3.2124334731657735,NA,3.2124334731657735,global,1
151,fish_oil,2020,NA,NA,r2,61,NA,4.395076265231746,NA,4.395076265231746,global,1
151,fish_oil,2021,NA,NA,r2,61,NA,3.306193203690287,NA,3.306193203690287,global,1
151,fish_oil,2022,NA,NA,r2,61,NA,8.148638976069059,NA,8.148638976069059,global,1
152,ornamentals,2018,0,0,r2,61,6.444154457352955,39634.778748635654,NA,6.444154457352955,geo_region,1
152,ornamentals,2019,0,0,r2,61,6.2867366961180835,214.05315606677638,NA,6.2867366961180835,geo_region,1
152,ornamentals,2020,0,0,r2,61,9.099498883052588,263.37100345054444,NA,9.099498883052588,geo_region,1
152,ornamentals,2021,0,0,r2,61,10.055097385506228,315.17903827248927,NA,10.055097385506228,geo_region,1
152,ornamentals,2022,0,0,r2,61,11.150603070175437,354.129859434226,NA,11.150603070175437,geo_region,1
152,seaweeds,2018,NA,NA,r2,61,15.585581085581085,10.275189421593952,NA,15.585581085581085,geo_region,1
152,seaweeds,2019,NA,NA,r2,61,14.44776119402985,16.29898735556039,NA,14.44776119402985,geo_region,1
152,seaweeds,2020,NA,NA,r2,61,1.1630434782608696,10.904686467625826,NA,1.1630434782608696,geo_region,1
152,seaweeds,2021,NA,NA,r2,61,22.74975562072336,18.484025191907875,NA,22.74975562072336,geo_region,1
152,seaweeds,2022,NA,NA,r2,61,40.75,11.505365226299725,NA,40.75,geo_region,1
152,fish_oil,2018,NA,NA,r2,61,NA,3.4548599236057504,NA,3.4548599236057504,global,1
152,fish_oil,2019,NA,NA,r2,61,NA,3.2124334731657735,NA,3.2124334731657735,global,1
152,fish_oil,2020,NA,NA,r2,61,NA,4.395076265231746,NA,4.395076265231746,global,1
152,fish_oil,2021,NA,NA,r2,61,NA,3.306193203690287,NA,3.306193203690287,global,1
152,fish_oil,2022,NA,NA,r2,61,NA,8.148638976069059,NA,8.148638976069059,global,1
153,ornamentals,2018,2.6651345026676836,7,r2,61,6.444154457352955,39634.778748635654,2.626509091002088,2.626509091002088,none,0
153,ornamentals,2019,1.1466058708537048,3,r2,61,6.2867366961180835,214.05315606677638,2.616417791203486,2.616417791203486,none,0
153,ornamentals,2020,0,0,r2,61,9.099498883052588,263.37100345054444,NA,9.099498883052588,geo_region,1
153,ornamentals,2021,0,0,r2,61,10.055097385506228,315.17903827248927,NA,10.055097385506228,geo_region,1
153,ornamentals,2022,0,0,r2,61,11.150603070175437,354.129859434226,NA,11.150603070175437,geo_region,1
153,seaweeds,2018,NA,NA,r2,61,15.585581085581085,10.275189421593952,NA,15.585581085581085,geo_region,1
153,seaweeds,2019,NA,NA,r2,61,14.44776119402985,16.29898735556039,NA,14.44776119402985,geo_region,1
153,seaweeds,2020,NA,NA,r2,61,1.1630434782608696,10.904686467625826,NA,1.1630434782608696,geo_region,1
153,seaweeds,2021,NA,NA,r2,61,22.74975562072336,18.484025191907875,NA,22.74975562072336,geo_region,1
153,seaweeds,2022,NA,NA,r2,61,40.75,11.505365226299725,NA,40.75,geo_region,1
153,fish_oil,2018,NA,NA,r2,61,NA,3.4548599236057504,NA,3.4548599236057504,global,1
153,fish_oil,2019,NA,NA,r2,61,NA,3.2124334731657735,NA,3.2124334731657735,global,1
153,fish_oil,2020,NA,NA,r2,61,NA,4.395076265231746,NA,4.395076265231746,global,1
153,fish_oil,2021,NA,NA,r2,61,NA,3.306193203690287,NA,3.306193203690287,global,1
153,fish_oil,2022,NA,NA,r2,61,NA,8.148638976069059,NA,8.148638976069059,global,1
154,seaweeds,2018,NA,NA,r2,61,15.585581085581085,10.275189421593952,NA,15.585581085581085,geo_region,1
154,seaweeds,2019,NA,NA,r2,61,14.44776119402985,16.29898735556039,NA,14.44776119402985,geo_region,1
154,seaweeds,2020,NA,NA,r2,61,1.1630434782608696,10.904686467625826,NA,1.1630434782608696,geo_region,1
154,seaweeds,2021,NA,NA,r2,61,22.74975562072336,18.484025191907875,NA,22.74975562072336,geo_region,1
154,seaweeds,2022,NA,NA,r2,61,40.75,11.505365226299725,NA,40.75,geo_region,1
154,ornamentals,2018,NA,NA,r2,61,6.444154457352955,39634.778748635654,NA,6.444154457352955,geo_region,1
154,ornamentals,2019,NA,NA,r2,61,6.2867366961180835,214.05315606677638,NA,6.2867366961180835,geo_region,1
154,ornamentals,2020,NA,NA,r2,61,9.099498883052588,263.37100345054444,NA,9.099498883052588,geo_region,1
154,ornamentals,2021,NA,NA,r2,61,10.055097385506228,315.17903827248927,NA,10.055097385506228,geo_region,1
154,ornamentals,2022,NA,NA,r2,61,11.150603070175437,354.129859434226,NA,11.150603070175437,geo_region,1
154,fish_oil,2018,NA,NA,r2,61,NA,3.4548599236057504,NA,3.4548599236057504,global,1
154,fish_oil,2019,NA,NA,r2,61,NA,3.2124334731657735,NA,3.2124334731657735,global,1
154,fish_oil,2020,NA,NA,r2,61,NA,4.395076265231746,NA,4.395076265231746,global,1
154,fish_oil,2021,NA,NA,r2,61,NA,3.306193203690287,NA,3.306193203690287,global,1
154,fish_oil,2022,NA,NA,r2,61,NA,8.148638976069059,NA,8.148638976069059,global,1
155,ornamentals,2018,0,29.25,r2,61,6.444154457352955,39634.778748635654,NA,6.444154457352955,geo_region,1
155,ornamentals,2019,0,28.5,r2,61,6.2867366961180835,214.05315606677638,NA,6.2867366961180835,geo_region,1
155,ornamentals,2020,0,26,r2,61,9.099498883052588,263.37100345054444,NA,9.099498883052588,geo_region,1
155,ornamentals,2021,0,19.25,r2,61,10.055097385506228,315.17903827248927,NA,10.055097385506228,geo_region,1
155,ornamentals,2022,0,0,r2,61,11.150603070175437,354.129859434226,NA,11.150603070175437,geo_region,1
155,seaweeds,2018,68.25,104.75,r2,61,15.585581085581085,10.275189421593952,1.534798534798535,1.534798534798535,none,0
155,seaweeds,2019,50.25,78.5,r2,61,14.44776119402985,16.29898735556039,1.5621890547263682,1.5621890547263682,none,0
155,seaweeds,2020,46,72.5,r2,61,1.1630434782608696,10.904686467625826,1.576086956521739,1.576086956521739,none,0
155,seaweeds,2021,23.25,32.75,r2,61,22.74975562072336,18.484025191907875,1.4086021505376345,1.4086021505376345,none,0
155,seaweeds,2022,0,0,r2,61,40.75,11.505365226299725,NA,40.75,geo_region,1
155,fish_oil,2018,NA,NA,r2,61,NA,3.4548599236057504,NA,3.4548599236057504,global,1
155,fish_oil,2019,NA,NA,r2,61,NA,3.2124334731657735,NA,3.2124334731657735,global,1
155,fish_oil,2020,NA,NA,r2,61,NA,4.395076265231746,NA,4.395076265231746,global,1
155,fish_oil,2021,NA,NA,r2,61,NA,3.306193203690287,NA,3.306193203690287,global,1
155,fish_oil,2022,NA,NA,r2,61,NA,8.148638976069059,NA,8.148638976069059,global,1
156,seaweeds,2018,NA,NA,r2,61,15.585581085581085,10.275189421593952,NA,15.585581085581085,geo_region,1
156,seaweeds,2019,NA,NA,r2,61,14.44776119402985,16.29898735556039,NA,14.44776119402985,geo_region,1
156,seaweeds,2020,NA,NA,r2,61,1.1630434782608696,10.904686467625826,NA,1.1630434782608696,geo_region,1
156,seaweeds,2021,NA,NA,r2,61,22.74975562072336,18.484025191907875,NA,22.74975562072336,geo_region,1
156,seaweeds,2022,NA,NA,r2,61,40.75,11.505365226299725,NA,40.75,geo_region,1
156,ornamentals,2018,NA,NA,r2,61,6.444154457352955,39634.778748635654,NA,6.444154457352955,geo_region,1
156,ornamentals,2019,NA,NA,r2,61,6.2867366961180835,214.05315606677638,NA,6.2867366961180835,geo_region,1
156,ornamentals,2020,NA,NA,r2,61,9.099498883052588,263.37100345054444,NA,9.099498883052588,geo_region,1
156,ornamentals,2021,NA,NA,r2,61,10.055097385506228,315.17903827248927,NA,10.055097385506228,geo_region,1
156,ornamentals,2022,NA,NA,r2,61,11.150603070175437,354.129859434226,NA,11.150603070175437,geo_region,1
156,fish_oil,2018,NA,NA,r2,61,NA,3.4548599236057504,NA,3.4548599236057504,global,1
156,fish_oil,2019,NA,NA,r2,61,NA,3.2124334731657735,NA,3.2124334731657735,global,1
156,fish_oil,2020,NA,NA,r2,61,NA,4.395076265231746,NA,4.395076265231746,global,1
156,fish_oil,2021,NA,NA,r2,61,NA,3.306193203690287,NA,3.306193203690287,global,1
156,fish_oil,2022,NA,NA,r2,61,NA,8.148638976069059,NA,8.148638976069059,global,1
157,seaweeds,2018,NA,NA,r2,57,NA,10.275189421593952,NA,10.275189421593952,global,1
157,seaweeds,2019,NA,NA,r2,57,NA,16.29898735556039,NA,16.29898735556039,global,1
157,seaweeds,2020,NA,NA,r2,57,NA,10.904686467625826,NA,10.904686467625826,global,1
157,seaweeds,2021,NA,NA,r2,57,NA,18.484025191907875,NA,18.484025191907875,global,1
157,seaweeds,2022,NA,NA,r2,57,NA,11.505365226299725,NA,11.505365226299725,global,1
157,ornamentals,2018,NA,NA,r2,57,132.36662386551376,39634.778748635654,NA,132.36662386551376,geo_region,1
157,ornamentals,2019,NA,NA,r2,57,156.79588578176524,214.05315606677638,NA,156.79588578176524,geo_region,1
157,ornamentals,2020,NA,NA,r2,57,208.8975257733803,263.37100345054444,NA,208.8975257733803,geo_region,1
157,ornamentals,2021,NA,NA,r2,57,119.40702100368375,315.17903827248927,NA,119.40702100368375,geo_region,1
157,ornamentals,2022,NA,NA,r2,57,5.311810732345363,354.129859434226,NA,5.311810732345363,geo_region,1
157,fish_oil,2018,NA,NA,r2,57,NA,3.4548599236057504,NA,3.4548599236057504,global,1
157,fish_oil,2019,NA,NA,r2,57,NA,3.2124334731657735,NA,3.2124334731657735,global,1
157,fish_oil,2020,NA,NA,r2,57,NA,4.395076265231746,NA,4.395076265231746,global,1
157,fish_oil,2021,NA,NA,r2,57,NA,3.306193203690287,NA,3.306193203690287,global,1
157,fish_oil,2022,NA,NA,r2,57,NA,8.148638976069059,NA,8.148638976069059,global,1
158,seaweeds,2018,NA,NA,NA,NA,33.43536067892503,10.275189421593952,NA,33.43536067892503,geo_region,1
158,seaweeds,2019,NA,NA,NA,NA,26.606902747831157,16.29898735556039,NA,26.606902747831157,geo_region,1
158,seaweeds,2020,NA,NA,NA,NA,16.27481174370217,10.904686467625826,NA,16.27481174370217,geo_region,1
158,seaweeds,2021,NA,NA,NA,NA,21.14420214803502,18.484025191907875,NA,21.14420214803502,geo_region,1
158,seaweeds,2022,NA,NA,NA,NA,24.05035936355738,11.505365226299725,NA,24.05035936355738,geo_region,1
158,ornamentals,2018,NA,NA,NA,NA,790.9594797423088,39634.778748635654,NA,790.9594797423088,geo_region,1
158,ornamentals,2019,NA,NA,NA,NA,1233.9306211288915,214.05315606677638,NA,1233.9306211288915,geo_region,1
158,ornamentals,2020,NA,NA,NA,NA,1128.7078357250932,263.37100345054444,NA,1128.7078357250932,geo_region,1
158,ornamentals,2021,NA,NA,NA,NA,2080.9481310834467,315.17903827248927,NA,2080.9481310834467,geo_region,1
158,ornamentals,2022,NA,NA,NA,NA,7.0375,354.129859434226,NA,7.0375,geo_region,1
158,fish_oil,2018,NA,NA,NA,NA,1.3390586982297266,3.4548599236057504,NA,1.3390586982297266,geo_region,1
158,fish_oil,2019,NA,NA,NA,NA,1.2526439137430962,3.2124334731657735,NA,1.2526439137430962,geo_region,1
158,fish_oil,2020,NA,NA,NA,NA,1.271589315568058,4.395076265231746,NA,1.271589315568058,geo_region,1
158,fish_oil,2021,NA,NA,NA,NA,1.2764244361532855,3.306193203690287,NA,1.2764244361532855,geo_region,1
158,fish_oil,2022,NA,NA,NA,NA,1.61186422028017,8.148638976069059,NA,1.61186422028017,geo_region,1
159,seaweeds,2018,NA,NA,NA,NA,33.43536067892503,10.275189421593952,NA,33.43536067892503,geo_region,1
159,seaweeds,2019,NA,NA,NA,NA,26.606902747831157,16.29898735556039,NA,26.606902747831157,geo_region,1
159,seaweeds,2020,NA,NA,NA,NA,16.27481174370217,10.904686467625826,NA,16.27481174370217,geo_region,1
159,seaweeds,2021,NA,NA,NA,NA,21.14420214803502,18.484025191907875,NA,21.14420214803502,geo_region,1
159,seaweeds,2022,NA,NA,NA,NA,24.05035936355738,11.505365226299725,NA,24.05035936355738,geo_region,1
159,ornamentals,2018,NA,NA,NA,NA,790.9594797423088,39634.778748635654,NA,790.9594797423088,geo_region,1
159,ornamentals,2019,NA,NA,NA,NA,1233.9306211288915,214.05315606677638,NA,1233.9306211288915,geo_region,1
159,ornamentals,2020,NA,NA,NA,NA,1128.7078357250932,263.37100345054444,NA,1128.7078357250932,geo_region,1
159,ornamentals,2021,NA,NA,NA,NA,2080.9481310834467,315.17903827248927,NA,2080.9481310834467,geo_region,1
159,ornamentals,2022,NA,NA,NA,NA,7.0375,354.129859434226,NA,7.0375,geo_region,1
159,fish_oil,2018,NA,NA,NA,NA,1.3390586982297266,3.4548599236057504,NA,1.3390586982297266,geo_region,1
159,fish_oil,2019,NA,NA,NA,NA,1.2526439137430962,3.2124334731657735,NA,1.2526439137430962,geo_region,1
159,fish_oil,2020,NA,NA,NA,NA,1.271589315568058,4.395076265231746,NA,1.271589315568058,geo_region,1
159,fish_oil,2021,NA,NA,NA,NA,1.2764244361532855,3.306193203690287,NA,1.2764244361532855,geo_region,1
159,fish_oil,2022,NA,NA,NA,NA,1.61186422028017,8.148638976069059,NA,1.61186422028017,geo_region,1
161,seaweeds,2018,NA,NA,r2,61,15.585581085581085,10.275189421593952,NA,15.585581085581085,geo_region,1
161,seaweeds,2019,NA,NA,r2,61,14.44776119402985,16.29898735556039,NA,14.44776119402985,geo_region,1
161,seaweeds,2020,NA,NA,r2,61,1.1630434782608696,10.904686467625826,NA,1.1630434782608696,geo_region,1
161,seaweeds,2021,NA,NA,r2,61,22.74975562072336,18.484025191907875,NA,22.74975562072336,geo_region,1
161,seaweeds,2022,NA,NA,r2,61,40.75,11.505365226299725,NA,40.75,geo_region,1
161,ornamentals,2018,NA,NA,r2,61,6.444154457352955,39634.778748635654,NA,6.444154457352955,geo_region,1
161,ornamentals,2019,NA,NA,r2,61,6.2867366961180835,214.05315606677638,NA,6.2867366961180835,geo_region,1
161,ornamentals,2020,NA,NA,r2,61,9.099498883052588,263.37100345054444,NA,9.099498883052588,geo_region,1
161,ornamentals,2021,NA,NA,r2,61,10.055097385506228,315.17903827248927,NA,10.055097385506228,geo_region,1
161,ornamentals,2022,NA,NA,r2,61,11.150603070175437,354.129859434226,NA,11.150603070175437,geo_region,1
161,fish_oil,2018,NA,NA,r2,61,NA,3.4548599236057504,NA,3.4548599236057504,global,1
161,fish_oil,2019,NA,NA,r2,61,NA,3.2124334731657735,NA,3.2124334731657735,global,1
161,fish_oil,2020,NA,NA,r2,61,NA,4.395076265231746,NA,4.395076265231746,global,1
161,fish_oil,2021,NA,NA,r2,61,NA,3.306193203690287,NA,3.306193203690287,global,1
161,fish_oil,2022,NA,NA,r2,61,NA,8.148638976069059,NA,8.148638976069059,global,1
162,fish_oil,2018,3677.75,8948.25,r2,53,2.2833393915708022,3.4548599236057504,2.433077289103392,2.433077289103392,none,0
162,fish_oil,2019,4069.425,9965.07,r2,53,2.45584267463423,3.2124334731657735,2.4487661033192647,2.4487661033192647,none,0
162,fish_oil,2020,3668.335,10142.18,r2,53,2.555594828739243,4.395076265231746,2.764791110953607,2.764791110953607,none,0
162,fish_oil,2021,3565.2925,10226.47,r2,53,2.862192299235069,3.306193203690287,2.868339694428998,2.868339694428998,none,0
162,fish_oil,2022,3180.205,8972.305,r2,53,3.0210339730264915,8.148638976069059,2.8212976836398913,2.8212976836398913,none,0
162,ornamentals,2018,0,2.25,r2,53,5.373874835482054,39634.778748635654,NA,5.373874835482054,geo_region,1
162,ornamentals,2019,0.325,10.235,r2,53,19.414063639572674,214.05315606677638,31.49230769230769,31.49230769230769,none,0
162,ornamentals,2020,0.3775,11.4025,r2,53,19.92005563906819,263.37100345054444,30.20529801324503,30.20529801324503,none,0
162,ornamentals,2021,0.3775,11.4025,r2,53,23.375171597254617,315.17903827248927,30.20529801324503,30.20529801324503,none,0
162,ornamentals,2022,0.3775,10.6525,r2,53,28.218543046357617,354.129859434226,28.218543046357617,28.218543046357617,none,0
162,seaweeds,2018,81.75,1460.5,r2,53,10.143539812628127,10.275189421593952,17.865443425076453,17.865443425076453,none,0
162,seaweeds,2019,69.0425,1475.61,r2,53,11.787004381653329,16.29898735556039,21.372487960314295,21.372487960314295,none,0
162,seaweeds,2020,50.3475,1361.0875,r2,53,14.720871225999414,10.904686467625826,27.033864640746813,27.033864640746813,none,0
162,seaweeds,2021,36.592499999999994,1153.92,r2,53,17.101254897840988,18.484025191907875,31.534330805492935,31.534330805492935,none,0
162,seaweeds,2022,33.275,841.5975000000001,r2,53,14.014046204001941,11.505365226299725,25.292186326070627,25.292186326070627,none,0
163,fish_oil,2018,62628.25,142190.5,r2,21,4.616872025360769,3.4548599236057504,2.2703891614407237,2.2703891614407237,none,0
163,fish_oil,2019,71672.32250000001,157778.76,r2,21,3.7208265840744077,3.2124334731657735,2.2013903623675652,2.2013903623675652,none,0
163,fish_oil,2020,67805.955,157124.64,r2,21,3.509399373868656,4.395076265231746,2.3172690363257917,2.3172690363257917,none,0
163,fish_oil,2021,64237.965,156498.95,r2,21,3.288824605051869,3.306193203690287,2.4362376672424166,2.4362376672424166,none,0
163,fish_oil,2022,58154.33,160540.8575,r2,21,3.562137520336268,8.148638976069059,2.7606002424926914,2.7606002424926914,none,0
163,ornamentals,2018,0.00162562923020237,4440.25,r2,21,1365710.444054994,39634.778748635654,2731403.888109988,2731403.888109988,none,0
163,ornamentals,2019,0,4731.61,r2,21,16,214.05315606677638,NA,16,geo_region,1
163,ornamentals,2020,0,4500.25,r2,21,14,263.37100345054444,NA,14,geo_region,1
163,ornamentals,2021,0,3674.23,r2,21,17.804597701149426,315.17903827248927,NA,17.804597701149426,geo_region,1
163,ornamentals,2022,0,3135.175,r2,21,11.990384615384615,354.129859434226,NA,11.990384615384615,geo_region,1
163,seaweeds,2018,1476.75,19699.5,r2,21,7.984611125600503,10.275189421593952,13.339766378872524,13.339766378872524,none,0
163,seaweeds,2019,1517.1925,19448.045,r2,21,7.762709043391316,16.29898735556039,12.81844261687294,12.81844261687294,none,0
163,seaweeds,2020,1638.85,20781.76,r2,21,7.651376159560774,10.904686467625826,12.680696830094274,12.680696830094274,none,0
163,seaweeds,2021,1781.4675000000002,22315.03,r2,21,7.547188127571061,18.484025191907875,12.526206624594609,12.526206624594609,none,0
163,seaweeds,2022,1834.98,22922.34,r2,21,7.613429485960068,11.505365226299725,12.49187457084001,12.49187457084001,none,0
164,ornamentals,2018,0,0,r2,13,5.5040900004468005,39634.778748635654,NA,5.5040900004468005,geo_region,1
164,ornamentals,2019,0,0,r2,13,6.575789240164007,214.05315606677638,NA,6.575789240164007,geo_region,1
164,ornamentals,2020,0,0,r2,13,6.247950719004547,263.37100345054444,NA,6.247950719004547,geo_region,1
164,ornamentals,2021,0,0,r2,13,8.000150483196636,315.17903827248927,NA,8.000150483196636,geo_region,1
164,ornamentals,2022,0,0,r2,13,10.376138143840762,354.129859434226,NA,10.376138143840762,geo_region,1
164,seaweeds,2018,0,0,r2,13,37.04416896235078,10.275189421593952,NA,37.04416896235078,geo_region,1
164,seaweeds,2019,0,0,r2,13,42.93961179208979,16.29898735556039,NA,42.93961179208979,geo_region,1
164,seaweeds,2020,0,0,r2,13,38.036944340399266,10.904686467625826,NA,38.036944340399266,geo_region,1
164,seaweeds,2021,0,0,r2,13,36.98692296749276,18.484025191907875,NA,36.98692296749276,geo_region,1
164,seaweeds,2022,0,0,r2,13,41.637058843364535,11.505365226299725,NA,41.637058843364535,geo_region,1
164,fish_oil,2018,NA,NA,r2,13,1.394017386977269,3.4548599236057504,NA,1.394017386977269,geo_region,1
164,fish_oil,2019,NA,NA,r2,13,1.3085471902736288,3.2124334731657735,NA,1.3085471902736288,geo_region,1
164,fish_oil,2020,NA,NA,r2,13,1.205289385466095,4.395076265231746,NA,1.205289385466095,geo_region,1
164,fish_oil,2021,NA,NA,r2,13,1.2283936545980199,3.306193203690287,NA,1.2283936545980199,geo_region,1
164,fish_oil,2022,NA,NA,r2,13,1.2848825436909677,8.148638976069059,NA,1.2848825436909677,geo_region,1
166,ornamentals,2018,0,0.25,r2,29,13.771352850341923,39634.778748635654,NA,13.771352850341923,geo_region,1
166,ornamentals,2019,0,0,r2,29,12.9885095803017,214.05315606677638,NA,12.9885095803017,geo_region,1
166,ornamentals,2020,0,0,r2,29,12.841029662743555,263.37100345054444,NA,12.841029662743555,geo_region,1
166,ornamentals,2021,0,0,r2,29,12.749657456895111,315.17903827248927,NA,12.749657456895111,geo_region,1
166,ornamentals,2022,0,0,r2,29,6.841621621621622,354.129859434226,NA,6.841621621621622,geo_region,1
166,seaweeds,2018,0,0.25,r2,29,6.0859853978291145,10.275189421593952,NA,6.0859853978291145,geo_region,1
166,seaweeds,2019,0.01,0.27,r2,29,7.82871458519322,16.29898735556039,27,27,none,0
166,seaweeds,2020,0.06999999999999999,1.0725,r2,29,6.101649512234715,10.904686467625826,15.321428571428573,15.321428571428573,none,0
166,seaweeds,2021,0.21,4.09,r2,29,7.173577625016936,18.484025191907875,19.476190476190474,19.476190476190474,none,0
166,seaweeds,2022,0.2425,4.3425,r2,29,8.084252892769317,11.505365226299725,17.90721649484536,17.90721649484536,none,0
166,fish_oil,2018,NA,NA,r2,29,5.292202371013524,3.4548599236057504,NA,5.292202371013524,geo_region,1
166,fish_oil,2019,NA,NA,r2,29,4.627366686177259,3.2124334731657735,NA,4.627366686177259,geo_region,1
166,fish_oil,2020,NA,NA,r2,29,6.657895628600474,4.395076265231746,NA,6.657895628600474,geo_region,1
166,fish_oil,2021,NA,NA,r2,29,4.407551068448722,3.306193203690287,NA,4.407551068448722,geo_region,1
166,fish_oil,2022,NA,NA,r2,29,6.671794871794871,8.148638976069059,NA,6.671794871794871,geo_region,1
167,ornamentals,2018,7.5,8.5,r2,5,23.454645409565696,39634.778748635654,1.1333333333333333,1.1333333333333333,none,0
167,ornamentals,2019,6.8275,7.105,r2,5,23.5877735782103,214.05315606677638,1.0406444525814722,1.0406444525814722,none,0
167,ornamentals,2020,5.8275,4.605,r2,5,20.40412147769972,263.37100345054444,0.7902187902187904,0.7902187902187904,none,0
167,ornamentals,2021,2.5775,2.605,r2,5,21.455478190929487,315.17903827248927,1.0106692531522792,1.0106692531522792,none,0
167,ornamentals,2022,0.8275,0.855,r2,5,26.585990321770645,354.129859434226,1.0332326283987916,1.0332326283987916,none,0
167,seaweeds,2018,NA,NA,r2,5,8.946364002502081,10.275189421593952,NA,8.946364002502081,geo_region,1
167,seaweeds,2019,NA,NA,r2,5,7.181370825028034,16.29898735556039,NA,7.181370825028034,geo_region,1
167,seaweeds,2020,NA,NA,r2,5,6.942890650560043,10.904686467625826,NA,6.942890650560043,geo_region,1
167,seaweeds,2021,NA,NA,r2,5,7.130241867350975,18.484025191907875,NA,7.130241867350975,geo_region,1
167,seaweeds,2022,NA,NA,r2,5,8.015445451504016,11.505365226299725,NA,8.015445451504016,geo_region,1
167,fish_oil,2018,NA,NA,r2,5,5.075779040513716,3.4548599236057504,NA,5.075779040513716,geo_region,1
167,fish_oil,2019,NA,NA,r2,5,1.6296041754003665,3.2124334731657735,NA,1.6296041754003665,geo_region,1
167,fish_oil,2020,NA,NA,r2,5,17.355011194082863,4.395076265231746,NA,17.355011194082863,geo_region,1
167,fish_oil,2021,NA,NA,r2,5,3.253793823620138,3.306193203690287,NA,3.253793823620138,geo_region,1
167,fish_oil,2022,NA,NA,r2,5,3.0769801710240006,8.148638976069059,NA,3.0769801710240006,geo_region,1
168,ornamentals,2018,0,0,r2,5,23.454645409565696,39634.778748635654,NA,23.454645409565696,geo_region,1
168,ornamentals,2019,0,4.1175,r2,5,23.5877735782103,214.05315606677638,NA,23.5877735782103,geo_region,1
168,ornamentals,2020,1.3725,10.845,r2,5,20.40412147769972,263.37100345054444,7.901639344262295,7.901639344262295,none,0
168,ornamentals,2021,2.5575,23.085,r2,5,21.455478190929487,315.17903827248927,9.026392961876832,9.026392961876832,none,0
168,ornamentals,2022,3.84,34.8325,r2,5,26.585990321770645,354.129859434226,9.070963541666668,9.070963541666668,none,0
168,seaweeds,2018,NA,NA,r2,5,8.946364002502081,10.275189421593952,NA,8.946364002502081,geo_region,1
168,seaweeds,2019,NA,NA,r2,5,7.181370825028034,16.29898735556039,NA,7.181370825028034,geo_region,1
168,seaweeds,2020,NA,NA,r2,5,6.942890650560043,10.904686467625826,NA,6.942890650560043,geo_region,1
168,seaweeds,2021,NA,NA,r2,5,7.130241867350975,18.484025191907875,NA,7.130241867350975,geo_region,1
168,seaweeds,2022,NA,NA,r2,5,8.015445451504016,11.505365226299725,NA,8.015445451504016,geo_region,1
168,fish_oil,2018,NA,NA,r2,5,5.075779040513716,3.4548599236057504,NA,5.075779040513716,geo_region,1
168,fish_oil,2019,NA,NA,r2,5,1.6296041754003665,3.2124334731657735,NA,1.6296041754003665,geo_region,1
168,fish_oil,2020,NA,NA,r2,5,17.355011194082863,4.395076265231746,NA,17.355011194082863,geo_region,1
168,fish_oil,2021,NA,NA,r2,5,3.253793823620138,3.306193203690287,NA,3.253793823620138,geo_region,1
168,fish_oil,2022,NA,NA,r2,5,3.0769801710240006,8.148638976069059,NA,3.0769801710240006,geo_region,1
169,seaweeds,2018,NA,NA,r2,5,8.946364002502081,10.275189421593952,NA,8.946364002502081,geo_region,1
169,seaweeds,2019,NA,NA,r2,5,7.181370825028034,16.29898735556039,NA,7.181370825028034,geo_region,1
169,seaweeds,2020,NA,NA,r2,5,6.942890650560043,10.904686467625826,NA,6.942890650560043,geo_region,1
169,seaweeds,2021,NA,NA,r2,5,7.130241867350975,18.484025191907875,NA,7.130241867350975,geo_region,1
169,seaweeds,2022,NA,NA,r2,5,8.015445451504016,11.505365226299725,NA,8.015445451504016,geo_region,1
169,ornamentals,2018,NA,NA,r2,5,23.454645409565696,39634.778748635654,NA,23.454645409565696,geo_region,1
169,ornamentals,2019,NA,NA,r2,5,23.5877735782103,214.05315606677638,NA,23.5877735782103,geo_region,1
169,ornamentals,2020,NA,NA,r2,5,20.40412147769972,263.37100345054444,NA,20.40412147769972,geo_region,1
169,ornamentals,2021,NA,NA,r2,5,21.455478190929487,315.17903827248927,NA,21.455478190929487,geo_region,1
169,ornamentals,2022,NA,NA,r2,5,26.585990321770645,354.129859434226,NA,26.585990321770645,geo_region,1
169,fish_oil,2018,NA,NA,r2,5,5.075779040513716,3.4548599236057504,NA,5.075779040513716,geo_region,1
169,fish_oil,2019,NA,NA,r2,5,1.6296041754003665,3.2124334731657735,NA,1.6296041754003665,geo_region,1
169,fish_oil,2020,NA,NA,r2,5,17.355011194082863,4.395076265231746,NA,17.355011194082863,geo_region,1
169,fish_oil,2021,NA,NA,r2,5,3.253793823620138,3.306193203690287,NA,3.253793823620138,geo_region,1
169,fish_oil,2022,NA,NA,r2,5,3.0769801710240006,8.148638976069059,NA,3.0769801710240006,geo_region,1
171,fish_oil,2018,849,806.5,r2,5,5.075779040513716,3.4548599236057504,0.9499411071849234,0.9499411071849234,none,0
171,fish_oil,2019,1155.355,1056.59,r2,5,1.6296041754003665,3.2124334731657735,0.9145154519606526,0.9145154519606526,none,0
171,fish_oil,2020,1624.7624999999998,1487.805,r2,5,17.355011194082863,4.395076265231746,0.9157061416668592,0.9157061416668592,none,0
171,fish_oil,2021,1807.355,1683.4375,r2,5,3.253793823620138,3.306193203690287,0.9314371000716517,0.9314371000716517,none,0
171,fish_oil,2022,1370.4625,1455.65,r2,5,3.0769801710240006,8.148638976069059,1.0621596723733775,1.0621596723733775,none,0
171,ornamentals,2018,3.75,339.5,r2,5,23.454645409565696,39634.778748635654,90.53333333333333,90.53333333333333,none,0
171,ornamentals,2019,3.4075,317.055,r2,5,23.5877735782103,214.05315606677638,93.04622157006602,93.04622157006602,none,0
171,ornamentals,2020,2.78,248.3875,r2,5,20.40412147769972,263.37100345054444,89.34802158273382,89.34802158273382,none,0
171,ornamentals,2021,2.17,205.0625,r2,5,21.455478190929487,315.17903827248927,94.49884792626729,94.49884792626729,none,0
171,ornamentals,2022,2.0075,239.9025,r2,5,26.585990321770645,354.129859434226,119.50311332503115,119.50311332503115,none,0
171,seaweeds,2018,369.25,501.5,r2,5,8.946364002502081,10.275189421593952,1.3581584292484767,1.3581584292484767,none,0
171,seaweeds,2019,485.0425,527.1475,r2,5,7.181370825028034,16.29898735556039,1.0868068262059511,1.0868068262059511,none,0
171,seaweeds,2020,2455.215,943.6875,r2,5,6.942890650560043,10.904686467625826,0.38436043279305476,0.38436043279305476,none,0
171,seaweeds,2021,4930.110000000001,1647.01,r2,5,7.130241867350975,18.484025191907875,0.3340716535736525,0.3340716535736525,none,0
171,seaweeds,2022,6079.68,2064.8125,r2,5,8.015445451504016,11.505365226299725,0.3396251940891626,0.3396251940891626,none,0
172,fish_oil,2018,414,1004.5,r2,5,5.075779040513716,3.4548599236057504,2.426328502415459,2.426328502415459,none,0
172,fish_oil,2019,290,577.75,r2,5,1.6296041754003665,3.2124334731657735,1.9922413793103448,1.9922413793103448,none,0
172,fish_oil,2020,285.075,431.8,r2,5,17.355011194082863,4.395076265231746,1.5146891168990617,1.5146891168990617,none,0
172,fish_oil,2021,78.075,121.55,r2,5,3.253793823620138,3.306193203690287,1.5568363752801793,1.5568363752801793,none,0
172,fish_oil,2022,61.325,75.55,r2,5,3.0769801710240006,8.148638976069059,1.2319608642478597,1.2319608642478597,none,0
172,ornamentals,2018,0,0,r2,5,23.454645409565696,39634.778748635654,NA,23.454645409565696,geo_region,1
172,ornamentals,2019,0,0,r2,5,23.5877735782103,214.05315606677638,NA,23.5877735782103,geo_region,1
172,ornamentals,2020,0,0,r2,5,20.40412147769972,263.37100345054444,NA,20.40412147769972,geo_region,1
172,ornamentals,2021,0,0,r2,5,21.455478190929487,315.17903827248927,NA,21.455478190929487,geo_region,1
172,ornamentals,2022,0,0,r2,5,26.585990321770645,354.129859434226,NA,26.585990321770645,geo_region,1
172,seaweeds,2018,121.5,692.5,r2,5,8.946364002502081,10.275189421593952,5.699588477366255,5.699588477366255,none,0
172,seaweeds,2019,96.25,458.75,r2,5,7.181370825028034,16.29898735556039,4.766233766233766,4.766233766233766,none,0
172,seaweeds,2020,46,189,r2,5,6.942890650560043,10.904686467625826,4.108695652173913,4.108695652173913,none,0
172,seaweeds,2021,4,18.75,r2,5,7.130241867350975,18.484025191907875,4.6875,4.6875,none,0
172,seaweeds,2022,0,0,r2,5,8.015445451504016,11.505365226299725,NA,8.015445451504016,geo_region,1
173,fish_oil,2018,0,0,r2,5,5.075779040513716,3.4548599236057504,NA,5.075779040513716,geo_region,1
173,fish_oil,2019,0,0,r2,5,1.6296041754003665,3.2124334731657735,NA,1.6296041754003665,geo_region,1
173,fish_oil,2020,0,0,r2,5,17.355011194082863,4.395076265231746,NA,17.355011194082863,geo_region,1
173,fish_oil,2021,0,0,r2,5,3.253793823620138,3.306193203690287,NA,3.253793823620138,geo_region,1
173,fish_oil,2022,0,0,r2,5,3.0769801710240006,8.148638976069059,NA,3.0769801710240006,geo_region,1
173,seaweeds,2018,NA,NA,r2,5,8.946364002502081,10.275189421593952,NA,8.946364002502081,geo_region,1
173,seaweeds,2019,NA,NA,r2,5,7.181370825028034,16.29898735556039,NA,7.181370825028034,geo_region,1
173,seaweeds,2020,NA,NA,r2,5,6.942890650560043,10.904686467625826,NA,6.942890650560043,geo_region,1
173,seaweeds,2021,NA,NA,r2,5,7.130241867350975,18.484025191907875,NA,7.130241867350975,geo_region,1
173,seaweeds,2022,NA,NA,r2,5,8.015445451504016,11.505365226299725,NA,8.015445451504016,geo_region,1
173,ornamentals,2018,NA,NA,r2,5,23.454645409565696,39634.778748635654,NA,23.454645409565696,geo_region,1
173,ornamentals,2019,NA,NA,r2,5,23.5877735782103,214.05315606677638,NA,23.5877735782103,geo_region,1
173,ornamentals,2020,NA,NA,r2,5,20.40412147769972,263.37100345054444,NA,20.40412147769972,geo_region,1
173,ornamentals,2021,NA,NA,r2,5,21.455478190929487,315.17903827248927,NA,21.455478190929487,geo_region,1
173,ornamentals,2022,NA,NA,r2,5,26.585990321770645,354.129859434226,NA,26.585990321770645,geo_region,1
174,fish_oil,2018,320.5,525.75,r2,154,4.014749529552957,3.4548599236057504,1.640405616224649,1.640405616224649,none,0
174,fish_oil,2019,622.5725,971.7075,r2,154,2.2635702995578795,3.2124334731657735,1.5607941243790884,1.5607941243790884,none,0
174,fish_oil,2020,1118.0825,1745.38,r2,154,2.3400080691294542,4.395076265231746,1.561047597113809,1.561047597113809,none,0
174,fish_oil,2021,1477.1,2360.5950000000003,r2,154,2.3483223977540533,3.306193203690287,1.5981280888226934,1.5981280888226934,none,0
174,fish_oil,2022,1879.76,3720.735,r2,154,2.5898782650703764,8.148638976069059,1.9793670468570457,1.9793670468570457,none,0
174,seaweeds,2018,11.25,37,r2,154,7.9772773337847465,10.275189421593952,3.2888888888888888,3.2888888888888888,none,0
174,seaweeds,2019,11.565,42.935,r2,154,7.726409111532387,16.29898735556039,3.712494595763079,3.712494595763079,none,0
174,seaweeds,2020,11.8325,42.73,r2,154,6.948863891803536,10.904686467625826,3.6112402281850833,3.6112402281850833,none,0
174,seaweeds,2021,6.8025,34.9075,r2,154,6.809722341216138,18.484025191907875,5.1315692760014695,5.1315692760014695,none,0
174,seaweeds,2022,10.2325,32.802499999999995,r2,154,6.50269542970176,11.505365226299725,3.2057170779379422,3.2057170779379422,none,0
174,ornamentals,2018,NA,NA,r2,154,33.516976317799845,39634.778748635654,NA,33.516976317799845,geo_region,1
174,ornamentals,2019,NA,NA,r2,154,34.0665571119764,214.05315606677638,NA,34.0665571119764,geo_region,1
174,ornamentals,2020,NA,NA,r2,154,35.15067413990925,263.37100345054444,NA,35.15067413990925,geo_region,1
174,ornamentals,2021,NA,NA,r2,154,34.17760007557975,315.17903827248927,NA,34.17760007557975,geo_region,1
174,ornamentals,2022,NA,NA,r2,154,41.57077078964292,354.129859434226,NA,41.57077078964292,geo_region,1
175,fish_oil,2018,137927.75,254248.25,r2,154,4.014749529552957,3.4548599236057504,1.8433437071220258,1.8433437071220258,none,0
175,fish_oil,2019,144914.3,254511.6825,r2,154,2.2635702995578795,3.2124334731657735,1.756291011308063,1.756291011308063,none,0
175,fish_oil,2020,147031.64250000002,260691.615,r2,154,2.3400080691294542,4.395076265231746,1.7730306930360242,1.7730306930360242,none,0
175,fish_oil,2021,142175.14500000002,265081.22,r2,154,2.3483223977540533,3.306193203690287,1.8644694893752345,1.8644694893752345,none,0
175,fish_oil,2022,134886.795,279728.385,r2,154,2.5898782650703764,8.148638976069059,2.0738011085518044,2.0738011085518044,none,0
175,ornamentals,2018,8.5,144.25,r2,154,33.516976317799845,39634.778748635654,16.970588235294116,16.970588235294116,none,0
175,ornamentals,2019,7,123,r2,154,34.0665571119764,214.05315606677638,17.571428571428573,17.571428571428573,none,0
175,ornamentals,2020,2.2575,37.915,r2,154,35.15067413990925,263.37100345054444,16.79512735326689,16.79512735326689,none,0
175,ornamentals,2021,1.0175,16.5725,r2,154,34.17760007557975,315.17903827248927,16.28746928746929,16.28746928746929,none,0
175,ornamentals,2022,0.0475,1.8625,r2,154,41.57077078964292,354.129859434226,39.21052631578947,39.21052631578947,none,0
175,seaweeds,2018,829.25,4640,r2,154,7.9772773337847465,10.275189421593952,5.595417545975279,5.595417545975279,none,0
175,seaweeds,2019,940.52,5575.3525,r2,154,7.726409111532387,16.29898735556039,5.927946774124952,5.927946774124952,none,0
175,seaweeds,2020,1114.84,6642.7325,r2,154,6.948863891803536,10.904686467625826,5.958462649348786,5.958462649348786,none,0
175,seaweeds,2021,1205.805,8282.8325,r2,154,6.809722341216138,18.484025191907875,6.869130995476051,6.869130995476051,none,0
175,seaweeds,2022,1199.8025,8823.485,r2,154,6.50269542970176,11.505365226299725,7.354114531349952,7.354114531349952,none,0
176,fish_oil,2018,13691.75,37734.75,r2,155,2.6429262900447803,3.4548599236057504,2.7560209615279274,2.7560209615279274,none,0
176,fish_oil,2019,14250.465,39105.94,r2,155,2.6058871156847534,3.2124334731657735,2.7441869440751585,2.7441869440751585,none,0
176,fish_oil,2020,14380.7575,39606.265,r2,155,2.579581694356832,4.395076265231746,2.754115351712175,2.754115351712175,none,0
176,fish_oil,2021,16063.2725,45290.2,r2,155,2.5830666410990286,3.306193203690287,2.8194877475931506,2.8194877475931506,none,0
176,fish_oil,2022,16669.35,47492.15,r2,155,2.72712541692096,8.148638976069059,2.8490702996817516,2.8490702996817516,none,0
176,ornamentals,2018,2.5,570,r2,155,76.21018677385715,39634.778748635654,228,228,none,0
176,ornamentals,2019,1.8,508.0925,r2,155,88.57229231443823,214.05315606677638,282.2736111111111,282.2736111111111,none,0
176,ornamentals,2020,1.4125,426.5225,r2,155,94.72763630015001,263.37100345054444,301.96283185840707,301.96283185840707,none,0
176,ornamentals,2021,1.01,334.6575,r2,155,103.87787412088393,315.17903827248927,331.34405940594064,331.34405940594064,none,0
176,ornamentals,2022,0.56,213.3375,r2,155,116.65252339444487,354.129859434226,380.9598214285714,380.9598214285714,none,0
176,seaweeds,2018,1801.5,18627.25,r2,155,9.158225264727745,10.275189421593952,10.339855675825701,10.339855675825701,none,0
176,seaweeds,2019,1827.985,17701.68,r2,155,9.587599317196764,16.29898735556039,9.683711846650821,9.683711846650821,none,0
176,seaweeds,2020,1653.4475,16724.8475,r2,155,9.483964221102044,10.904686467625826,10.115136706789905,10.115136706789905,none,0
176,seaweeds,2021,1558.24,16472.7825,r2,155,9.844553142561853,18.484025191907875,10.571402672245611,10.571402672245611,none,0
176,seaweeds,2022,1530.59,16151.7375,r2,155,9.05662014526641,11.505365226299725,10.552621864771101,10.552621864771101,none,0
177,fish_oil,2018,12880.5,46930.75,r2,155,2.6429262900447803,3.4548599236057504,3.6435503280152166,3.6435503280152166,none,0
177,fish_oil,2019,14167.2175,51130.6,r2,155,2.6058871156847534,3.2124334731657735,3.6090784940656127,3.6090784940656127,none,0
177,fish_oil,2020,16955.2325,60859.375,r2,155,2.579581694356832,4.395076265231746,3.5894155388314495,3.5894155388314495,none,0
177,fish_oil,2021,21063.79,71636.245,r2,155,2.5830666410990286,3.306193203690287,3.4009190653723755,3.4009190653723755,none,0
177,fish_oil,2022,21451.665,72480.4675,r2,155,2.72712541692096,8.148638976069059,3.378780504916518,3.378780504916518,none,0
177,ornamentals,2018,502.75,8484.75,r2,155,76.21018677385715,39634.778748635654,16.876678269517654,16.876678269517654,none,0
177,ornamentals,2019,602.4275,9533.1475,r2,155,88.57229231443823,214.05315606677638,15.82455565192492,15.82455565192492,none,0
177,ornamentals,2020,866.235,11995.85,r2,155,94.72763630015001,263.37100345054444,13.848262884782997,13.848262884782997,none,0
177,ornamentals,2021,1179.97,15339.2825,r2,155,103.87787412088393,315.17903827248927,12.999722450570776,12.999722450570776,none,0
177,ornamentals,2022,1506.48,16665.579999999998,r2,155,116.65252339444487,354.129859434226,11.062596250862937,11.062596250862937,none,0
177,seaweeds,2018,755,9653,r2,155,9.158225264727745,10.275189421593952,12.785430463576159,12.785430463576159,none,0
177,seaweeds,2019,696.7674999999999,10965.53,r2,155,9.587599317196764,16.29898735556039,15.737717387794353,15.737717387794353,none,0
177,seaweeds,2020,677.0649999999999,11478.1775,r2,155,9.483964221102044,10.904686467625826,16.952844261629238,16.952844261629238,none,0
177,seaweeds,2021,670.5024999999999,12339.8625,r2,155,9.844553142561853,18.484025191907875,18.403902297157728,18.403902297157728,none,0
177,seaweeds,2022,802.9125,12745.8775,r2,155,9.05662014526641,11.505365226299725,15.874553578378714,15.874553578378714,none,0
178,fish_oil,2018,2594.5,7974.5,r2,151,2.0931358403803104,3.4548599236057504,3.0736172672962034,3.0736172672962034,none,0
178,fish_oil,2019,2672.0325000000003,8122.395,r2,151,5.836038562862585,3.2124334731657735,3.0397815146335234,3.0397815146335234,none,0
178,fish_oil,2020,3801.25,9735.8725,r2,151,5.871895578378755,4.395076265231746,2.56122920092075,2.56122920092075,none,0
178,fish_oil,2021,4814.0625,10568.9625,r2,151,6.10501511190344,3.306193203690287,2.1954352482960076,2.1954352482960076,none,0
178,fish_oil,2022,6061.845,12817.1875,r2,151,6.307458391123386,8.148638976069059,2.1144037005235203,2.1144037005235203,none,0
178,ornamentals,2018,0,0,r2,151,2.272727272727273,39634.778748635654,NA,2.272727272727273,geo_region,1
178,ornamentals,2019,0.095,0.6275,r2,151,4.415442370694855,214.05315606677638,6.605263157894736,6.605263157894736,none,0
178,ornamentals,2020,0.3125,1.3525,r2,151,3.1703183829178476,263.37100345054444,4.328,4.328,none,0
178,ornamentals,2021,0.4125,1.6349999999999998,r2,151,2.9638447041657154,315.17903827248927,3.9636363636363634,3.9636363636363634,none,0
178,ornamentals,2022,0.4225,1.7799999999999998,r2,151,3.0727960335457443,354.129859434226,4.213017751479289,4.213017751479289,none,0
178,seaweeds,2018,165.25,693.5,r2,151,8.816072214779437,10.275189421593952,4.196671709531014,4.196671709531014,none,0
178,seaweeds,2019,210.2475,879,r2,151,6.9905143703432815,16.29898735556039,4.180786929690008,4.180786929690008,none,0
178,seaweeds,2020,202.93,907.19,r2,151,7.469446078974914,10.904686467625826,4.470457793327749,4.470457793327749,none,0
178,seaweeds,2021,216.15,1018.5375,r2,151,18.210114957943045,18.484025191907875,4.712179042331714,4.712179042331714,none,0
178,seaweeds,2022,176.75,1049.6375,r2,151,11.28438866680999,11.505365226299725,5.938543140028289,5.938543140028289,none,0
179,fish_oil,2018,23894.75,55389,r2,155,2.6429262900447803,3.4548599236057504,2.3180405737662038,2.3180405737662038,none,0
179,fish_oil,2019,23478.7175,53944.195,r2,155,2.6058871156847534,3.2124334731657735,2.297578434597205,2.297578434597205,none,0
179,fish_oil,2020,24470.725,54867.0675,r2,155,2.579581694356832,4.395076265231746,2.242151284851593,2.242151284851593,none,0
179,fish_oil,2021,25216.055,57808.055,r2,155,2.5830666410990286,3.306193203690287,2.2925098711911915,2.2925098711911915,none,0
179,fish_oil,2022,25188.6525,64468.2275,r2,155,2.72712541692096,8.148638976069059,2.559415494735179,2.559415494735179,none,0
179,ornamentals,2018,61.75,1611,r2,155,76.21018677385715,39634.778748635654,26.089068825910932,26.089068825910932,none,0
179,ornamentals,2019,50.5075,1535.2,r2,155,88.57229231443823,214.05315606677638,30.395485818937782,30.395485818937782,none,0
179,ornamentals,2020,40.3925,1517.6225,r2,155,94.72763630015001,263.37100345054444,37.57188834560871,37.57188834560871,none,0
179,ornamentals,2021,31.475,1548.135,r2,155,103.87787412088393,315.17903827248927,49.18617950754567,49.18617950754567,none,0
179,ornamentals,2022,28.865,1523.235,r2,155,116.65252339444487,354.129859434226,52.77100294474277,52.77100294474277,none,0
179,seaweeds,2018,5145.5,13383.25,r2,155,9.158225264727745,10.275189421593952,2.6009620056359926,2.6009620056359926,none,0
179,seaweeds,2019,6495.3675,13590.0375,r2,155,9.587599317196764,16.29898735556039,2.092266141985038,2.092266141985038,none,0
179,seaweeds,2020,7486.2,12966.1875,r2,155,9.483964221102044,10.904686467625826,1.732011901899495,1.732011901899495,none,0
179,seaweeds,2021,8801.6675,12966.56,r2,155,9.844553142561853,18.484025191907875,1.4731935738313222,1.4731935738313222,none,0
179,seaweeds,2022,9543.7825,12949.5675,r2,155,9.05662014526641,11.505365226299725,1.3568590336169124,1.3568590336169124,none,0
180,fish_oil,2018,10735.5,34408.5,r2,154,4.014749529552957,3.4548599236057504,3.2051138745284335,3.2051138745284335,none,0
180,fish_oil,2019,11099.66,33049.625,r2,154,2.2635702995578795,3.2124334731657735,2.9775348974653277,2.9775348974653277,none,0
180,fish_oil,2020,11048.6075,29081.2775,r2,154,2.3400080691294542,4.395076265231746,2.6321215139554917,2.6321215139554917,none,0
180,fish_oil,2021,10458.685,23438.1525,r2,154,2.3483223977540533,3.306193203690287,2.2410228915011783,2.2410228915011783,none,0
180,fish_oil,2022,9580.9125,18994.2075,r2,154,2.5898782650703764,8.148638976069059,1.9825050588866144,1.9825050588866144,none,0
180,ornamentals,2018,106.25,1166.75,r2,154,33.516976317799845,39634.778748635654,10.981176470588235,10.981176470588235,none,0
180,ornamentals,2019,116.1475,1297.58,r2,154,34.0665571119764,214.05315606677638,11.17182892442799,11.17182892442799,none,0
180,ornamentals,2020,118.225,1589.7375,r2,154,35.15067413990925,263.37100345054444,13.446711778388666,13.446711778388666,none,0
180,ornamentals,2021,90.475,1334.4525,r2,154,34.17760007557975,315.17903827248927,14.749405913235703,14.749405913235703,none,0
180,ornamentals,2022,75.825,1030.5975,r2,154,41.57077078964292,354.129859434226,13.591790306627102,13.591790306627102,none,0
180,seaweeds,2018,2293.75,11557.25,r2,154,7.9772773337847465,10.275189421593952,5.03858310626703,5.03858310626703,none,0
180,seaweeds,2019,2579.6525,12652.7625,r2,154,7.726409111532387,16.29898735556039,4.90483214308904,4.90483214308904,none,0
180,seaweeds,2020,2905.4525,13492.47,r2,154,6.948863891803536,10.904686467625826,4.643844633495127,4.643844633495127,none,0
180,seaweeds,2021,2995.315,13630.575,r2,154,6.809722341216138,18.484025191907875,4.55063156963458,4.55063156963458,none,0
180,seaweeds,2022,2925.4425,14077.8675,r2,154,6.50269542970176,11.505365226299725,4.812218151612961,4.812218151612961,none,0
181,fish_oil,2018,3362.75,5638.5,r2,154,4.014749529552957,3.4548599236057504,1.6767526577949594,1.6767526577949594,none,0
181,fish_oil,2019,3221.025,5295.75,r2,154,2.2635702995578795,3.2124334731657735,1.6441194961231285,1.6441194961231285,none,0
181,fish_oil,2020,3107.5775000000003,5387.6,r2,154,2.3400080691294542,4.395076265231746,1.733697711481049,1.733697711481049,none,0
181,fish_oil,2021,3750.8675,6582.78,r2,154,2.3483223977540533,3.306193203690287,1.7550020095351275,1.7550020095351275,none,0
181,fish_oil,2022,3756.96,7005.805,r2,154,2.5898782650703764,8.148638976069059,1.8647536838294791,1.8647536838294791,none,0
181,ornamentals,2018,2,14.5,r2,154,33.516976317799845,39634.778748635654,7.25,7.25,none,0
181,ornamentals,2019,1.75,12.25,r2,154,34.0665571119764,214.05315606677638,7,7,none,0
181,ornamentals,2020,2.2225,13.99,r2,154,35.15067413990925,263.37100345054444,6.294713160854893,6.294713160854893,none,0
181,ornamentals,2021,1.4725,9.2425,r2,154,34.17760007557975,315.17903827248927,6.276740237691002,6.276740237691002,none,0
181,ornamentals,2022,0.7225,4.245,r2,154,41.57077078964292,354.129859434226,5.875432525951557,5.875432525951557,none,0
181,seaweeds,2018,59011.25,34146.5,r2,154,7.9772773337847465,10.275189421593952,0.578643902645682,0.578643902645682,none,0
181,seaweeds,2019,63950.55,36565.195,r2,154,7.726409111532387,16.29898735556039,0.5717729558228976,0.5717729558228976,none,0
181,seaweeds,2020,72149.6225,39142.5725,r2,154,6.948863891803536,10.904686467625826,0.5425194359125026,0.5425194359125026,none,0
181,seaweeds,2021,76692.01000000001,38315.8475,r2,154,6.809722341216138,18.484025191907875,0.49960677129208114,0.49960677129208114,none,0
181,seaweeds,2022,75817.8875,36816.1875,r2,154,6.50269542970176,11.505365226299725,0.48558709183238585,0.48558709183238585,none,0
182,fish_oil,2018,8239.25,22149.25,r2,39,3.3919279189997713,3.4548599236057504,2.688260460600176,2.688260460600176,none,0
182,fish_oil,2019,9010.6975,23912.765,r2,39,2.8217346453234287,3.2124334731657735,2.6538195295092306,2.6538195295092306,none,0
182,fish_oil,2020,9804.86,24947.355,r2,39,2.3412878130792234,4.395076265231746,2.544386661308779,2.544386661308779,none,0
182,fish_oil,2021,11297.3975,29446.645,r2,39,1.968407204236721,3.306193203690287,2.6064980894936203,2.6064980894936203,none,0
182,fish_oil,2022,13119.935,36727.3425,r2,39,2.1156596594286468,8.148638976069059,2.799353998323925,2.799353998323925,none,0
182,ornamentals,2018,6298.5,36380,r2,39,14.198414670933607,39634.778748635654,5.775978407557355,5.775978407557355,none,0
182,ornamentals,2019,5831.09,35539.5925,r2,39,13.566111556541582,214.05315606677638,6.09484547485976,6.09484547485976,none,0
182,ornamentals,2020,5434.605,34162.235,r2,39,14.339791376978802,263.37100345054444,6.286056668331922,6.286056668331922,none,0
182,ornamentals,2021,5057.625,33737.975,r2,39,14.602848932369069,315.17903827248927,6.670715009515336,6.670715009515336,none,0
182,ornamentals,2022,4029.07,27029.46,r2,39,13.979040180975835,354.129859434226,6.708610175549196,6.708610175549196,none,0
182,seaweeds,2018,3027.5,46772.75,r2,39,18.76241599903231,10.275189421593952,15.449298100743187,15.449298100743187,none,0
182,seaweeds,2019,3189.8125,47377.525,r2,39,46.96082292201427,16.29898735556039,14.852761721888042,14.852761721888042,none,0
182,seaweeds,2020,3468.4,49066.17,r2,39,20.247487454432704,10.904686467625826,14.146629569830468,14.146629569830468,none,0
182,seaweeds,2021,4114.8975,50611.65,r2,39,19.40416398570961,18.484025191907875,12.299613781388237,12.299613781388237,none,0
182,seaweeds,2022,4190.8475,53317.350000000006,r2,39,17.005950367900795,11.505365226299725,12.722331222980557,12.722331222980557,none,0
183,fish_oil,2018,1008.25,3677,r2,39,3.3919279189997713,3.4548599236057504,3.6469129680138854,3.6469129680138854,none,0
183,fish_oil,2019,608.415,2063.535,r2,39,2.8217346453234287,3.2124334731657735,3.391657010428737,3.391657010428737,none,0
183,fish_oil,2020,711.9825000000001,1256.8575,r2,39,2.3412878130792234,4.395076265231746,1.7652926862668674,1.7652926862668674,none,0
183,fish_oil,2021,877.4649999999999,1557.86,r2,39,1.968407204236721,3.306193203690287,1.7754098454069394,1.7754098454069394,none,0
183,fish_oil,2022,968.5775,1771.7225,r2,39,2.1156596594286468,8.148638976069059,1.8292005544213035,1.8292005544213035,none,0
183,ornamentals,2018,35.75,908,r2,39,14.198414670933607,39634.778748635654,25.3986013986014,25.3986013986014,none,0
183,ornamentals,2019,37.0625,863.2425000000001,r2,39,13.566111556541582,214.05315606677638,23.29153456998314,23.29153456998314,none,0
183,ornamentals,2020,36.88,896.21,r2,39,14.339791376978802,263.37100345054444,24.300704989154013,24.300704989154013,none,0
183,ornamentals,2021,44.3825,1203.025,r2,39,14.602848932369069,315.17903827248927,27.105841266264857,27.105841266264857,none,0
183,ornamentals,2022,51.355,1336.985,r2,39,13.979040180975835,354.129859434226,26.034173887644826,26.034173887644826,none,0
183,seaweeds,2018,1712.5,5717,r2,39,18.76241599903231,10.275189421593952,3.338394160583942,3.338394160583942,none,0
183,seaweeds,2019,1820.705,6418.6525,r2,39,46.96082292201427,16.29898735556039,3.525366547573605,3.525366547573605,none,0
183,seaweeds,2020,1556.3,6327.32,r2,39,20.247487454432704,10.904686467625826,4.065617168926299,4.065617168926299,none,0
183,seaweeds,2021,1479.1425,6953.0125,r2,39,19.40416398570961,18.484025191907875,4.700704969264287,4.700704969264287,none,0
183,seaweeds,2022,859.1199999999999,4981.3724999999995,r2,39,17.005950367900795,11.505365226299725,5.798226673805755,5.798226673805755,none,0
184,fish_oil,2018,286.25,665,r2,39,3.3919279189997713,3.4548599236057504,2.3231441048034935,2.3231441048034935,none,0
184,fish_oil,2019,329.415,728.46,r2,39,2.8217346453234287,3.2124334731657735,2.2113747097126724,2.2113747097126724,none,0
184,fish_oil,2020,457.95,998.61,r2,39,2.3412878130792234,4.395076265231746,2.180609236816246,2.180609236816246,none,0
184,fish_oil,2021,540.265,1271.6174999999998,r2,39,1.968407204236721,3.306193203690287,2.3536921695834447,2.3536921695834447,none,0
184,fish_oil,2022,510.0675,1362.16,r2,39,2.1156596594286468,8.148638976069059,2.6705485058350122,2.6705485058350122,none,0
184,ornamentals,2018,67.75,773.75,r2,39,14.198414670933607,39634.778748635654,11.420664206642066,11.420664206642066,none,0
184,ornamentals,2019,68.76,777.81,r2,39,13.566111556541582,214.05315606677638,11.311954624781848,11.311954624781848,none,0
184,ornamentals,2020,51.79,643.885,r2,39,14.339791376978802,263.37100345054444,12.432612473450472,12.432612473450472,none,0
184,ornamentals,2021,29.54,296.345,r2,39,14.602848932369069,315.17903827248927,10.031990521327016,10.031990521327016,none,0
184,ornamentals,2022,22.5125,206.9875,r2,39,13.979040180975835,354.129859434226,9.194336479733483,9.194336479733483,none,0
184,seaweeds,2018,1270,17838.5,r2,39,18.76241599903231,10.275189421593952,14.046062992125984,14.046062992125984,none,0
184,seaweeds,2019,1391.6754781507225,18972.1575,r2,39,46.96082292201427,16.29898735556039,13.632601707698742,13.632601707698742,none,0
184,seaweeds,2020,1523.1904781507224,18275.5725,r2,39,20.247487454432704,10.904686467625826,11.998218714042931,11.998218714042931,none,0
184,seaweeds,2021,1616.3479781507226,17793.745,r2,39,19.40416398570961,18.484025191907875,11.008610299595247,11.008610299595247,none,0
184,seaweeds,2022,1558.6879781507223,16845.4525,r2,39,17.005950367900795,11.505365226299725,10.807456486567624,10.807456486567624,none,0
185,seaweeds,2018,NA,NA,r2,155,9.158225264727745,10.275189421593952,NA,9.158225264727745,geo_region,1
185,seaweeds,2019,NA,NA,r2,155,9.587599317196764,16.29898735556039,NA,9.587599317196764,geo_region,1
185,seaweeds,2020,NA,NA,r2,155,9.483964221102044,10.904686467625826,NA,9.483964221102044,geo_region,1
185,seaweeds,2021,NA,NA,r2,155,9.844553142561853,18.484025191907875,NA,9.844553142561853,geo_region,1
185,seaweeds,2022,NA,NA,r2,155,9.05662014526641,11.505365226299725,NA,9.05662014526641,geo_region,1
185,ornamentals,2018,NA,NA,r2,155,76.21018677385715,39634.778748635654,NA,76.21018677385715,geo_region,1
185,ornamentals,2019,NA,NA,r2,155,88.57229231443823,214.05315606677638,NA,88.57229231443823,geo_region,1
185,ornamentals,2020,NA,NA,r2,155,94.72763630015001,263.37100345054444,NA,94.72763630015001,geo_region,1
185,ornamentals,2021,NA,NA,r2,155,103.87787412088393,315.17903827248927,NA,103.87787412088393,geo_region,1
185,ornamentals,2022,NA,NA,r2,155,116.65252339444487,354.129859434226,NA,116.65252339444487,geo_region,1
185,fish_oil,2018,NA,NA,r2,155,2.6429262900447803,3.4548599236057504,NA,2.6429262900447803,geo_region,1
185,fish_oil,2019,NA,NA,r2,155,2.6058871156847534,3.2124334731657735,NA,2.6058871156847534,geo_region,1
185,fish_oil,2020,NA,NA,r2,155,2.579581694356832,4.395076265231746,NA,2.579581694356832,geo_region,1
185,fish_oil,2021,NA,NA,r2,155,2.5830666410990286,3.306193203690287,NA,2.5830666410990286,geo_region,1
185,fish_oil,2022,NA,NA,r2,155,2.72712541692096,8.148638976069059,NA,2.72712541692096,geo_region,1
186,fish_oil,2018,0,0,NA,NA,1.3390586982297266,3.4548599236057504,NA,1.3390586982297266,geo_region,1
186,fish_oil,2019,0,0,NA,NA,1.2526439137430962,3.2124334731657735,NA,1.2526439137430962,geo_region,1
186,fish_oil,2020,0,0,NA,NA,1.271589315568058,4.395076265231746,NA,1.271589315568058,geo_region,1
186,fish_oil,2021,0,0,NA,NA,1.2764244361532855,3.306193203690287,NA,1.2764244361532855,geo_region,1
186,fish_oil,2022,0,0,NA,NA,1.61186422028017,8.148638976069059,NA,1.61186422028017,geo_region,1
186,seaweeds,2018,0,0,NA,NA,33.43536067892503,10.275189421593952,NA,33.43536067892503,geo_region,1
186,seaweeds,2019,0,0,NA,NA,26.606902747831157,16.29898735556039,NA,26.606902747831157,geo_region,1
186,seaweeds,2020,0,0,NA,NA,16.27481174370217,10.904686467625826,NA,16.27481174370217,geo_region,1
186,seaweeds,2021,0,0,NA,NA,21.14420214803502,18.484025191907875,NA,21.14420214803502,geo_region,1
186,seaweeds,2022,0,0,NA,NA,24.05035936355738,11.505365226299725,NA,24.05035936355738,geo_region,1
186,ornamentals,2018,NA,NA,NA,NA,790.9594797423088,39634.778748635654,NA,790.9594797423088,geo_region,1
186,ornamentals,2019,NA,NA,NA,NA,1233.9306211288915,214.05315606677638,NA,1233.9306211288915,geo_region,1
186,ornamentals,2020,NA,NA,NA,NA,1128.7078357250932,263.37100345054444,NA,1128.7078357250932,geo_region,1
186,ornamentals,2021,NA,NA,NA,NA,2080.9481310834467,315.17903827248927,NA,2080.9481310834467,geo_region,1
186,ornamentals,2022,NA,NA,NA,NA,7.0375,354.129859434226,NA,7.0375,geo_region,1
187,fish_oil,2018,31.75,153.5,r2,39,3.3919279189997713,3.4548599236057504,4.834645669291339,4.834645669291339,none,0
187,fish_oil,2019,25.8775,99.9,r2,39,2.8217346453234287,3.2124334731657735,3.8604965703796736,3.8604965703796736,none,0
187,fish_oil,2020,13.885,40.7675,r2,39,2.3412878130792234,4.395076265231746,2.936082102988837,2.936082102988837,none,0
187,fish_oil,2021,13.2175,15.58,r2,39,1.968407204236721,3.306193203690287,1.178740306411954,1.178740306411954,none,0
187,fish_oil,2022,12.195,16.515,r2,39,2.1156596594286468,8.148638976069059,1.3542435424354244,1.3542435424354244,none,0
187,seaweeds,2018,0,8.5,r2,39,18.76241599903231,10.275189421593952,NA,18.76241599903231,geo_region,1
187,seaweeds,2019,0.1375,10.1525,r2,39,46.96082292201427,16.29898735556039,73.83636363636363,73.83636363636363,none,0
187,seaweeds,2020,0.2275,9.2125,r2,39,20.247487454432704,10.904686467625826,40.494505494505496,40.494505494505496,none,0
187,seaweeds,2021,0.425,21.0625,r2,39,19.40416398570961,18.484025191907875,49.55882352941177,49.55882352941177,none,0
187,seaweeds,2022,0.63,25.065,r2,39,17.005950367900795,11.505365226299725,39.785714285714285,39.785714285714285,none,0
187,ornamentals,2018,NA,NA,r2,39,14.198414670933607,39634.778748635654,NA,14.198414670933607,geo_region,1
187,ornamentals,2019,NA,NA,r2,39,13.566111556541582,214.05315606677638,NA,13.566111556541582,geo_region,1
187,ornamentals,2020,NA,NA,r2,39,14.339791376978802,263.37100345054444,NA,14.339791376978802,geo_region,1
187,ornamentals,2021,NA,NA,r2,39,14.602848932369069,315.17903827248927,NA,14.602848932369069,geo_region,1
187,ornamentals,2022,NA,NA,r2,39,13.979040180975835,354.129859434226,NA,13.979040180975835,geo_region,1
188,fish_oil,2018,11.5,35,r2,39,3.3919279189997713,3.4548599236057504,3.0434782608695654,3.0434782608695654,none,0
188,fish_oil,2019,17.05,42.8975,r2,39,2.8217346453234287,3.2124334731657735,2.5159824046920822,2.5159824046920822,none,0
188,fish_oil,2020,17.2975,42.715,r2,39,2.3412878130792234,4.395076265231746,2.469431998843764,2.469431998843764,none,0
188,fish_oil,2021,67.2625,106.84,r2,39,1.968407204236721,3.306193203690287,1.588403642445642,1.588403642445642,none,0
188,fish_oil,2022,202.46750000000003,365.5825,r2,39,2.1156596594286468,8.148638976069059,1.8056354723597612,1.8056354723597612,none,0
188,ornamentals,2018,0,0,r2,39,14.198414670933607,39634.778748635654,NA,14.198414670933607,geo_region,1
188,ornamentals,2019,0,0,r2,39,13.566111556541582,214.05315606677638,NA,13.566111556541582,geo_region,1
188,ornamentals,2020,0,0,r2,39,14.339791376978802,263.37100345054444,NA,14.339791376978802,geo_region,1
188,ornamentals,2021,0,0,r2,39,14.602848932369069,315.17903827248927,NA,14.602848932369069,geo_region,1
188,ornamentals,2022,0,0,r2,39,13.979040180975835,354.129859434226,NA,13.979040180975835,geo_region,1
188,seaweeds,2018,3.25,94.25,r2,39,18.76241599903231,10.275189421593952,29,29,none,0
188,seaweeds,2019,4.647500000000001,98.7,r2,39,46.96082292201427,16.29898735556039,21.237224314147387,21.237224314147387,none,0
188,seaweeds,2020,4.495,95.595,r2,39,20.247487454432704,10.904686467625826,21.266963292547274,21.266963292547274,none,0
188,seaweeds,2021,9.54,185.8475,r2,39,19.40416398570961,18.484025191907875,19.48087002096436,19.48087002096436,none,0
188,seaweeds,2022,13.6,233.5825,r2,39,17.005950367900795,11.505365226299725,17.175183823529412,17.175183823529412,none,0
189,fish_oil,2018,399.25,878.5,r2,154,4.014749529552957,3.4548599236057504,2.200375704445836,2.200375704445836,none,0
189,fish_oil,2019,281.165,789.71,r2,154,2.2635702995578795,3.2124334731657735,2.8087066313374707,2.8087066313374707,none,0
189,fish_oil,2020,217.1375,739.37,r2,154,2.3400080691294542,4.395076265231746,3.40507742789707,3.40507742789707,none,0
189,fish_oil,2021,215.73,901.745,r2,154,2.3483223977540533,3.306193203690287,4.179970333286979,4.179970333286979,none,0
189,fish_oil,2022,207.8,980.2925,r2,154,2.5898782650703764,8.148638976069059,4.7174807507218475,4.7174807507218475,none,0
189,ornamentals,2018,8.25,45,r2,154,33.516976317799845,39634.778748635654,5.454545454545454,5.454545454545454,none,0
189,ornamentals,2019,17.927500000000002,96.085,r2,154,34.0665571119764,214.05315606677638,5.359643006554176,5.359643006554176,none,0
189,ornamentals,2020,23.92,132.0675,r2,154,35.15067413990925,263.37100345054444,5.521216555183946,5.521216555183946,none,0
189,ornamentals,2021,26.8475,162.04250000000002,r2,154,34.17760007557975,315.17903827248927,6.0356644007821965,6.0356644007821965,none,0
189,ornamentals,2022,30.9175,195.795,r2,154,41.57077078964292,354.129859434226,6.332821217756933,6.332821217756933,none,0
189,seaweeds,2018,148,800,r2,154,7.9772773337847465,10.275189421593952,5.405405405405405,5.405405405405405,none,0
189,seaweeds,2019,136.815,764.975,r2,154,7.726409111532387,16.29898735556039,5.591309432445273,5.591309432445273,none,0
189,seaweeds,2020,162.89249999999998,770.035,r2,154,6.948863891803536,10.904686467625826,4.727258774958946,4.727258774958946,none,0
189,seaweeds,2021,229.675,1097.1425,r2,154,6.809722341216138,18.484025191907875,4.776934799172744,4.776934799172744,none,0
189,seaweeds,2022,263.22,1422.6975,r2,154,6.50269542970176,11.505365226299725,5.404974925917483,5.404974925917483,none,0
190,seaweeds,2018,NA,NA,r2,145,12.875281373749422,10.275189421593952,NA,12.875281373749422,geo_region,1
190,seaweeds,2019,NA,NA,r2,145,15.006866082967287,16.29898735556039,NA,15.006866082967287,geo_region,1
190,seaweeds,2020,NA,NA,r2,145,15.347322550380131,10.904686467625826,NA,15.347322550380131,geo_region,1
190,seaweeds,2021,NA,NA,r2,145,13.049236015855529,18.484025191907875,NA,13.049236015855529,geo_region,1
190,seaweeds,2022,NA,NA,r2,145,14.273967987774382,11.505365226299725,NA,14.273967987774382,geo_region,1
190,ornamentals,2018,NA,NA,r2,145,23.044981825728932,39634.778748635654,NA,23.044981825728932,geo_region,1
190,ornamentals,2019,NA,NA,r2,145,30.283511690975086,214.05315606677638,NA,30.283511690975086,geo_region,1
190,ornamentals,2020,NA,NA,r2,145,16.86259860980457,263.37100345054444,NA,16.86259860980457,geo_region,1
190,ornamentals,2021,NA,NA,r2,145,17.94630555986484,315.17903827248927,NA,17.94630555986484,geo_region,1
190,ornamentals,2022,NA,NA,r2,145,20.842225885578028,354.129859434226,NA,20.842225885578028,geo_region,1
190,fish_oil,2018,NA,NA,r2,145,3.1482979342019943,3.4548599236057504,NA,3.1482979342019943,geo_region,1
190,fish_oil,2019,NA,NA,r2,145,3.3330369758415266,3.2124334731657735,NA,3.3330369758415266,geo_region,1
190,fish_oil,2020,NA,NA,r2,145,4.891353293710225,4.395076265231746,NA,4.891353293710225,geo_region,1
190,fish_oil,2021,NA,NA,r2,145,4.010700494033984,3.306193203690287,NA,4.010700494033984,geo_region,1
190,fish_oil,2022,NA,NA,r2,145,53.17676727094445,8.148638976069059,NA,53.17676727094445,geo_region,1
191,fish_oil,2018,0.25,0.5,r2,34,6.412578769890091,3.4548599236057504,2,2,none,0
191,fish_oil,2019,0.25,0.5,r2,34,6.936688359708423,3.2124334731657735,2,2,none,0
191,fish_oil,2020,0.25,0.5,r2,34,7.407003934011522,4.395076265231746,2,2,none,0
191,fish_oil,2021,0,0,r2,34,7.5418588973937855,3.306193203690287,NA,7.5418588973937855,geo_region,1
191,fish_oil,2022,0,0,r2,34,7.763712526014334,8.148638976069059,NA,7.763712526014334,geo_region,1
191,ornamentals,2018,109,313,r2,34,9.793720058572863,39634.778748635654,2.871559633027523,2.871559633027523,none,0
191,ornamentals,2019,109.0625,325.1725,r2,34,9.645740556034559,214.05315606677638,2.9815243553008597,2.9815243553008597,none,0
191,ornamentals,2020,161.865,369.015,r2,34,9.642187711081062,263.37100345054444,2.2797701788527474,2.2797701788527474,none,0
191,ornamentals,2021,162.54250000000002,373.475,r2,34,8.901348616570035,315.17903827248927,2.2977067536182845,2.2977067536182845,none,0
191,ornamentals,2022,159.0675,368.8175,r2,34,9.96349564715308,354.129859434226,2.318622597325035,2.318622597325035,none,0
191,seaweeds,2018,28.666666666666668,12,r2,34,4.615394502700786,10.275189421593952,0.41860465116279066,0.41860465116279066,none,0
191,seaweeds,2019,22.345,10.785,r2,34,5.291433528267817,16.29898735556039,0.4826583128216604,0.4826583128216604,none,0
191,seaweeds,2020,33.76,29.3075,r2,34,4.60769301035278,10.904686467625826,0.8681131516587679,0.8681131516587679,none,0
191,seaweeds,2021,57.5875,64.455,r2,34,4.924905746560749,18.484025191907875,1.1192533101801607,1.1192533101801607,none,0
191,seaweeds,2022,56.55,69.405,r2,34,4.9143801462924674,11.505365226299725,1.227320954907162,1.227320954907162,none,0
192,seaweeds,2018,NA,NA,r2,145,12.875281373749422,10.275189421593952,NA,12.875281373749422,geo_region,1
192,seaweeds,2019,NA,NA,r2,145,15.006866082967287,16.29898735556039,NA,15.006866082967287,geo_region,1
192,seaweeds,2020,NA,NA,r2,145,15.347322550380131,10.904686467625826,NA,15.347322550380131,geo_region,1
192,seaweeds,2021,NA,NA,r2,145,13.049236015855529,18.484025191907875,NA,13.049236015855529,geo_region,1
192,seaweeds,2022,NA,NA,r2,145,14.273967987774382,11.505365226299725,NA,14.273967987774382,geo_region,1
192,ornamentals,2018,NA,NA,r2,145,23.044981825728932,39634.778748635654,NA,23.044981825728932,geo_region,1
192,ornamentals,2019,NA,NA,r2,145,30.283511690975086,214.05315606677638,NA,30.283511690975086,geo_region,1
192,ornamentals,2020,NA,NA,r2,145,16.86259860980457,263.37100345054444,NA,16.86259860980457,geo_region,1
192,ornamentals,2021,NA,NA,r2,145,17.94630555986484,315.17903827248927,NA,17.94630555986484,geo_region,1
192,ornamentals,2022,NA,NA,r2,145,20.842225885578028,354.129859434226,NA,20.842225885578028,geo_region,1
192,fish_oil,2018,NA,NA,r2,145,3.1482979342019943,3.4548599236057504,NA,3.1482979342019943,geo_region,1
192,fish_oil,2019,NA,NA,r2,145,3.3330369758415266,3.2124334731657735,NA,3.3330369758415266,geo_region,1
192,fish_oil,2020,NA,NA,r2,145,4.891353293710225,4.395076265231746,NA,4.891353293710225,geo_region,1
192,fish_oil,2021,NA,NA,r2,145,4.010700494033984,3.306193203690287,NA,4.010700494033984,geo_region,1
192,fish_oil,2022,NA,NA,r2,145,53.17676727094445,8.148638976069059,NA,53.17676727094445,geo_region,1
193,ornamentals,2018,0,0,r2,11,0.5,39634.778748635654,NA,0.5,geo_region,1
193,ornamentals,2019,0,0,r2,11,0.6896745756353747,214.05315606677638,NA,0.6896745756353747,geo_region,1
193,ornamentals,2020,0,0,r2,11,0.7818135229063559,263.37100345054444,NA,0.7818135229063559,geo_region,1
193,ornamentals,2021,0,0,r2,11,0.7884019511962408,315.17903827248927,NA,0.7884019511962408,geo_region,1
193,ornamentals,2022,0,0,r2,11,1.1014416243515268,354.129859434226,NA,1.1014416243515268,geo_region,1
193,seaweeds,2018,NA,NA,r2,11,2.6451612903225805,10.275189421593952,NA,2.6451612903225805,geo_region,1
193,seaweeds,2019,NA,NA,r2,11,151.58708852668585,16.29898735556039,NA,151.58708852668585,geo_region,1
193,seaweeds,2020,NA,NA,r2,11,44.883944449148956,10.904686467625826,NA,44.883944449148956,geo_region,1
193,seaweeds,2021,NA,NA,r2,11,27.148297233403618,18.484025191907875,NA,27.148297233403618,geo_region,1
193,seaweeds,2022,NA,NA,r2,11,23.565479555304314,11.505365226299725,NA,23.565479555304314,geo_region,1
193,fish_oil,2018,NA,NA,r2,11,1.3552878181845123,3.4548599236057504,NA,1.3552878181845123,geo_region,1
193,fish_oil,2019,NA,NA,r2,11,1.379622445060606,3.2124334731657735,NA,1.379622445060606,geo_region,1
193,fish_oil,2020,NA,NA,r2,11,1.3832835882340406,4.395076265231746,NA,1.3832835882340406,geo_region,1
193,fish_oil,2021,NA,NA,r2,11,1.451210120596937,3.306193203690287,NA,1.451210120596937,geo_region,1
193,fish_oil,2022,NA,NA,r2,11,1.4677137622621226,8.148638976069059,NA,1.4677137622621226,geo_region,1
194,ornamentals,2018,0,0,r2,11,0.5,39634.778748635654,NA,0.5,geo_region,1
194,ornamentals,2019,0,0,r2,11,0.6896745756353747,214.05315606677638,NA,0.6896745756353747,geo_region,1
194,ornamentals,2020,0,0,r2,11,0.7818135229063559,263.37100345054444,NA,0.7818135229063559,geo_region,1
194,ornamentals,2021,0,0,r2,11,0.7884019511962408,315.17903827248927,NA,0.7884019511962408,geo_region,1
194,ornamentals,2022,0,0,r2,11,1.1014416243515268,354.129859434226,NA,1.1014416243515268,geo_region,1
194,seaweeds,2018,NA,NA,r2,11,2.6451612903225805,10.275189421593952,NA,2.6451612903225805,geo_region,1
194,seaweeds,2019,NA,NA,r2,11,151.58708852668585,16.29898735556039,NA,151.58708852668585,geo_region,1
194,seaweeds,2020,NA,NA,r2,11,44.883944449148956,10.904686467625826,NA,44.883944449148956,geo_region,1
194,seaweeds,2021,NA,NA,r2,11,27.148297233403618,18.484025191907875,NA,27.148297233403618,geo_region,1
194,seaweeds,2022,NA,NA,r2,11,23.565479555304314,11.505365226299725,NA,23.565479555304314,geo_region,1
194,fish_oil,2018,NA,NA,r2,11,1.3552878181845123,3.4548599236057504,NA,1.3552878181845123,geo_region,1
194,fish_oil,2019,NA,NA,r2,11,1.379622445060606,3.2124334731657735,NA,1.379622445060606,geo_region,1
194,fish_oil,2020,NA,NA,r2,11,1.3832835882340406,4.395076265231746,NA,1.3832835882340406,geo_region,1
194,fish_oil,2021,NA,NA,r2,11,1.451210120596937,3.306193203690287,NA,1.451210120596937,geo_region,1
194,fish_oil,2022,NA,NA,r2,11,1.4677137622621226,8.148638976069059,NA,1.4677137622621226,geo_region,1
195,fish_oil,2018,131.25,184,r2,11,1.3552878181845123,3.4548599236057504,1.401904761904762,1.401904761904762,none,0
195,fish_oil,2019,140.465,206.5625,r2,11,1.379622445060606,3.2124334731657735,1.470562061723561,1.470562061723561,none,0
195,fish_oil,2020,172.13,260.73,r2,11,1.3832835882340406,4.395076265231746,1.51472724103875,1.51472724103875,none,0
195,fish_oil,2021,239.35,384.595,r2,11,1.451210120596937,3.306193203690287,1.6068310006266975,1.6068310006266975,none,0
195,fish_oil,2022,309.4425,503.515,r2,11,1.4677137622621226,8.148638976069059,1.627168213803857,1.627168213803857,none,0
195,ornamentals,2018,0,0,r2,11,0.5,39634.778748635654,NA,0.5,geo_region,1
195,ornamentals,2019,0,0,r2,11,0.6896745756353747,214.05315606677638,NA,0.6896745756353747,geo_region,1
195,ornamentals,2020,0,0,r2,11,0.7818135229063559,263.37100345054444,NA,0.7818135229063559,geo_region,1
195,ornamentals,2021,0,0,r2,11,0.7884019511962408,315.17903827248927,NA,0.7884019511962408,geo_region,1
195,ornamentals,2022,0,0,r2,11,1.1014416243515268,354.129859434226,NA,1.1014416243515268,geo_region,1
195,seaweeds,2018,NA,NA,r2,11,2.6451612903225805,10.275189421593952,NA,2.6451612903225805,geo_region,1
195,seaweeds,2019,NA,NA,r2,11,151.58708852668585,16.29898735556039,NA,151.58708852668585,geo_region,1
195,seaweeds,2020,NA,NA,r2,11,44.883944449148956,10.904686467625826,NA,44.883944449148956,geo_region,1
195,seaweeds,2021,NA,NA,r2,11,27.148297233403618,18.484025191907875,NA,27.148297233403618,geo_region,1
195,seaweeds,2022,NA,NA,r2,11,23.565479555304314,11.505365226299725,NA,23.565479555304314,geo_region,1
196,ornamentals,2018,0,0,r2,11,0.5,39634.778748635654,NA,0.5,geo_region,1
196,ornamentals,2019,0,0,r2,11,0.6896745756353747,214.05315606677638,NA,0.6896745756353747,geo_region,1
196,ornamentals,2020,5.3,4.635,r2,11,0.7818135229063559,263.37100345054444,0.8745283018867924,0.8745283018867924,none,0
196,ornamentals,2021,5.3,4.635,r2,11,0.7884019511962408,315.17903827248927,0.8745283018867924,0.8745283018867924,none,0
196,ornamentals,2022,5.3,4.635,r2,11,1.1014416243515268,354.129859434226,0.8745283018867924,0.8745283018867924,none,0
196,seaweeds,2018,0,0,r2,11,2.6451612903225805,10.275189421593952,NA,2.6451612903225805,geo_region,1
196,seaweeds,2019,0,0,r2,11,151.58708852668585,16.29898735556039,NA,151.58708852668585,geo_region,1
196,seaweeds,2020,0,0,r2,11,44.883944449148956,10.904686467625826,NA,44.883944449148956,geo_region,1
196,seaweeds,2021,0,0,r2,11,27.148297233403618,18.484025191907875,NA,27.148297233403618,geo_region,1
196,seaweeds,2022,0,0,r2,11,23.565479555304314,11.505365226299725,NA,23.565479555304314,geo_region,1
196,fish_oil,2018,NA,NA,r2,11,1.3552878181845123,3.4548599236057504,NA,1.3552878181845123,geo_region,1
196,fish_oil,2019,NA,NA,r2,11,1.379622445060606,3.2124334731657735,NA,1.379622445060606,geo_region,1
196,fish_oil,2020,NA,NA,r2,11,1.3832835882340406,4.395076265231746,NA,1.3832835882340406,geo_region,1
196,fish_oil,2021,NA,NA,r2,11,1.451210120596937,3.306193203690287,NA,1.451210120596937,geo_region,1
196,fish_oil,2022,NA,NA,r2,11,1.4677137622621226,8.148638976069059,NA,1.4677137622621226,geo_region,1
197,seaweeds,2018,NA,NA,r2,17,NA,10.275189421593952,NA,10.275189421593952,global,1
197,seaweeds,2019,NA,NA,r2,17,NA,16.29898735556039,NA,16.29898735556039,global,1
197,seaweeds,2020,NA,NA,r2,17,NA,10.904686467625826,NA,10.904686467625826,global,1
197,seaweeds,2021,NA,NA,r2,17,NA,18.484025191907875,NA,18.484025191907875,global,1
197,seaweeds,2022,NA,NA,r2,17,NA,11.505365226299725,NA,11.505365226299725,global,1
197,ornamentals,2018,NA,NA,r2,17,5.146964856230032,39634.778748635654,NA,5.146964856230032,geo_region,1
197,ornamentals,2019,NA,NA,r2,17,5.146964856230032,214.05315606677638,NA,5.146964856230032,geo_region,1
197,ornamentals,2020,NA,NA,r2,17,5.146964856230032,263.37100345054444,NA,5.146964856230032,geo_region,1
197,ornamentals,2021,NA,NA,r2,17,3.7192982456140355,315.17903827248927,NA,3.7192982456140355,geo_region,1
197,ornamentals,2022,NA,NA,r2,17,1.616822429906542,354.129859434226,NA,1.616822429906542,geo_region,1
197,fish_oil,2018,NA,NA,r2,17,0.3357137814210437,3.4548599236057504,NA,0.3357137814210437,geo_region,1
197,fish_oil,2019,NA,NA,r2,17,0.3324329403752614,3.2124334731657735,NA,0.3324329403752614,geo_region,1
197,fish_oil,2020,NA,NA,r2,17,0.3465675386400777,4.395076265231746,NA,0.3465675386400777,geo_region,1
197,fish_oil,2021,NA,NA,r2,17,0.33678445077729724,3.306193203690287,NA,0.33678445077729724,geo_region,1
197,fish_oil,2022,NA,NA,r2,17,0.42760135016379885,8.148638976069059,NA,0.42760135016379885,geo_region,1
198,seaweeds,2018,NA,NA,r2,17,NA,10.275189421593952,NA,10.275189421593952,global,1
198,seaweeds,2019,NA,NA,r2,17,NA,16.29898735556039,NA,16.29898735556039,global,1
198,seaweeds,2020,NA,NA,r2,17,NA,10.904686467625826,NA,10.904686467625826,global,1
198,seaweeds,2021,NA,NA,r2,17,NA,18.484025191907875,NA,18.484025191907875,global,1
198,seaweeds,2022,NA,NA,r2,17,NA,11.505365226299725,NA,11.505365226299725,global,1
198,ornamentals,2018,NA,NA,r2,17,5.146964856230032,39634.778748635654,NA,5.146964856230032,geo_region,1
198,ornamentals,2019,NA,NA,r2,17,5.146964856230032,214.05315606677638,NA,5.146964856230032,geo_region,1
198,ornamentals,2020,NA,NA,r2,17,5.146964856230032,263.37100345054444,NA,5.146964856230032,geo_region,1
198,ornamentals,2021,NA,NA,r2,17,3.7192982456140355,315.17903827248927,NA,3.7192982456140355,geo_region,1
198,ornamentals,2022,NA,NA,r2,17,1.616822429906542,354.129859434226,NA,1.616822429906542,geo_region,1
198,fish_oil,2018,NA,NA,r2,17,0.3357137814210437,3.4548599236057504,NA,0.3357137814210437,geo_region,1
198,fish_oil,2019,NA,NA,r2,17,0.3324329403752614,3.2124334731657735,NA,0.3324329403752614,geo_region,1
198,fish_oil,2020,NA,NA,r2,17,0.3465675386400777,4.395076265231746,NA,0.3465675386400777,geo_region,1
198,fish_oil,2021,NA,NA,r2,17,0.33678445077729724,3.306193203690287,NA,0.33678445077729724,geo_region,1
198,fish_oil,2022,NA,NA,r2,17,0.42760135016379885,8.148638976069059,NA,0.42760135016379885,geo_region,1
199,ornamentals,2018,0.7825,4.0275,r2,17,5.146964856230032,39634.778748635654,5.146964856230032,5.146964856230032,none,0
199,ornamentals,2019,0.7825,4.0275,r2,17,5.146964856230032,214.05315606677638,5.146964856230032,5.146964856230032,none,0
199,ornamentals,2020,0.7825,4.0275,r2,17,5.146964856230032,263.37100345054444,5.146964856230032,5.146964856230032,none,0
199,ornamentals,2021,0.4275,1.59,r2,17,3.7192982456140355,315.17903827248927,3.7192982456140355,3.7192982456140355,none,0
199,ornamentals,2022,0.2675,0.4325,r2,17,1.616822429906542,354.129859434226,1.616822429906542,1.616822429906542,none,0
199,seaweeds,2018,NA,NA,r2,17,NA,10.275189421593952,NA,10.275189421593952,global,1
199,seaweeds,2019,NA,NA,r2,17,NA,16.29898735556039,NA,16.29898735556039,global,1
199,seaweeds,2020,NA,NA,r2,17,NA,10.904686467625826,NA,10.904686467625826,global,1
199,seaweeds,2021,NA,NA,r2,17,NA,18.484025191907875,NA,18.484025191907875,global,1
199,seaweeds,2022,NA,NA,r2,17,NA,11.505365226299725,NA,11.505365226299725,global,1
199,fish_oil,2018,NA,NA,r2,17,0.3357137814210437,3.4548599236057504,NA,0.3357137814210437,geo_region,1
199,fish_oil,2019,NA,NA,r2,17,0.3324329403752614,3.2124334731657735,NA,0.3324329403752614,geo_region,1
199,fish_oil,2020,NA,NA,r2,17,0.3465675386400777,4.395076265231746,NA,0.3465675386400777,geo_region,1
199,fish_oil,2021,NA,NA,r2,17,0.33678445077729724,3.306193203690287,NA,0.33678445077729724,geo_region,1
199,fish_oil,2022,NA,NA,r2,17,0.42760135016379885,8.148638976069059,NA,0.42760135016379885,geo_region,1
200,fish_oil,2018,9402.1325,2828.275,r2,17,0.3357137814210437,3.4548599236057504,0.30081207640926144,0.30081207640926144,none,0
200,fish_oil,2019,7468.1775,2225.6925,r2,17,0.3324329403752614,3.2124334731657735,0.29802351376892156,0.29802351376892156,none,0
200,fish_oil,2020,4360.1775,1430.755,r2,17,0.3465675386400777,4.395076265231746,0.32814145754387297,0.32814145754387297,none,0
200,fish_oil,2021,1606.9299999999998,490.78,r2,17,0.33678445077729724,3.306193203690287,0.305414672698873,0.305414672698873,none,0
200,fish_oil,2022,234.3375,112.53249999999998,r2,17,0.42760135016379885,8.148638976069059,0.4802155011468501,0.4802155011468501,none,0
200,seaweeds,2018,NA,NA,r2,17,NA,10.275189421593952,NA,10.275189421593952,global,1
200,seaweeds,2019,NA,NA,r2,17,NA,16.29898735556039,NA,16.29898735556039,global,1
200,seaweeds,2020,NA,NA,r2,17,NA,10.904686467625826,NA,10.904686467625826,global,1
200,seaweeds,2021,NA,NA,r2,17,NA,18.484025191907875,NA,18.484025191907875,global,1
200,seaweeds,2022,NA,NA,r2,17,NA,11.505365226299725,NA,11.505365226299725,global,1
200,ornamentals,2018,NA,NA,r2,17,5.146964856230032,39634.778748635654,NA,5.146964856230032,geo_region,1
200,ornamentals,2019,NA,NA,r2,17,5.146964856230032,214.05315606677638,NA,5.146964856230032,geo_region,1
200,ornamentals,2020,NA,NA,r2,17,5.146964856230032,263.37100345054444,NA,5.146964856230032,geo_region,1
200,ornamentals,2021,NA,NA,r2,17,3.7192982456140355,315.17903827248927,NA,3.7192982456140355,geo_region,1
200,ornamentals,2022,NA,NA,r2,17,1.616822429906542,354.129859434226,NA,1.616822429906542,geo_region,1
202,fish_oil,2018,0,0,r2,14,5.915613683652038,3.4548599236057504,NA,5.915613683652038,geo_region,1
202,fish_oil,2019,0,0,r2,14,6.152920069031538,3.2124334731657735,NA,6.152920069031538,geo_region,1
202,fish_oil,2020,0,0,r2,14,5.542889568576166,4.395076265231746,NA,5.542889568576166,geo_region,1
202,fish_oil,2021,0,0,r2,14,5.6635159540174,3.306193203690287,NA,5.6635159540174,geo_region,1
202,fish_oil,2022,0,0,r2,14,5.512365654553643,8.148638976069059,NA,5.512365654553643,geo_region,1
202,ornamentals,2018,41,129,r2,14,10.79449051490515,39634.778748635654,3.1463414634146343,3.1463414634146343,none,0
202,ornamentals,2019,72.25,78.1425,r2,14,9.9345890452497585,214.05315606677638,1.0815570934256056,1.0815570934256056,none,0
202,ornamentals,2020,204,25.54,r2,14,14.37024340237346,263.37100345054444,0.12519607843137254,0.12519607843137254,none,0
202,ornamentals,2021,203.5,24.54,r2,14,7.447977572027137,315.17903827248927,0.12058968058968059,0.12058968058968059,none,0
202,ornamentals,2022,200,17.54,r2,14,7.858590255796274,354.129859434226,0.0877,0.0877,none,0
202,seaweeds,2018,10438,4993.75,r2,14,0.45218351941683255,10.275189421593952,0.4784201954397394,0.4784201954397394,none,0
202,seaweeds,2019,10812.25,5968.5375,r2,14,0.9956685839914019,16.29898735556039,0.5520162315891697,0.5520162315891697,none,0
202,seaweeds,2020,11118.5375,6646.735,r2,14,1.0579441333278639,10.904686467625826,0.5978065910197271,0.5978065910197271,none,0
202,seaweeds,2021,10573.9225,6592.9575,r2,14,1.135183850075545,18.484025191907875,0.6235110480524139,0.6235110480524139,none,0
202,seaweeds,2022,10646.1825,6850.6224999999995,r2,14,1.1601891158060684,11.505365226299725,0.6434815953981626,0.6434815953981626,none,0
203,fish_oil,2018,17649,24470.75,r2,34,6.412578769890091,3.4548599236057504,1.3865233157685988,1.3865233157685988,none,0
203,fish_oil,2019,11906.5625,16124.0975,r2,34,6.936688359708423,3.2124334731657735,1.3542193643211464,1.3542193643211464,none,0
203,fish_oil,2020,10210.6675,13622.2025,r2,34,7.407003934011522,4.395076265231746,1.3341147873045518,1.3341147873045518,none,0
203,fish_oil,2021,3448.8375,5327.625,r2,34,7.5418588973937855,3.306193203690287,1.5447596472724505,1.5447596472724505,none,0
203,fish_oil,2022,4514.5525,11113.85,r2,34,7.763712526014334,8.148638976069059,2.4617833107489613,2.4617833107489613,none,0
203,ornamentals,2018,77.25,575.25,r2,34,9.793720058572863,39634.778748635654,7.446601941747573,7.446601941747573,none,0
203,ornamentals,2019,81.6125,639.5175,r2,34,9.645740556034559,214.05315606677638,7.836023893398684,7.836023893398684,none,0
203,ornamentals,2020,83.6275,634.9025,r2,34,9.642187711081062,263.37100345054444,7.592030133628293,7.592030133628293,none,0
203,ornamentals,2021,44.1275,593.855,r2,34,8.901348616570035,315.17903827248927,13.457707778596115,13.457707778596115,none,0
203,ornamentals,2022,28.277500000000003,550.085,r2,34,9.96349564715308,354.129859434226,19.453098753425866,19.453098753425866,none,0
203,seaweeds,2018,376.5,6973.5,r2,34,4.615394502700786,10.275189421593952,18.52191235059761,18.52191235059761,none,0
203,seaweeds,2019,330.95,5888.8125,r2,34,5.291433528267817,16.29898735556039,17.793662184620032,17.793662184620032,none,0
203,seaweeds,2020,291.5025,5039.74,r2,34,4.60769301035278,10.904686467625826,17.28883971835576,17.28883971835576,none,0
203,seaweeds,2021,280.375,4395.2375,r2,34,4.924905746560749,18.484025191907875,15.676281765492645,15.676281765492645,none,0
203,seaweeds,2022,251.1925,3622.4775,r2,34,4.9143801462924674,11.505365226299725,14.421121251629726,14.421121251629726,none,0
204,ornamentals,2018,0,0,r2,34,9.793720058572863,39634.778748635654,NA,9.793720058572863,geo_region,1
204,ornamentals,2019,0,0,r2,34,9.645740556034559,214.05315606677638,NA,9.645740556034559,geo_region,1
204,ornamentals,2020,0,0,r2,34,9.642187711081062,263.37100345054444,NA,9.642187711081062,geo_region,1
204,ornamentals,2021,0,0,r2,34,8.901348616570035,315.17903827248927,NA,8.901348616570035,geo_region,1
204,ornamentals,2022,0,0,r2,34,9.96349564715308,354.129859434226,NA,9.96349564715308,geo_region,1
204,seaweeds,2018,50,33.25,r2,34,4.615394502700786,10.275189421593952,0.665,0.665,none,0
204,seaweeds,2019,0,1,r2,34,5.291433528267817,16.29898735556039,NA,5.291433528267817,geo_region,1
204,seaweeds,2020,1.49,3.6253213552875527,r2,34,4.60769301035278,10.904686467625826,2.4331015807299012,2.4331015807299012,none,0
204,seaweeds,2021,5.24,26.20282135528755,r2,34,4.924905746560749,18.484025191907875,5.000538426581594,5.000538426581594,none,0
204,seaweeds,2022,8.99,48.780321355287555,r2,34,4.9143801462924674,11.505365226299725,5.426064666884044,5.426064666884044,none,0
204,fish_oil,2018,NA,NA,r2,34,6.412578769890091,3.4548599236057504,NA,6.412578769890091,geo_region,1
204,fish_oil,2019,NA,NA,r2,34,6.936688359708423,3.2124334731657735,NA,6.936688359708423,geo_region,1
204,fish_oil,2020,NA,NA,r2,34,7.407003934011522,4.395076265231746,NA,7.407003934011522,geo_region,1
204,fish_oil,2021,NA,NA,r2,34,7.5418588973937855,3.306193203690287,NA,7.5418588973937855,geo_region,1
204,fish_oil,2022,NA,NA,r2,34,7.763712526014334,8.148638976069059,NA,7.763712526014334,geo_region,1
205,ornamentals,2018,142.69700982673623,157.475,r2,35,4.420850308050087,39634.778748635654,1.1035620171102907,1.1035620171102907,none,0
205,ornamentals,2019,89.32903078341093,111.1075,r2,35,5.16003729904374,214.05315606677638,1.2438005766500884,1.2438005766500884,none,0
205,ornamentals,2020,42.35068675317212,62.02,r2,35,6.073033195602348,263.37100345054444,1.4644390623808392,1.4644390623808392,none,0
205,ornamentals,2021,0.645,4.865,r2,35,7.761660915503255,315.17903827248927,7.542635658914729,7.542635658914729,none,0
205,ornamentals,2022,0.4525,3.735,r2,35,11.397724261342796,354.129859434226,8.254143646408838,8.254143646408838,none,0
205,seaweeds,2018,32.53,65.34,r2,35,4.880607874947624,10.275189421593952,2.0086074392868123,2.0086074392868123,none,0
205,seaweeds,2019,239.77000000000004,327.39,r2,35,5.335437707792218,16.29898735556039,1.3654335404762894,1.3654335404762894,none,0
205,seaweeds,2020,697.85,456.9866666666666,r2,35,5.686256030491027,10.904686467625826,0.6548494184519117,0.6548494184519117,none,0
205,seaweeds,2021,601.265,386.7675,r2,35,5.832575561749689,18.484025191907875,0.6432563012980965,0.6432563012980965,none,0
205,seaweeds,2022,625.3075,390.135,r2,35,5.9883235769503,11.505365226299725,0.6239090367539171,0.6239090367539171,none,0
205,fish_oil,2018,NA,NA,r2,35,4.702077295284629,3.4548599236057504,NA,4.702077295284629,geo_region,1
205,fish_oil,2019,NA,NA,r2,35,4.463701931205542,3.2124334731657735,NA,4.463701931205542,geo_region,1
205,fish_oil,2020,NA,NA,r2,35,3.888908488020139,4.395076265231746,NA,3.888908488020139,geo_region,1
205,fish_oil,2021,NA,NA,r2,35,4.125339886791366,3.306193203690287,NA,4.125339886791366,geo_region,1
205,fish_oil,2022,NA,NA,r2,35,6.043566430155209,8.148638976069059,NA,6.043566430155209,geo_region,1
206,fish_oil,2018,1490.75,2475.5,NA,NA,1.3390586982297266,3.4548599236057504,1.6605735368103303,1.6605735368103303,none,0
206,fish_oil,2019,1997.985,3007.5425,NA,NA,1.2526439137430962,3.2124334731657735,1.5052878274861925,1.5052878274861925,none,0
206,fish_oil,2020,2968.3375,4580.675,NA,NA,1.271589315568058,4.395076265231746,1.5431786311361158,1.5431786311361158,none,0
206,fish_oil,2021,2638.0175,4096.4425,NA,NA,1.2764244361532855,3.306193203690287,1.5528488723065712,1.5528488723065712,none,0
206,fish_oil,2022,4839.3825,7800.4275,NA,NA,1.61186422028017,8.148638976069059,1.61186422028017,1.61186422028017,none,0
206,ornamentals,2018,0.917591299567354,1438.25,NA,NA,790.9594797423088,39634.778748635654,1567.4189594846175,1567.4189594846175,none,0
206,ornamentals,2019,0.5725186598351018,1404.745,NA,NA,1233.9306211288915,214.05315606677638,2453.623084363046,2453.623084363046,none,0
206,ornamentals,2020,0.4770780122842089,1073.25,NA,NA,1128.7078357250932,263.37100345054444,2249.6320777001865,2249.6320777001865,none,0
206,ornamentals,2021,0.22179622541078103,920.9775,NA,NA,2080.9481310834467,315.17903827248927,4152.358762166893,4152.358762166893,none,0
206,ornamentals,2022,0,801.385,NA,NA,7.0375,354.129859434226,NA,7.0375,geo_region,1
206,seaweeds,2018,2146.25,2482,NA,NA,33.43536067892503,10.275189421593952,1.1564356435643564,1.1564356435643564,none,0
206,seaweeds,2019,1901.4775,2924.7725,NA,NA,26.606902747831157,16.29898735556039,1.5381578272685321,1.5381578272685321,none,0
206,seaweeds,2020,1735.1575,3360.24,NA,NA,16.27481174370217,10.904686467625826,1.9365619547505053,1.9365619547505053,none,0
206,seaweeds,2021,1288.8175,3248.0975,NA,NA,21.14420214803502,18.484025191907875,2.5202152360594106,2.5202152360594106,none,0
206,seaweeds,2022,1108.41,2915.4675,NA,NA,24.05035936355738,11.505365226299725,2.6303150458765256,2.6303150458765256,none,0
207,fish_oil,2018,19901.75,28430.5,r2,35,4.702077295284629,3.4548599236057504,1.428542716092806,1.428542716092806,none,0
207,fish_oil,2019,24052.32,34295.33,r2,35,4.463701931205542,3.2124334731657735,1.4258637004663168,1.4258637004663168,none,0
207,fish_oil,2020,26066.1925,36765.3225,r2,35,3.888908488020139,4.395076265231746,1.4104600240330458,1.4104600240330458,none,0
207,fish_oil,2021,29377.73,39975.285,r2,35,4.125339886791366,3.306193203690287,1.3607343045225075,1.3607343045225075,none,0
207,fish_oil,2022,41024.93,54916.285,r2,35,6.043566430155209,8.148638976069059,1.3386076466187755,1.3386076466187755,none,0
207,ornamentals,2018,1232.300334112022,310.5,r2,35,4.420850308050087,39634.778748635654,0.2519677966522194,0.2519677966522194,none,0
207,ornamentals,2019,930.7610354415274,546.3275,r2,35,5.16003729904374,214.05315606677638,0.5869685979504259,0.5869685979504259,none,0
207,ornamentals,2020,632.0437271600995,558.3125,r2,35,6.073033195602348,263.37100345054444,0.8833447370937628,0.8833447370937628,none,0
207,ornamentals,2021,331.8821871121536,609.7225,r2,35,7.761660915503255,315.17903827248927,1.837165487263573,1.837165487263573,none,0
207,ornamentals,2022,0,394.5,r2,35,11.397724261342796,354.129859434226,NA,11.397724261342796,geo_region,1
207,seaweeds,2018,1040.25,4418,r2,35,4.880607874947624,10.275189421593952,4.247055996154771,4.247055996154771,none,0
207,seaweeds,2019,1639.635,8419.695,r2,35,5.335437707792218,16.29898735556039,5.135103239440485,5.135103239440485,none,0
207,seaweeds,2020,2355.955,12407.8375,r2,35,5.686256030491027,10.904686467625826,5.266585100309641,5.266585100309641,none,0
207,seaweeds,2021,3382.035,17204.3575,r2,35,5.832575561749689,18.484025191907875,5.086983872136154,5.086983872136154,none,0
207,seaweeds,2022,4255.665,21286.405,r2,35,5.9883235769503,11.505365226299725,5.001898645687572,5.001898645687572,none,0
208,fish_oil,2018,73.75,665.25,r2,35,4.702077295284629,3.4548599236057504,9.020338983050847,9.020338983050847,none,0
208,fish_oil,2019,80.73,697.715,r2,35,4.463701931205542,3.2124334731657735,8.64257401213923,8.64257401213923,none,0
208,fish_oil,2020,67,574.72,r2,35,3.888908488020139,4.395076265231746,8.577910447761194,8.577910447761194,none,0
208,fish_oil,2021,58.0125,631.39,r2,35,4.125339886791366,3.306193203690287,10.883688860159447,10.883688860159447,none,0
208,fish_oil,2022,31.11,650.12,r2,35,6.043566430155209,8.148638976069059,20.8974606235937,20.8974606235937,none,0
208,ornamentals,2018,1346.3529667391183,1139.25,r2,35,4.420850308050087,39634.778748635654,0.8461748353845694,0.8461748353845694,none,0
208,ornamentals,2019,1011.6128262933152,943.8775,r2,35,5.16003729904374,214.05315606677638,0.9330422425133671,0.9330422425133671,none,0
208,ornamentals,2020,673.3985580553544,684.9575,r2,35,6.073033195602348,263.37100345054444,1.0171650827082634,1.0171650827082634,none,0
208,ornamentals,2021,335.04744871145795,450.2125,r2,35,7.761660915503255,315.17903827248927,1.3437275876340784,1.3437275876340784,none,0
208,ornamentals,2022,0,231.235,r2,35,11.397724261342796,354.129859434226,NA,11.397724261342796,geo_region,1
208,seaweeds,2018,169.25,2743.75,r2,35,4.880607874947624,10.275189421593952,16.21122599704579,16.21122599704579,none,0
208,seaweeds,2019,174.895,3077.9,r2,35,5.335437707792218,16.29898735556039,17.59855913548129,17.59855913548129,none,0
208,seaweeds,2020,181.2825,3522.99,r2,35,5.686256030491027,10.904686467625826,19.43370154317157,19.43370154317157,none,0
208,seaweeds,2021,170.57500000000002,3484.7749999999996,r2,35,5.832575561749689,18.484025191907875,20.429576432654255,20.429576432654255,none,0
208,seaweeds,2022,173.1825,3476.58,r2,35,5.9883235769503,11.505365226299725,20.074661123381404,20.074661123381404,none,0
209,fish_oil,2018,37375,140446.75,r2,30,4.546074210711093,3.4548599236057504,3.757772575250836,3.757772575250836,none,0
209,fish_oil,2019,32068.06,135689.7825,r2,30,5.919152840443222,3.2124334731657735,4.23130624365802,4.23130624365802,none,0
209,fish_oil,2020,27613.1775,139821.575,r2,30,5.455188340752984,4.395076265231746,5.06358150922689,5.06358150922689,none,0
209,fish_oil,2021,25676.7825,158453.225,r2,30,6.419276429218941,3.306193203690287,6.171070109738243,6.171070109738243,none,0
209,fish_oil,2022,27731.75,194685.63,r2,30,16.630907898747427,8.148638976069059,7.02031534252256,7.02031534252256,none,0
209,ornamentals,2018,0,93.5,r2,30,65.38803482499006,39634.778748635654,NA,65.38803482499006,geo_region,1
209,ornamentals,2019,0.0175,190.26,r2,30,2765.8454340741005,214.05315606677638,10871.999999999998,10871.999999999998,none,0
209,ornamentals,2020,0.0175,249.425,r2,30,3660.703410341339,263.37100345054444,14252.857142857141,14252.857142857141,none,0
209,ornamentals,2021,0.0175,272.4775,r2,30,3993.473240263839,315.17903827248927,15570.142857142857,15570.142857142857,none,0
209,ornamentals,2022,0.0175,337.07,r2,30,4909.999794793812,354.129859434226,19261.142857142855,19261.142857142855,none,0
209,seaweeds,2018,13735,110837.5,r2,30,8.137668270038583,10.275189421593952,8.069712413542046,8.069712413542046,none,0
209,seaweeds,2019,14095.0975,108013.68,r2,30,8.097901720053917,16.29898735556039,7.663209140624958,7.663209140624958,none,0
209,seaweeds,2020,13366.0725,103452.3225,r2,30,10.11932016859041,10.904686467625826,7.739919299405266,7.739919299405266,none,0
209,seaweeds,2021,13091.7775,102366.04,r2,30,10.05039780453991,18.484025191907875,7.819109360818269,7.819109360818269,none,0
209,seaweeds,2022,12304.6325,104739.4225,r2,30,9.360245044858877,11.505365226299725,8.512194289427173,8.512194289427173,none,0
210,fish_oil,2018,11833.5,26467.5,r2,30,4.546074210711093,3.4548599236057504,2.2366586386107237,2.2366586386107237,none,0
210,fish_oil,2019,16681.322500000002,33774.3,r2,30,5.919152840443222,3.2124334731657735,2.0246775997526574,2.0246775997526574,none,0
210,fish_oil,2020,20985.1575,41894.5775,r2,30,5.455188340752984,4.395076265231746,1.9963909015217063,1.9963909015217063,none,0
210,fish_oil,2021,22105.1125,44025.4425,r2,30,6.419276429218941,3.306193203690287,1.991640734694293,1.991640734694293,none,0
210,fish_oil,2022,20261.24,47364.185,r2,30,16.630907898747427,8.148638976069059,2.337674545092008,2.337674545092008,none,0
210,ornamentals,2018,4,457.75,r2,30,65.38803482499006,39634.778748635654,114.4375,114.4375,none,0
210,ornamentals,2019,3.4825,402.0625,r2,30,2765.8454340741005,214.05315606677638,115.45226130653266,115.45226130653266,none,0
210,ornamentals,2020,2.095,338.2925,r2,30,3660.703410341339,263.37100345054444,161.4761336515513,161.4761336515513,none,0
210,ornamentals,2021,1.7950000000000002,373.95,r2,30,3993.473240263839,315.17903827248927,208.32869080779943,208.32869080779943,none,0
210,ornamentals,2022,1.6900000000000002,367.815,r2,30,4909.999794793812,354.129859434226,217.6420118343195,217.6420118343195,none,0
210,seaweeds,2018,1376,20380.75,r2,30,8.137668270038583,10.275189421593952,14.811591569767442,14.811591569767442,none,0
210,seaweeds,2019,1396.72,21800.775,r2,30,8.097901720053917,16.29898735556039,15.608550747465491,15.608550747465491,none,0
210,seaweeds,2020,1399.1925,21825.2875,r2,30,10.11932016859041,10.904686467625826,15.598488056504017,15.598488056504017,none,0
210,seaweeds,2021,1425.795,21923.115,r2,30,10.05039780453991,18.484025191907875,15.376063880151074,15.376063880151074,none,0
210,seaweeds,2022,1503.9975,22275.22,r2,30,9.360245044858877,11.505365226299725,14.81067621455488,14.81067621455488,none,0
212,ornamentals,2018,0.7746008384053589,111,r2,57,132.36662386551376,39634.778748635654,143.29961251850884,143.29961251850884,none,0
212,ornamentals,2019,0.5840746697934129,89.75,r2,57,156.79588578176524,214.05315606677638,153.6618597614318,153.6618597614318,none,0
212,ornamentals,2020,0.42511467140149506,77.25,r2,57,208.8975257733803,263.37100345054444,181.71567625583558,181.71567625583558,none,0
212,ornamentals,2021,0.21734935227508956,42.25,r2,57,119.40702100368375,315.17903827248927,194.38751281175215,194.38751281175215,none,0
212,ornamentals,2022,0,0,r2,57,5.311810732345363,354.129859434226,NA,5.311810732345363,geo_region,1
212,seaweeds,2018,0,0,r2,57,NA,10.275189421593952,NA,10.275189421593952,global,1
212,seaweeds,2019,0,0,r2,57,NA,16.29898735556039,NA,16.29898735556039,global,1
212,seaweeds,2020,0,0,r2,57,NA,10.904686467625826,NA,10.904686467625826,global,1
212,seaweeds,2021,0,0,r2,57,NA,18.484025191907875,NA,18.484025191907875,global,1
212,seaweeds,2022,0,0,r2,57,NA,11.505365226299725,NA,11.505365226299725,global,1
212,fish_oil,2018,NA,NA,r2,57,NA,3.4548599236057504,NA,3.4548599236057504,global,1
212,fish_oil,2019,NA,NA,r2,57,NA,3.2124334731657735,NA,3.2124334731657735,global,1
212,fish_oil,2020,NA,NA,r2,57,NA,4.395076265231746,NA,4.395076265231746,global,1
212,fish_oil,2021,NA,NA,r2,57,NA,3.306193203690287,NA,3.306193203690287,global,1
212,fish_oil,2022,NA,NA,r2,57,NA,8.148638976069059,NA,8.148638976069059,global,1
214,fish_oil,2018,14.75,15,r2,15,1.566475112495773,3.4548599236057504,1.0169491525423728,1.0169491525423728,none,0
214,fish_oil,2019,12.75,13.5,r2,15,1.5801909746291387,3.2124334731657735,1.0588235294117647,1.0588235294117647,none,0
214,fish_oil,2020,12.095,13.23,r2,15,1.53458597668387,4.395076265231746,1.093840429929723,1.093840429929723,none,0
214,fish_oil,2021,5.595,3.23,r2,15,1.2786113714266671,3.306193203690287,0.5773011617515639,0.5773011617515639,none,0
214,fish_oil,2022,5.595,3.23,r2,15,1.7001233420695068,8.148638976069059,0.5773011617515639,0.5773011617515639,none,0
214,ornamentals,2018,88,121.25,r2,15,5.689500858169653,39634.778748635654,1.3778409090909092,1.3778409090909092,none,0
214,ornamentals,2019,32.08,60.89,r2,15,5.949614069459611,214.05315606677638,1.898067331670823,1.898067331670823,none,0
214,ornamentals,2020,38.525,61.5975,r2,15,5.8000282599272435,263.37100345054444,1.5988968202465932,1.5988968202465932,none,0
214,ornamentals,2021,45.685,73.34,r2,15,1.6053409215278538,315.17903827248927,1.6053409215278538,1.6053409215278538,none,0
214,ornamentals,2022,66.29,101.0825,r2,15,1.5248529189923063,354.129859434226,1.5248529189923063,1.5248529189923063,none,0
214,seaweeds,2018,77.75,189.5,r2,15,8.462239523653874,10.275189421593952,2.437299035369775,2.437299035369775,none,0
214,seaweeds,2019,92.95,183.085,r2,15,8.597244542153623,16.29898735556039,1.9697149004841312,1.9697149004841312,none,0
214,seaweeds,2020,80.7,155.085,r2,15,9.1593229386477,10.904686467625826,1.921747211895911,1.921747211895911,none,0
214,seaweeds,2021,43.7,55.335,r2,15,6.7830538527519995,18.484025191907875,1.2662471395881005,1.2662471395881005,none,0
214,seaweeds,2022,27.7,22.585,r2,15,5.448059380501483,11.505365226299725,0.8153429602888087,0.8153429602888087,none,0
215,seaweeds,2018,NA,NA,r2,145,12.875281373749422,10.275189421593952,NA,12.875281373749422,geo_region,1
215,seaweeds,2019,NA,NA,r2,145,15.006866082967287,16.29898735556039,NA,15.006866082967287,geo_region,1
215,seaweeds,2020,NA,NA,r2,145,15.347322550380131,10.904686467625826,NA,15.347322550380131,geo_region,1
215,seaweeds,2021,NA,NA,r2,145,13.049236015855529,18.484025191907875,NA,13.049236015855529,geo_region,1
215,seaweeds,2022,NA,NA,r2,145,14.273967987774382,11.505365226299725,NA,14.273967987774382,geo_region,1
215,ornamentals,2018,NA,NA,r2,145,23.044981825728932,39634.778748635654,NA,23.044981825728932,geo_region,1
215,ornamentals,2019,NA,NA,r2,145,30.283511690975086,214.05315606677638,NA,30.283511690975086,geo_region,1
215,ornamentals,2020,NA,NA,r2,145,16.86259860980457,263.37100345054444,NA,16.86259860980457,geo_region,1
215,ornamentals,2021,NA,NA,r2,145,17.94630555986484,315.17903827248927,NA,17.94630555986484,geo_region,1
215,ornamentals,2022,NA,NA,r2,145,20.842225885578028,354.129859434226,NA,20.842225885578028,geo_region,1
215,fish_oil,2018,NA,NA,r2,145,3.1482979342019943,3.4548599236057504,NA,3.1482979342019943,geo_region,1
215,fish_oil,2019,NA,NA,r2,145,3.3330369758415266,3.2124334731657735,NA,3.3330369758415266,geo_region,1
215,fish_oil,2020,NA,NA,r2,145,4.891353293710225,4.395076265231746,NA,4.891353293710225,geo_region,1
215,fish_oil,2021,NA,NA,r2,145,4.010700494033984,3.306193203690287,NA,4.010700494033984,geo_region,1
215,fish_oil,2022,NA,NA,r2,145,53.17676727094445,8.148638976069059,NA,53.17676727094445,geo_region,1
216,fish_oil,2018,746,3625.75,r2,35,4.702077295284629,3.4548599236057504,4.860254691689008,4.860254691689008,none,0
216,fish_oil,2019,520.8,2343.9125,r2,35,4.463701931205542,3.2124334731657735,4.500600038402458,4.500600038402458,none,0
216,fish_oil,2020,739.0099999999999,2091.82,r2,35,3.888908488020139,4.395076265231746,2.8305706282729606,2.8305706282729606,none,0
216,fish_oil,2021,1056.2324999999998,2105.735,r2,35,4.125339886791366,3.306193203690287,1.9936282968001842,1.9936282968001842,none,0
216,fish_oil,2022,1329.1275,2437.4725,r2,35,6.043566430155209,8.148638976069059,1.8338891490846436,1.8338891490846436,none,0
216,ornamentals,2018,776.5,6985.5,r2,35,4.420850308050087,39634.778748635654,8.996136509980683,8.996136509980683,none,0
216,ornamentals,2019,706.2875,7228.45,r2,35,5.16003729904374,214.05315606677638,10.23443003026388,10.23443003026388,none,0
216,ornamentals,2020,594.4075,6806.0275,r2,35,6.073033195602348,263.37100345054444,11.45010367466763,11.45010367466763,none,0
216,ornamentals,2021,529.5675,6683.6825,r2,35,7.761660915503255,315.17903827248927,12.621020927454952,12.621020927454952,none,0
216,ornamentals,2022,461.4625,6486.8475,r2,35,11.397724261342796,354.129859434226,14.057149822574965,14.057149822574965,none,0
216,seaweeds,2018,194709.5,173922.25,r2,35,4.880607874947624,10.275189421593952,0.8932396724350892,0.8932396724350892,none,0
216,seaweeds,2019,192057.25,188578.8125,r2,35,5.335437707792218,16.29898735556039,0.9818885384436151,0.9818885384436151,none,0
216,seaweeds,2020,191813.0875,204097.895,r2,35,5.686256030491027,10.904686467625826,1.0640457210720826,1.0640457210720826,none,0
216,seaweeds,2021,197871.9925,222095.495,r2,35,5.832575561749689,18.484025191907875,1.1224200665993698,1.1224200665993698,none,0
216,seaweeds,2022,206677.54,269580.0825,r2,35,5.9883235769503,11.505365226299725,1.3043511283325706,1.3043511283325706,none,0
218,fish_oil,2018,2551.5,17767,r2,21,4.616872025360769,3.4548599236057504,6.963354889280815,6.963354889280815,none,0
218,fish_oil,2019,3770.465,19758.2275,r2,21,3.7208265840744077,3.2124334731657735,5.24026280578125,5.24026280578125,none,0
218,fish_oil,2020,4792.8975,22533.95,r2,21,3.509399373868656,4.395076265231746,4.701529711411521,4.701529711411521,none,0
218,fish_oil,2021,5743.29,23785.3275,r2,21,3.288824605051869,3.306193203690287,4.141411542861322,4.141411542861322,none,0
218,fish_oil,2022,5564.36,24281.0575,r2,21,3.562137520336268,8.148638976069059,4.3636747981798445,4.3636747981798445,none,0
218,ornamentals,2018,0.25,4.25,r2,21,1365710.444054994,39634.778748635654,17,17,none,0
218,ornamentals,2019,0.25,4,r2,21,16,214.05315606677638,16,16,none,0
218,ornamentals,2020,0.25,3.5,r2,21,14,263.37100345054444,14,14,none,0
218,ornamentals,2021,0.2175,3.8725,r2,21,17.804597701149426,315.17903827248927,17.804597701149426,17.804597701149426,none,0
218,ornamentals,2022,0.26,3.1175,r2,21,11.990384615384615,354.129859434226,11.990384615384615,11.990384615384615,none,0
218,seaweeds,2018,6234.75,16394,r2,21,7.984611125600503,10.275189421593952,2.6294558723284815,2.6294558723284815,none,0
218,seaweeds,2019,6232.4475,16871.0825,r2,21,7.762709043391316,16.29898735556039,2.706975469909694,2.706975469909694,none,0
218,seaweeds,2020,6565.7125,17215.6625,r2,21,7.651376159560774,10.904686467625826,2.622055489027276,2.622055489027276,none,0
218,seaweeds,2021,6736.5225,17300.5325,r2,21,7.547188127571061,18.484025191907875,2.5681696305475117,2.5681696305475117,none,0
218,seaweeds,2022,6579.7825,17995.6025,r2,21,7.613429485960068,11.505365226299725,2.7349844010801267,2.7349844010801267,none,0
219,seaweeds,2018,NA,NA,r2,21,7.984611125600503,10.275189421593952,NA,7.984611125600503,geo_region,1
219,seaweeds,2019,NA,NA,r2,21,7.762709043391316,16.29898735556039,NA,7.762709043391316,geo_region,1
219,seaweeds,2020,NA,NA,r2,21,7.651376159560774,10.904686467625826,NA,7.651376159560774,geo_region,1
219,seaweeds,2021,NA,NA,r2,21,7.547188127571061,18.484025191907875,NA,7.547188127571061,geo_region,1
219,seaweeds,2022,NA,NA,r2,21,7.613429485960068,11.505365226299725,NA,7.613429485960068,geo_region,1
219,ornamentals,2018,NA,NA,r2,21,1365710.444054994,39634.778748635654,NA,1365710.444054994,geo_region,1
219,ornamentals,2019,NA,NA,r2,21,16,214.05315606677638,NA,16,geo_region,1
219,ornamentals,2020,NA,NA,r2,21,14,263.37100345054444,NA,14,geo_region,1
219,ornamentals,2021,NA,NA,r2,21,17.804597701149426,315.17903827248927,NA,17.804597701149426,geo_region,1
219,ornamentals,2022,NA,NA,r2,21,11.990384615384615,354.129859434226,NA,11.990384615384615,geo_region,1
219,fish_oil,2018,NA,NA,r2,21,4.616872025360769,3.4548599236057504,NA,4.616872025360769,geo_region,1
219,fish_oil,2019,NA,NA,r2,21,3.7208265840744077,3.2124334731657735,NA,3.7208265840744077,geo_region,1
219,fish_oil,2020,NA,NA,r2,21,3.509399373868656,4.395076265231746,NA,3.509399373868656,geo_region,1
219,fish_oil,2021,NA,NA,r2,21,3.288824605051869,3.306193203690287,NA,3.288824605051869,geo_region,1
219,fish_oil,2022,NA,NA,r2,21,3.562137520336268,8.148638976069059,NA,3.562137520336268,geo_region,1
220,ornamentals,2018,0,0,NA,NA,790.9594797423088,39634.778748635654,NA,790.9594797423088,geo_region,1
220,ornamentals,2019,0,0,NA,NA,1233.9306211288915,214.05315606677638,NA,1233.9306211288915,geo_region,1
220,ornamentals,2020,0,0,NA,NA,1128.7078357250932,263.37100345054444,NA,1128.7078357250932,geo_region,1
220,ornamentals,2021,0,0,NA,NA,2080.9481310834467,315.17903827248927,NA,2080.9481310834467,geo_region,1
220,ornamentals,2022,0,0,NA,NA,7.0375,354.129859434226,NA,7.0375,geo_region,1
220,seaweeds,2018,NA,NA,NA,NA,33.43536067892503,10.275189421593952,NA,33.43536067892503,geo_region,1
220,seaweeds,2019,NA,NA,NA,NA,26.606902747831157,16.29898735556039,NA,26.606902747831157,geo_region,1
220,seaweeds,2020,NA,NA,NA,NA,16.27481174370217,10.904686467625826,NA,16.27481174370217,geo_region,1
220,seaweeds,2021,NA,NA,NA,NA,21.14420214803502,18.484025191907875,NA,21.14420214803502,geo_region,1
220,seaweeds,2022,NA,NA,NA,NA,24.05035936355738,11.505365226299725,NA,24.05035936355738,geo_region,1
220,fish_oil,2018,NA,NA,NA,NA,1.3390586982297266,3.4548599236057504,NA,1.3390586982297266,geo_region,1
220,fish_oil,2019,NA,NA,NA,NA,1.2526439137430962,3.2124334731657735,NA,1.2526439137430962,geo_region,1
220,fish_oil,2020,NA,NA,NA,NA,1.271589315568058,4.395076265231746,NA,1.271589315568058,geo_region,1
220,fish_oil,2021,NA,NA,NA,NA,1.2764244361532855,3.306193203690287,NA,1.2764244361532855,geo_region,1
220,fish_oil,2022,NA,NA,NA,NA,1.61186422028017,8.148638976069059,NA,1.61186422028017,geo_region,1
221,seaweeds,2018,NA,NA,r2,29,6.0859853978291145,10.275189421593952,NA,6.0859853978291145,geo_region,1
221,seaweeds,2019,NA,NA,r2,29,7.82871458519322,16.29898735556039,NA,7.82871458519322,geo_region,1
221,seaweeds,2020,NA,NA,r2,29,6.101649512234715,10.904686467625826,NA,6.101649512234715,geo_region,1
221,seaweeds,2021,NA,NA,r2,29,7.173577625016936,18.484025191907875,NA,7.173577625016936,geo_region,1
221,seaweeds,2022,NA,NA,r2,29,8.084252892769317,11.505365226299725,NA,8.084252892769317,geo_region,1
221,ornamentals,2018,NA,NA,r2,29,13.771352850341923,39634.778748635654,NA,13.771352850341923,geo_region,1
221,ornamentals,2019,NA,NA,r2,29,12.9885095803017,214.05315606677638,NA,12.9885095803017,geo_region,1
221,ornamentals,2020,NA,NA,r2,29,12.841029662743555,263.37100345054444,NA,12.841029662743555,geo_region,1
221,ornamentals,2021,NA,NA,r2,29,12.749657456895111,315.17903827248927,NA,12.749657456895111,geo_region,1
221,ornamentals,2022,NA,NA,r2,29,6.841621621621622,354.129859434226,NA,6.841621621621622,geo_region,1
221,fish_oil,2018,NA,NA,r2,29,5.292202371013524,3.4548599236057504,NA,5.292202371013524,geo_region,1
221,fish_oil,2019,NA,NA,r2,29,4.627366686177259,3.2124334731657735,NA,4.627366686177259,geo_region,1
221,fish_oil,2020,NA,NA,r2,29,6.657895628600474,4.395076265231746,NA,6.657895628600474,geo_region,1
221,fish_oil,2021,NA,NA,r2,29,4.407551068448722,3.306193203690287,NA,4.407551068448722,geo_region,1
221,fish_oil,2022,NA,NA,r2,29,6.671794871794871,8.148638976069059,NA,6.671794871794871,geo_region,1
222,fish_oil,2018,1065.25,8170.75,r2,154,4.014749529552957,3.4548599236057504,7.670265195963389,7.670265195963389,none,0
222,fish_oil,2019,932.14,7052.0225,r2,154,2.2635702995578795,3.2124334731657735,7.565411311605553,7.565411311605553,none,0
222,fish_oil,2020,827.6899999999999,5985.0675,r2,154,2.3400080691294542,4.395076265231746,7.231049668354094,7.231049668354094,none,0
222,fish_oil,2021,911.8575,5847.6849999999995,r2,154,2.3483223977540533,3.306193203690287,6.412937328475118,6.412937328475118,none,0
222,fish_oil,2022,973.9475,5764.795,r2,154,2.5898782650703764,8.148638976069059,5.91899974074578,5.91899974074578,none,0
222,ornamentals,2018,3.5,444.25,r2,154,33.516976317799845,39634.778748635654,126.92857142857143,126.92857142857143,none,0
222,ornamentals,2019,2.8275,365.3975,r2,154,34.0665571119764,214.05315606677638,129.22988505747125,129.22988505747125,none,0
222,ornamentals,2020,2.16,288.7825,r2,154,35.15067413990925,263.37100345054444,133.69560185185185,133.69560185185185,none,0
222,ornamentals,2021,1.485,189.395,r2,154,34.17760007557975,315.17903827248927,127.53872053872054,127.53872053872054,none,0
222,ornamentals,2022,0.335,47.8525,r2,154,41.57077078964292,354.129859434226,142.84328358208955,142.84328358208955,none,0
222,seaweeds,2018,71.5,1353.75,r2,154,7.9772773337847465,10.275189421593952,18.933566433566433,18.933566433566433,none,0
222,seaweeds,2019,98.335,1654.6475,r2,154,7.726409111532387,16.29898735556039,16.826638531550316,16.826638531550316,none,0
222,seaweeds,2020,90.785,1652.02,r2,154,6.948863891803536,10.904686467625826,18.19705898551523,18.19705898551523,none,0
222,seaweeds,2021,82.91,1598.29,r2,154,6.809722341216138,18.484025191907875,19.277409238933785,19.277409238933785,none,0
222,seaweeds,2022,66.18,1389.97,r2,154,6.50269542970176,11.505365226299725,21.00287095799335,21.00287095799335,none,0
223,fish_oil,2018,91225,133077.25,r2,154,4.014749529552957,3.4548599236057504,1.458780487804878,1.458780487804878,none,0
223,fish_oil,2019,98446.0475,139752.515,r2,154,2.2635702995578795,3.2124334731657735,1.419584823859993,1.419584823859993,none,0
223,fish_oil,2020,111821.0525,160446.815,r2,154,2.3400080691294542,4.395076265231746,1.4348533787946594,1.4348533787946594,none,0
223,fish_oil,2021,120750.02,180318.4225,r2,154,2.3483223977540533,3.306193203690287,1.4933200218103482,1.4933200218103482,none,0
223,fish_oil,2022,125246.5375,200479.8875,r2,154,2.5898782650703764,8.148638976069059,1.6006820747439825,1.6006820747439825,none,0
223,ornamentals,2018,0,0,r2,154,33.516976317799845,39634.778748635654,NA,33.516976317799845,geo_region,1
223,ornamentals,2019,0,0,r2,154,34.0665571119764,214.05315606677638,NA,34.0665571119764,geo_region,1
223,ornamentals,2020,0,0,r2,154,35.15067413990925,263.37100345054444,NA,35.15067413990925,geo_region,1
223,ornamentals,2021,0,0,r2,154,34.17760007557975,315.17903827248927,NA,34.17760007557975,geo_region,1
223,ornamentals,2022,0,0,r2,154,41.57077078964292,354.129859434226,NA,41.57077078964292,geo_region,1
223,seaweeds,2018,3698.75,4746,r2,154,7.9772773337847465,10.275189421593952,1.2831361946603583,1.2831361946603583,none,0
223,seaweeds,2019,4072.055,5309.52,r2,154,7.726409111532387,16.29898735556039,1.3038920152109932,1.3038920152109932,none,0
223,seaweeds,2020,4049.69,5574.7875,r2,154,6.948863891803536,10.904686467625826,1.3765961098256905,1.3765961098256905,none,0
223,seaweeds,2021,3765.075,5540.3150000000005,r2,154,6.809722341216138,18.484025191907875,1.471501895712569,1.471501895712569,none,0
223,seaweeds,2022,2894.425,4839.6225,r2,154,6.50269542970176,11.505365226299725,1.6720497162648886,1.6720497162648886,none,0
224,fish_oil,2018,74854.5,103610,r2,5,5.075779040513716,3.4548599236057504,1.3841519213941713,1.3841519213941713,none,0
224,fish_oil,2019,78243.5975,107329.4,r2,5,1.6296041754003665,3.2124334731657735,1.37173396200245,1.37173396200245,none,0
224,fish_oil,2020,93206.3625,128014.0025,r2,5,17.355011194082863,4.395076265231746,1.3734470380173887,1.3734470380173887,none,0
224,fish_oil,2021,108361.6325,150588.64,r2,5,3.253793823620138,3.306193203690287,1.38968596657124,1.38968596657124,none,0
224,fish_oil,2022,111360.845,166401.235,r2,5,3.0769801710240006,8.148638976069059,1.4942526253280495,1.4942526253280495,none,0
224,ornamentals,2018,0,0,r2,5,23.454645409565696,39634.778748635654,NA,23.454645409565696,geo_region,1
224,ornamentals,2019,0,0,r2,5,23.5877735782103,214.05315606677638,NA,23.5877735782103,geo_region,1
224,ornamentals,2020,0,0,r2,5,20.40412147769972,263.37100345054444,NA,20.40412147769972,geo_region,1
224,ornamentals,2021,0,0,r2,5,21.455478190929487,315.17903827248927,NA,21.455478190929487,geo_region,1
224,ornamentals,2022,0,0,r2,5,26.585990321770645,354.129859434226,NA,26.585990321770645,geo_region,1
224,seaweeds,2018,72346.5,150000,r2,5,8.946364002502081,10.275189421593952,2.073355310899629,2.073355310899629,none,0
224,seaweeds,2019,70087.62,141569.01,r2,5,7.181370825028034,16.29898735556039,2.019886108274186,2.019886108274186,none,0
224,seaweeds,2020,68171.3625,134426.4425,r2,5,6.942890650560043,10.904686467625826,1.9718902126974505,1.9718902126974505,none,0
224,seaweeds,2021,64535.3375,125896.0275,r2,5,7.130241867350975,18.484025191907875,1.9508076098618061,1.9508076098618061,none,0
224,seaweeds,2022,67249.905,143719.735,r2,5,8.015445451504016,11.505365226299725,2.137099450177662,2.137099450177662,none,0
227,seaweeds,2018,NA,NA,r2,154,7.9772773337847465,10.275189421593952,NA,7.9772773337847465,geo_region,1
227,seaweeds,2019,NA,NA,r2,154,7.726409111532387,16.29898735556039,NA,7.726409111532387,geo_region,1
227,seaweeds,2020,NA,NA,r2,154,6.948863891803536,10.904686467625826,NA,6.948863891803536,geo_region,1
227,seaweeds,2021,NA,NA,r2,154,6.809722341216138,18.484025191907875,NA,6.809722341216138,geo_region,1
227,seaweeds,2022,NA,NA,r2,154,6.50269542970176,11.505365226299725,NA,6.50269542970176,geo_region,1
227,ornamentals,2018,NA,NA,r2,154,33.516976317799845,39634.778748635654,NA,33.516976317799845,geo_region,1
227,ornamentals,2019,NA,NA,r2,154,34.0665571119764,214.05315606677638,NA,34.0665571119764,geo_region,1
227,ornamentals,2020,NA,NA,r2,154,35.15067413990925,263.37100345054444,NA,35.15067413990925,geo_region,1
227,ornamentals,2021,NA,NA,r2,154,34.17760007557975,315.17903827248927,NA,34.17760007557975,geo_region,1
227,ornamentals,2022,NA,NA,r2,154,41.57077078964292,354.129859434226,NA,41.57077078964292,geo_region,1
227,fish_oil,2018,NA,NA,r2,154,4.014749529552957,3.4548599236057504,NA,4.014749529552957,geo_region,1
227,fish_oil,2019,NA,NA,r2,154,2.2635702995578795,3.2124334731657735,NA,2.2635702995578795,geo_region,1
227,fish_oil,2020,NA,NA,r2,154,2.3400080691294542,4.395076265231746,NA,2.3400080691294542,geo_region,1
227,fish_oil,2021,NA,NA,r2,154,2.3483223977540533,3.306193203690287,NA,2.3483223977540533,geo_region,1
227,fish_oil,2022,NA,NA,r2,154,2.5898782650703764,8.148638976069059,NA,2.5898782650703764,geo_region,1
228,seaweeds,2018,NA,NA,r2,154,7.9772773337847465,10.275189421593952,NA,7.9772773337847465,geo_region,1
228,seaweeds,2019,NA,NA,r2,154,7.726409111532387,16.29898735556039,NA,7.726409111532387,geo_region,1
228,seaweeds,2020,NA,NA,r2,154,6.948863891803536,10.904686467625826,NA,6.948863891803536,geo_region,1
228,seaweeds,2021,NA,NA,r2,154,6.809722341216138,18.484025191907875,NA,6.809722341216138,geo_region,1
228,seaweeds,2022,NA,NA,r2,154,6.50269542970176,11.505365226299725,NA,6.50269542970176,geo_region,1
228,ornamentals,2018,NA,NA,r2,154,33.516976317799845,39634.778748635654,NA,33.516976317799845,geo_region,1
228,ornamentals,2019,NA,NA,r2,154,34.0665571119764,214.05315606677638,NA,34.0665571119764,geo_region,1
228,ornamentals,2020,NA,NA,r2,154,35.15067413990925,263.37100345054444,NA,35.15067413990925,geo_region,1
228,ornamentals,2021,NA,NA,r2,154,34.17760007557975,315.17903827248927,NA,34.17760007557975,geo_region,1
228,ornamentals,2022,NA,NA,r2,154,41.57077078964292,354.129859434226,NA,41.57077078964292,geo_region,1
228,fish_oil,2018,NA,NA,r2,154,4.014749529552957,3.4548599236057504,NA,4.014749529552957,geo_region,1
228,fish_oil,2019,NA,NA,r2,154,2.2635702995578795,3.2124334731657735,NA,2.2635702995578795,geo_region,1
228,fish_oil,2020,NA,NA,r2,154,2.3400080691294542,4.395076265231746,NA,2.3400080691294542,geo_region,1
228,fish_oil,2021,NA,NA,r2,154,2.3483223977540533,3.306193203690287,NA,2.3483223977540533,geo_region,1
228,fish_oil,2022,NA,NA,r2,154,2.5898782650703764,8.148638976069059,NA,2.5898782650703764,geo_region,1
231,seaweeds,2018,15,20.244999999999997,r2,35,4.880607874947624,10.275189421593952,1.3496666666666666,1.3496666666666666,none,0
231,seaweeds,2019,70.8175,71.9925,r2,35,5.335437707792218,16.29898735556039,1.0165919440816185,1.0165919440816185,none,0
231,seaweeds,2020,100.8175,82.6025,r2,35,5.686256030491027,10.904686467625826,0.8193270017606071,0.8193270017606071,none,0
231,seaweeds,2021,122.8175,94.6625,r2,35,5.832575561749689,18.484025191907875,0.7707574246341116,0.7707574246341116,none,0
231,seaweeds,2022,129.33,105.3975,r2,35,5.9883235769503,11.505365226299725,0.8149501275806076,0.8149501275806076,none,0
231,ornamentals,2018,NA,NA,r2,35,4.420850308050087,39634.778748635654,NA,4.420850308050087,geo_region,1
231,ornamentals,2019,NA,NA,r2,35,5.16003729904374,214.05315606677638,NA,5.16003729904374,geo_region,1
231,ornamentals,2020,NA,NA,r2,35,6.073033195602348,263.37100345054444,NA,6.073033195602348,geo_region,1
231,ornamentals,2021,NA,NA,r2,35,7.761660915503255,315.17903827248927,NA,7.761660915503255,geo_region,1
231,ornamentals,2022,NA,NA,r2,35,11.397724261342796,354.129859434226,NA,11.397724261342796,geo_region,1
231,fish_oil,2018,NA,NA,r2,35,4.702077295284629,3.4548599236057504,NA,4.702077295284629,geo_region,1
231,fish_oil,2019,NA,NA,r2,35,4.463701931205542,3.2124334731657735,NA,4.463701931205542,geo_region,1
231,fish_oil,2020,NA,NA,r2,35,3.888908488020139,4.395076265231746,NA,3.888908488020139,geo_region,1
231,fish_oil,2021,NA,NA,r2,35,4.125339886791366,3.306193203690287,NA,4.125339886791366,geo_region,1
231,fish_oil,2022,NA,NA,r2,35,6.043566430155209,8.148638976069059,NA,6.043566430155209,geo_region,1
232,seaweeds,2018,NA,NA,r2,39,18.76241599903231,10.275189421593952,NA,18.76241599903231,geo_region,1
232,seaweeds,2019,NA,NA,r2,39,46.96082292201427,16.29898735556039,NA,46.96082292201427,geo_region,1
232,seaweeds,2020,NA,NA,r2,39,20.247487454432704,10.904686467625826,NA,20.247487454432704,geo_region,1
232,seaweeds,2021,NA,NA,r2,39,19.40416398570961,18.484025191907875,NA,19.40416398570961,geo_region,1
232,seaweeds,2022,NA,NA,r2,39,17.005950367900795,11.505365226299725,NA,17.005950367900795,geo_region,1
232,ornamentals,2018,NA,NA,r2,39,14.198414670933607,39634.778748635654,NA,14.198414670933607,geo_region,1
232,ornamentals,2019,NA,NA,r2,39,13.566111556541582,214.05315606677638,NA,13.566111556541582,geo_region,1
232,ornamentals,2020,NA,NA,r2,39,14.339791376978802,263.37100345054444,NA,14.339791376978802,geo_region,1
232,ornamentals,2021,NA,NA,r2,39,14.602848932369069,315.17903827248927,NA,14.602848932369069,geo_region,1
232,ornamentals,2022,NA,NA,r2,39,13.979040180975835,354.129859434226,NA,13.979040180975835,geo_region,1
232,fish_oil,2018,NA,NA,r2,39,3.3919279189997713,3.4548599236057504,NA,3.3919279189997713,geo_region,1
232,fish_oil,2019,NA,NA,r2,39,2.8217346453234287,3.2124334731657735,NA,2.8217346453234287,geo_region,1
232,fish_oil,2020,NA,NA,r2,39,2.3412878130792234,4.395076265231746,NA,2.3412878130792234,geo_region,1
232,fish_oil,2021,NA,NA,r2,39,1.968407204236721,3.306193203690287,NA,1.968407204236721,geo_region,1
232,fish_oil,2022,NA,NA,r2,39,2.1156596594286468,8.148638976069059,NA,2.1156596594286468,geo_region,1
237,seaweeds,2018,NA,NA,r2,35,4.880607874947624,10.275189421593952,NA,4.880607874947624,geo_region,1
237,seaweeds,2019,NA,NA,r2,35,5.335437707792218,16.29898735556039,NA,5.335437707792218,geo_region,1
237,seaweeds,2020,NA,NA,r2,35,5.686256030491027,10.904686467625826,NA,5.686256030491027,geo_region,1
237,seaweeds,2021,NA,NA,r2,35,5.832575561749689,18.484025191907875,NA,5.832575561749689,geo_region,1
237,seaweeds,2022,NA,NA,r2,35,5.9883235769503,11.505365226299725,NA,5.9883235769503,geo_region,1
237,ornamentals,2018,NA,NA,r2,35,4.420850308050087,39634.778748635654,NA,4.420850308050087,geo_region,1
237,ornamentals,2019,NA,NA,r2,35,5.16003729904374,214.05315606677638,NA,5.16003729904374,geo_region,1
237,ornamentals,2020,NA,NA,r2,35,6.073033195602348,263.37100345054444,NA,6.073033195602348,geo_region,1
237,ornamentals,2021,NA,NA,r2,35,7.761660915503255,315.17903827248927,NA,7.761660915503255,geo_region,1
237,ornamentals,2022,NA,NA,r2,35,11.397724261342796,354.129859434226,NA,11.397724261342796,geo_region,1
237,fish_oil,2018,NA,NA,r2,35,4.702077295284629,3.4548599236057504,NA,4.702077295284629,geo_region,1
237,fish_oil,2019,NA,NA,r2,35,4.463701931205542,3.2124334731657735,NA,4.463701931205542,geo_region,1
237,fish_oil,2020,NA,NA,r2,35,3.888908488020139,4.395076265231746,NA,3.888908488020139,geo_region,1
237,fish_oil,2021,NA,NA,r2,35,4.125339886791366,3.306193203690287,NA,4.125339886791366,geo_region,1
237,fish_oil,2022,NA,NA,r2,35,6.043566430155209,8.148638976069059,NA,6.043566430155209,geo_region,1
244,fish_oil,2018,14.25,14.5,NA,NA,1.3390586982297266,3.4548599236057504,1.0175438596491229,1.0175438596491229,none,0
244,fish_oil,2019,10.5,10.5,NA,NA,1.2526439137430962,3.2124334731657735,1,1,none,0
244,fish_oil,2020,6.75,6.75,NA,NA,1.271589315568058,4.395076265231746,1,1,none,0
244,fish_oil,2021,3.75,3.75,NA,NA,1.2764244361532855,3.306193203690287,1,1,none,0
244,fish_oil,2022,0,0,NA,NA,1.61186422028017,8.148638976069059,NA,1.61186422028017,geo_region,1
244,seaweeds,2018,NA,NA,NA,NA,33.43536067892503,10.275189421593952,NA,33.43536067892503,geo_region,1
244,seaweeds,2019,NA,NA,NA,NA,26.606902747831157,16.29898735556039,NA,26.606902747831157,geo_region,1
244,seaweeds,2020,NA,NA,NA,NA,16.27481174370217,10.904686467625826,NA,16.27481174370217,geo_region,1
244,seaweeds,2021,NA,NA,NA,NA,21.14420214803502,18.484025191907875,NA,21.14420214803502,geo_region,1
244,seaweeds,2022,NA,NA,NA,NA,24.05035936355738,11.505365226299725,NA,24.05035936355738,geo_region,1
244,ornamentals,2018,NA,NA,NA,NA,790.9594797423088,39634.778748635654,NA,790.9594797423088,geo_region,1
244,ornamentals,2019,NA,NA,NA,NA,1233.9306211288915,214.05315606677638,NA,1233.9306211288915,geo_region,1
244,ornamentals,2020,NA,NA,NA,NA,1128.7078357250932,263.37100345054444,NA,1128.7078357250932,geo_region,1
244,ornamentals,2021,NA,NA,NA,NA,2080.9481310834467,315.17903827248927,NA,2080.9481310834467,geo_region,1
244,ornamentals,2022,NA,NA,NA,NA,7.0375,354.129859434226,NA,7.0375,geo_region,1
245,ornamentals,2018,0,0,NA,NA,790.9594797423088,39634.778748635654,NA,790.9594797423088,geo_region,1
245,ornamentals,2019,0,0,NA,NA,1233.9306211288915,214.05315606677638,NA,1233.9306211288915,geo_region,1
245,ornamentals,2020,0,0,NA,NA,1128.7078357250932,263.37100345054444,NA,1128.7078357250932,geo_region,1
245,ornamentals,2021,0,0,NA,NA,2080.9481310834467,315.17903827248927,NA,2080.9481310834467,geo_region,1
245,ornamentals,2022,0,0,NA,NA,7.0375,354.129859434226,NA,7.0375,geo_region,1
245,seaweeds,2018,NA,NA,NA,NA,33.43536067892503,10.275189421593952,NA,33.43536067892503,geo_region,1
245,seaweeds,2019,NA,NA,NA,NA,26.606902747831157,16.29898735556039,NA,26.606902747831157,geo_region,1
245,seaweeds,2020,NA,NA,NA,NA,16.27481174370217,10.904686467625826,NA,16.27481174370217,geo_region,1
245,seaweeds,2021,NA,NA,NA,NA,21.14420214803502,18.484025191907875,NA,21.14420214803502,geo_region,1
245,seaweeds,2022,NA,NA,NA,NA,24.05035936355738,11.505365226299725,NA,24.05035936355738,geo_region,1
245,fish_oil,2018,NA,NA,NA,NA,1.3390586982297266,3.4548599236057504,NA,1.3390586982297266,geo_region,1
245,fish_oil,2019,NA,NA,NA,NA,1.2526439137430962,3.2124334731657735,NA,1.2526439137430962,geo_region,1
245,fish_oil,2020,NA,NA,NA,NA,1.271589315568058,4.395076265231746,NA,1.271589315568058,geo_region,1
245,fish_oil,2021,NA,NA,NA,NA,1.2764244361532855,3.306193203690287,NA,1.2764244361532855,geo_region,1
245,fish_oil,2022,NA,NA,NA,NA,1.61186422028017,8.148638976069059,NA,1.61186422028017,geo_region,1
247,ornamentals,2018,0,0,NA,NA,790.9594797423088,39634.778748635654,NA,790.9594797423088,geo_region,1
247,ornamentals,2019,0,0,NA,NA,1233.9306211288915,214.05315606677638,NA,1233.9306211288915,geo_region,1
247,ornamentals,2020,0,0,NA,NA,1128.7078357250932,263.37100345054444,NA,1128.7078357250932,geo_region,1
247,ornamentals,2021,0,0,NA,NA,2080.9481310834467,315.17903827248927,NA,2080.9481310834467,geo_region,1
247,ornamentals,2022,0,0,NA,NA,7.0375,354.129859434226,NA,7.0375,geo_region,1
247,seaweeds,2018,1.75,115,NA,NA,33.43536067892503,10.275189421593952,65.71428571428571,65.71428571428571,none,0
247,seaweeds,2019,2.4125,124.6675,NA,NA,26.606902747831157,16.29898735556039,51.67564766839378,51.67564766839378,none,0
247,seaweeds,2020,6.6225,202.735,NA,NA,16.27481174370217,10.904686467625826,30.613061532653834,30.613061532653834,none,0
247,seaweeds,2021,9.415,374.4175,NA,NA,21.14420214803502,18.484025191907875,39.76818906001063,39.76818906001063,none,0
247,seaweeds,2022,11.9525,543.485,NA,NA,24.05035936355738,11.505365226299725,45.47040368123823,45.47040368123823,none,0
247,fish_oil,2018,NA,NA,NA,NA,1.3390586982297266,3.4548599236057504,NA,1.3390586982297266,geo_region,1
247,fish_oil,2019,NA,NA,NA,NA,1.2526439137430962,3.2124334731657735,NA,1.2526439137430962,geo_region,1
247,fish_oil,2020,NA,NA,NA,NA,1.271589315568058,4.395076265231746,NA,1.271589315568058,geo_region,1
247,fish_oil,2021,NA,NA,NA,NA,1.2764244361532855,3.306193203690287,NA,1.2764244361532855,geo_region,1
247,fish_oil,2022,NA,NA,NA,NA,1.61186422028017,8.148638976069059,NA,1.61186422028017,geo_region,1
248,ornamentals,2018,0,0,NA,NA,790.9594797423088,39634.778748635654,NA,790.9594797423088,geo_region,1
248,ornamentals,2019,0,0,NA,NA,1233.9306211288915,214.05315606677638,NA,1233.9306211288915,geo_region,1
248,ornamentals,2020,0,0,NA,NA,1128.7078357250932,263.37100345054444,NA,1128.7078357250932,geo_region,1
248,ornamentals,2021,0,0,NA,NA,2080.9481310834467,315.17903827248927,NA,2080.9481310834467,geo_region,1
248,ornamentals,2022,0,0,NA,NA,7.0375,354.129859434226,NA,7.0375,geo_region,1
248,seaweeds,2018,NA,NA,NA,NA,33.43536067892503,10.275189421593952,NA,33.43536067892503,geo_region,1
248,seaweeds,2019,NA,NA,NA,NA,26.606902747831157,16.29898735556039,NA,26.606902747831157,geo_region,1
248,seaweeds,2020,NA,NA,NA,NA,16.27481174370217,10.904686467625826,NA,16.27481174370217,geo_region,1
248,seaweeds,2021,NA,NA,NA,NA,21.14420214803502,18.484025191907875,NA,21.14420214803502,geo_region,1
248,seaweeds,2022,NA,NA,NA,NA,24.05035936355738,11.505365226299725,NA,24.05035936355738,geo_region,1
248,fish_oil,2018,NA,NA,NA,NA,1.3390586982297266,3.4548599236057504,NA,1.3390586982297266,geo_region,1
248,fish_oil,2019,NA,NA,NA,NA,1.2526439137430962,3.2124334731657735,NA,1.2526439137430962,geo_region,1
248,fish_oil,2020,NA,NA,NA,NA,1.271589315568058,4.395076265231746,NA,1.271589315568058,geo_region,1
248,fish_oil,2021,NA,NA,NA,NA,1.2764244361532855,3.306193203690287,NA,1.2764244361532855,geo_region,1
248,fish_oil,2022,NA,NA,NA,NA,1.61186422028017,8.148638976069059,NA,1.61186422028017,geo_region,1
249,ornamentals,2018,0,0,NA,NA,790.9594797423088,39634.778748635654,NA,790.9594797423088,geo_region,1
249,ornamentals,2019,0,0,NA,NA,1233.9306211288915,214.05315606677638,NA,1233.9306211288915,geo_region,1
249,ornamentals,2020,0,0,NA,NA,1128.7078357250932,263.37100345054444,NA,1128.7078357250932,geo_region,1
249,ornamentals,2021,0,0,NA,NA,2080.9481310834467,315.17903827248927,NA,2080.9481310834467,geo_region,1
249,ornamentals,2022,0,0,NA,NA,7.0375,354.129859434226,NA,7.0375,geo_region,1
249,seaweeds,2018,NA,NA,NA,NA,33.43536067892503,10.275189421593952,NA,33.43536067892503,geo_region,1
249,seaweeds,2019,NA,NA,NA,NA,26.606902747831157,16.29898735556039,NA,26.606902747831157,geo_region,1
249,seaweeds,2020,NA,NA,NA,NA,16.27481174370217,10.904686467625826,NA,16.27481174370217,geo_region,1
249,seaweeds,2021,NA,NA,NA,NA,21.14420214803502,18.484025191907875,NA,21.14420214803502,geo_region,1
249,seaweeds,2022,NA,NA,NA,NA,24.05035936355738,11.505365226299725,NA,24.05035936355738,geo_region,1
249,fish_oil,2018,NA,NA,NA,NA,1.3390586982297266,3.4548599236057504,NA,1.3390586982297266,geo_region,1
249,fish_oil,2019,NA,NA,NA,NA,1.2526439137430962,3.2124334731657735,NA,1.2526439137430962,geo_region,1
249,fish_oil,2020,NA,NA,NA,NA,1.271589315568058,4.395076265231746,NA,1.271589315568058,geo_region,1
249,fish_oil,2021,NA,NA,NA,NA,1.2764244361532855,3.306193203690287,NA,1.2764244361532855,geo_region,1
249,fish_oil,2022,NA,NA,NA,NA,1.61186422028017,8.148638976069059,NA,1.61186422028017,geo_region,1
250,ornamentals,2018,5.5,79.75,NA,NA,790.9594797423088,39634.778748635654,14.5,14.5,none,0
250,ornamentals,2019,5.7,81.1575,NA,NA,1233.9306211288915,214.05315606677638,14.238157894736842,14.238157894736842,none,0
250,ornamentals,2020,3.2,24.9075,NA,NA,1128.7078357250932,263.37100345054444,7.78359375,7.78359375,none,0
250,ornamentals,2021,0.2,1.9075,NA,NA,2080.9481310834467,315.17903827248927,9.5375,9.5375,none,0
250,ornamentals,2022,0.2,1.4075,NA,NA,7.0375,354.129859434226,7.0375,7.0375,none,0
250,seaweeds,2018,NA,NA,NA,NA,33.43536067892503,10.275189421593952,NA,33.43536067892503,geo_region,1
250,seaweeds,2019,NA,NA,NA,NA,26.606902747831157,16.29898735556039,NA,26.606902747831157,geo_region,1
250,seaweeds,2020,NA,NA,NA,NA,16.27481174370217,10.904686467625826,NA,16.27481174370217,geo_region,1
250,seaweeds,2021,NA,NA,NA,NA,21.14420214803502,18.484025191907875,NA,21.14420214803502,geo_region,1
250,seaweeds,2022,NA,NA,NA,NA,24.05035936355738,11.505365226299725,NA,24.05035936355738,geo_region,1
250,fish_oil,2018,NA,NA,NA,NA,1.3390586982297266,3.4548599236057504,NA,1.3390586982297266,geo_region,1
250,fish_oil,2019,NA,NA,NA,NA,1.2526439137430962,3.2124334731657735,NA,1.2526439137430962,geo_region,1
250,fish_oil,2020,NA,NA,NA,NA,1.271589315568058,4.395076265231746,NA,1.271589315568058,geo_region,1
250,fish_oil,2021,NA,NA,NA,NA,1.2764244361532855,3.306193203690287,NA,1.2764244361532855,geo_region,1
250,fish_oil,2022,NA,NA,NA,NA,1.61186422028017,8.148638976069059,NA,1.61186422028017,geo_region,1
