rgn_name,rgn_id,commodity,product,1976,1977,1978,1979,1980,1981,1982,1983,1984,1985,1986,1987,1988,1989,1990,1991,1992,1993,1994,1995,1996,1997,1998,1999,2000,2001,2002,2003,2004,2005,2006,2007,2008,2009,2010,2011,2012,2013,2014,2015,2016,2017,2018,2019,2020,2021,2022
Albania,82,Agar agar nei,seaweeds,NA,NA,NA,NA,NA,NA,NA,NA,NA,NA,NA,NA,NA,NA,NA,NA,NA,NA,NA,NA,NA,NA,NA,NA,NA,NA,NA,NA,NA,NA,NA,NA,NA,NA,NA,NA,NA,NA,1,1,0,0,0,0,0,0,0
Albania,82,Ornamental fish nei,ornamentals,NA,NA,NA,NA,NA,NA,NA,NA,NA,NA,NA,NA,NA,NA,NA,NA,NA,NA,NA,NA,NA,NA,NA,NA,0,0,0,0,2,1,1,0,3,1,0,0,0,0,0,0,0,0,0,0,0,0,0
Albania,82,Z_TOTAL,ornamentals,NA,NA,NA,NA,NA,NA,NA,NA,NA,NA,NA,NA,NA,NA,NA,NA,NA,NA,NA,NA,NA,NA,NA,NA,0,0,0,0,2,1,1,0,3,1,0,0,0,0,0,0,0,0,0,0,0,0,0
Albania,82,Z_TOTAL,seaweeds,NA,NA,NA,NA,NA,NA,NA,NA,NA,NA,NA,NA,NA,NA,NA,NA,NA,NA,NA,NA,NA,NA,NA,NA,NA,NA,NA,NA,NA,NA,NA,NA,NA,NA,NA,NA,NA,NA,1,1,0,0,0,0,0,0,0
Algeria,84,Ornamental fish nei,ornamentals,NA,NA,NA,NA,NA,NA,NA,NA,NA,NA,NA,NA,NA,NA,NA,NA,NA,NA,NA,NA,NA,NA,NA,NA,NA,0,0,1,1,1,0,0,0,0,0,0,0,0,0,0,0,0,0,0,0,0,0
Algeria,84,Z_TOTAL,ornamentals,NA,NA,NA,NA,NA,NA,NA,NA,NA,NA,NA,NA,NA,NA,NA,NA,NA,NA,NA,NA,NA,NA,NA,NA,NA,0,0,1,1,1,0,0,0,0,0,0,0,0,0,0,0,0,0,0,0,0,0
Angola,200,"Fish liver oils, nei",fish_oil,NA,NA,NA,NA,NA,NA,NA,NA,NA,NA,NA,NA,NA,NA,NA,NA,NA,NA,NA,NA,NA,NA,NA,2,0,0,0,0,0,0,0,0,0,8,8,2,0,0,0,0,0,0,0,0,0,0,0
Angola,200,Z_TOTAL,fish_oil,NA,NA,NA,NA,NA,NA,NA,NA,NA,NA,NA,NA,NA,NA,NA,NA,NA,NA,NA,NA,NA,NA,NA,2,0,0,0,0,0,0,0,0,0,8,8,2,0,0,0,0,0,0,0,0,0,0,0
Argentina,172,Agar agar nei,seaweeds,NA,NA,NA,NA,NA,NA,NA,NA,NA,NA,NA,NA,NA,NA,NA,NA,NA,NA,49,55,25,2,1,1,1,1,1,3,4,2,2,5,1,1,2,0,0,0,0,0,0,0,0,0,0,0,0
Argentina,172,"Fish body oils, nei",fish_oil,NA,NA,NA,NA,NA,NA,NA,NA,NA,NA,NA,NA,74,39.825859351057375,29.290205621564837,57.46006722679624,65.95991284224988,46,44.88860538326503,0,0,0,0,34.088435294684245,96,0,0,0,0,0,0,0,0,0,0,0,0,0,0,0,0,0,67,0,0,0,0
Argentina,172,"Fish liver oils, nei",fish_oil,NA,NA,NA,NA,NA,NA,NA,NA,NA,NA,NA,1,6,0,1,0,1,1,0,5,0,0,0,0,0,0,0,31,27,5,2,0,0,0,0,0,0,0,0,1,0,0,0,0,0,0,0
Argentina,172,"Oils and fats of aquatic animals, nei",fish_oil,NA,20.060440677603893,0,58.28484658678721,0,0,0,47.29134157589548,0,0,0,0,0,0,0,0,0,0,0,0,0,0,0,0,0,0,0,0,0,0,0,0,0,0,0,0,0,0,0,0,0,0,0,0,0,0,0
Argentina,172,Ornamental fish nei,ornamentals,4.9874682962849874,7.590358536549331,7.477912968443036,7.365467400336712,17.6618090976512,6.688020296062291,5.217906823770647,4.2003493195408055,0,0,4.768124551345409,1,0,3.5256759109029474,1,8,1,11.6744570316514,0,0,0,0,0,0,0,1,1,2,1,2,2,1,1,1,1,1,0,0,0,0,0,0,0,0,0,0,0
Argentina,172,Other seaweeds and aquatic plants and products thereof,seaweeds,NA,NA,NA,NA,NA,NA,NA,NA,NA,NA,NA,NA,NA,NA,NA,NA,74,0,0,0,0,52.17921526822868,0,49.61922385527715,18,1,0,59,42,88,0,84,0,0,0,0,0,0,0,0,0,0,0,0,0,0,0
Argentina,172,Z_TOTAL,fish_oil,NA,20.060440677603893,0,58.28484658678721,0,0,0,47.29134157589548,0,0,0,1,80,39.825859351057375,30.290205621564837,57.46006722679624,66.95991284224988,47,44.88860538326503,5,0,0,0,34.088435294684245,96,0,0,31,27,5,2,0,0,0,0,0,0,0,0,1,0,0,67,0,0,0,0
Argentina,172,Z_TOTAL,ornamentals,4.9874682962849874,7.590358536549331,7.477912968443036,7.365467400336712,17.6618090976512,6.688020296062291,5.217906823770647,4.2003493195408055,0,0,4.768124551345409,1,0,3.5256759109029474,1,8,1,11.6744570316514,0,0,0,0,0,0,0,1,1,2,1,2,2,1,1,1,1,1,0,0,0,0,0,0,0,0,0,0,0
Argentina,172,Z_TOTAL,seaweeds,NA,NA,NA,NA,NA,NA,NA,NA,NA,NA,NA,NA,NA,NA,NA,NA,74,0,49,55,25,54.17921526822868,1,50.61922385527715,19,2,1,62,46,90,2,89,1,1,2,0,0,0,0,0,0,0,0,0,0,0,0
Aruba,250,Ornamental fish nei,ornamentals,NA,NA,NA,NA,NA,NA,NA,NA,NA,NA,NA,NA,NA,NA,NA,NA,NA,NA,NA,NA,NA,0.3813951654689225,0.6780968640859744,0.25426344364594833,0.25426344364594833,0.12713172182297416,0.25426344364594833,0.25426344364594833,0,0.762790330937845,1.017053774583793,1.1441854964067677,0.25426344364594833,0.25426344364594833,0.01765499087064093,0,0,0,0,0,0,0,0,0,0,0,0
Aruba,250,Ornamental saltwater fish,ornamentals,NA,NA,NA,NA,NA,NA,NA,NA,NA,NA,NA,NA,NA,NA,NA,NA,NA,NA,NA,NA,NA,NA,NA,NA,NA,NA,NA,NA,0.12713172182297416,0,0,0,0,0,0,0,0,0,0,0,10,12,0,0,0,0,0
Aruba,250,Z_TOTAL,ornamentals,NA,NA,NA,NA,NA,NA,NA,NA,NA,NA,NA,NA,NA,NA,NA,NA,NA,NA,NA,NA,NA,0.3813951654689225,0.6780968640859744,0.25426344364594833,0.25426344364594833,0.12713172182297416,0.25426344364594833,0.25426344364594833,0.12713172182297416,0.762790330937845,1.017053774583793,1.1441854964067677,0.25426344364594833,0.25426344364594833,0.01765499087064093,0,0,0,0,0,10,12,0,0,0,0,0
Ascension,85,Ornamental fish nei,ornamentals,NA,NA,NA,NA,NA,NA,NA,NA,NA,NA,NA,NA,NA,NA,NA,NA,NA,NA,NA,NA,NA,NA,NA,NA,NA,0.002453627195310837,0,0.006881681155722852,0,0,0,0.037546901828636514,0,0,0,0,0,0,0,0,0,0,0,0,0,0,0
Ascension,85,Z_TOTAL,ornamentals,NA,NA,NA,NA,NA,NA,NA,NA,NA,NA,NA,NA,NA,NA,NA,NA,NA,NA,NA,NA,NA,NA,NA,NA,NA,0.002453627195310837,0,0.006881681155722852,0,0,0,0.037546901828636514,0,0,0,0,0,0,0,0,0,0,0,0,0,0,0
Australia,16,Agar agar nei,seaweeds,NA,NA,NA,NA,NA,NA,NA,NA,NA,NA,NA,NA,NA,NA,NA,NA,NA,NA,NA,7,4,4,2,0,0,0,0,0,0,4,55,0,0,1,0,0,0,1,1,1,1,2,1,0,0,0,0
Australia,16,"Fish body oils, nei",fish_oil,21,56,62,1,2,6,7,28,0,4,84,0,0,0,2,0,0,44,45,53,24,1,0,12,0,64,21,0,69,0,0,0,0,0,0,0,0,0,0,0,0,0,0,0,0,0,0
Australia,16,"Fish liver oils, nei",fish_oil,NA,NA,NA,NA,NA,NA,NA,NA,NA,NA,NA,NA,NA,18,27,79,0,0,0,0,0,0,0,0,0,0,68,0,0,61,52,68,59,69,98,0,0,0,88,81,33,0,0,0,0,0,0
Australia,16,"Seaweeds and other algae, fit for human consumption, nei",seaweeds,NA,NA,NA,NA,NA,NA,NA,NA,NA,NA,NA,NA,NA,NA,NA,NA,NA,NA,NA,NA,NA,NA,NA,NA,NA,NA,NA,NA,NA,NA,NA,NA,NA,NA,NA,NA,8,7,11,25,4,17,43,0,0,0,0
Australia,16,Z_TOTAL,fish_oil,21,56,62,1,2,6,7,28,0,4,84,0,0,18,29,79,0,44,45,53,24,1,0,12,0,64,89,0,69,61,52,68,59,69,98,0,0,0,88,81,33,0,0,0,0,0,0
Australia,16,Z_TOTAL,seaweeds,NA,NA,NA,NA,NA,NA,NA,NA,NA,NA,NA,NA,NA,NA,NA,NA,NA,NA,NA,7,4,4,2,0,0,0,0,0,0,4,55,0,0,1,0,0,8,8,12,26,5,19,44,0,0,0,0
Bahamas,110,"Seaweeds and other algae, unfit for human consumption, nei",seaweeds,NA,NA,NA,NA,NA,NA,NA,NA,NA,NA,NA,NA,NA,NA,NA,NA,NA,NA,NA,NA,NA,NA,NA,NA,NA,NA,NA,NA,NA,NA,NA,NA,NA,NA,NA,NA,NA,NA,NA,NA,NA,10.018380260409913,0,0,8,5,2
Bahamas,110,Z_TOTAL,seaweeds,NA,NA,NA,NA,NA,NA,NA,NA,NA,NA,NA,NA,NA,NA,NA,NA,NA,NA,NA,NA,NA,NA,NA,NA,NA,NA,NA,NA,NA,NA,NA,NA,NA,NA,NA,NA,NA,NA,NA,NA,NA,10.018380260409913,0,0,8,5,2
Bahrain,52,Ornamental fish nei,ornamentals,NA,NA,NA,NA,NA,NA,NA,NA,NA,NA,NA,NA,NA,NA,NA,NA,NA,NA,1,4,4,1,0,1,0,0,0,0,0,0,0,0,0,0,0,0,0,0,0,0,0,0,0,0,0,0,0
Bahrain,52,Z_TOTAL,ornamentals,NA,NA,NA,NA,NA,NA,NA,NA,NA,NA,NA,NA,NA,NA,NA,NA,NA,NA,1,4,4,1,0,1,0,0,0,0,0,0,0,0,0,0,0,0,0,0,0,0,0,0,0,0,0,0,0
Bangladesh,204,Agar agar nei,seaweeds,NA,NA,NA,NA,NA,NA,NA,NA,NA,NA,NA,NA,NA,NA,NA,NA,NA,NA,NA,NA,NA,NA,NA,NA,NA,NA,NA,NA,NA,NA,NA,8,0,50,63,74,74,25.691176912395008,0,0,0,0,0,0,0,0,0
Bangladesh,204,Ornamental fish nei,ornamentals,NA,NA,NA,NA,NA,NA,NA,NA,32,10,0,3,0,0,0,0,0,0,0,0,0,0,0,0,0,1,2,1,1,11,10,2,0,0,1,10,0,0,0,0,0,0,0,0,0,0,0
Bangladesh,204,Z_TOTAL,ornamentals,NA,NA,NA,NA,NA,NA,NA,NA,32,10,0,3,0,0,0,0,0,0,0,0,0,0,0,0,0,1,2,1,1,11,10,2,0,0,1,10,0,0,0,0,0,0,0,0,0,0,0
Bangladesh,204,Z_TOTAL,seaweeds,NA,NA,NA,NA,NA,NA,NA,NA,NA,NA,NA,NA,NA,NA,NA,NA,NA,NA,NA,NA,NA,NA,NA,NA,NA,NA,NA,NA,NA,NA,NA,8,0,50,63,74,74,25.691176912395008,0,0,0,0,0,0,0,0,0
Barbados,124,"Fish liver oils, nei",fish_oil,NA,NA,NA,NA,NA,NA,NA,NA,NA,NA,NA,NA,NA,NA,NA,NA,NA,NA,NA,NA,NA,NA,NA,0,0,0,0,0,0,0,0,0,1,0,0,1,0,0,0,0,1,0,0,0,0,0,0
Barbados,124,Ornamental fish nei,ornamentals,0,0,0,0,0,0,0,0,0,0,0,0,0,0,0,0,0,0,0,0,0,0,0,0,10,4,3,3,3,1,0,0,0,0.7184573966483905,0,0,0,0,0,0,0,0,0,0,0,0,0
Barbados,124,Other seaweeds and aquatic plants and products thereof,seaweeds,NA,NA,NA,NA,NA,NA,NA,NA,NA,NA,NA,NA,NA,NA,NA,NA,NA,NA,NA,NA,NA,NA,NA,NA,2,2,1,0,0,0,0,0,0,0,0,0,0,0,0,0,0,0,0,0,0,0,0
Barbados,124,Z_TOTAL,fish_oil,NA,NA,NA,NA,NA,NA,NA,NA,NA,NA,NA,NA,NA,NA,NA,NA,NA,NA,NA,NA,NA,NA,NA,0,0,0,0,0,0,0,0,0,1,0,0,1,0,0,0,0,1,0,0,0,0,0,0
Barbados,124,Z_TOTAL,ornamentals,0,0,0,0,0,0,0,0,0,0,0,0,0,0,0,0,0,0,0,0,0,0,0,0,10,4,3,3,3,1,0,0,0,0.7184573966483905,0,0,0,0,0,0,0,0,0,0,0,0,0
Barbados,124,Z_TOTAL,seaweeds,NA,NA,NA,NA,NA,NA,NA,NA,NA,NA,NA,NA,NA,NA,NA,NA,NA,NA,NA,NA,NA,NA,NA,NA,2,2,1,0,0,0,0,0,0,0,0,0,0,0,0,0,0,0,0,0,0,0,0
Belgium,59,Agar agar nei,seaweeds,0,1,4,3,5,6,5,13,15,16,9,10,8,2,0,0,0,0,3,6,4,8,8,30,24,8,13,5,9,51,20,53,38,37,39,32,43,57,0,0,0,0,0,0,0,0,0
Belgium,59,"Fish body oils, nei",fish_oil,NA,NA,NA,NA,NA,51.93590504908033,37.18653444703642,66.31073133387909,0,50.8006638219,0,0,0,0,0,53.23081920834346,60.736156752836195,0,0,0,0,0,0,52,31,37,0,0,0,0,0,0,0,0,0,0,0,0,0,0,0,0,0,0,0,0,0
Belgium,59,"Fish liver oils, nei",fish_oil,NA,29,6,80,34,31,34,6,26,56,0,0,0,0,0,0,66,0,74,0,69,73,0,0,0,0,0,0,0,75,53,0,0,0,46,21,21,40,27,31,96,21,18,0,0,0,0
Belgium,59,"Halibuts, liver oils",fish_oil,NA,NA,NA,NA,NA,NA,NA,NA,NA,NA,NA,NA,NA,NA,NA,NA,NA,NA,NA,NA,NA,1.436917698143219,0,0,0,0,0,0,0,0,0,0,21,8,0,0,1,1,0,0,0,0,1,0,0,0,0
Belgium,59,Ornamental saltwater fish,ornamentals,NA,NA,NA,NA,NA,NA,NA,NA,NA,NA,NA,NA,20,7,7,6,12,19,33,43,27,16,2,3,1,26,27,12,3,5,3,2,0,2,3,3,5,6,3,2,3,4,7,0,0,0,0
Belgium,59,Other seaweeds and aquatic plants and products thereof,seaweeds,NA,NA,NA,NA,NA,NA,NA,NA,NA,NA,NA,NA,NA,13,10,10,28,63,0,54,63,0,0,0,0,0,0,0,0,0,0,0,0,0,0,0,0,0,0,0,0,0,0,0,0,0,0
Belgium,59,Z_TOTAL,fish_oil,NA,29,6,80,34,82.93590504908033,71.18653444703642,72.31073133387909,26,106.8006638219,0,0,0,0,0,53.23081920834346,126.7361567528362,0,74,0,69,74.43691769814322,0,52,31,37,0,0,0,75,53,0,21,8,46,21,22,41,27,31,96,21,19,0,0,0,0
Belgium,59,Z_TOTAL,ornamentals,NA,NA,NA,NA,NA,NA,NA,NA,NA,NA,NA,NA,20,7,7,6,12,19,33,43,27,16,2,3,1,26,27,12,3,5,3,2,0,2,3,3,5,6,3,2,3,4,7,0,0,0,0
Belgium,59,Z_TOTAL,seaweeds,0,1,4,3,5,6,5,13,15,16,9,10,8,15,10,10,28,63,3,60,67,8,8,30,24,8,13,5,9,51,20,53,38,37,39,32,43,57,0,0,0,0,0,0,0,0,0
Belize,164,Ornamental fish nei,ornamentals,NA,3.476260658501486,0,23.447110812657783,39.17857996465307,0,5.318069838006678,4.113830137614603,4.72413067140689,10.778051907752257,11.993199186272665,4.13564529387127,10.189566530216636,25.316188937483805,9.595627363616849,16.859242089418455,18.074389367938863,16.26530292281867,21.714377414435916,6,7,12,0,0,25.981027361917754,12.07500602223516,13.895000045483686,56,53,90,57,40,39,28,20,30,47,27,0,0,0,0,0,0,0,0,0
Belize,164,Other seaweeds and aquatic plants and products thereof,seaweeds,NA,NA,NA,NA,NA,NA,NA,NA,NA,NA,NA,NA,NA,NA,NA,NA,NA,NA,0,1,0,0,0,0,0,0,0,0,0,0,0,0,0,0,0,0,0,0,0,0,0,0,0,0,0,0,0
Belize,164,Z_TOTAL,ornamentals,NA,3.476260658501486,0,23.447110812657783,39.17857996465307,0,5.318069838006678,4.113830137614603,4.72413067140689,10.778051907752257,11.993199186272665,4.13564529387127,10.189566530216636,25.316188937483805,9.595627363616849,16.859242089418455,18.074389367938863,16.26530292281867,21.714377414435916,6,7,12,0,0,25.981027361917754,12.07500602223516,13.895000045483686,56,53,90,57,40,39,28,20,30,47,27,0,0,0,0,0,0,0,0,0
Belize,164,Z_TOTAL,seaweeds,NA,NA,NA,NA,NA,NA,NA,NA,NA,NA,NA,NA,NA,NA,NA,NA,NA,NA,0,1,0,0,0,0,0,0,0,0,0,0,0,0,0,0,0,0,0,0,0,0,0,0,0,0,0,0,0
Bonaire,245,Ornamental fish nei,ornamentals,NA,NA,NA,NA,NA,NA,NA,NA,NA,NA,NA,NA,NA,NA,NA,NA,NA,NA,NA,NA,NA,0.3813951654689225,0.6780968640859744,0.25426344364594833,0.25426344364594833,0.12713172182297416,0.25426344364594833,0.25426344364594833,0,0.762790330937845,1.017053774583793,1.1441854964067677,0.25426344364594833,0.25426344364594833,0.01765499087064093,0,0,0,0,0,0,0,0,0,0,0,0
Bonaire,245,Z_TOTAL,ornamentals,NA,NA,NA,NA,NA,NA,NA,NA,NA,NA,NA,NA,NA,NA,NA,NA,NA,NA,NA,NA,NA,0.3813951654689225,0.6780968640859744,0.25426344364594833,0.25426344364594833,0.12713172182297416,0.25426344364594833,0.25426344364594833,0,0.762790330937845,1.017053774583793,1.1441854964067677,0.25426344364594833,0.25426344364594833,0.01765499087064093,0,0,0,0,0,0,0,0,0,0,0,0
Brazil,171,Agar agar nei,seaweeds,NA,NA,NA,NA,NA,NA,NA,NA,NA,NA,NA,NA,NA,NA,NA,NA,NA,NA,29,10,23,0,1,8,6,1,3,3,3,0,0,0,0,0,3,6,0,5,3,4,6,1,7,0,0,0,0
Brazil,171,Cod liver oil,fish_oil,NA,NA,NA,NA,NA,NA,NA,NA,NA,NA,NA,NA,NA,NA,NA,0,0,1,0,0,0,3,0,0,0,0,0,0,4,3,0,0,0,0,0,0,0,0,0,0,0,0,0,0,0,0,0
Brazil,171,"Fish body oils, nei",fish_oil,42,7,1,0,0,0,0,0,0,0,0,0,1,21,0,0,26,8.47002739522361,0,0,0,60,0,0,1,0,0,0,0,2,0,0,0,0,0,0,0,0,0,22,0,0,0,0,0,0,0
Brazil,171,"Fish liver oils, nei",fish_oil,NA,NA,NA,NA,NA,NA,NA,NA,NA,NA,NA,NA,NA,NA,NA,NA,NA,NA,NA,0,0,0,0,0,0,0,0,0,0,0,0,0,0,0,0,0,0,0,0,0,0,1,0,0,0,0,0
Brazil,171,Ornamental fish nei,ornamentals,NA,NA,NA,NA,NA,NA,NA,NA,NA,NA,NA,NA,NA,NA,NA,NA,NA,NA,NA,NA,NA,NA,NA,NA,NA,NA,NA,NA,95,0,0,0,0,97,86,76,1,0,0,0,0,0,0,0,0,0,0
Brazil,171,Ornamental saltwater fish,ornamentals,NA,NA,NA,NA,NA,NA,NA,NA,NA,NA,NA,NA,NA,NA,NA,NA,NA,NA,NA,NA,NA,NA,NA,NA,NA,NA,NA,NA,NA,NA,NA,NA,NA,NA,NA,NA,6,5,4,4,4,4,3,0,0,0,0
Brazil,171,Other seaweeds and aquatic plants and products thereof,seaweeds,NA,NA,NA,NA,NA,NA,NA,NA,NA,NA,NA,NA,NA,NA,0,0,0,0,0,0,0,0,0,0,0,0,0,0,89,0,47,81,84,94,0,0,0,0,0,0,0,0,0,0,0,0,0
Brazil,171,"Seaweeds and other algae, fit for human consumption, nei",seaweeds,NA,NA,NA,NA,NA,NA,NA,NA,NA,NA,NA,NA,NA,NA,NA,NA,NA,NA,NA,NA,NA,NA,NA,NA,NA,NA,NA,NA,NA,NA,NA,NA,NA,NA,NA,NA,0,0,0,2,0,2,80,0,0,0,0
Brazil,171,Z_TOTAL,fish_oil,42,7,1,0,0,0,0,0,0,0,0,0,1,21,0,0,26,9.47002739522361,0,0,0,63,0,0,1,0,0,0,4,5,0,0,0,0,0,0,0,0,0,22,0,1,0,0,0,0,0
Brazil,171,Z_TOTAL,ornamentals,NA,NA,NA,NA,NA,NA,NA,NA,NA,NA,NA,NA,NA,NA,NA,NA,NA,NA,NA,NA,NA,NA,NA,NA,NA,NA,NA,NA,95,0,0,0,0,97,86,76,7,5,4,4,4,4,3,0,0,0,0
Brazil,171,Z_TOTAL,seaweeds,NA,NA,NA,NA,NA,NA,NA,NA,NA,NA,NA,NA,NA,NA,0,0,0,0,29,10,23,0,1,8,6,1,3,3,92,0,47,81,84,94,3,6,0,5,3,6,6,3,87,0,0,0,0
Brunei,247,Ornamental fish nei,ornamentals,NA,NA,NA,NA,NA,NA,NA,NA,NA,NA,NA,NA,NA,NA,NA,NA,NA,NA,NA,0,0,0,0,0.2807962980034029,0,1.8863870984714164,0.7878017372276469,3.491977898939429,0,0,8.802471577686475,0,0,0,0,0,0,0,0,0,0,0,0,0,0,0,0
Brunei,247,"Seaweeds and other algae, fit for human consumption, nei",seaweeds,NA,NA,NA,NA,NA,NA,NA,NA,NA,NA,NA,NA,NA,NA,NA,NA,NA,NA,NA,NA,NA,NA,NA,NA,NA,NA,NA,NA,NA,NA,NA,NA,NA,NA,NA,NA,NA,NA,NA,1,2,2,0,0,0,0,0
Brunei,247,Z_TOTAL,ornamentals,NA,NA,NA,NA,NA,NA,NA,NA,NA,NA,NA,NA,NA,NA,NA,NA,NA,NA,NA,0,0,0,0,0.2807962980034029,0,1.8863870984714164,0.7878017372276469,3.491977898939429,0,0,8.802471577686475,0,0,0,0,0,0,0,0,0,0,0,0,0,0,0,0
Brunei,247,Z_TOTAL,seaweeds,NA,NA,NA,NA,NA,NA,NA,NA,NA,NA,NA,NA,NA,NA,NA,NA,NA,NA,NA,NA,NA,NA,NA,NA,NA,NA,NA,NA,NA,NA,NA,NA,NA,NA,NA,NA,NA,NA,NA,1,2,2,0,0,0,0,0
Bulgaria,71,Agar agar nei,seaweeds,NA,NA,NA,NA,NA,NA,NA,NA,NA,NA,NA,NA,NA,NA,NA,NA,NA,NA,NA,NA,NA,NA,NA,NA,NA,NA,NA,0,0,0,0,0,0,0,0,0,0,0,0,2,1,2,2,0,0,0,0
Bulgaria,71,Ornamental fish nei,ornamentals,NA,NA,NA,NA,NA,NA,NA,NA,NA,NA,NA,NA,NA,NA,NA,NA,NA,NA,NA,NA,NA,NA,NA,1.9819851610724726,2.720304868599044,2.4335260393468374,0,0,11,6,0,0,0,0,0,0,0,0,0,0,0,0,0,0,0,0,0
Bulgaria,71,Other seaweeds and aquatic plants and products thereof,seaweeds,NA,NA,NA,NA,NA,NA,NA,NA,NA,NA,NA,NA,NA,NA,NA,NA,NA,NA,NA,NA,NA,6,0,2,0,0,0,0,0,0,0,0,0,5,8,5,0,0,0,0,0,0,0,0,0,0,0
Bulgaria,71,"Seaweeds and other algae, fit for human consumption, nei",seaweeds,NA,NA,NA,NA,NA,NA,NA,NA,NA,NA,NA,NA,NA,NA,NA,NA,NA,NA,NA,NA,NA,NA,NA,NA,NA,NA,NA,NA,NA,NA,NA,NA,NA,NA,NA,NA,2,2,4,4,7,3,5,0,0,0,0
Bulgaria,71,Z_TOTAL,ornamentals,NA,NA,NA,NA,NA,NA,NA,NA,NA,NA,NA,NA,NA,NA,NA,NA,NA,NA,NA,NA,NA,NA,NA,1.9819851610724726,2.720304868599044,2.4335260393468374,0,0,11,6,0,0,0,0,0,0,0,0,0,0,0,0,0,0,0,0,0
Bulgaria,71,Z_TOTAL,seaweeds,NA,NA,NA,NA,NA,NA,NA,NA,NA,NA,NA,NA,NA,NA,NA,NA,NA,NA,NA,NA,NA,6,0,2,0,0,0,0,0,0,0,0,0,5,8,5,2,2,4,6,8,5,7,0,0,0,0
Cambodia,24,Ornamental fish nei,ornamentals,NA,NA,NA,NA,NA,NA,NA,NA,NA,NA,NA,NA,NA,NA,NA,NA,NA,NA,NA,NA,NA,NA,NA,NA,NA,NA,NA,NA,NA,NA,63,0,13,47,23.68605755618362,0,9,0,0,0,0,0,0,0,0,0,0
Cambodia,24,Other seaweeds and aquatic plants and products thereof,seaweeds,NA,NA,NA,NA,NA,NA,NA,NA,NA,NA,NA,NA,NA,NA,NA,NA,NA,NA,NA,NA,NA,NA,NA,NA,56,0,44.850898578797576,0,0,0,31.992292852487815,0,0,0,43,0,25,0,0,0,0,0,0,0,0,0,0
Cambodia,24,Z_TOTAL,ornamentals,NA,NA,NA,NA,NA,NA,NA,NA,NA,NA,NA,NA,NA,NA,NA,NA,NA,NA,NA,NA,NA,NA,NA,NA,NA,NA,NA,NA,NA,NA,63,0,13,47,23.68605755618362,0,9,0,0,0,0,0,0,0,0,0,0
Cambodia,24,Z_TOTAL,seaweeds,NA,NA,NA,NA,NA,NA,NA,NA,NA,NA,NA,NA,NA,NA,NA,NA,NA,NA,NA,NA,NA,NA,NA,NA,56,0,44.850898578797576,0,0,0,31.992292852487815,0,0,0,43,0,25,0,0,0,0,0,0,0,0,0,0
Canada,218,Agar agar nei,seaweeds,NA,NA,NA,NA,NA,NA,NA,NA,NA,NA,NA,NA,NA,NA,NA,NA,NA,NA,0,0,0,0,3,1,2,75,3,7,8,14,31,15,5,2,3,10,15,41,92,0,1,1,8,0,0,0,0
Canada,218,Cod liver oil,fish_oil,NA,NA,NA,NA,NA,NA,NA,NA,NA,21.94519568375599,26.62384124548233,0,0,0,0,0,0,26,64,27,13,0,16,2,13,0,24,23,10,13,16,57,11,8,40,53,37,34,46,20,39,41,21,0,21,0,0
Canada,218,"Fish liver oils, nei",fish_oil,NA,NA,NA,NA,NA,NA,NA,NA,NA,NA,NA,NA,NA,NA,69,88,0,19,28,0,2,9,21,5,0,0,20,0,0,0,0,0,0,0,0,0,10,68,22,85,26,10,17,0,0,0,0
Canada,218,Ornamental fish nei,ornamentals,NA,NA,NA,NA,NA,NA,NA,NA,NA,NA,NA,NA,1,0,2,10,3,7,1,7,1,4,9,9,9,4,5,1,16,25,16,22,2,1,2,0,0,0,0,0,0,0,0,0,0,0,0
Canada,218,Ornamental saltwater fish,ornamentals,NA,NA,NA,NA,NA,NA,NA,NA,NA,NA,NA,NA,NA,NA,NA,NA,NA,NA,NA,NA,NA,NA,NA,NA,NA,NA,NA,NA,NA,NA,NA,NA,NA,NA,NA,NA,0,0,1,0,0,1,0,0,0,0,0
Canada,218,Z_TOTAL,fish_oil,NA,NA,NA,NA,NA,NA,NA,NA,NA,21.94519568375599,26.62384124548233,0,0,0,69,88,0,45,92,27,15,9,37,7,13,0,44,23,10,13,16,57,11,8,40,53,47,102,68,105,65,51,38,0,21,0,0
Canada,218,Z_TOTAL,ornamentals,NA,NA,NA,NA,NA,NA,NA,NA,NA,NA,NA,NA,1,0,2,10,3,7,1,7,1,4,9,9,9,4,5,1,16,25,16,22,2,1,2,0,0,0,1,0,0,1,0,0,0,0,0
Canada,218,Z_TOTAL,seaweeds,NA,NA,NA,NA,NA,NA,NA,NA,NA,NA,NA,NA,NA,NA,NA,NA,NA,NA,0,0,0,0,3,1,2,75,3,7,8,14,31,15,5,2,3,10,15,41,92,0,1,1,8,0,0,0,0
Chile,224,"Fish liver oils, nei",fish_oil,NA,NA,NA,NA,NA,NA,NA,NA,NA,NA,NA,NA,NA,NA,NA,NA,2,6,5,0,0,0,0,0,0,0,0,0,0,0,0,0,0,0,0,0,0,0,0,0,0,0,18,0,0,0,0
Chile,224,Ornamental fish nei,ornamentals,NA,NA,NA,NA,NA,NA,NA,NA,NA,NA,NA,NA,NA,NA,NA,NA,NA,1,0,0,0,1,6,0,0,0,0,0,0,0,0,0,0,0,0,0,0,0,0,0,0,0,0,0,0,0,0
Chile,224,Z_TOTAL,fish_oil,NA,NA,NA,NA,NA,NA,NA,NA,NA,NA,NA,NA,NA,NA,NA,NA,2,6,5,0,0,0,0,0,0,0,0,0,0,0,0,0,0,0,0,0,0,0,0,0,0,0,18,0,0,0,0
Chile,224,Z_TOTAL,ornamentals,NA,NA,NA,NA,NA,NA,NA,NA,NA,NA,NA,NA,NA,NA,NA,NA,NA,1,0,0,0,1,6,0,0,0,0,0,0,0,0,0,0,0,0,0,0,0,0,0,0,0,0,0,0,0,0
China,209,Agar agar nei,seaweeds,NA,NA,NA,NA,NA,NA,NA,NA,NA,NA,NA,NA,NA,NA,NA,NA,NA,NA,NA,1,0,0.05957432902139814,0,1,1,0,0,0,0,0,0,0,0,0,0,1,0,0,0,0,0,4,3,0,0,0,0
China,209,"Fish body oils, nei",fish_oil,NA,NA,NA,NA,NA,NA,1,0,1,0,2,0,0,0,0,0,45,15,1,15,1,37,2,0,0,0,0,0,0,0,0,1,0,2,0,0,0,0,0,0,0,68,0,0,0,0,0
China,209,"Fish liver oils, nei",fish_oil,NA,NA,NA,NA,NA,NA,NA,NA,NA,NA,NA,5,2,3,44,13,0,0,97,0,0,0,0,0,0,37,28,46,84,0,43,49,67,92,0,0,0,0,0,0,0,29,22,0,0,0,0
China,209,Ornamental fish nei,ornamentals,NA,NA,NA,NA,NA,NA,NA,1,3,0,0,0,1,0,0,0,0,0,0,0,0,0,0,0,0,0,0,0,0,0,0,0,0,0,0,0,0,0,0,0,0,0,0,0,0,0,0
China,209,Ornamental saltwater fish,ornamentals,NA,NA,2.188219189089665,0,1.2285913849531767,0.8801277672558001,0.8994449457968017,1.0238423518344746,0,0,0,1.2061912934951806,3.169492680724815,2.6634087217824174,0,0,0,0,0,0,0,0,0.4729582099760705,0,4.504641211932025,1.1613911105791885,2.651831474073745,0.3068435339393858,0.7464816224671296,1.9742214172199795,0.890196207045804,1.277294181825198,0.5085096541410934,0.2125861501920383,0,0.1461402797773701,1,0,1.5701347728572586,0,0,0,0,0,0,0,0
China,209,Other red algae,seaweeds,NA,NA,NA,NA,NA,NA,NA,NA,NA,NA,NA,NA,NA,NA,NA,NA,NA,NA,NA,NA,NA,NA,NA,NA,65,0,0,0,0,0,0,0,18,2,0,8,3,3,0,0,0,0,0,0,0,0,0
China,209,Other seaweeds and aquatic plants and products thereof,seaweeds,NA,NA,NA,NA,NA,NA,NA,NA,NA,NA,NA,NA,NA,NA,9.602322304501271,0,0,0,27,5,2,1,1,6.961281216366572,0,0,0,27,1,0,3.7959207058146376,0,0,2,0,0,0,0,0,0,0,0,0,0,0,0,0
China,209,Z_TOTAL,fish_oil,NA,NA,NA,NA,NA,NA,1,0,1,0,2,5,2,3,44,13,45,15,98,15,1,37,2,0,0,37,28,46,84,0,43,50,67,94,0,0,0,0,0,0,0,97,22,0,0,0,0
China,209,Z_TOTAL,ornamentals,NA,NA,2.188219189089665,0,1.2285913849531767,0.8801277672558001,0.8994449457968017,2.0238423518344746,3,0,0,1.2061912934951806,4.169492680724815,2.6634087217824174,0,0,0,0,0,0,0,0,0.4729582099760705,0,4.504641211932025,1.1613911105791885,2.651831474073745,0.3068435339393858,0.7464816224671296,1.9742214172199795,0.890196207045804,1.277294181825198,0.5085096541410934,0.2125861501920383,0,0.1461402797773701,1,0,1.5701347728572586,0,0,0,0,0,0,0,0
China,209,Z_TOTAL,seaweeds,NA,NA,NA,NA,NA,NA,NA,NA,NA,NA,NA,NA,NA,NA,9.602322304501271,0,0,0,27,6,2,1.0595743290213981,1,7.961281216366572,66,0,0,27,1,0,3.7959207058146376,0,18,4,0,9,3,3,0,0,0,4,3,0,0,0,0
Colombia,132,Cod liver oil,fish_oil,NA,NA,NA,NA,NA,NA,NA,NA,NA,NA,NA,NA,NA,NA,NA,NA,1,3,0,0,0,0,0,0,0,0,2,2,3,4,1,0,0,0,2,2,0,0,0,0,0,0,0,0,0,0,0
Colombia,132,"Fish body oils, nei",fish_oil,NA,NA,NA,NA,NA,NA,NA,NA,NA,NA,NA,NA,NA,NA,NA,NA,3,13,2,0,3,19,32,0,0,0,0,0,1,2,6,20,31,0,0,1,0,66,3,14,0,0,0,0,0,0,0
Colombia,132,"Fish liver oils, nei",fish_oil,NA,NA,NA,NA,NA,1,0,0,0,0,0,0,0,0,0,0,0,0,0,1,0,0,3,0,1,4,1,0,0,0,0,0,0,0,0,0,0,0,0,0,0,0,0,0,0,0,0
Colombia,132,Other seaweeds and aquatic plants and products thereof,seaweeds,NA,NA,NA,NA,NA,NA,NA,NA,NA,NA,NA,NA,NA,NA,NA,NA,NA,NA,NA,NA,NA,NA,0,0,0,0,0,0,0,1,0,0,0,0,0,0,0,0,0,0,0,0,0,0,0,0,0
Colombia,132,"Seaweeds and other algae, fit for human consumption, nei",seaweeds,NA,NA,NA,NA,NA,NA,NA,NA,NA,NA,NA,NA,NA,NA,NA,NA,NA,NA,NA,NA,NA,NA,NA,NA,NA,NA,NA,NA,NA,NA,NA,NA,NA,NA,NA,NA,NA,0,2,1,0,0,0,0,0,0,0
Colombia,132,Z_TOTAL,fish_oil,NA,NA,NA,NA,NA,1,0,0,0,0,0,0,0,0,0,0,4,16,2,1,3,19,35,0,1,4,3,2,4,6,7,20,31,0,2,3,0,66,3,14,0,0,0,0,0,0,0
Colombia,132,Z_TOTAL,seaweeds,NA,NA,NA,NA,NA,NA,NA,NA,NA,NA,NA,NA,NA,NA,NA,NA,NA,NA,NA,NA,NA,NA,0,0,0,0,0,0,0,1,0,0,0,0,0,0,0,0,2,1,0,0,0,0,0,0,0
Cook Islands,153,Ornamental fish nei,ornamentals,NA,NA,NA,NA,NA,NA,NA,NA,NA,NA,NA,NA,NA,NA,NA,NA,13,9,16,0,0,0,14,8,14,6,12,19,9,11.060231429756602,13.045073356799502,0,0,0,0,0,0,0,0,0,0,0,0,0,0,0,0
Cook Islands,153,Z_TOTAL,ornamentals,NA,NA,NA,NA,NA,NA,NA,NA,NA,NA,NA,NA,NA,NA,NA,NA,13,9,16,0,0,0,14,8,14,6,12,19,9,11.060231429756602,13.045073356799502,0,0,0,0,0,0,0,0,0,0,0,0,0,0,0,0
Costa Rica,130,"Fish body oils, nei",fish_oil,NA,NA,NA,NA,NA,NA,NA,NA,NA,NA,NA,NA,2,0,0,0,0,0,0,0,0,0,0,0,0,0,0,0,0,0,0,0,0,0,1,100.87780374097883,0,0,0,0,0,0,0,0,0,0,0
Costa Rica,130,"Fish liver oils, nei",fish_oil,NA,NA,NA,NA,NA,NA,NA,NA,NA,NA,NA,NA,NA,NA,NA,NA,NA,NA,NA,0,22,0,1,0.044544564154852306,0,2,3,0,1,0,0,0,0,0,0,0,80,0,0,0,0,0,0,0,0,0,0
Costa Rica,130,Ornamental fish nei,ornamentals,NA,NA,NA,NA,NA,NA,NA,NA,9,0,7,28,66,81,0,97,87,77,0,87,83,90,0,93,95,97,0,0,85,75,69,73,48,5,0,3,0,0,0,0,0,0,0,0,0,0,0
Costa Rica,130,Ornamental saltwater fish,ornamentals,NA,NA,NA,NA,NA,NA,NA,NA,NA,NA,NA,NA,NA,NA,NA,NA,NA,NA,NA,NA,NA,NA,NA,NA,NA,NA,NA,NA,NA,NA,NA,NA,24,19,11,9,0,10,4,6,5,3,7,0,0,0,0
Costa Rica,130,Other seaweeds and aquatic plants and products thereof,seaweeds,NA,NA,NA,NA,NA,NA,NA,NA,NA,NA,NA,NA,NA,NA,3.011954322903752,0,0,0,0.6797733349911539,0,0,0,1,1,1,1,1,0,0,0,0,0,0,0,0,0,0,0,0,0,0,0,0,0,0,0,0
Costa Rica,130,Z_TOTAL,fish_oil,NA,NA,NA,NA,NA,NA,NA,NA,NA,NA,NA,NA,2,0,0,0,0,0,0,0,22,0,1,0.044544564154852306,0,2,3,0,1,0,0,0,0,0,1,100.87780374097883,80,0,0,0,0,0,0,0,0,0,0
Costa Rica,130,Z_TOTAL,ornamentals,NA,NA,NA,NA,NA,NA,NA,NA,9,0,7,28,66,81,0,97,87,77,0,87,83,90,0,93,95,97,0,0,85,75,69,73,72,24,11,12,0,10,4,6,5,3,7,0,0,0,0
Costa Rica,130,Z_TOTAL,seaweeds,NA,NA,NA,NA,NA,NA,NA,NA,NA,NA,NA,NA,NA,NA,3.011954322903752,0,0,0,0.6797733349911539,0,0,0,1,1,1,1,1,0,0,0,0,0,0,0,0,0,0,0,0,0,0,0,0,0,0,0,0
Croatia,187,Agar agar nei,seaweeds,NA,NA,NA,NA,NA,NA,NA,NA,NA,NA,NA,NA,NA,NA,NA,NA,NA,NA,NA,NA,NA,NA,NA,NA,2,0,0,1,0,0,0,0,1,0,0,0,0,0,0,0,0,0,0,0,0,0,0
Croatia,187,"Fish body oils, nei",fish_oil,NA,NA,NA,NA,NA,NA,NA,NA,NA,NA,NA,NA,NA,NA,NA,NA,4,13.876516390366874,46,16,14,16,43,0,28,27,1,0,15,0,11,0,9,4,4,3,3,52,5,67,43,0,6,0,0,0,0
Croatia,187,"Fish liver oils, nei",fish_oil,NA,NA,NA,NA,NA,NA,NA,NA,NA,NA,NA,NA,NA,NA,NA,NA,NA,NA,NA,NA,NA,NA,NA,NA,NA,NA,NA,0,0,0,1,2,0,0,1,0,0,13,1,3,5,3,0,0,0,0,0
Croatia,187,Other seaweeds and aquatic plants and products thereof,seaweeds,NA,NA,NA,NA,NA,NA,NA,NA,NA,NA,NA,NA,NA,NA,NA,NA,NA,NA,NA,1,3,4,0,3,1,1,1,0,0,0,0,0,0,0,0,0,0,0,0,0,0,0,0,0,0,0,0
Croatia,187,"Seaweeds and other algae, fit for human consumption, nei",seaweeds,NA,NA,NA,NA,NA,NA,NA,NA,NA,NA,NA,NA,NA,NA,NA,NA,NA,NA,NA,NA,NA,NA,NA,NA,NA,NA,NA,NA,NA,NA,NA,NA,NA,NA,NA,NA,3,0,0,0,0,0,0,0,0,0,0
Croatia,187,Z_TOTAL,fish_oil,NA,NA,NA,NA,NA,NA,NA,NA,NA,NA,NA,NA,NA,NA,NA,NA,4,13.876516390366874,46,16,14,16,43,0,28,27,1,0,15,0,12,2,9,4,5,3,3,65,6,70,48,3,6,0,0,0,0
Croatia,187,Z_TOTAL,seaweeds,NA,NA,NA,NA,NA,NA,NA,NA,NA,NA,NA,NA,NA,NA,NA,NA,NA,NA,NA,1,3,4,0,3,3,1,1,1,0,0,0,0,1,0,0,0,3,0,0,0,0,0,0,0,0,0,0
Cuba,112,Ornamental fish nei,ornamentals,NA,NA,NA,NA,NA,NA,NA,NA,NA,NA,NA,NA,NA,NA,NA,NA,NA,NA,NA,NA,NA,NA,NA,10,14,16,14,14,14,12,19,20,10,11,9,6,0,0,0,0,0,0,0,0,0,0,0
Cuba,112,Ornamental saltwater fish,ornamentals,NA,NA,NA,NA,NA,NA,NA,NA,NA,NA,NA,NA,NA,NA,NA,NA,NA,NA,NA,NA,NA,NA,NA,NA,NA,NA,NA,NA,NA,NA,NA,NA,NA,NA,NA,NA,4,3,4,2,0,0,9,0,0,0,0
Cuba,112,Other seaweeds and aquatic plants and products thereof,seaweeds,NA,NA,NA,NA,NA,NA,NA,NA,NA,NA,NA,NA,NA,NA,NA,NA,NA,NA,NA,NA,NA,NA,NA,3,11,8,5,3,3,1,1,0,0,3,1,0,0,0,0,0,0,0,0,0,0,0,0
Cuba,112,Z_TOTAL,ornamentals,NA,NA,NA,NA,NA,NA,NA,NA,NA,NA,NA,NA,NA,NA,NA,NA,NA,NA,NA,NA,NA,NA,NA,10,14,16,14,14,14,12,19,20,10,11,9,6,4,3,4,2,0,0,9,0,0,0,0
Cuba,112,Z_TOTAL,seaweeds,NA,NA,NA,NA,NA,NA,NA,NA,NA,NA,NA,NA,NA,NA,NA,NA,NA,NA,NA,NA,NA,NA,NA,3,11,8,5,3,3,1,1,0,0,3,1,0,0,0,0,0,0,0,0,0,0,0,0
Cyprus,81,"Seaweeds and other algae, fit for human consumption, nei",seaweeds,NA,NA,NA,NA,NA,NA,NA,NA,NA,NA,NA,NA,NA,NA,NA,NA,NA,NA,NA,NA,NA,NA,NA,NA,NA,NA,NA,NA,NA,NA,NA,NA,NA,NA,NA,NA,NA,1,0,1,1,2,1,0,0,0,0
Cyprus,81,Z_TOTAL,seaweeds,NA,NA,NA,NA,NA,NA,NA,NA,NA,NA,NA,NA,NA,NA,NA,NA,NA,NA,NA,NA,NA,NA,NA,NA,NA,NA,NA,NA,NA,NA,NA,NA,NA,NA,NA,NA,NA,1,0,1,1,2,1,0,0,0,0
Denmark,175,Agar agar nei,seaweeds,NA,NA,NA,NA,NA,NA,NA,12,7,7,8,25,23,18,9,7,2,9,8,43,0,0,48,53,27,6,27,27,53,46,27,26,9,4,3,7,1,1,16,27,23,29,0,0,0,0,0
Denmark,175,"Fish liver oils, nei",fish_oil,1,1,0,0,0,0,91,20,4,2,4,0,0,0,0,0,98,96,0,0,0,0,0,83,0,0,0,0,0,0,0,0,0,79,21,0,0,0,0,0,0,0,0,0,0,0,0
Denmark,175,"Halibuts, liver oils",fish_oil,NA,NA,NA,NA,NA,NA,NA,NA,NA,NA,NA,NA,NA,NA,NA,NA,NA,NA,NA,NA,NA,NA,2,7,22,0,0,0,0,0,3,0,4,0,0,0,3,1,0,0,32,12,55,0,0,0,0
Denmark,175,Ornamental saltwater fish,ornamentals,NA,NA,NA,NA,NA,NA,NA,NA,NA,NA,NA,NA,19,0,8,41,13,4,4,4.63607808720792,0,0,10,3,1,4,1,1,0,0,1,0,0,0,0,0,0,0,1,6,19,5,4,0,0,0,0
Denmark,175,Other seaweeds and aquatic plants and products thereof,seaweeds,NA,NA,NA,NA,NA,NA,NA,NA,NA,NA,NA,NA,2,2,2,0,2,45,21,20,13,66,55,70,0,0,26,88,0,0,0,0,0,0,0,0,0,0,0,0,0,0,0,0,0,0,0
Denmark,175,Z_TOTAL,fish_oil,1,1,0,0,0,0,91,20,4,2,4,0,0,0,0,0,98,96,0,0,0,0,2,90,22,0,0,0,0,0,3,0,4,79,21,0,3,1,0,0,32,12,55,0,0,0,0
Denmark,175,Z_TOTAL,ornamentals,NA,NA,NA,NA,NA,NA,NA,NA,NA,NA,NA,NA,19,0,8,41,13,4,4,4.63607808720792,0,0,10,3,1,4,1,1,0,0,1,0,0,0,0,0,0,0,1,6,19,5,4,0,0,0,0
Denmark,175,Z_TOTAL,seaweeds,NA,NA,NA,NA,NA,NA,NA,12,7,7,8,25,25,20,11,7,4,54,29,63,13,66,103,123,27,6,53,115,53,46,27,26,9,4,3,7,1,1,16,27,23,29,0,0,0,0,0
Dominican Republic,115,Agar agar nei,seaweeds,NA,NA,NA,NA,NA,NA,NA,NA,NA,NA,NA,NA,NA,NA,NA,NA,NA,NA,NA,NA,NA,NA,NA,NA,NA,NA,NA,NA,NA,0,0,0,1,0,0,0,7,1,2,1,1,0,0,0,0,0,0
Dominican Republic,115,"Fish body oils, nei",fish_oil,0,0,0,0,0,0,0,0,0,0,0,0,0,0,0,0,0,0,0,0,0,0.26413102462553883,1,0.2583232730061127,1,0,0,0,0,0,0,0,0,0,0,0,4,0,0,1,0,0,0,0,0,0,0
Dominican Republic,115,Ornamental fish nei,ornamentals,NA,NA,NA,0,0,0,0,0,0,0,0,0,0,0,0,0.26782903721272167,6.710105477926181,1.8113659750688105,0,0,3.916652568083114,3.218289340622347,1.3998257730558195,0.9814876306214924,1.5432372857797072,2.2449994834511413,12.327602029508325,12.329301514613658,6.870511841703407,0,7.013923354427295,0,0,0,0,0,0,0,0,0,0,0,0,0,0,0,0
Dominican Republic,115,Z_TOTAL,fish_oil,0,0,0,0,0,0,0,0,0,0,0,0,0,0,0,0,0,0,0,0,0,0.26413102462553883,1,0.2583232730061127,1,0,0,0,0,0,0,0,0,0,0,0,4,0,0,1,0,0,0,0,0,0,0
Dominican Republic,115,Z_TOTAL,ornamentals,NA,NA,NA,0,0,0,0,0,0,0,0,0,0,0,0,0.26782903721272167,6.710105477926181,1.8113659750688105,0,0,3.916652568083114,3.218289340622347,1.3998257730558195,0.9814876306214924,1.5432372857797072,2.2449994834511413,12.327602029508325,12.329301514613658,6.870511841703407,0,7.013923354427295,0,0,0,0,0,0,0,0,0,0,0,0,0,0,0,0
Dominican Republic,115,Z_TOTAL,seaweeds,NA,NA,NA,NA,NA,NA,NA,NA,NA,NA,NA,NA,NA,NA,NA,NA,NA,NA,NA,NA,NA,NA,NA,NA,NA,NA,NA,NA,NA,0,0,0,1,0,0,0,7,1,2,1,1,0,0,0,0,0,0
Ecuador,137,"Fish liver oils, nei",fish_oil,NA,NA,NA,NA,NA,NA,NA,NA,NA,NA,NA,NA,NA,NA,NA,NA,NA,NA,NA,20,16,33,0,51.29898500363604,21.647734929410575,0,0,0,0,0,0,2,7,5,0,0,0,90,0,0,0,0,21,80,0,0,0
Ecuador,137,Ornamental fish nei,ornamentals,1,2,1,1,1,1,1,0,1,13,0,0,12,22,37,30,19,23,28,32,43,64,57,38,37,53,58,55,7,11,22,10,6,10,20,19,24,0,0,0,0,0,0,0,0,0,0
Ecuador,137,Ornamental saltwater fish,ornamentals,NA,NA,NA,NA,NA,NA,NA,NA,NA,NA,NA,NA,NA,NA,NA,NA,NA,NA,NA,NA,NA,NA,NA,NA,NA,NA,NA,NA,NA,NA,NA,NA,NA,NA,NA,NA,NA,11,13,10,0,8,6,2,0,0,0
Ecuador,137,Other seaweeds and aquatic plants and products thereof,seaweeds,NA,NA,NA,NA,NA,NA,NA,NA,NA,NA,NA,NA,NA,NA,NA,NA,NA,NA,NA,NA,0,3,0,8,9,6,5,7,6,7,14,22,24,15,27,26,28,7,0,0,0,0,0,0,0,0,0
Ecuador,137,"Seaweeds and other algae, fit for human consumption, nei",seaweeds,NA,NA,NA,NA,NA,NA,NA,NA,NA,NA,NA,NA,NA,NA,NA,NA,NA,NA,NA,NA,NA,NA,NA,NA,NA,NA,NA,NA,NA,NA,NA,NA,NA,NA,NA,NA,NA,3,12,17,48,35,40,0,39,0,0
Ecuador,137,"Seaweeds and other algae, unfit for human consumption, nei",seaweeds,NA,NA,NA,NA,NA,NA,NA,NA,NA,NA,NA,NA,NA,NA,NA,NA,NA,NA,NA,NA,NA,NA,NA,NA,NA,NA,NA,NA,NA,NA,NA,NA,NA,NA,NA,NA,NA,NA,1,2,0,0,0,0,1,0,0
Ecuador,137,Z_TOTAL,fish_oil,NA,NA,NA,NA,NA,NA,NA,NA,NA,NA,NA,NA,NA,NA,NA,NA,NA,NA,NA,20,16,33,0,51.29898500363604,21.647734929410575,0,0,0,0,0,0,2,7,5,0,0,0,90,0,0,0,0,21,80,0,0,0
Ecuador,137,Z_TOTAL,ornamentals,1,2,1,1,1,1,1,0,1,13,0,0,12,22,37,30,19,23,28,32,43,64,57,38,37,53,58,55,7,11,22,10,6,10,20,19,24,11,13,10,0,8,6,2,0,0,0
Ecuador,137,Z_TOTAL,seaweeds,NA,NA,NA,NA,NA,NA,NA,NA,NA,NA,NA,NA,NA,NA,NA,NA,NA,NA,NA,NA,0,3,0,8,9,6,5,7,6,7,14,22,24,15,27,26,28,10,13,19,48,35,40,0,40,0,0
Egypt,214,"Fish body oils, nei",fish_oil,NA,NA,NA,NA,NA,NA,NA,NA,NA,NA,NA,NA,NA,NA,NA,NA,NA,NA,NA,NA,NA,NA,NA,NA,NA,NA,NA,NA,NA,NA,NA,NA,41,73,28.694503674222688,15,0,78,1,3,1,14,0,0,0,0,0
Egypt,214,"Fish liver oils, nei",fish_oil,NA,NA,NA,NA,NA,NA,NA,NA,NA,NA,NA,NA,NA,NA,NA,NA,NA,NA,NA,NA,NA,NA,NA,NA,NA,NA,NA,NA,NA,NA,NA,NA,NA,NA,NA,10,34,5,0,5,24,12,0,0,0,0,0
Egypt,214,Ornamental fish nei,ornamentals,NA,NA,NA,NA,NA,NA,NA,NA,NA,NA,NA,NA,NA,NA,NA,NA,NA,NA,61,55,0,35,30,29,63,39,23,12,11,0,1,0,5,4,18,3,10,8,24,0,38,23,22,0,0,0,0
Egypt,214,Ornamental saltwater fish,ornamentals,NA,NA,NA,NA,NA,NA,NA,NA,NA,NA,NA,NA,NA,NA,NA,NA,NA,NA,NA,NA,NA,NA,NA,NA,NA,NA,NA,NA,NA,NA,NA,NA,NA,NA,NA,NA,NA,NA,NA,0,2,7,1,0,0,0,0
Egypt,214,Other seaweeds and aquatic plants and products thereof,seaweeds,NA,NA,NA,NA,NA,NA,NA,NA,NA,NA,NA,NA,NA,NA,NA,NA,NA,NA,40,2,0,60,61,60,20,26,10,20,70,0,0,20,25,59,56,81,48,7,36,50,16,0,61,0,0,0,0
Egypt,214,"Seaweeds and other algae, fit for human consumption, nei",seaweeds,NA,NA,NA,NA,NA,NA,NA,NA,NA,NA,NA,NA,NA,NA,NA,NA,NA,NA,NA,NA,NA,NA,NA,NA,NA,NA,NA,NA,NA,NA,NA,NA,NA,NA,NA,NA,NA,0,7,0,33,33,3,42,0,0,0
Egypt,214,Z_TOTAL,fish_oil,NA,NA,NA,NA,NA,NA,NA,NA,NA,NA,NA,NA,NA,NA,NA,NA,NA,NA,NA,NA,NA,NA,NA,NA,NA,NA,NA,NA,NA,NA,NA,NA,41,73,28.694503674222688,25,34,83,1,8,25,26,0,0,0,0,0
Egypt,214,Z_TOTAL,ornamentals,NA,NA,NA,NA,NA,NA,NA,NA,NA,NA,NA,NA,NA,NA,NA,NA,NA,NA,61,55,0,35,30,29,63,39,23,12,11,0,1,0,5,4,18,3,10,8,24,0,40,30,23,0,0,0,0
Egypt,214,Z_TOTAL,seaweeds,NA,NA,NA,NA,NA,NA,NA,NA,NA,NA,NA,NA,NA,NA,NA,NA,NA,NA,40,2,0,60,61,60,20,26,10,20,70,0,0,20,25,59,56,81,48,7,43,50,49,33,64,42,0,0,0
El Salvador,134,"Fish body oils, nei",fish_oil,NA,NA,NA,NA,NA,NA,NA,NA,NA,NA,NA,NA,NA,NA,NA,NA,NA,NA,NA,NA,NA,NA,NA,83,0,0,0,2,0,98,34,20,106.18261007465253,109.19442311519151,72,104.18709115373827,0,0,0,0,0,0,0,0,0,0,0
El Salvador,134,Ornamental fish nei,ornamentals,0,0,0,0,0,0,0,0,0,0,0,0,0.5120186145667152,0,0,0,0,0,0,1,0,0,0,0,40,0,0,0,0,0,0,0,0,0,0,0,0,0,0,0,0,0,0,0,0,0,0
El Salvador,134,Z_TOTAL,fish_oil,NA,NA,NA,NA,NA,NA,NA,NA,NA,NA,NA,NA,NA,NA,NA,NA,NA,NA,NA,NA,NA,NA,NA,83,0,0,0,2,0,98,34,20,106.18261007465253,109.19442311519151,72,104.18709115373827,0,0,0,0,0,0,0,0,0,0,0
El Salvador,134,Z_TOTAL,ornamentals,0,0,0,0,0,0,0,0,0,0,0,0,0.5120186145667152,0,0,0,0,0,0,1,0,0,0,0,40,0,0,0,0,0,0,0,0,0,0,0,0,0,0,0,0,0,0,0,0,0,0
Equatorial Guinea,104,Ornamental fish nei,ornamentals,NA,NA,NA,NA,NA,NA,NA,NA,NA,NA,NA,NA,NA,NA,NA,NA,NA,NA,NA,4.154199014860048,0,2.5555428195768712,0,0,0,0,0,2.372517649231824,0,0,0,0,0,0,0,0,0,0,0,0,0,0,0,0,0,0,0
Equatorial Guinea,104,Z_TOTAL,ornamentals,NA,NA,NA,NA,NA,NA,NA,NA,NA,NA,NA,NA,NA,NA,NA,NA,NA,NA,NA,4.154199014860048,0,2.5555428195768712,0,0,0,0,0,2.372517649231824,0,0,0,0,0,0,0,0,0,0,0,0,0,0,0,0,0,0,0
Eritrea,45,Ornamental fish nei,ornamentals,NA,NA,NA,NA,NA,NA,NA,NA,NA,NA,NA,NA,NA,NA,NA,NA,NA,NA,NA,NA,1,2,0,0,0,0,0,0,0,0,0,0,3,1,0,0,0,0,0,0,0,0,0,0,0,0,0
Eritrea,45,Z_TOTAL,ornamentals,NA,NA,NA,NA,NA,NA,NA,NA,NA,NA,NA,NA,NA,NA,NA,NA,NA,NA,NA,NA,1,2,0,0,0,0,0,0,0,0,0,0,3,1,0,0,0,0,0,0,0,0,0,0,0,0,0
Estonia,70,Agar agar nei,seaweeds,NA,NA,NA,NA,NA,NA,NA,NA,NA,NA,NA,NA,NA,NA,NA,NA,NA,NA,NA,NA,NA,NA,45,40,53,96,63,31,6,26,24,26,19,2,18,9,4,1,0,0,0,1,0,0,0,0,0
Estonia,70,"Fish body oils, nei",fish_oil,NA,NA,NA,NA,NA,NA,NA,NA,NA,NA,NA,NA,NA,NA,NA,NA,29,7,11,14,24,8,7,0,53,34,18,16,5.196018407328324,0,0,2,8,3,2,1,1,1,1,2,2,1,9,0,0,0,0
Estonia,70,"Fish liver oils, nei",fish_oil,NA,NA,NA,NA,NA,NA,NA,NA,NA,NA,NA,NA,NA,NA,NA,NA,NA,36,11,18,2.228448410055478,0,0,0,0,0,0,0,1.262260971622311,0,0,1,0,0,0,0,0,0,0,0,0,0,2,0,0,0,0
Estonia,70,Other seaweeds and aquatic plants and products thereof,seaweeds,NA,NA,NA,NA,NA,NA,NA,NA,NA,NA,NA,NA,NA,NA,NA,NA,NA,NA,NA,NA,NA,NA,NA,NA,46.12492879177614,0,0,0,53.25534063877487,46.75232348742239,0,0,0,18,74,0,0,0,0,0,0,0,0,0,0,0,0
Estonia,70,"Seaweeds and other algae, fit for human consumption, nei",seaweeds,NA,NA,NA,NA,NA,NA,NA,NA,NA,NA,NA,NA,NA,NA,NA,NA,NA,NA,NA,NA,NA,NA,NA,NA,NA,NA,NA,NA,NA,NA,NA,NA,NA,NA,NA,NA,1,10,1,0,1,2,1,0,0,0,0
Estonia,70,"Seaweeds and other algae, unfit for human consumption, nei",seaweeds,NA,NA,NA,NA,NA,NA,NA,NA,NA,NA,NA,NA,NA,NA,NA,NA,NA,NA,NA,NA,NA,NA,NA,NA,NA,NA,NA,NA,NA,NA,NA,NA,NA,NA,NA,NA,NA,0,0,0,1,0,1,0,0,0,0
Estonia,70,Z_TOTAL,fish_oil,NA,NA,NA,NA,NA,NA,NA,NA,NA,NA,NA,NA,NA,NA,NA,NA,29,43,22,32,26.228448410055478,8,7,0,53,34,18,16,6.458279378950635,0,0,3,8,3,2,1,1,1,1,2,2,1,11,0,0,0,0
Estonia,70,Z_TOTAL,seaweeds,NA,NA,NA,NA,NA,NA,NA,NA,NA,NA,NA,NA,NA,NA,NA,NA,NA,NA,NA,NA,NA,NA,45,40,99.12492879177614,96,63,31,59.25534063877487,72.75232348742239,24,26,19,20,92,9,5,11,1,0,2,3,2,0,0,0,0
Faeroe Islands,141,"Fish liver oils, nei",fish_oil,22,0,0,0,0,0,0,0,0,0,0,0,0,0,0,0,0,0,0,0,0,0,0,85,0,0,0,0,0,0,0,0,35,0,0,38,0,0,0,0,0,0,0,0,0,0,0
Faeroe Islands,141,Z_TOTAL,fish_oil,22,0,0,0,0,0,0,0,0,0,0,0,0,0,0,0,0,0,0,0,0,0,0,85,0,0,0,0,0,0,0,0,35,0,0,38,0,0,0,0,0,0,0,0,0,0,0
Fiji,18,Kelp,seaweeds,NA,NA,NA,NA,NA,NA,NA,NA,NA,NA,NA,NA,NA,NA,NA,NA,NA,NA,NA,NA,NA,NA,NA,NA,NA,NA,NA,0,19,38.42520998770533,91,41,15,32,28,21,22,43,24,0,0,0,0,0,0,0,0
Fiji,18,Ornamental saltwater fish,ornamentals,NA,NA,NA,NA,NA,NA,NA,NA,NA,NA,NA,NA,NA,NA,NA,NA,NA,NA,NA,NA,NA,NA,NA,NA,NA,NA,NA,NA,NA,NA,NA,NA,NA,NA,NA,NA,71,93,95,98,82,77,74,0,0,0,0
Fiji,18,"Seaweeds and other algae, unfit for human consumption, nei",seaweeds,NA,NA,NA,NA,NA,NA,NA,NA,NA,NA,NA,NA,NA,NA,NA,NA,NA,NA,NA,NA,NA,NA,NA,NA,NA,NA,NA,NA,NA,NA,NA,NA,NA,NA,NA,NA,0,1,0,49,0,15,0,0,0,0,0
Fiji,18,Z_TOTAL,ornamentals,NA,NA,NA,NA,NA,NA,NA,NA,NA,NA,NA,NA,NA,NA,NA,NA,NA,NA,NA,NA,NA,NA,NA,NA,NA,NA,NA,NA,NA,NA,NA,NA,NA,NA,NA,NA,71,93,95,98,82,77,74,0,0,0,0
Fiji,18,Z_TOTAL,seaweeds,NA,NA,NA,NA,NA,NA,NA,NA,NA,NA,NA,NA,NA,NA,NA,NA,NA,NA,NA,NA,NA,NA,NA,NA,NA,NA,NA,0,19,38.42520998770533,91,41,15,32,28,21,22,44,24,49,0,15,0,0,0,0,0
Finland,174,Agar agar nei,seaweeds,NA,NA,NA,NA,NA,NA,NA,NA,NA,NA,NA,NA,NA,NA,NA,NA,NA,NA,NA,NA,NA,NA,0.49979032031393444,0.4662970849681187,1,0,0.36581737893065736,0.33232414358484164,0,0,1,1,0,0,0,0,0,0,0,0,0,0,0,0,0,0,0
Finland,174,"Fish body oils, nei",fish_oil,NA,NA,NA,NA,NA,NA,NA,64,0,0,28,3,13,2,18.8715349573381,0,0,4,2,0,9.431038353642862,7,0,4,1,0,1,7,5.970974899364592,0,7,0,0,39,0,0,0,0,2,1,1,0,0,0,0,0,0
Finland,174,"Fish liver oils, nei",fish_oil,NA,NA,NA,NA,NA,NA,NA,NA,NA,NA,NA,NA,26,0,6.534087313762257,0,0,16,4,10,1,3,1,0,0,0,0,1,1,6,7,10,5,8,8,10,6,1,0,0,8,2,1,0,0,0,0
Finland,174,Other seaweeds and aquatic plants and products thereof,seaweeds,NA,NA,NA,NA,NA,NA,NA,NA,NA,NA,NA,NA,NA,NA,NA,NA,NA,NA,0,0.20281081117147437,9,17,2,2,1,4.269932491187802,8.262034149764759,1,2.4368706117483327,0,0,10,10,12,12,2,0,0,0,0,0,0,0,0,0,0,0
Finland,174,"Seaweeds and other algae, fit for human consumption, nei",seaweeds,NA,NA,NA,NA,NA,NA,NA,NA,NA,NA,NA,NA,NA,NA,NA,NA,NA,NA,NA,NA,NA,NA,NA,NA,NA,NA,NA,NA,NA,NA,NA,NA,NA,NA,NA,NA,0,0,0,0,0,0,0,0,0,0,0
Finland,174,"Seaweeds and other algae, unfit for human consumption, nei",seaweeds,NA,NA,NA,NA,NA,NA,NA,NA,NA,NA,NA,NA,NA,NA,NA,NA,NA,NA,NA,NA,NA,NA,NA,NA,NA,NA,NA,NA,NA,NA,NA,NA,NA,NA,NA,NA,2,12,6,4,5,25,11,0,0,0,0
Finland,174,Z_TOTAL,fish_oil,NA,NA,NA,NA,NA,NA,NA,64,0,0,28,3,39,2,25.405622271100356,0,0,20,6,10,10.431038353642862,10,1,4,1,0,1,8,6.970974899364592,6,14,10,5,47,8,10,6,1,2,1,9,2,1,0,0,0,0
Finland,174,Z_TOTAL,seaweeds,NA,NA,NA,NA,NA,NA,NA,NA,NA,NA,NA,NA,NA,NA,NA,NA,NA,NA,0,0.20281081117147437,9,17,2.4997903203139344,2.4662970849681187,2,4.269932491187802,8.627851528695416,1.3323241435848416,2.4368706117483327,0,1,11,10,12,12,2,2,12,6,4,5,25,11,0,0,0,0
France,179,Agar agar nei,seaweeds,64,63,52,44,52,0,75,58,54,72,46,73,0,0,0,0,0,0,43,54,61,71,0,91,0,67,0,74,0,98,82,91,70,0,0,0,0,0,0,0,0,0,74,0,0,52,52
France,179,"Halibuts, liver oils",fish_oil,NA,NA,NA,NA,NA,NA,NA,NA,NA,NA,NA,NA,NA,NA,NA,NA,NA,NA,NA,0,0,16,2.9859721402909543,1.2702510267884577,0,0,0,0,4,0,1,0,2,3,0,2,0,0,0,0,0,0,0,0,0,0,0
France,179,Ornamental saltwater fish,ornamentals,NA,NA,NA,NA,NA,NA,NA,NA,NA,NA,NA,NA,27,1,1,0,6,0,0,15,1,0,0,78,97,0,0,0,0,0,0,0,0,82,0,35,42,67,78,75,66,67,39,0,0,0,0
France,179,Z_TOTAL,fish_oil,NA,NA,NA,NA,NA,NA,NA,NA,NA,NA,NA,NA,NA,NA,NA,NA,NA,NA,NA,0,0,16,2.9859721402909543,1.2702510267884577,0,0,0,0,4,0,1,0,2,3,0,2,0,0,0,0,0,0,0,0,0,0,0
France,179,Z_TOTAL,ornamentals,NA,NA,NA,NA,NA,NA,NA,NA,NA,NA,NA,NA,27,1,1,0,6,0,0,15,1,0,0,78,97,0,0,0,0,0,0,0,0,82,0,35,42,67,78,75,66,67,39,0,0,0,0
France,179,Z_TOTAL,seaweeds,64,63,52,44,52,0,75,58,54,72,46,73,0,0,0,0,0,0,43,54,61,71,0,91,0,67,0,74,0,98,82,91,70,0,0,0,0,0,0,0,0,0,74,0,0,52,52
French Polynesia,147,Ornamental fish nei,ornamentals,0,1,1,0,0,0.0031818215388668136,0,0,0,0,0,0,0,0,0,0,0,0,0,0,0,0,3,12,20,34,48,56,53,47,37,27,35,27,24,21,0,0,0,0,0,0,0,0,0,0,0
French Polynesia,147,Ornamental saltwater fish,ornamentals,NA,NA,NA,NA,NA,NA,NA,NA,NA,NA,NA,NA,NA,NA,NA,NA,NA,NA,NA,NA,NA,NA,NA,NA,NA,NA,NA,NA,NA,NA,NA,NA,NA,NA,NA,NA,23,15,29,21,0,0,0,0,0,0,0
French Polynesia,147,Other seaweeds and aquatic plants and products thereof,seaweeds,NA,NA,NA,NA,NA,NA,NA,NA,NA,NA,NA,NA,NA,NA,NA,NA,NA,NA,NA,NA,NA,NA,NA,NA,NA,NA,NA,NA,NA,NA,NA,0,0,0,0,0,0,0,0,0,0,0,0,0,0,0,0
French Polynesia,147,Z_TOTAL,ornamentals,0,1,1,0,0,0.0031818215388668136,0,0,0,0,0,0,0,0,0,0,0,0,0,0,0,0,3,12,20,34,48,56,53,47,37,27,35,27,24,21,23,15,29,21,0,0,0,0,0,0,0
French Polynesia,147,Z_TOTAL,seaweeds,NA,NA,NA,NA,NA,NA,NA,NA,NA,NA,NA,NA,NA,NA,NA,NA,NA,NA,NA,NA,NA,NA,NA,NA,NA,NA,NA,NA,NA,NA,NA,0,0,0,0,0,0,0,0,0,0,0,0,0,0,0,0
Germany,176,Agar agar nei,seaweeds,45,35,58,72,63,50,52,82,0,73,65,0,0,0,0,0,0,0,0,0,0,0,0,0,0,0,0,0,0,0,0,0,0,0,0,0,0,0,0,0,0,0,0,0,0,0,0
Germany,176,"Fish liver oils, nei",fish_oil,NA,NA,NA,NA,NA,NA,NA,NA,63.76200768886366,83,81,33,0,0,0,0,0,0,0,0,0,0,0,48,80,0,0,0,0,0,0,0,0,0,0,0,0,0,0,0,0,0,0,0,0,0,0
Germany,176,"Halibuts, liver oils",fish_oil,NA,NA,NA,NA,NA,NA,NA,NA,NA,NA,NA,NA,NA,NA,NA,NA,NA,NA,NA,3,0,1,2,1,4,0,0,8,7,5,13,0,11,0,1,2,1,0,3,4,0,0,0,0,0,0,0
Germany,176,Ornamental saltwater fish,ornamentals,NA,NA,NA,NA,NA,NA,NA,NA,NA,NA,NA,NA,2,3,4,33,6,41,14,34,2,6,4,25,21,9,1,2,3,3,3,5,5,2,3,3,2,2,3,4,2,2,2,0,0,0,0
Germany,176,Other seaweeds and aquatic plants and products thereof,seaweeds,NA,NA,NA,NA,NA,NA,NA,NA,NA,NA,NA,NA,41,22,42,40,47,69,0,97,0,0,0,0,0,91,81,84,0,0,0,0,0,0,0,0,0,0,0,0,0,0,0,0,0,0,0
Germany,176,Z_TOTAL,fish_oil,NA,NA,NA,NA,NA,NA,NA,NA,63.76200768886366,83,81,33,0,0,0,0,0,0,0,3,0,1,2,49,84,0,0,8,7,5,13,0,11,0,1,2,1,0,3,4,0,0,0,0,0,0,0
Germany,176,Z_TOTAL,ornamentals,NA,NA,NA,NA,NA,NA,NA,NA,NA,NA,NA,NA,2,3,4,33,6,41,14,34,2,6,4,25,21,9,1,2,3,3,3,5,5,2,3,3,2,2,3,4,2,2,2,0,0,0,0
Germany,176,Z_TOTAL,seaweeds,45,35,58,72,63,50,52,82,0,73,65,0,41,22,42,40,47,69,0,97,0,0,0,0,0,91,81,84,0,0,0,0,0,0,0,0,0,0,0,0,0,0,0,0,0,0,0
Ghana,106,"Fish body oils, nei",fish_oil,NA,NA,NA,NA,NA,NA,NA,NA,NA,NA,NA,NA,NA,NA,NA,NA,NA,NA,NA,NA,NA,NA,NA,1,0,0,0,0,0,0,0,0,0,20,0,34,0,43,30,13,0,0,0,0,0,0,0
Ghana,106,"Fish liver oils, nei",fish_oil,NA,NA,NA,NA,NA,NA,NA,NA,NA,NA,NA,NA,NA,NA,NA,NA,NA,NA,NA,NA,NA,NA,NA,NA,NA,NA,NA,NA,NA,NA,NA,NA,32,47,68,22,23,5,0,0,0,0,0,0,0,0,0
Ghana,106,Ornamental fish nei,ornamentals,NA,NA,NA,NA,NA,NA,NA,NA,NA,NA,0,0.1349596454450186,0.059343514668452,0.07204503401780116,0,0.009130422590580167,0.021831941939929322,2.2424747144371757,0,0.14825415011389254,1,0,0,0,0,0,0,0,0,0,0,0,1,0,0,0,0,0,0,0,0,0,0,0,0,0,0
Ghana,106,Ornamental saltwater fish,ornamentals,NA,NA,NA,NA,NA,NA,NA,NA,NA,NA,NA,NA,NA,NA,NA,NA,NA,NA,NA,NA,3.2621967553166655,3.207990071126602,0,0,0,0,0,0,0,0,0,0,0,0,0,0,0,66,0,0,0,1,1,0,0,0,0
Ghana,106,Z_TOTAL,fish_oil,NA,NA,NA,NA,NA,NA,NA,NA,NA,NA,NA,NA,NA,NA,NA,NA,NA,NA,NA,NA,NA,NA,NA,1,0,0,0,0,0,0,0,0,32,67,68,56,23,48,30,13,0,0,0,0,0,0,0
Ghana,106,Z_TOTAL,ornamentals,NA,NA,NA,NA,NA,NA,NA,NA,NA,NA,0,0.1349596454450186,0.059343514668452,0.07204503401780116,0,0.009130422590580167,0.021831941939929322,2.2424747144371757,0,0.14825415011389254,4.2621967553166655,3.207990071126602,0,0,0,0,0,0,0,0,0,0,1,0,0,0,0,66,0,0,0,1,1,0,0,0,0
Greece,80,Agar agar nei,seaweeds,NA,NA,NA,NA,NA,NA,NA,NA,NA,NA,NA,0.6227716612418277,0.47412154926930583,0.7100248510672813,0,54,17,0,11,0,0,0,0,0,0,0,0,0,0,0,0,0,0,0,0,0,0,0,0,0,0,0,0,0,0,0,0
Greece,80,"Fish body oils, nei",fish_oil,NA,NA,NA,NA,NA,NA,NA,NA,NA,NA,NA,NA,NA,NA,NA,NA,1,0,0,0,0,0,40,0,0,0,0,21,41,0,1,1,0,0,0,0,3,0,0,0,0,74,0,0,0,0,0
Greece,80,"Fish liver oils, nei",fish_oil,NA,NA,NA,NA,NA,NA,NA,NA,NA,NA,NA,NA,NA,NA,NA,NA,NA,NA,NA,NA,0,0,0,0,0,0,0,0,0,0,0,0,1,0,0,6,4,4,4,6,2,0,1,0,0,0,0
Greece,80,Ornamental saltwater fish,ornamentals,NA,NA,NA,NA,NA,NA,NA,NA,NA,NA,NA,NA,NA,NA,NA,0,0,43,2,0,10,74,0,0,0,0,0,13,0,31,0,0,0,0,0,38,0,0,0,0,0,0,0,0,0,0,0
Greece,80,Other seaweeds and aquatic plants and products thereof,seaweeds,NA,NA,NA,NA,NA,NA,NA,NA,NA,NA,NA,NA,22,30,0,0,0,0,0,0,0,0,0,1,0,2,0,0,1,1,3,0,1,0,11,3,0,0,0,0,0,0,0,0,0,0,0
Greece,80,"Seaweeds and other algae, fit for human consumption, nei",seaweeds,NA,NA,NA,NA,NA,NA,NA,NA,NA,NA,NA,NA,NA,NA,NA,NA,NA,NA,NA,NA,NA,NA,NA,NA,NA,NA,NA,NA,NA,NA,NA,NA,NA,NA,NA,NA,2,0,1,0,1,1,2,0,0,0,0
Greece,80,"Seaweeds and other algae, unfit for human consumption, nei",seaweeds,NA,NA,NA,NA,NA,NA,NA,NA,NA,NA,NA,NA,NA,NA,NA,NA,NA,NA,NA,NA,NA,NA,NA,NA,NA,NA,NA,NA,NA,NA,NA,NA,NA,NA,NA,NA,2,2,2,12,2,3,6,0,0,0,0
Greece,80,Z_TOTAL,fish_oil,NA,NA,NA,NA,NA,NA,NA,NA,NA,NA,NA,NA,NA,NA,NA,NA,1,0,0,0,0,0,40,0,0,0,0,21,41,0,1,1,1,0,0,6,7,4,4,6,2,74,1,0,0,0,0
Greece,80,Z_TOTAL,ornamentals,NA,NA,NA,NA,NA,NA,NA,NA,NA,NA,NA,NA,NA,NA,NA,0,0,43,2,0,10,74,0,0,0,0,0,13,0,31,0,0,0,0,0,38,0,0,0,0,0,0,0,0,0,0,0
Greece,80,Z_TOTAL,seaweeds,NA,NA,NA,NA,NA,NA,NA,NA,NA,NA,NA,0.6227716612418277,22.474121549269306,30.71002485106728,0,54,17,0,11,0,0,0,0,1,0,2,0,0,1,1,3,0,1,0,11,3,4,2,3,12,3,4,8,0,0,0,0
Guadeloupe and Martinique,140,Ornamental fish nei,ornamentals,NA,NA,NA,NA,NA,NA,NA,NA,NA,NA,NA,NA,1,7,6,7,4,6,8,7,0,0,0,0,0,0,0,0,0,0,0,0,0,0,0,0,0,0,0,0,0,0,0,0,0,0,0
Guadeloupe and Martinique,140,Z_TOTAL,ornamentals,NA,NA,NA,NA,NA,NA,NA,NA,NA,NA,NA,NA,1,7,6,7,4,6,8,7,0,0,0,0,0,0,0,0,0,0,0,0,0,0,0,0,0,0,0,0,0,0,0,0,0,0,0
Guatemala,136,"Fish body oils, nei",fish_oil,NA,NA,NA,NA,NA,NA,NA,NA,NA,NA,NA,NA,NA,NA,NA,NA,NA,NA,NA,2,0,0,0,0,0,0,0,0,44,0,0,96,0,11,3,40,0,0,0,0,20,0,1,0,0,0,0
Guatemala,136,"Fish liver oils, nei",fish_oil,NA,NA,NA,NA,NA,NA,NA,NA,NA,NA,NA,NA,NA,NA,NA,NA,NA,NA,NA,NA,NA,NA,NA,NA,NA,2,21,2,1,0,0,0,0,0,0,0,0,1,0,1,2,0,0,0,0,0,0
Guatemala,136,Ornamental fish nei,ornamentals,NA,NA,1,0,0,0,0,0,0,0,0,2,0,0,0,0,0,0,0,0,0,0,1,0,0,0,0,0,0,0,0,3,2,1,0,0,0,0,0,0,0,0,0,0,0,0,0
Guatemala,136,"Seaweeds and other algae, unfit for human consumption, nei",seaweeds,NA,NA,NA,NA,NA,NA,NA,NA,NA,NA,NA,NA,NA,NA,NA,NA,NA,NA,NA,NA,NA,NA,NA,NA,NA,NA,NA,NA,NA,NA,NA,NA,NA,NA,NA,NA,1,0,0,0,0,0,0,0,0,0,0
Guatemala,136,Z_TOTAL,fish_oil,NA,NA,NA,NA,NA,NA,NA,NA,NA,NA,NA,NA,NA,NA,NA,NA,NA,NA,NA,2,0,0,0,0,0,2,21,2,45,0,0,96,0,11,3,40,0,1,0,1,22,0,1,0,0,0,0
Guatemala,136,Z_TOTAL,ornamentals,NA,NA,1,0,0,0,0,0,0,0,0,2,0,0,0,0,0,0,0,0,0,0,1,0,0,0,0,0,0,0,0,3,2,1,0,0,0,0,0,0,0,0,0,0,0,0,0
Guatemala,136,Z_TOTAL,seaweeds,NA,NA,NA,NA,NA,NA,NA,NA,NA,NA,NA,NA,NA,NA,NA,NA,NA,NA,NA,NA,NA,NA,NA,NA,NA,NA,NA,NA,NA,NA,NA,NA,NA,NA,NA,NA,1,0,0,0,0,0,0,0,0,0,0
Guinea,194,Ornamental fish nei,ornamentals,NA,NA,NA,NA,NA,NA,NA,NA,NA,NA,NA,NA,NA,NA,NA,NA,NA,NA,NA,NA,2,2,0,0,0,0,0,0,0,0,0,0,0,0,0,0,0,0,0,0,0,0,0,0,0,0,0
Guinea,194,Z_TOTAL,ornamentals,NA,NA,NA,NA,NA,NA,NA,NA,NA,NA,NA,NA,NA,NA,NA,NA,NA,NA,NA,NA,2,2,0,0,0,0,0,0,0,0,0,0,0,0,0,0,0,0,0,0,0,0,0,0,0,0,0
Guinea Bissau,193,Ornamental fish nei,ornamentals,NA,NA,NA,NA,NA,NA,NA,NA,NA,NA,NA,NA,NA,NA,NA,NA,NA,NA,NA,0.05993649998797679,0,0,0,0,0,0.31278091633589966,0,0.42650160516051017,0.4392031245098593,0,0,0,0,0,0,0,0,0,0,0,0,0,0,0,0,0,0
Guinea Bissau,193,Z_TOTAL,ornamentals,NA,NA,NA,NA,NA,NA,NA,NA,NA,NA,NA,NA,NA,NA,NA,NA,NA,NA,NA,0.05993649998797679,0,0,0,0,0,0.31278091633589966,0,0.42650160516051017,0.4392031245098593,0,0,0,0,0,0,0,0,0,0,0,0,0,0,0,0,0,0
Guyana,167,Ornamental fish nei,ornamentals,NA,NA,NA,NA,NA,NA,NA,NA,NA,NA,NA,NA,NA,NA,NA,NA,NA,NA,NA,NA,NA,NA,80,81,51,69,60,68,86,23,61,0,28,21,2,9,4,0,1,6,4,13,7,0,0,0,0
Guyana,167,Z_TOTAL,ornamentals,NA,NA,NA,NA,NA,NA,NA,NA,NA,NA,NA,NA,NA,NA,NA,NA,NA,NA,NA,NA,NA,NA,80,81,51,69,60,68,86,23,61,0,28,21,2,9,4,0,1,6,4,13,7,0,0,0,0
Honduras,133,"Fish body oils, nei",fish_oil,NA,NA,NA,NA,NA,NA,NA,NA,NA,NA,NA,NA,NA,NA,NA,0,40,0,1,0,0,0,0,0,0,0,25,40,56,6,0,43,0,0,0,96.46542052396626,0,16,84,0,22,42,0,43,0,0,0
Honduras,133,Ornamental fish nei,ornamentals,NA,NA,NA,NA,NA,NA,NA,NA,NA,NA,NA,NA,NA,NA,NA,NA,NA,NA,NA,NA,NA,11,13,0,41,16,0,0,0,22,0,0,0,0,0,0,0,0,0,0,0,0,0,0,0,0,0
Honduras,133,Z_TOTAL,fish_oil,NA,NA,NA,NA,NA,NA,NA,NA,NA,NA,NA,NA,NA,NA,NA,0,40,0,1,0,0,0,0,0,0,0,25,40,56,6,0,43,0,0,0,96.46542052396626,0,16,84,0,22,42,0,43,0,0,0
Honduras,133,Z_TOTAL,ornamentals,NA,NA,NA,NA,NA,NA,NA,NA,NA,NA,NA,NA,NA,NA,NA,NA,NA,NA,NA,NA,NA,11,13,0,41,16,0,0,0,22,0,0,0,0,0,0,0,0,0,0,0,0,0,0,0,0,0
Iceland,143,"Fish liver oils, nei",fish_oil,22.798745722981664,0,0,0,0,0,0,0,0,0,10,1,0,1,31,0,17,1,1,2,0,76,6,47,5,64,12,62,77,67,0,0,0,0,0,0,0,0,0,0,96,0,71,0,0,0,0
Iceland,143,Herring oil,fish_oil,57,0,NA,0,0,0,NA,0,0,NA,NA,0,0,0,0,0,0,0,0,0,0,0,0,0,0,0,0,0,0,0,0,0,0,0,0,0,0,0,0,0,0,0,0,0,0,0,0
Iceland,143,Other seaweeds and aquatic plants and products thereof,seaweeds,NA,NA,NA,NA,NA,NA,NA,NA,NA,NA,NA,NA,NA,NA,NA,NA,NA,NA,0,0,0,0,0,0,0,0,0,0,0,0,0,0,0,0,0,24,0,0,0,0,0,0,0,0,0,0,0
Iceland,143,Redfish oil,fish_oil,NA,NA,NA,81.1408762689806,0,0,0,0,0,0,0,53.62273251383209,0,0,0,0,22,61,66.08520114420253,92.03360166267157,84,22,0,0,0,0,0,0,0,0,0,0,0,0,0,0,0,0,0,0,0,62,0,0,0,0,0
Iceland,143,"Seaweeds and other algae, fit for human consumption, nei",seaweeds,NA,NA,NA,NA,NA,NA,NA,NA,NA,NA,NA,NA,NA,NA,NA,NA,NA,NA,NA,NA,NA,NA,NA,NA,NA,NA,NA,NA,NA,NA,NA,NA,NA,NA,NA,NA,NA,12,6.448712033409834,4,4,2,65,0,0,0,0
Iceland,143,Z_TOTAL,fish_oil,79.79874572298166,0,0,81.1408762689806,0,0,0,0,0,0,10,54.62273251383209,0,1,31,0,39,62,67.08520114420253,94.03360166267157,84,98,6,47,5,64,12,62,77,67,0,0,0,0,0,0,0,0,0,0,96,62,71,0,0,0,0
Iceland,143,Z_TOTAL,seaweeds,NA,NA,NA,NA,NA,NA,NA,NA,NA,NA,NA,NA,NA,NA,NA,NA,NA,NA,0,0,0,0,0,0,0,0,0,0,0,0,0,0,0,0,0,24,0,12,6.448712033409834,4,4,2,65,0,0,0,0
India,203,Agar agar nei,seaweeds,NA,NA,NA,NA,NA,NA,NA,NA,NA,NA,NA,NA,NA,NA,NA,NA,NA,NA,4,10,2,8,5,9,10,11,15,25,20,66,0,0,92,0,86,0,0,0,0,0,0,0,0,0,0,0,0
India,203,Cod liver oil,fish_oil,NA,NA,NA,NA,NA,NA,NA,NA,NA,NA,NA,NA,NA,NA,NA,NA,NA,NA,NA,NA,NA,NA,NA,NA,NA,NA,NA,11,59,36,0,0,0,13,0,18,21,4,1,0,12,10,3,0,0,0,0
India,203,"Fish body oils, nei",fish_oil,40.6549654692879,45,0,0,0,0,0,68,0,0,61.76426784624607,60,18,0,0,0,0,30,40,0,10,4,0,58,3,18,1,72,0,0,0,0,0,0,0,0,0,0,0,0,0,30,26,0,0,0,0
India,203,"Fish liver oils, nei",fish_oil,NA,NA,NA,NA,NA,NA,NA,NA,NA,NA,NA,NA,NA,2,0,15,21,48,35,0,32,10,24,41,9,25,14,47,0,91,59,0,0,42,67,84,76,16,20,16,0,0,0,0,0,0,0
India,203,Ornamental fish nei,ornamentals,3,2,0,0,0,1,0,2,2,1,4,2,1,8,8,24,4,32,8,39,11,30,20,27,64,65,57,0,53,31,71,81,77,77,43,80,81,4,0,0,0,0,0,0,0,0,0
India,203,Ornamental saltwater fish,ornamentals,NA,NA,NA,NA,NA,NA,NA,NA,NA,NA,NA,NA,NA,NA,NA,NA,NA,NA,NA,NA,NA,NA,NA,NA,NA,NA,NA,NA,NA,NA,NA,NA,NA,NA,NA,NA,NA,36,55,31,32,0,81,0,0,7,7
India,203,Other seaweeds and aquatic plants and products thereof,seaweeds,NA,NA,NA,NA,NA,NA,NA,NA,NA,NA,NA,NA,NA,NA,NA,NA,NA,NA,7,7,1,34,4,1,96.95211301886673,23,74.21808502304498,0,0,0,0,0,0,0,0,0,0,0,0,0,0,0,0,0,0,0,0
India,203,Sardine oil,fish_oil,NA,NA,NA,NA,NA,NA,NA,NA,NA,NA,NA,NA,NA,NA,NA,NA,NA,NA,NA,NA,NA,NA,NA,NA,5,2,15,88,16.25416566447734,3,0,0,0,0,0,0,0,0,0,0,0,0,0,0,0,0,0
India,203,"Seaweeds and other algae, fit for human consumption, nei",seaweeds,NA,NA,NA,NA,NA,NA,NA,NA,NA,NA,NA,NA,NA,NA,NA,NA,NA,NA,NA,NA,NA,NA,NA,NA,NA,NA,NA,NA,NA,NA,NA,NA,NA,NA,NA,NA,NA,NA,NA,11,47,85,98,0,0,0,0
India,203,Z_TOTAL,fish_oil,40.6549654692879,45,0,0,0,0,0,68,0,0,61.76426784624607,60,18,2,0,15,21,78,75,0,42,14,24,99,17,45,30,218,75.25416566447734,130,59,0,0,55,67,102,97,20,21,16,12,40,29,0,0,0,0
India,203,Z_TOTAL,ornamentals,3,2,0,0,0,1,0,2,2,1,4,2,1,8,8,24,4,32,8,39,11,30,20,27,64,65,57,0,53,31,71,81,77,77,43,80,81,40,55,31,32,0,81,0,0,7,7
India,203,Z_TOTAL,seaweeds,NA,NA,NA,NA,NA,NA,NA,NA,NA,NA,NA,NA,NA,NA,NA,NA,NA,NA,11,17,3,42,9,10,106.95211301886673,34,89.21808502304498,25,20,66,0,0,92,0,86,0,0,0,0,11,47,85,98,0,0,0,0
Indonesia,216,Cod liver oil,fish_oil,NA,NA,NA,23.78028521906117,27.28653688238785,21,30,0,74,14,0,0,0,0,0,0,0,0,91,28,22,3,3,41,48,15,72,0,0,46,7,0,0,0,34,12,0,0,0,0,0,0,0,0,0,0,0
Indonesia,216,"Fish body oils, nei",fish_oil,NA,NA,NA,NA,0,14,52,0,0,0,0,0,0,18,37,35,45,1,22.690880867612776,19,0,0,0,16,0,14,0,0,0,0,0,0,0,0,0,0,0,23,51,0,0,0,0,0,0,0,0
Indonesia,216,"Fish liver oils, nei",fish_oil,23,0,0,32.84341838625511,23.547360135384963,9,11,5,0,0,0,0,0,0,0,0,0,0,91,75,68,28,20,17,0,25,81,0,33,0,0,0,0,0,17,10,44,0,0,0,0,0,62,0,0,0,0
Indonesia,216,Ornamental saltwater fish,ornamentals,NA,NA,NA,NA,NA,12.493078439973132,84,58,87,0,0,0,0,0,0,0,0,0,0,0,0,0,0,0,0,0,0,0,0,0,0,0,0,0,0,0,0,0,0,0,0,0,0,0,0,0,0
Indonesia,216,Z_TOTAL,fish_oil,23,0,0,56.62370360531628,50.83389701777281,44,93,5,74,14,0,0,0,18,37,35,45,1,204.69088086761278,122,90,31,23,74,48,54,153,0,33,46,7,0,0,0,51,22,44,23,51,0,0,0,62,0,0,0,0
Indonesia,216,Z_TOTAL,ornamentals,NA,NA,NA,NA,NA,12.493078439973132,84,58,87,0,0,0,0,0,0,0,0,0,0,0,0,0,0,0,0,0,0,0,0,0,0,0,0,0,0,0,0,0,0,0,0,0,0,0,0,0,0
Iran,191,"Fish body oils, nei",fish_oil,NA,NA,NA,NA,NA,NA,NA,NA,1,0,0,0,0,0,0,0,0,0,0,0,0,0,0,0,0,0,0,0,0,0,0,0,0,0,2,4,0,0,0,0,0,1,0,0,0,0,0
Iran,191,Ornamental fish nei,ornamentals,NA,NA,NA,NA,NA,NA,NA,NA,NA,NA,NA,NA,NA,NA,NA,NA,NA,NA,NA,NA,NA,1,1,1,1,1,1,0,0,0,0,0,0,0,0,0,0,0,0,0,0,0,0,0,0,0,0
Iran,191,Ornamental saltwater fish,ornamentals,NA,NA,NA,NA,NA,NA,NA,NA,NA,NA,NA,NA,NA,NA,NA,NA,NA,NA,NA,NA,NA,NA,NA,NA,NA,NA,NA,NA,NA,NA,14,0,20,27,53,20,0,2,5,28,0,14,24,0,0,0,0
Iran,191,Z_TOTAL,fish_oil,NA,NA,NA,NA,NA,NA,NA,NA,1,0,0,0,0,0,0,0,0,0,0,0,0,0,0,0,0,0,0,0,0,0,0,0,0,0,2,4,0,0,0,0,0,1,0,0,0,0,0
Iran,191,Z_TOTAL,ornamentals,NA,NA,NA,NA,NA,NA,NA,NA,NA,NA,NA,NA,NA,NA,NA,NA,NA,NA,NA,NA,NA,1,1,1,1,1,1,0,0,0,14,0,20,27,53,20,0,2,5,28,0,14,24,0,0,0,0
Ireland,181,Agar agar nei,seaweeds,25,36,45,53,62,74,67,92,82,52,62,89,62,20,0,0,0,0,0,0,0,0,10,0,1,4,0,3,0,0,0,0,0,0,0,0,0,0,0,1,0,0,0,0,0,0,0
Ireland,181,"Fish body oils, nei",fish_oil,NA,NA,NA,NA,NA,NA,NA,NA,NA,NA,NA,NA,NA,NA,NA,NA,NA,NA,NA,NA,NA,NA,16.4447468257747,0,0,0,0,1,3,5,3,18,2,0,0,0,0,0,0,0,0,0,0,0,0,0,0
Ireland,181,"Fish liver oils, nei",fish_oil,NA,20,24.13950044878635,0,0,0,20,2,0,4,19,22,17.518629148016373,18.02244844929629,9,0,0,0,0,4,4,1,3,0,0,0,0,1,1,2,10,8,25,15,10,2,4,14,7,11,13,20,36,0,0,0,0
Ireland,181,Ornamental saltwater fish,ornamentals,NA,NA,NA,NA,NA,NA,NA,NA,NA,NA,NA,NA,NA,NA,NA,NA,1,0,0,0,4,50,0,98,2,0,0,6,12,0,2,11,89,0,0,0,1,0,2,1,1,3,3,0,0,0,0
Ireland,181,Z_TOTAL,fish_oil,NA,20,24.13950044878635,0,0,0,20,2,0,4,19,22,17.518629148016373,18.02244844929629,9,0,0,0,0,4,4,1,19.4447468257747,0,0,0,0,2,4,7,13,26,27,15,10,2,4,14,7,11,13,20,36,0,0,0,0
Ireland,181,Z_TOTAL,ornamentals,NA,NA,NA,NA,NA,NA,NA,NA,NA,NA,NA,NA,NA,NA,NA,NA,1,0,0,0,4,50,0,98,2,0,0,6,12,0,2,11,89,0,0,0,1,0,2,1,1,3,3,0,0,0,0
Ireland,181,Z_TOTAL,seaweeds,25,36,45,53,62,74,67,92,82,52,62,89,62,20,0,0,0,0,0,0,0,0,10,0,1,4,0,3,0,0,0,0,0,0,0,0,0,0,0,1,0,0,0,0,0,0,0
Israel,79,Agar agar nei,seaweeds,NA,NA,NA,NA,NA,NA,NA,NA,NA,NA,NA,NA,NA,NA,NA,NA,NA,NA,NA,NA,NA,0,0,0,0,4,8,6,2,8,6,0,0,0,0,0,0,0,0,0,0,0,0,0,0,0,0
Israel,79,"Fish body oils, nei",fish_oil,NA,NA,NA,NA,NA,NA,NA,NA,NA,NA,NA,NA,NA,NA,NA,NA,NA,NA,NA,NA,NA,NA,NA,0,0,0,0,0,0,0,26.512191302932763,0,0,0,43.733396108844886,0,0,0,0,0,0,0,0,0,1,61.942900955903966,61.942900955903966
Israel,79,"Fish liver oils, nei",fish_oil,NA,NA,NA,NA,NA,NA,NA,NA,NA,NA,NA,NA,NA,NA,NA,NA,NA,NA,NA,NA,NA,NA,NA,NA,NA,NA,NA,0,0,0,0,0,0,6,7,0,0,0,0,0,0,1,0,0,0,0,0
Israel,79,Ornamental saltwater fish,ornamentals,NA,NA,NA,NA,NA,NA,NA,NA,NA,NA,NA,NA,NA,NA,NA,NA,NA,NA,NA,NA,NA,NA,NA,NA,NA,NA,NA,NA,NA,NA,NA,NA,NA,NA,NA,NA,0.47373857746011083,0.6468383298830886,0,0.33187398138434787,0.4743237538509604,0.5248235864484272,0.6191091046978698,0,0,0,0
Israel,79,Z_TOTAL,fish_oil,NA,NA,NA,NA,NA,NA,NA,NA,NA,NA,NA,NA,NA,NA,NA,NA,NA,NA,NA,NA,NA,NA,NA,0,0,0,0,0,0,0,26.512191302932763,0,0,6,50.733396108844886,0,0,0,0,0,0,1,0,0,1,61.942900955903966,61.942900955903966
Israel,79,Z_TOTAL,ornamentals,NA,NA,NA,NA,NA,NA,NA,NA,NA,NA,NA,NA,NA,NA,NA,NA,NA,NA,NA,NA,NA,NA,NA,NA,NA,NA,NA,NA,NA,NA,NA,NA,NA,NA,NA,NA,0.47373857746011083,0.6468383298830886,0,0.33187398138434787,0.4743237538509604,0.5248235864484272,0.6191091046978698,0,0,0,0
Israel,79,Z_TOTAL,seaweeds,NA,NA,NA,NA,NA,NA,NA,NA,NA,NA,NA,NA,NA,NA,NA,NA,NA,NA,NA,NA,NA,0,0,0,0,4,8,6,2,8,6,0,0,0,0,0,0,0,0,0,0,0,0,0,0,0,0
Italy,184,Agar agar nei,seaweeds,11,17,16,55,41,32,32,69,92,0,45,75,0,59,0,0,0,0,0,0,0,0,0,0,0,0,0,0,0,0,0,0,0,0,0,0,0,0,0,0,0,0,0,0,0,0,0
Italy,184,"Fish body oils, nei",fish_oil,21,1,0,0,4,4,25,29,53,26,23,2,0,0,0,39.37112625001123,0,0,10,4,3,45,4,7,92,0,48,51,65,52,45,37,32,0,31,96,0,0,0,0,0,0,0,0,0,0,0
Italy,184,"Fish liver oils, nei",fish_oil,4,9,19,1,18,5,3,30,0,0,21,5,30,77,52,0,30,0,59,12,35,67,14,46,3,3,1,1,2,27,5,12,0,14,6,6,15,8,29,20,9,3,7,0,0,0,0
Italy,184,Ornamental saltwater fish,ornamentals,NA,NA,NA,NA,NA,NA,NA,NA,NA,NA,NA,NA,56,5,19,24,26,56,29,6,0,0,0,0,0,0,0,0,0,95,0,98,0,0,90,27,48,35,42,33,94,0,40,0,0,15,15
Italy,184,Other seaweeds and aquatic plants and products thereof,seaweeds,NA,NA,NA,NA,NA,NA,NA,NA,NA,NA,NA,NA,NA,NA,NA,37,8,6,12,10,2,8,8,5,36,70,0,0,0,0,0,0,0,48,42,42,0,0,0,0,0,0,0,0,0,0,0
Italy,184,"Seaweeds and other algae, fit for human consumption, nei",seaweeds,NA,NA,NA,NA,NA,NA,NA,NA,NA,NA,NA,NA,NA,NA,NA,NA,NA,NA,NA,NA,NA,NA,NA,NA,NA,NA,NA,NA,NA,NA,NA,NA,NA,NA,NA,NA,10,20,29,20,18,14,28,0,0,0,0
Italy,184,"Seaweeds and other algae, unfit for human consumption, nei",seaweeds,NA,NA,NA,NA,NA,NA,NA,NA,NA,NA,NA,NA,NA,NA,NA,NA,NA,NA,NA,NA,NA,NA,NA,NA,NA,NA,NA,NA,NA,NA,NA,NA,NA,NA,NA,NA,26,20,41,76,0,0,0,0,0,0,0
Italy,184,Z_TOTAL,fish_oil,25,10,19,1,22,9,28,59,53,26,44,7,30,77,52,39.37112625001123,30,0,69,16,38,112,18,53,95,3,49,52,67,79,50,49,32,14,37,102,15,8,29,20,9,3,7,0,0,0,0
Italy,184,Z_TOTAL,ornamentals,NA,NA,NA,NA,NA,NA,NA,NA,NA,NA,NA,NA,56,5,19,24,26,56,29,6,0,0,0,0,0,0,0,0,0,95,0,98,0,0,90,27,48,35,42,33,94,0,40,0,0,15,15
Italy,184,Z_TOTAL,seaweeds,11,17,16,55,41,32,32,69,92,0,45,75,0,59,0,37,8,6,12,10,2,8,8,5,36,70,0,0,0,0,0,0,0,48,42,42,36,40,70,96,18,14,28,0,0,0,0
Ivory Coast,195,"Fish liver oils, nei",fish_oil,NA,NA,NA,NA,NA,NA,NA,NA,NA,NA,NA,NA,NA,NA,NA,NA,NA,NA,NA,NA,14,15,0,14,0,7,6,7,0,7,14,6,3,4,0,0,0,0,0,0,0,0,45,0,0,0,0
Ivory Coast,195,"Oils and fats of aquatic animals, nei",fish_oil,24,6,0,60,0,0,0,0,43,65,0,0,0,0,0,0,0,0,11,11,0,0,0,0,0,0,0,0,0,0,0,0,0,0,0,0,0,0,0,0,0,0,0,0,0,0,0
Ivory Coast,195,Ornamental fish nei,ornamentals,NA,NA,NA,NA,NA,NA,NA,NA,NA,NA,NA,NA,NA,NA,NA,NA,NA,NA,NA,NA,3,2,4,0,0,0,0,0,0,0,0,0,0,0,0,0,0,0,0,0,0,0,0,0,0,0,0
Ivory Coast,195,Z_TOTAL,fish_oil,24,6,0,60,0,0,0,0,43,65,0,0,0,0,0,0,0,0,11,11,14,15,0,14,0,7,6,7,0,7,14,6,3,4,0,0,0,0,0,0,0,0,45,0,0,0,0
Ivory Coast,195,Z_TOTAL,ornamentals,NA,NA,NA,NA,NA,NA,NA,NA,NA,NA,NA,NA,NA,NA,NA,NA,NA,NA,NA,NA,3,2,4,0,0,0,0,0,0,0,0,0,0,0,0,0,0,0,0,0,0,0,0,0,0,0,0
Jamaica,166,Ornamental fish nei,ornamentals,2.482537440844237,13.54522778449396,7.94642556907049,5.847936916477521,0.8091848711069307,0,3.8928597766084407,8.234948079623598,4.316296374358769,6.838221624702065,10.060209587611462,0,0,0,0,8.10853141795305,0,0,0,0,0,0,12,3,13,3,2,2,1,0,3,0,0,0,0,0,0,1,1,0,0,0,0,0,0,0,0
Jamaica,166,Other seaweeds and aquatic plants and products thereof,seaweeds,NA,NA,NA,NA,NA,NA,NA,NA,NA,NA,NA,NA,NA,NA,NA,9,6,28,0,0,11,14,0,0,0,0,0,0,0,0,0,8,0,5,4,0,0,0,0,0,0,0,0,0,0,0,0
Jamaica,166,Z_TOTAL,ornamentals,2.482537440844237,13.54522778449396,7.94642556907049,5.847936916477521,0.8091848711069307,0,3.8928597766084407,8.234948079623598,4.316296374358769,6.838221624702065,10.060209587611462,0,0,0,0,8.10853141795305,0,0,0,0,0,0,12,3,13,3,2,2,1,0,3,0,0,0,0,0,0,1,1,0,0,0,0,0,0,0,0
Jamaica,166,Z_TOTAL,seaweeds,NA,NA,NA,NA,NA,NA,NA,NA,NA,NA,NA,NA,NA,NA,NA,9,6,28,0,0,11,14,0,0,0,0,0,0,0,0,0,8,0,5,4,0,0,0,0,0,0,0,0,0,0,0,0
Japan,210,Agar agar nei,seaweeds,NA,NA,NA,NA,NA,NA,NA,NA,NA,NA,NA,NA,NA,NA,NA,NA,NA,NA,92,0,86,0,91,55,51,50,40,44,75,63,90,58,53,50,52,37,29,31,27,21,36,21,29,0,0,0,0
Japan,210,"Fish liver oils, nei",fish_oil,NA,NA,NA,NA,NA,NA,89,0,88,82,0,0,0,0,0,0,0,0,0,0,0,0,0,0,0,64,54,20,79,36,20,29,26,16,0,42,43,15,21,19,13,19,7,0,0,0,0
Japan,210,Ornamental fish nei,ornamentals,NA,NA,NA,NA,NA,NA,NA,NA,NA,NA,NA,NA,42,45,59,74,75,78,90,0,0,0,0,89,93,95,0,0,0,0,0,0,0,0,0,0,0,0,0,0,0,0,0,0,0,0,0
Japan,210,Ornamental saltwater fish,ornamentals,NA,NA,NA,NA,NA,NA,NA,NA,NA,NA,NA,NA,NA,NA,NA,NA,NA,NA,NA,NA,NA,NA,NA,NA,NA,NA,NA,NA,NA,NA,NA,NA,NA,NA,NA,NA,2,3,9,3,8,3,2,0,0,0,0
Japan,210,Z_TOTAL,fish_oil,NA,NA,NA,NA,NA,NA,89,0,88,82,0,0,0,0,0,0,0,0,0,0,0,0,0,0,0,64,54,20,79,36,20,29,26,16,0,42,43,15,21,19,13,19,7,0,0,0,0
Japan,210,Z_TOTAL,ornamentals,NA,NA,NA,NA,NA,NA,NA,NA,NA,NA,NA,NA,42,45,59,74,75,78,90,0,0,0,0,89,93,95,0,0,0,0,0,0,0,0,0,0,2,3,9,3,8,3,2,0,0,0,0
Japan,210,Z_TOTAL,seaweeds,NA,NA,NA,NA,NA,NA,NA,NA,NA,NA,NA,NA,NA,NA,NA,NA,NA,NA,92,0,86,0,91,55,51,50,40,44,75,63,90,58,53,50,52,37,29,31,27,21,36,21,29,0,0,0,0
Kenya,43,Agar agar nei,seaweeds,NA,NA,NA,NA,NA,NA,NA,NA,NA,NA,NA,NA,NA,NA,NA,NA,NA,NA,NA,NA,NA,NA,NA,NA,NA,NA,NA,NA,NA,3.163173293963297,0,0,0,0,0,0,0,0,0,0,0,0,0,0,0,0,0
Kenya,43,"Fish body oils, nei",fish_oil,NA,NA,NA,0,0,1,0,0,0,4,0,0,0,0,0,0,0,0,0,0,0,0,0,1,0,0,0,5,0,0,0,1,33,21,0,0,0,0,0,0,0,6,0,0,0,0,0
Kenya,43,"Fish liver oils, nei",fish_oil,NA,NA,NA,0,0,0,0,0,0,0,0,0,0,0,0,0,0,0,0,0,0,1,0,0,8,0,0,0,0,0,0,93,2,0,0,1,2,2,0,0,0,0,0,0,0,0,0
Kenya,43,Ornamental fish nei,ornamentals,NA,NA,NA,NA,NA,NA,NA,NA,NA,NA,NA,NA,NA,NA,NA,NA,NA,NA,NA,NA,NA,NA,NA,NA,NA,NA,NA,69,79,36,44,15,19.28527050865364,0,60,45,25,0,0,0,0,0,0,0,0,0,0
Kenya,43,Ornamental saltwater fish,ornamentals,NA,NA,NA,NA,NA,NA,NA,NA,NA,NA,NA,NA,NA,NA,NA,NA,NA,NA,NA,NA,NA,NA,NA,NA,NA,NA,NA,NA,NA,NA,NA,NA,NA,NA,NA,NA,NA,33,38,18,37,43,46,0,0,0,0
Kenya,43,Other seaweeds and aquatic plants and products thereof,seaweeds,NA,NA,NA,NA,NA,NA,NA,NA,NA,NA,NA,NA,NA,NA,NA,NA,NA,NA,NA,NA,NA,NA,NA,NA,NA,NA,NA,0,0,0,1,1,0,0,0,13,0,63,18,14,0,0,33,0,0,0,0
Kenya,43,Z_TOTAL,fish_oil,NA,NA,NA,0,0,1,0,0,0,4,0,0,0,0,0,0,0,0,0,0,0,1,0,1,8,0,0,5,0,0,0,94,35,21,0,1,2,2,0,0,0,6,0,0,0,0,0
Kenya,43,Z_TOTAL,ornamentals,NA,NA,NA,NA,NA,NA,NA,NA,NA,NA,NA,NA,NA,NA,NA,NA,NA,NA,NA,NA,NA,NA,NA,NA,NA,NA,NA,69,79,36,44,15,19.28527050865364,0,60,45,25,33,38,18,37,43,46,0,0,0,0
Kenya,43,Z_TOTAL,seaweeds,NA,NA,NA,NA,NA,NA,NA,NA,NA,NA,NA,NA,NA,NA,NA,NA,NA,NA,NA,NA,NA,NA,NA,NA,NA,NA,NA,0,0,3.163173293963297,1,1,0,0,0,13,0,63,18,14,0,0,33,0,0,0,0
Kiribati,212,Other seaweeds and aquatic plants and products thereof,seaweeds,NA,NA,NA,NA,NA,NA,NA,NA,NA,NA,NA,65,32,76.34787810080559,0,0,0,0,0,0,0,0,0,0,0,0,0,0,0,59.36412652786248,0,58,0,0,7,4,0,0,0,0,0,0,0,0,0,0,0
Kiribati,212,Z_TOTAL,seaweeds,NA,NA,NA,NA,NA,NA,NA,NA,NA,NA,NA,65,32,76.34787810080559,0,0,0,0,0,0,0,0,0,0,0,0,0,0,0,59.36412652786248,0,58,0,0,7,4,0,0,0,0,0,0,0,0,0,0,0
Kuwait,51,"Oils and fats of aquatic animals, nei",fish_oil,21,30,0,15,0,1,29,1,3,0,0,6,0,0,0,0,0,3,0,0,0,0,0,0,0,0,0,0,0,0,0,0,0,0,0,0,0,0,0,0,0,0,0,0,0,0,0
Kuwait,51,Z_TOTAL,fish_oil,21,30,0,15,0,1,29,1,3,0,0,6,0,0,0,0,0,3,0,0,0,0,0,0,0,0,0,0,0,0,0,0,0,0,0,0,0,0,0,0,0,0,0,0,0,0,0
Latvia,69,Agar agar nei,seaweeds,NA,NA,NA,NA,NA,NA,NA,NA,NA,NA,NA,NA,NA,NA,NA,NA,NA,NA,3,2,1,0,0,0,0,0,0,0,0.2988309082390117,0,0,0,0,0,1,2,12,54,50,63,14,9,20,0,0,0,0
Latvia,69,"Fish body oils, nei",fish_oil,NA,NA,NA,NA,NA,NA,NA,NA,NA,NA,NA,NA,NA,NA,NA,NA,NA,19.963460345761973,17.78730030689576,0,15.889009120611263,15.650240311835546,54,0,0,0,0,0,0,0,0,0,0,0,0,0,0,0,0,0,0,0,0,0,0,0,0
Latvia,69,"Fish liver oils, nei",fish_oil,NA,NA,NA,NA,NA,NA,NA,NA,NA,NA,NA,NA,NA,NA,NA,NA,NA,31,13,0,0,0,0,0,0,0,0,0,0,0,0,0,1,24,1,0,1,1,1,0,1,1,2,0,0,0,0
Latvia,69,Other seaweeds and aquatic plants and products thereof,seaweeds,NA,NA,NA,NA,NA,NA,NA,NA,NA,NA,NA,NA,NA,NA,NA,NA,NA,NA,NA,NA,NA,1,1,2,6,19,83,2,9,2,1,1,7,7,42,58,0,0,0,0,0,0,0,0,0,0,0
Latvia,69,"Seaweeds and other algae, fit for human consumption, nei",seaweeds,NA,NA,NA,NA,NA,NA,NA,NA,NA,NA,NA,NA,NA,NA,NA,NA,NA,NA,NA,NA,NA,NA,NA,NA,NA,NA,NA,NA,NA,NA,NA,NA,NA,NA,NA,NA,54,57,48,60,63,51,0,0,0,0,0
Latvia,69,"Seaweeds and other algae, unfit for human consumption, nei",seaweeds,NA,NA,NA,NA,NA,NA,NA,NA,NA,NA,NA,NA,NA,NA,NA,NA,NA,NA,NA,NA,NA,NA,NA,NA,NA,NA,NA,NA,NA,NA,NA,NA,NA,NA,NA,NA,1,0,0,0,22,7,21,0,0,0,0
Latvia,69,Z_TOTAL,fish_oil,NA,NA,NA,NA,NA,NA,NA,NA,NA,NA,NA,NA,NA,NA,NA,NA,NA,50.96346034576197,30.78730030689576,0,15.889009120611263,15.650240311835546,54,0,0,0,0,0,0,0,0,0,1,24,1,0,1,1,1,0,1,1,2,0,0,0,0
Latvia,69,Z_TOTAL,seaweeds,NA,NA,NA,NA,NA,NA,NA,NA,NA,NA,NA,NA,NA,NA,NA,NA,NA,NA,3,2,1,1,1,2,6,19,83,2,9.298830908239012,2,1,1,7,7,43,60,67,111,98,123,99,67,41,0,0,0,0
Lebanon,78,"Fish body oils, nei",fish_oil,NA,NA,NA,NA,NA,NA,NA,NA,NA,NA,NA,NA,NA,NA,NA,NA,NA,NA,NA,NA,NA,NA,NA,2,0,0,0,0,0,0,0,0,0,0,0,0,0,0,0,0,0,0,0,0,0,0,0
Lebanon,78,Ornamental saltwater fish,ornamentals,NA,NA,NA,NA,NA,NA,NA,NA,NA,NA,NA,NA,NA,NA,NA,NA,NA,NA,NA,NA,NA,NA,NA,NA,NA,NA,NA,NA,NA,NA,NA,NA,NA,NA,NA,NA,4,0,0,0,2,0,0,0,0,0,0
Lebanon,78,Other seaweeds and aquatic plants and products thereof,seaweeds,NA,NA,NA,NA,NA,NA,NA,NA,NA,NA,NA,NA,NA,NA,NA,NA,NA,NA,NA,NA,NA,NA,NA,NA,NA,NA,NA,NA,2,0,0,0,1,1,1,1,0,0,0,0,0,0,0,0,0,0,0
Lebanon,78,"Seaweeds and other algae, fit for human consumption, nei",seaweeds,NA,NA,NA,NA,NA,NA,NA,NA,NA,NA,NA,NA,NA,NA,NA,NA,NA,NA,NA,NA,NA,NA,NA,NA,NA,NA,NA,NA,NA,NA,NA,NA,NA,NA,NA,NA,1,0,0,0,0,1,1,0,0,0,0
Lebanon,78,"Seaweeds and other algae, unfit for human consumption, nei",seaweeds,NA,NA,NA,NA,NA,NA,NA,NA,NA,NA,NA,NA,NA,NA,NA,NA,NA,NA,NA,NA,NA,NA,NA,NA,NA,NA,NA,NA,NA,NA,NA,NA,NA,NA,NA,NA,0,0,0,0,0,0,0,0,0,0,0
Lebanon,78,Z_TOTAL,fish_oil,NA,NA,NA,NA,NA,NA,NA,NA,NA,NA,NA,NA,NA,NA,NA,NA,NA,NA,NA,NA,NA,NA,NA,2,0,0,0,0,0,0,0,0,0,0,0,0,0,0,0,0,0,0,0,0,0,0,0
Lebanon,78,Z_TOTAL,ornamentals,NA,NA,NA,NA,NA,NA,NA,NA,NA,NA,NA,NA,NA,NA,NA,NA,NA,NA,NA,NA,NA,NA,NA,NA,NA,NA,NA,NA,NA,NA,NA,NA,NA,NA,NA,NA,4,0,0,0,2,0,0,0,0,0,0
Lebanon,78,Z_TOTAL,seaweeds,NA,NA,NA,NA,NA,NA,NA,NA,NA,NA,NA,NA,NA,NA,NA,NA,NA,NA,NA,NA,NA,NA,NA,NA,NA,NA,NA,NA,2,0,0,0,1,1,1,1,1,0,0,0,0,1,1,0,0,0,0
Liberia,97,Ornamental fish nei,ornamentals,NA,NA,NA,NA,NA,NA,NA,NA,NA,NA,NA,NA,NA,NA,NA,NA,NA,NA,NA,NA,NA,NA,NA,NA,0,0,0,0,1,0,1,0,0,0,0,0,0,0,0,0,0,0,0,0,0,0,0
Liberia,97,Z_TOTAL,ornamentals,NA,NA,NA,NA,NA,NA,NA,NA,NA,NA,NA,NA,NA,NA,NA,NA,NA,NA,NA,NA,NA,NA,NA,NA,0,0,0,0,1,0,1,0,0,0,0,0,0,0,0,0,0,0,0,0,0,0,0
Libya,67,Ornamental fish nei,ornamentals,NA,NA,NA,NA,NA,NA,NA,NA,NA,NA,NA,NA,NA,NA,NA,NA,NA,NA,NA,NA,NA,2.081433830018611,0,1,8,2,2,0,0,0,0,0,0,0,0,0,0,0,0,0,0,0,0,0,0,0,0
Libya,67,Z_TOTAL,ornamentals,NA,NA,NA,NA,NA,NA,NA,NA,NA,NA,NA,NA,NA,NA,NA,NA,NA,NA,NA,NA,NA,2.081433830018611,0,1,8,2,2,0,0,0,0,0,0,0,0,0,0,0,0,0,0,0,0,0,0,0,0
Lithuania,189,Agar agar nei,seaweeds,NA,NA,NA,NA,NA,NA,NA,NA,NA,NA,NA,NA,NA,NA,NA,NA,NA,NA,NA,NA,1,0,0,2,0,0.8092187836836473,1,0.6397552706402223,1,2,26,3,4,4,6,27,5,13,18,31,39,10,21,0,0,0,0
Lithuania,189,"Fish body oils, nei",fish_oil,NA,NA,NA,NA,NA,NA,NA,NA,NA,NA,NA,NA,NA,NA,NA,NA,NA,NA,10,0,25,5,0,0,44,75,0,0,0,0,14.017958694211416,14.683305792811097,0,0,0,26,26,0,0,0,0,0,0,0,0,0,0
Lithuania,189,"Fish liver oils, nei",fish_oil,NA,NA,NA,NA,NA,NA,NA,NA,NA,NA,NA,NA,NA,NA,NA,NA,NA,NA,65,0,0,0,5,0,9,82,0,0,0,0,0.6043189579580144,11.101621956582846,17,19,12,11,14,14,17,16,17,15,14,0,0,0,0
Lithuania,189,Other seaweeds and aquatic plants and products thereof,seaweeds,NA,NA,NA,NA,NA,NA,NA,NA,NA,NA,NA,NA,NA,NA,NA,NA,NA,NA,NA,NA,NA,NA,NA,NA,NA,9,32,47,1,6,36,4,21,32,84,77,0,0,0,0,0,0,0,0,0,0,0
Lithuania,189,"Seaweeds and other algae, fit for human consumption, nei",seaweeds,NA,NA,NA,NA,NA,NA,NA,NA,NA,NA,NA,NA,NA,NA,NA,NA,NA,NA,NA,NA,NA,NA,NA,NA,NA,NA,NA,NA,NA,NA,NA,NA,NA,NA,NA,NA,40,0,40,51,54,0,0,0,0,0,0
Lithuania,189,"Seaweeds and other algae, unfit for human consumption, nei",seaweeds,NA,NA,NA,NA,NA,NA,NA,NA,NA,NA,NA,NA,NA,NA,NA,NA,NA,NA,NA,NA,NA,NA,NA,NA,NA,NA,NA,NA,NA,NA,NA,NA,NA,NA,NA,NA,15,0,7,48,27,2,6,0,0,0,0
Lithuania,189,Z_TOTAL,fish_oil,NA,NA,NA,NA,NA,NA,NA,NA,NA,NA,NA,NA,NA,NA,NA,NA,NA,NA,75,0,25,5,5,0,53,157,0,0,0,0,14.62227765216943,25.784927749393944,17,19,12,37,40,14,17,16,17,15,14,0,0,0,0
Lithuania,189,Z_TOTAL,seaweeds,NA,NA,NA,NA,NA,NA,NA,NA,NA,NA,NA,NA,NA,NA,NA,NA,NA,NA,NA,NA,1,0,0,2,0,9.809218783683647,33,47.63975527064022,2,8,62,7,25,36,90,104,60,13,65,130,120,12,27,0,0,0,0
Madagascar,42,"Fish liver oils, nei",fish_oil,NA,NA,NA,NA,NA,NA,NA,NA,NA,NA,NA,NA,NA,NA,NA,NA,NA,NA,NA,NA,NA,NA,NA,NA,2,16,11,6,0,0,0,0,0,0,0,0,0,0,0,0,0,0,0,0,0,0,0
Madagascar,42,Ornamental fish nei,ornamentals,NA,NA,NA,NA,NA,NA,NA,NA,NA,NA,NA,NA,NA,NA,NA,NA,NA,NA,NA,NA,NA,NA,NA,NA,0,0,0,0,0,0,0,0,0,0,0,0,0,0,0,0,0,0,0,0,0,0,0
Madagascar,42,Ornamental saltwater fish,ornamentals,NA,NA,NA,NA,NA,NA,NA,NA,NA,NA,NA,NA,NA,NA,NA,NA,NA,NA,NA,NA,NA,NA,NA,NA,NA,NA,NA,NA,NA,NA,NA,NA,NA,NA,NA,NA,0,1,1,1,1,0,0,0,0,0,0
Madagascar,42,Other seaweeds and aquatic plants and products thereof,seaweeds,NA,NA,NA,NA,NA,NA,NA,NA,NA,NA,NA,NA,NA,NA,88,0,0,0,0,0,0,0,0,92,186.5942488276331,0,177.42731200135083,109.6753824425304,94.72097264726281,0,0,0,0,0,0,0,0,0,0,0,0,0,0,0,0,0,0
Madagascar,42,"Seaweeds and other algae, fit for human consumption, nei",seaweeds,NA,NA,NA,NA,NA,NA,NA,NA,NA,NA,NA,17.496079590028614,18.516015178660552,63,78,17.968349428171393,0,0,0,0,0,0,0,0,0,0,0,0,0,0,0,0,0,0,0,0,0,0,0,0,0,0,0,0,0,0,0
Madagascar,42,Shark oil,fish_oil,NA,NA,NA,NA,NA,NA,NA,NA,NA,NA,NA,NA,NA,NA,NA,NA,8,5,3,3,0,0,0,0,0,0,0,0,0,0,0,0,0,0,0,0,0,0,0,0,0,0,0,0,0,0,0
Madagascar,42,Z_TOTAL,fish_oil,NA,NA,NA,NA,NA,NA,NA,NA,NA,NA,NA,NA,NA,NA,NA,NA,8,5,3,3,0,0,0,0,2,16,11,6,0,0,0,0,0,0,0,0,0,0,0,0,0,0,0,0,0,0,0
Madagascar,42,Z_TOTAL,ornamentals,NA,NA,NA,NA,NA,NA,NA,NA,NA,NA,NA,NA,NA,NA,NA,NA,NA,NA,NA,NA,NA,NA,NA,NA,0,0,0,0,0,0,0,0,0,0,0,0,0,1,1,1,1,0,0,0,0,0,0
Madagascar,42,Z_TOTAL,seaweeds,NA,NA,NA,NA,NA,NA,NA,NA,NA,NA,NA,17.496079590028614,18.516015178660552,63,166,17.968349428171393,0,0,0,0,0,0,0,92,186.5942488276331,0,177.42731200135083,109.6753824425304,94.72097264726281,0,0,0,0,0,0,0,0,0,0,0,0,0,0,0,0,0,0
Malaysia,206,Agar agar nei,seaweeds,NA,NA,NA,NA,NA,NA,NA,NA,NA,NA,NA,NA,NA,NA,NA,NA,NA,NA,1,1,4.441151977899722,0,4,6,3,4,11,1,5,5,6,51,0,0,0,17,52,14,11,0,42,18,20,0,0,0,0
Malaysia,206,"Fish body oils, nei",fish_oil,1,12,0,0,0,0,0,0,0,0,8,8,23,20,1,17,6,12,0,0,8,20,0,2,24,0,0,63,4,18,51,19,24,15,47,3,29,0,0,72,0,0,0,0,0,0,0
Malaysia,206,"Fish liver oils, nei",fish_oil,NA,NA,NA,NA,NA,0,1,2,3,1,0,2,0,3,10,25,18,13,27,9,0,52,9,21,8,9,18,10,0,24,19,5,0,0,0,0,83,51,21,22,28,20,3,0,0,0,0
Malaysia,206,Ornamental fish nei,ornamentals,8.836123439937015,0,0,0,9.84570626442509,0,9.349770960101878,0,6.652236879330713,0,0,0,0,0,0,0,0,0,0,0,0,0,0,0,0,0,0,0,0,0,0,0,0,0,0,0,0,0,0,0,0,0,0,0,0,0,0
Malaysia,206,Ornamental saltwater fish,ornamentals,NA,NA,NA,NA,NA,NA,NA,NA,NA,NA,NA,NA,NA,NA,NA,NA,NA,NA,NA,NA,NA,NA,NA,NA,NA,NA,NA,NA,NA,1.0669175654548155,2.194132835136365,5.30753219464119,9.579538939876244,0,20,6,8,0,0,0,0,0,0,0,0,0,0
Malaysia,206,"Seaweeds and other algae, unfit for human consumption, nei",seaweeds,NA,NA,NA,NA,NA,NA,NA,NA,NA,NA,NA,NA,NA,NA,NA,NA,NA,NA,NA,NA,NA,NA,NA,NA,NA,NA,NA,NA,0,0,0,1,0,0,0,0,0,0,22,0,2,3,8,0,0,0,0
Malaysia,206,Z_TOTAL,fish_oil,1,12,0,0,0,0,1,2,3,1,8,10,23,23,11,42,24,25,27,9,8,72,9,23,32,9,18,73,4,42,70,24,24,15,47,3,112,51,21,94,28,20,3,0,0,0,0
Malaysia,206,Z_TOTAL,ornamentals,8.836123439937015,0,0,0,9.84570626442509,0,9.349770960101878,0,6.652236879330713,0,0,0,0,0,0,0,0,0,0,0,0,0,0,0,0,0,0,0,0,1.0669175654548155,2.194132835136365,5.30753219464119,9.579538939876244,0,20,6,8,0,0,0,0,0,0,0,0,0,0
Malaysia,206,Z_TOTAL,seaweeds,NA,NA,NA,NA,NA,NA,NA,NA,NA,NA,NA,NA,NA,NA,NA,NA,NA,NA,1,1,4.441151977899722,0,4,6,3,4,11,1,5,5,6,52,0,0,0,17,52,14,33,0,44,21,28,0,0,0,0
Maldives,39,"Fish liver oils, nei",fish_oil,NA,NA,NA,NA,NA,NA,NA,NA,NA,NA,NA,NA,NA,NA,NA,NA,NA,NA,NA,NA,NA,NA,NA,NA,NA,2,3,3,0,0,6,0,1,7,0,0,0,0,0,0,0,0,0,0,0,0,0
Maldives,39,Ornamental saltwater fish,ornamentals,NA,NA,NA,NA,12.006304941517726,16.38657275623288,18.59469380866186,15.837907975865264,12.770815462742078,23.97783024464239,0,30.566219111786523,0,0,0,0,0,0,0,0,0,0,0,0,0,0,0,0,0,0,0,0,0,0,0,0,0,0,0,0,0,0,0,0,0,0,0
Maldives,39,Shark liver oil,fish_oil,NA,NA,NA,NA,9,25,79,59,74,50,31,36,24,18,22,34,24,4,2,0,3,2,0,0,0,0,0,0,0,0,0,0,0,0,0,0,0,0,0,0,0,0,0,0,0,0,0
Maldives,39,Z_TOTAL,fish_oil,NA,NA,NA,NA,9,25,79,59,74,50,31,36,24,18,22,34,24,4,2,0,3,2,0,0,0,2,3,3,0,0,6,0,1,7,0,0,0,0,0,0,0,0,0,0,0,0,0
Maldives,39,Z_TOTAL,ornamentals,NA,NA,NA,NA,12.006304941517726,16.38657275623288,18.59469380866186,15.837907975865264,12.770815462742078,23.97783024464239,0,30.566219111786523,0,0,0,0,0,0,0,0,0,0,0,0,0,0,0,0,0,0,0,0,0,0,0,0,0,0,0,0,0,0,0,0,0,0,0
Mauritania,64,Cod liver oil,fish_oil,NA,NA,NA,NA,NA,NA,NA,NA,NA,NA,NA,NA,NA,NA,NA,NA,NA,NA,NA,NA,NA,NA,NA,NA,NA,NA,20.32707351505644,12.781308217715605,49,19.951108571453403,11.447866674180545,21.37604932559904,0,0,0,0,0,0,0,0,0,0,0,0,0,0,0
Mauritania,64,Z_TOTAL,fish_oil,NA,NA,NA,NA,NA,NA,NA,NA,NA,NA,NA,NA,NA,NA,NA,NA,NA,NA,NA,NA,NA,NA,NA,NA,NA,NA,20.32707351505644,12.781308217715605,49,19.951108571453403,11.447866674180545,21.37604932559904,0,0,0,0,0,0,0,0,0,0,0,0,0,0,0
Mauritius,37,Agar agar nei,seaweeds,NA,NA,NA,NA,NA,NA,NA,NA,NA,NA,NA,NA,NA,NA,NA,NA,NA,NA,NA,NA,NA,NA,0,0,0,0,0,0,0,0,0,0,0,0,0,0,0,0,0,0,0,0,0,0,0,0,0
Mauritius,37,"Fish liver oils, nei",fish_oil,NA,NA,NA,NA,NA,NA,NA,NA,NA,NA,NA,NA,NA,NA,NA,NA,NA,NA,NA,NA,NA,NA,NA,NA,0,0,0,0,0,0,0,0,0,55.347119064467954,34,25,0,0,0,0,21,0,0,0,0,0,0
Mauritius,37,Ornamental fish nei,ornamentals,NA,NA,NA,NA,NA,NA,NA,NA,NA,NA,NA,NA,NA,NA,NA,NA,7,7,7,4,7,6,7,10,8,10,15,4,3,3,3,2,2,3,2,3,0,0,0,0,0,0,0,0,0,0,0
Mauritius,37,Ornamental saltwater fish,ornamentals,NA,NA,NA,NA,NA,NA,NA,NA,NA,NA,NA,NA,NA,NA,NA,NA,NA,NA,NA,NA,NA,NA,NA,NA,NA,NA,NA,NA,NA,NA,NA,NA,NA,NA,NA,NA,1,0,0,1,9,6,9,0,1,0,0
Mauritius,37,Z_TOTAL,fish_oil,NA,NA,NA,NA,NA,NA,NA,NA,NA,NA,NA,NA,NA,NA,NA,NA,NA,NA,NA,NA,NA,NA,NA,NA,0,0,0,0,0,0,0,0,0,55.347119064467954,34,25,0,0,0,0,21,0,0,0,0,0,0
Mauritius,37,Z_TOTAL,ornamentals,NA,NA,NA,NA,NA,NA,NA,NA,NA,NA,NA,NA,NA,NA,NA,NA,7,7,7,4,7,6,7,10,8,10,15,4,3,3,3,2,2,3,2,3,1,0,0,1,9,6,9,0,1,0,0
Mauritius,37,Z_TOTAL,seaweeds,NA,NA,NA,NA,NA,NA,NA,NA,NA,NA,NA,NA,NA,NA,NA,NA,NA,NA,NA,NA,NA,NA,0,0,0,0,0,0,0,0,0,0,0,0,0,0,0,0,0,0,0,0,0,0,0,0,0
Mayotte,29,Ornamental fish nei,ornamentals,NA,NA,NA,NA,NA,NA,NA,NA,NA,NA,NA,NA,NA,NA,NA,NA,NA,NA,NA,NA,0,0,0,0,0,0,0,0,0,0,34,14,8,0,0,0,0,0,0,0,0,0,0,0,0,0,0
Mayotte,29,Z_TOTAL,ornamentals,NA,NA,NA,NA,NA,NA,NA,NA,NA,NA,NA,NA,NA,NA,NA,NA,NA,NA,NA,NA,0,0,0,0,0,0,0,0,0,0,34,14,8,0,0,0,0,0,0,0,0,0,0,0,0,0,0
Mexico,135,Agar agar nei,seaweeds,NA,NA,NA,NA,NA,NA,NA,NA,NA,NA,NA,NA,NA,NA,NA,NA,NA,NA,17,51,0,73,66,77,0,96,79,60,68,76,72,65,75,53,74,79,45,60,78,99,0,0,84,0,0,0,0
Mexico,135,Cod liver oil,fish_oil,NA,NA,NA,NA,NA,NA,NA,NA,NA,NA,NA,NA,NA,NA,NA,NA,NA,NA,NA,NA,NA,NA,NA,NA,NA,NA,NA,0,1,0,0,0,1,2,1,3,0,1,1,1,0,1,0,0,0,0,0
Mexico,135,"Fish body oils, nei",fish_oil,NA,NA,NA,NA,NA,NA,NA,92,9.63098940814507,21.467568882709315,110.52085465499408,0,0,0,75.13498723426494,44,0,16,27,53,0,0,0,0,0,0,0,0,0,0,0,0,0,0,0,0,0,0,0,0,0,0,0,0,0,0,0
Mexico,135,"Fish liver oils, nei",fish_oil,NA,NA,NA,NA,NA,NA,NA,NA,NA,NA,NA,NA,NA,NA,0,0,1,0,22,0,0,0,0,0,0,0,1,0,1,0,2,0,0,0,1,0,1,0,0,0,0,0,2,0,0,0,0
Mexico,135,Ornamental fish nei,ornamentals,0,1,0,0,0.4683883020533841,0,6,1,0.49020345831004875,1,3,2,1,4,0,9,5,8,1,0,2.370189161264406,41.69068135765637,13.268338144498898,12.064098444106826,44.12642970376136,14.494393001147639,39.90341006879285,18.134381047644695,28.422229497086896,47.78277911745091,35.086451267224554,26.624050630095034,38.121592568993485,0,0,0,37.53856098052203,0,0,0,0,0,0,0,0,0,0
Mexico,135,Ornamental saltwater fish,ornamentals,NA,NA,NA,NA,NA,NA,NA,NA,NA,NA,NA,NA,NA,NA,NA,NA,NA,NA,NA,NA,NA,NA,NA,NA,NA,NA,NA,NA,NA,NA,NA,NA,NA,NA,NA,NA,10.260333474839172,16.932074340697454,14.266116306488357,11.133273327275901,13.83649216060553,20.97511797146717,9.204903509692372,0,0,0,0
Mexico,135,Z_TOTAL,fish_oil,NA,NA,NA,NA,NA,NA,NA,92,9.63098940814507,21.467568882709315,110.52085465499408,0,0,0,75.13498723426494,44,1,16,49,53,0,0,0,0,0,0,1,0,2,0,2,0,1,2,2,3,1,1,1,1,0,1,2,0,0,0,0
Mexico,135,Z_TOTAL,ornamentals,0,1,0,0,0.4683883020533841,0,6,1,0.49020345831004875,1,3,2,1,4,0,9,5,8,1,0,2.370189161264406,41.69068135765637,13.268338144498898,12.064098444106826,44.12642970376136,14.494393001147639,39.90341006879285,18.134381047644695,28.422229497086896,47.78277911745091,35.086451267224554,26.624050630095034,38.121592568993485,0,0,0,47.7988944553612,16.932074340697454,14.266116306488357,11.133273327275901,13.83649216060553,20.97511797146717,9.204903509692372,0,0,0,0
Mexico,135,Z_TOTAL,seaweeds,NA,NA,NA,NA,NA,NA,NA,NA,NA,NA,NA,NA,NA,NA,NA,NA,NA,NA,17,51,0,73,66,77,0,96,79,60,68,76,72,65,75,53,74,79,45,60,78,99,0,0,84,0,0,0,0
Micronesia,9,Ornamental saltwater fish,ornamentals,NA,NA,NA,NA,NA,NA,NA,NA,NA,NA,NA,NA,NA,NA,NA,NA,NA,NA,NA,NA,0,0,1,8,5,2,0.48742575302214597,0,0,0.7476747669657122,0,0,0.8674526008129497,0,0,0,0,0,0,0,0,0,0,0,0,0,0
Micronesia,9,Z_TOTAL,ornamentals,NA,NA,NA,NA,NA,NA,NA,NA,NA,NA,NA,NA,NA,NA,NA,NA,NA,NA,NA,NA,0,0,1,8,5,2,0.48742575302214597,0,0,0.7476747669657122,0,0,0.8674526008129497,0,0,0,0,0,0,0,0,0,0,0,0,0,0
Montenegro,186,"Fish body oils, nei",fish_oil,NA,NA,NA,NA,NA,NA,NA,NA,NA,NA,NA,NA,NA,NA,NA,NA,NA,NA,NA,NA,NA,NA,NA,NA,1,1.431761447797257,0,0,0,0,0,0,0,0,0,0,0,0,0,0,0,0,0,0,0,0,0
Montenegro,186,Other seaweeds and aquatic plants and products thereof,seaweeds,NA,NA,NA,NA,NA,NA,NA,NA,NA,NA,NA,NA,NA,NA,NA,NA,NA,NA,NA,NA,NA,NA,NA,NA,2.8529463059767366,2.3549457722711153,0,0,0,0,0,0,0,0,0,0,0,0,0,0,0,0,0,0,0,0,0
Montenegro,186,Z_TOTAL,fish_oil,NA,NA,NA,NA,NA,NA,NA,NA,NA,NA,NA,NA,NA,NA,NA,NA,NA,NA,NA,NA,NA,NA,NA,NA,1,1.431761447797257,0,0,0,0,0,0,0,0,0,0,0,0,0,0,0,0,0,0,0,0,0
Montenegro,186,Z_TOTAL,seaweeds,NA,NA,NA,NA,NA,NA,NA,NA,NA,NA,NA,NA,NA,NA,NA,NA,NA,NA,NA,NA,NA,NA,NA,NA,2.8529463059767366,2.3549457722711153,0,0,0,0,0,0,0,0,0,0,0,0,0,0,0,0,0,0,0,0,0
Mozambique,41,"Fish liver oils, nei",fish_oil,NA,NA,NA,NA,NA,NA,NA,NA,NA,NA,NA,NA,NA,NA,NA,NA,NA,NA,NA,NA,NA,NA,NA,NA,NA,NA,NA,NA,NA,NA,NA,NA,NA,92,0,39,93,0,58,0,0,0,0,0,0,0,0
Mozambique,41,Ornamental fish nei,ornamentals,NA,NA,NA,NA,NA,NA,NA,NA,NA,NA,NA,NA,NA,NA,NA,NA,NA,NA,NA,NA,NA,NA,NA,NA,NA,NA,NA,NA,0,0,0,0,0,0,0,0,0,5,7,1,0,0,0,0,0,0,0
Mozambique,41,Z_TOTAL,fish_oil,NA,NA,NA,NA,NA,NA,NA,NA,NA,NA,NA,NA,NA,NA,NA,NA,NA,NA,NA,NA,NA,NA,NA,NA,NA,NA,NA,NA,NA,NA,NA,NA,NA,92,0,39,93,0,58,0,0,0,0,0,0,0,0
Mozambique,41,Z_TOTAL,ornamentals,NA,NA,NA,NA,NA,NA,NA,NA,NA,NA,NA,NA,NA,NA,NA,NA,NA,NA,NA,NA,NA,NA,NA,NA,NA,NA,NA,NA,0,0,0,0,0,0,0,0,0,5,7,1,0,0,0,0,0,0,0
Namibia,101,"Fish liver oils, nei",fish_oil,NA,NA,NA,NA,NA,NA,NA,NA,NA,NA,NA,NA,NA,NA,NA,NA,NA,NA,NA,NA,NA,0,0,0,28,0,0,0,0,25.586988304667,28,0,0,0,0,0,0,0,0,0,0,0,0,0,0,0,0
Namibia,101,Ornamental fish nei,ornamentals,NA,NA,NA,NA,NA,NA,NA,NA,NA,NA,NA,NA,NA,NA,NA,NA,NA,NA,NA,NA,NA,NA,NA,NA,1,0,22,4,80,72,0,0,0,0,0,0,0,0,0,0,0,0,0,0,0,0,0
Namibia,101,Other seaweeds and aquatic plants and products thereof,seaweeds,NA,NA,NA,NA,NA,NA,NA,NA,NA,NA,NA,NA,NA,NA,NA,NA,NA,NA,NA,NA,NA,NA,NA,NA,NA,NA,NA,53,60,0,74,74,0,0,0,76,0,0,0,0,0,0,0,0,0,0,0
Namibia,101,Z_TOTAL,fish_oil,NA,NA,NA,NA,NA,NA,NA,NA,NA,NA,NA,NA,NA,NA,NA,NA,NA,NA,NA,NA,NA,0,0,0,28,0,0,0,0,25.586988304667,28,0,0,0,0,0,0,0,0,0,0,0,0,0,0,0,0
Namibia,101,Z_TOTAL,ornamentals,NA,NA,NA,NA,NA,NA,NA,NA,NA,NA,NA,NA,NA,NA,NA,NA,NA,NA,NA,NA,NA,NA,NA,NA,1,0,22,4,80,72,0,0,0,0,0,0,0,0,0,0,0,0,0,0,0,0,0
Namibia,101,Z_TOTAL,seaweeds,NA,NA,NA,NA,NA,NA,NA,NA,NA,NA,NA,NA,NA,NA,NA,NA,NA,NA,NA,NA,NA,NA,NA,NA,NA,NA,NA,53,60,0,74,74,0,0,0,76,0,0,0,0,0,0,0,0,0,0,0
Netherlands,177,Agar agar nei,seaweeds,1,1,1,1,3,2,1,2,5,0,6,1,8,5,0,0,0,0,22,13,18,12,17,29,45,29,32,69,81,92,0,97,0,0,0,0,71,97,0,0,49,65,49,0,0,0,0
Netherlands,177,"Halibuts, liver oils",fish_oil,NA,NA,NA,NA,NA,NA,NA,NA,NA,NA,NA,NA,NA,NA,NA,NA,NA,NA,NA,1,21,22,6,17.77550522479808,8,7,49,60,19,14,12,5,5,11,0,28,0,0,0,0,0,0,0,0,0,0,0
Netherlands,177,Ornamental fish nei,ornamentals,NA,14,12,23,28,32,50,59,68,62,52,55,0,0,0,0,0,0,0,0,0,0,0,0,0,0,0,0,0,0,0,0,0,0,0,0,0,0,0,0,0,0,0,0,0,0,0
Netherlands,177,Ornamental saltwater fish,ornamentals,NA,NA,NA,NA,NA,NA,NA,NA,NA,NA,NA,NA,42,31,53,70,0,22,8,0,9,28,14,8,4,6,6,46,73,0,0,0,0,0,0,0,0,0,0,0,0,0,0,0,0,0,0
Netherlands,177,Other seaweeds and aquatic plants and products thereof,seaweeds,NA,NA,NA,NA,NA,NA,NA,NA,NA,NA,NA,NA,NA,40,8,24,29,0,38,0,0,0,0,0,0,0,0,0,0,0,0,0,0,0,0,0,0,0,0,0,0,0,0,0,0,0,0
Netherlands,177,Z_TOTAL,fish_oil,NA,NA,NA,NA,NA,NA,NA,NA,NA,NA,NA,NA,NA,NA,NA,NA,NA,NA,NA,1,21,22,6,17.77550522479808,8,7,49,60,19,14,12,5,5,11,0,28,0,0,0,0,0,0,0,0,0,0,0
Netherlands,177,Z_TOTAL,ornamentals,NA,14,12,23,28,32,50,59,68,62,52,55,42,31,53,70,0,22,8,0,9,28,14,8,4,6,6,46,73,0,0,0,0,0,0,0,0,0,0,0,0,0,0,0,0,0,0
Netherlands,177,Z_TOTAL,seaweeds,1,1,1,1,3,2,1,2,5,0,6,1,8,45,8,24,29,0,60,13,18,12,17,29,45,29,32,69,81,92,0,97,0,0,0,0,71,97,0,0,49,65,49,0,0,0,0
New Caledonia,5,Ornamental fish nei,ornamentals,NA,NA,NA,NA,NA,NA,NA,NA,3,0,3,5,0,0,0,0,0,0,0,0,0,4,5,1,7,7,4,5,5,4,3,4,4,3,6,6,17,15,2,0,0,0,0,0,0,0,0
New Caledonia,5,Ornamental saltwater fish,ornamentals,NA,NA,NA,NA,NA,NA,NA,NA,NA,NA,NA,NA,NA,NA,NA,NA,NA,NA,NA,NA,NA,NA,NA,NA,NA,NA,NA,NA,NA,NA,NA,NA,NA,NA,NA,NA,NA,NA,13,14,13,4,3,0,0,0,0
New Caledonia,5,Z_TOTAL,ornamentals,NA,NA,NA,NA,NA,NA,NA,NA,3,0,3,5,0,0,0,0,0,0,0,0,0,4,5,1,7,7,4,5,5,4,3,4,4,3,6,6,17,15,15,14,13,4,3,0,0,0,0
New Zealand,162,Agar agar nei,seaweeds,NA,NA,NA,NA,NA,NA,NA,NA,NA,NA,NA,NA,NA,NA,NA,NA,NA,NA,24,19,6,6,10,6,5,46,8,8,12,3,8,3,9,6,16,12,11,17,0,2,5,16,9,0,0,0,0
New Zealand,162,Cod liver oil,fish_oil,NA,NA,NA,NA,NA,NA,NA,NA,NA,NA,NA,NA,NA,NA,22,22,33,61,0,58,50,0,41,63,31,60,0,56,48,89,0,0,70,0,0,0,0,0,0,94,0,71,39,0,0,0,0
New Zealand,162,"Fish liver oils, nei",fish_oil,NA,NA,NA,NA,NA,NA,NA,NA,NA,NA,NA,NA,63,54,35,45,17,0,0,0,0,0,0,0,0,0,0,0,0,0,0,0,0,0,0,0,0,0,0,0,0,0,0,0,0,0,0
New Zealand,162,Ornamental fish nei,ornamentals,NA,NA,NA,NA,NA,NA,NA,NA,NA,NA,NA,NA,0,0,0,0,0,0,1,0,0,0,1,0,0,0,0,0,69,4,19,15,7,0,0,0,0,0,0,0,0,0,0,0,0,0,0
New Zealand,162,Other seaweeds and aquatic plants and products thereof,seaweeds,NA,NA,NA,NA,NA,NA,NA,NA,NA,NA,NA,NA,NA,NA,3.1387824537857583,6.835565950521705,0,7.172391556887391,1.3746502782440757,2.248737220137542,1.198258329183858,4.253519881637423,3.587954157253172,10,1,11.085781759479673,1,3,8,4,8,0,0,0,43,63,0,0,0,0,0,0,0,0,0,0,0
New Zealand,162,"Seaweeds and other algae, fit for human consumption, nei",seaweeds,NA,NA,NA,NA,NA,NA,NA,NA,NA,NA,NA,NA,NA,NA,NA,NA,NA,NA,NA,NA,NA,NA,NA,NA,NA,NA,NA,NA,NA,NA,NA,NA,NA,NA,NA,NA,NA,NA,60,68,83,0,16,0,0,0,0
New Zealand,162,"Seaweeds and other algae, unfit for human consumption, nei",seaweeds,NA,NA,NA,NA,NA,NA,NA,NA,NA,NA,NA,NA,NA,NA,NA,NA,NA,NA,NA,NA,NA,NA,NA,NA,NA,NA,NA,NA,NA,NA,NA,NA,NA,NA,NA,NA,0,13,0,1,0,3,1,0,0,0,0
New Zealand,162,Z_TOTAL,fish_oil,NA,NA,NA,NA,NA,NA,NA,NA,NA,NA,NA,NA,63,54,57,67,50,61,0,58,50,0,41,63,31,60,0,56,48,89,0,0,70,0,0,0,0,0,0,94,0,71,39,0,0,0,0
New Zealand,162,Z_TOTAL,ornamentals,NA,NA,NA,NA,NA,NA,NA,NA,NA,NA,NA,NA,0,0,0,0,0,0,1,0,0,0,1,0,0,0,0,0,69,4,19,15,7,0,0,0,0,0,0,0,0,0,0,0,0,0,0
New Zealand,162,Z_TOTAL,seaweeds,NA,NA,NA,NA,NA,NA,NA,NA,NA,NA,NA,NA,NA,NA,3.1387824537857583,6.835565950521705,0,7.172391556887391,25.374650278244076,21.248737220137542,7.198258329183858,10.253519881637423,13.587954157253172,16,6,57.08578175947967,9,11,20,7,16,3,9,6,59,75,11,30,60,71,88,19,26,0,0,0,0
Nicaragua,131,Ornamental fish nei,ornamentals,NA,NA,NA,NA,NA,NA,NA,NA,NA,NA,NA,NA,NA,NA,NA,NA,NA,84,6,2,2,5,8,0,2,1,0,0,4,0,6,13,12,0,2,4,0,0,0,0,0,0,0,0,0,0,0
Nicaragua,131,Ornamental saltwater fish,ornamentals,NA,NA,NA,NA,NA,NA,NA,NA,NA,NA,NA,NA,NA,NA,NA,NA,NA,NA,NA,NA,NA,NA,NA,NA,NA,NA,NA,NA,NA,NA,NA,NA,NA,NA,NA,NA,2,2,5,9,12,20,26,0,0,0,0
Nicaragua,131,Z_TOTAL,ornamentals,NA,NA,NA,NA,NA,NA,NA,NA,NA,NA,NA,NA,NA,NA,NA,NA,NA,84,6,2,2,5,8,0,2,1,0,0,4,0,6,13,12,0,2,4,2,2,5,9,12,20,26,0,0,0,0
North Korea,21,Agar agar nei,seaweeds,NA,NA,NA,NA,NA,NA,NA,NA,NA,NA,NA,NA,NA,NA,NA,NA,NA,NA,NA,NA,NA,0.05957432902139814,0.25512000816338176,0,0,0,2,0,2,0,0,0,0,0,0,0,0,1,0,0,0,0,0,0,0,0,0
North Korea,21,"Seaweeds and other algae, fit for human consumption, nei",seaweeds,NA,NA,NA,NA,NA,NA,NA,NA,NA,NA,NA,NA,NA,NA,NA,NA,NA,NA,NA,NA,NA,NA,NA,NA,NA,NA,NA,NA,NA,NA,NA,NA,NA,NA,NA,NA,NA,4,4.811021925399757,1,0,0,0,0,0,0,0
North Korea,21,Z_TOTAL,seaweeds,NA,NA,NA,NA,NA,NA,NA,NA,NA,NA,NA,NA,NA,NA,NA,NA,NA,NA,NA,NA,NA,0.05957432902139814,0.25512000816338176,0,0,0,2,0,2,0,0,0,0,0,0,0,0,5,4.811021925399757,1,0,0,0,0,0,0,0
Norway,223,Agar agar nei,seaweeds,NA,NA,NA,NA,NA,NA,NA,NA,NA,NA,NA,NA,NA,NA,NA,NA,NA,NA,0,0,0,0,0,0,0,0,0,29,39,20,0,0,0,0,0,0,0,0,0,0,0,0,0,0,0,0,0
Norway,223,"Oils and fats of aquatic animals, nei",fish_oil,NA,NA,NA,NA,NA,NA,NA,NA,NA,NA,NA,NA,NA,NA,NA,NA,NA,NA,NA,NA,NA,2,20,0,0,0,2,27,0,0,51,96,76,16,27,11,20,15,2,55,63,0,41,0,0,0,0
Norway,223,Ornamental fish nei,ornamentals,NA,NA,NA,NA,2,1.3605171314414832,1.421588395602683,0,0,1.5027986273794909,1,21,1.5840088591562989,0,0,0,0,0,0,0,0,0,0,0,0,0,0,0,0,0,0,0,0,0,0,0,0,0,0,0,0,0,0,0,0,0,0
Norway,223,"Seaweeds and other algae, fit for human consumption, nei",seaweeds,NA,NA,NA,NA,NA,NA,NA,NA,NA,NA,NA,NA,NA,NA,NA,NA,NA,NA,NA,NA,NA,NA,NA,NA,NA,NA,NA,NA,NA,NA,NA,NA,NA,NA,NA,NA,NA,6,11,10,0,54,64,0,0,0,0
Norway,223,Shark oil,fish_oil,NA,NA,NA,NA,NA,NA,NA,NA,NA,NA,NA,NA,7,0,7,0.6189753656256514,4,0,11,0,89,0,69,55,56,47,57,42,48,50,48,35,36,40,53,9,18,0,0,0,1,0,0,0,0,0,0
Norway,223,Z_TOTAL,fish_oil,NA,NA,NA,NA,NA,NA,NA,NA,NA,NA,NA,NA,7,0,7,0.6189753656256514,4,0,11,0,89,2,89,55,56,47,59,69,48,50,99,131,112,56,80,20,38,15,2,55,64,0,41,0,0,0,0
Norway,223,Z_TOTAL,ornamentals,NA,NA,NA,NA,2,1.3605171314414832,1.421588395602683,0,0,1.5027986273794909,1,21,1.5840088591562989,0,0,0,0,0,0,0,0,0,0,0,0,0,0,0,0,0,0,0,0,0,0,0,0,0,0,0,0,0,0,0,0,0,0
Norway,223,Z_TOTAL,seaweeds,NA,NA,NA,NA,NA,NA,NA,NA,NA,NA,NA,NA,NA,NA,NA,NA,NA,NA,0,0,0,0,0,0,0,0,0,29,39,20,0,0,0,0,0,0,0,6,11,10,0,54,64,0,0,0,0
Oman,48,"Fish body oils, nei",fish_oil,NA,NA,NA,NA,NA,NA,NA,NA,NA,NA,NA,NA,NA,NA,NA,NA,NA,NA,12,20,34,40,21,0,15,0,0,0,0,40,0,0,31.28283092671289,27.733662807149187,14,29.711602227892243,0,0,0,0,0,0,0,0,0,0,0
Oman,48,"Fish liver oils, nei",fish_oil,NA,NA,NA,NA,NA,NA,NA,NA,NA,NA,NA,NA,NA,NA,NA,NA,NA,NA,NA,NA,NA,NA,NA,NA,NA,NA,34.54099680752853,0,0,0,0,0,0,0,0,21,0,25,0,0,0,34,0,0,0,0,0
Oman,48,"Oils and fats of aquatic animals, nei",fish_oil,NA,NA,NA,NA,NA,10,0,0,0,0,0,0,0,4,0,3,0,0,0,0,18,0,0,0,0,0,0,0,0,0,0,0,0,0,0,0,0,0,0,0,0,0,0,0,0,0,0
Oman,48,Ornamental fish nei,ornamentals,NA,NA,NA,NA,NA,NA,NA,NA,NA,NA,NA,NA,NA,NA,NA,NA,NA,NA,NA,0,0,3,2,1,0,3,2,18,0,0,0,0,0,0,0,0,0,0,0,0,0,0,0,0,0,0,0
Oman,48,Z_TOTAL,fish_oil,NA,NA,NA,NA,NA,10,0,0,0,0,0,0,0,4,0,3,0,0,12,20,52,40,21,0,15,0,34.54099680752853,0,0,40,0,0,31.28283092671289,27.733662807149187,14,50.71160222789224,0,25,0,0,0,34,0,0,0,0,0
Oman,48,Z_TOTAL,ornamentals,NA,NA,NA,NA,NA,NA,NA,NA,NA,NA,NA,NA,NA,NA,NA,NA,NA,NA,NA,0,0,3,2,1,0,3,2,18,0,0,0,0,0,0,0,0,0,0,0,0,0,0,0,0,0,0,0
Pakistan,53,Agar agar nei,seaweeds,NA,NA,NA,NA,NA,NA,NA,NA,NA,NA,NA,NA,NA,NA,NA,NA,NA,NA,NA,NA,NA,NA,NA,NA,NA,NA,NA,6,0,0,0,44,0,36,0,0,0,0,0,5,4,9,1,4.475443898753306,0,0,0
Pakistan,53,Ornamental fish nei,ornamentals,NA,NA,NA,NA,NA,NA,NA,NA,NA,NA,NA,NA,NA,NA,NA,NA,NA,NA,NA,NA,NA,NA,NA,NA,NA,NA,1,0,0,0,0,1,19,18,4,41,4,0,0,0,0,0,0,0,0,0,0
Pakistan,53,Ornamental saltwater fish,ornamentals,NA,NA,NA,NA,NA,NA,NA,NA,NA,NA,NA,NA,NA,NA,NA,NA,NA,NA,NA,NA,NA,NA,NA,NA,NA,NA,NA,NA,NA,NA,NA,NA,NA,NA,NA,NA,NA,6,77,0,69,0,1,0,0,0,0
Pakistan,53,Z_TOTAL,ornamentals,NA,NA,NA,NA,NA,NA,NA,NA,NA,NA,NA,NA,NA,NA,NA,NA,NA,NA,NA,NA,NA,NA,NA,NA,NA,NA,1,0,0,0,0,1,19,18,4,41,4,6,77,0,69,0,1,0,0,0,0
Pakistan,53,Z_TOTAL,seaweeds,NA,NA,NA,NA,NA,NA,NA,NA,NA,NA,NA,NA,NA,NA,NA,NA,NA,NA,NA,NA,NA,NA,NA,NA,NA,NA,NA,6,0,0,0,44,0,36,0,0,0,0,0,5,4,9,1,4.475443898753306,0,0,0
Palau,8,Ornamental saltwater fish,ornamentals,NA,NA,NA,NA,NA,NA,NA,NA,NA,NA,NA,NA,NA,NA,NA,NA,NA,NA,NA,NA,NA,NA,NA,NA,NA,NA,NA,NA,NA,NA,NA,NA,NA,NA,NA,NA,NA,1.254377230686785,0,1.1001104864243914,2,2,6,0,0,0,0
Palau,8,Z_TOTAL,ornamentals,NA,NA,NA,NA,NA,NA,NA,NA,NA,NA,NA,NA,NA,NA,NA,NA,NA,NA,NA,NA,NA,NA,NA,NA,NA,NA,NA,NA,NA,NA,NA,NA,NA,NA,NA,NA,NA,1.254377230686785,0,1.1001104864243914,2,2,6,0,0,0,0
Panama,129,Ornamental fish nei,ornamentals,NA,NA,NA,NA,NA,NA,NA,NA,NA,NA,NA,NA,NA,2,0,0.5283799817592136,35,0,26,0,0,0,0,0,0,0,0,0,0,0,0,0,0,0,0,0,0,0,0,0,0,0,0,0,0,0,0
Panama,129,"Seaweeds and other algae, fit for human consumption, nei",seaweeds,NA,NA,NA,NA,NA,NA,NA,NA,NA,NA,NA,NA,NA,NA,NA,NA,NA,NA,NA,NA,NA,NA,NA,NA,NA,NA,NA,NA,NA,NA,9,6,1,0,0,0,0,11,44,22,0,0,3,0,0,0,0
Panama,129,"Seaweeds and other algae, unfit for human consumption, nei",seaweeds,NA,NA,NA,NA,NA,NA,NA,NA,NA,NA,NA,NA,NA,NA,NA,NA,NA,NA,NA,NA,NA,NA,NA,NA,NA,NA,NA,NA,NA,NA,NA,NA,NA,NA,NA,NA,0,0,0,0,6,0,5,0,3.919215280881872,3.5892397597104946,4.855901243543485
Panama,129,Z_TOTAL,ornamentals,NA,NA,NA,NA,NA,NA,NA,NA,NA,NA,NA,NA,NA,2,0,0.5283799817592136,35,0,26,0,0,0,0,0,0,0,0,0,0,0,0,0,0,0,0,0,0,0,0,0,0,0,0,0,0,0,0
Panama,129,Z_TOTAL,seaweeds,NA,NA,NA,NA,NA,NA,NA,NA,NA,NA,NA,NA,NA,NA,NA,NA,NA,NA,NA,NA,NA,NA,NA,NA,NA,NA,NA,NA,NA,NA,9,6,1,0,0,0,0,11,44,22,6,0,8,0,3.919215280881872,3.5892397597104946,4.855901243543485
Papua New Guinea,17,Ornamental fish nei,ornamentals,NA,NA,NA,NA,NA,NA,NA,NA,NA,NA,NA,NA,NA,NA,NA,NA,NA,NA,NA,NA,NA,NA,7,1,0,0,0,0,0,0,0,0,0,0,0,36,0,0,0,0,0,0,0,0,0,0,0
Papua New Guinea,17,Ornamental saltwater fish,ornamentals,NA,NA,NA,NA,NA,NA,NA,NA,NA,NA,NA,NA,NA,NA,NA,NA,NA,NA,NA,NA,NA,NA,NA,NA,NA,NA,NA,NA,NA,NA,NA,NA,NA,NA,NA,NA,0,2.340683124085672,2.2864764398956083,0,2.4586557855756865,0,0,0,0,0,0
Papua New Guinea,17,Z_TOTAL,ornamentals,NA,NA,NA,NA,NA,NA,NA,NA,NA,NA,NA,NA,NA,NA,NA,NA,NA,NA,NA,NA,NA,NA,7,1,0,0,0,0,0,0,0,0,0,0,0,36,0,2.340683124085672,2.2864764398956083,0,2.4586557855756865,0,0,0,0,0,0
Peru,138,Agar agar nei,seaweeds,NA,NA,NA,NA,NA,NA,NA,NA,NA,NA,NA,NA,NA,NA,NA,NA,NA,NA,NA,NA,NA,NA,NA,NA,0,0,0,0,0,0,0,0,0,0,0,0,0,0,0,0,0,0,0,0,0,0,0
Peru,138,"Fish liver oils, nei",fish_oil,NA,NA,NA,NA,NA,NA,NA,NA,NA,NA,NA,NA,NA,NA,NA,NA,NA,NA,35,0,0,0,0,0,0,0,0,0,0,0,0,59,0,97,0,22,40,62,0,67,0,0,0,0,0,0,0
Peru,138,Ornamental saltwater fish,ornamentals,NA,NA,NA,NA,NA,NA,NA,NA,NA,NA,NA,NA,NA,NA,NA,NA,NA,NA,NA,NA,NA,NA,NA,NA,NA,NA,NA,NA,NA,NA,NA,NA,NA,NA,NA,NA,14,24,15,25,9,13,60,0,0,0,0
Peru,138,Other seaweeds and aquatic plants and products thereof,seaweeds,NA,NA,NA,NA,NA,NA,NA,NA,NA,NA,NA,NA,NA,NA,25,21,17,29,0,0,0,0,0,0,0,0,0,0,0,0,0,0,0,0,0,0,0,0,0,0,0,0,0,0,0,0,0
Peru,138,"Seaweeds and other algae, fit for human consumption, nei",seaweeds,NA,NA,NA,NA,NA,NA,NA,NA,NA,NA,NA,NA,NA,NA,NA,NA,NA,NA,NA,NA,NA,NA,NA,NA,NA,NA,NA,NA,NA,NA,NA,NA,NA,NA,NA,NA,64,54,27,48,41,23,18,0,0,0,0
Peru,138,Z_TOTAL,fish_oil,NA,NA,NA,NA,NA,NA,NA,NA,NA,NA,NA,NA,NA,NA,NA,NA,NA,NA,35,0,0,0,0,0,0,0,0,0,0,0,0,59,0,97,0,22,40,62,0,67,0,0,0,0,0,0,0
Peru,138,Z_TOTAL,ornamentals,NA,NA,NA,NA,NA,NA,NA,NA,NA,NA,NA,NA,NA,NA,NA,NA,NA,NA,NA,NA,NA,NA,NA,NA,NA,NA,NA,NA,NA,NA,NA,NA,NA,NA,NA,NA,14,24,15,25,9,13,60,0,0,0,0
Peru,138,Z_TOTAL,seaweeds,NA,NA,NA,NA,NA,NA,NA,NA,NA,NA,NA,NA,NA,NA,25,21,17,29,0,0,0,0,0,0,0,0,0,0,0,0,0,0,0,0,0,0,64,54,27,48,41,23,18,0,0,0,0
Philippines,15,Agar agar nei,seaweeds,NA,NA,NA,NA,NA,NA,NA,NA,NA,NA,NA,NA,NA,NA,NA,NA,NA,NA,NA,NA,NA,NA,NA,NA,NA,NA,NA,NA,NA,NA,NA,0,0,0,0,0,1,2,1,2,1,3,1,0,0,0,0
Philippines,15,Cod liver oil,fish_oil,NA,NA,NA,NA,NA,NA,NA,NA,NA,NA,NA,NA,NA,NA,NA,NA,NA,NA,NA,NA,NA,NA,NA,NA,NA,NA,NA,NA,NA,NA,NA,NA,NA,NA,NA,NA,45,0,91,3,5,0,0,0,0,0,0
Philippines,15,"Fish body oils, nei",fish_oil,NA,84,24,63,0,0,38,22,0,5,6,0,0,0,0,0,0,0,0,0,0,0,0,0,0,0,23,0,0,0,20,0,0,42.2515966563422,35,0,15,2,7,14.993575396740766,90,0,0,0,0,0,0
Philippines,15,"Fish liver oils, nei",fish_oil,NA,NA,NA,NA,NA,NA,NA,NA,NA,NA,NA,NA,NA,81,91,0,0,0,0,0,0,0,0,0,6,38,0,0,0,6,7,37,0,0,43,0,6,0,34,1,0,0,0,0,0,0,0
Philippines,15,Shark liver oil,fish_oil,NA,NA,NA,NA,NA,NA,NA,NA,NA,NA,NA,NA,NA,NA,NA,NA,NA,NA,50,14,6,1,0,0,0,0,90,51,33,0,0,0,0,0,0,79,65,4,39,65,66,0,0,0,0,0,0
Philippines,15,Z_TOTAL,fish_oil,NA,84,24,63,0,0,38,22,0,5,6,0,0,81,91,0,0,0,50,14,6,1,0,0,6,38,113,51,33,6,27,37,0,42.2515966563422,78,79,131,6,171,83.99357539674077,161,0,0,0,0,0,0
Philippines,15,Z_TOTAL,seaweeds,NA,NA,NA,NA,NA,NA,NA,NA,NA,NA,NA,NA,NA,NA,NA,NA,NA,NA,NA,NA,NA,NA,NA,NA,NA,NA,NA,NA,NA,NA,NA,0,0,0,0,0,1,2,1,2,1,3,1,0,0,0,0
Poland,178,Agar agar nei,seaweeds,NA,NA,NA,NA,NA,NA,NA,NA,NA,NA,NA,NA,NA,NA,NA,NA,NA,NA,NA,1,0,0,0,0,0,0,0,0,0,0,0,0,0,5,8,3,7,3,15,4,14,7,3,0,0,0,0
Poland,178,"Fish body oils, nei",fish_oil,NA,NA,NA,NA,NA,NA,NA,NA,NA,NA,NA,10.970108042005961,0,0,0,0,0,6,0,12,0,0,9,0,0,1,0,1,15,18,0,0,0,0,0,0,0,0,0,0,0,0,0,0,0,0,0
Poland,178,"Fish liver oils, nei",fish_oil,NA,NA,NA,NA,NA,NA,NA,NA,NA,NA,NA,NA,NA,NA,NA,NA,NA,NA,NA,NA,NA,NA,0,0,0,1,0,0,2,0,0,0,0,0,4,0,5,0,3,5,0,1,0,0,0,0,0
Poland,178,Ornamental saltwater fish,ornamentals,NA,NA,NA,NA,NA,NA,NA,NA,NA,NA,NA,NA,NA,NA,NA,NA,NA,NA,NA,NA,NA,NA,NA,NA,NA,NA,0,0,0,0,0,0,0,0,0,0,5,17,0,0,0,0,0,0,0,0,0
Poland,178,"Seaweeds and other algae, fit for human consumption, nei",seaweeds,NA,NA,NA,NA,NA,NA,NA,NA,NA,NA,NA,NA,NA,NA,NA,NA,NA,NA,NA,NA,NA,NA,NA,NA,NA,NA,NA,NA,NA,NA,NA,NA,NA,NA,NA,NA,2,2,1,2,0,0,0,0,0,0,0
Poland,178,"Seaweeds and other algae, unfit for human consumption, nei",seaweeds,NA,NA,NA,NA,NA,NA,NA,NA,NA,NA,NA,NA,NA,NA,NA,NA,NA,NA,NA,NA,NA,NA,NA,NA,NA,NA,NA,NA,NA,NA,NA,NA,NA,NA,NA,NA,0,0,0,0,0,57,3,0,0,0,0
Poland,178,Z_TOTAL,fish_oil,NA,NA,NA,NA,NA,NA,NA,NA,NA,NA,NA,10.970108042005961,0,0,0,0,0,6,0,12,0,0,9,0,0,2,0,1,17,18,0,0,0,0,4,0,5,0,3,5,0,1,0,0,0,0,0
Poland,178,Z_TOTAL,ornamentals,NA,NA,NA,NA,NA,NA,NA,NA,NA,NA,NA,NA,NA,NA,NA,NA,NA,NA,NA,NA,NA,NA,NA,NA,NA,NA,0,0,0,0,0,0,0,0,0,0,5,17,0,0,0,0,0,0,0,0,0
Poland,178,Z_TOTAL,seaweeds,NA,NA,NA,NA,NA,NA,NA,NA,NA,NA,NA,NA,NA,NA,NA,NA,NA,NA,NA,1,0,0,0,0,0,0,0,0,0,0,0,0,0,5,8,3,9,5,16,6,14,64,6,0,0,0,0
Portugal,183,Agar agar nei,seaweeds,NA,NA,NA,NA,NA,NA,NA,NA,NA,NA,NA,NA,NA,NA,NA,NA,NA,NA,NA,NA,NA,NA,NA,NA,NA,NA,NA,NA,NA,NA,NA,NA,NA,NA,NA,NA,NA,NA,66,3,13,1,1,0,0,0,0
Portugal,183,"Fish body oils, nei",fish_oil,NA,NA,NA,NA,NA,NA,NA,NA,NA,NA,NA,NA,NA,57,47,0,25.093448249505172,0,31.955297598602897,0,0,0,0,0,0,0,0,0,0,0,0,0,0,32.47960693550476,0,0,0,0,0,0,0,0,0,0,0,0,0
Portugal,183,"Fish liver oils, nei",fish_oil,90,25,7,36,0,0,28,0,20,92,0,0,0,0,0,0,0,0,0,0,0,0,0,0,0,0,0,0,0,0,0,0,0,0,0,0,0,0,0,0,0,0,67,0,0,0,0
Portugal,183,"Halibuts, liver oils",fish_oil,NA,NA,NA,NA,NA,NA,NA,NA,NA,NA,NA,NA,NA,NA,NA,NA,NA,NA,NA,NA,NA,24,0,0,0,3,0,0,0,4,0,0,0,0,87,18,0,0,0,0,0,0,0,0,0,0,0
Portugal,183,Ornamental saltwater fish,ornamentals,NA,NA,NA,NA,NA,NA,NA,NA,NA,NA,NA,NA,1,0,0,0,0,0.21377387607983245,0,0,0,0,0,0,0,0,0,0,0,41,39,10,71,26,4,5,11,14,7,25,41,37,40,0,0,0,0
Portugal,183,Other seaweeds and aquatic plants and products thereof,seaweeds,NA,NA,NA,NA,NA,6.636441004210766,0,0,0,0,0,0,0,0,0,0,0,0,0,0,0,0,0,0,0,0,0,94,0,28,40,0,16,18,19,22,0,0,0,0,0,0,0,0,0,0,0
Portugal,183,"Seaweeds and other algae, fit for human consumption, nei",seaweeds,NA,NA,NA,NA,NA,NA,NA,NA,NA,NA,NA,NA,NA,NA,NA,NA,NA,NA,NA,NA,NA,NA,NA,NA,NA,NA,NA,NA,NA,NA,NA,NA,NA,NA,NA,NA,80,38,82,30,35,43,0,0,0,0,0
Portugal,183,Z_TOTAL,fish_oil,90,25,7,36,0,0,28,0,20,92,0,0,0,57,47,0,25.093448249505172,0,31.955297598602897,0,0,24,0,0,0,3,0,0,0,4,0,0,0,32.47960693550476,87,18,0,0,0,0,0,0,67,0,0,0,0
Portugal,183,Z_TOTAL,ornamentals,NA,NA,NA,NA,NA,NA,NA,NA,NA,NA,NA,NA,1,0,0,0,0,0.21377387607983245,0,0,0,0,0,0,0,0,0,0,0,41,39,10,71,26,4,5,11,14,7,25,41,37,40,0,0,0,0
Portugal,183,Z_TOTAL,seaweeds,NA,NA,NA,NA,NA,6.636441004210766,0,0,0,0,0,0,0,0,0,0,0,0,0,0,0,0,0,0,0,0,0,94,0,28,40,0,16,18,19,22,80,38,148,33,48,44,1,0,0,0,0
Romania,72,Agar agar nei,seaweeds,NA,NA,NA,NA,NA,NA,NA,NA,NA,NA,NA,NA,NA,NA,NA,NA,NA,NA,NA,NA,NA,NA,NA,NA,0,0,0,0,1,0,0,0,0,0,0,0.20768556805102634,0,0,0,0,0,0,0,0,0,0,0
Romania,72,"Fish body oils, nei",fish_oil,NA,NA,NA,NA,NA,NA,NA,NA,NA,NA,NA,NA,NA,NA,NA,NA,NA,NA,NA,NA,NA,NA,NA,NA,NA,NA,NA,NA,NA,NA,NA,15,24,2,0,0,36,53,38,76,71,62,68,0,0,0,0
Romania,72,"Fish liver oils, nei",fish_oil,NA,NA,NA,NA,NA,NA,NA,NA,NA,NA,NA,NA,NA,NA,NA,NA,NA,NA,NA,NA,NA,NA,NA,NA,NA,NA,NA,NA,96,31,0,30,0,0,3,0,4,4,0,1,0,1,1,0,0,0,0
Romania,72,Other seaweeds and aquatic plants and products thereof,seaweeds,NA,NA,NA,NA,NA,NA,NA,NA,NA,NA,NA,NA,NA,NA,NA,NA,NA,NA,NA,NA,0,0,0,0,0,0,4,0,1,3,0,1,1,16,0,0,0,0,0,0,0,0,0,0,0,0,0
Romania,72,"Seaweeds and other algae, fit for human consumption, nei",seaweeds,NA,NA,NA,NA,NA,NA,NA,NA,NA,NA,NA,NA,NA,NA,NA,NA,NA,NA,NA,NA,NA,NA,NA,NA,NA,NA,NA,NA,NA,NA,NA,NA,NA,NA,NA,NA,0,3,3,0,5,7,0,0,0,0,0
Romania,72,"Seaweeds and other algae, unfit for human consumption, nei",seaweeds,NA,NA,NA,NA,NA,NA,NA,NA,NA,NA,NA,NA,NA,NA,NA,NA,NA,NA,NA,NA,NA,NA,NA,NA,NA,NA,NA,NA,NA,NA,NA,NA,NA,NA,NA,NA,0,0,1,0,1,1,0,0,0,0,0
Romania,72,Z_TOTAL,fish_oil,NA,NA,NA,NA,NA,NA,NA,NA,NA,NA,NA,NA,NA,NA,NA,NA,NA,NA,NA,NA,NA,NA,NA,NA,NA,NA,NA,NA,96,31,0,45,24,2,3,0,40,57,38,77,71,63,69,0,0,0,0
Romania,72,Z_TOTAL,seaweeds,NA,NA,NA,NA,NA,NA,NA,NA,NA,NA,NA,NA,NA,NA,NA,NA,NA,NA,NA,NA,0,0,0,0,0,0,4,0,2,3,0,1,1,16,0,0.20768556805102634,0,3,4,0,6,8,0,0,0,0,0
Russia,73,Agar agar nei,seaweeds,NA,NA,NA,NA,NA,NA,NA,NA,NA,NA,NA,NA,NA,NA,NA,NA,NA,NA,NA,NA,NA,NA,1,0,1,1,1,0,1,4,12,21,1,2,5,28,38,37,40,34,35,50,94,90,0,86,86
Russia,73,"Fish body oils, nei",fish_oil,52.29503439919007,41.89639719315201,0,0,0,0,80,0,0,0,80,80,0,0,0,0,0,0,0,0,0,0,0,0,0,0,0,0,0,0,0,86,0,0,0,0,0,0,9,64,0,0,0,0,0,0,0
Russia,73,"Fish liver oils, nei",fish_oil,NA,NA,NA,NA,NA,NA,NA,NA,NA,NA,NA,NA,NA,NA,NA,NA,NA,NA,NA,63,27,25,15,0,27,21,8,16,19,6,4,4,0,0,0,1,0,0,0,0,0,0,0,1,52,0,0
Russia,73,Other seaweeds and aquatic plants and products thereof,seaweeds,NA,NA,NA,NA,NA,NA,NA,NA,NA,NA,NA,NA,NA,NA,NA,NA,NA,NA,NA,NA,NA,NA,37,5,0,0,0,0,0,93,34,55,50,38,74,85,1,2,50,73.76599845797996,76.09444872783348,38,105.20007710100234,0,108.6927525057826,0,0
Russia,73,"Seaweeds and other algae, unfit for human consumption, nei",seaweeds,NA,NA,NA,NA,NA,NA,NA,NA,NA,NA,NA,NA,NA,NA,NA,NA,NA,NA,NA,NA,NA,NA,NA,NA,NA,NA,NA,NA,NA,NA,NA,NA,NA,NA,NA,NA,0,2,4,4,6,10,32,29,23,29,29
Russia,73,Z_TOTAL,fish_oil,52.29503439919007,41.89639719315201,0,0,0,0,80,0,0,0,80,80,0,0,0,0,0,0,0,63,27,25,15,0,27,21,8,16,19,6,4,90,0,0,0,1,0,0,9,64,0,0,0,1,52,0,0
Russia,73,Z_TOTAL,seaweeds,NA,NA,NA,NA,NA,NA,NA,NA,NA,NA,NA,NA,NA,NA,NA,NA,NA,NA,NA,NA,NA,NA,38,5,1,1,1,0,1,97,46,76,51,40,79,113,39,41,94,111.76599845797996,117.09444872783348,98,231.20007710100234,119,131.6927525057826,115,115
Saba,248,Ornamental fish nei,ornamentals,NA,NA,NA,NA,NA,NA,NA,NA,NA,NA,NA,NA,NA,NA,NA,NA,NA,NA,NA,NA,NA,0.3813951654689225,0.6780968640859744,0.25426344364594833,0.25426344364594833,0.12713172182297416,0.25426344364594833,0.25426344364594833,0,0.762790330937845,1.017053774583793,1.1441854964067677,0.25426344364594833,0.25426344364594833,0.01765499087064093,0,0,0,0,0,0,0,0,0,0,0,0
Saba,248,Z_TOTAL,ornamentals,NA,NA,NA,NA,NA,NA,NA,NA,NA,NA,NA,NA,NA,NA,NA,NA,NA,NA,NA,NA,NA,0.3813951654689225,0.6780968640859744,0.25426344364594833,0.25426344364594833,0.12713172182297416,0.25426344364594833,0.25426344364594833,0,0.762790330937845,1.017053774583793,1.1441854964067677,0.25426344364594833,0.25426344364594833,0.01765499087064093,0,0,0,0,0,0,0,0,0,0,0,0
Saint Helena,86,Ornamental fish nei,ornamentals,NA,NA,NA,NA,NA,NA,NA,NA,NA,NA,NA,NA,NA,NA,NA,NA,NA,NA,NA,NA,NA,NA,NA,NA,NA,0.4576515731965003,0,0.37578698010533174,0.32151673352959165,0,0,0.2342877106399044,0,0,0,0,0,0,0,0,0,0,0,0,0,0,0
Saint Helena,86,Z_TOTAL,ornamentals,NA,NA,NA,NA,NA,NA,NA,NA,NA,NA,NA,NA,NA,NA,NA,NA,NA,NA,NA,NA,NA,NA,NA,NA,NA,0.4576515731965003,0,0.37578698010533174,0.32151673352959165,0,0,0.2342877106399044,0,0,0,0,0,0,0,0,0,0,0,0,0,0,0
Saint Lucia,122,Other seaweeds and aquatic plants and products thereof,seaweeds,NA,NA,NA,NA,NA,NA,NA,NA,NA,NA,NA,NA,NA,NA,NA,NA,NA,NA,NA,NA,NA,0,0,0,2,1,1,1,1,0,0,0,0,0,0,0,0,0,0,0,0,0,0,0,0,0,0
Saint Lucia,122,Z_TOTAL,seaweeds,NA,NA,NA,NA,NA,NA,NA,NA,NA,NA,NA,NA,NA,NA,NA,NA,NA,NA,NA,NA,NA,0,0,0,2,1,1,1,1,0,0,0,0,0,0,0,0,0,0,0,0,0,0,0,0,0,0
Saint Vincent and the Grenadines,127,"Fish body oils, nei",fish_oil,NA,NA,NA,NA,NA,3,0,0,0,0,1,1,0,0,0,0,0,0,0,1,0,0,0,0.44369266817037456,1,1,1,1,0,1,0,0,0,0,0,0,0,0,0,0,0,0,0,0,0,0,0
Saint Vincent and the Grenadines,127,"Fish liver oils, nei",fish_oil,0.33418961988031803,0,0,0,0,0,0,0,2,0,1,1,0,0,0,0,0,0,0,0,0,0,0,1,0,0,0,0,0,0,0,0,0,0,0,0,0,0,0,0,0,0,0,0,0,0,0
Saint Vincent and the Grenadines,127,Z_TOTAL,fish_oil,0.33418961988031803,0,0,0,0,3,0,0,2,0,2,2,0,0,0,0,0,0,0,1,0,0,0,1.4436926681703746,1,1,1,1,0,1,0,0,0,0,0,0,0,0,0,0,0,0,0,0,0,0,0
Samoa,152,Ornamental fish nei,ornamentals,NA,NA,NA,NA,NA,NA,NA,NA,NA,NA,NA,NA,NA,NA,NA,NA,NA,NA,NA,2.466937279577408,0.2311072865266297,0.8090585735383051,1.5276989245530999,3.6532299155991232,0,0,0,0,0,0,0,1,0,0,6.915534664658846,0,0,0,0,0,0,0,0,0,0,0,0
Samoa,152,Z_TOTAL,ornamentals,NA,NA,NA,NA,NA,NA,NA,NA,NA,NA,NA,NA,NA,NA,NA,NA,NA,NA,NA,2.466937279577408,0.2311072865266297,0.8090585735383051,1.5276989245530999,3.6532299155991232,0,0,0,0,0,0,0,1,0,0,6.915534664658846,0,0,0,0,0,0,0,0,0,0,0,0
Sao Tome and Principe,103,Ornamental fish nei,ornamentals,NA,NA,NA,NA,NA,NA,NA,NA,NA,NA,NA,NA,NA,NA,NA,NA,NA,NA,NA,NA,NA,2.299268185382182,2.0124893561299757,0,0,0,0,0,0,0,0,0,0,0,0,0,0,0,0,0,0,0,0,0,0,0,0
Sao Tome and Principe,103,Z_TOTAL,ornamentals,NA,NA,NA,NA,NA,NA,NA,NA,NA,NA,NA,NA,NA,NA,NA,NA,NA,NA,NA,NA,NA,2.299268185382182,2.0124893561299757,0,0,0,0,0,0,0,0,0,0,0,0,0,0,0,0,0,0,0,0,0,0,0,0
Saudi Arabia,50,"Fish body oils, nei",fish_oil,NA,NA,NA,NA,NA,NA,NA,NA,NA,NA,NA,NA,NA,NA,NA,NA,NA,NA,NA,NA,NA,NA,NA,NA,NA,NA,NA,NA,61,0,14,42,0,0,0,0,0,0,0,0,0,3,0,0,0,0,0
Saudi Arabia,50,Ornamental fish nei,ornamentals,NA,NA,NA,NA,NA,NA,NA,NA,NA,NA,NA,NA,NA,NA,NA,NA,NA,9,0,3,0,0,55,0,8,78,79,0,0,0,0,35,0,0,0,0,0,0,0,0,0,0,0,0,0,0,0
Saudi Arabia,50,Other seaweeds and aquatic plants and products thereof,seaweeds,NA,NA,NA,NA,NA,NA,NA,NA,NA,NA,NA,NA,NA,NA,NA,NA,NA,NA,NA,NA,NA,NA,8,0,0,22,0,0,0,20,0,0,0,1,0,0,0,0,0,0,0,0,0,0,0,0,0
Saudi Arabia,50,Z_TOTAL,fish_oil,NA,NA,NA,NA,NA,NA,NA,NA,NA,NA,NA,NA,NA,NA,NA,NA,NA,NA,NA,NA,NA,NA,NA,NA,NA,NA,NA,NA,61,0,14,42,0,0,0,0,0,0,0,0,0,3,0,0,0,0,0
Saudi Arabia,50,Z_TOTAL,ornamentals,NA,NA,NA,NA,NA,NA,NA,NA,NA,NA,NA,NA,NA,NA,NA,NA,NA,9,0,3,0,0,55,0,8,78,79,0,0,0,0,35,0,0,0,0,0,0,0,0,0,0,0,0,0,0,0
Saudi Arabia,50,Z_TOTAL,seaweeds,NA,NA,NA,NA,NA,NA,NA,NA,NA,NA,NA,NA,NA,NA,NA,NA,NA,NA,NA,NA,NA,NA,8,0,0,22,0,0,0,20,0,0,0,1,0,0,0,0,0,0,0,0,0,0,0,0,0
Senegal,66,"Clupeoid oils, nei",fish_oil,NA,NA,NA,NA,5,36.4987799711688,0,0,0,15,3,0,0,32,45,30,24,19,0,0,0,0,21,0,10,0,0,0,0,0,0,0,0,0,0,0,0,0,0,0,0,0,0,0,0,0,0
Senegal,66,"Fish body oils, nei",fish_oil,NA,NA,NA,NA,NA,NA,NA,NA,NA,NA,NA,NA,NA,NA,NA,NA,NA,NA,NA,NA,NA,NA,NA,NA,NA,NA,NA,NA,10,0,0,26,0,9,0,0,44,0,0,0,0,0,0,0,0,0,0
Senegal,66,"Fish liver oils, nei",fish_oil,NA,NA,NA,NA,NA,NA,NA,NA,NA,NA,NA,NA,NA,NA,NA,NA,NA,NA,NA,NA,84,0,0,1,0,0,0,0,4,0,4,14,0,14,0,30,0,72,0,4,21,0,50,61,0,0,0
Senegal,66,Other seaweeds and aquatic plants and products thereof,seaweeds,NA,NA,NA,NA,NA,NA,NA,NA,NA,NA,NA,NA,NA,NA,NA,NA,NA,NA,NA,NA,NA,NA,NA,NA,7,21,0,78,55,14,11,0,0,25,26,19,45,36,0,6,0,0,0,0,0,0,0
Senegal,66,Z_TOTAL,fish_oil,NA,NA,NA,NA,5,36.4987799711688,0,0,0,15,3,0,0,32,45,30,24,19,0,0,84,0,21,1,10,0,0,0,14,0,4,40,0,23,0,30,44,72,0,4,21,0,50,61,0,0,0
Senegal,66,Z_TOTAL,seaweeds,NA,NA,NA,NA,NA,NA,NA,NA,NA,NA,NA,NA,NA,NA,NA,NA,NA,NA,NA,NA,NA,NA,NA,NA,7,21,0,78,55,14,11,0,0,25,26,19,45,36,0,6,0,0,0,0,0,0,0
Seychelles,31,"Fish liver oils, nei",fish_oil,NA,NA,NA,NA,NA,NA,NA,NA,NA,NA,NA,NA,NA,NA,NA,NA,NA,NA,NA,NA,NA,NA,NA,NA,NA,NA,NA,NA,NA,NA,NA,NA,NA,NA,4,0,0,5,62,0,0,0,59,0,0,0,0
Seychelles,31,Z_TOTAL,fish_oil,NA,NA,NA,NA,NA,NA,NA,NA,NA,NA,NA,NA,NA,NA,NA,NA,NA,NA,NA,NA,NA,NA,NA,NA,NA,NA,NA,NA,NA,NA,NA,NA,NA,NA,4,0,0,5,62,0,0,0,59,0,0,0,0
Sierra Leone,96,Ornamental fish nei,ornamentals,NA,NA,NA,NA,NA,NA,NA,NA,NA,NA,NA,NA,NA,NA,NA,NA,NA,NA,NA,5,5,0,0.6279469587915152,1,0,0,0,0,0,0,0,0,0,0,0,0,0,0,26,0,0,0,0,0,0,0,0
Sierra Leone,96,Z_TOTAL,ornamentals,NA,NA,NA,NA,NA,NA,NA,NA,NA,NA,NA,NA,NA,NA,NA,NA,NA,NA,NA,5,5,0,0.6279469587915152,1,0,0,0,0,0,0,0,0,0,0,0,0,0,0,26,0,0,0,0,0,0,0,0
Singapore,208,Agar agar nei,seaweeds,NA,NA,NA,NA,NA,NA,NA,NA,NA,NA,NA,NA,NA,NA,NA,NA,NA,NA,NA,NA,NA,32,49,42,42,25,36,62,78,30,49,48,67,58,28,43,58,79,76,58,76,56,47,0,0,0,0
Singapore,208,"Fish body oils, nei",fish_oil,NA,NA,NA,36.67138937548407,28.880024019708543,10,19,10,30,33,43.32190323696207,32.81097915443513,35,32,32,16,25,15,36,61,71,0,29.145981831238487,3,0,0,0,0,0,0,0,0,63,15,59,75,49,65,25,10,43,32,59,0,0,13,13
Singapore,208,"Fish liver oils, nei",fish_oil,NA,NA,NA,25,26,36,65,0,0,82,30,11,15,72,23,83,53,47,56,37,31,38,43,57,28,0,15,18,20,7,27,10,8,33,44,4,24,39,3,15,59,17,60,0,0,0,0
Singapore,208,"Seaweeds and other algae, fit for human consumption, nei",seaweeds,NA,NA,NA,NA,NA,NA,NA,NA,NA,NA,NA,NA,NA,NA,NA,NA,NA,NA,NA,NA,NA,NA,NA,NA,NA,NA,NA,NA,NA,NA,NA,NA,NA,NA,NA,NA,NA,83,82,75,94,0,97,0,0,0,0
Singapore,208,"Seaweeds and other algae, unfit for human consumption, nei",seaweeds,NA,NA,NA,NA,NA,NA,NA,NA,NA,NA,NA,NA,NA,NA,NA,NA,NA,NA,NA,NA,NA,NA,NA,NA,NA,NA,NA,NA,NA,NA,NA,NA,NA,NA,NA,NA,52,81,13,7,3,17,32,0,0,0,0
Singapore,208,Z_TOTAL,fish_oil,NA,NA,NA,61.67138937548407,54.88002401970854,46,84,10,30,115,73.32190323696207,43.81097915443513,50,104,55,99,78,62,92,98,102,38,72.14598183123849,60,28,0,15,18,20,7,27,10,71,48,103,79,73,104,28,25,102,49,119,0,0,13,13
Singapore,208,Z_TOTAL,seaweeds,NA,NA,NA,NA,NA,NA,NA,NA,NA,NA,NA,NA,NA,NA,NA,NA,NA,NA,NA,NA,NA,32,49,42,42,25,36,62,78,30,49,48,67,58,28,43,110,243,171,140,173,73,176,0,0,0,0
Sint Eustatius,249,Ornamental fish nei,ornamentals,NA,NA,NA,NA,NA,NA,NA,NA,NA,NA,NA,NA,NA,NA,NA,NA,NA,NA,NA,NA,NA,0.3813951654689225,0.6780968640859744,0.25426344364594833,0.25426344364594833,0.12713172182297416,0.25426344364594833,0.25426344364594833,0,0.762790330937845,1.017053774583793,1.1441854964067677,0.25426344364594833,0.25426344364594833,0.01765499087064093,0,0,0,0,0,0,0,0,0,0,0,0
Sint Eustatius,249,Z_TOTAL,ornamentals,NA,NA,NA,NA,NA,NA,NA,NA,NA,NA,NA,NA,NA,NA,NA,NA,NA,NA,NA,NA,NA,0.3813951654689225,0.6780968640859744,0.25426344364594833,0.25426344364594833,0.12713172182297416,0.25426344364594833,0.25426344364594833,0,0.762790330937845,1.017053774583793,1.1441854964067677,0.25426344364594833,0.25426344364594833,0.01765499087064093,0,0,0,0,0,0,0,0,0,0,0,0
Sint Maarten,220,Ornamental fish nei,ornamentals,NA,NA,NA,NA,NA,NA,NA,NA,NA,NA,NA,NA,NA,NA,NA,NA,NA,NA,NA,NA,NA,0.3813951654689225,0.6780968640859744,0.25426344364594833,0.25426344364594833,0.12713172182297416,0.25426344364594833,0.25426344364594833,0,0.762790330937845,1.017053774583793,1.1441854964067677,0.25426344364594833,0.25426344364594833,0.01765499087064093,0,0,0,0,0,0,0,0,0,0,0,0
Sint Maarten,220,Z_TOTAL,ornamentals,NA,NA,NA,NA,NA,NA,NA,NA,NA,NA,NA,NA,NA,NA,NA,NA,NA,NA,NA,NA,NA,0.3813951654689225,0.6780968640859744,0.25426344364594833,0.25426344364594833,0.12713172182297416,0.25426344364594833,0.25426344364594833,0,0.762790330937845,1.017053774583793,1.1441854964067677,0.25426344364594833,0.25426344364594833,0.01765499087064093,0,0,0,0,0,0,0,0,0,0,0,0
Slovenia,188,Agar agar nei,seaweeds,NA,NA,NA,NA,NA,NA,NA,NA,NA,NA,NA,NA,NA,NA,NA,NA,NA,NA,0,0,0,0,0.5899263202544986,0.24899950139671745,0,0,0,0,0.5953169472171922,5,0.16983225201531837,5,20,3,8,13,12,0,0,0,1,0,0,0,0,0,0
Slovenia,188,"Fish body oils, nei",fish_oil,NA,NA,NA,NA,NA,NA,NA,NA,NA,NA,NA,NA,NA,NA,NA,NA,1,0,0,0,0,0,5.0147975614873985,0,0,0,1,0,0,0,2.2919829929699063,2,5,16,22,21,17,2,0,0,0,24,22,0,0,0,0
Slovenia,188,"Fish liver oils, nei",fish_oil,NA,NA,NA,NA,NA,NA,NA,NA,NA,NA,NA,NA,NA,NA,NA,NA,NA,NA,NA,NA,0,0,1,1,2,2,2,1,1,3,1,3,2,3,1,2,1,1,0,0,0,0,0,0,0,0,0
Slovenia,188,Ornamental saltwater fish,ornamentals,NA,NA,NA,NA,NA,NA,NA,NA,NA,NA,NA,NA,NA,NA,NA,NA,NA,NA,NA,NA,NA,NA,NA,NA,NA,NA,NA,NA,NA,NA,NA,NA,1,0,0,1,0,0,0,0,0,0,0,0,0,0,0
Slovenia,188,Other seaweeds and aquatic plants and products thereof,seaweeds,NA,NA,NA,NA,NA,NA,NA,NA,NA,NA,NA,NA,NA,NA,NA,NA,NA,NA,NA,NA,0,0,0,0.9039815727427936,0,0,0,0,0,0,0,0.2239340953659621,3.8563939287520697,1,9,14,0,0,0,0,0,0,0,0,0,0,0
Slovenia,188,"Seaweeds and other algae, fit for human consumption, nei",seaweeds,NA,NA,NA,NA,NA,NA,NA,NA,NA,NA,NA,NA,NA,NA,NA,NA,NA,NA,NA,NA,NA,NA,NA,NA,NA,NA,NA,NA,NA,NA,NA,NA,NA,NA,NA,NA,4,7,4,1,3,0,1,0,0,0,0
Slovenia,188,"Seaweeds and other algae, unfit for human consumption, nei",seaweeds,NA,NA,NA,NA,NA,NA,NA,NA,NA,NA,NA,NA,NA,NA,NA,NA,NA,NA,NA,NA,NA,NA,NA,NA,NA,NA,NA,NA,NA,NA,NA,NA,NA,NA,NA,NA,2,13,6,4,0,1,2,0,0,0,0
Slovenia,188,Z_TOTAL,fish_oil,NA,NA,NA,NA,NA,NA,NA,NA,NA,NA,NA,NA,NA,NA,NA,NA,1,0,0,0,0,0,6.0147975614873985,1,2,2,3,1,1,3,3.2919829929699063,5,7,19,23,23,18,3,0,0,0,24,22,0,0,0,0
Slovenia,188,Z_TOTAL,ornamentals,NA,NA,NA,NA,NA,NA,NA,NA,NA,NA,NA,NA,NA,NA,NA,NA,NA,NA,NA,NA,NA,NA,NA,NA,NA,NA,NA,NA,NA,NA,NA,NA,1,0,0,1,0,0,0,0,0,0,0,0,0,0,0
Slovenia,188,Z_TOTAL,seaweeds,NA,NA,NA,NA,NA,NA,NA,NA,NA,NA,NA,NA,NA,NA,NA,NA,NA,NA,0,0,0,0,0.5899263202544986,1.152981074139511,0,0,0,0,0.5953169472171922,5,0.16983225201531837,5.223934095365962,23.85639392875207,4,17,27,18,20,10,5,4,1,3,0,0,0,0
Solomon Islands,7,Ornamental fish nei,ornamentals,NA,NA,NA,NA,NA,NA,NA,NA,NA,NA,NA,NA,NA,NA,NA,NA,NA,NA,NA,NA,18.251706627935334,7.645538858490454,13.164740365830028,18.300004509436633,0.7829641927984881,0,41,54,25.547331768287506,28.378971729496357,37.35360951043259,0,69,48,42,0,0,0,0,0,0,0,0,0,0,0,0
Solomon Islands,7,Z_TOTAL,ornamentals,NA,NA,NA,NA,NA,NA,NA,NA,NA,NA,NA,NA,NA,NA,NA,NA,NA,NA,NA,NA,18.251706627935334,7.645538858490454,13.164740365830028,18.300004509436633,0.7829641927984881,0,41,54,25.547331768287506,28.378971729496357,37.35360951043259,0,69,48,42,0,0,0,0,0,0,0,0,0,0,0,0
South Africa,102,Agar agar nei,seaweeds,NA,NA,NA,NA,NA,NA,NA,NA,NA,NA,NA,NA,NA,NA,NA,NA,NA,NA,NA,NA,NA,NA,69,1,0,1,0,0,0,1,2,0,1,1,0,3,0,1,28,3,1,1,2,0,0,0,0
South Africa,102,"Fish body oils, nei",fish_oil,NA,NA,NA,NA,NA,NA,NA,NA,NA,NA,54,0,0,41,30,0,0,0,67.21753577040596,0,0,0,0,19,0,2,0,0,0,0,0,0,0,0,0,0,0,0,0,0,0,0,0,0,0,0,0
South Africa,102,"Fish liver oils, nei",fish_oil,NA,NA,1.1889538357716702,0,0,0,0,0,0,0,0,0,0,0,0,2,5,6,3,4,1,1,73,1,0,1,54,1,47,1,18,1,0,0,0,2,0,0,99,65,0,58,63,0,0,69,69
South Africa,102,Ornamental fish nei,ornamentals,NA,NA,NA,NA,NA,NA,NA,NA,NA,25.730035603594786,0,0,0,0,0,0,0,0,0,0,0,0,23.795833262679018,13.514343699833738,8.614621455077028,9.609215796798289,3.171845746873423,20.824291311249837,4.904759796121262,2.3115092591168107,2.2810050640593005,1.737951600612405,0,1.6769432104973916,1.9027136496345776,1.8722094545770673,0,0,0,0,0,0,0,0,0,0,0
South Africa,102,Ornamental saltwater fish,ornamentals,NA,NA,NA,NA,NA,NA,NA,NA,NA,NA,NA,NA,NA,NA,NA,NA,NA,NA,NA,NA,NA,NA,NA,NA,NA,NA,NA,NA,NA,NA,NA,NA,NA,NA,NA,NA,NA,1,8,2,24,8,10,0,0,0,0
South Africa,102,Z_TOTAL,fish_oil,NA,NA,1.1889538357716702,0,0,0,0,0,0,0,54,0,0,41,30,2,5,6,70.21753577040596,4,1,1,73,20,0,3,54,1,47,1,18,1,0,0,0,2,0,0,99,65,0,58,63,0,0,69,69
South Africa,102,Z_TOTAL,ornamentals,NA,NA,NA,NA,NA,NA,NA,NA,NA,25.730035603594786,0,0,0,0,0,0,0,0,0,0,0,0,23.795833262679018,13.514343699833738,8.614621455077028,9.609215796798289,3.171845746873423,20.824291311249837,4.904759796121262,2.3115092591168107,2.2810050640593005,1.737951600612405,0,1.6769432104973916,1.9027136496345776,1.8722094545770673,0,1,8,2,24,8,10,0,0,0,0
South Africa,102,Z_TOTAL,seaweeds,NA,NA,NA,NA,NA,NA,NA,NA,NA,NA,NA,NA,NA,NA,NA,NA,NA,NA,NA,NA,NA,NA,69,1,0,1,0,0,0,1,2,0,1,1,0,3,0,1,28,3,1,1,2,0,0,0,0
South Korea,20,Agar agar in strips,seaweeds,NA,NA,NA,NA,NA,NA,NA,NA,NA,NA,NA,NA,NA,NA,NA,NA,NA,NA,NA,NA,NA,NA,NA,NA,NA,NA,NA,NA,NA,NA,NA,NA,NA,97,0,0,0,0,0,71,83,83,72,0,0,0,0
South Korea,20,Agar agar nei,seaweeds,NA,NA,NA,NA,NA,NA,NA,NA,NA,NA,NA,NA,4,3,8,7,2,4,1,5,18,34,17,22,76,83,84,81,81,0,75,0,25,27,26,7,11,1,3,4,1,1,0,0,0,0,0
South Korea,20,"Fish body oils, nei",fish_oil,NA,8,0,0,0,0,0,0,0,0,0,43,14,31,3,0,0,0,0,0,0,0,0,0,0,0,0,0,0,0,0,0,0,0,0,0,0,0,0,0,0,0,0,0,0,0,0
South Korea,20,"Fish liver oils, nei",fish_oil,12,71,8,0,0,0,0,0,58,0,0,14,43,0,0,50.761078724416315,48.523288593647806,0,75,0,0,3,1,48,0,0,0,0,0,0,0,0,0,0,0,0,0,0,0,0,0,0,0,0,0,0,0
South Korea,20,Kelp meal,seaweeds,NA,NA,NA,NA,NA,NA,40.12463366586633,32.92360302921867,0,26.97447375692377,38.17100100480661,34.947820721570906,81,74,27,7,4,1,7,9,4,2,36,11,1,0,0,2,19,14,11,0,1,0,1,0,0,0,0,0,0,0,0,0,0,0,0
South Korea,20,Ornamental saltwater fish,ornamentals,NA,NA,81,0,0,59,70,0,90,34,15,62,1,0,0,0,0,0,0,1,0,3,6,6,0,0,0,0,0,0,0,0,0,0,0,0,0.112917344570036,0,0,0.48610956268308314,1,0,0,0,0,0,0
South Korea,20,Other red algae,seaweeds,NA,NA,NA,NA,NA,NA,44,0,0,64,47,58,21,57,51,87,40,47,9,27,0,0,0,0,0,0,0,0,0,0,0,0,0,0,0,0,0,0,0,0,0,0,0,0,0,0,0
South Korea,20,"Seaweeds and other algae, fit for human consumption, nei",seaweeds,NA,NA,NA,NA,NA,NA,NA,NA,NA,NA,NA,NA,NA,NA,NA,NA,NA,NA,NA,NA,NA,NA,NA,NA,NA,NA,NA,NA,NA,NA,NA,NA,NA,NA,NA,NA,33,47,12,23,20,61,34,0,0,0,0
South Korea,20,Shark liver oil,fish_oil,5,0,6,9,0,0,0,0,0,6,0,0,0,0,0,0,10,0,0,2,2,2,0,0,0,0,0,0,0,0,15,0,0,40,4,78,70,0,27,0,0,0,0,0,0,0,0
South Korea,20,Z_TOTAL,fish_oil,17,79,14,9,0,0,0,0,58,6,0,57,57,31,3,50.761078724416315,58.523288593647806,0,75,2,2,5,1,48,0,0,0,0,0,0,15,0,0,40,4,78,70,0,27,0,0,0,0,0,0,0,0
South Korea,20,Z_TOTAL,ornamentals,NA,NA,81,0,0,59,70,0,90,34,15,62,1,0,0,0,0,0,0,1,0,3,6,6,0,0,0,0,0,0,0,0,0,0,0,0,0.112917344570036,0,0,0.48610956268308314,1,0,0,0,0,0,0
South Korea,20,Z_TOTAL,seaweeds,NA,NA,NA,NA,NA,NA,84.12463366586633,32.92360302921867,0,90.97447375692377,85.17100100480661,92.9478207215709,106,134,86,101,46,52,17,41,22,36,53,33,77,83,84,83,100,14,86,0,26,124,27,7,44,48,15,98,104,145,106,0,0,0,0
Spain,182,Ornamental fish nei,ornamentals,NA,30,1.26100425330797,0.7069444209322526,1.238373176099227,0,0,0,0,0,0,1.1591644058686228,0,0,0,0,0,0,0,0,0,0,0,0,0,0,0,0,0,0,0,0,0,0,0,0,0,0,0,0,0,0,0,0,0,0,0
Spain,182,Ornamental saltwater fish,ornamentals,NA,NA,NA,NA,NA,NA,NA,NA,NA,NA,NA,NA,0,0.2314360302278633,4.828193841771126,0,2,0,71,0,0,0,0,0,0,0,0,0,0,0,0,0,0,0,0,0,0,0,0,0,0,0,0,0,0,0,0
Spain,182,Other seaweeds and aquatic plants and products thereof,seaweeds,NA,NA,NA,NA,NA,NA,NA,NA,NA,NA,NA,NA,NA,36,0,0,0,0,71,0,0,0,0,0,0,53,0,90,0,0,0,0,0,0,0,0,0,0,0,0,0,0,0,0,0,0,0
Spain,182,Z_TOTAL,ornamentals,NA,30,1.26100425330797,0.7069444209322526,1.238373176099227,0,0,0,0,0,0,1.1591644058686228,0,0.2314360302278633,4.828193841771126,0,2,0,71,0,0,0,0,0,0,0,0,0,0,0,0,0,0,0,0,0,0,0,0,0,0,0,0,0,0,0,0
Spain,182,Z_TOTAL,seaweeds,NA,NA,NA,NA,NA,NA,NA,NA,NA,NA,NA,NA,NA,36,0,0,0,0,71,0,0,0,0,0,0,53,0,90,0,0,0,0,0,0,0,0,0,0,0,0,0,0,0,0,0,0,0
Sri Lanka,40,Agar agar nei,seaweeds,NA,NA,NA,NA,NA,NA,NA,NA,NA,NA,NA,NA,NA,NA,NA,NA,NA,NA,NA,0,1,1,0,0,0,0,0,0,0,0,0,0,0,0,0,0,0,0,0,0,0,0,0,0,0,0,0
Sri Lanka,40,"Fish body oils, nei",fish_oil,NA,NA,NA,NA,NA,NA,NA,NA,NA,37,20,0,4,3,0,0,0,0,0,0,0,0,0,0,0,0,0,0,0,0,0,0,3,0,0,0,0,0,0,0,0,0,3,0,0,0,0
Sri Lanka,40,"Fish liver oils, nei",fish_oil,NA,NA,NA,NA,NA,NA,NA,NA,NA,37,29,0,20,19,13,9,36,38,9,4,12,17,17,2,12,17,20,17,31,5,9,23,41,21,11,14,8,13,27,9,11,8,2,0,0,0,0
Sri Lanka,40,Other seaweeds and aquatic plants and products thereof,seaweeds,NA,NA,NA,NA,NA,NA,NA,NA,NA,NA,NA,NA,NA,NA,NA,NA,NA,NA,NA,0,6,10,6,9,0,0,4,45,9,21,40,16,108.61553942489104,90,89,66,31,0,0,0,0,0,0,0,0,0,0
Sri Lanka,40,"Seaweeds and other algae, fit for human consumption, nei",seaweeds,NA,NA,NA,NA,NA,NA,NA,NA,NA,NA,NA,NA,NA,NA,NA,NA,NA,NA,NA,NA,NA,NA,NA,NA,NA,NA,NA,NA,NA,NA,NA,NA,NA,NA,NA,NA,NA,90,0,92,90,69,54,0,0,0,0
Sri Lanka,40,Z_TOTAL,fish_oil,NA,NA,NA,NA,NA,NA,NA,NA,NA,74,49,0,24,22,13,9,36,38,9,4,12,17,17,2,12,17,20,17,31,5,9,23,44,21,11,14,8,13,27,9,11,8,5,0,0,0,0
Sri Lanka,40,Z_TOTAL,seaweeds,NA,NA,NA,NA,NA,NA,NA,NA,NA,NA,NA,NA,NA,NA,NA,NA,NA,NA,NA,0,7,11,6,9,0,0,4,45,9,21,40,16,108.61553942489104,90,89,66,31,90,0,92,90,69,54,0,0,0,0
Suriname,168,Ornamental fish nei,ornamentals,NA,NA,NA,NA,NA,NA,NA,NA,NA,NA,NA,NA,NA,NA,NA,NA,NA,NA,NA,NA,NA,3,0,0,0,0,4.326663365829745,1.9514379574145835,1.8389923893082596,0.8214348850784177,0,3.764435525298211,2.7468780210683406,0,0,0,0.9394278444577822,0,0,0,0,0,0,0,0,0,0
Suriname,168,Z_TOTAL,ornamentals,NA,NA,NA,NA,NA,NA,NA,NA,NA,NA,NA,NA,NA,NA,NA,NA,NA,NA,NA,NA,NA,3,0,0,0,0,4.326663365829745,1.9514379574145835,1.8389923893082596,0.8214348850784177,0,3.764435525298211,2.7468780210683406,0,0,0,0.9394278444577822,0,0,0,0,0,0,0,0,0,0
Sweden,222,Agar agar nei,seaweeds,NA,NA,NA,NA,NA,NA,NA,NA,NA,NA,NA,NA,NA,NA,NA,NA,NA,NA,7,14,2,6,5,3,3,3,2,1,3,2,0,3,1,0,0,0,0,0,10,0,3,0,0,0,0,0,0
Sweden,222,"Fish liver oils, nei",fish_oil,NA,0,17,13,32,24,28,89,4,2,5,9,0,17,6,4,9,9,23,15,53,0,0,0,0,98,0,0,0,0,0,0,0,0,0,0,0,0,0,34,12,14,21,0,0,0,0
Sweden,222,"Halibuts, liver oils",fish_oil,NA,NA,NA,NA,NA,NA,NA,NA,NA,NA,NA,NA,NA,NA,NA,NA,NA,NA,NA,0,0,0,0,1,0,0,0,0,5,0,5,0,0,15,9,0,5,0,0,0,0,0,0,0,0,0,0
Sweden,222,Ornamental fish nei,ornamentals,10,9,11,7,14,26,15,32,51,51,54,45,27,25,20,17,15,15,16,0,0,0,0,0,0,0,0,0,0,0,0,0,0,0,0,0,0,0,0,0,0,0,0,0,0,0,0
Sweden,222,Ornamental saltwater fish,ornamentals,NA,NA,NA,NA,NA,NA,NA,NA,NA,NA,NA,NA,NA,NA,NA,NA,NA,NA,NA,0,0,0,0,0,2,0,0,50,0,0,1,0,0,1,5,5,3,4,3,3,3,3,5,0,0,0,0
Sweden,222,Other seaweeds and aquatic plants and products thereof,seaweeds,NA,NA,NA,NA,NA,NA,NA,NA,NA,NA,NA,NA,NA,NA,NA,NA,NA,NA,52.00055124748235,16,7,10,10,9,10,12,2,0,25,2,2,11,4,17,16,14,0,0,0,0,0,0,0,0,0,0,0
Sweden,222,"Seaweeds and other algae, fit for human consumption, nei",seaweeds,NA,NA,NA,NA,NA,NA,NA,NA,NA,NA,NA,NA,NA,NA,NA,NA,NA,NA,NA,NA,NA,NA,NA,NA,NA,NA,NA,NA,NA,NA,NA,NA,NA,NA,NA,NA,9,12,17,38,63,77,98,0,0,0,0
Sweden,222,"Seaweeds and other algae, unfit for human consumption, nei",seaweeds,NA,NA,NA,NA,NA,NA,NA,NA,NA,NA,NA,NA,NA,NA,NA,NA,NA,NA,NA,NA,NA,NA,NA,NA,NA,NA,NA,NA,NA,NA,NA,NA,NA,NA,NA,NA,1,1,0,1,1,2,3,0,0,0,0
Sweden,222,Z_TOTAL,fish_oil,NA,0,17,13,32,24,28,89,4,2,5,9,0,17,6,4,9,9,23,15,53,0,0,1,0,98,0,0,5,0,5,0,0,15,9,0,5,0,0,34,12,14,21,0,0,0,0
Sweden,222,Z_TOTAL,ornamentals,10,9,11,7,14,26,15,32,51,51,54,45,27,25,20,17,15,15,16,0,0,0,0,0,2,0,0,50,0,0,1,0,0,1,5,5,3,4,3,3,3,3,5,0,0,0,0
Sweden,222,Z_TOTAL,seaweeds,NA,NA,NA,NA,NA,NA,NA,NA,NA,NA,NA,NA,NA,NA,NA,NA,NA,NA,59.00055124748235,30,9,16,15,12,13,15,4,1,28,4,2,14,5,17,16,14,10,13,27,39,67,79,101,0,0,0,0
Syria,77,Ornamental fish nei,ornamentals,NA,NA,NA,NA,NA,NA,NA,NA,NA,NA,NA,NA,NA,NA,NA,NA,NA,NA,NA,NA,NA,NA,NA,NA,NA,0,0,0,0,38,19,7,32,51,45,1.022953488673238,0,0,0,0,0,0,0,0,0,0,0
Syria,77,Z_TOTAL,ornamentals,NA,NA,NA,NA,NA,NA,NA,NA,NA,NA,NA,NA,NA,NA,NA,NA,NA,NA,NA,NA,NA,NA,NA,NA,NA,0,0,0,0,38,19,7,32,51,45,1.022953488673238,0,0,0,0,0,0,0,0,0,0,0
Taiwan,14,Agar agar nei,seaweeds,1,1,50,0,68,0,0,0,0,0,0,0,0,84,0,0,0,0,89,0,0,0,0,0,75,75,0,80,73,68,50,46,49,57,25,38,66,0,0,0,0,0,0,0,0,0,0
Taiwan,14,"Fish body oils, nei",fish_oil,8,0,16,28,13,0,0,0,0,0,21,35,0,0,0,0,0,0,0,0,0,49,0,12,49,0,0,22,67,33,42,24,16,1,1,1,40,0,4,56,19,2,1,0,0,0,0
Taiwan,14,"Fish liver oils, nei",fish_oil,18,0,5,4,4,0,0,0,0,0,9,0,2,20,0,0,5,0,52,0,5,5,20,6,31,0,51,45,4,2,2,11,0,46,35,17,18,17,14,7,1,37,16,0,0,0,0
Taiwan,14,"Oils and fats of aquatic animals, nei",fish_oil,92,0,52,30,37,24,19,26,35,26,28,22,23,0,0,0,0,0,0,0,0,0,0,0,0,0,0,0,0,0,0,0,0,0,0,0,0,0,0,0,0,0,0,0,0,0,0
Taiwan,14,Ornamental fish nei,ornamentals,33,19,22,0,55,4,25,7,31,25,23,13,7,0,0,2,1,3,0,2,1,1,0,0,0,25,36,31,0,22,19,32,0,38,28,30,65,99,0,0,0,0,0,0,0,0,0
Taiwan,14,Ornamental saltwater fish,ornamentals,NA,NA,NA,NA,NA,NA,NA,NA,NA,NA,NA,NA,NA,4,13,10,14,22,39,52,58,76,80,69,59,34,40,60,93,89,89,85,83,66,74,58,44,43,26,34,38,52,54,0,0,0,0
Taiwan,14,"Other brown algae (laminaria, eisenia/ecklonia)",seaweeds,NA,NA,NA,NA,NA,NA,NA,NA,NA,NA,NA,NA,NA,NA,NA,NA,NA,NA,NA,NA,NA,NA,33,20,11,84,0,0,0,0,0,0,0,0,0,0,20,22,20,38,32,16,10,0,0,0,0
Taiwan,14,Other red algae,seaweeds,NA,NA,NA,NA,NA,NA,NA,NA,NA,NA,NA,NA,NA,NA,NA,NA,NA,NA,NA,NA,NA,NA,1,0,0,0,0,10,0,0,2,0,17,0,0,1,2,1,18,42,67,14,4,0,0,0,0
Taiwan,14,Other seaweeds and aquatic plants and products thereof,seaweeds,17,23,57,38,3,27,6,5,31,20,13,7,10,0,0,0,0,0,0,0,0,0,0,0,0,0,0,0,0,0,0,0,90,0,0,0,0,0,0,0,0,2,4,0,0,0,0
Taiwan,14,"Seaweeds and other algae, unfit for human consumption, nei",seaweeds,NA,NA,NA,NA,NA,NA,NA,NA,NA,NA,NA,NA,NA,NA,NA,NA,NA,NA,NA,NA,NA,NA,NA,NA,NA,NA,NA,NA,NA,NA,NA,NA,NA,NA,NA,NA,NA,5,45,74,0,95,0,0,0,0,0
Taiwan,14,Z_TOTAL,fish_oil,118,0,73,62,54,24,19,26,35,26,58,57,25,20,0,0,5,0,52,0,5,54,20,18,80,0,51,67,71,35,44,35,16,47,36,18,58,17,18,63,20,39,17,0,0,0,0
Taiwan,14,Z_TOTAL,ornamentals,33,19,22,0,55,4,25,7,31,25,23,13,7,4,13,12,15,25,39,54,59,77,80,69,59,59,76,91,93,111,108,117,83,104,102,88,109,142,26,34,38,52,54,0,0,0,0
Taiwan,14,Z_TOTAL,seaweeds,18,24,107,38,71,27,6,5,31,20,13,7,10,84,0,0,0,0,89,0,0,0,34,20,86,159,0,90,73,68,52,46,156,57,25,39,88,28,83,154,99,127,18,0,0,0,0
Tanzania,202,"Fish body oils, nei",fish_oil,NA,NA,NA,NA,NA,NA,NA,NA,NA,NA,NA,NA,NA,NA,NA,NA,NA,NA,NA,NA,NA,55,66,0,0,0,0,0,0,0,0,0,0,0,4,2,0,0,18,0,0,0,0,0,0,0,0
Tanzania,202,Ornamental fish nei,ornamentals,NA,NA,NA,NA,NA,NA,NA,NA,NA,NA,NA,NA,NA,NA,NA,3.95429970274364,3.1392312331360586,14.90482431061406,8.302651529347145,1.1972522861968287,0,0,0,18.820876575928594,25,36,25,56,37,26,37,4,46,95,4,1,0,0,0,0,0,0,0,0,0,0,0
Tanzania,202,Ornamental saltwater fish,ornamentals,NA,NA,NA,NA,NA,NA,NA,NA,NA,NA,NA,NA,NA,NA,NA,NA,NA,NA,NA,NA,NA,NA,NA,NA,NA,NA,NA,NA,NA,NA,NA,NA,NA,NA,NA,NA,NA,0,5,0,73,2,7.434507824459615,0,0,0,0
Tanzania,202,"Seaweeds and other algae, unfit for human consumption, nei",seaweeds,NA,NA,NA,NA,NA,NA,NA,NA,NA,NA,NA,NA,NA,NA,NA,NA,NA,NA,NA,NA,NA,NA,NA,NA,NA,NA,NA,NA,NA,NA,NA,NA,NA,NA,NA,NA,7,69,0,88,0,9.699052859408994,4.259838922223821,0,0,0,0
Tanzania,202,Z_TOTAL,fish_oil,NA,NA,NA,NA,NA,NA,NA,NA,NA,NA,NA,NA,NA,NA,NA,NA,NA,NA,NA,NA,NA,55,66,0,0,0,0,0,0,0,0,0,0,0,4,2,0,0,18,0,0,0,0,0,0,0,0
Tanzania,202,Z_TOTAL,ornamentals,NA,NA,NA,NA,NA,NA,NA,NA,NA,NA,NA,NA,NA,NA,NA,3.95429970274364,3.1392312331360586,14.90482431061406,8.302651529347145,1.1972522861968287,0,0,0,18.820876575928594,25,36,25,56,37,26,37,4,46,95,4,1,0,0,5,0,73,2,7.434507824459615,0,0,0,0
Tanzania,202,Z_TOTAL,seaweeds,NA,NA,NA,NA,NA,NA,NA,NA,NA,NA,NA,NA,NA,NA,NA,NA,NA,NA,NA,NA,NA,NA,NA,NA,NA,NA,NA,NA,NA,NA,NA,NA,NA,NA,NA,NA,7,69,0,88,0,9.699052859408994,4.259838922223821,0,0,0,0
Thailand,25,Agar agar nei,seaweeds,NA,NA,NA,NA,NA,NA,NA,NA,NA,NA,NA,NA,NA,NA,NA,NA,NA,NA,9,22,17,35,36,38,35,67,0,0,0,0,0,0,0,0,0,0,0,95,55,0,0,0,0,0,0,0,0
Thailand,25,"Fish body oils, nei",fish_oil,NA,NA,NA,NA,0,0,0,0,1,0,0,0,0,54,0,0,9,45,0,88,6,0,0,0,0,0,0,0,0,0,0,0,0,0,0,0,0,0,0,0,0,0,0,0,0,0,0
Thailand,25,"Fish liver oils, nei",fish_oil,NA,NA,NA,0,44,0,0,0,0,0,0,0,0,10,12,9,1,18,20,28,45,64,93,52,9,44,36,6,2,0,4,23,9,1,4,2,17,4,28,2,24,5,43,0,0,0,0
Thailand,25,Ornamental fish nei,ornamentals,NA,NA,NA,NA,NA,NA,NA,NA,NA,NA,NA,NA,92,42,52,51,83,0,0,0,0,0,0,0,0,0,0,0,0,0,0,0,0,0,0,0,0,29,53,85,0,0,0,0,0,0,0
Thailand,25,"Seaweeds and other algae, fit for human consumption, nei",seaweeds,NA,NA,NA,NA,NA,NA,NA,NA,NA,NA,NA,NA,NA,NA,NA,99,98,95,0,0,77,78,36,37,38,13,0,17,13,0,0,0,0,0,0,0,0,0,0,0,0,0,0,0,0,0,0
Thailand,25,"Seaweeds and other algae, unfit for human consumption, nei",seaweeds,NA,NA,NA,NA,NA,NA,NA,NA,NA,NA,NA,NA,NA,NA,NA,NA,NA,NA,NA,NA,NA,NA,NA,NA,NA,NA,NA,NA,NA,NA,NA,1,37,32,54.08275817725689,0,0,0,0,0,0,38,76,0,0,0,0
Thailand,25,Z_TOTAL,fish_oil,NA,NA,NA,0,44,0,0,0,1,0,0,0,0,64,12,9,10,63,20,116,51,64,93,52,9,44,36,6,2,0,4,23,9,1,4,2,17,4,28,2,24,5,43,0,0,0,0
Thailand,25,Z_TOTAL,ornamentals,NA,NA,NA,NA,NA,NA,NA,NA,NA,NA,NA,NA,92,42,52,51,83,0,0,0,0,0,0,0,0,0,0,0,0,0,0,0,0,0,0,0,0,29,53,85,0,0,0,0,0,0,0
Thailand,25,Z_TOTAL,seaweeds,NA,NA,NA,NA,NA,NA,NA,NA,NA,NA,NA,NA,NA,NA,NA,99,98,95,9,22,94,113,72,75,73,80,0,17,13,0,0,1,37,32,54.08275817725689,0,0,95,55,0,0,38,76,0,0,0,0
Tonga,155,Ornamental fish nei,ornamentals,NA,NA,NA,NA,NA,NA,NA,NA,NA,NA,NA,NA,NA,NA,NA,NA,NA,NA,NA,NA,NA,NA,NA,NA,NA,NA,NA,NA,NA,NA,NA,NA,NA,1,0,1.443856199536249,9,3,0,0,0,0,0,0,0,0,0
Tonga,155,Other seaweeds and aquatic plants and products thereof,seaweeds,NA,NA,NA,NA,NA,NA,NA,NA,NA,NA,NA,NA,NA,NA,NA,NA,NA,NA,NA,NA,NA,NA,NA,NA,91,0,29,0,0,0,0,41.415973858835734,11,0,0,0,0,0,0,0,0,0,0,0,0,0,0
Tonga,155,Z_TOTAL,ornamentals,NA,NA,NA,NA,NA,NA,NA,NA,NA,NA,NA,NA,NA,NA,NA,NA,NA,NA,NA,NA,NA,NA,NA,NA,NA,NA,NA,NA,NA,NA,NA,NA,NA,1,0,1.443856199536249,9,3,0,0,0,0,0,0,0,0,0
Tonga,155,Z_TOTAL,seaweeds,NA,NA,NA,NA,NA,NA,NA,NA,NA,NA,NA,NA,NA,NA,NA,NA,NA,NA,NA,NA,NA,NA,NA,NA,91,0,29,0,0,0,0,41.415973858835734,11,0,0,0,0,0,0,0,0,0,0,0,0,0,0
Trinidad and Tobago,126,Ornamental fish nei,ornamentals,NA,NA,NA,NA,NA,NA,15,7.814910452083938,9,8,11,21,26,27,34,7,30,52,78,0,0,0,0,0,0,0,0,88,82,82,0,86,83,65,0,0,0,0,0,0,0,0,0,0,0,0,0
Trinidad and Tobago,126,Ornamental saltwater fish,ornamentals,NA,NA,NA,NA,NA,NA,NA,NA,NA,NA,NA,NA,NA,NA,NA,NA,NA,NA,NA,NA,NA,NA,NA,NA,NA,NA,NA,NA,NA,NA,NA,NA,NA,NA,NA,2.7296892065259755,3.517260664516485,2.6212758381458627,0,0,0,0,0,0,0,0,0
Trinidad and Tobago,126,Other seaweeds and aquatic plants and products thereof,seaweeds,NA,NA,NA,NA,NA,NA,NA,NA,NA,NA,NA,NA,NA,NA,NA,NA,NA,NA,0,0,0,1,0,1,1,6,0,0,0,0,0,0,1,0,1,0,0,0,0,0,0,0,0,0,0,0,0
Trinidad and Tobago,126,"Seaweeds and other algae, fit for human consumption, nei",seaweeds,NA,NA,NA,NA,NA,NA,NA,NA,NA,NA,NA,NA,NA,NA,NA,NA,NA,NA,NA,NA,NA,NA,NA,NA,NA,NA,NA,NA,NA,NA,NA,NA,NA,NA,NA,NA,0,0,0,1,0,0,0,0,0,0,4.4027594080410495
Trinidad and Tobago,126,Z_TOTAL,ornamentals,NA,NA,NA,NA,NA,NA,15,7.814910452083938,9,8,11,21,26,27,34,7,30,52,78,0,0,0,0,0,0,0,0,88,82,82,0,86,83,65,0,2.7296892065259755,3.517260664516485,2.6212758381458627,0,0,0,0,0,0,0,0,0
Trinidad and Tobago,126,Z_TOTAL,seaweeds,NA,NA,NA,NA,NA,NA,NA,NA,NA,NA,NA,NA,NA,NA,NA,NA,NA,NA,0,0,0,1,0,1,1,6,0,0,0,0,0,0,1,0,1,0,0,0,0,1,0,0,0,0,0,0,4.4027594080410495
Tristan da Cunha,88,Ornamental fish nei,ornamentals,NA,NA,NA,NA,NA,NA,NA,NA,NA,NA,NA,NA,NA,NA,NA,NA,NA,NA,NA,NA,NA,NA,NA,NA,NA,0.002453627195310837,0,0.006881681155722852,0,0,0,0.037546901828636514,0,0,0,0,0,0,0,0,0,0,0,0,0,0,0
Tristan da Cunha,88,Z_TOTAL,ornamentals,NA,NA,NA,NA,NA,NA,NA,NA,NA,NA,NA,NA,NA,NA,NA,NA,NA,NA,NA,NA,NA,NA,NA,NA,NA,0.002453627195310837,0,0.006881681155722852,0,0,0,0.037546901828636514,0,0,0,0,0,0,0,0,0,0,0,0,0,0,0
Tunisia,61,"Fish body oils, nei",fish_oil,NA,NA,NA,NA,NA,NA,NA,NA,NA,NA,NA,NA,NA,NA,NA,NA,NA,NA,NA,NA,NA,NA,NA,NA,NA,NA,NA,NA,NA,NA,NA,NA,NA,NA,NA,18,0,0,0,0,0,0,0,0,0,0,0
Tunisia,61,Ornamental fish nei,ornamentals,NA,NA,NA,NA,NA,NA,NA,NA,NA,NA,NA,NA,NA,NA,18,0,0,0,0,0,0,0,0,0,0,0,0,0,0,0,0,0,0,5,1,0,0,0,0,0,0,0,0,0,0,0,0
Tunisia,61,Other seaweeds and aquatic plants and products thereof,seaweeds,NA,NA,NA,NA,NA,NA,NA,NA,NA,NA,NA,NA,NA,NA,NA,NA,NA,NA,NA,2,0,0,0,0,3,3,2,7,2,0,0,0,36,55,66,45,4,0,0,0,0,0,0,0,0,0,0
Tunisia,61,"Seaweeds and other algae, fit for human consumption, nei",seaweeds,NA,NA,NA,NA,NA,NA,NA,NA,NA,NA,NA,NA,NA,NA,NA,NA,NA,NA,NA,NA,NA,NA,NA,NA,NA,NA,NA,NA,NA,NA,NA,NA,NA,NA,NA,NA,0,0,0,0,0,1,0,0,0,0,0
Tunisia,61,"Seaweeds and other algae, unfit for human consumption, nei",seaweeds,NA,NA,NA,NA,NA,NA,NA,NA,NA,NA,NA,NA,NA,NA,NA,NA,NA,NA,NA,NA,NA,NA,NA,NA,NA,NA,NA,NA,NA,NA,NA,NA,NA,NA,NA,NA,NA,1,17,2,66,28,0,0,0,0,0
Tunisia,61,Z_TOTAL,fish_oil,NA,NA,NA,NA,NA,NA,NA,NA,NA,NA,NA,NA,NA,NA,NA,NA,NA,NA,NA,NA,NA,NA,NA,NA,NA,NA,NA,NA,NA,NA,NA,NA,NA,NA,NA,18,0,0,0,0,0,0,0,0,0,0,0
Tunisia,61,Z_TOTAL,ornamentals,NA,NA,NA,NA,NA,NA,NA,NA,NA,NA,NA,NA,NA,NA,18,0,0,0,0,0,0,0,0,0,0,0,0,0,0,0,0,0,0,5,1,0,0,0,0,0,0,0,0,0,0,0,0
Tunisia,61,Z_TOTAL,seaweeds,NA,NA,NA,NA,NA,NA,NA,NA,NA,NA,NA,NA,NA,NA,NA,NA,NA,NA,NA,2,0,0,0,0,3,3,2,7,2,0,0,0,36,55,66,45,4,1,17,2,66,29,0,0,0,0,0
Turkey,76,Agar agar nei,seaweeds,NA,NA,NA,NA,NA,NA,NA,NA,NA,NA,NA,NA,NA,NA,NA,NA,NA,NA,NA,2,0,1,1,0,2,1,0,3,0,1,2,0,1,1,9,8,3,5,6,2,3,26,11,0,0,0,0
Turkey,76,Cod liver oil,fish_oil,NA,NA,30,0,0,0,0,0,0,0,0,0,0,47,57,8,0,0,0,2,0,0,0,0,0,0,0,0,0,0,0,0,0,0,0,0,0,0,0,0,0,0,0,0,0,0,0
Turkey,76,"Fish body oils, nei",fish_oil,30,0,0,0,0,0,0,0,0,0,0,0,0,0,0,69.97526238575826,0,0,0,0,5,0,0,0,0,0,0,0,0,0,0,0,0,61,0,0,0,0,0,0,0,0,0,0,0,0,0
Turkey,76,"Fish liver oils, nei",fish_oil,NA,NA,NA,NA,NA,NA,NA,NA,NA,NA,NA,NA,NA,NA,NA,NA,NA,NA,41,0,35,0,0,0,0,0,0,0,0,0,0,0,1,0,0,2,0,0,1,1,0,2,0,0,0,1,1
Turkey,76,Ornamental saltwater fish,ornamentals,NA,NA,NA,NA,NA,NA,NA,NA,NA,NA,NA,NA,NA,NA,NA,NA,NA,NA,NA,NA,NA,NA,NA,NA,NA,NA,NA,NA,1,0,0,0,0,0,1,0,0,1,1,11,1,0,0,0,0,0,0
Turkey,76,Other seaweeds and aquatic plants and products thereof,seaweeds,NA,NA,NA,NA,NA,NA,NA,NA,NA,NA,NA,NA,NA,NA,NA,NA,NA,NA,18,35,26,32,73,78,90,47,38,38,10,7,40,12,15,0,0,24,0,0,0,0,0,0,0,0,0,0,0
Turkey,76,"Seaweeds and other algae, fit for human consumption, nei",seaweeds,NA,NA,NA,NA,NA,NA,NA,NA,NA,NA,NA,NA,NA,NA,NA,NA,NA,NA,NA,NA,NA,NA,NA,NA,NA,NA,NA,NA,NA,NA,NA,NA,NA,NA,NA,NA,NA,NA,1,0,1,1,79,0,0,0,0
Turkey,76,"Seaweeds and other algae, unfit for human consumption, nei",seaweeds,NA,NA,NA,NA,NA,NA,NA,NA,NA,NA,NA,NA,NA,NA,NA,NA,NA,NA,NA,NA,NA,NA,NA,NA,NA,NA,NA,NA,NA,NA,NA,NA,NA,NA,NA,NA,NA,NA,NA,0,3,0,12,0,0,1,1
Turkey,76,Z_TOTAL,fish_oil,30,0,30,0,0,0,0,0,0,0,0,0,0,47,57,77.97526238575826,0,0,41,2,40,0,0,0,0,0,0,0,0,0,0,0,1,61,0,2,0,0,1,1,0,2,0,0,0,1,1
Turkey,76,Z_TOTAL,ornamentals,NA,NA,NA,NA,NA,NA,NA,NA,NA,NA,NA,NA,NA,NA,NA,NA,NA,NA,NA,NA,NA,NA,NA,NA,NA,NA,NA,NA,1,0,0,0,0,0,1,0,0,1,1,11,1,0,0,0,0,0,0
Turkey,76,Z_TOTAL,seaweeds,NA,NA,NA,NA,NA,NA,NA,NA,NA,NA,NA,NA,NA,NA,NA,NA,NA,NA,18,37,26,33,74,78,92,48,38,41,10,8,42,12,16,1,9,32,3,5,7,2,7,27,102,0,0,1,1
Ukraine,75,Agar agar nei,seaweeds,NA,NA,NA,NA,NA,NA,NA,NA,NA,NA,NA,NA,NA,NA,NA,NA,NA,NA,NA,NA,NA,NA,NA,NA,NA,NA,0,0,2,1,0,10,3,1,0,0,0,0,2,0,7,3,1,0,0,0,0
Ukraine,75,"Aquatic animals, oils and fats, nei",fish_oil,NA,NA,NA,NA,NA,NA,NA,NA,NA,NA,NA,NA,NA,NA,NA,NA,NA,NA,16,60,0,NA,0,0,0,NA,0,0,0,0,0,0,0,0,0,0,0,0,0,0,0,0,0,0,0,0,0
Ukraine,75,"Fish body oils, nei",fish_oil,NA,NA,NA,NA,NA,NA,NA,NA,NA,NA,NA,NA,NA,NA,NA,NA,NA,NA,NA,NA,NA,NA,NA,NA,NA,NA,11,0,0,1,1,0,0,0,0,2,0,7,0,0,0,0,0,0,0,0,0
Ukraine,75,Other seaweeds and aquatic plants and products thereof,seaweeds,NA,NA,NA,NA,NA,NA,NA,NA,NA,NA,NA,NA,NA,NA,NA,NA,NA,NA,NA,NA,NA,NA,NA,NA,NA,NA,2,5,20,6,5,11,11,6,4,2,1,7,0,0,0,0,0,0,0,0,0
Ukraine,75,"Seaweeds and other algae, fit for human consumption, nei",seaweeds,NA,NA,NA,NA,NA,NA,NA,NA,NA,NA,NA,NA,NA,NA,NA,NA,NA,NA,NA,NA,NA,NA,NA,NA,NA,NA,NA,NA,NA,NA,NA,NA,NA,NA,NA,NA,NA,NA,2,0,0,2,2,5,2,0,0
Ukraine,75,"Seaweeds and other algae, unfit for human consumption, nei",seaweeds,NA,NA,NA,NA,NA,NA,NA,NA,NA,NA,NA,NA,NA,NA,NA,NA,NA,NA,NA,NA,NA,NA,NA,NA,NA,NA,NA,NA,NA,NA,NA,NA,NA,NA,NA,NA,NA,NA,0,9,15,16,27,0,0,0,0
Ukraine,75,Z_TOTAL,fish_oil,NA,NA,NA,NA,NA,NA,NA,NA,NA,NA,NA,NA,NA,NA,NA,NA,NA,NA,16,60,0,0,0,0,0,0,11,0,0,1,1,0,0,0,0,2,0,7,0,0,0,0,0,0,0,0,0
Ukraine,75,Z_TOTAL,seaweeds,NA,NA,NA,NA,NA,NA,NA,NA,NA,NA,NA,NA,NA,NA,NA,NA,NA,NA,NA,NA,NA,NA,NA,NA,NA,NA,2,5,22,7,5,21,14,7,4,2,1,7,4,9,22,21,30,5,2,0,0
United Arab Emirates,54,Agar agar nei,seaweeds,NA,NA,NA,NA,NA,NA,NA,NA,NA,NA,NA,NA,NA,NA,NA,NA,NA,NA,NA,NA,NA,NA,NA,NA,NA,NA,NA,NA,3,0,0,0,0,38,51,8,0,0,0,0,0,0,18,0,0,0,0
United Arab Emirates,54,"Fish body oils, nei",fish_oil,NA,NA,NA,NA,NA,NA,NA,NA,NA,NA,NA,NA,NA,NA,NA,NA,NA,NA,NA,NA,NA,NA,NA,47.865492886082194,33.14552395437033,20.52008017493624,25,22,74,4,83,25,4,64,76,0,24,44,0,0,0,0,0,0,0,0,0
United Arab Emirates,54,"Fish liver oils, nei",fish_oil,NA,NA,NA,NA,NA,NA,NA,NA,NA,NA,NA,NA,NA,NA,NA,NA,NA,NA,NA,NA,NA,NA,NA,NA,NA,NA,45,0,0,0,0,0,0,23,2,2,14.658152064748094,0,11,0,15,0,0,0,0,0,0
United Arab Emirates,54,Ornamental fish nei,ornamentals,NA,NA,NA,NA,NA,NA,NA,NA,NA,NA,NA,NA,NA,NA,NA,NA,NA,NA,NA,2.460724159643547,0,1.219750492614807,0,0,0,0,0,0,1.5193216155780647,0,0,0,0,16,6,0,0,0,0,0,0,0,0,0,0,0,0
United Arab Emirates,54,Other seaweeds and aquatic plants and products thereof,seaweeds,NA,NA,NA,NA,NA,NA,NA,NA,NA,NA,NA,NA,NA,NA,NA,NA,NA,NA,NA,NA,NA,NA,NA,NA,NA,NA,NA,NA,1,0,0,0,1,87,3,0,0,0,0,0,0,0,0,0,0,0,0
United Arab Emirates,54,Z_TOTAL,fish_oil,NA,NA,NA,NA,NA,NA,NA,NA,NA,NA,NA,NA,NA,NA,NA,NA,NA,NA,NA,NA,NA,NA,NA,47.865492886082194,33.14552395437033,20.52008017493624,70,22,74,4,83,25,4,87,78,2,38.658152064748094,44,11,0,15,0,0,0,0,0,0
United Arab Emirates,54,Z_TOTAL,ornamentals,NA,NA,NA,NA,NA,NA,NA,NA,NA,NA,NA,NA,NA,NA,NA,NA,NA,NA,NA,2.460724159643547,0,1.219750492614807,0,0,0,0,0,0,1.5193216155780647,0,0,0,0,16,6,0,0,0,0,0,0,0,0,0,0,0,0
United Arab Emirates,54,Z_TOTAL,seaweeds,NA,NA,NA,NA,NA,NA,NA,NA,NA,NA,NA,NA,NA,NA,NA,NA,NA,NA,NA,NA,NA,NA,NA,NA,NA,NA,NA,NA,4,0,0,0,1,125,54,8,0,0,0,0,0,0,18,0,0,0,0
United Kingdom,180,Agar agar nei,seaweeds,27,33,53,28,22,41,65,27,52,53,60,50,0,0,0,0,0,0,59,63,10,40,44,49,0,59,32,32,49,43,80,0,0,0,46,35,92,0,78,55,64,0,0,0,0,0,0
United Kingdom,180,"Halibuts, liver oils",fish_oil,NA,NA,NA,NA,NA,NA,NA,NA,NA,NA,NA,NA,NA,NA,NA,NA,NA,NA,NA,40,36,75,38,13,0,15,2,11,1,2,2,3,46,1,1,1,35,1,0,4,0,0,0,0,0,0,0
United Kingdom,180,Ornamental saltwater fish,ornamentals,NA,NA,NA,NA,NA,NA,NA,NA,NA,NA,NA,NA,0,13,24,0,44,5,29,0,43,45,0,0,85,25,41,28,32,47,65,59,84,0,0,0,0,0,0,88,0,0,0,0,0,8,8
United Kingdom,180,Z_TOTAL,fish_oil,NA,NA,NA,NA,NA,NA,NA,NA,NA,NA,NA,NA,NA,NA,NA,NA,NA,NA,NA,40,36,75,38,13,0,15,2,11,1,2,2,3,46,1,1,1,35,1,0,4,0,0,0,0,0,0,0
United Kingdom,180,Z_TOTAL,ornamentals,NA,NA,NA,NA,NA,NA,NA,NA,NA,NA,NA,NA,0,13,24,0,44,5,29,0,43,45,0,0,85,25,41,28,32,47,65,59,84,0,0,0,0,0,0,88,0,0,0,0,0,8,8
United Kingdom,180,Z_TOTAL,seaweeds,27,33,53,28,22,41,65,27,52,53,60,50,0,0,0,0,0,0,59,63,10,40,44,49,0,59,32,32,49,43,80,0,0,0,46,35,92,0,78,55,64,0,0,0,0,0,0
United States,163,Agar agar nei,seaweeds,NA,NA,NA,NA,NA,NA,NA,NA,NA,NA,NA,NA,NA,NA,NA,NA,NA,NA,62,0,0,0,0,87,71,63,81,58,76,0,80,0,0,0,0,0,0,0,0,0,97,0,0,0,0,0,0
United States,163,Z_TOTAL,seaweeds,NA,NA,NA,NA,NA,NA,NA,NA,NA,NA,NA,NA,NA,NA,NA,NA,NA,NA,62,0,0,0,0,87,71,63,81,58,76,0,80,0,0,0,0,0,0,0,0,0,97,0,0,0,0,0,0
Uruguay,173,"Fish body oils, nei",fish_oil,NA,NA,NA,NA,22,70,92,0,79,40,35.26537178413707,0,50.99602972538139,0,0,0,69.76701271123909,37.02327641264276,38,69,54,71,53.50732205181828,6,0,10,21,12,0,0,0,0,0,0,5,0,36,17,6,0,0,0,0,0,0,0,0
Uruguay,173,Z_TOTAL,fish_oil,NA,NA,NA,NA,22,70,92,0,79,40,35.26537178413707,0,50.99602972538139,0,0,0,69.76701271123909,37.02327641264276,38,69,54,71,53.50732205181828,6,0,10,21,12,0,0,0,0,0,0,5,0,36,17,6,0,0,0,0,0,0,0,0
Venezuela,139,Cod liver oil,fish_oil,5,0,0,0,0,0,0,0,0,0,0,0,0,0,0,2,5,0,0,0,0,0,0,8,0,0,0,0,0,0,0,0,0,0,0,0,0,0,0,0,0,0,0,0,0,0,0
Venezuela,139,"Fish body oils, nei",fish_oil,NA,NA,NA,NA,NA,NA,NA,NA,NA,NA,NA,NA,NA,NA,NA,NA,NA,0,0,0,0,0,0,0,0,0,1,1,1,1,0,0,0,0,0,0,0,0,0,0,0,0,0,0,0,0,0
Venezuela,139,Ornamental fish nei,ornamentals,0,0,0,0,0,0,0,0,0,2,7,3,6,18,40,40,39,18.010240584516254,83,31,22.1984635608151,12,2,2,10,7,5,8,22,15,3,0,0,0,0,0,0,0,0,0,0,0,0,0,0,0,0
Venezuela,139,Z_TOTAL,fish_oil,5,0,0,0,0,0,0,0,0,0,0,0,0,0,0,2,5,0,0,0,0,0,0,8,0,0,1,1,1,1,0,0,0,0,0,0,0,0,0,0,0,0,0,0,0,0,0
Venezuela,139,Z_TOTAL,ornamentals,0,0,0,0,0,0,0,0,0,2,7,3,6,18,40,40,39,18.010240584516254,83,31,22.1984635608151,12,2,2,10,7,5,8,22,15,3,0,0,0,0,0,0,0,0,0,0,0,0,0,0,0,0
Vietnam,207,Agar agar nei,seaweeds,NA,NA,NA,NA,NA,NA,NA,NA,NA,NA,NA,NA,NA,NA,NA,NA,NA,NA,NA,NA,NA,NA,1,2,0,0,4,0,1,0,0,0,2,2,1,0,4,5,0,0,28,0,0,0,0,0,0
Vietnam,207,"Fish liver oils, nei",fish_oil,NA,NA,NA,NA,NA,NA,NA,NA,NA,NA,NA,NA,NA,NA,NA,NA,NA,NA,NA,NA,NA,NA,NA,NA,NA,NA,NA,2,0,1,0,7,5,15,3,0,0,3,0,0,0,0,7,0,0,0,0
Vietnam,207,Ornamental fish nei,ornamentals,NA,NA,NA,NA,NA,NA,NA,NA,NA,NA,NA,NA,NA,NA,NA,NA,NA,NA,NA,NA,NA,NA,NA,NA,NA,40,0,0,0,30,89,74,0,0,0,0,0,0,0,0,0,0,0,0,0,0,0
Vietnam,207,Z_TOTAL,fish_oil,NA,NA,NA,NA,NA,NA,NA,NA,NA,NA,NA,NA,NA,NA,NA,NA,NA,NA,NA,NA,NA,NA,NA,NA,NA,NA,NA,2,0,1,0,7,5,15,3,0,0,3,0,0,0,0,7,0,0,0,0
Vietnam,207,Z_TOTAL,ornamentals,NA,NA,NA,NA,NA,NA,NA,NA,NA,NA,NA,NA,NA,NA,NA,NA,NA,NA,NA,NA,NA,NA,NA,NA,NA,40,0,0,0,30,89,74,0,0,0,0,0,0,0,0,0,0,0,0,0,0,0
Vietnam,207,Z_TOTAL,seaweeds,NA,NA,NA,NA,NA,NA,NA,NA,NA,NA,NA,NA,NA,NA,NA,NA,NA,NA,NA,NA,NA,NA,1,2,0,0,4,0,1,0,0,0,2,2,1,0,4,5,0,0,28,0,0,0,0,0,0
Yemen,47,"Fish body oils, nei",fish_oil,NA,NA,NA,NA,52.46393258945844,0,40.47837099501625,2,0,0,0,0,0,0,0,0,0,0,0,0,0,0,0,0,0,0,0,0,3,0,0,0,60,15,0,43.675103243077515,0,0,67.93635142234963,0,0,0,0,0,0,0,0
Yemen,47,"Fish liver oils, nei",fish_oil,NA,NA,NA,NA,NA,NA,NA,NA,NA,NA,NA,NA,NA,NA,NA,NA,NA,NA,NA,NA,NA,NA,NA,NA,NA,NA,NA,NA,NA,20,0,20,26,5,24.533048496906133,19.595600280827,51.522698837259895,0,15.507487420957148,19,8,0,0,0,0,0,0
Yemen,47,Ornamental fish nei,ornamentals,NA,NA,NA,NA,NA,NA,NA,NA,NA,NA,NA,NA,NA,NA,NA,NA,NA,NA,NA,NA,NA,NA,NA,NA,NA,NA,NA,NA,6,24,4,2,18,3,41,22,0,0,0,0,0,0,0,0,0,0,0
Yemen,47,Z_TOTAL,fish_oil,NA,NA,NA,NA,52.46393258945844,0,40.47837099501625,2,0,0,0,0,0,0,0,0,0,0,0,0,0,0,0,0,0,0,0,0,3,20,0,20,86,20,24.533048496906133,63.270703523904515,51.522698837259895,0,83.44383884330678,19,8,0,0,0,0,0,0
Yemen,47,Z_TOTAL,ornamentals,NA,NA,NA,NA,NA,NA,NA,NA,NA,NA,NA,NA,NA,NA,NA,NA,NA,NA,NA,NA,NA,NA,NA,NA,NA,NA,NA,NA,6,24,4,2,18,3,41,22,0,0,0,0,0,0,0,0,0,0,0
