rgn_id,product,year,tonnes,usd
5,ornamentals,1984,3,23
5,ornamentals,1985,1.5,11.5
5,ornamentals,1986,2,22.666666666666668
5,ornamentals,1987,2.75,32.5
5,ornamentals,1988,2,26.75
5,ornamentals,1989,2,26.75
5,ornamentals,1990,1.25,15.5
5,ornamentals,1991,0,0
5,ornamentals,1992,0,0
5,ornamentals,1993,0,0
5,ornamentals,1994,0,0
5,ornamentals,1995,0,0
5,ornamentals,1996,0,0
5,ornamentals,1997,1,3.6580856477932002
5,ornamentals,1998,2.25,7.438056017179036
5,ornamentals,1999,2.5,12.438056017179036
5,ornamentals,2000,4.25,36.438056017179036
5,ornamentals,2001,5,36.69280227672917
5,ornamentals,2002,4.75,54.66283190734333
5,ornamentals,2003,5.75,52.88826275059037
5,ornamentals,2004,5.25,32.00278568860966
5,ornamentals,2005,4.5,30.860776187237462
5,ornamentals,2006,4.25,11.537898061160462
5,ornamentals,2007,4,10.86147381342903
5,ornamentals,2008,3.75,10.185049565697597
5,ornamentals,2009,3.5,9.508625317966192
5,ornamentals,2010,4.25,9.763371577516295
5,ornamentals,2011,4.75,9.785325210246043
5,ornamentals,2012,8,12.367997737999985
5,ornamentals,2013,11,14.717877638933544
5,ornamentals,2014,13.25,40.33682265459714
5,ornamentals,2015,15.25,55.9139874683743
5,ornamentals,2016,14.25,67.26914608521514
5,ornamentals,2017,11.5,67.70057425368157
5,ornamentals,2018,8.5,43.003272125044674
5,ornamentals,2019,5,24.85514708302216
5,ornamentals,2020,1.75,8.47921724813952
5,ornamentals,2021,0.75,3.603511020499809
5,ornamentals,2022,0,0
7,ornamentals,1996,18.251706627935334,50
7,ornamentals,1997,12.948622743212894,36
7,ornamentals,1998,13.020661950751938,36
7,ornamentals,1999,14.340497590423112,39.25
7,ornamentals,2000,9.9733119816389,27.5
7,ornamentals,2001,8.061927267016287,22
7,ornamentals,2002,15.02074217555878,23.75
7,ornamentals,2003,23.945741048199622,25.25
7,ornamentals,2004,30.136832942071877,41
7,ornamentals,2005,37.231575874445966,59.25
7,ornamentals,2006,36.31997825205411,72.5
7,ornamentals,2007,22.819978252054113,58.75
7,ornamentals,2008,33.68314530998224,59.25
7,ornamentals,2009,38.58840237760815,49.5
7,ornamentals,2010,39.75,34.5
7,ornamentals,2011,39.75,34.5
7,ornamentals,2012,22.5,17.5
7,ornamentals,2013,10.5,9
7,ornamentals,2014,0,0
7,ornamentals,2015,0,0
7,ornamentals,2016,0,0
7,ornamentals,2017,0,0
7,ornamentals,2018,0,0
7,ornamentals,2019,0,0
7,ornamentals,2020,0,0
7,ornamentals,2021,0,0
7,ornamentals,2022,0,0
8,ornamentals,2013,1.254377230686785,8
8,ornamentals,2014,0.6271886153433925,4
8,ornamentals,2015,0.7848292390370588,5
8,ornamentals,2016,1.088621929277794,6.25
8,ornamentals,2017,1.2750276216060978,4.75
8,ornamentals,2018,2.775027621606098,15.75
8,ornamentals,2019,2.5,14
8,ornamentals,2020,2,11.5
8,ornamentals,2021,1.5,11
8,ornamentals,2022,0,0
9,ornamentals,1996,0,0
9,ornamentals,1997,0,0
9,ornamentals,1998,0.3333333333333333,1.5800708101932674
9,ornamentals,1999,2.25,13.297940074048316
9,ornamentals,2000,3.5,20.750043530856562
9,ornamentals,2001,4,21.500043530856562
9,ornamentals,2002,3.8718564382555365,20.81499042321161
9,ornamentals,2003,1.8718564382555365,8.702103456808246
9,ornamentals,2004,0.6218564382555365,1.25
9,ornamentals,2005,0.30877512999696455,1.5
9,ornamentals,2006,0.18691869174142806,1
9,ornamentals,2007,0.18691869174142806,1
9,ornamentals,2008,0.4037818419446655,2.25
9,ornamentals,2009,0.21686315020323743,1.25
9,ornamentals,2010,0.21686315020323743,1.25
9,ornamentals,2011,0.21686315020323743,1.25
9,ornamentals,2012,0,0
9,ornamentals,2013,0,0
9,ornamentals,2014,0,0
9,ornamentals,2015,0,0
9,ornamentals,2016,0,0
9,ornamentals,2017,0,0
9,ornamentals,2018,0,0
9,ornamentals,2019,0,0
9,ornamentals,2020,0,0
9,ornamentals,2021,0,0
9,ornamentals,2022,0,0
14,fish_oil,1976,118,240.60209753722003
14,fish_oil,1977,59,120.30104876861002
14,fish_oil,1978,63.666666666666664,117.86736584574001
14,fish_oil,1979,63.25,113.65052438430502
14,fish_oil,1980,47.25,91.66574508397267
14,fish_oil,1981,53.25,108.66574508397267
14,fish_oil,1982,39.75,89.22860347542867
14,fish_oil,1983,30.75,75.92233929140446
14,fish_oil,1984,26,53.72899754427462
14,fish_oil,1985,26.5,48.64995753485912
14,fish_oil,1986,36.25,72.07640952447974
14,fish_oil,1987,44,79.7998647496433
14,fish_oil,1988,41.5,86.61757252077714
14,fish_oil,1989,40,80.69661253019265
14,fish_oil,1990,25.5,48.45730214911603
14,fish_oil,1991,11.25,28.790111107976685
14,fish_oil,1992,6.25,7
14,fish_oil,1993,1.25,1
14,fish_oil,1994,14.25,10
14,fish_oil,1995,14.25,11
14,fish_oil,1996,14.25,24.25
14,fish_oil,1997,27.75,41.39562360999594
14,fish_oil,1998,19.75,36.01972125893617
14,fish_oil,1999,24.25,44.3384079302955
14,fish_oil,2000,43,47.969560298942156
14,fish_oil,2001,29.5,30.82393668894622
14,fish_oil,2002,37.25,49.19983904000598
14,fish_oil,2003,49.5,53.88115236864665
14,fish_oil,2004,47.25,51
14,fish_oil,2005,56,80.75
14,fish_oil,2006,54.25,77.5
14,fish_oil,2007,46.25,82.97902887531677
14,fish_oil,2008,32.5,84.72902887531677
14,fish_oil,2009,35.5,72.46072888564349
14,fish_oil,2010,33.5,66.26146997030224
14,fish_oil,2011,29.25,68.27850179951272
14,fish_oil,2012,39.75,75.09141178602378
14,fish_oil,2013,32.25,60.23983634291662
14,fish_oil,2014,27.75,53.13679970491063
14,fish_oil,2015,39,60.39192912607511
14,fish_oil,2016,29.5,56.27713234711123
14,fish_oil,2017,35,79.29160708524876
14,fish_oil,2018,34.75,99.80936951190867
14,fish_oil,2019,19,71.05817938621692
14,fish_oil,2020,14,51.610066178669754
14,fish_oil,2021,4.25,25.965466873312664
14,fish_oil,2022,0,0
14,ornamentals,1976,33,89.75207941518806
14,ornamentals,1977,26,62.87603970759403
14,ornamentals,1978,24.666666666666668,63.11961061162045
14,ornamentals,1979,18.5,47.33970795871534
14,ornamentals,1980,24,59.700219023853776
14,ornamentals,1981,20.25,55.93036946353715
14,ornamentals,1982,21,57.30837333106149
14,ornamentals,1983,22.75,75.55837333106149
14,ornamentals,1984,16.75,61.32965644408159
14,ornamentals,1985,22,73.11214081460881
14,ornamentals,1986,21.5,71.60001120907683
14,ornamentals,1987,23,63.248287575797434
14,ornamentals,1988,17,49.01957068881751
14,ornamentals,1989,11.75,61.828980109048985
14,ornamentals,1990,9.25,85.39250973859762
14,ornamentals,1991,9,105.33008740165323
14,ornamentals,1992,11,127.56127299717926
14,ornamentals,1993,16.25,144.71603546219777
14,ornamentals,1994,22.75,178.45698841568316
14,ornamentals,1995,33.25,256.1203223461024
14,ornamentals,1996,44.25,339.49270389863835
14,ornamentals,1997,57.25,434.91032356175793
14,ornamentals,1998,67.5,511.2191336811188
14,ornamentals,1999,71.25,532.769372335079
14,ornamentals,2000,71.25,532.1472300121053
14,ornamentals,2001,66.75,469.6188937585947
14,ornamentals,2002,65.75,417.5688797138475
14,ornamentals,2003,71.25,420.0299512847758
14,ornamentals,2004,79.75,485.3570947267281
14,ornamentals,2005,92.75,585.5390819007628
14,ornamentals,2006,100.75,666.5015524838894
14,ornamentals,2007,107.25,713.3599321046183
14,ornamentals,2008,104.75,692.3380278600026
14,ornamentals,2009,103,658.8496649690992
14,ornamentals,2010,101.5,636.1513057043836
14,ornamentals,2011,94.25,584.8403670662437
14,ornamentals,2012,100.75,550.517460435508
14,ornamentals,2013,110.25,543.0402988021115
14,ornamentals,2014,91.25,437.7752511951678
14,ornamentals,2015,77.75,375.95174071847964
14,ornamentals,2016,60,327.367743583525
14,ornamentals,2017,37.5,287.03771505174
14,ornamentals,2018,44.5,339.23771562734214
14,ornamentals,2019,36,274.0032869363574
14,ornamentals,2020,26.5,201.28242953464724
14,ornamentals,2021,13.5,102.52990531162797
14,ornamentals,2022,0,0
14,seaweeds,1976,18,65.46111029607937
14,seaweeds,1977,21,50.904830941695955
14,seaweeds,1978,49.666666666666664,268.92431579323386
14,seaweeds,1979,46.75,208.9627386098638
14,seaweeds,1980,60,430.937016823974
14,seaweeds,1981,60.75,427.52275568828713
14,seaweeds,1982,35.5,254.0695117388519
14,seaweeds,1983,27.25,249.3951743002508
14,seaweeds,1984,17.25,17.093766161715507
14,seaweeds,1985,15.5,15.920180832766945
14,seaweeds,1986,17.25,16.631615870554384
14,seaweeds,1987,17.75,16.669829348793257
14,seaweeds,1988,12.5,13.61122365310871
14,seaweeds,1989,28.5,288.26016292563645
14,seaweeds,1990,25.25,284.7611504632069
14,seaweeds,1991,23.5,282.1277726586307
14,seaweeds,1992,21,279.1482307047205
14,seaweeds,1993,0,0
14,seaweeds,1994,22.25,295.71742572101874
14,seaweeds,1995,22.25,295.71742572101874
14,seaweeds,1996,22.25,295.71742572101874
14,seaweeds,1997,22.25,295.71742572101874
14,seaweeds,1998,8.5,22.75
14,seaweeds,1999,13.5,44.75
14,seaweeds,2000,35,293.96724863413715
14,seaweeds,2001,74.75,543.1791757162121
14,seaweeds,2002,66.25,520.4291757162121
14,seaweeds,2003,83.75,765.9762624707721
14,seaweeds,2004,80.5,759.8166551518788
14,seaweeds,2005,57.75,736.5612450563757
14,seaweeds,2006,70.75,903.2675504950897
14,seaweeds,2007,59.75,788.6448054058935
14,seaweeds,2008,80.5,722.5593770487014
14,seaweeds,2009,77.75,686.0273247319105
14,seaweeds,2010,71,602.7770246406119
14,seaweeds,2011,69.25,577.4524539897868
14,seaweeds,2012,52.25,622.7611860432264
14,seaweeds,2013,45,443.8367213734457
14,seaweeds,2014,59.5,388.90469894972773
14,seaweeds,2015,88.25,303.65291842585594
14,seaweeds,2016,91,97.87197341436439
14,seaweeds,2017,115.75,135.9374540178889
14,seaweeds,2018,99.5,117.16347109419141
14,seaweeds,2019,61,74.81548060352452
14,seaweeds,2020,36.25,58.31548060352452
14,seaweeds,2021,4.5,9.75
14,seaweeds,2022,0,0
15,fish_oil,1977,84,91.37593603100655
15,fish_oil,1978,54,71.68796801550327
15,fish_oil,1979,57,71.01860269634265
15,fish_oil,1980,42.75,53.26395202225699
15,fish_oil,1981,21.75,30.41996801450535
15,fish_oil,1982,25.25,28.36363996649807
15,fish_oil,1983,15,34.94367195199272
15,fish_oil,1984,15,34.94367195199272
15,fish_oil,1985,16.25,42.44367195199272
15,fish_oil,1986,8.25,41.75
15,fish_oil,1987,2.75,17.75
15,fish_oil,1988,2.75,17.75
15,fish_oil,1989,21.75,42.10502896838462
15,fish_oil,1990,43,67.53903828862437
15,fish_oil,1991,43,67.53903828862437
15,fish_oil,1992,43,67.53903828862437
15,fish_oil,1993,22.75,35.68400932023974
15,fish_oil,1994,12.5,38.25274985842458
15,fish_oil,1995,16,49.881924844606004
15,fish_oil,1996,17.5,61.631924844606004
15,fish_oil,1997,17.75,62.881924844606004
15,fish_oil,1998,5.25,25.629174986181425
15,fish_oil,1999,1.75,15
15,fish_oil,2000,1.75,9.5
15,fish_oil,2001,11,24.3810800690094
15,fish_oil,2002,39.25,93.47523191620674
15,fish_oil,2003,52,131.23394912622138
15,fish_oil,2004,58.75,149.89025005362987
15,fish_oil,2005,50.75,139.25916998462046
15,fish_oil,2006,29.25,80.16501813742312
15,fish_oil,2007,25.75,57.43166494546368
15,fish_oil,2008,17.5,32.525364018055214
15,fish_oil,2009,26.56289916408555,49.775364018055214
15,fish_oil,2010,39.31289916408555,68.95717145413418
15,fish_oil,2011,49.81289916408555,111.18448757510839
15,fish_oil,2012,82.56289916408555,184.2838977847843
15,fish_oil,2013,73.5,177.7838977847843
15,fish_oil,2014,96.75,226.25878450321963
15,fish_oil,2015,97.99839384918519,237.8617414949584
15,fish_oil,2016,105.49839384918519,256.6945854226502
15,fish_oil,2017,103.99839384918519,240.44458542265022
15,fish_oil,2018,61.24839384918519,161.78789126813592
15,fish_oil,2019,40.25,91.93225413736772
15,fish_oil,2020,0,0
15,fish_oil,2021,0,0
15,fish_oil,2022,0,0
15,seaweeds,2007,0,3
15,seaweeds,2008,0,1.5
15,seaweeds,2009,0,1
15,seaweeds,2010,0,0.75
15,seaweeds,2011,0,0
15,seaweeds,2012,0.25,1.25
15,seaweeds,2013,0.75,4
15,seaweeds,2014,1,6.5
15,seaweeds,2015,1.5,8
15,seaweeds,2016,1.5,7
15,seaweeds,2017,1.75,10.25
15,seaweeds,2018,1.75,9.75
15,seaweeds,2019,1.25,8.25
15,seaweeds,2020,1,8
15,seaweeds,2021,0.25,2
15,seaweeds,2022,0,0
16,fish_oil,1976,21,29.15572074702078
16,fish_oil,1977,38.5,38.57786037351039
16,fish_oil,1978,46.333333333333336,51.71857358234026
16,fish_oil,1979,35,40.038930186755195
16,fish_oil,1980,30.25,33.75
16,fish_oil,1981,17.75,26.5
16,fish_oil,1982,4,10
16,fish_oil,1983,10.75,15.25
16,fish_oil,1984,10.25,14.25
16,fish_oil,1985,9.75,11.5
16,fish_oil,1986,29,27.5
16,fish_oil,1987,22,21.25
16,fish_oil,1988,22,21.25
16,fish_oil,1989,25.5,30
16,fish_oil,1990,11.75,31
16,fish_oil,1991,31.5,83.72641019550977
16,fish_oil,1992,31.5,83.72641019550977
16,fish_oil,1993,38,89.47641019550977
16,fish_oil,1994,42,83.16738644724668
16,fish_oil,1995,35.5,46.08548482728614
16,fish_oil,1996,41.5,70.08548482728614
16,fish_oil,1997,30.75,55.33548482728614
16,fish_oil,1998,19.5,41.64450857554924
16,fish_oil,1999,9.25,50.5
16,fish_oil,2000,3.25,26.5
16,fish_oil,2001,19,43.61006232463414
16,fish_oil,2002,41.25,95.68643902209973
16,fish_oil,2003,38.25,70.93643902209973
16,fish_oil,2004,55.5,91.14068848892782
16,fish_oil,2005,54.75,112.7773677872216
16,fish_oil,2006,45.5,95.2240171191089
16,fish_oil,2007,62.5,140.35951962374523
16,fish_oil,2008,60,159.31705706797842
16,fish_oil,2009,62,164.6138927348692
16,fish_oil,2010,73.5,195.12174034642487
16,fish_oil,2011,56.5,149.98623784178855
16,fish_oil,2012,41.75,110.82445093072725
16,fish_oil,2013,24.5,65.03087364090855
16,fish_oil,2014,22,58.38565101822123
16,fish_oil,2015,42.25,112.12448180837612
16,fish_oil,2016,50.5,134.01513737753672
16,fish_oil,2017,50.5,134.01513737753672
16,fish_oil,2018,28.5,75.629486359315493
16,fish_oil,2019,8.25,21.89065556916061
16,fish_oil,2020,0,0
16,fish_oil,2021,0,0
16,fish_oil,2022,0,0
16,seaweeds,1995,7,60
16,seaweeds,1996,5.5,49.5
16,seaweeds,1997,5,45
16,seaweeds,1998,4.25,38.25
16,seaweeds,1999,2.5,24.75
16,seaweeds,2000,1.5,15.25
16,seaweeds,2001,0.5,6.75
16,seaweeds,2002,0,3.5
16,seaweeds,2003,0,5.75
16,seaweeds,2004,0,7.25
16,seaweeds,2005,1,17.555944308731426
16,seaweeds,2006,14.75,144.22511521747964
16,seaweeds,2007,14.75,140.47511521747964
16,seaweeds,2008,14.75,138.72511521747964
16,seaweeds,2009,14,137.91917090874824
16,seaweeds,2010,0.25,17
16,seaweeds,2011,0.25,20.25
16,seaweeds,2012,2.25,34.37758534918407
16,seaweeds,2013,4,40.222019047233744
16,seaweeds,2014,7,53.29781253082115
16,seaweeds,2015,13.5,92.63398867329079
16,seaweeds,2016,12.75,91.00138206875283
16,seaweeds,2017,15.5,122.10940748689711
16,seaweeds,2018,23.5,167.13128322639926
16,seaweeds,2019,17,124.54510708392962
16,seaweeds,2020,15.75,112.0501283392835
16,seaweeds,2021,11,65.09766922308955
16,seaweeds,2022,0,0
17,ornamentals,1998,7,16.982222492106416
17,ornamentals,1999,4,8.991111246053208
17,ornamentals,2000,2.6666666666666665,5.994074164035472
17,ornamentals,2001,2,4.495555623026604
17,ornamentals,2002,0.25,0.5
17,ornamentals,2003,0,0.25
17,ornamentals,2004,0,0.25
17,ornamentals,2005,0,0.25
17,ornamentals,2006,0,0
17,ornamentals,2007,0,0
17,ornamentals,2008,0,0
17,ornamentals,2009,0,9
17,ornamentals,2010,0,9
17,ornamentals,2011,9,21.25
17,ornamentals,2012,9,25.5
17,ornamentals,2013,9.585170781021418,16.75
17,ornamentals,2014,10.15678989099532,17
17,ornamentals,2015,1.15678989099532,4.75
17,ornamentals,2016,1.7714538373892417,1.25
17,ornamentals,2017,1.1862830563678237,1
17,ornamentals,2018,0.6146639463939216,0.75
17,ornamentals,2019,0.6146639463939216,0.75
17,ornamentals,2020,0,0
17,ornamentals,2021,0,0
17,ornamentals,2022,0,0
18,ornamentals,2012,71,338.7656094565501
18,ornamentals,2013,82,390.71988234286266
18,ornamentals,2014,86.33333333333333,411.0807272288318
18,ornamentals,2015,89.25,424.72796866472794
18,ornamentals,2016,92,437.4104910863615
18,ornamentals,2017,88,418.1046676576474
18,ornamentals,2018,82.75,392.8750764788689
18,ornamentals,2019,58.25,276.4576532357648
18,ornamentals,2020,37.75,179.08372844999369
18,ornamentals,2021,18.5,87.721013071414
18,ornamentals,2022,0,0
18,seaweeds,2003,0,8
18,seaweeds,2004,9.5,34.5
18,seaweeds,2005,19.141736662568444,39.333333333333336
18,seaweeds,2006,37.10630249692633,48.5
18,seaweeds,2007,47.35630249692633,51.5
18,seaweeds,2008,46.35630249692633,39
18,seaweeds,2009,44.75,30.75
18,seaweeds,2010,29,19.25
18,seaweeds,2011,24,36.5
18,seaweeds,2012,25.75,39.75
18,seaweeds,2013,28.75,49.75
18,seaweeds,2014,27.75,48.5
18,seaweeds,2015,34.75,31.25
18,seaweeds,2016,29.25,26.75
18,seaweeds,2017,22,13.5
18,seaweeds,2018,16,8.75
18,seaweeds,2019,3.75,3.75
18,seaweeds,2020,3.75,2.25
18,seaweeds,2021,0,1.5
18,seaweeds,2022,0,0
20,fish_oil,1976,17,27
20,fish_oil,1977,48,57
20,fish_oil,1978,36.666666666666664,53.666666666666664
20,fish_oil,1979,29.75,42.75
20,fish_oil,1980,25.5,36
20,fish_oil,1981,5.75,14.25
20,fish_oil,1982,2.25,2.5
20,fish_oil,1983,0,0.5
20,fish_oil,1984,14.5,5.75
20,fish_oil,1985,16,9.25
20,fish_oil,1986,16,9.25
20,fish_oil,1987,30.25,14
20,fish_oil,1988,30,14.5
20,fish_oil,1989,36.25,25
20,fish_oil,1990,37,25.5
20,fish_oil,1991,35.44026968110408,44
20,fish_oil,1992,35.82109182951603,65.31558466329095
20,fish_oil,1993,28.07109182951603,51.31558466329095
20,fish_oil,1994,46.07109182951603,61.56558466329095
20,fish_oil,1995,33.88082214841195,54.81558466329095
20,fish_oil,1996,19.75,41
20,fish_oil,1997,21,57.5
20,fish_oil,1998,2.5,49.75
20,fish_oil,1999,14,39.8110153981405
20,fish_oil,2000,13.5,26.561015398140498
20,fish_oil,2001,12.25,10.061015398140498
20,fish_oil,2002,12,7.061015398140498
20,fish_oil,2003,0,0
20,fish_oil,2004,0,0
20,fish_oil,2005,0,0
20,fish_oil,2006,3.75,10.5
20,fish_oil,2007,3.75,10.5
20,fish_oil,2008,3.75,10.5
20,fish_oil,2009,13.75,33.75
20,fish_oil,2010,11,26.467980481045828
20,fish_oil,2011,30.5,71.60548059293254
20,fish_oil,2012,48,112.19896183187447
20,fish_oil,2013,38,88.94896183187447
20,fish_oil,2014,43.75,101.937454848732
20,fish_oil,2015,24.25,56.79995473684529
20,fish_oil,2016,6.75,16.206473497903367
20,fish_oil,2017,6.75,16.206473497903367
20,fish_oil,2018,0,0
20,fish_oil,2019,0,0
20,fish_oil,2020,0,0
20,fish_oil,2021,0,0
20,fish_oil,2022,0,0
20,ornamentals,1978,81,599.4748382020965
20,ornamentals,1979,40.5,299.73741910104826
20,ornamentals,1980,27,199.82494606736552
20,ornamentals,1981,35,259.1428956572403
20,ornamentals,1982,32.25,239.0164676015662
20,ornamentals,1983,32.25,239.0164676015662
20,ornamentals,1984,54.75,405.98589225056753
20,ornamentals,1985,48.5,359.89613084007647
20,ornamentals,1986,34.75,250.90384934522638
20,ornamentals,1987,50.25,366.1516076840695
20,ornamentals,1988,28,199.93218303506816
20,ornamentals,1989,19.5,136.74775833884314
20,ornamentals,1990,15.75,115.99775833884316
20,ornamentals,1991,0.25,0.75
20,ornamentals,1992,0,0
20,ornamentals,1993,0,3
20,ornamentals,1994,0,5.5
20,ornamentals,1995,0.25,11.75
20,ornamentals,1996,0.25,15
20,ornamentals,1997,1,17.5
20,ornamentals,1998,2.5,37
20,ornamentals,1999,3.75,49.75
20,ornamentals,2000,3.75,46.5
20,ornamentals,2001,3,41
20,ornamentals,2002,1.5,19
20,ornamentals,2003,0,0
20,ornamentals,2004,0,0
20,ornamentals,2005,0,0
20,ornamentals,2006,0,0
20,ornamentals,2007,0,0
20,ornamentals,2008,0,0
20,ornamentals,2009,0,0
20,ornamentals,2010,0,0
20,ornamentals,2011,0,0
20,ornamentals,2012,0.028229336142509,1.75
20,ornamentals,2013,0.028229336142509,1.75
20,ornamentals,2014,0.028229336142509,1.75
20,ornamentals,2015,0.14975672681327978,5.75
20,ornamentals,2016,0.3715273906707708,6
20,ornamentals,2017,0.3715273906707708,6
20,ornamentals,2018,0.3715273906707708,9.25
20,ornamentals,2019,0.25,5.25
20,ornamentals,2020,0,3.25
20,ornamentals,2021,0,3.25
20,ornamentals,2022,0,0
20,seaweeds,1982,84.12463366586633,116.79487890380378
20,seaweeds,1983,58.5241183475425,86.89743945190189
20,seaweeds,1984,39.01607889836166,57.931626301267926
20,seaweeds,1985,52.00567761300219,71.84144973356754
20,seaweeds,1986,52.26726944773726,72.27117359623625
20,seaweeds,1987,67.27332387082532,89.12311030223053
20,seaweeds,1988,93.77332387082532,114.3623466346767
20,seaweeds,1989,104.52970543159438,137.11786352006982
20,seaweeds,1990,104.73695518039273,159.2017150286547
20,seaweeds,1991,106.75,182.89660187304423
20,seaweeds,1992,91.75,184.60505689935383
20,seaweeds,1993,71.25,163.80831169156428
20,seaweeds,1994,54,125.81739720830427
20,seaweeds,1995,39,107.2400097952436
20,seaweeds,1996,33,145.58870162552213
20,seaweeds,1997,29,231.88483046242544
20,seaweeds,1998,38,296.6300293780686
20,seaweeds,1999,36,344.2176539948807
20,seaweeds,2000,49.75,532.4576799953055
20,seaweeds,2001,61.5,691.5752609978326
20,seaweeds,2002,69.25,892.1877319961552
20,seaweeds,2003,81.75,1077.996918551902
20,seaweeds,2004,87.5,1106.3214351202625
20,seaweeds,2005,70.25,848.8062235956119
20,seaweeds,2006,70.75,823.7801531830628
20,seaweeds,2007,50,554.1639058731807
20,seaweeds,2008,31.5,357.5196285669013
20,seaweeds,2009,59,430.119276577023
20,seaweeds,2010,44.25,264.0914623643993
20,seaweeds,2011,46,288.29725616395706
20,seaweeds,2012,50.5,280.34489498180426
20,seaweeds,2013,31.5,252.95577216310994
20,seaweeds,2014,28.5,190.0593020312943
20,seaweeds,2015,51.25,210.83387979953736
20,seaweeds,2016,66.25,168.1610078721473
20,seaweeds,2017,90.5,195.73064243962943
20,seaweeds,2018,113.25,217.9734953057872
20,seaweeds,2019,88.75,172.99312373798642
20,seaweeds,2020,62.75,138.40170839598915
20,seaweeds,2021,26.5,47.37154863707957
20,seaweeds,2022,0,0
21,seaweeds,1997,0.05957432902139814,1
21,seaweeds,1998,0.15734716859238995,2.5
21,seaweeds,1999,0.10489811239492663,1.6666666666666667
21,seaweeds,2000,0.07867358429619498,1.25
21,seaweeds,2001,0.06378000204084544,2.25
21,seaweeds,2002,0.5,3.5
21,seaweeds,2003,0.5,5
21,seaweeds,2004,1,11.89724188738419
21,seaweeds,2005,1,10.64724188738419
21,seaweeds,2006,0.5,8.39724188738419
21,seaweeds,2007,0.5,6.89724188738419
21,seaweeds,2008,0,0
21,seaweeds,2009,0,0
21,seaweeds,2010,0,1.25
21,seaweeds,2011,0,1.5
21,seaweeds,2012,0,1.5
21,seaweeds,2013,1.25,5.530187363501248
21,seaweeds,2014,2.4527554813499393,5.780187363501248
21,seaweeds,2015,2.7027554813499393,5.780187363501248
21,seaweeds,2016,2.7027554813499393,5.780187363501248
21,seaweeds,2017,1.4527554813499393,2.25
21,seaweeds,2018,0.25,1.25
21,seaweeds,2019,0,1
21,seaweeds,2020,0,1
21,seaweeds,2021,0,0.5
21,seaweeds,2022,0,0
24,ornamentals,2006,63,133.35158485946158
24,ornamentals,2007,31.5,66.67579242973079
24,ornamentals,2008,25.333333333333332,46.78386161982053
24,ornamentals,2009,30.75,43.587896214865395
24,ornamentals,2010,20.921514389045903,32
24,ornamentals,2011,20.921514389045903,32
24,ornamentals,2012,19.921514389045903,32
24,ornamentals,2013,8.171514389045905,23.5
24,ornamentals,2014,2.25,1.75
24,ornamentals,2015,2.25,1.75
24,ornamentals,2016,0,0
24,ornamentals,2017,0,0
24,ornamentals,2018,0,0
24,ornamentals,2019,0,0
24,ornamentals,2020,0,0
24,ornamentals,2021,0,0
24,ornamentals,2022,0,0
24,seaweeds,2000,56,24
24,seaweeds,2001,28,12
24,seaweeds,2002,33.61696619293252,38.333333333333336
24,seaweeds,2003,25.212724644699392,28.75
24,seaweeds,2004,11.212724644699394,22.75
24,seaweeds,2005,11.212724644699394,22.75
24,seaweeds,2006,7.998073213121954,16
24,seaweeds,2007,7.998073213121954,16
24,seaweeds,2008,7.998073213121954,16
24,seaweeds,2009,7.998073213121954,16
24,seaweeds,2010,10.75,2.75
24,seaweeds,2011,10.75,2.75
24,seaweeds,2012,17,7.75
24,seaweeds,2013,17,7.75
24,seaweeds,2014,6.25,5
24,seaweeds,2015,6.25,5
24,seaweeds,2016,0,0
24,seaweeds,2017,0,0
24,seaweeds,2018,0,0
24,seaweeds,2019,0,0
24,seaweeds,2020,0,0
24,seaweeds,2021,0,0
24,seaweeds,2022,0,0
25,fish_oil,1979,0,2
25,fish_oil,1980,22,36.39394283585261
25,fish_oil,1981,14.666666666666666,24.595961890568407
25,fish_oil,1982,11,18.696971417926306
25,fish_oil,1983,11,18.196971417926306
25,fish_oil,1984,0.25,0.75
25,fish_oil,1985,0.25,0.5
25,fish_oil,1986,0.25,0.25
25,fish_oil,1987,0.25,0.25
25,fish_oil,1988,0,0
25,fish_oil,1989,16,17.7418901239908
25,fish_oil,1990,19,23.535928053989537
25,fish_oil,1991,21.25,47.78592805398954
25,fish_oil,1992,23.75,53.28592805398954
25,fish_oil,1993,23.5,55.744519278021215
25,fish_oil,1994,25.5,58.953110502052866
25,fish_oil,1995,52.25,70.08700424460528
25,fish_oil,1996,62.5,85.6393644435004
25,fish_oil,1997,62.75,91.2254102603062
25,fish_oil,1998,81,119.0270159193463
25,fish_oil,1999,65,104.98027986194363
25,fish_oil,2000,54.5,106.17791966304853
25,fish_oil,2001,49.5,90.89139249822023
25,fish_oil,2002,35.25,61.83715768514975
25,fish_oil,2003,23.75,43.75
25,fish_oil,2004,22,22
25,fish_oil,2005,11,11.5
25,fish_oil,2006,3,5.25
25,fish_oil,2007,7.25,12.72840706282264
25,fish_oil,2008,9,17.705296839958805
25,fish_oil,2009,9.25,19.205296839958805
25,fish_oil,2010,9.25,20.455296839958805
25,fish_oil,2011,4,12.726889777136165
25,fish_oil,2012,6,27
25,fish_oil,2013,6.75,36.5
25,fish_oil,2014,12.75,42.5
25,fish_oil,2015,12.75,43.5
25,fish_oil,2016,14.5,38
25,fish_oil,2017,14.75,32.75
25,fish_oil,2018,18.5,46.292957268822065
25,fish_oil,2019,18,42.292957268822065
25,fish_oil,2020,12,28.042957268822065
25,fish_oil,2021,10.75,22.292957268822065
25,fish_oil,2022,0,0
25,ornamentals,1988,92,197.63877399668888
25,ornamentals,1989,67,146.06232764713502
25,ornamentals,1990,62,135.64466153745977
25,ornamentals,1991,59.25,129.8573582047708
25,ornamentals,1992,57,124.97105332837316
25,ornamentals,1993,46.5,101.34958300397787
25,ornamentals,1994,33.5,72.64725067445056
25,ornamentals,1995,20.75,44.523388622774576
25,ornamentals,1996,0,0
25,ornamentals,1997,0,0
25,ornamentals,1998,0,0
25,ornamentals,1999,0,0
25,ornamentals,2000,0,0
25,ornamentals,2001,0,0
25,ornamentals,2002,0,0
25,ornamentals,2003,0,0
25,ornamentals,2004,0,0
25,ornamentals,2005,0,0
25,ornamentals,2006,0,0
25,ornamentals,2007,0,0
25,ornamentals,2008,0,0
25,ornamentals,2009,0,0
25,ornamentals,2010,0,0
25,ornamentals,2011,0,0
25,ornamentals,2012,0,0
25,ornamentals,2013,7.25,15.397515938947237
25,ornamentals,2014,20.5,43.07868042500522
25,ornamentals,2015,41.75,87.15937148216179
25,ornamentals,2016,41.75,87.15937148216179
25,ornamentals,2017,34.5,71.76185554321455
25,ornamentals,2018,21.25,44.08069105715657
25,ornamentals,2019,0,0
25,ornamentals,2020,0,0
25,ornamentals,2021,0,0
25,ornamentals,2022,0,0
25,seaweeds,1991,99,499.10772054567724
25,seaweeds,1992,98.5,497.04141724340843
25,seaweeds,1993,97.33333333333333,491.5007078415809
25,seaweeds,1994,75.25,397.1089129861519
25,seaweeds,1995,56,341.98259763475465
25,seaweeds,1996,55,369.5050458572711
25,seaweeds,1997,59.5,459.2434063962196
25,seaweeds,1998,75.25,589.3093251690005
25,seaweeds,1999,88.5,686.1063417938315
25,seaweeds,2000,83.25,693.349006540951
25,seaweeds,2001,75,711.0600091810821
25,seaweeds,2002,57,552.510708303335
25,seaweeds,2003,42.5,407.2390271028763
25,seaweeds,2004,27.5,264.9642273442122
25,seaweeds,2005,7.5,37.41004190565104
25,seaweeds,2006,7.5,37.41004190565104
25,seaweeds,2007,3.5,18.484091696256655
25,seaweeds,2008,9.5,8.5
25,seaweeds,2009,17.5,13.5
25,seaweeds,2010,31.020689544314223,36.75
25,seaweeds,2011,30.770689544314223,34.5
25,seaweeds,2012,21.520689544314223,28.25
25,seaweeds,2013,37.27068954431422,323.9571333433939
25,seaweeds,2014,37.5,474.70855220423726
25,seaweeds,2015,37.5,474.70855220423726
25,seaweeds,2016,37.5,474.70855220423726
25,seaweeds,2017,23.25,188.43833570573713
25,seaweeds,2018,28.5,42.7351580366402
25,seaweeds,2019,28.5,42.7351580366402
25,seaweeds,2020,28.5,42.7351580366402
25,seaweeds,2021,19,28.298241191746456
25,seaweeds,2022,0,0
29,ornamentals,1996,0,3
29,ornamentals,1997,0,1.5
29,ornamentals,1998,0,1
29,ornamentals,1999,0,0.75
29,ornamentals,2000,0,0
29,ornamentals,2001,0,1
29,ornamentals,2002,0,2
29,ornamentals,2003,0,2
29,ornamentals,2004,0,2
29,ornamentals,2005,0,1
29,ornamentals,2006,8.5,13.055668334323514
29,ornamentals,2007,12,20.191471909317443
29,ornamentals,2008,14,39.44147190931744
29,ornamentals,2009,14,39.44147190931744
29,ornamentals,2010,5.5,26.38580357499393
29,ornamentals,2011,2,19.25
29,ornamentals,2012,0,0
29,ornamentals,2013,0,0
29,ornamentals,2014,0,0
29,ornamentals,2015,0,0
29,ornamentals,2016,0,0
29,ornamentals,2017,0,0
29,ornamentals,2018,0,0
29,ornamentals,2019,0,0
29,ornamentals,2020,0,0
29,ornamentals,2021,0,0
29,ornamentals,2022,0,0
31,fish_oil,2010,4,81
31,fish_oil,2011,2,40.5
31,fish_oil,2012,1.3333333333333333,27
31,fish_oil,2013,2.25,22.195437052770693
31,fish_oil,2014,16.75,21.211928355821897
31,fish_oil,2015,16.75,21.211928355821897
31,fish_oil,2016,16.75,21.211928355821897
31,fish_oil,2017,15.5,19.266491303051204
31,fish_oil,2018,14.75,24.25
31,fish_oil,2019,14.75,24.25
31,fish_oil,2020,14.75,24.25
31,fish_oil,2021,14.75,24.25
31,fish_oil,2022,0,0
37,fish_oil,2000,0,0
37,fish_oil,2001,0,0
37,fish_oil,2002,0,0
37,fish_oil,2003,0,0
37,fish_oil,2004,0,0
37,fish_oil,2005,0,0
37,fish_oil,2006,0,0
37,fish_oil,2007,0,0
37,fish_oil,2008,0,0
37,fish_oil,2009,13.836779766116988,23.25
37,fish_oil,2010,22.33677976611699,35.75
37,fish_oil,2011,28.58677976611699,46.25
37,fish_oil,2012,28.58677976611699,46.25
37,fish_oil,2013,14.75,23
37,fish_oil,2014,6.25,10.5
37,fish_oil,2015,0,0
37,fish_oil,2016,5.25,7.5
37,fish_oil,2017,5.25,7.5
37,fish_oil,2018,5.25,7.5
37,fish_oil,2019,5.25,7.5
37,fish_oil,2020,0,0
37,fish_oil,2021,0,0
37,fish_oil,2022,0,0
37,ornamentals,1992,7,69
37,ornamentals,1993,7,70.5
37,ornamentals,1994,7,71.66666666666667
37,ornamentals,1995,6.25,66.75
37,ornamentals,1996,6.25,70.25
37,ornamentals,1997,6,65.5
37,ornamentals,1998,6,61
37,ornamentals,1999,7.5,61.75
37,ornamentals,2000,7.75,56.25
37,ornamentals,2001,8.75,58.5
37,ornamentals,2002,10.75,66.25
37,ornamentals,2003,9.25,72.25
37,ornamentals,2004,8,72.75
37,ornamentals,2005,6.25,81.25
37,ornamentals,2006,3.25,63.89311370950702
37,ornamentals,2007,2.75,67.89311370950702
37,ornamentals,2008,2.5,55.59455049286589
37,ornamentals,2009,2.5,49.09455049286589
37,ornamentals,2010,2.25,63.70143678335887
37,ornamentals,2011,2.5,49.45143678335887
37,ornamentals,2012,2.25,50.25
37,ornamentals,2013,1.5,32.75
37,ornamentals,2014,1,13.75
37,ornamentals,2015,0.5,7.25
37,ornamentals,2016,2.5,26.5
37,ornamentals,2017,4,45.75
37,ornamentals,2018,6.25,70.91402714932127
37,ornamentals,2019,6,67.91402714932127
37,ornamentals,2020,4,47.56900452488688
37,ornamentals,2021,2.5,28.319004524886882
37,ornamentals,2022,0.25,3.1549773755656108
37,seaweeds,1998,0,0
37,seaweeds,1999,0,0.5
37,seaweeds,2000,0,0.3333333333333333
37,seaweeds,2001,0,0.25
37,seaweeds,2002,0,0.25
37,seaweeds,2003,0,0.25
37,seaweeds,2004,0,0.25
37,seaweeds,2005,0,0.25
37,seaweeds,2006,0,0.25
37,seaweeds,2007,0,0
37,seaweeds,2008,0,0
37,seaweeds,2009,0,0
37,seaweeds,2010,0,0
37,seaweeds,2011,0,0
37,seaweeds,2012,0,0
37,seaweeds,2013,0,0
37,seaweeds,2014,0,0
37,seaweeds,2015,0,0
37,seaweeds,2016,0,0.25
37,seaweeds,2017,0,0.25
37,seaweeds,2018,0,0.75
37,seaweeds,2019,0,0.75
37,seaweeds,2020,0,0.5
37,seaweeds,2021,0,0.5
37,seaweeds,2022,0,0
39,fish_oil,1980,9,15
39,fish_oil,1981,17,51.5
39,fish_oil,1982,37.666666666666664,125.97720693144653
39,fish_oil,1983,43,145.75910814723557
39,fish_oil,1984,59.25,206.39950977745048
39,fish_oil,1985,65.5,227.83939190841707
39,fish_oil,1986,53.5,185.96312090319302
39,fish_oil,1987,47.75,165.9232077061822
39,fish_oil,1988,35.25,119.78280607596727
39,fish_oil,1989,27.25,96.3429239450007
39,fish_oil,1990,25,88.53137112058931
39,fish_oil,1991,24.5,86.83399848247764
39,fish_oil,1992,24.5,89.08399848247764
39,fish_oil,1993,21,73.58399848247764
39,fish_oil,1994,16,57.53891711352817
39,fish_oil,1995,7.5,28
39,fish_oil,1996,2.25,12
39,fish_oil,1997,1.75,8
39,fish_oil,1998,1.25,5
39,fish_oil,1999,1.25,5
39,fish_oil,2000,0.5,0.5
39,fish_oil,2001,0.5,1.25
39,fish_oil,2002,1.25,6.25
39,fish_oil,2003,2,11
39,fish_oil,2004,2,11
39,fish_oil,2005,1.5,9.75
39,fish_oil,2006,2.25,10.75
39,fish_oil,2007,1.5,7.25
39,fish_oil,2008,1.75,10
39,fish_oil,2009,3.5,27.75
39,fish_oil,2010,2,21.75
39,fish_oil,2011,2,20.5
39,fish_oil,2012,1.75,17.75
39,fish_oil,2013,0,0
39,fish_oil,2014,0,0
39,fish_oil,2015,0,0
39,fish_oil,2016,0,0
39,fish_oil,2017,0,0
39,fish_oil,2018,0,0
39,fish_oil,2019,0,0
39,fish_oil,2020,0,0
39,fish_oil,2021,0,0
39,fish_oil,2022,0,0
39,ornamentals,1980,12.006304941517726,40
39,ornamentals,1981,14.196438848875303,47
39,ornamentals,1982,15.662523835470822,51.666666666666664
39,ornamentals,1983,15.706369870569432,51.75
39,ornamentals,1984,15.89749750087552,52.25
39,ornamentals,1985,17.795311872977898,58.25
39,ornamentals,1986,13.146638420812433,43
39,ornamentals,1987,16.828716204792748,54.75
39,ornamentals,1988,13.636012339107229,44.25
39,ornamentals,1989,7.641554777946631,24.75
39,ornamentals,1990,7.641554777946631,24.75
39,ornamentals,1991,0,0
39,ornamentals,1992,0,0
39,ornamentals,1993,0,0
39,ornamentals,1994,0,0
39,ornamentals,1995,0,0
39,ornamentals,1996,0,0
39,ornamentals,1997,0,0
39,ornamentals,1998,0,0
39,ornamentals,1999,0,0
39,ornamentals,2000,0,0
39,ornamentals,2001,0,0
39,ornamentals,2002,0,0
39,ornamentals,2003,0,0
39,ornamentals,2004,0,0
39,ornamentals,2005,0,0
39,ornamentals,2006,0,0
39,ornamentals,2007,0,0
39,ornamentals,2008,0,0
39,ornamentals,2009,0,0
39,ornamentals,2010,0,0
39,ornamentals,2011,0,0
39,ornamentals,2012,0,0
39,ornamentals,2013,0,0
39,ornamentals,2014,0,0
39,ornamentals,2015,0,0
39,ornamentals,2016,0,0
39,ornamentals,2017,0,0
39,ornamentals,2018,0,0
39,ornamentals,2019,0,0
39,ornamentals,2020,0,0
39,ornamentals,2021,0,0
39,ornamentals,2022,0,0
40,fish_oil,1985,74,252.45877537246702
40,fish_oil,1986,61.5,221.89662684603536
40,fish_oil,1987,41,147.9310845640236
40,fish_oil,1988,36.75,138.69831342301768
40,fish_oil,1989,23.75,103.33361957990093
40,fish_oil,1990,14.75,73.75
40,fish_oil,1991,17,89
40,fish_oil,1992,20,115.23831871753386
40,fish_oil,1993,24,144.47254315315655
40,fish_oil,1994,23,143.22254315315655
40,fish_oil,1995,21.75,134.97254315315655
40,fish_oil,1996,15.75,101.23422443562268
40,fish_oil,1997,10.5,69.95456478804297
40,fish_oil,1998,12.5,78.67136063762752
40,fish_oil,1999,12,75.42136063762752
40,fish_oil,2000,12,77.42136063762752
40,fish_oil,2001,12,77.47028488379382
40,fish_oil,2002,12.75,81.99472111478099
40,fish_oil,2003,16.5,104.02267227207342
40,fish_oil,2004,21.25,128.4485770867381
40,fish_oil,2005,18.25,115.19508805252885
40,fish_oil,2006,15.5,105.20385597195713
40,fish_oil,2007,17,114.20380418776517
40,fish_oil,2008,20.25,139.9211017166677
40,fish_oil,2009,24.25,159.23978855630406
40,fish_oil,2010,24.75,155.90233317474582
40,fish_oil,2011,22.5,142.52472146644953
40,fish_oil,2012,13.5,82.5930138795864
40,fish_oil,2013,11.5,70.70723949956374
40,fish_oil,2014,15.5,94.62556099810799
40,fish_oil,2015,14.25,87.2152986029062
40,fish_oil,2016,15,91.73973483389337
40,fish_oil,2017,13.75,84.32947243869158
40,fish_oil,2018,8.25,48.20847480857505
40,fish_oil,2019,6,34.21844953897264
40,fish_oil,2020,3.25,17.232518551281416
40,fish_oil,2021,1.25,4.709868486869471
40,fish_oil,2022,0,0
40,seaweeds,1995,0,2
40,seaweeds,1996,3.5,7.5
40,seaweeds,1997,6,12.333333333333334
40,seaweeds,1998,6,11.5
40,seaweeds,1999,8.25,14
40,seaweeds,2000,6.5,10.75
40,seaweeds,2001,3.75,5.25
40,seaweeds,2002,3.25,4
40,seaweeds,2003,12.25,11.75
40,seaweeds,2004,14.5,12.75
40,seaweeds,2005,19.75,14.75
40,seaweeds,2006,28.75,17.75
40,seaweeds,2007,21.5,9.75
40,seaweeds,2008,46.40388485622276,27.75
40,seaweeds,2009,63.65388485622276,36
40,seaweeds,2010,75.90388485622276,44
40,seaweeds,2011,88.40388485622276,49.5
40,seaweeds,2012,69,36
40,seaweeds,2013,69,49.5
40,seaweeds,2014,46.75,37.75
40,seaweeds,2015,53.25,50.75
40,seaweeds,2016,68,58.25
40,seaweeds,2017,62.75,48.25
40,seaweeds,2018,76.25,68.5
40,seaweeds,2019,53.25,47.25
40,seaweeds,2020,30.75,34.25
40,seaweeds,2021,13.5,20.5
40,seaweeds,2022,0,0
41,fish_oil,2009,92,113.42270426485481
41,fish_oil,2010,46,56.71135213242741
41,fish_oil,2011,43.666666666666664,54.16027913210155
41,fish_oil,2012,56,69.29442111065185
41,fish_oil,2013,33,40.93874504443814
41,fish_oil,2014,47.5,58.9900686520663
41,fish_oil,2015,37.75,46.72553536920384
41,fish_oil,2016,14.5,18.051323607628156
41,fish_oil,2017,14.5,18.051323607628156
41,fish_oil,2018,0,0
41,fish_oil,2019,0,0
41,fish_oil,2020,0,0
41,fish_oil,2021,0,0
41,fish_oil,2022,0,0
41,ornamentals,2004,0,1
41,ornamentals,2005,0,1
41,ornamentals,2006,0,0.6666666666666666
41,ornamentals,2007,0,0.5
41,ornamentals,2008,0,0.75
41,ornamentals,2009,0,0.5
41,ornamentals,2010,0,0.5
41,ornamentals,2011,0,0.5
41,ornamentals,2012,0,0
41,ornamentals,2013,1.25,1.5
41,ornamentals,2014,3,3.5
41,ornamentals,2015,3.25,3.5
41,ornamentals,2016,3.25,3.5
41,ornamentals,2017,2,2
41,ornamentals,2018,0.25,0
41,ornamentals,2019,0,0
41,ornamentals,2020,0,0
41,ornamentals,2021,0,0
41,ornamentals,2022,0,0
42,fish_oil,1992,8,46
42,fish_oil,1993,6.5,40.41085803858991
42,fish_oil,1994,5.333333333333333,35.27390535905994
42,fish_oil,1995,4.75,26.955429019294954
42,fish_oil,1996,2.75,15.455429019294954
42,fish_oil,1997,1.5,6.75
42,fish_oil,1998,0.75,0.5
42,fish_oil,1999,0,0
42,fish_oil,2000,0.5,1.5
42,fish_oil,2001,4.5,8.5
42,fish_oil,2002,7.25,15.75
42,fish_oil,2003,8.75,19.25
42,fish_oil,2004,8.25,17.75
42,fish_oil,2005,4.25,10.75
42,fish_oil,2006,1.5,3.5
42,fish_oil,2007,0,0
42,fish_oil,2008,0,0
42,fish_oil,2009,0,0
42,fish_oil,2010,0,0
42,fish_oil,2011,0,0
42,fish_oil,2012,0,0
42,fish_oil,2013,0,0
42,fish_oil,2014,0,0
42,fish_oil,2015,0,0
42,fish_oil,2016,0,0
42,fish_oil,2017,0,0
42,fish_oil,2018,0,0
42,fish_oil,2019,0,0
42,fish_oil,2020,0,0
42,fish_oil,2021,0,0
42,fish_oil,2022,0,0
42,ornamentals,2000,0,0
42,ornamentals,2001,0,1.5
42,ornamentals,2002,0,2
42,ornamentals,2003,0,1.5
42,ornamentals,2004,0,1.5
42,ornamentals,2005,0,0.75
42,ornamentals,2006,0,0.25
42,ornamentals,2007,0,0.25
42,ornamentals,2008,0,0.25
42,ornamentals,2009,0,0.25
42,ornamentals,2010,0,2.75
42,ornamentals,2011,0,4.25
42,ornamentals,2012,0,6.25
42,ornamentals,2013,0.25,12
42,ornamentals,2014,0.5,13.75
42,ornamentals,2015,0.75,19
42,ornamentals,2016,1,18.5
42,ornamentals,2017,0.75,20.25
42,ornamentals,2018,0.5,17.75
42,ornamentals,2019,0.25,11
42,ornamentals,2020,0,9.5
42,ornamentals,2021,0,2
42,ornamentals,2022,0,0
42,seaweeds,1987,17.496079590028614,74
42,seaweeds,1988,18.006047384344583,81
42,seaweeds,1989,33.004031589563056,67.66666666666667
42,seaweeds,1990,66.25302369217229,78
42,seaweeds,1991,66.37109115170799,82
42,seaweeds,1992,61.74208735704285,60
42,seaweeds,1993,45.99208735704285,49.75
42,seaweeds,1994,4.492087357042848,22.5
42,seaweeds,1995,0,0
42,seaweeds,1996,0,0
42,seaweeds,1997,0,0
42,seaweeds,1998,0,0
42,seaweeds,1999,23,8
42,seaweeds,2000,69.64856220690828,32.75
42,seaweeds,2001,69.64856220690828,32.75
42,seaweeds,2002,114.00539020724598,56.25
42,seaweeds,2003,118.42423581787858,62.75
42,seaweeds,2004,95.45591677278601,50.5
42,seaweeds,2005,95.45591677278601,50.5
42,seaweeds,2006,51.099088772448304,27
42,seaweeds,2007,23.680243161815703,12.5
42,seaweeds,2008,0,0
42,seaweeds,2009,0,0
42,seaweeds,2010,0,0
42,seaweeds,2011,0,0
42,seaweeds,2012,0,0
42,seaweeds,2013,0,0
42,seaweeds,2014,0,0
42,seaweeds,2015,0,0
42,seaweeds,2016,0,0
42,seaweeds,2017,0,0
42,seaweeds,2018,0,0
42,seaweeds,2019,0,0
42,seaweeds,2020,0,0
42,seaweeds,2021,0,0
42,seaweeds,2022,0,0
43,fish_oil,1979,0,0
43,fish_oil,1980,0,0
43,fish_oil,1981,0.3333333333333333,0
43,fish_oil,1982,0.25,0
43,fish_oil,1983,0.25,0
43,fish_oil,1984,0.25,0
43,fish_oil,1985,1,1.75
43,fish_oil,1986,1,1.75
43,fish_oil,1987,1,1.75
43,fish_oil,1988,1,1.75
43,fish_oil,1989,0,0
43,fish_oil,1990,0,0
43,fish_oil,1991,0,0
43,fish_oil,1992,0,0
43,fish_oil,1993,0,0
43,fish_oil,1994,0,0
43,fish_oil,1995,0,0
43,fish_oil,1996,0,0
43,fish_oil,1997,0.25,2
43,fish_oil,1998,0.25,2
43,fish_oil,1999,0.5,2
43,fish_oil,2000,2.5,8.25
43,fish_oil,2001,2.25,6.25
43,fish_oil,2002,2.25,6.25
43,fish_oil,2003,3.25,12.25
43,fish_oil,2004,1.25,6
43,fish_oil,2005,1.25,6
43,fish_oil,2006,1.25,6
43,fish_oil,2007,23.5,21.75
43,fish_oil,2008,32.25,33.5
43,fish_oil,2009,37.5,38.75
43,fish_oil,2010,37.5,39.5
43,fish_oil,2011,14.25,18.5
43,fish_oil,2012,6,7.75
43,fish_oil,2013,1.25,3.5
43,fish_oil,2014,1.25,2.75
43,fish_oil,2015,1,2
43,fish_oil,2016,0.5,1
43,fish_oil,2017,1.5,6.5
43,fish_oil,2018,1.5,6.75
43,fish_oil,2019,1.5,6.75
43,fish_oil,2020,1.5,6.75
43,fish_oil,2021,0,0.25
43,fish_oil,2022,0,0
43,ornamentals,2003,69,95.31732585306827
43,ornamentals,2004,74,100.24383109211817
43,ornamentals,2005,61.333333333333336,83.49588739474545
43,ornamentals,2006,57,84.87191554605909
43,ornamentals,2007,43.5,64.79258408279202
43,ornamentals,2008,28.57131762716341,58
43,ornamentals,2009,19.57131762716341,45.5
43,ornamentals,2010,23.57131762716341,34
43,ornamentals,2011,31.07131762716341,39.25
43,ornamentals,2012,32.5,23.75
43,ornamentals,2013,40.75,27.75
43,ornamentals,2014,35.25,21.25
43,ornamentals,2015,28.5,14.25
43,ornamentals,2016,31.5,14
43,ornamentals,2017,34,15.25
43,ornamentals,2018,36,17.5
43,ornamentals,2019,31.5,15.5
43,ornamentals,2020,22.25,11.75
43,ornamentals,2021,11.5,6.5
43,ornamentals,2022,0,0
43,seaweeds,2003,0,0
43,seaweeds,2004,0,0
43,seaweeds,2005,1.0543910979877655,6
43,seaweeds,2006,1.0407933234908242,4.75
43,seaweeds,2007,1.2907933234908242,5
43,seaweeds,2008,1.2907933234908242,5
43,seaweeds,2009,0.5,0.5
43,seaweeds,2010,0.25,0.25
43,seaweeds,2011,3.25,1.75
43,seaweeds,2012,3.25,1.75
43,seaweeds,2013,19,9
43,seaweeds,2014,23.5,10.5
43,seaweeds,2015,23.75,10.25
43,seaweeds,2016,23.75,10.25
43,seaweeds,2017,8,3
43,seaweeds,2018,11.75,3.25
43,seaweeds,2019,8.25,1.75
43,seaweeds,2020,8.25,1.75
43,seaweeds,2021,8.25,1.75
43,seaweeds,2022,0,0
45,ornamentals,1996,1,28.581750474063483
45,ornamentals,1997,1.5,28.47838528580064
45,ornamentals,1998,1,18.98559019053376
45,ornamentals,1999,0.75,15.48919264290032
45,ornamentals,2000,0.5,8.34375502438445
45,ornamentals,2001,0,1.25
45,ornamentals,2002,0,1.25
45,ornamentals,2003,0,0
45,ornamentals,2004,0,0
45,ornamentals,2005,0,0
45,ornamentals,2006,0,0
45,ornamentals,2007,0,0
45,ornamentals,2008,0.75,3.730874029320603
45,ornamentals,2009,1,6.571753726624365
45,ornamentals,2010,1,8.571753726624365
45,ornamentals,2011,1,9.571753726624365
45,ornamentals,2012,0.25,5.840879697303762
45,ornamentals,2013,0,3
45,ornamentals,2014,0,1
45,ornamentals,2015,0,0
45,ornamentals,2016,0,0
45,ornamentals,2017,0,0
45,ornamentals,2018,0,0
45,ornamentals,2019,0,0
45,ornamentals,2020,0,0
45,ornamentals,2021,0,0
45,ornamentals,2022,0,0
47,fish_oil,1980,52.46393258945844,72
47,fish_oil,1981,26.23196629472922,36
47,fish_oil,1982,30.98076786149156,42.333333333333336
47,fish_oil,1983,23.73557589611867,32.5
47,fish_oil,1984,10.619592748754062,14.5
47,fish_oil,1985,10.619592748754062,14.5
47,fish_oil,1986,0.5,0.75
47,fish_oil,1987,0,0
47,fish_oil,1988,0,0
47,fish_oil,1989,0,0
47,fish_oil,1990,0,0
47,fish_oil,1991,0,0
47,fish_oil,1992,0,0
47,fish_oil,1993,0,0
47,fish_oil,1994,0,0
47,fish_oil,1995,0,0
47,fish_oil,1996,0,0
47,fish_oil,1997,0,0
47,fish_oil,1998,0,0
47,fish_oil,1999,0,0
47,fish_oil,2000,0,0
47,fish_oil,2001,0,0
47,fish_oil,2002,0,0
47,fish_oil,2003,0,0
47,fish_oil,2004,0.75,0
47,fish_oil,2005,5.75,1.25
47,fish_oil,2006,5.75,1.25
47,fish_oil,2007,10.75,1.5
47,fish_oil,2008,31.5,7.25
47,fish_oil,2009,31.5,8.25
47,fish_oil,2010,37.63326212422653,17
47,fish_oil,2011,48.45093800520266,39.25
47,fish_oil,2012,39.83161271451763,52.5
47,fish_oil,2013,34.83161271451763,50.25
47,fish_oil,2014,49.5593103011178,71.5
47,fish_oil,2015,38.491634420141665,50
47,fish_oil,2016,27.610959710826695,32.83322192718943
47,fish_oil,2017,27.610959710826695,32.83322192718943
47,fish_oil,2018,6.75,2.8332219271894274
47,fish_oil,2019,2,1.8332219271894274
47,fish_oil,2020,0,0
47,fish_oil,2021,0,0
47,fish_oil,2022,0,0
47,ornamentals,2004,6,8
47,ornamentals,2005,15,17.5
47,ornamentals,2006,11.333333333333334,16
47,ornamentals,2007,9,14.25
47,ornamentals,2008,12,33.25
47,ornamentals,2009,6.75,30.75
47,ornamentals,2010,16,33.25
47,ornamentals,2011,21,34.25
47,ornamentals,2012,16.5,13.25
47,ornamentals,2013,15.75,9
47,ornamentals,2014,5.5,3.25
47,ornamentals,2015,0,0
47,ornamentals,2016,0,0
47,ornamentals,2017,0,0
47,ornamentals,2018,0,0
47,ornamentals,2019,0,0
47,ornamentals,2020,0,0
47,ornamentals,2021,0,0
47,ornamentals,2022,0,0
48,fish_oil,1981,10,6
48,fish_oil,1982,5,3
48,fish_oil,1983,3.3333333333333335,2
48,fish_oil,1984,2.5,1.5
48,fish_oil,1985,0,0
48,fish_oil,1986,0,0
48,fish_oil,1987,0,0
48,fish_oil,1988,0,0
48,fish_oil,1989,1,0.75
48,fish_oil,1990,1,2
48,fish_oil,1991,1.75,2.6919534793283173
48,fish_oil,1992,1.75,2.6919534793283173
48,fish_oil,1993,0.75,1.9419534793283173
48,fish_oil,1994,3.75,5.191953479328317
48,fish_oil,1995,8,10.25
48,fish_oil,1996,21,18.75
48,fish_oil,1997,31,27.75
48,fish_oil,1998,33.25,29
48,fish_oil,1999,28.25,23.25
48,fish_oil,2000,19,16.5
48,fish_oil,2001,9,7.5
48,fish_oil,2002,12.385249201882132,13.5
48,fish_oil,2003,12.385249201882132,13.5
48,fish_oil,2004,8.635249201882132,11.75
48,fish_oil,2005,18.635249201882132,20.75
48,fish_oil,2006,10,9
48,fish_oil,2007,10,9
48,fish_oil,2008,17.820707731678223,20
48,fish_oil,2009,14.75412343346552,20.75
48,fish_oil,2010,18.25412343346552,22.75
48,fish_oil,2011,30.93202399043858,35.25
48,fish_oil,2012,23.111316258760358,24.25
48,fish_oil,2013,22.42790055697306,19.75
48,fish_oil,2014,18.92790055697306,17.75
48,fish_oil,2015,6.25,5.25
48,fish_oil,2016,6.25,5.25
48,fish_oil,2017,8.5,7.5
48,fish_oil,2018,8.5,7.5
48,fish_oil,2019,8.5,7.5
48,fish_oil,2020,8.5,7.5
48,fish_oil,2021,0,0
48,fish_oil,2022,0,0
48,ornamentals,1995,0,0
48,ornamentals,1996,0,0
48,ornamentals,1997,1,2.6666666666666665
48,ornamentals,1998,1.25,9
48,ornamentals,1999,1.5,10
48,ornamentals,2000,1.5,10.25
48,ornamentals,2001,1.5,16
48,ornamentals,2002,1.5,10.25
48,ornamentals,2003,5.75,11.75
48,ornamentals,2004,5.75,11.5
48,ornamentals,2005,5,3.75
48,ornamentals,2006,4.5,2.5
48,ornamentals,2007,0,0
48,ornamentals,2008,0,0
48,ornamentals,2009,0,0
48,ornamentals,2010,0,0
48,ornamentals,2011,0,0
48,ornamentals,2012,0,0
48,ornamentals,2013,0,0
48,ornamentals,2014,0,0
48,ornamentals,2015,0,0
48,ornamentals,2016,0,0
48,ornamentals,2017,0,0
48,ornamentals,2018,0,0
48,ornamentals,2019,0,0
48,ornamentals,2020,0,0
48,ornamentals,2021,0,0
48,ornamentals,2022,0,0
50,fish_oil,2004,61,68
50,fish_oil,2005,30.5,34
50,fish_oil,2006,25,28.333333333333332
50,fish_oil,2007,29.25,36.25
50,fish_oil,2008,14,19.25
50,fish_oil,2009,14,19.25
50,fish_oil,2010,10.5,15
50,fish_oil,2011,0,0
50,fish_oil,2012,0,0
50,fish_oil,2013,0,0
50,fish_oil,2014,0,0
50,fish_oil,2015,0,0
50,fish_oil,2016,0,0
50,fish_oil,2017,0.75,13.5
50,fish_oil,2018,0.75,13.5
50,fish_oil,2019,0.75,13.5
50,fish_oil,2020,0.75,13.5
50,fish_oil,2021,0,0
50,fish_oil,2022,0,0
50,ornamentals,1993,9,92
50,ornamentals,1994,4.5,46
50,ornamentals,1995,4,34.72718524113301
50,ornamentals,1996,3,26.045388930849754
50,ornamentals,1997,0.75,3.0453889308497537
50,ornamentals,1998,14.5,20.616467079487137
50,ornamentals,1999,13.75,17.571078148637383
50,ornamentals,2000,15.75,23.821078148637383
50,ornamentals,2001,35.25,47.62795349016156
50,ornamentals,2002,41.25,54.03662744276909
50,ornamentals,2003,41.25,54.03662744276909
50,ornamentals,2004,39.25,47.78662744276909
50,ornamentals,2005,19.75,23.979752101244912
50,ornamentals,2006,0,0
50,ornamentals,2007,8.75,10.837076961222948
50,ornamentals,2008,8.75,10.837076961222948
50,ornamentals,2009,8.75,10.837076961222948
50,ornamentals,2010,8.75,10.837076961222948
50,ornamentals,2011,0,0
50,ornamentals,2012,0,0
50,ornamentals,2013,0,0
50,ornamentals,2014,0,0
50,ornamentals,2015,0,0
50,ornamentals,2016,0,0
50,ornamentals,2017,0,0
50,ornamentals,2018,0,0
50,ornamentals,2019,0,0
50,ornamentals,2020,0,0
50,ornamentals,2021,0,0
50,ornamentals,2022,0,0
50,seaweeds,1998,8,9.685919086483011
50,seaweeds,1999,4,4.842959543241506
50,seaweeds,2000,2.6666666666666665,3.228639695494337
50,seaweeds,2001,7.5,6.671479771620753
50,seaweeds,2002,5.5,4.25
50,seaweeds,2003,5.5,4.25
50,seaweeds,2004,5.5,4.25
50,seaweeds,2005,5,4.25
50,seaweeds,2006,5,4.25
50,seaweeds,2007,5,4.25
50,seaweeds,2008,5,4.25
50,seaweeds,2009,0.25,1
50,seaweeds,2010,0.25,1
50,seaweeds,2011,0.25,1
50,seaweeds,2012,0.25,1
50,seaweeds,2013,0,0
50,seaweeds,2014,0,0
50,seaweeds,2015,0,0
50,seaweeds,2016,0,0
50,seaweeds,2017,0,0
50,seaweeds,2018,0,0
50,seaweeds,2019,0,0
50,seaweeds,2020,0,0
50,seaweeds,2021,0,0
50,seaweeds,2022,0,0
51,fish_oil,1976,21,3
51,fish_oil,1977,25.5,5
51,fish_oil,1978,17,3.3333333333333335
51,fish_oil,1979,16.5,4.25
51,fish_oil,1980,11.25,3.5
51,fish_oil,1981,4,2.75
51,fish_oil,1982,11.25,21.75
51,fish_oil,1983,7.75,20.75
51,fish_oil,1984,8.5,21.5
51,fish_oil,1985,8.25,20.5
51,fish_oil,1986,1,1.5
51,fish_oil,1987,2.25,2.5
51,fish_oil,1988,1.5,1.75
51,fish_oil,1989,1.5,1.75
51,fish_oil,1990,1.5,1.75
51,fish_oil,1991,0,0
51,fish_oil,1992,0,0
51,fish_oil,1993,0.75,0.75
51,fish_oil,1994,0.75,0.75
51,fish_oil,1995,0.75,0.75
51,fish_oil,1996,0.75,0.75
51,fish_oil,1997,0,0
51,fish_oil,1998,0,0
51,fish_oil,1999,0,0
51,fish_oil,2000,0,0
51,fish_oil,2001,0,0
51,fish_oil,2002,0,0
51,fish_oil,2003,0,0
51,fish_oil,2004,0,0
51,fish_oil,2005,0,0
51,fish_oil,2006,0,0
51,fish_oil,2007,0,0
51,fish_oil,2008,0,0
51,fish_oil,2009,0,0
51,fish_oil,2010,0,0
51,fish_oil,2011,0,0
51,fish_oil,2012,0,0
51,fish_oil,2013,0,0
51,fish_oil,2014,0,0
51,fish_oil,2015,0,0
51,fish_oil,2016,0,0
51,fish_oil,2017,0,0
51,fish_oil,2018,0,0
51,fish_oil,2019,0,0
51,fish_oil,2020,0,0
51,fish_oil,2021,0,0
51,fish_oil,2022,0,0
52,ornamentals,1994,1,5
52,ornamentals,1995,2.5,30.5
52,ornamentals,1996,3,32.666666666666664
52,ornamentals,1997,2.5,26.5
52,ornamentals,1998,2.25,26
52,ornamentals,1999,1.5,14.75
52,ornamentals,2000,0.5,5.5
52,ornamentals,2001,0.25,3.5
52,ornamentals,2002,0.25,2.75
52,ornamentals,2003,0,0
52,ornamentals,2004,0,0
52,ornamentals,2005,0,0
52,ornamentals,2006,0,0
52,ornamentals,2007,0,0
52,ornamentals,2008,0,0
52,ornamentals,2009,0,0
52,ornamentals,2010,0,0
52,ornamentals,2011,0,0
52,ornamentals,2012,0,0
52,ornamentals,2013,0,0
52,ornamentals,2014,0,0
52,ornamentals,2015,0,0
52,ornamentals,2016,0,0
52,ornamentals,2017,0,0
52,ornamentals,2018,0,0
52,ornamentals,2019,0,0
52,ornamentals,2020,0,0
52,ornamentals,2021,0,0
52,ornamentals,2022,0,0
53,ornamentals,2002,1,1
53,ornamentals,2003,0.5,0.5
53,ornamentals,2004,0.3333333333333333,0.3333333333333333
53,ornamentals,2005,0.25,0.25
53,ornamentals,2006,0,0
53,ornamentals,2007,0.25,0.5
53,ornamentals,2008,5,8.25
53,ornamentals,2009,9.5,16.75
53,ornamentals,2010,10.5,21.25
53,ornamentals,2011,20.5,43.156260199243576
53,ornamentals,2012,16.75,36.906260199243576
53,ornamentals,2013,13.75,31.656260199243576
53,ornamentals,2014,32,66.8751993413912
53,ornamentals,2015,21.75,44.46893914214762
53,ornamentals,2016,38,78.56699216581328
53,ornamentals,2017,36.5,75.31699216581328
53,ornamentals,2018,17.5,36.84805302366565
53,ornamentals,2019,17.5,36.84805302366565
53,ornamentals,2020,0.25,1.25
53,ornamentals,2021,0.25,1.25
53,ornamentals,2022,0,0
53,seaweeds,2003,6,17
53,seaweeds,2004,3,9
53,seaweeds,2005,2,6
53,seaweeds,2006,1.5,4.5
53,seaweeds,2007,11,14.5
53,seaweeds,2008,11,14.25
53,seaweeds,2009,20,24.5
53,seaweeds,2010,20,24.75
53,seaweeds,2011,9,10.5
53,seaweeds,2012,9,10.5
53,seaweeds,2013,0,0.25
53,seaweeds,2014,0,0
53,seaweeds,2015,1.25,5.75
53,seaweeds,2016,2.25,9.5
53,seaweeds,2017,4.5,12
53,seaweeds,2018,4.75,12.25
53,seaweeds,2019,4.618860974688326,10
53,seaweeds,2020,3.6188609746883262,6.25
53,seaweeds,2021,1.3688609746883265,3.75
53,seaweeds,2022,1.1188609746883265,3.5
54,fish_oil,1999,47.865492886082194,67
54,fish_oil,2000,40.50550842022626,56.5
54,fish_oil,2001,33.84369900512959,47
54,fish_oil,2002,42.88277425384719,46.25
54,fish_oil,2003,36.41640103232665,33
54,fish_oil,2004,46.63002004373406,45.5
54,fish_oil,2005,42.5,39.628100606893376
54,fish_oil,2006,45.75,50.54601021708367
54,fish_oil,2007,46.5,51.29601021708367
54,fish_oil,2008,29,28.04601021708367
54,fish_oil,2009,49.75,51.632134111959395
54,fish_oil,2010,48.5,51.59853725712067
54,fish_oil,2011,42.75,48.84853725712067
54,fish_oil,2012,51.414538016187024,64.59853725712067
54,fish_oil,2013,40.664538016187024,63.884312755351566
54,fish_oil,2014,23.914538016187024,44.26573190781704
54,fish_oil,2015,23.414538016187024,42.76573190781704
54,fish_oil,2016,17.5,30.76573190781704
54,fish_oil,2017,6.5,6.765731907817042
54,fish_oil,2018,3.75,4.5
54,fish_oil,2019,3.75,4.5
54,fish_oil,2020,0,0
54,fish_oil,2021,0,0
54,fish_oil,2022,0,0
54,ornamentals,1995,2.460724159643547,9
54,ornamentals,1996,1.2303620798217736,4.5
54,ornamentals,1997,1.226824884086118,4.333333333333333
54,ornamentals,1998,0.9201186630645886,3.25
54,ornamentals,1999,0.30493762315370176,1
54,ornamentals,2000,0.30493762315370176,1
54,ornamentals,2001,0,0
54,ornamentals,2002,0,0
54,ornamentals,2003,0,0
54,ornamentals,2004,0.37983040389451617,1
54,ornamentals,2005,0.37983040389451617,1
54,ornamentals,2006,0.37983040389451617,1
54,ornamentals,2007,0.37983040389451617,1
54,ornamentals,2008,0,0
54,ornamentals,2009,4,2.5
54,ornamentals,2010,5.5,4.5
54,ornamentals,2011,5.5,4.5
54,ornamentals,2012,5.5,4.5
54,ornamentals,2013,1.5,2
54,ornamentals,2014,0,0
54,ornamentals,2015,0,0
54,ornamentals,2016,0,0
54,ornamentals,2017,0,0
54,ornamentals,2018,0,0
54,ornamentals,2019,0,0
54,ornamentals,2020,0,0
54,ornamentals,2021,0,0
54,ornamentals,2022,0,0
54,seaweeds,2004,4,15.85837867973499
54,seaweeds,2005,2,7.929189339867495
54,seaweeds,2006,1.3333333333333333,5.28612622657833
54,seaweeds,2007,1,3.9645946699337475
54,seaweeds,2008,0.25,0
54,seaweeds,2009,31.5,45.58923212022058
54,seaweeds,2010,45,87.96419840733513
54,seaweeds,2011,47,95.20660997890744
54,seaweeds,2012,46.75,95.20660997890744
54,seaweeds,2013,15.5,49.61737785868686
54,seaweeds,2014,2,7.2424115715723065
54,seaweeds,2015,0,0
54,seaweeds,2016,0,0
54,seaweeds,2017,0,0
54,seaweeds,2018,4.5,15.298240034877733
54,seaweeds,2019,4.5,15.298240034877733
54,seaweeds,2020,4.5,15.298240034877733
54,seaweeds,2021,4.5,15.298240034877733
54,seaweeds,2022,0,0
59,fish_oil,1977,29,30
59,fish_oil,1978,17.5,27
59,fish_oil,1979,38.333333333333336,38
59,fish_oil,1980,37.25,37.53709226387888
59,fish_oil,1981,50.73397626227008,58.28709226387888
59,fish_oil,1982,67.03060987402918,71.03709226387889
59,fish_oil,1983,65.10829270749896,83.53709226387889
59,fish_oil,1984,63.10829270749896,82.75
59,fish_oil,1985,69.07448240070389,89.75
59,fish_oil,1986,51.27784878894477,71
59,fish_oil,1987,33.200165955475,43.5
59,fish_oil,1988,26.700165955475,35.25
59,fish_oil,1989,0,0
59,fish_oil,1990,0,0
59,fish_oil,1991,13.307704802085865,19.75
59,fish_oil,1992,44.991743990294914,60.06408621967132
59,fish_oil,1993,44.991743990294914,60.06408621967132
59,fish_oil,1994,63.491743990294914,79.74801069132977
59,fish_oil,1995,50.18403918820905,59.99801069132977
59,fish_oil,1996,35.75,38.081658305948096
59,fish_oil,1997,54.359229424535805,58.28931126623131
59,fish_oil,1998,35.859229424535805,38.60538679457285
59,fish_oil,1999,48.859229424535805,51.71404762332186
59,fish_oil,2000,39.359229424535805,41.39395065584455
59,fish_oil,2001,30,43.186297695561336
59,fish_oil,2002,30,43.186297695561336
59,fish_oil,2003,17,30.077636866812334
59,fish_oil,2004,9.25,22
59,fish_oil,2005,18.75,20.076939300487265
59,fish_oil,2006,32,34.40173994825619
59,fish_oil,2007,32,34.40173994825619
59,fish_oil,2008,37.25,58.40173994825619
59,fish_oil,2009,20.5,47.82480064776893
59,fish_oil,2010,18.75,46.038426039805756
59,fish_oil,2011,24,52.78870676011872
59,fish_oil,2012,24.25,53.28870676011872
59,fish_oil,2013,32.5,59.540850177258484
59,fish_oil,2014,27.75,55.61044890219751
59,fish_oil,2015,30.25,58.52811207262289
59,fish_oil,2016,48.75,59.73811064710196
59,fish_oil,2017,43.75,50.05770937204098
59,fish_oil,2018,41.75,49.747330319561506
59,fish_oil,2019,34,40.079386428823156
59,fish_oil,2020,10,14.369387854344087
59,fish_oil,2021,4.75,8.297645712265304
59,fish_oil,2022,0,0
59,ornamentals,1988,20,68.3943074188403
59,ornamentals,1989,13.5,75.19715370942015
59,ornamentals,1990,11.333333333333334,64.15533497291085
59,ornamentals,1991,10,65.86650122968314
59,ornamentals,1992,8,61.28539070645422
59,ornamentals,1993,11,56.44767662525072
59,ornamentals,1994,17.5,68.0736000371515
59,ornamentals,1995,26.75,77.04229981738149
59,ornamentals,1996,30.5,83.42477107379915
59,ornamentals,1997,29.75,81.22704789397164
59,ornamentals,1998,22,64.08320010709781
59,ornamentals,1999,12,45.61450032686781
59,ornamentals,2000,5.5,31.214562738968993
59,ornamentals,2001,8,35.21364665198524
59,ornamentals,2002,14.25,47.96204807920412
59,ornamentals,2003,16.5,50.11836478277206
59,ornamentals,2004,17,51.54266157477082
59,ornamentals,2005,11.75,58.329014922785575
59,ornamentals,2006,5.75,48.080613495566695
59,ornamentals,2007,3.25,50.424296791998756
59,ornamentals,2008,2.5,54.5
59,ornamentals,2009,1.75,41.5
59,ornamentals,2010,1.75,51
59,ornamentals,2011,2,60.75
59,ornamentals,2012,3.25,56.092270181786034
59,ornamentals,2013,4.25,50.469295138805705
59,ornamentals,2014,4.25,54.969295138805705
59,ornamentals,2015,4,35.80576483421095
59,ornamentals,2016,3.5,34.08471912306379
59,ornamentals,2017,3,32.36367341191658
59,ornamentals,2018,4,16.00776237038326
59,ornamentals,2019,3.5,12.67129267497802
59,ornamentals,2020,2.75,9.05006820433914
59,ornamentals,2021,1.75,5.144088958466682
59,ornamentals,2022,0,0
59,seaweeds,1976,0,0
59,seaweeds,1977,0.5,0
59,seaweeds,1978,1.6666666666666667,0.3333333333333333
59,seaweeds,1979,2,0.5
59,seaweeds,1980,3.25,0.75
59,seaweeds,1981,4.5,11.75
59,seaweeds,1982,4.75,18.75
59,seaweeds,1983,7.25,48.6972011442537
59,seaweeds,1984,9.75,83.33177616054675
59,seaweeds,1985,12.25,109.56560255232472
59,seaweeds,1986,13.25,123.19370034715217
59,seaweeds,1987,12.5,116.22384837321084
59,seaweeds,1988,10.75,98.8392733569178
59,seaweeds,1989,10.5,78.39936528052405
59,seaweeds,1990,10.75,64.52844230702098
59,seaweeds,1991,10.75,48.29665223338155
59,seaweeds,1992,15.75,49.93136222185344
59,seaweeds,1993,27.75,75.88702881338764
59,seaweeds,1994,26,75.81824783900807
59,seaweeds,1995,38.5,119.43754910726406
59,seaweeds,1996,48.25,152.31635095311648
59,seaweeds,1997,34.5,128.22915901270648
59,seaweeds,1998,35.75,139.96428701120058
59,seaweeds,1999,28.25,159.47277229483845
59,seaweeds,2000,17.5,163.56500000868488
59,seaweeds,2001,17.5,163.60951552440685
59,seaweeds,2002,18.75,175.34464352290095
59,seaweeds,2003,12.5,116.93609662476219
59,seaweeds,2004,8.75,81.90877469216771
59,seaweeds,2005,19.5,182.4925575597301
59,seaweeds,2006,21.25,198.90393055133305
59,seaweeds,2007,33.25,311.17832590166756
59,seaweeds,2008,40.5,379.028393817468
59,seaweeds,2009,37,346.33919438142794
59,seaweeds,2010,41.75,390.80803733168403
59,seaweeds,2011,36.5,341.751980419763
59,seaweeds,2012,37.75,353.4871084182571
59,seaweeds,2013,42.75,400.2940738650676
59,seaweeds,2014,33,309.0052080792756
59,seaweeds,2015,25,234.072070890434
59,seaweeds,2016,14.25,133.40845736056323
59,seaweeds,2017,0,0
59,seaweeds,2018,0,0
59,seaweeds,2019,0,0
59,seaweeds,2020,0,0
59,seaweeds,2021,0,0
59,seaweeds,2022,0,0
61,fish_oil,2011,18,9
61,fish_oil,2012,9,4.5
61,fish_oil,2013,6,3.3333333333333335
61,fish_oil,2014,4.5,2.75
61,fish_oil,2015,0,0.5
61,fish_oil,2016,0,0.75
61,fish_oil,2017,0,0.75
61,fish_oil,2018,0,0.5
61,fish_oil,2019,0,0.5
61,fish_oil,2020,0,0.25
61,fish_oil,2021,0,0
61,fish_oil,2022,0,0
61,ornamentals,1990,18,37.16906172126107
61,ornamentals,1991,9,18.584530860630537
61,ornamentals,1992,6,12.389687240420358
61,ornamentals,1993,4.5,9.292265430315268
61,ornamentals,1994,0,0
61,ornamentals,1995,0,0
61,ornamentals,1996,0,0
61,ornamentals,1997,0,0
61,ornamentals,1998,0,0
61,ornamentals,1999,0,0
61,ornamentals,2000,0,0
61,ornamentals,2001,0,0
61,ornamentals,2002,0,0
61,ornamentals,2003,0,0
61,ornamentals,2004,0,0
61,ornamentals,2005,0,0
61,ornamentals,2006,0,0
61,ornamentals,2007,0,0
61,ornamentals,2008,0,1.5
61,ornamentals,2009,1.25,14
61,ornamentals,2010,1.5,17.25
61,ornamentals,2011,1.5,17.25
61,ornamentals,2012,1.5,15.75
61,ornamentals,2013,0.25,3.25
61,ornamentals,2014,0,0
61,ornamentals,2015,0,0
61,ornamentals,2016,0,0
61,ornamentals,2017,0,0
61,ornamentals,2018,0,0
61,ornamentals,2019,0,0
61,ornamentals,2020,0,0
61,ornamentals,2021,0,0
61,ornamentals,2022,0,0
61,seaweeds,1995,2,3
61,seaweeds,1996,1,1.5
61,seaweeds,1997,0.6666666666666666,1
61,seaweeds,1998,0.5,0.75
61,seaweeds,1999,0,0
61,seaweeds,2000,0.75,22
61,seaweeds,2001,1.5,25.25
61,seaweeds,2002,2,29
61,seaweeds,2003,3.75,41.5
61,seaweeds,2004,3.5,22
61,seaweeds,2005,2.75,18.75
61,seaweeds,2006,2.25,15
61,seaweeds,2007,0.5,2.5
61,seaweeds,2008,9,12.151377141319955
61,seaweeds,2009,22.75,28.401377141319955
61,seaweeds,2010,39.25,42.151377141319955
61,seaweeds,2011,50.5,53.401377141319955
61,seaweeds,2012,42.5,54.75
61,seaweeds,2013,29,41
61,seaweeds,2014,16.75,40.75
61,seaweeds,2015,6,36.25
61,seaweeds,2016,21.5,60.557753164556964
61,seaweeds,2017,28.5,82.80775316455697
61,seaweeds,2018,24.25,69.30775316455697
61,seaweeds,2019,23.75,62.557753164556964
61,seaweeds,2020,7.25,24.75
61,seaweeds,2021,0,0
61,seaweeds,2022,0,0
64,fish_oil,2002,20.32707351505644,69
64,fish_oil,2003,16.554190866386023,53.5
64,fish_oil,2004,27.369460577590683,41.333333333333336
64,fish_oil,2005,25.514872576056362,48.25
64,fish_oil,2006,23.29507086583739,39.5
64,fish_oil,2007,25.443756142808247,49
64,fish_oil,2008,13.193756142808247,44.75
64,fish_oil,2009,8.205978999944897,27.5
64,fish_oil,2010,5.34401233139976,19
64,fish_oil,2011,0,0
64,fish_oil,2012,0,0
64,fish_oil,2013,0,0
64,fish_oil,2014,0,0
64,fish_oil,2015,0,0
64,fish_oil,2016,0,0
64,fish_oil,2017,0,0
64,fish_oil,2018,0,0
64,fish_oil,2019,0,0
64,fish_oil,2020,0,0
64,fish_oil,2021,0,0
64,fish_oil,2022,0,0
66,fish_oil,1980,5,16
66,fish_oil,1981,20.7493899855844,42.5
66,fish_oil,1982,13.832926657056268,28.333333333333332
66,fish_oil,1983,10.3746949927922,21.25
66,fish_oil,1984,9.1246949927922,17.25
66,fish_oil,1985,3.75,1
66,fish_oil,1986,4.5,1.25
66,fish_oil,1987,4.5,1.25
66,fish_oil,1988,4.5,1.25
66,fish_oil,1989,8.75,22.75
66,fish_oil,1990,19.25,33
66,fish_oil,1991,26.75,48
66,fish_oil,1992,32.75,56.25
66,fish_oil,1993,29.5,34.5
66,fish_oil,1994,18.25,24
66,fish_oil,1995,10.75,9
66,fish_oil,1996,25.75,33.17540473368638
66,fish_oil,1997,21,32.42540473368638
66,fish_oil,1998,26.25,38.42540473368638
66,fish_oil,1999,26.5,39.17540473368638
66,fish_oil,2000,8,7.25
66,fish_oil,2001,8,7.25
66,fish_oil,2002,2.75,1.25
66,fish_oil,2003,2.5,0.5
66,fish_oil,2004,3.5,12.75
66,fish_oil,2005,3.5,12.75
66,fish_oil,2006,4.5,17.5
66,fish_oil,2007,14.5,30.972966820969937
66,fish_oil,2008,11,18.222966820969937
66,fish_oil,2009,16.75,37.72296682096994
66,fish_oil,2010,15.75,32.97296682096994
66,fish_oil,2011,13.25,39.5
66,fish_oil,2012,24.25,41.75
66,fish_oil,2013,36.5,47.56353989767388
66,fish_oil,2014,36.5,47.56353989767388
66,fish_oil,2015,30,36.81353989767388
66,fish_oil,2016,24.25,42.55439120526859
66,fish_oil,2017,6.25,17.24085130759471
66,fish_oil,2018,18.75,34.39137475365459
66,fish_oil,2019,33,45.721282535696105
66,fish_oil,2020,27.75,37.730431228101395
66,fish_oil,2021,27.75,37.730431228101395
66,fish_oil,2022,15.25,20.579907782041516
66,seaweeds,2000,7,18.065038574482287
66,seaweeds,2001,14,26.532519287241144
66,seaweeds,2002,9.333333333333334,17.688346191494094
66,seaweeds,2003,26.5,36.23380433820341
66,seaweeds,2004,38.5,48.379266887691585
66,seaweeds,2005,36.75,47.129266887691585
66,seaweeds,2006,39.5,52.629266887691585
66,seaweeds,2007,20,30.161722193108744
66,seaweeds,2008,6.25,13.5
66,seaweeds,2009,9,18.75
66,seaweeds,2010,12.75,22.5
66,seaweeds,2011,17.5,27
66,seaweeds,2012,28.75,39.65916321443689
66,seaweeds,2013,31.5,31.909163214436887
66,seaweeds,2014,25,22.659163214436887
66,seaweeds,2015,21.75,17.909163214436887
66,seaweeds,2016,10.5,5.25
66,seaweeds,2017,1.5,0.25
66,seaweeds,2018,1.5,0.25
66,seaweeds,2019,0,0
66,seaweeds,2020,0,0
66,seaweeds,2021,0,0
66,seaweeds,2022,0,0
67,ornamentals,1997,2.081433830018611,6
67,ornamentals,1998,1.0407169150093054,3
67,ornamentals,1999,1.0271446100062036,3.670592495909451
67,ornamentals,2000,2.7703584575046527,7.100607340308073
67,ornamentals,2001,2.75,7.210573285841477
67,ornamentals,2002,3.25,8.774726340510682
67,ornamentals,2003,3,7.521781968578594
67,ornamentals,2004,1,3.1741190002026087
67,ornamentals,2005,0.5,2.3141530546692053
67,ornamentals,2006,0,0.75
67,ornamentals,2007,0,0.75
67,ornamentals,2008,0,0.75
67,ornamentals,2009,0,0
67,ornamentals,2010,0,0
67,ornamentals,2011,0,0
67,ornamentals,2012,0,0
67,ornamentals,2013,0,0
67,ornamentals,2014,0,0
67,ornamentals,2015,0,0
67,ornamentals,2016,0,0
67,ornamentals,2017,0,0
67,ornamentals,2018,0,0
67,ornamentals,2019,0,0
67,ornamentals,2020,0,0
67,ornamentals,2021,0,0
67,ornamentals,2022,0,0
69,fish_oil,1993,50.96346034576197,78
69,fish_oil,1994,40.875380326328866,70.5
69,fish_oil,1995,27.250253550885912,47
69,fish_oil,1996,24.40994244331725,48.5
69,fish_oil,1997,15.581637434835642,42.75
69,fish_oil,1998,21.384812358111702,35.5
69,fish_oil,1999,21.384812358111702,35.5
69,fish_oil,2000,17.412560077958886,22.25
69,fish_oil,2001,13.5,8.5
69,fish_oil,2002,0,0
69,fish_oil,2003,0,0
69,fish_oil,2004,0,0
69,fish_oil,2005,0,0.25
69,fish_oil,2006,0,0.25
69,fish_oil,2007,0,2.75
69,fish_oil,2008,0.25,4.25
69,fish_oil,2009,6.25,11.25
69,fish_oil,2010,6.5,24.25
69,fish_oil,2011,6.5,25.5
69,fish_oil,2012,6.5,33.75
69,fish_oil,2013,0.75,39.25
69,fish_oil,2014,0.75,36
69,fish_oil,2015,0.75,34.5
69,fish_oil,2016,0.75,27.25
69,fish_oil,2017,0.75,16.5
69,fish_oil,2018,1,15.5
69,fish_oil,2019,1,13.25
69,fish_oil,2020,0.75,10.75
69,fish_oil,2021,0.5,8.75
69,fish_oil,2022,0,0
69,seaweeds,1994,3,18
69,seaweeds,1995,2.5,13
69,seaweeds,1996,2,14
69,seaweeds,1997,1.75,13.188720261557478
69,seaweeds,1998,1.25,10.438720261557478
69,seaweeds,1999,1.25,11.438720261557478
69,seaweeds,2000,2.5,12.688720261557478
69,seaweeds,2001,7,20
69,seaweeds,2002,27.5,30.5
69,seaweeds,2003,27.5,34
69,seaweeds,2004,28.324707727059753,36.75
69,seaweeds,2005,24.074707727059753,32.25
69,seaweeds,2006,3.574707727059753,26
69,seaweeds,2007,3.324707727059753,31.25
69,seaweeds,2008,2.75,26.237150707410763
69,seaweeds,2009,4,25.11081240795471
69,seaweeds,2010,14.5,32.89404064306336
69,seaweeds,2011,29.25,46.68860526167387
69,seaweeds,2012,44.25,153.16869662311382
69,seaweeds,2013,70.25,332.5577704372023
69,seaweeds,2014,84,481.71799959006523
69,seaweeds,2015,99.75,658.8628969526453
69,seaweeds,2016,107.75,675.5042458162409
69,seaweeds,2017,96.75,590.0599799636517
69,seaweeds,2018,82.5,468.9260741267052
69,seaweeds,2019,51.75,266.2366121455146
69,seaweeds,2020,27,140.12802121306825
69,seaweeds,2021,10.25,41.80955155102509
69,seaweeds,2022,0,0
70,fish_oil,1992,29,2
70,fish_oil,1993,36,6.5
70,fish_oil,1994,31.333333333333332,5.666666666666667
70,fish_oil,1995,31.5,8
70,fish_oil,1996,30.80711210251387,9.75
70,fish_oil,1997,22.05711210251387,7.75
70,fish_oil,1998,18.30711210251387,7.25
70,fish_oil,1999,10.30711210251387,4
70,fish_oil,2000,17,5.5
70,fish_oil,2001,23.5,7.75
70,fish_oil,2002,26.25,13.25
70,fish_oil,2003,30.25,17
70,fish_oil,2004,18.61456984473766,14
70,fish_oil,2005,10.114569844737659,16.25
70,fish_oil,2006,5.614569844737659,20
70,fish_oil,2007,2.364569844737659,19.344312167332166
70,fish_oil,2008,2.75,37.84431216733216
70,fish_oil,2009,3.5,41.09431216733216
70,fish_oil,2010,4,42.34431216733216
70,fish_oil,2011,3.5,47.25
70,fish_oil,2012,1.75,36
70,fish_oil,2013,1.25,38.5
70,fish_oil,2014,1,35.25
70,fish_oil,2015,1.25,36.5
70,fish_oil,2016,1.5,39.5
70,fish_oil,2017,1.5,42
70,fish_oil,2018,4,91.35795454545455
70,fish_oil,2019,3.5,81.60795454545455
70,fish_oil,2020,3,70.60795454545455
70,fish_oil,2021,2.75,57.10795454545455
70,fish_oil,2022,0,0
70,seaweeds,1998,45,314.9201180663939
70,seaweeds,1999,42.5,297.91353473457343
70,seaweeds,2000,61.37497626392538,350.753465115595
70,seaweeds,2001,70.03123219794404,428.61316606587957
70,seaweeds,2002,74.53123219794404,459.27364611423855
70,seaweeds,2003,72.28123219794404,443.9817982356502
70,seaweeds,2004,62.31383515969372,370.12346676624065
70,seaweeds,2005,56.501916031549314,272.7633965341788
70,seaweeds,2006,46.751916031549314,206.41340651453794
70,seaweeds,2007,45.501916031549314,197.92931092142325
70,seaweeds,2008,35.4380808718556,192.2229374917614
70,seaweeds,2009,22.25,136.0349404946399
70,seaweeds,2010,39.25,144.34890683015678
70,seaweeds,2011,35,119.1915543806211
70,seaweeds,2012,31.5,111.64792781028297
70,seaweeds,2013,29.25,114.14792781028297
70,seaweeds,2014,6.5,73.04344192944953
70,seaweeds,2015,4.25,57.25
70,seaweeds,2016,3.5,42.5
70,seaweeds,2017,1.5,41.75
70,seaweeds,2018,1.75,48
70,seaweeds,2019,1.75,42.5
70,seaweeds,2020,1.25,30.25
70,seaweeds,2021,0.5,16.5
70,seaweeds,2022,0,0
71,ornamentals,1999,1.9819851610724726,1
71,ornamentals,2000,2.351145014835758,2.5
71,ornamentals,2001,2.378605356339451,2.6666666666666665
71,ornamentals,2002,1.7839540172545885,3
71,ornamentals,2003,1.2884577269864703,3
71,ornamentals,2004,3.3583815098367094,7
71,ornamentals,2005,4.25,9.5
71,ornamentals,2006,4.25,8.5
71,ornamentals,2007,4.25,8.25
71,ornamentals,2008,1.5,3.25
71,ornamentals,2009,0,0
71,ornamentals,2010,0,0
71,ornamentals,2011,0,0
71,ornamentals,2012,0,0
71,ornamentals,2013,0,0
71,ornamentals,2014,0,0
71,ornamentals,2015,0,0
71,ornamentals,2016,0,0
71,ornamentals,2017,0,0
71,ornamentals,2018,0,0
71,ornamentals,2019,0,0
71,ornamentals,2020,0,0
71,ornamentals,2021,0,0
71,ornamentals,2022,0,0
71,seaweeds,1997,6,17.9997999785312
71,seaweeds,1998,3,8.9998999892656
71,seaweeds,1999,2.6666666666666665,10.381394180807357
71,seaweeds,2000,2,7.786045635605518
71,seaweeds,2001,0.5,3.286095640972718
71,seaweeds,2002,0.5,3.286095640972718
71,seaweeds,2003,0,0.25
71,seaweeds,2004,0,1.75
71,seaweeds,2005,0,1.75
71,seaweeds,2006,0,1.75
71,seaweeds,2007,0,1.75
71,seaweeds,2008,0,0.25
71,seaweeds,2009,1.25,3.0371541419906123
71,seaweeds,2010,3.25,6.428322470046453
71,seaweeds,2011,4.5,8.72037534869321
71,seaweeds,2012,5,13.953599062479412
71,seaweeds,2013,4.25,16.45463625891901
71,seaweeds,2014,3.25,23.206187704593745
71,seaweeds,2015,3.5,46.86182222432156
71,seaweeds,2016,5,61.83059474953849
71,seaweeds,2017,5.75,82.54240341110828
71,seaweeds,2018,6.5,96.1496836373777
71,seaweeds,2019,5,69.95199623900314
71,seaweeds,2020,3,49.75
71,seaweeds,2021,1.75,23.75
71,seaweeds,2022,0,0
72,fish_oil,2004,96,117.64525664163261
72,fish_oil,2005,63.5,79.00923096320972
72,fish_oil,2006,42.333333333333336,52.67282064213981
72,fish_oil,2007,43,54.362382357511464
72,fish_oil,2008,25,32.58511417813983
72,fish_oil,2009,17.75,33.99181285694313
72,fish_oil,2010,18.5,36.74181285694313
72,fish_oil,2011,7.25,22.63404598103652
72,fish_oil,2012,11.25,32.245075866762804
72,fish_oil,2013,25,42.27750474474612
72,fish_oil,2014,33.75,63.27750474474612
72,fish_oil,2015,53,86.38602886390771
72,fish_oil,2016,60.75,91.03960856500154
72,fish_oil,2017,62.25,91.50717968701824
72,fish_oil,2018,70,94.3033959221594
72,fish_oil,2019,50.75,70.4448718029978
72,fish_oil,2020,33,48.54621623514116
72,fish_oil,2021,17.25,26.546216235141163
72,fish_oil,2022,0,0
72,seaweeds,1996,0,7
72,seaweeds,1997,0,3.5
72,seaweeds,1998,0,2.3333333333333335
72,seaweeds,1999,0,3
72,seaweeds,2000,0,3.75
72,seaweeds,2001,0,8.75
72,seaweeds,2002,1,21
72,seaweeds,2003,1,30.5
72,seaweeds,2004,1.5,35.25
72,seaweeds,2005,2.25,39.5
72,seaweeds,2006,1.25,28.25
72,seaweeds,2007,1.5,19.25
72,seaweeds,2008,1.25,14.5
72,seaweeds,2009,4.5,19.75
72,seaweeds,2010,4.5,18.75
72,seaweeds,2011,4.301921392012757,17.75
72,seaweeds,2012,4.051921392012757,16.75
72,seaweeds,2013,0.8019213920127566,9.75
72,seaweeds,2014,1.8019213920127566,16.5
72,seaweeds,2015,1.75,17.75
72,seaweeds,2016,3.25,27.75
72,seaweeds,2017,4.5,34.25
72,seaweeds,2018,3.5,36.5
72,seaweeds,2019,3.5,34.5
72,seaweeds,2020,2,23
72,seaweeds,2021,0,9
72,seaweeds,2022,0,0
73,fish_oil,1976,52.29503439919007,89
73,fish_oil,1977,47.09571579617104,80
73,fish_oil,1978,31.397143864114028,53.333333333333336
73,fish_oil,1979,23.54785789808552,40
73,fish_oil,1980,10.474099298288003,17.75
73,fish_oil,1981,0,0
73,fish_oil,1982,20,19.25
73,fish_oil,1983,20,19.25
73,fish_oil,1984,20,19.25
73,fish_oil,1985,20,19.25
73,fish_oil,1986,20,23.80342845627421
73,fish_oil,1987,40,47.62362962545379
73,fish_oil,1988,40,47.62362962545379
73,fish_oil,1989,40,47.62362962545379
73,fish_oil,1990,20,23.820201169179576
73,fish_oil,1991,0,0
73,fish_oil,1992,0,0
73,fish_oil,1993,0,0
73,fish_oil,1994,0,0
73,fish_oil,1995,15.75,13.5
73,fish_oil,1996,22.5,18.75
73,fish_oil,1997,28.75,24.5
73,fish_oil,1998,32.5,28.5
73,fish_oil,1999,16.75,15
73,fish_oil,2000,16.75,19
73,fish_oil,2001,15.75,21
73,fish_oil,2002,14,28.5
73,fish_oil,2003,18,38.25
73,fish_oil,2004,16,36.75
73,fish_oil,2005,12.25,35
73,fish_oil,2006,11.25,28.75
73,fish_oil,2007,29.75,50.427624944339335
73,fish_oil,2008,25,42.927624944339335
73,fish_oil,2009,23.5,36.927624944339335
73,fish_oil,2010,22.5,31.677624944339335
73,fish_oil,2011,0.25,0.5
73,fish_oil,2012,0.25,0.25
73,fish_oil,2013,0.25,0.25
73,fish_oil,2014,2.5,15.25
73,fish_oil,2015,18.25,29
73,fish_oil,2016,18.25,29
73,fish_oil,2017,18.25,29
73,fish_oil,2018,16,14
73,fish_oil,2019,0.25,1.75
73,fish_oil,2020,13.25,22.25
73,fish_oil,2021,13.25,22.25
73,fish_oil,2022,13.25,22.25
73,seaweeds,1998,38,57
73,seaweeds,1999,21.5,36
73,seaweeds,2000,14.666666666666666,29.333333333333332
73,seaweeds,2001,11.25,23.75
73,seaweeds,2002,2,13.5
73,seaweeds,2003,0.75,9.75
73,seaweeds,2004,0.75,10.75
73,seaweeds,2005,24.75,42.08992465563537
73,seaweeds,2006,36,86.83992465563537
73,seaweeds,2007,55,149.7976681483898
73,seaweeds,2008,67.5,164.6058451881099
73,seaweeds,2009,53.25,156.54528766957404
73,seaweeds,2010,61.5,143.92088198784765
73,seaweeds,2011,70.75,166.27453269291684
73,seaweeds,2012,67.75,236.5134711169615
73,seaweeds,2013,68,318.589675811451
73,seaweeds,2014,71.75,390.22199341408134
73,seaweeds,2015,71.44149961449499,413.6699583668508
73,seaweeds,2016,90.96511179645336,441.61690925479206
73,seaweeds,2017,105.21511179645336,468.499095274767
73,seaweeds,2018,139.51513107170393,628.2578685608105
73,seaweeds,2019,141.32363145720896,750.8950872632531
73,seaweeds,2020,144.97320740169624,681.3974199069828
73,seaweeds,2021,149.22320740169624,769.0790903976961
73,seaweeds,2022,120.17318812644565,723.2318335330258
75,fish_oil,1994,16,7
75,fish_oil,1995,38,3.5
75,fish_oil,1996,25.333333333333332,2.3333333333333335
75,fish_oil,1997,19,19.75
75,fish_oil,1998,15,18
75,fish_oil,1999,0,18
75,fish_oil,2000,0,18
75,fish_oil,2001,0,17
75,fish_oil,2002,2.75,18.5
75,fish_oil,2003,2.75,18.5
75,fish_oil,2004,2.75,18.5
75,fish_oil,2005,3,2.25
75,fish_oil,2006,0.5,1.25
75,fish_oil,2007,0.5,1.25
75,fish_oil,2008,0.5,1.25
75,fish_oil,2009,0.25,0.5
75,fish_oil,2010,0,0
75,fish_oil,2011,0.5,0.75
75,fish_oil,2012,0.5,2.25
75,fish_oil,2013,2.25,8
75,fish_oil,2014,2.25,8
75,fish_oil,2015,1.75,7.25
75,fish_oil,2016,1.75,5.75
75,fish_oil,2017,0,0
75,fish_oil,2018,0,0
75,fish_oil,2019,0,0
75,fish_oil,2020,0,0
75,fish_oil,2021,0,0
75,fish_oil,2022,0,0
75,seaweeds,2002,2,37
75,seaweeds,2003,3.5,30
75,seaweeds,2004,9.666666666666666,34
75,seaweeds,2005,9,33.75
75,seaweeds,2006,9.75,34
75,seaweeds,2007,13.75,42
75,seaweeds,2008,11.75,58.25
75,seaweeds,2009,11.75,56
75,seaweeds,2010,11.5,52.75
75,seaweeds,2011,6.75,43.75
75,seaweeds,2012,3.5,21.5
75,seaweeds,2013,3.5,22.25
75,seaweeds,2014,3.5,32.75
75,seaweeds,2015,5.25,39.5
75,seaweeds,2016,10.5,62.27655468566307
75,seaweeds,2017,14,90.02655468566307
75,seaweeds,2018,20.5,115.04780744787523
75,seaweeds,2019,19.5,116.36514575015397
75,seaweeds,2020,14.5,94.76155577542907
75,seaweeds,2021,9.25,60.26155577542907
75,seaweeds,2022,1.75,18.490303013216916
76,fish_oil,1976,30,21
76,fish_oil,1977,15,10.5
76,fish_oil,1978,20,11
76,fish_oil,1979,15,8.25
76,fish_oil,1980,7.5,3
76,fish_oil,1981,7.5,3
76,fish_oil,1982,0,0
76,fish_oil,1983,0,0
76,fish_oil,1984,0,0
76,fish_oil,1985,0,0
76,fish_oil,1986,0,0
76,fish_oil,1987,0,0
76,fish_oil,1988,0,0
76,fish_oil,1989,11.75,21.32420345513239
76,fish_oil,1990,26,47.144599891823944
76,fish_oil,1991,45.49381559643956,90.39459989182394
76,fish_oil,1992,45.49381559643956,90.39459989182394
76,fish_oil,1993,33.74381559643956,69.07039643669155
76,fish_oil,1994,29.743815596439564,53.5
76,fish_oil,1995,10.75,18.25
76,fish_oil,1996,20.75,24.25
76,fish_oil,1997,20.75,24.25
76,fish_oil,1998,10.5,14
76,fish_oil,1999,10,6.25
76,fish_oil,2000,0,0.25
76,fish_oil,2001,0,0.25
76,fish_oil,2002,0,0.25
76,fish_oil,2003,0,0
76,fish_oil,2004,0,0
76,fish_oil,2005,0,0
76,fish_oil,2006,0,0.25
76,fish_oil,2007,0,1
76,fish_oil,2008,0.25,5.5
76,fish_oil,2009,15.5,21.675281781632634
76,fish_oil,2010,15.5,21.425281781632634
76,fish_oil,2011,16,24.925281781632634
76,fish_oil,2012,15.75,20.425281781632634
76,fish_oil,2013,0.5,4.25
76,fish_oil,2014,0.75,13.75
76,fish_oil,2015,0.5,13.25
76,fish_oil,2016,0.5,14
76,fish_oil,2017,1,21.25
76,fish_oil,2018,0.75,13
76,fish_oil,2019,0.5,9.25
76,fish_oil,2020,0.5,8.5
76,fish_oil,2021,0.25,2.0812966715641394
76,fish_oil,2022,0.5,1.6625933431282789
76,ornamentals,2004,1,7
76,ornamentals,2005,0.5,5.5
76,ornamentals,2006,0.3333333333333333,4
76,ornamentals,2007,0.25,3
76,ornamentals,2008,0,1.25
76,ornamentals,2009,0,0.25
76,ornamentals,2010,0.25,18.5
76,ornamentals,2011,0.25,21.75
76,ornamentals,2012,0.25,24.5
76,ornamentals,2013,0.5,35.5
76,ornamentals,2014,0.5,20.285276298484302
76,ornamentals,2015,3.25,28.064359328173246
76,ornamentals,2016,3.5,29.564359328173246
76,ornamentals,2017,3.25,25.814359328173246
76,ornamentals,2018,3,25.279083029688948
76,ornamentals,2019,0.25,14.25
76,ornamentals,2020,0,10
76,ornamentals,2021,0,2.75
76,ornamentals,2022,0,0
76,seaweeds,1994,18,12
76,seaweeds,1995,27.5,25
76,seaweeds,1996,27,25.333333333333332
76,seaweeds,1997,28.5,27.25
76,seaweeds,1998,42.5,42.25
76,seaweeds,1999,52.75,54.25
76,seaweeds,2000,69.25,72.75
76,seaweeds,2001,73,73
76,seaweeds,2002,64,61.25
76,seaweeds,2003,54.75,46.75
76,seaweeds,2004,34.25,23.25
76,seaweeds,2005,24.25,17.25
76,seaweeds,2006,25.25,22.75
76,seaweeds,2007,18,19.75
76,seaweeds,2008,19.5,27.75
76,seaweeds,2009,17.75,29
76,seaweeds,2010,9.5,23.25
76,seaweeds,2011,14.5,47.25
76,seaweeds,2012,11.25,41.75
76,seaweeds,2013,12.25,44.75
76,seaweeds,2014,11.75,56
76,seaweeds,2015,4.25,32.75
76,seaweeds,2016,5.25,36.5
76,seaweeds,2017,10.75,46.5
76,seaweeds,2018,34.5,331.3811822125791
76,seaweeds,2019,34,326.6311822125791
76,seaweeds,2020,32.25,318.8811822125791
76,seaweeds,2021,25.75,304.8397132346017
76,seaweeds,2022,0.5,5.417062044045117
77,ornamentals,2001,0,2
77,ornamentals,2002,0,1
77,ornamentals,2003,0,0.6666666666666666
77,ornamentals,2004,0,1
77,ornamentals,2005,9.5,8.75
77,ornamentals,2006,14.25,19
77,ornamentals,2007,16,21.83304328200839
77,ornamentals,2008,24,31.1995636202071
77,ornamentals,2009,27.25,38.134410940478745
77,ornamentals,2010,33.75,41.241126600667485
77,ornamentals,2011,32.25573837216831,38.658083318659095
77,ornamentals,2012,24.25573837216831,28.791562980460384
77,ornamentals,2013,11.50573837216831,13.60671566018874
77,ornamentals,2014,0.2557383721683095,0.25
77,ornamentals,2015,0,0
77,ornamentals,2016,0,0
77,ornamentals,2017,0,0
77,ornamentals,2018,0,0
77,ornamentals,2019,0,0
77,ornamentals,2020,0,0
77,ornamentals,2021,0,0
77,ornamentals,2022,0,0
78,fish_oil,1999,2,1
78,fish_oil,2000,1,0.5
78,fish_oil,2001,0.6666666666666666,0.3333333333333333
78,fish_oil,2002,0.5,0.25
78,fish_oil,2003,0,0
78,fish_oil,2004,0,0
78,fish_oil,2005,0,0
78,fish_oil,2006,0,0
78,fish_oil,2007,0,0.25
78,fish_oil,2008,0,0.25
78,fish_oil,2009,0,0.25
78,fish_oil,2010,0,0.5
78,fish_oil,2011,0,0.25
78,fish_oil,2012,0,0.5
78,fish_oil,2013,0,0.5
78,fish_oil,2014,0,0.25
78,fish_oil,2015,0,0.25
78,fish_oil,2016,0,0
78,fish_oil,2017,0,0.25
78,fish_oil,2018,0,0.25
78,fish_oil,2019,0,0.25
78,fish_oil,2020,0,0.25
78,fish_oil,2021,0,0
78,fish_oil,2022,0,0
78,ornamentals,2012,4,4
78,ornamentals,2013,2,6.5
78,ornamentals,2014,1.3333333333333333,4.333333333333333
78,ornamentals,2015,1,4.25
78,ornamentals,2016,0.5,5.25
78,ornamentals,2017,0.5,3.75
78,ornamentals,2018,0.5,4
78,ornamentals,2019,0.5,3
78,ornamentals,2020,0,1
78,ornamentals,2021,0,0.25
78,ornamentals,2022,0,0
78,seaweeds,2004,2,21
78,seaweeds,2005,1,12
78,seaweeds,2006,0.6666666666666666,10
78,seaweeds,2007,0.5,8.25
78,seaweeds,2008,0.25,7
78,seaweeds,2009,0.5,10.75
78,seaweeds,2010,0.75,12
78,seaweeds,2011,1,11.5
78,seaweeds,2012,1,10.5
78,seaweeds,2013,0.75,7.75
78,seaweeds,2014,0.5,6.75
78,seaweeds,2015,0.25,7.5
78,seaweeds,2016,0,10
78,seaweeds,2017,0.25,16.25
78,seaweeds,2018,0.5,23
78,seaweeds,2019,0.5,22
78,seaweeds,2020,0.5,16.5
78,seaweeds,2021,0.25,8.5
78,seaweeds,2022,0,0
79,fish_oil,1999,0,3
79,fish_oil,2000,0,5.5
79,fish_oil,2001,0,3.6666666666666665
79,fish_oil,2002,0,2.75
79,fish_oil,2003,0,3.25
79,fish_oil,2004,0,1.25
79,fish_oil,2005,0,1.25
79,fish_oil,2006,6.628047825733191,10.5
79,fish_oil,2007,6.628047825733191,9.25
79,fish_oil,2008,6.628047825733191,9.25
79,fish_oil,2009,8.12804782573319,16.25
79,fish_oil,2010,14.183349027211221,24.043757950197076
79,fish_oil,2011,14.183349027211221,24.043757950197076
79,fish_oil,2012,14.183349027211221,24.043757950197076
79,fish_oil,2013,12.683349027211221,17.043757950197076
79,fish_oil,2014,0,0
79,fish_oil,2015,0,0
79,fish_oil,2016,0,0
79,fish_oil,2017,0.25,0.75
79,fish_oil,2018,0.25,0.75
79,fish_oil,2019,0.25,2.5
79,fish_oil,2020,0.5,3.0539184823057717
79,fish_oil,2021,15.735725238975991,24.55391848230577
79,fish_oil,2022,31.221450477951983,46.803918482305775
79,ornamentals,2012,0.47373857746011083,27
79,ornamentals,2013,0.5602884536715997,50
79,ornamentals,2014,0.3735256357810665,33.333333333333336
79,ornamentals,2015,0.36311272218188684,28.5
79,ornamentals,2016,0.3632590162795992,35
79,ornamentals,2017,0.33275533042093386,34.5
79,ornamentals,2018,0.4875326065954013,59.25
79,ornamentals,2019,0.40456411124931435,79
79,ornamentals,2020,0.28598317278657426,65.75
79,ornamentals,2021,0.15477727617446746,48
79,ornamentals,2022,0,23.25
79,seaweeds,1997,0,5
79,seaweeds,1998,0,2.5
79,seaweeds,1999,0,1.6666666666666667
79,seaweeds,2000,0,1.25
79,seaweeds,2001,1,5.75
79,seaweeds,2002,3,14.25
79,seaweeds,2003,4.5,20.25
79,seaweeds,2004,5,21.75
79,seaweeds,2005,6,25.5
79,seaweeds,2006,5.5,23.5
79,seaweeds,2007,4,19.5
79,seaweeds,2008,3.5,18
79,seaweeds,2009,1.5,9.5
79,seaweeds,2010,0,4
79,seaweeds,2011,0,3.5
79,seaweeds,2012,0,4.5
79,seaweeds,2013,0,4.25
79,seaweeds,2014,0,3.75
79,seaweeds,2015,0,2.25
79,seaweeds,2016,0,2.25
79,seaweeds,2017,0,1.75
79,seaweeds,2018,0,1.25
79,seaweeds,2019,0,1.25
79,seaweeds,2020,0,0.25
79,seaweeds,2021,0,0
79,seaweeds,2022,0,0
80,fish_oil,1992,1,0
80,fish_oil,1993,0.5,0
80,fish_oil,1994,0.3333333333333333,0
80,fish_oil,1995,0.25,0
80,fish_oil,1996,0,4.75
80,fish_oil,1997,0,4.75
80,fish_oil,1998,10,14.75
80,fish_oil,1999,10,14.75
80,fish_oil,2000,10,10
80,fish_oil,2001,10,10
80,fish_oil,2002,0,0
80,fish_oil,2003,5.25,3.75
80,fish_oil,2004,15.5,13.5
80,fish_oil,2005,15.5,13.5
80,fish_oil,2006,15.75,14.5
80,fish_oil,2007,10.75,12.75
80,fish_oil,2008,0.75,4
80,fish_oil,2009,0.75,4
80,fish_oil,2010,0.5,3
80,fish_oil,2011,1.75,21.25
80,fish_oil,2012,3.25,37.703702699596306
80,fish_oil,2013,4.25,60.953702699596306
80,fish_oil,2014,5.25,78.2037026995963
80,fish_oil,2015,5.25,82.9537026995963
80,fish_oil,2016,4,75
80,fish_oil,2017,21.5,67.46413408293371
80,fish_oil,2018,20.75,52.96413408293371
80,fish_oil,2019,19.25,27.96413408293371
80,fish_oil,2020,18.75,18.46413408293371
80,fish_oil,2021,0.25,2.75
80,fish_oil,2022,0,0
80,ornamentals,1991,0,1
80,ornamentals,1992,0,0.5
80,ornamentals,1993,14.333333333333334,44.20392306822222
80,ornamentals,1994,11.25,39.15294230116666
80,ornamentals,1995,11.25,38.90294230116666
80,ornamentals,1996,13.75,57.90294230116666
80,ornamentals,1997,21.5,81.30293518416997
80,ornamentals,1998,21,75.30293518416997
80,ornamentals,1999,21,75.30293518416997
80,ornamentals,2000,18.5,56.30293518416997
80,ornamentals,2001,0,0
80,ornamentals,2002,0,0
80,ornamentals,2003,3.25,10.082388369361418
80,ornamentals,2004,3.25,10.082388369361418
80,ornamentals,2005,11,33.755948439278285
80,ornamentals,2006,11,33.755948439278285
80,ornamentals,2007,7.75,23.67356006991687
80,ornamentals,2008,7.75,23.67356006991687
80,ornamentals,2009,0,0
80,ornamentals,2010,0,0
80,ornamentals,2011,9.5,28.892980301371754
80,ornamentals,2012,9.5,28.892980301371754
80,ornamentals,2013,9.5,28.892980301371754
80,ornamentals,2014,9.5,28.892980301371754
80,ornamentals,2015,0,0
80,ornamentals,2016,0,0
80,ornamentals,2017,0,0
80,ornamentals,2018,0,0
80,ornamentals,2019,0,0
80,ornamentals,2020,0,0
80,ornamentals,2021,0,0
80,ornamentals,2022,0,0
80,seaweeds,1987,0.6227716612418277,4
80,seaweeds,1988,11.548446605255567,12
80,seaweeds,1989,17.93563935385947,16.333333333333332
80,seaweeds,1990,13.451729515394604,12.25
80,seaweeds,1991,26.796036600084147,171.97605792719793
80,seaweeds,1992,25.427506212766822,217.336456240806
80,seaweeds,1993,17.75,211.086456240806
80,seaweeds,1994,20.5,243.6487355360564
80,seaweeds,1995,7,83.17267760885845
80,seaweeds,1996,2.75,32.81227929525039
80,seaweeds,1997,2.75,32.81227929525039
80,seaweeds,1998,0,0.25
80,seaweeds,1999,0.25,1.5
80,seaweeds,2000,0.25,2.5
80,seaweeds,2001,0.75,6
80,seaweeds,2002,0.75,6.75
80,seaweeds,2003,0.5,7
80,seaweeds,2004,0.75,8.5
80,seaweeds,2005,0.5,12.75
80,seaweeds,2006,1.25,32.75
80,seaweeds,2007,1.25,33
80,seaweeds,2008,1.25,35.25
80,seaweeds,2009,1,29.25
80,seaweeds,2010,3,33.25
80,seaweeds,2011,3.75,33.76041279084705
80,seaweeds,2012,4.5,46.858582418510586
80,seaweeds,2013,5,59.71798375266069
80,seaweeds,2014,3,48.3386167932976
80,seaweeds,2015,5.25,58.58205840310325
80,seaweeds,2016,5,62.73388877543971
80,seaweeds,2017,5.5,59.391014566739614
80,seaweeds,2018,6.75,60.63473725409813
80,seaweeds,2019,3.75,47.88088285344543
80,seaweeds,2020,3,25.880882853445428
80,seaweeds,2021,2,14.614355727995417
80,seaweeds,2022,0,0
81,seaweeds,2013,1,1
81,seaweeds,2014,0.5,0.5
81,seaweeds,2015,0.6666666666666666,0.6666666666666666
81,seaweeds,2016,0.75,1.5
81,seaweeds,2017,1,16.25
81,seaweeds,2018,1.25,21.25
81,seaweeds,2019,1,21
81,seaweeds,2020,0.75,20
81,seaweeds,2021,0.25,5
81,seaweeds,2022,0,0
82,ornamentals,2000,0,1
82,ornamentals,2001,0,0.5
82,ornamentals,2002,0,0.3333333333333333
82,ornamentals,2003,0,0.25
82,ornamentals,2004,0.5,1
82,ornamentals,2005,0.75,1.25
82,ornamentals,2006,1,2.75
82,ornamentals,2007,1,2.75
82,ornamentals,2008,1.25,5.75
82,ornamentals,2009,1.25,6.75
82,ornamentals,2010,1,5.25
82,ornamentals,2011,1,5.25
82,ornamentals,2012,0.25,1.25
82,ornamentals,2013,0,0
82,ornamentals,2014,0,0
82,ornamentals,2015,0,0
82,ornamentals,2016,0,0
82,ornamentals,2017,0,0
82,ornamentals,2018,0,0
82,ornamentals,2019,0,0
82,ornamentals,2020,0,0
82,ornamentals,2021,0,0
82,ornamentals,2022,0,0
82,seaweeds,2014,1,12
82,seaweeds,2015,1,13
82,seaweeds,2016,0.6666666666666666,12
82,seaweeds,2017,0.5,9.75
82,seaweeds,2018,0.25,7.75
82,seaweeds,2019,0,4.25
82,seaweeds,2020,0,1.75
82,seaweeds,2021,0,1
82,seaweeds,2022,0,0
84,ornamentals,2001,0,3
84,ornamentals,2002,0,2.5
84,ornamentals,2003,0.3333333333333333,5.666666666666667
84,ornamentals,2004,0.5,6.25
84,ornamentals,2005,0.75,6.75
84,ornamentals,2006,0.75,6.25
84,ornamentals,2007,0.5,4.25
84,ornamentals,2008,0.25,2.25
84,ornamentals,2009,0,1
84,ornamentals,2010,0,1
84,ornamentals,2011,0,0
84,ornamentals,2012,0,0
84,ornamentals,2013,0,0
84,ornamentals,2014,0,0
84,ornamentals,2015,0,0
84,ornamentals,2016,0,0
84,ornamentals,2017,0,0
84,ornamentals,2018,0,0
84,ornamentals,2019,0,0
84,ornamentals,2020,0,0
84,ornamentals,2021,0,0
84,ornamentals,2022,0,0
85,ornamentals,2001,0.002453627195310837,0.17434620174346202
85,ornamentals,2002,0.0012268135976554184,0.08717310087173101
85,ornamentals,2003,0.0031117694503445628,0.11623080116230801
85,ornamentals,2004,0.002333827087758422,0.09806973848069739
85,ornamentals,2005,0.001720420288930713,0.054483188044831876
85,ornamentals,2006,0.001720420288930713,0.054483188044831876
85,ornamentals,2007,0.009386725457159129,0.10896637608966375
85,ornamentals,2008,0.009386725457159129,0.09806973848069737
85,ornamentals,2009,0.009386725457159129,0.09806973848069737
85,ornamentals,2010,0.009386725457159129,0.09806973848069737
85,ornamentals,2011,0,0
85,ornamentals,2012,0,0
85,ornamentals,2013,0,0
85,ornamentals,2014,0,0
85,ornamentals,2015,0,0
85,ornamentals,2016,0,0
85,ornamentals,2017,0,0
85,ornamentals,2018,0,0
85,ornamentals,2019,0,0
85,ornamentals,2020,0,0
85,ornamentals,2021,0,0
85,ornamentals,2022,0,0
86,ornamentals,2001,0.4576515731965003,0.17434620174346202
86,ornamentals,2002,0.22882578659825015,0.08717310087173101
86,ornamentals,2003,0.27781285110061066,0.11623080116230801
86,ornamentals,2004,0.2887388217078559,0.09806973848069739
86,ornamentals,2005,0.17432592840873085,0.054483188044831876
86,ornamentals,2006,0.17432592840873085,0.054483188044831876
86,ornamentals,2007,0.138951111042374,0.10896637608966375
86,ornamentals,2008,0.0585719276599761,0.09806973848069737
86,ornamentals,2009,0.0585719276599761,0.09806973848069737
86,ornamentals,2010,0.0585719276599761,0.09806973848069737
86,ornamentals,2011,0,0
86,ornamentals,2012,0,0
86,ornamentals,2013,0,0
86,ornamentals,2014,0,0
86,ornamentals,2015,0,0
86,ornamentals,2016,0,0
86,ornamentals,2017,0,0
86,ornamentals,2018,0,0
86,ornamentals,2019,0,0
86,ornamentals,2020,0,0
86,ornamentals,2021,0,0
86,ornamentals,2022,0,0
88,ornamentals,2001,0.002453627195310837,0.17434620174346202
88,ornamentals,2002,0.0012268135976554184,0.08717310087173101
88,ornamentals,2003,0.0031117694503445628,0.11623080116230801
88,ornamentals,2004,0.002333827087758422,0.09806973848069739
88,ornamentals,2005,0.001720420288930713,0.054483188044831876
88,ornamentals,2006,0.001720420288930713,0.054483188044831876
88,ornamentals,2007,0.009386725457159129,0.10896637608966375
88,ornamentals,2008,0.009386725457159129,0.09806973848069737
88,ornamentals,2009,0.009386725457159129,0.09806973848069737
88,ornamentals,2010,0.009386725457159129,0.09806973848069737
88,ornamentals,2011,0,0
88,ornamentals,2012,0,0
88,ornamentals,2013,0,0
88,ornamentals,2014,0,0
88,ornamentals,2015,0,0
88,ornamentals,2016,0,0
88,ornamentals,2017,0,0
88,ornamentals,2018,0,0
88,ornamentals,2019,0,0
88,ornamentals,2020,0,0
88,ornamentals,2021,0,0
88,ornamentals,2022,0,0
96,ornamentals,1995,5,10.535498314761071
96,ornamentals,1996,5,10.429735411796685
96,ornamentals,1997,3.3333333333333335,6.95315694119779
96,ornamentals,1998,2.656986739697879,6.964867705898342
96,ornamentals,1999,1.6569867396978788,5.580993127208075
96,ornamentals,2000,0.4069867396978788,3
96,ornamentals,2001,0.4069867396978788,3.5
96,ornamentals,2002,0.25,1.75
96,ornamentals,2003,0,0.5
96,ornamentals,2004,0,2
96,ornamentals,2005,0,1.5
96,ornamentals,2006,0,2.5
96,ornamentals,2007,0,2.5
96,ornamentals,2008,0,1
96,ornamentals,2009,0,2.5
96,ornamentals,2010,0,2.75
96,ornamentals,2011,0,2.75
96,ornamentals,2012,0,2.75
96,ornamentals,2013,0,1.25
96,ornamentals,2014,6.5,4.75
96,ornamentals,2015,6.5,4.75
96,ornamentals,2016,6.5,4.75
96,ornamentals,2017,6.5,4.75
96,ornamentals,2018,0,0
96,ornamentals,2019,0,0
96,ornamentals,2020,0,0
96,ornamentals,2021,0,0
96,ornamentals,2022,0,0
97,ornamentals,2000,0,1
97,ornamentals,2001,0,0.5
97,ornamentals,2002,0,0.3333333333333333
97,ornamentals,2003,0,0.5
97,ornamentals,2004,0.25,1.1432209693063697
97,ornamentals,2005,0.25,1.8932209693063697
97,ornamentals,2006,0.5,2.3932209693063697
97,ornamentals,2007,0.5,2.1432209693063697
97,ornamentals,2008,0.25,1.25
97,ornamentals,2009,0.25,0.5
97,ornamentals,2010,0,0
97,ornamentals,2011,0,0
97,ornamentals,2012,0,0.5
97,ornamentals,2013,0,0.5
97,ornamentals,2014,0,0.5
97,ornamentals,2015,0,0.5
97,ornamentals,2016,0,0
97,ornamentals,2017,0,0
97,ornamentals,2018,0,0
97,ornamentals,2019,0,0
97,ornamentals,2020,0,0
97,ornamentals,2021,0,0
97,ornamentals,2022,0,0
101,fish_oil,1997,0,0
101,fish_oil,1998,0,0
101,fish_oil,1999,0,0
101,fish_oil,2000,7,10
101,fish_oil,2001,7,10
101,fish_oil,2002,7,10
101,fish_oil,2003,7,10
101,fish_oil,2004,0,0.75
101,fish_oil,2005,6.39674707616675,9
101,fish_oil,2006,13.39674707616675,13.5
101,fish_oil,2007,13.39674707616675,13.5
101,fish_oil,2008,13.39674707616675,12.75
101,fish_oil,2009,7,4.5
101,fish_oil,2010,0,0
101,fish_oil,2011,0,0
101,fish_oil,2012,0,0
101,fish_oil,2013,0,0
101,fish_oil,2014,0,0
101,fish_oil,2015,0,0
101,fish_oil,2016,0,0
101,fish_oil,2017,0,0
101,fish_oil,2018,0,0
101,fish_oil,2019,0,0
101,fish_oil,2020,0,0
101,fish_oil,2021,0,0
101,fish_oil,2022,0,0
101,ornamentals,2000,1,5
101,ornamentals,2001,0.5,2.5
101,ornamentals,2002,7.666666666666667,4
101,ornamentals,2003,6.75,7.75
101,ornamentals,2004,26.5,48.71210806554524
101,ornamentals,2005,44.5,86.7443525822498
101,ornamentals,2006,39,84.9943525822498
101,ornamentals,2007,38,80.2443525822498
101,ornamentals,2008,18,38.032244516704566
101,ornamentals,2009,0,0
101,ornamentals,2010,0,0
101,ornamentals,2011,0,0
101,ornamentals,2012,0,0
101,ornamentals,2013,0,0
101,ornamentals,2014,0,0
101,ornamentals,2015,0,0
101,ornamentals,2016,0,0
101,ornamentals,2017,0,0
101,ornamentals,2018,0,0
101,ornamentals,2019,0,0
101,ornamentals,2020,0,0
101,ornamentals,2021,0,0
101,ornamentals,2022,0,0
101,seaweeds,2003,53,26
101,seaweeds,2004,56.5,41
101,seaweeds,2005,37.666666666666664,27.333333333333332
101,seaweeds,2006,46.75,38.75
101,seaweeds,2007,52,50.5
101,seaweeds,2008,37,36.5
101,seaweeds,2009,37,36.5
101,seaweeds,2010,18.5,18.25
101,seaweeds,2011,19,17.610494741805923
101,seaweeds,2012,19,17.610494741805923
101,seaweeds,2013,19,17.610494741805923
101,seaweeds,2014,19,17.610494741805923
101,seaweeds,2015,0,0
101,seaweeds,2016,0,0
101,seaweeds,2017,0,0
101,seaweeds,2018,0,0
101,seaweeds,2019,0,0
101,seaweeds,2020,0,0
101,seaweeds,2021,0,0
101,seaweeds,2022,0,0
102,fish_oil,1978,1.1889538357716702,2
102,fish_oil,1979,0.5944769178858351,1
102,fish_oil,1980,0.3963179452572234,0.6666666666666666
102,fish_oil,1981,0.29723845894291756,0.5
102,fish_oil,1982,0,0
102,fish_oil,1983,0,0
102,fish_oil,1984,0,0
102,fish_oil,1985,0,0
102,fish_oil,1986,13.5,16
102,fish_oil,1987,13.5,16
102,fish_oil,1988,13.5,16
102,fish_oil,1989,23.75,25.25
102,fish_oil,1990,17.75,12.5
102,fish_oil,1991,18.25,14.25
102,fish_oil,1992,19.5,17.25
102,fish_oil,1993,10.75,11.25
102,fish_oil,1994,20.80438394260149,31.5
102,fish_oil,1995,21.30438394260149,30.75
102,fish_oil,1996,20.30438394260149,28.5
102,fish_oil,1997,19.05438394260149,26
102,fish_oil,1998,19.75,16.106912653952175
102,fish_oil,1999,23.75,20.106912653952175
102,fish_oil,2000,23.5,19.356912653952175
102,fish_oil,2001,24,20.856912653952175
102,fish_oil,2002,19.25,18.25
102,fish_oil,2003,14.5,14.5
102,fish_oil,2004,26.25,17.75
102,fish_oil,2005,25.75,16
102,fish_oil,2006,16.75,13
102,fish_oil,2007,16.75,14.5
102,fish_oil,2008,5,11.25
102,fish_oil,2009,4.75,10.75
102,fish_oil,2010,0.25,2.75
102,fish_oil,2011,0.5,8
102,fish_oil,2012,0.5,8
102,fish_oil,2013,0.5,8
102,fish_oil,2014,25.25,26.2083125478455
102,fish_oil,2015,41,30.315137739305815
102,fish_oil,2016,41,30.315137739305815
102,fish_oil,2017,55.5,41.158877785293
102,fish_oil,2018,46.5,34.687173552042836
102,fish_oil,2019,30.25,22.580348360582523
102,fish_oil,2020,30.25,22.580348360582523
102,fish_oil,2021,33,24.537739367708934
102,fish_oil,2022,34.5,25.6022621062272
102,ornamentals,1985,25.730035603594786,92
102,ornamentals,1986,12.865017801797393,46
102,ornamentals,1987,8.576678534531595,30.666666666666668
102,ornamentals,1988,6.432508900898696,23
102,ornamentals,1989,0,0
102,ornamentals,1990,0,0
102,ornamentals,1991,0,0
102,ornamentals,1992,0,0
102,ornamentals,1993,0,0
102,ornamentals,1994,0,0
102,ornamentals,1995,0,0
102,ornamentals,1996,0,0
102,ornamentals,1997,0,0
102,ornamentals,1998,5.9489583156697545,21.5
102,ornamentals,1999,9.327544240628189,33
102,ornamentals,2000,11.481199604397446,39.75
102,ornamentals,2001,13.883503553597018,47.5
102,ornamentals,2002,8.72750667464562,27.5
102,ornamentals,2003,10.554993577499644,34.75
102,ornamentals,2004,9.627528162760703,31.25
102,ornamentals,2005,7.803101528340333,24.25
102,ornamentals,2006,7.5803913576368025,23.5
102,ornamentals,2007,2.8088064299774445,5
102,ornamentals,2008,1.582616480947129,1.75
102,ornamentals,2009,1.4239749687922743,1.25
102,ornamentals,2010,1.3294021151860935,1
102,ornamentals,2011,1.3629665786772591,1.25
102,ornamentals,2012,1.3629665786772591,1.25
102,ornamentals,2013,1.1937307760529112,1.25
102,ornamentals,2014,2.718052363644267,11
102,ornamentals,2015,2.75,13.181082441868
102,ornamentals,2016,8.75,41.83930132689227
102,ornamentals,2017,10.5,52.58930132689227
102,ornamentals,2018,11,54.23608719748222
102,ornamentals,2019,10.5,51.55500475561422
102,ornamentals,2020,4.5,22.89678587058995
102,ornamentals,2021,2.5,11.896785870589952
102,ornamentals,2022,0,0
102,seaweeds,1998,69,2
102,seaweeds,1999,35,1.5
102,seaweeds,2000,23.333333333333332,1.3333333333333333
102,seaweeds,2001,17.75,1.75
102,seaweeds,2002,0.5,1.25
102,seaweeds,2003,0.25,2.25
102,seaweeds,2004,0.25,5
102,seaweeds,2005,0.25,17.25
102,seaweeds,2006,0.75,22.5
102,seaweeds,2007,0.75,23.5
102,seaweeds,2008,1,23.5
102,seaweeds,2009,1,18.75
102,seaweeds,2010,0.5,18.5
102,seaweeds,2011,1.25,25.75
102,seaweeds,2012,1,29.25
102,seaweeds,2013,1,24.75
102,seaweeds,2014,8,22
102,seaweeds,2015,8,22.5
102,seaweeds,2016,8.25,21.25
102,seaweeds,2017,8.25,19.25
102,seaweeds,2018,1.75,19.25
102,seaweeds,2019,1,9.25
102,seaweeds,2020,0.75,4
102,seaweeds,2021,0.5,2.25
102,seaweeds,2022,0,0
103,ornamentals,1997,2.299268185382182,2
103,ornamentals,1998,2.155878770756079,1.5
103,ornamentals,1999,1.437252513837386,1
103,ornamentals,2000,1.0779393853780395,0.75
103,ornamentals,2001,0.5031223390324939,0.25
103,ornamentals,2002,0,0
103,ornamentals,2003,0,0
103,ornamentals,2004,0,0
103,ornamentals,2005,0,0
103,ornamentals,2006,0,2
103,ornamentals,2007,0,2.25
103,ornamentals,2008,0,2.25
103,ornamentals,2009,0,2.25
103,ornamentals,2010,0,0.25
103,ornamentals,2011,0,0
103,ornamentals,2012,0,0
103,ornamentals,2013,0,0
103,ornamentals,2014,0,0
103,ornamentals,2015,0,0
103,ornamentals,2016,0,0
103,ornamentals,2017,0,0
103,ornamentals,2018,0,0
103,ornamentals,2019,0,0
103,ornamentals,2020,0,0
103,ornamentals,2021,0,0
103,ornamentals,2022,0,0
104,ornamentals,1995,4.154199014860048,9
104,ornamentals,1996,2.077099507430024,4.5
104,ornamentals,1997,2.236580611478973,4
104,ornamentals,1998,1.6774354586092297,3
104,ornamentals,1999,0.6388857048942178,0.75
104,ornamentals,2000,0.6388857048942178,0.75
104,ornamentals,2001,0,0
104,ornamentals,2002,0,0
104,ornamentals,2003,0.593129412307956,0.75
104,ornamentals,2004,0.593129412307956,0.75
104,ornamentals,2005,0.593129412307956,0.75
104,ornamentals,2006,0.593129412307956,1.25
104,ornamentals,2007,0,0.5
104,ornamentals,2008,0,2.5
104,ornamentals,2009,0,3.75
104,ornamentals,2010,0,3.25
104,ornamentals,2011,0,3.25
104,ornamentals,2012,0,1.25
104,ornamentals,2013,0,0
104,ornamentals,2014,0,0
104,ornamentals,2015,0,0
104,ornamentals,2016,0,0
104,ornamentals,2017,0,0
104,ornamentals,2018,0,0
104,ornamentals,2019,0,0
104,ornamentals,2020,0,0
104,ornamentals,2021,0,0
104,ornamentals,2022,0,0
106,fish_oil,1999,1,1
106,fish_oil,2000,0.5,0.5
106,fish_oil,2001,0.3333333333333333,0.3333333333333333
106,fish_oil,2002,0.25,0.25
106,fish_oil,2003,0,0
106,fish_oil,2004,0,0
106,fish_oil,2005,0,0
106,fish_oil,2006,0,0
106,fish_oil,2007,0,0
106,fish_oil,2008,8,5.75
106,fish_oil,2009,24.75,23.25
106,fish_oil,2010,41.75,40.25
106,fish_oil,2011,55.75,57.30427111022382
106,fish_oil,2012,53.5,57.30427111022382
106,fish_oil,2013,48.75,55.30427111022382
106,fish_oil,2014,39.25,47.55427111022382
106,fish_oil,2015,28.5,34.25
106,fish_oil,2016,22.75,28.5
106,fish_oil,2017,10.75,13
106,fish_oil,2018,3.25,3.75
106,fish_oil,2019,0,0
106,fish_oil,2020,0,0
106,fish_oil,2021,0,0
106,fish_oil,2022,0,0
106,ornamentals,1986,0,1
106,ornamentals,1987,0.0674798227225093,2
106,ornamentals,1988,0.06476772003782354,2
106,ornamentals,1989,0.06658704853281794,2
106,ornamentals,1990,0.06658704853281794,2
106,ornamentals,1991,0.03512974281920833,1.5
106,ornamentals,1992,0.02575184963707766,1.25
106,ornamentals,1993,0.5683592697419213,7.25
106,ornamentals,1994,0.5683592697419213,7
106,ornamentals,1995,0.6031402016227494,7.25
106,ornamentals,1996,1.6632314049669334,7.75
106,ornamentals,1997,1.90461024413929,1.5
106,ornamentals,1998,1.90461024413929,1.5
106,ornamentals,1999,1.867546706610817,1
106,ornamentals,2000,0.8019975177816505,0.25
106,ornamentals,2001,0,0
106,ornamentals,2002,0,0
106,ornamentals,2003,0,0
106,ornamentals,2004,0,0
106,ornamentals,2005,0,0
106,ornamentals,2006,0,0
106,ornamentals,2007,0,0
106,ornamentals,2008,0.25,2
106,ornamentals,2009,0.25,2
106,ornamentals,2010,0.25,2
106,ornamentals,2011,0.25,2
106,ornamentals,2012,0,0
106,ornamentals,2013,16.5,8
106,ornamentals,2014,16.5,8
106,ornamentals,2015,16.5,8
106,ornamentals,2016,16.5,8
106,ornamentals,2017,0.25,0
106,ornamentals,2018,0.5,0.25
106,ornamentals,2019,0.5,0.25
106,ornamentals,2020,0.5,0.25
106,ornamentals,2021,0.25,0.25
106,ornamentals,2022,0,0
110,seaweeds,2017,10.018380260409913,31
110,seaweeds,2018,5.009190130204956,15.5
110,seaweeds,2019,3.3394600868033044,10.333333333333334
110,seaweeds,2020,4.504595065102478,13.175034286375372
110,seaweeds,2021,3.25,9.69362206743373
110,seaweeds,2022,3.75,14.69362206743373
112,ornamentals,1999,10,74
112,ornamentals,2000,12,78.5
112,ornamentals,2001,13.333333333333334,87.19982753054182
112,ornamentals,2002,13.5,79.39987064790637
112,ornamentals,2003,14.5,83.7923147433477
112,ornamentals,2004,14.5,85.9291793638101
112,ornamentals,2005,13.5,84.02930871590374
112,ornamentals,2006,14.75,101.02068339267628
112,ornamentals,2007,16.25,110.73716830028215
112,ornamentals,2008,15.25,105.60030367981975
112,ornamentals,2009,15,98.85030367981975
112,ornamentals,2010,12.5,85.60892900304721
112,ornamentals,2011,9,62.8627378855812
112,ornamentals,2012,7.5,50.42565239885607
112,ornamentals,2013,5.5,36.96637170499102
112,ornamentals,2014,4.25,24.35440290401183
112,ornamentals,2015,3.25,17.172747460298638
112,ornamentals,2016,2.25,11.859832947023762
112,ornamentals,2017,1.5,7.8191136408888156
112,ornamentals,2018,2.75,13.393114762445066
112,ornamentals,2019,2.25,10.712032320577066
112,ornamentals,2020,2.25,10.712032320577066
112,ornamentals,2021,2.25,10.712032320577066
112,ornamentals,2022,0,0
112,seaweeds,1999,3,77
112,seaweeds,2000,7,53.178169089331675
112,seaweeds,2001,7.333333333333333,43.015113171617976
112,seaweeds,2002,6.75,36.26675100214297
112,seaweeds,2003,6.75,35.01675100214297
112,seaweeds,2004,4.75,42.92766645747713
112,seaweeds,2005,3,43.255416123429484
112,seaweeds,2006,2,45
112,seaweeds,2007,1.25,27
112,seaweeds,2008,0.5,11.75
112,seaweeds,2009,1,7.75
112,seaweeds,2010,1,3
112,seaweeds,2011,1,3
112,seaweeds,2012,1,3
112,seaweeds,2013,0.25,1
112,seaweeds,2014,0,0
112,seaweeds,2015,0,0
112,seaweeds,2016,0,0
112,seaweeds,2017,0,0
112,seaweeds,2018,0,0
112,seaweeds,2019,0,0
112,seaweeds,2020,0,0
112,seaweeds,2021,0,0
112,seaweeds,2022,0,0
115,fish_oil,1976,0,0
115,fish_oil,1977,0,0
115,fish_oil,1978,0,0
115,fish_oil,1979,0,0
115,fish_oil,1980,0,0
115,fish_oil,1981,0,0
115,fish_oil,1982,0,0
115,fish_oil,1983,0,0.25
115,fish_oil,1984,0,0.5
115,fish_oil,1985,0,0.5
115,fish_oil,1986,0,0.5
115,fish_oil,1987,0,0.25
115,fish_oil,1988,0,0
115,fish_oil,1989,0,0
115,fish_oil,1990,0,0
115,fish_oil,1991,0,0
115,fish_oil,1992,0,0
115,fish_oil,1993,0,0
115,fish_oil,1994,0,0
115,fish_oil,1995,0,0
115,fish_oil,1996,0,0
115,fish_oil,1997,0.06603275615638471,0.25
115,fish_oil,1998,0.3160327561563847,1.25
115,fish_oil,1999,0.3806135744079129,1.5
115,fish_oil,2000,0.6306135744079129,2
115,fish_oil,2001,0.5645808182515282,2
115,fish_oil,2002,0.31458081825152817,1.5
115,fish_oil,2003,0.25,1.25
115,fish_oil,2004,0,0.75
115,fish_oil,2005,0,0.5
115,fish_oil,2006,0,0
115,fish_oil,2007,0,0
115,fish_oil,2008,0,0
115,fish_oil,2009,0,0
115,fish_oil,2010,0,0
115,fish_oil,2011,0,0
115,fish_oil,2012,1,6.25
115,fish_oil,2013,1,6.5
115,fish_oil,2014,1,6.5
115,fish_oil,2015,1.25,7.25
115,fish_oil,2016,0.25,1.75
115,fish_oil,2017,0.25,1.5
115,fish_oil,2018,0.25,1.5
115,fish_oil,2019,0,0.75
115,fish_oil,2020,0,0
115,fish_oil,2021,0,0
115,fish_oil,2022,0,0
115,ornamentals,1979,0,1
115,ornamentals,1980,0,0.5
115,ornamentals,1981,0,0.3333333333333333
115,ornamentals,1982,0,0.25
115,ornamentals,1983,0,0
115,ornamentals,1984,0,0
115,ornamentals,1985,0,0
115,ornamentals,1986,0,0
115,ornamentals,1987,0,0
115,ornamentals,1988,0,0
115,ornamentals,1989,0,0
115,ornamentals,1990,0,0
115,ornamentals,1991,0.06695725930318042,0.5
115,ornamentals,1992,1.7444836287847256,12.5
115,ornamentals,1993,2.1973251225519284,15.75
115,ornamentals,1994,2.1973251225519284,15.75
115,ornamentals,1995,2.1303678632487477,15.25
115,ornamentals,1996,1.432004635787981,10.25
115,ornamentals,1997,1.7837354771763652,12.75
115,ornamentals,1998,2.13369192044032,15.25
115,ornamentals,1999,2.3790638280956933,17
115,ornamentals,2000,1.7857100075198415,12.75
115,ornamentals,2001,1.54238754322704,11
115,ornamentals,2002,4.274331607340167,30.5
115,ornamentals,2003,7.1112850783382076,50.75
115,ornamentals,2004,8.443103717319133,60.25
115,ornamentals,2005,7.881853846456347,56.25
115,ornamentals,2006,6.55343417768609,46.75
115,ornamentals,2007,3.4711087990326757,24.75
115,ornamentals,2008,1.7534808386068237,12.5
115,ornamentals,2009,1.7534808386068237,12.5
115,ornamentals,2010,0,0
115,ornamentals,2011,0,0
115,ornamentals,2012,0,0
115,ornamentals,2013,0,0
115,ornamentals,2014,0,0
115,ornamentals,2015,0,0
115,ornamentals,2016,0,0
115,ornamentals,2017,0,0
115,ornamentals,2018,0,0
115,ornamentals,2019,0,0
115,ornamentals,2020,0,0
115,ornamentals,2021,0,0
115,ornamentals,2022,0,0
115,seaweeds,2005,0,0
115,seaweeds,2006,0,0
115,seaweeds,2007,0,0
115,seaweeds,2008,0.25,0
115,seaweeds,2009,0.25,0
115,seaweeds,2010,0.25,0
115,seaweeds,2011,0.25,0
115,seaweeds,2012,1.75,6
115,seaweeds,2013,2,7.5
115,seaweeds,2014,2.5,9.5
115,seaweeds,2015,2.75,10.75
115,seaweeds,2016,1.25,5.75
115,seaweeds,2017,1,4.25
115,seaweeds,2018,0.5,2.25
115,seaweeds,2019,0.25,1
115,seaweeds,2020,0,0
115,seaweeds,2021,0,0
115,seaweeds,2022,0,0
122,seaweeds,1997,0,1
122,seaweeds,1998,0,1
122,seaweeds,1999,0,0.6666666666666666
122,seaweeds,2000,0.5,7.5
122,seaweeds,2001,0.75,9.75
122,seaweeds,2002,1,12.75
122,seaweeds,2003,1.25,15.25
122,seaweeds,2004,1,10.75
122,seaweeds,2005,0.75,8.5
122,seaweeds,2006,0.5,5.25
122,seaweeds,2007,0.25,2.75
122,seaweeds,2008,0,0.25
122,seaweeds,2009,0,0
122,seaweeds,2010,0,0.25
122,seaweeds,2011,0,0.25
122,seaweeds,2012,0,0.25
122,seaweeds,2013,0,0.25
122,seaweeds,2014,0,0
122,seaweeds,2015,0,0
122,seaweeds,2016,0,0
122,seaweeds,2017,0,0
122,seaweeds,2018,0,0
122,seaweeds,2019,0,0
122,seaweeds,2020,0,0
122,seaweeds,2021,0,0
122,seaweeds,2022,0,0
124,fish_oil,1999,0,0
124,fish_oil,2000,0,0
124,fish_oil,2001,0,0
124,fish_oil,2002,0,0
124,fish_oil,2003,0,0.75
124,fish_oil,2004,0,0.75
124,fish_oil,2005,0,1
124,fish_oil,2006,0,1.25
124,fish_oil,2007,0,0.5
124,fish_oil,2008,0.25,1.75
124,fish_oil,2009,0.25,1.5
124,fish_oil,2010,0.25,1.75
124,fish_oil,2011,0.5,2.75
124,fish_oil,2012,0.25,1.5
124,fish_oil,2013,0.25,1.5
124,fish_oil,2014,0.25,1
124,fish_oil,2015,0,0
124,fish_oil,2016,0.25,1.25
124,fish_oil,2017,0.25,1.75
124,fish_oil,2018,0.25,2.25
124,fish_oil,2019,0.25,2.25
124,fish_oil,2020,0,1
124,fish_oil,2021,0,0.5
124,fish_oil,2022,0,0
124,ornamentals,1976,0,7
124,ornamentals,1977,0,3.5
124,ornamentals,1978,0,2.3333333333333335
124,ornamentals,1979,0,1.75
124,ornamentals,1980,0,0
124,ornamentals,1981,0,0
124,ornamentals,1982,0,0
124,ornamentals,1983,0,0
124,ornamentals,1984,0,0
124,ornamentals,1985,0,0
124,ornamentals,1986,0,0
124,ornamentals,1987,0,0
124,ornamentals,1988,0,0
124,ornamentals,1989,0,0
124,ornamentals,1990,0,0
124,ornamentals,1991,0,0
124,ornamentals,1992,0,0.25
124,ornamentals,1993,0,0.25
124,ornamentals,1994,0,0.25
124,ornamentals,1995,0,0.25
124,ornamentals,1996,0,0
124,ornamentals,1997,0,0
124,ornamentals,1998,0,0.25
124,ornamentals,1999,0,0.75
124,ornamentals,2000,2.5,23
124,ornamentals,2001,3.5,29.5
124,ornamentals,2002,4.25,34.75
124,ornamentals,2003,5,40.25
124,ornamentals,2004,3.25,23
124,ornamentals,2005,2.5,18.75
124,ornamentals,2006,1.75,13.25
124,ornamentals,2007,1,7.25
124,ornamentals,2008,0.25,2.25
124,ornamentals,2009,0.17961434916209762,1.25
124,ornamentals,2010,0.17961434916209762,1.25
124,ornamentals,2011,0.17961434916209762,1.75
124,ornamentals,2012,0.17961434916209762,1.75
124,ornamentals,2013,0,0.5
124,ornamentals,2014,0,0.5
124,ornamentals,2015,0,0
124,ornamentals,2016,0,1
124,ornamentals,2017,0,1
124,ornamentals,2018,0,1
124,ornamentals,2019,0,1
124,ornamentals,2020,0,0
124,ornamentals,2021,0,0
124,ornamentals,2022,0,0
124,seaweeds,2000,2,4
124,seaweeds,2001,2,6
124,seaweeds,2002,1.6666666666666667,4.666666666666667
124,seaweeds,2003,1.25,3.5
124,seaweeds,2004,0.75,2.5
124,seaweeds,2005,0.25,0.5
124,seaweeds,2006,0,0.25
124,seaweeds,2007,0,0.25
124,seaweeds,2008,0,0.25
124,seaweeds,2009,0,0.25
124,seaweeds,2010,0,0
124,seaweeds,2011,0,0
124,seaweeds,2012,0,0
124,seaweeds,2013,0,0
124,seaweeds,2014,0,0
124,seaweeds,2015,0,0
124,seaweeds,2016,0,0
124,seaweeds,2017,0,0
124,seaweeds,2018,0,0
124,seaweeds,2019,0,0
124,seaweeds,2020,0,0
124,seaweeds,2021,0,0
124,seaweeds,2022,0,0
126,ornamentals,1982,15,98.53098748500916
126,ornamentals,1983,11.407455226041968,77.26549374250459
126,ornamentals,1984,10.604970150694646,71.35404264670024
126,ornamentals,1985,9.953727613020984,74.26553198502518
126,ornamentals,1986,8.953727613020984,68.13278511377288
126,ornamentals,1987,12.25,88.47643741765214
126,ornamentals,1988,16.5,116.04739413904755
126,ornamentals,1989,21.25,139.36869030049053
126,ornamentals,1990,27,176.29634359572975
126,ornamentals,1991,23.5,152.4526912918505
126,ornamentals,1992,24.5,158.92290859694918
126,ornamentals,1993,30.75,199.47893572837336
126,ornamentals,1994,41.75,270.8745050836158
126,ornamentals,1995,40,260.3745050836158
126,ornamentals,1996,32.5,211.45054594334883
126,ornamentals,1997,19.5,126.82322265048167
126,ornamentals,1998,0,0
126,ornamentals,1999,0,0
126,ornamentals,2000,0,0
126,ornamentals,2001,0,0
126,ornamentals,2002,0,0
126,ornamentals,2003,22,143.00434538820733
126,ornamentals,2004,42.5,276.26430849391414
126,ornamentals,2005,63,409.51869212464203
126,ornamentals,2006,63,409.51869212464203
126,ornamentals,2007,62.5,406.25010662221916
126,ornamentals,2008,62.75,407.8509225235571
126,ornamentals,2009,58.5,380.2353300023303
126,ornamentals,2010,58.5,380.2353300023303
126,ornamentals,2011,37.68242230163149,241.24957011654584
126,ornamentals,2012,17.811737467760615,108.63879110950113
126,ornamentals,2013,2.2170564272970807,3.75
126,ornamentals,2014,2.2170564272970807,4.75
126,ornamentals,2015,1.5346341256655869,7
126,ornamentals,2016,0.6553189595364657,4.75
126,ornamentals,2017,0,4
126,ornamentals,2018,0,3
126,ornamentals,2019,0,0
126,ornamentals,2020,0,0
126,ornamentals,2021,0,0
126,ornamentals,2022,0,0
126,seaweeds,1994,0,0
126,seaweeds,1995,0,0.5
126,seaweeds,1996,0,0.6666666666666666
126,seaweeds,1997,0.25,6
126,seaweeds,1998,0.25,6.75
126,seaweeds,1999,0.5,9.25
126,seaweeds,2000,0.75,11.75
126,seaweeds,2001,2,13.25
126,seaweeds,2002,2,13
126,seaweeds,2003,1.75,10.5
126,seaweeds,2004,1.5,7.75
126,seaweeds,2005,0,0.75
126,seaweeds,2006,0,0.25
126,seaweeds,2007,0,0.5
126,seaweeds,2008,0.25,1.25
126,seaweeds,2009,0.25,1.5
126,seaweeds,2010,0.5,1.75
126,seaweeds,2011,0.5,1.25
126,seaweeds,2012,0.25,1.5
126,seaweeds,2013,0.25,2
126,seaweeds,2014,0,2.5
126,seaweeds,2015,0.25,4.25
126,seaweeds,2016,0.25,3.25
126,seaweeds,2017,0.25,2.5
126,seaweeds,2018,0.25,1.75
126,seaweeds,2019,0,0
126,seaweeds,2020,0,0
126,seaweeds,2021,0,0
126,seaweeds,2022,1.1006898520102624,5.75
127,fish_oil,1976,0.33418961988031803,1
127,fish_oil,1977,0.16709480994015902,0.5
127,fish_oil,1978,0.11139653996010601,0.3333333333333333
127,fish_oil,1979,0.08354740497007951,0.25
127,fish_oil,1980,0,0
127,fish_oil,1981,0.75,1.75
127,fish_oil,1982,0.75,1.75
127,fish_oil,1983,0.75,1.75
127,fish_oil,1984,1.25,2.75
127,fish_oil,1985,0.5,1.5
127,fish_oil,1986,1,3.25
127,fish_oil,1987,1.5,5
127,fish_oil,1988,1,4
127,fish_oil,1989,1,3.5
127,fish_oil,1990,0.5,1.75
127,fish_oil,1991,0,0
127,fish_oil,1992,0,0
127,fish_oil,1993,0,0
127,fish_oil,1994,0,0
127,fish_oil,1995,0.25,0.25
127,fish_oil,1996,0.25,0.25
127,fish_oil,1997,0.25,0.25
127,fish_oil,1998,0.25,0.25
127,fish_oil,1999,0.36092316704259364,0.75
127,fish_oil,2000,0.6109231670425936,1
127,fish_oil,2001,0.8609231670425936,1.25
127,fish_oil,2002,1.1109231670425936,1.5
127,fish_oil,2003,1,1
127,fish_oil,2004,0.75,0.75
127,fish_oil,2005,0.75,1
127,fish_oil,2006,0.5,0.75
127,fish_oil,2007,0.25,0.5
127,fish_oil,2008,0.25,0.5
127,fish_oil,2009,0,0
127,fish_oil,2010,0,0
127,fish_oil,2011,0,0
127,fish_oil,2012,0,0
127,fish_oil,2013,0,0
127,fish_oil,2014,0,0
127,fish_oil,2015,0,0
127,fish_oil,2016,0,0
127,fish_oil,2017,0,0
127,fish_oil,2018,0,0
127,fish_oil,2019,0,0
127,fish_oil,2020,0,0
127,fish_oil,2021,0,0
127,fish_oil,2022,0,0
129,ornamentals,1989,2,5
129,ornamentals,1990,1,3.5
129,ornamentals,1991,0.8427933272530712,2.6666666666666665
129,ornamentals,1992,9.382094995439804,9
129,ornamentals,1993,8.882094995439804,7.75
129,ornamentals,1994,15.382094995439804,11.25
129,ornamentals,1995,15.25,11
129,ornamentals,1996,6.5,4
129,ornamentals,1997,6.5,4
129,ornamentals,1998,0,0
129,ornamentals,1999,0,0
129,ornamentals,2000,0,0
129,ornamentals,2001,0,0
129,ornamentals,2002,0,0
129,ornamentals,2003,0,0
129,ornamentals,2004,0,0
129,ornamentals,2005,0,0
129,ornamentals,2006,0,0
129,ornamentals,2007,0,0
129,ornamentals,2008,0,0
129,ornamentals,2009,0,0
129,ornamentals,2010,0,0
129,ornamentals,2011,0,0
129,ornamentals,2012,0,0
129,ornamentals,2013,0,0
129,ornamentals,2014,0,0
129,ornamentals,2015,0,0
129,ornamentals,2016,0,0
129,ornamentals,2017,0,0
129,ornamentals,2018,0,0
129,ornamentals,2019,0,0
129,ornamentals,2020,0,0
129,ornamentals,2021,0,0
129,ornamentals,2022,0,0
129,seaweeds,2006,9,7
129,seaweeds,2007,7.5,6
129,seaweeds,2008,5.333333333333333,4.333333333333333
129,seaweeds,2009,4,3.25
129,seaweeds,2010,1.75,1.5
129,seaweeds,2011,0.25,0.25
129,seaweeds,2012,0,0
129,seaweeds,2013,2.75,2.25
129,seaweeds,2014,13.75,14
129,seaweeds,2015,19.25,19.5
129,seaweeds,2016,20.75,33.75
129,seaweeds,2017,18,31.5
129,seaweeds,2018,9,22
129,seaweeds,2019,3.5,16.5
129,seaweeds,2020,2.979803820220468,6
129,seaweeds,2021,3.8771137601480916,9.75
129,seaweeds,2022,3.091089071033963,12.5
130,fish_oil,1988,2,8
130,fish_oil,1989,1,4
130,fish_oil,1990,0.6666666666666666,2.6666666666666665
130,fish_oil,1991,0.5,2
130,fish_oil,1992,0,0
130,fish_oil,1993,0,0
130,fish_oil,1994,0,0
130,fish_oil,1995,0,0.75
130,fish_oil,1996,5.5,5
130,fish_oil,1997,5.5,5
130,fish_oil,1998,5.75,6.5
130,fish_oil,1999,5.761136141038713,6
130,fish_oil,2000,0.2611361410387131,1.75
130,fish_oil,2001,0.7611361410387131,3
130,fish_oil,2002,1.2611361410387132,3
130,fish_oil,2003,1.25,3
130,fish_oil,2004,1.5,3.5
130,fish_oil,2005,1,2.25
130,fish_oil,2006,0.25,0.75
130,fish_oil,2007,0.25,0.5
130,fish_oil,2008,0,0
130,fish_oil,2009,0,0
130,fish_oil,2010,0.25,0.25
130,fish_oil,2011,25.46945093524471,23.25
130,fish_oil,2012,45.46945093524471,40.25
130,fish_oil,2013,45.46945093524471,40.25
130,fish_oil,2014,45.21945093524471,40
130,fish_oil,2015,20,17
130,fish_oil,2016,0,0
130,fish_oil,2017,0,0
130,fish_oil,2018,0,0
130,fish_oil,2019,0,0
130,fish_oil,2020,0,0
130,fish_oil,2021,0,0
130,fish_oil,2022,0,0
130,ornamentals,1984,9,36
130,ornamentals,1985,4.5,18
130,ornamentals,1986,5.333333333333333,20.333333333333332
130,ornamentals,1987,11,22.853781026308802
130,ornamentals,1988,25.25,30.82813910636125
130,ornamentals,1989,45.5,51.49421974451256
130,ornamentals,1990,43.75,45.24421974451256
130,ornamentals,1991,61,62.23327043172554
130,ornamentals,1992,66.25,67.37079869324508
130,ornamentals,1993,65.25,66.33565902471594
130,ornamentals,1994,65.25,66.33565902471594
130,ornamentals,1995,62.75,63.81907905297511
130,ornamentals,1996,61.75,62.78393938444597
130,ornamentals,1997,65,65.94621390834993
130,ornamentals,1998,65,65.94621390834993
130,ornamentals,1999,66.5,67.38014141184027
130,ornamentals,2000,69.5,70.29550921854228
130,ornamentals,2001,71.25,71.97634343923457
130,ornamentals,2002,71.25,71.97634343923457
130,ornamentals,2003,48,48.466164193963266
130,ornamentals,2004,45.5,45.94958422222244
130,ornamentals,2005,40,40.47012364405825
130,ornamentals,2006,57.25,57.97139427697046
130,ornamentals,2007,75.5,76.44841357876011
130,ornamentals,2008,72.25,92.38447594790847
130,ornamentals,2009,59.5,97.66318950008895
130,ornamentals,2010,45,99.66191886717675
130,ornamentals,2011,29.75,100.68489956538708
130,ornamentals,2012,11.75,63.27330268823471
130,ornamentals,2013,8.25,55
130,ornamentals,2014,6.5,43
130,ornamentals,2015,5,34.75
130,ornamentals,2016,6.25,43.75
130,ornamentals,2017,4.5,33.5
130,ornamentals,2018,5.25,40
130,ornamentals,2019,3.75,28.75
130,ornamentals,2020,2.5,19.75
130,ornamentals,2021,1.75,14
130,ornamentals,2022,0,0
130,seaweeds,1990,3.011954322903752,51
130,seaweeds,1991,1.505977161451876,25.5
130,seaweeds,1992,1.0039847743012507,17
130,seaweeds,1993,0.752988580725938,12.75
130,seaweeds,1994,0.16994333374778847,2.75
130,seaweeds,1995,0.16994333374778847,2.75
130,seaweeds,1996,0.16994333374778847,2.75
130,seaweeds,1997,0.16994333374778847,2.75
130,seaweeds,1998,0.25,3
130,seaweeds,1999,0.5,7.5
130,seaweeds,2000,0.75,10.25
130,seaweeds,2001,1,16
130,seaweeds,2002,1,16.75
130,seaweeds,2003,0.75,12.25
130,seaweeds,2004,0.5,9.5
130,seaweeds,2005,0.25,3.75
130,seaweeds,2006,0,0
130,seaweeds,2007,0,0
130,seaweeds,2008,0,0
130,seaweeds,2009,0,0
130,seaweeds,2010,0,0
130,seaweeds,2011,0,1
130,seaweeds,2012,0,1
130,seaweeds,2013,0,1
130,seaweeds,2014,0,1
130,seaweeds,2015,0,0
130,seaweeds,2016,0,0
130,seaweeds,2017,0,0
130,seaweeds,2018,0,0
130,seaweeds,2019,0,0
130,seaweeds,2020,0,0
130,seaweeds,2021,0,0
130,seaweeds,2022,0,0
131,ornamentals,1993,84,27
131,ornamentals,1994,45,20.5
131,ornamentals,1995,30.666666666666668,15
131,ornamentals,1996,23.5,12
131,ornamentals,1997,3.75,6.5
131,ornamentals,1998,4.25,5.25
131,ornamentals,1999,3.75,4.5
131,ornamentals,2000,3.75,4.75
131,ornamentals,2001,2.75,4.25
131,ornamentals,2002,0.75,2
131,ornamentals,2003,0.75,1.75
131,ornamentals,2004,1.25,3.75
131,ornamentals,2005,1,3
131,ornamentals,2006,2.5,8.75
131,ornamentals,2007,5.75,17.5
131,ornamentals,2008,7.75,20.5
131,ornamentals,2009,7.75,20.5
131,ornamentals,2010,6.75,17.25
131,ornamentals,2011,4.5,13.25
131,ornamentals,2012,2,9.5
131,ornamentals,2013,2.5,11
131,ornamentals,2014,3.25,13
131,ornamentals,2015,4.5,15
131,ornamentals,2016,7,20.5
131,ornamentals,2017,11.5,33
131,ornamentals,2018,16.75,47
131,ornamentals,2019,14.5,40.25
131,ornamentals,2020,11.5,32.5
131,ornamentals,2021,6.5,18.5
131,ornamentals,2022,0,0
132,fish_oil,1981,1,2
132,fish_oil,1982,0.5,1
132,fish_oil,1983,0.3333333333333333,0.6666666666666666
132,fish_oil,1984,0.25,0.5
132,fish_oil,1985,0,0
132,fish_oil,1986,0,0
132,fish_oil,1987,0,0
132,fish_oil,1988,0,0
132,fish_oil,1989,0,0
132,fish_oil,1990,0,0
132,fish_oil,1991,0,0
132,fish_oil,1992,1,2.772930039233053
132,fish_oil,1993,5,14.272930039233053
132,fish_oil,1994,5.5,15.522930039233053
132,fish_oil,1995,5.75,18.272930039233053
132,fish_oil,1996,5.5,23.25
132,fish_oil,1997,6.25,34.75
132,fish_oil,1998,14.5,56.5
132,fish_oil,1999,14.25,58
132,fish_oil,2000,13.75,53.75
132,fish_oil,2001,10,37
132,fish_oil,2002,2,16.5
132,fish_oil,2003,2.5,14.75
132,fish_oil,2004,3.25,23.25
132,fish_oil,2005,3.75,35
132,fish_oil,2006,4.75,55
132,fish_oil,2007,9.25,56.668101505733276
132,fish_oil,2008,16,50.17835514067064
132,fish_oil,2009,14.5,32.17835514067064
132,fish_oil,2010,13.25,13.178355140670638
132,fish_oil,2011,9,14.510253634937362
132,fish_oil,2012,1.25,9
132,fish_oil,2013,17.75,32.75
132,fish_oil,2014,18,38
132,fish_oil,2015,20.75,35.51340780118002
132,fish_oil,2016,20.75,36.26340780118002
132,fish_oil,2017,4.25,13.513407801180024
132,fish_oil,2018,3.5,4.7634078011800245
132,fish_oil,2019,0,1.75
132,fish_oil,2020,0,1
132,fish_oil,2021,0,0
132,fish_oil,2022,0,0
132,seaweeds,1998,0,2
132,seaweeds,1999,0,2
132,seaweeds,2000,0,1.6666666666666667
132,seaweeds,2001,0,1.5
132,seaweeds,2002,0,1
132,seaweeds,2003,0,0.5
132,seaweeds,2004,0,0.25
132,seaweeds,2005,0.25,0.75
132,seaweeds,2006,0.25,1.5
132,seaweeds,2007,0.25,1.5
132,seaweeds,2008,0.25,1.5
132,seaweeds,2009,0,1.5
132,seaweeds,2010,0,1.25
132,seaweeds,2011,0,1.25
132,seaweeds,2012,0,1.25
132,seaweeds,2013,0,1.75
132,seaweeds,2014,0.5,5.75
132,seaweeds,2015,0.75,9.25
132,seaweeds,2016,0.75,9.75
132,seaweeds,2017,0.75,8.5
132,seaweeds,2018,0.25,4
132,seaweeds,2019,0,0.5
132,seaweeds,2020,0,0
132,seaweeds,2021,0,0
132,seaweeds,2022,0,0
133,fish_oil,1991,0,0
133,fish_oil,1992,20,9.5
133,fish_oil,1993,13.333333333333334,6.333333333333333
133,fish_oil,1994,10.25,5
133,fish_oil,1995,10.25,5
133,fish_oil,1996,0.25,0.25
133,fish_oil,1997,0.25,0.25
133,fish_oil,1998,0,0
133,fish_oil,1999,0,0
133,fish_oil,2000,0,0
133,fish_oil,2001,0,0
133,fish_oil,2002,6.25,4.25
133,fish_oil,2003,16.25,11.25
133,fish_oil,2004,30.25,19.5
133,fish_oil,2005,31.75,20.75
133,fish_oil,2006,25.5,16.5
133,fish_oil,2007,26.25,17.5
133,fish_oil,2008,12.25,9.25
133,fish_oil,2009,10.75,8
133,fish_oil,2010,10.75,8
133,fish_oil,2011,24.116355130991565,22
133,fish_oil,2012,24.116355130991565,22
133,fish_oil,2013,28.116355130991565,31.25
133,fish_oil,2014,49.116355130991565,54.75
133,fish_oil,2015,25,32.75
133,fish_oil,2016,30.5,36.25
133,fish_oil,2017,37,38.5
133,fish_oil,2018,16,15
133,fish_oil,2019,26.75,27.137207493575
133,fish_oil,2020,21.25,23.637207493575
133,fish_oil,2021,10.75,12.137207493575001
133,fish_oil,2022,10.75,12.137207493575001
133,ornamentals,1997,11,12
133,ornamentals,1998,12,26.5
133,ornamentals,1999,8,17.666666666666668
133,ornamentals,2000,16.25,21.75
133,ornamentals,2001,17.5,36.75
133,ornamentals,2002,14.25,26.5
133,ornamentals,2003,14.25,26.5
133,ornamentals,2004,4,18
133,ornamentals,2005,5.5,6.75
133,ornamentals,2006,5.5,6.75
133,ornamentals,2007,5.5,6.75
133,ornamentals,2008,5.5,6.75
133,ornamentals,2009,0,0
133,ornamentals,2010,0,0
133,ornamentals,2011,0,0
133,ornamentals,2012,0,0
133,ornamentals,2013,0,0
133,ornamentals,2014,0,0
133,ornamentals,2015,0,0
133,ornamentals,2016,0,0
133,ornamentals,2017,0,0
133,ornamentals,2018,0,0
133,ornamentals,2019,0,0
133,ornamentals,2020,0,0
133,ornamentals,2021,0,0
133,ornamentals,2022,0,0
134,fish_oil,1999,83,33
134,fish_oil,2000,41.5,16.5
134,fish_oil,2001,27.666666666666668,11
134,fish_oil,2002,20.75,8.25
134,fish_oil,2003,0.5,0.5
134,fish_oil,2004,0.5,0.5
134,fish_oil,2005,25,15.75
134,fish_oil,2006,33.5,21.75
134,fish_oil,2007,38,24.75
134,fish_oil,2008,64.54565251866313,48.75
134,fish_oil,2009,67.34425829746101,58.25
134,fish_oil,2010,76.84425829746101,67.5
134,fish_oil,2011,97.89103108589558,87.75
134,fish_oil,2012,71.34537856723244,63.75
134,fish_oil,2013,44.046772788434566,39
134,fish_oil,2014,26.046772788434566,23.75
134,fish_oil,2015,0,0
134,fish_oil,2016,0,0
134,fish_oil,2017,0,0
134,fish_oil,2018,0,0
134,fish_oil,2019,0,0
134,fish_oil,2020,0,0
134,fish_oil,2021,0,0
134,fish_oil,2022,0,0
134,ornamentals,1976,0,0
134,ornamentals,1977,0,0
134,ornamentals,1978,0,0
134,ornamentals,1979,0,0
134,ornamentals,1980,0,0
134,ornamentals,1981,0,0
134,ornamentals,1982,0,0
134,ornamentals,1983,0,0
134,ornamentals,1984,0,0
134,ornamentals,1985,0,0
134,ornamentals,1986,0,0
134,ornamentals,1987,0,0
134,ornamentals,1988,0.1280046536416788,0.25
134,ornamentals,1989,0.1280046536416788,0.25
134,ornamentals,1990,0.1280046536416788,0.25
134,ornamentals,1991,0.1280046536416788,0.25
134,ornamentals,1992,0,0
134,ornamentals,1993,0,0
134,ornamentals,1994,0,0
134,ornamentals,1995,0.25,0
134,ornamentals,1996,0.25,0.25
134,ornamentals,1997,0.25,0.5
134,ornamentals,1998,0.25,0.5
134,ornamentals,1999,0,0.5
134,ornamentals,2000,10,11.75
134,ornamentals,2001,10,11.5
134,ornamentals,2002,10,11.5
134,ornamentals,2003,10,11.5
134,ornamentals,2004,0,0
134,ornamentals,2005,0,0
134,ornamentals,2006,0,0
134,ornamentals,2007,0,0
134,ornamentals,2008,0,0
134,ornamentals,2009,0,0
134,ornamentals,2010,0,0
134,ornamentals,2011,0,0
134,ornamentals,2012,0,0
134,ornamentals,2013,0,0
134,ornamentals,2014,0,0
134,ornamentals,2015,0,0
134,ornamentals,2016,0,0
134,ornamentals,2017,0,0
134,ornamentals,2018,0,0
134,ornamentals,2019,0,0
134,ornamentals,2020,0,0
134,ornamentals,2021,0,0
134,ornamentals,2022,0,0
135,fish_oil,1983,92,19
135,fish_oil,1984,50.815494704072535,10.5
135,fish_oil,1985,41.03285276361813,11.333333333333334
135,fish_oil,1986,58.40485323646212,32
135,fish_oil,1987,35.40485323646212,27.25
135,fish_oil,1988,32.99710588442585,26.75
135,fish_oil,1989,27.63021366374852,23.5
135,fish_oil,1990,18.783746808566235,16
135,fish_oil,1991,29.783746808566235,20.25
135,fish_oil,1992,30.033746808566235,22.75
135,fish_oil,1993,34.033746808566235,26.75
135,fish_oil,1994,27.5,20.368640542645963
135,fish_oil,1995,29.75,23.368640542645963
135,fish_oil,1996,29.5,21.118640542645963
135,fish_oil,1997,25.5,18.368640542645963
135,fish_oil,1998,13.25,8.75
135,fish_oil,1999,0,1.5
135,fish_oil,2000,0,1.25
135,fish_oil,2001,0,1
135,fish_oil,2002,0.25,2.75
135,fish_oil,2003,0.25,4.5
135,fish_oil,2004,0.75,9.75
135,fish_oil,2005,0.75,9.25
135,fish_oil,2006,1,9.25
135,fish_oil,2007,1,8
135,fish_oil,2008,0.75,7.25
135,fish_oil,2009,1.25,18
135,fish_oil,2010,1.25,24.5
135,fish_oil,2011,2,27.75
135,fish_oil,2012,2,26.25
135,fish_oil,2013,1.75,17.5
135,fish_oil,2014,1.5,11
135,fish_oil,2015,1,10.25
135,fish_oil,2016,0.75,8
135,fish_oil,2017,0.75,7.25
135,fish_oil,2018,1,19.25
135,fish_oil,2019,0.75,16.25
135,fish_oil,2020,0.75,15.5
135,fish_oil,2021,0.5,13.75
135,fish_oil,2022,0,0
135,ornamentals,1976,0,1
135,ornamentals,1977,0.5,1
135,ornamentals,1978,0.3333333333333333,0.6666666666666666
135,ornamentals,1979,0.25,0.5
135,ornamentals,1980,0.367097075513346,0.5
135,ornamentals,1981,0.11709707551334603,0.25
135,ornamentals,1982,1.617097075513346,11
135,ornamentals,1983,1.867097075513346,12.25
135,ornamentals,1984,1.8725508645775122,12.25
135,ornamentals,1985,2.122550864577512,13.75
135,ornamentals,1986,1.3725508645775122,6.25
135,ornamentals,1987,1.6225508645775122,6.75
135,ornamentals,1988,1.75,7.5
135,ornamentals,1989,2.5,10
135,ornamentals,1990,1.75,6.75
135,ornamentals,1991,3.5,8.25
135,ornamentals,1992,4.5,9.75
135,ornamentals,1993,5.5,11.25
135,ornamentals,1994,5.75,11.5
135,ornamentals,1995,3.5,8.5
135,ornamentals,1996,2.8425472903161015,7
135,ornamentals,1997,11.265217629730195,18.75
135,ornamentals,1998,14.33230216585492,24
135,ornamentals,1999,17.348326776881628,28.75
135,ornamentals,2000,27.787386912505866,46
135,ornamentals,2001,20.98831482337868,34.75
135,ornamentals,2002,27.647082804452168,45.75
135,ornamentals,2003,29.164653455336637,48.25
135,ornamentals,2004,25.23860340366802,41.75
135,ornamentals,2005,33.56069993274384,55.5
135,ornamentals,2006,32.356460232351765,53.5
135,ornamentals,2007,34.47887762796435,57
135,ornamentals,2008,36.903718395941,61
135,ornamentals,2009,24.958023616578267,41.25
135,ornamentals,2010,16.18641079977213,26.75
135,ornamentals,2011,9.530398142248371,15.75
135,ornamentals,2012,11.9497236138403,28.75
135,ornamentals,2013,16.182742199014662,48.75
135,ornamentals,2014,19.74927127563675,65.5
135,ornamentals,2015,22.532589607455726,78.5
135,ornamentals,2016,14.04198903376681,65.25
135,ornamentals,2017,15.05274994145924,68
135,ornamentals,2018,13.787446742260244,61
135,ornamentals,2019,11.004128410441268,48
135,ornamentals,2020,7.545005370289886,32.5
135,ornamentals,2021,2.301225877423093,9.75
135,ornamentals,2022,0,0
135,seaweeds,1994,17,162.87624707190668
135,seaweeds,1995,34,326.2217420242127
135,seaweeds,1996,22.666666666666668,217.48116134947512
135,seaweeds,1997,35.25,338.37633924214015
135,seaweeds,1998,47.5,456.1314654711659
135,seaweeds,1999,54,518.6506737169907
135,seaweeds,2000,54,518.6506737169907
135,seaweeds,2001,59.75,573.965197008485
135,seaweeds,2002,63,605.2641037855441
135,seaweeds,2003,58.75,564.5161610192976
135,seaweeds,2004,75.75,727.9113802816271
135,seaweeds,2005,70.75,679.95875256105
135,seaweeds,2006,69,663.2264263092387
135,seaweeds,2007,70.25,675.3128398747497
135,seaweeds,2008,72,692.2023767431476
135,seaweeds,2009,66.25,637.04506406824
135,seaweeds,2010,66.75,641.9267926794205
135,seaweeds,2011,70.25,675.627261107923
135,seaweeds,2012,62.75,603.6590168729108
135,seaweeds,2013,64.5,620.5485537413088
135,seaweeds,2014,65.5,630.2334056553761
135,seaweeds,2015,70.5,678.3432439925399
135,seaweeds,2016,59.25,570.0267320968246
135,seaweeds,2017,44.25,425.6671441023833
135,seaweeds,2018,45.75,440.15511931933776
135,seaweeds,2019,21,202.09532426445247
135,seaweeds,2020,21,202.09532426445247
135,seaweeds,2021,21,202.09532426445247
135,seaweeds,2022,0,0
136,fish_oil,1995,2,13
136,fish_oil,1996,1,6.5
136,fish_oil,1997,0.6666666666666666,4.333333333333333
136,fish_oil,1998,0.5,3.25
136,fish_oil,1999,0,0
136,fish_oil,2000,0,0
136,fish_oil,2001,0.5,0
136,fish_oil,2002,5.75,21
136,fish_oil,2003,6.25,22.25
136,fish_oil,2004,17.5,31.25
136,fish_oil,2005,17,31.25
136,fish_oil,2006,11.75,10.75
136,fish_oil,2007,35.25,31.5
136,fish_oil,2008,24,22.5
136,fish_oil,2009,26.75,25
136,fish_oil,2010,27.5,28.25
136,fish_oil,2011,13.5,24.5
136,fish_oil,2012,13.5,24.75
136,fish_oil,2013,11,23.25
136,fish_oil,2014,10.25,20
136,fish_oil,2015,0.5,3.25
136,fish_oil,2016,6,14.5
136,fish_oil,2017,5.75,13.75
136,fish_oil,2018,6,15.5
136,fish_oil,2019,5.75,14
136,fish_oil,2020,0.25,2.5
136,fish_oil,2021,0.25,2.25
136,fish_oil,2022,0,0
136,ornamentals,1978,1,2
136,ornamentals,1979,0.5,1
136,ornamentals,1980,0.3333333333333333,0.6666666666666666
136,ornamentals,1981,0.25,0.5
136,ornamentals,1982,0,0
136,ornamentals,1983,0,0
136,ornamentals,1984,0,0
136,ornamentals,1985,0,0
136,ornamentals,1986,0,0
136,ornamentals,1987,0.5,0.5
136,ornamentals,1988,0.5,0.5
136,ornamentals,1989,0.5,0.5
136,ornamentals,1990,0.5,0.75
136,ornamentals,1991,0,0.25
136,ornamentals,1992,0,0.25
136,ornamentals,1993,0,0.25
136,ornamentals,1994,0,0
136,ornamentals,1995,0,0
136,ornamentals,1996,0,0
136,ornamentals,1997,0,0
136,ornamentals,1998,0.25,3
136,ornamentals,1999,0.25,3.25
136,ornamentals,2000,0.25,3.25
136,ornamentals,2001,0.25,3.25
136,ornamentals,2002,0,0.25
136,ornamentals,2003,0,0
136,ornamentals,2004,0,0
136,ornamentals,2005,0,0
136,ornamentals,2006,0,0
136,ornamentals,2007,0.75,1
136,ornamentals,2008,1.25,1.75
136,ornamentals,2009,1.5,2
136,ornamentals,2010,1.5,2
136,ornamentals,2011,0.75,1
136,ornamentals,2012,0.25,0.25
136,ornamentals,2013,0,0
136,ornamentals,2014,0,0
136,ornamentals,2015,0,0
136,ornamentals,2016,0,0
136,ornamentals,2017,0,0
136,ornamentals,2018,0,0
136,ornamentals,2019,0,0
136,ornamentals,2020,0,0
136,ornamentals,2021,0,0
136,ornamentals,2022,0,0
136,seaweeds,2012,1,4
136,seaweeds,2013,0.5,2
136,seaweeds,2014,0.3333333333333333,1.6666666666666667
136,seaweeds,2015,0.25,1.5
136,seaweeds,2016,0,0.75
136,seaweeds,2017,0,1.5
136,seaweeds,2018,0,1.75
136,seaweeds,2019,0,1.5
136,seaweeds,2020,0,1.25
136,seaweeds,2021,0,0.5
136,seaweeds,2022,0,0
137,fish_oil,1995,20,50
137,fish_oil,1996,18,40
137,fish_oil,1997,23,30
137,fish_oil,1998,17.25,22.5
137,fish_oil,1999,25.07474625090901,28.75
137,fish_oil,2000,26.486679983261652,29.25
137,fish_oil,2001,18.236679983261652,26.75
137,fish_oil,2002,18.236679983261652,26.75
137,fish_oil,2003,5.411933732352644,8
137,fish_oil,2004,0,0
137,fish_oil,2005,0,0
137,fish_oil,2006,0,0
137,fish_oil,2007,0.5,1.25
137,fish_oil,2008,2.25,6.25
137,fish_oil,2009,3.5,7.25
137,fish_oil,2010,3.5,7.25
137,fish_oil,2011,3,6
137,fish_oil,2012,1.25,1
137,fish_oil,2013,22.5,21.147753651901912
137,fish_oil,2014,22.5,21.147753651901912
137,fish_oil,2015,22.5,21.147753651901912
137,fish_oil,2016,22.5,21.147753651901912
137,fish_oil,2017,0,0
137,fish_oil,2018,5.25,7.5
137,fish_oil,2019,25.25,26.259821642019006
137,fish_oil,2020,25.25,26.259821642019006
137,fish_oil,2021,25.25,26.259821642019006
137,fish_oil,2022,20,18.759821642019006
137,ornamentals,1976,1,2
137,ornamentals,1977,1.5,3.5
137,ornamentals,1978,1.3333333333333333,4
137,ornamentals,1979,1.25,3.5
137,ornamentals,1980,1.25,4
137,ornamentals,1981,1,3.25
137,ornamentals,1982,1,2.5
137,ornamentals,1983,0.75,2
137,ornamentals,1984,0.75,1.25
137,ornamentals,1985,3.75,5
137,ornamentals,1986,3.5,4.5
137,ornamentals,1987,3.5,4.5
137,ornamentals,1988,6.25,8.25
137,ornamentals,1989,8.5,9.5
137,ornamentals,1990,17.75,16.75
137,ornamentals,1991,25.25,22
137,ornamentals,1992,27,22.5
137,ornamentals,1993,27.25,22.25
137,ornamentals,1994,25,24.75
137,ornamentals,1995,25.5,27.75
137,ornamentals,1996,31.5,32
137,ornamentals,1997,41.75,48.75
137,ornamentals,1998,49,50
137,ornamentals,1999,50.5,50.75
137,ornamentals,2000,49,49.5
137,ornamentals,2001,46.25,38
137,ornamentals,2002,46.5,37
137,ornamentals,2003,50.75,35
137,ornamentals,2004,43.25,32.75
137,ornamentals,2005,32.75,32.5
137,ornamentals,2006,23.75,44
137,ornamentals,2007,12.5,47.5
137,ornamentals,2008,12.25,51
137,ornamentals,2009,12,59
137,ornamentals,2010,11.5,43.87697653174665
137,ornamentals,2011,13.75,39.519638684291856
137,ornamentals,2012,18.25,38.047554817913785
137,ornamentals,2013,18.5,39.547554817913785
137,ornamentals,2014,16.75,47.51642515845548
137,ornamentals,2015,14.5,53.63721242878442
137,ornamentals,2016,8.5,46.359296295162494
137,ornamentals,2017,7.75,51.359296295162494
137,ornamentals,2018,6,54.763449422874146
137,ornamentals,2019,4,46.45056740779091
137,ornamentals,2020,4,46.45056740779091
137,ornamentals,2021,2,21.700567407790913
137,ornamentals,2022,0.5,3.9505674077909134
137,seaweeds,1996,0,0
137,seaweeds,1997,1.5,0.5
137,seaweeds,1998,1,0.3333333333333333
137,seaweeds,1999,2.75,2.527306460980121
137,seaweeds,2000,5,5.072930925725885
137,seaweeds,2001,5.75,6.543305732313572
137,seaweeds,2002,7,7.985214711705041
137,seaweeds,2003,6.75,7.691527149362962
137,seaweeds,2004,6,6.851055756059022
137,seaweeds,2005,6.25,7.104152024678802
137,seaweeds,2006,8.5,9.544383617146023
137,seaweeds,2007,12.25,13.624966702498822
137,seaweeds,2008,16.75,18.525725534294413
137,seaweeds,2009,18.75,20.6925652112807
137,seaweeds,2010,22,24.22636446567164
137,seaweeds,2011,23,25.299636480734208
137,seaweeds,2012,24,26.37290849579678
137,seaweeds,2013,22.75,37.41547752508819
137,seaweeds,2014,19.25,48.82129108164789
137,seaweeds,2015,17.5,74.87080956587658
137,seaweeds,2016,22.5,109.9177742389847
137,seaweeds,2017,28.75,124.09049345177448
137,seaweeds,2018,35.5,138.48957816371308
137,seaweeds,2019,30.75,105.30258568043098
137,seaweeds,2020,28.75,96.62026191646451
137,seaweeds,2021,20,67.26466292218957
137,seaweeds,2022,10,34.04382482744164
138,fish_oil,1994,35,5
138,fish_oil,1995,17.5,2.5
138,fish_oil,1996,11.666666666666666,1.6666666666666667
138,fish_oil,1997,8.75,1.25
138,fish_oil,1998,0,0
138,fish_oil,1999,0,0
138,fish_oil,2000,0,0
138,fish_oil,2001,0,0
138,fish_oil,2002,0,0
138,fish_oil,2003,0,0
138,fish_oil,2004,0,0
138,fish_oil,2005,0,0
138,fish_oil,2006,0,0
138,fish_oil,2007,14.75,13.75
138,fish_oil,2008,14.75,13.75
138,fish_oil,2009,39,31.25
138,fish_oil,2010,39,31.5
138,fish_oil,2011,29.75,28.25
138,fish_oil,2012,39.75,42.25
138,fish_oil,2013,31,39.4255368449508
138,fish_oil,2014,31,39.1755368449508
138,fish_oil,2015,42.25,44.48135135534274
138,fish_oil,2016,32.25,30.48135135534274
138,fish_oil,2017,16.75,15.805814510391944
138,fish_oil,2018,16.75,15.805814510391944
138,fish_oil,2019,0,0
138,fish_oil,2020,0,0
138,fish_oil,2021,0,0
138,fish_oil,2022,0,0
138,ornamentals,2012,14,50
138,ornamentals,2013,19,65.5
138,ornamentals,2014,17.666666666666668,63
138,ornamentals,2015,19.5,55.84065674462556
138,ornamentals,2016,18.25,50.84065674462556
138,ornamentals,2017,15.5,41.34065674462556
138,ornamentals,2018,26.75,30.34065674462556
138,ornamentals,2019,20.5,21.75
138,ornamentals,2020,18.25,14.25
138,ornamentals,2021,15,3.5
138,ornamentals,2022,0,0
138,seaweeds,1990,25,27.88253691837408
138,seaweeds,1991,23,25.685253771096065
138,seaweeds,1992,21,23.48797062381805
138,seaweeds,1993,23,25.664958124234914
138,seaweeds,1994,16.75,18.694323894641396
138,seaweeds,1995,11.5,12.822331238686884
138,seaweeds,1996,7.25,8.048980156371378
138,seaweeds,1997,0,0
138,seaweeds,1998,0,0
138,seaweeds,1999,0,0
138,seaweeds,2000,0,0
138,seaweeds,2001,0,0
138,seaweeds,2002,0,0
138,seaweeds,2003,0,0
138,seaweeds,2004,0,0
138,seaweeds,2005,0,0
138,seaweeds,2006,0,0
138,seaweeds,2007,0,0
138,seaweeds,2008,0,0.25
138,seaweeds,2009,0,0.25
138,seaweeds,2010,0,3.25
138,seaweeds,2011,0,5.75
138,seaweeds,2012,16,61.23676958472856
138,seaweeds,2013,29.5,107.51728768859175
138,seaweeds,2014,36.25,128.66053165273934
138,seaweeds,2015,48.25,167.04527133745398
138,seaweeds,2016,42.5,146.15128807284225
138,seaweeds,2017,34.75,118.87076996897906
138,seaweeds,2018,32.5,108.97752600483147
138,seaweeds,2019,20.5,68.09278632011683
138,seaweeds,2020,10.25,33.25
138,seaweeds,2021,4.5,14.25
138,seaweeds,2022,0,0
139,fish_oil,1976,5,2
139,fish_oil,1977,2.5,1
139,fish_oil,1978,1.6666666666666667,0.6666666666666666
139,fish_oil,1979,1.25,0.5
139,fish_oil,1980,0,0
139,fish_oil,1981,0,0
139,fish_oil,1982,0,0
139,fish_oil,1983,0,0
139,fish_oil,1984,0,0
139,fish_oil,1985,0,0
139,fish_oil,1986,0,0
139,fish_oil,1987,0,0
139,fish_oil,1988,0,0
139,fish_oil,1989,0,0
139,fish_oil,1990,0,0
139,fish_oil,1991,0.5,1
139,fish_oil,1992,1.75,7.25
139,fish_oil,1993,1.75,7.25
139,fish_oil,1994,1.75,7.25
139,fish_oil,1995,1.25,6.25
139,fish_oil,1996,0,0
139,fish_oil,1997,0,1.25
139,fish_oil,1998,0,1.25
139,fish_oil,1999,2,6.25
139,fish_oil,2000,2,6.25
139,fish_oil,2001,2,5
139,fish_oil,2002,2.25,7.25
139,fish_oil,2003,0.5,3.5
139,fish_oil,2004,0.75,4.75
139,fish_oil,2005,1,6
139,fish_oil,2006,0.75,3.75
139,fish_oil,2007,0.5,2.5
139,fish_oil,2008,0.25,1.25
139,fish_oil,2009,0,0
139,fish_oil,2010,0,0
139,fish_oil,2011,0,0
139,fish_oil,2012,0,0
139,fish_oil,2013,0,0
139,fish_oil,2014,0,0
139,fish_oil,2015,0,0
139,fish_oil,2016,0,0
139,fish_oil,2017,0,0
139,fish_oil,2018,0,0
139,fish_oil,2019,0,0
139,fish_oil,2020,0,0
139,fish_oil,2021,0,0
139,fish_oil,2022,0,0
139,ornamentals,1976,0,0
139,ornamentals,1977,0,0
139,ornamentals,1978,0,0
139,ornamentals,1979,0,0
139,ornamentals,1980,0,0
139,ornamentals,1981,0,0
139,ornamentals,1982,0,0
139,ornamentals,1983,0,0
139,ornamentals,1984,0,0
139,ornamentals,1985,0.5,3.5
139,ornamentals,1986,2.25,7.054850077532608
139,ornamentals,1987,3,15.804850077532608
139,ornamentals,1988,4.5,23.304850077532606
139,ornamentals,1989,8.5,25.852416524776604
139,ornamentals,1990,16.75,33.36083056301952
139,ornamentals,1991,26,35.66804169297329
139,ornamentals,1992,34.25,38.99093844372561
139,ornamentals,1993,34.25256014612906,41.943371996481616
139,ornamentals,1994,45.00256014612906,37.6301078807061
139,ornamentals,1995,42.75256014612906,32.07289675075233
139,ornamentals,1996,38.55217603633284,32.75
139,ornamentals,1997,37.049615890203775,32.75
139,ornamentals,1998,16.799615890203775,27.75
139,ornamentals,1999,9.549615890203775,25
139,ornamentals,2000,6.5,26.5
139,ornamentals,2001,5.25,31.75
139,ornamentals,2002,6,41.5
139,ornamentals,2003,7.5,45.75
139,ornamentals,2004,10.5,39.619817233436535
139,ornamentals,2005,12.5,30.63575172739346
139,ornamentals,2006,12,20.63575172739346
139,ornamentals,2007,10,13.635751727393458
139,ornamentals,2008,4.5,6.765934493956925
139,ornamentals,2009,0.75,1.5
139,ornamentals,2010,0,0
139,ornamentals,2011,0,0
139,ornamentals,2012,0,0
139,ornamentals,2013,0,0
139,ornamentals,2014,0,0
139,ornamentals,2015,0,0
139,ornamentals,2016,0,0
139,ornamentals,2017,0,0
139,ornamentals,2018,0,0
139,ornamentals,2019,0,0
139,ornamentals,2020,0,0
139,ornamentals,2021,0,0
139,ornamentals,2022,0,0
140,ornamentals,1988,1,43
140,ornamentals,1989,4,54.5
140,ornamentals,1990,4.666666666666667,57.333333333333336
140,ornamentals,1991,5.25,59.25
140,ornamentals,1992,6,62
140,ornamentals,1993,5.75,58.5
140,ornamentals,1994,6.25,58.5
140,ornamentals,1995,6.25,60
140,ornamentals,1996,5.25,46.5
140,ornamentals,1997,3.75,33.5
140,ornamentals,1998,1.75,17.75
140,ornamentals,1999,0,0
140,ornamentals,2000,0,0
140,ornamentals,2001,0,0
140,ornamentals,2002,0,0
140,ornamentals,2003,0,0
140,ornamentals,2004,0,0
140,ornamentals,2005,0,0
140,ornamentals,2006,0,0
140,ornamentals,2007,0,0
140,ornamentals,2008,0,0
140,ornamentals,2009,0,0
140,ornamentals,2010,0,0
140,ornamentals,2011,0,0
140,ornamentals,2012,0,0
140,ornamentals,2013,0,0
140,ornamentals,2014,0,0
140,ornamentals,2015,0,0
140,ornamentals,2016,0,0
140,ornamentals,2017,0,0
140,ornamentals,2018,0,0
140,ornamentals,2019,0,0
140,ornamentals,2020,0,0
140,ornamentals,2021,0,0
140,ornamentals,2022,0,0
141,fish_oil,1976,22,20
141,fish_oil,1977,11,10
141,fish_oil,1978,7.333333333333333,6.666666666666667
141,fish_oil,1979,5.5,5
141,fish_oil,1980,0,0
141,fish_oil,1981,0,0
141,fish_oil,1982,0,0
141,fish_oil,1983,0,0
141,fish_oil,1984,0,0
141,fish_oil,1985,0,0
141,fish_oil,1986,0,0
141,fish_oil,1987,0,0
141,fish_oil,1988,0,0
141,fish_oil,1989,0,0
141,fish_oil,1990,0,0
141,fish_oil,1991,0,0
141,fish_oil,1992,0,0
141,fish_oil,1993,0,0
141,fish_oil,1994,0,0
141,fish_oil,1995,0,0
141,fish_oil,1996,0,0
141,fish_oil,1997,0,0
141,fish_oil,1998,0,0
141,fish_oil,1999,21.25,16.006848447560305
141,fish_oil,2000,21.25,16.006848447560305
141,fish_oil,2001,21.25,16.006848447560305
141,fish_oil,2002,21.25,16.006848447560305
141,fish_oil,2003,0,0
141,fish_oil,2004,0,0
141,fish_oil,2005,0,0
141,fish_oil,2006,0,0
141,fish_oil,2007,0,0
141,fish_oil,2008,8.75,7.4976469647994435
141,fish_oil,2009,8.75,7.4976469647994435
141,fish_oil,2010,8.75,7.4976469647994435
141,fish_oil,2011,18.25,15.564056042965134
141,fish_oil,2012,9.5,8.066409078165691
141,fish_oil,2013,9.5,8.066409078165691
141,fish_oil,2014,9.5,8.066409078165691
141,fish_oil,2015,0,0
141,fish_oil,2016,0,0
141,fish_oil,2017,0,0
141,fish_oil,2018,0,0
141,fish_oil,2019,0,0
141,fish_oil,2020,0,0
141,fish_oil,2021,0,0
141,fish_oil,2022,0,0
143,fish_oil,1976,79.79874572298166,73
143,fish_oil,1977,39.89937286149083,36.5
143,fish_oil,1978,26.599581907660554,46.666666666666664
143,fish_oil,1979,40.23490549799057,50.25
143,fish_oil,1980,20.28521906724515,32
143,fish_oil,1981,20.28521906724515,32
143,fish_oil,1982,20.28521906724515,25.75
143,fish_oil,1983,0,10.5
143,fish_oil,1984,0,10.5
143,fish_oil,1985,0,17.75
143,fish_oil,1986,2.5,30.75
143,fish_oil,1987,16.155683128458023,41.5
143,fish_oil,1988,16.155683128458023,41.5
143,fish_oil,1989,16.405683128458023,35
143,fish_oil,1990,21.655683128458023,22
143,fish_oil,1991,8,11.25
143,fish_oil,1992,17.75,14.5
143,fish_oil,1993,33,26.75
143,fish_oil,1994,42.02130028605063,34.75
143,fish_oil,1995,65.52970070171853,65
143,fish_oil,1996,76.77970070171853,71
143,fish_oil,1997,85.77970070171853,75.16566667548534
143,fish_oil,1998,70.5084004156679,68.66566667548534
143,fish_oil,1999,58.75,58.91566667548534
143,fish_oil,2000,39,59.41566667548534
143,fish_oil,2001,30.5,54.65371437750327
143,fish_oil,2002,32,59.15371437750327
143,fish_oil,2003,35.75,50.74402805163311
143,fish_oil,2004,53.75,55.697943156546614
143,fish_oil,2005,54.5,56.28314877963054
143,fish_oil,2006,51.5,39.78314877963054
143,fish_oil,2007,36,27.692835105500702
143,fish_oil,2008,16.75,12.988920000587193
143,fish_oil,2009,0,0
143,fish_oil,2010,0,0
143,fish_oil,2011,0,0
143,fish_oil,2012,0,0
143,fish_oil,2013,0,0
143,fish_oil,2014,0,0
143,fish_oil,2015,0,0
143,fish_oil,2016,24,18.190970588209282
143,fish_oil,2017,39.5,36.69097058820928
143,fish_oil,2018,57.25,50.586231660743934
143,fish_oil,2019,57.25,50.586231660743934
143,fish_oil,2020,33.25,32.39526107253465
143,fish_oil,2021,17.75,13.895261072534652
143,fish_oil,2022,0,0
143,seaweeds,1994,0,2
143,seaweeds,1995,0,1
143,seaweeds,1996,0,0.6666666666666666
143,seaweeds,1997,0,0.75
143,seaweeds,1998,0,0.5
143,seaweeds,1999,0,0.75
143,seaweeds,2000,0,0.75
143,seaweeds,2001,0,0.5
143,seaweeds,2002,0,0.25
143,seaweeds,2003,0,0
143,seaweeds,2004,0,0
143,seaweeds,2005,0,0
143,seaweeds,2006,0,0
143,seaweeds,2007,0,0
143,seaweeds,2008,0,0
143,seaweeds,2009,0,0
143,seaweeds,2010,0,0
143,seaweeds,2011,6,7.02931066407703
143,seaweeds,2012,6,7.02931066407703
143,seaweeds,2013,9,28.86501757020963
143,seaweeds,2014,10.612178008352458,53.36501757020963
143,seaweeds,2015,5.612178008352458,55.198581655939734
143,seaweeds,2016,6.612178008352458,63.60024709074935
143,seaweeds,2017,4.112178008352458,46.69239292284635
143,seaweeds,2018,18.75,121.5560428659295
143,seaweeds,2019,17.75,112.69316811612237
143,seaweeds,2020,16.75,104.29150268131275
143,seaweeds,2021,16.25,99.36364994308315
143,seaweeds,2022,0,0
147,ornamentals,1976,0,2
147,ornamentals,1977,0.5,4
147,ornamentals,1978,0.6666666666666666,4.666666666666667
147,ornamentals,1979,0.5,4
147,ornamentals,1980,0.5,4
147,ornamentals,1981,0.2507954553847167,3
147,ornamentals,1982,7.954553847167034e-4,1.75
147,ornamentals,1983,7.954553847167034e-4,1.25
147,ornamentals,1984,7.954553847167034e-4,1
147,ornamentals,1985,0,0.5
147,ornamentals,1986,0,0.25
147,ornamentals,1987,0,0.25
147,ornamentals,1988,0,0
147,ornamentals,1989,0,0
147,ornamentals,1990,0,0.75
147,ornamentals,1991,0,0.75
147,ornamentals,1992,0,0.75
147,ornamentals,1993,0,0.75
147,ornamentals,1994,0,0
147,ornamentals,1995,0,0
147,ornamentals,1996,0,0
147,ornamentals,1997,0,0
147,ornamentals,1998,0.75,7.25
147,ornamentals,1999,3.75,25.25
147,ornamentals,2000,8.75,53.999939512346174
147,ornamentals,2001,17.25,102.54826561377303
147,ornamentals,2002,28.5,163.64497830428053
147,ornamentals,2003,39.5,225.29042835801474
147,ornamentals,2004,47.75,271.90198601523036
147,ornamentals,2005,51,290.1813795862659
147,ornamentals,2006,48.25,274.46217625388533
147,ornamentals,2007,41,233.24402524394264
147,ornamentals,2008,36.5,207.60856448139901
147,ornamentals,2009,31.5,179.1398873102374
147,ornamentals,2010,28.25,160.5874675692388
147,ornamentals,2011,26.75,140.91016852544732
147,ornamentals,2012,23.75,114.93413211842912
147,ornamentals,2013,20.75,94.83285152341783
147,ornamentals,2014,22,95.51463185563216
147,ornamentals,2015,22,101.95603174774482
147,ornamentals,2016,16.25,78.20603174774482
147,ornamentals,2017,12.5,59.94826984145536
147,ornamentals,2018,5.25,25.191399892112656
147,ornamentals,2019,0,0
147,ornamentals,2020,0,0
147,ornamentals,2021,0,0
147,ornamentals,2022,0,0
147,seaweeds,2007,0,1
147,seaweeds,2008,0,1
147,seaweeds,2009,0,1
147,seaweeds,2010,0,1.25
147,seaweeds,2011,0,1
147,seaweeds,2012,0,0.75
147,seaweeds,2013,0,0.5
147,seaweeds,2014,0,0
147,seaweeds,2015,0,0
147,seaweeds,2016,0,0
147,seaweeds,2017,0,0
147,seaweeds,2018,0,0
147,seaweeds,2019,0,0
147,seaweeds,2020,0,0
147,seaweeds,2021,0,0
147,seaweeds,2022,0,0
152,ornamentals,1995,2.466937279577408,18
152,ornamentals,1996,1.3490222830520189,10
152,ornamentals,1997,1.169034379880781,8.666666666666666
152,ornamentals,1998,1.2587005160488607,9.25
152,ornamentals,1999,1.5552736750542895,11.25
152,ornamentals,2000,1.497496853422632,10.75
152,ornamentals,2001,1.2952322100380558,9.25
152,ornamentals,2002,0.9133074788997808,6.75
152,ornamentals,2003,0,0.25
152,ornamentals,2004,0,0.25
152,ornamentals,2005,0,0.25
152,ornamentals,2006,0,0
152,ornamentals,2007,0.25,0.25
152,ornamentals,2008,0.25,0.25
152,ornamentals,2009,0.25,0.25
152,ornamentals,2010,1.9788836661647116,12.25
152,ornamentals,2011,1.7288836661647116,12
152,ornamentals,2012,1.7288836661647116,12
152,ornamentals,2013,1.7288836661647116,12
152,ornamentals,2014,0,0
152,ornamentals,2015,0,0
152,ornamentals,2016,0,0
152,ornamentals,2017,0,0
152,ornamentals,2018,0,0
152,ornamentals,2019,0,0
152,ornamentals,2020,0,0
152,ornamentals,2021,0,0
152,ornamentals,2022,0,0
153,ornamentals,1992,13,76.42683300858482
153,ornamentals,1993,11,82.71341650429241
153,ornamentals,1994,12.666666666666666,86.19331276630489
153,ornamentals,1995,9.5,64.64498457472867
153,ornamentals,1996,6.25,45.53827632258246
153,ornamentals,1997,4,23.288276322582462
153,ornamentals,1998,3.5,20.318546828982903
153,ornamentals,1999,5.5,38.8185468289829
153,ornamentals,2000,9,59.06883711547505
153,ornamentals,2001,10.5,69.06883711547505
153,ornamentals,2002,10,73.25029028649215
153,ornamentals,2003,12.75,81.98123678079317
153,ornamentals,2004,11.5,84.23094649430102
153,ornamentals,2005,12.76505785743915,93.73094649430102
153,ornamentals,2006,13.026326196639026,92.23094649430102
153,ornamentals,2007,8.276326196639026,65
153,ornamentals,2008,6.026326196639026,42.5
153,ornamentals,2009,3.2612683391998756,23
153,ornamentals,2010,0,0
153,ornamentals,2011,0,0
153,ornamentals,2012,0,0
153,ornamentals,2013,0,0
153,ornamentals,2014,0,0
153,ornamentals,2015,0,0
153,ornamentals,2016,0,0
153,ornamentals,2017,0,0
153,ornamentals,2018,0,0
153,ornamentals,2019,0,0
153,ornamentals,2020,0,0
153,ornamentals,2021,0,0
153,ornamentals,2022,0,0
155,ornamentals,2009,1,10
155,ornamentals,2010,0.5,5
155,ornamentals,2011,0.8146187331787497,6.333333333333333
155,ornamentals,2012,2.8609640498840623,8.5
155,ornamentals,2013,3.3609640498840623,7
155,ornamentals,2014,3.3609640498840623,7
155,ornamentals,2015,3,4.75
155,ornamentals,2016,0.75,1
155,ornamentals,2017,0,0
155,ornamentals,2018,0,0
155,ornamentals,2019,0,0
155,ornamentals,2020,0,0
155,ornamentals,2021,0,0
155,ornamentals,2022,0,0
155,seaweeds,2000,91,111.64663662031683
155,seaweeds,2001,45.5,55.82331831015841
155,seaweeds,2002,40,49.548878873438944
155,seaweeds,2003,30,37.16165915507921
155,seaweeds,2004,7.25,9.25
155,seaweeds,2005,7.25,9.25
155,seaweeds,2006,0,0
155,seaweeds,2007,10.353993464708934,21
155,seaweeds,2008,13.103993464708934,26.75
155,seaweeds,2009,13.103993464708934,26.75
155,seaweeds,2010,13.103993464708934,27
155,seaweeds,2011,2.75,6
155,seaweeds,2012,0,0.25
155,seaweeds,2013,0,0.25
155,seaweeds,2014,0,0
155,seaweeds,2015,0,0
155,seaweeds,2016,0,0
155,seaweeds,2017,0,0
155,seaweeds,2018,0,0
155,seaweeds,2019,0,0
155,seaweeds,2020,0,0
155,seaweeds,2021,0,0
155,seaweeds,2022,0,0
162,fish_oil,1988,63,167.4772264711932
162,fish_oil,1989,58.5,155.52979528404313
162,fish_oil,1990,58,140.35319685602875
162,fish_oil,1991,60.25,141.43408662388381
162,fish_oil,1992,57,126.30719688702737
162,fish_oil,1993,58.75,113.91927109939708
162,fish_oil,1994,44.5,86.41927109939708
162,fish_oil,1995,42.25,72.65941978361604
162,fish_oil,1996,42.25,64.41700290267418
162,fish_oil,1997,27,40.909337666081214
162,fish_oil,1998,37.25,56.66507713702744
162,fish_oil,1999,38.5,58.873796014647226
162,fish_oil,2000,33.75,56.123796014647226
162,fish_oil,2001,48.75,79.64352498783647
162,fish_oil,2002,38.5,63.88778551689025
162,fish_oil,2003,36.75,61.290641828717355
162,fish_oil,2004,41,64.40921534251856
162,fish_oil,2005,48.25,76.22965935172371
162,fish_oil,2006,48.25,76.22965935172371
162,fish_oil,2007,34.25,54.2087464961956
162,fish_oil,2008,39.75,63.225770675354994
162,fish_oil,2009,17.5,27.8855976929606
162,fish_oil,2010,17.5,27.8855976929606
162,fish_oil,2011,17.5,27.8855976929606
162,fish_oil,2012,0,0
162,fish_oil,2013,0,0
162,fish_oil,2014,0,0
162,fish_oil,2015,23.5,37.858306072823424
162,fish_oil,2016,23.5,37.858306072823424
162,fish_oil,2017,41.25,66.60851363214731
162,fish_oil,2018,51,82.59465671815893
162,fish_oil,2019,27.5,44.736350645335506
162,fish_oil,2020,27.5,44.736350645335506
162,fish_oil,2021,9.75,15.986143086011623
162,fish_oil,2022,0,0
162,ornamentals,1988,0,0
162,ornamentals,1989,0,0
162,ornamentals,1990,0,0
162,ornamentals,1991,0,0.25
162,ornamentals,1992,0,1.25
162,ornamentals,1993,0,1.25
162,ornamentals,1994,0.25,2
162,ornamentals,1995,0.25,2.5
162,ornamentals,1996,0.25,1.75
162,ornamentals,1997,0.25,1.75
162,ornamentals,1998,0.25,4
162,ornamentals,1999,0.25,3.5
162,ornamentals,2000,0.25,3.25
162,ornamentals,2001,0.25,3.25
162,ornamentals,2002,0,1.75
162,ornamentals,2003,0,6.5
162,ornamentals,2004,17.25,99.54255238668893
162,ornamentals,2005,18.25,112.04255238668893
162,ornamentals,2006,23,136.56574686896295
162,ornamentals,2007,26.75,148.81574686896295
162,ornamentals,2008,11.25,69.27319448227402
162,ornamentals,2009,10.25,56.77319448227402
162,ornamentals,2010,5.5,30.75
162,ornamentals,2011,1.75,13.5
162,ornamentals,2012,0,0
162,ornamentals,2013,0,0
162,ornamentals,2014,0,0
162,ornamentals,2015,0,0
162,ornamentals,2016,0,0
162,ornamentals,2017,0,0
162,ornamentals,2018,0,0
162,ornamentals,2019,0,0
162,ornamentals,2020,0,0
162,ornamentals,2021,0,0
162,ornamentals,2022,0,0
162,seaweeds,1990,3.1387824537857583,20
162,seaweeds,1991,4.9871742021537315,34.5
162,seaweeds,1992,3.324782801435821,23
162,seaweeds,1993,4.286684990298713,30.25
162,seaweeds,1994,9.845651946413293,82.50632141943373
162,seaweeds,1995,13.448944763817252,117.89915910530479
162,seaweeds,1996,15.248509346113217,133.82469729567325
162,seaweeds,1997,16.018791427300727,142.85788660369147
162,seaweeds,1998,13.072117397052999,115.66931349089569
162,seaweeds,1999,11.759933092018613,97.02496734834241
162,seaweeds,2000,11.460368509722649,95.411344848699
162,seaweeds,2001,23.168433979183213,201.1110281289977
162,seaweeds,2002,22.021445439869918,191.45317865911187
162,seaweeds,2003,20.771445439869918,186.22223707019594
162,seaweeds,2004,24.271445439869918,216.4624303324925
162,seaweeds,2005,11.75,109.74127508266446
162,seaweeds,2006,13.5,123.32158090759874
162,seaweeds,2007,11.5,101.80403095319689
162,seaweeds,2008,8.75,79.85195451306849
162,seaweeds,2009,8.5,74.66523989439507
162,seaweeds,2010,19.25,154.0063975459979
162,seaweeds,2011,37.25,290.609790307963
162,seaweeds,2012,37.75,295.6288487190471
162,seaweeds,2013,43.75,332.0459498623136
162,seaweeds,2014,44,305.63259311199965
162,seaweeds,2015,43,268.43417639262964
162,seaweeds,2016,62.25,365.7736784858412
162,seaweeds,2017,59.5,356.59423113189894
162,seaweeds,2018,51,319.93981955351717
162,seaweeds,2019,33.25,218.28484351092212
162,seaweeds,2020,11.25,93.32625049373326
162,seaweeds,2021,6.5,50.26359398459353
162,seaweeds,2022,0,0
163,seaweeds,1994,62,656.7876604153935
163,seaweeds,1995,31,328.39383020769674
163,seaweeds,1996,20.666666666666668,218.9292201384645
163,seaweeds,1997,15.5,164.19691510384837
163,seaweeds,1998,0,0
163,seaweeds,1999,21.75,228.1916949071832
163,seaweeds,2000,39.5,414.727861286815
163,seaweeds,2001,55.25,580.3530646582169
163,seaweeds,2002,75.5,792.4871429591826
163,seaweeds,2003,68.25,716.6225029960078
163,seaweeds,2004,69.5,728.9222664899482
163,seaweeds,2005,53.75,563.2970631185465
163,seaweeds,2006,53.5,560.0384024729962
163,seaweeds,2007,39,407.7113475289878
163,seaweeds,2008,20,208.87541765541545
163,seaweeds,2009,20,208.87541765541545
163,seaweeds,2010,0,0
163,seaweeds,2011,0,0
163,seaweeds,2012,0,0
163,seaweeds,2013,0,0
163,seaweeds,2014,0,0
163,seaweeds,2015,0,0
163,seaweeds,2016,24.25,251.29364449488497
163,seaweeds,2017,24.25,251.29364449488497
163,seaweeds,2018,24.25,251.29364449488497
163,seaweeds,2019,24.25,251.29364449488497
163,seaweeds,2020,0,0
163,seaweeds,2021,0,0
163,seaweeds,2022,0,0
164,ornamentals,1977,3.476260658501486,6
164,ornamentals,1978,1.738130329250743,3
164,ornamentals,1979,8.97445715705309,15
164,ornamentals,1980,16.525487858953085,27.5
164,ornamentals,1981,15.656422694327713,26
164,ornamentals,1982,16.985940153829382,28.25
164,ornamentals,1983,12.152619985068586,20.25
164,ornamentals,1984,3.5390076617570427,6
164,ornamentals,1985,6.233520638695107,10.5
164,ornamentals,1986,7.902302975761604,13.25
164,ornamentals,1987,7.907756764825771,13.25
164,ornamentals,1988,9.274115729528207,15.5
164,ornamentals,1989,12.908649986961095,21.5
164,ornamentals,1990,12.30925703129714,20.5
164,ornamentals,1991,15.490156230183937,25.75
164,ornamentals,1992,17.46136193961449,29
164,ornamentals,1993,15.19864043594821,25.25
164,ornamentals,1994,18.228327948652975,30.25
164,ornamentals,1995,15.513517426298362,31.25
164,ornamentals,1996,12.744920084313646,32.75
164,ornamentals,1997,11.678594353608979,37.75
164,ornamentals,1998,6.25,28.75
164,ornamentals,1999,4.75,20.75
164,ornamentals,2000,9.495256840479438,22.5
164,ornamentals,2001,9.514008346038228,15.75
164,ornamentals,2002,12.987758357409149,21.5
164,ornamentals,2003,26.98775835740915,32.5
164,ornamentals,2004,33.742501516929714,44.25
164,ornamentals,2005,53.223750011370925,63
164,ornamentals,2006,64,70
164,ornamentals,2007,60,69.32909763412542
164,ornamentals,2008,56.5,56.89941035111853
164,ornamentals,2009,41,40.49187097895991
164,ornamentals,2010,31.75,48.74187097895991
164,ornamentals,2011,29.25,46.225291007219084
164,ornamentals,2012,31.25,48.15303194511331
164,ornamentals,2013,31,47.858612428190014
164,ornamentals,2014,26,26.858612428190014
164,ornamentals,2015,18.5,19.046094765805424
164,ornamentals,2016,6.75,7.048041110918074
164,ornamentals,2017,0,0
164,ornamentals,2018,0,0
164,ornamentals,2019,0,0
164,ornamentals,2020,0,0
164,ornamentals,2021,0,0
164,ornamentals,2022,0,0
164,seaweeds,1994,0,2
164,seaweeds,1995,0.5,3
164,seaweeds,1996,0.3333333333333333,2
164,seaweeds,1997,0.25,2
164,seaweeds,1998,0.25,2
164,seaweeds,1999,0,1
164,seaweeds,2000,0,1
164,seaweeds,2001,0,0.5
164,seaweeds,2002,0,0
164,seaweeds,2003,0,0
164,seaweeds,2004,0,0
164,seaweeds,2005,0,0
164,seaweeds,2006,0,0
164,seaweeds,2007,0,0
164,seaweeds,2008,0,0
164,seaweeds,2009,0,0
164,seaweeds,2010,0,0
164,seaweeds,2011,0,0
164,seaweeds,2012,0,0
164,seaweeds,2013,0,0
164,seaweeds,2014,0,0
164,seaweeds,2015,0,0
164,seaweeds,2016,0,0
164,seaweeds,2017,0,0
164,seaweeds,2018,0,0
164,seaweeds,2019,0,0
164,seaweeds,2020,0,0
164,seaweeds,2021,0,0
164,seaweeds,2022,0,0
166,ornamentals,1976,2.482537440844237,18
166,ornamentals,1977,8.013882612669098,57.5
166,ornamentals,1978,7.991396931469563,57.333333333333336
166,ornamentals,1979,7.455531927721552,53.5
166,ornamentals,1980,7.037193785287226,50.5
166,ornamentals,1981,3.6508868391637357,26.25
166,ornamentals,1982,2.637495391048223,19
166,ornamentals,1983,3.2342481818347424,23.25
166,ornamentals,1984,4.111026057647702,29.5
166,ornamentals,1985,5.820581463823218,41.75
166,ornamentals,1986,7.362418916573974,52.75
166,ornamentals,1987,5.303681896668074,38
166,ornamentals,1988,4.224607803078381,30.25
166,ornamentals,1989,2.5150523969028655,18
166,ornamentals,1990,0,0
166,ornamentals,1991,2.0271328544882623,14.5
166,ornamentals,1992,2.0271328544882623,14.5
166,ornamentals,1993,2.0271328544882623,14.5
166,ornamentals,1994,2.0271328544882623,14.5
166,ornamentals,1995,0,0
166,ornamentals,1996,0,0
166,ornamentals,1997,0,0
166,ornamentals,1998,3,21.5
166,ornamentals,1999,3.75,26.25
166,ornamentals,2000,7,38.5
166,ornamentals,2001,7.75,51
166,ornamentals,2002,5.25,36.25
166,ornamentals,2003,5,36
166,ornamentals,2004,2,24.5
166,ornamentals,2005,1.25,12.25
166,ornamentals,2006,1.5,7.75
166,ornamentals,2007,1,3.5
166,ornamentals,2008,0.75,3
166,ornamentals,2009,0.75,2.75
166,ornamentals,2010,0,0.75
166,ornamentals,2011,0,0.5
166,ornamentals,2012,0,0.25
166,ornamentals,2013,0.25,1
166,ornamentals,2014,0.5,2.5
166,ornamentals,2015,0.5,2.75
166,ornamentals,2016,0.5,2.75
166,ornamentals,2017,0.25,2
166,ornamentals,2018,0,0.25
166,ornamentals,2019,0,0
166,ornamentals,2020,0,0
166,ornamentals,2021,0,0
166,ornamentals,2022,0,0
166,seaweeds,1991,9,26
166,seaweeds,1992,7.5,20
166,seaweeds,1993,14.333333333333334,28
166,seaweeds,1994,10.75,21
166,seaweeds,1995,8.5,14.5
166,seaweeds,1996,9.75,24.25
166,seaweeds,1997,6.25,21
166,seaweeds,1998,6.25,21
166,seaweeds,1999,6.25,21
166,seaweeds,2000,3.5,7.75
166,seaweeds,2001,0,0
166,seaweeds,2002,0,0
166,seaweeds,2003,0,0
166,seaweeds,2004,0,0
166,seaweeds,2005,0,0
166,seaweeds,2006,0,0
166,seaweeds,2007,2,1.25
166,seaweeds,2008,2,1.25
166,seaweeds,2009,3.25,4.5
166,seaweeds,2010,4.25,10
166,seaweeds,2011,2.25,8.75
166,seaweeds,2012,2.25,9
166,seaweeds,2013,1,5.75
166,seaweeds,2014,0,0.25
166,seaweeds,2015,0,0.25
166,seaweeds,2016,0,0
166,seaweeds,2017,0,0
166,seaweeds,2018,0,0
166,seaweeds,2019,0,0
166,seaweeds,2020,0,0
166,seaweeds,2021,0,0
166,seaweeds,2022,0,0
167,ornamentals,1998,80,80.58118385755716
167,ornamentals,1999,80.5,81.02560067267306
167,ornamentals,2000,70.66666666666667,81.01706711511538
167,ornamentals,2001,70.25,78.37906201608394
167,ornamentals,2002,65.25,80.98376605169466
167,ornamentals,2003,62,82.36626167974741
167,ornamentals,2004,70.75,86.36626167974741
167,ornamentals,2005,59.25,78.25
167,ornamentals,2006,59.5,71.25990560360111
167,ornamentals,2007,42.5,49.50990560360111
167,ornamentals,2008,28,33.47507925402881
167,ornamentals,2009,27.5,39.72507925402881
167,ornamentals,2010,12.75,27.4651736504277
167,ornamentals,2011,15,33.7151736504277
167,ornamentals,2012,9,27.5
167,ornamentals,2013,3.75,12
167,ornamentals,2014,3.5,9
167,ornamentals,2015,2.75,5
167,ornamentals,2016,2.75,5.5
167,ornamentals,2017,6,7.25
167,ornamentals,2018,7.5,8.5
167,ornamentals,2019,6,6.25
167,ornamentals,2020,5,3.75
167,ornamentals,2021,1.75,1.75
167,ornamentals,2022,0,0
168,ornamentals,1997,3,1
168,ornamentals,1998,1.5,0.5
168,ornamentals,1999,1,0.3333333333333333
168,ornamentals,2000,0.75,0.25
168,ornamentals,2001,0,0
168,ornamentals,2002,1.0816658414574363,2
168,ornamentals,2003,1.5695253308110821,2.75
168,ornamentals,2004,2.029273428138147,3.5
168,ornamentals,2005,2.2346321494077515,3.75
168,ornamentals,2006,1.1529663079503152,1.75
168,ornamentals,2007,1.606215699921222,3
168,ornamentals,2008,1.8331871078612423,3.75
168,ornamentals,2009,1.6278283865916379,3.5
168,ornamentals,2010,1.6278283865916379,3.5
168,ornamentals,2011,0.6867195052670851,1.5
168,ornamentals,2012,0.23485696111444554,0.75
168,ornamentals,2013,0.23485696111444554,1
168,ornamentals,2014,0.23485696111444554,1
168,ornamentals,2015,0.23485696111444554,1
168,ornamentals,2016,0,0.25
168,ornamentals,2017,0,0
168,ornamentals,2018,0,0
168,ornamentals,2019,0,0
168,ornamentals,2020,0,0
168,ornamentals,2021,0,0
168,ornamentals,2022,0,0
171,fish_oil,1976,42,33
171,fish_oil,1977,24.5,21.5
171,fish_oil,1978,16.666666666666668,15.666666666666666
171,fish_oil,1979,12.5,11.75
171,fish_oil,1980,2,3.5
171,fish_oil,1981,0.25,1
171,fish_oil,1982,0,0
171,fish_oil,1983,0,0
171,fish_oil,1984,0,0
171,fish_oil,1985,0,0
171,fish_oil,1986,0,0
171,fish_oil,1987,0,0
171,fish_oil,1988,0.25,4.25
171,fish_oil,1989,5.5,8
171,fish_oil,1990,5.5,8
171,fish_oil,1991,5.5,8
171,fish_oil,1992,11.75,5
171,fish_oil,1993,8.867506848805903,6.25
171,fish_oil,1994,8.867506848805903,10.75
171,fish_oil,1995,8.867506848805903,13.5
171,fish_oil,1996,2.3675068488059026,12.25
171,fish_oil,1997,15.75,18
171,fish_oil,1998,15.75,15.5
171,fish_oil,1999,15.75,13
171,fish_oil,2000,16,13.75
171,fish_oil,2001,0.25,3
171,fish_oil,2002,0.25,1
171,fish_oil,2003,0.25,0.75
171,fish_oil,2004,1,10.25
171,fish_oil,2005,2.25,16.75
171,fish_oil,2006,2.25,18.5
171,fish_oil,2007,2.25,20.25
171,fish_oil,2008,1.25,10.5
171,fish_oil,2009,0,5
171,fish_oil,2010,0,4.5
171,fish_oil,2011,0,4.25
171,fish_oil,2012,0,4.75
171,fish_oil,2013,0,3.75
171,fish_oil,2014,0,2.5
171,fish_oil,2015,5.5,8
171,fish_oil,2016,5.5,7
171,fish_oil,2017,5.75,9
171,fish_oil,2018,5.75,9
171,fish_oil,2019,0.25,2
171,fish_oil,2020,0.25,2
171,fish_oil,2021,0,0
171,fish_oil,2022,0,0
171,ornamentals,2004,95,94.13159580061688
171,ornamentals,2005,47.5,47.06579790030844
171,ornamentals,2006,31.666666666666668,31.377198600205627
171,ornamentals,2007,23.75,23.53289895015422
171,ornamentals,2008,0,0
171,ornamentals,2009,24.25,23.95915680780486
171,ornamentals,2010,45.75,45.401385302611324
171,ornamentals,2011,64.75,64.5549468777991
171,ornamentals,2012,66.5,104.511288355554
171,ornamentals,2013,43.5,96.93442946737665
171,ornamentals,2014,23,89.80045533407025
171,ornamentals,2015,5,82.88528150789807
171,ornamentals,2016,4.25,53.09746116667429
171,ornamentals,2017,4,44.813817771093454
171,ornamentals,2018,3.75,36.530174375512615
171,ornamentals,2019,2.75,24.291786626497014
171,ornamentals,2020,1.75,14.123265489965888
171,ornamentals,2021,0.75,6.024610965919237
171,ornamentals,2022,0,0
171,seaweeds,1990,0,2
171,seaweeds,1991,0,1
171,seaweeds,1992,0,0.6666666666666666
171,seaweeds,1993,0,0.5
171,seaweeds,1994,7.25,86.69989516114603
171,seaweeds,1995,9.75,117.16123747237255
171,seaweeds,1996,15.5,186.11679637677292
171,seaweeds,1997,15.5,187.36679637677292
171,seaweeds,1998,8.5,102.1669012156269
171,seaweeds,1999,8,94.70555890440038
171,seaweeds,2000,3.75,32.75
171,seaweeds,2001,4,36
171,seaweeds,2002,4.5,41.25
171,seaweeds,2003,3.25,25.5
171,seaweeds,2004,24.75,47.5
171,seaweeds,2005,24.5,43
171,seaweeds,2006,35.5,54.75
171,seaweeds,2007,55,70.19432499736571
171,seaweeds,2008,53,66.20375182945892
171,seaweeds,2009,76.5,93.94202390464615
171,seaweeds,2010,65.5,89.44202390464615
171,seaweeds,2011,46.75,85.51190914879511
171,seaweeds,2012,25.75,62.7524823167019
171,seaweeds,2013,3.5,51.086079451767034
171,seaweeds,2014,3.5,58.336079451767034
171,seaweeds,2015,3.5,68.07186921025236
171,seaweeds,2016,5,84.88122448635292
171,seaweeds,2017,4.5,75.55935527610056
171,seaweeds,2018,25.5,141.25864725611552
171,seaweeds,2019,24,112.75864725611552
171,seaweeds,2020,22.5,93.69929198001496
171,seaweeds,2021,21.75,86.94929198001496
171,seaweeds,2022,0,0
172,fish_oil,1977,20.060440677603893,33
172,fish_oil,1978,10.030220338801946,16.5
172,fish_oil,1979,26.115095754797036,42.666666666666664
172,fish_oil,1980,19.586321816097776,32.5
172,fish_oil,1981,14.571211646696803,24.25
172,fish_oil,1982,14.571211646696803,24.75
172,fish_oil,1983,11.82283539397387,20.25
172,fish_oil,1984,11.82283539397387,19.75
172,fish_oil,1985,11.82283539397387,19.75
172,fish_oil,1986,11.82283539397387,19.25
172,fish_oil,1987,0.25,1
172,fish_oil,1988,20.25,8.25
172,fish_oil,1989,30.206464837764344,20.75
172,fish_oil,1990,37.77901624315555,30.5
172,fish_oil,1991,51.89403304985461,49.5
172,fish_oil,1992,48.63401126041708,66.75
172,fish_oil,1993,50.42754642265274,57.75
172,fish_oil,1994,54.07714636307779,63.25
172,fish_oil,1995,40.96212955637873,44.979230653001416
172,fish_oil,1996,24.222151345816258,20.479230653001416
172,fish_oil,1997,12.472151345816258,17.229230653001416
172,fish_oil,1998,1.25,2.729230653001416
172,fish_oil,1999,8.522108823671061,12.75
172,fish_oil,2000,32.52210882367106,19.25
172,fish_oil,2001,32.52210882367106,19
172,fish_oil,2002,32.52210882367106,18.25
172,fish_oil,2003,31.75,13
172,fish_oil,2004,14.5,20.25
172,fish_oil,2005,15.75,27.5
172,fish_oil,2006,16.25,30.5
172,fish_oil,2007,8.5,24.25
172,fish_oil,2008,1.75,10.5
172,fish_oil,2009,0.5,3.25
172,fish_oil,2010,0,0.25
172,fish_oil,2011,0,0
172,fish_oil,2012,0,0
172,fish_oil,2013,0,0
172,fish_oil,2014,0,0
172,fish_oil,2015,0.25,1.5
172,fish_oil,2016,0.25,1.5
172,fish_oil,2017,0.25,1.5
172,fish_oil,2018,17,10.713674984151005
172,fish_oil,2019,16.75,9.213674984151005
172,fish_oil,2020,16.75,9.213674984151005
172,fish_oil,2021,16.75,9.213674984151005
172,fish_oil,2022,0,0
172,ornamentals,1976,4.9874682962849874,3
172,ornamentals,1977,6.288913416417159,6
172,ornamentals,1978,6.685246600425785,7
172,ornamentals,1979,6.855301800403517,7.5
172,ornamentals,1980,10.02388700074507,14.75
172,ornamentals,1981,9.79830244062331,14.5
172,ornamentals,1982,9.233300904455213,13.5
172,ornamentals,1983,8.442021384256236,12
172,ornamentals,1984,4.026569109843436,4
172,ornamentals,1985,2.3545640358278632,2
172,ornamentals,1986,2.2421184677215535,2
172,ornamentals,1987,1.4420311378363522,3.5
172,ornamentals,1988,1.4420311378363522,4
172,ornamentals,1989,2.323450115562089,4.75
172,ornamentals,1990,1.3814189777257369,4.25
172,ornamentals,1991,3.131418977725737,8
172,ornamentals,1992,3.381418977725737,9.5
172,ornamentals,1993,5.41861425791285,14.25
172,ornamentals,1994,5.16861425791285,14
172,ornamentals,1995,3.16861425791285,16
172,ornamentals,1996,2.91861425791285,21.5
172,ornamentals,1997,0,18
172,ornamentals,1998,0,20
172,ornamentals,1999,0,12
172,ornamentals,2000,0,8.75
172,ornamentals,2001,0.25,13
172,ornamentals,2002,0.5,16.25
172,ornamentals,2003,1,25.75
172,ornamentals,2004,1.25,29
172,ornamentals,2005,1.5,35.25
172,ornamentals,2006,1.75,44.5
172,ornamentals,2007,1.5,50.25
172,ornamentals,2008,1.5,58
172,ornamentals,2009,1.25,59.5
172,ornamentals,2010,1,57.5
172,ornamentals,2011,1,52
172,ornamentals,2012,0.75,36.75
172,ornamentals,2013,0.5,22.75
172,ornamentals,2014,0.25,9.75
172,ornamentals,2015,0,0
172,ornamentals,2016,0,0
172,ornamentals,2017,0,0
172,ornamentals,2018,0,0
172,ornamentals,2019,0,0
172,ornamentals,2020,0,0
172,ornamentals,2021,0,0
172,ornamentals,2022,0,0
172,seaweeds,1992,74,96
172,seaweeds,1993,37,48
172,seaweeds,1994,41,226.5438347507725
172,seaweeds,1995,44.5,333.587175403656
172,seaweeds,1996,32.25,384.4635323982497
172,seaweeds,1997,45.79480381705717,412.7135323982497
172,seaweeds,1998,33.79480381705717,271.8056563351703
172,seaweeds,1999,32.69960978087646,130.12635699459372
172,seaweeds,2000,31.199609780876457,64.75
172,seaweeds,2001,18.154805963819285,40.5
172,seaweeds,2002,18.154805963819285,40.25
172,seaweeds,2003,21,43.4499985036464
172,seaweeds,2004,27.75,59.49726053240171
172,seaweeds,2005,49.75,86.86547676156451
172,seaweeds,2006,50,91.36547676156451
172,seaweeds,2007,56.75,100.9299790017266
172,seaweeds,2008,45.5,81.6327169729713
172,seaweeds,2009,23.25,54.0145007438085
172,seaweeds,2010,23.25,55.0145007438085
172,seaweeds,2011,1,22.5
172,seaweeds,2012,0.75,18.5
172,seaweeds,2013,0.5,16.25
172,seaweeds,2014,0,7.25
172,seaweeds,2015,0,5
172,seaweeds,2016,0,2.75
172,seaweeds,2017,0,1.75
172,seaweeds,2018,0,0.5
172,seaweeds,2019,0,0.5
172,seaweeds,2020,0,0.5
172,seaweeds,2021,0,0
172,seaweeds,2022,0,0
173,fish_oil,1980,22,9
173,fish_oil,1981,46,14.5
173,fish_oil,1982,61.333333333333336,21.333333333333332
173,fish_oil,1983,46,16
173,fish_oil,1984,60.25,20.75
173,fish_oil,1985,52.75,20.5
173,fish_oil,1986,38.56634294603427,22
173,fish_oil,1987,38.56634294603427,22
173,fish_oil,1988,31.565350377379616,31.75
173,fish_oil,1989,21.565350377379616,27
173,fish_oil,1990,12.749007431345348,16.75
173,fish_oil,1991,12.749007431345348,16.75
173,fish_oil,1992,17.441753177809773,24.75
173,fish_oil,1993,26.697572280970462,36.75
173,fish_oil,1994,36.19757228097046,39.25
173,fish_oil,1995,53.44757228097046,45.5
173,fish_oil,1996,49.50581910316069,26.75
173,fish_oil,1997,58,25
173,fish_oil,1998,61.87683051295457,41.75
173,fish_oil,1999,46.12683051295457,36.25
173,fish_oil,2000,32.62683051295457,30.25
173,fish_oil,2001,17.37683051295457,22
173,fish_oil,2002,9.25,7.25
173,fish_oil,2003,10.75,9
173,fish_oil,2004,10.75,9
173,fish_oil,2005,8.25,7
173,fish_oil,2006,3,2.5
173,fish_oil,2007,0,0
173,fish_oil,2008,0,0
173,fish_oil,2009,0,0
173,fish_oil,2010,1.25,1
173,fish_oil,2011,1.25,1
173,fish_oil,2012,10.25,12.5
173,fish_oil,2013,14.5,21.25
173,fish_oil,2014,14.75,23
173,fish_oil,2015,14.75,23
173,fish_oil,2016,5.75,11.5
173,fish_oil,2017,1.5,2.75
173,fish_oil,2018,0,0
173,fish_oil,2019,0,0
173,fish_oil,2020,0,0
173,fish_oil,2021,0,0
173,fish_oil,2022,0,0
174,fish_oil,1983,64,16
174,fish_oil,1984,32,8
174,fish_oil,1985,21.333333333333332,5.333333333333333
174,fish_oil,1986,23,7
174,fish_oil,1987,7.75,3.25
174,fish_oil,1988,17.5,28
174,fish_oil,1989,18,33.75
174,fish_oil,1990,17.35140556777509,46.75
174,fish_oil,1991,16.60140556777509,46.75
174,fish_oil,1992,6.851405567775089,24.75
174,fish_oil,1993,11.351405567775089,21.25
174,fish_oil,1994,6.5,9.75
174,fish_oil,1995,9,12.455284803359596
174,fish_oil,1996,11.607759588410715,16.455284803359596
174,fish_oil,1997,9.107759588410715,21.25694942045788
174,fish_oil,1998,7.857759588410715,19.50694942045788
174,fish_oil,1999,6.357759588410715,19.551664617098282
174,fish_oil,2000,4,17.801664617098282
174,fish_oil,2001,1.5,10.75
174,fish_oil,2002,1.5,8.5
174,fish_oil,2003,2.5,21.25
174,fish_oil,2004,3.992743724841148,20.5
174,fish_oil,2005,5.492743724841148,36
174,fish_oil,2006,8.742743724841148,55.559514689529976
174,fish_oil,2007,9.242743724841148,42.96212160950174
174,fish_oil,2008,8.75,41.015452732169194
174,fish_oil,2009,19,35.33612941776512
174,fish_oil,2010,17.5,18.13226445455116
174,fish_oil,2011,17.5,18.198038493421887
174,fish_oil,2012,17.75,22.267135354293533
174,fish_oil,2013,6.25,22.446458668697602
174,fish_oil,2014,4.75,35.590808942381585
174,fish_oil,2015,2.5,43.6224279835391
174,fish_oil,2016,3.25,49.75
174,fish_oil,2017,3.5,47
174,fish_oil,2018,3.25,40
174,fish_oil,2019,3,28.75
174,fish_oil,2020,0.75,16.25
174,fish_oil,2021,0.25,9
174,fish_oil,2022,0,0
174,seaweeds,1994,0,0
174,seaweeds,1995,0.10140540558573718,2.5
174,seaweeds,1996,3.067603603723825,8.152829284811522
174,seaweeds,1997,6.550702702792869,12.928167615534818
174,seaweeds,1998,7.175650282871352,20.678167615534818
174,seaweeds,1999,7.741521851320513,25.928167615534818
174,seaweeds,2000,5.991521851320513,30.063545651926177
174,seaweeds,2001,2.809004974117464,26
174,seaweeds,2002,4.341020276212834,23
174,seaweeds,2003,4.057527040867015,27
174,seaweeds,2004,4.166744693804098,19.75
174,seaweeds,2005,3.0992615710071476,20
174,seaweeds,2006,1.1922986888332936,21
174,seaweeds,2007,3.609217652937083,20.25
174,seaweeds,2008,5.5,23.25
174,seaweeds,2009,8.5,26.25
174,seaweeds,2010,11.25,24.5
174,seaweeds,2011,9,15.5
174,seaweeds,2012,7,13.25
174,seaweeds,2013,7,11.75
174,seaweeds,2014,5.5,10
174,seaweeds,2015,6,13.5
174,seaweeds,2016,6.75,19
174,seaweeds,2017,10,28.75
174,seaweeds,2018,11.25,37
174,seaweeds,2019,10.25,32.75
174,seaweeds,2020,9,24.75
174,seaweeds,2021,2.75,10.5
174,seaweeds,2022,0,0
175,fish_oil,1976,1,1
175,fish_oil,1977,1,0.5
175,fish_oil,1978,0.6666666666666666,1
175,fish_oil,1979,0.5,0.75
175,fish_oil,1980,0.25,0.5
175,fish_oil,1981,0,0.5
175,fish_oil,1982,22.75,10
175,fish_oil,1983,27.75,12.75
175,fish_oil,1984,28.75,15
175,fish_oil,1985,29.25,16
175,fish_oil,1986,7.5,8.25
175,fish_oil,1987,2.5,5.5
175,fish_oil,1988,1.5,3.25
175,fish_oil,1989,1,2.25
175,fish_oil,1990,0,0
175,fish_oil,1991,0,0
175,fish_oil,1992,24.5,18.142614077793734
175,fish_oil,1993,48.5,32.89261407779374
175,fish_oil,1994,48.5,32.89261407779374
175,fish_oil,1995,48.5,32.89261407779374
175,fish_oil,1996,24,14.75
175,fish_oil,1997,0,0
175,fish_oil,1998,0.5,1.75
175,fish_oil,1999,23,32.660560724751505
175,fish_oil,2000,28.5,38.660560724751505
175,fish_oil,2001,28.5,39.410560724751505
175,fish_oil,2002,28,37.660560724751505
175,fish_oil,2003,5.5,6.75
175,fish_oil,2004,0,0.75
175,fish_oil,2005,0,0
175,fish_oil,2006,0.75,6.25
175,fish_oil,2007,0.75,6.25
175,fish_oil,2008,1.75,16.25
175,fish_oil,2009,21.5,31.38242037631072
175,fish_oil,2010,26,30.23894030088393
175,fish_oil,2011,26,30.23894030088393
175,fish_oil,2012,25.75,29.23894030088393
175,fish_oil,2013,6.25,20.85651992457321
175,fish_oil,2014,1,15.75
175,fish_oil,2015,1,19
175,fish_oil,2016,8.25,41.17234768726121
175,fish_oil,2017,11,47.22980337952768
175,fish_oil,2018,24.75,99.42050761363778
175,fish_oil,2019,24.75,96.17050761363778
175,fish_oil,2020,16.75,64.99815992637657
175,fish_oil,2021,13.75,52.1907042341101
175,fish_oil,2022,0,0
175,ornamentals,1988,19,66
175,ornamentals,1989,9.5,33
175,ornamentals,1990,9,31
175,ornamentals,1991,17,112.54951323833012
175,ornamentals,1992,15.5,117.79951323833012
175,ornamentals,1993,16.5,121.04951323833012
175,ornamentals,1994,15.5,114.54951323833012
175,ornamentals,1995,6.40901952180198,37
175,ornamentals,1996,3.15901952180198,17.75
175,ornamentals,1997,2.15901952180198,16
175,ornamentals,1998,3.65901952180198,37.37915882342088
175,ornamentals,1999,3.25,39.87915882342088
175,ornamentals,2000,3.5,46.87915882342088
175,ornamentals,2001,4.5,54.62915882342088
175,ornamentals,2002,2.25,44
175,ornamentals,2003,1.75,34.5
175,ornamentals,2004,1.5,25
175,ornamentals,2005,0.5,15.75
175,ornamentals,2006,0.5,14.75
175,ornamentals,2007,0.25,11.25
175,ornamentals,2008,0.25,11.5
175,ornamentals,2009,0.25,11.5
175,ornamentals,2010,0,1.5
175,ornamentals,2011,0,0.25
175,ornamentals,2012,0,0.75
175,ornamentals,2013,0,0.75
175,ornamentals,2014,0.25,8.5
175,ornamentals,2015,1.75,29.75
175,ornamentals,2016,6.5,101.30773542600897
175,ornamentals,2017,7.75,122.80773542600897
175,ornamentals,2018,8.5,130.80773542600897
175,ornamentals,2019,7,109.55773542600897
175,ornamentals,2020,2.25,37.25
175,ornamentals,2021,1,15.75
175,ornamentals,2022,0,0
175,seaweeds,1983,12,89.88037118985163
175,seaweeds,1984,9.5,72.87378785803116
175,seaweeds,1985,8.666666666666666,67.21345833533347
175,seaweeds,1986,8.5,66.0916303362849
175,seaweeds,1987,11.75,88.24242002780173
175,seaweeds,1988,16.25,118.49902393342381
175,seaweeds,1989,19.5,142.74593748220383
175,seaweeds,1990,20.25,151.22347031729964
175,seaweeds,1991,15.75,120.61417979639555
175,seaweeds,1992,10.5,97.89077475922079
175,seaweeds,1993,19,91.58487299317112
175,seaweeds,1994,23.5,92.9085296855301
175,seaweeds,1995,37.5,161.45389501852054
175,seaweeds,1996,39.75,145.84972332972137
175,seaweeds,1997,42.75,133.38133513443682
175,seaweeds,1998,61.25,208.230969700086
175,seaweeds,1999,76.25,238.27599692128646
175,seaweeds,2000,79.75,280.4881102239163
175,seaweeds,2001,64.75,282.292286813986
175,seaweeds,2002,52.25,238.64698003146606
175,seaweeds,2003,50.25,198.60865747631212
175,seaweeds,2004,56.75,242.8846420956184
175,seaweeds,2005,66.75,302.11140052010825
175,seaweeds,2006,60.25,293.57068038416116
175,seaweeds,2007,38,267.4578127960338
175,seaweeds,2008,27,192.59813241955084
175,seaweeds,2009,16.5,135.87137399506096
175,seaweeds,2010,10.5,95.05045504594635
175,seaweeds,2011,5.75,62.73922645367383
175,seaweeds,2012,3.75,64.71498059701986
175,seaweeds,2013,3,63.96498059701986
175,seaweeds,2014,6.25,86.1157702885367
175,seaweeds,2015,11.25,120.18012647963246
175,seaweeds,2016,16.75,142.0826948628991
175,seaweeds,2017,23.75,170.70329036530808
175,seaweeds,2018,19.75,162.9770858634841
175,seaweeds,2019,13,114.77316388567563
175,seaweeds,2020,7.25,73.370595502409
175,seaweeds,2021,0,21.75
175,seaweeds,2022,0,0
176,fish_oil,1984,63.76200768886366,82
176,fish_oil,1985,73.38100384443183,78
176,fish_oil,1986,75.92066922962123,82.33333333333333
176,fish_oil,1987,65.19050192221592,77.75
176,fish_oil,1988,49.25,57.25
176,fish_oil,1989,28.5,38.75
176,fish_oil,1990,8.25,16
176,fish_oil,1991,0,0
176,fish_oil,1992,0,0
176,fish_oil,1993,0,0
176,fish_oil,1994,0,0
176,fish_oil,1995,0.75,7.75
176,fish_oil,1996,0.75,7.75
176,fish_oil,1997,1,9.25
176,fish_oil,1998,1.5,14.5
176,fish_oil,1999,13,23.431417877751397
176,fish_oil,2000,34,49.25881710472457
176,fish_oil,2001,33.75,48.75881710472457
176,fish_oil,2002,33.25,44.75881710472457
176,fish_oil,2003,23,36.28054902082171
176,fish_oil,2004,3.75,31.20314979384854
176,fish_oil,2005,5,41.95314979384854
176,fish_oil,2006,8.25,61.20314979384854
176,fish_oil,2007,6.25,53
176,fish_oil,2008,7.25,40
176,fish_oil,2009,6,28.25
176,fish_oil,2010,3,16.25
176,fish_oil,2011,3.5,28.5
176,fish_oil,2012,1,26.5
176,fish_oil,2013,1,27.75
176,fish_oil,2014,1.5,32.25
176,fish_oil,2015,2,37.25
176,fish_oil,2016,1.75,31.5
176,fish_oil,2017,1.75,30.25
176,fish_oil,2018,1,17.25
176,fish_oil,2019,0,0
176,fish_oil,2020,0,0
176,fish_oil,2021,0,0
176,fish_oil,2022,0,0
176,ornamentals,1988,2,70
176,ornamentals,1989,2.5,50.5
176,ornamentals,1990,3,42.666666666666664
176,ornamentals,1991,10.5,54.719615867213804
176,ornamentals,1992,11.5,54.469615867213804
176,ornamentals,1993,21,69.7196158672138
176,ornamentals,1994,23.5,71.9696158672138
176,ornamentals,1995,23.75,71.67860256210747
176,ornamentals,1996,22.75,59.92860256210747
176,ornamentals,1997,14,43.42860256210747
176,ornamentals,1998,11.5,46.17860256210747
176,ornamentals,1999,9.25,41.12081457019826
176,ornamentals,2000,14,50.89299657222875
176,ornamentals,2001,14.75,53.75312625664918
176,ornamentals,2002,14,47.357913498180665
176,ornamentals,2003,8.25,35.62664094474752
176,ornamentals,2004,3.75,26.278755734715787
176,ornamentals,2005,2.25,22.65100014884746
176,ornamentals,2006,2.75,22.83666431242142
176,ornamentals,2007,3.5,23.499005944675616
176,ornamentals,2008,4,23.68467010824952
176,ornamentals,2009,3.75,22.4403018657826
176,ornamentals,2010,3.75,21.672611091995975
176,ornamentals,2011,3.25,19.95156538084882
176,ornamentals,2012,2.5,17.75384220102137
176,ornamentals,2013,2.5,16.986151427234745
176,ornamentals,2014,2.5,16.21846065344812
176,ornamentals,2015,2.75,15.92744734834173
176,ornamentals,2016,2.75,15.159756574555104
176,ornamentals,2017,2.75,14.392065800768478
176,ornamentals,2018,2.5,13.147697558301559
176,ornamentals,2019,1.5,8.857872925535787
176,ornamentals,2020,1,5.713325923577202
176,ornamentals,2021,0.5,2.7607016150652726
176,ornamentals,2022,0,0
176,seaweeds,1976,45,419.75687552592797
176,seaweeds,1977,40,373.0166833527004
176,seaweeds,1978,46,429.1538810278676
176,seaweeds,1979,52.5,489.96732369614375
176,seaweeds,1980,57,532.0980441498454
176,seaweeds,1981,60.75,567.2143971138838
176,seaweeds,1982,59.25,553.2301776502792
176,seaweeds,1983,61.75,576.6559181315454
176,seaweeds,1984,46,429.58597879636176
176,seaweeds,1985,51.75,483.4073117328356
176,seaweeds,1986,55,513.8474197037651
176,seaweeds,1987,34.5,322.31976629725585
176,seaweeds,1988,44.75,350.2764928517699
176,seaweeds,1989,32,194.8889857799989
176,seaweeds,1990,26.25,71.68456587313739
176,seaweeds,1991,36.25,98.9314026638943
176,seaweeds,1992,37.75,102.93519530410535
176,seaweeds,1993,49.5,134.61573412623116
176,seaweeds,1994,39,106.00719643121721
176,seaweeds,1995,53.25,144.438161151371
176,seaweeds,1996,41.5,112.47764195664593
176,seaweeds,1997,24.25,65.67780151091071
176,seaweeds,1998,24.25,65.67780151091071
176,seaweeds,1999,0,0
176,seaweeds,2000,0,0
176,seaweeds,2001,22.75,61.557851624185304
176,seaweeds,2002,43,116.35366162569119
176,seaweeds,2003,64,173.16298367195404
176,seaweeds,2004,64,173.16298367195404
176,seaweeds,2005,41.25,111.60513204776873
176,seaweeds,2006,21,56.80932204626285
176,seaweeds,2007,0,0
176,seaweeds,2008,0,0
176,seaweeds,2009,0,0
176,seaweeds,2010,0,0
176,seaweeds,2011,0,0
176,seaweeds,2012,0,0
176,seaweeds,2013,0,0
176,seaweeds,2014,0,0
176,seaweeds,2015,0,0
176,seaweeds,2016,0,0
176,seaweeds,2017,0,0
176,seaweeds,2018,0,0
176,seaweeds,2019,0,0
176,seaweeds,2020,0,0
176,seaweeds,2021,0,0
176,seaweeds,2022,0,0
177,fish_oil,1995,1,24
177,fish_oil,1996,11,56
177,fish_oil,1997,14.666666666666666,46
177,fish_oil,1998,12.5,38.75
177,fish_oil,1999,16.69387630619952,56.25
177,fish_oil,2000,13.44387630619952,37.75
177,fish_oil,2001,9.69387630619952,36.75
177,fish_oil,2002,20.44387630619952,73.50038389680924
177,fish_oil,2003,31,99.78672903063143
177,fish_oil,2004,33.75,112.03672903063143
177,fish_oil,2005,35.5,120.28672903063143
177,fish_oil,2006,26.25,91.7863451338222
177,fish_oil,2007,12.5,48.5
177,fish_oil,2008,9,42
177,fish_oil,2009,8.25,43.25
177,fish_oil,2010,5.25,30.75
177,fish_oil,2011,11,43
177,fish_oil,2012,9.75,33.75
177,fish_oil,2013,7,18.75
177,fish_oil,2014,7,18.75
177,fish_oil,2015,0,0
177,fish_oil,2016,0,0
177,fish_oil,2017,0,0
177,fish_oil,2018,0,0
177,fish_oil,2019,0,0
177,fish_oil,2020,0,0
177,fish_oil,2021,0,0
177,fish_oil,2022,0,0
177,ornamentals,1977,14,39.934894154686845
177,ornamentals,1978,13,37.74898409298726
177,ornamentals,1979,16.333333333333332,44.48080974992801
177,ornamentals,1980,19.25,50.355160818537996
177,ornamentals,1981,23.75,59.35994427309936
177,ornamentals,1982,33.25,78.65442278763038
177,ornamentals,1983,42.25,96.91993179616443
177,ornamentals,1984,52.25,117.2433798166924
177,ornamentals,1985,59.75,132.42198030723557
177,ornamentals,1986,60.25,133.19500771382124
177,ornamentals,1987,59.25,130.88112660241603
177,ornamentals,1988,52.75,121.14860624147238
177,ornamentals,1989,45,109.13160507444266
177,ornamentals,1990,45.25,112.61841857977015
177,ornamentals,1991,49,122.53735762507324
177,ornamentals,1992,38.5,94.95187645939694
177,ornamentals,1993,36.25,89.89408846748773
177,ornamentals,1994,25,67.67591160308837
177,ornamentals,1995,7.5,47.56922939470405
177,ornamentals,1996,9.75,57.88897254635776
177,ornamentals,1997,11.25,61.29665422152044
177,ornamentals,1998,12.75,63.38902825981552
177,ornamentals,1999,14.75,52.406325862448966
177,ornamentals,2000,13.5,56.336582710795255
177,ornamentals,2001,8,51.586582710795255
177,ornamentals,2002,6,58.76729760263345
177,ornamentals,2003,15.5,76.11335063869763
177,ornamentals,2004,32.75,101.15507023831623
177,ornamentals,2005,31.25,85.40507023831623
177,ornamentals,2006,29.75,65.90507023831623
177,ornamentals,2007,18.25,39.2917195996186
177,ornamentals,2008,0,0
177,ornamentals,2009,0,0
177,ornamentals,2010,0,0
177,ornamentals,2011,0,0
177,ornamentals,2012,0,0
177,ornamentals,2013,0,0
177,ornamentals,2014,0,0
177,ornamentals,2015,0,0
177,ornamentals,2016,0,0
177,ornamentals,2017,0,0
177,ornamentals,2018,0,0
177,ornamentals,2019,0,0
177,ornamentals,2020,0,0
177,ornamentals,2021,0,0
177,ornamentals,2022,0,0
177,seaweeds,1976,1,9
177,seaweeds,1977,1,11
177,seaweeds,1978,1,10.333333333333334
177,seaweeds,1979,1,9.5
177,seaweeds,1980,1.5,18.75
177,seaweeds,1981,1.75,22.75
177,seaweeds,1982,1.75,22.25
177,seaweeds,1983,2,28.5
177,seaweeds,1984,2.5,32.25
177,seaweeds,1985,2,25.75
177,seaweeds,1986,3.25,44.5
177,seaweeds,1987,3,44
177,seaweeds,1988,3.75,53.5
177,seaweeds,1989,15,91.5
177,seaweeds,1990,15.5,80.25
177,seaweeds,1991,21.25,89.25
177,seaweeds,1992,26.5,86.75
177,seaweeds,1993,15.25,48
177,seaweeds,1994,28.25,115.97462571867595
177,seaweeds,1995,25.5,129.80537341009554
177,seaweeds,1996,22.75,149.58786246321773
177,seaweeds,1997,25.75,177.60274541594387
177,seaweeds,1998,15,140.09474401169666
177,seaweeds,1999,19,177.54921947228948
177,seaweeds,2000,25.75,240.72304239498104
177,seaweeds,2001,30,280.5156403521283
177,seaweeds,2002,33.75,315.6319933161667
177,seaweeds,2003,43.75,409.2014086940658
177,seaweeds,2004,52.75,493.4183340857471
177,seaweeds,2005,68.5,640.764566884398
177,seaweeds,2006,60.5,565.9315896059309
177,seaweeds,2007,67.5,631.4435350251769
177,seaweeds,2008,47.25,442.0202976576818
177,seaweeds,2009,24.25,226.86658394915744
177,seaweeds,2010,24.25,226.86658394915744
177,seaweeds,2011,0,0
177,seaweeds,2012,17.75,166.13104343339478
177,seaweeds,2013,42,393.06440065613515
177,seaweeds,2014,42,393.06440065613515
177,seaweeds,2015,42,393.06440065613515
177,seaweeds,2016,36.5,341.67022124765964
177,seaweeds,2017,28.5,266.8948168736399
177,seaweeds,2018,40.75,381.6539386564202
177,seaweeds,2019,40.75,381.6539386564202
177,seaweeds,2020,28.5,266.9170746315009
177,seaweeds,2021,12.25,114.75912178278027
177,seaweeds,2022,0,0
178,fish_oil,1987,10.970108042005961,18
178,fish_oil,1988,5.485054021002981,9
178,fish_oil,1989,3.6567026806686536,6
178,fish_oil,1990,2.7425270105014903,4.5
178,fish_oil,1991,0,0
178,fish_oil,1992,0,0
178,fish_oil,1993,1.5,14.75
178,fish_oil,1994,1.5,14.75
178,fish_oil,1995,4.5,18.75
178,fish_oil,1996,4.5,19
178,fish_oil,1997,3,4.25
178,fish_oil,1998,5.25,5.5
178,fish_oil,1999,2.25,1.5
178,fish_oil,2000,2.25,2.5
178,fish_oil,2001,2.75,4.5
178,fish_oil,2002,0.5,4.25
178,fish_oil,2003,0.75,7.75
178,fish_oil,2004,5,12.659000853836442
178,fish_oil,2005,9,16.47075917910446
178,fish_oil,2006,9,15.470759179104459
178,fish_oil,2007,8.75,11.970759179104459
178,fish_oil,2008,4.5,5.811758325268016
178,fish_oil,2009,0,0
178,fish_oil,2010,1,4.25
178,fish_oil,2011,1,5.75
178,fish_oil,2012,2.25,8.456458665390414
178,fish_oil,2013,2.25,9.456458665390414
178,fish_oil,2014,2,7.420070309677868
178,fish_oil,2015,3.25,19.670070309677868
178,fish_oil,2016,2,16.963611644287454
178,fish_oil,2017,2.25,19.463611644287454
178,fish_oil,2018,1.5,17.25
178,fish_oil,2019,0.25,3.5
178,fish_oil,2020,0.25,3.5
178,fish_oil,2021,0,0
178,fish_oil,2022,0,0
178,ornamentals,2002,0,1
178,ornamentals,2003,0,0.5
178,ornamentals,2004,0,0.3333333333333333
178,ornamentals,2005,0,0.25
178,ornamentals,2006,0,0.25
178,ornamentals,2007,0,0.25
178,ornamentals,2008,0,0.25
178,ornamentals,2009,0,0.25
178,ornamentals,2010,0,0
178,ornamentals,2011,0,0
178,ornamentals,2012,1.25,12.25
178,ornamentals,2013,5.5,32.8772690063152
178,ornamentals,2014,5.5,32.8772690063152
178,ornamentals,2015,5.5,32.8772690063152
178,ornamentals,2016,4.25,20.627269006315203
178,ornamentals,2017,0,0
178,ornamentals,2018,0,0
178,ornamentals,2019,0,0
178,ornamentals,2020,0,0
178,ornamentals,2021,0,0
178,ornamentals,2022,0,0
178,seaweeds,1995,1,36
178,seaweeds,1996,0.5,18
178,seaweeds,1997,0.3333333333333333,12
178,seaweeds,1998,0.25,9
178,seaweeds,1999,0,0
178,seaweeds,2000,0,0
178,seaweeds,2001,0,0
178,seaweeds,2002,0,0
178,seaweeds,2003,0,0
178,seaweeds,2004,0,0
178,seaweeds,2005,0,0
178,seaweeds,2006,0,0
178,seaweeds,2007,0,0
178,seaweeds,2008,0,0
178,seaweeds,2009,1.25,20.5
178,seaweeds,2010,3.25,39.610189395495794
178,seaweeds,2011,4,57.610189395495794
178,seaweeds,2012,6.25,89.30041694328443
178,seaweeds,2013,6.25,90.55041694328443
178,seaweeds,2014,8.25,107.12862199766961
178,seaweeds,2015,9,109.87862199766961
178,seaweeds,2016,10.25,110.95682705205479
178,seaweeds,2017,25,166.53793964339502
178,seaweeds,2018,22.5,155.09954519351405
178,seaweeds,2019,21,134.34954519351405
178,seaweeds,2020,17.5,101.58111259134023
178,seaweeds,2021,1.5,24.25
178,seaweeds,2022,0,0
179,fish_oil,1995,0,0
179,fish_oil,1996,0,2
179,fish_oil,1997,5.333333333333333,9.333333333333334
179,fish_oil,1998,4.746493035072739,10
179,fish_oil,1999,5.064055791769853,10.75
179,fish_oil,2000,5.064055791769853,10
179,fish_oil,2001,1.064055791769853,4.5
179,fish_oil,2002,0.3175627566971144,2.5
179,fish_oil,2003,0,3.75
179,fish_oil,2004,1,10.75
179,fish_oil,2005,1,16.25
179,fish_oil,2006,1.25,19.75
179,fish_oil,2007,1.25,20.5
179,fish_oil,2008,0.75,19.5
179,fish_oil,2009,1.5,26.75
179,fish_oil,2010,1.25,27
179,fish_oil,2011,1.75,31.25
179,fish_oil,2012,1.25,25
179,fish_oil,2013,0.5,12.75
179,fish_oil,2014,0.5,8.25
179,fish_oil,2015,0,1.5
179,fish_oil,2016,0,1.75
179,fish_oil,2017,0,1
179,fish_oil,2018,0,1
179,fish_oil,2019,0,0.75
179,fish_oil,2020,0,0.5
179,fish_oil,2021,0,0.25
179,fish_oil,2022,0,0
179,ornamentals,1988,27,14
179,ornamentals,1989,14,13
179,ornamentals,1990,9.666666666666666,15.666666666666666
179,ornamentals,1991,7.25,14
179,ornamentals,1992,2,26
179,ornamentals,1993,1.75,23
179,ornamentals,1994,1.5,17.75
179,ornamentals,1995,5.25,28.87173065718207
179,ornamentals,1996,4,19.87805405939349
179,ornamentals,1997,4,19.87805405939349
179,ornamentals,1998,4,19.87805405939349
179,ornamentals,1999,19.75,49.141043812464716
179,ornamentals,2000,43.75,94.13439003198533
179,ornamentals,2001,43.75,94.13439003198533
179,ornamentals,2002,43.75,94.13439003198533
179,ornamentals,2003,24.25,51.49966962173204
179,ornamentals,2004,0,0
179,ornamentals,2005,0,0
179,ornamentals,2006,0,0
179,ornamentals,2007,0,0
179,ornamentals,2008,0,0
179,ornamentals,2009,20.5,42.6222033505079
179,ornamentals,2010,20.5,42.6222033505079
179,ornamentals,2011,29.25,62.45672028614911
179,ornamentals,2012,39.75,85.43605680910565
179,ornamentals,2013,36,77.51820400511474
179,ornamentals,2014,55.5,117.27408401366819
179,ornamentals,2015,65.5,135.57349198709295
179,ornamentals,2016,71.5,146.24606046163314
179,ornamentals,2017,71.5,145.4783696878465
179,ornamentals,2018,61.75,126.12025763552884
179,ornamentals,2019,43,87.98633272646288
179,ornamentals,2020,26.5,54.33442772896615
179,ornamentals,2021,9.75,20.397767956235782
179,ornamentals,2022,0,0
179,seaweeds,1976,64,597.4541852640646
179,seaweeds,1977,63.5,592.8001980288167
179,seaweeds,1978,59.666666666666664,556.9712441728431
179,seaweeds,1979,55.75,520.3629161513513
179,seaweeds,1980,52.75,492.34996170842015
179,seaweeds,1981,37,345.31340901002795
179,seaweeds,1982,42.75,399.1347419465018
179,seaweeds,1983,46.25,431.9129724139857
179,seaweeds,1984,46.75,436.63373292281653
179,seaweeds,1985,64.75,604.8024191216425
179,seaweeds,1986,57.5,537.041382237286
179,seaweeds,1987,61.25,572.1577352013244
179,seaweeds,1988,47.75,446.08638281940864
179,seaweeds,1989,29.75,277.91769662058266
179,seaweeds,1990,18.25,170.52906645324137
179,seaweeds,1991,0,0
179,seaweeds,1992,0,0
179,seaweeds,1993,0,0
179,seaweeds,1994,10.75,100.46329370912194
179,seaweeds,1995,24.25,226.6570637592731
179,seaweeds,1996,39.5,369.22882016423574
179,seaweeds,1997,57.25,535.1929304136731
179,seaweeds,1998,46.5,434.72963670455124
179,seaweeds,1999,55.75,521.284684592787
179,seaweeds,2000,40.5,378.7129281878244
179,seaweeds,2001,39.5,369.40495371732857
179,seaweeds,2002,39.5,369.40495371732857
179,seaweeds,2003,35.25,329.7013867916253
179,seaweeds,2004,35.25,329.7013867916253
179,seaweeds,2005,43,402.2276997005345
179,seaweeds,2006,63.5,594.011317322445
179,seaweeds,2007,67.75,633.8039152795923
179,seaweeds,2008,85.25,797.5523207007107
179,seaweeds,2009,60.75,568.3698720128598
179,seaweeds,2010,40.25,376.58625439094925
179,seaweeds,2011,17.5,163.74840542111838
179,seaweeds,2012,0,0
179,seaweeds,2013,0,0
179,seaweeds,2014,0,0
179,seaweeds,2015,0,0
179,seaweeds,2016,0,0
179,seaweeds,2017,0,0
179,seaweeds,2018,18.5,173.21218419664098
179,seaweeds,2019,18.5,173.21218419664098
179,seaweeds,2020,18.5,173.21218419664098
179,seaweeds,2021,31.5,295.019060105876
179,seaweeds,2022,26,243.61375181847006
180,fish_oil,1995,40,156.72229285702144
180,fish_oil,1996,38,149.32489771114032
180,fish_oil,1997,50.333333333333336,194.48136591095337
180,fish_oil,1998,47.25,183.11187644243262
180,fish_oil,1999,40.5,163.68130322817723
180,fish_oil,2000,31.5,128.19942758686244
180,fish_oil,2001,16.5,70.50085200921757
180,fish_oil,2002,7.5,35
180,fish_oil,2003,7,37.5
180,fish_oil,2004,7.25,41
180,fish_oil,2005,4,39.75
180,fish_oil,2006,4,47.75
180,fish_oil,2007,2,30.379211004131008
180,fish_oil,2008,13.25,71.14167055010566
180,fish_oil,2009,13,62.39167055010566
180,fish_oil,2010,12.75,63.14167055010566
180,fish_oil,2011,12.25,74.26245954597465
180,fish_oil,2012,9.5,64.05085501110439
180,fish_oil,2013,9.5,66.55085501110439
180,fish_oil,2014,9.25,60.30085501110439
180,fish_oil,2015,10,48.30085501110439
180,fish_oil,2016,1.25,14.25
180,fish_oil,2017,1,11.25
180,fish_oil,2018,1,8
180,fish_oil,2019,0,4
180,fish_oil,2020,0,4
180,fish_oil,2021,0,1
180,fish_oil,2022,0,0
180,ornamentals,1988,0,2
180,ornamentals,1989,6.5,54.74230420959964
180,ornamentals,1990,12.333333333333334,105.06850316283469
180,ornamentals,1991,9.25,78.80137737212601
180,ornamentals,1992,20.25,174.41301069501262
180,ornamentals,1993,18.25,161.2918585902128
180,ornamentals,1994,19.5,173.01175498521508
180,ornamentals,1995,19.5,173.01175498521508
180,ornamentals,1996,19.25,171.4214365717398
180,ornamentals,1997,29.25,256.78650243096143
180,ornamentals,1998,22,193.63638076863296
180,ornamentals,1999,22,193.63638076863296
180,ornamentals,2000,32.5,287.43593514924623
180,ornamentals,2001,27.5,243.69660317559234
180,ornamentals,2002,37.75,334.72325589741774
180,ornamentals,2003,44.75,397.0681225478598
180,ornamentals,2004,31.5,280.12260912757995
180,ornamentals,2005,37,329.55478081326834
180,ornamentals,2006,43,383.4236907684492
180,ornamentals,2007,50.75,452.8211846668537
180,ornamentals,2008,63.75,568.8044303949293
180,ornamentals,2009,52,463.9965248236732
180,ornamentals,2010,35.75,319.1009621466669
180,ornamentals,2011,21,187.3586015978204
180,ornamentals,2012,0,0
180,ornamentals,2013,0,0
180,ornamentals,2014,0,0
180,ornamentals,2015,22,197.33116689902965
180,ornamentals,2016,22,197.33116689902965
180,ornamentals,2017,22,197.33116689902965
180,ornamentals,2018,22,197.33116689902965
180,ornamentals,2019,0,0
180,ornamentals,2020,0,0
180,ornamentals,2021,2,20.803712201236692
180,ornamentals,2022,4,41.607424402473384
180,seaweeds,1976,27,191.81749212586482
180,seaweeds,1977,30,212.25354636414951
180,seaweeds,1978,37.666666666666664,264.459111267978
180,seaweeds,1979,35.25,248.0198406266137
180,seaweeds,1980,34,239.535745033499
180,seaweeds,1981,36,253.17684436817376
180,seaweeds,1982,39,273.62569598832215
180,seaweeds,1983,38.75,271.94935268068116
180,seaweeds,1984,46.25,323.03308958546114
180,seaweeds,1985,49.25,343.4819412056096
180,seaweeds,1986,48,334.99784561249487
180,seaweeds,1987,53.75,374.16801601769595
180,seaweeds,1988,40.75,283.61400167456446
180,seaweeds,1989,27.5,191.35165056913272
180,seaweeds,1990,12.5,87.1693342731902
180,seaweeds,1991,0,0
180,seaweeds,1992,0,0
180,seaweeds,1993,0,0
180,seaweeds,1994,14.75,102.53156775202892
180,seaweeds,1995,30.5,211.87728648046334
180,seaweeds,1996,33,231.0266861173035
180,seaweeds,1997,43,301.24062658612803
180,seaweeds,1998,39.25,275.73715027932917
180,seaweeds,1999,35.75,251.93561204389874
180,seaweeds,2000,33.25,232.7862124070586
180,seaweeds,2001,38,265.14863052678595
180,seaweeds,2002,35,244.75096843409233
180,seaweeds,2003,30.75,215.84361598455666
180,seaweeds,2004,43,301.41978993221994
180,seaweeds,2005,39,274.21437555405265
180,seaweeds,2006,51,355.9329977434641
180,seaweeds,2007,43,299.2961696999958
180,seaweeds,2008,30.75,213.71999575233252
180,seaweeds,2009,20,138.34905154194792
180,seaweeds,2010,11.5,80.50875187914912
180,seaweeds,2011,20.25,142.3025836641775
180,seaweeds,2012,43.25,301.11328420813754
180,seaweeds,2013,43.25,301.11328420813754
180,seaweeds,2014,51.25,355.60089725565433
180,seaweeds,2015,56.25,389.66525344675006
180,seaweeds,2016,49.25,342.0365822121618
180,seaweeds,2017,49.25,342.0365822121618
180,seaweeds,2018,29.75,207.0402172854959
180,seaweeds,2019,16,111.18202930937176
180,seaweeds,2020,0,0
180,seaweeds,2021,0,0
180,seaweeds,2022,0,0
181,fish_oil,1977,20,9
181,fish_oil,1978,22.069750224393175,33.5
181,fish_oil,1979,14.713166816262117,22.333333333333332
181,fish_oil,1980,11.034875112196588,16.75
181,fish_oil,1981,6.034875112196588,14.5
181,fish_oil,1982,5,1
181,fish_oil,1983,5.5,2.75
181,fish_oil,1984,5.5,2.75
181,fish_oil,1985,6.5,3
181,fish_oil,1986,6.25,3.25
181,fish_oil,1987,11.25,3
181,fish_oil,1988,15.629657287004093,13.75
181,fish_oil,1989,19.135269399328166,24.75
181,fish_oil,1990,16.635269399328166,30
181,fish_oil,1991,11.135269399328166,28.5
181,fish_oil,1992,6.755612112324073,17.75
181,fish_oil,1993,2.25,6.5
181,fish_oil,1994,0,0
181,fish_oil,1995,1,0.25
181,fish_oil,1996,2,10.5
181,fish_oil,1997,2.25,12.25
181,fish_oil,1998,7.111186706443675,35.75
181,fish_oil,1999,6.111186706443675,35.5
181,fish_oil,2000,5.111186706443675,25.25
181,fish_oil,2001,4.861186706443675,23.5
181,fish_oil,2002,0,0
181,fish_oil,2003,0.5,0.5
181,fish_oil,2004,1.5,3.75
181,fish_oil,2005,3.25,8.25
181,fish_oil,2006,6.5,13
181,fish_oil,2007,12.5,17.826062509303824
181,fish_oil,2008,18.25,21.076062509303824
181,fish_oil,2009,20.25,20.326062509303824
181,fish_oil,2010,19.5,18.826062509303824
181,fish_oil,2011,13.5,20.5
181,fish_oil,2012,7.75,21.75
181,fish_oil,2013,7.5,21.94384342389545
181,fish_oil,2014,6.75,30.19384342389545
181,fish_oil,2015,9,38.69384342389545
181,fish_oil,2016,11.25,34.763873515539544
181,fish_oil,2017,12.75,35.868510722836675
181,fish_oil,2018,20,32.20373664621734
181,fish_oil,2019,17.25,16.703736646217333
181,fish_oil,2020,14,12.883706554573237
181,fish_oil,2021,9,7.8352259233806585
181,fish_oil,2022,0,0
181,ornamentals,1992,1,4
181,ornamentals,1993,0.5,2
181,ornamentals,1994,0.3333333333333333,1.3333333333333333
181,ornamentals,1995,0.25,1
181,ornamentals,1996,1,8.004918654307858
181,ornamentals,1997,13.5,118.21183018726072
181,ornamentals,1998,13.5,118.21183018726072
181,ornamentals,1999,38,335.2144855486687
181,ornamentals,2000,37.5,337.2095668943608
181,ornamentals,2001,25,227.002655361408
181,ornamentals,2002,25,227.002655361408
181,ornamentals,2003,2,23.54074568602465
181,ornamentals,2004,4.5,40.54871886084453
181,ornamentals,2005,4.5,40.54871886084453
181,ornamentals,2006,5,56.04871886084453
181,ornamentals,2007,6.25,61.00797317481988
181,ornamentals,2008,25.5,232.45044727155164
181,ornamentals,2009,25.5,232.45044727155164
181,ornamentals,2010,25,216.95044727155164
181,ornamentals,2011,22.25,198.45044727155164
181,ornamentals,2012,0.25,2.25
181,ornamentals,2013,0.25,2.25
181,ornamentals,2014,0.75,5.25
181,ornamentals,2015,1,7.5
181,ornamentals,2016,1,7.75
181,ornamentals,2017,1.75,12.5
181,ornamentals,2018,2,14.5
181,ornamentals,2019,1.75,12.25
181,ornamentals,2020,1.5,9.75
181,ornamentals,2021,0.75,5
181,ornamentals,2022,0,0
181,seaweeds,1976,25,178.20198755491748
181,seaweeds,1977,30.5,215.65742250688635
181,seaweeds,1978,35.333333333333336,248.5743559352061
181,seaweeds,1979,39.75,278.65472591124524
181,seaweeds,1980,49,341.65202931560407
181,seaweeds,1981,58.5,406.3512707913314
181,seaweeds,1982,64,443.819503125164
181,seaweeds,1983,73.75,510.22068267225967
181,seaweeds,1984,78.75,544.2850388633555
181,seaweeds,1985,73.25,506.86799605697763
181,seaweeds,1986,72,498.383900463863
181,seaweeds,1987,71.25,493.3036810134852
181,seaweeds,1988,66.25,459.2905143498442
181,seaweeds,1989,58.25,404.85409082978225
181,seaweeds,1990,42.75,297.2678983911029
181,seaweeds,1991,20.5,143.72297933454442
181,seaweeds,1992,5,36.12398951400136
181,seaweeds,1993,0,0
181,seaweeds,1994,0,0
181,seaweeds,1995,0,0
181,seaweeds,1996,0,0
181,seaweeds,1997,0,0
181,seaweeds,1998,2.5,17.75
181,seaweeds,1999,2.5,17.75
181,seaweeds,2000,2.75,21
181,seaweeds,2001,3.75,27.5
181,seaweeds,2002,1.25,9.75
181,seaweeds,2003,2,16.75
181,seaweeds,2004,1.75,13.5
181,seaweeds,2005,0.75,7
181,seaweeds,2006,0.75,7
181,seaweeds,2007,0,0
181,seaweeds,2008,0,0
181,seaweeds,2009,0,0
181,seaweeds,2010,0,0
181,seaweeds,2011,0,0
181,seaweeds,2012,0,0
181,seaweeds,2013,0,0.25
181,seaweeds,2014,0,0.5
181,seaweeds,2015,0.25,5
181,seaweeds,2016,0.25,5
181,seaweeds,2017,0.25,4.75
181,seaweeds,2018,0.25,4.5
181,seaweeds,2019,0,0
181,seaweeds,2020,0,0
181,seaweeds,2021,0,0
181,seaweeds,2022,0,0
182,ornamentals,1977,30,51
182,ornamentals,1978,15.630502126653985,26.5
182,ornamentals,1979,10.655982891413407,18
182,ornamentals,1980,8.301580462584862,14
182,ornamentals,1981,0.8015804625848624,1.25
182,ornamentals,1982,0.4863293992578699,0.75
182,ornamentals,1983,0.30959329402480673,0.5
182,ornamentals,1984,0,0
182,ornamentals,1985,0,0
182,ornamentals,1986,0,0
182,ornamentals,1987,0.2897911014671557,0.5
182,ornamentals,1988,0.2897911014671557,0.5
182,ornamentals,1989,0.3476501090241215,0.75
182,ornamentals,1990,1.554698569466903,6
182,ornamentals,1991,1.2649074679997474,6
182,ornamentals,1992,1.7649074679997474,7.9003131350002676
182,ornamentals,1993,1.7070484604427816,7.6503131350002676
182,ornamentals,1994,18.25,56.471773255253545
182,ornamentals,1995,18.25,55.971773255253545
182,ornamentals,1996,17.75,54.07146012025328
182,ornamentals,1997,17.75,54.07146012025328
182,ornamentals,1998,0,0
182,ornamentals,1999,0,0
182,ornamentals,2000,0,0
182,ornamentals,2001,0,0
182,ornamentals,2002,0,0
182,ornamentals,2003,0,0
182,ornamentals,2004,0,0
182,ornamentals,2005,0,0
182,ornamentals,2006,0,0
182,ornamentals,2007,0,0
182,ornamentals,2008,0,0
182,ornamentals,2009,0,0
182,ornamentals,2010,0,0
182,ornamentals,2011,0,0
182,ornamentals,2012,0,0
182,ornamentals,2013,0,0
182,ornamentals,2014,0,0
182,ornamentals,2015,0,0
182,ornamentals,2016,0,0
182,ornamentals,2017,0,0
182,ornamentals,2018,0,0
182,ornamentals,2019,0,0
182,ornamentals,2020,0,0
182,ornamentals,2021,0,0
182,ornamentals,2022,0,0
182,seaweeds,1989,36,77
182,seaweeds,1990,18,38.5
182,seaweeds,1991,12,25.666666666666668
182,seaweeds,1992,9,19.25
182,seaweeds,1993,0,0
182,seaweeds,1994,17.75,41.90403009391885
182,seaweeds,1995,17.75,41.90403009391885
182,seaweeds,1996,17.75,41.90403009391885
182,seaweeds,1997,17.75,41.90403009391885
182,seaweeds,1998,0,0
182,seaweeds,1999,0,0
182,seaweeds,2000,0,0
182,seaweeds,2001,13.25,31.412329616834853
182,seaweeds,2002,13.25,31.412329616834853
182,seaweeds,2003,35.75,83.97151946565157
182,seaweeds,2004,35.75,83.97151946565157
182,seaweeds,2005,22.5,52.55918984881671
182,seaweeds,2006,22.5,52.55918984881671
182,seaweeds,2007,0,0
182,seaweeds,2008,0,0
182,seaweeds,2009,0,0
182,seaweeds,2010,0,0
182,seaweeds,2011,0,0
182,seaweeds,2012,0,0
182,seaweeds,2013,0,0
182,seaweeds,2014,0,0
182,seaweeds,2015,0,0
182,seaweeds,2016,0,0
182,seaweeds,2017,0,0
182,seaweeds,2018,0,0
182,seaweeds,2019,0,0
182,seaweeds,2020,0,0
182,seaweeds,2021,0,0
182,seaweeds,2022,0,0
183,fish_oil,1976,90,23
183,fish_oil,1977,57.5,31.5
183,fish_oil,1978,40.666666666666664,24.666666666666668
183,fish_oil,1979,39.5,25.75
183,fish_oil,1980,17,20
183,fish_oil,1981,10.75,10
183,fish_oil,1982,16,14.47081925181999
183,fish_oil,1983,7,7.220819251819989
183,fish_oil,1984,12,20.72081925181999
183,fish_oil,1985,35,46.78313554671968
183,fish_oil,1986,28,39.56231629489969
183,fish_oil,1987,28,39.56231629489969
183,fish_oil,1988,23,26.062316294899688
183,fish_oil,1989,14.25,10.773450098973143
183,fish_oil,1990,26,19.72069139143447
183,fish_oil,1991,26,19.72069139143447
183,fish_oil,1992,32.27336206237629,30.72069139143447
183,fish_oil,1993,18.023362062376293,19.947241292461328
183,fish_oil,1994,14.262186462027017,26.25
183,fish_oil,1995,14.262186462027017,26.25
183,fish_oil,1996,7.988824399650724,15.25
183,fish_oil,1997,13.988824399650724,27.25
183,fish_oil,1998,6,12
183,fish_oil,1999,6,12
183,fish_oil,2000,6,12.25
183,fish_oil,2001,0.75,3.5
183,fish_oil,2002,0.75,3.5
183,fish_oil,2003,0.75,3.5
183,fish_oil,2004,0.75,3.25
183,fish_oil,2005,1,2.5
183,fish_oil,2006,1,2.5
183,fish_oil,2007,1,2.5
183,fish_oil,2008,1,2.5
183,fish_oil,2009,8.11990173387619,18
183,fish_oil,2010,29.86990173387619,79.26132852742131
183,fish_oil,2011,34.36990173387619,97.76132852742131
183,fish_oil,2012,34.36990173387619,97.76132852742131
183,fish_oil,2013,26.25,79.76132852742131
183,fish_oil,2014,4.5,18.5
183,fish_oil,2015,0,0
183,fish_oil,2016,0,0
183,fish_oil,2017,0,0
183,fish_oil,2018,16.75,23.923980311472462
183,fish_oil,2019,16.75,23.923980311472462
183,fish_oil,2020,16.75,23.923980311472462
183,fish_oil,2021,16.75,23.923980311472462
183,fish_oil,2022,0,0
183,ornamentals,1988,1,11
183,ornamentals,1989,0.5,5.5
183,ornamentals,1990,0.3333333333333333,3.6666666666666665
183,ornamentals,1991,0.25,2.75
183,ornamentals,1992,0,0
183,ornamentals,1993,0.05344346901995811,0.25
183,ornamentals,1994,0.05344346901995811,0.25
183,ornamentals,1995,0.05344346901995811,0.25
183,ornamentals,1996,0.05344346901995811,0.25
183,ornamentals,1997,0,0
183,ornamentals,1998,0,0
183,ornamentals,1999,0,0
183,ornamentals,2000,0,0
183,ornamentals,2001,0,0
183,ornamentals,2002,0,0
183,ornamentals,2003,0,0.25
183,ornamentals,2004,0,0.25
183,ornamentals,2005,10.25,31.488261106132082
183,ornamentals,2006,20,61.20093692270516
183,ornamentals,2007,22.5,68.71333465193817
183,ornamentals,2008,40.25,122.607763619768
183,ornamentals,2009,36.5,111.21013173618132
183,ornamentals,2010,27.75,84.68309778016425
183,ornamentals,2011,26.5,80.8501669327928
183,ornamentals,2012,11.5,35.411380386237695
183,ornamentals,2013,8.5,26.28315881351561
183,ornamentals,2014,9.25,28.501988795116326
183,ornamentals,2015,14.25,43.58081053828289
183,ornamentals,2016,21.75,66.22433331766467
183,ornamentals,2017,27.5,83.57256537169582
183,ornamentals,2018,35.75,108.48549846194214
183,ornamentals,2019,29.5,89.47720983691401
183,ornamentals,2020,19.25,58.37804463625751
183,ornamentals,2021,10,30.317404932403054
183,ornamentals,2022,0,0
183,seaweeds,1981,6.636441004210766,27
183,seaweeds,1982,3.318220502105383,13.5
183,seaweeds,1983,2.2121470014035887,9
183,seaweeds,1984,1.6591102510526916,6.75
183,seaweeds,1985,0,0
183,seaweeds,1986,0,0
183,seaweeds,1987,0,0
183,seaweeds,1988,0,0
183,seaweeds,1989,0,0
183,seaweeds,1990,0,0
183,seaweeds,1991,0,0
183,seaweeds,1992,0,0
183,seaweeds,1993,0,0
183,seaweeds,1994,0,0
183,seaweeds,1995,0,0
183,seaweeds,1996,0,0
183,seaweeds,1997,0,0
183,seaweeds,1998,0,0
183,seaweeds,1999,0,0
183,seaweeds,2000,0,0
183,seaweeds,2001,0,0
183,seaweeds,2002,0,0
183,seaweeds,2003,23.5,54.850870154959644
183,seaweeds,2004,23.5,54.850870154959644
183,seaweeds,2005,30.5,71.83783265872071
183,seaweeds,2006,40.5,93.83783265872071
183,seaweeds,2007,17,38.98696250376107
183,seaweeds,2008,21,49.02211018933299
183,seaweeds,2009,18.5,43.190544224295195
183,seaweeds,2010,13.25,32.893269539634076
183,seaweeds,2011,18.75,46.28916378466004
183,seaweeds,2012,34.75,362.8091237056521
183,seaweeds,2013,39.75,507.4508117522218
183,seaweeds,2014,72,1027.9628705228622
183,seaweeds,2015,74.75,1158.6190298067777
183,seaweeds,2016,66.75,1015.0246191199032
183,seaweeds,2017,68.25,1041.1028637796999
183,seaweeds,2018,31.5,513.3880796937207
183,seaweeds,2019,23.25,369.33602616477924
183,seaweeds,2020,11.25,186.37532924508977
183,seaweeds,2021,0.25,4.5
183,seaweeds,2022,0,0
184,fish_oil,1976,25,34
184,fish_oil,1977,17.5,24.5
184,fish_oil,1978,18,21
184,fish_oil,1979,13.75,16.75
184,fish_oil,1980,13,13.75
184,fish_oil,1981,12.75,13
184,fish_oil,1982,15,12.25
184,fish_oil,1983,29.5,16.25
184,fish_oil,1984,37.25,17.75
184,fish_oil,1985,41.5,18.5
184,fish_oil,1986,45.5,19
184,fish_oil,1987,32.5,26.25
184,fish_oil,1988,26.75,22.75
184,fish_oil,1989,39.5,30.25
184,fish_oil,1990,41.5,45
184,fish_oil,1991,49.59278156250281,51.75
184,fish_oil,1992,49.59278156250281,57.57333779417036
184,fish_oil,1993,30.342781562502807,46.32333779417036
184,fish_oil,1994,34.59278156250281,56.28211945988198
184,fish_oil,1995,28.75,55.28211945988198
184,fish_oil,1996,30.75,74.95878166571163
184,fish_oil,1997,58.75,104.17386285240553
184,fish_oil,1998,46,95.96508118669391
184,fish_oil,1999,55.25,98.70382274305638
184,fish_oil,2000,69.5,87.45382274305638
184,fish_oil,2001,42.25,61.73874155636247
184,fish_oil,2002,50,65.98874155636247
184,fish_oil,2003,49.75,59.03055743367659
184,fish_oil,2004,42.75,55.975777217713386
184,fish_oil,2005,61.75,70.28342930062935
184,fish_oil,2006,62,60.826231471642515
184,fish_oil,2007,61.25,65.88650666553994
184,fish_oil,2008,52.5,58.14150886024703
184,fish_oil,2009,36.25,53.833856777331064
184,fish_oil,2010,33,55.39413197122852
184,fish_oil,2011,46.25,69.11414026727839
184,fish_oil,2012,42,81.6639182885345
184,fish_oil,2013,40.5,76.9139182885345
184,fish_oil,2014,38.5,97.5683710441058
184,fish_oil,2015,18,90.41746987951805
184,fish_oil,2016,16.5,83.66746987951805
184,fish_oil,2017,15.25,80.91746987951805
184,fish_oil,2018,9.75,51.65993975903614
184,fish_oil,2019,4.75,26.25
184,fish_oil,2020,2.5,13.5
184,fish_oil,2021,1.75,7.5
184,fish_oil,2022,0,0
184,ornamentals,1988,56,171.201116239305
184,ornamentals,1989,30.5,94.01587550527793
184,ornamentals,1990,26.666666666666668,82.39137708511603
184,ornamentals,1991,26,80.34883331082672
184,ornamentals,1992,18.5,52.79855425100047
184,ornamentals,1993,31.25,91.3279492064342
184,ornamentals,1994,33.75,98.84206991338556
184,ornamentals,1995,29.25,85.17502771893433
184,ornamentals,1996,22.75,69.92502771893433
184,ornamentals,1997,8.75,27.187974070687883
184,ornamentals,1998,1.5,4.888258302538468
184,ornamentals,1999,0,0
184,ornamentals,2000,0,0
184,ornamentals,2001,0,0
184,ornamentals,2002,0,0
184,ornamentals,2003,0,0
184,ornamentals,2004,0,0
184,ornamentals,2005,23.75,72.08764670169421
184,ornamentals,2006,23.75,72.08764670169421
184,ornamentals,2007,48.25,146.41941354962108
184,ornamentals,2008,48.25,146.41941354962108
184,ornamentals,2009,24.5,74.33176684792686
184,ornamentals,2010,47,142.57383761993367
184,ornamentals,2011,29.25,88.81387993354181
184,ornamentals,2012,41.25,125.2589161888128
184,ornamentals,2013,50,151.85719601468807
184,ornamentals,2014,38,115.49605071159122
184,ornamentals,2015,39.5,119.9842910040565
184,ornamentals,2016,51,154.7313354413826
184,ornamentals,2017,42.25,128.13305561550735
184,ornamentals,2018,41.75,126.56953507900046
184,ornamentals,2019,33.5,101.50948562500015
184,ornamentals,2020,10,30.317404932403054
184,ornamentals,2021,13.75,41.68512202732021
184,ornamentals,2022,7.5,22.735434189834315
184,seaweeds,1976,11,92
184,seaweeds,1977,14,145.10452280266955
184,seaweeds,1978,14.666666666666666,158.89878243872573
184,seaweeds,1979,24.75,282.2379469942004
184,seaweeds,1980,32.25,380.57531820463294
184,seaweeds,1981,36,425.5554978978911
184,seaweeds,1982,40,473.519989358926
184,seaweeds,1983,43.5,515.5158572844074
184,seaweeds,1984,56.25,667.9312606176302
184,seaweeds,1985,48.25,573.3988195230372
184,seaweeds,1986,51.5,612.4103756807417
184,seaweeds,1987,53,630.5317494640087
184,seaweeds,1988,30,356.77897492035345
184,seaweeds,1989,44.75,532.3188400981322
184,seaweeds,1990,33.5,398.72096705168326
184,seaweeds,1991,24,197.0398651777788
184,seaweeds,1992,26,210.5398651777788
184,seaweeds,1993,12.75,43.75
184,seaweeds,1994,15.75,51.851745578310634
184,seaweeds,1995,9,54.101745578310634
184,seaweeds,1996,7.5,65.10174557831064
184,seaweeds,1997,8,77.60174557831064
184,seaweeds,1998,7,86
184,seaweeds,1999,5.75,77.25
184,seaweeds,2000,14.25,74.44827961564752
184,seaweeds,2001,29.75,94.35025053358981
184,seaweeds,2002,27.75,77.85025053358981
184,seaweeds,2003,26.5,62.85025053358982
184,seaweeds,2004,17.5,41.15197091794231
184,seaweeds,2005,0,0
184,seaweeds,2006,0,0
184,seaweeds,2007,0,0
184,seaweeds,2008,0,0
184,seaweeds,2009,12,28.342998834795253
184,seaweeds,2010,22.5,53.222885910455986
184,seaweeds,2011,33,78.07718168619661
184,seaweeds,2012,42,136.48793338442738
184,seaweeds,2013,40,206.31204190135372
184,seaweeds,2014,47,321.7892340073285
184,seaweeds,2015,60.5,412.29381481400435
184,seaweeds,2016,56,428.0603890127297
184,seaweeds,2017,49.5,387.6980920297884
184,seaweeds,2018,39,361.9032849223288
184,seaweeds,2019,15,246.54440833991237
184,seaweeds,2020,10.5,172.36708244295625
184,seaweeds,2021,7,114.56227207417592
184,seaweeds,2022,0,0
186,fish_oil,2000,1,17
186,fish_oil,2001,1.2158807238986284,9.5
186,fish_oil,2002,0.8105871492657523,6.333333333333333
186,fish_oil,2003,0.6079403619493142,4.75
186,fish_oil,2004,0.3579403619493142,5.5
186,fish_oil,2005,0,5
186,fish_oil,2006,0,5
186,fish_oil,2007,0,5
186,fish_oil,2008,0,0
186,fish_oil,2009,0,0
186,fish_oil,2010,0,0
186,fish_oil,2011,0,0
186,fish_oil,2012,0,0.25
186,fish_oil,2013,0,0.25
186,fish_oil,2014,0,0.25
186,fish_oil,2015,0,0.25
186,fish_oil,2016,0,0
186,fish_oil,2017,0,0
186,fish_oil,2018,0,0
186,fish_oil,2019,0,0
186,fish_oil,2020,0,0
186,fish_oil,2021,0,0
186,fish_oil,2022,0,0
186,seaweeds,2000,2.8529463059767366,2
186,seaweeds,2001,2.603946039123926,1.5
186,seaweeds,2002,1.7359640260826172,1.3333333333333333
186,seaweeds,2003,1.301973019561963,1
186,seaweeds,2004,0.5887364430677788,3.5
186,seaweeds,2005,0,5.5
186,seaweeds,2006,0,5.25
186,seaweeds,2007,0,5.25
186,seaweeds,2008,0,2.25
186,seaweeds,2009,0,0
186,seaweeds,2010,0,0
186,seaweeds,2011,0,0
186,seaweeds,2012,0,0
186,seaweeds,2013,0,0
186,seaweeds,2014,0,0
186,seaweeds,2015,0,0
186,seaweeds,2016,0,0
186,seaweeds,2017,0,0
186,seaweeds,2018,0,0
186,seaweeds,2019,0,0
186,seaweeds,2020,0,0
186,seaweeds,2021,0,0
186,seaweeds,2022,0,0
187,fish_oil,1992,4,2
187,fish_oil,1993,8.938258195183437,10.5
187,fish_oil,1994,21.292172130122292,11.333333333333334
187,fish_oil,1995,19.96912909759172,9.75
187,fish_oil,1996,22.46912909759172,11.5
187,fish_oil,1997,23,8.5
187,fish_oil,1998,22.25,8.25
187,fish_oil,1999,18.25,7
187,fish_oil,2000,21.75,8.25
187,fish_oil,2001,24.5,10.25
187,fish_oil,2002,14,8
187,fish_oil,2003,14,10.5
187,fish_oil,2004,10.75,8.75
187,fish_oil,2005,4,6
187,fish_oil,2006,6.75,7.5
187,fish_oil,2007,7.25,7.75
187,fish_oil,2008,5.75,9.146470453408199
187,fish_oil,2009,6.75,10.15233025798625
187,fish_oil,2010,5,12.703177571415836
187,fish_oil,2011,5.25,16.361892762160608
187,fish_oil,2012,3.75,18.169125008348715
187,fish_oil,2013,19,34.33081735749889
187,fish_oil,2014,19.25,68.7799700440693
187,fish_oil,2015,36,81.26805976619362
187,fish_oil,2016,47.25,91.49255439174837
187,fish_oil,2017,31.75,99.57500223802015
187,fish_oil,2018,31.75,62.57500223802015
187,fish_oil,2019,14.25,43.67819732515106
187,fish_oil,2020,2.25,28.5
187,fish_oil,2021,1.5,2.25
187,fish_oil,2022,0,0
187,seaweeds,1995,1,7.096133745989846
187,seaweeds,1996,2,12.048066872994923
187,seaweeds,1997,2.6666666666666665,12.032044581996615
187,seaweeds,1998,2,9.024033436497461
187,seaweeds,1999,2.5,12
187,seaweeds,2000,2.5,10.25
187,seaweeds,2001,1.75,8.75
187,seaweeds,2002,2,9.75
187,seaweeds,2003,1.5,7.75
187,seaweeds,2004,0.75,5.75
187,seaweeds,2005,0.5,5.25
187,seaweeds,2006,0.25,6.5
187,seaweeds,2007,0,8
187,seaweeds,2008,0.25,14.5
187,seaweeds,2009,0.25,16
187,seaweeds,2010,0.25,18.25
187,seaweeds,2011,0.25,17.25
187,seaweeds,2012,0.75,13
187,seaweeds,2013,0.75,12.5
187,seaweeds,2014,0.75,10
187,seaweeds,2015,0.75,9.25
187,seaweeds,2016,0,9.75
187,seaweeds,2017,0,9
187,seaweeds,2018,0,8.5
187,seaweeds,2019,0,6
187,seaweeds,2020,0,2.75
187,seaweeds,2021,0,1.5
187,seaweeds,2022,0,0
188,fish_oil,1992,1,4
188,fish_oil,1993,0.5,2
188,fish_oil,1994,0.3333333333333333,1.3333333333333333
188,fish_oil,1995,0.25,1
188,fish_oil,1996,0,0
188,fish_oil,1997,0,0.25
188,fish_oil,1998,1.5036993903718496,2.5
188,fish_oil,1999,1.7536993903718496,4.5
188,fish_oil,2000,2.2536993903718496,6.75
188,fish_oil,2001,2.7536993903718496,9.25
188,fish_oil,2002,2,10.75
188,fish_oil,2003,2,11.75
188,fish_oil,2004,1.75,12.5
188,fish_oil,2005,2,14
188,fish_oil,2006,2.0729957482424766,14.75
188,fish_oil,2007,3.0729957482424766,27
188,fish_oil,2008,4.572995748242477,30.64799192726285
188,fish_oil,2009,8.572995748242477,50.89928731027692
188,fish_oil,2010,13.5,54.56828799136052
188,fish_oil,2011,18,48.59515654975931
188,fish_oil,2012,20.75,49.02054216360145
188,fish_oil,2013,16.75,47.26924678058738
188,fish_oil,2014,11,39.35024609950378
188,fish_oil,2015,5.25,30.57337754110499
188,fish_oil,2016,0.75,24.5
188,fish_oil,2017,6,27.25
188,fish_oil,2018,11.5,35
188,fish_oil,2019,11.5,34.5
188,fish_oil,2020,11.5,33.5
188,fish_oil,2021,5.5,8
188,fish_oil,2022,0,0
188,ornamentals,2008,1,7
188,ornamentals,2009,0.5,5.5
188,ornamentals,2010,0.3333333333333333,3.6666666666666665
188,ornamentals,2011,0.5,7
188,ornamentals,2012,0.25,6
188,ornamentals,2013,0.25,6.25
188,ornamentals,2014,0.25,6.25
188,ornamentals,2015,0,2
188,ornamentals,2016,0,1.25
188,ornamentals,2017,0,0
188,ornamentals,2018,0,0
188,ornamentals,2019,0,0
188,ornamentals,2020,0,0
188,ornamentals,2021,0,0
188,ornamentals,2022,0,0
188,seaweeds,1994,0,3
188,seaweeds,1995,0,1.5
188,seaweeds,1996,0,1.3333333333333333
188,seaweeds,1997,0,1
188,seaweeds,1998,0.14748158006362466,2
188,seaweeds,1999,0.4357268485985024,3
188,seaweeds,2000,0.4357268485985024,2.75
188,seaweeds,2001,0.4357268485985024,3.5
188,seaweeds,2002,0.28824526853487775,3.75
188,seaweeds,2003,0,4.25
188,seaweeds,2004,0.14882923680429805,6.5
188,seaweeds,2005,1.398829236804298,20.999042424256686
188,seaweeds,2006,1.4412872998081276,19.749042424256686
188,seaweeds,2007,2.747270823649618,43.249042424256686
188,seaweeds,2008,8.562540069033338,106.42438874761996
188,seaweeds,2009,8.312540069033338,112.17534632336327
188,seaweeds,2010,12.520082006029508,141.87022757168967
188,seaweeds,2011,17.964098482188017,165.12955253581015
188,seaweeds,2012,16.5,158.470561570202
188,seaweeds,2013,20.5,182.97341078249306
188,seaweeds,2014,18.75,180.59610658436327
188,seaweeds,2015,13.25,156.94304429807238
188,seaweeds,2016,9.75,126.92668894031726
188,seaweeds,2017,5,89.9238397280262
188,seaweeds,2018,3.25,71.85626267782959
188,seaweeds,2019,2,47.25
188,seaweeds,2020,1,18.5
188,seaweeds,2021,0.75,10
188,seaweeds,2022,0,0
189,fish_oil,1994,75,46
189,fish_oil,1995,37.5,50
189,fish_oil,1996,33.333333333333336,43
189,fish_oil,1997,26.25,33
189,fish_oil,1998,8.75,24
189,fish_oil,1999,8.75,10.5
189,fish_oil,2000,15.75,7
189,fish_oil,2001,53.75,14
189,fish_oil,2002,52.5,11.5
189,fish_oil,2003,52.5,11.5
189,fish_oil,2004,39.25,7.75
189,fish_oil,2005,0,0
189,fish_oil,2006,3.6555694130423575,19.5
189,fish_oil,2007,10.101801350390843,49.25
189,fish_oil,2008,14.351801350390843,53.63105745952025
189,fish_oil,2009,19.101801350390843,58.37484615156697
189,fish_oil,2010,18.446231937348486,42.42307132350059
189,fish_oil,2011,21.25,38.31459614374748
189,fish_oil,2012,27,46.360938598405
189,fish_oil,2013,25.75,45.56099333025372
189,fish_oil,2014,27,46.49248667614644
189,fish_oil,2015,21.75,25.173980022039167
189,fish_oil,2016,16,17.259185645123093
189,fish_oil,2017,16.25,17.49810354539822
189,fish_oil,2018,15.5,17.04444600005575
189,fish_oil,2019,11.5,12.721427833916135
189,fish_oil,2020,7.25,8.20882229665444
189,fish_oil,2021,3.5,4.026060972483862
189,fish_oil,2022,0,0
189,seaweeds,1996,1,9
189,seaweeds,1997,0.5,5.5
189,seaweeds,1998,0.3333333333333333,6.333333333333333
189,seaweeds,1999,0.75,13.25
189,seaweeds,2000,0.5,12.5
189,seaweeds,2001,2.952304695920912,18.5
189,seaweeds,2002,11.202304695920912,35.25
189,seaweeds,2003,22.612243513580967,50.25
189,seaweeds,2004,23.112243513580967,53.75
189,seaweeds,2005,22.659938817660056,58
189,seaweeds,2006,29.909938817660056,102.44439568805336
189,seaweeds,2007,19.75,96.94439568805336
189,seaweeds,2008,25.5,127.69439568805336
189,seaweeds,2009,32.5,142.2630970610484
189,seaweeds,2010,39.5,122.67959625782152
189,seaweeds,2011,63.75,173.55071824157588
189,seaweeds,2012,72.5,234.94246114279585
189,seaweeds,2013,66.75,234.4877513665877
189,seaweeds,2014,60.5,304.55788205961323
189,seaweeds,2015,67,392.35748855613855
189,seaweeds,2016,82,461.06607315445376
189,seaweeds,2017,81.75,459.7358537040759
189,seaweeds,2018,72.25,399.81631774861745
189,seaweeds,2019,39.75,243.14558926833777
189,seaweeds,2020,9.75,77.29526176880256
189,seaweeds,2021,6.75,53.761489622393505
189,seaweeds,2022,0,0
191,fish_oil,1984,1,20
191,fish_oil,1985,0.5,10
191,fish_oil,1986,0.3333333333333333,6.666666666666667
191,fish_oil,1987,0.25,5
191,fish_oil,1988,0,0
191,fish_oil,1989,0,0
191,fish_oil,1990,0,0
191,fish_oil,1991,0,0
191,fish_oil,1992,0,0
191,fish_oil,1993,0,0
191,fish_oil,1994,0,0
191,fish_oil,1995,0,0
191,fish_oil,1996,0,0
191,fish_oil,1997,0,0
191,fish_oil,1998,0,0
191,fish_oil,1999,0,0
191,fish_oil,2000,0,0
191,fish_oil,2001,0,0
191,fish_oil,2002,0,0
191,fish_oil,2003,0,0
191,fish_oil,2004,0,0
191,fish_oil,2005,0,0
191,fish_oil,2006,0,0
191,fish_oil,2007,0,0
191,fish_oil,2008,0,0
191,fish_oil,2009,0,0
191,fish_oil,2010,0.5,5.5
191,fish_oil,2011,1.5,6
191,fish_oil,2012,1.5,6
191,fish_oil,2013,1.5,6
191,fish_oil,2014,1,0.5
191,fish_oil,2015,0,0
191,fish_oil,2016,0,0
191,fish_oil,2017,0.25,0.5
191,fish_oil,2018,0.25,0.5
191,fish_oil,2019,0.25,0.5
191,fish_oil,2020,0.25,0.5
191,fish_oil,2021,0,0
191,fish_oil,2022,0,0
191,ornamentals,1997,1,38
191,ornamentals,1998,1,34.5
191,ornamentals,1999,1,31
191,ornamentals,2000,1,28.5
191,ornamentals,2001,1,23.75
191,ornamentals,2002,1,19.25
191,ornamentals,2003,0.75,13.25
191,ornamentals,2004,0.5,8
191,ornamentals,2005,0.25,3.25
191,ornamentals,2006,3.5,4
191,ornamentals,2007,3.5,4
191,ornamentals,2008,8.5,14.365818267809244
191,ornamentals,2009,15.25,28.336299297706233
191,ornamentals,2010,25,51.69662587198605
191,ornamentals,2011,30,76.19662587198604
191,ornamentals,2012,25,65.83080760417681
191,ornamentals,2013,18.75,52.86032657427982
191,ornamentals,2014,6.75,26.75
191,ornamentals,2015,8.75,9.25
191,ornamentals,2016,8.75,9.25
191,ornamentals,2017,11.75,19
191,ornamentals,2018,16.5,27.25
191,ornamentals,2019,9.5,20.25
191,ornamentals,2020,9.5,20.25
191,ornamentals,2021,6,9.5
191,ornamentals,2022,0,0
193,ornamentals,1995,0.05993649998797679,1
193,ornamentals,1996,0.029968249993988394,0.5
193,ornamentals,1997,0.019978833329325596,0.3333333333333333
193,ornamentals,1998,0.014984124996994197,0.25
193,ornamentals,1999,0,0
193,ornamentals,2000,0,0
193,ornamentals,2001,0.07819522908397492,0.75
193,ornamentals,2002,0.07819522908397492,0.75
193,ornamentals,2003,0.18482063037410246,1.75
193,ornamentals,2004,0.2946214115015673,2.75
193,ornamentals,2005,0.21642618241759237,2
193,ornamentals,2006,0.21642618241759237,2
193,ornamentals,2007,0.10980078112746483,1
193,ornamentals,2008,0,0.75
193,ornamentals,2009,0,2
193,ornamentals,2010,0,3.5
193,ornamentals,2011,0,3.5
193,ornamentals,2012,0,2.75
193,ornamentals,2013,0,1.5
193,ornamentals,2014,0,0
193,ornamentals,2015,0,0
193,ornamentals,2016,0,0
193,ornamentals,2017,0,0
193,ornamentals,2018,0,0
193,ornamentals,2019,0,0
193,ornamentals,2020,0,0
193,ornamentals,2021,0,0
193,ornamentals,2022,0,0
194,ornamentals,1996,2,2
194,ornamentals,1997,2,1.5
194,ornamentals,1998,1.3333333333333333,1
194,ornamentals,1999,1,0.75
194,ornamentals,2000,0.5,0.25
194,ornamentals,2001,0,0
194,ornamentals,2002,0,0.5
194,ornamentals,2003,0,0.5
194,ornamentals,2004,0,0.5
194,ornamentals,2005,0,0.5
194,ornamentals,2006,0,0
194,ornamentals,2007,0,1.5
194,ornamentals,2008,0,1.5
194,ornamentals,2009,0,1.5
194,ornamentals,2010,0,1.5
194,ornamentals,2011,0,0
194,ornamentals,2012,0,0
194,ornamentals,2013,0,0
194,ornamentals,2014,0,0
194,ornamentals,2015,0,0
194,ornamentals,2016,0,0
194,ornamentals,2017,0,0
194,ornamentals,2018,0,0
194,ornamentals,2019,0,0
194,ornamentals,2020,0,0
194,ornamentals,2021,0,0
194,ornamentals,2022,0,0
195,fish_oil,1976,24,63
195,fish_oil,1977,15,37.5
195,fish_oil,1978,10,25
195,fish_oil,1979,22.5,42.5
195,fish_oil,1980,16.5,26.75
195,fish_oil,1981,15,23.75
195,fish_oil,1982,15,23.75
195,fish_oil,1983,0,0
195,fish_oil,1984,10.75,22.25
195,fish_oil,1985,27,39
195,fish_oil,1986,27,39
195,fish_oil,1987,27,39
195,fish_oil,1988,16.25,16.75
195,fish_oil,1989,0,0
195,fish_oil,1990,0,0
195,fish_oil,1991,0,0
195,fish_oil,1992,0,0
195,fish_oil,1993,0,0
195,fish_oil,1994,2.75,0.25
195,fish_oil,1995,5.5,14.5
195,fish_oil,1996,9,31
195,fish_oil,1997,12.75,47.25
195,fish_oil,1998,10,47
195,fish_oil,1999,10.75,41.5
195,fish_oil,2000,7.25,25
195,fish_oil,2001,5.25,16.25
195,fish_oil,2002,6.75,23
195,fish_oil,2003,5,23.5
195,fish_oil,2004,5,23.5
195,fish_oil,2005,5,22.75
195,fish_oil,2006,7,36
195,fish_oil,2007,6.75,49.25
195,fish_oil,2008,7.5,61.75
195,fish_oil,2009,6.75,70
195,fish_oil,2010,3.25,50
195,fish_oil,2011,1.75,27.5
195,fish_oil,2012,1,15
195,fish_oil,2013,0,0
195,fish_oil,2014,0,0
195,fish_oil,2015,0,0
195,fish_oil,2016,0,0
195,fish_oil,2017,0,0
195,fish_oil,2018,11.25,17.5
195,fish_oil,2019,11.25,17.5
195,fish_oil,2020,11.25,17.5
195,fish_oil,2021,11.25,17.5
195,fish_oil,2022,0,0
195,ornamentals,1996,3,3
195,ornamentals,1997,2.5,30
195,ornamentals,1998,3,47.666666666666664
195,ornamentals,1999,2.25,35.75
195,ornamentals,2000,1.5,35
195,ornamentals,2001,1,20.75
195,ornamentals,2002,0,0
195,ornamentals,2003,0,0
195,ornamentals,2004,0,0
195,ornamentals,2005,0,0
195,ornamentals,2006,0,0.25
195,ornamentals,2007,0,0.75
195,ornamentals,2008,0,0.75
195,ornamentals,2009,0,1
195,ornamentals,2010,0,0.75
195,ornamentals,2011,0,0.25
195,ornamentals,2012,0,0.25
195,ornamentals,2013,0,0
195,ornamentals,2014,0,0
195,ornamentals,2015,0,0
195,ornamentals,2016,0,0
195,ornamentals,2017,0,0
195,ornamentals,2018,0,0
195,ornamentals,2019,0,0
195,ornamentals,2020,0,0
195,ornamentals,2021,0,0
195,ornamentals,2022,0,0
200,fish_oil,1999,2,1
200,fish_oil,2000,1,0.5
200,fish_oil,2001,0.6666666666666666,0.3333333333333333
200,fish_oil,2002,0.5,0.25
200,fish_oil,2003,0,0
200,fish_oil,2004,0,0
200,fish_oil,2005,0,0
200,fish_oil,2006,0,0
200,fish_oil,2007,0,0
200,fish_oil,2008,0,0
200,fish_oil,2009,2,4.1918571147640975
200,fish_oil,2010,4,8.401282501926474
200,fish_oil,2011,4.5,10.496732692139794
200,fish_oil,2012,4.5,10.496732692139794
200,fish_oil,2013,2.5,6.304875577375697
200,fish_oil,2014,0.5,2.0954501902133202
200,fish_oil,2015,0,0
200,fish_oil,2016,0,0
200,fish_oil,2017,0,0
200,fish_oil,2018,0,0
200,fish_oil,2019,0,0
200,fish_oil,2020,0,0
200,fish_oil,2021,0,0
200,fish_oil,2022,0,0
202,fish_oil,1997,55,5
202,fish_oil,1998,60.5,5.5
202,fish_oil,1999,40.333333333333336,3.6666666666666665
202,fish_oil,2000,30.25,2.75
202,fish_oil,2001,16.5,1.5
202,fish_oil,2002,0,0
202,fish_oil,2003,0,0
202,fish_oil,2004,0,0
202,fish_oil,2005,0,0
202,fish_oil,2006,0,0
202,fish_oil,2007,0,0
202,fish_oil,2008,0,0
202,fish_oil,2009,0,0
202,fish_oil,2010,1,0.5
202,fish_oil,2011,1.5,1.25
202,fish_oil,2012,1.5,1.25
202,fish_oil,2013,1.5,1.25
202,fish_oil,2014,5,15.5
202,fish_oil,2015,4.5,14.75
202,fish_oil,2016,4.5,14.75
202,fish_oil,2017,4.5,14.75
202,fish_oil,2018,0,0
202,fish_oil,2019,0,0
202,fish_oil,2020,0,0
202,fish_oil,2021,0,0
202,fish_oil,2022,0,0
202,ornamentals,1991,3.95429970274364,30
202,ornamentals,1992,3.5467654679398493,28
202,ornamentals,1993,7.332785082164587,42.666666666666664
202,ornamentals,1994,7.575251693960226,43.25
202,ornamentals,1995,6.885989839823523,39.75
202,ornamentals,1996,6.1011820315395084,33.25
202,ornamentals,1997,2.3749759538859934,15.25
202,ornamentals,1998,0.29931307154920717,4
202,ornamentals,1999,4.7052191439821485,20.75
202,ornamentals,2000,10.955219143982148,33.27745216122662
202,ornamentals,2001,19.95521914398215,48.547594187940035
202,ornamentals,2002,26.20521914398215,60.41280666898024
202,ornamentals,2003,35.5,59.85945393474367
202,ornamentals,2004,38.5,61.88822152591251
202,ornamentals,2005,36,57.76936970592135
202,ornamentals,2006,39,59.79813729709008
202,ornamentals,2007,26,46.85149003132665
202,ornamentals,2008,28.25,48.041945884610186
202,ornamentals,2009,45.5,61.390655677887935
202,ornamentals,2010,37.25,52.496675605679
202,ornamentals,2011,36.5,46.496675605679
202,ornamentals,2012,25,31.25
202,ornamentals,2013,1.25,7
202,ornamentals,2014,1.5,6
202,ornamentals,2015,1.25,4.75
202,ornamentals,2016,19.5,13.924219911462558
202,ornamentals,2017,20,14.674219911462558
202,ornamentals,2018,20.608626956114904,17.674219911462558
202,ornamentals,2019,20.608626956114904,17.674219911462558
202,ornamentals,2020,2.358626956114904,8
202,ornamentals,2021,1.8586269561149038,7
202,ornamentals,2022,0,0
202,seaweeds,2012,7,21
202,seaweeds,2013,38,35
202,seaweeds,2014,25.333333333333332,23.333333333333332
202,seaweeds,2015,41,23
202,seaweeds,2016,39.25,17.75
202,seaweeds,2017,24.42476321485225,13
202,seaweeds,2018,25.489722945408204,16.5
202,seaweeds,2019,3.4897229454082037,11
202,seaweeds,2020,3.4897229454082037,11
202,seaweeds,2021,1.0649597305559553,3.5
202,seaweeds,2022,0,0
203,fish_oil,1976,40.6549654692879,54
203,fish_oil,1977,42.82748273464395,34
203,fish_oil,1978,28.5516551564293,22.666666666666668
203,fish_oil,1979,21.413741367321975,17
203,fish_oil,1980,11.25,3.5
203,fish_oil,1981,0,0
203,fish_oil,1982,0,0
203,fish_oil,1983,17,7.75
203,fish_oil,1984,17,7.75
203,fish_oil,1985,17,7.75
203,fish_oil,1986,32.44106696156152,29.25
203,fish_oil,1987,30.441066961561518,42
203,fish_oil,1988,34.94106696156152,47.25
203,fish_oil,1989,35.44106696156152,50
203,fish_oil,1990,20,28.5
203,fish_oil,1991,8.75,29.5
203,fish_oil,1992,9.5,55.860758793429554
203,fish_oil,1993,28.5,130.26335651178843
203,fish_oil,1994,47.25,191.0844001882629
203,fish_oil,1995,43.5,170.3344001882629
203,fish_oil,1996,48.75,199.54353504543903
203,fish_oil,1997,32.75,139.65264081720778
203,fish_oil,1998,20,114.9912542882332
203,fish_oil,1999,44.75,187.2743770779262
203,fish_oil,2000,38.5,147.45448342732053
203,fish_oil,2001,46.25,175.63096759759114
203,fish_oil,2002,47.75,176.26151856102126
203,fish_oil,2003,77.5,284.6614256792848
203,fish_oil,2004,92.06354141611934,420.7750623800934
203,fish_oil,2005,113.31354141611934,601.2141034369874
203,fish_oil,2006,120.56354141611934,652.8957074554667
203,fish_oil,2007,66.06354141611934,471.4626775475101
203,fish_oil,2008,47.25,314.3490408467015
203,fish_oil,2009,28.5,182.6316830388405
203,fish_oil,2010,30.5,194.61530591119578
203,fish_oil,2011,56,364.23893446026904
203,fish_oil,2012,80.25,531.6870342062459
203,fish_oil,2013,71.5,472.1855877412492
203,fish_oil,2014,60,404.11815755855537
203,fish_oil,2015,38.5,259.92741557699986
203,fish_oil,2016,17.25,123.39598249768966
203,fish_oil,2017,22.25,119.7808669068434
203,fish_oil,2018,24.25,106.1448480113882
203,fish_oil,2019,20.25,80.71196144387045
203,fish_oil,2020,17.25,49.795294777203786
203,fish_oil,2021,7.25,18.751985923615454
203,fish_oil,2022,0,0
203,ornamentals,1976,3,5
203,ornamentals,1977,2.5,4
203,ornamentals,1978,1.6666666666666667,3
203,ornamentals,1979,1.25,2.25
203,ornamentals,1980,0.5,1.25
203,ornamentals,1981,0.25,1
203,ornamentals,1982,0.25,0.75
203,ornamentals,1983,0.75,2
203,ornamentals,1984,1.25,3
203,ornamentals,1985,1.25,4
203,ornamentals,1986,2.25,14.5
203,ornamentals,1987,2.25,31.75
203,ornamentals,1988,2,53.75
203,ornamentals,1989,3.75,58.872653836940856
203,ornamentals,1990,4.75,70.62265383694086
203,ornamentals,1991,10.25,67.06598503332708
203,ornamentals,1992,11,48.088692332060475
203,ornamentals,1993,17,60.492629171701054
203,ornamentals,1994,17,44.47988701100459
203,ornamentals,1995,20.75,52.11672873648877
203,ornamentals,1996,22.5,55.51615258272281
203,ornamentals,1997,22,54.14848131480045
203,ornamentals,1998,25,60.19629133556583
203,ornamentals,1999,22,53.531847718580764
203,ornamentals,2000,35.25,81.2964243705031
203,ornamentals,2001,44,99.5268107941126
203,ornamentals,2002,53.25,118.81655168753466
203,ornamentals,2003,46.5,102.90082238264932
203,ornamentals,2004,43.75,96.76605600057053
203,ornamentals,2005,35.25,78.44871321564762
203,ornamentals,2006,38.75,85.55587770622552
203,ornamentals,2007,59,129.45754409982962
203,ornamentals,2008,65,141.8614809394702
203,ornamentals,2009,76.5,165.91831694704865
203,ornamentals,2010,69.5,150.77903757156332
203,ornamentals,2011,69.25,149.94104353854723
203,ornamentals,2012,70.25,151.75143568006246
203,ornamentals,2013,61,131.38063002974798
203,ornamentals,2014,64,136.22666366065457
203,ornamentals,2015,51.75,109.19108333789985
203,ornamentals,2016,39.5,82.21751002112936
203,ornamentals,2017,29.5,60.95951661651973
203,ornamentals,2018,36,74.34814842462912
203,ornamentals,2019,28.25,58.32005638679583
203,ornamentals,2020,20.25,41.777359307599546
203,ornamentals,2021,22,45.44279298998692
203,ornamentals,2022,3.5,7.330867364774749
203,seaweeds,1994,11,29.860527126612283
203,seaweeds,1995,14,33.70439577038309
203,seaweeds,1996,10.333333333333334,38.136263846922056
203,seaweeds,1997,18.25,52.04649475037479
203,seaweeds,1998,17.75,67.83136296872172
203,seaweeds,1999,16,80.69429686518325
203,seaweeds,2000,41.98802825471668,106.44429686518325
203,seaweeds,2001,39.98802825471668,91.67770191891532
203,seaweeds,2002,60.042549510477926,87.65901155814623
203,seaweeds,2003,63.792549510477926,73.09624171017197
203,seaweeds,2004,42.054521255761244,42.10861039379449
203,seaweeds,2005,50.054521255761244,48.563074426171795
203,seaweeds,2006,27.75,29.33176478694088
203,seaweeds,2007,21.5,21.644534634915146
203,seaweeds,2008,39.5,34.61388491265018
203,seaweeds,2009,23,19.481718961357558
203,seaweeds,2010,44.5,37.381923514228276
203,seaweeds,2011,44.5,37.381923514228276
203,seaweeds,2012,21.5,17.90020455287072
203,seaweeds,2013,21.5,17.90020455287072
203,seaweeds,2014,0,0
203,seaweeds,2015,2.75,3.2868313249421703
203,seaweeds,2016,14.5,14.092575920051104
203,seaweeds,2017,35.75,32.842241598980365
203,seaweeds,2018,60.25,54.2232306910596
203,seaweeds,2019,57.5,50.93639936611743
203,seaweeds,2020,45.75,40.130654771008494
203,seaweeds,2021,24.5,21.380989092079233
203,seaweeds,2022,0,0
204,ornamentals,1984,32,43
204,ornamentals,1985,21,30.5
204,ornamentals,1986,14,20.333333333333332
204,ornamentals,1987,11.25,26.75
204,ornamentals,1988,3.25,16
204,ornamentals,1989,0.75,11.5
204,ornamentals,1990,0.75,11.5
204,ornamentals,1991,0,0
204,ornamentals,1992,0,0
204,ornamentals,1993,0,0
204,ornamentals,1994,0,0
204,ornamentals,1995,0,0
204,ornamentals,1996,0,0
204,ornamentals,1997,0,0
204,ornamentals,1998,0,0
204,ornamentals,1999,0,0
204,ornamentals,2000,0,0
204,ornamentals,2001,0.25,1
204,ornamentals,2002,0.75,2.5
204,ornamentals,2003,1,3.25
204,ornamentals,2004,1.25,4
204,ornamentals,2005,3.75,24.5
204,ornamentals,2006,5.75,34.25
204,ornamentals,2007,6,35.25
204,ornamentals,2008,5.75,35
204,ornamentals,2009,3,13.75
204,ornamentals,2010,0.75,3
204,ornamentals,2011,2.75,7.75
204,ornamentals,2012,2.75,7.25
204,ornamentals,2013,2.75,7
204,ornamentals,2014,2.5,6.5
204,ornamentals,2015,0,0
204,ornamentals,2016,0,0
204,ornamentals,2017,0,0
204,ornamentals,2018,0,0
204,ornamentals,2019,0,0
204,ornamentals,2020,0,0
204,ornamentals,2021,0,0
204,ornamentals,2022,0,0
204,seaweeds,2007,8,24
204,seaweeds,2008,4,12
204,seaweeds,2009,19.333333333333332,24
204,seaweeds,2010,30.25,24.75
204,seaweeds,2011,46.75,34.13097815990841
204,seaweeds,2012,65.25,44.88097815990841
204,seaweeds,2013,59.17279422809875,46.13097815990841
204,seaweeds,2014,43.42279422809875,39.38097815990841
204,seaweeds,2015,24.922794228098752,24
204,seaweeds,2016,6.422794228098752,14.25
204,seaweeds,2017,0,1
204,seaweeds,2018,0,1
204,seaweeds,2019,0,1
204,seaweeds,2020,0,0
204,seaweeds,2021,0,0
204,seaweeds,2022,0,0
206,fish_oil,1976,1,0
206,fish_oil,1977,6.5,2
206,fish_oil,1978,4.333333333333333,1.3333333333333333
206,fish_oil,1979,3.25,1
206,fish_oil,1980,3,1
206,fish_oil,1981,0,0
206,fish_oil,1982,0.25,0.25
206,fish_oil,1983,0.75,1
206,fish_oil,1984,1.5,3
206,fish_oil,1985,1.75,3.5
206,fish_oil,1986,3.5,11.75
206,fish_oil,1987,5.5,20.25
206,fish_oil,1988,10.5,25.25
206,fish_oil,1989,16,33.75
206,fish_oil,1990,16.75,28
206,fish_oil,1991,24.75,26.5
206,fish_oil,1992,25,24.5
206,fish_oil,1993,25.5,25.25
206,fish_oil,1994,29.5,31.5
206,fish_oil,1995,21.25,35.5
206,fish_oil,1996,17.25,33.25
206,fish_oil,1997,29,69.31001557781471
206,fish_oil,1998,24.5,76.31001557781471
206,fish_oil,1999,28,78.0036090605129
206,fish_oil,2000,34,94.7536090605129
206,fish_oil,2001,18.25,63.94359348269819
206,fish_oil,2002,20.5,71.19359348269819
206,fish_oil,2003,33,100.49419932604333
206,fish_oil,2004,26,86.99419932604333
206,fish_oil,2005,34.25,94.46167652016244
206,fish_oil,2006,47.25,103.87165948027175
206,fish_oil,2007,35,80.2883222572314
206,fish_oil,2008,40,84.49811599835715
206,fish_oil,2009,33.25,68.59550648258907
206,fish_oil,2010,27.5,56.43552352247977
206,fish_oil,2011,22.25,44.02466141947678
206,fish_oil,2012,44.25,94.405113471735
206,fish_oil,2013,53.25,117.21371874479769
206,fish_oil,2014,46.75,110.65478998083654
206,fish_oil,2015,69.5,148.28568075111906
206,fish_oil,2016,48.5,105.4231355039699
206,fish_oil,2017,40.75,89.72304377596551
206,fish_oil,2018,36.25,79.78197253992666
206,fish_oil,2019,12.75,35.40108176964415
206,fish_oil,2020,5.75,17.673381223409308
206,fish_oil,2021,0.75,4
206,fish_oil,2022,0,0
206,ornamentals,1976,8.836123439937015,89
206,ornamentals,1977,4.418061719968508,44.5
206,ornamentals,1978,2.945374479979005,29.666666666666668
206,ornamentals,1979,2.209030859984254,22.25
206,ornamentals,1980,2.4614265661062724,24.75
206,ornamentals,1981,2.4614265661062724,24.75
206,ornamentals,1982,4.798869306131742,48.25
206,ornamentals,1983,4.798869306131742,48.25
206,ornamentals,1984,4.000501959858148,40.25
206,ornamentals,1985,4.000501959858148,40.25
206,ornamentals,1986,1.6630592198326783,16.75
206,ornamentals,1987,1.6630592198326783,16.75
206,ornamentals,1988,0,0
206,ornamentals,1989,0,0
206,ornamentals,1990,0,0
206,ornamentals,1991,0,0
206,ornamentals,1992,0,0
206,ornamentals,1993,0,0
206,ornamentals,1994,0,0
206,ornamentals,1995,0,0
206,ornamentals,1996,0,0
206,ornamentals,1997,0,0
206,ornamentals,1998,0,0
206,ornamentals,1999,0,0
206,ornamentals,2000,0,0
206,ornamentals,2001,0,0
206,ornamentals,2002,0,0
206,ornamentals,2003,0,0
206,ornamentals,2004,0,0
206,ornamentals,2005,0.2667293913637039,1.25
206,ornamentals,2006,0.8152626001477952,4.25
206,ornamentals,2007,2.1421456488080928,12
206,ornamentals,2008,4.537030383777154,26.25
206,ornamentals,2009,4.27030099241345,25
206,ornamentals,2010,8.721767783629359,46.75
206,ornamentals,2011,8.894884734969061,49.75
206,ornamentals,2012,8.5,48
206,ornamentals,2013,8.5,48
206,ornamentals,2014,3.5,23.25
206,ornamentals,2015,2,12.5
206,ornamentals,2016,0,0
206,ornamentals,2017,0,0
206,ornamentals,2018,0,0
206,ornamentals,2019,0,0
206,ornamentals,2020,0,0
206,ornamentals,2021,0,0
206,ornamentals,2022,0,0
206,seaweeds,1994,1,23.965445168844553
206,seaweeds,1995,1,38.98272258442228
206,seaweeds,1996,2.1470506592999072,38.65514838961485
206,seaweeds,1997,1.6102879944749304,28.99136129221114
206,seaweeds,1998,2.3602879944749304,28.75
206,seaweeds,1999,3.6102879944749304,22
206,seaweeds,2000,3.25,20.25
206,seaweeds,2001,4.25,30
206,seaweeds,2002,6,37
206,seaweeds,2003,4.75,36.25
206,seaweeds,2004,5.25,34.25
206,seaweeds,2005,5.5,32.5
206,seaweeds,2006,4.25,35
206,seaweeds,2007,17,86.2513577798158
206,seaweeds,2008,15.75,80.5013577798158
206,seaweeds,2009,14.5,72.5013577798158
206,seaweeds,2010,13,57.251357779815805
206,seaweeds,2011,4.25,19.113150407028684
206,seaweeds,2012,17.25,74.60007554119449
206,seaweeds,2013,20.75,90.15341127297154
206,seaweeds,2014,29,119.35888013021474
206,seaweeds,2015,24.75,100.24572972318606
206,seaweeds,2016,22.75,93.69487494092795
206,seaweeds,2017,24.5,102.77830916981173
206,seaweeds,2018,23.25,109.07284031256853
206,seaweeds,2019,23.25,109.07284031256853
206,seaweeds,2020,12.25,60.13676996066084
206,seaweeds,2021,7,35.5
206,seaweeds,2022,0,0
207,fish_oil,2003,2,5
207,fish_oil,2004,1,2.5
207,fish_oil,2005,1,2.6666666666666665
207,fish_oil,2006,0.75,2
207,fish_oil,2007,2,6
207,fish_oil,2008,3.25,16.75
207,fish_oil,2009,6.75,23.792453856067667
207,fish_oil,2010,7.5,29.542453856067667
207,fish_oil,2011,5.75,24.292453856067667
207,fish_oil,2012,4.5,13.542453856067667
207,fish_oil,2013,1.5,12.25
207,fish_oil,2014,0.75,6.5
207,fish_oil,2015,0.75,6.5
207,fish_oil,2016,0.75,6.5
207,fish_oil,2017,0,0
207,fish_oil,2018,1.75,5.1745783361355535
207,fish_oil,2019,1.75,5.1745783361355535
207,fish_oil,2020,1.75,5.1745783361355535
207,fish_oil,2021,1.75,5.1745783361355535
207,fish_oil,2022,0,0
207,ornamentals,2001,40,87.29869808065769
207,ornamentals,2002,20,43.64934904032884
207,ornamentals,2003,13.333333333333334,29.099566026885896
207,ornamentals,2004,10,21.82467452016442
207,ornamentals,2005,7.5,16.423884890768306
207,ornamentals,2006,29.75,63.13838468359424
207,ornamentals,2007,48.25,102.07162765659012
207,ornamentals,2008,48.25,102.07162765659012
207,ornamentals,2009,40.75,85.64774276582182
207,ornamentals,2010,18.5,38.933242972995885
207,ornamentals,2011,0,0
207,ornamentals,2012,0,0
207,ornamentals,2013,0,0
207,ornamentals,2014,0,0
207,ornamentals,2015,0,0
207,ornamentals,2016,0,0
207,ornamentals,2017,0,0
207,ornamentals,2018,0,0
207,ornamentals,2019,0,0
207,ornamentals,2020,0,0
207,ornamentals,2021,0,0
207,ornamentals,2022,0,0
207,seaweeds,1998,1,7
207,seaweeds,1999,1.5,6
207,seaweeds,2000,1,4
207,seaweeds,2001,0.75,3
207,seaweeds,2002,1.5,17
207,seaweeds,2003,1,15.75
207,seaweeds,2004,1.25,18
207,seaweeds,2005,1.25,18
207,seaweeds,2006,0.25,2.25
207,seaweeds,2007,0.25,2.75
207,seaweeds,2008,0.5,9.25
207,seaweeds,2009,1,17.5
207,seaweeds,2010,1.25,22.25
207,seaweeds,2011,1.25,22
207,seaweeds,2012,1.75,30.75
207,seaweeds,2013,2.5,38.13986457670378
207,seaweeds,2014,2.25,33.38986457670378
207,seaweeds,2015,2.25,33.13986457670378
207,seaweeds,2016,8.25,104.10280163505257
207,seaweeds,2017,7,88.4629370583488
207,seaweeds,2018,7,88.4629370583488
207,seaweeds,2019,7,88.4629370583488
207,seaweeds,2020,0,0
207,seaweeds,2021,0,0
207,seaweeds,2022,0,0
208,fish_oil,1979,61.67138937548407,99
208,fish_oil,1980,58.275706697596306,88
208,fish_oil,1981,54.183804465064206,84.66666666666667
208,fish_oil,1982,61.63785334879815,88.5
208,fish_oil,1983,48.720006004927136,66
208,fish_oil,1984,42.5,53
208,fish_oil,1985,59.75,54.75
208,fish_oil,1986,57.08047580924052,58
208,fish_oil,1987,65.5332205978493,80.75
208,fish_oil,1988,70.5332205978493,86.5
208,fish_oil,1989,67.7832205978493,105.94984235430654
208,fish_oil,1990,63.20274478860878,94.90577503484516
208,fish_oil,1991,77,108.85839147878383
208,fish_oil,1992,84,127.25582554534165
208,fish_oil,1993,73.5,108.47873251775366
208,fish_oil,1994,82.75,124.14617544755778
208,fish_oil,1995,82.5,104.1736469871209
208,fish_oil,1996,88.5,110.27621292056308
208,fish_oil,1997,82.5,114.35346359384454
208,fish_oil,1998,77.53649545780962,120.48008798350179
208,fish_oil,1999,68.03649545780962,128.22892802630423
208,fish_oil,2000,49.53649545780962,104.03102774345852
208,fish_oil,2001,40.03649545780962,78.03102774345852
208,fish_oil,2002,25.75,54.03102774345852
208,fish_oil,2003,15.25,35.956977760637955
208,fish_oil,2004,13.25,43.65487804348366
208,fish_oil,2005,15,61.15487804348366
208,fish_oil,2006,18,60.15487804348366
208,fish_oil,2007,16,68.5
208,fish_oil,2008,28.75,74.77360594014806
208,fish_oil,2009,39,76.11267754083849
208,fish_oil,2010,58,96.36325587898324
208,fish_oil,2011,75.25,116.10824780464955
208,fish_oil,2012,75.75,113.99377252247803
208,fish_oil,2013,89.75,129.08915736460511
208,fish_oil,2014,71,117.7237059382418
208,fish_oil,2015,57.5,91.8178823898312
208,fish_oil,2016,64.75,103.58634075958058
208,fish_oil,2017,51,86.89436277268673
208,fish_oil,2018,73.75,104.42972435073894
208,fish_oil,2019,67.5,93.59055597348325
208,fish_oil,2020,42,57.66296694575734
208,fish_oil,2021,33,43.77513904562881
208,fish_oil,2022,6.5,6.709301111590307
208,seaweeds,1997,32,405.2258183464449
208,seaweeds,1998,40.5,512.899596485818
208,seaweeds,1999,41,519.2161235081459
208,seaweeds,2000,41.25,522.365236433066
208,seaweeds,2001,39.5,500.1567354062372
208,seaweeds,2002,36.25,458.9437497949624
208,seaweeds,2003,41.25,522.2554293981407
208,seaweeds,2004,50.25,636.2457345598416
208,seaweeds,2005,51.5,652.0462027019048
208,seaweeds,2006,54.75,693.1859836232294
208,seaweeds,2007,51.25,648.8055839145469
208,seaweeds,2008,48.5,613.9274264980875
208,seaweeds,2009,55.5,702.5784188805271
208,seaweeds,2010,50.25,636.026120489991
208,seaweeds,2011,49,620.1524476579775
208,seaweeds,2012,59.75,612.6091184363333
208,seaweeds,2013,106,817.7081772888884
208,seaweeds,2014,141.75,1083.2329543653432
208,seaweeds,2015,166,1233.502354024714
208,seaweeds,2016,181.75,1403.485390037823
208,seaweeds,2017,139.25,1198.9022402667326
208,seaweeds,2018,140.5,1141.439519090223
208,seaweeds,2019,105.5,855.1502179801697
208,seaweeds,2020,62.25,480.6452196415065
208,seaweeds,2021,44,296.57989647575664
208,seaweeds,2022,0,0
209,fish_oil,1982,1,0
209,fish_oil,1983,0.5,0
209,fish_oil,1984,0.6666666666666666,0
209,fish_oil,1985,0.5,0
209,fish_oil,1986,0.75,0.25
209,fish_oil,1987,2,3.75
209,fish_oil,1988,2.25,4.75
209,fish_oil,1989,3,6.75
209,fish_oil,1990,13.5,13.583458613474562
209,fish_oil,1991,15.5,20.833458613474562
209,fish_oil,1992,26.25,23.083458613474562
209,fish_oil,1993,29.25,32.58345861347456
209,fish_oil,1994,42.75,44.46690592265445
209,fish_oil,1995,43.25,39.21690592265445
209,fish_oil,1996,32.25,42.21690592265445
209,fish_oil,1997,37.75,42.54223078987816
209,fish_oil,1998,13.75,25.325324867223713
209,fish_oil,1999,10,19.825324867223713
209,fish_oil,2000,9.75,13.575324867223713
209,fish_oil,2001,9.75,13.25
209,fish_oil,2002,16.25,15.890764179426014
209,fish_oil,2003,27.75,22.47027260167583
209,fish_oil,2004,48.75,22.97027260167583
209,fish_oil,2005,39.5,11.72027260167583
209,fish_oil,2006,43.25,8.329508422249816
209,fish_oil,2007,44.25,3
209,fish_oil,2008,40,3
209,fish_oil,2009,63.5,18.223298139658468
209,fish_oil,2010,52.75,17.223298139658468
209,fish_oil,2011,40.25,15.973298139658468
209,fish_oil,2012,23.5,15.473298139658468
209,fish_oil,2013,0,0
209,fish_oil,2014,0,0
209,fish_oil,2015,0,0
209,fish_oil,2016,0,0
209,fish_oil,2017,24.25,30.040202410063813
209,fish_oil,2018,29.75,34.54020241006381
209,fish_oil,2019,29.75,34.54020241006381
209,fish_oil,2020,29.75,34.54020241006381
209,fish_oil,2021,5.5,4.5
209,fish_oil,2022,0,0
209,ornamentals,1978,2.188219189089665,25
209,ornamentals,1979,1.0941095945448325,12.5
209,ornamentals,1980,1.1389368580142805,11
209,ornamentals,1981,1.0742345853246604,8.75
209,ornamentals,1982,0.7520410245014446,3.25
209,ornamentals,1983,1.2580016124600633,6.5
209,ornamentals,1984,1.700853766221769,5.25
209,ornamentals,1985,1.480821824407819,4.75
209,ornamentals,1986,1.2559605879586186,4
209,ornamentals,1987,1.0515478233737952,3.75
209,ornamentals,1988,1.343920993554999,15.5
209,ornamentals,1989,2.0097731740006033,25.75
209,ornamentals,1990,2.0097731740006033,25.75
209,ornamentals,1991,1.7082253506268081,22.75
209,ornamentals,1992,0.6658521804456043,10.25
209,ornamentals,1993,0,0
209,ornamentals,1994,0,0
209,ornamentals,1995,0,0
209,ornamentals,1996,0,0
209,ornamentals,1997,0,0
209,ornamentals,1998,0.11823955249401763,1.25
209,ornamentals,1999,0.11823955249401763,1.25
209,ornamentals,2000,1.244399855477024,22
209,ornamentals,2001,1.534747633121821,27
209,ornamentals,2002,2.0794659491462397,38
209,ornamentals,2003,2.156176832631086,39.25
209,ornamentals,2004,1.2166369352648623,22.25
209,ornamentals,2005,1.41984451192506,26.75
209,ornamentals,2006,0.9794356951680747,19
209,ornamentals,2007,1.2220483571395278,24.5
209,ornamentals,2008,1.1625553650580187,24
209,ornamentals,2009,0.7221465483010334,16.25
209,ornamentals,2010,0.4995974965395824,12.5
209,ornamentals,2011,0.21680902102762545,7.5
209,ornamentals,2012,0.3396816074923521,20.25
209,ornamentals,2013,0.2865350699443425,24.75
209,ornamentals,2014,0.6790687631586572,33
209,ornamentals,2015,0.6425336932143146,37.5
209,ornamentals,2016,0.39253369321431464,23
209,ornamentals,2017,0.39253369321431464,18
209,ornamentals,2018,0,42.5
209,ornamentals,2019,0,36.25
209,ornamentals,2020,0,34.75
209,ornamentals,2021,0,33.5
209,ornamentals,2022,0,0
209,seaweeds,1990,9.602322304501271,57
209,seaweeds,1991,4.801161152250636,28.5
209,seaweeds,1992,3.2007741015004236,19
209,seaweeds,1993,2.400580576125318,14.25
209,seaweeds,1994,6.75,2.5
209,seaweeds,1995,8.25,18
209,seaweeds,1996,8.75,22.75
209,seaweeds,1997,9.01489358225535,25
209,seaweeds,1998,2.5148935822553495,23.25
209,seaweeds,1999,3.0052138863469926,18.75
209,seaweeds,2000,19.005213886346993,33.13813234091676
209,seaweeds,2001,18.740320304091643,30.888132340916762
209,seaweeds,2002,18.490320304091643,30.138132340916762
209,seaweeds,2003,23.25,21.638132340916762
209,seaweeds,2004,7,3.25
209,seaweeds,2005,7,4
209,seaweeds,2006,7.948980176453659,9.25
209,seaweeds,2007,1.1989801764536594,7.25
209,seaweeds,2008,5.448980176453659,12
209,seaweeds,2009,6.448980176453659,14
209,seaweeds,2010,5.5,9
209,seaweeds,2011,7.75,34
209,seaweeds,2012,4,32.5
209,seaweeds,2013,3.75,32.75
209,seaweeds,2014,3.75,32.5
209,seaweeds,2015,1.5,7
209,seaweeds,2016,0.75,3
209,seaweeds,2017,1,19.75
209,seaweeds,2018,1.75,39
209,seaweeds,2019,1.75,39
209,seaweeds,2020,1.75,39
209,seaweeds,2021,0.75,19.25
209,seaweeds,2022,0,0
210,fish_oil,1982,89,52.65593576559792
210,fish_oil,1983,44.5,26.32796788279896
210,fish_oil,1984,59,34.78295252647147
210,fish_oil,1985,64.75,38.203572675828
210,fish_oil,1986,42.5,25.03958873442852
210,fish_oil,1987,42.5,25.03958873442852
210,fish_oil,1988,20.5,12.116358280974396
210,fish_oil,1989,0,0
210,fish_oil,1990,0,0
210,fish_oil,1991,0,0
210,fish_oil,1992,0,0
210,fish_oil,1993,0,0
210,fish_oil,1994,0,0
210,fish_oil,1995,0,0
210,fish_oil,1996,0,0
210,fish_oil,1997,0,0
210,fish_oil,1998,0,0
210,fish_oil,1999,0,0
210,fish_oil,2000,0,0
210,fish_oil,2001,16,8.942156871035152
210,fish_oil,2002,29.5,16.578172167039995
210,fish_oil,2003,34.5,19.912429472710983
210,fish_oil,2004,54.25,30.552942397349298
210,fish_oil,2005,47.25,26.82618430487979
210,fish_oil,2006,38.75,22.350522108584386
210,fish_oil,2007,41,23.24200598970782
210,fish_oil,2008,27.75,16.394814131297125
210,fish_oil,2009,22.75,13.666594843928792
210,fish_oil,2010,17.75,10.506241744219352
210,fish_oil,2011,21,11.896995027893354
210,fish_oil,2012,25.25,13.787017714117965
210,fish_oil,2013,25,13.430328088864911
210,fish_oil,2014,30.25,16.25175398998121
210,fish_oil,2015,24.5,13.149082650699938
210,fish_oil,2016,17,9.172689856955131
210,fish_oil,2017,18,9.440086984890328
210,fish_oil,2018,14.5,7.4607718013478745
210,fish_oil,2019,9.75,4.946948670160722
210,fish_oil,2020,6.5,3.2399977114532987
210,fish_oil,2021,1.75,0.8421107175738456
210,fish_oil,2022,0,0
210,ornamentals,1988,42,106.28812582548017
210,ornamentals,1989,43.5,109.57824788499306
210,ornamentals,1990,48.666666666666664,121.34609479880453
210,ornamentals,1991,55,135.81139962080192
210,ornamentals,1992,63.25,154.53020432666435
210,ornamentals,1993,71.5,173.24900903252677
210,ornamentals,1994,79.25,190.81176034916666
210,ornamentals,1995,60.75,146.00993182746814
210,ornamentals,1996,42,100.71909566523567
210,ornamentals,1997,22.5,53.783198473246756
210,ornamentals,1998,0,0
210,ornamentals,1999,22.25,52.76007650824866
210,ornamentals,2000,45.5,107.74324074086502
210,ornamentals,2001,69.25,163.79343930862657
210,ornamentals,2002,69.25,163.79343930862657
210,ornamentals,2003,47,111.03336280037792
210,ornamentals,2004,23.75,56.050198567761555
210,ornamentals,2005,0,0
210,ornamentals,2006,0,0
210,ornamentals,2007,0,0
210,ornamentals,2008,0,0
210,ornamentals,2009,0,0
210,ornamentals,2010,0,0
210,ornamentals,2011,0,0
210,ornamentals,2012,0.5,5.684666337641119
210,ornamentals,2013,1.25,13.292189952832615
210,ornamentals,2014,3.5,32.095189900866274
210,ornamentals,2015,4.25,39.839380449041755
210,ornamentals,2016,5.75,51.23985718135992
210,ornamentals,2017,5.75,51.513191047327894
210,ornamentals,2018,4,38.80485823588731
210,ornamentals,2019,3.25,31.060667687711828
210,ornamentals,2020,1.25,13.97552461775254
210,ornamentals,2021,0.5,6.094667136593074
210,ornamentals,2022,0,0
210,seaweeds,1994,92,1222.6996295479385
210,seaweeds,1995,46,611.3498147739692
210,seaweeds,1996,59.333333333333336,788.565611117217
210,seaweeds,1997,44.5,591.4242083379128
210,seaweeds,1998,44.25,588.0837615743415
210,seaweeds,1999,58,770.9231206541017
210,seaweeds,2000,49.25,654.7312150095835
210,seaweeds,2001,61.75,820.964128208609
210,seaweeds,2002,49,651.6656536789394
210,seaweeds,2003,46.25,615.1336013621484
210,seaweeds,2004,52.25,694.7721684816263
210,seaweeds,2005,55.5,737.8999694925626
210,seaweeds,2006,68,903.8367110504116
210,seaweeds,2007,71.5,950.28367261667
210,seaweeds,2008,66,877.2408541913373
210,seaweeds,2009,62.75,834.0704807639024
210,seaweeds,2010,53.25,707.9210934534183
210,seaweeds,2011,48,638.1974355834076
210,seaweeds,2012,42,558.5162960474311
210,seaweeds,2013,37.25,495.43095928806434
210,seaweeds,2014,31,412.4306591967658
210,seaweeds,2015,27,359.302804103365
210,seaweeds,2016,28.75,382.51564178236947
210,seaweeds,2017,26.25,349.3027500209005
210,seaweeds,2018,26.75,355.9197849232951
210,seaweeds,2019,21.5,286.01702955747913
210,seaweeds,2020,12.5,166.332187413896
210,seaweeds,2021,7.25,96.4400751522047
210,seaweeds,2022,0,0
212,seaweeds,1987,65,39
212,seaweeds,1988,48.5,25.5
212,seaweeds,1989,57.782626033601865,39.333333333333336
212,seaweeds,1990,43.3369695252014,29.5
212,seaweeds,1991,27.086969525201397,19.75
212,seaweeds,1992,19.086969525201397,16.75
212,seaweeds,1993,0,0
212,seaweeds,1994,0,0
212,seaweeds,1995,0,0
212,seaweeds,1996,0,0
212,seaweeds,1997,0,0
212,seaweeds,1998,0,0
212,seaweeds,1999,0,0
212,seaweeds,2000,0,0
212,seaweeds,2001,0,0
212,seaweeds,2002,0,0
212,seaweeds,2003,0,0
212,seaweeds,2004,0,0
212,seaweeds,2005,14.84103163196562,13.75
212,seaweeds,2006,14.84103163196562,13.75
212,seaweeds,2007,29.34103163196562,21.25
212,seaweeds,2008,29.34103163196562,21.25
212,seaweeds,2009,14.5,7.5
212,seaweeds,2010,16.25,18.25
212,seaweeds,2011,2.75,11.75
212,seaweeds,2012,2.75,11.75
212,seaweeds,2013,2.75,11.75
212,seaweeds,2014,1,1
212,seaweeds,2015,0,0
212,seaweeds,2016,0,0
212,seaweeds,2017,0,0
212,seaweeds,2018,0,0
212,seaweeds,2019,0,0
212,seaweeds,2020,0,0
212,seaweeds,2021,0,0
212,seaweeds,2022,0,0
214,fish_oil,2008,41,5
214,fish_oil,2009,57,48
214,fish_oil,2010,47.56483455807423,42.666666666666664
214,fish_oil,2011,41.92362591855567,51.25
214,fish_oil,2012,40.17362591855567,56.5
214,fish_oil,2013,42.67362591855567,75.95339547270305
214,fish_oil,2014,35.75,68.45339547270305
214,fish_oil,2015,31.5,50.70339547270304
214,fish_oil,2016,29.25,47.70339547270304
214,fish_oil,2017,15,15.5
214,fish_oil,2018,14.75,15
214,fish_oil,2019,12.75,13.5
214,fish_oil,2020,6.5,10
214,fish_oil,2021,0,0
214,fish_oil,2022,0,0
214,ornamentals,1994,61,113.60340058414732
214,ornamentals,1995,58,108.12800653846219
214,ornamentals,1996,38.666666666666664,72.08533769230813
214,ornamentals,1997,37.75,70.66258350410237
214,ornamentals,1998,30,66.26173335806554
214,ornamentals,1999,23.5,55.09858023487128
214,ornamentals,2000,39.25,79.34858023487128
214,ornamentals,2001,40.25,84.5
214,ornamentals,2002,38.5,74.5
214,ornamentals,2003,34.25,70.25
214,ornamentals,2004,21.25,53
214,ornamentals,2005,11.5,31.25
214,ornamentals,2006,6,17.5
214,ornamentals,2007,3,7.75
214,ornamentals,2008,1.5,1.75
214,ornamentals,2009,2.5,3.5
214,ornamentals,2010,6.75,8.75
214,ornamentals,2011,7.5,10.75
214,ornamentals,2012,8.75,12
214,ornamentals,2013,9.75,13
214,ornamentals,2014,11.25,14.75
214,ornamentals,2015,10.5,13
214,ornamentals,2016,18,21.5
214,ornamentals,2017,23.5,29
214,ornamentals,2018,23.25,38
214,ornamentals,2019,23.25,37.25
214,ornamentals,2020,13.25,26.5
214,ornamentals,2021,5.75,16.25
214,ornamentals,2022,0,0
214,seaweeds,1994,40,70
214,seaweeds,1995,21,35.5
214,seaweeds,1996,14,23.666666666666668
214,seaweeds,1997,25.5,37.75
214,seaweeds,1998,30.75,42.75
214,seaweeds,1999,45.25,60.5
214,seaweeds,2000,50.25,66.25
214,seaweeds,2001,41.75,56.75
214,seaweeds,2002,29,37.25
214,seaweeds,2003,19,25.75
214,seaweeds,2004,31.5,23.25
214,seaweeds,2005,25,12.75
214,seaweeds,2006,22.5,9.75
214,seaweeds,2007,22.5,8.75
214,seaweeds,2008,11.25,14.502025888188378
214,seaweeds,2009,26,33.75202588818838
214,seaweeds,2010,40,51.61871378404261
214,seaweeds,2011,55.25,71.13762694779795
214,seaweeds,2012,61,81.38560105960957
214,seaweeds,2013,48,78.63560105960957
214,seaweeds,2014,44.75,88.26891316375534
214,seaweeds,2015,37,87.1504219089485
214,seaweeds,2016,37.25,93.77183652393582
214,seaweeds,2017,43.75,102.02183652393582
214,seaweeds,2018,49,106.82921108813166
214,seaweeds,2019,47,113.40469958354507
214,seaweeds,2020,34.75,87.53328496855775
214,seaweeds,2021,26.5,62.78328496855775
214,seaweeds,2022,10.5,30.475910404361912
216,fish_oil,1976,23,12
216,fish_oil,1977,11.5,6
216,fish_oil,1978,7.666666666666667,4
216,fish_oil,1979,19.90592590132907,38.25
216,fish_oil,1980,26.864400155772273,68.5
216,fish_oil,1981,37.86440015577227,102.75
216,fish_oil,1982,61.11440015577227,129.26847056476117
216,fish_oil,1983,48.2084742544432,98.76847056476117
216,fish_oil,1984,54,68.26847056476117
216,fish_oil,1985,46.5,51.26847056476117
216,fish_oil,1986,23.25,24.75
216,fish_oil,1987,22,20
216,fish_oil,1988,3.5,17.25
216,fish_oil,1989,4.5,24.25
216,fish_oil,1990,13.75,34.69105689756339
216,fish_oil,1991,22.5,44.59051924197021
216,fish_oil,1992,33.75,57.01250012987913
216,fish_oil,1993,29.5,33.26250012987913
216,fish_oil,1994,71.4227202169032,87.77475288708877
216,fish_oil,1995,93.1727202169032,119.61993688691805
216,fish_oil,1996,104.4227202169032,140.06100578375072
216,fish_oil,1997,111.9227202169032,158.72678649226665
216,fish_oil,1998,66.5,108.4578646697085
216,fish_oil,1999,54.5,99.08889047488739
216,fish_oil,2000,44,78.14285757551424
216,fish_oil,2001,49.75,95.4770768669983
216,fish_oil,2002,82.25,128.022680439449
216,fish_oil,2003,63.75,95.647008290034
216,fish_oil,2004,60,98.10562014115882
216,fish_oil,2005,58,71.87656131914233
216,fish_oil,2006,21.5,36.39656991447676
216,fish_oil,2007,21.5,36.39656991447676
216,fish_oil,2008,13.25,22.020941177983502
216,fish_oil,2009,1.75,11.75
216,fish_oil,2010,12.75,15.590325095692535
216,fish_oil,2011,18.25,36.54682784011108
216,fish_oil,2012,29.25,55.44786868351318
216,fish_oil,2013,35,73.69786868351318
216,fish_oil,2014,35,71.38158220902922
216,fish_oil,2015,29.5,50.425079464610675
216,fish_oil,2016,18.5,31.524038621208575
216,fish_oil,2017,12.75,13.274038621208575
216,fish_oil,2018,15.5,25.984052088834986
216,fish_oil,2019,15.5,25.984052088834986
216,fish_oil,2020,15.5,25.984052088834986
216,fish_oil,2021,15.5,25.984052088834986
216,fish_oil,2022,0,0
216,ornamentals,1981,12.493078439973132,61
216,ornamentals,1982,48.246539219986566,45.5
216,ornamentals,1983,51.49769281332438,43.666666666666664
216,ornamentals,1984,60.37326960999329,50.5
216,ornamentals,1985,57.25,35.25
216,ornamentals,1986,36.25,27.75
216,ornamentals,1987,21.75,17.75
216,ornamentals,1988,0,0
216,ornamentals,1989,0,0
216,ornamentals,1990,0,0
216,ornamentals,1991,0,0
216,ornamentals,1992,0,0
216,ornamentals,1993,0,0
216,ornamentals,1994,0,0
216,ornamentals,1995,0,0
216,ornamentals,1996,0,0
216,ornamentals,1997,0,0
216,ornamentals,1998,0,0
216,ornamentals,1999,0,0
216,ornamentals,2000,0,0
216,ornamentals,2001,0,0
216,ornamentals,2002,0,0
216,ornamentals,2003,0,0
216,ornamentals,2004,0,0
216,ornamentals,2005,0,0
216,ornamentals,2006,0,0
216,ornamentals,2007,0,0
216,ornamentals,2008,0,0
216,ornamentals,2009,0,0
216,ornamentals,2010,0,0
216,ornamentals,2011,0,0
216,ornamentals,2012,0,0
216,ornamentals,2013,0,0
216,ornamentals,2014,0,0
216,ornamentals,2015,0,0
216,ornamentals,2016,0,0
216,ornamentals,2017,0,0
216,ornamentals,2018,0,0
216,ornamentals,2019,0,0
216,ornamentals,2020,0,0
216,ornamentals,2021,0,0
216,ornamentals,2022,0,0
218,fish_oil,1985,21.94519568375599,75
218,fish_oil,1986,24.28451846461916,83.5
218,fish_oil,1987,16.18967897641277,55.666666666666664
218,fish_oil,1988,12.14225923230958,41.75
218,fish_oil,1989,6.655960311370582,23
218,fish_oil,1990,17.25,4.75
218,fish_oil,1991,39.25,26.92788258349836
218,fish_oil,1992,39.25,26.92788258349836
218,fish_oil,1993,50.5,39.546836496735295
218,fish_oil,1994,56.25,83.72040715293184
218,fish_oil,1995,41,77.45633568632888
218,fish_oil,1996,44.75,103.45633568632888
218,fish_oil,1997,35.75,109.58738177309195
218,fish_oil,1998,22,77.60158496968225
218,fish_oil,1999,17,72.68777385278685
218,fish_oil,2000,16.5,54.80331847295008
218,fish_oil,2001,14.25,36.80331847295008
218,fish_oil,2002,16,56.86554462016324
218,fish_oil,2003,20,60.11554462016324
218,fish_oil,2004,19.25,54.75
218,fish_oil,2005,22.5,62.176970736278044
218,fish_oil,2006,15.5,35.05044654138911
218,fish_oil,2007,24,53.70387879306065
218,fish_oil,2008,24.25,58.044891968600865
218,fish_oil,2009,23,55.28699978547594
218,fish_oil,2010,29,68.80989944324827
218,fish_oil,2011,28,66.6134138753267
218,fish_oil,2012,37,100.25912676350575
218,fish_oil,2013,60.5,134.87639954627562
218,fish_oil,2014,67.5,156.54398013038758
218,fish_oil,2015,80.5,162.27974364930986
218,fish_oil,2016,85,154.85201811250272
218,fish_oil,2017,72.25,152.6094454172272
218,fish_oil,2018,64.75,128.87788913693203
218,fish_oil,2019,38.5,92.43517893425977
218,fish_oil,2020,27.5,71.97868041359695
218,fish_oil,2021,14.75,34.184901772949466
218,fish_oil,2022,5.25,12.852502006249276
218,ornamentals,1988,1,7
218,ornamentals,1989,0.5,3.5
218,ornamentals,1990,1,5.333333333333333
218,ornamentals,1991,3.25,13
218,ornamentals,1992,3.75,13.5
218,ornamentals,1993,5.5,19.25
218,ornamentals,1994,5.25,18
218,ornamentals,1995,4.5,16
218,ornamentals,1996,4,16
218,ornamentals,1997,3.25,13
218,ornamentals,1998,5.25,18
218,ornamentals,1999,5.75,17.5
218,ornamentals,2000,7.75,21.25
218,ornamentals,2001,7.75,21
218,ornamentals,2002,6.75,18.25
218,ornamentals,2003,4.75,12.75
218,ornamentals,2004,6.5,19
218,ornamentals,2005,11.75,38.25
218,ornamentals,2006,14.5,53
218,ornamentals,2007,19.75,71.19576118213496
218,ornamentals,2008,16.25,67.94576118213496
218,ornamentals,2009,10.25,49.945761182134966
218,ornamentals,2010,6.75,44.445761182134966
218,ornamentals,2011,1.25,27.75
218,ornamentals,2012,0.75,20
218,ornamentals,2013,0.5,16.25
218,ornamentals,2014,0.25,8.5
218,ornamentals,2015,0.25,6.25
218,ornamentals,2016,0.25,5.5
218,ornamentals,2017,0.5,7.5
218,ornamentals,2018,0.25,4.25
218,ornamentals,2019,0.25,4
218,ornamentals,2020,0.25,3.5
218,ornamentals,2021,0,1.5
218,ornamentals,2022,0,0
218,seaweeds,1994,0,3
218,seaweeds,1995,0,1.5
218,seaweeds,1996,0,1
218,seaweeds,1997,0,5.5
218,seaweeds,1998,0.75,15.29015444321874
218,seaweeds,1999,1,19.79015444321874
218,seaweeds,2000,1.5,37.54015444321874
218,seaweeds,2001,20.25,229.5322060936025
218,seaweeds,2002,20.25,238.49205165038376
218,seaweeds,2003,21.75,254.74205165038376
218,seaweeds,2004,23.25,259.4991746097254
218,seaweeds,2005,8,100.65627256926541
218,seaweeds,2006,15,162.97122641883806
218,seaweeds,2007,17,182.38065174085932
218,seaweeds,2008,16.25,183.62352878151768
218,seaweeds,2009,13.25,152.9743791715939
218,seaweeds,2010,6.25,88.90942532202126
218,seaweeds,2011,5,75.27848191681022
218,seaweeds,2012,7.5,90.85591979428739
218,seaweeds,2013,17.25,190.18679812064988
218,seaweeds,2014,39.5,411.0978841437767
218,seaweeds,2015,37,384.5694022269665
218,seaweeds,2016,33.5,345.4919643494893
218,seaweeds,2017,23.5,239.1610860231268
218,seaweeds,2018,2.5,4.75
218,seaweeds,2019,2.5,4.75
218,seaweeds,2020,2.25,4.5
218,seaweeds,2021,2,4.25
218,seaweeds,2022,0,0
220,ornamentals,1997,0.3813951654689225,4.298925510972666
220,ornamentals,1998,0.5297460147774484,5.645585105618123
220,ornamentals,1999,0.4379184910669484,4.7690555852844705
220,ornamentals,2000,0.3920047292116984,4.318637379862532
220,ornamentals,2001,0.3284388683002113,3.6771728966847794
220,ornamentals,2002,0.2224805131902048,2.6466505220078353
220,ornamentals,2003,0.2224805131902048,2.598036740987382
220,ornamentals,2004,0.1589146522787177,2.078671563278408
220,ornamentals,2005,0.3178293045574354,2.9802877478542227
220,ornamentals,2006,0.5085268872918967,4.551119940278807
220,ornamentals,2007,0.7310074004821014,6.038756786591272
220,ornamentals,2008,0.7945732613935885,6.460894402259344
220,ornamentals,2009,0.6674415395706144,5.7584760067212795
220,ornamentals,2010,0.4175918436423263,3.501887944363488
220,ornamentals,2011,0.1315454695406344,1.308865742917184
220,ornamentals,2012,0.06797960862914731,0.6642476140589075
220,ornamentals,2013,0.0044137477176602324,0.03178293045574354
220,ornamentals,2014,0,0
220,ornamentals,2015,0,0
220,ornamentals,2016,0,0
220,ornamentals,2017,0,0
220,ornamentals,2018,0,0
220,ornamentals,2019,0,0
220,ornamentals,2020,0,0
220,ornamentals,2021,0,0
220,ornamentals,2022,0,0
222,fish_oil,1977,0,0
222,fish_oil,1978,8.5,4
222,fish_oil,1979,10,16.333333333333332
222,fish_oil,1980,15.5,18.76779710849117
222,fish_oil,1981,21.5,41.767797108491166
222,fish_oil,1982,24.25,59.767797108491166
222,fish_oil,1983,43.25,65.95412484618618
222,fish_oil,1984,36.25,63.68632773769501
222,fish_oil,1985,30.75,41.18632773769501
222,fish_oil,1986,25,22.686327737695006
222,fish_oil,1987,5,9
222,fish_oil,1988,4,4.75
222,fish_oil,1989,7.75,8.318630774884301
222,fish_oil,1990,8,8.999122584037888
222,fish_oil,1991,6.75,8.099770180100357
222,fish_oil,1992,9,19.849770180100357
222,fish_oil,1993,7,18.530393327735887
222,fish_oil,1994,11.25,21.53961301048141
222,fish_oil,1995,14,27.509969524800535
222,fish_oil,1996,25,26.176883878267
222,fish_oil,1997,22.75,23.427629955747168
222,fish_oil,1998,17,18.237918463848057
222,fish_oil,1999,13.5,13.166914353466463
222,fish_oil,2000,0.25,3
222,fish_oil,2001,24.75,22.290605665252865
222,fish_oil,2002,24.75,22.290605665252865
222,fish_oil,2003,24.5,19.540605665252865
222,fish_oil,2004,25.75,28.290605665252865
222,fish_oil,2005,1.25,9.25
222,fish_oil,2006,2.5,27.75
222,fish_oil,2007,2.5,27.75
222,fish_oil,2008,1.25,18.75
222,fish_oil,2009,5,34.31455888581765
222,fish_oil,2010,6,26.09714589593797
222,fish_oil,2011,6,26.09714589593797
222,fish_oil,2012,7.25,39.34714589593797
222,fish_oil,2013,3.5,23.532587010120324
222,fish_oil,2014,1.25,13.25
222,fish_oil,2015,9.75,21.189607671418813
222,fish_oil,2016,11.5,11.58649390165851
222,fish_oil,2017,15,15.59611136442469
222,fish_oil,2018,20.25,20.83417936673935
222,fish_oil,2019,11.75,12.894571695320536
222,fish_oil,2020,8.75,9.247685465080838
222,fish_oil,2021,5.25,5.238068002314659
222,fish_oil,2022,0,0
222,ornamentals,1976,10,86
222,ornamentals,1977,9.5,81.5
222,ornamentals,1978,10,78.33333333333333
222,ornamentals,1979,9.25,83.5
222,ornamentals,1980,10.25,76.93389787797119
222,ornamentals,1981,14.5,82.77572065608322
222,ornamentals,1982,15.5,80.36312249509419
222,ornamentals,1983,21.75,85.63287224277681
222,ornamentals,1984,31,116.86084122457223
222,ornamentals,1985,37.25,137.8301949858936
222,ornamentals,1986,47,170.76793317110133
222,ornamentals,1987,50.25,181.47867171194875
222,ornamentals,1988,44.25,160.55867998966795
222,ornamentals,1989,37.75,137.92891906397483
222,ornamentals,1990,29.25,108.46008132463237
222,ornamentals,1991,22.25,84.12055119552687
222,ornamentals,1992,19.25,73.45917469372006
222,ornamentals,1993,16.75,64.50756739532557
222,ornamentals,1994,15.75,60.685267707168094
222,ornamentals,1995,11.5,44.54430954774355
222,ornamentals,1996,7.75,30.21381091206456
222,ornamentals,1997,4,15.984002596718767
222,ornamentals,1998,0,1.75
222,ornamentals,1999,0,1.75
222,ornamentals,2000,0.5,6
222,ornamentals,2001,0.5,6.75
222,ornamentals,2002,0.5,5.75
222,ornamentals,2003,13,116.64898761485938
222,ornamentals,2004,12.5,112.14898761485938
222,ornamentals,2005,12.5,111.14898761485938
222,ornamentals,2006,12.75,113.64898761485938
222,ornamentals,2007,0.25,2.5
222,ornamentals,2008,0.25,7
222,ornamentals,2009,0.5,9.75
222,ornamentals,2010,1.5,24.75
222,ornamentals,2011,2.75,32.5
222,ornamentals,2012,3.5,43.75
222,ornamentals,2013,4.25,51.674134219709686
222,ornamentals,2014,3.75,42.78691198499092
222,ornamentals,2015,3.25,43.806702430589894
222,ornamentals,2016,3.25,36.98350555650666
222,ornamentals,2017,3,35.39318714303147
222,ornamentals,2018,3.5,40.45797613379494
222,ornamentals,2019,2.75,31.688185688195972
222,ornamentals,2020,2,22.76138256227921
222,ornamentals,2021,1.25,13.677566756044712
222,ornamentals,2022,0,0
222,seaweeds,1994,59.00055124748235,155.1231521634848
222,seaweeds,1995,44.500275623741175,89.0615760817424
222,seaweeds,1996,32.66685041582745,91.83974244091168
222,seaweeds,1997,28.500137811870587,95.88874137432363
222,seaweeds,1998,17.5,80.75339887022548
222,seaweeds,1999,13,92.02755381323368
222,seaweeds,2000,14,84.84700254646054
222,seaweeds,2001,13.75,77.90864969278937
222,seaweeds,2002,11,72.64228097013776
222,seaweeds,2003,8.25,66.11812602712956
222,seaweeds,2004,12,80.19965850409014
222,seaweeds,2005,9.25,75.66768660764242
222,seaweeds,2006,8.75,62.96373058017514
222,seaweeds,2007,12,75.34557664204488
222,seaweeds,2008,6.25,58.55932258876149
222,seaweeds,2009,9.5,48.72239036476489
222,seaweeds,2010,13,49.12765655387025
222,seaweeds,2011,13,34.947105287097116
222,seaweeds,2012,14.25,51.011370489136766
222,seaweeds,2013,13.25,78.14539982574499
222,seaweeds,2014,16,127.2355949686905
222,seaweeds,2015,22.25,187.11143241030481
222,seaweeds,2016,36.5,282.856886453044
222,seaweeds,2017,53,389.9216590944875
222,seaweeds,2018,71.5,512.947682714978
222,seaweeds,2019,61.75,444.3705504782671
222,seaweeds,2020,45,318.09708528677163
222,seaweeds,2021,25.25,178.19660573919555
222,seaweeds,2022,0,0
223,fish_oil,1988,7,51
223,fish_oil,1989,3.5,40
223,fish_oil,1990,4.666666666666667,56.666666666666664
223,fish_oil,1991,3.654743841406413,43
223,fish_oil,1992,2.904743841406413,37.5
223,fish_oil,1993,2.904743841406413,30.25
223,fish_oil,1994,3.904743841406413,18.25
223,fish_oil,1995,3.75,17.75
223,fish_oil,1996,25,151.78567513643625
223,fish_oil,1997,25.5,153.28567513643625
223,fish_oil,1998,45,258.4018374040519
223,fish_oil,1999,58.75,346.3016225111206
223,fish_oil,2000,50.5,294.4116830442184
223,fish_oil,2001,61.75,368.16181746087625
223,fish_oil,2002,54.25,343.86913680619114
223,fish_oil,2003,57.75,332.0791347967248
223,fish_oil,2004,55.75,319.5430748681762
223,fish_oil,2005,56.5,324.21272193650327
223,fish_oil,2006,66.5,325.7384180279288
223,fish_oil,2007,82,336.0498548326496
223,fish_oil,2008,98,340.958717470802
223,fish_oil,2009,99.5,330.4639376093688
223,fish_oil,2010,94.75,330.75401578596666
223,fish_oil,2011,67,268.2905278224039
223,fish_oil,2012,48.5,222.6983802021136
223,fish_oil,2013,38.25,158.80549920072485
223,fish_oil,2014,18.75,73.91624331977098
223,fish_oil,2015,27.5,67.96000938587909
223,fish_oil,2016,34,58.80480909015178
223,fish_oil,2017,30.25,53.272688467988814
223,fish_oil,2018,40,58.81910910945949
223,fish_oil,2019,26.25,40.817611104590966
223,fish_oil,2020,10.25,13.796420641470675
223,fish_oil,2021,10.25,13.796420641470675
223,fish_oil,2022,0,0
223,ornamentals,1980,2,1
223,ornamentals,1981,1.6802585657207416,1
223,ornamentals,1982,1.5940351756813886,1.3333333333333333
223,ornamentals,1983,1.1955263817610415,1
223,ornamentals,1984,0.6955263817610415,0.75
223,ornamentals,1985,0.7310967557455434,1.5
223,ornamentals,1986,0.6256996568448727,3
223,ornamentals,1987,5.875699656844873,7.5
223,ornamentals,1988,6.271701871633947,9
223,ornamentals,1989,5.896002214789075,8.5
223,ornamentals,1990,5.646002214789075,6.5
223,ornamentals,1991,0.3960022147890747,2
223,ornamentals,1992,0,0.5
223,ornamentals,1993,0,0.25
223,ornamentals,1994,0,0.25
223,ornamentals,1995,0,0.25
223,ornamentals,1996,0,0.25
223,ornamentals,1997,0,0
223,ornamentals,1998,0,0
223,ornamentals,1999,0,0
223,ornamentals,2000,0,0
223,ornamentals,2001,0,0
223,ornamentals,2002,0,0
223,ornamentals,2003,0,0
223,ornamentals,2004,0,0
223,ornamentals,2005,0,0
223,ornamentals,2006,0,0
223,ornamentals,2007,0,0
223,ornamentals,2008,0,0
223,ornamentals,2009,0,0
223,ornamentals,2010,0,0
223,ornamentals,2011,0,0
223,ornamentals,2012,0,0
223,ornamentals,2013,0,0
223,ornamentals,2014,0,0
223,ornamentals,2015,0,0
223,ornamentals,2016,0,0
223,ornamentals,2017,0,0
223,ornamentals,2018,0,0
223,ornamentals,2019,0,0
223,ornamentals,2020,0,0
223,ornamentals,2021,0,0
223,ornamentals,2022,0,0
223,seaweeds,1994,0,1
223,seaweeds,1995,0,4.5
223,seaweeds,1996,0,3.3333333333333335
223,seaweeds,1997,0,2.5
223,seaweeds,1998,0,3
223,seaweeds,1999,0,1.5
223,seaweeds,2000,0,1.5
223,seaweeds,2001,0,3.25
223,seaweeds,2002,0,3
223,seaweeds,2003,7.25,54.03101382936306
223,seaweeds,2004,17,122.33780706334214
223,seaweeds,2005,22,137.08780706334215
223,seaweeds,2006,22,136.58780706334215
223,seaweeds,2007,14.75,85.80679323397908
223,seaweeds,2008,5,17.25
223,seaweeds,2009,0,0.75
223,seaweeds,2010,0,0.75
223,seaweeds,2011,0,0
223,seaweeds,2012,0,2
223,seaweeds,2013,1.5,23.25
223,seaweeds,2014,4.25,49.118195900343835
223,seaweeds,2015,6.75,90.51888079489868
223,seaweeds,2016,6.75,88.76888079489868
223,seaweeds,2017,18.75,151.52442145427506
223,seaweeds,2018,32,223.513573806223
223,seaweeds,2019,29.5,182.11288891166816
223,seaweeds,2020,29.5,181.86288891166816
223,seaweeds,2021,16,97.85734825229179
223,seaweeds,2022,0,0
224,fish_oil,1992,2,14
224,fish_oil,1993,4,29.5
224,fish_oil,1994,4.333333333333333,34
224,fish_oil,1995,3.25,25.5
224,fish_oil,1996,2.75,22
224,fish_oil,1997,1.25,10.75
224,fish_oil,1998,0,0
224,fish_oil,1999,0,0
224,fish_oil,2000,0,0
224,fish_oil,2001,0,0
224,fish_oil,2002,0,0
224,fish_oil,2003,0,0
224,fish_oil,2004,0,0
224,fish_oil,2005,0,0
224,fish_oil,2006,0,0
224,fish_oil,2007,0,0
224,fish_oil,2008,0,0
224,fish_oil,2009,0,0
224,fish_oil,2010,0,0
224,fish_oil,2011,0,0
224,fish_oil,2012,0,0
224,fish_oil,2013,0,0
224,fish_oil,2014,0,0
224,fish_oil,2015,0,0
224,fish_oil,2016,0,0
224,fish_oil,2017,0,0
224,fish_oil,2018,4.5,10.75
224,fish_oil,2019,4.5,10.75
224,fish_oil,2020,4.5,10.75
224,fish_oil,2021,4.5,10.75
224,fish_oil,2022,0,0
224,ornamentals,1993,1,19
224,ornamentals,1994,0.5,9.5
224,ornamentals,1995,0.3333333333333333,6.333333333333333
224,ornamentals,1996,0.25,4.75
224,ornamentals,1997,0.25,1.25
224,ornamentals,1998,1.75,8.75
224,ornamentals,1999,1.75,9.25
224,ornamentals,2000,1.75,9.75
224,ornamentals,2001,1.5,9
224,ornamentals,2002,0,2
224,ornamentals,2003,0,1.5
224,ornamentals,2004,0,1.25
224,ornamentals,2005,0,1.25
224,ornamentals,2006,0,1.25
224,ornamentals,2007,0,1.25
224,ornamentals,2008,0,1
224,ornamentals,2009,0,0.5
224,ornamentals,2010,0,0
224,ornamentals,2011,0,0
224,ornamentals,2012,0,0
224,ornamentals,2013,0,0
224,ornamentals,2014,0,0
224,ornamentals,2015,0,0
224,ornamentals,2016,0,0
224,ornamentals,2017,0,0
224,ornamentals,2018,0,0
224,ornamentals,2019,0,0
224,ornamentals,2020,0,0
224,ornamentals,2021,0,0
224,ornamentals,2022,0,0
245,ornamentals,1997,0.3813951654689225,4.298925510972666
245,ornamentals,1998,0.5297460147774484,5.645585105618123
245,ornamentals,1999,0.4379184910669484,4.7690555852844705
245,ornamentals,2000,0.3920047292116984,4.318637379862532
245,ornamentals,2001,0.3284388683002113,3.6771728966847794
245,ornamentals,2002,0.2224805131902048,2.6466505220078353
245,ornamentals,2003,0.2224805131902048,2.598036740987382
245,ornamentals,2004,0.1589146522787177,2.078671563278408
245,ornamentals,2005,0.3178293045574354,2.9802877478542227
245,ornamentals,2006,0.5085268872918967,4.551119940278807
245,ornamentals,2007,0.7310074004821014,6.038756786591272
245,ornamentals,2008,0.7945732613935885,6.460894402259344
245,ornamentals,2009,0.6674415395706144,5.7584760067212795
245,ornamentals,2010,0.4175918436423263,3.501887944363488
245,ornamentals,2011,0.1315454695406344,1.308865742917184
245,ornamentals,2012,0.06797960862914731,0.6642476140589075
245,ornamentals,2013,0.0044137477176602324,0.03178293045574354
245,ornamentals,2014,0,0
245,ornamentals,2015,0,0
245,ornamentals,2016,0,0
245,ornamentals,2017,0,0
245,ornamentals,2018,0,0
245,ornamentals,2019,0,0
245,ornamentals,2020,0,0
245,ornamentals,2021,0,0
245,ornamentals,2022,0,0
247,ornamentals,1995,0,4
247,ornamentals,1996,0,2
247,ornamentals,1997,0,1.3333333333333333
247,ornamentals,1998,0,1
247,ornamentals,1999,0.07019907450085072,0.75
247,ornamentals,2000,0.07019907450085072,0.75
247,ornamentals,2001,0.5417958491187048,5.5
247,ornamentals,2002,0.7387462834256165,7.5
247,ornamentals,2003,1.5415416836596232,15.5
247,ornamentals,2004,1.5415416836596232,15.5
247,ornamentals,2005,1.069944909041769,10.75
247,ornamentals,2006,3.073612369156476,30.75
247,ornamentals,2007,2.200617894421619,22
247,ornamentals,2008,2.200617894421619,22
247,ornamentals,2009,2.200617894421619,22
247,ornamentals,2010,0,0
247,ornamentals,2011,0,0
247,ornamentals,2012,0,0
247,ornamentals,2013,0,0
247,ornamentals,2014,0,0
247,ornamentals,2015,0,0
247,ornamentals,2016,0,0
247,ornamentals,2017,0,0
247,ornamentals,2018,0,0
247,ornamentals,2019,0,0
247,ornamentals,2020,0,0
247,ornamentals,2021,0,0
247,ornamentals,2022,0,0
247,seaweeds,2015,1,8
247,seaweeds,2016,1.5,16
247,seaweeds,2017,1.6666666666666667,35
247,seaweeds,2018,1.25,27
247,seaweeds,2019,1,25
247,seaweeds,2020,0.5,19
247,seaweeds,2021,0,0.75
247,seaweeds,2022,0,0
248,ornamentals,1997,0.3813951654689225,4.298925510972666
248,ornamentals,1998,0.5297460147774484,5.645585105618123
248,ornamentals,1999,0.4379184910669484,4.7690555852844705
248,ornamentals,2000,0.3920047292116984,4.318637379862532
248,ornamentals,2001,0.3284388683002113,3.6771728966847794
248,ornamentals,2002,0.2224805131902048,2.6466505220078353
248,ornamentals,2003,0.2224805131902048,2.598036740987382
248,ornamentals,2004,0.1589146522787177,2.078671563278408
248,ornamentals,2005,0.3178293045574354,2.9802877478542227
248,ornamentals,2006,0.5085268872918967,4.551119940278807
248,ornamentals,2007,0.7310074004821014,6.038756786591272
248,ornamentals,2008,0.7945732613935885,6.460894402259344
248,ornamentals,2009,0.6674415395706144,5.7584760067212795
248,ornamentals,2010,0.4175918436423263,3.501887944363488
248,ornamentals,2011,0.1315454695406344,1.308865742917184
248,ornamentals,2012,0.06797960862914731,0.6642476140589075
248,ornamentals,2013,0.0044137477176602324,0.03178293045574354
248,ornamentals,2014,0,0
248,ornamentals,2015,0,0
248,ornamentals,2016,0,0
248,ornamentals,2017,0,0
248,ornamentals,2018,0,0
248,ornamentals,2019,0,0
248,ornamentals,2020,0,0
248,ornamentals,2021,0,0
248,ornamentals,2022,0,0
249,ornamentals,1997,0.3813951654689225,4.298925510972666
249,ornamentals,1998,0.5297460147774484,5.645585105618123
249,ornamentals,1999,0.4379184910669484,4.7690555852844705
249,ornamentals,2000,0.3920047292116984,4.318637379862532
249,ornamentals,2001,0.3284388683002113,3.6771728966847794
249,ornamentals,2002,0.2224805131902048,2.6466505220078353
249,ornamentals,2003,0.2224805131902048,2.598036740987382
249,ornamentals,2004,0.1589146522787177,2.078671563278408
249,ornamentals,2005,0.3178293045574354,2.9802877478542227
249,ornamentals,2006,0.5085268872918967,4.551119940278807
249,ornamentals,2007,0.7310074004821014,6.038756786591272
249,ornamentals,2008,0.7945732613935885,6.460894402259344
249,ornamentals,2009,0.6674415395706144,5.7584760067212795
249,ornamentals,2010,0.4175918436423263,3.501887944363488
249,ornamentals,2011,0.1315454695406344,1.308865742917184
249,ornamentals,2012,0.06797960862914731,0.6642476140589075
249,ornamentals,2013,0.0044137477176602324,0.03178293045574354
249,ornamentals,2014,0,0
249,ornamentals,2015,0,0
249,ornamentals,2016,0,0
249,ornamentals,2017,0,0
249,ornamentals,2018,0,0
249,ornamentals,2019,0,0
249,ornamentals,2020,0,0
249,ornamentals,2021,0,0
249,ornamentals,2022,0,0
250,ornamentals,1997,0.3813951654689225,4.298925510972666
250,ornamentals,1998,0.5297460147774484,5.645585105618123
250,ornamentals,1999,0.4379184910669484,4.7690555852844705
250,ornamentals,2000,0.3920047292116984,4.318637379862532
250,ornamentals,2001,0.3284388683002113,3.6771728966847794
250,ornamentals,2002,0.2224805131902048,2.6466505220078353
250,ornamentals,2003,0.2224805131902048,2.598036740987382
250,ornamentals,2004,0.19069758273446125,2.078671563278408
250,ornamentals,2005,0.34961223501317895,2.9802877478542227
250,ornamentals,2006,0.5403098177476402,4.551119940278807
250,ornamentals,2007,0.762790330937845,6.038756786591272
250,ornamentals,2008,0.7945732613935885,6.492677332715088
250,ornamentals,2009,0.6674415395706144,5.790258937177023
250,ornamentals,2010,0.4175918436423263,3.5336708748192316
250,ornamentals,2011,0.1315454695406344,1.3406486733729275
250,ornamentals,2012,0.06797960862914731,0.6642476140589075
250,ornamentals,2013,0.0044137477176602324,0.03178293045574354
250,ornamentals,2014,0,0
250,ornamentals,2015,0,0
250,ornamentals,2016,2.5,14.701018580843652
250,ornamentals,2017,5.5,37.70101858084365
250,ornamentals,2018,5.5,38.20101858084365
250,ornamentals,2019,5.5,38.20101858084365
250,ornamentals,2020,3,23.5
250,ornamentals,2021,0,0.5
250,ornamentals,2022,0,0
