rgn_name,rgn_id,commodity,product,1976,1977,1978,1979,1980,1981,1982,1983,1984,1985,1986,1987,1988,1989,1990,1991,1992,1993,1994,1995,1996,1997,1998,1999,2000,2001,2002,2003,2004,2005,2006,2007,2008,2009,2010,2011,2012,2013,2014,2015,2016,2017,2018,2019,2020,2021,2022
Albania,82,Agar agar nei,seaweeds,NA,NA,NA,NA,NA,NA,NA,NA,NA,NA,NA,NA,NA,NA,NA,NA,NA,NA,NA,NA,NA,NA,NA,NA,NA,NA,NA,NA,NA,NA,NA,NA,NA,NA,NA,NA,NA,NA,12,14,10,3,4,0,0,0,0
Albania,82,Ornamental fish nei,ornamentals,NA,NA,NA,NA,NA,NA,NA,NA,NA,NA,NA,NA,NA,NA,NA,NA,NA,NA,NA,NA,NA,NA,NA,NA,1,0,0,0,4,1,6,0,16,5,0,0,0,0,0,0,0,0,0,0,0,0,0
Albania,82,Z_TOTAL,ornamentals,NA,NA,NA,NA,NA,NA,NA,NA,NA,NA,NA,NA,NA,NA,NA,NA,NA,NA,NA,NA,NA,NA,NA,NA,1,0,0,0,4,1,6,0,16,5,0,0,0,0,0,0,0,0,0,0,0,0,0
Albania,82,Z_TOTAL,seaweeds,NA,NA,NA,NA,NA,NA,NA,NA,NA,NA,NA,NA,NA,NA,NA,NA,NA,NA,NA,NA,NA,NA,NA,NA,NA,NA,NA,NA,NA,NA,NA,NA,NA,NA,NA,NA,NA,NA,12,14,10,3,4,0,0,0,0
Algeria,84,Ornamental fish nei,ornamentals,NA,NA,NA,NA,NA,NA,NA,NA,NA,NA,NA,NA,NA,NA,NA,NA,NA,NA,NA,NA,NA,NA,NA,NA,NA,3,2,12,8,5,0,4,0,0,0,0,0,0,0,0,0,0,0,0,0,0,0
Algeria,84,Z_TOTAL,ornamentals,NA,NA,NA,NA,NA,NA,NA,NA,NA,NA,NA,NA,NA,NA,NA,NA,NA,NA,NA,NA,NA,NA,NA,NA,NA,3,2,12,8,5,0,4,0,0,0,0,0,0,0,0,0,0,0,0,0,0,0
Angola,200,"Fish liver oils, nei",fish_oil,NA,NA,NA,NA,NA,NA,NA,NA,NA,NA,NA,NA,NA,NA,NA,NA,NA,NA,NA,NA,NA,NA,NA,1,0,0,0,0,0,0,0,0,0,16.76742845905639,16.837701548649505,8.381800760853281,0,0,0,0,0,0,0,0,0,0,0
Angola,200,Z_TOTAL,fish_oil,NA,NA,NA,NA,NA,NA,NA,NA,NA,NA,NA,NA,NA,NA,NA,NA,NA,NA,NA,NA,NA,NA,NA,1,0,0,0,0,0,0,0,0,0,16.76742845905639,16.837701548649505,8.381800760853281,0,0,0,0,0,0,0,0,0,0,0
Argentina,172,Agar agar nei,seaweeds,NA,NA,NA,NA,NA,NA,NA,NA,NA,NA,NA,NA,NA,NA,NA,NA,NA,NA,583.6315042523175,654.7171973623064,299.5054279783748,52,20,30,29,14,19,36,56,29,37,47,25,15,41,9,9,6,5,0,0,2,0,0,0,0,0
Argentina,172,"Fish body oils, nei",fish_oil,NA,NA,NA,NA,NA,NA,NA,NA,NA,NA,NA,NA,21,50,34,79,93,9,61,0,0,0,0,47,26,0,0,0,0,0,0,0,0,0,0,0,0,0,0,0,0,0,36.85469993660402,0,0,0,0
Argentina,172,"Fish liver oils, nei",fish_oil,NA,NA,NA,NA,NA,NA,NA,NA,NA,NA,NA,4,8,0,5,1,5,5,0,6.9169226120056635,0,1,3,0,0,0,0,26,55,29,12,1,0,0,0,0,0,0,0,6,0,0,0,0,0,0,0
Argentina,172,"Oils and fats of aquatic animals, nei",fish_oil,NA,33,0,95,2,0,2,77,0,0,0,0,0,0,0,0,0,0,0,0,0,0,0,0,0,0,0,0,0,0,0,0,0,0,0,0,0,0,0,0,0,0,0,0,0,0,0
Argentina,172,Ornamental fish nei,ornamentals,3,9,9,9,32,8,5,3,0,0,5,9,2,3,3,24,8,22,2,32,30,8,10,0,17,25,23,38,30,50,60,61,61,56,52,39,0,0,0,0,0,0,0,0,0,0,0
Argentina,172,Other seaweeds and aquatic plants and products thereof,seaweeds,NA,NA,NA,NA,NA,NA,NA,NA,NA,NA,NA,NA,NA,NA,NA,NA,96,0,0,0,0,61,0,58,9,2,0,64.79999401458561,46.189048115021215,96.47286491665119,0,92.058002975234,0,0,0,0,0,0,0,0,0,0,0,0,0,0,0
Argentina,172,Z_TOTAL,fish_oil,NA,33,0,95,2,0,2,77,0,0,0,4,29,50,39,80,98,14,61,6.9169226120056635,0,1,3,47,26,0,0,26,55,29,12,1,0,0,0,0,0,0,0,6,0,0,36.85469993660402,0,0,0,0
Argentina,172,Z_TOTAL,ornamentals,3,9,9,9,32,8,5,3,0,0,5,9,2,3,3,24,8,22,2,32,30,8,10,0,17,25,23,38,30,50,60,61,61,56,52,39,0,0,0,0,0,0,0,0,0,0,0
Argentina,172,Z_TOTAL,seaweeds,NA,NA,NA,NA,NA,NA,NA,NA,NA,NA,NA,NA,NA,NA,NA,NA,96,0,583.6315042523175,654.7171973623064,299.5054279783748,113,20,88,38,16,19,100.79999401458561,102.18904811502122,125.47286491665119,37,139.058002975234,25,15,41,9,9,6,5,0,0,2,0,0,0,0,0
Aruba,250,Ornamental fish nei,ornamentals,NA,NA,NA,NA,NA,NA,NA,NA,NA,NA,NA,NA,NA,NA,NA,NA,NA,NA,NA,NA,NA,4.298925510972666,6.992244700263579,3.015996544617167,2.967382763596717,1.7330675782616538,2.8701552015558036,2.821541420535354,0.8899220527608191,5.339532316564915,9.15348397125414,8.772088805785216,2.5784725154331056,2.529858734412656,0.12713172182297416,0,0,0,0,0,0,0,0,0,0,0,0
Aruba,250,Ornamental saltwater fish,ornamentals,NA,NA,NA,NA,NA,NA,NA,NA,NA,NA,NA,NA,NA,NA,NA,NA,NA,NA,NA,NA,NA,NA,NA,NA,NA,NA,NA,NA,0,0,0,0,0.12713172182297416,0,0,0,0,0,0,0,58.80407432337461,92,2,0,0,0,0
Aruba,250,Z_TOTAL,ornamentals,NA,NA,NA,NA,NA,NA,NA,NA,NA,NA,NA,NA,NA,NA,NA,NA,NA,NA,NA,NA,NA,4.298925510972666,6.992244700263579,3.015996544617167,2.967382763596717,1.7330675782616538,2.8701552015558036,2.821541420535354,0.8899220527608191,5.339532316564915,9.15348397125414,8.772088805785216,2.70560423725608,2.529858734412656,0.12713172182297416,0,0,0,0,0,58.80407432337461,92,2,0,0,0,0
Ascension,85,Ornamental fish nei,ornamentals,NA,NA,NA,NA,NA,NA,NA,NA,NA,NA,NA,NA,NA,NA,NA,NA,NA,NA,NA,NA,NA,NA,NA,NA,NA,0.17434620174346202,0,0.17434620174346202,0.0435865504358655,0,0,0.3922789539227895,0,0,0,0,0,0,0,0,0,0,0,0,0,0,0
Ascension,85,Z_TOTAL,ornamentals,NA,NA,NA,NA,NA,NA,NA,NA,NA,NA,NA,NA,NA,NA,NA,NA,NA,NA,NA,NA,NA,NA,NA,NA,NA,0.17434620174346202,0,0.17434620174346202,0.0435865504358655,0,0,0.3922789539227895,0,0,0,0,0,0,0,0,0,0,0,0,0,0,0
Australia,16,Agar agar nei,seaweeds,NA,NA,NA,NA,NA,NA,NA,NA,NA,NA,NA,NA,NA,NA,NA,NA,NA,NA,NA,60,39,36,18,6,1,2,5,15,7,43.223777234925706,511.6766836349929,0,0,40,28,13,9,20,15,31,19,88,24,0,0,0,0
Australia,16,"Fish body oils, nei",fish_oil,29.15572074702078,48,78,5,4,19,12,26,0,8,76,1,0,0,6,2,0,66,54.763905006947596,63.57803430219694,96,7,0,99,0,75.44024929853656,27.7097677955974,0,80.81699786731237,0,0,0,0,0,0,0,0,0,0,0,0,0,0,0,0,0,0
Australia,16,"Fish liver oils, nei",fish_oil,NA,NA,NA,NA,NA,NA,NA,NA,NA,NA,NA,NA,NA,43,74,209.90564078203911,0,0,0,0,0,0,0,0,0,0,180.59573899426496,0,0,161.98696649171168,138.09210411741154,180.5420100185453,156.64714764424517,183.1743091592748,260.1234945636342,0,0,0,233.54260407288493,214.9553231606195,87.56262227664244,0,0,0,0,0,0
Australia,16,"Seaweeds and other algae, fit for human consumption, nei",seaweeds,NA,NA,NA,NA,NA,NA,NA,NA,NA,NA,NA,NA,NA,NA,NA,NA,NA,NA,NA,NA,NA,NA,NA,NA,NA,NA,NA,NA,NA,NA,NA,NA,NA,NA,NA,NA,47.510341396736294,43.37773479219868,65.30317393434962,139.34470456987856,30.979914978584475,99.8098364647758,236.39067689235821,0,0,0,0
Australia,16,Z_TOTAL,fish_oil,29.15572074702078,48,78,5,4,19,12,26,0,8,76,1,0,43,80,211.90564078203911,0,66,54.763905006947596,63.57803430219694,96,7,0,99,0,75.44024929853656,208.30550678986236,0,80.81699786731237,161.98696649171168,138.09210411741154,180.5420100185453,156.64714764424517,183.1743091592748,260.1234945636342,0,0,0,233.54260407288493,214.9553231606195,87.56262227664244,0,0,0,0,0,0
Australia,16,Z_TOTAL,seaweeds,NA,NA,NA,NA,NA,NA,NA,NA,NA,NA,NA,NA,NA,NA,NA,NA,NA,NA,NA,60,39,36,18,6,1,2,5,15,7,43.223777234925706,511.6766836349929,0,0,40,28,13,56.510341396736294,63.37773479219868,80.30317393434962,170.34470456987856,49.979914978584475,187.8098364647758,260.3906768923582,0,0,0,0
Bahamas,110,"Seaweeds and other algae, unfit for human consumption, nei",seaweeds,NA,NA,NA,NA,NA,NA,NA,NA,NA,NA,NA,NA,NA,NA,NA,NA,NA,NA,NA,NA,NA,NA,NA,NA,NA,NA,NA,NA,NA,NA,NA,NA,NA,NA,NA,NA,NA,NA,NA,NA,NA,31,0,0,21.700137145501486,17.07435112423343,20
Bahamas,110,Z_TOTAL,seaweeds,NA,NA,NA,NA,NA,NA,NA,NA,NA,NA,NA,NA,NA,NA,NA,NA,NA,NA,NA,NA,NA,NA,NA,NA,NA,NA,NA,NA,NA,NA,NA,NA,NA,NA,NA,NA,NA,NA,NA,NA,NA,31,0,0,21.700137145501486,17.07435112423343,20
Bahrain,52,Ornamental fish nei,ornamentals,NA,NA,NA,NA,NA,NA,NA,NA,NA,NA,NA,NA,NA,NA,NA,NA,NA,NA,5,56,37,8,3,11,0,0,0,0,0,0,0,0,0,0,0,0,0,0,0,0,0,0,0,0,0,0,0
Bahrain,52,Z_TOTAL,ornamentals,NA,NA,NA,NA,NA,NA,NA,NA,NA,NA,NA,NA,NA,NA,NA,NA,NA,NA,5,56,37,8,3,11,0,0,0,0,0,0,0,0,0,0,0,0,0,0,0,0,0,0,0,0,0,0,0
Bangladesh,204,Agar agar nei,seaweeds,NA,NA,NA,NA,NA,NA,NA,NA,NA,NA,NA,NA,NA,NA,NA,NA,NA,NA,NA,NA,NA,NA,NA,NA,NA,NA,NA,NA,NA,NA,NA,24,0,48,27,61.523912639633636,43,53,0,0,4,0,0,0,0,0,0
Bangladesh,204,Ornamental fish nei,ornamentals,NA,NA,NA,NA,NA,NA,NA,NA,43,18,0,46,0,0,0,0,0,0,0,0,0,0,0,0,0,4,6,3,3,86,45,7,2,1,2,26,0,0,0,0,0,0,0,0,0,0,0
Bangladesh,204,Z_TOTAL,ornamentals,NA,NA,NA,NA,NA,NA,NA,NA,43,18,0,46,0,0,0,0,0,0,0,0,0,0,0,0,0,4,6,3,3,86,45,7,2,1,2,26,0,0,0,0,0,0,0,0,0,0,0
Bangladesh,204,Z_TOTAL,seaweeds,NA,NA,NA,NA,NA,NA,NA,NA,NA,NA,NA,NA,NA,NA,NA,NA,NA,NA,NA,NA,NA,NA,NA,NA,NA,NA,NA,NA,NA,NA,NA,24,0,48,27,61.523912639633636,43,53,0,0,4,0,0,0,0,0,0
Barbados,124,"Fish liver oils, nei",fish_oil,NA,NA,NA,NA,NA,NA,NA,NA,NA,NA,NA,NA,NA,NA,NA,NA,NA,NA,NA,NA,NA,NA,NA,0,0,0,0,3,0,1,1,0,5,0,2,4,0,0,0,0,5,2,2,0,0,0,0
Barbados,124,Ornamental fish nei,ornamentals,7,0,0,0,0,0,0,0,0,0,0,0,0,0,0,0,1,0,0,0,0,0,1,2,89,26,22,24,20,9,0,0,0,5,0,2,0,0,0,0,4,0,0,0,0,0,0
Barbados,124,Other seaweeds and aquatic plants and products thereof,seaweeds,NA,NA,NA,NA,NA,NA,NA,NA,NA,NA,NA,NA,NA,NA,NA,NA,NA,NA,NA,NA,NA,NA,NA,NA,4,8,2,0,0,0,1,0,0,0,0,0,0,0,0,0,0,0,0,0,0,0,0
Barbados,124,Z_TOTAL,fish_oil,NA,NA,NA,NA,NA,NA,NA,NA,NA,NA,NA,NA,NA,NA,NA,NA,NA,NA,NA,NA,NA,NA,NA,0,0,0,0,3,0,1,1,0,5,0,2,4,0,0,0,0,5,2,2,0,0,0,0
Barbados,124,Z_TOTAL,ornamentals,7,0,0,0,0,0,0,0,0,0,0,0,0,0,0,0,1,0,0,0,0,0,1,2,89,26,22,24,20,9,0,0,0,5,0,2,0,0,0,0,4,0,0,0,0,0,0
Barbados,124,Z_TOTAL,seaweeds,NA,NA,NA,NA,NA,NA,NA,NA,NA,NA,NA,NA,NA,NA,NA,NA,NA,NA,NA,NA,NA,NA,NA,NA,4,8,2,0,0,0,1,0,0,0,0,0,0,0,0,0,0,0,0,0,0,0,0
Belgium,59,Agar agar nei,seaweeds,0,0,1,1,1,44,29,120.7888045770148,139.5383000651722,148.93530556711187,83.51239117930983,92.90939668124949,70,31,0,0,0,0,27.753575387779208,55.85556086215432,37.19509640544084,74.64957186603365,74.69408738175561,280.4933825942673,224.42295819268298,74.82763392892149,121.63459937573202,46.859195001712266,84.31367046230508,477.162765399171,187.28009134214386,495.9567764030504,355.71394212550666,346.40596765501084,365.1554631431683,299.7325487553662,402.65445411948303,533.6338294422529,0,0,0,0,0,0,0,0,0
Belgium,59,"Fish body oils, nei",fish_oil,NA,NA,NA,NA,NA,75,52,98,0,74,0,0,0,0,0,79,91,0,0,0,0,0,0,52.43464331499602,32.310547467249336,88,0,0,0,0,0,0,0,0,0,0,0,0,0,0,0,0,0,0,0,0,0
Belgium,59,"Fish liver oils, nei",fish_oil,NA,30,24,60,36.14836905551554,38,23,12,33,67,0,0,0,0,0,0,70.25634487868527,0,78.73569788663382,0,73.59093533715857,77.83061184113284,0,0,0,0,0,0,0,80.30775720194906,57.299202591075726,0,0,0,50.15370415922302,24.001122881251874,88,44.00857366855905,30.43209905897912,34.67177556295339,102.83999429791629,24.28696856831513,21.190582849061215,0,0,0,0
Belgium,59,"Halibuts, liver oils",fish_oil,NA,NA,NA,NA,NA,NA,NA,NA,NA,NA,NA,NA,NA,NA,NA,NA,NA,NA,NA,NA,NA,3,0,0,0,0,0,0,0,0,0,0,96,38,0,3,10,19,4,4,0,0,12,0,0,0,0
Belgium,59,Ornamental saltwater fish,ornamentals,NA,NA,NA,NA,NA,NA,NA,NA,NA,NA,NA,NA,68.3943074188403,82,42.07169749989225,71,50.06986532592464,62.649143675186,88.57539114749534,106.87479912091999,75.59975035159528,53.858250955875974,20,33,18,69.85458660794097,70.99360570887552,41.625266814271754,23.697187167995025,97,30,51,40,45,68,90,21.369080727144137,22.508099828078684,86,13.345878781620968,14.484897882555515,15.623916983489835,20.576355833866728,0,0,0,0
Belgium,59,Other seaweeds and aquatic plants and products thereof,seaweeds,NA,NA,NA,NA,NA,NA,NA,NA,NA,NA,NA,NA,NA,36.17567326153686,28.02869928529755,27.982236386691795,76.53883995388756,170.9983396276737,0,146.60388059756144,170.85895093185644,0,0,0,0,0,0,0,0,0,0,0,0,0,0,0,0,0,0,0,0,0,0,0,0,0,0
Belgium,59,Z_TOTAL,fish_oil,NA,30,24,60,36.14836905551554,113,75,110,33,141,0,0,0,0,0,79,161.25634487868527,0,78.73569788663382,0,73.59093533715857,80.83061184113284,0,52.43464331499602,32.310547467249336,88,0,0,0,80.30775720194906,57.299202591075726,0,96,38,50.15370415922302,27.001122881251874,98,63.00857366855905,34.43209905897912,38.67177556295339,102.83999429791629,24.28696856831513,33.190582849061215,0,0,0,0
Belgium,59,Z_TOTAL,ornamentals,NA,NA,NA,NA,NA,NA,NA,NA,NA,NA,NA,NA,68.3943074188403,82,42.07169749989225,71,50.06986532592464,62.649143675186,88.57539114749534,106.87479912091999,75.59975035159528,53.858250955875974,20,33,18,69.85458660794097,70.99360570887552,41.625266814271754,23.697187167995025,97,30,51,40,45,68,90,21.369080727144137,22.508099828078684,86,13.345878781620968,14.484897882555515,15.623916983489835,20.576355833866728,0,0,0,0
Belgium,59,Z_TOTAL,seaweeds,0,0,1,1,1,44,29,120.7888045770148,139.5383000651722,148.93530556711187,83.51239117930983,92.90939668124949,70,67.17567326153686,28.02869928529755,27.982236386691795,76.53883995388756,170.9983396276737,27.753575387779208,202.45944145971578,208.05404733729728,74.64957186603365,74.69408738175561,280.4933825942673,224.42295819268298,74.82763392892149,121.63459937573202,46.859195001712266,84.31367046230508,477.162765399171,187.28009134214386,495.9567764030504,355.71394212550666,346.40596765501084,365.1554631431683,299.7325487553662,402.65445411948303,533.6338294422529,0,0,0,0,0,0,0,0,0
Belize,164,Ornamental fish nei,ornamentals,NA,6,0,39,65,0,9,7,8,18,20,7,17,42,16,28,30,27,36,32,36,47,0,0,43,20,23,44,90,95,51,41.31639053650164,40.2812508679725,29.36984251136549,84,31.250070649538358,47.9922146195494,28.192164443672297,0,0,0,0,0,0,0,0,0
Belize,164,Other seaweeds and aquatic plants and products thereof,seaweeds,NA,NA,NA,NA,NA,NA,NA,NA,NA,NA,NA,NA,NA,NA,NA,NA,NA,NA,2,4,0,2,2,0,0,0,0,0,0,0,0,0,0,0,0,0,0,0,0,0,0,0,0,0,0,0,0
Belize,164,Z_TOTAL,ornamentals,NA,6,0,39,65,0,9,7,8,18,20,7,17,42,16,28,30,27,36,32,36,47,0,0,43,20,23,44,90,95,51,41.31639053650164,40.2812508679725,29.36984251136549,84,31.250070649538358,47.9922146195494,28.192164443672297,0,0,0,0,0,0,0,0,0
Belize,164,Z_TOTAL,seaweeds,NA,NA,NA,NA,NA,NA,NA,NA,NA,NA,NA,NA,NA,NA,NA,NA,NA,NA,2,4,0,2,2,0,0,0,0,0,0,0,0,0,0,0,0,0,0,0,0,0,0,0,0,0,0,0,0
Bonaire,245,Ornamental fish nei,ornamentals,NA,NA,NA,NA,NA,NA,NA,NA,NA,NA,NA,NA,NA,NA,NA,NA,NA,NA,NA,NA,NA,4.298925510972666,6.992244700263579,3.015996544617167,2.967382763596717,1.7330675782616538,2.8701552015558036,2.821541420535354,0.8899220527608191,5.339532316564915,9.15348397125414,8.772088805785216,2.5784725154331056,2.529858734412656,0.12713172182297416,0,0,0,0,0,0,0,0,0,0,0,0
Bonaire,245,Z_TOTAL,ornamentals,NA,NA,NA,NA,NA,NA,NA,NA,NA,NA,NA,NA,NA,NA,NA,NA,NA,NA,NA,NA,NA,4.298925510972666,6.992244700263579,3.015996544617167,2.967382763596717,1.7330675782616538,2.8701552015558036,2.821541420535354,0.8899220527608191,5.339532316564915,9.15348397125414,8.772088805785216,2.5784725154331056,2.529858734412656,0.12713172182297416,0,0,0,0,0,0,0,0,0,0,0,0
Brazil,171,Agar agar nei,seaweeds,NA,NA,NA,NA,NA,NA,NA,NA,NA,NA,NA,NA,NA,NA,NA,NA,NA,NA,346.7995806445841,121.84536924490607,275.8222356176015,5,6,92,28,18,27,29,39,0,2,2,8,8,56,75.05684096605869,5,63.28747684100944,81,95,75.23742110440223,3,87.15124934012631,0,0,0,0
Brazil,171,Cod liver oil,fish_oil,NA,NA,NA,NA,NA,NA,NA,NA,NA,NA,NA,NA,NA,NA,NA,0,1,17,0,0,0,15,0,0,0,0,0,0,34,14,4,4,0,0,1,0,0,0,0,1,0,0,0,0,0,0,0
Brazil,171,"Fish body oils, nei",fish_oil,33,10,4,0,0,0,0,0,0,0,0,0,17,15,0,0,4,3,18,11,0,26,7,0,3,0,0,0,1,12,3,3,2,4,4,4,0,0,0,27,0,0,0,0,0,0,0
Brazil,171,"Fish liver oils, nei",fish_oil,NA,NA,NA,NA,NA,NA,NA,NA,NA,NA,NA,NA,NA,NA,NA,NA,NA,NA,NA,0,0,2,1,1,0,0,0,0,6,0,0,0,0,0,0,2,4,0,0,0,0,8,0,0,0,0,0
Brazil,171,Ornamental fish nei,ornamentals,NA,NA,NA,NA,NA,NA,NA,NA,NA,NA,NA,NA,NA,NA,NA,NA,NA,NA,NA,NA,NA,NA,NA,NA,NA,NA,NA,NA,94.13159580061688,0,0,0,0,95.83662723121944,85.76891397922586,76.61424630075112,86,0,0,0,0,0,0,0,0,0,0
Brazil,171,Ornamental saltwater fish,ornamentals,NA,NA,NA,NA,NA,NA,NA,NA,NA,NA,NA,NA,NA,NA,NA,NA,NA,NA,NA,NA,NA,NA,NA,NA,NA,NA,NA,NA,NA,NA,NA,NA,NA,NA,NA,NA,73.82536591101962,65.52919167850996,57.233017446000304,48.953550996062404,40.674084546124504,32.394618096186605,24.09844386367695,0,0,0,0
Brazil,171,Other seaweeds and aquatic plants and products thereof,seaweeds,NA,NA,NA,NA,NA,NA,NA,NA,NA,NA,NA,NA,NA,NA,2,0,0,0,0,0,0,0,0,0,0,0,0,0,77,0,72,88.77729998946283,92.03770732837285,102.9530883007489,0,0,0,0,0,0,0,0,0,0,0,0,0
Brazil,171,"Seaweeds and other algae, fit for human consumption, nei",seaweeds,NA,NA,NA,NA,NA,NA,NA,NA,NA,NA,NA,NA,NA,NA,NA,NA,NA,NA,NA,NA,NA,NA,NA,NA,NA,NA,NA,NA,NA,NA,NA,NA,NA,NA,NA,NA,4,1,4,19,1,24,260.64591857993355,0,0,0,0
Brazil,171,Z_TOTAL,fish_oil,33,10,4,0,0,0,0,0,0,0,0,0,17,15,0,0,5,20,18,11,0,43,8,1,3,0,0,0,41,26,7,7,2,4,5,6,4,0,0,28,0,8,0,0,0,0,0
Brazil,171,Z_TOTAL,ornamentals,NA,NA,NA,NA,NA,NA,NA,NA,NA,NA,NA,NA,NA,NA,NA,NA,NA,NA,NA,NA,NA,NA,NA,NA,NA,NA,NA,NA,94.13159580061688,0,0,0,0,95.83662723121944,85.76891397922586,76.61424630075112,159.82536591101962,65.52919167850996,57.233017446000304,48.953550996062404,40.674084546124504,32.394618096186605,24.09844386367695,0,0,0,0
Brazil,171,Z_TOTAL,seaweeds,NA,NA,NA,NA,NA,NA,NA,NA,NA,NA,NA,NA,NA,NA,2,0,0,0,346.7995806445841,121.84536924490607,275.8222356176015,5,6,92,28,18,27,29,116,0,74,90.77729998946283,100.03770732837285,110.9530883007489,56,75.05684096605869,9,64.28747684100944,85,114,76.23742110440223,27,347.79716792005985,0,0,0,0
Brunei,247,Ornamental fish nei,ornamentals,NA,NA,NA,NA,NA,NA,NA,NA,NA,NA,NA,NA,NA,NA,NA,NA,NA,NA,NA,4,0,0,0,3,0,19,8,35,0,0,88,0,0,0,0,0,0,0,0,0,0,0,0,0,0,0,0
Brunei,247,"Seaweeds and other algae, fit for human consumption, nei",seaweeds,NA,NA,NA,NA,NA,NA,NA,NA,NA,NA,NA,NA,NA,NA,NA,NA,NA,NA,NA,NA,NA,NA,NA,NA,NA,NA,NA,NA,NA,NA,NA,NA,NA,NA,NA,NA,NA,NA,NA,8,24,73,3,0,0,0,0
Brunei,247,Z_TOTAL,ornamentals,NA,NA,NA,NA,NA,NA,NA,NA,NA,NA,NA,NA,NA,NA,NA,NA,NA,NA,NA,4,0,0,0,3,0,19,8,35,0,0,88,0,0,0,0,0,0,0,0,0,0,0,0,0,0,0,0
Brunei,247,Z_TOTAL,seaweeds,NA,NA,NA,NA,NA,NA,NA,NA,NA,NA,NA,NA,NA,NA,NA,NA,NA,NA,NA,NA,NA,NA,NA,NA,NA,NA,NA,NA,NA,NA,NA,NA,NA,NA,NA,NA,NA,NA,NA,8,24,73,3,0,0,0,0
Bulgaria,71,Agar agar nei,seaweeds,NA,NA,NA,NA,NA,NA,NA,NA,NA,NA,NA,NA,NA,NA,NA,NA,NA,NA,NA,NA,NA,NA,NA,NA,NA,NA,NA,0,6,0,0,0,0,0,0,0,0,0,0,64,11,35,4,0,0,0,0
Bulgaria,71,Ornamental fish nei,ornamentals,NA,NA,NA,NA,NA,NA,NA,NA,NA,NA,NA,NA,NA,NA,NA,NA,NA,NA,NA,NA,NA,NA,NA,1,4,3,4,1,20,13,0,0,0,0,0,0,0,0,0,0,0,0,0,0,0,0,0
Bulgaria,71,Other seaweeds and aquatic plants and products thereof,seaweeds,NA,NA,NA,NA,NA,NA,NA,NA,NA,NA,NA,NA,NA,NA,NA,NA,NA,NA,NA,NA,NA,17.9997999785312,0,13.144382563890872,0,0,0,1,0,0,0,1,0,11.14861656796245,13.564673312223363,10.168211514587028,0,0,0,0,0,0,0,0,0,0,0
Bulgaria,71,"Seaweeds and other algae, fit for human consumption, nei",seaweeds,NA,NA,NA,NA,NA,NA,NA,NA,NA,NA,NA,NA,NA,NA,NA,NA,NA,NA,NA,NA,NA,NA,NA,NA,NA,NA,NA,NA,NA,NA,NA,NA,NA,NA,NA,NA,20.93289485514481,21.152765353720838,40.570879094922304,40.790749593498276,69.80798495601255,69,91,0,0,0,0
Bulgaria,71,Z_TOTAL,ornamentals,NA,NA,NA,NA,NA,NA,NA,NA,NA,NA,NA,NA,NA,NA,NA,NA,NA,NA,NA,NA,NA,NA,NA,1,4,3,4,1,20,13,0,0,0,0,0,0,0,0,0,0,0,0,0,0,0,0,0
Bulgaria,71,Z_TOTAL,seaweeds,NA,NA,NA,NA,NA,NA,NA,NA,NA,NA,NA,NA,NA,NA,NA,NA,NA,NA,NA,NA,NA,17.9997999785312,0,13.144382563890872,0,0,0,1,6,0,0,1,0,11.14861656796245,13.564673312223363,10.168211514587028,20.93289485514481,21.152765353720838,40.570879094922304,104.79074959349828,80.80798495601255,104,95,0,0,0,0
Cambodia,24,Ornamental fish nei,ornamentals,NA,NA,NA,NA,NA,NA,NA,NA,NA,NA,NA,NA,NA,NA,NA,NA,NA,NA,NA,NA,NA,NA,NA,NA,NA,NA,NA,NA,NA,NA,133.35158485946158,0,7,34,87,0,7,0,0,0,0,0,0,0,0,0,0
Cambodia,24,Other seaweeds and aquatic plants and products thereof,seaweeds,NA,NA,NA,NA,NA,NA,NA,NA,NA,NA,NA,NA,NA,NA,NA,NA,NA,NA,NA,NA,NA,NA,NA,NA,24,0,91,0,0,0,64,0,0,0,11,0,20,0,0,0,0,0,0,0,0,0,0
Cambodia,24,Z_TOTAL,ornamentals,NA,NA,NA,NA,NA,NA,NA,NA,NA,NA,NA,NA,NA,NA,NA,NA,NA,NA,NA,NA,NA,NA,NA,NA,NA,NA,NA,NA,NA,NA,133.35158485946158,0,7,34,87,0,7,0,0,0,0,0,0,0,0,0,0
Cambodia,24,Z_TOTAL,seaweeds,NA,NA,NA,NA,NA,NA,NA,NA,NA,NA,NA,NA,NA,NA,NA,NA,NA,NA,NA,NA,NA,NA,NA,NA,24,0,91,0,0,0,64,0,0,0,11,0,20,0,0,0,0,0,0,0,0,0,0
Canada,218,Agar agar nei,seaweeds,NA,NA,NA,NA,NA,NA,NA,NA,NA,NA,NA,NA,NA,NA,NA,NA,NA,NA,3,0,0,19,42.16061777287496,18,71,786.968206601535,78,83,90.02849183736657,151.59659843969507,327.2598153982906,160.63770128808505,95,29,71,106.11392766724089,157.30975150990866,426.32351330545,954.6443440925073,0,1,1,17,0,0,0,0
Canada,218,Cod liver oil,fish_oil,NA,NA,NA,NA,NA,NA,NA,NA,NA,75,92,0,0,0,0,0,0,26,146.69428262478618,63.6552444675816,84,4,39.10077607730953,18,32.462178480652966,0,71,57,11,32.707882945112175,39.49390322044427,131.61372900668619,28.364052702160848,21.676314212612454,93.5855018515336,122.82778673499988,86.94690425487705,80.25916576532865,107.25582418798147,48.91867709972449,91.63472074807125,96.17511456258993,51.311726239213435,0,51.410008024997104,0,0
Canada,218,"Fish liver oils, nei",fish_oil,NA,NA,NA,NA,NA,NA,NA,NA,NA,NA,NA,NA,NA,NA,19,88.71153033399344,0,24.475815652947745,49,0,20,71,28.650319333837842,26,0,3,77,0,0,0,0,0,0,0,0,0,76,79.8862395783633,73,96.85216371096453,41.601281359577115,55,34.017872827587325,0,0,0,0
Canada,218,Ornamental fish nei,ornamentals,NA,NA,NA,NA,NA,NA,NA,NA,NA,NA,NA,NA,7,0,9,36,9,23,4,28,9,11,24,26,24,10,13,4,49,87,72,76.78304472853986,36,15,50,10,0,0,0,0,0,0,0,0,0,0,0
Canada,218,Ornamental saltwater fish,ornamentals,NA,NA,NA,NA,NA,NA,NA,NA,NA,NA,NA,NA,NA,NA,NA,NA,NA,NA,NA,NA,NA,NA,NA,NA,NA,NA,NA,NA,NA,NA,NA,NA,NA,NA,NA,NA,5,0,19,1,2,8,6,0,0,0,0
Canada,218,Z_TOTAL,fish_oil,NA,NA,NA,NA,NA,NA,NA,NA,NA,75,92,0,0,0,19,88.71153033399344,0,50.475815652947745,195.69428262478618,63.6552444675816,104,75,67.75109541114738,44,32.462178480652966,3,148,57,11,32.707882945112175,39.49390322044427,131.61372900668619,28.364052702160848,21.676314212612454,93.5855018515336,122.82778673499988,162.94690425487704,160.14540534369195,180.2558241879815,145.77084081068904,133.23600210764835,151.17511456258993,85.32959906680077,0,51.410008024997104,0,0
Canada,218,Z_TOTAL,ornamentals,NA,NA,NA,NA,NA,NA,NA,NA,NA,NA,NA,NA,7,0,9,36,9,23,4,28,9,11,24,26,24,10,13,4,49,87,72,76.78304472853986,36,15,50,10,5,0,19,1,2,8,6,0,0,0,0
Canada,218,Z_TOTAL,seaweeds,NA,NA,NA,NA,NA,NA,NA,NA,NA,NA,NA,NA,NA,NA,NA,NA,NA,NA,3,0,0,19,42.16061777287496,18,71,786.968206601535,78,83,90.02849183736657,151.59659843969507,327.2598153982906,160.63770128808505,95,29,71,106.11392766724089,157.30975150990866,426.32351330545,954.6443440925073,0,1,1,17,0,0,0,0
Chile,224,"Fish liver oils, nei",fish_oil,NA,NA,NA,NA,NA,NA,NA,NA,NA,NA,NA,NA,NA,NA,NA,NA,14,45,43,0,0,0,0,0,0,0,0,0,0,0,0,0,0,0,0,0,0,0,0,0,0,0,43,0,0,0,0
Chile,224,Ornamental fish nei,ornamentals,NA,NA,NA,NA,NA,NA,NA,NA,NA,NA,NA,NA,NA,NA,NA,NA,NA,19,0,0,0,5,30,2,2,2,2,0,1,2,2,0,0,0,0,0,0,0,0,0,0,0,0,0,0,0,0
Chile,224,Z_TOTAL,fish_oil,NA,NA,NA,NA,NA,NA,NA,NA,NA,NA,NA,NA,NA,NA,NA,NA,14,45,43,0,0,0,0,0,0,0,0,0,0,0,0,0,0,0,0,0,0,0,0,0,0,0,43,0,0,0,0
Chile,224,Z_TOTAL,ornamentals,NA,NA,NA,NA,NA,NA,NA,NA,NA,NA,NA,NA,NA,NA,NA,NA,NA,19,0,0,0,5,30,2,2,2,2,0,1,2,2,0,0,0,0,0,0,0,0,0,0,0,0,0,0,0,0
China,209,Agar agar nei,seaweeds,NA,NA,NA,NA,NA,NA,NA,NA,NA,NA,NA,NA,NA,NA,NA,NA,NA,NA,NA,13,0,1,0,3,6,0,0,0,0,3,0,0,1,1,1,8,1,0,0,0,0,79,77,0,0,0,0
China,209,"Fish body oils, nei",fish_oil,NA,NA,NA,NA,NA,NA,0,0,0,0,1,0,3,0,0,0,13,46,22,22,25,47.301299468894854,7,0,0,0,0,0,0,0,0,2,1,14,0,0,0,0,0,0,0,90.16080964025525,0,0,0,0,0
China,209,"Fish liver oils, nei",fish_oil,NA,NA,NA,NA,NA,NA,NA,NA,NA,NA,NA,14,1,8,28.33383445389825,43,0,0,53.86762369061779,0,0,0,0,0,0,46,17.563056717704058,26.318033688999265,2,1,4,3,1,47.89319255863387,0,0,0,0,0,0,0,30,18,0,0,0,0
China,209,Ornamental fish nei,ornamentals,NA,NA,NA,NA,NA,NA,NA,7,3,0,0,0,0,0,0,0,0,0,0,0,0,0,0,0,0,0,0,0,1,0,0,1,1,0,0,0,0,0,0,0,0,0,0,0,0,0,0
China,209,Ornamental saltwater fish,ornamentals,NA,NA,25,0,8,2,3,6,0,0,0,12,50,41,0,0,0,0,0,0,0,0,5,0,83,20,49,5,14,38,18,26,12,7,3,7,64,25,36,25,6,5,134,0,0,0,0
China,209,Other red algae,seaweeds,NA,NA,NA,NA,NA,NA,NA,NA,NA,NA,NA,NA,NA,NA,NA,NA,NA,NA,NA,NA,NA,NA,NA,NA,70.55252936366705,0,0,0,0,0,0,0,15,4,0,94,15,12,0,0,0,0,0,0,0,0,0
China,209,Other seaweeds and aquatic plants and products thereof,seaweeds,NA,NA,NA,NA,NA,NA,NA,NA,NA,NA,NA,NA,NA,NA,57,0,0,0,10,49,19,8,3,41,0,0,0,10,3,0,21,2,6,6,0,0,0,0,0,0,0,0,0,0,0,0,0
China,209,Z_TOTAL,fish_oil,NA,NA,NA,NA,NA,NA,0,0,0,0,1,14,4,8,28.33383445389825,43,13,46,75.86762369061779,22,25,47.301299468894854,7,0,0,46,17.563056717704058,26.318033688999265,2,1,4,5,2,61.89319255863387,0,0,0,0,0,0,0,120.16080964025525,18,0,0,0,0
China,209,Z_TOTAL,ornamentals,NA,NA,25,0,8,2,3,13,3,0,0,12,50,41,0,0,0,0,0,0,0,0,5,0,83,20,49,5,15,38,18,27,13,7,3,7,64,25,36,25,6,5,134,0,0,0,0
China,209,Z_TOTAL,seaweeds,NA,NA,NA,NA,NA,NA,NA,NA,NA,NA,NA,NA,NA,NA,57,0,0,0,10,62,19,9,3,44,76.55252936366705,0,0,10,3,3,21,2,22,11,1,102,16,12,0,0,0,79,77,0,0,0,0
Colombia,132,Cod liver oil,fish_oil,NA,NA,NA,NA,NA,NA,NA,NA,NA,NA,NA,NA,NA,NA,NA,NA,4.091720156932212,8,0,0,0,0,0,0,0,0,7,8,24,32,6,3,2,0,14,9,0,1,1,1,1,4,0,0,0,0,0
Colombia,132,"Fish body oils, nei",fish_oil,NA,NA,NA,NA,NA,NA,NA,NA,NA,NA,NA,NA,NA,NA,NA,NA,7,38,5,8,30,90,73,13,9,12,0,2,24,40,84,13.672406022933103,19.041014539749447,0,0,13,0,94,34,11.053631204720098,2,0,0,0,0,0,0
Colombia,132,"Fish liver oils, nei",fish_oil,NA,NA,NA,NA,NA,2,0,0,0,0,0,0,0,0,0,0,0,0,0,3,1,2,19,4,5,13,3,0,0,0,0,0,1,0,0,0,0,0,0,0,0,0,0,0,0,0,0
Colombia,132,Other seaweeds and aquatic plants and products thereof,seaweeds,NA,NA,NA,NA,NA,NA,NA,NA,NA,NA,NA,NA,NA,NA,NA,NA,NA,NA,NA,NA,NA,NA,2,2,1,1,0,0,0,3,3,0,0,3,2,0,0,0,0,0,0,0,0,0,0,0,0
Colombia,132,"Seaweeds and other algae, fit for human consumption, nei",seaweeds,NA,NA,NA,NA,NA,NA,NA,NA,NA,NA,NA,NA,NA,NA,NA,NA,NA,NA,NA,NA,NA,NA,NA,NA,NA,NA,NA,NA,NA,NA,NA,NA,NA,NA,NA,NA,NA,5,18,14,2,0,0,0,0,0,0
Colombia,132,Z_TOTAL,fish_oil,NA,NA,NA,NA,NA,2,0,0,0,0,0,0,0,0,0,0,11.091720156932212,46,5,11,31,92,92,17,14,25,10,10,48,72,90,16.672406022933103,22.041014539749447,0,14,22,0,95,35,12.053631204720098,3,4,0,0,0,0,0
Colombia,132,Z_TOTAL,seaweeds,NA,NA,NA,NA,NA,NA,NA,NA,NA,NA,NA,NA,NA,NA,NA,NA,NA,NA,NA,NA,NA,NA,2,2,1,1,0,0,0,3,3,0,0,3,2,0,0,5,18,14,2,0,0,0,0,0,0
Cook Islands,153,Ornamental fish nei,ornamentals,NA,NA,NA,NA,NA,NA,NA,NA,NA,NA,NA,NA,NA,NA,NA,NA,76.42683300858482,89,93.15310529032985,0,0,0,81.27418731593161,74,81.00116114596858,40,98,108.92378597720409,90,78,92,0,0,0,0,0,0,0,0,0,0,0,0,0,0,0,0
Cook Islands,153,Z_TOTAL,ornamentals,NA,NA,NA,NA,NA,NA,NA,NA,NA,NA,NA,NA,NA,NA,NA,NA,76.42683300858482,89,93.15310529032985,0,0,0,81.27418731593161,74,81.00116114596858,40,98,108.92378597720409,90,78,92,0,0,0,0,0,0,0,0,0,0,0,0,0,0,0,0
Costa Rica,130,"Fish body oils, nei",fish_oil,NA,NA,NA,NA,NA,NA,NA,NA,NA,NA,NA,NA,8,0,0,0,0,0,0,3,0,0,0,0,0,0,0,0,0,0,0,0,0,0,1,92,0,0,0,0,0,0,0,0,0,0,0
Costa Rica,130,"Fish liver oils, nei",fish_oil,NA,NA,NA,NA,NA,NA,NA,NA,NA,NA,NA,NA,NA,NA,NA,NA,NA,NA,NA,0,17,0,6,1,0,5,6,1,2,0,0,0,0,0,0,0,68,0,0,0,0,0,0,0,0,0,0
Costa Rica,130,Ornamental fish nei,ornamentals,NA,NA,NA,NA,NA,NA,NA,NA,36,0,25,30.415124105235208,67.89743232020979,82.66432255260524,0,98.37132685408714,88.44754536628793,78.52376387848867,0,88.30500696712387,84.30698669217135,91.17286197410452,0,94.04071698108518,95.96845791897942,97.89619885687364,0,0,85.90213803201611,75.9783565442169,70.00508253164881,73.90807720715864,49.16989268724258,14,0,19,0,0,0,0,0,0,0,0,0,0,0
Costa Rica,130,Ornamental saltwater fish,ornamentals,NA,NA,NA,NA,NA,NA,NA,NA,NA,NA,NA,NA,NA,NA,NA,NA,NA,NA,NA,NA,NA,NA,NA,NA,NA,NA,NA,NA,NA,NA,NA,NA,100.47649482136694,83.09321075293883,78,59,0,64,30,45,36,23,56,0,0,0,0
Costa Rica,130,Other seaweeds and aquatic plants and products thereof,seaweeds,NA,NA,NA,NA,NA,NA,NA,NA,NA,NA,NA,NA,NA,NA,51,0,0,0,11,0,0,0,12,18,11,23,15,0,0,0,0,0,0,0,0,4,0,0,0,0,0,0,0,0,0,0,0
Costa Rica,130,Z_TOTAL,fish_oil,NA,NA,NA,NA,NA,NA,NA,NA,NA,NA,NA,NA,8,0,0,0,0,0,0,3,17,0,6,1,0,5,6,1,2,0,0,0,0,0,1,92,68,0,0,0,0,0,0,0,0,0,0
Costa Rica,130,Z_TOTAL,ornamentals,NA,NA,NA,NA,NA,NA,NA,NA,36,0,25,30.415124105235208,67.89743232020979,82.66432255260524,0,98.37132685408714,88.44754536628793,78.52376387848867,0,88.30500696712387,84.30698669217135,91.17286197410452,0,94.04071698108518,95.96845791897942,97.89619885687364,0,0,85.90213803201611,75.9783565442169,70.00508253164881,73.90807720715864,149.6463875086095,97.09321075293883,78,78,0,64,30,45,36,23,56,0,0,0,0
Costa Rica,130,Z_TOTAL,seaweeds,NA,NA,NA,NA,NA,NA,NA,NA,NA,NA,NA,NA,NA,NA,51,0,0,0,11,0,0,0,12,18,11,23,15,0,0,0,0,0,0,0,0,4,0,0,0,0,0,0,0,0,0,0,0
Croatia,187,Agar agar nei,seaweeds,NA,NA,NA,NA,NA,NA,NA,NA,NA,NA,NA,NA,NA,NA,NA,NA,NA,NA,NA,NA,NA,NA,NA,NA,7,0,1,10,0,1,1,8,14,6,6,12,6,8,5,7,11,3,4,0,0,0,0
Croatia,187,"Fish body oils, nei",fish_oil,NA,NA,NA,NA,NA,NA,NA,NA,NA,NA,NA,NA,NA,NA,NA,NA,2,19,13,5,9,7,12,0,14,15,3,10,7,1,5,0,10.585881813632795,7.023439218312205,7.203389253718342,6.634860762979088,6.814810798385224,43.670208614912895,84,55.25728657790529,37.4737519858233,11,9,0,0,0,0
Croatia,187,"Fish liver oils, nei",fish_oil,NA,NA,NA,NA,NA,NA,NA,NA,NA,NA,NA,NA,NA,NA,NA,NA,NA,NA,NA,NA,NA,NA,NA,NA,NA,NA,NA,0,0,3,4,11,2,1,12,19,13,29,73,20.329933073571056,23.239037314780944,94,0,0,0,0,0
Croatia,187,Other seaweeds and aquatic plants and products thereof,seaweeds,NA,NA,NA,NA,NA,NA,NA,NA,NA,NA,NA,NA,NA,NA,NA,NA,NA,NA,NA,7.096133745989846,17,12,0,19,3,6,3,1,2,3,8,9,14,4,12,1,0,0,0,0,0,0,0,0,0,0,0
Croatia,187,"Seaweeds and other algae, fit for human consumption, nei",seaweeds,NA,NA,NA,NA,NA,NA,NA,NA,NA,NA,NA,NA,NA,NA,NA,NA,NA,NA,NA,NA,NA,NA,NA,NA,NA,NA,NA,NA,NA,NA,NA,NA,NA,NA,NA,NA,5,0,3,3,2,2,2,0,0,0,0
Croatia,187,Z_TOTAL,fish_oil,NA,NA,NA,NA,NA,NA,NA,NA,NA,NA,NA,NA,NA,NA,NA,NA,2,19,13,5,9,7,12,0,14,15,3,10,7,4,9,11,12.585881813632795,8.023439218312205,19.203389253718342,25.634860762979088,19.814810798385224,72.6702086149129,157,75.58721965147635,60.71278930060424,105,9,0,0,0,0
Croatia,187,Z_TOTAL,seaweeds,NA,NA,NA,NA,NA,NA,NA,NA,NA,NA,NA,NA,NA,NA,NA,NA,NA,NA,NA,7.096133745989846,17,12,0,19,10,6,4,11,2,4,9,17,28,10,18,13,11,8,8,10,13,5,6,0,0,0,0
Cuba,112,Ornamental fish nei,ornamentals,NA,NA,NA,NA,NA,NA,NA,NA,NA,NA,NA,NA,NA,NA,NA,NA,NA,NA,NA,NA,NA,NA,NA,74,83,104.59948259162547,56,91.56977638176534,91.54745848184965,97,123.96549870709012,130.43571601218883,71,70,71,39.45095154232477,0,0,0,0,0,0,0,0,0,0,0
Cuba,112,Ornamental saltwater fish,ornamentals,NA,NA,NA,NA,NA,NA,NA,NA,NA,NA,NA,NA,NA,NA,NA,NA,NA,NA,NA,NA,NA,NA,NA,NA,NA,NA,NA,NA,NA,NA,NA,NA,NA,NA,NA,NA,21.251658053099504,16.162877224539784,20.552124796083262,10.724329767472,0,0,42.848129282308264,0,0,0,0
Cuba,112,Other seaweeds and aquatic plants and products thereof,seaweeds,NA,NA,NA,NA,NA,NA,NA,NA,NA,NA,NA,NA,NA,NA,NA,NA,NA,NA,NA,NA,NA,NA,NA,77,29.35633817866335,22.689001336190586,16.021664493717935,72,61,24,23,0,0,8,4,0,0,0,0,0,0,0,0,0,0,0,0
Cuba,112,Z_TOTAL,ornamentals,NA,NA,NA,NA,NA,NA,NA,NA,NA,NA,NA,NA,NA,NA,NA,NA,NA,NA,NA,NA,NA,NA,NA,74,83,104.59948259162547,56,91.56977638176534,91.54745848184965,97,123.96549870709012,130.43571601218883,71,70,71,39.45095154232477,21.251658053099504,16.162877224539784,20.552124796083262,10.724329767472,0,0,42.848129282308264,0,0,0,0
Cuba,112,Z_TOTAL,seaweeds,NA,NA,NA,NA,NA,NA,NA,NA,NA,NA,NA,NA,NA,NA,NA,NA,NA,NA,NA,NA,NA,NA,NA,77,29.35633817866335,22.689001336190586,16.021664493717935,72,61,24,23,0,0,8,4,0,0,0,0,0,0,0,0,0,0,0,0
Cyprus,81,"Seaweeds and other algae, fit for human consumption, nei",seaweeds,NA,NA,NA,NA,NA,NA,NA,NA,NA,NA,NA,NA,NA,NA,NA,NA,NA,NA,NA,NA,NA,NA,NA,NA,NA,NA,NA,NA,NA,NA,NA,NA,NA,NA,NA,NA,NA,1,0,1,4,60,20,0,0,0,0
Cyprus,81,Z_TOTAL,seaweeds,NA,NA,NA,NA,NA,NA,NA,NA,NA,NA,NA,NA,NA,NA,NA,NA,NA,NA,NA,NA,NA,NA,NA,NA,NA,NA,NA,NA,NA,NA,NA,NA,NA,NA,NA,NA,NA,1,0,1,4,60,20,0,0,0,0
Denmark,175,Agar agar nei,seaweeds,NA,NA,NA,NA,NA,NA,NA,89.88037118985163,55.867204526210685,55.8927992899381,62.72614633913918,178.48352995591898,164.89362014869903,130.8804534850581,69.6362776795225,56.04636787230256,58,69.71306197070471,62.93090444895846,301.2278292042643,0,0,335.343374922815,369.4077311139107,192.43176645532265,85,192.48295598277747,192.5085507465049,369.5357049325478,321.90703369795943,192.58533503768712,185.80317751594086,70.09698342661588,95,29.301659241228677,56.55826314685077,78,92,117.90481800729603,192.81568791123382,165.61027353306653,206.48238200963598,87,0,0,0,0
Denmark,175,"Fish liver oils, nei",fish_oil,1,0,2,0,0,0,40,11,9,4,9,0,0,0,0,0,72.57045631117494,59,0,0,0,0,0,62.64224289900602,0,0,0,0,0,0,0,0,0,60.52968150524288,20.42607969829284,0,0,0,0,0,0,0,0,0,0,0,0
Denmark,175,"Halibuts, liver oils",fish_oil,NA,NA,NA,NA,NA,NA,NA,NA,NA,NA,NA,NA,NA,NA,NA,NA,NA,NA,NA,NA,NA,NA,7,61,24,3,0,0,0,0,25,0,40,0,0,0,36,27,0,13,124.68939074904483,51.22982276906589,208.7628169364404,0,0,0,0
Denmark,175,Ornamental saltwater fish,ornamentals,NA,NA,NA,NA,NA,NA,NA,NA,NA,NA,NA,NA,66,0,27,357.1980529533205,87,13,1,47,10,6,86.51663529368352,57,38,37,44,19,0,0,40,5,1,0,0,0,3,0,31,85,289.2309417040359,86,63,0,0,0,0
Denmark,175,Other seaweeds and aquatic plants and products thereof,seaweeds,NA,NA,NA,NA,NA,NA,NA,NA,NA,NA,NA,NA,12,22,27,0,28,57.94378445015468,39,29,23.58331324480332,77.78329363972125,65.98606778874012,81.00020697515549,0,0,34.26525959869798,97.74609712194547,0,0,0,0,0,0,0,0,0,0,0,0,0,0,0,0,0,0,0
Denmark,175,Z_TOTAL,fish_oil,1,0,2,0,0,0,40,11,9,4,9,0,0,0,0,0,72.57045631117494,59,0,0,0,0,7,123.64224289900602,24,3,0,0,0,0,25,0,40,60.52968150524288,20.42607969829284,0,36,27,0,13,124.68939074904483,51.22982276906589,208.7628169364404,0,0,0,0
Denmark,175,Z_TOTAL,ornamentals,NA,NA,NA,NA,NA,NA,NA,NA,NA,NA,NA,NA,66,0,27,357.1980529533205,87,13,1,47,10,6,86.51663529368352,57,38,37,44,19,0,0,40,5,1,0,0,0,3,0,31,85,289.2309417040359,86,63,0,0,0,0
Denmark,175,Z_TOTAL,seaweeds,NA,NA,NA,NA,NA,NA,NA,89.88037118985163,55.867204526210685,55.8927992899381,62.72614633913918,178.48352995591898,176.89362014869903,152.8804534850581,96.6362776795225,56.04636787230256,86,127.6568464208594,101.93090444895846,330.2278292042643,23.58331324480332,77.78329363972125,401.3294427115551,450.4079380890662,192.43176645532265,85,226.74821558147545,290.2546478684504,369.5357049325478,321.90703369795943,192.58533503768712,185.80317751594086,70.09698342661588,95,29.301659241228677,56.55826314685077,78,92,117.90481800729603,192.81568791123382,165.61027353306653,206.48238200963598,87,0,0,0,0
Dominican Republic,115,Agar agar nei,seaweeds,NA,NA,NA,NA,NA,NA,NA,NA,NA,NA,NA,NA,NA,NA,NA,NA,NA,NA,NA,NA,NA,NA,NA,NA,NA,NA,NA,NA,NA,0,0,0,0,0,0,0,24,6,8,5,4,0,0,0,0,0,0
Dominican Republic,115,"Fish body oils, nei",fish_oil,0,0,0,0,0,0,0,1,1,0,0,0,0,0,0,0,0,0,0,0,0,1,4,1,2,1,2,0,0,0,0,0,0,0,0,0,25,1,0,3,3,0,0,0,0,0,0
Dominican Republic,115,Ornamental fish nei,ornamentals,NA,NA,NA,1,0,0,0,0,0,0,0,0,0,0,0,2,48,13,0,0,28,23,10,7,11,16,88,88,49,0,50,0,0,0,0,0,0,0,0,0,0,0,0,0,0,0,0
Dominican Republic,115,Z_TOTAL,fish_oil,0,0,0,0,0,0,0,1,1,0,0,0,0,0,0,0,0,0,0,0,0,1,4,1,2,1,2,0,0,0,0,0,0,0,0,0,25,1,0,3,3,0,0,0,0,0,0
Dominican Republic,115,Z_TOTAL,ornamentals,NA,NA,NA,1,0,0,0,0,0,0,0,0,0,0,0,2,48,13,0,0,28,23,10,7,11,16,88,88,49,0,50,0,0,0,0,0,0,0,0,0,0,0,0,0,0,0,0
Dominican Republic,115,Z_TOTAL,seaweeds,NA,NA,NA,NA,NA,NA,NA,NA,NA,NA,NA,NA,NA,NA,NA,NA,NA,NA,NA,NA,NA,NA,NA,NA,NA,NA,NA,NA,NA,0,0,0,0,0,0,0,24,6,8,5,4,0,0,0,0,0,0
Ecuador,137,"Fish liver oils, nei",fish_oil,NA,NA,NA,NA,NA,NA,NA,NA,NA,NA,NA,NA,NA,NA,NA,NA,NA,NA,NA,50,30,10,0,75,32,0,0,0,0,0,0,5,20,4,0,0,0,84.59101460760765,0,0,0,0,30,75.03928656807602,0,0,0
Ecuador,137,Ornamental fish nei,ornamentals,2,5,5,2,4,2,2,0,1,17,0,0,16,22,29,21,18,21,39,33,35,88,44,36,30,42,40,28,21,41,86,42,35,73,25.507906126986605,24.570648610180825,29.111664534487716,0,0,0,0,0,0,0,0,0,0
Ecuador,137,Ornamental saltwater fish,ornamentals,NA,NA,NA,NA,NA,NA,NA,NA,NA,NA,NA,NA,NA,NA,NA,NA,NA,NA,NA,NA,NA,NA,NA,NA,NA,NA,NA,NA,NA,NA,NA,NA,NA,NA,NA,NA,NA,79,57.38338748915339,49.053797691496584,0,99,71,15.802269631163654,0,0,0
Ecuador,137,Other seaweeds and aquatic plants and products thereof,seaweeds,NA,NA,NA,NA,NA,NA,NA,NA,NA,NA,NA,NA,NA,NA,NA,NA,NA,NA,NA,NA,0,1,0,9.109225843920484,10.182497858983055,6.881499226350748,5.767635917565876,7.934475594552168,6.820612285767297,7.893884300829868,15.52856228743476,24.256807935963366,26.423647612949658,16.561243008775023,29.663759304998514,28.549895996213635,30.716735673199942,7.731519125940665,0,0,0,0,0,0,0,0,0
Ecuador,137,"Seaweeds and other algae, fit for human consumption, nei",seaweeds,NA,NA,NA,NA,NA,NA,NA,NA,NA,NA,NA,NA,NA,NA,NA,NA,NA,NA,NA,NA,NA,NA,NA,NA,NA,NA,NA,NA,NA,NA,NA,NA,NA,NA,NA,NA,NA,53,48.287013531237335,62.74796993312839,160.90459436563242,117.42239597709977,131.88335237899173,0,125.39555947751569,0,0
Ecuador,137,"Seaweeds and other algae, unfit for human consumption, nei",seaweeds,NA,NA,NA,NA,NA,NA,NA,NA,NA,NA,NA,NA,NA,NA,NA,NA,NA,NA,NA,NA,NA,NA,NA,NA,NA,NA,NA,NA,NA,NA,NA,NA,NA,NA,NA,NA,NA,NA,27,70,10,0,1,0,10.779739832250883,0,0
Ecuador,137,Z_TOTAL,fish_oil,NA,NA,NA,NA,NA,NA,NA,NA,NA,NA,NA,NA,NA,NA,NA,NA,NA,NA,NA,50,30,10,0,75,32,0,0,0,0,0,0,5,20,4,0,0,0,84.59101460760765,0,0,0,0,30,75.03928656807602,0,0,0
Ecuador,137,Z_TOTAL,ornamentals,2,5,5,2,4,2,2,0,1,17,0,0,16,22,29,21,18,21,39,33,35,88,44,36,30,42,40,28,21,41,86,42,35,73,25.507906126986605,24.570648610180825,29.111664534487716,79,57.38338748915339,49.053797691496584,0,99,71,15.802269631163654,0,0,0
Ecuador,137,Z_TOTAL,seaweeds,NA,NA,NA,NA,NA,NA,NA,NA,NA,NA,NA,NA,NA,NA,NA,NA,NA,NA,NA,NA,0,1,0,9.109225843920484,10.182497858983055,6.881499226350748,5.767635917565876,7.934475594552168,6.820612285767297,7.893884300829868,15.52856228743476,24.256807935963366,26.423647612949658,16.561243008775023,29.663759304998514,28.549895996213635,30.716735673199942,60.731519125940665,75.28701353123733,132.7479699331284,170.90459436563242,117.42239597709977,132.88335237899173,0,136.17529930976656,0,0
Egypt,214,"Fish body oils, nei",fish_oil,NA,NA,NA,NA,NA,NA,NA,NA,NA,NA,NA,NA,NA,NA,NA,NA,NA,NA,NA,NA,NA,NA,NA,NA,NA,NA,NA,NA,NA,NA,NA,NA,5,91,32,26,0,143.81358189081217,2,3,1,26,0,0,0,0,0
Egypt,214,"Fish liver oils, nei",fish_oil,NA,NA,NA,NA,NA,NA,NA,NA,NA,NA,NA,NA,NA,NA,NA,NA,NA,NA,NA,NA,NA,NA,NA,NA,NA,NA,NA,NA,NA,NA,NA,NA,NA,NA,NA,51,26,25,0,3,13,14,0,0,0,0,0
Egypt,214,Ornamental fish nei,ornamentals,NA,NA,NA,NA,NA,NA,NA,NA,NA,NA,NA,NA,NA,NA,NA,NA,NA,NA,113.60340058414732,102.65261249277705,0,66.39432093948511,96,58,97,87,56,41,28,0,1,2,4,7,22,10,9,11,29,0,42,33,64,0,0,0,0
Egypt,214,Ornamental saltwater fish,ornamentals,NA,NA,NA,NA,NA,NA,NA,NA,NA,NA,NA,NA,NA,NA,NA,NA,NA,NA,NA,NA,NA,NA,NA,NA,NA,NA,NA,NA,NA,NA,NA,NA,NA,NA,NA,NA,NA,NA,NA,3,1,8,1,0,0,0,0
Egypt,214,Other seaweeds and aquatic plants and products thereof,seaweeds,NA,NA,NA,NA,NA,NA,NA,NA,NA,NA,NA,NA,NA,NA,NA,NA,NA,NA,70,1,0,80,90,72,23,42,12,26,13,0,0,22,36.00810355275351,77,71.46675158341694,100.07565265502137,77,65,95,95.60168763579402,5,0,115.22949825678334,0,0,0,0
Egypt,214,"Seaweeds and other algae, fit for human consumption, nei",seaweeds,NA,NA,NA,NA,NA,NA,NA,NA,NA,NA,NA,NA,NA,NA,NA,NA,NA,NA,NA,NA,NA,NA,NA,NA,NA,NA,NA,NA,NA,NA,NA,NA,NA,NA,NA,NA,NA,1,15,0,98.48565845994926,99,14,121.90364161744765,0,0,0
Egypt,214,Z_TOTAL,fish_oil,NA,NA,NA,NA,NA,NA,NA,NA,NA,NA,NA,NA,NA,NA,NA,NA,NA,NA,NA,NA,NA,NA,NA,NA,NA,NA,NA,NA,NA,NA,NA,NA,5,91,32,77,26,168.81358189081217,2,6,14,40,0,0,0,0,0
Egypt,214,Z_TOTAL,ornamentals,NA,NA,NA,NA,NA,NA,NA,NA,NA,NA,NA,NA,NA,NA,NA,NA,NA,NA,113.60340058414732,102.65261249277705,0,66.39432093948511,96,58,97,87,56,41,28,0,1,2,4,7,22,10,9,11,29,3,43,41,65,0,0,0,0
Egypt,214,Z_TOTAL,seaweeds,NA,NA,NA,NA,NA,NA,NA,NA,NA,NA,NA,NA,NA,NA,NA,NA,NA,NA,70,1,0,80,90,72,23,42,12,26,13,0,0,22,36.00810355275351,77,71.46675158341694,100.07565265502137,77,66,110,95.60168763579402,103.48565845994926,99,129.22949825678336,121.90364161744765,0,0,0
El Salvador,134,"Fish body oils, nei",fish_oil,NA,NA,NA,NA,NA,NA,NA,NA,NA,NA,NA,NA,NA,NA,NA,NA,NA,NA,NA,NA,NA,NA,NA,33,0,0,0,2,0,61,24,14,96,99,61,95,0,0,0,0,0,0,0,0,0,0,0
El Salvador,134,Ornamental fish nei,ornamentals,0,0,0,0,0,0,0,0,0,0,0,0,1,0,0,0,0,0,0,0,1,1,0,0,46,0,0,0,0,0,0,0,0,0,0,0,0,0,0,0,0,0,0,0,0,0,0
El Salvador,134,Z_TOTAL,fish_oil,NA,NA,NA,NA,NA,NA,NA,NA,NA,NA,NA,NA,NA,NA,NA,NA,NA,NA,NA,NA,NA,NA,NA,33,0,0,0,2,0,61,24,14,96,99,61,95,0,0,0,0,0,0,0,0,0,0,0
El Salvador,134,Z_TOTAL,ornamentals,0,0,0,0,0,0,0,0,0,0,0,0,1,0,0,0,0,0,0,0,1,1,0,0,46,0,0,0,0,0,0,0,0,0,0,0,0,0,0,0,0,0,0,0,0,0,0
Equatorial Guinea,104,Ornamental fish nei,ornamentals,NA,NA,NA,NA,NA,NA,NA,NA,NA,NA,NA,NA,NA,NA,NA,NA,NA,NA,NA,9,0,3,0,0,0,0,0,3,0,0,2,0,8,5,0,0,0,0,0,0,0,0,0,0,0,0,0
Equatorial Guinea,104,Z_TOTAL,ornamentals,NA,NA,NA,NA,NA,NA,NA,NA,NA,NA,NA,NA,NA,NA,NA,NA,NA,NA,NA,9,0,3,0,0,0,0,0,3,0,0,2,0,8,5,0,0,0,0,0,0,0,0,0,0,0,0,0
Eritrea,45,Ornamental fish nei,ornamentals,NA,NA,NA,NA,NA,NA,NA,NA,NA,NA,NA,NA,NA,NA,NA,NA,NA,NA,NA,NA,28.581750474063483,28.3750200975378,0,5,0,0,0,0,0,0,0,0,14.923496117282411,11.36351878921505,8,4,0,0,0,0,0,0,0,0,0,0,0
Eritrea,45,Z_TOTAL,ornamentals,NA,NA,NA,NA,NA,NA,NA,NA,NA,NA,NA,NA,NA,NA,NA,NA,NA,NA,NA,NA,28.581750474063483,28.3750200975378,0,5,0,0,0,0,0,0,0,0,14.923496117282411,11.36351878921505,8,4,0,0,0,0,0,0,0,0,0,0,0
Estonia,70,Agar agar nei,seaweeds,NA,NA,NA,NA,NA,NA,NA,NA,NA,NA,NA,NA,NA,NA,NA,NA,NA,NA,NA,NA,NA,NA,314.9201180663939,280.90695140275295,369.43332587763814,662.1922689167334,437.56203825982965,219.73955988839958,62,185.75198798848604,172.1620781812661,185.80317751594086,138.17450628135256,29,131.41794352333372,70.17376771779811,72,12,0,0,2,19,2,0,0,0,0
Estonia,70,"Fish body oils, nei",fish_oil,NA,NA,NA,NA,NA,NA,NA,NA,NA,NA,NA,NA,NA,NA,NA,NA,2,1,2,3,8,3,2,2,15,10,24,6,1,0,0,8,77,33,44,28,32,44,23,39,44,54,207.4318181818182,0,0,0,0
Estonia,70,"Fish liver oils, nei",fish_oil,NA,NA,NA,NA,NA,NA,NA,NA,NA,NA,NA,NA,NA,NA,NA,NA,NA,10,2,12,1,0,0,0,0,2,0,11,2,21,39,6.377248669328665,0,1,0,6,0,0,8,0,0,0,21,0,0,0,0
Estonia,70,Other seaweeds and aquatic plants and products thereof,seaweeds,NA,NA,NA,NA,NA,NA,NA,NA,NA,NA,NA,NA,NA,NA,NA,NA,NA,NA,NA,NA,NA,NA,NA,NA,87,0,0,0,99,87,0,0,0,19,74,15,0,0,0,0,0,0,0,0,0,0,0
Estonia,70,"Seaweeds and other algae, fit for human consumption, nei",seaweeds,NA,NA,NA,NA,NA,NA,NA,NA,NA,NA,NA,NA,NA,NA,NA,NA,NA,NA,NA,NA,NA,NA,NA,NA,NA,NA,NA,NA,NA,NA,NA,NA,NA,NA,NA,NA,36,46,40,21,34,36,53,0,0,0,0
Estonia,70,"Seaweeds and other algae, unfit for human consumption, nei",seaweeds,NA,NA,NA,NA,NA,NA,NA,NA,NA,NA,NA,NA,NA,NA,NA,NA,NA,NA,NA,NA,NA,NA,NA,NA,NA,NA,NA,NA,NA,NA,NA,NA,NA,NA,NA,NA,NA,0,1,1,13,0,11,0,0,0,0
Estonia,70,Z_TOTAL,fish_oil,NA,NA,NA,NA,NA,NA,NA,NA,NA,NA,NA,NA,NA,NA,NA,NA,2,11,4,15,9,3,2,2,15,12,24,17,3,21,39,14.377248669328665,77,34,44,34,32,44,31,39,44,54,228.4318181818182,0,0,0,0
Estonia,70,Z_TOTAL,seaweeds,NA,NA,NA,NA,NA,NA,NA,NA,NA,NA,NA,NA,NA,NA,NA,NA,NA,NA,NA,NA,NA,NA,314.9201180663939,280.90695140275295,456.43332587763814,662.1922689167334,437.56203825982965,219.73955988839958,161,272.751987988486,172.1620781812661,185.80317751594086,138.17450628135256,48,205.41794352333372,85.17376771779811,108,58,41,22,49,55,66,0,0,0,0
Faeroe Islands,141,"Fish liver oils, nei",fish_oil,20,0,0,0,0,0,0,0,0,0,0,0,0,0,0,0,0,0,0,0,0,0,0,64.02739379024122,0,0,0,0,0,0,0,0,29.990587859197774,0,0,32.265636312662764,0,0,0,0,0,0,0,0,0,0,0
Faeroe Islands,141,Z_TOTAL,fish_oil,20,0,0,0,0,0,0,0,0,0,0,0,0,0,0,0,0,0,0,0,0,0,0,64.02739379024122,0,0,0,0,0,0,0,0,29.990587859197774,0,0,32.265636312662764,0,0,0,0,0,0,0,0,0,0,0
Fiji,18,Kelp,seaweeds,NA,NA,NA,NA,NA,NA,NA,NA,NA,NA,NA,NA,NA,NA,NA,NA,NA,NA,NA,NA,NA,NA,NA,NA,NA,NA,NA,8,61,49,76,20,11,16,30,89,23,49,24,0,0,0,0,0,0,0,0
Fiji,18,Ornamental saltwater fish,ornamentals,NA,NA,NA,NA,NA,NA,NA,NA,NA,NA,NA,NA,NA,NA,NA,NA,NA,NA,NA,NA,NA,NA,NA,NA,NA,NA,NA,NA,NA,NA,NA,NA,NA,NA,NA,NA,338.7656094565501,442.6741552291752,451.80241700077,465.66969297241644,389.4956991430844,365.4508615143187,350.884052285656,0,0,0,0
Fiji,18,"Seaweeds and other algae, unfit for human consumption, nei",seaweeds,NA,NA,NA,NA,NA,NA,NA,NA,NA,NA,NA,NA,NA,NA,NA,NA,NA,NA,NA,NA,NA,NA,NA,NA,NA,NA,NA,NA,NA,NA,NA,NA,NA,NA,NA,NA,1,7,1,20,6,3,6,0,0,0,0
Fiji,18,Z_TOTAL,ornamentals,NA,NA,NA,NA,NA,NA,NA,NA,NA,NA,NA,NA,NA,NA,NA,NA,NA,NA,NA,NA,NA,NA,NA,NA,NA,NA,NA,NA,NA,NA,NA,NA,NA,NA,NA,NA,338.7656094565501,442.6741552291752,451.80241700077,465.66969297241644,389.4956991430844,365.4508615143187,350.884052285656,0,0,0,0
Fiji,18,Z_TOTAL,seaweeds,NA,NA,NA,NA,NA,NA,NA,NA,NA,NA,NA,NA,NA,NA,NA,NA,NA,NA,NA,NA,NA,NA,NA,NA,NA,NA,NA,8,61,49,76,20,11,16,30,89,24,56,25,20,6,3,6,0,0,0,0
Finland,174,Agar agar nei,seaweeds,NA,NA,NA,NA,NA,NA,NA,NA,NA,NA,NA,NA,NA,NA,NA,NA,NA,NA,NA,NA,NA,NA,1,1,6,0,1,1,0,0,14,21,0,0,0,0,3,1,0,0,0,0,1,0,0,0,0
Finland,174,"Fish body oils, nei",fish_oil,NA,NA,NA,NA,NA,NA,NA,16,0,0,12,1,29,23,53,0,5,6,5,0,3,6.20665846839313,0,12,20,0,2,55,7,12,10.238058758119905,0,0,27.9258818759904,0,0,0,0,53,34,29,0,0,0,0,0,0
Finland,174,"Fish liver oils, nei",fish_oil,NA,NA,NA,NA,NA,NA,NA,NA,NA,NA,NA,NA,70,0,11,1,6,3,13,11.821139213438386,24,22,11,0,0,0,0,8,10,50,70,12.610427679887067,9.213324490669791,11.356824866393325,11.422598905264053,12.87352383536998,25.489711934156375,40,11,11,21,29,36,0,0,0,0
Finland,174,Other seaweeds and aquatic plants and products thereof,seaweeds,NA,NA,NA,NA,NA,NA,NA,NA,NA,NA,NA,NA,NA,NA,NA,NA,NA,NA,0,5,19.458487854434566,27.254182607704706,30,25,30,11,18,41,7,12,9,18,19,24,16,3,0,0,0,0,0,0,0,0,0,0,0
Finland,174,"Seaweeds and other algae, fit for human consumption, nei",seaweeds,NA,NA,NA,NA,NA,NA,NA,NA,NA,NA,NA,NA,NA,NA,NA,NA,NA,NA,NA,NA,NA,NA,NA,NA,NA,NA,NA,NA,NA,NA,NA,NA,NA,NA,NA,NA,1,0,0,8,18,21,1,0,0,0,0
Finland,174,"Seaweeds and other algae, unfit for human consumption, nei",seaweeds,NA,NA,NA,NA,NA,NA,NA,NA,NA,NA,NA,NA,NA,NA,NA,NA,NA,NA,NA,NA,NA,NA,NA,NA,NA,NA,NA,NA,NA,NA,NA,NA,NA,NA,NA,NA,6,17,9,9,14,36,40,0,0,0,0
Finland,174,Z_TOTAL,fish_oil,NA,NA,NA,NA,NA,NA,NA,16,0,0,12,1,99,23,64,1,11,9,18,11.821139213438386,27,28.20665846839313,11,12,20,0,2,63,17,62,80.2380587581199,12.610427679887067,9.213324490669791,39.28270674238372,11.422598905264053,12.87352383536998,25.489711934156375,40,64,45,50,29,36,0,0,0,0
Finland,174,Z_TOTAL,seaweeds,NA,NA,NA,NA,NA,NA,NA,NA,NA,NA,NA,NA,NA,NA,NA,NA,NA,NA,0,5,19.458487854434566,27.254182607704706,31,26,36,11,19,42,7,12,23,39,19,24,16,3,10,18,9,17,32,57,42,0,0,0,0
France,179,Agar agar nei,seaweeds,597.4541852640646,588.1462107935688,485.31333646089587,410.53793208687614,485.40236749233975,0,700.5986682067911,541.65085395681194,504.28540952766303,672.6747447953039,429.5545206693653,682.1162658129655,0,0,0,0,0,0,401.85317483648777,504.7750802006046,570.2870256198506,663.8564409977497,0,850.9952717535479,0,626.6245431157665,0,692.1810040507345,0,916.7297947514036,767.1344704876421,851.3513958793235,654.9936216844735,0,0,0,0,0,0,0,0,0,692.8487367865639,0,0,487.2275036369401,487.2275036369401
France,179,"Halibuts, liver oils",fish_oil,NA,NA,NA,NA,NA,NA,NA,NA,NA,NA,NA,NA,NA,NA,NA,NA,NA,NA,NA,0,4,24,12,3,1,2,4,8,29,24,18,11,25,53,19,28,0,4,1,1,1,1,1,0,0,0,0
France,179,Ornamental saltwater fish,ornamentals,NA,NA,NA,NA,NA,NA,NA,NA,NA,NA,NA,NA,14,12,21,9,62,0,0,53.48692262872828,26.025293608845686,0,0,170.53888164101318,205.99867848692816,0,0,0,0,0,0,0,0,170.4888134020316,0,79.33806774256482,91.91734609182618,138.81740218606797,159.0235200342138,152.53569963626387,134.60761998998692,135.74663909092146,81.59107182494313,0,0,0,0
France,179,Z_TOTAL,fish_oil,NA,NA,NA,NA,NA,NA,NA,NA,NA,NA,NA,NA,NA,NA,NA,NA,NA,NA,NA,0,4,24,12,3,1,2,4,8,29,24,18,11,25,53,19,28,0,4,1,1,1,1,1,0,0,0,0
France,179,Z_TOTAL,ornamentals,NA,NA,NA,NA,NA,NA,NA,NA,NA,NA,NA,NA,14,12,21,9,62,0,0,53.48692262872828,26.025293608845686,0,0,170.53888164101318,205.99867848692816,0,0,0,0,0,0,0,0,170.4888134020316,0,79.33806774256482,91.91734609182618,138.81740218606797,159.0235200342138,152.53569963626387,134.60761998998692,135.74663909092146,81.59107182494313,0,0,0,0
France,179,Z_TOTAL,seaweeds,597.4541852640646,588.1462107935688,485.31333646089587,410.53793208687614,485.40236749233975,0,700.5986682067911,541.65085395681194,504.28540952766303,672.6747447953039,429.5545206693653,682.1162658129655,0,0,0,0,0,0,401.85317483648777,504.7750802006046,570.2870256198506,663.8564409977497,0,850.9952717535479,0,626.6245431157665,0,692.1810040507345,0,916.7297947514036,767.1344704876421,851.3513958793235,654.9936216844735,0,0,0,0,0,0,0,0,0,692.8487367865639,0,0,487.2275036369401,487.2275036369401
French Polynesia,147,Ornamental fish nei,ornamentals,2,6,6,2,2,2,1,0,1,0,0,0,0,0,3,0,0,0,0,0,0,0,29,72,114.9997580493847,194.1933044057074,273.38685076203006,318.5818002149368,301.44598867824726,267.31087868984946,210.51003743250783,153.70919617516608,198.90414562807274,153.436170005203,136.30035846851348,75,0,0,0,0,0,0,0,0,0,0,0
French Polynesia,147,Ornamental saltwater fish,ornamentals,NA,NA,NA,NA,NA,NA,NA,NA,NA,NA,NA,NA,NA,NA,NA,NA,NA,NA,NA,NA,NA,NA,NA,NA,NA,NA,NA,NA,NA,NA,NA,NA,NA,NA,NA,NA,95,73.03104762515784,139.0274797973708,100.76559956845063,0,0,0,0,0,0,0
French Polynesia,147,Other seaweeds and aquatic plants and products thereof,seaweeds,NA,NA,NA,NA,NA,NA,NA,NA,NA,NA,NA,NA,NA,NA,NA,NA,NA,NA,NA,NA,NA,NA,NA,NA,NA,NA,NA,NA,NA,NA,NA,1,1,1,2,0,0,0,0,0,0,0,0,0,0,0,0
French Polynesia,147,Z_TOTAL,ornamentals,2,6,6,2,2,2,1,0,1,0,0,0,0,0,3,0,0,0,0,0,0,0,29,72,114.9997580493847,194.1933044057074,273.38685076203006,318.5818002149368,301.44598867824726,267.31087868984946,210.51003743250783,153.70919617516608,198.90414562807274,153.436170005203,136.30035846851348,75,95,73.03104762515784,139.0274797973708,100.76559956845063,0,0,0,0,0,0,0
French Polynesia,147,Z_TOTAL,seaweeds,NA,NA,NA,NA,NA,NA,NA,NA,NA,NA,NA,NA,NA,NA,NA,NA,NA,NA,NA,NA,NA,NA,NA,NA,NA,NA,NA,NA,NA,NA,NA,1,1,1,2,0,0,0,0,0,0,0,0,0,0,0,0
Germany,176,Agar agar nei,seaweeds,419.75687552592797,326.27649117947277,541.4282763782021,672.4076517009721,588.2797573407346,466.7419030356263,485.4913985237837,766.1106136260371,0,682.0272347815215,607.2518304075019,0,0,0,0,0,0,0,0,0,0,0,0,0,0,0,0,0,0,0,0,0,0,0,0,0,0,0,0,0,0,0,0,0,0,0,0
Germany,176,"Fish liver oils, nei",fish_oil,NA,NA,NA,NA,NA,NA,NA,NA,82,74,91,64,0,0,0,0,0,0,0,0,0,0,0,51.72567151100559,85.30959690789268,0,0,0,0,0,0,0,0,0,0,0,0,0,0,0,0,0,0,0,0,0,0
Germany,176,"Halibuts, liver oils",fish_oil,NA,NA,NA,NA,NA,NA,NA,NA,NA,NA,NA,NA,NA,NA,NA,NA,NA,NA,NA,31,0,6,21,15,18,4,5,32.812599175394155,83,47,82,0,31,0,34,49,23,5,52,69,0,0,0,0,0,0,0
Germany,176,Ornamental saltwater fish,ornamentals,NA,NA,NA,NA,NA,NA,NA,NA,NA,NA,NA,NA,70,31,27,90.87846346885522,69,92,36,89.71441024842989,22,26,47,69.48325828079305,61.08872800812196,37.440518737681714,21.41914896612593,22.55816806706048,23.697187167995025,22.9294963942084,22.161805620421774,25.207534596077267,24.43984382229064,17.952023424340723,19.09104252527527,18.323351751488644,15.648951102980845,14.88126032919422,16.020279430128767,17.159298531063087,12.578188007834342,11.810497234047716,11.04280646026109,0,0,0,0
Germany,176,Other seaweeds and aquatic plants and products thereof,seaweeds,NA,NA,NA,NA,NA,NA,NA,NA,NA,NA,NA,NA,111.8269062180561,60.477206494437624,114.43415078005582,108.98734716302766,127.84207677890029,187.19936178294088,0,262.71120604364285,0,0,0,0,0,246.23140649674122,219.18324000602354,227.2372881850514,0,0,0,0,0,0,0,0,0,0,0,0,0,0,0,0,0,0,0
Germany,176,Z_TOTAL,fish_oil,NA,NA,NA,NA,NA,NA,NA,NA,82,74,91,64,0,0,0,0,0,0,0,31,0,6,21,66.72567151100559,103.30959690789268,4,5,32.812599175394155,83,47,82,0,31,0,34,49,23,5,52,69,0,0,0,0,0,0,0
Germany,176,Z_TOTAL,ornamentals,NA,NA,NA,NA,NA,NA,NA,NA,NA,NA,NA,NA,70,31,27,90.87846346885522,69,92,36,89.71441024842989,22,26,47,69.48325828079305,61.08872800812196,37.440518737681714,21.41914896612593,22.55816806706048,23.697187167995025,22.9294963942084,22.161805620421774,25.207534596077267,24.43984382229064,17.952023424340723,19.09104252527527,18.323351751488644,15.648951102980845,14.88126032919422,16.020279430128767,17.159298531063087,12.578188007834342,11.810497234047716,11.04280646026109,0,0,0,0
Germany,176,Z_TOTAL,seaweeds,419.75687552592797,326.27649117947277,541.4282763782021,672.4076517009721,588.2797573407346,466.7419030356263,485.4913985237837,766.1106136260371,0,682.0272347815215,607.2518304075019,0,111.8269062180561,60.477206494437624,114.43415078005582,108.98734716302766,127.84207677890029,187.19936178294088,0,262.71120604364285,0,0,0,0,0,246.23140649674122,219.18324000602354,227.2372881850514,0,0,0,0,0,0,0,0,0,0,0,0,0,0,0,0,0,0,0
Ghana,106,"Fish body oils, nei",fish_oil,NA,NA,NA,NA,NA,NA,NA,NA,NA,NA,NA,NA,NA,NA,NA,NA,NA,NA,NA,NA,NA,NA,NA,1,0,0,0,0,0,0,0,0,0,21,0,31.21245500208454,0,57,37,15,0,0,0,0,0,0,0
Ghana,106,"Fish liver oils, nei",fish_oil,NA,NA,NA,NA,NA,NA,NA,NA,NA,NA,NA,NA,NA,NA,NA,NA,NA,NA,NA,NA,NA,NA,NA,NA,NA,NA,NA,NA,NA,NA,NA,NA,23,49,68,37.00462943881075,23,5,0,0,0,0,0,0,0,0,0
Ghana,106,Ornamental fish nei,ornamentals,NA,NA,NA,NA,NA,NA,NA,NA,NA,NA,1,3,2,2,1,1,1,26,0,2,2,0,0,0,0,0,0,0,0,0,0,0,8,0,0,0,0,0,0,0,0,0,0,0,0,0,0
Ghana,106,Ornamental saltwater fish,ornamentals,NA,NA,NA,NA,NA,NA,NA,NA,NA,NA,NA,NA,NA,NA,NA,NA,NA,NA,NA,NA,1,1,0,0,0,0,0,0,0,0,0,0,0,0,0,0,0,32,0,0,0,0,1,0,0,0,0
Ghana,106,Z_TOTAL,fish_oil,NA,NA,NA,NA,NA,NA,NA,NA,NA,NA,NA,NA,NA,NA,NA,NA,NA,NA,NA,NA,NA,NA,NA,1,0,0,0,0,0,0,0,0,23,70,68,68.21708444089529,23,62,37,15,0,0,0,0,0,0,0
Ghana,106,Z_TOTAL,ornamentals,NA,NA,NA,NA,NA,NA,NA,NA,NA,NA,1,3,2,2,1,1,1,26,0,2,3,1,0,0,0,0,0,0,0,0,0,0,8,0,0,0,0,32,0,0,0,0,1,0,0,0,0
Greece,80,Agar agar nei,seaweeds,NA,NA,NA,NA,NA,NA,NA,NA,NA,NA,NA,4,2,6,0,642.9042317087917,201.44159325443223,0,130.24911718100157,1,0,0,0,0,0,0,1,1,0,0,0,4,0,1,1,0,8,3,0,0,0,1,8,0,0,0,0
Greece,80,"Fish body oils, nei",fish_oil,NA,NA,NA,NA,NA,NA,NA,NA,NA,NA,NA,NA,NA,NA,NA,NA,0,0,0,0,0,0,40,0,0,0,0,15,39,0,4,8,0,0,0,1,6.814810798385224,0,0,1,0,60.856536331734844,0,0,0,0,0
Greece,80,"Fish liver oils, nei",fish_oil,NA,NA,NA,NA,NA,NA,NA,NA,NA,NA,NA,NA,NA,NA,NA,NA,NA,NA,NA,NA,19,0,0,0,0,0,0,0,0,0,0,0,4,0,0,80,63,93,69,99,38,2,11,0,0,0,0
Greece,80,Ornamental saltwater fish,ornamentals,NA,NA,NA,NA,NA,NA,NA,NA,NA,NA,NA,NA,NA,NA,NA,1,0,131.61176920466664,24,0,76,225.21174073667987,0,0,0,0,0,40.32955347744567,0,94.69424027966748,0,0,0,0,0,115.57192120548702,0,0,0,0,0,0,0,0,0,0,0
Greece,80,Other seaweeds and aquatic plants and products thereof,seaweeds,NA,NA,NA,NA,NA,NA,NA,NA,NA,NA,NA,NA,18,19,0,0,0,0,0,0,0,0,0,6,4,14,2,6,10,31,83,4,19,6,98,10.041651163388195,0,0,0,0,0,0,0,0,0,0,0
Greece,80,"Seaweeds and other algae, fit for human consumption, nei",seaweeds,NA,NA,NA,NA,NA,NA,NA,NA,NA,NA,NA,NA,NA,NA,NA,NA,NA,NA,NA,NA,NA,NA,NA,NA,NA,NA,NA,NA,NA,NA,NA,NA,NA,NA,NA,NA,27,23,25,12,25,26,32,0,0,0,0
Greece,80,"Seaweeds and other algae, unfit for human consumption, nei",seaweeds,NA,NA,NA,NA,NA,NA,NA,NA,NA,NA,NA,NA,NA,NA,NA,NA,NA,NA,NA,NA,NA,NA,NA,NA,NA,NA,NA,NA,NA,NA,NA,NA,NA,NA,NA,NA,36.39267851065415,32.43760533660043,28.482532162547614,39.015417602610796,63,18.066108501800045,18.457422911981666,0,0,0,0
Greece,80,Z_TOTAL,fish_oil,NA,NA,NA,NA,NA,NA,NA,NA,NA,NA,NA,NA,NA,NA,NA,NA,0,0,0,0,19,0,40,0,0,0,0,15,39,0,4,8,4,0,0,81,69.81481079838522,93,69,100,38,62.856536331734844,11,0,0,0,0
Greece,80,Z_TOTAL,ornamentals,NA,NA,NA,NA,NA,NA,NA,NA,NA,NA,NA,NA,NA,NA,NA,1,0,131.61176920466664,24,0,76,225.21174073667987,0,0,0,0,0,40.32955347744567,0,94.69424027966748,0,0,0,0,0,115.57192120548702,0,0,0,0,0,0,0,0,0,0,0
Greece,80,Z_TOTAL,seaweeds,NA,NA,NA,NA,NA,NA,NA,NA,NA,NA,NA,4,20,25,0,642.9042317087917,201.44159325443223,0,130.24911718100157,1,0,0,0,6,4,14,3,7,10,31,83,8,19,7,99,10.041651163388195,71.39267851065415,58.43760533660043,53.482532162547614,51.015417602610796,88,45.066108501800045,58.457422911981666,0,0,0,0
Guadeloupe and Martinique,140,Ornamental fish nei,ornamentals,NA,NA,NA,NA,NA,NA,NA,NA,NA,NA,NA,NA,43,66,63,65,54,52,63,71,0,0,0,0,0,0,0,0,0,0,0,0,0,0,0,0,0,0,0,0,0,0,0,0,0,0,0
Guadeloupe and Martinique,140,Z_TOTAL,ornamentals,NA,NA,NA,NA,NA,NA,NA,NA,NA,NA,NA,NA,43,66,63,65,54,52,63,71,0,0,0,0,0,0,0,0,0,0,0,0,0,0,0,0,0,0,0,0,0,0,0,0,0,0,0
Guatemala,136,"Fish body oils, nei",fish_oil,NA,NA,NA,NA,NA,NA,NA,NA,NA,NA,NA,NA,NA,NA,NA,NA,NA,NA,NA,13,0,0,0,0,0,0,0,0,33,0,2,88,0,10,15,73,1,1,0,0,36,1,5,0,0,0,0
Guatemala,136,"Fish liver oils, nei",fish_oil,NA,NA,NA,NA,NA,NA,NA,NA,NA,NA,NA,NA,NA,NA,NA,NA,NA,NA,NA,NA,NA,NA,NA,NA,NA,0,84,5,3,0,0,0,0,0,0,0,0,3,2,6,10,0,4,0,0,0,0
Guatemala,136,Ornamental fish nei,ornamentals,NA,NA,2,0,0,0,0,0,0,0,0,2,0,0,1,0,0,0,0,0,0,0,12,1,0,0,0,0,0,0,0,4,3,1,0,0,0,0,0,0,0,0,0,0,0,0,0
Guatemala,136,"Seaweeds and other algae, unfit for human consumption, nei",seaweeds,NA,NA,NA,NA,NA,NA,NA,NA,NA,NA,NA,NA,NA,NA,NA,NA,NA,NA,NA,NA,NA,NA,NA,NA,NA,NA,NA,NA,NA,NA,NA,NA,NA,NA,NA,NA,4,0,1,1,1,3,2,0,0,0,0
Guatemala,136,Z_TOTAL,fish_oil,NA,NA,NA,NA,NA,NA,NA,NA,NA,NA,NA,NA,NA,NA,NA,NA,NA,NA,NA,13,0,0,0,0,0,0,84,5,36,0,2,88,0,10,15,73,1,4,2,6,46,1,9,0,0,0,0
Guatemala,136,Z_TOTAL,ornamentals,NA,NA,2,0,0,0,0,0,0,0,0,2,0,0,1,0,0,0,0,0,0,0,12,1,0,0,0,0,0,0,0,4,3,1,0,0,0,0,0,0,0,0,0,0,0,0,0
Guatemala,136,Z_TOTAL,seaweeds,NA,NA,NA,NA,NA,NA,NA,NA,NA,NA,NA,NA,NA,NA,NA,NA,NA,NA,NA,NA,NA,NA,NA,NA,NA,NA,NA,NA,NA,NA,NA,NA,NA,NA,NA,NA,4,0,1,1,1,3,2,0,0,0,0
Guinea,194,Ornamental fish nei,ornamentals,NA,NA,NA,NA,NA,NA,NA,NA,NA,NA,NA,NA,NA,NA,NA,NA,NA,NA,NA,NA,2,1,0,0,0,0,2,0,0,0,0,6,0,0,0,0,0,0,0,0,0,0,0,0,0,0,0
Guinea,194,Z_TOTAL,ornamentals,NA,NA,NA,NA,NA,NA,NA,NA,NA,NA,NA,NA,NA,NA,NA,NA,NA,NA,NA,NA,2,1,0,0,0,0,2,0,0,0,0,6,0,0,0,0,0,0,0,0,0,0,0,0,0,0,0
Guinea Bissau,193,Ornamental fish nei,ornamentals,NA,NA,NA,NA,NA,NA,NA,NA,NA,NA,NA,NA,NA,NA,NA,NA,NA,NA,NA,1,0,0,0,0,0,3,0,4,4,0,0,0,3,5,6,0,0,0,0,0,0,0,0,0,0,0,0
Guinea Bissau,193,Z_TOTAL,ornamentals,NA,NA,NA,NA,NA,NA,NA,NA,NA,NA,NA,NA,NA,NA,NA,NA,NA,NA,NA,1,0,0,0,0,0,3,0,4,4,0,0,0,3,5,6,0,0,0,0,0,0,0,0,0,0,0,0
Guyana,167,Ornamental fish nei,ornamentals,NA,NA,NA,NA,NA,NA,NA,NA,NA,NA,NA,NA,NA,NA,NA,NA,NA,NA,NA,NA,NA,NA,80.58118385755716,81.47001748778897,81,70.46504671898964,91,87,97,38,63.03962241440445,0,32.860694601710804,63,14,25,8,1,2,9,10,8,7,0,0,0,0
Guyana,167,Z_TOTAL,ornamentals,NA,NA,NA,NA,NA,NA,NA,NA,NA,NA,NA,NA,NA,NA,NA,NA,NA,NA,NA,NA,NA,NA,80.58118385755716,81.47001748778897,81,70.46504671898964,91,87,97,38,63.03962241440445,0,32.860694601710804,63,14,25,8,1,2,9,10,8,7,0,0,0,0
Honduras,133,"Fish body oils, nei",fish_oil,NA,NA,NA,NA,NA,NA,NA,NA,NA,NA,NA,NA,NA,NA,NA,0,19,0,1,0,0,0,0,0,0,0,17,28,33,5,0,32,0,0,0,88,0,37,94,0,14,46,0,48.548829974300006,0,0,0
Honduras,133,Ornamental fish nei,ornamentals,NA,NA,NA,NA,NA,NA,NA,NA,NA,NA,NA,NA,NA,NA,NA,NA,NA,NA,NA,NA,NA,12,41,0,34,72,0,0,0,27,0,0,0,0,0,0,0,0,0,0,0,0,0,0,0,0,0
Honduras,133,Z_TOTAL,fish_oil,NA,NA,NA,NA,NA,NA,NA,NA,NA,NA,NA,NA,NA,NA,NA,0,19,0,1,0,0,0,0,0,0,0,17,28,33,5,0,32,0,0,0,88,0,37,94,0,14,46,0,48.548829974300006,0,0,0
Honduras,133,Z_TOTAL,ornamentals,NA,NA,NA,NA,NA,NA,NA,NA,NA,NA,NA,NA,NA,NA,NA,NA,NA,NA,NA,NA,NA,12,41,0,34,72,0,0,0,27,0,0,0,0,0,0,0,0,0,0,0,0,0,0,0,0,0
Iceland,143,"Fish liver oils, nei",fish_oil,53,0,0,0,0,0,0,0,0,0,23,3,0,3,42,0,4,25,23,49,0,57.66266670194136,48,82,39,49.61485751001308,66,48.36125469651935,58.81566041965404,51.95568000234877,0,0,0,0,0,0,0,0,0,0,72.76388235283713,0,55.58104429013861,0,0,0,0
Iceland,143,Herring oil,fish_oil,20,0,67,0,0,0,42,0,0,29,71,0,0,0,0,0,0,0,0,0,0,0,0,0,0,0,0,0,0,0,0,0,0,0,0,0,0,0,0,0,0,0,0,0,0,0,0
Iceland,143,Other seaweeds and aquatic plants and products thereof,seaweeds,NA,NA,NA,NA,NA,NA,NA,NA,NA,NA,NA,NA,NA,NA,NA,NA,NA,NA,2,0,0,1,1,1,0,0,0,0,0,0,0,0,0,0,0,28.11724265630812,0,0,0,0,0,0,0,0,0,0,0
Iceland,143,Redfish oil,fish_oil,NA,NA,NA,61,0,0,0,0,0,0,0,40,0,0,0,0,9,27,51,72,37,11,0,0,0,0,0,0,0,0,0,0,0,0,0,0,0,0,0,0,0,74,0,0,0,0,0
Iceland,143,"Seaweeds and other algae, fit for human consumption, nei",seaweeds,NA,NA,NA,NA,NA,NA,NA,NA,NA,NA,NA,NA,NA,NA,NA,NA,NA,NA,NA,NA,NA,NA,NA,NA,NA,NA,NA,NA,NA,NA,NA,NA,NA,NA,NA,NA,NA,87.3428276245304,98,35.451498999228534,33.60666173923846,19.711410952918413,397.4545997723326,0,0,0,0
Iceland,143,Z_TOTAL,fish_oil,73,0,67,61,0,0,42,0,0,29,94,43,0,3,42,0,13,52,74,121,37,68.66266670194136,48,82,39,49.61485751001308,66,48.36125469651935,58.81566041965404,51.95568000234877,0,0,0,0,0,0,0,0,0,0,72.76388235283713,74,55.58104429013861,0,0,0,0
Iceland,143,Z_TOTAL,seaweeds,NA,NA,NA,NA,NA,NA,NA,NA,NA,NA,NA,NA,NA,NA,NA,NA,NA,NA,2,0,0,1,1,1,0,0,0,0,0,0,0,0,0,0,0,28.11724265630812,0,87.3428276245304,98,35.451498999228534,33.60666173923846,19.711410952918413,397.4545997723326,0,0,0,0
India,203,Agar agar nei,seaweeds,NA,NA,NA,NA,NA,NA,NA,NA,NA,NA,NA,NA,NA,NA,NA,NA,NA,NA,18,26.093018539434524,32,70,51,79,81,21.710807675661272,23.92523855692366,30.748920608102935,26.049474734490104,60.52866380517048,0,0,77.92687584543023,0,71.60081821148287,0,0,0,0,0,0,0,0,0,0,0,0
India,203,Cod liver oil,fish_oil,NA,NA,NA,NA,NA,NA,NA,NA,NA,NA,NA,NA,NA,NA,NA,NA,NA,NA,NA,NA,NA,NA,NA,NA,NA,NA,NA,78,570.4545468032345,345.7154125786751,0,0,0,124.05040070419545,0,175.1789116204625,214.16666666666666,41,8,4,123.66666666666666,99,53,0,0,0,0
India,203,"Fish body oils, nei",fish_oil,54,14,0,0,0,0,0,31,0,0,86,82,21,0,0,0,0,21,33.20040065652427,0,51,8,0,46,12,24,9,58.428250951192204,0,0,0,0,0,0,0,0,0,0,0,0,0,25.17323541435333,22.007943694461815,0,0,0,0
India,203,"Fish liver oils, nei",fish_oil,NA,NA,NA,NA,NA,NA,NA,NA,NA,NA,NA,NA,NA,11,0,86,126.44303517371821,287.6103908734355,210.08377404937357,3,192.27957460242277,61.046813960510484,144.63862858999954,246.13249115877204,65,150.75275064159297,85.16083244371997,282.13228402200417,0,544.793502290494,353.88724851763686,0,0,252.58908293352965,401.82174000705794,503.3156025758305,455.62573231724093,97.63369777773838,121.5520192762826,97.73154627007101,0,0,0,0,0,0,0
India,203,Ornamental fish nei,ornamentals,5,3,1,0,1,2,0,5,5,6,42,74,93,26.490615347763423,89,59.7733247855449,17.090829194933576,76.10636270632574,24.949031357214153,90.3206916874816,30.68852457986975,70.6356776346363,49.14027144027568,63.66291721954133,141.7468311875591,143.5572233290743,126.29923501396388,0,117.20776565924393,70.28785218938265,154.72789297627548,175.6066655744164,166.82351301780625,166.51519621969646,94.17077547433416,172.25468944235206,174.06508158386714,10.616176434626936,0,0,0,0,0,0,0,0,0
India,203,Ornamental saltwater fish,ornamentals,NA,NA,NA,NA,NA,NA,NA,NA,NA,NA,NA,NA,NA,NA,NA,NA,NA,NA,NA,NA,NA,NA,NA,NA,NA,NA,NA,NA,NA,NA,NA,NA,NA,NA,NA,NA,NA,74.41579718381155,113.55490999796062,64.11236815133319,66.1707883167851,0,167.10943723039819,0,0,14.661734729549497,14.661734729549497
India,203,Other seaweeds and aquatic plants and products thereof,seaweeds,NA,NA,NA,NA,NA,NA,NA,NA,NA,NA,NA,NA,NA,NA,NA,NA,NA,NA,11.860527126612283,11.455245874719367,15,23.77718746073299,42,10,69,13,53,0,0,0,0,0,0,0,0,0,0,0,0,0,0,0,0,0,0,0,0
India,203,Sardine oil,fish_oil,NA,NA,NA,NA,NA,NA,NA,NA,NA,NA,NA,NA,NA,NA,NA,NA,NA,NA,NA,NA,NA,NA,NA,NA,7,7,53,307.17158465862985,58,13,0,0,0,0,0,0,0,0,0,0,0,0,0,0,0,0,0
India,203,"Seaweeds and other algae, fit for human consumption, nei",seaweeds,NA,NA,NA,NA,NA,NA,NA,NA,NA,NA,NA,NA,NA,NA,NA,NA,NA,NA,NA,NA,NA,NA,NA,NA,NA,NA,NA,NA,NA,NA,NA,NA,NA,NA,NA,NA,NA,NA,NA,13.147325299768681,43.222978380435734,74.99866271571705,85.52395636831693,0,0,0,0
India,203,Z_TOTAL,fish_oil,54,14,0,0,0,0,0,31,0,0,86,82,21,11,0,86,126.44303517371821,308.6103908734355,243.28417470589784,3,243.27957460242277,69.04681396051049,144.63862858999954,292.13249115877204,84,181.75275064159297,147.16083244371998,725.7321196318262,628.4545468032345,903.5089148691691,353.88724851763686,0,0,376.6394836377251,401.82174000705794,678.494514196293,669.7923989839076,138.63369777773838,129.5520192762826,101.73154627007101,123.66666666666666,124.17323541435333,75.00794369446182,0,0,0,0
India,203,Z_TOTAL,ornamentals,5,3,1,0,1,2,0,5,5,6,42,74,93,26.490615347763423,89,59.7733247855449,17.090829194933576,76.10636270632574,24.949031357214153,90.3206916874816,30.68852457986975,70.6356776346363,49.14027144027568,63.66291721954133,141.7468311875591,143.5572233290743,126.29923501396388,0,117.20776565924393,70.28785218938265,154.72789297627548,175.6066655744164,166.82351301780625,166.51519621969646,94.17077547433416,172.25468944235206,174.06508158386714,85.03197361843849,113.55490999796062,64.11236815133319,66.1707883167851,0,167.10943723039819,0,0,14.661734729549497,14.661734729549497
India,203,Z_TOTAL,seaweeds,NA,NA,NA,NA,NA,NA,NA,NA,NA,NA,NA,NA,NA,NA,NA,NA,NA,NA,29.860527126612283,37.54826441415389,47,93.77718746073299,93,89,150,34.71080767566127,76.92523855692366,30.748920608102935,26.049474734490104,60.52866380517048,0,0,77.92687584543023,0,71.60081821148287,0,0,0,0,13.147325299768681,43.222978380435734,74.99866271571705,85.52395636831693,0,0,0,0
Indonesia,216,Cod liver oil,fish_oil,NA,NA,NA,58,76,22,4,0,11,69,0,0,0,0,0,0,0,0,71.35016662539527,26.54841507184068,22.434184066143246,28,22,36.50268859765998,41.66806754147376,78,59.13698692872555,0,0,41.08376471193401,47,0,0,0,33.36130038277014,17.826010977674173,0,0,0,0,0,0,0,0,0,0,0
Indonesia,216,"Fish body oils, nei",fish_oil,NA,NA,NA,NA,1,73,58.073882259044666,0,0,0,0,0,0,97,41.76422759025357,39.597849377627284,49.68792355163566,2,45,21,0,0,0,23,6,15,0,0,0,0,0,0,0,0,0,0,0,73,53.0961544848343,0,0,0,0,0,0,0,0
Indonesia,216,"Fish liver oils, nei",fish_oil,12,0,0,83,56,42,44,19,0,0,0,0,0,0,0,0,0,0,143.46307199369681,119.43017030510379,109.01801507282309,48.663122834063756,36.73755132885947,70,0,53,129.7829786899367,0,57.50251494597302,0,0,0,0,0,29,66,75.6041633736084,0,0,0,0,0,103.93620835533994,0,0,0,0
Indonesia,216,Ornamental saltwater fish,ornamentals,NA,NA,NA,NA,NA,61,30,40,71,0,0,0,0,0,0,0,0,0,0,0,0,0,0,0,0,0,0,0,0,0,0,0,0,0,0,0,0,0,0,0,0,0,0,0,0,0,0
Indonesia,216,Z_TOTAL,fish_oil,12,0,0,141,133,137,106.07388225904467,19,11,69,0,0,0,97,41.76422759025357,39.597849377627284,49.68792355163566,2,259.8132386190921,166.97858537694447,131.45219913896634,76.66312283406376,58.73755132885947,129.50268859765998,47.66806754147376,146,188.91996561866225,0,57.50251494597302,41.08376471193401,47,0,0,0,62.36130038277014,83.82601097767417,75.6041633736084,73,53.0961544848343,0,0,0,103.93620835533994,0,0,0,0
Indonesia,216,Z_TOTAL,ornamentals,NA,NA,NA,NA,NA,61,30,40,71,0,0,0,0,0,0,0,0,0,0,0,0,0,0,0,0,0,0,0,0,0,0,0,0,0,0,0,0,0,0,0,0,0,0,0,0,0,0
Iran,191,"Fish body oils, nei",fish_oil,NA,NA,NA,NA,NA,NA,NA,NA,20,0,0,0,0,0,0,0,0,0,0,0,0,0,0,0,0,0,0,0,0,0,0,0,0,0,22,2,0,0,0,0,0,2,0,0,0,0,0
Iran,191,Ornamental fish nei,ornamentals,NA,NA,NA,NA,NA,NA,NA,NA,NA,NA,NA,NA,NA,NA,NA,NA,NA,NA,NA,NA,NA,38,31,24,21,19,13,0,0,0,0,0,0,0,0,0,0,0,0,0,0,0,0,0,0,0,0
Iran,191,Ornamental saltwater fish,ornamentals,NA,NA,NA,NA,NA,NA,NA,NA,NA,NA,NA,NA,NA,NA,NA,NA,NA,NA,NA,NA,NA,NA,NA,NA,NA,NA,NA,NA,NA,NA,16,0,41.463273071236976,55.88192411958796,109.44130629711927,98,0,4,5,28,0,43,38,0,0,0,0
Iran,191,Z_TOTAL,fish_oil,NA,NA,NA,NA,NA,NA,NA,NA,20,0,0,0,0,0,0,0,0,0,0,0,0,0,0,0,0,0,0,0,0,0,0,0,0,0,22,2,0,0,0,0,0,2,0,0,0,0,0
Iran,191,Z_TOTAL,ornamentals,NA,NA,NA,NA,NA,NA,NA,NA,NA,NA,NA,NA,NA,NA,NA,NA,NA,NA,NA,NA,NA,38,31,24,21,19,13,0,0,0,16,0,41.463273071236976,55.88192411958796,109.44130629711927,98,0,4,5,28,0,43,38,0,0,0,0
Ireland,181,Agar agar nei,seaweeds,178.20198755491748,253.11285745885522,314.4082227918457,368.8958358393625,430.1912011723529,511.9098233617644,464.2811521271761,634.5005540277452,566.448625936736,362.2416521362533,430.3447697547174,614.1796762262339,430.3959592821722,144.49595805600543,0,0,0,0,0,0,0,0,71,0,13,26,0,28,0,0,0,0,0,0,0,0,0,1,1,18,0,0,0,0,0,0,0
Ireland,181,"Fish body oils, nei",fish_oil,NA,NA,NA,NA,NA,NA,NA,NA,NA,NA,NA,NA,NA,NA,NA,NA,NA,NA,NA,NA,NA,NA,65,0,0,0,0,2,12,17,13,16.304250037215297,7,1,0,0,0,0,0,0,0,0,0,0,0,0,0
Ireland,181,"Fish liver oils, nei",fish_oil,NA,9,58,0,0,0,4,7,0,1,5,6,43,45,26,0,0,0,0,1,41,7,29,0,0,0,0,0,1,1,6,5,19,14,13,28,31,15.775373695581806,46,62,15.280120366576384,20.193922524770315,31.340903693522634,0,0,0,0
Ireland,181,Ornamental saltwater fish,ornamentals,NA,NA,NA,NA,NA,NA,NA,NA,NA,NA,NA,NA,NA,NA,NA,NA,4,0,0,0,32.01967461723143,440.82764613181143,0,868.010621445632,40,0,0,54.1629827440986,108.03189269927952,0,62,74,793.8017890862066,0,0,0,9,0,12,9,10,19,20,0,0,0,0
Ireland,181,Z_TOTAL,fish_oil,NA,9,58,0,0,0,4,7,0,1,5,6,43,45,26,0,0,0,0,1,41,7,94,0,0,0,0,2,13,18,19,21.304250037215297,26,15,13,28,31,15.775373695581806,46,62,15.280120366576384,20.193922524770315,31.340903693522634,0,0,0,0
Ireland,181,Z_TOTAL,ornamentals,NA,NA,NA,NA,NA,NA,NA,NA,NA,NA,NA,NA,NA,NA,NA,NA,4,0,0,0,32.01967461723143,440.82764613181143,0,868.010621445632,40,0,0,54.1629827440986,108.03189269927952,0,62,74,793.8017890862066,0,0,0,9,0,12,9,10,19,20,0,0,0,0
Ireland,181,Z_TOTAL,seaweeds,178.20198755491748,253.11285745885522,314.4082227918457,368.8958358393625,430.1912011723529,511.9098233617644,464.2811521271761,634.5005540277452,566.448625936736,362.2416521362533,430.3447697547174,614.1796762262339,430.3959592821722,144.49595805600543,0,0,0,0,0,0,0,0,71,0,13,26,0,28,0,0,0,0,0,0,0,0,0,1,1,18,0,0,0,0,0,0,0
Israel,79,Agar agar nei,seaweeds,NA,NA,NA,NA,NA,NA,NA,NA,NA,NA,NA,NA,NA,NA,NA,NA,NA,NA,NA,NA,NA,5,0,0,0,23,34,24,6,38,26,8,0,4,4,6,4,3,2,0,4,1,0,0,0,0,0
Israel,79,"Fish body oils, nei",fish_oil,NA,NA,NA,NA,NA,NA,NA,NA,NA,NA,NA,NA,NA,NA,NA,NA,NA,NA,NA,NA,NA,NA,NA,3,8,0,0,0,0,0,37,0,0,0,62,0,0,0,0,0,0,0,0,6,2.2156739292230867,89,89
Israel,79,"Fish liver oils, nei",fish_oil,NA,NA,NA,NA,NA,NA,NA,NA,NA,NA,NA,NA,NA,NA,NA,NA,NA,NA,NA,NA,NA,NA,NA,NA,NA,NA,NA,5,0,0,0,0,0,28,6.175031800788304,0,0,0,0,0,0,3,0,1,0,0,0
Israel,79,Ornamental saltwater fish,ornamentals,NA,NA,NA,NA,NA,NA,NA,NA,NA,NA,NA,NA,NA,NA,NA,NA,NA,NA,NA,NA,NA,NA,NA,NA,NA,NA,NA,NA,NA,NA,NA,NA,NA,NA,NA,NA,27,73,0,14,53,71,99,93,0,0,0
Israel,79,Z_TOTAL,fish_oil,NA,NA,NA,NA,NA,NA,NA,NA,NA,NA,NA,NA,NA,NA,NA,NA,NA,NA,NA,NA,NA,NA,NA,3,8,0,0,5,0,0,37,0,0,28,68.1750318007883,0,0,0,0,0,0,3,0,7,2.2156739292230867,89,89
Israel,79,Z_TOTAL,ornamentals,NA,NA,NA,NA,NA,NA,NA,NA,NA,NA,NA,NA,NA,NA,NA,NA,NA,NA,NA,NA,NA,NA,NA,NA,NA,NA,NA,NA,NA,NA,NA,NA,NA,NA,NA,NA,27,73,0,14,53,71,99,93,0,0,0
Israel,79,Z_TOTAL,seaweeds,NA,NA,NA,NA,NA,NA,NA,NA,NA,NA,NA,NA,NA,NA,NA,NA,NA,NA,NA,NA,NA,5,0,0,0,23,34,24,6,38,26,8,0,4,4,6,4,3,2,0,4,1,0,0,0,0,0
Italy,184,Agar agar nei,seaweeds,92,198.2090456053391,186.48730171083812,652.2554406606243,485.34948484173015,378.1297643783717,378.3452675549779,820.2389123625499,1095.011098174621,0,534.3914921857961,892.7244074956177,0,702.1594607111152,0,0,0,0,0,0,0,0,0,0,0,0,0,0,0,0,0,0,0,0,0,0,0,0,0,0,0,0,0,0,0,0,0
Italy,184,"Fish body oils, nei",fish_oil,14,6,0,0,8,7,6,11,28,15,11,11,0,0,0,76,0,0,40,39,18,34,19,23,52,0,90,41.122229734706366,51.78087913614718,42.23060833166386,37.17120868405266,31.363330510296066,27.800887914975533,0,27.412309459642472,76.24336369449554,0,0,0,0,0,0,0,0,0,0,0
Italy,184,"Fish liver oils, nei",fish_oil,20,9,14,4,14,5,5,9,0,0,2,38,14,45,72,0,37.293351176681426,0,71.8351266628465,33,98,82.86032474677563,60,59.95496622544988,19,14,6,14,7,29,21,44,0,54,37,54,78,35,147.03012048192767,101.63975903614457,51,24,30,0,0,0,0
Italy,184,Ornamental saltwater fish,ornamentals,NA,NA,NA,NA,NA,NA,NA,NA,NA,NA,NA,NA,171.201116239305,16.83063477125087,59.14238024479221,74.22120198795878,61,170.94821459298578,89.19886307259766,19.55303321015387,0,0,0,0,0,0,0,0,0,288.35058680677685,0,297.32706739170743,0,0,272.9682830880272,82.28723664614007,145.78014502108397,106.39311930350104,127.5237018756398,100.2401978160012,284.7683227703884,0,121.26961972961222,0,0,45.47086837966863,45.47086837966863
Italy,184,Other seaweeds and aquatic plants and products thereof,seaweeds,NA,NA,NA,NA,NA,NA,NA,NA,NA,NA,NA,NA,NA,NA,NA,86,54,35,32.40698231324254,95,98,85,66,60,86.79311846259006,164.60788367176923,0,0,0,0,0,0,0,113.37199533918101,99.51954830264293,99.41718310296247,0,0,0,0,0,0,0,0,0,0,0
Italy,184,"Seaweeds and other algae, fit for human consumption, nei",seaweeds,NA,NA,NA,NA,NA,NA,NA,NA,NA,NA,NA,NA,NA,NA,NA,NA,NA,NA,NA,NA,NA,NA,NA,NA,NA,NA,NA,NA,NA,NA,NA,NA,NA,NA,NA,NA,168.64300679292307,330.6684294068864,476.442745968945,329.6971535967182,296.7093035878245,231.2192414751213,458.2490882967037,0,0,0,0
Italy,184,"Seaweeds and other algae, unfit for human consumption, nei",seaweeds,NA,NA,NA,NA,NA,NA,NA,NA,NA,NA,NA,NA,NA,NA,NA,NA,NA,NA,NA,NA,NA,NA,NA,NA,NA,NA,NA,NA,NA,NA,NA,NA,NA,NA,NA,NA,65,62,84.98557075759709,131.73835273294753,0,0,0,0,0,0,0
Italy,184,Z_TOTAL,fish_oil,34,15,14,4,22,12,11,20,28,15,13,49,14,45,72,76,37.293351176681426,0,111.8351266628465,72,116,116.86032474677563,79,82.95496622544988,71,14,96,55.122229734706366,58.78087913614718,71.23060833166386,58.17120868405266,75.36333051029607,27.800887914975533,54,64.41230945964247,130.24336369449554,78,35,147.03012048192767,101.63975903614457,51,24,30,0,0,0,0
Italy,184,Z_TOTAL,ornamentals,NA,NA,NA,NA,NA,NA,NA,NA,NA,NA,NA,NA,171.201116239305,16.83063477125087,59.14238024479221,74.22120198795878,61,170.94821459298578,89.19886307259766,19.55303321015387,0,0,0,0,0,0,0,0,0,288.35058680677685,0,297.32706739170743,0,0,272.9682830880272,82.28723664614007,145.78014502108397,106.39311930350104,127.5237018756398,100.2401978160012,284.7683227703884,0,121.26961972961222,0,0,45.47086837966863,45.47086837966863
Italy,184,Z_TOTAL,seaweeds,92,198.2090456053391,186.48730171083812,652.2554406606243,485.34948484173015,378.1297643783717,378.3452675549779,820.2389123625499,1095.011098174621,0,534.3914921857961,892.7244074956177,0,702.1594607111152,0,86,54,35,32.40698231324254,95,98,85,66,60,86.79311846259006,164.60788367176923,0,0,0,0,0,0,0,113.37199533918101,99.51954830264293,99.41718310296247,233.64300679292307,392.6684294068864,561.4283167265421,461.4355063296657,296.7093035878245,231.2192414751213,458.2490882967037,0,0,0,0
Ivory Coast,195,"Fish liver oils, nei",fish_oil,NA,NA,NA,NA,NA,NA,NA,NA,NA,NA,NA,NA,NA,NA,NA,NA,NA,NA,NA,NA,66,65,0,35,0,30,27,37,0,27,80,90,50,60,0,0,0,0,0,0,0,0,70,0,0,0,0
Ivory Coast,195,"Oils and fats of aquatic animals, nei",fish_oil,63,12,0,95,0,0,0,0,89,67,0,0,0,0,0,0,0,0,1,57,0,0,0,0,0,0,0,0,0,0,0,0,0,0,0,0,0,0,0,0,0,0,0,0,0,0,0
Ivory Coast,195,Ornamental fish nei,ornamentals,NA,NA,NA,NA,NA,NA,NA,NA,NA,NA,NA,NA,NA,NA,NA,NA,NA,NA,NA,NA,3,57,83,0,0,0,0,0,0,0,1,2,0,1,0,0,0,0,0,0,0,0,0,0,0,0,0
Ivory Coast,195,Z_TOTAL,fish_oil,63,12,0,95,0,0,0,0,89,67,0,0,0,0,0,0,0,0,1,57,66,65,0,35,0,30,27,37,0,27,80,90,50,60,0,0,0,0,0,0,0,0,70,0,0,0,0
Ivory Coast,195,Z_TOTAL,ornamentals,NA,NA,NA,NA,NA,NA,NA,NA,NA,NA,NA,NA,NA,NA,NA,NA,NA,NA,NA,NA,3,57,83,0,0,0,0,0,0,0,1,2,0,1,0,0,0,0,0,0,0,0,0,0,0,0,0
Jamaica,166,Ornamental fish nei,ornamentals,18,97,57,42,6,0,28,59,31,49,72,0,0,0,0,58,0,0,0,0,0,0,86,19,49,50,27,18,3,1,9,1,1,0,1,0,0,3,7,1,0,0,0,0,0,0,0
Jamaica,166,Other seaweeds and aquatic plants and products thereof,seaweeds,NA,NA,NA,NA,NA,NA,NA,NA,NA,NA,NA,NA,NA,NA,NA,26,14,44,0,0,53,31,0,0,0,0,0,0,0,0,0,5,0,13,22,0,1,0,0,0,0,0,0,0,0,0,0
Jamaica,166,Z_TOTAL,ornamentals,18,97,57,42,6,0,28,59,31,49,72,0,0,0,0,58,0,0,0,0,0,0,86,19,49,50,27,18,3,1,9,1,1,0,1,0,0,3,7,1,0,0,0,0,0,0,0
Jamaica,166,Z_TOTAL,seaweeds,NA,NA,NA,NA,NA,NA,NA,NA,NA,NA,NA,NA,NA,NA,NA,26,14,44,0,0,53,31,0,0,0,0,0,0,0,0,0,5,0,13,22,0,1,0,0,0,0,0,0,0,0,0,0
Japan,210,Agar agar nei,seaweeds,NA,NA,NA,NA,NA,NA,NA,NA,NA,NA,NA,NA,NA,NA,NA,NA,NA,NA,1222.6996295479385,0,1142.9972038037126,0,1209.3378424936532,731.3574363190407,678.2295812256399,664.9316527961026,532.1439443749746,585.2292270518766,996.7838497035514,837.44285683984765,1195.8909106063709,771.0170733169097,704.612576002221,664.7613631301081,691.2933613644344,492.122441836867,385.88801785831475,412.42001609264116,359.2921609992403,279.6110214632638,478.73936857433256,279.5684490467652,385.7603006088188,0,0,0,0
Japan,210,"Fish liver oils, nei",fish_oil,NA,NA,NA,NA,NA,NA,52.65593576559792,0,51.6929218138165,48.46543312389758,0,0,0,0,0,0,0,0,0,0,0,0,0,0,0,35.76862748414061,30.54406118401937,13.337029222683952,42.56205169855326,20.86159511426257,12.641412398837758,16.90296474717769,15.173284264910478,9.948717964789239,0,22.465977881873698,22.733375009808924,8.521959463777023,11.285703604465198,10.055292524748609,6.8278038348296946,9.591547975517813,3.3684428702953824,0,0,0,0
Japan,210,Ornamental fish nei,ornamentals,NA,NA,NA,NA,NA,NA,NA,NA,NA,NA,NA,NA,106.28812582548017,112.86836994450596,144.88178862642746,179.2073140867941,181.16334464892986,187.74358876795566,215.13279389298702,0,0,0,0,211.04030603299464,219.93265693046544,224.20079427104622,0,0,0,0,0,0,0,0,0,0,0,0,0,0,0,0,0,0,0,0,0
Japan,210,Ornamental saltwater fish,ornamentals,NA,NA,NA,NA,NA,NA,NA,NA,NA,NA,NA,NA,NA,NA,NA,NA,NA,NA,NA,NA,NA,NA,NA,NA,NA,NA,NA,NA,NA,NA,NA,NA,NA,NA,NA,NA,22.738665350564474,30.430094460765986,75.21199979213463,30.976762192701926,68.34057227983715,31.523429924637867,24.378668546372296,0,0,0,0
Japan,210,Z_TOTAL,fish_oil,NA,NA,NA,NA,NA,NA,52.65593576559792,0,51.6929218138165,48.46543312389758,0,0,0,0,0,0,0,0,0,0,0,0,0,0,0,35.76862748414061,30.54406118401937,13.337029222683952,42.56205169855326,20.86159511426257,12.641412398837758,16.90296474717769,15.173284264910478,9.948717964789239,0,22.465977881873698,22.733375009808924,8.521959463777023,11.285703604465198,10.055292524748609,6.8278038348296946,9.591547975517813,3.3684428702953824,0,0,0,0
Japan,210,Z_TOTAL,ornamentals,NA,NA,NA,NA,NA,NA,NA,NA,NA,NA,NA,NA,106.28812582548017,112.86836994450596,144.88178862642746,179.2073140867941,181.16334464892986,187.74358876795566,215.13279389298702,0,0,0,0,211.04030603299464,219.93265693046544,224.20079427104622,0,0,0,0,0,0,0,0,0,0,22.738665350564474,30.430094460765986,75.21199979213463,30.976762192701926,68.34057227983715,31.523429924637867,24.378668546372296,0,0,0,0
Japan,210,Z_TOTAL,seaweeds,NA,NA,NA,NA,NA,NA,NA,NA,NA,NA,NA,NA,NA,NA,NA,NA,NA,NA,1222.6996295479385,0,1142.9972038037126,0,1209.3378424936532,731.3574363190407,678.2295812256399,664.9316527961026,532.1439443749746,585.2292270518766,996.7838497035514,837.44285683984765,1195.8909106063709,771.0170733169097,704.612576002221,664.7613631301081,691.2933613644344,492.122441836867,385.88801785831475,412.42001609264116,359.2921609992403,279.6110214632638,478.73936857433256,279.5684490467652,385.7603006088188,0,0,0,0
Kenya,43,Agar agar nei,seaweeds,NA,NA,NA,NA,NA,NA,NA,NA,NA,NA,NA,NA,NA,NA,NA,NA,NA,NA,NA,NA,NA,NA,NA,NA,NA,NA,NA,NA,NA,18,0,0,0,0,0,1,0,1,0,1,0,0,0,0,0,0,0
Kenya,43,"Fish body oils, nei",fish_oil,NA,NA,NA,0,0,0,0,0,0,7,0,0,0,0,0,0,0,0,0,0,0,0,0,0,0,0,0,24,0,0,0,1,38,21,3,0,0,0,0,0,0,26,1,0,0,0,0
Kenya,43,"Fish liver oils, nei",fish_oil,NA,NA,NA,0,0,0,0,0,0,0,0,0,0,0,0,0,0,0,0,0,0,8,0,0,25,0,0,0,0,0,0,86,9,0,0,3,4,4,0,0,0,0,0,0,0,0,0
Kenya,43,Ornamental fish nei,ornamentals,NA,NA,NA,NA,NA,NA,NA,NA,NA,NA,NA,NA,NA,NA,NA,NA,NA,NA,NA,NA,NA,NA,NA,NA,NA,NA,NA,95.31732585306827,105.17033633116807,50,89,15,78,0,43,36,16,0,0,0,0,0,0,0,0,0,0
Kenya,43,Ornamental saltwater fish,ornamentals,NA,NA,NA,NA,NA,NA,NA,NA,NA,NA,NA,NA,NA,NA,NA,NA,NA,NA,NA,NA,NA,NA,NA,NA,NA,NA,NA,NA,NA,NA,NA,NA,NA,NA,NA,NA,NA,16,17,8,15,21,26,0,0,0,0
Kenya,43,Other seaweeds and aquatic plants and products thereof,seaweeds,NA,NA,NA,NA,NA,NA,NA,NA,NA,NA,NA,NA,NA,NA,NA,NA,NA,NA,NA,NA,NA,NA,NA,NA,NA,NA,NA,0,0,0,1,1,0,0,0,6,0,28,6,5,0,0,7,0,0,0,0
Kenya,43,Z_TOTAL,fish_oil,NA,NA,NA,0,0,0,0,0,0,7,0,0,0,0,0,0,0,0,0,0,0,8,0,0,25,0,0,24,0,0,0,87,47,21,3,3,4,4,0,0,0,26,1,0,0,0,0
Kenya,43,Z_TOTAL,ornamentals,NA,NA,NA,NA,NA,NA,NA,NA,NA,NA,NA,NA,NA,NA,NA,NA,NA,NA,NA,NA,NA,NA,NA,NA,NA,NA,NA,95.31732585306827,105.17033633116807,50,89,15,78,0,43,36,16,16,17,8,15,21,26,0,0,0,0
Kenya,43,Z_TOTAL,seaweeds,NA,NA,NA,NA,NA,NA,NA,NA,NA,NA,NA,NA,NA,NA,NA,NA,NA,NA,NA,NA,NA,NA,NA,NA,NA,NA,NA,0,0,18,1,1,0,0,0,7,0,29,6,6,0,0,7,0,0,0,0
Kiribati,212,Other seaweeds and aquatic plants and products thereof,seaweeds,NA,NA,NA,NA,NA,NA,NA,NA,NA,NA,NA,39,12,67,0,0,0,0,0,0,0,0,0,0,0,0,0,0,0,55,0,30,0,0,43,4,0,0,0,0,0,0,0,0,0,0,0
Kiribati,212,Z_TOTAL,seaweeds,NA,NA,NA,NA,NA,NA,NA,NA,NA,NA,NA,39,12,67,0,0,0,0,0,0,0,0,0,0,0,0,0,0,0,55,0,30,0,0,43,4,0,0,0,0,0,0,0,0,0,0,0
Kuwait,51,"Oils and fats of aquatic animals, nei",fish_oil,3,7,0,7,0,4,76,3,3,0,0,7,0,0,0,0,0,3,0,0,0,0,0,0,0,0,0,0,0,0,0,0,0,0,0,0,0,0,0,0,0,0,0,0,0,0,0
Kuwait,51,Z_TOTAL,fish_oil,3,7,0,7,0,4,76,3,3,0,0,7,0,0,0,0,0,3,0,0,0,0,0,0,0,0,0,0,0,0,0,0,0,0,0,0,0,0,0,0,0,0,0,0,0,0,0
Latvia,69,Agar agar nei,seaweeds,NA,NA,NA,NA,NA,NA,NA,NA,NA,NA,NA,NA,NA,NA,NA,NA,NA,NA,18,8,16,0,0,0,0,5,5,0,1,2,0,0,0,6,8,39,90.62261933794653,376.57381009156813,349.36839571340084,437.894770188286,104.34050296380352,70.32733630016257,145.23820620410035,0,0,0,0
Latvia,69,"Fish body oils, nei",fish_oil,NA,NA,NA,NA,NA,NA,NA,NA,NA,NA,NA,NA,NA,NA,NA,NA,NA,73,60,0,53,55,24,0,0,0,0,0,0,0,0,0,0,0,0,0,0,0,0,0,0,0,0,0,0,0,0
Latvia,69,"Fish liver oils, nei",fish_oil,NA,NA,NA,NA,NA,NA,NA,NA,NA,NA,NA,NA,NA,NA,NA,NA,NA,5,3,0,0,0,10,0,0,0,0,0,0,1,0,10,6,29,52,15,39,51,39,9,10,8,35,0,0,0,0
Latvia,69,Other seaweeds and aquatic plants and products thereof,seaweeds,NA,NA,NA,NA,NA,NA,NA,NA,NA,NA,NA,NA,NA,NA,NA,NA,NA,NA,NA,NA,NA,10.754881046229912,7,12,21,35,44,26,31,20,24,47,11.94860282964305,11.494646802175794,47.13291294043461,63.17825847444203,0,0,0,0,0,0,0,0,0,0,0
Latvia,69,"Seaweeds and other algae, fit for human consumption, nei",seaweeds,NA,NA,NA,NA,NA,NA,NA,NA,NA,NA,NA,NA,NA,NA,NA,NA,NA,NA,NA,NA,NA,NA,NA,NA,NA,NA,NA,NA,NA,NA,NA,NA,NA,NA,NA,NA,342.24634893745633,358.4771319669617,302.40543383848535,372.8630777364765,389.09386076598184,314.9465423480101,0,0,0,0,0
Latvia,69,"Seaweeds and other algae, unfit for human consumption, nei",seaweeds,NA,NA,NA,NA,NA,NA,NA,NA,NA,NA,NA,NA,NA,NA,NA,NA,NA,NA,NA,NA,NA,NA,NA,NA,NA,NA,NA,NA,NA,NA,NA,NA,NA,NA,NA,NA,5,0,0,0,11,8,22,0,0,0,0
Latvia,69,Z_TOTAL,fish_oil,NA,NA,NA,NA,NA,NA,NA,NA,NA,NA,NA,NA,NA,NA,NA,NA,NA,78,63,0,53,55,34,0,0,0,0,0,0,1,0,10,6,29,52,15,39,51,39,9,10,8,35,0,0,0,0
Latvia,69,Z_TOTAL,seaweeds,NA,NA,NA,NA,NA,NA,NA,NA,NA,NA,NA,NA,NA,NA,NA,NA,NA,NA,18,8,16,10.754881046229912,7,12,21,40,49,26,32,22,24,47,11.94860282964305,17.494646802175794,55.13291294043461,102.17825847444203,437.86896827540284,735.0509420585298,651.7738295518861,810.7578479247625,504.43436372978533,393.2738786481727,167.23820620410035,0,0,0,0
Lebanon,78,"Fish body oils, nei",fish_oil,NA,NA,NA,NA,NA,NA,NA,NA,NA,NA,NA,NA,NA,NA,NA,NA,NA,NA,NA,NA,NA,NA,NA,1,0,0,0,0,0,0,0,1,0,0,1,0,1,0,0,0,0,1,0,0,0,0,0
Lebanon,78,Ornamental saltwater fish,ornamentals,NA,NA,NA,NA,NA,NA,NA,NA,NA,NA,NA,NA,NA,NA,NA,NA,NA,NA,NA,NA,NA,NA,NA,NA,NA,NA,NA,NA,NA,NA,NA,NA,NA,NA,NA,NA,4,9,0,4,8,3,1,0,0,0,0
Lebanon,78,Other seaweeds and aquatic plants and products thereof,seaweeds,NA,NA,NA,NA,NA,NA,NA,NA,NA,NA,NA,NA,NA,NA,NA,NA,NA,NA,NA,NA,NA,NA,NA,NA,NA,NA,NA,NA,21,3,6,3,16,18,11,1,0,0,0,0,0,0,0,0,0,0,0
Lebanon,78,"Seaweeds and other algae, fit for human consumption, nei",seaweeds,NA,NA,NA,NA,NA,NA,NA,NA,NA,NA,NA,NA,NA,NA,NA,NA,NA,NA,NA,NA,NA,NA,NA,NA,NA,NA,NA,NA,NA,NA,NA,NA,NA,NA,NA,NA,9,7,7,4,18,25,13,0,0,0,0
Lebanon,78,"Seaweeds and other algae, unfit for human consumption, nei",seaweeds,NA,NA,NA,NA,NA,NA,NA,NA,NA,NA,NA,NA,NA,NA,NA,NA,NA,NA,NA,NA,NA,NA,NA,NA,NA,NA,NA,NA,NA,NA,NA,NA,NA,NA,NA,NA,3,0,0,0,4,7,21,0,0,0,0
Lebanon,78,Z_TOTAL,fish_oil,NA,NA,NA,NA,NA,NA,NA,NA,NA,NA,NA,NA,NA,NA,NA,NA,NA,NA,NA,NA,NA,NA,NA,1,0,0,0,0,0,0,0,1,0,0,1,0,1,0,0,0,0,1,0,0,0,0,0
Lebanon,78,Z_TOTAL,ornamentals,NA,NA,NA,NA,NA,NA,NA,NA,NA,NA,NA,NA,NA,NA,NA,NA,NA,NA,NA,NA,NA,NA,NA,NA,NA,NA,NA,NA,NA,NA,NA,NA,NA,NA,NA,NA,4,9,0,4,8,3,1,0,0,0,0
Lebanon,78,Z_TOTAL,seaweeds,NA,NA,NA,NA,NA,NA,NA,NA,NA,NA,NA,NA,NA,NA,NA,NA,NA,NA,NA,NA,NA,NA,NA,NA,NA,NA,NA,NA,21,3,6,3,16,18,11,1,12,7,7,4,22,32,34,0,0,0,0
Liberia,97,Ornamental fish nei,ornamentals,NA,NA,NA,NA,NA,NA,NA,NA,NA,NA,NA,NA,NA,NA,NA,NA,NA,NA,NA,NA,NA,NA,NA,NA,1,0,0,1,3.572883877225479,3,2,0,0,0,0,0,2,0,0,0,0,0,0,0,0,0,0
Liberia,97,Z_TOTAL,ornamentals,NA,NA,NA,NA,NA,NA,NA,NA,NA,NA,NA,NA,NA,NA,NA,NA,NA,NA,NA,NA,NA,NA,NA,NA,1,0,0,1,3.572883877225479,3,2,0,0,0,0,0,2,0,0,0,0,0,0,0,0,0,0
Libya,67,Ornamental fish nei,ornamentals,NA,NA,NA,NA,NA,NA,NA,NA,NA,NA,NA,NA,NA,NA,NA,NA,NA,NA,NA,NA,NA,6,0,5.011777487728352,17.39065187350394,6.439863782133614,6.256612218676821,0,0,3,0,0,0,0,0,0,0,0,0,0,0,0,0,0,0,0,0
Libya,67,Z_TOTAL,ornamentals,NA,NA,NA,NA,NA,NA,NA,NA,NA,NA,NA,NA,NA,NA,NA,NA,NA,NA,NA,NA,NA,6,0,5.011777487728352,17.39065187350394,6.439863782133614,6.256612218676821,0,0,3,0,0,0,0,0,0,0,0,0,0,0,0,0,0,0,0,0
Lithuania,189,Agar agar nei,seaweeds,NA,NA,NA,NA,NA,NA,NA,NA,NA,NA,NA,NA,NA,NA,NA,NA,NA,NA,NA,NA,9,2,8,34,6,9,14,7,19,34,185.77758275221345,60,71,64,84,192.71330885632418,90,97.45596638714761,131.52032257824337,220.0466970531285,274.53431010064526,77.13508858563624,152.04595848957402,0,0,0,0
Lithuania,189,"Fish body oils, nei",fish_oil,NA,NA,NA,NA,NA,NA,NA,NA,NA,NA,NA,NA,NA,NA,NA,NA,NA,NA,3,0,29,3,0,0,8,17,0,0,0,0,77,86,0,0,0,89,34,0,0,0,0,0,0,0,0,0,0
Lithuania,189,"Fish liver oils, nei",fish_oil,NA,NA,NA,NA,NA,NA,NA,NA,NA,NA,NA,NA,NA,NA,NA,NA,NA,NA,43,54,0,0,10,0,7,14,0,0,0,0,1,33,17.524229838080984,18.97515476818691,14.19290068773445,13.566099280987572,15.709599656711077,15.775373695581806,17.918874071305325,17.29207266455846,18.05042214904678,16.73104529668231,16.104243889935447,0,0,0,0
Lithuania,189,Other seaweeds and aquatic plants and products thereof,seaweeds,NA,NA,NA,NA,NA,NA,NA,NA,NA,NA,NA,NA,NA,NA,NA,NA,NA,NA,NA,NA,NA,NA,NA,NA,NA,17,61,87,1,9,67,12,72,37.274805491980146,90.44357953930592,82.77117907869331,0,0,0,0,0,0,0,0,0,0,0
Lithuania,189,"Seaweeds and other algae, fit for human consumption, nei",seaweeds,NA,NA,NA,NA,NA,NA,NA,NA,NA,NA,NA,NA,NA,NA,NA,NA,NA,NA,NA,NA,NA,NA,NA,NA,NA,NA,NA,NA,NA,NA,NA,NA,NA,NA,NA,NA,257.8934542531447,1,254.20377973316454,318.63621686799024,334.8669998974956,0,0,0,0,0,0
Lithuania,189,"Seaweeds and other algae, unfit for human consumption, nei",seaweeds,NA,NA,NA,NA,NA,NA,NA,NA,NA,NA,NA,NA,NA,NA,NA,NA,NA,NA,NA,NA,NA,NA,NA,NA,NA,NA,NA,NA,NA,NA,NA,NA,NA,NA,NA,NA,40.67351735173517,1,69,88,54,17,63,0,0,0,0
Lithuania,189,Z_TOTAL,fish_oil,NA,NA,NA,NA,NA,NA,NA,NA,NA,NA,NA,NA,NA,NA,NA,NA,NA,NA,46,54,29,3,10,0,15,31,0,0,0,0,78,119,17.524229838080984,18.97515476818691,14.19290068773445,102.56609928098757,49.70959965671108,15.775373695581806,17.918874071305325,17.29207266455846,18.05042214904678,16.73104529668231,16.104243889935447,0,0,0,0
Lithuania,189,Z_TOTAL,seaweeds,NA,NA,NA,NA,NA,NA,NA,NA,NA,NA,NA,NA,NA,NA,NA,NA,NA,NA,NA,NA,9,2,8,34,6,26,75,94,20,43,252.77758275221345,72,143,101.27480549198015,174.44357953930592,275.48448793501746,388.5669716048799,99.45596638714761,454.72410231140793,626.6829139211187,663.4013099981408,94.13508858563624,215.04595848957402,0,0,0,0
Madagascar,42,"Fish liver oils, nei",fish_oil,NA,NA,NA,NA,NA,NA,NA,NA,NA,NA,NA,NA,NA,NA,NA,NA,NA,NA,NA,NA,NA,NA,NA,NA,6,28,29,14,0,0,0,0,0,0,0,0,0,0,0,0,0,0,0,0,0,0,0
Madagascar,42,Ornamental fish nei,ornamentals,NA,NA,NA,NA,NA,NA,NA,NA,NA,NA,NA,NA,NA,NA,NA,NA,NA,NA,NA,NA,NA,NA,NA,NA,0,3,3,0,0,0,1,0,0,0,11,6,0,0,0,0,0,0,0,0,0,0,0
Madagascar,42,Ornamental saltwater fish,ornamentals,NA,NA,NA,NA,NA,NA,NA,NA,NA,NA,NA,NA,NA,NA,NA,NA,NA,NA,NA,NA,NA,NA,NA,NA,NA,NA,NA,NA,NA,NA,NA,NA,NA,NA,NA,NA,8,23,18,27,6,30,8,0,0,0,0
Madagascar,42,Other seaweeds and aquatic plants and products thereof,seaweeds,NA,NA,NA,NA,NA,NA,NA,NA,NA,NA,NA,NA,NA,NA,60,0,0,0,0,0,0,0,0,32,99,0,94,58,50,0,0,0,0,0,0,0,0,0,0,0,0,0,0,0,0,0,0
Madagascar,42,"Seaweeds and other algae, fit for human consumption, nei",seaweeds,NA,NA,NA,NA,NA,NA,NA,NA,NA,NA,NA,74,88,41,49,90,0,0,0,0,0,0,0,0,0,0,0,0,0,0,0,0,0,0,0,0,0,0,0,0,0,0,0,0,0,0,0
Madagascar,42,Shark oil,fish_oil,NA,NA,NA,NA,NA,NA,NA,NA,NA,NA,NA,NA,NA,NA,NA,NA,46,34.821716077179815,25,2,0,0,0,0,0,0,0,0,0,0,0,0,0,0,0,0,0,0,0,0,0,0,0,0,0,0,0
Madagascar,42,Z_TOTAL,fish_oil,NA,NA,NA,NA,NA,NA,NA,NA,NA,NA,NA,NA,NA,NA,NA,NA,46,34.821716077179815,25,2,0,0,0,0,6,28,29,14,0,0,0,0,0,0,0,0,0,0,0,0,0,0,0,0,0,0,0
Madagascar,42,Z_TOTAL,ornamentals,NA,NA,NA,NA,NA,NA,NA,NA,NA,NA,NA,NA,NA,NA,NA,NA,NA,NA,NA,NA,NA,NA,NA,NA,0,3,3,0,0,0,1,0,0,0,11,6,8,23,18,27,6,30,8,0,0,0,0
Madagascar,42,Z_TOTAL,seaweeds,NA,NA,NA,NA,NA,NA,NA,NA,NA,NA,NA,74,88,41,109,90,0,0,0,0,0,0,0,32,99,0,94,58,50,0,0,0,0,0,0,0,0,0,0,0,0,0,0,0,0,0,0
Malaysia,206,Agar agar nei,seaweeds,NA,NA,NA,NA,NA,NA,NA,NA,NA,NA,NA,NA,NA,NA,NA,NA,NA,NA,23.965445168844553,54,38,0,23,27,31,39,51,24,20,32,59,222.00543111926322,0,0,0,76.45260162811473,221.9477005366632,62.213342927108215,48.82187542897282,0,176.74428140763075,75.54707984264337,85,0,0,0,0
Malaysia,206,"Fish body oils, nei",fish_oil,0,4,0,0,0,0,0,0,0,0,32,31,28,23,1,8,12,13,1,0,11,69,0,3,19,0,0,103.9767973041733,24,30.89334368076628,84.63993184043723,32.64344841201196,40.839174964503016,26.2594707134041,82,27,59,0,0,119.35787514955958,0,0,0,0,0,0,0
Malaysia,206,"Fish liver oils, nei",fish_oil,NA,NA,NA,NA,NA,0,1,3,8,2,2,6,0,13,10,23,8,26,35,47,0,114.24006231125884,64,50.77437393079276,59,60,93,67,0,58.97656509571016,46,44,0,0,0,0,183.36098317353594,117.49389180565481,55.764284944155406,58.16568793157046,70.91080218493937,54.69352489363723,16,0,0,0,0
Malaysia,206,Ornamental fish nei,ornamentals,89,0,0,0,99,0,94,0,67,0,0,0,0,0,0,0,0,0,0,0,0,0,0,0,0,0,0,0,0,0,0,0,0,0,0,0,0,0,0,0,0,0,0,0,0,0,0
Malaysia,206,Ornamental saltwater fish,ornamentals,NA,NA,NA,NA,NA,NA,NA,NA,NA,NA,NA,NA,NA,NA,NA,NA,NA,NA,NA,NA,NA,NA,NA,NA,NA,NA,NA,NA,NA,5,12,31,57,0,99,43,50,0,0,0,0,0,0,0,0,0,0
Malaysia,206,"Seaweeds and other algae, unfit for human consumption, nei",seaweeds,NA,NA,NA,NA,NA,NA,NA,NA,NA,NA,NA,NA,NA,NA,NA,NA,NA,NA,NA,NA,NA,NA,NA,NA,NA,NA,NA,NA,3,0,2,7,0,0,0,0,0,0,68,0,19,23,57,0,0,0,0
Malaysia,206,Z_TOTAL,fish_oil,0,4,0,0,0,0,1,3,8,2,34,37,28,36,11,31,20,39,36,47,11,183.24006231125884,64,53.77437393079276,78,60,93,170.97679730417332,24,89.86990877647644,130.6399318404372,76.64344841201196,40.839174964503016,26.2594707134041,82,27,242.36098317353594,117.49389180565481,55.764284944155406,177.52356308113002,70.91080218493937,54.69352489363723,16,0,0,0,0
Malaysia,206,Z_TOTAL,ornamentals,89,0,0,0,99,0,94,0,67,0,0,0,0,0,0,0,0,0,0,0,0,0,0,0,0,0,0,0,0,5,12,31,57,0,99,43,50,0,0,0,0,0,0,0,0,0,0
Malaysia,206,Z_TOTAL,seaweeds,NA,NA,NA,NA,NA,NA,NA,NA,NA,NA,NA,NA,NA,NA,NA,NA,NA,NA,23.965445168844553,54,38,0,23,27,31,39,51,24,23,32,61,229.00543111926322,0,0,0,76.45260162811473,221.9477005366632,62.213342927108215,116.82187542897282,0,195.74428140763075,98.54707984264337,142,0,0,0,0
Maldives,39,"Fish liver oils, nei",fish_oil,NA,NA,NA,NA,NA,NA,NA,NA,NA,NA,NA,NA,NA,NA,NA,NA,NA,NA,NA,NA,NA,NA,NA,NA,NA,5,20,19,0,0,24,5,11,71,0,0,0,0,0,0,0,0,0,0,0,0,0
Maldives,39,Ornamental saltwater fish,ornamentals,NA,NA,NA,NA,40,54,61,52,42,78,0,99,0,0,0,0,0,0,0,0,0,0,0,0,0,0,0,0,0,0,0,0,0,0,0,0,0,0,0,0,0,0,0,0,0,0,0
Maldives,39,Shark liver oil,fish_oil,NA,NA,NA,NA,15,88,274.9316207943396,205.1048117946026,257.56160652085975,173.75952852386632,107.4265367734434,124.9451590065594,73,80,76.18032547579787,118.1556684541127,82,18,12,0,18,2,0,0,0,0,0,0,0,0,0,0,0,0,0,0,0,0,0,0,0,0,0,0,0,0,0
Maldives,39,Z_TOTAL,fish_oil,NA,NA,NA,NA,15,88,274.9316207943396,205.1048117946026,257.56160652085975,173.75952852386632,107.4265367734434,124.9451590065594,73,80,76.18032547579787,118.1556684541127,82,18,12,0,18,2,0,0,0,5,20,19,0,0,24,5,11,71,0,0,0,0,0,0,0,0,0,0,0,0,0
Maldives,39,Z_TOTAL,ornamentals,NA,NA,NA,NA,40,54,61,52,42,78,0,99,0,0,0,0,0,0,0,0,0,0,0,0,0,0,0,0,0,0,0,0,0,0,0,0,0,0,0,0,0,0,0,0,0,0,0
Mauritania,64,Cod liver oil,fish_oil,NA,NA,NA,NA,NA,NA,NA,NA,NA,NA,NA,NA,NA,NA,NA,NA,NA,NA,NA,NA,NA,NA,NA,NA,NA,NA,69,38,17,69,34,76,0,0,0,0,0,0,0,0,0,0,0,0,0,0,0
Mauritania,64,Z_TOTAL,fish_oil,NA,NA,NA,NA,NA,NA,NA,NA,NA,NA,NA,NA,NA,NA,NA,NA,NA,NA,NA,NA,NA,NA,NA,NA,NA,NA,69,38,17,69,34,76,0,0,0,0,0,0,0,0,0,0,0,0,0,0,0
Mauritius,37,Agar agar nei,seaweeds,NA,NA,NA,NA,NA,NA,NA,NA,NA,NA,NA,NA,NA,NA,NA,NA,NA,NA,NA,NA,NA,NA,0,1,0,0,0,1,0,0,0,0,0,0,0,0,0,0,0,0,1,0,2,0,0,0,0
Mauritius,37,"Fish liver oils, nei",fish_oil,NA,NA,NA,NA,NA,NA,NA,NA,NA,NA,NA,NA,NA,NA,NA,NA,NA,NA,NA,NA,NA,NA,NA,NA,0,0,0,0,0,0,0,0,0,93,50,42,0,0,0,0,30,0,0,0,0,0,0
Mauritius,37,Ornamental fish nei,ornamentals,NA,NA,NA,NA,NA,NA,NA,NA,NA,NA,NA,NA,NA,NA,NA,NA,69,72,74,52,83,53,56,55,61,62,87,79,63,96,17.57245483802808,95,13.805747133435489,70,76,38,0,0,0,0,0,0,0,0,0,0,0
Mauritius,37,Ornamental saltwater fish,ornamentals,NA,NA,NA,NA,NA,NA,NA,NA,NA,NA,NA,NA,NA,NA,NA,NA,NA,NA,NA,NA,NA,NA,NA,NA,NA,NA,NA,NA,NA,NA,NA,NA,NA,NA,NA,NA,17,0,0,12,94,77,100.65610859728508,0,12.619909502262443,0,0
Mauritius,37,Z_TOTAL,fish_oil,NA,NA,NA,NA,NA,NA,NA,NA,NA,NA,NA,NA,NA,NA,NA,NA,NA,NA,NA,NA,NA,NA,NA,NA,0,0,0,0,0,0,0,0,0,93,50,42,0,0,0,0,30,0,0,0,0,0,0
Mauritius,37,Z_TOTAL,ornamentals,NA,NA,NA,NA,NA,NA,NA,NA,NA,NA,NA,NA,NA,NA,NA,NA,69,72,74,52,83,53,56,55,61,62,87,79,63,96,17.57245483802808,95,13.805747133435489,70,76,38,17,0,0,12,94,77,100.65610859728508,0,12.619909502262443,0,0
Mauritius,37,Z_TOTAL,seaweeds,NA,NA,NA,NA,NA,NA,NA,NA,NA,NA,NA,NA,NA,NA,NA,NA,NA,NA,NA,NA,NA,NA,0,1,0,0,0,1,0,0,0,0,0,0,0,0,0,0,0,0,1,0,2,0,0,0,0
Mayotte,29,Ornamental fish nei,ornamentals,NA,NA,NA,NA,NA,NA,NA,NA,NA,NA,NA,NA,NA,NA,NA,NA,NA,NA,NA,NA,3,0,0,0,0,4,4,0,0,0,52.222673337294054,28.543214299975716,77,0,0,0,0,0,0,0,0,0,0,0,0,0,0
Mayotte,29,Z_TOTAL,ornamentals,NA,NA,NA,NA,NA,NA,NA,NA,NA,NA,NA,NA,NA,NA,NA,NA,NA,NA,NA,NA,3,0,0,0,0,4,4,0,0,0,52.222673337294054,28.543214299975716,77,0,0,0,0,0,0,0,0,0,0,0,0,0,0
Mexico,135,Agar agar nei,seaweeds,NA,NA,NA,NA,NA,NA,NA,NA,NA,NA,NA,NA,NA,NA,NA,NA,NA,NA,162.87624707190668,489.5672369765187,0,701.0618729201351,633.8967519880098,739.6440699598181,0,922.3199660861121,759.0923790962462,576.652298894832,653.580877049318,730.509455203804,692.1630740890009,624.9979531568758,721.1390245229098,509.88020450417355,711.6899885337225,759.7998268708862,433.2660475828609,577.4383519777654,750.4293961899921,952.2391802195411,0,0,808.3812970578099,0,0,0,0
Mexico,135,Cod liver oil,fish_oil,NA,NA,NA,NA,NA,NA,NA,NA,NA,NA,NA,NA,NA,NA,NA,NA,NA,NA,NA,NA,NA,NA,NA,NA,NA,NA,NA,2,8,0,0,0,13,42,7,15,3,10,7,10,3,7,0,0,0,0,0
Mexico,135,"Fish body oils, nei",fish_oil,NA,NA,NA,NA,NA,NA,NA,19,2,13,94,0,0,0,63,17,0,16,13,28,0,0,0,0,0,0,0,0,0,0,0,0,0,0,0,0,0,0,0,0,0,0,0,0,0,0,0
Mexico,135,"Fish liver oils, nei",fish_oil,NA,NA,NA,NA,NA,NA,NA,NA,NA,NA,NA,NA,NA,NA,1,0,10,0,25.47456217058386,1,1,5,0,0,0,4,7,5,13,2,7,2,5,3,26,0,9,0,0,2,0,0,55,0,0,0,0
Mexico,135,Ornamental fish nei,ornamentals,1,1,0,0,1,0,43,5,1,6,13,7,4,16,0,13,10,22,1,1,4,69,22,20,73,24,66,30,47,79,58,44,63,0,0,0,62,0,0,0,0,0,0,0,0,0,0
Mexico,135,Ornamental saltwater fish,ornamentals,NA,NA,NA,NA,NA,NA,NA,NA,NA,NA,NA,NA,NA,NA,NA,NA,NA,NA,NA,NA,NA,NA,NA,NA,NA,NA,NA,NA,NA,NA,NA,NA,NA,NA,NA,NA,53,80,67,52,62,91,39,0,0,0,0
Mexico,135,Z_TOTAL,fish_oil,NA,NA,NA,NA,NA,NA,NA,19,2,13,94,0,0,0,64,17,10,16,38.47456217058386,29,1,5,0,0,0,4,7,7,21,2,7,2,18,45,33,15,12,10,7,12,3,7,55,0,0,0,0
Mexico,135,Z_TOTAL,ornamentals,1,1,0,0,1,0,43,5,1,6,13,7,4,16,0,13,10,22,1,1,4,69,22,20,73,24,66,30,47,79,58,44,63,0,0,0,115,80,67,52,62,91,39,0,0,0,0
Mexico,135,Z_TOTAL,seaweeds,NA,NA,NA,NA,NA,NA,NA,NA,NA,NA,NA,NA,NA,NA,NA,NA,NA,NA,162.87624707190668,489.5672369765187,0,701.0618729201351,633.8967519880098,739.6440699598181,0,922.3199660861121,759.0923790962462,576.652298894832,653.580877049318,730.509455203804,692.1630740890009,624.9979531568758,721.1390245229098,509.88020450417355,711.6899885337225,759.7998268708862,433.2660475828609,577.4383519777654,750.4293961899921,952.2391802195411,0,0,808.3812970578099,0,0,0,0
Micronesia,9,Ornamental saltwater fish,ornamentals,NA,NA,NA,NA,NA,NA,NA,NA,NA,NA,NA,NA,NA,NA,NA,NA,NA,NA,NA,NA,0,0,4.740212430579803,48.45154786561346,29.808413827232982,3,2,0,0,4,0,0,5,0,0,0,0,0,0,0,0,0,0,0,0,0,0
Micronesia,9,Z_TOTAL,ornamentals,NA,NA,NA,NA,NA,NA,NA,NA,NA,NA,NA,NA,NA,NA,NA,NA,NA,NA,NA,NA,0,0,4.740212430579803,48.45154786561346,29.808413827232982,3,2,0,0,4,0,0,5,0,0,0,0,0,0,0,0,0,0,0,0,0,0
Montenegro,186,"Fish body oils, nei",fish_oil,NA,NA,NA,NA,NA,NA,NA,NA,NA,NA,NA,NA,NA,NA,NA,NA,NA,NA,NA,NA,NA,NA,NA,NA,17,2,0,0,20,0,0,0,0,0,0,0,1,0,0,0,0,0,0,0,0,0,0
Montenegro,186,Other seaweeds and aquatic plants and products thereof,seaweeds,NA,NA,NA,NA,NA,NA,NA,NA,NA,NA,NA,NA,NA,NA,NA,NA,NA,NA,NA,NA,NA,NA,NA,NA,2,1,1,0,12,9,0,0,0,0,0,0,0,0,0,0,0,0,0,0,0,0,0
Montenegro,186,Z_TOTAL,fish_oil,NA,NA,NA,NA,NA,NA,NA,NA,NA,NA,NA,NA,NA,NA,NA,NA,NA,NA,NA,NA,NA,NA,NA,NA,17,2,0,0,20,0,0,0,0,0,0,0,1,0,0,0,0,0,0,0,0,0,0
Montenegro,186,Z_TOTAL,seaweeds,NA,NA,NA,NA,NA,NA,NA,NA,NA,NA,NA,NA,NA,NA,NA,NA,NA,NA,NA,NA,NA,NA,NA,NA,2,1,1,0,12,9,0,0,0,0,0,0,0,0,0,0,0,0,0,0,0,0,0
Mozambique,41,"Fish liver oils, nei",fish_oil,NA,NA,NA,NA,NA,NA,NA,NA,NA,NA,NA,NA,NA,NA,NA,NA,NA,NA,NA,NA,NA,NA,NA,NA,NA,NA,NA,NA,NA,NA,NA,NA,NA,113.42270426485481,0,49.058133131449836,114.69684704630274,0,72.20529443051262,0,0,0,0,0,0,0,0
Mozambique,41,Ornamental fish nei,ornamentals,NA,NA,NA,NA,NA,NA,NA,NA,NA,NA,NA,NA,NA,NA,NA,NA,NA,NA,NA,NA,NA,NA,NA,NA,NA,NA,NA,NA,1,1,0,0,2,0,0,0,0,6,8,0,0,0,0,0,0,0,0
Mozambique,41,Z_TOTAL,fish_oil,NA,NA,NA,NA,NA,NA,NA,NA,NA,NA,NA,NA,NA,NA,NA,NA,NA,NA,NA,NA,NA,NA,NA,NA,NA,NA,NA,NA,NA,NA,NA,NA,NA,113.42270426485481,0,49.058133131449836,114.69684704630274,0,72.20529443051262,0,0,0,0,0,0,0,0
Mozambique,41,Z_TOTAL,ornamentals,NA,NA,NA,NA,NA,NA,NA,NA,NA,NA,NA,NA,NA,NA,NA,NA,NA,NA,NA,NA,NA,NA,NA,NA,NA,NA,NA,NA,1,1,0,0,2,0,0,0,0,6,8,0,0,0,0,0,0,0,0
Namibia,101,"Fish liver oils, nei",fish_oil,NA,NA,NA,NA,NA,NA,NA,NA,NA,NA,NA,NA,NA,NA,NA,NA,NA,NA,NA,NA,NA,0,0,0,40,0,0,0,3,33,18,0,0,0,0,0,0,0,0,0,0,0,0,0,0,0,0
Namibia,101,Ornamental fish nei,ornamentals,NA,NA,NA,NA,NA,NA,NA,NA,NA,NA,NA,NA,NA,NA,NA,NA,NA,NA,NA,NA,NA,NA,NA,NA,5,0,7,19,168.84843226218095,152.12897806681826,0,0,0,0,0,0,0,0,0,0,0,0,0,0,0,0,0
Namibia,101,Other seaweeds and aquatic plants and products thereof,seaweeds,NA,NA,NA,NA,NA,NA,NA,NA,NA,NA,NA,NA,NA,NA,NA,NA,NA,NA,NA,NA,NA,NA,NA,NA,NA,NA,NA,26,56,0,73,73,0,0,0,70.44197896722369,0,0,0,0,0,0,0,0,0,0,0
Namibia,101,Z_TOTAL,fish_oil,NA,NA,NA,NA,NA,NA,NA,NA,NA,NA,NA,NA,NA,NA,NA,NA,NA,NA,NA,NA,NA,0,0,0,40,0,0,0,3,33,18,0,0,0,0,0,0,0,0,0,0,0,0,0,0,0,0
Namibia,101,Z_TOTAL,ornamentals,NA,NA,NA,NA,NA,NA,NA,NA,NA,NA,NA,NA,NA,NA,NA,NA,NA,NA,NA,NA,NA,NA,NA,NA,5,0,7,19,168.84843226218095,152.12897806681826,0,0,0,0,0,0,0,0,0,0,0,0,0,0,0,0,0
Namibia,101,Z_TOTAL,seaweeds,NA,NA,NA,NA,NA,NA,NA,NA,NA,NA,NA,NA,NA,NA,NA,NA,NA,NA,NA,NA,NA,NA,NA,NA,NA,NA,NA,26,56,0,73,73,0,0,0,70.44197896722369,0,0,0,0,0,0,0,0,0,0,0
Netherlands,177,Agar agar nei,seaweeds,9,13,9,7,46,29,7,32,61,3,82,30,99,56,0,0,0,0,205.45088512591576,121.32299076567831,168.12995621248885,112.05953181090452,158.86649725771503,271.14089260804957,420.825247903255,271.2299236394935,299.3319091138686,645.4185541196459,757.6929494699805,860.6148548340973,0,907.4663357966298,0,0,0,0,664.5241737335791,907.7334288909615,0,0,458.94745609967714,608.6318113948826,459.0364871311211,0,0,0,0
Netherlands,177,"Halibuts, liver oils",fish_oil,NA,NA,NA,NA,NA,NA,NA,NA,NA,NA,NA,NA,NA,NA,NA,NA,NA,NA,NA,24,88,26,17,94,14,22,164.00153558723696,199.14538053528878,63,55,50,26,37,60,0,75,0,0,0,0,0,0,0,0,0,0,0
Netherlands,177,Ornamental fish nei,ornamentals,NA,39.934894154686845,35.56307403128767,57.94446106380951,67.97821402436796,75.9540279729323,112.74098808941176,131.00649709794573,149.2720061064798,136.668429935105,115.83309771575443,121.75097265232489,0,0,0,0,0,0,0,0,0,0,0,0,0,0,0,0,0,0,0,0,0,0,0,0,0,0,0,0,0,0,0,0,0,0,0
Netherlands,177,Ornamental saltwater fish,ornamentals,NA,NA,NA,NA,NA,NA,NA,NA,NA,NA,NA,NA,110.3419246627052,88.60042526698612,129.7803517370644,161.42672883353725,0,68.36927329934929,40.90764427946692,81,41.27897260661484,82,49.27714043264723,37.06919041053379,57,63,78,106.4534025547905,157.1668783984744,0,0,0,0,0,0,0,0,0,0,0,0,0,0,0,0,0,0
Netherlands,177,Other seaweeds and aquatic plants and products thereof,seaweeds,NA,NA,NA,NA,NA,NA,NA,NA,NA,NA,NA,NA,NA,99,37,66,89,0,103.44761774878805,0,0,0,0,0,0,0,0,0,0,0,0,0,0,0,0,0,0,0,0,0,0,0,0,0,0,0,0
Netherlands,177,Z_TOTAL,fish_oil,NA,NA,NA,NA,NA,NA,NA,NA,NA,NA,NA,NA,NA,NA,NA,NA,NA,NA,NA,24,88,26,17,94,14,22,164.00153558723696,199.14538053528878,63,55,50,26,37,60,0,75,0,0,0,0,0,0,0,0,0,0,0
Netherlands,177,Z_TOTAL,ornamentals,NA,39.934894154686845,35.56307403128767,57.94446106380951,67.97821402436796,75.9540279729323,112.74098808941176,131.00649709794573,149.2720061064798,136.668429935105,115.83309771575443,121.75097265232489,110.3419246627052,88.60042526698612,129.7803517370644,161.42672883353725,0,68.36927329934929,40.90764427946692,81,41.27897260661484,82,49.27714043264723,37.06919041053379,57,63,78,106.4534025547905,157.1668783984744,0,0,0,0,0,0,0,0,0,0,0,0,0,0,0,0,0,0
Netherlands,177,Z_TOTAL,seaweeds,9,13,9,7,46,29,7,32,61,3,82,30,99,155,37,66,89,0,308.8985028747038,121.32299076567831,168.12995621248885,112.05953181090452,158.86649725771503,271.14089260804957,420.825247903255,271.2299236394935,299.3319091138686,645.4185541196459,757.6929494699805,860.6148548340973,0,907.4663357966298,0,0,0,0,664.5241737335791,907.7334288909615,0,0,458.94745609967714,608.6318113948826,459.0364871311211,0,0,0,0
New Caledonia,5,Ornamental fish nei,ornamentals,NA,NA,NA,NA,NA,NA,NA,NA,23,0,45,62,0,0,0,0,0,0,0,0,0,14.632342591172801,15.119881477543345,20,96,15.651327629373327,87,12.901723372988158,12.458091752077166,11.083289623884525,9.708487495691998,10.196026382062428,9.752394761151436,8.377592632958908,10.72747253389241,10.283840912981418,20.083084872167206,17.777112236693142,50,5,3,0,0,0,0,0,0
New Caledonia,5,Ornamental saltwater fish,ornamentals,NA,NA,NA,NA,NA,NA,NA,NA,NA,NA,NA,NA,NA,NA,NA,NA,NA,NA,NA,NA,NA,NA,NA,NA,NA,NA,NA,NA,NA,NA,NA,NA,NA,NA,NA,NA,NA,NA,63.203252596546804,67.59250016809006,62.50371933953056,19.502824910558843,14.414044081999236,0,0,0,0
New Caledonia,5,Z_TOTAL,ornamentals,NA,NA,NA,NA,NA,NA,NA,NA,23,0,45,62,0,0,0,0,0,0,0,0,0,14.632342591172801,15.119881477543345,20,96,15.651327629373327,87,12.901723372988158,12.458091752077166,11.083289623884525,9.708487495691998,10.196026382062428,9.752394761151436,8.377592632958908,10.72747253389241,10.283840912981418,20.083084872167206,17.777112236693142,113.2032525965468,72.59250016809006,65.50371933953056,19.502824910558843,14.414044081999236,0,0,0,0
New Zealand,162,Agar agar nei,seaweeds,NA,NA,NA,NA,NA,NA,NA,NA,NA,NA,NA,NA,NA,NA,NA,NA,NA,NA,222.02528567773493,176.57135074348423,57.702152761473826,58.13275723207289,95.27099322655181,58.99396617327113,50.24766276290018,426.93149035326775,78.63959534700837,79.07019981760743,116.20843581208635,34.046869353955685,80.36201322940474,9,90.40013005157277,63.300010879262004,155.49969415956082,119.22266710628003,110.47636369590907,165.96841545232803,26,29.176006178976763,57.13733429248566,158.5139254537545,94.70617475756376,0,0,0,0
New Zealand,162,Cod liver oil,fish_oil,NA,NA,NA,NA,NA,NA,NA,NA,NA,NA,NA,NA,NA,NA,22,25,48.96966752376744,94.03066094637188,0,89.63735066432486,74,0,63.0229578837849,98.472226174804,63,94.07891589275698,0,88.08365142211244,75.47429405520484,141.36069192957757,0,0,111.5423907718424,0,0,0,0,0,0,151.4332242912937,0,115.00083023729553,63.94457234404649,0,0,0,0
New Zealand,162,"Fish liver oils, nei",fish_oil,NA,NA,NA,NA,NA,NA,NA,NA,NA,NA,NA,NA,167.4772264711932,143.58236409689306,88,119.676755927449,58,0,0,0,0,0,0,0,0,0,0,0,0,0,0,0,0,0,0,0,0,0,0,0,0,0,0,0,0,0,0
New Zealand,162,Ornamental fish nei,ornamentals,NA,NA,NA,NA,NA,NA,NA,NA,NA,NA,NA,NA,0,0,0,1,4,0,3,3,1,0,12,1,0,0,6,20,372.1702095467557,50,104.09277792909609,69,54,0,0,0,0,0,0,0,0,0,0,0,0,0,0
New Zealand,162,Other seaweeds and aquatic plants and products thereof,seaweeds,NA,NA,NA,NA,NA,NA,NA,NA,NA,NA,NA,NA,NA,NA,20,49,0,52,7,14,6,30,25,57,7,84,3,16,62,50,55.59880541734077,0,0,0,297.8257550935961,436.19090394158025,0,0,0,0,0,0,0,0,0,0,0
New Zealand,162,"Seaweeds and other algae, fit for human consumption, nei",seaweeds,NA,NA,NA,NA,NA,NA,NA,NA,NA,NA,NA,NA,NA,NA,NA,NA,NA,NA,NA,NA,NA,NA,NA,NA,NA,NA,NA,NA,NA,NA,NA,NA,NA,NA,NA,NA,NA,NA,320.6720222519011,363.44389799140345,442.6970377762698,0,95.67722986023819,0,0,0,0
New Zealand,162,"Seaweeds and other algae, unfit for human consumption, nei",seaweeds,NA,NA,NA,NA,NA,NA,NA,NA,NA,NA,NA,NA,NA,NA,NA,NA,NA,NA,NA,NA,NA,NA,NA,NA,NA,NA,NA,NA,NA,NA,NA,NA,NA,NA,NA,NA,0,43,1,14,0,13.736700582804431,10.670971320572178,0,0,0,0
New Zealand,162,Z_TOTAL,fish_oil,NA,NA,NA,NA,NA,NA,NA,NA,NA,NA,NA,NA,167.4772264711932,143.58236409689306,110,144.676755927449,106.96966752376744,94.03066094637188,0,89.63735066432486,74,0,63.0229578837849,98.472226174804,63,94.07891589275698,0,88.08365142211244,75.47429405520484,141.36069192957757,0,0,111.5423907718424,0,0,0,0,0,0,151.4332242912937,0,115.00083023729553,63.94457234404649,0,0,0,0
New Zealand,162,Z_TOTAL,ornamentals,NA,NA,NA,NA,NA,NA,NA,NA,NA,NA,NA,NA,0,0,0,1,4,0,3,3,1,0,12,1,0,0,6,20,372.1702095467557,50,104.09277792909609,69,54,0,0,0,0,0,0,0,0,0,0,0,0,0,0
New Zealand,162,Z_TOTAL,seaweeds,NA,NA,NA,NA,NA,NA,NA,NA,NA,NA,NA,NA,NA,NA,20,49,0,52,229.02528567773493,190.57135074348423,63.702152761473826,88.13275723207289,120.27099322655181,115.99396617327113,57.24766276290018,510.93149035326775,81.63959534700837,95.07019981760743,178.20843581208635,84.04686935395569,135.9608186467455,9,90.40013005157277,63.300010879262004,453.32544925315693,555.4135710478603,110.47636369590907,208.96841545232803,347.6720222519011,406.6199041703802,499.83437206875544,172.2506260365589,201.0543759383741,0,0,0,0
Nicaragua,131,Ornamental fish nei,ornamentals,NA,NA,NA,NA,NA,NA,NA,NA,NA,NA,NA,NA,NA,NA,NA,NA,NA,27,14,4,3,5,9,1,4,3,0,0,12,0,23,35,24,0,10,19,0,0,0,0,0,0,0,0,0,0,0
Nicaragua,131,Ornamental saltwater fish,ornamentals,NA,NA,NA,NA,NA,NA,NA,NA,NA,NA,NA,NA,NA,NA,NA,NA,NA,NA,NA,NA,NA,NA,NA,NA,NA,NA,NA,NA,NA,NA,NA,NA,NA,NA,NA,NA,9,6,18,27,31,56,74,0,0,0,0
Nicaragua,131,Z_TOTAL,ornamentals,NA,NA,NA,NA,NA,NA,NA,NA,NA,NA,NA,NA,NA,NA,NA,NA,NA,27,14,4,3,5,9,1,4,3,0,0,12,0,23,35,24,0,10,19,9,6,18,27,31,56,74,0,0,0,0
North Korea,21,Agar agar nei,seaweeds,NA,NA,NA,NA,NA,NA,NA,NA,NA,NA,NA,NA,NA,NA,NA,NA,NA,NA,NA,NA,NA,1,4,0,0,5,9,6,27.58896754953676,0,0,0,0,0,5,1,0,14.120749454004994,0,0,0,0,0,0,0,0,0
North Korea,21,"Seaweeds and other algae, fit for human consumption, nei",seaweeds,NA,NA,NA,NA,NA,NA,NA,NA,NA,NA,NA,NA,NA,NA,NA,NA,NA,NA,NA,NA,NA,NA,NA,NA,NA,NA,NA,NA,NA,NA,NA,NA,NA,NA,NA,NA,NA,2,6,1,0,2,2,0,0,0,0
North Korea,21,Z_TOTAL,seaweeds,NA,NA,NA,NA,NA,NA,NA,NA,NA,NA,NA,NA,NA,NA,NA,NA,NA,NA,NA,NA,NA,1,4,0,0,5,9,6,27.58896754953676,0,0,0,0,0,5,1,0,16.120749454004994,6,1,0,2,2,0,0,0,0
Norway,223,Agar agar nei,seaweeds,NA,NA,NA,NA,NA,NA,NA,NA,NA,NA,NA,NA,NA,NA,NA,NA,NA,NA,1,8,1,0,3,2,1,7,2,206.12405531745225,274.2271729359163,66,0,3,0,0,0,0,8,6,24,94,1,3,0,0,0,0,0
Norway,223,"Oils and fats of aquatic animals, nei",fish_oil,NA,NA,NA,NA,NA,NA,NA,NA,NA,NA,NA,NA,NA,NA,NA,NA,NA,NA,NA,NA,NA,6,23,0,0,0,2,35.26733530701165,1,1,65.50364480603292,121.40070151395247,96.80617317135017,22.67836172073453,36.47212778684258,16.83092775504167,28.148029665749107,22.128482488651855,33,72.00599201947409,82.08476185248117,0,55.1856825658827,0,0,0,0
Norway,223,Ornamental fish nei,ornamentals,NA,NA,NA,NA,1,1,2,0,0,4,8,18,6,2,0,0,0,1,0,0,0,0,0,0,0,0,0,0,0,0,0,0,0,0,0,0,0,0,0,0,0,0,0,0,0,0,0
Norway,223,"Seaweeds and other algae, fit for human consumption, nei",seaweeds,NA,NA,NA,NA,NA,NA,NA,NA,NA,NA,NA,NA,NA,NA,NA,NA,NA,NA,NA,NA,NA,NA,NA,NA,NA,NA,NA,NA,NA,NA,NA,NA,NA,NA,NA,NA,NA,79,79.47278360137534,71.60273957821937,0,333.0221626375055,391.42939300916714,0,0,0,0
Norway,223,Shark oil,fish_oil,NA,NA,NA,NA,NA,NA,NA,NA,NA,NA,NA,NA,51,29,90,2,29,0,42,0,565.142700545745,0,439.46464907046254,351.59914042827495,357.5829426781362,301.00053766663143,363.2939264517221,269.1717970833978,306.43870296394186,318.6791259399398,305.89306601139117,224.28417809534017,230.2679803452014,255.02164477347242,336.08489573697284,79,116.5575333696413,0,0,0,26,0,0,0,0,0,0
Norway,223,Z_TOTAL,fish_oil,NA,NA,NA,NA,NA,NA,NA,NA,NA,NA,NA,NA,51,29,90,2,29,0,42,0,565.142700545745,6,462.46464907046254,351.59914042827495,357.5829426781362,301.00053766663143,365.2939264517221,304.43913239040944,307.43870296394186,319.6791259399398,371.3967108174241,345.68487960929264,327.0741535165516,277.70000649420695,372.5570235238154,95.83092775504167,144.7055630353904,22.128482488651855,33,72.00599201947409,108.08476185248117,0,55.1856825658827,0,0,0,0
Norway,223,Z_TOTAL,ornamentals,NA,NA,NA,NA,1,1,2,0,0,4,8,18,6,2,0,0,0,1,0,0,0,0,0,0,0,0,0,0,0,0,0,0,0,0,0,0,0,0,0,0,0,0,0,0,0,0,0
Norway,223,Z_TOTAL,seaweeds,NA,NA,NA,NA,NA,NA,NA,NA,NA,NA,NA,NA,NA,NA,NA,NA,NA,NA,1,8,1,0,3,2,1,7,2,206.12405531745225,274.2271729359163,66,0,3,0,0,0,0,8,85,103.47278360137534,165.60273957821937,1,336.0221626375055,391.42939300916714,0,0,0,0
Oman,48,"Fish body oils, nei",fish_oil,NA,NA,NA,NA,NA,NA,NA,NA,NA,NA,NA,NA,NA,NA,NA,NA,NA,NA,18,23,26,36,23,0,7,0,0,0,0,36,0,0,44,39,8,42,0,0,0,0,0,0,0,0,0,0,0
Oman,48,"Fish liver oils, nei",fish_oil,NA,NA,NA,NA,NA,NA,NA,NA,NA,NA,NA,NA,NA,NA,NA,NA,NA,NA,NA,NA,NA,NA,NA,NA,NA,NA,47,0,0,0,0,0,0,0,0,8,0,21,0,0,0,30,0,0,0,0,0
Oman,48,"Oils and fats of aquatic animals, nei",fish_oil,NA,NA,NA,NA,NA,6,0,0,0,0,0,0,0,3,5,2.767813917313269,0,0,0,0,8,0,0,0,0,0,0,0,0,0,0,0,0,0,0,0,0,0,0,0,0,0,0,0,0,0,0
Oman,48,Ornamental fish nei,ornamentals,NA,NA,NA,NA,NA,NA,NA,NA,NA,NA,NA,NA,NA,NA,NA,NA,NA,NA,NA,0,0,8,28,4,1,31,5,10,0,0,0,0,0,0,0,0,0,0,0,0,0,0,0,0,0,0,0
Oman,48,Z_TOTAL,fish_oil,NA,NA,NA,NA,NA,6,0,0,0,0,0,0,0,3,5,2.767813917313269,0,0,18,23,34,36,23,0,7,0,47,0,0,36,0,0,44,39,8,50,0,21,0,0,0,30,0,0,0,0,0
Oman,48,Z_TOTAL,ornamentals,NA,NA,NA,NA,NA,NA,NA,NA,NA,NA,NA,NA,NA,NA,NA,NA,NA,NA,NA,0,0,8,28,4,1,31,5,10,0,0,0,0,0,0,0,0,0,0,0,0,0,0,0,0,0,0,0
Pakistan,53,Agar agar nei,seaweeds,NA,NA,NA,NA,NA,NA,NA,NA,NA,NA,NA,NA,NA,NA,NA,NA,NA,NA,NA,NA,NA,NA,NA,NA,NA,NA,NA,17,1,0,0,57,0,41,1,0,0,0,0,23,15,10,1,14,0,0,0
Pakistan,53,Ornamental fish nei,ornamentals,NA,NA,NA,NA,NA,NA,NA,NA,NA,NA,NA,NA,NA,NA,NA,NA,NA,NA,NA,NA,NA,NA,NA,NA,NA,NA,1,0,0,0,0,2,31,34,18,89.6250407969743,6,0,0,0,0,0,0,0,0,0,0
Pakistan,53,Ornamental saltwater fish,ornamentals,NA,NA,NA,NA,NA,NA,NA,NA,NA,NA,NA,NA,NA,NA,NA,NA,NA,NA,NA,NA,NA,NA,NA,NA,NA,NA,NA,NA,NA,NA,NA,NA,NA,NA,NA,NA,NA,13,158.87575656859048,0,142.3922120946626,0,5,0,0,0,0
Pakistan,53,Z_TOTAL,ornamentals,NA,NA,NA,NA,NA,NA,NA,NA,NA,NA,NA,NA,NA,NA,NA,NA,NA,NA,NA,NA,NA,NA,NA,NA,NA,NA,1,0,0,0,0,2,31,34,18,89.6250407969743,6,13,158.87575656859048,0,142.3922120946626,0,5,0,0,0,0
Pakistan,53,Z_TOTAL,seaweeds,NA,NA,NA,NA,NA,NA,NA,NA,NA,NA,NA,NA,NA,NA,NA,NA,NA,NA,NA,NA,NA,NA,NA,NA,NA,NA,NA,17,1,0,0,57,0,41,1,0,0,0,0,23,15,10,1,14,0,0,0
Palau,8,Ornamental saltwater fish,ornamentals,NA,NA,NA,NA,NA,NA,NA,NA,NA,NA,NA,NA,NA,NA,NA,NA,NA,NA,NA,NA,NA,NA,NA,NA,NA,NA,NA,NA,NA,NA,NA,NA,NA,NA,NA,NA,NA,8,0,7,10,2,44,0,0,0,0
Palau,8,Z_TOTAL,ornamentals,NA,NA,NA,NA,NA,NA,NA,NA,NA,NA,NA,NA,NA,NA,NA,NA,NA,NA,NA,NA,NA,NA,NA,NA,NA,NA,NA,NA,NA,NA,NA,NA,NA,NA,NA,NA,NA,8,0,7,10,2,44,0,0,0,0
Panama,129,Ornamental fish nei,ornamentals,NA,NA,NA,NA,NA,NA,NA,NA,NA,NA,NA,NA,NA,5,2,1,28,0,16,0,0,0,0,0,0,0,0,0,0,0,0,0,0,0,0,0,0,0,0,0,0,0,0,0,0,0,0
Panama,129,"Seaweeds and other algae, fit for human consumption, nei",seaweeds,NA,NA,NA,NA,NA,NA,NA,NA,NA,NA,NA,NA,NA,NA,NA,NA,NA,NA,NA,NA,NA,NA,NA,NA,NA,NA,NA,NA,NA,NA,7,5,1,0,0,0,0,9,47,22,1,0,4,0,0,0,0
Panama,129,"Seaweeds and other algae, unfit for human consumption, nei",seaweeds,NA,NA,NA,NA,NA,NA,NA,NA,NA,NA,NA,NA,NA,NA,NA,NA,NA,NA,NA,NA,NA,NA,NA,NA,NA,NA,NA,NA,NA,NA,NA,NA,NA,NA,NA,NA,0,0,0,0,56,0,5,0,15,15,20
Panama,129,Z_TOTAL,ornamentals,NA,NA,NA,NA,NA,NA,NA,NA,NA,NA,NA,NA,NA,5,2,1,28,0,16,0,0,0,0,0,0,0,0,0,0,0,0,0,0,0,0,0,0,0,0,0,0,0,0,0,0,0,0
Panama,129,Z_TOTAL,seaweeds,NA,NA,NA,NA,NA,NA,NA,NA,NA,NA,NA,NA,NA,NA,NA,NA,NA,NA,NA,NA,NA,NA,NA,NA,NA,NA,NA,NA,NA,NA,7,5,1,0,0,0,0,9,47,22,57,0,9,0,15,15,20
Papua New Guinea,17,Ornamental fish nei,ornamentals,NA,NA,NA,NA,NA,NA,NA,NA,NA,NA,NA,NA,NA,NA,NA,NA,NA,NA,NA,NA,NA,NA,16.982222492106416,1,0,0,1,0,0,0,0,0,0,36,0,49,0,0,0,0,0,0,0,0,0,0,0
Papua New Guinea,17,Ornamental saltwater fish,ornamentals,NA,NA,NA,NA,NA,NA,NA,NA,NA,NA,NA,NA,NA,NA,NA,NA,NA,NA,NA,NA,NA,NA,NA,NA,NA,NA,NA,NA,NA,NA,NA,NA,NA,NA,NA,NA,17,1,1,0,3,0,0,0,0,0,0
Papua New Guinea,17,Z_TOTAL,ornamentals,NA,NA,NA,NA,NA,NA,NA,NA,NA,NA,NA,NA,NA,NA,NA,NA,NA,NA,NA,NA,NA,NA,16.982222492106416,1,0,0,1,0,0,0,0,0,0,36,0,49,17,1,1,0,3,0,0,0,0,0,0
Peru,138,Agar agar nei,seaweeds,NA,NA,NA,NA,NA,NA,NA,NA,NA,NA,NA,NA,NA,NA,NA,NA,NA,NA,NA,NA,NA,NA,NA,NA,0,0,0,0,0,0,0,0,1,0,12,10,4,0,0,1,1,0,0,0,0,0,0
Peru,138,"Fish liver oils, nei",fish_oil,NA,NA,NA,NA,NA,NA,NA,NA,NA,NA,NA,NA,NA,NA,NA,NA,NA,NA,5,0,0,0,0,0,0,0,0,0,0,0,0,55,0,70,1,42,56,58.70214737980318,0,63.223258041567775,0,0,0,0,0,0,0
Peru,138,Ornamental saltwater fish,ornamentals,NA,NA,NA,NA,NA,NA,NA,NA,NA,NA,NA,NA,NA,NA,NA,NA,NA,NA,NA,NA,NA,NA,NA,NA,NA,NA,NA,NA,NA,NA,NA,NA,NA,NA,NA,NA,50,81,58,34.362626978502234,30,43,14,0,0,0,0
Peru,138,Other seaweeds and aquatic plants and products thereof,seaweeds,NA,NA,NA,NA,NA,NA,NA,NA,NA,NA,NA,NA,NA,NA,27.88253691837408,23.48797062381805,19.09340432926202,32.19592062548551,0,0,0,0,0,0,0,0,0,0,0,0,0,0,0,0,0,0,0,0,0,0,0,0,0,0,0,0,0
Peru,138,"Seaweeds and other algae, fit for human consumption, nei",seaweeds,NA,NA,NA,NA,NA,NA,NA,NA,NA,NA,NA,NA,NA,NA,NA,NA,NA,NA,NA,NA,NA,NA,NA,NA,NA,NA,NA,NA,NA,NA,NA,NA,NA,NA,NA,NA,218.94707833891425,185.12207241545275,96.57297585659035,162.53895873885858,138.37114528046732,76,57,0,0,0,0
Peru,138,Z_TOTAL,fish_oil,NA,NA,NA,NA,NA,NA,NA,NA,NA,NA,NA,NA,NA,NA,NA,NA,NA,NA,5,0,0,0,0,0,0,0,0,0,0,0,0,55,0,70,1,42,56,58.70214737980318,0,63.223258041567775,0,0,0,0,0,0,0
Peru,138,Z_TOTAL,ornamentals,NA,NA,NA,NA,NA,NA,NA,NA,NA,NA,NA,NA,NA,NA,NA,NA,NA,NA,NA,NA,NA,NA,NA,NA,NA,NA,NA,NA,NA,NA,NA,NA,NA,NA,NA,NA,50,81,58,34.362626978502234,30,43,14,0,0,0,0
Peru,138,Z_TOTAL,seaweeds,NA,NA,NA,NA,NA,NA,NA,NA,NA,NA,NA,NA,NA,NA,27.88253691837408,23.48797062381805,19.09340432926202,32.19592062548551,0,0,0,0,0,0,0,0,0,0,0,0,0,0,1,0,12,10,222.94707833891425,185.12207241545275,96.57297585659035,163.53895873885858,139.37114528046732,76,57,0,0,0,0
Philippines,15,Agar agar nei,seaweeds,NA,NA,NA,NA,NA,NA,NA,NA,NA,NA,NA,NA,NA,NA,NA,NA,NA,NA,NA,NA,NA,NA,NA,NA,NA,NA,NA,NA,NA,NA,NA,3,0,0,0,0,5,11,10,6,1,24,8,0,0,0,0
Philippines,15,Cod liver oil,fish_oil,NA,NA,NA,NA,NA,NA,NA,NA,NA,NA,NA,NA,NA,NA,NA,NA,NA,NA,NA,NA,NA,NA,NA,NA,NA,NA,NA,NA,NA,NA,NA,NA,NA,NA,NA,NA,77,0,74.72348450693528,51,82,0,0,0,0,0,0
Philippines,15,"Fish body oils, nei",fish_oil,NA,91.37593603100655,52,69.6798720580214,0,0,43.77468780797088,96,0,30,41,0,0,0,0,0,0,0,0,0,0,0,0,4,0,0,12,1,0,0,15,0,0,91,47,0,22,7,65,32,92.6823524450225,0,0,0,0,0,0
Philippines,15,"Fish liver oils, nei",fish_oil,NA,NA,NA,NA,NA,NA,NA,NA,NA,NA,NA,NA,NA,127.42011587353849,142.73603728095895,0,0,0,0,0,0,0,4,0,25,64.5243202760376,0,1,0,22,29,64.10145607222086,0,0,73.72722974431588,0,2,0,60.83351800074138,6,0,0,0,0,0,0,0
Philippines,15,Shark liver oil,fish_oil,NA,NA,NA,NA,NA,NA,NA,NA,NA,NA,NA,NA,NA,NA,NA,NA,NA,NA,153.01099943369832,46.5166999447257,47,5,0,0,0,0,268.37660738878935,153.0348688400586,99.62520370963387,0,0,0,0,0,0,233.0107205561177,191.39764083870364,58,114.06977411038054,190.4225485230728,193.04666410444838,0,0,0,0,0,0
Philippines,15,Z_TOTAL,fish_oil,NA,91.37593603100655,52,69.6798720580214,0,0,43.77468780797088,96,0,30,41,0,0,127.42011587353849,142.73603728095895,0,0,0,153.01099943369832,46.5166999447257,47,5,4,4,25,64.5243202760376,280.37660738878935,155.0348688400586,99.62520370963387,22,44,64.10145607222086,0,91,120.72722974431588,233.0107205561177,292.39764083870364,65,314.6267766180572,279.4225485230728,367.7290165494709,0,0,0,0,0,0
Philippines,15,Z_TOTAL,seaweeds,NA,NA,NA,NA,NA,NA,NA,NA,NA,NA,NA,NA,NA,NA,NA,NA,NA,NA,NA,NA,NA,NA,NA,NA,NA,NA,NA,NA,NA,NA,NA,3,0,0,0,0,5,11,10,6,1,24,8,0,0,0,0
Poland,178,Agar agar nei,seaweeds,NA,NA,NA,NA,NA,NA,NA,NA,NA,NA,NA,NA,NA,NA,NA,NA,NA,NA,NA,36,0,0,0,0,0,0,0,0,0,0,0,0,0,82,76.44075758198319,72,67.76091019115452,69,138.75357779952392,60,130.07373040869527,68.19254588052672,69,0,0,0,0
Poland,178,"Fish body oils, nei",fish_oil,NA,NA,NA,NA,NA,NA,NA,NA,NA,NA,NA,18,0,0,0,0,0,59,0,16,1,0,4,0,5,4,2,13,19.63600341534577,23.247033301072065,0,0,0,0,0,0,0,0,0,0,0,0,0,0,0,0,0
Poland,178,"Fish liver oils, nei",fish_oil,NA,NA,NA,NA,NA,NA,NA,NA,NA,NA,NA,NA,NA,NA,NA,NA,NA,NA,NA,NA,NA,NA,1,0,0,4,2,1,5,0,0,0,0,0,17,6,10.825834661561657,4,8.854446577149815,55,0,14,0,0,0,0,0
Poland,178,Ornamental saltwater fish,ornamentals,NA,NA,NA,NA,NA,NA,NA,NA,NA,NA,NA,NA,NA,NA,NA,NA,NA,NA,NA,NA,NA,NA,NA,NA,NA,NA,1,0,0,0,1,0,0,0,0,0,49,82.50907602526081,0,0,0,0,0,0,0,0,0
Poland,178,"Seaweeds and other algae, fit for human consumption, nei",seaweeds,NA,NA,NA,NA,NA,NA,NA,NA,NA,NA,NA,NA,NA,NA,NA,NA,NA,NA,NA,NA,NA,NA,NA,NA,NA,NA,NA,NA,NA,NA,NA,NA,NA,NA,NA,NA,43,15,4,23,0,0,0,0,0,0,0
Poland,178,"Seaweeds and other algae, unfit for human consumption, nei",seaweeds,NA,NA,NA,NA,NA,NA,NA,NA,NA,NA,NA,NA,NA,NA,NA,NA,NA,NA,NA,NA,NA,NA,NA,NA,NA,NA,NA,NA,NA,NA,NA,NA,NA,NA,NA,NA,16,3,0,0,1,241.1319044848342,28,0,0,0,0
Poland,178,Z_TOTAL,fish_oil,NA,NA,NA,NA,NA,NA,NA,NA,NA,NA,NA,18,0,0,0,0,0,59,0,16,1,0,5,0,5,8,4,14,24.63600341534577,23.247033301072065,0,0,0,0,17,6,10.825834661561657,4,8.854446577149815,55,0,14,0,0,0,0,0
Poland,178,Z_TOTAL,ornamentals,NA,NA,NA,NA,NA,NA,NA,NA,NA,NA,NA,NA,NA,NA,NA,NA,NA,NA,NA,NA,NA,NA,NA,NA,NA,NA,1,0,0,0,1,0,0,0,0,0,49,82.50907602526081,0,0,0,0,0,0,0,0,0
Poland,178,Z_TOTAL,seaweeds,NA,NA,NA,NA,NA,NA,NA,NA,NA,NA,NA,NA,NA,NA,NA,NA,NA,NA,NA,36,0,0,0,0,0,0,0,0,0,0,0,0,0,82,76.44075758198319,72,126.76091019115452,87,142.75357779952392,83,131.07373040869527,309.3244503653609,97,0,0,0,0
Portugal,183,Agar agar nei,seaweeds,NA,NA,NA,NA,NA,NA,NA,NA,NA,NA,NA,NA,NA,NA,NA,NA,NA,NA,NA,NA,NA,NA,NA,NA,NA,NA,NA,NA,NA,NA,NA,NA,NA,NA,NA,NA,NA,NA,791.1077696240208,84,158.8646812085525,25,18,0,0,0,0
Portugal,183,"Fish body oils, nei",fish_oil,NA,NA,NA,NA,NA,NA,NA,NA,NA,NA,NA,NA,NA,43.09380039589257,35.78896516984531,0,44,0,61,0,0,0,0,0,0,0,0,0,0,0,0,0,0,72,0,0,0,0,0,0,0,0,0,0,0,0,0
Portugal,183,"Fish liver oils, nei",fish_oil,23,40,11,29,0,0,28.883277007279958,0,54,104.24926517959875,0,0,0,0,0,0,0,0,0,0,0,0,0,0,0,0,0,0,0,0,0,0,0,0,0,0,0,0,0,0,0,0,95.69592124588985,0,0,0,0
Portugal,183,"Halibuts, liver oils",fish_oil,NA,NA,NA,NA,NA,NA,NA,NA,NA,NA,NA,NA,NA,NA,NA,NA,NA,NA,NA,NA,NA,48,0,0,1,13,0,0,0,10,0,0,0,0,245.04531410968522,74,0,0,0,0,0,0,0,0,0,0,0
Portugal,183,Ornamental saltwater fish,ornamentals,NA,NA,NA,NA,NA,NA,NA,NA,NA,NA,NA,NA,11,0,0,0,0,1,0,0,0,0,0,0,0,0,0,1,0,124.95304442452833,118.85070326629231,31.04959091693206,215.57771587131927,79.36251689018167,12.742567442224,15.717867527446245,33.822569685098884,42.849630599293306,21.617887368626867,76.03315450011252,124.39666080262602,112.24255881541784,121.26961972961222,0,0,0,0
Portugal,183,Other seaweeds and aquatic plants and products thereof,seaweeds,NA,NA,NA,NA,NA,27,0,0,0,0,0,0,0,0,0,0,0,0,0,0,0,0,0,0,0,0,0,219.40348061983858,0,67.94785001504428,88,0,40.140590742287685,44.621586154893095,46.810901261355525,53.58357698010386,0,0,0,0,0,0,0,0,0,0,0
Portugal,183,"Seaweeds and other algae, fit for human consumption, nei",seaweeds,NA,NA,NA,NA,NA,NA,NA,NA,NA,NA,NA,NA,NA,NA,NA,NA,NA,NA,NA,NA,NA,NA,NA,NA,NA,NA,NA,NA,NA,NA,NA,NA,NA,NA,NA,NA,1306.220430426256,623.1883383411719,1337.7513667198966,492.2082141157657,572.9781064702054,702.5013169803591,0,0,0,0,0
Portugal,183,Z_TOTAL,fish_oil,23,40,11,29,0,0,28.883277007279958,0,54,104.24926517959875,0,0,0,43.09380039589257,35.78896516984531,0,44,0,61,0,0,48,0,0,1,13,0,0,0,10,0,0,0,72,245.04531410968522,74,0,0,0,0,0,0,95.69592124588985,0,0,0,0
Portugal,183,Z_TOTAL,ornamentals,NA,NA,NA,NA,NA,NA,NA,NA,NA,NA,NA,NA,11,0,0,0,0,1,0,0,0,0,0,0,0,0,0,1,0,124.95304442452833,118.85070326629231,31.04959091693206,215.57771587131927,79.36251689018167,12.742567442224,15.717867527446245,33.822569685098884,42.849630599293306,21.617887368626867,76.03315450011252,124.39666080262602,112.24255881541784,121.26961972961222,0,0,0,0
Portugal,183,Z_TOTAL,seaweeds,NA,NA,NA,NA,NA,27,0,0,0,0,0,0,0,0,0,0,0,0,0,0,0,0,0,0,0,0,0,219.40348061983858,0,67.94785001504428,88,0,40.140590742287685,44.621586154893095,46.810901261355525,53.58357698010386,1306.220430426256,623.1883383411719,2128.8591363439173,576.2082141157657,731.8427876787579,727.5013169803591,18,0,0,0,0
Romania,72,Agar agar nei,seaweeds,NA,NA,NA,NA,NA,NA,NA,NA,NA,NA,NA,NA,NA,NA,NA,NA,NA,NA,NA,NA,NA,NA,NA,NA,5,14,23,32,22,0,0,0,0,0,0,3,0,0,0,0,0,0,2,0,0,0,0
Romania,72,"Fish body oils, nei",fish_oil,NA,NA,NA,NA,NA,NA,NA,NA,NA,NA,NA,NA,NA,NA,NA,NA,NA,NA,NA,NA,NA,NA,NA,NA,NA,NA,NA,NA,NA,NA,NA,19.8372759702102,30.536183924146087,46,0,0,44.980303467051215,65.12971551193326,92,92.4340964766464,86.59462227142652,83,83.18486494056465,0,0,0,0
Romania,72,"Fish liver oils, nei",fish_oil,NA,NA,NA,NA,NA,NA,NA,NA,NA,NA,NA,NA,NA,NA,NA,NA,NA,NA,NA,NA,NA,NA,NA,NA,NA,NA,NA,NA,117.64525664163261,40.37320528478682,0,39.59379153341621,0,0,11,3,24,21,3,3,1,5,23,0,0,0,0
Romania,72,Other seaweeds and aquatic plants and products thereof,seaweeds,NA,NA,NA,NA,NA,NA,NA,NA,NA,NA,NA,NA,NA,NA,NA,NA,NA,NA,NA,NA,7,0,0,5,5,6,26,11,7,37,4,7,10,58,0,0,0,0,0,0,0,0,0,0,0,0,0
Romania,72,"Seaweeds and other algae, fit for human consumption, nei",seaweeds,NA,NA,NA,NA,NA,NA,NA,NA,NA,NA,NA,NA,NA,NA,NA,NA,NA,NA,NA,NA,NA,NA,NA,NA,NA,NA,NA,NA,NA,NA,NA,NA,NA,NA,NA,NA,4,25,19,2,37,44,31,0,0,0,0
Romania,72,"Seaweeds and other algae, unfit for human consumption, nei",seaweeds,NA,NA,NA,NA,NA,NA,NA,NA,NA,NA,NA,NA,NA,NA,NA,NA,NA,NA,NA,NA,NA,NA,NA,NA,NA,NA,NA,NA,NA,NA,NA,NA,NA,NA,NA,NA,2,5,8,6,9,12,3,0,0,0,0
Romania,72,Z_TOTAL,fish_oil,NA,NA,NA,NA,NA,NA,NA,NA,NA,NA,NA,NA,NA,NA,NA,NA,NA,NA,NA,NA,NA,NA,NA,NA,NA,NA,NA,NA,117.64525664163261,40.37320528478682,0,59.43106750362641,30.536183924146087,46,11,3,68.98030346705121,86.12971551193326,95,95.4340964766464,87.59462227142652,88,106.18486494056465,0,0,0,0
Romania,72,Z_TOTAL,seaweeds,NA,NA,NA,NA,NA,NA,NA,NA,NA,NA,NA,NA,NA,NA,NA,NA,NA,NA,NA,NA,7,0,0,5,10,20,49,43,29,37,4,7,10,58,0,3,6,30,27,8,46,56,36,0,0,0,0
Russia,73,Agar agar nei,seaweeds,NA,NA,NA,NA,NA,NA,NA,NA,NA,NA,NA,NA,NA,NA,NA,NA,NA,NA,NA,NA,NA,NA,21,0,16,7,16,0,20,34,97,191.26429783386826,24,57,67,253.577118051409,342.18846185505913,333.422287326356,360.0661194639631,307.03743660237217,315.9762654068242,448.85011754336216,838.4465180106496,803.1228384822139,0,767.8854860916524,767.8854860916524
Russia,73,"Fish body oils, nei",fish_oil,89,71,0,0,0,0,77,0,0,0,95.21371382509685,95.2808046767183,0,0,0,0,0,0,0,0,0,0,0,0,0,0,0,0,0,0,0,103.71049977735734,0,0,0,0,0,0,60,56,0,0,0,0,0,0,0
Russia,73,"Fish liver oils, nei",fish_oil,NA,NA,NA,NA,NA,NA,NA,NA,NA,NA,NA,NA,NA,NA,NA,NA,NA,NA,NA,54,21,23,16,0,37,31,46,39,31,24,21,22,1,0,0,1,0,0,0,0,0,0,0,7,82,0,0
Russia,73,Other seaweeds and aquatic plants and products thereof,seaweeds,NA,NA,NA,NA,NA,NA,NA,NA,NA,NA,NA,NA,NA,NA,NA,NA,NA,NA,NA,NA,NA,NA,36,15,0,0,0,0,0,98.35969862254149,98,60.56667613714944,55.23270815888043,43.11746854839805,77.50237727309445,87.66845873988541,11,14,42,68,70,39,95,0,98,0,0
Russia,73,"Seaweeds and other algae, unfit for human consumption, nei",seaweeds,NA,NA,NA,NA,NA,NA,NA,NA,NA,NA,NA,NA,NA,NA,NA,NA,NA,NA,NA,NA,NA,NA,NA,NA,NA,NA,NA,NA,NA,NA,NA,NA,NA,NA,NA,NA,7,81,28.965528219652697,60,86,48.100913862893776,136.62022281714007,122.46347292992914,95.98559598174279,118.79222727745628,118.79222727745628
Russia,73,Z_TOTAL,fish_oil,89,71,0,0,0,0,77,0,0,0,95.21371382509685,95.2808046767183,0,0,0,0,0,0,0,54,21,23,16,0,37,31,46,39,31,24,21,125.71049977735734,1,0,0,1,0,0,60,56,0,0,0,7,82,0,0
Russia,73,Z_TOTAL,seaweeds,NA,NA,NA,NA,NA,NA,NA,NA,NA,NA,NA,NA,NA,NA,NA,NA,NA,NA,NA,NA,NA,NA,57,15,16,7,16,0,20,132.3596986225415,195,251.8309739710177,79.23270815888043,100.11746854839805,144.50237727309445,341.2455767912944,360.18846185505913,428.422287326356,431.0316476836158,435.03743660237217,471.9762654068242,535.9510314062559,1070.0667408277895,925.586311412143,193.9855959817428,886.6777133691087,886.6777133691087
Saba,248,Ornamental fish nei,ornamentals,NA,NA,NA,NA,NA,NA,NA,NA,NA,NA,NA,NA,NA,NA,NA,NA,NA,NA,NA,NA,NA,4.298925510972666,6.992244700263579,3.015996544617167,2.967382763596717,1.7330675782616538,2.8701552015558036,2.821541420535354,0.8899220527608191,5.339532316564915,9.15348397125414,8.772088805785216,2.5784725154331056,2.529858734412656,0.12713172182297416,0,0,0,0,0,0,0,0,0,0,0,0
Saba,248,Z_TOTAL,ornamentals,NA,NA,NA,NA,NA,NA,NA,NA,NA,NA,NA,NA,NA,NA,NA,NA,NA,NA,NA,NA,NA,4.298925510972666,6.992244700263579,3.015996544617167,2.967382763596717,1.7330675782616538,2.8701552015558036,2.821541420535354,0.8899220527608191,5.339532316564915,9.15348397125414,8.772088805785216,2.5784725154331056,2.529858734412656,0.12713172182297416,0,0,0,0,0,0,0,0,0,0,0,0
Saint Helena,86,Ornamental fish nei,ornamentals,NA,NA,NA,NA,NA,NA,NA,NA,NA,NA,NA,NA,NA,NA,NA,NA,NA,NA,NA,NA,NA,NA,NA,NA,NA,0.17434620174346202,0,0.17434620174346202,0.0435865504358655,0,0,0.3922789539227895,0,0,0,0,0,0,0,0,0,0,0,0,0,0,0
Saint Helena,86,Z_TOTAL,ornamentals,NA,NA,NA,NA,NA,NA,NA,NA,NA,NA,NA,NA,NA,NA,NA,NA,NA,NA,NA,NA,NA,NA,NA,NA,NA,0.17434620174346202,0,0.17434620174346202,0.0435865504358655,0,0,0.3922789539227895,0,0,0,0,0,0,0,0,0,0,0,0,0,0,0
Saint Lucia,122,Other seaweeds and aquatic plants and products thereof,seaweeds,NA,NA,NA,NA,NA,NA,NA,NA,NA,NA,NA,NA,NA,NA,NA,NA,NA,NA,NA,NA,NA,1,1,0,28,10,13,10,10,1,0,0,0,0,1,0,0,0,0,0,0,0,0,0,0,0,0
Saint Lucia,122,Z_TOTAL,seaweeds,NA,NA,NA,NA,NA,NA,NA,NA,NA,NA,NA,NA,NA,NA,NA,NA,NA,NA,NA,NA,NA,1,1,0,28,10,13,10,10,1,0,0,0,0,1,0,0,0,0,0,0,0,0,0,0,0,0
Saint Vincent and the Grenadines,127,"Fish body oils, nei",fish_oil,NA,NA,NA,NA,NA,7,0,0,1,1,3,3,0,0,0,0,0,0,0,1,0,0,0,2,1,1,1,1,0,2,0,0,0,0,0,0,0,0,0,0,0,0,0,0,0,0,0
Saint Vincent and the Grenadines,127,"Fish liver oils, nei",fish_oil,1,0,0,0,0,0,0,0,3,1,4,4,0,0,0,0,0,0,0,0,0,0,0,1,0,0,0,0,0,0,0,0,0,0,0,0,0,0,0,0,0,0,0,0,0,0,0
Saint Vincent and the Grenadines,127,Z_TOTAL,fish_oil,1,0,0,0,0,7,0,0,4,2,7,7,0,0,0,0,0,0,0,1,0,0,0,3,1,1,1,1,0,2,0,0,0,0,0,0,0,0,0,0,0,0,0,0,0,0,0
Samoa,152,Ornamental fish nei,ornamentals,NA,NA,NA,NA,NA,NA,NA,NA,NA,NA,NA,NA,NA,NA,NA,NA,NA,NA,NA,18,2,6,11,26,0,0,1,0,0,0,0,1,0,0,48,0,0,0,0,0,0,0,0,0,0,0,0
Samoa,152,Z_TOTAL,ornamentals,NA,NA,NA,NA,NA,NA,NA,NA,NA,NA,NA,NA,NA,NA,NA,NA,NA,NA,NA,18,2,6,11,26,0,0,1,0,0,0,0,1,0,0,48,0,0,0,0,0,0,0,0,0,0,0,0
Sao Tome and Principe,103,Ornamental fish nei,ornamentals,NA,NA,NA,NA,NA,NA,NA,NA,NA,NA,NA,NA,NA,NA,NA,NA,NA,NA,NA,NA,NA,2,1,0,0,0,0,0,0,0,8,1,0,0,0,0,0,0,0,0,0,0,0,0,0,0,0
Sao Tome and Principe,103,Z_TOTAL,ornamentals,NA,NA,NA,NA,NA,NA,NA,NA,NA,NA,NA,NA,NA,NA,NA,NA,NA,NA,NA,NA,NA,2,1,0,0,0,0,0,0,0,8,1,0,0,0,0,0,0,0,0,0,0,0,0,0,0,0
Saudi Arabia,50,"Fish body oils, nei",fish_oil,NA,NA,NA,NA,NA,NA,NA,NA,NA,NA,NA,NA,NA,NA,NA,NA,NA,NA,NA,NA,NA,NA,NA,NA,NA,NA,NA,NA,68,0,17,60,0,0,0,0,0,0,0,0,0,54,0,0,0,0,0
Saudi Arabia,50,Ornamental fish nei,ornamentals,NA,NA,NA,NA,NA,NA,NA,NA,NA,NA,NA,NA,NA,NA,NA,NA,NA,92,0,12.181555723399015,0,0,70.28431259454953,0,25,95.2275013660967,95.91900840497965,0,0,0,0,43.34830784489179,0,0,0,0,0,0,0,0,0,0,0,0,0,0,0
Saudi Arabia,50,Other seaweeds and aquatic plants and products thereof,seaweeds,NA,NA,NA,NA,NA,NA,NA,NA,NA,NA,NA,NA,NA,NA,NA,NA,NA,NA,NA,NA,NA,NA,9.685919086483011,0,0,17,0,0,0,17,0,0,0,4,0,0,0,0,0,0,0,0,0,0,0,0,0
Saudi Arabia,50,Z_TOTAL,fish_oil,NA,NA,NA,NA,NA,NA,NA,NA,NA,NA,NA,NA,NA,NA,NA,NA,NA,NA,NA,NA,NA,NA,NA,NA,NA,NA,NA,NA,68,0,17,60,0,0,0,0,0,0,0,0,0,54,0,0,0,0,0
Saudi Arabia,50,Z_TOTAL,ornamentals,NA,NA,NA,NA,NA,NA,NA,NA,NA,NA,NA,NA,NA,NA,NA,NA,NA,92,0,12.181555723399015,0,0,70.28431259454953,0,25,95.2275013660967,95.91900840497965,0,0,0,0,43.34830784489179,0,0,0,0,0,0,0,0,0,0,0,0,0,0,0
Saudi Arabia,50,Z_TOTAL,seaweeds,NA,NA,NA,NA,NA,NA,NA,NA,NA,NA,NA,NA,NA,NA,NA,NA,NA,NA,NA,NA,NA,NA,9.685919086483011,0,0,17,0,0,0,17,0,0,0,4,0,0,0,0,0,0,0,0,0,0,0,0,0
Senegal,66,"Clupeoid oils, nei",fish_oil,NA,NA,NA,NA,16,69,0,0,0,4,1,0,0,90,42,60,33,3,0,0,0,0,24,0,2,0,0,0,0,0,0,0,0,0,0,0,0,0,0,0,0,0,0,0,0,0,0
Senegal,66,"Fish body oils, nei",fish_oil,NA,NA,NA,NA,NA,NA,NA,NA,NA,NA,NA,NA,NA,NA,NA,NA,NA,NA,NA,NA,NA,NA,NA,NA,NA,NA,NA,NA,35,0,0,24.42451590987642,0,7,0,0,9,0,0,0,0,0,0,0,0,0,0
Senegal,66,"Fish liver oils, nei",fish_oil,NA,NA,NA,NA,NA,NA,NA,NA,NA,NA,NA,NA,NA,NA,NA,NA,NA,NA,NA,NA,129.7016189347455,0,0,3,0,0,0,0,16,0,19,29.46735137400333,0,71,0,80,0,101.25415959069551,0,37,31.96340523037884,0,68.60209378423951,82.31963112816607,0,0,0
Senegal,66,Other seaweeds and aquatic plants and products thereof,seaweeds,NA,NA,NA,NA,NA,NA,NA,NA,NA,NA,NA,NA,NA,NA,NA,NA,NA,NA,NA,NA,NA,NA,NA,NA,18.065038574482287,35,0,91.87017877833136,66.64688877243498,30,22,2,0,51,37,20,50.63665285774755,20,0,1,0,0,0,0,0,0,0
Senegal,66,Z_TOTAL,fish_oil,NA,NA,NA,NA,16,69,0,0,0,4,1,0,0,90,42,60,33,3,0,0,129.7016189347455,0,24,3,2,0,0,0,51,0,19,53.89186728387975,0,78,0,80,9,101.25415959069551,0,37,31.96340523037884,0,68.60209378423951,82.31963112816607,0,0,0
Senegal,66,Z_TOTAL,seaweeds,NA,NA,NA,NA,NA,NA,NA,NA,NA,NA,NA,NA,NA,NA,NA,NA,NA,NA,NA,NA,NA,NA,NA,NA,18.065038574482287,35,0,91.87017877833136,66.64688877243498,30,22,2,0,51,37,20,50.63665285774755,20,0,1,0,0,0,0,0,0,0
Seychelles,31,"Fish liver oils, nei",fish_oil,NA,NA,NA,NA,NA,NA,NA,NA,NA,NA,NA,NA,NA,NA,NA,NA,NA,NA,NA,NA,NA,NA,NA,NA,NA,NA,NA,NA,NA,NA,NA,NA,NA,NA,81,0,0,7.781748211082771,77.06596521220482,0,0,0,97,0,0,0,0
Seychelles,31,Z_TOTAL,fish_oil,NA,NA,NA,NA,NA,NA,NA,NA,NA,NA,NA,NA,NA,NA,NA,NA,NA,NA,NA,NA,NA,NA,NA,NA,NA,NA,NA,NA,NA,NA,NA,NA,NA,NA,81,0,0,7.781748211082771,77.06596521220482,0,0,0,97,0,0,0,0
Sierra Leone,96,Ornamental fish nei,ornamentals,NA,NA,NA,NA,NA,NA,NA,NA,NA,NA,NA,NA,NA,NA,NA,NA,NA,NA,NA,10.535498314761071,10.323972508832298,0,7,5,0,2,0,0,6,0,4,0,0,6,5,0,0,0,19,0,0,0,0,0,0,0,0
Sierra Leone,96,Z_TOTAL,ornamentals,NA,NA,NA,NA,NA,NA,NA,NA,NA,NA,NA,NA,NA,NA,NA,NA,NA,NA,NA,10.535498314761071,10.323972508832298,0,7,5,0,2,0,0,6,0,4,0,0,6,5,0,0,0,19,0,0,0,0,0,0,0,0
Singapore,208,Agar agar nei,seaweeds,NA,NA,NA,NA,NA,NA,NA,NA,NA,NA,NA,NA,NA,NA,NA,NA,NA,NA,NA,NA,NA,405.2258183464449,620.5733746251913,531.8491775528014,531.8125752078263,316.39181423912976,455.7214321800921,785.0958959655144,987.7737958546301,379.5936868073827,620.2805558653904,607.5742971307845,848.2611661887922,734.1976563371411,354.0713623032458,544.0796058027308,734.0878493022158,1000.1140311394848,962.0684596256177,733.9780422672904,961.9952549356675,708.5655247980789,594.5020149464277,0,0,0,0
Singapore,208,"Fish body oils, nei",fish_oil,NA,NA,NA,73,56,5,14,9,25,20,89,66,34,49,29,25,36,11,41,14,62,9,60,14,0,0,0,0,0,0,0,0,66.0944237605922,16.944978065866337,61.76166733533958,77.97996770266525,51.30068471676958,67.51898508409525,26.54050764712582,11.09630601564524,44.67791393070337,33.31919642810104,60.77257814984188,0,0,13.418602223180613,13.418602223180613
Singapore,208,"Fish liver oils, nei",fish_oil,NA,NA,NA,26,21,73,86,0,0,65,24,34,14,113.79936941722616,39.823730722154494,130.81046577575466,85.58973626623128,76.69099730687418,90.49350244137099,61.92035193400716,84,95,96,92.91571210521693,49.20839886861717,0,60,34.61951217393465,80,70,56,68,39,58.41130833689539,75.24064601723944,69,45.335837915136494,68.21884068717486,65,32.260367493377544,99.03244218020023,35.65071739559369,100.90937580949276,0,0,0,0
Singapore,208,"Seaweeds and other algae, fit for human consumption, nei",seaweeds,NA,NA,NA,NA,NA,NA,NA,NA,NA,NA,NA,NA,NA,NA,NA,NA,NA,NA,NA,NA,NA,NA,NA,NA,NA,NA,NA,NA,NA,NA,NA,NA,NA,NA,NA,NA,NA,439.4600301418702,435.3274235373324,399.9251620367679,500.0247384189854,0,517.8175709565987,0,0,0,0
Singapore,208,"Seaweeds and other algae, unfit for human consumption, nei",seaweeds,NA,NA,NA,NA,NA,NA,NA,NA,NA,NA,NA,NA,NA,NA,NA,NA,NA,NA,NA,NA,NA,NA,NA,NA,NA,NA,NA,NA,NA,NA,NA,NA,NA,NA,NA,NA,84,115.01983046600571,18.774587446114765,11.254000136155355,36,27.695767864920526,74,0,0,0,0
Singapore,208,Z_TOTAL,fish_oil,NA,NA,NA,99,77,78,100,9,25,85,113,100,48,162.79936941722616,68.8237307221545,155.81046577575466,121.58973626623128,87.69099730687418,131.493502441371,75.92035193400716,146,104,156,106.91571210521693,49.20839886861717,0,60,34.61951217393465,80,70,56,68,105.0944237605922,75.35628640276173,137.00231335257902,146.97996770266525,96.63652263190608,135.7378257712701,91.54050764712582,43.356673509022784,143.7103561109036,68.96991382369472,161.68195395933463,0,0,13.418602223180613,13.418602223180613
Singapore,208,Z_TOTAL,seaweeds,NA,NA,NA,NA,NA,NA,NA,NA,NA,NA,NA,NA,NA,NA,NA,NA,NA,NA,NA,NA,NA,405.2258183464449,620.5733746251913,531.8491775528014,531.8125752078263,316.39181423912976,455.7214321800921,785.0958959655144,987.7737958546301,379.5936868073827,620.2805558653904,607.5742971307845,848.2611661887922,734.1976563371411,354.0713623032458,544.0796058027308,818.0878493022158,1554.5938917473609,1416.170470609065,1145.1572044402137,1498.0199933546528,736.2612926629994,1186.3195859030266,0,0,0,0
Sint Eustatius,249,Ornamental fish nei,ornamentals,NA,NA,NA,NA,NA,NA,NA,NA,NA,NA,NA,NA,NA,NA,NA,NA,NA,NA,NA,NA,NA,4.298925510972666,6.992244700263579,3.015996544617167,2.967382763596717,1.7330675782616538,2.8701552015558036,2.821541420535354,0.8899220527608191,5.339532316564915,9.15348397125414,8.772088805785216,2.5784725154331056,2.529858734412656,0.12713172182297416,0,0,0,0,0,0,0,0,0,0,0,0
Sint Eustatius,249,Z_TOTAL,ornamentals,NA,NA,NA,NA,NA,NA,NA,NA,NA,NA,NA,NA,NA,NA,NA,NA,NA,NA,NA,NA,NA,4.298925510972666,6.992244700263579,3.015996544617167,2.967382763596717,1.7330675782616538,2.8701552015558036,2.821541420535354,0.8899220527608191,5.339532316564915,9.15348397125414,8.772088805785216,2.5784725154331056,2.529858734412656,0.12713172182297416,0,0,0,0,0,0,0,0,0,0,0,0
Sint Maarten,220,Ornamental fish nei,ornamentals,NA,NA,NA,NA,NA,NA,NA,NA,NA,NA,NA,NA,NA,NA,NA,NA,NA,NA,NA,NA,NA,4.298925510972666,6.992244700263579,3.015996544617167,2.967382763596717,1.7330675782616538,2.8701552015558036,2.821541420535354,0.8899220527608191,5.339532316564915,9.15348397125414,8.772088805785216,2.5784725154331056,2.529858734412656,0.12713172182297416,0,0,0,0,0,0,0,0,0,0,0,0
Sint Maarten,220,Z_TOTAL,ornamentals,NA,NA,NA,NA,NA,NA,NA,NA,NA,NA,NA,NA,NA,NA,NA,NA,NA,NA,NA,NA,NA,4.298925510972666,6.992244700263579,3.015996544617167,2.967382763596717,1.7330675782616538,2.8701552015558036,2.821541420535354,0.8899220527608191,5.339532316564915,9.15348397125414,8.772088805785216,2.5784725154331056,2.529858734412656,0.12713172182297416,0,0,0,0,0,0,0,0,0,0,0,0
Slovenia,188,Agar agar nei,seaweeds,NA,NA,NA,NA,NA,NA,NA,NA,NA,NA,NA,NA,NA,NA,NA,NA,NA,NA,3,0,0,0,7,2,0,3,8,4,9,60.996169697026744,3,99,240.70138529345311,67,97.88542679337934,157.78716532552147,146.06542143102047,4,0,1,15,2,3,0,0,0,0
Slovenia,188,"Fish body oils, nei",fish_oil,NA,NA,NA,NA,NA,NA,NA,NA,NA,NA,NA,NA,NA,NA,NA,NA,4,0,0,0,0,0,2,0,0,0,4,0,0,0,1,42,7.591967709051403,16.00518153205627,20.67600272433441,20.107474233595156,17.293510164419956,82,0,2,0,97,32,0,0,0,0
Slovenia,188,"Fish liver oils, nei",fish_oil,NA,NA,NA,NA,NA,NA,NA,NA,NA,NA,NA,NA,NA,NA,NA,NA,NA,NA,NA,NA,0,1,7,8,9,11,11,12,12,17,17,19,19,82,12,17,11,9,1,0,4,5,0,0,0,0,0
Slovenia,188,Ornamental saltwater fish,ornamentals,NA,NA,NA,NA,NA,NA,NA,NA,NA,NA,NA,NA,NA,NA,NA,NA,NA,NA,NA,NA,NA,NA,NA,NA,NA,NA,NA,NA,NA,NA,NA,NA,7,4,0,17,3,5,0,0,0,0,0,0,0,0,0
Slovenia,188,Other seaweeds and aquatic plants and products thereof,seaweeds,NA,NA,NA,NA,NA,NA,NA,NA,NA,NA,NA,NA,NA,NA,NA,NA,NA,NA,NA,NA,1,0,0,2,0,0,0,2,0,0,0,1,21,17,23.894098199926248,35.25013453096042,0,0,0,0,0,0,0,0,0,0,0
Slovenia,188,"Seaweeds and other algae, fit for human consumption, nei",seaweeds,NA,NA,NA,NA,NA,NA,NA,NA,NA,NA,NA,NA,NA,NA,NA,NA,NA,NA,NA,NA,NA,NA,NA,NA,NA,NA,NA,NA,NA,NA,NA,NA,NA,NA,NA,NA,62,129.63703703703698,77.99259259259256,70,71,9,16,0,0,0,0
Slovenia,188,"Seaweeds and other algae, unfit for human consumption, nei",seaweeds,NA,NA,NA,NA,NA,NA,NA,NA,NA,NA,NA,NA,NA,NA,NA,NA,NA,NA,NA,NA,NA,NA,NA,NA,NA,NA,NA,NA,NA,NA,NA,NA,NA,NA,NA,NA,27,48.374359812127295,34.27771560819383,27.425050711318363,29,23,21,0,0,0,0
Slovenia,188,Z_TOTAL,fish_oil,NA,NA,NA,NA,NA,NA,NA,NA,NA,NA,NA,NA,NA,NA,NA,NA,4,0,0,0,0,1,9,8,9,11,15,12,12,17,18,61,26.591967709051403,98.00518153205627,32.67600272433441,37.107474233595156,28.293510164419956,91,1,2,4,102,32,0,0,0,0
Slovenia,188,Z_TOTAL,ornamentals,NA,NA,NA,NA,NA,NA,NA,NA,NA,NA,NA,NA,NA,NA,NA,NA,NA,NA,NA,NA,NA,NA,NA,NA,NA,NA,NA,NA,NA,NA,NA,NA,7,4,0,17,3,5,0,0,0,0,0,0,0,0,0
Slovenia,188,Z_TOTAL,seaweeds,NA,NA,NA,NA,NA,NA,NA,NA,NA,NA,NA,NA,NA,NA,NA,NA,NA,NA,3,0,1,0,7,4,0,3,8,6,9,60.996169697026744,3,100,261.7013852934531,84,121.77952499330559,193.0372998564819,235.06542143102047,182.01139684916427,112.27030820078639,98.42505071131836,115,34,40,0,0,0,0
Solomon Islands,7,Ornamental fish nei,ornamentals,NA,NA,NA,NA,NA,NA,NA,NA,NA,NA,NA,NA,NA,NA,NA,NA,NA,NA,NA,NA,50,22,36,49,3,0,43,55,66,73,96,0,68,34,36,0,0,0,0,0,0,0,0,0,0,0,0
Solomon Islands,7,Z_TOTAL,ornamentals,NA,NA,NA,NA,NA,NA,NA,NA,NA,NA,NA,NA,NA,NA,NA,NA,NA,NA,NA,NA,50,22,36,49,3,0,43,55,66,73,96,0,68,34,36,0,0,0,0,0,0,0,0,0,0,0,0
South Africa,102,Agar agar nei,seaweeds,NA,NA,NA,NA,NA,NA,NA,NA,NA,NA,NA,NA,NA,NA,NA,NA,NA,NA,NA,NA,NA,NA,2,1,1,3,0,5,12,52,21,9,12,33,20,38,26,15,9,40,21,7,9,0,0,0,0
South Africa,102,"Fish body oils, nei",fish_oil,NA,NA,NA,NA,NA,NA,NA,NA,NA,NA,64,0,0,37,13,0,0,0,72,0,0,0,0,17,0,8,0,0,0,0,0,0,0,0,0,0,0,0,0,0,0,0,0,0,0,0,0
South Africa,102,"Fish liver oils, nei",fish_oil,NA,NA,2,0,0,0,0,0,0,0,0,0,0,0,0,7,12,13,22,4,3,3,54.4276506158087,3,0,1,44,5,13,2,32,11,0,0,0,32,0,0,72.833250191382,48.42730076584125,0,43.37496018394876,46.94643325838133,0,0,51.2045242124544,51.2045242124544
South Africa,102,Ornamental fish nei,ornamentals,NA,NA,NA,NA,NA,NA,NA,NA,NA,92,0,0,0,0,0,0,0,0,0,0,0,0,86,46,27,31,6,75,13,3,3,1,0,1,2,2,0,0,0,0,0,0,0,0,0,0,0
South Africa,102,Ornamental saltwater fish,ornamentals,NA,NA,NA,NA,NA,NA,NA,NA,NA,NA,NA,NA,NA,NA,NA,NA,NA,NA,NA,NA,NA,NA,NA,NA,NA,NA,NA,NA,NA,NA,NA,NA,NA,NA,NA,NA,NA,1,41,10.724329767472,114.63287554009707,44,47.58714348235981,0,0,0,0
South Africa,102,Z_TOTAL,fish_oil,NA,NA,2,0,0,0,0,0,0,0,64,0,0,37,13,7,12,13,94,4,3,3,54.4276506158087,20,0,9,44,5,13,2,32,11,0,0,0,32,0,0,72.833250191382,48.42730076584125,0,43.37496018394876,46.94643325838133,0,0,51.2045242124544,51.2045242124544
South Africa,102,Z_TOTAL,ornamentals,NA,NA,NA,NA,NA,NA,NA,NA,NA,92,0,0,0,0,0,0,0,0,0,0,0,0,86,46,27,31,6,75,13,3,3,1,0,1,2,2,0,1,41,10.724329767472,114.63287554009707,44,47.58714348235981,0,0,0,0
South Africa,102,Z_TOTAL,seaweeds,NA,NA,NA,NA,NA,NA,NA,NA,NA,NA,NA,NA,NA,NA,NA,NA,NA,NA,NA,NA,NA,NA,2,1,1,3,0,5,12,52,21,9,12,33,20,38,26,15,9,40,21,7,9,0,0,0,0
South Korea,20,Agar agar in strips,seaweeds,NA,NA,NA,NA,NA,NA,NA,NA,NA,NA,NA,NA,NA,NA,NA,NA,NA,NA,NA,NA,NA,NA,NA,NA,NA,NA,NA,NA,NA,NA,NA,NA,NA,NA,0,0,0,0,0,NA,NA,NA,NA,0,0,0,0
South Korea,20,Agar agar nei,seaweeds,NA,NA,NA,NA,NA,NA,NA,NA,NA,NA,NA,NA,32,52,107.5468277927545,94.2488993632173,47,64,15,67.61047008764427,240.18553275613726,452.59052208849397,226.8663181183508,293.2282430165408,1010.1456367578365,1103.0608460986025,1116.316202111641,1076.464989239528,1076.4437030312786,0,996.7412772870528,0,332.86659380616055,359.39859204048696,346.1006636109498,93.82317519823086,131.2565789473684,2,30,51,24,35,0,0,0,0,0
South Korea,20,"Fish body oils, nei",fish_oil,NA,20,0,0,0,0,0,0,0,0,0,15,7,15,2,0,0,0,0,0,0,0,0,0,0,0,0,0,0,0,0,0,0,0,0,0,0,0,0,0,0,0,0,0,0,0,0
South Korea,20,"Fish liver oils, nei",fish_oil,24,67,27,0,0,0,0,0,21,0,0,6,16,0,0,85,81,0,43,0,0,46,12,28.24406159256199,0,0,0,0,0,0,0,0,0,0,0,0,0,0,0,0,0,0,0,0,0,0,0
South Korea,20,Kelp meal,seaweeds,NA,NA,NA,NA,NA,NA,71,57,0,46,69,63,47,92,45,32,18,7,30,48,21,14,87,42,4,0,0,2,51,73,19.470643174391853,0,8,4,6,3,0,0,0,0,0,0,0,0,0,0,0
South Korea,20,Ornamental saltwater fish,ornamentals,NA,NA,599.4748382020965,0,0,437.09674442686446,518.9691259794004,0,667.8776985960054,252.73769878490003,83,460.9910333553726,3,0,0,0,0,12,10,25,13,22,88,76,0,0,0,0,0,0,0,0,0,0,0,0,7,0,0,16,8,0,13,0,0,0,0
South Korea,20,Other red algae,seaweeds,NA,NA,NA,NA,NA,NA,45.79487890380378,0,0,67.57092003046643,49.513774354478585,61.40774682397711,21.956945329784645,60.592987572038936,54.3023525960636,92.93839483831789,42.790765435023104,50.40600674088074,9.885522455778045,29.267274461648213,0,0,0,0,0,0,0,0,0,0,0,0,0,0,0,0,0,0,0,0,0,0,0,0,0,0,0
South Korea,20,"Seaweeds and other algae, fit for human consumption, nei",seaweeds,NA,NA,NA,NA,NA,NA,NA,NA,NA,NA,NA,NA,NA,NA,NA,NA,NA,NA,NA,NA,NA,NA,NA,NA,NA,NA,NA,NA,NA,NA,NA,NA,NA,NA,NA,NA,177.80057013018086,251.8421007657098,70.51478308368723,128.9214862712031,114.3656613679891,329.1206390356383,189.48619454831828,0,0,0,0
South Korea,20,Shark liver oil,fish_oil,3,0,20,10,0,0,0,2,0,14,0,0,0,41,0,10,27.26233865316378,0,0,68,53,20,0,0,0,0,0,0,0,0,42,0,0,93,12.871921924183312,180.55000044754686,162.37392495576768,0,64.82589399161347,0,0,0,0,0,0,0,0
South Korea,20,Z_TOTAL,fish_oil,27,87,47,10,0,0,0,2,21,14,0,21,23,56,2,95,108.26233865316378,0,43,68,53,66,12,28.24406159256199,0,0,0,0,0,0,42,0,0,93,12.871921924183312,180.55000044754686,162.37392495576768,0,64.82589399161347,0,0,0,0,0,0,0,0
South Korea,20,Z_TOTAL,ornamentals,NA,NA,599.4748382020965,0,0,437.09674442686446,518.9691259794004,0,667.8776985960054,252.73769878490003,83,460.9910333553726,3,0,0,0,0,12,10,25,13,22,88,76,0,0,0,0,0,0,0,0,0,0,0,0,7,0,0,16,8,0,13,0,0,0,0
South Korea,20,Z_TOTAL,seaweeds,NA,NA,NA,NA,NA,NA,116.79487890380378,57,0,113.57092003046643,118.51377435447858,124.4077468239771,100.95694532978465,204.59298757203894,206.8491803888181,219.1872942015352,107.7907654350231,121.40600674088074,54.885522455778045,144.8777445492925,261.18553275613726,466.59052208849397,313.8663181183508,335.2282430165408,1014.1456367578365,1103.0608460986025,1116.316202111641,1078.464989239528,1127.4437030312786,73,1016.2119204614446,0,340.86659380616055,363.39859204048696,352.1006636109498,96.82317519823086,309.0571490775493,253.8421007657098,100.51478308368723,179.9214862712031,138.3656613679891,364.1206390356383,189.48619454831828,0,0,0,0
Spain,182,Ornamental fish nei,ornamentals,NA,51,2,1,2,0,0,0,0,0,0,2,0,0,0,0,0,0,0,0,0,0,0,0,0,0,0,0,0,0,0,0,0,0,0,0,0,0,0,0,0,0,0,0,0,0,0
Spain,182,Ornamental saltwater fish,ornamentals,NA,NA,NA,NA,NA,NA,NA,NA,NA,NA,NA,NA,0,1,21,2,7.60125254000107,0,216.2858404810131,0,0,0,0,0,0,0,0,0,0,0,0,0,0,0,0,0,0,0,0,0,0,0,0,0,0,0,0
Spain,182,Other seaweeds and aquatic plants and products thereof,seaweeds,NA,NA,NA,NA,NA,NA,NA,NA,NA,NA,NA,NA,NA,77,0,0,0,0,167.6161203756754,0,0,0,0,0,0,125.64931846733941,0,210.23675939526683,0,0,0,0,0,0,0,0,0,0,0,0,0,0,0,0,0,0,0
Spain,182,Z_TOTAL,ornamentals,NA,51,2,1,2,0,0,0,0,0,0,2,0,1,21,2,7.60125254000107,0,216.2858404810131,0,0,0,0,0,0,0,0,0,0,0,0,0,0,0,0,0,0,0,0,0,0,0,0,0,0,0,0
Spain,182,Z_TOTAL,seaweeds,NA,NA,NA,NA,NA,NA,NA,NA,NA,NA,NA,NA,NA,77,0,0,0,0,167.6161203756754,0,0,0,0,0,0,125.64931846733941,0,210.23675939526683,0,0,0,0,0,0,0,0,0,0,0,0,0,0,0,0,0,0,0
Sri Lanka,40,Agar agar nei,seaweeds,NA,NA,NA,NA,NA,NA,NA,NA,NA,NA,NA,NA,NA,NA,NA,NA,NA,NA,NA,2,2,6,1,0,0,0,0,0,1,2,1,2,2,0,1,1,0,1,1,0,1,1,1,0,0,0,0
Sri Lanka,40,"Fish body oils, nei",fish_oil,NA,NA,NA,NA,NA,NA,NA,NA,NA,30.880620912401284,17.44619411812755,0,16,14,0,0,0,0,0,0,0,0,0,0,0,0,0,0,0,0,0,0,43,0,0,0,0,0,0,0,0,0,3.8394739474778863,0,0,0,0
Sri Lanka,40,"Fish liver oils, nei",fish_oil,NA,NA,NA,NA,NA,NA,NA,NA,NA,221.57815446006572,173.88828420147618,0,95,97,73,61,215.95327487013543,227.93689774249071,68,28,81,102.81825915217186,102.86718339833817,15,89,103.01395613683711,120.96492832228685,103.11180462916974,186.7036192586588,50,81,139.11159749240187,246.57280937426884,127.27474735854554,67.65017847376703,85.60115065921678,49.84597902681622,79.73164983845493,163.323464467944,55.960101078409636,67.9437239507649,50.09060025764777,15,0,0,0,0
Sri Lanka,40,Other seaweeds and aquatic plants and products thereof,seaweeds,NA,NA,NA,NA,NA,NA,NA,NA,NA,NA,NA,NA,NA,NA,NA,NA,NA,NA,NA,0,11,16,8,12,0,0,4,43,3,6,15,9,74,41,47,32,22,0,0,0,1,0,0,0,0,0,0
Sri Lanka,40,"Seaweeds and other algae, fit for human consumption, nei",seaweeds,NA,NA,NA,NA,NA,NA,NA,NA,NA,NA,NA,NA,NA,NA,NA,NA,NA,NA,NA,NA,NA,NA,NA,NA,NA,NA,NA,NA,NA,NA,NA,NA,NA,NA,NA,NA,NA,94,0,85,50,54,81,0,0,0,0
Sri Lanka,40,Z_TOTAL,fish_oil,NA,NA,NA,NA,NA,NA,NA,NA,NA,252.45877537246702,191.33447831960373,0,111,111,73,61,215.95327487013543,227.93689774249071,68,28,81,102.81825915217186,102.86718339833817,15,89,103.01395613683711,120.96492832228685,103.11180462916974,186.7036192586588,50,81,139.11159749240187,289.57280937426884,127.27474735854554,67.65017847376703,85.60115065921678,49.84597902681622,79.73164983845493,163.323464467944,55.960101078409636,67.9437239507649,50.09060025764777,18.839473947477885,0,0,0,0
Sri Lanka,40,Z_TOTAL,seaweeds,NA,NA,NA,NA,NA,NA,NA,NA,NA,NA,NA,NA,NA,NA,NA,NA,NA,NA,NA,2,13,22,9,12,0,0,4,43,4,8,16,11,76,41,48,33,22,95,1,85,52,55,82,0,0,0,0
Suriname,168,Ornamental fish nei,ornamentals,NA,NA,NA,NA,NA,NA,NA,NA,NA,NA,NA,NA,NA,NA,NA,NA,NA,NA,NA,NA,NA,1,0,0,0,0,8,3,3,1,0,8,6,0,0,0,3,1,0,0,0,0,0,0,0,0,0
Suriname,168,Z_TOTAL,ornamentals,NA,NA,NA,NA,NA,NA,NA,NA,NA,NA,NA,NA,NA,NA,NA,NA,NA,NA,NA,NA,NA,1,0,0,0,0,8,3,3,1,0,8,6,0,0,0,3,1,0,0,0,0,0,0,0,0,0
Sweden,222,Agar agar nei,seaweeds,NA,NA,NA,NA,NA,NA,NA,NA,NA,NA,NA,NA,NA,NA,NA,NA,NA,NA,56.12315216348479,11,80,88,75,50,50,60,64,42,91,54,15,75,49,1,4,17,18,17,77.058304294454,8,44,16,12,0,0,0,0
Sweden,222,"Fish liver oils, nei",fish_oil,NA,0,8,41,26.07118843396468,92,80,65.74531095078002,17,2,6,11,0,16.274523099537205,8.721967236614347,7.402590384249876,47,10.997015690079323,20.758845967596443,15.284016441526376,41.667657413865854,0,0,0,0,73.16242266101146,0,0,0,0,0,0,0,0,0,0,0,0,0,29.75843068567525,14.587544920958791,16.03846985106472,20.952272009258635,0,0,0,0
Sweden,222,"Halibuts, liver oils",fish_oil,NA,NA,NA,NA,NA,NA,NA,NA,NA,NA,NA,NA,NA,NA,NA,NA,NA,NA,NA,16,0,0,0,11,1,4,0,0,36,1,74,0,0,63.25823554327059,41.130348040481294,0,53,0,0,2,0,0,0,0,0,0,0
Sweden,222,Ornamental fish nei,ornamentals,86,77,72,99,59.73559151188476,100.36729111244813,62.34960735604386,120.0789989907305,184.64746743906642,184.24470615773362,194.1005600968748,162.92195315412016,100.96750054994322,93.72566245496114,76.22520913950495,65.56383263769817,58.32199454271597,57.91923326138317,60.93601038687507,0,0,0,0,0,0,0,0,0,0,0,0,0,0,0,0,0,0,0,0,0,0,0,0,0,0,0,0
Sweden,222,Ornamental saltwater fish,ornamentals,NA,NA,NA,NA,NA,NA,NA,NA,NA,NA,NA,NA,NA,NA,NA,NA,NA,NA,NA,1,1,1,4,1,18,4,0,444.5959504594375,0,0,10,0,18,11,70,31,63,42.69653687883874,34.45111106112495,35.079161782395886,35.70721250366705,36.33526322493799,54.71026702417885,0,0,0,0
Sweden,222,Other seaweeds and aquatic plants and products thereof,seaweeds,NA,NA,NA,NA,NA,NA,NA,NA,NA,NA,NA,NA,NA,NA,NA,NA,NA,NA,99,12,17.396075159250245,20.03573817455947,19.581782147092213,18.096619772032795,18.6738700921577,20.282326759874763,9.516307256485788,0,34,8.154439174083905,7.700483146616648,16.52738424747895,8.854983786866455,21.806710278097512,20.321547903038095,17.805179180386403,0,0,0,0,0,0,0,0,0,0,0
Sweden,222,"Seaweeds and other algae, fit for human consumption, nei",seaweeds,NA,NA,NA,NA,NA,NA,NA,NA,NA,NA,NA,NA,NA,NA,NA,NA,NA,NA,NA,NA,NA,NA,NA,NA,NA,NA,NA,NA,NA,NA,NA,NA,NA,NA,NA,NA,71.11204459502505,87.3428276245304,115.62402418036618,240.30852894684358,389.09386076598184,471.60191819030433,596.2864229567822,0,0,0,0
Sweden,222,"Seaweeds and other algae, unfit for human consumption, nei",seaweeds,NA,NA,NA,NA,NA,NA,NA,NA,NA,NA,NA,NA,NA,NA,NA,NA,NA,NA,NA,NA,NA,NA,NA,NA,NA,NA,NA,NA,NA,NA,NA,NA,NA,NA,NA,NA,33,27,28,26,72,72,104.50000000000003,0,0,0,0
Sweden,222,Z_TOTAL,fish_oil,NA,0,8,41,26.07118843396468,92,80,65.74531095078002,17,2,6,11,0,16.274523099537205,8.721967236614347,7.402590384249876,47,10.997015690079323,20.758845967596443,31.284016441526376,41.667657413865854,0,0,11,1,77.16242266101146,0,0,36,1,74,0,0,63.25823554327059,41.130348040481294,0,53,0,0,31.75843068567525,14.587544920958791,16.03846985106472,20.952272009258635,0,0,0,0
Sweden,222,Z_TOTAL,ornamentals,86,77,72,99,59.73559151188476,100.36729111244813,62.34960735604386,120.0789989907305,184.64746743906642,184.24470615773362,194.1005600968748,162.92195315412016,100.96750054994322,93.72566245496114,76.22520913950495,65.56383263769817,58.32199454271597,57.91923326138317,60.93601038687507,1,1,1,4,1,18,4,0,444.5959504594375,0,0,10,0,18,11,70,31,63,42.69653687883874,34.45111106112495,35.079161782395886,35.70721250366705,36.33526322493799,54.71026702417885,0,0,0,0
Sweden,222,Z_TOTAL,seaweeds,NA,NA,NA,NA,NA,NA,NA,NA,NA,NA,NA,NA,NA,NA,NA,NA,NA,NA,155.1231521634848,23,97.39607515925024,108.03573817455947,94.58178214709221,68.0966197720328,68.6738700921577,80.28232675987476,73.51630725648579,42,125,62.154439174083905,22.700483146616648,91.52738424747895,57.854983786866455,22.806710278097512,24.321547903038095,34.8051791803864,122.11204459502505,131.3428276245304,220.68232847482017,274.3085289468436,505.09386076598184,559.6019181903043,712.7864229567822,0,0,0,0
Syria,77,Ornamental fish nei,ornamentals,NA,NA,NA,NA,NA,NA,NA,NA,NA,NA,NA,NA,NA,NA,NA,NA,NA,NA,NA,NA,NA,NA,NA,NA,NA,2,0,0,2,33,41,11.33217312803356,39.466081352794845,60.739389281086574,53.42686264075496,1,0,0,0,0,0,0,0,0,0,0,0
Syria,77,Z_TOTAL,ornamentals,NA,NA,NA,NA,NA,NA,NA,NA,NA,NA,NA,NA,NA,NA,NA,NA,NA,NA,NA,NA,NA,NA,NA,NA,NA,2,0,0,2,33,41,11.33217312803356,39.466081352794845,60.739389281086574,53.42686264075496,1,0,0,0,0,0,0,0,0,0,0,0
Taiwan,14,Agar agar nei,seaweeds,47,14.88705295098059,665.421235585837,0,904.35822315252,0,0,0,0,0,0,0,0,1116.592922818882,0,0,0,0,1182.869702884075,0,0,0,0,0,996.8689945365487,996.8477083282993,0,1063.1883470182402,970.2305652609757,903.826067946287,664.8252217548561,611.6973666614552,651.5060071170694,757.6978586791231,332.8240213896619,505.3990840581548,877.1237800459661,0,0,0,0,0,0,0,0,0,0
Taiwan,14,"Fish body oils, nei",fish_oil,19,0,9,26,45,0,0,0,0,0,24.957241524306482,41.66876416455739,39,0,0,0,0,0,0,0,0,61.3432726078662,0,30,52,0,0,14,44,97,54,70,67,45,31,76,84,1,14,110.94070080862537,54.792452830188694,84,96,0,0,0,0
Taiwan,14,"Fish liver oils, nei",fish_oil,55,0,14,10,40,12,0,0,0,0,62,0,10,24,0,0,4,0,36,4,57,7.2392218321175505,14.496390595760943,7.2747466854373215,19.52460947458661,0,88,42,16,22,21,7.916115501267086,0,24.926800041306876,19.202964338635013,9.98424281810901,10.251639946044236,9.520498268878214,7.790817786611058,4.0640596941415765,23,18.57839722142836,7.8618674932506565,0,0,0,0
Taiwan,14,"Oils and fats of aquatic animals, nei",fish_oil,166.60209753722003,0,90,65,67.66298033589067,56,35.251433565824,47.774943263903126,63.88961334737135,47.683839962338,42,37,42.16044443190674,0,0,0,0,0,0,0,0,0,0,0,0,0,0,0,0,0,0,0,0,0,0,0,0,0,0,0,0,0,0,0,0,0,0
Taiwan,14,Ornamental fish nei,ornamentals,89.75207941518806,36,63.606752419673285,0,139.19412367574182,20.920601758733483,69.11876788977065,73,82.27925612782224,68.05053924084234,63.070249467642725,39.593105466882434,25.36438857990254,88,59,43,8,22,0,41,14,2,0,0,3,62.35331977989097,87.43041812647732,75.51380801794244,11,53.9926945793178,46.70029802767306,76.40160993114966,0,89.56209816920125,66.08495416844096,70.35309150902162,150.9207525382899,229.1763067891129,0,0,0,0,0,0,0,0,0
Taiwan,14,Ornamental saltwater fish,ornamentals,NA,NA,NA,NA,NA,NA,NA,NA,NA,NA,NA,NA,NA,31.28817692176824,98.32436798583728,76.34341611910486,106.28913096200665,165.90722678184227,292.2881797997789,388.99675184078177,433.7786571721504,567.5777054343206,597.5234202772224,516.1977064566223,442.2900878802558,257.11104064038744,301.89294597175615,450.5281847223931,695.598661648065,666.1996145370991,666.4729484030671,637.0739012921014,622.5110446696024,496.6767593836017,556.2948552034372,437.87866516166997,334.2986656083695,327.15390423010405,201.31961894410335,260.9377147639389,290.8834296068407,395.010096892077,410.1196212465119,0,0,0,0
Taiwan,14,"Other brown algae (laminaria, eisenia/ecklonia)",seaweeds,NA,NA,NA,NA,NA,NA,NA,NA,NA,NA,NA,NA,NA,NA,NA,NA,NA,NA,NA,NA,NA,NA,88,88,NA,NA,0,0,0,0,0,0,0,0,0,0,NA,NA,NA,NA,NA,NA,NA,0,0,0,0
Taiwan,14,Other red algae,seaweeds,NA,NA,NA,NA,NA,NA,NA,NA,NA,NA,NA,NA,NA,NA,NA,NA,NA,NA,NA,NA,NA,NA,3,0,0,0,0,7,2,0,2,0,6,0,1,5,12,20,35,45,66,26,15,0,0,0,0
Taiwan,14,Other seaweeds and aquatic plants and products thereof,seaweeds,18.46111029607937,21.461498636331953,39.54204991047254,29.078007059753702,49,22.691507044565185,11.150309698568662,10.380657305349246,24.152590598378936,17.997165728770938,13.996049849718418,10.533511218304739,11.918167815640743,0,0,0,0,0,0,0,0,0,0,0,0,0,0,0,0,0,0,0,50.382844715138106,0,0,0,0,0,0,0,0,11,24,0,0,0,0
Taiwan,14,"Seaweeds and other algae, unfit for human consumption, nei",seaweeds,NA,NA,NA,NA,NA,NA,NA,NA,NA,NA,NA,NA,NA,NA,NA,NA,NA,NA,NA,NA,NA,NA,NA,NA,NA,NA,NA,NA,NA,NA,NA,NA,NA,NA,NA,NA,NA,22,79.09593169479001,124.39196196266758,0,157.26192241409808,0,0,0,0,0
Taiwan,14,Z_TOTAL,fish_oil,240.60209753722003,0,113,101,152.66298033589067,68,35.251433565824,47.774943263903126,63.88961334737135,47.683839962338,128.95724152430648,78.66876416455739,91.16044443190674,24,0,0,4,0,36,4,57,68.58249443998375,14.496390595760943,37.27474668543732,71.52460947458661,0,88,56,60,119,75,77.91611550126709,67,69.92680004130688,50.20296433863501,85.98424281810901,94.25163994604424,10.520498268878214,21.790817786611058,115.00476050276694,77.7924528301887,102.57839722142836,103.86186749325066,0,0,0,0
Taiwan,14,Z_TOTAL,ornamentals,89.75207941518806,36,63.606752419673285,0,139.19412367574182,20.920601758733483,69.11876788977065,73,82.27925612782224,68.05053924084234,63.070249467642725,39.593105466882434,25.36438857990254,119.28817692176824,157.32436798583728,119.34341611910486,114.28913096200665,187.90722678184227,292.2881797997789,429.99675184078177,447.7786571721504,569.5777054343206,597.5234202772224,516.1977064566223,445.2900878802558,319.4643604202784,389.32336409823347,526.0419927403356,706.598661648065,720.1923091164169,713.1732464307402,713.475511223251,622.5110446696024,586.238857552803,622.3798093718782,508.2317566706916,485.2194181466594,556.3302110192169,201.31961894410335,260.9377147639389,290.8834296068407,395.010096892077,410.1196212465119,0,0,0,0
Taiwan,14,Z_TOTAL,seaweeds,65.46111029607937,36.34855158731254,704.9632854963096,29.078007059753702,953.35822315252,22.691507044565185,11.150309698568662,10.380657305349246,24.152590598378936,17.997165728770938,13.996049849718418,10.533511218304739,11.918167815640743,1116.592922818882,0,0,0,0,1182.869702884075,0,0,0,91,88,996.8689945365487,996.8477083282993,0,1070.1883470182402,972.2305652609757,903.826067946287,666.8252217548561,611.6973666614552,707.8888518322076,757.6978586791231,333.8240213896619,510.3990840581548,889.1237800459661,42,114.09593169479001,169.39196196266758,66,194.26192241409808,39,0,0,0,0
Tanzania,202,"Fish body oils, nei",fish_oil,NA,NA,NA,NA,NA,NA,NA,NA,NA,NA,NA,NA,NA,NA,NA,NA,NA,NA,NA,NA,NA,5,6,0,0,0,0,0,0,0,0,0,0,0,2,3,0,0,59,0,0,0,0,0,0,0,0
Tanzania,202,Ornamental fish nei,ornamentals,NA,NA,NA,NA,NA,NA,NA,NA,NA,NA,NA,NA,NA,NA,NA,30,26,72,45,16,0,0,0,83,50.10980864490648,61.08056810685366,47.46084992416081,80.78658906305373,58.224879009581855,44.605160826889005,55.57592028883573,29,62.98670242271601,98,20,5,2,0,0,0,0,0,0,0,0,0,0
Tanzania,202,Ornamental saltwater fish,ornamentals,NA,NA,NA,NA,NA,NA,NA,NA,NA,NA,NA,NA,NA,NA,NA,NA,NA,NA,NA,NA,NA,NA,NA,NA,NA,NA,NA,NA,NA,NA,NA,NA,NA,NA,NA,NA,NA,1,16,0,38.69687964585023,4,28,0,0,0,0
Tanzania,202,"Seaweeds and other algae, unfit for human consumption, nei",seaweeds,NA,NA,NA,NA,NA,NA,NA,NA,NA,NA,NA,NA,NA,NA,NA,NA,NA,NA,NA,NA,NA,NA,NA,NA,NA,NA,NA,NA,NA,NA,NA,NA,NA,NA,NA,NA,21,49,0,22,0,30,14,0,0,0,0
Tanzania,202,Z_TOTAL,fish_oil,NA,NA,NA,NA,NA,NA,NA,NA,NA,NA,NA,NA,NA,NA,NA,NA,NA,NA,NA,NA,NA,5,6,0,0,0,0,0,0,0,0,0,0,0,2,3,0,0,59,0,0,0,0,0,0,0,0
Tanzania,202,Z_TOTAL,ornamentals,NA,NA,NA,NA,NA,NA,NA,NA,NA,NA,NA,NA,NA,NA,NA,30,26,72,45,16,0,0,0,83,50.10980864490648,61.08056810685366,47.46084992416081,80.78658906305373,58.224879009581855,44.605160826889005,55.57592028883573,29,62.98670242271601,98,20,5,2,1,16,0,38.69687964585023,4,28,0,0,0,0
Tanzania,202,Z_TOTAL,seaweeds,NA,NA,NA,NA,NA,NA,NA,NA,NA,NA,NA,NA,NA,NA,NA,NA,NA,NA,NA,NA,NA,NA,NA,NA,NA,NA,NA,NA,NA,NA,NA,NA,NA,NA,NA,NA,21,49,0,22,0,30,14,0,0,0,0
Thailand,25,Agar agar nei,seaweeds,NA,NA,NA,NA,NA,NA,NA,NA,NA,NA,NA,NA,NA,NA,NA,NA,NA,NA,113.93352841986481,278.6024591400884,215.21757484695996,443.2347875153369,455.86784155999254,481.1705519942787,443.1249804804116,848.517382603618,0,0,0,0,0,0,0,0,0,0,0,1202.8285333735755,696.0056754433735,0,0,0,0,0,0,0,0
Thailand,25,"Fish body oils, nei",fish_oil,NA,NA,NA,NA,1,1,1,0,1,0,0,0,0,51,0,0,4,48,0,93.2359694925149,10,0,0,0,0,0,0,0,0,0,0,0,0,0,0,0,0,0,0,0,0,0,0,0,0,0,0
Thailand,25,"Fish liver oils, nei",fish_oil,NA,NA,NA,2,69.78788567170523,0,0,0,0,0,0,0,0,19.9675604959632,23.176151719994948,97,18,32.80192539208991,36.01051661612155,48.2996054776948,74.2094407955804,103.1461086593132,147.21693925228192,85.34863074059899,89,42,31,13,2,0,6,42.91362825129056,21.90755910854466,6,11,12,79,44,35,16,57,23,89.17182907528826,0,0,0,0
Thailand,25,Ornamental fish nei,ornamentals,NA,NA,NA,NA,NA,NA,NA,NA,NA,NA,NA,NA,197.63877399668888,94.48588129758116,114.80932931810923,112.49544820670394,178.0935544910983,0,0,0,0,0,0,0,0,0,0,0,0,0,0,0,0,0,0,0,0,61.59006375578895,110.72465794423192,176.32276422862628,0,0,0,0,0,0,0
Thailand,25,"Seaweeds and other algae, fit for human consumption, nei",seaweeds,NA,NA,NA,NA,NA,NA,NA,NA,NA,NA,NA,NA,NA,NA,NA,499.10772054567724,494.9751139411396,480.41928903792586,0,0,389.84733198424556,396.13794367838295,178.32936195099592,184.61997364513377,190.91058533927162,61.699359150626606,0,84.70380083757755,64.93636678502662,0,0,0,0,0,0,0,0,0,0,0,0,0,0,0,0,0,0
Thailand,25,"Seaweeds and other algae, unfit for human consumption, nei",seaweeds,NA,NA,NA,NA,NA,NA,NA,NA,NA,NA,NA,NA,NA,NA,NA,NA,NA,NA,NA,NA,NA,NA,NA,NA,NA,NA,NA,NA,NA,NA,NA,9,25,20,93,0,0,0,0,0,0,57.74766737957498,113.19296476698582,0,0,0,0
Thailand,25,Z_TOTAL,fish_oil,NA,NA,NA,2,70.78788567170523,1,1,0,1,0,0,0,0,70.9675604959632,23.176151719994948,97,22,80.80192539208991,36.01051661612155,141.5355749702097,84.2094407955804,103.1461086593132,147.21693925228192,85.34863074059899,89,42,31,13,2,0,6,42.91362825129056,21.90755910854466,6,11,12,79,44,35,16,57,23,89.17182907528826,0,0,0,0
Thailand,25,Z_TOTAL,ornamentals,NA,NA,NA,NA,NA,NA,NA,NA,NA,NA,NA,NA,197.63877399668888,94.48588129758116,114.80932931810923,112.49544820670394,178.0935544910983,0,0,0,0,0,0,0,0,0,0,0,0,0,0,0,0,0,0,0,0,61.59006375578895,110.72465794423192,176.32276422862628,0,0,0,0,0,0,0
Thailand,25,Z_TOTAL,seaweeds,NA,NA,NA,NA,NA,NA,NA,NA,NA,NA,NA,NA,NA,NA,NA,499.10772054567724,494.9751139411396,480.41928903792586,113.93352841986481,278.6024591400884,605.0649068312055,839.3727311937198,634.1972035109884,665.7905256394124,634.0355658196831,910.2167417542446,0,84.70380083757755,64.93636678502662,0,0,9,25,20,93,0,0,1202.8285333735755,696.0056754433735,0,0,57.74766737957498,113.19296476698582,0,0,0,0
Tonga,155,Ornamental fish nei,ornamentals,NA,NA,NA,NA,NA,NA,NA,NA,NA,NA,NA,NA,NA,NA,NA,NA,NA,NA,NA,NA,NA,NA,NA,NA,NA,NA,NA,NA,NA,NA,NA,NA,NA,10,0,9,15,4,0,0,0,0,0,0,0,0,0
Tonga,155,Other seaweeds and aquatic plants and products thereof,seaweeds,NA,NA,NA,NA,NA,NA,NA,NA,NA,NA,NA,NA,NA,NA,NA,NA,NA,NA,NA,NA,NA,NA,NA,NA,111.64663662031683,0,37,0,0,0,0,84,23,0,1,0,0,0,0,0,0,0,0,0,0,0,0
Tonga,155,Z_TOTAL,ornamentals,NA,NA,NA,NA,NA,NA,NA,NA,NA,NA,NA,NA,NA,NA,NA,NA,NA,NA,NA,NA,NA,NA,NA,NA,NA,NA,NA,NA,NA,NA,NA,NA,NA,10,0,9,15,4,0,0,0,0,0,0,0,0,0
Tonga,155,Z_TOTAL,seaweeds,NA,NA,NA,NA,NA,NA,NA,NA,NA,NA,NA,NA,NA,NA,NA,NA,NA,NA,NA,NA,NA,NA,NA,NA,111.64663662031683,0,37,0,0,0,0,84,23,0,1,0,0,0,0,0,0,0,0,0,0,0,0
Trinidad and Tobago,126,Ornamental fish nei,ornamentals,NA,NA,NA,NA,NA,NA,98.53098748500916,56,59.531140455091524,83,74,137.374609215517,169.8149673406732,176.2851846457719,221.71061318095684,42,195.69583656106795,338.50929317146864,507.2928906019267,0,0,0,0,0,0,0,0,572.0173815528293,533.0398524228273,533.0175345229117,0,558.9430395431377,539.4431160281789,422.5551644380045,0,0,0,0,0,8,0,0,0,0,0,0,0
Trinidad and Tobago,126,Ornamental saltwater fish,ornamentals,NA,NA,NA,NA,NA,NA,NA,NA,NA,NA,NA,NA,NA,NA,NA,NA,NA,NA,NA,NA,NA,NA,NA,NA,NA,NA,NA,NA,NA,NA,NA,NA,NA,NA,NA,3,9,3,4,4,0,0,0,0,0,0,0
Trinidad and Tobago,126,Other seaweeds and aquatic plants and products thereof,seaweeds,NA,NA,NA,NA,NA,NA,NA,NA,NA,NA,NA,NA,NA,NA,NA,NA,NA,NA,0,1,1,22,3,11,11,28,2,1,0,0,0,2,3,1,1,0,0,1,0,0,0,0,0,0,0,0,0
Trinidad and Tobago,126,"Seaweeds and other algae, fit for human consumption, nei",seaweeds,NA,NA,NA,NA,NA,NA,NA,NA,NA,NA,NA,NA,NA,NA,NA,NA,NA,NA,NA,NA,NA,NA,NA,NA,NA,NA,NA,NA,NA,NA,NA,NA,NA,NA,NA,NA,4,2,3,7,0,0,0,0,0,0,23
Trinidad and Tobago,126,Z_TOTAL,ornamentals,NA,NA,NA,NA,NA,NA,98.53098748500916,56,59.531140455091524,83,74,137.374609215517,169.8149673406732,176.2851846457719,221.71061318095684,42,195.69583656106795,338.50929317146864,507.2928906019267,0,0,0,0,0,0,0,0,572.0173815528293,533.0398524228273,533.0175345229117,0,558.9430395431377,539.4431160281789,422.5551644380045,0,3,9,3,4,12,0,0,0,0,0,0,0
Trinidad and Tobago,126,Z_TOTAL,seaweeds,NA,NA,NA,NA,NA,NA,NA,NA,NA,NA,NA,NA,NA,NA,NA,NA,NA,NA,0,1,1,22,3,11,11,28,2,1,0,0,0,2,3,1,1,0,4,3,3,7,0,0,0,0,0,0,23
Tristan da Cunha,88,Ornamental fish nei,ornamentals,NA,NA,NA,NA,NA,NA,NA,NA,NA,NA,NA,NA,NA,NA,NA,NA,NA,NA,NA,NA,NA,NA,NA,NA,NA,0.17434620174346202,0,0.17434620174346202,0.0435865504358655,0,0,0.3922789539227895,0,0,0,0,0,0,0,0,0,0,0,0,0,0,0
Tristan da Cunha,88,Z_TOTAL,ornamentals,NA,NA,NA,NA,NA,NA,NA,NA,NA,NA,NA,NA,NA,NA,NA,NA,NA,NA,NA,NA,NA,NA,NA,NA,NA,0.17434620174346202,0,0.17434620174346202,0.0435865504358655,0,0,0.3922789539227895,0,0,0,0,0,0,0,0,0,0,0,0,0,0,0
Tunisia,61,"Fish body oils, nei",fish_oil,NA,NA,NA,NA,NA,NA,NA,NA,NA,NA,NA,NA,NA,NA,NA,NA,NA,NA,NA,NA,NA,NA,NA,NA,NA,NA,NA,NA,NA,NA,NA,NA,NA,NA,NA,9,0,1,1,0,1,1,0,0,0,0,0
Tunisia,61,Ornamental fish nei,ornamentals,NA,NA,NA,NA,NA,NA,NA,NA,NA,NA,NA,NA,NA,NA,37.16906172126107,0,0,0,0,0,0,0,0,0,0,0,0,0,0,0,0,0,6,50,13,0,0,0,0,0,0,0,0,0,0,0,0
Tunisia,61,Other seaweeds and aquatic plants and products thereof,seaweeds,NA,NA,NA,NA,NA,NA,NA,NA,NA,NA,NA,NA,NA,NA,NA,NA,NA,NA,NA,3,0,0,0,0,88,13,15,50,10,0,0,0,48.60550856527982,65,55,45,31,0,0,0,0,0,0,0,0,0,0
Tunisia,61,"Seaweeds and other algae, fit for human consumption, nei",seaweeds,NA,NA,NA,NA,NA,NA,NA,NA,NA,NA,NA,NA,NA,NA,NA,NA,NA,NA,NA,NA,NA,NA,NA,NA,NA,NA,NA,NA,NA,NA,NA,NA,NA,NA,NA,NA,23,3,0,0,9,45,0,0,0,0,0
Tunisia,61,"Seaweeds and other algae, unfit for human consumption, nei",seaweeds,NA,NA,NA,NA,NA,NA,NA,NA,NA,NA,NA,NA,NA,NA,NA,NA,NA,NA,NA,NA,NA,NA,NA,NA,NA,NA,NA,NA,NA,NA,NA,NA,NA,NA,NA,NA,NA,7,54,27,142.23101265822785,54,0,0,0,0,0
Tunisia,61,Z_TOTAL,fish_oil,NA,NA,NA,NA,NA,NA,NA,NA,NA,NA,NA,NA,NA,NA,NA,NA,NA,NA,NA,NA,NA,NA,NA,NA,NA,NA,NA,NA,NA,NA,NA,NA,NA,NA,NA,9,0,1,1,0,1,1,0,0,0,0,0
Tunisia,61,Z_TOTAL,ornamentals,NA,NA,NA,NA,NA,NA,NA,NA,NA,NA,NA,NA,NA,NA,37.16906172126107,0,0,0,0,0,0,0,0,0,0,0,0,0,0,0,0,0,6,50,13,0,0,0,0,0,0,0,0,0,0,0,0
Tunisia,61,Z_TOTAL,seaweeds,NA,NA,NA,NA,NA,NA,NA,NA,NA,NA,NA,NA,NA,NA,NA,NA,NA,NA,NA,3,0,0,0,0,88,13,15,50,10,0,0,0,48.60550856527982,65,55,45,54,10,54,27,151.23101265822785,99,0,0,0,0,0
Turkey,76,Agar agar nei,seaweeds,NA,NA,NA,NA,NA,NA,NA,NA,NA,NA,NA,NA,NA,NA,NA,NA,NA,NA,NA,4,0,3,5,0,4,1,0,8,1,4,12,1,19,15,21,89,16,27,58,10,20,64,21,0,0,0,0
Turkey,76,Cod liver oil,fish_oil,NA,NA,12,0,0,0,0,0,0,0,0,0,0,85.29681382052956,103.28158574676621,75,0,0,0,32,0,0,0,0,0,0,0,0,0,0,0,0,0,0,0,0,0,0,0,0,0,0,0,0,0,0,0
Turkey,76,"Fish body oils, nei",fish_oil,21,0,0,0,0,0,0,0,0,0,0,0,0,0,0,98,0,0,0,0,8,0,0,1,0,0,0,0,0,0,1,3,0,64.70112712653054,0,0,0,0,0,0,0,0,0,0,0,0,0
Turkey,76,"Fish liver oils, nei",fish_oil,NA,NA,NA,NA,NA,NA,NA,NA,NA,NA,NA,NA,NA,NA,NA,NA,NA,NA,41,0,16,0,0,0,0,0,0,0,0,0,0,0,18,0,0,17,0,0,38,15,3,29,5,0,0,3.3251866862565578,3.3251866862565578
Turkey,76,Ornamental saltwater fish,ornamentals,NA,NA,NA,NA,NA,NA,NA,NA,NA,NA,NA,NA,NA,NA,NA,NA,NA,NA,NA,NA,NA,NA,NA,NA,NA,NA,NA,NA,7,4,1,0,0,0,74,13,11,44,13.141105193937207,44.116332118755786,17,29,11,0,0,0,0
Turkey,76,Other seaweeds and aquatic plants and products thereof,seaweeds,NA,NA,NA,NA,NA,NA,NA,NA,NA,NA,NA,NA,NA,NA,NA,NA,NA,NA,12,34,26,30,67,86,96,33,25,20,5,6,35,15,19,0,3,23,0,0,0,0,0,0,0,0,0,0,0
Turkey,76,"Seaweeds and other algae, fit for human consumption, nei",seaweeds,NA,NA,NA,NA,NA,NA,NA,NA,NA,NA,NA,NA,NA,NA,NA,NA,NA,NA,NA,NA,NA,NA,NA,NA,NA,NA,NA,NA,NA,NA,NA,NA,NA,NA,NA,NA,NA,NA,11,8,6,3,1178.5247288503165,0,0,0,0
Turkey,76,"Seaweeds and other algae, unfit for human consumption, nei",seaweeds,NA,NA,NA,NA,NA,NA,NA,NA,NA,NA,NA,NA,NA,NA,NA,NA,NA,NA,NA,NA,NA,NA,NA,NA,NA,NA,NA,NA,NA,NA,NA,NA,NA,NA,NA,NA,NA,NA,NA,1,5,0,9,0,0,10.834124088090235,10.834124088090235
Turkey,76,Z_TOTAL,fish_oil,21,0,12,0,0,0,0,0,0,0,0,0,0,85.29681382052956,103.28158574676621,173,0,0,41,32,24,0,0,1,0,0,0,0,0,0,1,3,18,64.70112712653054,0,17,0,0,38,15,3,29,5,0,0,3.3251866862565578,3.3251866862565578
Turkey,76,Z_TOTAL,ornamentals,NA,NA,NA,NA,NA,NA,NA,NA,NA,NA,NA,NA,NA,NA,NA,NA,NA,NA,NA,NA,NA,NA,NA,NA,NA,NA,NA,NA,7,4,1,0,0,0,74,13,11,44,13.141105193937207,44.116332118755786,17,29,11,0,0,0,0
Turkey,76,Z_TOTAL,seaweeds,NA,NA,NA,NA,NA,NA,NA,NA,NA,NA,NA,NA,NA,NA,NA,NA,NA,NA,12,38,26,33,72,86,100,34,25,28,6,10,47,16,38,15,24,112,16,27,69,19,31,67,1208.5247288503165,0,0,10.834124088090235,10.834124088090235
Ukraine,75,Agar agar nei,seaweeds,NA,NA,NA,NA,NA,NA,NA,NA,NA,NA,NA,NA,NA,NA,NA,NA,NA,NA,NA,NA,NA,NA,NA,NA,NA,NA,5,7,7,4,0,15,63,11,5,0,6,3,50,9,68.10621874265229,47,25,0,0,0,0
Ukraine,75,"Aquatic animals, oils and fats, nei",fish_oil,NA,NA,NA,NA,NA,NA,NA,NA,NA,NA,NA,NA,NA,NA,NA,NA,NA,NA,7,NA,0,72,0,0,0,68,0,0,0,0,0,0,0,0,0,0,0,0,0,0,0,0,0,0,0,0,0
Ukraine,75,"Fish body oils, nei",fish_oil,NA,NA,NA,NA,NA,NA,NA,NA,NA,NA,NA,NA,NA,NA,NA,NA,NA,NA,NA,NA,NA,NA,NA,NA,NA,NA,6,0,0,3,2,0,0,0,0,3,6,23,0,0,0,0,0,0,0,0,0
Ukraine,75,Other seaweeds and aquatic plants and products thereof,seaweeds,NA,NA,NA,NA,NA,NA,NA,NA,NA,NA,NA,NA,NA,NA,NA,NA,NA,NA,NA,NA,NA,NA,NA,NA,NA,NA,32,16,35,29,38,40,44,13,20,19,12,24,0,0,0,0,0,0,0,0,0
Ukraine,75,"Seaweeds and other algae, fit for human consumption, nei",seaweeds,NA,NA,NA,NA,NA,NA,NA,NA,NA,NA,NA,NA,NA,NA,NA,NA,NA,NA,NA,NA,NA,NA,NA,NA,NA,NA,NA,NA,NA,NA,NA,NA,NA,NA,NA,NA,NA,NA,6,4,3,16,26,51.26935320911497,22.691858843752698,0,0
Ukraine,75,"Seaweeds and other algae, unfit for human consumption, nei",seaweeds,NA,NA,NA,NA,NA,NA,NA,NA,NA,NA,NA,NA,NA,NA,NA,NA,NA,NA,NA,NA,NA,NA,NA,NA,NA,NA,NA,NA,NA,NA,NA,NA,NA,NA,NA,NA,NA,NA,11,33,38,75,116.08501104884863,0,0,0,0
Ukraine,75,Z_TOTAL,fish_oil,NA,NA,NA,NA,NA,NA,NA,NA,NA,NA,NA,NA,NA,NA,NA,NA,NA,NA,7,0,0,72,0,0,0,68,6,0,0,3,2,0,0,0,0,3,6,23,0,0,0,0,0,0,0,0,0
Ukraine,75,Z_TOTAL,seaweeds,NA,NA,NA,NA,NA,NA,NA,NA,NA,NA,NA,NA,NA,NA,NA,NA,NA,NA,NA,NA,NA,NA,NA,NA,NA,NA,37,23,42,33,38,55,107,24,25,19,18,27,67,46,109.10621874265229,138,167.08501104884863,51.26935320911497,22.691858843752698,0,0
United Arab Emirates,54,Agar agar nei,seaweeds,NA,NA,NA,NA,NA,NA,NA,NA,NA,NA,NA,NA,NA,NA,NA,NA,NA,NA,NA,NA,NA,NA,NA,NA,NA,NA,NA,NA,12.96714989108046,0,0,0,0,126.35692848088232,168.4998651484582,28.969646286289226,0,0,0,0,0,0,61.19296013951093,0,0,0,0
United Arab Emirates,54,"Fish body oils, nei",fish_oil,NA,NA,NA,NA,NA,NA,NA,NA,NA,NA,NA,NA,NA,NA,NA,NA,NA,NA,NA,NA,NA,NA,NA,67,46,28,23,14,96,4.512402427573505,87.67163844076117,17,3,67.85689800707641,80.53725102140626,0,45,96,0,0,0,0,0,0,0,0,0
United Arab Emirates,54,"Fish liver oils, nei",fish_oil,NA,NA,NA,NA,NA,NA,NA,NA,NA,NA,NA,NA,NA,NA,NA,NA,NA,NA,NA,NA,NA,NA,NA,NA,NA,NA,21,0,0,0,0,0,0,31,7,6,21,0,9.062927631268167,0,18,0,0,0,0,0,0
United Arab Emirates,54,Ornamental fish nei,ornamentals,NA,NA,NA,NA,NA,NA,NA,NA,NA,NA,NA,NA,NA,NA,NA,NA,NA,NA,NA,9,0,4,0,0,0,0,0,0,4,0,0,0,0,10,8,0,0,0,0,0,0,0,0,0,0,0,0
United Arab Emirates,54,Other seaweeds and aquatic plants and products thereof,seaweeds,NA,NA,NA,NA,NA,NA,NA,NA,NA,NA,NA,NA,NA,NA,NA,NA,NA,NA,NA,NA,NA,NA,NA,NA,NA,NA,NA,NA,2.89122878865453,0,0,0,0,56,1,0,0,0,0,0,0,0,0,0,0,0,0
United Arab Emirates,54,Z_TOTAL,fish_oil,NA,NA,NA,NA,NA,NA,NA,NA,NA,NA,NA,NA,NA,NA,NA,NA,NA,NA,NA,NA,NA,NA,NA,67,46,28,44,14,96,4.512402427573505,87.67163844076117,17,3,98.85689800707641,87.53725102140626,6,66,96,9.062927631268167,0,18,0,0,0,0,0,0
United Arab Emirates,54,Z_TOTAL,ornamentals,NA,NA,NA,NA,NA,NA,NA,NA,NA,NA,NA,NA,NA,NA,NA,NA,NA,NA,NA,9,0,4,0,0,0,0,0,0,4,0,0,0,0,10,8,0,0,0,0,0,0,0,0,0,0,0,0
United Arab Emirates,54,Z_TOTAL,seaweeds,NA,NA,NA,NA,NA,NA,NA,NA,NA,NA,NA,NA,NA,NA,NA,NA,NA,NA,NA,NA,NA,NA,NA,NA,NA,NA,NA,NA,15.85837867973499,0,0,0,0,182.35692848088232,169.4998651484582,28.969646286289226,0,0,0,0,0,0,61.19296013951093,0,0,0,0
United Kingdom,180,Agar agar nei,seaweeds,191.81749212586482,232.6896006024342,368.8702410756351,198.7020287025207,157.88110975340607,287.2539979411332,450.66564755622875,191.99665547195667,362.2160573725259,369.049404421727,416.72926518377005,348.6773370927608,0,0,0,0,0,0,410.1262710081157,437.38287491373774,76.59759854736062,280.85576187529813,308.11236578092024,342.176721972016,0,410.30543435420753,226.5217174101458,226.54731217387325,342.3046957906531,301.48377684153843,553.3962061677917,0,0,0,322.03500751659647,247.17532714011352,635.2428021758401,0,539.9854597066636,383.4327519044966,444.728117237487,0,0,0,0,0,0
United Kingdom,180,"Halibuts, liver oils",fish_oil,NA,NA,NA,NA,NA,NA,NA,NA,NA,NA,NA,NA,NA,NA,NA,NA,NA,NA,NA,156.72229285702144,141.9275025652592,284.7943023105795,149.00340803687027,79,0,54,7,89,14,49,39,19.516844016524033,177.0498381838986,14,42,64,136.20342004441756,24,17,16,0,12,4,0,0,0,0
United Kingdom,180,Ornamental saltwater fish,ornamentals,NA,NA,NA,NA,NA,NA,NA,NA,NA,NA,NA,NA,2,107.48460841919928,205.72090106930477,0,384.4465332915464,55,252.6004866493139,0,378.0852596376453,396.4602634368865,0,0,753.2834771600984,221.50293554227096,364.1066108873017,249.37946660176806,285.50142347897895,419.2316222850246,579.5822507080251,526.9694421953861,749.4344063912816,0,0,0,0,0,0,789.3246675961186,0,0,0,0,0,83.21484880494677,83.21484880494677
United Kingdom,180,Z_TOTAL,fish_oil,NA,NA,NA,NA,NA,NA,NA,NA,NA,NA,NA,NA,NA,NA,NA,NA,NA,NA,NA,156.72229285702144,141.9275025652592,284.7943023105795,149.00340803687027,79,0,54,7,89,14,49,39,19.516844016524033,177.0498381838986,14,42,64,136.20342004441756,24,17,16,0,12,4,0,0,0,0
United Kingdom,180,Z_TOTAL,ornamentals,NA,NA,NA,NA,NA,NA,NA,NA,NA,NA,NA,NA,2,107.48460841919928,205.72090106930477,0,384.4465332915464,55,252.6004866493139,0,378.0852596376453,396.4602634368865,0,0,753.2834771600984,221.50293554227096,364.1066108873017,249.37946660176806,285.50142347897895,419.2316222850246,579.5822507080251,526.9694421953861,749.4344063912816,0,0,0,0,0,0,789.3246675961186,0,0,0,0,0,83.21484880494677,83.21484880494677
United Kingdom,180,Z_TOTAL,seaweeds,191.81749212586482,232.6896006024342,368.8702410756351,198.7020287025207,157.88110975340607,287.2539979411332,450.66564755622875,191.99665547195667,362.2160573725259,369.049404421727,416.72926518377005,348.6773370927608,0,0,0,0,0,0,410.1262710081157,437.38287491373774,76.59759854736062,280.85576187529813,308.11236578092024,342.176721972016,0,410.30543435420753,226.5217174101458,226.54731217387325,342.3046957906531,301.48377684153843,553.3962061677917,0,0,0,322.03500751659647,247.17532714011352,635.2428021758401,0,539.9854597066636,383.4327519044966,444.728117237487,0,0,0,0,0,0
United States,163,Agar agar nei,seaweeds,NA,NA,NA,NA,NA,NA,NA,NA,NA,NA,NA,NA,NA,NA,NA,NA,NA,NA,656.7876604153935,0,0,0,0,912.7667796287328,746.1446655185273,662.5008134856073,848.5363132038631,609.3082197760334,795.3437194942894,0,835.5016706216618,0,0,0,0,0,0,0,0,0,1005.1745779795399,0,0,0,0,0,0
United States,163,Z_TOTAL,seaweeds,NA,NA,NA,NA,NA,NA,NA,NA,NA,NA,NA,NA,NA,NA,NA,NA,NA,NA,656.7876604153935,0,0,0,0,912.7667796287328,746.1446655185273,662.5008134856073,848.5363132038631,609.3082197760334,795.3437194942894,0,835.5016706216618,0,0,0,0,0,0,0,0,0,1005.1745779795399,0,0,0,0,0,0
Uruguay,173,"Fish body oils, nei",fish_oil,NA,NA,NA,NA,9,20,35,0,28,19,41,0,67,0,0,0,99,48,10,25,24,41,77,3,0,8,18,10,0,0,0,0,0,0,4,0,46,35,11,0,0,0,0,0,0,0,0
Uruguay,173,Z_TOTAL,fish_oil,NA,NA,NA,NA,9,20,35,0,28,19,41,0,67,0,0,0,99,48,10,25,24,41,77,3,0,8,18,10,0,0,0,0,0,0,4,0,46,35,11,0,0,0,0,0,0,0,0
Venezuela,139,Cod liver oil,fish_oil,2,0,0,0,0,0,0,0,0,0,0,0,0,0,0,4,25,0,0,0,0,0,0,20,0,0,0,0,0,0,0,0,0,0,0,0,0,0,0,0,0,0,0,0,0,0,0
Venezuela,139,"Fish body oils, nei",fish_oil,NA,NA,NA,NA,NA,NA,NA,NA,NA,NA,NA,NA,NA,NA,NA,NA,NA,0,0,0,0,5,0,0,0,0,9,5,5,5,0,0,0,0,0,0,0,0,0,0,0,0,0,0,0,0,0
Venezuela,139,Ornamental fish nei,ornamentals,0,0,0,0,0,0,0,0,0,14,14.219400310130432,35,30,24.190265788975985,44.25305646310208,44.228844519815084,43.29158700300931,36,27,22,46,36,7,11,52,57,46,28,27.479268933746134,21.0637379758277,6,0,0,0,0,0,0,0,0,0,0,0,0,0,0,0,0
Venezuela,139,Z_TOTAL,fish_oil,2,0,0,0,0,0,0,0,0,0,0,0,0,0,0,4,25,0,0,0,0,5,0,20,0,0,9,5,5,5,0,0,0,0,0,0,0,0,0,0,0,0,0,0,0,0,0
Venezuela,139,Z_TOTAL,ornamentals,0,0,0,0,0,0,0,0,0,14,14.219400310130432,35,30,24.190265788975985,44.25305646310208,44.228844519815084,43.29158700300931,36,27,22,46,36,7,11,52,57,46,28,27.479268933746134,21.0637379758277,6,0,0,0,0,0,0,0,0,0,0,0,0,0,0,0,0
Vietnam,207,Agar agar nei,seaweeds,NA,NA,NA,NA,NA,NA,NA,NA,NA,NA,NA,NA,NA,NA,NA,NA,NA,NA,NA,NA,NA,NA,7,5,0,0,63,0,9,0,0,2,35,33,19,1,70,62.55945830681512,0,0,353.8517482333952,0,0,0,0,0,0
Vietnam,207,"Fish liver oils, nei",fish_oil,NA,NA,NA,NA,NA,NA,NA,NA,NA,NA,NA,NA,NA,NA,NA,NA,NA,NA,NA,NA,NA,NA,NA,NA,NA,NA,NA,5,0,3,0,21,43,31.169815424270666,23,0,0,26,0,0,0,0,20.698313344542214,0,0,0,0
Vietnam,207,Ornamental fish nei,ornamentals,NA,NA,NA,NA,NA,NA,NA,NA,NA,NA,NA,NA,NA,NA,NA,NA,NA,NA,NA,NA,NA,NA,NA,NA,NA,87.29869808065769,0,0,0,65.69553956307323,186.85799917130373,155.73297189198354,0,0,0,0,0,0,0,0,0,0,0,0,0,0,0
Vietnam,207,Z_TOTAL,fish_oil,NA,NA,NA,NA,NA,NA,NA,NA,NA,NA,NA,NA,NA,NA,NA,NA,NA,NA,NA,NA,NA,NA,NA,NA,NA,NA,NA,5,0,3,0,21,43,31.169815424270666,23,0,0,26,0,0,0,0,20.698313344542214,0,0,0,0
Vietnam,207,Z_TOTAL,ornamentals,NA,NA,NA,NA,NA,NA,NA,NA,NA,NA,NA,NA,NA,NA,NA,NA,NA,NA,NA,NA,NA,NA,NA,NA,NA,87.29869808065769,0,0,0,65.69553956307323,186.85799917130373,155.73297189198354,0,0,0,0,0,0,0,0,0,0,0,0,0,0,0
Vietnam,207,Z_TOTAL,seaweeds,NA,NA,NA,NA,NA,NA,NA,NA,NA,NA,NA,NA,NA,NA,NA,NA,NA,NA,NA,NA,NA,NA,7,5,0,0,63,0,9,0,0,2,35,33,19,1,70,62.55945830681512,0,0,353.8517482333952,0,0,0,0,0,0
Yemen,47,"Fish body oils, nei",fish_oil,NA,NA,NA,NA,72,0,55,3,0,0,0,0,0,0,0,0,0,0,0,0,0,0,0,0,0,0,0,0,0,0,0,0,13,2,0,62,0,0,97,0,0,0,0,0,0,0,0
Yemen,47,"Fish liver oils, nei",fish_oil,NA,NA,NA,NA,NA,NA,NA,NA,NA,NA,NA,NA,NA,NA,NA,NA,NA,NA,NA,NA,NA,NA,NA,NA,NA,NA,NA,NA,NA,5,0,1,10,7,35,28,76,0,23,4,7.33288770875771,0,0,0,0,0,0
Yemen,47,Ornamental fish nei,ornamentals,NA,NA,NA,NA,NA,NA,NA,NA,NA,NA,NA,NA,NA,NA,NA,NA,NA,NA,NA,NA,NA,NA,NA,NA,NA,NA,NA,NA,8,27,13,9,84,17,23,13,0,0,0,0,0,0,0,0,0,0,0
Yemen,47,Z_TOTAL,fish_oil,NA,NA,NA,NA,72,0,55,3,0,0,0,0,0,0,0,0,0,0,0,0,0,0,0,0,0,0,0,0,0,5,0,1,23,9,35,90,76,0,120,4,7.33288770875771,0,0,0,0,0,0
Yemen,47,Z_TOTAL,ornamentals,NA,NA,NA,NA,NA,NA,NA,NA,NA,NA,NA,NA,NA,NA,NA,NA,NA,NA,NA,NA,NA,NA,NA,NA,NA,NA,NA,NA,8,27,13,9,84,17,23,13,0,0,0,0,0,0,0,0,0,0,0
