rgn_id,rgn_name,product,year,tonnes,usd,tonnes_orig,usd_orig,tonnes_peak,tonnes_rel
5,New Caledonia,ornamentals,1984,3,23,3,23,15.25,0.19672131147540983
5,New Caledonia,ornamentals,1985,1.5,11.5,0,0,15.25,0.09836065573770492
5,New Caledonia,ornamentals,1986,2,22.666666666666668,3,45,15.25,0.13114754098360656
5,New Caledonia,ornamentals,1987,2.75,32.5,5,62,15.25,0.18032786885245902
5,New Caledonia,ornamentals,1988,2,26.75,0,0,15.25,0.13114754098360656
5,New Caledonia,ornamentals,1989,2,26.75,0,0,15.25,0.13114754098360656
5,New Caledonia,ornamentals,1990,1.25,15.5,0,0,15.25,0.08196721311475409
5,New Caledonia,ornamentals,1991,0,0,0,0,15.25,0
5,New Caledonia,ornamentals,1992,0,0,0,0,15.25,0
5,New Caledonia,ornamentals,1993,0,0,0,0,15.25,0
5,New Caledonia,ornamentals,1994,0,0,0,0,15.25,0
5,New Caledonia,ornamentals,1995,0,0,0,0,15.25,0
5,New Caledonia,ornamentals,1996,0,0,0,0,15.25,0
5,New Caledonia,ornamentals,1997,1,32.75,4,131,15.25,0.06557377049180328
5,New Caledonia,ornamentals,1998,2.25,60.5,5,111,15.25,0.14754098360655737
5,New Caledonia,ornamentals,1999,2.5,65.5,1,20,15.25,0.16393442622950818
5,New Caledonia,ornamentals,2000,4.25,89.5,7,96,15.25,0.2786885245901639
5,New Caledonia,ornamentals,2001,5,84.75,7,112,15.25,0.32786885245901637
5,New Caledonia,ornamentals,2002,4.75,78.75,4,87,15.25,0.3114754098360656
5,New Caledonia,ornamentals,2003,5.75,100,5,105,15.25,0.3770491803278688
5,New Caledonia,ornamentals,2004,5.25,106,5,120,15.25,0.3442622950819672
5,New Caledonia,ornamentals,2005,4.5,104.5,4,106,15.25,0.29508196721311475
5,New Caledonia,ornamentals,2006,4.25,108,3,101,15.25,0.2786885245901639
5,New Caledonia,ornamentals,2007,4,110,4,113,15.25,0.26229508196721313
5,New Caledonia,ornamentals,2008,3.75,115.25,4,141,15.25,0.2459016393442623
5,New Caledonia,ornamentals,2009,3.5,121.75,3,132,15.25,0.22950819672131148
5,New Caledonia,ornamentals,2010,4.25,142,6,182,15.25,0.2786885245901639
5,New Caledonia,ornamentals,2011,4.75,144.75,6,124,15.25,0.3114754098360656
5,New Caledonia,ornamentals,2012,8,184.25,17,299,15.25,0.5245901639344263
5,New Caledonia,ornamentals,2013,11,238.25,15,348,15.25,0.7213114754098361
5,New Caledonia,ornamentals,2014,13.25,284.5,15,367,15.25,0.8688524590163934
5,New Caledonia,ornamentals,2015,15.25,348,14,378,15.25,1
5,New Caledonia,ornamentals,2016,14.25,346.75,13,294,15.25,0.9344262295081968
5,New Caledonia,ornamentals,2017,11.5,308.25,4,194,15.25,0.7540983606557377
5,New Caledonia,ornamentals,2018,8.5,270.75,3,217,15.25,0.5573770491803278
5,New Caledonia,ornamentals,2019,5.7275,218.765,2.91,170.06,15.25,0.3755737704918033
5,New Caledonia,ornamentals,2020,2.725,173.95,0.99,114.74,15.25,0.17868852459016393
5,New Caledonia,ornamentals,2021,1.9075,171.785,0.73,185.34,15.25,0.12508196721311476
5,New Caledonia,ornamentals,2022,1.3725,157.32,0.86,159.14,15.25,0.09
6,Vanuatu,ornamentals,2003,98.09030950819246,366,98.09030950819246,366,127.22713717666547,0.7709857478910801
6,Vanuatu,ornamentals,2004,115.73209613550128,420.5,133.3738827628101,475,127.22713717666547,0.9096494561124773
6,Vanuatu,ornamentals,2005,127.22713717666547,501,150.21721925899385,662,127.22713717666547,1
6,Vanuatu,ornamentals,2006,95.4203528824991,375.75,0,0,127.22713717666547,0.75
6,Vanuatu,ornamentals,2007,70.897775505451,284.25,0,0,127.22713717666547,0.5572535630272301
6,Vanuatu,ornamentals,2008,37.55430481474846,165.5,0,0,127.22713717666547,0.29517527194376136
6,Vanuatu,ornamentals,2009,0,0,0,0,127.22713717666547,0
6,Vanuatu,ornamentals,2010,0,0,0,0,127.22713717666547,0
6,Vanuatu,ornamentals,2011,0,0,0,0,127.22713717666547,0
6,Vanuatu,ornamentals,2012,3.6445692826458753,34.25,14.578277130583501,137,127.22713717666547,0.028646162788250808
6,Vanuatu,ornamentals,2013,9.002867878092388,86.25,21.433194381786052,208,127.22713717666547,0.07076216660908716
6,Vanuatu,ornamentals,2014,21.72175638649105,206.25,50.87555403359465,480,127.22713717666547,0.17073210062353747
6,Vanuatu,ornamentals,2015,26.209157031304358,255.75,17.949602579253224,198,127.22713717666547,0.2060028828198088
6,Vanuatu,ornamentals,2016,24.130235124058686,247.75,6.262589501600814,105,127.22713717666547,0.18966264320285575
6,Vanuatu,ornamentals,2017,22.472720724287,243,14.803136782699312,189,127.22713717666547,0.17663464904568085
6,Vanuatu,ornamentals,2018,10.253832215888337,125.5,2,10,127.22713717666547,0.08059469420938112
6,Vanuatu,ornamentals,2019,5.766431571075032,76,0,0,127.22713717666547,0.045323912013109764
6,Vanuatu,ornamentals,2020,4.200784195674828,49.75,0,0,127.22713717666547,0.03301798884181202
6,Vanuatu,ornamentals,2021,0.5025,2.585,0.01,0.34,127.22713717666547,0.00394962907404131
6,Vanuatu,ornamentals,2022,0.0025,0.0975,0,0.05,127.22713717666547,1.964989589075279e-5
7,Solomon Islands,ornamentals,1996,14.589078641790422,50,14.589078641790422,50,106.25,0.13730897545214515
7,Solomon Islands,ornamentals,1997,10.797515610467457,36,7.005952579144491,22,106.25,0.10162367633381136
7,Solomon Islands,ornamentals,1998,10.740647083575993,36,10.626910029793066,36,106.25,0.10108844313953876
7,Solomon Islands,ornamentals,1999,11.550761209498987,39.25,13.981103587267967,49,106.25,0.10871304667763752
7,Solomon Islands,ornamentals,2000,8.302548410925333,27.5,1.5962274474958065,3,106.25,0.07814163210282667
7,Solomon Islands,ornamentals,2001,19.659658763610594,70.5,52.434393989885535,194,106.25,0.1850320824810409
7,Solomon Islands,ornamentals,2002,27.252931256162327,72.25,41,43,106.25,0.2564981765285866
7,Solomon Islands,ornamentals,2003,37.257655359345335,73.75,54,55,106.25,0.3506602857350149
7,Solomon Islands,ornamentals,2004,56.858598497471384,89.5,80,66,106.25,0.5351397505644365
7,Solomon Islands,ornamentals,2005,69.25,59.25,102,73,106.25,0.6517647058823529
7,Solomon Islands,ornamentals,2006,94.75,72.5,143,96,106.25,0.8917647058823529
7,Solomon Islands,ornamentals,2007,106.25,85.25,100,106,106.25,1
7,Solomon Islands,ornamentals,2008,103.5,85.75,69,68,106.25,0.9741176470588235
7,Solomon Islands,ornamentals,2009,90,76,48,34,106.25,0.8470588235294118
7,Solomon Islands,ornamentals,2010,64.75,61,42,36,106.25,0.6094117647058823
7,Solomon Islands,ornamentals,2011,39.75,34.5,0,0,106.25,0.37411764705882355
7,Solomon Islands,ornamentals,2012,22.5,17.5,0,0,106.25,0.21176470588235294
7,Solomon Islands,ornamentals,2013,10.5,9,0,0,106.25,0.0988235294117647
7,Solomon Islands,ornamentals,2014,0,0,0,0,106.25,0
7,Solomon Islands,ornamentals,2015,0,0,0,0,106.25,0
7,Solomon Islands,ornamentals,2016,0,0,0,0,106.25,0
7,Solomon Islands,ornamentals,2017,0,0,0,0,106.25,0
7,Solomon Islands,ornamentals,2018,0,0,0,0,106.25,0
7,Solomon Islands,ornamentals,2019,0,0,0,0,106.25,0
7,Solomon Islands,ornamentals,2020,0,0,0,0,106.25,0
7,Solomon Islands,ornamentals,2021,0,0,0,0,106.25,0
7,Solomon Islands,ornamentals,2022,0,0,0,0,106.25,0
7,Solomon Islands,seaweeds,2004,168,148,168,148,749,0.22429906542056074
7,Solomon Islands,seaweeds,2005,265,215,362,282,749,0.3538050734312417
7,Solomon Islands,seaweeds,2006,225.66666666666666,178.66666666666666,147,106,749,0.30129060970182464
7,Solomon Islands,seaweeds,2007,195.5,157.5,105,94,749,0.26101468624833113
7,Solomon Islands,seaweeds,2008,166,135.5,50,60,749,0.22162883845126835
7,Solomon Islands,seaweeds,2009,113,107.5,150,170,749,0.15086782376502003
7,Solomon Islands,seaweeds,2010,162.25,221,344,560,749,0.21662216288384512
7,Solomon Islands,seaweeds,2011,311.5,226.5,702,116,749,0.4158878504672897
7,Solomon Islands,seaweeds,2012,472.5,458.75,694,989,749,0.6308411214953271
7,Solomon Islands,seaweeds,2013,624.5,855.25,758,1756,749,0.8337783711615487
7,Solomon Islands,seaweeds,2014,749,1045.5,842,1321,749,1
7,Solomon Islands,seaweeds,2015,689.75,1267,465,1002,749,0.920894526034713
7,Solomon Islands,seaweeds,2016,615.5,1147.75,397,512,749,0.821762349799733
7,Solomon Islands,seaweeds,2017,448,803.5,88,379,749,0.5981308411214953
7,Solomon Islands,seaweeds,2018,283.5,547.75,184,298,749,0.37850467289719625
7,Solomon Islands,seaweeds,2019,214,374.75,187,310,749,0.2857142857142857
7,Solomon Islands,seaweeds,2020,148.965,287.2,136.86,161.8,749,0.19888518024032042
7,Solomon Islands,seaweeds,2021,169.34,224.8325,169.5,129.53,749,0.22608811748998664
7,Solomon Islands,seaweeds,2022,173.5025,190.9875,200.65,162.62,749,0.23164552736982644
8,Palau,ornamentals,1995,0,19,0,19,7.495,0
8,Palau,ornamentals,1996,0,10,0,1,7.495,0
8,Palau,ornamentals,1997,0,6.666666666666667,0,0,7.495,0
8,Palau,ornamentals,1998,0,5.75,0,3,7.495,0
8,Palau,ornamentals,1999,0,1,0,0,7.495,0
8,Palau,ornamentals,2000,0,0.75,0,0,7.495,0
8,Palau,ornamentals,2001,0,0.75,0,0,7.495,0
8,Palau,ornamentals,2002,0.4306536222148907,14.25,1.7226144888595627,57,7.495,0.057458788821199556
8,Palau,ornamentals,2003,2.936275063155392,40.5,10.022485763762006,105,7.495,0.3917645180994519
8,Palau,ornamentals,2004,4.598363317255803,63,6.648353016401643,90,7.495,0.6135241250508076
8,Palau,ornamentals,2005,4.81468801828828,78.5,0.8652988041299068,62,7.495,0.6423866602119119
8,Palau,ornamentals,2006,4.590683340427404,80.5,0.8265957774160597,65,7.495,0.612499445020334
8,Palau,ornamentals,2007,2.189384261588941,70.75,0.4172894484081553,66,7.495,0.29211264330739706
8,Palau,ornamentals,2008,0.5272960074885304,48.25,0,0,7.495,0.07035303635604143
8,Palau,ornamentals,2009,0.31097130645605375,32.75,0,0,7.495,0.04149050119493713
8,Palau,ornamentals,2010,0.10432236210203882,16.5,0,0,7.495,0.013918927565315386
8,Palau,ornamentals,2011,0,1.25,0,5,7.495,0
8,Palau,ornamentals,2012,0,1.25,0,0,7.495,0
8,Palau,ornamentals,2013,0.5512697912966142,3.25,2.205079165186457,8,7.495,0.0735516732884075
8,Palau,ornamentals,2014,0.5512697912966142,3.25,0,0,7.495,0.0735516732884075
8,Palau,ornamentals,2015,1.0970796638641234,3.75,2.1832394902700365,7,7.495,0.1463748717630585
8,Palau,ornamentals,2016,1.5970796638641234,6.25,2,10,7.495,0.2130860125235655
8,Palau,ornamentals,2017,1.5458098725675091,4.75,2,2,7.495,0.20624547999566498
8,Palau,ornamentals,2018,3.045809872567509,15.75,6,44,7.495,0.406378902277186
8,Palau,ornamentals,2019,3.76,52.185,5.04,152.74,7.495,0.5016677785190127
8,Palau,ornamentals,2020,4.7825,100.09,6.09,201.62,7.495,0.6380920613742495
8,Palau,ornamentals,2021,6.905,182.55,10.49,331.84,7.495,0.9212808539026017
8,Palau,ornamentals,2022,7.495,257.72,8.36,344.68,7.495,1
9,Micronesia,ornamentals,1991,1.331957634308587,40,1.331957634308587,40,4.004997361347823,0.3325739105756455
9,Micronesia,ornamentals,1992,1.3305256261686336,40,1.32909361802868,40,4.004997361347823,0.33221635524894944
9,Micronesia,ornamentals,1993,0.8870170841124224,26.666666666666668,0,0,4.004997361347823,0.2214775701659663
9,Micronesia,ornamentals,1994,0.6652628130843168,20,0,0,4.004997361347823,0.16610817762447472
9,Micronesia,ornamentals,1995,0.33227340450717,10,0,0,4.004997361347823,0.08296469998056336
9,Micronesia,ornamentals,1996,0,4.75,0,19,4.004997361347823,0
9,Micronesia,ornamentals,1997,0,8,0,13,4.004997361347823,0
9,Micronesia,ornamentals,1998,0.25,16.25,1,33,4.004997361347823,0.06242201366042003
9,Micronesia,ornamentals,1999,2.25,20.75,8,18,4.004997361347823,0.5617981229437803
9,Micronesia,ornamentals,2000,3.5,18.5,5,10,4.004997361347823,0.8739081912458805
9,Micronesia,ornamentals,2001,4,16,2,3,4.004997361347823,0.9987522185667205
9,Micronesia,ornamentals,2002,4.004997361347823,8.25,1.0199894453912934,2,4.004997361347823,1
9,Micronesia,ornamentals,2003,2.3054076676122355,10.5,1.2016412250576494,27,4.004997361347823,0.5756327556821121
9,Micronesia,ornamentals,2004,1.3440310220498957,13.25,1.1544934177506398,21,4.004997361347823,0.33558849127370755
9,Micronesia,ornamentals,2005,1.1005706871067142,13.5,1.0261586602272743,4,4.004997361347823,0.2747993538593327
9,Micronesia,ornamentals,2006,0.8455733257588909,13,0,0,4.004997361347823,0.21112955876563314
9,Micronesia,ornamentals,2007,0.5451630194944785,6.25,0,0,4.004997361347823,0.13612069380016067
9,Micronesia,ornamentals,2008,0.5127764758631697,2.25,1.0249472432254043,5,4.004997361347823,0.12803416072429127
9,Micronesia,ornamentals,2009,0.5209834073400388,3.75,1.0589863861347508,10,4.004997361347823,0.1300833334793283
9,Micronesia,ornamentals,2010,0.7905494736821377,7,1.0782642653683956,13,4.004997361347823,0.19739076018169707
9,Micronesia,ornamentals,2011,1.2881991229276253,41.25,1.9905985969819504,137,4.004997361347823,0.32164793299491734
9,Micronesia,ornamentals,2012,1.6580570144591686,91.75,2.5043788093515778,207,4.004997361347823,0.4139970304253019
9,Micronesia,ornamentals,2013,2.0094633263960855,139.75,2.464611633882418,202,4.004997361347823,0.5017389888416381
9,Micronesia,ornamentals,2014,2.1154636297244735,154.5,1.5022654786819478,72,4.004997361347823,0.5282059983711314
9,Micronesia,ornamentals,2015,1.9188580277009912,128.25,1.2041761888880211,32,4.004997361347823,0.4791159280702317
9,Micronesia,ornamentals,2016,1.6724331607720182,95.25,1.5186793416356856,75,4.004997361347823,0.4175865824314015
9,Micronesia,ornamentals,2017,1.411247030167344,60.25,1.4198671114637218,62,4.004997361347823,0.3523715255813326
9,Micronesia,ornamentals,2018,1.48772480614433,71,1.8081765825898914,115,4.004997361347823,0.3714671126883484
9,Micronesia,ornamentals,2019,1.1991807589223247,89.3875,0.05,105.55,4.004997361347823,0.2994211108590488
9,Micronesia,ornamentals,2020,0.8195109235134033,77.1475,0,26.04,4.004997361347823,0.20462208824966838
9,Micronesia,ornamentals,2021,0.4645441456474729,99.68249999999999,0,152.14,4.004997361347823,0.11599112402189882
9,Micronesia,ornamentals,2022,0.0125,111.2525,0,161.28,4.004997361347823,0.0031211006830210017
11,Marshall Islands,ornamentals,1981,17.174208490465617,73,17.174208490465617,73,131.62940343330118,0.13047395219084218
11,Marshall Islands,ornamentals,1982,8.587104245232808,36.5,0,0,131.62940343330118,0.06523697609542109
11,Marshall Islands,ornamentals,1983,5.724736163488539,24.333333333333332,0,0,131.62940343330118,0.0434913173969474
11,Marshall Islands,ornamentals,1984,4.293552122616404,18.25,0,0,131.62940343330118,0.032618488047710545
11,Marshall Islands,ornamentals,1985,0,0,0,0,131.62940343330118,0
11,Marshall Islands,ornamentals,1986,0,0,0,0,131.62940343330118,0
11,Marshall Islands,ornamentals,1987,0,0,0,0,131.62940343330118,0
11,Marshall Islands,ornamentals,1988,4.9670284304552865,27.5,19.868113721821146,110,131.62940343330118,0.03773494599914496
11,Marshall Islands,ornamentals,1989,14.881200272415072,82.5,39.65668736783914,220,131.62940343330118,0.1130537697829469
11,Marshall Islands,ornamentals,1990,22.330449479998265,125,29.796996830332773,170,131.62940343330118,0.1696463624201828
11,Marshall Islands,ornamentals,1991,22.330449479998265,125,0,0,131.62940343330118,0.1696463624201828
11,Marshall Islands,ornamentals,1992,17.36342104954298,97.5,0,0,131.62940343330118,0.13191141642103782
11,Marshall Islands,ornamentals,1993,7.449249207583193,42.5,0,0,131.62940343330118,0.05659259263723589
11,Marshall Islands,ornamentals,1994,0,0,0,0,131.62940343330118,0
11,Marshall Islands,ornamentals,1995,20.974216370710565,119.5,83.89686548284226,478,131.62940343330118,0.15934294180204617
11,Marshall Islands,ornamentals,1996,32.534698189031076,189,46.241927273282045,278,131.62940343330118,0.24716892533450516
11,Marshall Islands,ornamentals,1997,36.117533251351006,216.25,14.33134024927972,109,131.62940343330118,0.27438803420280156
11,Marshall Islands,ornamentals,1998,37.51339815601489,232.5,5.5834596186555245,65,131.62940343330118,0.28499254100945276
11,Marshall Islands,ornamentals,1999,16.952537264767898,124.75,1.6534219178543026,47,131.62940343330118,0.12878989665373689
11,Marshall Islands,ornamentals,2000,5.934711407592715,68.5,2.170623844581314,53,131.62940343330118,0.04508651754696991
11,Marshall Islands,ornamentals,2001,5.108476363503996,67.25,11.026400072924844,104,131.62940343330118,0.03880953822063432
11,Marshall Islands,ornamentals,2002,6.04260700531205,75.5,9.319982185887739,98,131.62940343330118,0.04590620976546429
11,Marshall Islands,ornamentals,2003,7.995896728428704,89.25,9.46658081032092,102,131.62940343330118,0.06074552128833706
11,Marshall Islands,ornamentals,2004,13.212058477932981,119.5,23.035270842598425,174,131.62940343330118,0.10037315473079503
11,Marshall Islands,ornamentals,2005,19.149333700710752,154.75,34.77550096403593,245,131.62940343330118,0.1454791498042004
11,Marshall Islands,ornamentals,2006,32.40603722357589,232,62.346796277348304,407,131.62940343330118,0.2461914768154106
11,Marshall Islands,ornamentals,2007,45.98057069419978,316.25,63.764714692816455,439,131.62940343330118,0.34931838551937905
11,Marshall Islands,ornamentals,2008,63.09192956042186,425.5,91.48070630748676,611,131.62940343330118,0.47931486366107856
11,Marshall Islands,ornamentals,2009,89.41908433913929,586.5,140.08412007890567,889,131.62940343330118,0.6793245430489961
11,Marshall Islands,ornamentals,2010,119.17767382374625,752,181.3811542157761,1069,131.62940343330118,0.9054031296596704
11,Marshall Islands,ornamentals,2011,131.62940343330118,814.5,113.57163313103624,689,131.62940343330118,1
11,Marshall Islands,ornamentals,2012,109.58828893430828,741,3.3162483115151327,317,131.62940343330118,0.8325517405375046
11,Marshall Islands,ornamentals,2013,75.11145066263343,559.5,2.1767669922062494,163,131.62940343330118,0.5706282084663071
11,Marshall Islands,ornamentals,2014,30.22476058653571,321.5,1.8343939113852201,117,131.62940343330118,0.22962012892393835
11,Marshall Islands,ornamentals,2015,2.238070354688025,171.5,1.6248722036454994,89,131.62940343330118,0.017002814692707265
11,Marshall Islands,ornamentals,2016,1.8440328510020423,118.5,1.7400982967712002,105,131.62940343330118,0.014009277584673128
11,Marshall Islands,ornamentals,2017,1.883607467789776,124.25,2.3350654593571845,186,131.62940343330118,0.014309929382489615
11,Marshall Islands,ornamentals,2018,1.425008989943471,171.5,0,306,131.62940343330118,0.010825916951492886
11,Marshall Islands,ornamentals,2019,1.096290939032096,196.2225,0.31,187.89,131.62940343330118,0.008328617394270916
11,Marshall Islands,ornamentals,2020,0.6962663648392962,238.0525,0.14,272.32,131.62940343330118,0.005289595992069553
11,Marshall Islands,ornamentals,2021,0.1125,338.415,0,587.45,131.62940343330118,8.546722621667554e-4
11,Marshall Islands,ornamentals,2022,1.9125,439.54,7.2,710.5,131.62940343330118,0.014529428456834843
14,Taiwan,fish_oil,1976,118,307,118,307,565.25,0.20875718708536045
14,Taiwan,fish_oil,1977,114,298.5,110,290,565.25,0.20168067226890757
14,Taiwan,fish_oil,1978,100.33333333333333,236.66666666666666,73,113,565.25,0.17750257997936017
14,Taiwan,fish_oil,1979,90.75,202.75,62,101,565.25,0.16054842989827509
14,Taiwan,fish_oil,1980,74.75,182.5,54,226,565.25,0.13224237063246352
14,Taiwan,fish_oil,1981,53.25,127,24,68,565.25,0.09420610349402919
14,Taiwan,fish_oil,1982,39.75,153,19,217,565.25,0.07032286598850067
14,Taiwan,fish_oil,1983,30.75,270.25,26,570,565.25,0.054400707651481646
14,Taiwan,fish_oil,1984,26,404.25,35,762,565.25,0.04599734630694383
14,Taiwan,fish_oil,1985,26.5,547.75,26,642,565.25,0.04688191065900044
14,Taiwan,fish_oil,1986,36.25,558.5,58,260,565.25,0.06413091552410438
14,Taiwan,fish_oil,1987,44,501.5,57,342,565.25,0.07784166298098187
14,Taiwan,fish_oil,1988,41.5,382,25,284,565.25,0.0734188412206988
14,Taiwan,fish_oil,1989,71,334,144,450,565.25,0.12560813799203893
14,Taiwan,fish_oil,1990,113,436,226,668,565.25,0.19991154356479435
14,Taiwan,fish_oil,1991,208.5,620.5,439,1080,565.25,0.36886333480760725
14,Taiwan,fish_oil,1992,382.5,818.5,721,1076,565.25,0.6766917293233082
14,Taiwan,fish_oil,1993,513.75,924.75,669,875,565.25,0.9088898717381689
14,Taiwan,fish_oil,1994,565.25,1028.75,432,1084,565.25,1
14,Taiwan,fish_oil,1995,545.5,984,360,901,565.25,0.9650597080937638
14,Taiwan,fish_oil,1996,506,997,563,1128,565.25,0.8951791242812914
14,Taiwan,fish_oil,1997,352.25,1108.75,54,1322,565.25,0.6231755860238832
14,Taiwan,fish_oil,1998,496.5,1055.75,1009,872,565.25,0.8783724015922159
14,Taiwan,fish_oil,1999,411,865.25,18,139,565.25,0.7271118973905352
14,Taiwan,fish_oil,2000,290.25,630.25,80,188,565.25,0.5134896063688633
14,Taiwan,fish_oil,2001,345.5,377,275,309,565.25,0.611233967271119
14,Taiwan,fish_oil,2002,159.25,210,264,204,565.25,0.28173374613003094
14,Taiwan,fish_oil,2003,171.5,189.25,67,56,565.25,0.30340557275541796
14,Taiwan,fish_oil,2004,169.25,157.25,71,60,565.25,0.2994250331711632
14,Taiwan,fish_oil,2005,109.25,109.75,35,119,565.25,0.19327731092436976
14,Taiwan,fish_oil,2006,54.25,77.5,44,75,565.25,0.09597523219814241
14,Taiwan,fish_oil,2007,46.25,132,35,274,565.25,0.08182220256523662
14,Taiwan,fish_oil,2008,59.25,637,123,2080,565.25,0.10482087571870853
14,Taiwan,fish_oil,2009,62.25,779,47,687,565.25,0.11012826183104821
14,Taiwan,fish_oil,2010,60.25,880.25,36,480,565.25,0.10659000442282177
14,Taiwan,fish_oil,2011,56,902,18,361,565.25,0.09907120743034056
14,Taiwan,fish_oil,2012,39.75,474,58,368,565.25,0.07032286598850067
14,Taiwan,fish_oil,2013,32.25,361.75,17,238,565.25,0.057054400707651484
14,Taiwan,fish_oil,2014,27.75,300.25,18,234,565.25,0.04909332153914197
14,Taiwan,fish_oil,2015,39,267.5,63,230,565.25,0.06899601946041574
14,Taiwan,fish_oil,2016,29.5,291.25,20,463,565.25,0.05218929677134011
14,Taiwan,fish_oil,2017,35,346.25,39,458,565.25,0.06191950464396285
14,Taiwan,fish_oil,2018,34.75,350.75,17,252,565.25,0.06147722246793454
14,Taiwan,fish_oil,2019,19.05,296.49,0.2,12.96,565.25,0.03370190181335692
14,Taiwan,fish_oil,2020,14.0825,181.9125,0.13,4.6899999999999995,565.25,0.02491375497567448
14,Taiwan,fish_oil,2021,4.3325,67.51,0,0.39,565.25,0.007664750110570543
14,Taiwan,fish_oil,2022,0.095,5.24,0.05,2.92,565.25,1.680672268907563e-4
14,Taiwan,ornamentals,1976,33,406,33,406,136.25,0.24220183486238533
14,Taiwan,ornamentals,1977,26,221,19,36,136.25,0.1908256880733945
14,Taiwan,ornamentals,1978,24.666666666666668,250.33333333333334,22,309,136.25,0.18103975535168196
14,Taiwan,ornamentals,1979,69.25,390.75,203,812,136.25,0.5082568807339449
14,Taiwan,ornamentals,1980,74.75,349.75,55,242,136.25,0.5486238532110091
14,Taiwan,ornamentals,1981,71,367.25,4,106,136.25,0.5211009174311927
14,Taiwan,ornamentals,1982,71.75,333.5,25,174,136.25,0.5266055045871559
14,Taiwan,ornamentals,1983,22.75,148.75,7,73,136.25,0.1669724770642202
14,Taiwan,ornamentals,1984,16.75,135.5,31,189,136.25,0.12293577981651377
14,Taiwan,ornamentals,1985,22,167.5,25,234,136.25,0.1614678899082569
14,Taiwan,ornamentals,1986,21.5,182.5,23,234,136.25,0.1577981651376147
14,Taiwan,ornamentals,1987,23,258,13,375,136.25,0.1688073394495413
14,Taiwan,ornamentals,1988,17,269.5,7,235,136.25,0.12477064220183487
14,Taiwan,ornamentals,1989,11.75,405.25,4,777,136.25,0.08623853211009175
14,Taiwan,ornamentals,1990,9.25,473.5,13,507,136.25,0.06788990825688074
14,Taiwan,ornamentals,1991,9,534.75,12,620,136.25,0.06605504587155964
14,Taiwan,ornamentals,1992,11,612.75,15,547,136.25,0.08073394495412844
14,Taiwan,ornamentals,1993,16.25,613.75,25,781,136.25,0.11926605504587157
14,Taiwan,ornamentals,1994,22.75,771.75,39,1139,136.25,0.1669724770642202
14,Taiwan,ornamentals,1995,33.25,876,54,1037,136.25,0.24403669724770644
14,Taiwan,ornamentals,1996,44.25,1006.25,59,1068,136.25,0.3247706422018349
14,Taiwan,ornamentals,1997,57.25,1016.75,77,823,136.25,0.42018348623853213
14,Taiwan,ornamentals,1998,67.5,958,80,904,136.25,0.4954128440366973
14,Taiwan,ornamentals,1999,71.25,971,69,1089,136.25,0.5229357798165137
14,Taiwan,ornamentals,2000,71.25,1060.75,59,1427,136.25,0.5229357798165137
14,Taiwan,ornamentals,2001,66.75,1248.25,59,1573,136.25,0.48990825688073397
14,Taiwan,ornamentals,2002,65.75,1455.5,76,1733,136.25,0.48256880733944957
14,Taiwan,ornamentals,2003,71.25,1672.75,91,1958,136.25,0.5229357798165137
14,Taiwan,ornamentals,2004,79.75,1853.25,93,2149,136.25,0.5853211009174312
14,Taiwan,ornamentals,2005,92.75,2000.75,111,2163,136.25,0.6807339449541284
14,Taiwan,ornamentals,2006,100.75,2186.25,108,2475,136.25,0.7394495412844037
14,Taiwan,ornamentals,2007,107.25,2329.25,117,2530,136.25,0.7871559633027523
14,Taiwan,ornamentals,2008,136.25,2559.75,209,3071,136.25,1
14,Taiwan,ornamentals,2009,134.5,2668.25,104,2597,136.25,0.9871559633027523
14,Taiwan,ornamentals,2010,133,2758.75,102,2837,136.25,0.9761467889908257
14,Taiwan,ornamentals,2011,125.75,2826.5,88,2801,136.25,0.9229357798165138
14,Taiwan,ornamentals,2012,100.75,2932.75,109,3496,136.25,0.7394495412844037
14,Taiwan,ornamentals,2013,110.25,3138.5,142,3420,136.25,0.8091743119266055
14,Taiwan,ornamentals,2014,91.25,2737.25,26,1232,136.25,0.6697247706422018
14,Taiwan,ornamentals,2015,77.75,2471.5,34,1738,136.25,0.5706422018348624
14,Taiwan,ornamentals,2016,60,2238,38,2562,136.25,0.44036697247706424
14,Taiwan,ornamentals,2017,37.5,1981,52,2392,136.25,0.27522935779816515
14,Taiwan,ornamentals,2018,44.5,2303.75,54,2523,136.25,0.326605504587156
14,Taiwan,ornamentals,2019,47.8925,2525.8025,47.57,2626.21,136.25,0.3515045871559633
14,Taiwan,ornamentals,2020,46.685,2418.9225,33.17,2134.48,136.25,0.3426422018348624
14,Taiwan,ornamentals,2021,39.9475,2396.1075,25.05,2300.74,136.25,0.29319266055045873
14,Taiwan,ornamentals,2022,31.9625,2277.5975,22.06,2048.96,136.25,0.23458715596330273
14,Taiwan,seaweeds,1976,18,3452,18,3452,1143.75,0.015737704918032787
14,Taiwan,seaweeds,1977,21,3222.5,24,2993,1143.75,0.018360655737704918
14,Taiwan,seaweeds,1978,49.666666666666664,4223.333333333333,107,6225,1143.75,0.043424408014571945
14,Taiwan,seaweeds,1979,78,5744.75,163,10309,1143.75,0.06819672131147542
14,Taiwan,seaweeds,1980,91.25,6588,71,6825,1143.75,0.07978142076502732
14,Taiwan,seaweeds,1981,107,6713.5,87,3495,1143.75,0.09355191256830601
14,Taiwan,seaweeds,1982,97.25,5815,68,2631,1143.75,0.08502732240437158
14,Taiwan,seaweeds,1983,74,3855.75,70,2472,1143.75,0.06469945355191258
14,Taiwan,seaweeds,1984,81.5,3865.25,101,6863,1143.75,0.07125683060109289
14,Taiwan,seaweeds,1985,83,4055,93,4254,1143.75,0.07256830601092897
14,Taiwan,seaweeds,1986,88,4193.5,88,3185,1143.75,0.07693989071038251
14,Taiwan,seaweeds,1987,92.25,4216.75,87,2565,1143.75,0.08065573770491803
14,Taiwan,seaweeds,1988,90,3060.5,92,2238,1143.75,0.07868852459016394
14,Taiwan,seaweeds,1989,294.25,14126,910,48516,1143.75,0.25726775956284154
14,Taiwan,seaweeds,1990,506,17692.25,935,17450,1143.75,0.4424043715846995
14,Taiwan,seaweeds,1991,730.75,21676,986,18500,1143.75,0.6389071038251366
14,Taiwan,seaweeds,1992,967,25979,1037,19450,1143.75,0.8454644808743169
14,Taiwan,seaweeds,1993,1011.5,18975,1088,20500,1143.75,0.8843715846994535
14,Taiwan,seaweeds,1994,1087,20494.5,1237,23528,1143.75,0.9503825136612022
14,Taiwan,seaweeds,1995,1143.75,21792.75,1213,23693,1143.75,1
14,Taiwan,seaweeds,1996,1123,20991,954,16243,1143.75,0.9818579234972677
14,Taiwan,seaweeds,1997,995.75,18094.25,579,8913,1143.75,0.8706010928961748
14,Taiwan,seaweeds,1998,854,14772,670,10239,1143.75,0.7466666666666667
14,Taiwan,seaweeds,1999,677,10855.5,505,8027,1143.75,0.5919125683060109
14,Taiwan,seaweeds,2000,519,8029.25,322,4938,1143.75,0.45377049180327866
14,Taiwan,seaweeds,2001,477,7250.75,411,5799,1143.75,0.41704918032786886
14,Taiwan,seaweeds,2002,392.75,5830,333,4556,1143.75,0.3433879781420765
14,Taiwan,seaweeds,2003,380,5372.75,454,6198,1143.75,0.33224043715846996
14,Taiwan,seaweeds,2004,463,6080.75,654,7770,1143.75,0.4048087431693989
14,Taiwan,seaweeds,2005,450.5,5827,361,4784,1143.75,0.393879781420765
14,Taiwan,seaweeds,2006,470.75,5868.25,414,4721,1143.75,0.4115846994535519
14,Taiwan,seaweeds,2007,452,5316.25,379,3990,1143.75,0.3951912568306011
14,Taiwan,seaweeds,2008,384.5,4406.25,384,4130,1143.75,0.33617486338797814
14,Taiwan,seaweeds,2009,393.5,4391.75,397,4726,1143.75,0.34404371584699456
14,Taiwan,seaweeds,2010,373.75,4428.25,335,4867,1143.75,0.326775956284153
14,Taiwan,seaweeds,2011,361,4336.5,328,3623,1143.75,0.31562841530054647
14,Taiwan,seaweeds,2012,341,4870.75,304,6267,1143.75,0.2981420765027322
14,Taiwan,seaweeds,2013,330.5,5183.75,355,5978,1143.75,0.2889617486338798
14,Taiwan,seaweeds,2014,363.25,5401,466,5736,1143.75,0.31759562841530053
14,Taiwan,seaweeds,2015,412,5755.5,523,5041,1143.75,0.3602185792349727
14,Taiwan,seaweeds,2016,638.75,5775,1211,6345,1143.75,0.5584699453551912
14,Taiwan,seaweeds,2017,710.25,5340.75,641,4241,1143.75,0.620983606557377
14,Taiwan,seaweeds,2018,800.5,5367,827,5841,1143.75,0.6998907103825137
14,Taiwan,seaweeds,2019,901.04,5116.345,925.16,4038.3799999999997,1143.75,0.7877945355191257
14,Taiwan,seaweeds,2020,731.125,4157.43,531.34,2509.34,1143.75,0.6392349726775957
14,Taiwan,seaweeds,2021,720.0550000000001,3634.3199999999997,596.72,2148.56,1143.75,0.6295562841530056
14,Taiwan,seaweeds,2022,661.815,2739.6,594.04,2262.12,1143.75,0.5786360655737706
15,Philippines,fish_oil,1977,218,449,218,449,2223.31,0.09805200354426509
15,Philippines,fish_oil,1978,215.5,464,213,479,2223.31,0.09692755396233543
15,Philippines,fish_oil,1979,241,656,292,1040,2223.31,0.10839693969801782
15,Philippines,fish_oil,1980,327.25,1375,586,3532,2223.31,0.1471904502745906
15,Philippines,fish_oil,1981,399.5,1966.75,507,2816,2223.31,0.17968704319235734
15,Philippines,fish_oil,1982,397.25,2062,204,860,2223.31,0.17867503856862066
15,Philippines,fish_oil,1983,408.5,2299.5,337,1990,2223.31,0.18373506168730408
15,Philippines,fish_oil,1984,347.5,1740.75,342,1297,2223.31,0.15629849188822073
15,Philippines,fish_oil,1985,350.25,1840.5,518,3215,2223.31,0.15753538642834333
15,Philippines,fish_oil,1986,424.25,2511.25,500,3543,2223.31,0.19081909405346084
15,Philippines,fish_oil,1987,384,2230,176,865,2223.31,0.17271545578439354
15,Philippines,fish_oil,1988,325.75,2056.25,109,602,2223.31,0.1465157805254328
15,Philippines,fish_oil,1989,216.5,1381.25,81,515,2223.31,0.0973773337951073
15,Philippines,fish_oil,1990,114.25,658.75,91,653,2223.31,0.0513873458941848
15,Philippines,fish_oil,1991,115.25,817.25,180,1499,2223.31,0.05183712572695666
15,Philippines,fish_oil,1992,135,1097,188,1721,2223.31,0.06072027742420086
15,Philippines,fish_oil,1993,140.75,1179.75,104,846,2223.31,0.06330651146263903
15,Philippines,fish_oil,1994,130.5,1125.5,50,436,2223.31,0.0586962681767275
15,Philippines,fish_oil,1995,89,778,14,109,2223.31,0.04003040511669538
15,Philippines,fish_oil,1996,43.5,359.5,6,47,2223.31,0.01956542272557583
15,Philippines,fish_oil,1997,17.75,149.25,1,5,2223.31,0.007983592031700484
15,Philippines,fish_oil,1998,5.25,41.25,0,4,2223.31,0.0023613441220522555
15,Philippines,fish_oil,1999,1.75,15,0,4,2223.31,7.871147073507519e-4
15,Philippines,fish_oil,2000,1.75,9.5,6,25,2223.31,7.871147073507519e-4
15,Philippines,fish_oil,2001,11,49.75,38,166,2223.31,0.00494757816049044
15,Philippines,fish_oil,2002,39.25,151.75,113,412,2223.31,0.017653858436295435
15,Philippines,fish_oil,2003,52,209,51,233,2223.31,0.023388551304136626
15,Philippines,fish_oil,2004,58.75,236.25,33,134,2223.31,0.02642456517534667
15,Philippines,fish_oil,2005,50.75,200.25,6,22,2223.31,0.022826326513171805
15,Philippines,fish_oil,2006,29.25,108.25,27,44,2223.31,0.013156060108576851
15,Philippines,fish_oil,2007,25.75,124,37,296,2223.31,0.011581830693875349
15,Philippines,fish_oil,2008,202.5,623.25,740,2131,2223.31,0.09108041613630129
15,Philippines,fish_oil,2009,261.25,996.5,241,1515,2223.31,0.11750498131164795
15,Philippines,fish_oil,2010,274,1158.75,78,693,2223.31,0.12323967417948914
15,Philippines,fish_oil,2011,284.5,1338.75,79,1016,2223.31,0.12796236242359366
15,Philippines,fish_oil,2012,132.25,1067.25,131,1045,2223.31,0.05948338288407824
15,Philippines,fish_oil,2013,118.5,1002.25,186,1255,2223.31,0.05329891018346519
15,Philippines,fish_oil,2014,141.75,1219,171,1560,2223.31,0.0637562912954109
15,Philippines,fish_oil,2015,141.75,1230.75,79,1063,2223.31,0.0637562912954109
15,Philippines,fish_oil,2016,149.25,1328.25,161,1435,2223.31,0.06712964004119984
15,Philippines,fish_oil,2017,212.5,1557.25,439,2171,2223.31,0.09557821446401986
15,Philippines,fish_oil,2018,516.25,2223,1386,4223,2223.31,0.2321988386684718
15,Philippines,fish_oil,2019,699.87,2551.26,813.48,2376.04,2223.31,0.3147874115620404
15,Philippines,fish_oil,2020,1573.3125,3984.44,3654.77,7167.72,2223.31,0.7076442331478742
15,Philippines,fish_oil,2021,2113.7425,5458.1025,2600.72,8065.6500000000005,2223.31,0.9507187481727694
15,Philippines,fish_oil,2022,2223.31,5813.3775000000005,1824.27,5644.0999999999995,2223.31,1
15,Philippines,ornamentals,1991,4659,5530,4659,5530,6766.25,0.688564566783669
15,Philippines,ornamentals,1992,4938,5864,5217,6198,6766.25,0.7297986329207463
15,Philippines,ornamentals,1993,5250,6377.333333333333,5874,7404,6766.25,0.775909846665435
15,Philippines,ornamentals,1994,5490.25,6827.5,6211,8178,6766.25,0.8114169591723628
15,Philippines,ornamentals,1995,5925.25,7647,6399,8808,6766.25,0.8757066321817846
15,Philippines,ornamentals,1996,6122.75,8023.75,6007,7705,6766.25,0.9048956216515796
15,Philippines,ornamentals,1997,6115,8001.5,5843,7315,6766.25,0.9037502309255496
15,Philippines,ornamentals,1998,5922.5,7557.75,5441,6403,6766.25,0.8753002032144837
15,Philippines,ornamentals,1999,5712.25,6974.5,5558,6475,6766.25,0.8442268612599299
15,Philippines,ornamentals,2000,5645.75,6732.5,5741,6737,6766.25,0.8343986698688343
15,Philippines,ornamentals,2001,5570.5,6528,5542,6497,6766.25,0.8232772953999631
15,Philippines,ornamentals,2002,5618.25,6537,5632,6439,6766.25,0.8303343801958248
15,Philippines,ornamentals,2003,5706.5,6600.5,5911,6729,6766.25,0.8433770552373915
15,Philippines,ornamentals,2004,6006.5,6752.75,6941,7346,6766.25,0.8877147607611307
15,Philippines,ornamentals,2005,6295.5,6911.5,6698,7132,6766.25,0.930426750415666
15,Philippines,ornamentals,2006,6552.5,7123.5,6660,7287,6766.25,0.9684093848143358
15,Philippines,ornamentals,2007,6766.25,7286.75,6766,7382,6766.25,1
15,Philippines,ornamentals,2008,6641.25,7287.25,6441,7348,6766.25,0.9815259560317754
15,Philippines,ornamentals,2009,6355.5,7113.25,5555,6436,6766.25,0.9392942915204138
15,Philippines,ornamentals,2010,5982,6789.25,5166,5991,6766.25,0.8840938481433586
15,Philippines,ornamentals,2011,5666.25,6597.25,5503,6614,6766.25,0.8374284130796231
15,Philippines,ornamentals,2012,5568.25,6536,6049,7103,6766.25,0.822944762608535
15,Philippines,ornamentals,2013,5655.5,6472.5,5904,6182,6766.25,0.8358396452983559
15,Philippines,ornamentals,2014,5850.25,6465.25,5945,5962,6766.25,0.8646222058008498
15,Philippines,ornamentals,2015,5946.5,6236.25,5888,5698,6766.25,0.8788472196563828
15,Philippines,ornamentals,2016,6067.75,5911.25,6534,5803,6766.25,0.8967670423055607
15,Philippines,ornamentals,2017,6066.25,5751.25,5898,5542,6766.25,0.896545353777942
15,Philippines,ornamentals,2018,5908.25,5655,5313,5577,6766.25,0.873194162202106
15,Philippines,ornamentals,2019,5717.09,5777.085,5123.36,6186.34,6766.25,0.8449421762423794
15,Philippines,ornamentals,2020,5030.835,5319.175,3788.98,3971.36,6766.25,0.7435189358950675
15,Philippines,ornamentals,2021,5326.1,5387.0075,7079.06,5813.33,6766.25,0.7871568446332903
15,Philippines,ornamentals,2022,5973.8825,5283.6325,7904.13,5163.5,6766.25,0.8828941437280621
15,Philippines,seaweeds,1991,27137,21245,27137,21245,36254.25,0.7485191391354117
15,Philippines,seaweeds,1992,23987,19897.5,20837,18550,36254.25,0.6616327740885551
15,Philippines,seaweeds,1993,23268.333333333332,19306.666666666668,21831,18125,36254.25,0.6418098108037907
15,Philippines,seaweeds,1994,23340.5,19975.75,23557,21983,36254.25,0.6438003820241764
15,Philippines,seaweeds,1995,23786.5,24441,28921,39106,36254.25,0.6561023879958902
15,Philippines,seaweeds,1996,25272.25,30302,26780,41994,36254.25,0.6970837901763242
15,Philippines,seaweeds,1997,26730.25,34119,27663,33393,36254.25,0.7372997648551549
15,Philippines,seaweeds,1998,27579.5,36422.25,26954,31196,36254.25,0.7607246047015177
15,Philippines,seaweeds,1999,28427,37656.75,32311,44044,36254.25,0.7841011743450768
15,Philippines,seaweeds,2000,34002.25,38787.25,49081,46516,36254.25,0.9378831447347552
15,Philippines,seaweeds,2001,35226.75,40057,32561,38472,36254.25,0.9716584952109063
15,Philippines,seaweeds,2002,36254.25,40723,31064,33860,36254.25,1
15,Philippines,seaweeds,2003,35951.5,37995.5,31100,33134,36254.25,0.991649254914941
15,Philippines,seaweeds,2004,31726.5,35321,32181,35818,36254.25,0.8751111938600302
15,Philippines,seaweeds,2005,28936.75,32860.25,21402,28629,36254.25,0.7981615948475006
15,Philippines,seaweeds,2006,25907.75,30727,18948,25327,36254.25,0.7146127695373646
15,Philippines,seaweeds,2007,21140.75,27853,12032,21638,36254.25,0.5831247370997883
15,Philippines,seaweeds,2008,16451.25,25238.75,13423,25361,36254.25,0.453774385072095
15,Philippines,seaweeds,2009,13784.25,21259,10734,12710,36254.25,0.38021059599908974
15,Philippines,seaweeds,2010,13334.75,24486.5,17150,38237,36254.25,0.3678120496217685
15,Philippines,seaweeds,2011,17112.25,33094.5,27142,56070,36254.25,0.4720067302454195
15,Philippines,seaweeds,2012,20270,34585.25,26054,31324,36254.25,0.5591068633332644
15,Philippines,seaweeds,2013,26853,39999.5,37066,34367,36254.25,0.7406855747946792
15,Philippines,seaweeds,2014,27189.25,42767.5,18495,49309,36254.25,0.7499603494762683
15,Philippines,seaweeds,2015,24909.5,34186.5,18023,21746,36254.25,0.6870780667094203
15,Philippines,seaweeds,2016,21159.25,28490.5,11053,8540,36254.25,0.5836350221008572
15,Philippines,seaweeds,2017,14173,22964.5,9121,12263,36254.25,0.3909334767647931
15,Philippines,seaweeds,2018,11635.5,13779.75,8345,12570,36254.25,0.32094168269926976
15,Philippines,seaweeds,2019,12062.425,17880.8875,19730.7,38150.55,36254.25,0.33271754346042187
15,Philippines,seaweeds,2020,13351.4825,22657.95,16209.230000000001,27648.25,36254.25,0.3682735817180055
15,Philippines,seaweeds,2021,13520.04,23183.7425,9795.23,14366.17,36254.25,0.37292289869463585
15,Philippines,seaweeds,2022,15655.632500000002,27196.175,16887.370000000003,28619.73,36254.25,0.4318288890268038
16,Australia,fish_oil,1976,21,101,21,101,3791.75,0.005538339816707325
16,Australia,fish_oil,1977,38.5,74.5,56,48,3791.75,0.010153622997296764
16,Australia,fish_oil,1978,46.333333333333336,75.66666666666667,62,78,3791.75,0.012219511659084416
16,Australia,fish_oil,1979,35,58,1,5,3791.75,0.009230566361178876
16,Australia,fish_oil,1980,30.25,33.75,2,4,3791.75,0.00797784664073317
16,Australia,fish_oil,1981,17.75,26.5,6,19,3791.75,0.004681215797455001
16,Australia,fish_oil,1982,4,10,7,12,3791.75,0.0010549218698490143
16,Australia,fish_oil,1983,10.75,15.25,28,26,3791.75,0.002835102525219226
16,Australia,fish_oil,1984,190,318.25,719,1216,3791.75,0.05010878881782818
16,Australia,fish_oil,1985,189.5,315.5,4,8,3791.75,0.049976923584097055
16,Australia,fish_oil,1986,208.75,331.5,84,76,3791.75,0.055053735082745435
16,Australia,fish_oil,1987,201.75,325.25,0,1,3791.75,0.053207621810509656
16,Australia,fish_oil,1988,79.5,50.75,230,118,3791.75,0.02096657216324916
16,Australia,fish_oil,1989,211.75,105.25,533,226,3791.75,0.055844926485132194
16,Australia,fish_oil,1990,198,106.25,29,80,3791.75,0.05221863255752621
16,Australia,fish_oil,1991,217.75,146,79,160,3791.75,0.05742730928990571
16,Australia,fish_oil,1992,281.5,305.25,485,755,3791.75,0.07424012659062439
16,Australia,fish_oil,1993,229.75,444.25,326,782,3791.75,0.06059207489945276
16,Australia,fish_oil,1994,365.25,660.5,571,945,3791.75,0.09632755324058812
16,Australia,fish_oil,1995,408.75,907,253,1146,3791.75,0.10779982857519615
16,Australia,fish_oil,1996,354.5,1124.75,268,1626,3791.75,0.0934924507153689
16,Australia,fish_oil,1997,328,1373,220,1775,3791.75,0.08650359332761917
16,Australia,fish_oil,1998,272.5,1694.25,349,2230,3791.75,0.0718665523834641
16,Australia,fish_oil,1999,255.5,1606.5,185,795,3791.75,0.06738313443660579
16,Australia,fish_oil,2000,250,1599,246,1596,3791.75,0.0659326168655634
16,Australia,fish_oil,2001,237.25,1463.75,169,1234,3791.75,0.06257005340541966
16,Australia,fish_oil,2002,172.25,1052.75,89,586,3791.75,0.04542757302037318
16,Australia,fish_oil,2003,186.75,1260.5,243,1626,3791.75,0.04925166479857586
16,Australia,fish_oil,2004,170,1258.75,179,1589,3791.75,0.044834179468583105
16,Australia,fish_oil,2005,208,1553.5,321,2413,3791.75,0.054855937232148745
16,Australia,fish_oil,2006,296,2445.25,441,4153,3791.75,0.07806421836882706
16,Australia,fish_oil,2007,364.25,4411,516,9489,3791.75,0.09606382277312586
16,Australia,fish_oil,2008,409.75,4822.5,361,3235,3791.75,0.10806355904265841
16,Australia,fish_oil,2009,726,5279.75,1586,4242,3791.75,0.1914683193775961
16,Australia,fish_oil,2010,960.75,5289.25,1380,4191,3791.75,0.2533790466143601
16,Australia,fish_oil,2011,1248.75,4217,1668,5200,3791.75,0.32933342124348913
16,Australia,fish_oil,2012,1789,5655.75,2522,8990,3791.75,0.47181380628997166
16,Australia,fish_oil,2013,2100.75,7059,2833,9855,3791.75,0.5540317795213292
16,Australia,fish_oil,2014,2408.75,8624.5,2612,10453,3791.75,0.6352607634997033
16,Australia,fish_oil,2015,3791.75,10540.25,7200,12863,3791.75,1
16,Australia,fish_oil,2016,3729.25,10240.75,2272,7792,3791.75,0.9835168457836092
16,Australia,fish_oil,2017,3616.75,9219.25,2383,5769,3791.75,0.9538471681941056
16,Australia,fish_oil,2018,3480.5,7426,2067,3280,3791.75,0.9179138920023736
16,Australia,fish_oil,2019,2175.185,5357.305,1978.74,4588.22,3791.75,0.5736625568668821
16,Australia,fish_oil,2020,1919.5375,4504,1249.41,4378.78,3791.75,0.5062405221863255
16,Australia,fish_oil,2021,1785.14,5098.4400000000005,1845.41,8146.76,3791.75,0.47079580668556736
16,Australia,fish_oil,2022,2145.5675,6910.38,3508.71,10527.76,3791.75,0.5658515197468188
16,Australia,ornamentals,1989,51.35898666192901,357,51.35898666192901,357,358.2916263145951,0.1433440886972716
16,Australia,ornamentals,1990,47.93698192935918,330.5,44.514977196789346,304,358.2916263145951,0.13379319640383808
16,Australia,ornamentals,1991,53.64020375713638,376.6666666666667,65.04664741269079,469,358.2916263145951,0.14971101699719333
16,Australia,ornamentals,1992,59.521325644002914,424.25,77.16469130460251,567,358.2916263145951,0.16612536066288275
16,Australia,ornamentals,1993,76.16012397865542,558.25,117.91418000053903,893,358.2916263145951,0.21256462162412815
16,Australia,ornamentals,1994,106.53137967945808,767.75,166,1142,358.2916263145951,0.29733148043465313
16,Australia,ornamentals,1995,133.2697178262854,1020.5,172,1480,358.2916263145951,0.3719587845161332
16,Australia,ornamentals,1996,208.22854500013477,1748,377,3477,358.2916263145951,0.5811705596973717
16,Australia,ornamentals,1997,259.75,2046.5,324,2087,358.2916263145951,0.7249681011856208
16,Australia,ornamentals,1998,251,1956.5,131,782,358.2916263145951,0.7005466540811967
16,Australia,ornamentals,1999,249.75,1855.75,167,1077,358.2916263145951,0.6970578759234217
16,Australia,ornamentals,2000,200.25,1214.5,179,912,358.2916263145951,0.5589022608755363
16,Australia,ornamentals,2001,169.75,1035.75,202,1372,358.2916263145951,0.4737760738258292
16,Australia,ornamentals,2002,157,1079,80,955,358.2916263145951,0.43819053661652535
16,Australia,ornamentals,2003,166.67330272235782,1069.75,205.69321088943127,1040,358.2916263145951,0.4651889424175704
16,Australia,ornamentals,2004,184.40178290944743,1198,249.9139207483584,1425,358.2916263145951,0.5146695299753808
16,Australia,ornamentals,2005,187.49203800872635,1135,214.36102039711568,1120,358.2916263145951,0.5232945015692342
16,Australia,ornamentals,2006,212.3480700641631,1124.5,179.42412822174697,913,358.2916263145951,0.5926682469484023
16,Australia,ornamentals,2007,224.53354294596886,1253,254.43510241665444,1554,358.2916263145951,0.626678176254164
16,Australia,ornamentals,2008,253.17957550071364,1497.5,364.49805096733746,2403,358.2916263145951,0.7066298984012854
16,Australia,ornamentals,2009,291.3686608554632,1829.5,367.1173618161139,2448,358.2916263145951,0.8132164958821262
16,Australia,ornamentals,2010,329.94998227747726,2167.5,333.7494139098033,2265,358.2916263145951,0.9208978330622981
16,Australia,ornamentals,2011,349.910861234868,2356,334.27861824621715,2308,358.2916263145951,0.9766090958755245
16,Australia,ornamentals,2012,357.32591598155665,2285,394.15826995409225,2119,358.2916263145951,0.9973046807066864
16,Australia,ornamentals,2013,358.2916263145951,2173.25,370.9802031482677,2001,358.2916263145951,1
16,Australia,ornamentals,2014,344.4452922098888,1975.25,278.36407749097816,1473,358.2916263145951,0.9613545696081979
16,Australia,ornamentals,2015,315.1455773674404,1680.75,217.0797588764235,1130,358.2916263145951,0.8795784054711047
16,Australia,ornamentals,2016,277.2754334753606,1476,242.67769438577307,1300,358.2916263145951,0.7738819807971207
16,Australia,ornamentals,2017,249.01653309503808,1328,257.9446016269776,1409,358.2916263145951,0.6950107532694362
16,Australia,ornamentals,2018,257.805377528759,1398.75,313.51945522586175,1756,358.2916263145951,0.7195406160633937
16,Australia,ornamentals,2019,203.5354378096531,1507.1225,0,1563.49,358.2916263145951,0.5680719918107727
16,Australia,ornamentals,2020,142.86601421320984,1389.0875,0,827.86,358.2916263145951,0.398742263900322
16,Australia,ornamentals,2021,78.37986380646544,1307.8625,0,1084.1,358.2916263145951,0.2187599654858934
16,Australia,ornamentals,2022,0,1257.615,0,1555.01,358.2916263145951,0
16,Australia,seaweeds,1990,1551,679,1551,679,4642.25,0.3341052291453498
16,Australia,seaweeds,1991,2121.5,1082.5,2692,1486,4642.25,0.45699822284452585
16,Australia,seaweeds,1992,2127,1151.6666666666667,2138,1290,4642.25,0.4581829931606441
16,Australia,seaweeds,1993,2384.25,1237.25,3156,1494,4642.25,0.5135979320372664
16,Australia,seaweeds,1994,2746.5,1475.25,3000,1631,4642.25,0.5916312133125101
16,Australia,seaweeds,1995,2933,1580.5,3438,1907,4642.25,0.6318056976681566
16,Australia,seaweeds,1996,3181,1720.75,3130,1851,4642.25,0.6852280682858528
16,Australia,seaweeds,1997,3285.25,1807,3573,1839,4642.25,0.7076848510959125
16,Australia,seaweeds,1998,3385.75,1769.25,3402,1480,4642.25,0.7293338359631644
16,Australia,seaweeds,1999,3517.25,1651.5,3964,1436,4642.25,0.7576606171576283
16,Australia,seaweeds,2000,3409.75,1460.25,2700,1086,4642.25,0.734503742797135
16,Australia,seaweeds,2001,3359,1339.75,3370,1357,4642.25,0.7235715439711347
16,Australia,seaweeds,2002,3616,1451,4430,1925,4642.25,0.7789326296515698
16,Australia,seaweeds,2003,2962.5,1266.25,1350,697,4642.25,0.6381603748182455
16,Australia,seaweeds,2004,3325,1608.5,4150,2455,4642.25,0.7162475092896763
16,Australia,seaweeds,2005,3833.5,2045,5404,3103,4642.25,0.8257849103344284
16,Australia,seaweeds,2006,4094.75,2480.5,5475,3667,4642.25,0.8820615003500458
16,Australia,seaweeds,2007,4642.25,2966.5,3540,2641,4642.25,1
16,Australia,seaweeds,2008,4307.75,2957.5,2812,2419,4642.25,0.9279444235015348
16,Australia,seaweeds,2009,3452,2609.5,1981,1711,4642.25,0.7436049329527707
16,Australia,seaweeds,2010,2893.25,2380,3240,2749,4642.25,0.6232430394743929
16,Australia,seaweeds,2011,2620.75,2451.5,2450,2927,4642.25,0.5645430556303517
16,Australia,seaweeds,2012,2214.75,2452.25,1188,2422,4642.25,0.47708546502234905
16,Australia,seaweeds,2013,1930.5,2546.25,844,2087,4642.25,0.4158543809575098
16,Australia,seaweeds,2014,1363.25,2462.25,971,2413,4642.25,0.2936614788087673
16,Australia,seaweeds,2015,895.25,2123,578,1570,4642.25,0.19284829554634067
16,Australia,seaweeds,2016,817,1952.25,875,1739,4642.25,0.17599224513974904
16,Australia,seaweeds,2017,859.25,2002.75,1013,2289,4642.25,0.18509343529538477
16,Australia,seaweeds,2018,834.25,2020.25,871,2483,4642.25,0.17970811567666542
16,Australia,seaweeds,2019,954.4300000000001,2101.1975,1058.72,1893.7900000000002,4642.25,0.20559642414777318
16,Australia,seaweeds,2020,892.0625,2147.9775,625.5300000000001,1926.12,4642.25,0.19216166729495396
16,Australia,seaweeds,2021,783.5625,2090.685,579,2059.83,4642.25,0.1687893801497119
16,Australia,seaweeds,2022,765.135,2093.3375,797.29,2493.6099999999997,4642.25,0.16481986105875385
17,Papua New Guinea,fish_oil,1991,15,76,15,76,285.4475,0.052549067691957364
17,Papua New Guinea,fish_oil,1992,7.5,38,0,0,285.4475,0.026274533845978682
17,Papua New Guinea,fish_oil,1993,5,25.333333333333332,0,0,285.4475,0.017516355897319123
17,Papua New Guinea,fish_oil,1994,3.75,19,0,0,285.4475,0.013137266922989341
17,Papua New Guinea,fish_oil,1995,0,0,0,0,285.4475,0
17,Papua New Guinea,fish_oil,1996,0,0,0,0,285.4475,0
17,Papua New Guinea,fish_oil,1997,0,0,0,0,285.4475,0
17,Papua New Guinea,fish_oil,1998,0.7730398771586806,2.25,3.0921595086347224,9,285.4475,0.002708168322226261
17,Papua New Guinea,fish_oil,1999,7.023039877158681,10.25,25,32,285.4475,0.024603613193875162
17,Papua New Guinea,fish_oil,2000,11.77303987715868,12.25,19,8,285.4475,0.04124415129632833
17,Papua New Guinea,fish_oil,2001,11.77303987715868,12.25,0,0,285.4475,0.04124415129632833
17,Papua New Guinea,fish_oil,2002,11,10,0,0,285.4475,0.038535982974102066
17,Papua New Guinea,fish_oil,2003,4.75,2,0,0,285.4475,0.016640538102453167
17,Papua New Guinea,fish_oil,2004,0,0,0,0,285.4475,0
17,Papua New Guinea,fish_oil,2005,0,0,0,0,285.4475,0
17,Papua New Guinea,fish_oil,2006,0,0,0,0,285.4475,0
17,Papua New Guinea,fish_oil,2007,0,0,0,0,285.4475,0
17,Papua New Guinea,fish_oil,2008,0,0,0,0,285.4475,0
17,Papua New Guinea,fish_oil,2009,0,0,0,0,285.4475,0
17,Papua New Guinea,fish_oil,2010,0,0,0,0,285.4475,0
17,Papua New Guinea,fish_oil,2011,0,0,0,0,285.4475,0
17,Papua New Guinea,fish_oil,2012,0,0,0,0,285.4475,0
17,Papua New Guinea,fish_oil,2013,0,0,0,0,285.4475,0
17,Papua New Guinea,fish_oil,2014,0,0,0,0,285.4475,0
17,Papua New Guinea,fish_oil,2015,0,0,0,0,285.4475,0
17,Papua New Guinea,fish_oil,2016,5.25,9.5,21,38,285.4475,0.018392173692185078
17,Papua New Guinea,fish_oil,2017,5.25,9.5,0,0,285.4475,0.018392173692185078
17,Papua New Guinea,fish_oil,2018,5.25,9.5,0,0,285.4475,0.018392173692185078
17,Papua New Guinea,fish_oil,2019,59.28,112.535,216.12,412.14,285.4475,0.20767391551861553
17,Papua New Guinea,fish_oil,2020,122.03,193.5075,272,361.89,285.4475,0.4275041820299705
17,Papua New Guinea,fish_oil,2021,228.66,386.185,426.52,770.71,285.4475,0.8010579878961981
17,Papua New Guinea,fish_oil,2022,285.4475,477.155,227.15,363.88,285.4475,1
17,Papua New Guinea,ornamentals,1998,7,130,7,130,10.905548059937018,0.6418751227841021
17,Papua New Guinea,ornamentals,1999,4,65.5,1,1,10.905548059937018,0.3667857844480583
17,Papua New Guinea,ornamentals,2000,2.6666666666666665,43.666666666666664,0,0,10.905548059937018,0.24452385629870554
17,Papua New Guinea,ornamentals,2001,2,32.75,0,0,10.905548059937018,0.18339289222402916
17,Papua New Guinea,ornamentals,2002,0.25,0.5,0,1,10.905548059937018,0.022924111528003645
17,Papua New Guinea,ornamentals,2003,0,0.25,0,0,10.905548059937018,0
17,Papua New Guinea,ornamentals,2004,0,0.25,0,0,10.905548059937018,0
17,Papua New Guinea,ornamentals,2005,0,0.25,0,0,10.905548059937018,0
17,Papua New Guinea,ornamentals,2006,0,0,0,0,10.905548059937018,0
17,Papua New Guinea,ornamentals,2007,2.400819136436688,9,9.603276545746752,36,10.905548059937018,0.22014658256896014
17,Papua New Guinea,ornamentals,2008,4.3063671963737065,16.25,7.622192239748074,29,10.905548059937018,0.3948785675608289
17,Papua New Guinea,ornamentals,2009,4.3063671963737065,25.25,0,36,10.905548059937018,0.3948785675608289
17,Papua New Guinea,ornamentals,2010,4.3063671963737065,62.75,0,150,10.905548059937018,0.3948785675608289
17,Papua New Guinea,ornamentals,2011,10.905548059937018,66,36,49,10.905548059937018,1
17,Papua New Guinea,ornamentals,2012,9,63,0,17,10.905548059937018,0.8252680150081313
17,Papua New Guinea,ornamentals,2013,9,54.25,0,1,10.905548059937018,0.8252680150081313
17,Papua New Guinea,ornamentals,2014,9,17,0,1,10.905548059937018,0.8252680150081313
17,Papua New Guinea,ornamentals,2015,0,4.75,0,0,10.905548059937018,0
17,Papua New Guinea,ornamentals,2016,0,1.25,0,3,10.905548059937018,0
17,Papua New Guinea,ornamentals,2017,0,1,0,0,10.905548059937018,0
17,Papua New Guinea,ornamentals,2018,0,0.75,0,0,10.905548059937018,0
17,Papua New Guinea,ornamentals,2019,7.7675,89.5525,31.07,355.21,10.905548059937018,0.7122521451750733
17,Papua New Guinea,ornamentals,2020,7.7725,154.3475,0.02,262.18,10.905548059937018,0.7127106274056333
17,Papua New Guinea,ornamentals,2021,7.7775,205.39749999999998,0.02,204.2,10.905548059937018,0.7131691096361934
17,Papua New Guinea,ornamentals,2022,8.15,249.20499999999998,1.49,175.23,10.905548059937018,0.7473260358129189
17,Papua New Guinea,seaweeds,2013,105,84,105,84,109,0.963302752293578
17,Papua New Guinea,seaweeds,2014,109,100.5,113,117,109,1
17,Papua New Guinea,seaweeds,2015,72.66666666666667,67,0,0,109,0.6666666666666667
17,Papua New Guinea,seaweeds,2016,74.25,63.25,79,52,109,0.6811926605504587
17,Papua New Guinea,seaweeds,2017,88.75,61.25,163,76,109,0.8142201834862385
17,Papua New Guinea,seaweeds,2018,60.5,32,0,0,109,0.555045871559633
17,Papua New Guinea,seaweeds,2019,60.5,32,0,0,109,0.555045871559633
17,Papua New Guinea,seaweeds,2020,40.75,19,0,0,109,0.3738532110091743
17,Papua New Guinea,seaweeds,2021,0,0,0,0,109,0
17,Papua New Guinea,seaweeds,2022,0,0,0,0,109,0
18,Fiji,ornamentals,1989,18.85316862952871,63,18.85316862952871,63,243.75,0.07734633283909215
18,Fiji,ornamentals,1990,32.26787670790803,113.5,45.68258478628735,164,243.75,0.13238103264782783
18,Fiji,ornamentals,1991,41.503283793233045,148.33333333333334,59.97409796388308,218,243.75,0.1702698822286484
18,Fiji,ornamentals,1992,31.127462844924786,111.25,0,0,243.75,0.1277024116714863
18,Fiji,ornamentals,1993,26.414170687542608,95.5,0,0,243.75,0.10836582846171326
18,Fiji,ornamentals,1994,14.99352449097077,54.5,0,0,243.75,0.06151189534757239
18,Fiji,ornamentals,1995,0,0,0,0,243.75,0
18,Fiji,ornamentals,1996,0,0,0,0,243.75,0
18,Fiji,ornamentals,1997,0,0,0,0,243.75,0
18,Fiji,ornamentals,1998,11.993463768527029,44,47.973855074108116,176,243.75,0.04920395392216217
18,Fiji,ornamentals,1999,24.091875220195163,88.5,48.39364580667254,178,243.75,0.09883846244182631
18,Fiji,ornamentals,2000,73.37541550614577,272.5,197.13416114380246,736,243.75,0.30102734566623907
18,Fiji,ornamentals,2001,131.62541550614577,437.25,233,659,243.75,0.540001704640598
18,Fiji,ornamentals,2002,182.88195173761875,532.25,253,556,243.75,0.7502849302056154
18,Fiji,ornamentals,2003,225.7835402859506,660.5,220,691,243.75,0.9262914473269769
18,Fiji,ornamentals,2004,243.75,661.75,269,741,243.75,1
18,Fiji,ornamentals,2005,217,650.25,126,613,243.75,0.8902564102564102
18,Fiji,ornamentals,2006,176.25,635.5,90,497,243.75,0.7230769230769231
18,Fiji,ornamentals,2007,150.5,599.25,117,546,243.75,0.6174358974358974
18,Fiji,ornamentals,2008,113,551.25,119,549,243.75,0.4635897435897436
18,Fiji,ornamentals,2009,106.25,516.25,99,473,243.75,0.4358974358974359
18,Fiji,ornamentals,2010,127.5,539,175,588,243.75,0.5230769230769231
18,Fiji,ornamentals,2011,132,571.25,135,675,243.75,0.5415384615384615
18,Fiji,ornamentals,2012,120,549.5,71,462,243.75,0.49230769230769234
18,Fiji,ornamentals,2013,118.5,622,93,763,243.75,0.48615384615384616
18,Fiji,ornamentals,2014,98.5,678.5,95,814,243.75,0.4041025641025641
18,Fiji,ornamentals,2015,89.25,706,98,785,243.75,0.36615384615384616
18,Fiji,ornamentals,2016,92,773.25,82,731,243.75,0.37743589743589745
18,Fiji,ornamentals,2017,88,768.25,77,743,243.75,0.36102564102564105
18,Fiji,ornamentals,2018,82.75,694.25,74,518,243.75,0.3394871794871795
18,Fiji,ornamentals,2019,96.525,793.38,153.1,1181.52,243.75,0.396
18,Fiji,ornamentals,2020,118.0625,1001.1575,168.15,1562.11,243.75,0.48435897435897435
18,Fiji,ornamentals,2021,152.255,1334.3575,213.77,2075.8,243.75,0.6246358974358974
18,Fiji,ornamentals,2022,188.4775,1750.77,218.89,2183.65,243.75,0.7732410256410256
18,Fiji,seaweeds,2000,106,191,106,191,106,1
18,Fiji,seaweeds,2001,53,95.5,0,0,106,0.5
18,Fiji,seaweeds,2002,35.333333333333336,63.666666666666664,0,0,106,0.33333333333333337
18,Fiji,seaweeds,2003,26.5,49.75,0,8,106,0.25
18,Fiji,seaweeds,2004,4.75,17.25,19,61,106,0.04481132075471698
18,Fiji,seaweeds,2005,7.25,29.5,10,49,106,0.06839622641509434
18,Fiji,seaweeds,2006,30,48.5,91,76,106,0.2830188679245283
18,Fiji,seaweeds,2007,40.25,51.5,41,20,106,0.37971698113207547
18,Fiji,seaweeds,2008,39.25,39,15,11,106,0.37028301886792453
18,Fiji,seaweeds,2009,44.75,30.75,32,16,106,0.4221698113207547
18,Fiji,seaweeds,2010,29,19.25,28,30,106,0.27358490566037735
18,Fiji,seaweeds,2011,24,36.5,21,89,106,0.22641509433962265
18,Fiji,seaweeds,2012,25.75,39.75,22,24,106,0.2429245283018868
18,Fiji,seaweeds,2013,28.75,49.75,44,56,106,0.27122641509433965
18,Fiji,seaweeds,2014,27.75,48.5,24,25,106,0.2617924528301887
18,Fiji,seaweeds,2015,34.75,31.25,49,20,106,0.3278301886792453
18,Fiji,seaweeds,2016,29.25,26.75,0,6,106,0.2759433962264151
18,Fiji,seaweeds,2017,22,13.5,15,3,106,0.20754716981132076
18,Fiji,seaweeds,2018,16,8.75,0,6,106,0.1509433962264151
18,Fiji,seaweeds,2019,3.7525,3.7525,0.01,0.01,106,0.03540094339622642
18,Fiji,seaweeds,2020,3.7525,2.2525,0,0,106,0.03540094339622642
18,Fiji,seaweeds,2021,0.0025,1.5025,0,0,106,2.3584905660377357e-5
18,Fiji,seaweeds,2022,0.0025,0.0025,0,0,106,2.3584905660377357e-5
20,South Korea,fish_oil,1976,17,27,17,27,3625.5,0.00468900841263274
20,South Korea,fish_oil,1977,48,57,79,87,3625.5,0.013239553165080678
20,South Korea,fish_oil,1978,36.666666666666664,53.666666666666664,14,47,3625.5,0.010113547556658851
20,South Korea,fish_oil,1979,29.75,42.75,9,10,3625.5,0.008205764722107295
20,South Korea,fish_oil,1980,25.5,36,0,0,3625.5,0.00703351261894911
20,South Korea,fish_oil,1981,5.75,14.25,0,0,3625.5,0.0015859881395669563
20,South Korea,fish_oil,1982,2.25,2.5,0,0,3625.5,6.206040546131568e-4
20,South Korea,fish_oil,1983,0,0.5,0,2,3625.5,0
20,South Korea,fish_oil,1984,14.5,5.75,58,21,3625.5,0.003999448351951455
20,South Korea,fish_oil,1985,16,9.25,6,14,3625.5,0.0044131843883602265
20,South Korea,fish_oil,1986,16,9.25,0,0,3625.5,0.0044131843883602265
20,South Korea,fish_oil,1987,30.25,14,57,21,3625.5,0.008343676734243553
20,South Korea,fish_oil,1988,30,14.5,57,23,3625.5,0.008274720728175424
20,South Korea,fish_oil,1989,36.25,25,31,56,3625.5,0.009998620879878637
20,South Korea,fish_oil,1990,37,25.5,3,2,3625.5,0.010205488898083023
20,South Korea,fish_oil,1991,117.5,83.25,379,252,3625.5,0.03240932285202041
20,South Korea,fish_oil,1992,203.75,169.5,402,368,3625.5,0.056199144945524755
20,South Korea,fish_oil,1993,370.5,261.25,698,423,3625.5,0.10219280099296649
20,South Korea,fish_oil,1994,623.5,432,1015,685,3625.5,0.17197627913391256
20,South Korea,fish_oil,1995,1161,802.75,2529,1735,3625.5,0.32023169218038894
20,South Korea,fish_oil,1996,1444,1020.75,1534,1240,3625.5,0.3982898910495104
20,South Korea,fish_oil,1997,1653.5,1168,1536,1012,3625.5,0.4560750241346021
20,South Korea,fish_oil,1998,2074,1408,2697,1645,3625.5,0.5720590263411943
20,South Korea,fish_oil,1999,1670,1156.75,913,730,3625.5,0.4606261205350986
20,South Korea,fish_oil,2000,1951.25,1169,2659,1289,3625.5,0.5382016273617433
20,South Korea,fish_oil,2001,2301.75,1399.25,2938,1933,3625.5,0.6348779478692594
20,South Korea,fish_oil,2002,2161.75,1337.75,2137,1399,3625.5,0.5962625844711075
20,South Korea,fish_oil,2003,2940.75,1707.5,4029,2209,3625.5,0.8111294993793959
20,South Korea,fish_oil,2004,3625.5,2238,5398,3411,3625.5,1
20,South Korea,fish_oil,2005,3590.5,2308,2798,2213,3625.5,0.990346159150462
20,South Korea,fish_oil,2006,3591,2368,2139,1639,3625.5,0.9904840711625983
20,South Korea,fish_oil,2007,3616.75,2687,4132,3485,3625.5,0.9975865397876155
20,South Korea,fish_oil,2008,3150.5,2721.75,3533,3550,3625.5,0.8689835884705558
20,South Korea,fish_oil,2009,2977.5,2712.75,2106,2177,3625.5,0.8212660322714108
20,South Korea,fish_oil,2010,2934.5,3069.75,1967,3067,3625.5,0.8094055992276927
20,South Korea,fish_oil,2011,2350,3101.5,1794,3612,3625.5,0.6481864570404082
20,South Korea,fish_oil,2012,1980.75,3345.25,2056,4525,3625.5,0.5463384360777824
20,South Korea,fish_oil,2013,1975.25,3887.5,2084,4346,3625.5,0.5448214039442836
20,South Korea,fish_oil,2014,1978,4168.5,1978,4191,3625.5,0.545579920011033
20,South Korea,fish_oil,2015,2174.5,4910.75,2580,6581,3625.5,0.599779340780582
20,South Korea,fish_oil,2016,2215.5,4807.25,2220,4111,3625.5,0.6110881257757551
20,South Korea,fish_oil,2017,2056.75,4371.5,1449,2603,3625.5,0.5673010619224934
20,South Korea,fish_oil,2018,1803.5,3780.75,965,1828,3625.5,0.49744862777547927
20,South Korea,fish_oil,2019,1530.96,2842.76,1489.8400000000001,2829.04,3625.5,0.42227554820024826
20,South Korea,fish_oil,2020,1391.0025,2563.83,1660.17,2995.2799999999997,3625.5,0.38367190732312784
20,South Korea,fish_oil,2021,1314.8200000000002,2540.4525,1144.27,2509.4900000000002,3625.5,0.3626589435939871
20,South Korea,fish_oil,2022,1264.0425,2537.8775,761.89,1817.7,3625.5,0.34865328920148947
20,South Korea,ornamentals,1977,237,1131,237,1131,237,1
20,South Korea,ornamentals,1978,159,717,81,303,237,0.6708860759493671
20,South Korea,ornamentals,1979,143.33333333333334,572.6666666666666,112,284,237,0.6047819971870605
20,South Korea,ornamentals,1980,196,526.25,354,387,237,0.8270042194092827
20,South Korea,ornamentals,1981,151.5,277.25,59,135,237,0.6392405063291139
20,South Korea,ornamentals,1982,148.75,244.5,70,172,237,0.6276371308016878
20,South Korea,ornamentals,1983,155.75,272.75,140,397,237,0.6571729957805907
20,South Korea,ornamentals,1984,89.75,229.25,90,213,237,0.37869198312236285
20,South Korea,ornamentals,1985,83.5,235.5,34,160,237,0.35232067510548526
20,South Korea,ornamentals,1986,69.75,213.25,15,83,237,0.29430379746835444
20,South Korea,ornamentals,1987,50.25,139.25,62,101,237,0.2120253164556962
20,South Korea,ornamentals,1988,28,86.75,1,3,237,0.11814345991561181
20,South Korea,ornamentals,1989,19.5,46.75,0,0,237,0.08227848101265822
20,South Korea,ornamentals,1990,15.75,26,0,0,237,0.06645569620253164
20,South Korea,ornamentals,1991,0.25,0.75,0,0,237,0.0010548523206751054
20,South Korea,ornamentals,1992,0,0,0,0,237,0
20,South Korea,ornamentals,1993,0,3,0,12,237,0
20,South Korea,ornamentals,1994,0,5.5,0,10,237,0
20,South Korea,ornamentals,1995,0.25,11.75,1,25,237,0.0010548523206751054
20,South Korea,ornamentals,1996,0.25,15,0,13,237,0.0010548523206751054
20,South Korea,ornamentals,1997,1,17.5,3,22,237,0.004219409282700422
20,South Korea,ornamentals,1998,2.5,37,6,88,237,0.010548523206751054
20,South Korea,ornamentals,1999,3.75,49.75,6,76,237,0.015822784810126583
20,South Korea,ornamentals,2000,8.673404637772478,85.25,19.693618551089912,155,237,0.03659664404123408
20,South Korea,ornamentals,2001,7.923404637772478,134,0,217,237,0.03343208707920877
20,South Korea,ornamentals,2002,12.526797790797104,210.5,24.413572612098505,394,237,0.05285568688100044
20,South Korea,ornamentals,2003,11.026797790797104,258.5,0,268,237,0.046526572956949806
20,South Korea,ornamentals,2004,9.665277915961042,273.25,14.247539051745662,214,237,0.04078176335848541
20,South Korea,ornamentals,2005,13.59066965469492,296,15.701566954935515,308,237,0.057344597699134685
20,South Korea,ornamentals,2006,10.124150336981415,251.5,10.547495341244485,216,237,0.04271793391131399
20,South Korea,ornamentals,2007,13.959425441889493,285.5,15.341100419632312,404,237,0.058900529290672965
20,South Korea,ornamentals,2008,13.601555090450688,328.5,12.81605764599044,386,237,0.05739052780780881
20,South Korea,ornamentals,2009,12.275562632372043,344.25,10.397597122620937,371,237,0.051795622921401024
20,South Korea,ornamentals,2010,12.086447510530888,392,9.791034853879864,407,237,0.050997668820805434
20,South Korea,ornamentals,2011,8.25117240562281,322.5,0,126,237,0.03481507344144646
20,South Korea,ornamentals,2012,5.090070079128597,227.75,0.17164834001358625,7,237,0.021477088941470872
20,South Korea,ornamentals,2013,2.4906707984733627,135,0,0,237,0.010509159487229379
20,South Korea,ornamentals,2014,0.04291208500339656,33.25,0,0,237,1.8106364980336102e-4
20,South Korea,ornamentals,2015,0.10168859956990622,5.75,0.23510605826603864,16,237,4.2906582097006847e-4
20,South Korea,ornamentals,2016,0.3087765145665097,6,1,8,237,0.001302854491841813
20,South Korea,ornamentals,2017,0.3087765145665097,6,0,0,237,0.001302854491841813
20,South Korea,ornamentals,2018,0.3087765145665097,9.25,0,13,237,0.001302854491841813
20,South Korea,ornamentals,2019,0.2625,6.0875,0.05,3.35,237,0.0011075949367088608
20,South Korea,ornamentals,2020,0.037500000000000006,6.625,0.1,10.15,237,1.5822784810126585e-4
20,South Korea,ornamentals,2021,0.125,16.93,0.35,41.22,237,5.274261603375527e-4
20,South Korea,ornamentals,2022,0.16999999999999998,15.2925,0.18,6.45,237,7.172995780590717e-4
20,South Korea,seaweeds,1981,4065,12957,4065,12957,4065,1
20,South Korea,seaweeds,1982,3518,11522.5,2971,10088,4065,0.8654366543665437
20,South Korea,seaweeds,1983,3095.6666666666665,11048.666666666666,2251,10101,4065,0.7615416154161542
20,South Korea,seaweeds,1984,2908.25,10500.25,2346,8855,4065,0.7154366543665437
20,South Korea,seaweeds,1985,2470.75,9614.5,2315,9414,4065,0.6078105781057811
20,South Korea,seaweeds,1986,2359,10028.75,2524,11745,4065,0.580319803198032
20,South Korea,seaweeds,1987,2429.25,11193.25,2532,14759,4065,0.5976014760147601
20,South Korea,seaweeds,1988,2736.5,13802.5,3575,19292,4065,0.6731857318573186
20,South Korea,seaweeds,1989,2962.5,17159.25,3219,22841,4065,0.7287822878228782
20,South Korea,seaweeds,1990,3046,19541.75,2858,21275,4065,0.7493234932349323
20,South Korea,seaweeds,1991,3177,21429.5,3056,22310,4065,0.7815498154981549
20,South Korea,seaweeds,1992,3128.25,22232.5,3380,22504,4065,0.7695571955719557
20,South Korea,seaweeds,1993,2904,20659.5,2322,16549,4065,0.7143911439114391
20,South Korea,seaweeds,1994,2790.75,20115.25,2405,19098,4065,0.6865313653136531
20,South Korea,seaweeds,1995,2641.25,20684.5,2458,24587,4065,0.6497539975399754
20,South Korea,seaweeds,1996,2384.75,19943.5,2354,19540,4065,0.5866543665436654
20,South Korea,seaweeds,1997,2471.5,20057.5,2669,17005,4065,0.6079950799507995
20,South Korea,seaweeds,1998,2550.75,19023.25,2722,14961,4065,0.6274907749077491
20,South Korea,seaweeds,1999,2614.25,17578,2712,18806,4065,0.6431119311193112
20,South Korea,seaweeds,2000,2632.5,17296.25,2427,18413,4065,0.6476014760147601
20,South Korea,seaweeds,2001,2601.25,17313.5,2544,17074,4065,0.6399138991389914
20,South Korea,seaweeds,2002,2492.5,17464,2287,15563,4065,0.6131611316113161
20,South Korea,seaweeds,2003,2544.75,17359.25,2921,18387,4065,0.6260147601476015
20,South Korea,seaweeds,2004,2753,17622,3260,19464,4065,0.6772447724477245
20,South Korea,seaweeds,2005,3041.25,20826.75,3697,29893,4065,0.7481549815498155
20,South Korea,seaweeds,2006,3309.75,25111.75,3361,32703,4065,0.8142066420664207
20,South Korea,seaweeds,2007,3161,25360.25,2326,19381,4065,0.7776137761377614
20,South Korea,seaweeds,2008,2912.75,25498,2267,20015,4065,0.7165436654366544
20,South Korea,seaweeds,2009,2532.5,22022.75,2176,15992,4065,0.6230012300123001
20,South Korea,seaweeds,2010,2491,19248.5,3195,21606,4065,0.6127921279212792
20,South Korea,seaweeds,2011,2935,21816,4102,29651,4065,0.7220172201722017
20,South Korea,seaweeds,2012,3307.5,24144.25,3757,29328,4065,0.8136531365313653
20,South Korea,seaweeds,2013,3626.25,27636.75,3451,29962,4065,0.8920664206642066
20,South Korea,seaweeds,2014,3387.75,28326,2241,24363,4065,0.8333948339483395
20,South Korea,seaweeds,2015,2888.75,26375,2106,21847,4065,0.7106396063960639
20,South Korea,seaweeds,2016,2482.25,24749.5,2131,22826,4065,0.610639606396064
20,South Korea,seaweeds,2017,2222.25,23755.25,2411,25985,4065,0.5466789667896679
20,South Korea,seaweeds,2018,2242.5,24134.75,2322,25881,4065,0.551660516605166
20,South Korea,seaweeds,2019,2282.4625,25556.5875,2265.85,27534.35,4065,0.5614913899138991
20,South Korea,seaweeds,2020,2225.0775,25482.76,1901.46,22530.69,4065,0.5473745387453874
20,South Korea,seaweeds,2021,2063.4125,24676.6325,1764.34,22760.489999999998,4065,0.5076045510455104
20,South Korea,seaweeds,2022,2433.1425,24279.317499999997,3800.9199999999996,24291.739999999998,4065,0.5985590405904059
21,North Korea,seaweeds,1997,420.20929653706753,645,420.20929653706753,645,1209,0.3475676563582031
21,North Korea,seaweeds,1998,362.56933998976,522.5,304.9293834424525,400,1209,0.29989192720410257
21,North Korea,seaweeds,1999,558.04622665984,606.6666666666666,949,775,1209,0.461576696989115
21,North Korea,seaweeds,2000,490.78466999488,574.5,289,478,1209,0.40594265508261373
21,North Korea,seaweeds,2001,445.2323458606131,482,238,275,1209,0.36826496762664446
21,North Korea,seaweeds,2002,539,500.5,680,474,1209,0.445822994210091
21,North Korea,seaweeds,2003,455.75,433.75,616,508,1209,0.3769644334160463
21,North Korea,seaweeds,2004,676.25,538.5,1171,897,1209,0.5593465674110836
21,North Korea,seaweeds,2005,1035.25,792.25,1674,1290,1209,0.8562861869313482
21,North Korea,seaweeds,2006,1209,1009.5,1375,1343,1209,1
21,North Korea,seaweeds,2007,1147.75,943.75,371,245,1209,0.9493382961124897
21,North Korea,seaweeds,2008,933.5,726.75,314,29,1209,0.772125723738627
21,North Korea,seaweeds,2009,599.25,422.25,337,72,1209,0.4956575682382134
21,North Korea,seaweeds,2010,277.5,107.75,88,85,1209,0.22952853598014888
21,North Korea,seaweeds,2011,191.75,50.75,28,17,1209,0.1586021505376344
21,North Korea,seaweeds,2012,137.25,61,96,70,1209,0.11352357320099256
21,North Korea,seaweeds,2013,311.25,260,1033,868,1209,0.25744416873449133
21,North Korea,seaweeds,2014,503,310,855,285,1209,0.4160463192721257
21,North Korea,seaweeds,2015,619.5,347,494,165,1209,0.5124069478908189
21,North Korea,seaweeds,2016,894,430,1194,402,1209,0.739454094292804
21,North Korea,seaweeds,2017,635.75,214,0,4,1209,0.5258478081058726
21,North Korea,seaweeds,2018,422,143.5,0,3,1209,0.3490488006617039
21,North Korea,seaweeds,2019,298.52,102.435,0.08,0.74,1209,0.24691480562448304
21,North Korea,seaweeds,2020,0.02,1.935,0,0,1209,1.6542597187758478e-5
21,North Korea,seaweeds,2021,0.22999999999999998,1.74,0.84,3.22,1209,1.9023986765922247e-4
21,North Korea,seaweeds,2022,1.6025,11.88,5.49,43.56,1209,0.0013254755996691481
24,Cambodia,ornamentals,2000,322,2327,322,2327,401.3333333333333,0.8023255813953489
24,Cambodia,ornamentals,2001,385.5,2782,449,3237,401.3333333333333,0.9605481727574752
24,Cambodia,ornamentals,2002,401.3333333333333,2666.3333333333335,433,2435,401.3333333333333,1
24,Cambodia,ornamentals,2003,364.25,2286.5,253,1147,401.3333333333333,0.9075996677740864
24,Cambodia,ornamentals,2004,319.25,1830.25,142,502,401.3333333333333,0.7954734219269103
24,Cambodia,ornamentals,2005,238,1100.5,124,318,401.3333333333333,0.5930232558139535
24,Cambodia,ornamentals,2006,145.5,521.5,63,119,401.3333333333333,0.36254152823920266
24,Cambodia,ornamentals,2007,109.75,293,110,233,401.3333333333333,0.27346345514950166
24,Cambodia,ornamentals,2008,77.5,169.25,13,7,401.3333333333333,0.1931063122923588
24,Cambodia,ornamentals,2009,58.25,98.25,47,34,401.3333333333333,0.14514119601328904
24,Cambodia,ornamentals,2010,100,90.25,230,87,401.3333333333333,0.24916943521594687
24,Cambodia,ornamentals,2011,107.75,60.25,141,113,401.3333333333333,0.26848006644518274
24,Cambodia,ornamentals,2012,106.75,60.25,9,7,401.3333333333333,0.2659883720930233
24,Cambodia,ornamentals,2013,95,51.75,0,0,401.3333333333333,0.23671096345514953
24,Cambodia,ornamentals,2014,37.5,30,0,0,401.3333333333333,0.09343853820598007
24,Cambodia,ornamentals,2015,2.25,1.75,0,0,401.3333333333333,0.005606312292358804
24,Cambodia,ornamentals,2016,0,0,0,0,401.3333333333333,0
24,Cambodia,ornamentals,2017,0,0,0,0,401.3333333333333,0
24,Cambodia,ornamentals,2018,0,0,0,0,401.3333333333333,0
24,Cambodia,ornamentals,2019,0,0,0,0,401.3333333333333,0
24,Cambodia,ornamentals,2020,0,0,0,0,401.3333333333333,0
24,Cambodia,ornamentals,2021,0,0,0,0,401.3333333333333,0
24,Cambodia,ornamentals,2022,0,0,0,0,401.3333333333333,0
24,Cambodia,seaweeds,2000,56,24,56,24,973.75,0.05750962772785623
24,Cambodia,seaweeds,2001,189.5,83,323,142,973.75,0.1946084724005135
24,Cambodia,seaweeds,2002,196.33333333333334,85.66666666666667,210,91,973.75,0.2016260162601626
24,Cambodia,seaweeds,2003,266.25,126.75,476,250,973.75,0.2734274711168164
24,Cambodia,seaweeds,2004,738,338,1943,869,973.75,0.7578947368421053
24,Cambodia,seaweeds,2005,973.75,480,1266,710,973.75,1
24,Cambodia,seaweeds,2006,951.25,473.25,120,64,973.75,0.9768934531450578
24,Cambodia,seaweeds,2007,832.25,410.75,0,0,973.75,0.8546854942233633
24,Cambodia,seaweeds,2008,346.5,193.5,0,0,973.75,0.3558408215661104
24,Cambodia,seaweeds,2009,30,16,0,0,973.75,0.03080872913992298
24,Cambodia,seaweeds,2010,10.75,2.75,43,11,973.75,0.011039794608472401
24,Cambodia,seaweeds,2011,10.75,2.75,0,0,973.75,0.011039794608472401
24,Cambodia,seaweeds,2012,17,7.75,25,20,973.75,0.017458279845956354
24,Cambodia,seaweeds,2013,17,7.75,0,0,973.75,0.017458279845956354
24,Cambodia,seaweeds,2014,6.25,5,0,0,973.75,0.006418485237483954
24,Cambodia,seaweeds,2015,6.25,5,0,0,973.75,0.006418485237483954
24,Cambodia,seaweeds,2016,0,0,0,0,973.75,0
24,Cambodia,seaweeds,2017,0,0,0,0,973.75,0
24,Cambodia,seaweeds,2018,0,0,0,0,973.75,0
24,Cambodia,seaweeds,2019,0,0,0,0,973.75,0
24,Cambodia,seaweeds,2020,0,0,0,0,973.75,0
24,Cambodia,seaweeds,2021,0,0,0,0,973.75,0
24,Cambodia,seaweeds,2022,0,0,0,0,973.75,0
25,Thailand,fish_oil,1979,0,2,0,2,6167.69,0
25,Thailand,fish_oil,1980,22,78,44,154,6167.69,0.0035669756424204203
25,Thailand,fish_oil,1981,14.666666666666666,52.333333333333336,0,1,6167.69,0.0023779837616136135
25,Thailand,fish_oil,1982,11,39.5,0,1,6167.69,0.0017834878212102101
25,Thailand,fish_oil,1983,11,39,0,0,6167.69,0.0017834878212102101
25,Thailand,fish_oil,1984,0.25,0.75,1,1,6167.69,4.0533814118413864e-5
25,Thailand,fish_oil,1985,0.25,0.5,0,0,6167.69,4.0533814118413864e-5
25,Thailand,fish_oil,1986,0.25,0.25,0,0,6167.69,4.0533814118413864e-5
25,Thailand,fish_oil,1987,0.25,0.25,0,0,6167.69,4.0533814118413864e-5
25,Thailand,fish_oil,1988,0,0,0,0,6167.69,0
25,Thailand,fish_oil,1989,16,41.25,64,165,6167.69,0.0025941641035784873
25,Thailand,fish_oil,1990,19,82.5,12,165,6167.69,0.003080569872999454
25,Thailand,fish_oil,1991,21.25,106.75,9,97,6167.69,0.0034453742000651786
25,Thailand,fish_oil,1992,23.75,112.25,10,22,6167.69,0.003850712341249317
25,Thailand,fish_oil,1993,23.5,114.25,63,173,6167.69,0.0038101785271309036
25,Thailand,fish_oil,1994,65.75,230.5,181,630,6167.69,0.010660393113142846
25,Thailand,fish_oil,1995,92.5,334.25,116,512,6167.69,0.014997511223813131
25,Thailand,fish_oil,1996,102.75,440.75,51,448,6167.69,0.0166593976026681
25,Thailand,fish_oil,1997,224.5,783,550,1542,6167.69,0.03639936507833565
25,Thailand,fish_oil,1998,275,926.25,383,1203,6167.69,0.04458719553025525
25,Thailand,fish_oil,1999,351,996,420,791,6167.69,0.05690947502225307
25,Thailand,fish_oil,2000,655.5,1232.25,1269,1393,6167.69,0.10627966061848115
25,Thailand,fish_oil,2001,687.25,962.75,677,464,6167.69,0.11142745501151971
25,Thailand,fish_oil,2002,897.75,884,1225,888,6167.69,0.1455569264992242
25,Thailand,fish_oil,2003,1083.5,1072.75,1163,1546,6167.69,0.1756735503892057
25,Thailand,fish_oil,2004,1018,1058.5,1007,1336,6167.69,0.16505369109018125
25,Thailand,fish_oil,2005,1282.75,1479.25,1736,2147,6167.69,0.20797900024158156
25,Thailand,fish_oil,2006,1501,1667.75,2098,1642,6167.69,0.24336501996695686
25,Thailand,fish_oil,2007,2063.25,2450.75,3412,4678,6167.69,0.33452556791926963
25,Thailand,fish_oil,2008,2702.75,3444.75,3565,5312,6167.69,0.4382110644341723
25,Thailand,fish_oil,2009,2959.25,3949.75,2762,4167,6167.69,0.4797987577196649
25,Thailand,fish_oil,2010,3390,5522.75,3821,7934,6167.69,0.549638519445692
25,Thailand,fish_oil,2011,3584,7720,4188,13467,6167.69,0.5810927592015812
25,Thailand,fish_oil,2012,3561.5,9860.75,3475,13875,6167.69,0.577444715930924
25,Thailand,fish_oil,2013,3744.75,12246.25,3495,13709,6167.69,0.6071560016797213
25,Thailand,fish_oil,2014,3591.25,12907,3207,10577,6167.69,0.5822682398110152
25,Thailand,fish_oil,2015,3294.75,12368.25,3002,11312,6167.69,0.5341951362665763
25,Thailand,fish_oil,2016,3380.5,12147.25,3818,12991,6167.69,0.5480982345091923
25,Thailand,fish_oil,2017,3311.5,12106.25,3219,13545,6167.69,0.5369109018125101
25,Thailand,fish_oil,2018,3518.5,13705.25,4035,16973,6167.69,0.5704728999025568
25,Thailand,fish_oil,2019,3815.8824999999997,15660.907500000001,4191.53,19134.63,6167.69,0.6186890878108335
25,Thailand,fish_oil,2020,4330.7575,17726.1575,5877.5,21252,6167.69,0.7021684779877069
25,Thailand,fish_oil,2021,5258.4875,20016.1675,6929.92,22705.039999999997,6167.69,0.8525862194760113
25,Thailand,fish_oil,2022,6167.69,21791.28,7671.8099999999995,24073.45,6167.69,1
25,Thailand,ornamentals,1976,127,492,127,492,1692.5,0.07503692762186115
25,Thailand,ornamentals,1977,148,580,169,668,1692.5,0.08744460856720827
25,Thailand,ornamentals,1978,149,584.3333333333334,151,593,1692.5,0.0880354505169867
25,Thailand,ornamentals,1979,148.5,582.5,147,577,1692.5,0.08774002954209749
25,Thailand,ornamentals,1980,158.25,631,166,686,1692.5,0.09350073855243722
25,Thailand,ornamentals,1981,154,634.5,152,682,1692.5,0.09098966026587887
25,Thailand,ornamentals,1982,161,668.25,179,728,1692.5,0.09512555391432792
25,Thailand,ornamentals,1983,165.5,693.25,165,677,1692.5,0.09778434268833087
25,Thailand,ornamentals,1984,190.5,782.5,266,1043,1692.5,0.11255539143279172
25,Thailand,ornamentals,1985,229,881,306,1076,1692.5,0.13530280649926144
25,Thailand,ornamentals,1986,293.25,1060,436,1444,1692.5,0.17326440177252586
25,Thailand,ornamentals,1987,407.25,1411,621,2081,1692.5,0.24062038404726735
25,Thailand,ornamentals,1988,363.75,1244,92,375,1692.5,0.21491875923190545
25,Thailand,ornamentals,1989,297.75,1017.75,42,171,1692.5,0.1759231905465288
25,Thailand,ornamentals,1990,201.75,711.25,52,218,1692.5,0.11920236336779912
25,Thailand,ornamentals,1991,59.25,246.5,51,222,1692.5,0.03500738552437223
25,Thailand,ornamentals,1992,57,233.25,83,322,1692.5,0.03367799113737075
25,Thailand,ornamentals,1993,74.5,283.75,112,373,1692.5,0.04401772525849335
25,Thailand,ornamentals,1994,104.5,368,172,555,1692.5,0.06174298375184638
25,Thailand,ornamentals,1995,145,473,213,642,1692.5,0.08567208271787297
25,Thailand,ornamentals,1996,248.5,724.5,497,1328,1692.5,0.14682422451994093
25,Thailand,ornamentals,1997,440,1252,878,2483,1692.5,0.25997045790251105
25,Thailand,ornamentals,1998,606.75,1529,839,1663,1692.5,0.358493353028065
25,Thailand,ornamentals,1999,704.75,1889.5,605,2084,1692.5,0.41639586410635154
25,Thailand,ornamentals,2000,763,2169,730,2446,1692.5,0.4508124076809453
25,Thailand,ornamentals,2001,768.75,2390.75,901,3370,1692.5,0.45420974889217136
25,Thailand,ornamentals,2002,950.75,3286.25,1567,5245,1692.5,0.5617429837518464
25,Thailand,ornamentals,2003,1205.75,4613.25,1625,7392,1692.5,0.7124076809453471
25,Thailand,ornamentals,2004,1483,6467.75,1839,9864,1692.5,0.876218611521418
25,Thailand,ornamentals,2005,1692.5,8758.75,1739,12534,1692.5,1
25,Thailand,ornamentals,2006,1680,10871.75,1517,13697,1692.5,0.9926144756277696
25,Thailand,ornamentals,2007,1500.75,9715,908,2765,1692.5,0.8867060561299852
25,Thailand,ornamentals,2008,1591,8944,2200,6780,1692.5,0.9400295420974889
25,Thailand,ornamentals,2009,1398.75,6457,970,2586,1692.5,0.8264401772525849
25,Thailand,ornamentals,2010,1298.25,3968.5,1115,3743,1692.5,0.7670605612998523
25,Thailand,ornamentals,2011,1444.5,4489.25,1493,4848,1692.5,0.8534711964549483
25,Thailand,ornamentals,2012,1190.75,6435.5,1185,14565,1692.5,0.7035450516986707
25,Thailand,ornamentals,2013,1137,9154.5,755,13462,1692.5,0.6717872968980798
25,Thailand,ornamentals,2014,1087.5,11435.5,917,12867,1692.5,0.6425406203840472
25,Thailand,ornamentals,2015,966.75,13184.75,1010,11845,1692.5,0.5711964549483013
25,Thailand,ornamentals,2016,954.25,12590.5,1135,12188,1692.5,0.5638109305760709
25,Thailand,ornamentals,2017,972.25,12626.5,827,13606,1692.5,0.5744460856720827
25,Thailand,ornamentals,2018,903.75,12987,643,14309,1692.5,0.53397341211226
25,Thailand,ornamentals,2019,801.715,13590.2625,601.86,14258.05,1692.5,0.47368685376661746
25,Thailand,ornamentals,2020,627.7525,12910.252499999999,439.15,9467.96,1692.5,0.3709025110782866
25,Thailand,ornamentals,2021,545.2725,12112.6725,497.08,10415.68,1692.5,0.32216986706056133
25,Thailand,ornamentals,2022,386.5575,8657.012499999999,8.14,486.36,1692.5,0.2283943870014771
25,Thailand,seaweeds,1990,135,1327,135,1327,837.75,0.1611459265890779
25,Thailand,seaweeds,1991,117,1288,99,1249,837.75,0.1396598030438675
25,Thailand,seaweeds,1992,110.66666666666667,1266,98,1222,837.75,0.13209987068536755
25,Thailand,seaweeds,1993,106.75,1259.5,95,1240,837.75,0.12742464935840048
25,Thailand,seaweeds,1994,100.75,1368.5,111,1763,837.75,0.12026260817666368
25,Thailand,seaweeds,1995,109,1582.5,132,2105,837.75,0.13011041480155178
25,Thailand,seaweeds,1996,108,1662.25,94,1541,837.75,0.12891674127126232
25,Thailand,seaweeds,1997,112.5,1818.5,113,1865,837.75,0.13428827215756492
25,Thailand,seaweeds,1998,102.75,1697.5,72,1279,837.75,0.12264995523724262
25,Thailand,seaweeds,1999,88.5,1477,75,1223,837.75,0.10564010743061773
25,Thailand,seaweeds,2000,83.25,1378.75,73,1148,837.75,0.09937332139659803
25,Thailand,seaweeds,2001,75,1075.5,80,652,837.75,0.08952551477170993
25,Thailand,seaweeds,2002,110.75,988.75,215,932,837.75,0.13219934347955833
25,Thailand,seaweeds,2003,156,900.5,256,870,837.75,0.18621307072515667
25,Thailand,seaweeds,2004,183.25,837.5,182,896,837.75,0.21874067442554462
25,Thailand,seaweeds,2005,293.25,978.75,520,1217,837.75,0.35004476275738583
25,Thailand,seaweeds,2006,635.25,2072.25,1583,5306,837.75,0.7582811101163832
25,Thailand,seaweeds,2007,719,3861.25,591,8026,837.75,0.8582512682781259
25,Thailand,seaweeds,2008,837.75,5580.75,657,7774,837.75,1
25,Thailand,seaweeds,2009,829.5,6099.5,487,3292,837.75,0.990152193375112
25,Thailand,seaweeds,2010,555.75,5677.25,488,3617,837.75,0.6633840644583706
25,Thailand,seaweeds,2011,522.75,4452.25,459,3126,837.75,0.6239928379588182
25,Thailand,seaweeds,2012,474.5,3550,464,4165,837.75,0.5663980901223515
25,Thailand,seaweeds,2013,533.75,4335.25,724,6433,837.75,0.6371232467920024
25,Thailand,seaweeds,2014,574,4811.25,649,5521,837.75,0.6851686063861534
25,Thailand,seaweeds,2015,692.75,5521,934,5965,837.75,0.8269173381080275
25,Thailand,seaweeds,2016,762,5803.25,741,5294,837.75,0.909579230080573
25,Thailand,seaweeds,2017,721.75,5614,563,5676,837.75,0.8615338704864219
25,Thailand,seaweeds,2018,703.25,5816,575,6329,837.75,0.8394509101760669
25,Thailand,seaweeds,2019,557.725,5447.9275,351.9,4492.71,837.75,0.6657415696806923
25,Thailand,seaweeds,2020,458.9275,4987.7375,345.81,3453.24,837.75,0.5478096090719189
25,Thailand,seaweeds,2021,411.7575,4554.1475,374.32,3941.6400000000003,837.75,0.4915040286481647
25,Thailand,seaweeds,2022,355.65,4396.3125,350.57,5697.66,837.75,0.4245299910474485
29,Mayotte,ornamentals,1996,6.1210850242046035,3,6.1210850242046035,3,14,0.4372203588717574
29,Mayotte,ornamentals,1997,3.0605425121023018,1.5,0,0,14,0.2186101794358787
29,Mayotte,ornamentals,1998,2.040361674734868,1,0,0,14,0.14574011962391914
29,Mayotte,ornamentals,1999,1.5302712560511509,0.75,0,0,14,0.10930508971793935
29,Mayotte,ornamentals,2000,0,0,0,0,14,0
29,Mayotte,ornamentals,2001,0,1,0,4,14,0
29,Mayotte,ornamentals,2002,0,2,0,4,14,0
29,Mayotte,ornamentals,2003,0,2,0,0,14,0
29,Mayotte,ornamentals,2004,0,2,0,0,14,0
29,Mayotte,ornamentals,2005,0,1,0,0,14,0
29,Mayotte,ornamentals,2006,8.5,62.5,34,250,14,0.6071428571428571
29,Mayotte,ornamentals,2007,12,89.5,14,108,14,0.8571428571428571
29,Mayotte,ornamentals,2008,14,108.75,8,77,14,1
29,Mayotte,ornamentals,2009,14,108.75,0,0,14,1
29,Mayotte,ornamentals,2010,5.5,46.25,0,0,14,0.39285714285714285
29,Mayotte,ornamentals,2011,2,19.25,0,0,14,0.14285714285714285
29,Mayotte,ornamentals,2012,0,0,0,0,14,0
29,Mayotte,ornamentals,2013,0,0,0,0,14,0
29,Mayotte,ornamentals,2014,0,0,0,0,14,0
29,Mayotte,ornamentals,2015,0,0,0,0,14,0
29,Mayotte,ornamentals,2016,0,0,0,0,14,0
29,Mayotte,ornamentals,2017,0,0,0,0,14,0
29,Mayotte,ornamentals,2018,0,0,0,0,14,0
29,Mayotte,ornamentals,2019,0,0,0,0,14,0
29,Mayotte,ornamentals,2020,0,0,0,0,14,0
29,Mayotte,ornamentals,2021,0,0,0,0,14,0
29,Mayotte,ornamentals,2022,0,0,0,0,14,0
31,Seychelles,fish_oil,2001,20,26,20,26,1573.25,0.012712537740346417
31,Seychelles,fish_oil,2002,47.5,50.5,75,75,1573.25,0.03019227713332274
31,Seychelles,fish_oil,2003,31.666666666666668,33.666666666666664,0,0,1573.25,0.020128184755548492
31,Seychelles,fish_oil,2004,23.75,25.25,0,0,1573.25,0.01509613856666137
31,Seychelles,fish_oil,2005,18.75,18.75,0,0,1573.25,0.011918004131574766
31,Seychelles,fish_oil,2006,32,56.5,128,226,1573.25,0.020340060384554267
31,Seychelles,fish_oil,2007,214.75,434.5,731,1512,1573.25,0.13650087398696964
31,Seychelles,fish_oil,2008,349,1204.75,537,3081,1573.25,0.22183378356904498
31,Seychelles,fish_oil,2009,499.25,2145.5,601,3763,1573.25,0.3173367233433974
31,Seychelles,fish_oil,2010,668.25,2934.25,804,3381,1573.25,0.4247576672493246
31,Seychelles,fish_oil,2011,680.75,3254,781,2791,1573.25,0.43270300333704115
31,Seychelles,fish_oil,2012,779,3273,930,3157,1573.25,0.49515334498649294
31,Seychelles,fish_oil,2013,782.25,2913.75,614,2326,1573.25,0.4972191323692992
31,Seychelles,fish_oil,2014,730.25,2662.5,596,2376,1573.25,0.4641665342443985
31,Seychelles,fish_oil,2015,840,2654.5,1220,2759,1573.25,0.5339265850945495
31,Seychelles,fish_oil,2016,926.5,2806,1276,3763,1573.25,0.5889083108215477
31,Seychelles,fish_oil,2017,915,2865.5,568,2564,1573.25,0.5815986016208485
31,Seychelles,fish_oil,2018,1573.25,4260,3229,7954,1573.25,1
31,Seychelles,fish_oil,2019,1520.5875,4846.7725,1009.35,5106.09,1573.25,0.9665262990624504
31,Seychelles,fish_oil,2020,1410.9,5013.5275,837.25,4430.02,1573.25,0.8968059748927381
31,Seychelles,fish_oil,2021,1510.13,5387.6900000000005,964.92,4060.65,1573.25,0.9598792308914668
31,Seychelles,fish_oil,2022,835.89,3878.2225000000003,532.04,1916.13,1573.25,0.5313141585889083
37,Mauritius,fish_oil,2000,0,0,0,0,2039.71,0
37,Mauritius,fish_oil,2001,0,0,0,0,2039.71,0
37,Mauritius,fish_oil,2002,0,0,0,0,2039.71,0
37,Mauritius,fish_oil,2003,0,0,0,0,2039.71,0
37,Mauritius,fish_oil,2004,0,0,0,0,2039.71,0
37,Mauritius,fish_oil,2005,0,0,0,0,2039.71,0
37,Mauritius,fish_oil,2006,0,0,0,0,2039.71,0
37,Mauritius,fish_oil,2007,0.5,0.75,2,3,2039.71,2.4513288653779214e-4
37,Mauritius,fish_oil,2008,5.5,4,20,13,2039.71,0.0026964617519157135
37,Mauritius,fish_oil,2009,111,92.5,422,354,2039.71,0.054419500811389854
37,Mauritius,fish_oil,2010,296.25,296,741,814,2039.71,0.14524123527364183
37,Mauritius,fish_oil,2011,532.5,714.25,947,1676,2039.71,0.2610665241627486
37,Mauritius,fish_oil,2012,665.75,1020.25,553,1237,2039.71,0.3263944384250702
37,Mauritius,fish_oil,2013,837.25,1516.75,1108,2340,2039.71,0.41047501850753293
37,Mauritius,fish_oil,2014,995.25,1840.25,1373,2108,2039.71,0.4879370106534752
37,Mauritius,fish_oil,2015,1119.5,2100.25,1444,2716,2039.71,0.5488525329581165
37,Mauritius,fish_oil,2016,1344.25,2569,1452,3112,2039.71,0.6590397654568542
37,Mauritius,fish_oil,2017,1646.5,3194,2317,4840,2039.71,0.8072225953689495
37,Mauritius,fish_oil,2018,1734,3930,1723,5052,2039.71,0.8501208505130631
37,Mauritius,fish_oil,2019,1829.5725,4956.4825,1826.29,6821.93,2039.71,0.8969767761103294
37,Mauritius,fish_oil,2020,1890.2475,5794.9725,1694.7,6465.96,2039.71,0.9267236518916905
37,Mauritius,fish_oil,2021,2011.47,6131.005,2801.89,6184.13,2039.71,0.9861548945683455
37,Mauritius,fish_oil,2022,2039.71,6429.967500000001,1835.96,6247.85,2039.71,1
37,Mauritius,ornamentals,1992,7,69,7,69,10.75,0.6511627906976745
37,Mauritius,ornamentals,1993,7,70.5,7,72,10.75,0.6511627906976745
37,Mauritius,ornamentals,1994,7,71.66666666666667,7,74,10.75,0.6511627906976745
37,Mauritius,ornamentals,1995,6.25,66.75,4,52,10.75,0.5813953488372093
37,Mauritius,ornamentals,1996,6.25,70.25,7,83,10.75,0.5813953488372093
37,Mauritius,ornamentals,1997,6,65.5,6,53,10.75,0.5581395348837209
37,Mauritius,ornamentals,1998,6,61,7,56,10.75,0.5581395348837209
37,Mauritius,ornamentals,1999,7.5,61.75,10,55,10.75,0.6976744186046512
37,Mauritius,ornamentals,2000,7.75,56.25,8,61,10.75,0.7209302325581395
37,Mauritius,ornamentals,2001,8.75,58.5,10,62,10.75,0.813953488372093
37,Mauritius,ornamentals,2002,10.75,66.25,15,87,10.75,1
37,Mauritius,ornamentals,2003,9.25,72.25,4,79,10.75,0.8604651162790697
37,Mauritius,ornamentals,2004,8,72.75,3,63,10.75,0.7441860465116279
37,Mauritius,ornamentals,2005,6.25,81.25,3,96,10.75,0.5813953488372093
37,Mauritius,ornamentals,2006,3.25,88.25,3,115,10.75,0.3023255813953488
37,Mauritius,ornamentals,2007,2.75,92.25,2,95,10.75,0.2558139534883721
37,Mauritius,ornamentals,2008,2.5,102.25,2,103,10.75,0.23255813953488372
37,Mauritius,ornamentals,2009,2.5,95.75,3,70,10.75,0.23255813953488372
37,Mauritius,ornamentals,2010,2.25,86,2,76,10.75,0.20930232558139536
37,Mauritius,ornamentals,2011,2.5,71.75,3,38,10.75,0.23255813953488372
37,Mauritius,ornamentals,2012,2.25,50.25,1,17,10.75,0.20930232558139536
37,Mauritius,ornamentals,2013,1.5,32.75,0,0,10.75,0.13953488372093023
37,Mauritius,ornamentals,2014,1,13.75,0,0,10.75,0.09302325581395349
37,Mauritius,ornamentals,2015,0.5,7.25,1,12,10.75,0.046511627906976744
37,Mauritius,ornamentals,2016,2.5,26.5,9,94,10.75,0.23255813953488372
37,Mauritius,ornamentals,2017,4,45.75,6,77,10.75,0.37209302325581395
37,Mauritius,ornamentals,2018,6.25,92.75,9,188,10.75,0.5813953488372093
37,Mauritius,ornamentals,2019,7.325,105.4475,5.3,62.79,10.75,0.6813953488372093
37,Mauritius,ornamentals,2020,5.325,83.0425,1,4.38,10.75,0.49534883720930234
37,Mauritius,ornamentals,2021,4.0875,65.8675,1.05,8.3,10.75,0.38023255813953494
37,Mauritius,ornamentals,2022,2.2575,27.135,1.68,33.07,10.75,0.21
37,Mauritius,seaweeds,1998,0,0,0,0,2.645,0
37,Mauritius,seaweeds,1999,0,0.5,0,1,2.645,0
37,Mauritius,seaweeds,2000,0,0.3333333333333333,0,0,2.645,0
37,Mauritius,seaweeds,2001,0,0.25,0,0,2.645,0
37,Mauritius,seaweeds,2002,0,0.25,0,0,2.645,0
37,Mauritius,seaweeds,2003,0,0.25,0,1,2.645,0
37,Mauritius,seaweeds,2004,0,0.25,0,0,2.645,0
37,Mauritius,seaweeds,2005,0,0.25,0,0,2.645,0
37,Mauritius,seaweeds,2006,0,0.25,0,0,2.645,0
37,Mauritius,seaweeds,2007,0,0,0,0,2.645,0
37,Mauritius,seaweeds,2008,0,0,0,0,2.645,0
37,Mauritius,seaweeds,2009,0,0,0,0,2.645,0
37,Mauritius,seaweeds,2010,0,0,0,0,2.645,0
37,Mauritius,seaweeds,2011,0,0,0,0,2.645,0
37,Mauritius,seaweeds,2012,0,0,0,0,2.645,0
37,Mauritius,seaweeds,2013,0,0,0,0,2.645,0
37,Mauritius,seaweeds,2014,0,0,0,0,2.645,0
37,Mauritius,seaweeds,2015,0,0,0,0,2.645,0
37,Mauritius,seaweeds,2016,0,0.25,0,1,2.645,0
37,Mauritius,seaweeds,2017,0,0.25,0,0,2.645,0
37,Mauritius,seaweeds,2018,0,0.75,0,2,2.645,0
37,Mauritius,seaweeds,2019,2.375,5.735,9.5,19.94,2.645,0.8979206049149339
37,Mauritius,seaweeds,2020,2.53,6.3950000000000005,0.62,3.64,2.645,0.9565217391304347
37,Mauritius,seaweeds,2021,2.62,7.1475,0.36,3.01,2.645,0.9905482041587902
37,Mauritius,seaweeds,2022,2.645,7.08,0.1,1.73,2.645,1
39,Maldives,fish_oil,1980,9,15,9,15,65.5,0.13740458015267176
39,Maldives,fish_oil,1981,17,51.5,25,88,65.5,0.2595419847328244
39,Maldives,fish_oil,1982,37.666666666666664,127,79,278,65.5,0.5750636132315521
39,Maldives,fish_oil,1983,43,158.5,59,253,65.5,0.6564885496183206
39,Maldives,fish_oil,1984,59.25,240.25,74,342,65.5,0.9045801526717557
39,Maldives,fish_oil,1985,65.5,285,50,267,65.5,1
39,Maldives,fish_oil,1986,53.5,259,31,174,65.5,0.816793893129771
39,Maldives,fish_oil,1987,47.75,224.25,36,114,65.5,0.7290076335877863
39,Maldives,fish_oil,1988,35.25,157,24,73,65.5,0.5381679389312977
39,Maldives,fish_oil,1989,27.25,110.25,18,80,65.5,0.41603053435114506
39,Maldives,fish_oil,1990,25,98.25,22,126,65.5,0.3816793893129771
39,Maldives,fish_oil,1991,24.5,114,34,177,65.5,0.37404580152671757
39,Maldives,fish_oil,1992,24.5,116.25,24,82,65.5,0.37404580152671757
39,Maldives,fish_oil,1993,21,100.75,4,18,65.5,0.32061068702290074
39,Maldives,fish_oil,1994,16,72.25,2,12,65.5,0.24427480916030533
39,Maldives,fish_oil,1995,7.5,28,0,0,65.5,0.11450381679389313
39,Maldives,fish_oil,1996,2.25,12,3,18,65.5,0.03435114503816794
39,Maldives,fish_oil,1997,1.75,8,2,2,65.5,0.026717557251908396
39,Maldives,fish_oil,1998,1.25,5,0,0,65.5,0.019083969465648856
39,Maldives,fish_oil,1999,1.25,5,0,0,65.5,0.019083969465648856
39,Maldives,fish_oil,2000,0.5,0.5,0,0,65.5,0.007633587786259542
39,Maldives,fish_oil,2001,0.5,1.25,2,5,65.5,0.007633587786259542
39,Maldives,fish_oil,2002,1.25,6.25,3,20,65.5,0.019083969465648856
39,Maldives,fish_oil,2003,2,11,3,19,65.5,0.030534351145038167
39,Maldives,fish_oil,2004,2,11,0,0,65.5,0.030534351145038167
39,Maldives,fish_oil,2005,1.5,9.75,0,0,65.5,0.022900763358778626
39,Maldives,fish_oil,2006,2.25,10.75,6,24,65.5,0.03435114503816794
39,Maldives,fish_oil,2007,1.5,7.25,0,5,65.5,0.022900763358778626
39,Maldives,fish_oil,2008,1.75,10,1,11,65.5,0.026717557251908396
39,Maldives,fish_oil,2009,3.5,27.75,7,71,65.5,0.05343511450381679
39,Maldives,fish_oil,2010,2,21.75,0,0,65.5,0.030534351145038167
39,Maldives,fish_oil,2011,2,20.5,0,0,65.5,0.030534351145038167
39,Maldives,fish_oil,2012,1.75,17.75,0,0,65.5,0.026717557251908396
39,Maldives,fish_oil,2013,0,0,0,0,65.5,0
39,Maldives,fish_oil,2014,0,0,0,0,65.5,0
39,Maldives,fish_oil,2015,0,0,0,0,65.5,0
39,Maldives,fish_oil,2016,0,0,0,0,65.5,0
39,Maldives,fish_oil,2017,0,0,0,0,65.5,0
39,Maldives,fish_oil,2018,0,0,0,0,65.5,0
39,Maldives,fish_oil,2019,0,0,0,0,65.5,0
39,Maldives,fish_oil,2020,0,0,0,0,65.5,0
39,Maldives,fish_oil,2021,0,0,0,0,65.5,0
39,Maldives,fish_oil,2022,0,0,0,0,65.5,0
39,Maldives,ornamentals,1980,585.2530314966716,40,585.2530314966716,40,585.2530314966716,1
39,Maldives,ornamentals,1981,578.6659092816644,47,572.0787870666572,54,585.2530314966716,0.9887448302520332
39,Maldives,ornamentals,1982,571.9352074661825,51.666666666666664,558.4738038352189,61,585.2530314966716,0.9772443314023828
39,Maldives,ornamentals,1983,564.9224742926235,51.75,543.8842747719464,52,585.2530314966716,0.9652619361029936
39,Maldives,ornamentals,1984,550.9175193170022,52.25,529.2332115941863,42,585.2530314966716,0.9413321925187419
39,Maldives,ornamentals,1985,537.2510019710735,58.25,517.4127176829425,78,585.2530314966716,0.9179807246741769
39,Maldives,ornamentals,1986,524.0152234265706,71.25,505.5306896572074,113,585.2530314966716,0.8953652441346658
39,Maldives,ornamentals,1987,510.70252723895646,83,490.6334900214897,99,585.2530314966716,0.8726183372906815
39,Maldives,ornamentals,1988,498.8051156845995,117.75,481.6435653767585,181,585.2530314966716,0.8522896744490187
39,Maldives,ornamentals,1989,485.80009006943146,134.5,465.39261522227025,145,585.2530314966716,0.8300684728229285
39,Maldives,ornamentals,1990,472.05665508039056,139.25,450.5569497010438,132,585.2530314966716,0.8065855786738888
39,Maldives,ornamentals,1991,461.68221285964864,198.75,449.13572113852206,337,585.2530314966716,0.7888591566608131
39,Maldives,ornamentals,1992,449.4771307328456,228.5,432.82323686954624,300,585.2530314966716,0.7680047886012561
39,Maldives,ornamentals,1993,438.45658030996583,277.5,421.31041353075125,341,585.2530314966716,0.7491743856306011
39,Maldives,ornamentals,1994,431.68188378685863,395.5,423.458163608615,604,585.2530314966716,0.7375987146669118
39,Maldives,ornamentals,1995,418.23073584164285,405,395.33112935765894,375,585.2530314966716,0.7146152404748738
39,Maldives,ornamentals,1996,406.97943248942556,450.25,387.81802346067707,481,585.2530314966716,0.6953905585907932
39,Maldives,ornamentals,1997,395.0666374064458,484.75,373.6592331988322,479,585.2530314966716,0.6750356104882348
39,Maldives,ornamentals,1998,376.29278855789016,407.75,348.3627682143924,296,585.2530314966716,0.6429574360265918
39,Maldives,ornamentals,1999,361.041767763857,388,334.3270461815264,296,585.2530314966716,0.6168985863098606
39,Maldives,ornamentals,2000,345.9291987274255,370.5,327.367747314951,411,585.2530314966716,0.5910763039411832
39,Maldives,ornamentals,2001,332.58573548256754,381.75,320.2853802194004,524,585.2530314966716,0.5682768265754109
39,Maldives,ornamentals,2002,321.8113215176445,434.75,305.26511235470025,508,585.2530314966716,0.5498669877790708
39,Maldives,ornamentals,2003,311.6522486976164,497.75,293.69075490141404,548,585.2530314966716,0.5325085594185236
39,Maldives,ornamentals,2004,300.0009736012189,536.5,280.7626469293609,566,585.2530314966716,0.5126004607511803
39,Maldives,ornamentals,2005,287.5959056023239,563,270.6651082238204,630,585.2530314966716,0.4914043842999889
39,Maldives,ornamentals,2006,276.3292187214847,608,260.1983648313435,688,585.2530314966716,0.4721534171550143
39,Maldives,ornamentals,2007,262.90883783351364,618,240.00923134952973,588,585.2530314966716,0.44922251348476583
39,Maldives,ornamentals,2008,248.6731299285566,614.75,223.81981530953271,553,585.2530314966716,0.42489849098709165
39,Maldives,ornamentals,2009,233.26827384829994,592.5,209.04568390279383,541,585.2530314966716,0.3985767886614126
39,Maldives,ornamentals,2010,253.96868264046407,567.25,343,587,585.2530314966716,0.43394680415578235
39,Maldives,ornamentals,2011,273.96637480308164,557,320,547,585.2530314966716,0.4681161139865701
39,Maldives,ornamentals,2012,218.01142097569846,418.75,0,0,585.2530314966716,0.3725079738898171
39,Maldives,ornamentals,2013,235.75,403,280,478,585.2530314966716,0.4028172214625098
39,Maldives,ornamentals,2014,228.75,390.5,315,537,585.2530314966716,0.39085658286129
39,Maldives,ornamentals,2015,258,400,437,585,585.2530314966716,0.4408349655878156
39,Maldives,ornamentals,2016,354.5,523.25,386,493,585.2530314966716,0.6057209120189172
39,Maldives,ornamentals,2017,381,521.75,386,472,585.2530314966716,0.6510004724378208
39,Maldives,ornamentals,2018,402,501.75,399,457,585.2530314966716,0.6868823882414802
39,Maldives,ornamentals,2019,364.4275,463.0175,286.71,430.07,585.2530314966716,0.6226836605494329
39,Maldives,ornamentals,2020,267.9275,438.2,0,393.73,585.2530314966716,0.4577977141183313
39,Maldives,ornamentals,2021,247.6,434.4575,304.69,457.03,585.2530314966716,0.4230648739517176
39,Maldives,ornamentals,2022,231.3275,445.4225,333.91,500.86,585.2530314966716,0.39526066086052486
40,Sri Lanka,fish_oil,1981,19,54,19,54,84.75,0.22418879056047197
40,Sri Lanka,fish_oil,1982,65.5,254.5,112,455,84.75,0.7728613569321534
40,Sri Lanka,fish_oil,1983,69.33333333333333,275,77,316,84.75,0.8180924287118977
40,Sri Lanka,fish_oil,1984,71,302.5,76,385,84.75,0.8377581120943953
40,Sri Lanka,fish_oil,1985,84.75,392,74,412,84.75,1
40,Sri Lanka,fish_oil,1986,69,368.25,49,360,84.75,0.8141592920353983
40,Sri Lanka,fish_oil,1987,62.75,346.75,52,230,84.75,0.7404129793510325
40,Sri Lanka,fish_oil,1988,49.75,278.25,24,111,84.75,0.5870206489675516
40,Sri Lanka,fish_oil,1989,36.75,203,22,111,84.75,0.4336283185840708
40,Sri Lanka,fish_oil,1990,27.75,131.25,13,73,84.75,0.3274336283185841
40,Sri Lanka,fish_oil,1991,17,89,9,61,84.75,0.20058997050147492
40,Sri Lanka,fish_oil,1992,20,128.5,36,269,84.75,0.2359882005899705
40,Sri Lanka,fish_oil,1993,24,176.75,38,304,84.75,0.2831858407079646
40,Sri Lanka,fish_oil,1994,23,175.5,9,68,84.75,0.2713864306784661
40,Sri Lanka,fish_oil,1995,21.75,167.25,4,28,84.75,0.25663716814159293
40,Sri Lanka,fish_oil,1996,15.75,120.25,12,81,84.75,0.18584070796460178
40,Sri Lanka,fish_oil,1997,10.5,80.75,17,146,84.75,0.12389380530973451
40,Sri Lanka,fish_oil,1998,12.5,90.25,17,106,84.75,0.14749262536873156
40,Sri Lanka,fish_oil,1999,12,87,2,15,84.75,0.1415929203539823
40,Sri Lanka,fish_oil,2000,12,89,12,89,84.75,0.1415929203539823
40,Sri Lanka,fish_oil,2001,12,81,17,114,84.75,0.1415929203539823
40,Sri Lanka,fish_oil,2002,12.75,92.25,20,151,84.75,0.1504424778761062
40,Sri Lanka,fish_oil,2003,16.5,124.25,17,143,84.75,0.19469026548672566
40,Sri Lanka,fish_oil,2004,21.25,166.5,31,258,84.75,0.25073746312684364
40,Sri Lanka,fish_oil,2005,18.25,150.5,5,50,84.75,0.2153392330383481
40,Sri Lanka,fish_oil,2006,15.5,133,9,81,84.75,0.18289085545722714
40,Sri Lanka,fish_oil,2007,17,162,23,259,84.75,0.20058997050147492
40,Sri Lanka,fish_oil,2008,20.25,312,44,858,84.75,0.23893805309734514
40,Sri Lanka,fish_oil,2009,24.25,406.75,21,429,84.75,0.2861356932153392
40,Sri Lanka,fish_oil,2010,24.75,422.5,11,144,84.75,0.2920353982300885
40,Sri Lanka,fish_oil,2011,22.5,424.5,14,267,84.75,0.26548672566371684
40,Sri Lanka,fish_oil,2012,13.5,253.25,8,173,84.75,0.1592920353982301
40,Sri Lanka,fish_oil,2013,11.5,203.75,13,231,84.75,0.13569321533923304
40,Sri Lanka,fish_oil,2014,15.5,286.25,27,474,84.75,0.18289085545722714
40,Sri Lanka,fish_oil,2015,14.25,252.5,9,132,84.75,0.168141592920354
40,Sri Lanka,fish_oil,2016,15,269.25,11,240,84.75,0.17699115044247787
40,Sri Lanka,fish_oil,2017,13.75,259,8,190,84.75,0.16224188790560473
40,Sri Lanka,fish_oil,2018,8.25,172.5,5,128,84.75,0.09734513274336283
40,Sri Lanka,fish_oil,2019,7.4875,174.1075,5.95,138.42999999999998,84.75,0.08834808259587021
40,Sri Lanka,fish_oil,2020,5.8,145.5425,4.25,125.74,84.75,0.06843657817109144
40,Sri Lanka,fish_oil,2021,7.1475,142.56,13.39,178.07,84.75,0.0843362831858407
40,Sri Lanka,fish_oil,2022,6.96,137.0675,4.25,106.03,84.75,0.08212389380530974
40,Sri Lanka,ornamentals,1990,130,1425,130,1425,962.25,0.13510002598077422
40,Sri Lanka,ornamentals,1991,114,1242,98,1059,962.25,0.11847233047544817
40,Sri Lanka,ornamentals,1992,111.66666666666667,1320.3333333333333,107,1477,962.25,0.11604745821425479
40,Sri Lanka,ornamentals,1993,157.75,1205.5,296,861,962.25,0.1639386853728241
40,Sri Lanka,ornamentals,1994,144,1085.5,75,945,962.25,0.14964925954793454
40,Sri Lanka,ornamentals,1995,167.75,1665.25,193,3378,962.25,0.1743309950636529
40,Sri Lanka,ornamentals,1996,257,2539.25,464,4973,962.25,0.26708235905429983
40,Sri Lanka,ornamentals,1997,394.5,4267.25,846,7773,962.25,0.4099766173031956
40,Sri Lanka,ornamentals,1998,631.5,6001.75,1023,7883,962.25,0.6562743569758379
40,Sri Lanka,ornamentals,1999,825,7137.5,967,7921,962.25,0.857365549493375
40,Sri Lanka,ornamentals,2000,962.25,7822.75,1013,7714,962.25,1
40,Sri Lanka,ornamentals,2001,942.25,7319.75,766,5761,962.25,0.9792153806183425
40,Sri Lanka,ornamentals,2002,845.75,6728.25,637,5517,962.25,0.8789295921018446
40,Sri Lanka,ornamentals,2003,775,6360.5,684,6450,962.25,0.8054040010392309
40,Sri Lanka,ornamentals,2004,715.25,6266.25,774,7337,962.25,0.7433099506365289
40,Sri Lanka,ornamentals,2005,733.25,6684,838,7432,962.25,0.7620161080800207
40,Sri Lanka,ornamentals,2006,792.75,7411.5,875,8427,962.25,0.8238503507404521
40,Sri Lanka,ornamentals,2007,805.75,7799.25,736,8001,962.25,0.8373603533385295
40,Sri Lanka,ornamentals,2008,790.5,8099,713,8536,962.25,0.8215120810600156
40,Sri Lanka,ornamentals,2009,794.5,8291.25,854,8201,962.25,0.8256690049363471
40,Sri Lanka,ornamentals,2010,746.75,8082.5,684,7592,962.25,0.7760457261626397
40,Sri Lanka,ornamentals,2011,785.75,8499.5,892,9669,962.25,0.8165757339568719
40,Sri Lanka,ornamentals,2012,734.25,7902,507,6146,962.25,0.7630553390491036
40,Sri Lanka,ornamentals,2013,530,6086.5,37,939,962.25,0.5507924136139257
40,Sri Lanka,ornamentals,2014,369,4513.25,40,1299,962.25,0.38347622759158223
40,Sri Lanka,ornamentals,2015,161.5,2580,62,1936,962.25,0.1678358015068849
40,Sri Lanka,ornamentals,2016,95.25,2732.75,242,6757,962.25,0.0989867498051442
40,Sri Lanka,ornamentals,2017,137,4400.75,204,7611,962.25,0.14237464276435438
40,Sri Lanka,ornamentals,2018,176.75,6126.75,199,8203,962.25,0.1836840737853988
40,Sri Lanka,ornamentals,2019,217.355,7273.0625,224.42,6521.25,962.25,0.22588204728500907
40,Sri Lanka,ornamentals,2020,200.89249999999998,6859.3525,176.15,5102.16,962.25,0.2087737074564822
40,Sri Lanka,ornamentals,2021,290.085,7139.202499999999,560.77,8730.4,962.25,0.30146531566640683
40,Sri Lanka,ornamentals,2022,288.9875,7063.6475,194.61,7900.78,962.25,0.3003247596778384
40,Sri Lanka,seaweeds,1995,0,2,0,2,134.205,0
40,Sri Lanka,seaweeds,1996,3.5,7.5,7,13,134.205,0.026079505234529263
40,Sri Lanka,seaweeds,1997,6,12.333333333333334,11,22,134.205,0.04470772325919302
40,Sri Lanka,seaweeds,1998,6,11.5,6,9,134.205,0.04470772325919302
40,Sri Lanka,seaweeds,1999,8.25,14,9,12,134.205,0.061473119481390406
40,Sri Lanka,seaweeds,2000,6.5,10.75,0,0,134.205,0.048433366864125776
40,Sri Lanka,seaweeds,2001,3.75,5.25,0,0,134.205,0.02794232703699564
40,Sri Lanka,seaweeds,2002,3.25,4,4,4,134.205,0.024216683432062888
40,Sri Lanka,seaweeds,2003,12.25,11.75,45,43,134.205,0.09127826832085242
40,Sri Lanka,seaweeds,2004,14.5,12.75,9,4,134.205,0.1080436645430498
40,Sri Lanka,seaweeds,2005,19.75,14.75,21,8,134.205,0.1471629223948437
40,Sri Lanka,seaweeds,2006,28.75,17.75,40,16,134.205,0.21422450728363324
40,Sri Lanka,seaweeds,2007,21.5,9.75,16,11,134.205,0.16020267501210833
40,Sri Lanka,seaweeds,2008,65.25,27.75,184,76,134.205,0.4861964904437241
40,Sri Lanka,seaweeds,2009,82.5,36,90,41,134.205,0.614731194813904
40,Sri Lanka,seaweeds,2010,94.75,44,89,48,134.205,0.7060094631347564
40,Sri Lanka,seaweeds,2011,107.25,49.5,66,33,134.205,0.7991505532580753
40,Sri Lanka,seaweeds,2012,69,36,31,22,134.205,0.5141388174807198
40,Sri Lanka,seaweeds,2013,69,49.5,90,95,134.205,0.5141388174807198
40,Sri Lanka,seaweeds,2014,80.25,63.5,134,104,134.205,0.5979657985917066
40,Sri Lanka,seaweeds,2015,86.75,76.5,92,85,134.205,0.6463991654558324
40,Sri Lanka,seaweeds,2016,101.5,84,90,52,134.205,0.7563056518013486
40,Sri Lanka,seaweeds,2017,96.75,74,71,55,134.205,0.7209120375544875
40,Sri Lanka,seaweeds,2018,76.75,68.5,54,82,134.205,0.5718862933571774
40,Sri Lanka,seaweeds,2019,68.2075,69.7675,57.83,90.07000000000001,134.205,0.5082336723669013
40,Sri Lanka,seaweeds,2020,76.7625,77.845,124.22,84.31,134.205,0.5719794344473007
40,Sri Lanka,seaweeds,2021,96.55,93.93,150.15,119.33999999999999,134.205,0.7194217801125143
40,Sri Lanka,seaweeds,2022,134.205,108.44749999999999,204.62,140.07,134.205,1
41,Mozambique,fish_oil,1994,148,133,148,133,302.75,0.4888521882741536
41,Mozambique,fish_oil,1995,74,66.5,0,0,302.75,0.2444260941370768
41,Mozambique,fish_oil,1996,49.333333333333336,44.333333333333336,0,0,302.75,0.16295072942471786
41,Mozambique,fish_oil,1997,37,33.25,0,0,302.75,0.1222130470685384
41,Mozambique,fish_oil,1998,0,0,0,0,302.75,0
41,Mozambique,fish_oil,1999,0,0,0,0,302.75,0
41,Mozambique,fish_oil,2000,0,0,0,0,302.75,0
41,Mozambique,fish_oil,2001,0,0,0,0,302.75,0
41,Mozambique,fish_oil,2002,0,0,0,0,302.75,0
41,Mozambique,fish_oil,2003,0,0,0,0,302.75,0
41,Mozambique,fish_oil,2004,0,0,0,0,302.75,0
41,Mozambique,fish_oil,2005,0,0,0,0,302.75,0
41,Mozambique,fish_oil,2006,0,0,0,0,302.75,0
41,Mozambique,fish_oil,2007,0,0,0,0,302.75,0
41,Mozambique,fish_oil,2008,250,273.75,1000,1095,302.75,0.8257638315441783
41,Mozambique,fish_oil,2009,293,489.75,172,864,302.75,0.967795210569777
41,Mozambique,fish_oil,2010,293,489.75,0,0,302.75,0.967795210569777
41,Mozambique,fish_oil,2011,302.75,584.75,39,380,302.75,1
41,Mozambique,fish_oil,2012,76,682.75,93,1487,302.75,0.2510322047894302
41,Mozambique,fish_oil,2013,59.75,773.75,107,1228,302.75,0.19735755573905864
41,Mozambique,fish_oil,2014,74.25,1096,58,1289,302.75,0.24525185796862098
41,Mozambique,fish_oil,2015,86.75,1274,89,1092,302.75,0.2865400495458299
41,Mozambique,fish_oil,2016,101.25,1352.25,151,1800,302.75,0.3344343517753922
41,Mozambique,fish_oil,2017,102,1376.25,110,1324,302.75,0.33691164327002476
41,Mozambique,fish_oil,2018,118,1480.75,122,1707,302.75,0.3897605284888522
41,Mozambique,fish_oil,2019,118.785,1500.185,92.14,1169.74,302.75,0.3923534269199009
41,Mozambique,fish_oil,2020,106.52250000000001,1421.8675,101.95,1486.73,302.75,0.351849710982659
41,Mozambique,fish_oil,2021,102.4025,1409.5525,93.52,1274.74,302.75,0.33824112303881093
41,Mozambique,fish_oil,2022,74.7925,1019.8025,11.56,148,302.75,0.24704376548307186
41,Mozambique,ornamentals,2004,0,1,0,1,3.25,0
41,Mozambique,ornamentals,2005,0,1,0,1,3.25,0
41,Mozambique,ornamentals,2006,0,0.6666666666666666,0,0,3.25,0
41,Mozambique,ornamentals,2007,0,0.5,0,0,3.25,0
41,Mozambique,ornamentals,2008,0,0.75,0,2,3.25,0
41,Mozambique,ornamentals,2009,0,0.5,0,0,3.25,0
41,Mozambique,ornamentals,2010,0,0.5,0,0,3.25,0
41,Mozambique,ornamentals,2011,0,0.5,0,0,3.25,0
41,Mozambique,ornamentals,2012,0,0,0,0,3.25,0
41,Mozambique,ornamentals,2013,1.25,1.5,5,6,3.25,0.38461538461538464
41,Mozambique,ornamentals,2014,3,3.5,7,8,3.25,0.9230769230769231
41,Mozambique,ornamentals,2015,3.25,3.5,1,0,3.25,1
41,Mozambique,ornamentals,2016,3.25,3.5,0,0,3.25,1
41,Mozambique,ornamentals,2017,2,2,0,0,3.25,0.6153846153846154
41,Mozambique,ornamentals,2018,0.25,0,0,0,3.25,0.07692307692307693
41,Mozambique,ornamentals,2019,0,0,0,0,3.25,0
41,Mozambique,ornamentals,2020,0,0,0,0,3.25,0
41,Mozambique,ornamentals,2021,0,0,0,0,3.25,0
41,Mozambique,ornamentals,2022,0,0,0,0,3.25,0
42,Madagascar,fish_oil,1992,8,46,8,46,40.92,0.19550342130987292
42,Madagascar,fish_oil,1993,6.5,40.5,5,35,40.92,0.15884652981427175
42,Madagascar,fish_oil,1994,5.333333333333333,35.333333333333336,3,25,40.92,0.13033561420658193
42,Madagascar,fish_oil,1995,4.75,27,3,2,40.92,0.11608015640273704
42,Madagascar,fish_oil,1996,2.75,15.5,0,0,40.92,0.06720430107526881
42,Madagascar,fish_oil,1997,1.5,6.75,0,0,40.92,0.03665689149560117
42,Madagascar,fish_oil,1998,0.75,0.5,0,0,40.92,0.018328445747800584
42,Madagascar,fish_oil,1999,0,0,0,0,40.92,0
42,Madagascar,fish_oil,2000,0.5,1.5,2,6,40.92,0.012218963831867057
42,Madagascar,fish_oil,2001,4.5,8.5,16,28,40.92,0.10997067448680352
42,Madagascar,fish_oil,2002,7.25,15.75,11,29,40.92,0.17717497556207232
42,Madagascar,fish_oil,2003,8.75,19.25,6,14,40.92,0.2138318670576735
42,Madagascar,fish_oil,2004,8.25,17.75,0,0,40.92,0.20161290322580644
42,Madagascar,fish_oil,2005,4.25,10.75,0,0,40.92,0.10386119257086998
42,Madagascar,fish_oil,2006,1.5,3.5,0,0,40.92,0.03665689149560117
42,Madagascar,fish_oil,2007,0,0,0,0,40.92,0
42,Madagascar,fish_oil,2008,0,0,0,0,40.92,0
42,Madagascar,fish_oil,2009,0,0,0,0,40.92,0
42,Madagascar,fish_oil,2010,0,0,0,0,40.92,0
42,Madagascar,fish_oil,2011,0,0,0,0,40.92,0
42,Madagascar,fish_oil,2012,0,0,0,0,40.92,0
42,Madagascar,fish_oil,2013,0,0,0,0,40.92,0
42,Madagascar,fish_oil,2014,0,0,0,0,40.92,0
42,Madagascar,fish_oil,2015,0,0,0,0,40.92,0
42,Madagascar,fish_oil,2016,0,0,0,0,40.92,0
42,Madagascar,fish_oil,2017,0,0,0,0,40.92,0
42,Madagascar,fish_oil,2018,0,0,0,0,40.92,0
42,Madagascar,fish_oil,2019,0,0,0,0,40.92,0
42,Madagascar,fish_oil,2020,8.37,10.3325,33.48,41.33,40.92,0.20454545454545453
42,Madagascar,fish_oil,2021,22.32,23.975,55.8,54.57,40.92,0.5454545454545454
42,Madagascar,fish_oil,2022,40.92,39.815,74.4,63.36,40.92,1
42,Madagascar,ornamentals,2000,0,0,0,0,1,0
42,Madagascar,ornamentals,2001,0,1.5,0,3,1,0
42,Madagascar,ornamentals,2002,0,2,0,3,1,0
42,Madagascar,ornamentals,2003,0,1.5,0,0,1,0
42,Madagascar,ornamentals,2004,0,1.5,0,0,1,0
42,Madagascar,ornamentals,2005,0,0.75,0,0,1,0
42,Madagascar,ornamentals,2006,0,0.25,0,1,1,0
42,Madagascar,ornamentals,2007,0,0.25,0,0,1,0
42,Madagascar,ornamentals,2008,0,0.25,0,0,1,0
42,Madagascar,ornamentals,2009,0,0.25,0,0,1,0
42,Madagascar,ornamentals,2010,0,2.75,0,11,1,0
42,Madagascar,ornamentals,2011,0,4.25,0,6,1,0
42,Madagascar,ornamentals,2012,0,6.25,0,8,1,0
42,Madagascar,ornamentals,2013,0.25,12,1,23,1,0.25
42,Madagascar,ornamentals,2014,0.5,13.75,1,18,1,0.5
42,Madagascar,ornamentals,2015,0.75,19,1,27,1,0.75
42,Madagascar,ornamentals,2016,1,18.5,1,6,1,1
42,Madagascar,ornamentals,2017,0.75,20.25,0,30,1,0.75
42,Madagascar,ornamentals,2018,0.5,17.75,0,8,1,0.5
42,Madagascar,ornamentals,2019,0.505,11.99,1.02,3.96,1,0.505
42,Madagascar,ornamentals,2020,0.255,10.49,0,0,1,0.255
42,Madagascar,ornamentals,2021,0.2575,3.2725,0.01,1.13,1,0.2575
42,Madagascar,ornamentals,2022,0.34,6.2125,0.33,19.76,1,0.34
42,Madagascar,seaweeds,1987,102,74,102,74,2565.385,0.0397601139789934
42,Madagascar,seaweeds,1988,129,81,156,88,2565.385,0.05028485003225636
42,Madagascar,seaweeds,1989,107,67.66666666666667,63,41,2565.385,0.0417091391740421
42,Madagascar,seaweeds,1990,121.75,78,166,109,2565.385,0.04745876349943575
42,Madagascar,seaweeds,1991,172,108.75,303,197,2565.385,0.06704646670967515
42,Madagascar,seaweeds,1992,318.75,210.25,743,494,2565.385,0.12425035618435439
42,Madagascar,seaweeds,1993,511.5,315.25,834,461,2565.385,0.1993852774534816
42,Madagascar,seaweeds,1994,763.75,513.25,1175,901,2565.385,0.29771359854368834
42,Madagascar,seaweeds,1995,1140.5,734.75,1810,1083,2565.385,0.4445726469906076
42,Madagascar,seaweeds,1996,1151.25,716.75,786,422,2565.385,0.4487630511599623
42,Madagascar,seaweeds,1997,982.25,637.25,158,143,2565.385,0.3828859995673164
42,Madagascar,seaweeds,1998,773.75,451.75,341,159,2565.385,0.3016116489337857
42,Madagascar,seaweeds,1999,344.25,189,92,32,2565.385,0.13419038467910274
42,Madagascar,seaweeds,2000,238.5,108.25,363,99,2565.385,0.09296850180382281
42,Madagascar,seaweeds,2001,382,125.25,732,211,2565.385,0.1489055249017204
42,Madagascar,seaweeds,2002,418.25,109,486,94,2565.385,0.16303595756582345
42,Madagascar,seaweeds,2003,456,115.5,243,58,2565.385,0.1777510977884411
42,Madagascar,seaweeds,2004,441.25,103.25,304,50,2565.385,0.17200147346304745
42,Madagascar,seaweeds,2005,384.75,107.25,506,227,2565.385,0.14997748875899716
42,Madagascar,seaweeds,2006,514.75,207.75,1006,496,2565.385,0.20065214383026328
42,Madagascar,seaweeds,2007,775.5,360,1286,667,2565.385,0.3022938077520528
42,Madagascar,seaweeds,2008,1087.25,570.75,1551,893,2565.385,0.423815528663339
42,Madagascar,seaweeds,2009,1508.25,908.5,2190,1578,2565.385,0.5879234500864392
42,Madagascar,seaweeds,2010,1799.75,1066.5,2172,1128,2565.385,0.7015516189577782
42,Madagascar,seaweeds,2011,1704.75,991.75,906,368,2565.385,0.664520140251853
42,Madagascar,seaweeds,2012,1448.75,833.75,527,261,2565.385,0.5647300502653597
42,Madagascar,seaweeds,2013,1144.25,572.5,972,533,2565.385,0.44603441588689413
42,Madagascar,seaweeds,2014,846.25,428,980,550,2565.385,0.3298725142619918
42,Madagascar,seaweeds,2015,899.75,497.75,1120,647,2565.385,0.3507270838490129
42,Madagascar,seaweeds,2016,1190,686,1688,1014,2565.385,0.4638679964215897
42,Madagascar,seaweeds,2017,1366,792.5,1676,959,2565.385,0.5324736832873038
42,Madagascar,seaweeds,2018,1401,842.75,1120,751,2565.385,0.5461168596526447
42,Madagascar,seaweeds,2019,1651.7075,1094.37,2122.83,1653.48,2565.385,0.6438439064701789
42,Madagascar,seaweeds,2020,1794.03,1346.9125,2257.29,2024.17,2565.385,0.6993219341346425
42,Madagascar,seaweeds,2021,2052.3424999999997,1710.9225000000001,2709.25,2415.04,2565.385,0.8000134482738457
42,Madagascar,seaweeds,2022,2565.385,2354.275,3172.17,3324.41,2565.385,1
43,Kenya,fish_oil,1979,0,0,0,0,37.5,0
43,Kenya,fish_oil,1980,0,0,0,0,37.5,0
43,Kenya,fish_oil,1981,0.3333333333333333,0,1,0,37.5,0.008888888888888889
43,Kenya,fish_oil,1982,0.25,0,0,0,37.5,0.006666666666666667
43,Kenya,fish_oil,1983,0.25,0,0,0,37.5,0.006666666666666667
43,Kenya,fish_oil,1984,0.25,0,0,0,37.5,0.006666666666666667
43,Kenya,fish_oil,1985,1,1.75,4,7,37.5,0.02666666666666667
43,Kenya,fish_oil,1986,1,1.75,0,0,37.5,0.02666666666666667
43,Kenya,fish_oil,1987,1,1.75,0,0,37.5,0.02666666666666667
43,Kenya,fish_oil,1988,1,1.75,0,0,37.5,0.02666666666666667
43,Kenya,fish_oil,1989,0,0,0,0,37.5,0
43,Kenya,fish_oil,1990,0,0,0,0,37.5,0
43,Kenya,fish_oil,1991,0,0,0,0,37.5,0
43,Kenya,fish_oil,1992,0,0,0,0,37.5,0
43,Kenya,fish_oil,1993,0,0,0,0,37.5,0
43,Kenya,fish_oil,1994,0,0,0,0,37.5,0
43,Kenya,fish_oil,1995,0,0,0,0,37.5,0
43,Kenya,fish_oil,1996,0,0,0,0,37.5,0
43,Kenya,fish_oil,1997,0.25,2,1,8,37.5,0.006666666666666667
43,Kenya,fish_oil,1998,0.25,2,0,0,37.5,0.006666666666666667
43,Kenya,fish_oil,1999,0.5,2,1,0,37.5,0.013333333333333334
43,Kenya,fish_oil,2000,2.5,8.25,8,25,37.5,0.06666666666666667
43,Kenya,fish_oil,2001,2.25,6.25,0,0,37.5,0.06
43,Kenya,fish_oil,2002,2.25,6.25,0,0,37.5,0.06
43,Kenya,fish_oil,2003,3.25,12.25,5,24,37.5,0.08666666666666667
43,Kenya,fish_oil,2004,1.25,6,0,0,37.5,0.03333333333333333
43,Kenya,fish_oil,2005,1.25,6,0,0,37.5,0.03333333333333333
43,Kenya,fish_oil,2006,1.25,6,0,0,37.5,0.03333333333333333
43,Kenya,fish_oil,2007,23.5,21.75,94,87,37.5,0.6266666666666667
43,Kenya,fish_oil,2008,32.25,33.5,35,47,37.5,0.86
43,Kenya,fish_oil,2009,37.5,38.75,21,21,37.5,1
43,Kenya,fish_oil,2010,37.5,39.5,0,3,37.5,1
43,Kenya,fish_oil,2011,14.25,18.5,1,3,37.5,0.38
43,Kenya,fish_oil,2012,6,7.75,2,4,37.5,0.16
43,Kenya,fish_oil,2013,1.25,3.5,2,4,37.5,0.03333333333333333
43,Kenya,fish_oil,2014,1.25,2.75,0,0,37.5,0.03333333333333333
43,Kenya,fish_oil,2015,1,2,0,0,37.5,0.02666666666666667
43,Kenya,fish_oil,2016,0.5,1,0,0,37.5,0.013333333333333334
43,Kenya,fish_oil,2017,1.5,6.5,6,26,37.5,0.04
43,Kenya,fish_oil,2018,1.5,6.75,0,1,37.5,0.04
43,Kenya,fish_oil,2019,2.1475,10.1025,2.59,13.41,37.5,0.05726666666666667
43,Kenya,fish_oil,2020,2.1625,10.25,0.06,0.59,37.5,0.05766666666666667
43,Kenya,fish_oil,2021,0.7124999999999999,4.135,0.2,1.54,37.5,0.018999999999999996
43,Kenya,fish_oil,2022,0.7575,3.91,0.18000000000000002,0.1,37.5,0.0202
43,Kenya,ornamentals,2003,69,141,69,141,365.6575,0.18870117528014602
43,Kenya,ornamentals,2004,74,623.5,79,1106,365.6575,0.20237517348885226
43,Kenya,ornamentals,2005,61.333333333333336,432.3333333333333,36,50,365.6575,0.16773437802679647
43,Kenya,ornamentals,2006,57,346.5,44,89,365.6575,0.15588357957925106
43,Kenya,ornamentals,2007,43.5,315,15,15,365.6575,0.11896378441574423
43,Kenya,ornamentals,2008,48.75,58,100,78,365.6575,0.13332148253488577
43,Kenya,ornamentals,2009,64.75,72.5,100,108,365.6575,0.17707827680274574
43,Kenya,ornamentals,2010,68.75,61,60,43,365.6575,0.18801747536971072
43,Kenya,ornamentals,2011,76.25,66.25,45,36,365.6575,0.20852847268277006
43,Kenya,ornamentals,2012,57.5,50.75,25,16,365.6575,0.1572509794001217
43,Kenya,ornamentals,2013,40.75,27.75,33,16,365.6575,0.11144308540095581
43,Kenya,ornamentals,2014,35.25,21.25,38,17,365.6575,0.09640168737137894
43,Kenya,ornamentals,2015,28.5,14.25,18,8,365.6575,0.07794178978962553
43,Kenya,ornamentals,2016,31.5,14,37,15,365.6575,0.08614618871484928
43,Kenya,ornamentals,2017,34,15.25,43,21,365.6575,0.0929831878192024
43,Kenya,ornamentals,2018,36,17.5,46,26,365.6575,0.09845278710268489
43,Kenya,ornamentals,2019,56.265,29.182499999999997,99.06,54.73,365.6575,0.15387350184257126
43,Kenya,ornamentals,2020,148.985,92.92,407.88,269.95,365.6575,0.40744412462481966
43,Kenya,ornamentals,2021,265.1025,224.86249999999998,507.47,548.77,365.6575,0.7250022220247089
43,Kenya,ornamentals,2022,365.6575,385.6475,448.22,669.14,365.6575,1
43,Kenya,seaweeds,2003,0,0,0,0,400,0
43,Kenya,seaweeds,2004,0,0,0,0,400,0
43,Kenya,seaweeds,2005,400,6,1200,18,400,1
43,Kenya,seaweeds,2006,300.25,4.75,1,1,400,0.750625
43,Kenya,seaweeds,2007,300.5,5,1,1,400,0.75125
43,Kenya,seaweeds,2008,300.5,5,0,0,400,0.75125
43,Kenya,seaweeds,2009,0.5,0.5,0,0,400,0.00125
43,Kenya,seaweeds,2010,0.25,0.25,0,0,400,6.25e-4
43,Kenya,seaweeds,2011,3.25,1.75,13,7,400,0.008125
43,Kenya,seaweeds,2012,3.25,1.75,0,0,400,0.008125
43,Kenya,seaweeds,2013,19,9,63,29,400,0.0475
43,Kenya,seaweeds,2014,23.5,10.5,18,6,400,0.05875
43,Kenya,seaweeds,2015,23.75,10.25,14,6,400,0.059375
43,Kenya,seaweeds,2016,23.75,10.25,0,0,400,0.059375
43,Kenya,seaweeds,2017,8,3,0,0,400,0.02
43,Kenya,seaweeds,2018,11.75,3.25,33,7,400,0.029375
43,Kenya,seaweeds,2019,33.260000000000005,11.7525,100.04,40.01,400,0.08315000000000002
43,Kenya,seaweeds,2020,33.2675,11.827499999999999,0.03,0.3,400,0.08316875
43,Kenya,seaweeds,2021,33.2675,11.827499999999999,0,0,400,0.08316875
43,Kenya,seaweeds,2022,25.017500000000002,10.077499999999999,0,0,400,0.06254375000000001
44,Somalia,fish_oil,2015,1,13,1,13,471.8175,0.0021194635637720094
44,Somalia,fish_oil,2016,27,229,53,445,471.8175,0.05722551622184425
44,Somalia,fish_oil,2017,32.333333333333336,290.3333333333333,43,413,471.8175,0.06852932189529497
44,Somalia,fish_oil,2018,65.75,496.75,166,1116,471.8175,0.1393547293180096
44,Somalia,fish_oil,2019,168.405,1162.275,411.62,2675.1,471.8175,0.3569282614570252
44,Somalia,fish_oil,2020,347.89,2380.5375,770.94,5318.05,471.8175,0.7373401792006443
44,Somalia,fish_oil,2021,456.83750000000003,3091.4825,478.79,3256.78,471.8175,0.9682504358146954
44,Somalia,fish_oil,2022,471.8175,3161.8125,225.92,1397.32,471.8175,1
44,Somalia,ornamentals,2019,1.1,2.31,1.1,2.31,16.475,0.06676783004552352
44,Somalia,ornamentals,2020,5.77,22.145,10.44,41.98,16.475,0.3502276176024279
44,Somalia,ornamentals,2021,15.996666666666668,65.99,36.45,153.68,16.475,0.970966110268083
44,Somalia,ornamentals,2022,16.475,79.2425,17.91,119,16.475,1
45,Eritrea,ornamentals,1995,11.338179432133074,53,11.338179432133074,53,11.338179432133074,1
45,Eritrea,ornamentals,1996,6.169089716066537,86,1,119,11.338179432133074,0.5440987905503568
45,Eritrea,ornamentals,1997,4.7793931440443584,90,2,98,11.338179432133074,0.421530914434047
45,Eritrea,ornamentals,1998,5.317209167438747,71,6.930657237621915,14,11.338179432133074,0.4689649867746369
45,Eritrea,ornamentals,1999,3.94933024700957,59,5.866663750416365,5,11.338179432133074,0.34832137475412794
45,Eritrea,ornamentals,2000,3.69933024700957,29.25,0,0,11.338179432133074,0.32627197947894954
45,Eritrea,ornamentals,2001,3.19933024700957,4.75,0,0,11.338179432133074,0.2821731889285927
45,Eritrea,ornamentals,2002,1.4666659376040911,1.25,0,0,11.338179432133074,0.129356387979491
45,Eritrea,ornamentals,2003,0,0,0,0,11.338179432133074,0
45,Eritrea,ornamentals,2004,0,0,0,0,11.338179432133074,0
45,Eritrea,ornamentals,2005,0,0,0,0,11.338179432133074,0
45,Eritrea,ornamentals,2006,0,0,0,0,11.338179432133074,0
45,Eritrea,ornamentals,2007,0,0,0,0,11.338179432133074,0
45,Eritrea,ornamentals,2008,0.75,37.5,3,150,11.338179432133074,0.06614818582553522
45,Eritrea,ornamentals,2009,1,66,1,114,11.338179432133074,0.08819758110071363
45,Eritrea,ornamentals,2010,1,68,0,8,11.338179432133074,0.08819758110071363
45,Eritrea,ornamentals,2011,1,69,0,4,11.338179432133074,0.08819758110071363
45,Eritrea,ornamentals,2012,0.25,31.5,0,0,11.338179432133074,0.022049395275178407
45,Eritrea,ornamentals,2013,0,3,0,0,11.338179432133074,0
45,Eritrea,ornamentals,2014,0,1,0,0,11.338179432133074,0
45,Eritrea,ornamentals,2015,0,0,0,0,11.338179432133074,0
45,Eritrea,ornamentals,2016,0,0,0,0,11.338179432133074,0
45,Eritrea,ornamentals,2017,0,0,0,0,11.338179432133074,0
45,Eritrea,ornamentals,2018,0,0,0,0,11.338179432133074,0
45,Eritrea,ornamentals,2019,0,0,0,0,11.338179432133074,0
45,Eritrea,ornamentals,2020,0,0,0,0,11.338179432133074,0
45,Eritrea,ornamentals,2021,0,0,0,0,11.338179432133074,0
45,Eritrea,ornamentals,2022,0,0,0,0,11.338179432133074,0
46,Djibouti,ornamentals,2015,0,64,0,64,0,1
46,Djibouti,ornamentals,2016,0,311,0,558,0,1
46,Djibouti,ornamentals,2017,0,521.3333333333334,0,942,0,1
46,Djibouti,ornamentals,2018,0,599,0,832,0,1
46,Djibouti,ornamentals,2019,0,710.2275,0,508.91,0,1
46,Djibouti,ornamentals,2020,0,728.4125,0,630.74,0,1
46,Djibouti,ornamentals,2021,0,669.7475000000001,0,707.34,0,1
46,Djibouti,ornamentals,2022,0,582.9200000000001,0,484.69,0,1
47,Yemen,fish_oil,1980,254,72,254,72,2198.9225,0.11551111965064707
47,Yemen,fish_oil,1981,368,110,482,148,2198.9225,0.16735469303715797
47,Yemen,fish_oil,1982,285,91.66666666666667,119,55,2198.9225,0.12960893346627722
47,Yemen,fish_oil,1983,214.25,69.5,2,3,2198.9225,0.09743408419350841
47,Yemen,fish_oil,1984,150.75,51.5,0,0,2198.9225,0.06855630428084664
47,Yemen,fish_oil,1985,30.25,14.5,0,0,2198.9225,0.013756737674929425
47,Yemen,fish_oil,1986,0.5,0.75,0,0,2198.9225,2.2738409380048636e-4
47,Yemen,fish_oil,1987,0,0,0,0,2198.9225,0
47,Yemen,fish_oil,1988,0,0,0,0,2198.9225,0
47,Yemen,fish_oil,1989,0,0,0,0,2198.9225,0
47,Yemen,fish_oil,1990,0,0,0,0,2198.9225,0
47,Yemen,fish_oil,1991,0,0,0,0,2198.9225,0
47,Yemen,fish_oil,1992,0,0,0,0,2198.9225,0
47,Yemen,fish_oil,1993,0,0,0,0,2198.9225,0
47,Yemen,fish_oil,1994,0,0,0,0,2198.9225,0
47,Yemen,fish_oil,1995,0,0,0,0,2198.9225,0
47,Yemen,fish_oil,1996,0,0,0,0,2198.9225,0
47,Yemen,fish_oil,1997,0,0,0,0,2198.9225,0
47,Yemen,fish_oil,1998,0,0,0,0,2198.9225,0
47,Yemen,fish_oil,1999,0,0,0,0,2198.9225,0
47,Yemen,fish_oil,2000,0,0,0,0,2198.9225,0
47,Yemen,fish_oil,2001,0,0,0,0,2198.9225,0
47,Yemen,fish_oil,2002,0,0,0,0,2198.9225,0
47,Yemen,fish_oil,2003,0,0,0,0,2198.9225,0
47,Yemen,fish_oil,2004,0.75,0,3,0,2198.9225,3.4107614070072955e-4
47,Yemen,fish_oil,2005,5.75,1.25,20,5,2198.9225,0.0026149170787055933
47,Yemen,fish_oil,2006,5.75,1.25,0,0,2198.9225,0.0026149170787055933
47,Yemen,fish_oil,2007,10.75,1.5,20,1,2198.9225,0.004888758016710457
47,Yemen,fish_oil,2008,31.5,7.25,86,23,2198.9225,0.014325197909430641
47,Yemen,fish_oil,2009,31.5,8.25,20,9,2198.9225,0.014325197909430641
47,Yemen,fish_oil,2010,99,17,270,35,2198.9225,0.0450220505724963
47,Yemen,fish_oil,2011,164.75,39.25,283,90,2198.9225,0.07492305890726025
47,Yemen,fish_oil,2012,286.25,80.25,572,187,2198.9225,0.13017739370077844
47,Yemen,fish_oil,2013,470,153.25,755,301,2198.9225,0.21374104817245718
47,Yemen,fish_oil,2014,456.25,174.5,215,120,2198.9225,0.2074879855929438
47,Yemen,fish_oil,2015,390.25,153,19,4,2198.9225,0.1774732852112796
47,Yemen,fish_oil,2016,249.25,122.5,8,65,2198.9225,0.11335097075954245
47,Yemen,fish_oil,2017,84.25,176,95,515,2198.9225,0.03831421980538195
47,Yemen,fish_oil,2018,71.5,451.25,164,1221,2198.9225,0.03251592541346955
47,Yemen,fish_oil,2019,98.25,702.2725,126,1008.09,2198.9225,0.04468097443179557
47,Yemen,fish_oil,2020,314.61,1589.8075000000001,873.44,3615.1400000000003,2198.9225,0.14307461950114203
47,Yemen,fish_oil,2021,1061.8725,2739.1275,3084.05,5112.280000000001,2198.9225,0.4829058322883139
47,Yemen,fish_oil,2022,2198.9225,4025.2175,4712.200000000001,6365.360000000001,2198.9225,1
47,Yemen,ornamentals,2004,6,8,6,8,21,0.2857142857142857
47,Yemen,ornamentals,2005,15,17.5,24,27,21,0.7142857142857143
47,Yemen,ornamentals,2006,11.333333333333334,16,4,13,21,0.5396825396825398
47,Yemen,ornamentals,2007,9,14.25,2,9,21,0.42857142857142855
47,Yemen,ornamentals,2008,12,33.25,18,84,21,0.5714285714285714
47,Yemen,ornamentals,2009,6.75,30.75,3,17,21,0.32142857142857145
47,Yemen,ornamentals,2010,16,33.25,41,23,21,0.7619047619047619
47,Yemen,ornamentals,2011,21,34.25,22,13,21,1
47,Yemen,ornamentals,2012,16.75,13.5,1,1,21,0.7976190476190477
47,Yemen,ornamentals,2013,16,9.25,0,0,21,0.7619047619047619
47,Yemen,ornamentals,2014,8.5,6.25,11,11,21,0.40476190476190477
47,Yemen,ornamentals,2015,3,3,0,0,21,0.14285714285714285
47,Yemen,ornamentals,2016,3,4.25,1,6,21,0.14285714285714285
47,Yemen,ornamentals,2017,3,15.5,0,45,21,0.14285714285714285
47,Yemen,ornamentals,2018,0.25,16.25,0,14,21,0.011904761904761904
47,Yemen,ornamentals,2019,0.25,16.25,0,0,21,0.011904761904761904
47,Yemen,ornamentals,2020,0,14.75,0,0,21,0
47,Yemen,ornamentals,2021,0,3.5,0,0,21,0
47,Yemen,ornamentals,2022,0,0,0,0,21,0
48,Oman,fish_oil,1981,10,6,10,6,21023.9175,4.756487462434154e-4
48,Oman,fish_oil,1982,5,3,0,0,21023.9175,2.378243731217077e-4
48,Oman,fish_oil,1983,3.3333333333333335,2,0,0,21023.9175,1.5854958208113846e-4
48,Oman,fish_oil,1984,2.5,1.5,0,0,21023.9175,1.1891218656085384e-4
48,Oman,fish_oil,1985,0,0,0,0,21023.9175,0
48,Oman,fish_oil,1986,0,0,0,0,21023.9175,0
48,Oman,fish_oil,1987,0,0,0,0,21023.9175,0
48,Oman,fish_oil,1988,0,0,0,0,21023.9175,0
48,Oman,fish_oil,1989,1,0.75,4,3,21023.9175,4.756487462434154e-5
48,Oman,fish_oil,1990,1,2,0,5,21023.9175,4.756487462434154e-5
48,Oman,fish_oil,1991,1.75,2.6919534793283173,3,2.767813917313269,21023.9175,8.32385305925977e-5
48,Oman,fish_oil,1992,1.75,2.6919534793283173,0,0,21023.9175,8.32385305925977e-5
48,Oman,fish_oil,1993,0.75,1.9419534793283173,0,0,21023.9175,3.5673655968256156e-5
48,Oman,fish_oil,1994,3.75,5.191953479328317,12,18,21023.9175,1.7836827984128077e-4
48,Oman,fish_oil,1995,8,10.25,20,23,21023.9175,3.805189969947323e-4
48,Oman,fish_oil,1996,21,18.75,52,34,21023.9175,9.988623671111723e-4
48,Oman,fish_oil,1997,31,27.75,40,36,21023.9175,0.0014745111133545878
48,Oman,fish_oil,1998,33.25,29,21,23,21023.9175,0.001581532081259356
48,Oman,fish_oil,1999,28.25,23.25,0,0,21023.9175,0.0013437077081376485
48,Oman,fish_oil,2000,19,16.5,15,7,21023.9175,9.037326178624892e-4
48,Oman,fish_oil,2001,9,7.5,0,0,21023.9175,4.2808387161907385e-4
48,Oman,fish_oil,2002,21.25,13.5,70,47,21023.9175,0.0010107535857672577
48,Oman,fish_oil,2003,21.25,13.5,0,0,21023.9175,0.0010107535857672577
48,Oman,fish_oil,2004,17.5,11.75,0,0,21023.9175,8.32385305925977e-4
48,Oman,fish_oil,2005,27.5,20.75,40,36,21023.9175,0.0013080340521693923
48,Oman,fish_oil,2006,10,9,0,0,21023.9175,4.756487462434154e-4
48,Oman,fish_oil,2007,40.25,44,121,140,21023.9175,0.001914486203629747
48,Oman,fish_oil,2008,70.5,55,121,44,21023.9175,0.0033533236610160787
48,Oman,fish_oil,2009,104.25,55.75,175,39,21023.9175,0.004958638179587606
48,Oman,fish_oil,2010,107.75,57.75,14,8,21023.9175,0.0051251152407728005
48,Oman,fish_oil,2011,146.25,35.25,275,50,21023.9175,0.00695636291380995
48,Oman,fish_oil,2012,116,24.25,0,0,21023.9175,0.005517525456423618
48,Oman,fish_oil,2013,78.5,19.75,25,21,21023.9175,0.003733842658010811
48,Oman,fish_oil,2014,75,17.75,0,0,21023.9175,0.0035673655968256153
48,Oman,fish_oil,2015,705.75,812.5,2798,3229,21023.9175,0.03356891026612904
48,Oman,fish_oil,2016,6527,6638.75,23285,23305,21023.9175,0.31045593667307725
48,Oman,fish_oil,2017,7956.25,8481.5,5742,7392,21023.9175,0.37843803372991736
48,Oman,fish_oil,2018,10916.9125,12453.4375,11842.65,15887.75,21023.9175,0.5192615743474069
48,Oman,fish_oil,2019,11742.8725,13680.715,6101.84,8138.11,21023.9175,0.55854825819212806
48,Oman,fish_oil,2020,11230.24,16932.1725,21234.469999999998,36310.83,21023.9175,0.5341649576012654
48,Oman,fish_oil,2021,17429.51,26252.837499999998,30539.079999999998,44674.659999999996,21023.9175,0.829032457913707
48,Oman,fish_oil,2022,21023.9175,34078.09,26220.280000000002,47188.76,21023.9175,1
48,Oman,ornamentals,1995,0,0,0,0,5.75,0
48,Oman,ornamentals,1996,0,0,0,0,5.75,0
48,Oman,ornamentals,1997,1,2.6666666666666665,3,8,5.75,0.17391304347826086
48,Oman,ornamentals,1998,1.25,9,2,28,5.75,0.21739130434782608
48,Oman,ornamentals,1999,1.5,10,1,4,5.75,0.2608695652173913
48,Oman,ornamentals,2000,1.5,10.25,0,1,5.75,0.2608695652173913
48,Oman,ornamentals,2001,1.5,16,3,31,5.75,0.2608695652173913
48,Oman,ornamentals,2002,1.5,10.25,2,5,5.75,0.2608695652173913
48,Oman,ornamentals,2003,5.75,11.75,18,10,5.75,1
48,Oman,ornamentals,2004,5.75,11.5,0,0,5.75,1
48,Oman,ornamentals,2005,5,3.75,0,0,5.75,0.8695652173913043
48,Oman,ornamentals,2006,4.5,2.5,0,0,5.75,0.782608695652174
48,Oman,ornamentals,2007,0,0,0,0,5.75,0
48,Oman,ornamentals,2008,0,0,0,0,5.75,0
48,Oman,ornamentals,2009,0,0,0,0,5.75,0
48,Oman,ornamentals,2010,0,0,0,0,5.75,0
48,Oman,ornamentals,2011,0,0,0,0,5.75,0
48,Oman,ornamentals,2012,0,0,0,0,5.75,0
48,Oman,ornamentals,2013,0,0,0,0,5.75,0
48,Oman,ornamentals,2014,0,0,0,0,5.75,0
48,Oman,ornamentals,2015,0,0,0,0,5.75,0
48,Oman,ornamentals,2016,0,0,0,0,5.75,0
48,Oman,ornamentals,2017,0,0,0,0,5.75,0
48,Oman,ornamentals,2018,0,0,0,0,5.75,0
48,Oman,ornamentals,2019,0,0,0,0,5.75,0
48,Oman,ornamentals,2020,0,0,0,0,5.75,0
48,Oman,ornamentals,2021,0,0,0,0,5.75,0
48,Oman,ornamentals,2022,0,0,0,0,5.75,0
49,Sudan,ornamentals,2016,9.081815512748108,10,9.081815512748108,10,9.081815512748108,1
49,Sudan,ornamentals,2017,8.611185090891013,12.5,8.140554669033918,15,9.081815512748108,0.9481788171983374
49,Sudan,ornamentals,2018,5.7407900605940085,8.333333333333334,0,0,9.081815512748108,0.6321192114655583
49,Sudan,ornamentals,2019,4.305592545445506,6.25,0,0,9.081815512748108,0.4740894085991687
49,Sudan,ornamentals,2020,2.0351386672584795,3.76,0,0.04,9.081815512748108,0.2240894085991687
49,Sudan,ornamentals,2021,0.365,5.4525,1.46,21.77,9.081815512748108,0.04019020200175295
49,Sudan,ornamentals,2022,3.1574999999999998,44.8625,11.17,157.64,9.081815512748108,0.34767277485078063
50,Saudi Arabia,fish_oil,2004,229,151,229,151,229,1
50,Saudi Arabia,fish_oil,2005,114.5,75.5,0,0,229,0.5
50,Saudi Arabia,fish_oil,2006,81,56,14,17,229,0.3537117903930131
50,Saudi Arabia,fish_oil,2007,71.25,57,42,60,229,0.3111353711790393
50,Saudi Arabia,fish_oil,2008,23,43.75,36,98,229,0.10043668122270742
50,Saudi Arabia,fish_oil,2009,43,68.75,80,100,229,0.18777292576419213
50,Saudi Arabia,fish_oil,2010,39.5,64.5,0,0,229,0.17248908296943233
50,Saudi Arabia,fish_oil,2011,29,49.5,0,0,229,0.12663755458515283
50,Saudi Arabia,fish_oil,2012,20,25,0,0,229,0.08733624454148471
50,Saudi Arabia,fish_oil,2013,0,0,0,0,229,0
50,Saudi Arabia,fish_oil,2014,0,0,0,0,229,0
50,Saudi Arabia,fish_oil,2015,0,0,0,0,229,0
50,Saudi Arabia,fish_oil,2016,1.75,0.25,7,1,229,0.007641921397379912
50,Saudi Arabia,fish_oil,2017,2.5,13.75,3,54,229,0.010917030567685589
50,Saudi Arabia,fish_oil,2018,2.5,13.75,0,0,229,0.010917030567685589
50,Saudi Arabia,fish_oil,2019,2.5,13.75,0,0,229,0.010917030567685589
50,Saudi Arabia,fish_oil,2020,0.75,13.5,0,0,229,0.0032751091703056767
50,Saudi Arabia,fish_oil,2021,0,0,0,0,229,0
50,Saudi Arabia,fish_oil,2022,0,0,0,0,229,0
50,Saudi Arabia,ornamentals,1993,9,92,9,92,166.75,0.053973013493253376
50,Saudi Arabia,ornamentals,1994,4.5,46,0,0,166.75,0.026986506746626688
50,Saudi Arabia,ornamentals,1995,4,240,3,628,166.75,0.0239880059970015
50,Saudi Arabia,ornamentals,1996,3,180,0,0,166.75,0.017991004497751123
50,Saudi Arabia,ornamentals,1997,0.75,157,0,0,166.75,0.004497751124437781
50,Saudi Arabia,ornamentals,1998,14.5,264,55,428,166.75,0.08695652173913043
50,Saudi Arabia,ornamentals,1999,39.75,270.5,104,654,166.75,0.2383808095952024
50,Saudi Arabia,ornamentals,2000,41.75,276.75,8,25,166.75,0.25037481259370314
50,Saudi Arabia,ornamentals,2001,61.25,342,78,261,166.75,0.36731634182908546
50,Saudi Arabia,ornamentals,2002,67.25,302,79,268,166.75,0.4032983508245877
50,Saudi Arabia,ornamentals,2003,66.25,206,100,270,166.75,0.39730134932533734
50,Saudi Arabia,ornamentals,2004,116.5,396.5,209,787,166.75,0.6986506746626686
50,Saudi Arabia,ornamentals,2005,136.5,521.5,158,761,166.75,0.8185907046476761
50,Saudi Arabia,ornamentals,2006,166.75,758.5,200,1216,166.75,1
50,Saudi Arabia,ornamentals,2007,150.5,727.25,35,145,166.75,0.9025487256371814
50,Saudi Arabia,ornamentals,2008,109.75,563,46,130,166.75,0.6581709145427287
50,Saudi Arabia,ornamentals,2009,79.75,400,38,109,166.75,0.4782608695652174
50,Saudi Arabia,ornamentals,2010,29.75,96,0,0,166.75,0.17841079460269865
50,Saudi Arabia,ornamentals,2011,21,59.75,0,0,166.75,0.12593703148425786
50,Saudi Arabia,ornamentals,2012,9.5,27.25,0,0,166.75,0.05697151424287856
50,Saudi Arabia,ornamentals,2013,0,0,0,0,166.75,0
50,Saudi Arabia,ornamentals,2014,0,0,0,0,166.75,0
50,Saudi Arabia,ornamentals,2015,0,0,0,0,166.75,0
50,Saudi Arabia,ornamentals,2016,0,0,0,0,166.75,0
50,Saudi Arabia,ornamentals,2017,0,0,0,0,166.75,0
50,Saudi Arabia,ornamentals,2018,0,0,0,0,166.75,0
50,Saudi Arabia,ornamentals,2019,0,0,0,0,166.75,0
50,Saudi Arabia,ornamentals,2020,0,0,0,0,166.75,0
50,Saudi Arabia,ornamentals,2021,0,0,0,0,166.75,0
50,Saudi Arabia,ornamentals,2022,0,0,0,0,166.75,0
50,Saudi Arabia,seaweeds,1998,8,34,8,34,8,1
50,Saudi Arabia,seaweeds,1999,4,17,0,0,8,0.5
50,Saudi Arabia,seaweeds,2000,2.6666666666666665,11.333333333333334,0,0,8,0.3333333333333333
50,Saudi Arabia,seaweeds,2001,7.5,12.75,22,17,8,0.9375
50,Saudi Arabia,seaweeds,2002,5.5,4.25,0,0,8,0.6875
50,Saudi Arabia,seaweeds,2003,5.5,4.25,0,0,8,0.6875
50,Saudi Arabia,seaweeds,2004,5.5,4.25,0,0,8,0.6875
50,Saudi Arabia,seaweeds,2005,5,4.25,20,17,8,0.625
50,Saudi Arabia,seaweeds,2006,5,4.25,0,0,8,0.625
50,Saudi Arabia,seaweeds,2007,5,4.25,0,0,8,0.625
50,Saudi Arabia,seaweeds,2008,5,4.25,0,0,8,0.625
50,Saudi Arabia,seaweeds,2009,0.25,1,1,4,8,0.03125
50,Saudi Arabia,seaweeds,2010,0.25,1,0,0,8,0.03125
50,Saudi Arabia,seaweeds,2011,0.25,1,0,0,8,0.03125
50,Saudi Arabia,seaweeds,2012,0.25,1,0,0,8,0.03125
50,Saudi Arabia,seaweeds,2013,0,0,0,0,8,0
50,Saudi Arabia,seaweeds,2014,0,0,0,0,8,0
50,Saudi Arabia,seaweeds,2015,0,0,0,0,8,0
50,Saudi Arabia,seaweeds,2016,0,0,0,0,8,0
50,Saudi Arabia,seaweeds,2017,0,0,0,0,8,0
50,Saudi Arabia,seaweeds,2018,0,0,0,0,8,0
50,Saudi Arabia,seaweeds,2019,0,0,0,0,8,0
50,Saudi Arabia,seaweeds,2020,0,0,0,0,8,0
50,Saudi Arabia,seaweeds,2021,0,0,0,0,8,0
50,Saudi Arabia,seaweeds,2022,0,0,0,0,8,0
51,Kuwait,fish_oil,1976,21,3,21,3,25.5,0.8235294117647058
51,Kuwait,fish_oil,1977,25.5,5,30,7,25.5,1
51,Kuwait,fish_oil,1978,17,3.3333333333333335,0,0,25.5,0.6666666666666666
51,Kuwait,fish_oil,1979,16.5,4.25,15,7,25.5,0.6470588235294118
51,Kuwait,fish_oil,1980,11.25,3.5,0,0,25.5,0.4411764705882353
51,Kuwait,fish_oil,1981,4,2.75,1,4,25.5,0.1568627450980392
51,Kuwait,fish_oil,1982,11.25,21.75,29,76,25.5,0.4411764705882353
51,Kuwait,fish_oil,1983,7.75,20.75,1,3,25.5,0.30392156862745096
51,Kuwait,fish_oil,1984,8.5,21.5,3,3,25.5,0.3333333333333333
51,Kuwait,fish_oil,1985,8.25,20.5,0,0,25.5,0.3235294117647059
51,Kuwait,fish_oil,1986,1,1.5,0,0,25.5,0.0392156862745098
51,Kuwait,fish_oil,1987,2.25,2.5,6,7,25.5,0.08823529411764706
51,Kuwait,fish_oil,1988,1.5,1.75,0,0,25.5,0.058823529411764705
51,Kuwait,fish_oil,1989,1.5,1.75,0,0,25.5,0.058823529411764705
51,Kuwait,fish_oil,1990,1.5,1.75,0,0,25.5,0.058823529411764705
51,Kuwait,fish_oil,1991,0,0,0,0,25.5,0
51,Kuwait,fish_oil,1992,0,0,0,0,25.5,0
51,Kuwait,fish_oil,1993,0.75,0.75,3,3,25.5,0.029411764705882353
51,Kuwait,fish_oil,1994,0.75,0.75,0,0,25.5,0.029411764705882353
51,Kuwait,fish_oil,1995,0.75,0.75,0,0,25.5,0.029411764705882353
51,Kuwait,fish_oil,1996,0.75,0.75,0,0,25.5,0.029411764705882353
51,Kuwait,fish_oil,1997,0,0,0,0,25.5,0
51,Kuwait,fish_oil,1998,0,0,0,0,25.5,0
51,Kuwait,fish_oil,1999,0,0,0,0,25.5,0
51,Kuwait,fish_oil,2000,0,0,0,0,25.5,0
51,Kuwait,fish_oil,2001,0,0,0,0,25.5,0
51,Kuwait,fish_oil,2002,0,0,0,0,25.5,0
51,Kuwait,fish_oil,2003,0,0,0,0,25.5,0
51,Kuwait,fish_oil,2004,0,0,0,0,25.5,0
51,Kuwait,fish_oil,2005,0,0,0,0,25.5,0
51,Kuwait,fish_oil,2006,0,0,0,0,25.5,0
51,Kuwait,fish_oil,2007,0,0,0,0,25.5,0
51,Kuwait,fish_oil,2008,0,0,0,0,25.5,0
51,Kuwait,fish_oil,2009,0,0,0,0,25.5,0
51,Kuwait,fish_oil,2010,0,0,0,0,25.5,0
51,Kuwait,fish_oil,2011,0,0,0,0,25.5,0
51,Kuwait,fish_oil,2012,0,0,0,0,25.5,0
51,Kuwait,fish_oil,2013,0,0,0,0,25.5,0
51,Kuwait,fish_oil,2014,0,0,0,0,25.5,0
51,Kuwait,fish_oil,2015,0,0,0,0,25.5,0
51,Kuwait,fish_oil,2016,0,0,0,0,25.5,0
51,Kuwait,fish_oil,2017,0,0,0,0,25.5,0
51,Kuwait,fish_oil,2018,0,0,0,0,25.5,0
51,Kuwait,fish_oil,2019,0,0,0,0,25.5,0
51,Kuwait,fish_oil,2020,0,0,0,0,25.5,0
51,Kuwait,fish_oil,2021,0,0,0,0,25.5,0
51,Kuwait,fish_oil,2022,0,0,0,0,25.5,0
52,Bahrain,fish_oil,1976,2,0,2,0,70.5,0.028368794326241134
52,Bahrain,fish_oil,1977,1,0,0,0,70.5,0.014184397163120567
52,Bahrain,fish_oil,1978,1,1,1,3,70.5,0.014184397163120567
52,Bahrain,fish_oil,1979,0.75,0.75,0,0,70.5,0.010638297872340425
52,Bahrain,fish_oil,1980,0.25,0.75,0,0,70.5,0.0035460992907801418
52,Bahrain,fish_oil,1981,0.25,0.75,0,0,70.5,0.0035460992907801418
52,Bahrain,fish_oil,1982,0,0,0,0,70.5,0
52,Bahrain,fish_oil,1983,0,0,0,0,70.5,0
52,Bahrain,fish_oil,1984,0,0,0,0,70.5,0
52,Bahrain,fish_oil,1985,0,0,0,0,70.5,0
52,Bahrain,fish_oil,1986,0,0,0,0,70.5,0
52,Bahrain,fish_oil,1987,0,0,0,0,70.5,0
52,Bahrain,fish_oil,1988,0,0,0,0,70.5,0
52,Bahrain,fish_oil,1989,0,0,0,0,70.5,0
52,Bahrain,fish_oil,1990,0,0,0,0,70.5,0
52,Bahrain,fish_oil,1991,0,0,0,0,70.5,0
52,Bahrain,fish_oil,1992,0,0,0,0,70.5,0
52,Bahrain,fish_oil,1993,0,0,0,0,70.5,0
52,Bahrain,fish_oil,1994,0,0,0,0,70.5,0
52,Bahrain,fish_oil,1995,0,0,0,0,70.5,0
52,Bahrain,fish_oil,1996,0,0,0,0,70.5,0
52,Bahrain,fish_oil,1997,70.5,19.25,282,77,70.5,1
52,Bahrain,fish_oil,1998,70.5,19.25,0,0,70.5,1
52,Bahrain,fish_oil,1999,70.5,19.25,0,0,70.5,1
52,Bahrain,fish_oil,2000,70.5,19.25,0,0,70.5,1
52,Bahrain,fish_oil,2001,0,0,0,0,70.5,0
52,Bahrain,fish_oil,2002,0,0,0,0,70.5,0
52,Bahrain,fish_oil,2003,0,0,0,0,70.5,0
52,Bahrain,fish_oil,2004,0,0,0,0,70.5,0
52,Bahrain,fish_oil,2005,0,0,0,0,70.5,0
52,Bahrain,fish_oil,2006,0,0,0,0,70.5,0
52,Bahrain,fish_oil,2007,0,0,0,0,70.5,0
52,Bahrain,fish_oil,2008,0,0,0,0,70.5,0
52,Bahrain,fish_oil,2009,0,0,0,0,70.5,0
52,Bahrain,fish_oil,2010,0,0,0,0,70.5,0
52,Bahrain,fish_oil,2011,0,0,0,0,70.5,0
52,Bahrain,fish_oil,2012,0,0,0,0,70.5,0
52,Bahrain,fish_oil,2013,0,0,0,0,70.5,0
52,Bahrain,fish_oil,2014,0,0,0,0,70.5,0
52,Bahrain,fish_oil,2015,0,0,0,0,70.5,0
52,Bahrain,fish_oil,2016,0,0,0,0,70.5,0
52,Bahrain,fish_oil,2017,0,0,0,0,70.5,0
52,Bahrain,fish_oil,2018,0,0,0,0,70.5,0
52,Bahrain,fish_oil,2019,0,0,0,0,70.5,0
52,Bahrain,fish_oil,2020,0,0.0075,0,0.03,70.5,0
52,Bahrain,fish_oil,2021,0,0.0075,0,0,70.5,0
52,Bahrain,fish_oil,2022,0,0.0075,0,0,70.5,0
52,Bahrain,ornamentals,1994,1,5,1,5,3.1,0.3225806451612903
52,Bahrain,ornamentals,1995,2.5,30.5,4,56,3.1,0.8064516129032258
52,Bahrain,ornamentals,1996,3,32.666666666666664,4,37,3.1,0.9677419354838709
52,Bahrain,ornamentals,1997,2.5,26.5,1,8,3.1,0.8064516129032258
52,Bahrain,ornamentals,1998,2.25,26,0,3,3.1,0.7258064516129032
52,Bahrain,ornamentals,1999,1.5,14.75,1,11,3.1,0.48387096774193544
52,Bahrain,ornamentals,2000,0.5,5.5,0,0,3.1,0.16129032258064516
52,Bahrain,ornamentals,2001,0.25,3.5,0,0,3.1,0.08064516129032258
52,Bahrain,ornamentals,2002,0.25,2.75,0,0,3.1,0.08064516129032258
52,Bahrain,ornamentals,2003,0,0,0,0,3.1,0
52,Bahrain,ornamentals,2004,0,0,0,0,3.1,0
52,Bahrain,ornamentals,2005,0,0,0,0,3.1,0
52,Bahrain,ornamentals,2006,0,0,0,0,3.1,0
52,Bahrain,ornamentals,2007,0,0,0,0,3.1,0
52,Bahrain,ornamentals,2008,0,0,0,0,3.1,0
52,Bahrain,ornamentals,2009,0,0,0,0,3.1,0
52,Bahrain,ornamentals,2010,0,0,0,0,3.1,0
52,Bahrain,ornamentals,2011,0,0,0,0,3.1,0
52,Bahrain,ornamentals,2012,0,0,0,0,3.1,0
52,Bahrain,ornamentals,2013,0,0.25,0,1,3.1,0
52,Bahrain,ornamentals,2014,0,0.25,0,0,3.1,0
52,Bahrain,ornamentals,2015,0,0.25,0,0,3.1,0
52,Bahrain,ornamentals,2016,0,0.25,0,0,3.1,0
52,Bahrain,ornamentals,2017,0,1.25,0,5,3.1,0
52,Bahrain,ornamentals,2018,0,1.25,0,0,3.1,0
52,Bahrain,ornamentals,2019,3,7.7925,12,26.17,3.1,0.9677419354838709
52,Bahrain,ornamentals,2020,3,7.7925,0,0,3.1,0.9677419354838709
52,Bahrain,ornamentals,2021,3.05,38.457499999999996,0.2,127.66,3.1,0.9838709677419354
52,Bahrain,ornamentals,2022,3.1,70.3725,0.2,127.66,3.1,1
52,Bahrain,seaweeds,2018,7,45,7,45,7.035,0.9950248756218906
52,Bahrain,seaweeds,2019,7.035,51.035,7.07,57.06999999999999,7.035,1
52,Bahrain,seaweeds,2020,6.403333333333333,47.529999999999994,5.140000000000001,40.519999999999996,7.035,0.9102108505093579
52,Bahrain,seaweeds,2021,6.07,42.4525,5.07,27.220000000000002,7.035,0.8628287135749823
52,Bahrain,seaweeds,2022,6.555,37.155,8.94,23.810000000000002,7.035,0.9317697228144989
53,Pakistan,fish_oil,1994,2,12,2,12,549.0875,0.003642406720240399
53,Pakistan,fish_oil,1995,1,6,0,0,549.0875,0.0018212033601201995
53,Pakistan,fish_oil,1996,0.6666666666666666,4,0,0,549.0875,0.0012141355734134663
53,Pakistan,fish_oil,1997,0.5,3,0,0,549.0875,9.106016800600997e-4
53,Pakistan,fish_oil,1998,0,0,0,0,549.0875,0
53,Pakistan,fish_oil,1999,0,0,0,0,549.0875,0
53,Pakistan,fish_oil,2000,0,0,0,0,549.0875,0
53,Pakistan,fish_oil,2001,0,0,0,0,549.0875,0
53,Pakistan,fish_oil,2002,0,0,0,0,549.0875,0
53,Pakistan,fish_oil,2003,0,0,0,0,549.0875,0
53,Pakistan,fish_oil,2004,0,0,0,0,549.0875,0
53,Pakistan,fish_oil,2005,0,0,0,0,549.0875,0
53,Pakistan,fish_oil,2006,0,0,0,0,549.0875,0
53,Pakistan,fish_oil,2007,0,0,0,0,549.0875,0
53,Pakistan,fish_oil,2008,0,0,0,0,549.0875,0
53,Pakistan,fish_oil,2009,0,0,0,0,549.0875,0
53,Pakistan,fish_oil,2010,8.75,17.75,35,71,549.0875,0.015935529401051744
53,Pakistan,fish_oil,2011,8.75,17.75,0,0,549.0875,0.015935529401051744
53,Pakistan,fish_oil,2012,8.75,17.75,0,0,549.0875,0.015935529401051744
53,Pakistan,fish_oil,2013,8.75,17.75,0,0,549.0875,0.015935529401051744
53,Pakistan,fish_oil,2014,0,0,0,0,549.0875,0
53,Pakistan,fish_oil,2015,4,4.5,16,18,549.0875,0.007284813440480798
53,Pakistan,fish_oil,2016,11.75,13.5,31,36,549.0875,0.021399139481412345
53,Pakistan,fish_oil,2017,37.75,48.5,104,140,549.0875,0.06875042684453753
53,Pakistan,fish_oil,2018,117,158.5,317,440,549.0875,0.21308079313406333
53,Pakistan,fish_oil,2019,302.125,344.255,756.5,761.02,549.0875,0.5502310651763153
53,Pakistan,fish_oil,2020,420.23,504.43,503.42,676.7,549.0875,0.7653242880233114
53,Pakistan,fish_oil,2021,534.36,606.7025,560.52,549.0899999999999,549.0875,0.9731782275138299
53,Pakistan,fish_oil,2022,549.0875,623.625,375.90999999999997,507.68999999999994,549.0875,1
53,Pakistan,ornamentals,2002,1,1,1,1,132,0.007575757575757576
53,Pakistan,ornamentals,2003,0.5,0.5,0,0,132,0.003787878787878788
53,Pakistan,ornamentals,2004,0.3333333333333333,0.3333333333333333,0,0,132,0.002525252525252525
53,Pakistan,ornamentals,2005,0.25,0.25,0,0,132,0.001893939393939394
53,Pakistan,ornamentals,2006,0,0,0,0,132,0
53,Pakistan,ornamentals,2007,0.25,0.5,1,2,132,0.001893939393939394
53,Pakistan,ornamentals,2008,5,8.25,19,31,132,0.03787878787878788
53,Pakistan,ornamentals,2009,9.5,16.75,18,34,132,0.07196969696969698
53,Pakistan,ornamentals,2010,10.5,21.25,4,18,132,0.07954545454545454
53,Pakistan,ornamentals,2011,20.5,47.5,41,107,132,0.1553030303030303
53,Pakistan,ornamentals,2012,16.75,41.25,4,6,132,0.1268939393939394
53,Pakistan,ornamentals,2013,13.75,36,6,13,132,0.10416666666666667
53,Pakistan,ornamentals,2014,32,91.75,77,241,132,0.24242424242424243
53,Pakistan,ornamentals,2015,74.25,211.5,210,586,132,0.5625
53,Pakistan,ornamentals,2016,90.5,261.5,69,206,132,0.6856060606060606
53,Pakistan,ornamentals,2017,132,368.5,172,441,132,1
53,Pakistan,ornamentals,2018,113,309.5,1,5,132,0.8560606060606061
53,Pakistan,ornamentals,2019,61.4225,164.5475,3.69,6.19,132,0.4653219696969697
53,Pakistan,ornamentals,2020,44.1725,113.0475,0,0,132,0.33464015151515153
53,Pakistan,ornamentals,2021,1.1724999999999999,2.7975000000000003,0,0,132,0.008882575757575756
53,Pakistan,ornamentals,2022,0.9225,1.5475,0,0,132,0.0069886363636363635
53,Pakistan,seaweeds,2003,6,17,6,17,20,0.3
53,Pakistan,seaweeds,2004,3,9,0,1,20,0.15
53,Pakistan,seaweeds,2005,2,6,0,0,20,0.1
53,Pakistan,seaweeds,2006,1.5,4.5,0,0,20,0.075
53,Pakistan,seaweeds,2007,11,14.5,44,57,20,0.55
53,Pakistan,seaweeds,2008,11,14.25,0,0,20,0.55
53,Pakistan,seaweeds,2009,20,24.5,36,41,20,1
53,Pakistan,seaweeds,2010,20,24.75,0,1,20,1
53,Pakistan,seaweeds,2011,9,10.5,0,0,20,0.45
53,Pakistan,seaweeds,2012,9,10.5,0,0,20,0.45
53,Pakistan,seaweeds,2013,0,0.25,0,0,20,0
53,Pakistan,seaweeds,2014,0,0,0,0,20,0
53,Pakistan,seaweeds,2015,1.25,5.75,5,23,20,0.0625
53,Pakistan,seaweeds,2016,2.25,9.5,4,15,20,0.1125
53,Pakistan,seaweeds,2017,4.5,12,9,10,20,0.225
53,Pakistan,seaweeds,2018,4.75,12.25,1,1,20,0.2375
53,Pakistan,seaweeds,2019,5.3575,10,7.43,14,20,0.267875
53,Pakistan,seaweeds,2020,4.3575,6.25,0,0,20,0.21787499999999999
53,Pakistan,seaweeds,2021,8.5175,15.805,25.64,48.22,20,0.425875
53,Pakistan,seaweeds,2022,17.509999999999998,47.09,36.97,126.14,20,0.8755
54,United Arab Emirates,fish_oil,1999,74,67,74,67,766.22,0.09657800631672366
54,United Arab Emirates,fish_oil,2000,62,56.5,50,46,766.22,0.08091670799509279
54,United Arab Emirates,fish_oil,2001,51.333333333333336,47,30,28,766.22,0.06699555393142091
54,United Arab Emirates,fish_oil,2002,56,46.25,70,44,766.22,0.07308605883427736
54,United Arab Emirates,fish_oil,2003,43,33,22,14,766.22,0.05611965231917726
54,United Arab Emirates,fish_oil,2004,49,45.5,74,96,766.22,0.06395030147999269
54,United Arab Emirates,fish_oil,2005,42.5,65,4,106,766.22,0.05546709822244264
54,United Arab Emirates,fish_oil,2006,45.75,86.5,83,130,766.22,0.05970869985121766
54,United Arab Emirates,fish_oil,2007,46.5,87.25,25,17,766.22,0.06068753099631959
54,United Arab Emirates,fish_oil,2008,29,64,4,3,766.22,0.037848137610607915
54,United Arab Emirates,fish_oil,2009,49.75,76.5,87,156,766.22,0.06492913262509462
54,United Arab Emirates,fish_oil,2010,48.5,107.5,78,254,766.22,0.06329774738325807
54,United Arab Emirates,fish_oil,2011,82.75,185.25,162,328,766.22,0.10799770300957949
54,United Arab Emirates,fish_oil,2012,90.5,201,35,66,766.22,0.11811229150896609
54,United Arab Emirates,fish_oil,2013,79.75,186,44,96,766.22,0.10408237842917177
54,United Arab Emirates,fish_oil,2014,90.25,186.25,120,255,766.22,0.11778601446059878
54,United Arab Emirates,fish_oil,2015,136.5,173,347,275,766.22,0.17814726840855105
54,United Arab Emirates,fish_oil,2016,317.5,571,759,1658,766.22,0.41437185142648325
54,United Arab Emirates,fish_oil,2017,414.25,1164.25,431,2469,766.22,0.5406410691446321
54,United Arab Emirates,fish_oil,2018,563.5,1704,717,2414,766.22,0.7354284670199159
54,United Arab Emirates,fish_oil,2019,766.22,2987.0950000000003,1157.88,5407.38,766.22,1
54,United Arab Emirates,fish_oil,2020,673.005,2991.3775,386.14,1675.1299999999999,766.22,0.8783443397457649
54,United Arab Emirates,fish_oil,2021,619.3175,2714.295,216.25,1360.67,766.22,0.8082763436088851
54,United Arab Emirates,fish_oil,2022,571.0250000000001,2475.7575,523.83,1459.85,766.22,0.7452494061757721
54,United Arab Emirates,ornamentals,1995,2.4254709059111974,9,2.4254709059111974,9,10.595,0.22892599395103325
54,United Arab Emirates,ornamentals,1996,7.21985412362546,36,12.014237341339722,63,10.595,0.6814397473926814
54,United Arab Emirates,ornamentals,1997,5.3672403780817035,25.333333333333332,1.6620128869941908,4,10.595,0.50658238585009
54,United Arab Emirates,ornamentals,1998,4.941083945449513,22.75,3.6626146475529424,15,10.595,0.4663599759744703
54,United Arab Emirates,ornamentals,1999,4.334716218971714,20.5,0,0,10.595,0.409128477486712
54,United Arab Emirates,ornamentals,2000,1.3311568836367833,4.75,0,0,10.595,0.1256401022781296
54,United Arab Emirates,ornamentals,2001,0.9156536618882356,3.75,0,0,10.595,0.08642318658690283
54,United Arab Emirates,ornamentals,2002,0,0,0,0,10.595,0
54,United Arab Emirates,ornamentals,2003,0,0,0,0,10.595,0
54,United Arab Emirates,ornamentals,2004,0.5527301764001642,2.75,2.210920705600657,11,10.595,0.05216896426617878
54,United Arab Emirates,ornamentals,2005,0.5527301764001642,2.75,0,0,10.595,0.05216896426617878
54,United Arab Emirates,ornamentals,2006,1.587270549007414,6.5,4.138161490428999,15,10.595,0.149813171213536
54,United Arab Emirates,ornamentals,2007,1.587270549007414,6.5,0,0,10.595,0.149813171213536
54,United Arab Emirates,ornamentals,2008,1.0345403726072497,3.75,0,0,10.595,0.09764420694735722
54,United Arab Emirates,ornamentals,2009,5.03454037260725,6.25,16,10,10.595,0.47518078080294945
54,United Arab Emirates,ornamentals,2010,5.5,4.5,6,8,10.595,0.5191127890514393
54,United Arab Emirates,ornamentals,2011,6.997469886297882,12.5,5.989879545191528,32,10.595,0.6604502016326458
54,United Arab Emirates,ornamentals,2012,6.997469886297882,12.5,0,0,10.595,0.6604502016326458
54,United Arab Emirates,ornamentals,2013,3.247469886297882,11.75,1,7,10.595,0.306509663643028
54,United Arab Emirates,ornamentals,2014,1.747469886297882,9.75,0,0,10.595,0.1649334484471809
54,United Arab Emirates,ornamentals,2015,0.25,1.75,0,0,10.595,0.023596035865974516
54,United Arab Emirates,ornamentals,2016,0.25,1.75,0,0,10.595,0.023596035865974516
54,United Arab Emirates,ornamentals,2017,0,0,0,0,10.595,0
54,United Arab Emirates,ornamentals,2018,1,5.75,4,23,10.595,0.09438414346389806
54,United Arab Emirates,ornamentals,2019,7.7775,64.89,27.11,236.56,10.595,0.7340726757904671
54,United Arab Emirates,ornamentals,2020,10.4775,71.0475,10.8,24.63,10.595,0.9889098631429918
54,United Arab Emirates,ornamentals,2021,10.4775,71.0475,0,0,10.595,0.9889098631429918
54,United Arab Emirates,ornamentals,2022,10.595,71.8575,4.47,26.24,10.595,1
54,United Arab Emirates,seaweeds,2004,4,65,4,65,52.5,0.0761904761904762
54,United Arab Emirates,seaweeds,2005,2,32.5,0,0,52.5,0.0380952380952381
54,United Arab Emirates,seaweeds,2006,29.333333333333332,53.333333333333336,84,95,52.5,0.5587301587301587
54,United Arab Emirates,seaweeds,2007,22,40,0,0,52.5,0.41904761904761906
54,United Arab Emirates,seaweeds,2008,21.25,23.75,1,0,52.5,0.40476190476190477
54,United Arab Emirates,seaweeds,2009,52.5,66.5,125,171,52.5,1
54,United Arab Emirates,seaweeds,2010,45,101.25,54,234,52.5,0.8571428571428571
54,United Arab Emirates,seaweeds,2011,50.75,138,23,147,52.5,0.9666666666666667
54,United Arab Emirates,seaweeds,2012,50.5,138,0,0,52.5,0.9619047619047619
54,United Arab Emirates,seaweeds,2013,19.25,95.25,0,0,52.5,0.36666666666666664
54,United Arab Emirates,seaweeds,2014,5.75,36.75,0,0,52.5,0.10952380952380952
54,United Arab Emirates,seaweeds,2015,0,0,0,0,52.5,0
54,United Arab Emirates,seaweeds,2016,0,0,0,0,52.5,0
54,United Arab Emirates,seaweeds,2017,0,0,0,0,52.5,0
54,United Arab Emirates,seaweeds,2018,4.5,75.25,18,301,52.5,0.08571428571428572
54,United Arab Emirates,seaweeds,2019,14.34,232.22,39.36,627.88,52.5,0.27314285714285713
54,United Arab Emirates,seaweeds,2020,23.425,490.135,36.34,1031.66,52.5,0.4461904761904762
54,United Arab Emirates,seaweeds,2021,37.3725,872.8475,55.79,1530.85,52.5,0.7118571428571429
54,United Arab Emirates,seaweeds,2022,40.9225,1024.755,32.2,908.63,52.5,0.7794761904761904
56,Cape Verde,fish_oil,2018,207,223,207,223,227.695,0.9091108719998243
56,Cape Verde,fish_oil,2019,227.695,211.255,248.39,199.51,227.695,1
56,Cape Verde,fish_oil,2020,195.77666666666667,177.56333333333333,131.94,110.18,227.695,0.8598197881669193
56,Cape Verde,fish_oil,2021,174.4325,160.375,110.4,108.81,227.695,0.7660796240584994
56,Cape Verde,fish_oil,2022,155.8025,137.9725,132.48,133.39,227.695,0.6842596455785152
59,Belgium,fish_oil,1976,890,287,890,287,22791.9875,0.03904881046464245
59,Belgium,fish_oil,1977,633,223.5,376,160,22791.9875,0.027772918004627722
59,Belgium,fish_oil,1978,533.3333333333334,203.66666666666666,334,164,22791.9875,0.02340003623349361
59,Belgium,fish_oil,1979,521.75,213,487,241,22791.9875,0.022891816696547416
59,Belgium,fish_oil,1980,455.5,231.75,625,362,22791.9875,0.019985093445668133
59,Belgium,fish_oil,1981,418,220,226,113,22791.9875,0.018339778398000613
59,Belgium,fish_oil,1982,380.25,197.75,183,75,22791.9875,0.016683494583348644
59,Belgium,fish_oil,1983,323.25,165,259,110,22791.9875,0.014182615710894015
59,Belgium,fish_oil,1984,311,140.25,576,263,22791.9875,0.01364514612865596
59,Belgium,fish_oil,1985,302.25,147.25,191,141,22791.9875,0.013261239284200204
59,Belgium,fish_oil,1986,333.5,192.5,308,256,22791.9875,0.01463233515725647
59,Belgium,fish_oil,1987,491.75,410.5,892,982,22791.9875,0.021575564658413402
59,Belgium,fish_oil,1988,512.25,559.25,658,858,22791.9875,0.022475003551138312
59,Belgium,fish_oil,1989,713.75,662,997,552,22791.9875,0.031315829740605115
59,Belgium,fish_oil,1990,795.75,684.5,636,346,22791.9875,0.034913585311504756
59,Belgium,fish_oil,1991,676,496,413,228,22791.9875,0.029659545925953146
59,Belgium,fish_oil,1992,596.75,335,341,214,22791.9875,0.026182446791882454
59,Belgium,fish_oil,1993,579,317.75,926,483,22791.9875,0.025403664335986495
59,Belgium,fish_oil,1994,584.5,345.5,658,457,22791.9875,0.0256449772096444
59,Belgium,fish_oil,1995,1069.5,660.25,2353,1487,22791.9875,0.046924385159477645
59,Belgium,fish_oil,1996,1410.25,959,1704,1409,22791.9875,0.06187481455928317
59,Belgium,fish_oil,1997,1452.0781420580793,1077.75,1093.3125682323168,958,22791.9875,0.06371002713379337
59,Belgium,fish_oil,1998,1439.5781420580793,1180,608,866,22791.9875,0.06316158878457086
59,Belgium,fish_oil,1999,890.8281420580793,953.75,158,582,22791.9875,0.03908514525370283
59,Belgium,fish_oil,2000,497.5781420580792,706.75,131,421,22791.9875,0.02183127478716278
59,Belgium,fish_oil,2001,267.5,540.75,173,294,22791.9875,0.011736580673361637
59,Belgium,fish_oil,2002,352.25,526.25,947,808,22791.9875,0.01545499268109023
59,Belgium,fish_oil,2003,1277.5,944.25,3859,2254,22791.9875,0.056050399290540155
59,Belgium,fish_oil,2004,4466,3770.75,12885,11727,22791.9875,0.1959460534102171
59,Belgium,fish_oil,2005,10974.25,8360.75,26206,18654,22791.9875,0.4814959643164073
59,Belgium,fish_oil,2006,16065.5,13607.5,21312,21795,22791.9875,0.7048749039547341
59,Belgium,fish_oil,2007,19185.5,18265.75,16339,20887,22791.9875,0.8417651159206717
59,Belgium,fish_oil,2008,18010.5,19052.25,8185,14873,22791.9875,0.7902119110937561
59,Belgium,fish_oil,2009,18633.75,20880.75,28699,25968,22791.9875,0.8175570471859903
59,Belgium,fish_oil,2010,16852.25,19812.75,14186,17523,22791.9875,0.7393936136547987
59,Belgium,fish_oil,2011,15736.5,19886.5,11876,21182,22791.9875,0.6904400066031977
59,Belgium,fish_oil,2012,16436.75,20995.5,10986,19309,22791.9875,0.7211635229266425
59,Belgium,fish_oil,2013,10469.25,17206.25,4829,10811,22791.9875,0.459339055007818
59,Belgium,fish_oil,2014,7728.25,15391.5,3222,10264,22791.9875,0.3390774937903068
59,Belgium,fish_oil,2015,6450,13873.75,6763,15111,22791.9875,0.2829941881988133
59,Belgium,fish_oil,2016,6477.25,14764.25,11095,22871,22791.9875,0.2841897838001184
59,Belgium,fish_oil,2017,8157.5,16997,11550,19742,22791.9875,0.3579108667026077
59,Belgium,fish_oil,2018,12706.75,23559.5,21419,36514,22791.9875,0.5575095195186467
59,Belgium,fish_oil,2019,16026.4125,28410.095,20041.65,34513.380000000005,22791.9875,0.7031599372367153
59,Belgium,fish_oil,2020,18586.8325,32204.375,21336.68,38048.12,22791.9875,0.8154985386860185
59,Belgium,fish_oil,2021,21670.315,39425.885,23883.929999999997,48628.04,22791.9875,0.9507865428585375
59,Belgium,fish_oil,2022,22791.9875,48347.17,25905.690000000002,72199.14,22791.9875,1
59,Belgium,ornamentals,1988,20,174,20,174,30.5,0.6557377049180327
59,Belgium,ornamentals,1989,13.5,128,7,82,30.5,0.4426229508196721
59,Belgium,ornamentals,1990,11.333333333333334,124.33333333333333,7,117,30.5,0.37158469945355194
59,Belgium,ornamentals,1991,10,111,6,71,30.5,0.32786885245901637
59,Belgium,ornamentals,1992,8,99.75,12,129,30.5,0.26229508196721313
59,Belgium,ornamentals,1993,11,128.5,19,197,30.5,0.36065573770491804
59,Belgium,ornamentals,1994,17.5,170,33,283,30.5,0.5737704918032787
59,Belgium,ornamentals,1995,26.75,223.5,43,285,30.5,0.8770491803278688
59,Belgium,ornamentals,1996,30.5,239.75,27,194,30.5,1
59,Belgium,ornamentals,1997,29.75,220.75,16,121,30.5,0.9754098360655737
59,Belgium,ornamentals,1998,22,155,2,20,30.5,0.7213114754098361
59,Belgium,ornamentals,1999,12,92,3,33,30.5,0.39344262295081966
59,Belgium,ornamentals,2000,5.5,48,1,18,30.5,0.18032786885245902
59,Belgium,ornamentals,2001,8,121.5,26,415,30.5,0.26229508196721313
59,Belgium,ornamentals,2002,14.25,270.75,27,617,30.5,0.4672131147540984
59,Belgium,ornamentals,2003,16.5,322.75,12,241,30.5,0.5409836065573771
59,Belgium,ornamentals,2004,17,349,3,123,30.5,0.5573770491803278
59,Belgium,ornamentals,2005,11.75,269.5,5,97,30.5,0.38524590163934425
59,Belgium,ornamentals,2006,5.75,122.75,3,30,30.5,0.1885245901639344
59,Belgium,ornamentals,2007,3.25,75.25,2,51,30.5,0.10655737704918032
59,Belgium,ornamentals,2008,2.5,54.5,0,40,30.5,0.08196721311475409
59,Belgium,ornamentals,2009,1.75,41.5,2,45,30.5,0.05737704918032787
59,Belgium,ornamentals,2010,1.75,51,3,68,30.5,0.05737704918032787
59,Belgium,ornamentals,2011,2,60.75,3,90,30.5,0.06557377049180328
59,Belgium,ornamentals,2012,3.25,95.75,5,180,30.5,0.10655737704918032
59,Belgium,ornamentals,2013,4.25,164.75,6,321,30.5,0.13934426229508196
59,Belgium,ornamentals,2014,4.25,169.25,3,86,30.5,0.13934426229508196
59,Belgium,ornamentals,2015,4,179.5,2,131,30.5,0.13114754098360656
59,Belgium,ornamentals,2016,3.5,164.25,3,119,30.5,0.11475409836065574
59,Belgium,ornamentals,2017,3,122.5,4,154,30.5,0.09836065573770492
59,Belgium,ornamentals,2018,4,135.5,7,138,30.5,0.13114754098360656
59,Belgium,ornamentals,2019,4.5725,117.95,4.29,60.8,30.5,0.14991803278688523
59,Belgium,ornamentals,2020,6.44,164.3975,10.47,304.79,30.5,0.21114754098360658
59,Belgium,ornamentals,2021,6.905,151.7825,5.86,103.54,30.5,0.22639344262295083
59,Belgium,ornamentals,2022,6.6275,144.59,5.89,109.23,30.5,0.21729508196721312
59,Belgium,seaweeds,1976,0,0,0,0,596.385,0
59,Belgium,seaweeds,1977,0.5,0,1,0,596.385,8.383846005516571e-4
59,Belgium,seaweeds,1978,1.6666666666666667,0.3333333333333333,4,1,596.385,0.00279461533517219
59,Belgium,seaweeds,1979,2,0.5,3,1,596.385,0.0033535384022066283
59,Belgium,seaweeds,1980,3.25,0.75,5,1,596.385,0.005449499903585771
59,Belgium,seaweeds,1981,4.5,11.75,6,44,596.385,0.007545461404964914
59,Belgium,seaweeds,1982,4.75,18.75,5,29,596.385,0.007964653705240743
59,Belgium,seaweeds,1983,7.25,43.75,13,101,596.385,0.012156576707999028
59,Belgium,seaweeds,1984,9.75,75.5,15,128,596.385,0.016348499710757313
59,Belgium,seaweeds,1985,12.25,107,16,170,596.385,0.0205404227135156
59,Belgium,seaweeds,1986,13.25,125.75,9,104,596.385,0.022217191914618913
59,Belgium,seaweeds,1987,12.5,134.5,10,136,596.385,0.020959615013791427
59,Belgium,seaweeds,1988,39.5,204,123,406,596.385,0.06623238344358091
59,Belgium,seaweeds,1989,39.25,231,15,278,596.385,0.06581319114330508
59,Belgium,seaweeds,1990,39.5,243.75,10,155,596.385,0.06623238344358091
59,Belgium,seaweeds,1991,39.5,245,10,141,596.385,0.06623238344358091
59,Belgium,seaweeds,1992,15.75,188.5,28,180,596.385,0.0264091149173772
59,Belgium,seaweeds,1993,27.75,211.75,63,371,596.385,0.046530345330616965
59,Belgium,seaweeds,1994,56.5,427.75,125,1019,596.385,0.09473745986233725
59,Belgium,seaweeds,1995,69,548.5,60,624,596.385,0.11569707487612868
59,Belgium,seaweeds,1996,78.75,636.5,67,532,596.385,0.13204557458688598
59,Belgium,seaweeds,1997,195.5,674,530,521,596.385,0.3278083788156979
59,Belgium,seaweeds,1998,259.25,595,380,703,596.385,0.4347024153860342
59,Belgium,seaweeds,1999,299.75,728.5,222,1158,596.385,0.5026115680307184
59,Belgium,seaweeds,2000,330.5,844.25,190,995,596.385,0.5541722209646454
59,Belgium,seaweeds,2001,250.75,998,211,1136,596.385,0.42044987717665605
59,Belgium,seaweeds,2002,222.25,1182.75,266,1442,596.385,0.3726619549452116
59,Belgium,seaweeds,2003,240.5,1426.5,295,2133,596.385,0.40326299286534706
59,Belgium,seaweeds,2004,277.25,1682.5,337,2019,596.385,0.46488426100589386
59,Belgium,seaweeds,2005,567.5,2020.25,1372,2487,596.385,0.9515665216261308
59,Belgium,seaweeds,2006,592,2121.75,364,1848,596.385,0.992647367053162
59,Belgium,seaweeds,2007,574,2323.75,223,2941,596.385,0.9624655214333023
59,Belgium,seaweeds,2008,579.25,2583,358,3056,596.385,0.9712685597390948
59,Belgium,seaweeds,2009,313.25,2707.75,308,2986,596.385,0.5252479522456132
59,Belgium,seaweeds,2010,309.25,3123.25,348,3510,596.385,0.5185408754411999
59,Belgium,seaweeds,2011,346,3162.5,370,3098,596.385,0.5801621435817467
59,Belgium,seaweeds,2012,338.5,3255.25,328,3427,596.385,0.5675863745734718
59,Belgium,seaweeds,2013,409,3661.5,590,4611,596.385,0.6857986032512555
59,Belgium,seaweeds,2014,490.75,4261.5,675,5910,596.385,0.8228744854414515
59,Belgium,seaweeds,2015,518.75,4714.75,482,4911,596.385,0.8698240230723442
59,Belgium,seaweeds,2016,544.5,5066.75,431,4835,596.385,0.9130008300007546
59,Belgium,seaweeds,2017,521.75,5262.25,499,5393,596.385,0.8748543306756542
59,Belgium,seaweeds,2018,484.75,5287,527,6009,596.385,0.8128138702348315
59,Belgium,seaweeds,2019,508.625,5511.8175,577.5,5810.27,596.385,0.8528467349111731
59,Belgium,seaweeds,2020,594.7675,5433.715,775.57,4522.59,596.385,0.9972878258172154
59,Belgium,seaweeds,2021,596.385,5325.547500000001,505.46999999999997,4960.33,596.385,1
59,Belgium,seaweeds,2022,588.405,4967.5775,495.08,4577.12,596.385,0.9866193817751955
61,Tunisia,fish_oil,2011,18,9,18,9,52.5,0.34285714285714286
61,Tunisia,fish_oil,2012,9,4.5,0,0,52.5,0.17142857142857143
61,Tunisia,fish_oil,2013,6,3.3333333333333335,0,1,52.5,0.11428571428571428
61,Tunisia,fish_oil,2014,4.5,2.75,0,1,52.5,0.08571428571428572
61,Tunisia,fish_oil,2015,0,0.5,0,0,52.5,0
61,Tunisia,fish_oil,2016,0,0.75,0,1,52.5,0
61,Tunisia,fish_oil,2017,0,0.75,0,1,52.5,0
61,Tunisia,fish_oil,2018,0,0.5075,0,0.03,52.5,0
61,Tunisia,fish_oil,2019,0,0.5075,0,0,52.5,0
61,Tunisia,fish_oil,2020,0,0.2575,0,0,52.5,0
61,Tunisia,fish_oil,2021,0,0.0075,0,0,52.5,0
61,Tunisia,fish_oil,2022,52.5,112.4625,210,449.85,52.5,1
61,Tunisia,ornamentals,1990,18,215,18,215,18,1
61,Tunisia,ornamentals,1991,9,107.5,0,0,18,0.5
61,Tunisia,ornamentals,1992,6,71.66666666666667,0,0,18,0.3333333333333333
61,Tunisia,ornamentals,1993,4.5,53.75,0,0,18,0.25
61,Tunisia,ornamentals,1994,0,0,0,0,18,0
61,Tunisia,ornamentals,1995,0,0,0,0,18,0
61,Tunisia,ornamentals,1996,0,0,0,0,18,0
61,Tunisia,ornamentals,1997,0,0,0,0,18,0
61,Tunisia,ornamentals,1998,0,0,0,0,18,0
61,Tunisia,ornamentals,1999,0,0,0,0,18,0
61,Tunisia,ornamentals,2000,0,0,0,0,18,0
61,Tunisia,ornamentals,2001,0,0,0,0,18,0
61,Tunisia,ornamentals,2002,0,0,0,0,18,0
61,Tunisia,ornamentals,2003,0,0,0,0,18,0
61,Tunisia,ornamentals,2004,0,0,0,0,18,0
61,Tunisia,ornamentals,2005,0,0,0,0,18,0
61,Tunisia,ornamentals,2006,0,0,0,0,18,0
61,Tunisia,ornamentals,2007,0,0,0,0,18,0
61,Tunisia,ornamentals,2008,0,1.5,0,6,18,0
61,Tunisia,ornamentals,2009,1.25,14,5,50,18,0.06944444444444445
61,Tunisia,ornamentals,2010,1.5,17.25,1,13,18,0.08333333333333333
61,Tunisia,ornamentals,2011,1.5,17.25,0,0,18,0.08333333333333333
61,Tunisia,ornamentals,2012,1.5,15.75,0,0,18,0.08333333333333333
61,Tunisia,ornamentals,2013,0.25,3.25,0,0,18,0.013888888888888888
61,Tunisia,ornamentals,2014,0,0,0,0,18,0
61,Tunisia,ornamentals,2015,0,0,0,0,18,0
61,Tunisia,ornamentals,2016,0,0,0,0,18,0
61,Tunisia,ornamentals,2017,0,0,0,0,18,0
61,Tunisia,ornamentals,2018,0,0,0,0,18,0
61,Tunisia,ornamentals,2019,0,0,0,0,18,0
61,Tunisia,ornamentals,2020,0,0,0,0,18,0
61,Tunisia,ornamentals,2021,0,0,0,0,18,0
61,Tunisia,ornamentals,2022,0,0,0,0,18,0
61,Tunisia,seaweeds,1995,2,3,2,3,189.5,0.010554089709762533
61,Tunisia,seaweeds,1996,1,1.5,0,0,189.5,0.005277044854881266
61,Tunisia,seaweeds,1997,0.6666666666666666,1,0,0,189.5,0.0035180299032541774
61,Tunisia,seaweeds,1998,0.5,0.75,0,0,189.5,0.002638522427440633
61,Tunisia,seaweeds,1999,0,0,0,0,189.5,0
61,Tunisia,seaweeds,2000,0.75,22,3,88,189.5,0.00395778364116095
61,Tunisia,seaweeds,2001,1.5,25.25,3,13,189.5,0.0079155672823219
61,Tunisia,seaweeds,2002,2,29,2,15,189.5,0.010554089709762533
61,Tunisia,seaweeds,2003,3.75,41.5,7,50,189.5,0.01978891820580475
61,Tunisia,seaweeds,2004,3.5,22,2,10,189.5,0.018469656992084433
61,Tunisia,seaweeds,2005,104.75,352.5,408,1335,189.5,0.5527704485488126
61,Tunisia,seaweeds,2006,149.5,560.75,181,848,189.5,0.7889182058047494
61,Tunisia,seaweeds,2007,181,778,133,919,189.5,0.9551451187335093
61,Tunisia,seaweeds,2008,189.5,830.75,36,221,189.5,1
61,Tunisia,seaweeds,2009,101.25,513.25,55,65,189.5,0.5343007915567283
61,Tunisia,seaweeds,2010,72.5,315,66,55,189.5,0.38258575197889183
61,Tunisia,seaweeds,2011,50.5,96.5,45,45,189.5,0.26649076517150394
61,Tunisia,seaweeds,2012,42.5,54.75,4,54,189.5,0.22427440633245382
61,Tunisia,seaweeds,2013,29,41,1,10,189.5,0.15303430079155672
61,Tunisia,seaweeds,2014,26.25,318.75,55,1166,189.5,0.13852242744063326
61,Tunisia,seaweeds,2015,41.5,537.25,106,919,189.5,0.21899736147757257
61,Tunisia,seaweeds,2016,73.25,761.25,131,950,189.5,0.3865435356200528
61,Tunisia,seaweeds,2017,94,1179.75,84,1684,189.5,0.49604221635883905
61,Tunisia,seaweeds,2018,96.03999999999999,1039.4524999999999,63.16,604.81,189.5,0.5068073878627968
61,Tunisia,seaweeds,2019,87.135,980.745,70.38000000000001,684.17,189.5,0.4598153034300792
61,Tunisia,seaweeds,2020,62.805,778.8375,33.68,142.37,189.5,0.33142480211081793
61,Tunisia,seaweeds,2021,61.055,389.91249999999997,77,128.29999999999998,189.5,0.32218997361477575
61,Tunisia,seaweeds,2022,66.14750000000001,273.2675,83.53,138.23000000000002,189.5,0.3490633245382586
62,Morocco,fish_oil,1976,4098,1356,4098,1356,40544.75,0.10107350520104329
62,Morocco,fish_oil,1977,5017.5,1725,5937,2094,40544.75,0.12375215040171662
62,Morocco,fish_oil,1978,5492,1947,6441,2391,40544.75,0.13545526856128107
62,Morocco,fish_oil,1979,5831,2075.75,6848,2462,40544.75,0.1438164003970921
62,Morocco,fish_oil,1980,5684.25,2025,3511,1153,40544.75,0.1401969428840972
62,Morocco,fish_oil,1981,6579.75,2221,9519,2878,40544.75,0.16228364954772195
62,Morocco,fish_oil,1982,5176.5,1677.75,828,218,40544.75,0.1276737432096634
62,Morocco,fish_oil,1983,5444.25,1677,7919,2459,40544.75,0.1342775575136115
62,Morocco,fish_oil,1984,5807.75,1722.25,4965,1334,40544.75,0.1432429599393263
62,Morocco,fish_oil,1985,3429.25,1003.25,5,2,40544.75,0.08457938450724199
62,Morocco,fish_oil,1986,4179.25,1179.25,3828,922,40544.75,0.1030774637900098
62,Morocco,fish_oil,1987,2986.25,678.25,3147,455,40544.75,0.07365318567755381
62,Morocco,fish_oil,1988,1906.25,383.25,645,154,40544.75,0.04701595151036817
62,Morocco,fish_oil,1989,2192.5,420.75,1150,152,40544.75,0.05407605176995789
62,Morocco,fish_oil,1990,2429.5,472.25,4776,1128,40544.75,0.05992144482331251
62,Morocco,fish_oil,1991,2563.75,627.25,3684,1075,40544.75,0.06323260101492795
62,Morocco,fish_oil,1992,2885.75,765,1933,705,40544.75,0.07117444305366293
62,Morocco,fish_oil,1993,2727,770.75,515,175,40544.75,0.06725901627214374
62,Morocco,fish_oil,1994,1709.25,540.25,705,206,40544.75,0.04215712268542783
62,Morocco,fish_oil,1995,3256,1290,9871,4074,40544.75,0.08030632819292263
62,Morocco,fish_oil,1996,3625.25,1552.5,3410,1755,40544.75,0.08941354922647199
62,Morocco,fish_oil,1997,5228.25,2331.25,6927,3290,40544.75,0.12895011068017437
62,Morocco,fish_oil,1998,5969.5,2789.5,3670,2039,40544.75,0.14723237903797656
62,Morocco,fish_oil,1999,4621.25,2087,4478,1264,40544.75,0.11397899851398763
62,Morocco,fish_oil,2000,4985.5,2273,4867,2499,40544.75,0.12296289901898519
62,Morocco,fish_oil,2001,7869.25,4074.75,18462,10497,40544.75,0.1940880138612274
62,Morocco,fish_oil,2002,9889,5152.75,11749,6351,40544.75,0.2439033413697211
62,Morocco,fish_oil,2003,13684.75,7746.75,19661,11640,40544.75,0.33752212061980896
62,Morocco,fish_oil,2004,20555.75,11725.75,32351,18415,40544.75,0.5069891909556724
62,Morocco,fish_oil,2005,21971.5,12925.5,24125,15296,40544.75,0.5419073986151105
62,Morocco,fish_oil,2006,24571.75,15704.25,22150,17466,40544.75,0.6060402394884664
62,Morocco,fish_oil,2007,26157.75,18363,26005,22275,40544.75,0.6451575111450928
62,Morocco,fish_oil,2008,24543.25,24158,25893,41595,40544.75,0.6053373124757213
62,Morocco,fish_oil,2009,29136,28130,42496,31184,40544.75,0.7186133839769637
62,Morocco,fish_oil,2010,33636.75,33712.25,40153,39795,40544.75,0.8296203577528534
62,Morocco,fish_oil,2011,31319.75,35325.75,16737,28729,40544.75,0.772473624821956
62,Morocco,fish_oil,2012,31546.5,37066,26800,48556,40544.75,0.7780662107917794
62,Morocco,fish_oil,2013,25031,37861.25,16434,34365,40544.75,0.617367230035948
62,Morocco,fish_oil,2014,24914.25,47339,39686,77706,40544.75,0.6144876956942638
62,Morocco,fish_oil,2015,33874.5,65478,52578,101285,40544.75,0.8354842488854908
62,Morocco,fish_oil,2016,36027,74085.5,35410,82986,40544.75,0.8885737364270343
62,Morocco,fish_oil,2017,40544.75,83872.25,34505,73512,40544.75,1
62,Morocco,fish_oil,2018,38230.25,80895.25,30428,65798,40544.75,0.9429149273333786
62,Morocco,fish_oil,2019,34034.795,71526.11,35796.18,63808.44,40544.75,0.8394377817103323
62,Morocco,fish_oil,2020,36644.845,72385.7175,45850.2,86424.43,40544.75,0.90381233081965
62,Morocco,fish_oil,2021,35523.9625,70334.66,30021.47,65307.77,40544.75,0.8761667663507606
62,Morocco,fish_oil,2022,39374.635,93748.0925,45830.69,159451.73,40544.75,0.9711401599467255
62,Morocco,ornamentals,2002,243,644,243,644,1988.5,0.12220266532562232
62,Morocco,ornamentals,2003,984,3559.5,1725,6475,1988.5,0.4948453608247423
62,Morocco,ornamentals,2004,1221.3333333333333,4736.333333333333,1696,7090,1988.5,0.6141983069315229
62,Morocco,ornamentals,2005,1440.75,5459.5,2099,7629,1988.5,0.7245411113904954
62,Morocco,ornamentals,2006,1892.5,7290,2050,7966,1988.5,0.9517224038219764
62,Morocco,ornamentals,2007,1988.5,7982.25,2109,9244,1988.5,1
62,Morocco,ornamentals,2008,1643.25,6587.25,315,1510,1988.5,0.826376665828514
62,Morocco,ornamentals,2009,1118.5,4680,0,0,1988.5,0.5624842846366608
62,Morocco,ornamentals,2010,606,2688.5,0,0,1988.5,0.3047523258737742
62,Morocco,ornamentals,2011,78.75,377.5,0,0,1988.5,0.03960271561478501
62,Morocco,ornamentals,2012,0,0,0,0,1988.5,0
62,Morocco,ornamentals,2013,0,0,0,0,1988.5,0
62,Morocco,ornamentals,2014,0,0,0,0,1988.5,0
62,Morocco,ornamentals,2015,0,0,0,0,1988.5,0
62,Morocco,ornamentals,2016,0,0,0,0,1988.5,0
62,Morocco,ornamentals,2017,0,0,0,0,1988.5,0
62,Morocco,ornamentals,2018,0,0,0,0,1988.5,0
62,Morocco,ornamentals,2019,0,0,0,0,1988.5,0
62,Morocco,ornamentals,2020,0,0,0,0,1988.5,0
62,Morocco,ornamentals,2021,0,0,0,0,1988.5,0
62,Morocco,ornamentals,2022,0,0,0,0,1988.5,0
62,Morocco,seaweeds,1993,4,111,4,111,7741.5,5.166957308015243e-4
62,Morocco,seaweeds,1994,946,8520,1888,16929,7741.5,0.12219854033456048
62,Morocco,seaweeds,1995,1229.3333333333333,12092.333333333334,1796,19237,7741.5,0.1587978212663351
62,Morocco,seaweeds,1996,1621.75,14630.75,2799,22246,7741.5,0.209487825356843
62,Morocco,seaweeds,1997,2308.75,19776.25,2752,20693,7741.5,0.29823031712200476
62,Morocco,seaweeds,1998,2755,20750.5,3673,20826,7741.5,0.35587418458954984
62,Morocco,seaweeds,1999,3605.25,21863.5,5197,23689,7741.5,0.4657043208680488
62,Morocco,seaweeds,2000,4425.75,22639,6081,25348,7741.5,0.5716915326487115
62,Morocco,seaweeds,2001,5264.5,23280.25,6107,23258,7741.5,0.6800361687011561
62,Morocco,seaweeds,2002,5812.75,23773,5866,22797,7741.5,0.75085577730414
62,Morocco,seaweeds,2003,6126.5,24026,6452,24701,7741.5,0.7913840986888846
62,Morocco,seaweeds,2004,6318.5,24428.25,6849,26957,7741.5,0.8161854937673577
62,Morocco,seaweeds,2005,7191,26920.25,9597,33226,7741.5,0.9288897500484402
62,Morocco,seaweeds,2006,7741.5,31571,8068,41400,7741.5,1
62,Morocco,seaweeds,2007,7721.25,35062.75,6371,38668,7741.5,0.9973842278628173
62,Morocco,seaweeds,2008,7328,36172.5,5276,31396,7741.5,0.9465865788283925
62,Morocco,seaweeds,2009,6334,35039.5,5621,28694,7741.5,0.8181876897242136
62,Morocco,seaweeds,2010,5759,32715.5,5768,32104,7741.5,0.7439126784214946
62,Morocco,seaweeds,2011,4973.5,30347.25,3229,29195,7741.5,0.6424465542853453
62,Morocco,seaweeds,2012,4811.5,32235,4628,38947,7741.5,0.6215203771878834
62,Morocco,seaweeds,2013,4750,35616.5,5375,42220,7741.5,0.61357618032681
62,Morocco,seaweeds,2014,4357.5,36836.5,4198,36984,7741.5,0.5628754117419105
62,Morocco,seaweeds,2015,4382.75,37787.5,3330,32999,7741.5,0.5661370535425951
62,Morocco,seaweeds,2016,4086.5,37299.25,3443,36994,7741.5,0.5278692759801072
62,Morocco,seaweeds,2017,3486.25,36652.5,2974,39633,7741.5,0.4503326228767035
62,Morocco,seaweeds,2018,3127.5,37925,2763,42074,7741.5,0.40399147452044176
62,Morocco,seaweeds,2019,3144.8775,39520.270000000004,3399.5099999999998,39380.08,7741.5,0.4062361945359427
62,Morocco,seaweeds,2020,2916.1425,38362.840000000004,2528.06,32364.280000000002,7741.5,0.376689595039721
62,Morocco,seaweeds,2021,2815.165,35743.205,2570.09,29154.46,7741.5,0.36364593425046826
62,Morocco,seaweeds,2022,2837.2675,32338.185,2851.41,28453.92,7741.5,0.3665010010979784
64,Mauritania,fish_oil,2000,628,186,628,186,36552.1225,0.017180944827485736
64,Mauritania,fish_oil,2001,573.5,174.5,519,163,36552.1225,0.01568992334166094
64,Mauritania,fish_oil,2002,461.6666666666667,139.33333333333334,238,69,36552.1225,0.01263036549154339
64,Mauritania,fish_oil,2003,378,114,127,38,36552.1225,0.010341396727371988
64,Mauritania,fish_oil,2004,233.25,71.75,49,17,36552.1225,0.006381298377406128
64,Mauritania,fish_oil,2005,163.75,48.25,241,69,36552.1225,0.004479904005574506
64,Mauritania,fish_oil,2006,140,39.5,143,34,36552.1225,0.0038301469360636996
64,Mauritania,fish_oil,2007,172.5,49,257,76,36552.1225,0.004719288189078487
64,Mauritania,fish_oil,2008,304.5,84.5,577,159,36552.1225,0.008330569585938545
64,Mauritania,fish_oil,2009,294.25,79.75,200,50,36552.1225,0.008050148113833883
64,Mauritania,fish_oil,2010,1303.5,518.5,4180,1789,36552.1225,0.03566140379399309
64,Mauritania,fish_oil,2011,2318,979.25,4315,1919,36552.1225,0.06341628998425468
64,Mauritania,fish_oil,2012,3964.75,2336.25,7164,5587,36552.1225,0.10846839331970394
64,Mauritania,fish_oil,2013,7500.25,5921,14342,14389,36552.1225,0.2051932825515126
64,Mauritania,fish_oil,2014,11393.25,9920.25,19752,17786,36552.1225,0.31169872556648387
64,Mauritania,fish_oil,2015,17770.775,18590.13,29825.1,36598.520000000004,36552.1225,0.48617628155519566
64,Mauritania,fish_oil,2016,20978.025,23322.63,19993,24517,36552.1225,0.573920844131555
64,Mauritania,fish_oil,2017,26013.025,28345.13,34482,34479,36552.1225,0.7116693428678459
64,Mauritania,fish_oil,2018,31182.6625,35274.2,40430.549999999996,45502.28,36552.1225,0.853101280233453
64,Mauritania,fish_oil,2019,32360.18,36177.095,34535.17,40210.1,36552.1225,0.8853160305533557
64,Mauritania,fish_oil,2020,36552.1225,39260.6175,36760.77,36851.09,36552.1225,1
64,Mauritania,fish_oil,2021,33318.96,36557.325,21549.35,23665.83,36552.1225,0.911546518263064
64,Mauritania,fish_oil,2022,28682.1,31668.989999999998,21883.11,25948.940000000002,36552.1225,0.7846904102490901
65,Gambia,fish_oil,2016,870,99,870,99,1124,0.7740213523131673
65,Gambia,fish_oil,2017,1124,119.5,1378,140,1124,1
65,Gambia,fish_oil,2018,890.3333333333334,93.66666666666667,423,42,1124,0.7921115065243179
65,Gambia,fish_oil,2019,978.345,160.82,1242.38,362.28,1124,0.8704137010676157
65,Gambia,fish_oil,2020,945.98,163.07,740.54,108,1124,0.8416192170818505
65,Gambia,fish_oil,2021,721.48,145.07,480,68,1124,0.6418861209964413
65,Gambia,fish_oil,2022,759.735,181.32,576.02,187,1124,0.6759208185053381
66,Senegal,fish_oil,1979,374,150,374,150,2917.6349999999998,0.12818601367203233
66,Senegal,fish_oil,1980,189.5,83,5,16,2917.6349999999998,0.06494986521617681
66,Senegal,fish_oil,1981,210.66666666666666,78.33333333333333,253,69,2917.6349999999998,0.07220459950153692
66,Senegal,fish_oil,1982,158,58.75,0,0,2917.6349999999998,0.05415344962615269
66,Senegal,fish_oil,1983,64.5,21.25,0,0,2917.6349999999998,0.02210694620814461
66,Senegal,fish_oil,1984,63.25,17.25,0,0,2917.6349999999998,0.02167851701806429
66,Senegal,fish_oil,1985,3.75,1,15,4,2917.6349999999998,0.0012852875702409657
66,Senegal,fish_oil,1986,4.5,1.25,3,1,2917.6349999999998,0.001542345084289159
66,Senegal,fish_oil,1987,7,8.75,10,30,2917.6349999999998,0.0023992034644498028
66,Senegal,fish_oil,1988,7,8.75,0,0,2917.6349999999998,0.0023992034644498028
66,Senegal,fish_oil,1989,11.25,30.25,32,90,2917.6349999999998,0.0038558627107228975
66,Senegal,fish_oil,1990,21.75,40.5,45,42,2917.6349999999998,0.007454667907397601
66,Senegal,fish_oil,1991,26.75,48,30,60,2917.6349999999998,0.009168384667718889
66,Senegal,fish_oil,1992,32.75,56.25,24,33,2917.6349999999998,0.011224844780104435
66,Senegal,fish_oil,1993,29.5,34.5,19,3,2917.6349999999998,0.010110928885895598
66,Senegal,fish_oil,1994,18.25,24,0,0,2917.6349999999998,0.0062550661751727
66,Senegal,fish_oil,1995,40.75,34,120,100,2917.6349999999998,0.013966791596618495
66,Senegal,fish_oil,1996,55.75,53,84,109,2917.6349999999998,0.019107941877582357
66,Senegal,fish_oil,1997,51,52.25,0,0,2917.6349999999998,0.017479910955277136
66,Senegal,fish_oil,1998,56.25,58.25,21,24,2917.6349999999998,0.019279313553614487
66,Senegal,fish_oil,1999,26.5,34,1,3,2917.6349999999998,0.009082698829702826
66,Senegal,fish_oil,2000,8,7.25,10,2,2917.6349999999998,0.0027419468165140602
66,Senegal,fish_oil,2001,8,7.25,0,0,2917.6349999999998,0.0027419468165140602
66,Senegal,fish_oil,2002,8.75,11.25,24,40,2917.6349999999998,0.0029990043305622538
66,Senegal,fish_oil,2003,8.5,10.5,0,0,2917.6349999999998,0.002913318492546189
66,Senegal,fish_oil,2004,9.5,22.75,14,51,2917.6349999999998,0.003256061844610447
66,Senegal,fish_oil,2005,9.5,22.75,0,0,2917.6349999999998,0.003256061844610447
66,Senegal,fish_oil,2006,4.5,17.5,4,19,2917.6349999999998,0.001542345084289159
66,Senegal,fish_oil,2007,14.5,112.5,40,380,2917.6349999999998,0.004969778604931734
66,Senegal,fish_oil,2008,268,218.25,1028,474,2917.6349999999998,0.09185521835322102
66,Senegal,fish_oil,2009,273.75,237.75,23,78,2917.6349999999998,0.0938259926275905
66,Senegal,fish_oil,2010,272.75,233,0,0,2917.6349999999998,0.09348324927552625
66,Senegal,fish_oil,2011,270.25,158,30,80,2917.6349999999998,0.0926263908953656
66,Senegal,fish_oil,2012,24.25,41.75,44,9,2917.6349999999998,0.008311526287558246
66,Senegal,fish_oil,2013,80.75,108.75,249,346,2917.6349999999998,0.027676525679188796
66,Senegal,fish_oil,2014,243,301.25,649,770,2917.6349999999998,0.08328663455161459
66,Senegal,fish_oil,2015,853.75,906.75,2473,2502,2917.6349999999998,0.2926171368248599
66,Senegal,fish_oil,2016,1480.5,1266.25,2551,1447,2917.6349999999998,0.5074315327311333
66,Senegal,fish_oil,2017,2069.25,1761.75,2604,2328,2917.6349999999998,0.7092216812589649
66,Senegal,fish_oil,2018,2172.75,1811.75,1063,970,2917.6349999999998,0.7446956181976156
66,Senegal,fish_oil,2019,2763.5575,2024.3600000000001,4836.23,3352.44,2917.6349999999998,0.9471909611723194
66,Senegal,fish_oil,2020,2828.9425,2490.755,2812.54,3312.58,2917.6349999999998,0.969601235247041
66,Senegal,fish_oil,2021,2515.8325,2282.3275,1351.56,1494.29,2917.6349999999998,0.8622848642822012
66,Senegal,fish_oil,2022,2917.6349999999998,2852.4225,2670.21,3250.38,2917.6349999999998,1
66,Senegal,seaweeds,1998,560,343,560,343,560,1
66,Senegal,seaweeds,1999,280,171.5,0,0,560,0.5
66,Senegal,seaweeds,2000,189,118.66666666666667,7,13,560,0.3375
66,Senegal,seaweeds,2001,147,97.75,21,35,560,0.2625
66,Senegal,seaweeds,2002,23.5,31,66,76,560,0.04196428571428571
66,Senegal,seaweeds,2003,43,73.25,78,169,560,0.07678571428571429
66,Senegal,seaweeds,2004,55,101,55,124,560,0.09821428571428571
66,Senegal,seaweeds,2005,53.25,99.75,14,30,560,0.09508928571428571
66,Senegal,seaweeds,2006,39.5,86.25,11,22,560,0.07053571428571428
66,Senegal,seaweeds,2007,20,44.5,0,2,560,0.03571428571428571
66,Senegal,seaweeds,2008,6.25,13.5,0,0,560,0.011160714285714286
66,Senegal,seaweeds,2009,9,18.75,25,51,560,0.01607142857142857
66,Senegal,seaweeds,2010,12.75,22.5,26,37,560,0.022767857142857142
66,Senegal,seaweeds,2011,17.5,27,19,20,560,0.03125
66,Senegal,seaweeds,2012,28.75,56.5,45,118,560,0.05133928571428571
66,Senegal,seaweeds,2013,31.5,48.75,36,20,560,0.05625
66,Senegal,seaweeds,2014,25,39.5,0,0,560,0.044642857142857144
66,Senegal,seaweeds,2015,21.75,34.75,6,1,560,0.038839285714285715
66,Senegal,seaweeds,2016,18.5,24.5,32,77,560,0.033035714285714286
66,Senegal,seaweeds,2017,17,41.75,30,89,560,0.030357142857142857
66,Senegal,seaweeds,2018,23.25,61.5,25,79,560,0.04151785714285714
66,Senegal,seaweeds,2019,26.075,74.075,17.3,51.3,560,0.0465625
66,Senegal,seaweeds,2020,18.075,54.825,0,0,560,0.032276785714285716
66,Senegal,seaweeds,2021,10.575,32.575,0,0,560,0.01888392857142857
66,Senegal,seaweeds,2022,4.4225,14.66,0.39,7.34,560,0.007897321428571429
67,Libya,ornamentals,1997,5.943945920574777,6,5.943945920574777,6,1128.525,0.00526700420511267
67,Libya,ornamentals,1998,2.9719729602873883,3,0,0,1128.525,0.002633502102556335
67,Libya,ornamentals,1999,2.3146486401915922,6.666666666666667,1,14,1128.525,0.0020510388694903454
67,Libya,ornamentals,2000,3.735986480143694,23,8,72,1128.525,0.0033105039588344908
67,Libya,ornamentals,2001,2.75,27.5,2,24,1128.525,0.0024368091092355063
67,Libya,ornamentals,2002,3.25,32.5,2,20,1128.525,0.0028798653109146895
67,Libya,ornamentals,2003,3,29,0,0,1128.525,0.0026583372100750977
67,Libya,ornamentals,2004,1,11,0,0,1128.525,8.861124033583659e-4
67,Libya,ornamentals,2005,0.5,5.75,0,3,1128.525,4.4305620167918295e-4
67,Libya,ornamentals,2006,0,0.75,0,0,1128.525,0
67,Libya,ornamentals,2007,0,0.75,0,0,1128.525,0
67,Libya,ornamentals,2008,0,0.75,0,0,1128.525,0
67,Libya,ornamentals,2009,0,0,0,0,1128.525,0
67,Libya,ornamentals,2010,0,0,0,0,1128.525,0
67,Libya,ornamentals,2011,0,0,0,0,1128.525,0
67,Libya,ornamentals,2012,0,0,0,0,1128.525,0
67,Libya,ornamentals,2013,0,0,0,0,1128.525,0
67,Libya,ornamentals,2014,0,0,0,0,1128.525,0
67,Libya,ornamentals,2015,0,0,0,0,1128.525,0
67,Libya,ornamentals,2016,376.175,3762.1875,1504.7,15048.75,1128.525,0.3333333333333333
67,Libya,ornamentals,2017,1128.525,11286.560000000001,3009.4,30097.49,1128.525,1
67,Libya,ornamentals,2018,1128.525,11286.560000000001,0,0,1128.525,1
67,Libya,ornamentals,2019,1128.525,11286.560000000001,0,0,1128.525,1
67,Libya,ornamentals,2020,752.35,7524.3725,0,0,1128.525,0.6666666666666666
67,Libya,ornamentals,2021,0,0,0,0,1128.525,0
67,Libya,ornamentals,2022,0,0,0,0,1128.525,0
69,Latvia,fish_oil,1993,337,78,337,78,9019.1325,0.03736501265504193
69,Latvia,fish_oil,1994,275,70.5,213,63,9019.1325,0.030490737329781994
69,Latvia,fish_oil,1995,312.3333333333333,81.66666666666667,387,104,9019.1325,0.03463008591273421
69,Latvia,fish_oil,1996,279,74.5,179,53,9019.1325,0.030934238963669734
69,Latvia,fish_oil,1997,229.75,68.75,140,55,9019.1325,0.025473625096426956
69,Latvia,fish_oil,1998,190,61.5,54,34,9019.1325,0.02106632760966756
69,Latvia,fish_oil,1999,180,69.25,347,135,9019.1325,0.019957573524948216
69,Latvia,fish_oil,2000,234,100.25,395,177,9019.1325,0.02594484558243268
69,Latvia,fish_oil,2001,352.75,155.75,615,277,9019.1325,0.0391113003384749
69,Latvia,fish_oil,2002,511.75,226.25,690,316,9019.1325,0.05674049028551249
69,Latvia,fish_oil,2003,606.25,270,725,310,9019.1325,0.06721821638611031
69,Latvia,fish_oil,2004,618.75,267,445,165,9019.1325,0.06860415899200949
69,Latvia,fish_oil,2005,558,265.25,372,270,9019.1325,0.06186847792733947
69,Latvia,fish_oil,2006,469.75,227.25,337,164,9019.1325,0.05208372312969124
69,Latvia,fish_oil,2007,393.5,227,420,309,9019.1325,0.04362947323370624
69,Latvia,fish_oil,2008,373.75,277.75,366,368,9019.1325,0.04143968391638553
69,Latvia,fish_oil,2009,351.25,274.25,282,256,9019.1325,0.038944987225767
69,Latvia,fish_oil,2010,338.25,303,285,279,9019.1325,0.03750360691563186
69,Latvia,fish_oil,2011,426.5,441,773,861,9019.1325,0.047288361713280075
69,Latvia,fish_oil,2012,704.75,767.25,1479,1673,9019.1325,0.07813944412059586
69,Latvia,fish_oil,2013,1307.25,1614.25,2692,3644,9019.1325,0.1449418777249364
69,Latvia,fish_oil,2014,2242.5,2682.75,4026,4553,9019.1325,0.24863810349831317
69,Latvia,fish_oil,2015,3205.5,3596.5,4625,4516,9019.1325,0.35541112185678614
69,Latvia,fish_oil,2016,3960.5,4471.25,4499,5172,9019.1325,0.4391220552530967
69,Latvia,fish_oil,2017,4394,4814.75,4426,5018,9019.1325,0.4871865448256803
69,Latvia,fish_oil,2018,4346.25,4766.5,3835,4360,9019.1325,0.48189224407114545
69,Latvia,fish_oil,2019,4733.3150000000005,5235.45,6173.26,6391.8,9019.1325,0.5248082340513348
69,Latvia,fish_oil,2020,5772.415,6225.275,8655.4,9131.3,9019.1325,0.6400188709945219
69,Latvia,fish_oil,2021,7151.43,8002.2275,9942.06,12125.810000000001,9019.1325,0.7929177224084468
69,Latvia,fish_oil,2022,9019.1325,11068.925000000001,11305.810000000001,16626.79,9019.1325,1
69,Latvia,seaweeds,1994,3,18,3,18,148.025,0.020266846816416145
69,Latvia,seaweeds,1995,2.5,13,2,8,148.025,0.01688903901368012
69,Latvia,seaweeds,1996,2,14,1,16,148.025,0.013511231210944098
69,Latvia,seaweeds,1997,1.75,170.3026512328579,1,639.2106049314316,148.025,0.011822327309576084
69,Latvia,seaweeds,1998,1.25,167.5526512328579,1,7,148.025,0.00844451950684006
69,Latvia,seaweeds,1999,1.25,168.5526512328579,2,12,148.025,0.00844451950684006
69,Latvia,seaweeds,2000,2.5,169.8026512328579,6,21,148.025,0.01688903901368012
69,Latvia,seaweeds,2001,7,20,19,40,148.025,0.047289309238304336
69,Latvia,seaweeds,2002,27.5,30.5,83,49,148.025,0.18577942915048132
69,Latvia,seaweeds,2003,27.5,34,2,26,148.025,0.18577942915048132
69,Latvia,seaweeds,2004,29.838951086639867,36.75,15.355804346559466,32,148.025,0.20158048361182143
69,Latvia,seaweeds,2005,25.588951086639867,32.25,2,22,148.025,0.17286911728856522
69,Latvia,seaweeds,2006,5.088951086639867,26,1,24,148.025,0.03437899737638822
69,Latvia,seaweeds,2007,4.838951086639867,31.25,1,47,148.025,0.03269009347502021
69,Latvia,seaweeds,2008,2.75,63.75,7,162,148.025,0.018577942915048135
69,Latvia,seaweeds,2009,4,88.25,7,120,148.025,0.027022462421888195
69,Latvia,seaweeds,2010,14.5,140.75,43,234,148.025,0.0979564262793447
69,Latvia,seaweeds,2011,29.25,228.5,60,398,148.025,0.19760175646005743
69,Latvia,seaweeds,2012,44.25,314,67,504,148.025,0.29893599054213815
69,Latvia,seaweeds,2013,70.25,434,111,600,148.025,0.4745819962844114
69,Latvia,seaweeds,2014,84,715.75,98,1361,148.025,0.5674717108596521
69,Latvia,seaweeds,2015,99.75,1002.5,123,1545,148.025,0.6738726566458368
69,Latvia,seaweeds,2016,107.75,1054,99,710,148.025,0.7279175814896132
69,Latvia,seaweeds,2017,96.75,1003.25,67,397,148.025,0.6536058098294207
69,Latvia,seaweeds,2018,114.75,888.75,170,903,148.025,0.7752068907279176
69,Latvia,seaweeds,2019,109.7125,632.3925,102.85,519.57,148.025,0.7411754771153521
69,Latvia,seaweeds,2020,106.19,573.6125,84.91,474.88,148.025,0.7173788211450768
69,Latvia,seaweeds,2021,118.0125,599.065,114.29,498.81000000000006,148.025,0.7972470866407702
69,Latvia,seaweeds,2022,148.025,531.735,290.05,633.68,148.025,1
70,Estonia,fish_oil,1992,29,2,29,2,2549.87,0.011373128826175452
70,Estonia,fish_oil,1993,36,6.5,43,11,2549.87,0.014118366818700562
70,Estonia,fish_oil,1994,31.333333333333332,5.666666666666667,22,4,2549.87,0.012288208157017155
70,Estonia,fish_oil,1995,31.5,8,32,15,2549.87,0.01235357096636299
70,Estonia,fish_oil,1996,122.59602453281695,9.75,393.3840981312678,9,2549.87,0.04807932346857564
70,Estonia,fish_oil,1997,113.84602453281695,7.75,8,3,2549.87,0.04464777597791925
70,Estonia,fish_oil,1998,110.09602453281695,7.25,7,2,2549.87,0.04317711276763794
70,Estonia,fish_oil,1999,102.09602453281695,4,0,2,2549.87,0.04003969791903782
70,Estonia,fish_oil,2000,17,5.5,53,15,2549.87,0.0066670065532752655
70,Estonia,fish_oil,2001,23.5,7.75,34,12,2549.87,0.009216156117762867
70,Estonia,fish_oil,2002,26.25,13.25,18,24,2549.87,0.01029464247196916
70,Estonia,fish_oil,2003,30.25,17,16,17,2549.87,0.011863349896269222
70,Estonia,fish_oil,2004,971.1207346876035,14,3816.482938750414,3,2549.87,0.3808510765990437
70,Estonia,fish_oil,2005,962.6207346876035,16.25,0,21,2549.87,0.3775175733224061
70,Estonia,fish_oil,2006,958.1207346876035,20,0,39,2549.87,0.3757527774700685
70,Estonia,fish_oil,2007,954.8707346876035,58.25,3,170,2549.87,0.3744782026878247
70,Estonia,fish_oil,2008,2.75,76.75,8,77,2549.87,0.001078486354206293
70,Estonia,fish_oil,2009,3.5,80,3,34,2549.87,0.0013726189962625546
70,Estonia,fish_oil,2010,4,81.25,2,44,2549.87,0.0015687074243000624
70,Estonia,fish_oil,2011,3.5,47.25,1,34,2549.87,0.0013726189962625546
70,Estonia,fish_oil,2012,1.75,36,1,32,2549.87,6.863094981312773e-4
70,Estonia,fish_oil,2013,1.25,38.5,1,44,2549.87,4.902210700937695e-4
70,Estonia,fish_oil,2014,1,35.25,1,31,2549.87,3.921768560750156e-4
70,Estonia,fish_oil,2015,1.25,36.5,2,39,2549.87,4.902210700937695e-4
70,Estonia,fish_oil,2016,1.5,39.5,2,44,2549.87,5.882652841125234e-4
70,Estonia,fish_oil,2017,1.5,42,1,54,2549.87,5.882652841125234e-4
70,Estonia,fish_oil,2018,4,83.75,11,198,2549.87,0.0015687074243000624
70,Estonia,fish_oil,2019,512.54,844.9,2036.16,3083.6,2549.87,0.20100632581268849
70,Estonia,fish_oil,2020,1136.99,1796.03,2499.7999999999997,3848.52,2549.87,0.445901163588732
70,Estonia,fish_oil,2021,1796.0475,2927.5575,2637.23,4580.110000000001,2549.87,0.7043682619113916
70,Estonia,fish_oil,2022,2549.87,4981.835,3026.29,8415.109999999999,2549.87,1
70,Estonia,seaweeds,1998,191,637,191,637,238.25,0.8016789087093389
70,Estonia,seaweeds,1999,180,608,169,579,238.25,0.7555089192025184
70,Estonia,seaweeds,2000,176.66666666666666,640.6666666666666,170,706,238.25,0.7415180132913606
70,Estonia,seaweeds,2001,196.75,770.5,257,1160,238.25,0.825813221406086
70,Estonia,seaweeds,2002,199.5,802,202,763,238.25,0.8373557187827911
70,Estonia,seaweeds,2003,200.5,777.75,173,482,238.25,0.8415529905561385
70,Estonia,seaweeds,2004,238.25,641.5,321,161,238.25,1
70,Estonia,seaweeds,2005,207.5,461.5,134,440,238.25,0.8709338929695698
70,Estonia,seaweeds,2006,192.5,416,142,581,238.25,0.8079748163693599
70,Estonia,seaweeds,2007,224.75,474.25,302,715,238.25,0.9433368310598111
70,Estonia,seaweeds,2008,204,581.5,238,590,238.25,0.8562434417628542
70,Estonia,seaweeds,2009,175.5,483.5,20,48,238.25,0.7366211962224554
70,Estonia,seaweeds,2010,163,421.75,92,334,238.25,0.6841552990556139
70,Estonia,seaweeds,2011,89.75,284.75,9,167,238.25,0.37670514165792235
70,Estonia,seaweeds,2012,31.5,164.25,5,108,238.25,0.1322140608604407
70,Estonia,seaweeds,2013,29.25,166.75,11,58,238.25,0.12277019937040923
70,Estonia,seaweeds,2014,6.5,93.5,1,41,238.25,0.02728226652675761
70,Estonia,seaweeds,2015,4.25,57.25,0,22,238.25,0.017838405036726127
70,Estonia,seaweeds,2016,3.5,42.5,2,49,238.25,0.014690451206715634
70,Estonia,seaweeds,2017,1.5,41.75,3,55,238.25,0.0062959076600209865
70,Estonia,seaweeds,2018,1.75,48,2,66,238.25,0.007345225603357817
70,Estonia,seaweeds,2019,1.8475,46.0725,0.39,14.29,238.25,0.007754459601259181
70,Estonia,seaweeds,2020,1.625,43.8025,1.1099999999999999,39.92,238.25,0.006820566631689402
70,Estonia,seaweeds,2021,1.685,38.925,3.24,35.49,238.25,0.007072402938090242
70,Estonia,seaweeds,2022,1.4125,29.1075,0.9099999999999999,26.73,238.25,0.005928646379853096
71,Bulgaria,fish_oil,1995,40,28,40,28,40,1
71,Bulgaria,fish_oil,1996,20,14,0,0,40,0.5
71,Bulgaria,fish_oil,1997,13.333333333333334,9.333333333333334,0,0,40,0.33333333333333337
71,Bulgaria,fish_oil,1998,10,7,0,0,40,0.25
71,Bulgaria,fish_oil,1999,0,0,0,0,40,0
71,Bulgaria,fish_oil,2000,0,0,0,0,40,0
71,Bulgaria,fish_oil,2001,0,0,0,0,40,0
71,Bulgaria,fish_oil,2002,0,0,0,0,40,0
71,Bulgaria,fish_oil,2003,0,0,0,0,40,0
71,Bulgaria,fish_oil,2004,0,0,0,0,40,0
71,Bulgaria,fish_oil,2005,0,0,0,0,40,0
71,Bulgaria,fish_oil,2006,0,0,0,0,40,0
71,Bulgaria,fish_oil,2007,0,0,0,0,40,0
71,Bulgaria,fish_oil,2008,0,0,0,0,40,0
71,Bulgaria,fish_oil,2009,0,0,0,0,40,0
71,Bulgaria,fish_oil,2010,0,0,0,0,40,0
71,Bulgaria,fish_oil,2011,0,0,0,0,40,0
71,Bulgaria,fish_oil,2012,0,0,0,0,40,0
71,Bulgaria,fish_oil,2013,0,0,0,0,40,0
71,Bulgaria,fish_oil,2014,0,0,0,0,40,0
71,Bulgaria,fish_oil,2015,0,0,0,0,40,0
71,Bulgaria,fish_oil,2016,0,0,0,0,40,0
71,Bulgaria,fish_oil,2017,0,0,0,0,40,0
71,Bulgaria,fish_oil,2018,0,0,0,0,40,0
71,Bulgaria,fish_oil,2019,0.16,3.195,0.64,12.78,40,0.004
71,Bulgaria,fish_oil,2020,0.16,3.195,0,0,40,0.004
71,Bulgaria,fish_oil,2021,0.485,10.025,1.3,27.32,40,0.012125
71,Bulgaria,fish_oil,2022,0.485,10.0325,0,0.03,40,0.012125
71,Bulgaria,ornamentals,1999,0,1,0,1,285.0175,0
71,Bulgaria,ornamentals,2000,0,2.5,0,4,285.0175,0
71,Bulgaria,ornamentals,2001,0,2.6666666666666665,0,3,285.0175,0
71,Bulgaria,ornamentals,2002,0,3,0,4,285.0175,0
71,Bulgaria,ornamentals,2003,0,3,0,1,285.0175,0
71,Bulgaria,ornamentals,2004,2.75,7,11,20,285.0175,0.009648530353399354
71,Bulgaria,ornamentals,2005,4.25,9.5,6,13,285.0175,0.014911365091617182
71,Bulgaria,ornamentals,2006,4.25,8.5,0,0,285.0175,0.014911365091617182
71,Bulgaria,ornamentals,2007,4.25,8.25,0,0,285.0175,0.014911365091617182
71,Bulgaria,ornamentals,2008,2.5,7.75,4,18,285.0175,0.008771391230363048
71,Bulgaria,ornamentals,2009,1,4.5,0,0,285.0175,0.0035085564921452195
71,Bulgaria,ornamentals,2010,1,4.5,0,0,285.0175,0.0035085564921452195
71,Bulgaria,ornamentals,2011,1,4.5,0,0,285.0175,0.0035085564921452195
71,Bulgaria,ornamentals,2012,0,0,0,0,285.0175,0
71,Bulgaria,ornamentals,2013,0,0,0,0,285.0175,0
71,Bulgaria,ornamentals,2014,0,0,0,0,285.0175,0
71,Bulgaria,ornamentals,2015,0,0,0,0,285.0175,0
71,Bulgaria,ornamentals,2016,0,0,0,0,285.0175,0
71,Bulgaria,ornamentals,2017,6.25,15.5,25,62,285.0175,0.02192847807590762
71,Bulgaria,ornamentals,2018,35.75,81.25,118,263,285.0175,0.1254308945941916
71,Bulgaria,ornamentals,2019,85.065,189.3225,197.26,432.29,285.0175,0.2984553580043331
71,Bulgaria,ornamentals,2020,188.735,379.855,414.68,762.13,285.0175,0.662187409545028
71,Bulgaria,ornamentals,2021,269.7725,529.8475,349.15,661.97,285.0175,0.9465120562772461
71,Bulgaria,ornamentals,2022,285.0175,550.8175,178.98,346.88,285.0175,1
71,Bulgaria,seaweeds,1997,6,86,6,86,58.917500000000004,0.10183731488946407
71,Bulgaria,seaweeds,1998,3,43,0,0,58.917500000000004,0.050918657444732035
71,Bulgaria,seaweeds,1999,2.6666666666666665,38.666666666666664,2,30,58.917500000000004,0.04526102883976181
71,Bulgaria,seaweeds,2000,2,29,0,0,58.917500000000004,0.03394577162982136
71,Bulgaria,seaweeds,2001,0.5,7.5,0,0,58.917500000000004,0.00848644290745534
71,Bulgaria,seaweeds,2002,0.5,7.5,0,0,58.917500000000004,0.00848644290745534
71,Bulgaria,seaweeds,2003,0,0.25,0,1,58.917500000000004,0
71,Bulgaria,seaweeds,2004,0,1.75,0,6,58.917500000000004,0
71,Bulgaria,seaweeds,2005,0,1.75,0,0,58.917500000000004,0
71,Bulgaria,seaweeds,2006,0,1.75,0,0,58.917500000000004,0
71,Bulgaria,seaweeds,2007,5.189074255143396,1.75,20.756297020573584,1,58.917500000000004,0.08807356481764154
71,Bulgaria,seaweeds,2008,5.189074255143396,0.25,0,0,58.917500000000004,0.08807356481764154
71,Bulgaria,seaweeds,2009,6.439074255143396,50,5,199,58.917500000000004,0.10928967208627989
71,Bulgaria,seaweeds,2010,8.439074255143396,195,8,580,58.917500000000004,0.14323544371610125
71,Bulgaria,seaweeds,2011,4.5,306,5,445,58.917500000000004,0.07637798616709805
71,Bulgaria,seaweeds,2012,5,373.75,2,271,58.917500000000004,0.0848644290745534
71,Bulgaria,seaweeds,2013,4.25,421.5,2,390,58.917500000000004,0.07213476471337038
71,Bulgaria,seaweeds,2014,3.25,381.25,4,419,58.917500000000004,0.05516187889845971
71,Bulgaria,seaweeds,2015,3.5,316.5,6,186,58.917500000000004,0.05940510035218738
71,Bulgaria,seaweeds,2016,5,281.5,8,131,58.917500000000004,0.0848644290745534
71,Bulgaria,seaweeds,2017,5.75,210,5,104,58.917500000000004,0.0975940934357364
71,Bulgaria,seaweeds,2018,6.5,129,7,95,58.917500000000004,0.11032375779691941
71,Bulgaria,seaweeds,2019,13.4375,138.9925,33.75,225.96999999999997,58.917500000000004,0.22807315313786225
71,Bulgaria,seaweeds,2020,24.6625,186.76,52.9,322.07,58.917500000000004,0.41859379641023464
71,Bulgaria,seaweeds,2021,39.435,314.41499999999996,64.09,614.62,58.917500000000004,0.6693257521110026
71,Bulgaria,seaweeds,2022,58.917500000000004,398.7075,84.93,432.17,58.917500000000004,1
72,Romania,fish_oil,2004,328,2595,328,2595,834.6666666666666,0.3929712460063898
72,Romania,fish_oil,2005,427.5,3154,527,3713,834.6666666666666,0.5121805111821086
72,Romania,fish_oil,2006,834.6666666666666,5961,1649,11575,834.6666666666666,1
72,Romania,fish_oil,2007,637.25,4549.5,45,315,834.6666666666666,0.7634784345047924
72,Romania,fish_oil,2008,561.25,3932.75,24,128,834.6666666666666,0.6724241214057508
72,Romania,fish_oil,2009,430,3016,2,46,834.6666666666666,0.5151757188498403
72,Romania,fish_oil,2010,57,512,157,1559,834.6666666666666,0.06829073482428115
72,Romania,fish_oil,2011,156.25,1589.5,442,4625,834.6666666666666,0.18720047923322686
72,Romania,fish_oil,2012,160.25,1641.5,40,336,834.6666666666666,0.19199281150159744
72,Romania,fish_oil,2013,174,1718.5,57,354,834.6666666666666,0.20846645367412142
72,Romania,fish_oil,2014,144.25,1352.5,38,95,834.6666666666666,0.17282348242811502
72,Romania,fish_oil,2015,53,245,77,195,834.6666666666666,0.06349840255591055
72,Romania,fish_oil,2016,60.75,200,71,156,834.6666666666666,0.07278354632587859
72,Romania,fish_oil,2017,62.25,133.5,63,88,834.6666666666666,0.07458067092651757
72,Romania,fish_oil,2018,70,151.5,69,167,834.6666666666666,0.08386581469648563
72,Romania,fish_oil,2019,77.065,175.11,105.26,289.44,834.6666666666666,0.09233027156549521
72,Romania,fish_oil,2020,78.825,230.88,78.03999999999999,379.08,834.6666666666666,0.09443889776357828
72,Romania,fish_oil,2021,80.82,277.88,70.97999999999999,276,834.6666666666666,0.09682907348242811
72,Romania,fish_oil,2022,77.1225,304.475,54.209999999999994,273.38,834.6666666666666,0.09239916134185304
72,Romania,seaweeds,1996,0,7,0,7,331,0
72,Romania,seaweeds,1997,0,3.5,0,0,331,0
72,Romania,seaweeds,1998,0,2.3333333333333335,0,0,331,0
72,Romania,seaweeds,1999,0,3,0,5,331,0
72,Romania,seaweeds,2000,0,3.75,0,10,331,0
72,Romania,seaweeds,2001,0,8.75,0,20,331,0
72,Romania,seaweeds,2002,1,21,4,49,331,0.0030211480362537764
72,Romania,seaweeds,2003,1,30.5,0,43,331,0.0030211480362537764
72,Romania,seaweeds,2004,1.5,35.25,2,29,331,0.004531722054380665
72,Romania,seaweeds,2005,2.25,39.5,3,37,331,0.006797583081570997
72,Romania,seaweeds,2006,1.25,28.25,0,4,331,0.0037764350453172208
72,Romania,seaweeds,2007,1.5,19.25,1,7,331,0.004531722054380665
72,Romania,seaweeds,2008,1.25,14.5,1,10,331,0.0037764350453172208
72,Romania,seaweeds,2009,4.5,19.75,16,58,331,0.013595166163141994
72,Romania,seaweeds,2010,62,52,230,133,331,0.18731117824773413
72,Romania,seaweeds,2011,331,115.75,1077,262,331,1
72,Romania,seaweeds,2012,330.75,114.75,0,6,331,0.9992447129909365
72,Romania,seaweeds,2013,327.5,107.75,3,30,331,0.9894259818731118
72,Romania,seaweeds,2014,271,81.25,4,27,331,0.8187311178247734
72,Romania,seaweeds,2015,1.75,17.75,0,8,331,0.005287009063444109
72,Romania,seaweeds,2016,3.25,27.75,6,46,331,0.009818731117824773
72,Romania,seaweeds,2017,4.5,34.25,8,56,331,0.013595166163141994
72,Romania,seaweeds,2018,3.5,36.5,0,36,331,0.010574018126888218
72,Romania,seaweeds,2019,3.585,36.4525,0.33999999999999997,7.8100000000000005,331,0.010830815709969788
72,Romania,seaweeds,2020,2.1375,27.16,0.21000000000000002,8.83,331,0.006457703927492448
72,Romania,seaweeds,2021,0.315,20.645,0.71,29.939999999999998,331,9.516616314199396e-4
72,Romania,seaweeds,2022,0.5175,16.009999999999998,0.81,17.46,331,0.0015634441087613291
73,Russia,fish_oil,1976,100,89,100,89,35590.5,0.0028097385538275663
73,Russia,fish_oil,1977,119,80,138,71,35590.5,0.003343588879054804
73,Russia,fish_oil,1978,151.33333333333334,102.66666666666667,216,148,35590.5,0.00425207101145905
73,Russia,fish_oil,1979,196,144.75,330,271,35590.5,0.00550708756550203
73,Russia,fish_oil,1980,206,152.75,140,121,35590.5,0.005788061420884787
73,Russia,fish_oil,1981,241.5,201.5,280,266,35590.5,0.006785518607493573
73,Russia,fish_oil,1982,207.5,183.75,80,77,35590.5,0.0058302074991922
73,Russia,fish_oil,1983,185.25,197.5,241,326,35590.5,0.005205040670965566
73,Russia,fish_oil,1984,150.25,167.25,0,0,35590.5,0.0042216321771259184
73,Russia,fish_oil,1985,120.5,155.75,161,220,35590.5,0.0033857349573622173
73,Russia,fish_oil,1986,120.5,176.25,80,159,35590.5,0.0033857349573622173
73,Russia,fish_oil,1987,80.25,139,80,177,35590.5,0.002254815189446622
73,Russia,fish_oil,1988,7740.5,3083.75,30641,11779,35590.5,0.21748781275902276
73,Russia,fish_oil,1989,17018.25,4425.75,37272,5588,35590.5,0.4781683314367598
73,Russia,fish_oil,1990,28411.5,6427.5,45653,8166,35590.5,0.7982888692207191
73,Russia,fish_oil,1991,35590.5,8010.5,28796,6509,35590.5,1
73,Russia,fish_oil,1992,28887.25,5222.75,3828,628,35590.5,0.8116562003905536
73,Russia,fish_oil,1993,20695,4214.5,4503,1555,35590.5,0.5814753937146149
73,Russia,fish_oil,1994,9561,2407,1117,936,35590.5,0.2686391031314536
73,Russia,fish_oil,1995,2659,964.5,1188,739,35590.5,0.07471094814627499
73,Russia,fish_oil,1996,2269.75,1151.25,2271,1375,35590.5,0.06377404082550119
73,Russia,fish_oil,1997,1539,970.5,1580,832,35590.5,0.043241876343406246
73,Russia,fish_oil,1998,1530.5,839.5,1083,412,35590.5,0.0430030485663309
73,Russia,fish_oil,1999,1567.5,741.5,1336,347,35590.5,0.0440426518312471
73,Russia,fish_oil,2000,1352.25,610,1410,849,35590.5,0.03799468959413327
73,Russia,fish_oil,2001,1082.5,480.25,501,313,35590.5,0.030415419845183405
73,Russia,fish_oil,2002,872.5,466.25,243,356,35590.5,0.024514968882145518
73,Russia,fish_oil,2003,604.5,450.5,264,284,35590.5,0.01698486955788764
73,Russia,fish_oil,2004,321.5,329.5,278,365,35590.5,0.009033309450555626
73,Russia,fish_oil,2005,253,283.75,227,130,35590.5,0.007108638541183743
73,Russia,fish_oil,2006,251.25,230.75,236,144,35590.5,0.007059468116491761
73,Russia,fish_oil,2007,207.75,193.5,90,135,35590.5,0.005837231845576769
73,Russia,fish_oil,2008,176.25,147,152,179,35590.5,0.004952164201121085
73,Russia,fish_oil,2009,166.25,154.75,187,161,35590.5,0.004671190345738329
73,Russia,fish_oil,2010,136.25,152,116,133,35590.5,0.0038282687795900593
73,Russia,fish_oil,2011,153,159.75,157,166,35590.5,0.004298899987356176
73,Russia,fish_oil,2012,155.5,147,162,128,35590.5,0.004369143451201866
73,Russia,fish_oil,2013,137.5,138,115,125,35590.5,0.0038633905115129036
73,Russia,fish_oil,2014,110.75,119.75,9,60,35590.5,0.0031117854483640297
73,Russia,fish_oil,2015,87.5,92.25,64,56,35590.5,0.0024585212345991205
73,Russia,fish_oil,2016,137.5,145.25,362,340,35590.5,0.0038633905115129036
73,Russia,fish_oil,2017,150,160.75,165,187,35590.5,0.004214607830741349
73,Russia,fish_oil,2018,192.75,200.75,180,220,35590.5,0.005415771062502634
73,Russia,fish_oil,2019,254.75,352,312,661,35590.5,0.007157808965875726
73,Russia,fish_oil,2020,955.5,1202.5,3165,3742,35590.5,0.026847051881822397
73,Russia,fish_oil,2021,1873.25,2712.75,3836,6228,35590.5,0.05263342745957489
73,Russia,fish_oil,2022,2937.0975,4649.842500000001,4435.39,7968.370000000001,35590.5,0.0825247608210056
73,Russia,seaweeds,1998,38,57,38,57,677.5,0.05608856088560885
73,Russia,seaweeds,1999,21.5,36,5,15,677.5,0.03173431734317343
73,Russia,seaweeds,2000,89.66666666666667,267.3333333333333,226,730,677.5,0.13234932349323494
73,Russia,seaweeds,2001,114,275.5,187,300,677.5,0.16826568265682657
73,Russia,seaweeds,2002,171.25,310,267,195,677.5,0.25276752767527677
73,Russia,seaweeds,2003,256,410.75,344,418,677.5,0.37785977859778597
73,Russia,seaweeds,2004,248,315.75,194,350,677.5,0.36605166051660515
73,Russia,seaweeds,2005,225.5,300,97,237,677.5,0.3328413284132841
73,Russia,seaweeds,2006,170.25,300,46,195,677.5,0.25129151291512913
73,Russia,seaweeds,2007,103.25,344.25,76,595,677.5,0.15239852398523984
73,Russia,seaweeds,2008,67.5,326,51,277,677.5,0.0996309963099631
73,Russia,seaweeds,2009,53.25,331.75,40,260,677.5,0.07859778597785978
73,Russia,seaweeds,2010,61.5,390,79,428,677.5,0.0907749077490775
73,Russia,seaweeds,2011,70.75,459,113,871,677.5,0.1044280442804428
73,Russia,seaweeds,2012,98.75,840,163,1801,677.5,0.14575645756457564
73,Russia,seaweeds,2013,145.25,1390.75,226,2463,677.5,0.21439114391143912
73,Russia,seaweeds,2014,183.5,1937,232,2613,677.5,0.27084870848708487
73,Russia,seaweeds,2015,389.25,2328,936,2435,677.5,0.5745387453874539
73,Russia,seaweeds,2016,651,2465.25,1210,2350,677.5,0.9608856088560885
73,Russia,seaweeds,2017,639.5,2315.75,180,1865,677.5,0.9439114391143911
73,Russia,seaweeds,2018,677.5,2395.5,384,2932,677.5,1
73,Russia,seaweeds,2019,560.5,2537.75,468,3004,677.5,0.8273062730627306
73,Russia,seaweeds,2020,398,2887.75,560,3750,677.5,0.5874538745387454
73,Russia,seaweeds,2021,551.25,3759.5,793,5352,677.5,0.8136531365313653
73,Russia,seaweeds,2022,645.2775,3871.375,760.11,3379.5,677.5,0.9524391143911439
74,Georgia,fish_oil,2004,55,11,55,11,5816.6975,0.009455537270074643
74,Georgia,fish_oil,2005,219,82,383,153,5816.6975,0.03765023022084267
74,Georgia,fish_oil,2006,146,54.666666666666664,0,0,5816.6975,0.025100153480561778
74,Georgia,fish_oil,2007,219.25,116,439,300,5816.6975,0.03769320993570664
74,Georgia,fish_oil,2008,373.25,230.75,671,470,5816.6975,0.06416871429191565
74,Georgia,fish_oil,2009,277.5,192.5,0,0,5816.6975,0.04770748349901297
74,Georgia,fish_oil,2010,675.75,473.75,1593,1125,5816.6975,0.11617416927732617
74,Georgia,fish_oil,2011,858.5,666.25,1170,1070,5816.6975,0.14759234084289238
74,Georgia,fish_oil,2012,737.25,610,186,245,5816.6975,0.12674717913386419
74,Georgia,fish_oil,2013,1561.25,2121.75,3296,6047,5816.6975,0.26840831932552794
74,Georgia,fish_oil,2014,2177.5,3368.75,4058,6113,5816.6975,0.3743533164652279
74,Georgia,fish_oil,2015,2772.5,4420,3550,5275,5816.6975,0.4766450378414899
74,Georgia,fish_oil,2016,3700.5,5844.75,3898,5944,5816.6975,0.6361857394165675
74,Georgia,fish_oil,2017,3939,6183.25,4250,7401,5816.6975,0.6771883873968003
74,Georgia,fish_oil,2018,4221.5,7109,5188,9816,5816.6975,0.7257554651930928
74,Georgia,fish_oil,2019,4105.6325,7059.52,3086.53,5077.08,5816.6975,0.705835656745086
74,Georgia,fish_oil,2020,5527.945,9861.25,9587.25,17150.92,5816.6975,0.9503579995349594
74,Georgia,fish_oil,2021,5816.6975,10468.7125,5405.01,9830.85,5816.6975,1
74,Georgia,fish_oil,2022,5649.27,10896.342499999999,4518.29,11526.52,5816.6975,0.9712160551584469
75,Ukraine,fish_oil,1994,16,7,16,7,273.75,0.058447488584474884
75,Ukraine,fish_oil,1995,38,15.5,60,24,273.75,0.13881278538812786
75,Ukraine,fish_oil,1996,78,42,158,95,273.75,0.28493150684931506
75,Ukraine,fish_oil,1997,99.75,49.5,165,72,273.75,0.3643835616438356
75,Ukraine,fish_oil,1998,176,79.75,321,128,273.75,0.6429223744292237
75,Ukraine,fish_oil,1999,253.5,120,370,185,273.75,0.9260273972602739
75,Ukraine,fish_oil,2000,261.5,117,190,83,273.75,0.9552511415525115
75,Ukraine,fish_oil,2001,273.75,116,214,68,273.75,1
75,Ukraine,fish_oil,2002,196.25,85.5,11,6,273.75,0.7168949771689498
75,Ukraine,fish_oil,2003,103.75,39.25,0,0,273.75,0.3789954337899543
75,Ukraine,fish_oil,2004,56.25,18.5,0,0,273.75,0.2054794520547945
75,Ukraine,fish_oil,2005,3,2.25,1,3,273.75,0.010958904109589041
75,Ukraine,fish_oil,2006,0.5,1.25,1,2,273.75,0.0018264840182648401
75,Ukraine,fish_oil,2007,0.5,1.25,0,0,273.75,0.0018264840182648401
75,Ukraine,fish_oil,2008,0.5,1.25,0,0,273.75,0.0018264840182648401
75,Ukraine,fish_oil,2009,0.25,0.5,0,0,273.75,9.132420091324201e-4
75,Ukraine,fish_oil,2010,0,0,0,0,273.75,0
75,Ukraine,fish_oil,2011,0.5,0.75,2,3,273.75,0.0018264840182648401
75,Ukraine,fish_oil,2012,0.5,2.25,0,6,273.75,0.0018264840182648401
75,Ukraine,fish_oil,2013,2.25,8,7,23,273.75,0.00821917808219178
75,Ukraine,fish_oil,2014,2.25,8,0,0,273.75,0.00821917808219178
75,Ukraine,fish_oil,2015,1.75,7.75,0,2,273.75,0.006392694063926941
75,Ukraine,fish_oil,2016,1.75,6.25,0,0,273.75,0.006392694063926941
75,Ukraine,fish_oil,2017,0,0.5,0,0,273.75,0
75,Ukraine,fish_oil,2018,0,0.5,0,0,273.75,0
75,Ukraine,fish_oil,2019,0.99,2.4924999999999997,3.96,9.969999999999999,273.75,0.0036164383561643836
75,Ukraine,fish_oil,2020,1.0125,2.675,0.09,0.73,273.75,0.0036986301369863013
75,Ukraine,fish_oil,2021,1.135,3.1474999999999995,0.49,1.89,273.75,0.0041461187214611875
75,Ukraine,fish_oil,2022,1.515,4.965,1.52,7.27,273.75,0.005534246575342465
75,Ukraine,seaweeds,2002,2,37,2,37,37.7275,0.05301172884500696
75,Ukraine,seaweeds,2003,3.5,30,5,23,37.7275,0.09277052547876218
75,Ukraine,seaweeds,2004,9.666666666666666,34,22,42,37.7275,0.25622335608420027
75,Ukraine,seaweeds,2005,9,33.75,7,33,37.7275,0.2385527798025313
75,Ukraine,seaweeds,2006,9.75,34,5,38,37.7275,0.25843217811940894
75,Ukraine,seaweeds,2007,13.75,42,21,55,37.7275,0.36445563580942286
75,Ukraine,seaweeds,2008,11.75,58.25,14,107,37.7275,0.3114439069644159
75,Ukraine,seaweeds,2009,11.75,56,7,24,37.7275,0.3114439069644159
75,Ukraine,seaweeds,2010,11.5,52.75,4,25,37.7275,0.30481744085879003
75,Ukraine,seaweeds,2011,6.75,43.75,2,19,37.7275,0.17891458485189848
75,Ukraine,seaweeds,2012,3.5,21.5,1,18,37.7275,0.09277052547876218
75,Ukraine,seaweeds,2013,3.5,22.25,7,27,37.7275,0.09277052547876218
75,Ukraine,seaweeds,2014,3.5,32.75,4,67,37.7275,0.09277052547876218
75,Ukraine,seaweeds,2015,5.25,39.5,9,46,37.7275,0.13915578821814326
75,Ukraine,seaweeds,2016,10.5,74.75,22,159,37.7275,0.2783115764362865
75,Ukraine,seaweeds,2017,14,102.5,21,138,37.7275,0.3710821019150487
75,Ukraine,seaweeds,2018,20.5,124.5,30,155,37.7275,0.5433702206613213
75,Ukraine,seaweeds,2019,28.2275,161.8125,39.91,195.25,37.7275,0.7481942879862169
75,Ukraine,seaweeds,2020,33.4375,178.625,42.84,226.25,37.7275,0.88628984162746
75,Ukraine,seaweeds,2021,37.7275,226.58249999999998,38.16,329.83,37.7275,1
75,Ukraine,seaweeds,2022,35.4075,215.9975,20.72,112.66,37.7275,0.9385063945397919
76,Turkey,fish_oil,1976,30,21,30,21,11122.5375,0.0026972262399654755
76,Turkey,fish_oil,1977,637.5,267.5,1245,514,11122.5375,0.057316057599266355
76,Turkey,fish_oil,1978,435,182.33333333333334,30,12,11122.5375,0.039109780479499395
76,Turkey,fish_oil,1979,326.25,136.75,0,0,11122.5375,0.029332335359624546
76,Turkey,fish_oil,1980,318.75,131.5,0,0,11122.5375,0.028658028799633178
76,Turkey,fish_oil,1981,7.5,3,0,0,11122.5375,6.743065599913689e-4
76,Turkey,fish_oil,1982,233.5,59.5,934,238,11122.5375,0.020993410901064616
76,Turkey,fish_oil,1983,819.25,229.75,2343,681,11122.5375,0.07365675323639052
76,Turkey,fish_oil,1984,2086.25,657.75,5068,1712,11122.5375,0.18756960810426576
76,Turkey,fish_oil,1985,3740.75,1053.75,6618,1584,11122.5375,0.3363216352383617
76,Turkey,fish_oil,1986,4636.5,1314.25,4517,1280,11122.5375,0.41685631538666423
76,Turkey,fish_oil,1987,5952.5,1449.5,7607,1222,11122.5375,0.5351746397798164
76,Turkey,fish_oil,1988,7887,1952.5,12806,3724,11122.5375,0.7091007784869234
76,Turkey,fish_oil,1989,7219.25,1915.75,3947,1437,11122.5375,0.6490650177623586
76,Turkey,fish_oil,1990,6600.25,1844.75,2041,996,11122.5375,0.5934122496777376
76,Turkey,fish_oil,1991,4726.5,1582.5,112,173,11122.5375,0.42494799410656064
76,Turkey,fish_oil,1992,1525,651.5,0,0,11122.5375,0.13710900053157835
76,Turkey,fish_oil,1993,538.25,292.25,0,0,11122.5375,0.04839273412204724
76,Turkey,fish_oil,1994,538.25,185.25,2041,568,11122.5375,0.04839273412204724
76,Turkey,fish_oil,1995,2188.75,674.75,6714,2131,11122.5375,0.19678513109081447
76,Turkey,fish_oil,1996,2198.75,680.75,40,24,11122.5375,0.1976842065041363
76,Turkey,fish_oil,1997,2198.75,680.75,0,0,11122.5375,0.1976842065041363
76,Turkey,fish_oil,1998,1688.5,538.75,0,0,11122.5375,0.15180888353939018
76,Turkey,fish_oil,1999,10,6.25,0,1,11122.5375,8.990754133218252e-4
76,Turkey,fish_oil,2000,901,387.5,3604,1549,11122.5375,0.08100669474029644
76,Turkey,fish_oil,2001,1276,477.25,1500,359,11122.5375,0.11472202273986488
76,Turkey,fish_oil,2002,2915.5,1171.75,6558,2778,11122.5375,0.2621254367539781
76,Turkey,fish_oil,2003,5769.25,2315.75,11415,4577,11122.5375,0.518699082830694
76,Turkey,fish_oil,2004,5096.75,2053.5,914,500,11122.5375,0.4582362612848012
76,Turkey,fish_oil,2005,4721.75,1963.75,0,0,11122.5375,0.42452093328523277
76,Turkey,fish_oil,2006,3082.25,1269.5,0,1,11122.5375,0.27711751927111955
76,Turkey,fish_oil,2007,228.5,126,0,3,11122.5375,0.020543873194403706
76,Turkey,fish_oil,2008,3302.25,6619.25,13209,26473,11122.5375,0.2968971783641997
76,Turkey,fish_oil,2009,3317.5,7304.75,61,2742,11122.5375,0.2982682683695155
76,Turkey,fish_oil,2010,5762,10594.5,9778,13160,11122.5375,0.5180472531560356
76,Turkey,fish_oil,2011,7263,12769.25,6004,8702,11122.5375,0.6529984726956416
76,Turkey,fish_oil,2012,4870.5,7589,3639,5752,11122.5375,0.43789468005839494
76,Turkey,fish_oil,2013,6111.5,9740.75,5025,11349,11122.5375,0.5494699388516334
76,Turkey,fish_oil,2014,6724.5,12440,12230,23957,11122.5375,0.6045832616882613
76,Turkey,fish_oil,2015,6835.5,13345.5,6448,12324,11122.5375,0.6145629987761336
76,Turkey,fish_oil,2016,8409.75,16460.75,9936,18213,11122.5375,0.7560999457183218
76,Turkey,fish_oil,2017,8047.75,15581.75,3577,7833,11122.5375,0.7235534157560718
76,Turkey,fish_oil,2018,7549.75,15113.25,10238,22083,11122.5375,0.6787794601726449
76,Turkey,fish_oil,2019,7761.96,15299.192500000001,7296.84,13067.77,11122.5375,0.6978587395187474
76,Turkey,fish_oil,2020,9520.0525,18861.864999999998,16968.37,32463.69,11122.5375,0.8559245136282975
76,Turkey,fish_oil,2021,10350.029999999999,20724.925,6896.91,15285.240000000002,11122.5375,0.9305457500143289
76,Turkey,fish_oil,2022,11122.5375,25112.96,13328.03,39635.14,11122.5375,1
76,Turkey,ornamentals,2004,1,7,1,7,3.5,0.2857142857142857
76,Turkey,ornamentals,2005,0.5,5.5,0,4,3.5,0.14285714285714285
76,Turkey,ornamentals,2006,0.3333333333333333,4,0,1,3.5,0.09523809523809523
76,Turkey,ornamentals,2007,0.25,3,0,0,3.5,0.07142857142857142
76,Turkey,ornamentals,2008,0,1.25,0,0,3.5,0
76,Turkey,ornamentals,2009,0,0.25,0,0,3.5,0
76,Turkey,ornamentals,2010,0.25,18.5,1,74,3.5,0.07142857142857142
76,Turkey,ornamentals,2011,0.25,21.75,0,13,3.5,0.07142857142857142
76,Turkey,ornamentals,2012,0.25,24.5,0,11,3.5,0.07142857142857142
76,Turkey,ornamentals,2013,0.5,35.5,1,44,3.5,0.14285714285714285
76,Turkey,ornamentals,2014,0.5,48.25,1,125,3.5,0.14285714285714285
76,Turkey,ornamentals,2015,3.25,96.25,11,205,3.5,0.9285714285714286
76,Turkey,ornamentals,2016,3.5,97.75,1,17,3.5,1
76,Turkey,ornamentals,2017,3.25,94,0,29,3.5,0.9285714285714286
76,Turkey,ornamentals,2018,3,65.5,0,11,3.5,0.8571428571428571
76,Turkey,ornamentals,2019,0.275,22.552500000000002,0.1,33.21,3.5,0.07857142857142858
76,Turkey,ornamentals,2020,0.5650000000000001,19.6825,2.16,5.52,3.5,0.16142857142857145
76,Turkey,ornamentals,2021,1.6925,31.525000000000002,4.51,76.37,3.5,0.48357142857142854
76,Turkey,ornamentals,2022,2.87,152.3975,4.71,494.49,3.5,0.8200000000000001
76,Turkey,seaweeds,1994,18,12,18,12,73,0.2465753424657534
76,Turkey,seaweeds,1995,27.5,25,37,38,73,0.3767123287671233
76,Turkey,seaweeds,1996,27,25.333333333333332,26,26,73,0.3698630136986301
76,Turkey,seaweeds,1997,28.5,27.25,33,33,73,0.3904109589041096
76,Turkey,seaweeds,1998,42.5,42.25,74,72,73,0.5821917808219178
76,Turkey,seaweeds,1999,52.75,54.25,78,86,73,0.7226027397260274
76,Turkey,seaweeds,2000,69.25,72.75,92,100,73,0.9486301369863014
76,Turkey,seaweeds,2001,73,73,48,34,73,1
76,Turkey,seaweeds,2002,64,61.25,38,25,73,0.8767123287671232
76,Turkey,seaweeds,2003,54.75,46.75,41,28,73,0.75
76,Turkey,seaweeds,2004,34.25,23.25,10,6,73,0.4691780821917808
76,Turkey,seaweeds,2005,24.25,17.25,8,10,73,0.3321917808219178
76,Turkey,seaweeds,2006,25.25,22.75,42,47,73,0.3458904109589041
76,Turkey,seaweeds,2007,18,19.75,12,16,73,0.2465753424657534
76,Turkey,seaweeds,2008,19.5,27.75,16,38,73,0.2671232876712329
76,Turkey,seaweeds,2009,17.75,29,1,15,73,0.24315068493150685
76,Turkey,seaweeds,2010,9.5,23.25,9,24,73,0.13013698630136986
76,Turkey,seaweeds,2011,14.5,47.25,32,112,73,0.19863013698630136
76,Turkey,seaweeds,2012,11.25,41.75,3,16,73,0.1541095890410959
76,Turkey,seaweeds,2013,12.25,44.75,5,27,73,0.1678082191780822
76,Turkey,seaweeds,2014,11.75,56,7,69,73,0.16095890410958905
76,Turkey,seaweeds,2015,4.25,32.75,2,19,73,0.05821917808219178
76,Turkey,seaweeds,2016,5.25,36.5,7,31,73,0.07191780821917808
76,Turkey,seaweeds,2017,10.75,46.5,27,67,73,0.14726027397260275
76,Turkey,seaweeds,2018,34.5,63.75,102,138,73,0.4726027397260274
76,Turkey,seaweeds,2019,34.5825,60.9575,2.3299999999999996,7.83,73,0.47373287671232883
76,Turkey,seaweeds,2020,33.885,57.21,4.21,16.01,73,0.4641780821917808
76,Turkey,seaweeds,2021,59.6475,105.6125,130.05,260.61,73,0.8170890410958904
76,Turkey,seaweeds,2022,53.480000000000004,122.455,77.33,205.37,73,0.7326027397260274
77,Syria,ornamentals,2001,0,2,0,2,33.75,0
77,Syria,ornamentals,2002,0,1,0,0,33.75,0
77,Syria,ornamentals,2003,0,0.6666666666666666,0,0,33.75,0
77,Syria,ornamentals,2004,0,1,0,2,33.75,0
77,Syria,ornamentals,2005,9.5,8.75,38,33,33.75,0.2814814814814815
77,Syria,ornamentals,2006,14.25,19,19,41,33.75,0.4222222222222222
77,Syria,ornamentals,2007,16,35,7,64,33.75,0.4740740740740741
77,Syria,ornamentals,2008,24,101,32,266,33.75,0.7111111111111111
77,Syria,ornamentals,2009,27.25,169.25,51,306,33.75,0.8074074074074075
77,Syria,ornamentals,2010,33.75,187,45,112,33.75,1
77,Syria,ornamentals,2011,32.49120325606142,171.25,1.9648130242456716,1,33.75,0.9627023186981161
77,Syria,ornamentals,2012,25.228636004883008,129.75,2.949730995286359,100,33.75,0.7475151408854225
77,Syria,ornamentals,2013,12.946613505357597,65.75,1.8719100018983568,50,33.75,0.38360336312170656
77,Syria,ornamentals,2014,2.87549812528934,80,4.715538479726973,169,33.75,0.08519994445301748
77,Syria,ornamentals,2015,2.707827204432661,84.25,1.2941293408189551,18,33.75,0.08023191716837515
77,Syria,ornamentals,2016,2.297116698011976,63,1.3068889696036194,15,33.75,0.06806271697813263
77,Syria,ornamentals,2017,2.3272792090653454,60.75,1.9925600461118336,41,33.75,0.06895642100934357
77,Syria,ornamentals,2018,1.148394589133602,22.75,0,17,33.75,0.03402650634469932
77,Syria,ornamentals,2019,0.8248622539288633,19.6975,0,5.79,33.75,0.024440363079373726
77,Syria,ornamentals,2020,0.4981400115279584,15.9475,0,0,33.75,0.014759704045272841
77,Syria,ornamentals,2021,0,14.68,0,35.93,33.75,0
77,Syria,ornamentals,2022,0,19.4125,0,35.93,33.75,0
77,Syria,seaweeds,2013,0,0,0,0,6.327500000000001,0
77,Syria,seaweeds,2014,1.5,7.5,3,15,6.327500000000001,0.23706045041485577
77,Syria,seaweeds,2015,1,5,0,0,6.327500000000001,0.1580403002765705
77,Syria,seaweeds,2016,0.75,3.75,0,0,6.327500000000001,0.11853022520742788
77,Syria,seaweeds,2017,0.75,3.75,0,0,6.327500000000001,0.11853022520742788
77,Syria,seaweeds,2018,0,0.25,0,1,6.327500000000001,0
77,Syria,seaweeds,2019,0,0.25,0,0,6.327500000000001,0
77,Syria,seaweeds,2020,0.105,0.36,0.42,0.44,6.327500000000001,0.016594231529039903
77,Syria,seaweeds,2021,0.105,0.36,0,0,6.327500000000001,0.016594231529039903
77,Syria,seaweeds,2022,6.327500000000001,9.7875,24.89,38.71,6.327500000000001,1
78,Lebanon,fish_oil,1999,2,1,2,1,2,1
78,Lebanon,fish_oil,2000,1,0.5,0,0,2,0.5
78,Lebanon,fish_oil,2001,0.6666666666666666,0.3333333333333333,0,0,2,0.3333333333333333
78,Lebanon,fish_oil,2002,0.5,0.25,0,0,2,0.25
78,Lebanon,fish_oil,2003,0,0,0,0,2,0
78,Lebanon,fish_oil,2004,0,0,0,0,2,0
78,Lebanon,fish_oil,2005,0,0,0,0,2,0
78,Lebanon,fish_oil,2006,0,0,0,0,2,0
78,Lebanon,fish_oil,2007,0,0.25,0,1,2,0
78,Lebanon,fish_oil,2008,0,0.25,0,0,2,0
78,Lebanon,fish_oil,2009,0,0.25,0,0,2,0
78,Lebanon,fish_oil,2010,0,0.5,0,1,2,0
78,Lebanon,fish_oil,2011,0,0.25,0,0,2,0
78,Lebanon,fish_oil,2012,0,0.5,0,1,2,0
78,Lebanon,fish_oil,2013,0,0.5,0,0,2,0
78,Lebanon,fish_oil,2014,0,0.25,0,0,2,0
78,Lebanon,fish_oil,2015,0,0.25,0,0,2,0
78,Lebanon,fish_oil,2016,0,0,0,0,2,0
78,Lebanon,fish_oil,2017,0,0.25,0,1,2,0
78,Lebanon,fish_oil,2018,0,0.25,0,0,2,0
78,Lebanon,fish_oil,2019,0,0.25,0,0,2,0
78,Lebanon,fish_oil,2020,0,0.25,0,0,2,0
78,Lebanon,fish_oil,2021,0,0,0,0,2,0
78,Lebanon,fish_oil,2022,0,0,0,0,2,0
78,Lebanon,ornamentals,2012,4,4,4,4,4,1
78,Lebanon,ornamentals,2013,2,6.5,0,9,4,0.5
78,Lebanon,ornamentals,2014,1.3333333333333333,4.333333333333333,0,0,4,0.3333333333333333
78,Lebanon,ornamentals,2015,1,4.25,0,4,4,0.25
78,Lebanon,ornamentals,2016,0.5,5.25,2,8,4,0.125
78,Lebanon,ornamentals,2017,0.5,3.75,0,3,4,0.125
78,Lebanon,ornamentals,2018,0.5,4,0,1,4,0.125
78,Lebanon,ornamentals,2019,0.5,3,0,0,4,0.125
78,Lebanon,ornamentals,2020,1.185,1.8375,4.74,3.35,4,0.29625
78,Lebanon,ornamentals,2021,1.905,1.7000000000000002,2.88,2.45,4,0.47625
78,Lebanon,ornamentals,2022,2.625,2.0625,2.88,2.45,4,0.65625
78,Lebanon,seaweeds,2004,2,21,2,21,2,1
78,Lebanon,seaweeds,2005,1,12,0,3,2,0.5
78,Lebanon,seaweeds,2006,0.6666666666666666,10,0,6,2,0.3333333333333333
78,Lebanon,seaweeds,2007,0.5,8.25,0,3,2,0.25
78,Lebanon,seaweeds,2008,0.25,7,1,16,2,0.125
78,Lebanon,seaweeds,2009,0.5,10.75,1,18,2,0.25
78,Lebanon,seaweeds,2010,0.75,12,1,11,2,0.375
78,Lebanon,seaweeds,2011,1,11.5,1,1,2,0.5
78,Lebanon,seaweeds,2012,1,10.5,1,12,2,0.5
78,Lebanon,seaweeds,2013,0.75,7.75,0,7,2,0.375
78,Lebanon,seaweeds,2014,0.5,7,0,8,2,0.25
78,Lebanon,seaweeds,2015,0.5,9.5,1,11,2,0.25
78,Lebanon,seaweeds,2016,0.25,12.25,0,23,2,0.125
78,Lebanon,seaweeds,2017,0.5,18.5,1,32,2,0.25
78,Lebanon,seaweeds,2018,0.75,25,1,34,2,0.375
78,Lebanon,seaweeds,2019,0.625,26.3525,0.5,16.41,2,0.3125
78,Lebanon,seaweeds,2020,0.6325,21.3675,0.03,3.06,2,0.31625
78,Lebanon,seaweeds,2021,0.775,18.9675,1.57,22.400000000000002,2,0.3875
78,Lebanon,seaweeds,2022,1.0899999999999999,15.5875,2.26,20.48,2,0.5449999999999999
79,Israel,fish_oil,1999,0,3,0,3,2105,0
79,Israel,fish_oil,2000,0,5.5,0,8,2105,0
79,Israel,fish_oil,2001,0,3.6666666666666665,0,0,2105,0
79,Israel,fish_oil,2002,0,2.75,0,0,2105,0
79,Israel,fish_oil,2003,0,3.25,0,5,2105,0
79,Israel,fish_oil,2004,0,1.25,0,0,2105,0
79,Israel,fish_oil,2005,0,1.25,0,0,2105,0
79,Israel,fish_oil,2006,6.25,10.5,25,37,2105,0.0029691211401425177
79,Israel,fish_oil,2007,6.25,9.25,0,0,2105,0.0029691211401425177
79,Israel,fish_oil,2008,6.25,9.25,0,0,2105,0.0029691211401425177
79,Israel,fish_oil,2009,7.75,16.25,6,28,2105,0.003681710213776722
79,Israel,fish_oil,2010,13.5,31.75,48,99,2105,0.006413301662707839
79,Israel,fish_oil,2011,78.5,216.25,260,738,2105,0.03729216152019002
79,Israel,fish_oil,2012,291,938.25,850,2888,2105,0.13824228028503563
79,Israel,fish_oil,2013,862,2778.5,2290,7389,2105,0.40950118764845606
79,Israel,fish_oil,2014,1325,3954.75,1900,4804,2105,0.6294536817102138
79,Israel,fish_oil,2015,1727.5,4930,1870,4639,2105,0.8206650831353919
79,Israel,fish_oil,2016,2105,5215.75,2360,4031,2105,1
79,Israel,fish_oil,2017,1736.75,3725.25,817,1427,2105,0.8250593824228029
79,Israel,fish_oil,2018,1525.75,3625.75,1056,4406,2105,0.7248218527315915
79,Israel,fish_oil,2019,1058.25,2467.75,0,7,2105,0.5027315914489311
79,Israel,fish_oil,2020,468.5,1553.5,1,374,2105,0.22256532066508314
79,Israel,fish_oil,2021,264.3075,1219,0.23,89,2105,0.12556175771971498
79,Israel,fish_oil,2022,0.6775,236.25,1.48,475,2105,3.218527315914489e-4
79,Israel,ornamentals,1976,3.2372055592798006,20,3.2372055592798006,20,2765.9528652854865,0.0011703762561932427
79,Israel,ornamentals,1977,4.0610374936319715,24.5,4.8848694279841425,29,2765.9528652854865,0.0014682236796586963
79,Israel,ornamentals,1978,2.707358329087981,16.333333333333332,0,0,2765.9528652854865,9.78815786439131e-4
79,Israel,ornamentals,1979,3.325575017973577,19.75,5.180225084630365,30,2765.9528652854865,0.0012023252672566165
79,Israel,ornamentals,1980,2.516273628153627,14.75,0,0,2765.9528652854865,9.097312032083059e-4
79,Israel,ornamentals,1981,1.2950562711575913,7.5,0,0,2765.9528652854865,4.682134274272684e-4
79,Israel,ornamentals,1982,1.2950562711575913,7.5,0,0,2765.9528652854865,4.682134274272684e-4
79,Israel,ornamentals,1983,0,0,0,0,2765.9528652854865,0
79,Israel,ornamentals,1984,0,0,0,0,2765.9528652854865,0
79,Israel,ornamentals,1985,0,0,0,0,2765.9528652854865,0
79,Israel,ornamentals,1986,0,0,0,0,2765.9528652854865,0
79,Israel,ornamentals,1987,0,0,0,0,2765.9528652854865,0
79,Israel,ornamentals,1988,154.64796612201147,875.75,618.5918644880459,3503,2765.9528652854865,0.05591128036306922
79,Israel,ornamentals,1989,311.5607721434347,1764.25,627.6512240856929,3554,2765.9528652854865,0.1126413888153069
79,Israel,ornamentals,1990,513.2674340327258,2906.5,806.8266475571645,4569,2765.9528652854865,0.18556622582928545
79,Israel,ornamentals,1991,732.9887892454317,4150.75,878.8854208508233,4977,2765.9528652854865,0.2650040781406362
79,Israel,ornamentals,1992,802.929935187964,4546.75,898.3564482581753,5087,2765.9528652854865,0.2902905343273411
79,Israel,ornamentals,1993,893.4738305674974,5059.5,989.8268056038265,5605,2765.9528652854865,0.32302568918696234
79,Israel,ornamentals,1994,1007.6645647012762,5706.25,1263.5895840922797,7156,2765.9528652854865,0.3643100999110014
79,Israel,ornamentals,1995,1158.0755499866136,6558.25,1480.529361992173,8385,2765.9528652854865,0.41868954620348653
79,Israel,ornamentals,1996,1297.1484054961281,7346,1454.6478702962336,8238,2765.9528652854865,0.46896981571023394
79,Israel,ornamentals,1997,1419.1478904871858,8037,1477.8247455680566,8369,2765.9528652854865,0.513077394882038
79,Israel,ornamentals,1998,1416.119127288819,8019.5,1251.4745312988134,7086,2765.9528652854865,0.5119823786811548
79,Israel,ornamentals,1999,1314.6206922630727,7444,1074.5356218891873,6083,2765.9528652854865,0.47528672985083015
79,Israel,ornamentals,2000,1189.431301246599,6734.25,953.8903062303391,5399,2765.9528652854865,0.430025875051863
79,Israel,ornamentals,2001,1064.6830825949435,6027,978.8318709614343,5540,2765.9528652854865,0.38492452129514243
79,Israel,ornamentals,2002,999.3166642477921,5656.25,990.0088579102077,5603,2765.9528652854865,0.3612920078248145
79,Israel,ornamentals,2003,1107.1103990917097,6266.75,1505.7105612648577,8525,2765.9528652854865,0.40026365343627784
79,Israel,ornamentals,2004,1345.0058643204586,7614.5,1905.4721671453347,10790,2765.9528652854865,0.48627215640626414
79,Israel,ornamentals,2005,1584.8424879544068,8973.25,1938.1783654972269,10975,2765.9528652854865,0.5729824639621356
79,Israel,ornamentals,2006,1839.3260341003129,10415,2007.9430424938319,11370,2765.9528652854865,0.6649882061205941
79,Israel,ornamentals,2007,2062.9716319454396,11682,2400.292952645366,13593,2765.9528652854865,0.745844825426015
79,Israel,ornamentals,2008,2289.7495535807748,12966.75,2812.5838536866745,15929,2765.9528652854865,0.827833902131387
79,Israel,ornamentals,2009,2495.8806085426268,14134.5,2762.702585344635,15646,2765.9528652854865,0.9023583300596179
79,Israel,ornamentals,2010,2665.9237640623655,15097.75,2688.1156645727874,15223,2765.9528652854865,0.9638355727320768
79,Israel,ornamentals,2011,2765.9528652854865,15664.25,2800.409357537849,15859,2765.9528652854865,1
79,Israel,ornamentals,2012,2063.120864477434,11688.75,1.2558504544649907,27,2765.9528652854865,0.745898778815412
79,Israel,ornamentals,2013,1373.0466177391434,7795.5,2.4055983914722106,73,2765.9528652854865,0.49640998404989994
79,Israel,ornamentals,2014,701.0177015959465,3989.75,0,0,2765.9528652854865,0.25344528115217585
79,Israel,ornamentals,2015,1.2156907036640874,28.5,1.2013139687191483,14,2765.9528652854865,4.3951967472830034e-4
79,Israel,ornamentals,2016,1.448886841185768,35,2.1886350045517133,53,2765.9528652854865,5.238291871746057e-4
79,Israel,ornamentals,2017,1.519656077532801,34.5,2.688675336860342,71,2765.9528652854865,5.494150303880722e-4
79,Israel,ornamentals,2018,3.4112460951459873,62,7.566360070452745,110,2765.9528652854865,0.0012332987080001803
79,Israel,ornamentals,2019,3.1109176029662002,81.75,0,93,2765.9528652854865,0.0011247182271289747
79,Israel,ornamentals,2020,2.563758851828272,68.5,0,0,2765.9528652854865,9.268989663580745e-4
79,Israel,ornamentals,2021,1.8915900176131863,96.5,0,183,2765.9528652854865,6.838836776121081e-4
79,Israel,ornamentals,2022,0,114.75,0,183,2765.9528652854865,0
79,Israel,seaweeds,1990,714.2517828135478,1302,714.2517828135478,1302,3626.25,0.1969670548951528
79,Israel,seaweeds,1991,1018.2547666605678,1906,1322.2577505075878,2510,3626.25,0.2808010387205978
79,Israel,seaweeds,1992,971.7953933417351,1816.3333333333333,878.8766467040696,1637,3626.25,0.267989077791585
79,Israel,seaweeds,1993,1101.1987381730426,2074.75,1489.408772666965,2850,3626.25,0.30367424699704726
79,Israel,seaweeds,1994,922.6357924696556,1749.25,0,0,3626.25,0.254432483273259
79,Israel,seaweeds,1995,592.0713548427586,1121.75,0,0,3626.25,0.16327372763674833
79,Israel,seaweeds,1996,372.35219316674124,712.5,0,0,3626.25,0.1026824386533585
79,Israel,seaweeds,1997,0,1.25,0,5,3626.25,0
79,Israel,seaweeds,1998,0,2,0,3,3626.25,0
79,Israel,seaweeds,1999,225,361,900,1436,3626.25,0.06204756980351603
79,Israel,seaweeds,2000,475,724,1000,1452,3626.25,0.13098931402964495
79,Israel,seaweeds,2001,726,1111.25,1004,1554,3626.25,0.20020682523267838
79,Israel,seaweeds,2002,915.5,1400,758,1158,3626.25,0.2524646673560841
79,Israel,seaweeds,2003,1139.5,1719.5,1796,2714,3626.25,0.3142364701826956
79,Israel,seaweeds,2004,1482.5,2247,2372,3562,3626.25,0.40882454326094453
79,Israel,seaweeds,2005,1437.75,2511.75,825,2613,3626.25,0.3964839710444674
79,Israel,seaweeds,2006,1832.25,3089.5,2336,3469,3626.25,0.5052740434332988
79,Israel,seaweeds,2007,1758.25,3403.75,1500,3971,3626.25,0.4848672871423647
79,Israel,seaweeds,2008,1540.25,3461.75,1500,3794,3626.25,0.4247500861771803
79,Israel,seaweeds,2009,1909,3928.25,2300,4479,3626.25,0.5264391589107205
79,Israel,seaweeds,2010,2525,5438,4800,9508,3626.25,0.6963116166839021
79,Israel,seaweeds,2011,3320,6811.75,4680,9466,3626.25,0.9155463633229921
79,Israel,seaweeds,2012,3283.25,6539.75,1353,2706,3626.25,0.9054119269217511
79,Israel,seaweeds,2013,3626.25,7254,3672,7336,3626.25,1
79,Israel,seaweeds,2014,3280,6580.25,3415,6813,3626.25,0.9045156842468114
79,Israel,seaweeds,2015,2894.25,5785.75,3137,6288,3626.25,0.7981385729058945
79,Israel,seaweeds,2016,3081,6172,2100,4251,3626.25,0.8496380558428128
79,Israel,seaweeds,2017,2310,5197.75,588,3439,3626.25,0.6370217166494312
79,Israel,seaweeds,2018,2756.5,5291.75,5201,7189,3626.25,0.7601516718372975
79,Israel,seaweeds,2019,2802.5,4571.5,3321,3407,3626.25,0.7728369527749052
79,Israel,seaweeds,2020,2827.7225,4477.75,2200.89,3876,3626.25,0.7797924853498793
79,Israel,seaweeds,2021,2753.08,4016,289.43,1592,3626.25,0.759208548776284
79,Israel,seaweeds,2022,1514.9775,2557,248.59,1353,3626.25,0.4177807652533609
80,Greece,fish_oil,1992,1,0,1,0,267.255,0.003741744775588857
80,Greece,fish_oil,1993,0.5,0,0,0,267.255,0.0018708723877944285
80,Greece,fish_oil,1994,0.3333333333333333,0,0,0,267.255,0.001247248258529619
80,Greece,fish_oil,1995,0.25,0,0,0,267.255,0.00093543619389721425
80,Greece,fish_oil,1996,0,4.75,0,19,267.255,0
80,Greece,fish_oil,1997,0,4.75,0,0,267.255,0
80,Greece,fish_oil,1998,10,14.75,40,40,267.255,0.037417447755888573
80,Greece,fish_oil,1999,10,14.75,0,0,267.255,0.037417447755888573
80,Greece,fish_oil,2000,10,10,0,0,267.255,0.037417447755888573
80,Greece,fish_oil,2001,77.75,36.5,271,106,267.255,0.2909206563020336
80,Greece,fish_oil,2002,67.75,26.5,0,0,267.255,0.25350320854614505
80,Greece,fish_oil,2003,73,30.25,21,15,267.255,0.27314736861798655
80,Greece,fish_oil,2004,83.25,40,41,39,267.255,0.31150025256777236
80,Greece,fish_oil,2005,15.5,13.5,0,0,267.255,0.05799704402162729
80,Greece,fish_oil,2006,15.75,14.5,1,4,267.255,0.0589324802155245
80,Greece,fish_oil,2007,10.75,12.75,1,8,267.255,0.04022375633758021
80,Greece,fish_oil,2008,0.75,4,1,4,267.255,0.0028063085816916427
80,Greece,fish_oil,2009,0.75,4,0,0,267.255,0.0028063085816916427
80,Greece,fish_oil,2010,31.75,39.5,125,146,267.255,0.11880039662494621
80,Greece,fish_oil,2011,33,57.75,6,81,267.255,0.12347757759443229
80,Greece,fish_oil,2012,34.5,139,7,329,267.255,0.12909019475781558
80,Greece,fish_oil,2013,119.25,285.5,339,586,267.255,0.44620306448897123
80,Greece,fish_oil,2014,89,266.25,4,69,267.255,0.3330152850274083
80,Greece,fish_oil,2015,89,271,6,100,267.255,0.3330152850274083
80,Greece,fish_oil,2016,125.25,251.25,152,250,267.255,0.46865353314250435
80,Greece,fish_oil,2017,59,218.25,74,454,267.255,0.22076294175974256
80,Greece,fish_oil,2018,89.25,340.5,125,558,267.255,0.3339507212213055
80,Greece,fish_oil,2019,221.4825,508.7625,534.93,773.05,267.255,0.828730987259359
80,Greece,fish_oil,2020,267.255,575.1125,335.09,515.4,267.255,1
80,Greece,fish_oil,2021,252.1375,581.8575,13.53,480.97999999999996,267.255,0.9434341733550354
80,Greece,fish_oil,2022,230.13,514.3349999999999,36.970000000000006,287.90999999999997,267.255,0.8610877252062636
80,Greece,ornamentals,1991,0,1,0,1,310.29771367516787,0
80,Greece,ornamentals,1992,0,0.5,0,0,310.29771367516787,0
80,Greece,ornamentals,1993,14.333333333333334,59.333333333333336,43,177,310.29771367516787,0.046192197691595126
80,Greece,ornamentals,1994,11.25,50.5,2,24,310.29771367516787,0.03625550400212408
80,Greece,ornamentals,1995,11.25,50.25,0,0,310.29771367516787,0.03625550400212408
80,Greece,ornamentals,1996,13.75,69.25,10,76,310.29771367516787,0.044312282669262765
80,Greece,ornamentals,1997,21.5,113.5,74,354,310.29771367516787,0.06928829653739269
80,Greece,ornamentals,1998,81.75,427.25,243,1279,310.29771367516787,0.263456662415435
80,Greece,ornamentals,1999,156.25,931.75,298,2018,310.29771367516787,0.5035486666961677
80,Greece,ornamentals,2000,179.25,1005.25,102,370,310.29771367516787,0.5776710304338436
80,Greece,ornamentals,2001,189.5,1012.25,115,382,310.29771367516787,0.6107038229691123
80,Greece,ornamentals,2002,203,937,297,978,310.29771367516787,0.6542104277716612
80,Greece,ornamentals,2003,131.75,470,13,150,310.29771367516787,0.42459223575820865
80,Greece,ornamentals,2004,137.1925960779945,474.5,123.77038431197798,388,310.29771367516787,0.44213215254822413
80,Greece,ornamentals,2005,116.1925960779945,465.5,31,346,310.29771367516787,0.37445521174425916
80,Greece,ornamentals,2006,117.6925960779945,537,303,1264,310.29771367516787,0.3792892789445424
80,Greece,ornamentals,2007,164.51101758853792,740,200.27368604217372,962,310.29771367516787,0.5301715428066437
80,Greece,ornamentals,2008,179.56842151054343,918.5,184,1102,310.29771367516787,0.5786972110871654
80,Greece,ornamentals,2009,208.79771367516787,1015.25,147.91716865849776,733,310.29771367516787,0.6728947861141694
80,Greece,ornamentals,2010,310.29771367516787,1348,709,2595,310.29771367516787,1
80,Greece,ornamentals,2011,269.72929216462444,1144.75,38,149,310.29771367516787,0.8692596828057454
80,Greece,ornamentals,2012,223.72929216462444,869.25,0,0,310.29771367516787,0.7210149553303936
80,Greece,ornamentals,2013,186.75,686,0,0,310.29771367516787,0.6018413664352597
80,Greece,ornamentals,2014,9.5,37.25,0,0,310.29771367516787,0.030615758935127
80,Greece,ornamentals,2015,0,0,0,0,310.29771367516787,0
80,Greece,ornamentals,2016,0,0,0,0,310.29771367516787,0
80,Greece,ornamentals,2017,0,0,0,0,310.29771367516787,0
80,Greece,ornamentals,2018,0,0,0,0,310.29771367516787,0
80,Greece,ornamentals,2019,0,0,0,0,310.29771367516787,0
80,Greece,ornamentals,2020,0,0,0,0,310.29771367516787,0
80,Greece,ornamentals,2021,0,0,0,0,310.29771367516787,0
80,Greece,ornamentals,2022,0,0,0,0,310.29771367516787,0
80,Greece,seaweeds,1987,88.46508253031789,4,88.46508253031789,4,103.25993354288282,0.8567222493279953
80,Greece,seaweeds,1988,98.15429675567111,12,107.84351098102434,20,103.25993354288282,0.9505554902851899
80,Greece,seaweeds,1989,103.25993354288282,16.333333333333332,113.47120711730622,25,103.25993354288282,1
80,Greece,seaweeds,1990,77.51995015716211,13.375,0.3,4.5,103.25993354288282,0.7507263223733226
80,Greece,seaweeds,1991,68.90367952458264,66.625,54,217,103.25993354288282,0.6672837872393907
80,Greece,seaweeds,1992,46.19280177932656,87.875,17,105,103.25993354288282,0.4473448722504082
80,Greece,seaweeds,1993,17.825,81.625,0,0,103.25993354288282,0.17262261739300322
80,Greece,seaweeds,1994,20.5,113.5,11,132,103.25993354288282,0.1985281153748424
80,Greece,seaweeds,1995,7,59.5,0,1,103.25993354288282,0.06779008817677545
80,Greece,seaweeds,1996,2.75,33.25,0,0,103.25993354288282,0.026631820355161786
80,Greece,seaweeds,1997,2.75,33.25,0,0,103.25993354288282,0.026631820355161786
80,Greece,seaweeds,1998,0,0.25,0,0,103.25993354288282,0
80,Greece,seaweeds,1999,0.25,1.5,1,6,103.25993354288282,0.0024210745777419806
80,Greece,seaweeds,2000,0.25,2.5,0,4,103.25993354288282,0.0024210745777419806
80,Greece,seaweeds,2001,0.75,6,2,14,103.25993354288282,0.007263223733225942
80,Greece,seaweeds,2002,0.75,6.75,0,3,103.25993354288282,0.007263223733225942
80,Greece,seaweeds,2003,0.5,7,0,7,103.25993354288282,0.004842149155483961
80,Greece,seaweeds,2004,0.75,8.5,1,10,103.25993354288282,0.007263223733225942
80,Greece,seaweeds,2005,0.5,12.75,1,31,103.25993354288282,0.004842149155483961
80,Greece,seaweeds,2006,1.25,32.75,3,83,103.25993354288282,0.012105372888709902
80,Greece,seaweeds,2007,1.25,33,0,8,103.25993354288282,0.012105372888709902
80,Greece,seaweeds,2008,1.25,35.25,1,19,103.25993354288282,0.012105372888709902
80,Greece,seaweeds,2009,1,29.25,0,7,103.25993354288282,0.009684298310967922
80,Greece,seaweeds,2010,3,33.25,11,99,103.25993354288282,0.029052894932903767
80,Greece,seaweeds,2011,3.75,92.75,3,246,103.25993354288282,0.03631611866612971
80,Greece,seaweeds,2012,4.5,144.25,4,225,103.25993354288282,0.04357934239935565
80,Greece,seaweeds,2013,5,204,2,246,103.25993354288282,0.04842149155483961
80,Greece,seaweeds,2014,3,233.25,3,216,103.25993354288282,0.029052894932903767
80,Greece,seaweeds,2015,5.25,209.25,12,150,103.25993354288282,0.05084256613258159
80,Greece,seaweeds,2016,5,175,3,88,103.25993354288282,0.04842149155483961
80,Greece,seaweeds,2017,5.5,146.25,4,131,103.25993354288282,0.05326364071032357
80,Greece,seaweeds,2018,6.75,133.25,8,164,103.25993354288282,0.06536901359903348
80,Greece,seaweeds,2019,6.2275,142.0375,9.91,185.15,103.25993354288282,0.06030896773155274
80,Greece,seaweeds,2020,8.16,168.3175,10.729999999999999,193.12,103.25993354288282,0.07902387421749825
80,Greece,seaweeds,2021,12.945,191.075,23.14,222.03,103.25993354288282,0.12536324163547977
80,Greece,seaweeds,2022,16.322499999999998,270.83500000000004,21.509999999999998,483.04,103.25993354288282,0.15807195918077388
81,Cyprus,fish_oil,2010,0,3,0,3,5.666666666666667,0
81,Cyprus,fish_oil,2011,3,12,6,21,5.666666666666667,0.5294117647058824
81,Cyprus,fish_oil,2012,5.666666666666667,14,11,18,5.666666666666667,1
81,Cyprus,fish_oil,2013,4.25,10.5,0,0,5.666666666666667,0.75
81,Cyprus,fish_oil,2014,4.25,9.75,0,0,5.666666666666667,0.75
81,Cyprus,fish_oil,2015,2.75,4.5,0,0,5.666666666666667,0.4852941176470588
81,Cyprus,fish_oil,2016,0,0,0,0,5.666666666666667,0
81,Cyprus,fish_oil,2017,0,0,0,0,5.666666666666667,0
81,Cyprus,fish_oil,2018,0,0,0,0,5.666666666666667,0
81,Cyprus,fish_oil,2019,0,0,0,0,5.666666666666667,0
81,Cyprus,fish_oil,2020,0,0,0,0,5.666666666666667,0
81,Cyprus,fish_oil,2021,0.005,0.0625,0.02,0.25,5.666666666666667,8.823529411764705e-4
81,Cyprus,fish_oil,2022,0.01,0.125,0.02,0.25,5.666666666666667,0.001764705882352941
81,Cyprus,seaweeds,2013,1,1,1,1,1.25,0.8
81,Cyprus,seaweeds,2014,0.5,0.5,0,0,1.25,0.4
81,Cyprus,seaweeds,2015,0.6666666666666666,0.6666666666666666,1,1,1.25,0.5333333333333333
81,Cyprus,seaweeds,2016,0.75,1.5,1,4,1.25,0.6
81,Cyprus,seaweeds,2017,1,16.25,2,60,1.25,0.8
81,Cyprus,seaweeds,2018,1.25,21.25,1,20,1.25,1
81,Cyprus,seaweeds,2019,1,21.035,0,0.14,1.25,0.8
81,Cyprus,seaweeds,2020,0.7575,20.2125,0.03,0.71,1.25,0.606
81,Cyprus,seaweeds,2021,0.2575,5.2125,0,0,1.25,0.20600000000000002
81,Cyprus,seaweeds,2022,0.07999999999999999,2.9325,0.29,10.88,1.25,0.06399999999999999
82,Albania,ornamentals,2000,0,1,0,1,1.25,0
82,Albania,ornamentals,2001,0,0.5,0,0,1.25,0
82,Albania,ornamentals,2002,0,0.3333333333333333,0,0,1.25,0
82,Albania,ornamentals,2003,0,0.25,0,0,1.25,0
82,Albania,ornamentals,2004,0.5,1,2,4,1.25,0.4
82,Albania,ornamentals,2005,0.75,1.25,1,1,1.25,0.6
82,Albania,ornamentals,2006,1,2.75,1,6,1.25,0.8
82,Albania,ornamentals,2007,1,2.75,0,0,1.25,0.8
82,Albania,ornamentals,2008,1.25,5.75,3,16,1.25,1
82,Albania,ornamentals,2009,1.25,6.75,1,5,1.25,1
82,Albania,ornamentals,2010,1,5.25,0,0,1.25,0.8
82,Albania,ornamentals,2011,1,5.25,0,0,1.25,0.8
82,Albania,ornamentals,2012,0.25,1.25,0,0,1.25,0.2
82,Albania,ornamentals,2013,0,0,0,0,1.25,0
82,Albania,ornamentals,2014,0,0,0,0,1.25,0
82,Albania,ornamentals,2015,0,0,0,0,1.25,0
82,Albania,ornamentals,2016,0,0,0,0,1.25,0
82,Albania,ornamentals,2017,0,0,0,0,1.25,0
82,Albania,ornamentals,2018,0,0,0,0,1.25,0
82,Albania,ornamentals,2019,0,0,0,0,1.25,0
82,Albania,ornamentals,2020,0,0,0,0,1.25,0
82,Albania,ornamentals,2021,0,0,0,0,1.25,0
82,Albania,ornamentals,2022,0,0,0,0,1.25,0
82,Albania,seaweeds,2014,1,12,1,12,1,1
82,Albania,seaweeds,2015,1,13,1,14,1,1
82,Albania,seaweeds,2016,0.6666666666666666,12,0,10,1,0.6666666666666666
82,Albania,seaweeds,2017,0.5,9.75,0,3,1,0.5
82,Albania,seaweeds,2018,0.25,7.75,0,4,1,0.25
82,Albania,seaweeds,2019,0.03,5.365,0.12,4.46,1,0.03
82,Albania,seaweeds,2020,0.1125,3.2775,0.33,1.65,1,0.1125
82,Albania,seaweeds,2021,0.125,3.0025,0.05,1.9,1,0.125
82,Albania,seaweeds,2022,0.125,2.02,0,0.07,1,0.125
84,Algeria,ornamentals,2001,0,3,0,3,0.75,0
84,Algeria,ornamentals,2002,0,2.5,0,2,0.75,0
84,Algeria,ornamentals,2003,0.3333333333333333,5.666666666666667,1,12,0.75,0.4444444444444444
84,Algeria,ornamentals,2004,0.5,6.25,1,8,0.75,0.6666666666666666
84,Algeria,ornamentals,2005,0.75,6.75,1,5,0.75,1
84,Algeria,ornamentals,2006,0.75,6.25,0,0,0.75,1
84,Algeria,ornamentals,2007,0.5,4.25,0,4,0.75,0.6666666666666666
84,Algeria,ornamentals,2008,0.25,2.25,0,0,0.75,0.3333333333333333
84,Algeria,ornamentals,2009,0,1,0,0,0.75,0
84,Algeria,ornamentals,2010,0,1,0,0,0.75,0
84,Algeria,ornamentals,2011,0,0,0,0,0.75,0
84,Algeria,ornamentals,2012,0,0,0,0,0.75,0
84,Algeria,ornamentals,2013,0,0,0,0,0.75,0
84,Algeria,ornamentals,2014,0,0,0,0,0.75,0
84,Algeria,ornamentals,2015,0,0,0,0,0.75,0
84,Algeria,ornamentals,2016,0,0,0,0,0.75,0
84,Algeria,ornamentals,2017,0,0,0,0,0.75,0
84,Algeria,ornamentals,2018,0,0,0,0,0.75,0
84,Algeria,ornamentals,2019,0,0,0,0,0.75,0
84,Algeria,ornamentals,2020,0,0,0,0,0.75,0
84,Algeria,ornamentals,2021,0,0,0,0,0.75,0
84,Algeria,ornamentals,2022,0,0,0,0,0.75,0
85,Ascension,ornamentals,2001,0.9736712732785975,0.17434620174346202,0.9736712732785975,0.17434620174346202,0.9736712732785975,1
85,Ascension,ornamentals,2002,0.48683563663929874,0.08717310087173101,0,0,0.9736712732785975,0.5
85,Ascension,ornamentals,2003,0.6228170035276909,0.11623080116230801,0.894779737304475,0.17434620174346202,0.9736712732785975,0.6396583945940075
85,Ascension,ornamentals,2004,0.6753217403722651,0.09806973848069739,0.8328359509059879,0.0435865504358655,0.9736712732785975,0.6935828948699349
85,Ascension,ornamentals,2005,0.43190392205261574,0.054483188044831876,0,0,0.9736712732785975,0.44358289486993485
85,Ascension,ornamentals,2006,0.43190392205261574,0.054483188044831876,0,0,0.9736712732785975,0.44358289486993485
85,Ascension,ornamentals,2007,0.40183232840364624,0.10896637608966375,0.774493362708597,0.3922789539227895,0.9736712732785975,0.4126981450839924
85,Ascension,ornamentals,2008,0.19362334067714926,0.09806973848069737,0,0,0.9736712732785975,0.19885904615956315
85,Ascension,ornamentals,2009,0.19362334067714926,0.09806973848069737,0,0,0.9736712732785975,0.19885904615956315
85,Ascension,ornamentals,2010,0.19362334067714926,0.09806973848069737,0,0,0.9736712732785975,0.19885904615956315
85,Ascension,ornamentals,2011,0,0,0,0,0.9736712732785975,0
85,Ascension,ornamentals,2012,0,0,0,0,0.9736712732785975,0
85,Ascension,ornamentals,2013,0,0,0,0,0.9736712732785975,0
85,Ascension,ornamentals,2014,0,0,0,0,0.9736712732785975,0
85,Ascension,ornamentals,2015,0,0,0,0,0.9736712732785975,0
85,Ascension,ornamentals,2016,0,0,0,0,0.9736712732785975,0
85,Ascension,ornamentals,2017,0,0,0,0,0.9736712732785975,0
85,Ascension,ornamentals,2018,0,0,0,0,0.9736712732785975,0
85,Ascension,ornamentals,2019,0,0,0,0,0.9736712732785975,0
85,Ascension,ornamentals,2020,0,0,0,0,0.9736712732785975,0
85,Ascension,ornamentals,2021,0,0,0,0,0.9736712732785975,0
85,Ascension,ornamentals,2022,0,0,0,0,0.9736712732785975,0
86,Saint Helena,ornamentals,2001,1.4062971490122322,0.17434620174346202,1.4062971490122322,0.17434620174346202,1.4062971490122322,1
86,Saint Helena,ornamentals,2002,0.7031485745061161,0.08717310087173101,0,0,1.4062971490122322,0.5
86,Saint Helena,ornamentals,2003,0.8246018154104794,0.11623080116230801,1.0675082972192058,0.17434620174346202,1.4062971490122322,0.5863638534641634
86,Saint Helena,ornamentals,2004,0.8414808244954912,0.09806973848069739,0.8921178517505268,0.0435865504358655,1.4062971490122322,0.5983663019487298
86,Saint Helena,ornamentals,2005,0.48990653724243316,0.054483188044831876,0,0,1.4062971490122322,0.3483663019487298
86,Saint Helena,ornamentals,2006,0.48990653724243316,0.054483188044831876,0,0,1.4062971490122322,0.3483663019487298
86,Saint Helena,ornamentals,2007,0.32301045283435315,0.10896637608966375,0.39992395958688576,0.3922789539227895,1.4062971490122322,0.22968862097262457
86,Saint Helena,ornamentals,2008,0.09998098989672144,0.09806973848069737,0,0,1.4062971490122322,0.07109520912201735
86,Saint Helena,ornamentals,2009,0.09998098989672144,0.09806973848069737,0,0,1.4062971490122322,0.07109520912201735
86,Saint Helena,ornamentals,2010,0.09998098989672144,0.09806973848069737,0,0,1.4062971490122322,0.07109520912201735
86,Saint Helena,ornamentals,2011,0,0,0,0,1.4062971490122322,0
86,Saint Helena,ornamentals,2012,0,0,0,0,1.4062971490122322,0
86,Saint Helena,ornamentals,2013,0,0,0,0,1.4062971490122322,0
86,Saint Helena,ornamentals,2014,0,0,0,0,1.4062971490122322,0
86,Saint Helena,ornamentals,2015,0,0,0,0,1.4062971490122322,0
86,Saint Helena,ornamentals,2016,0,0,0,0,1.4062971490122322,0
86,Saint Helena,ornamentals,2017,0,0,0,0,1.4062971490122322,0
86,Saint Helena,ornamentals,2018,0,0,0,0,1.4062971490122322,0
86,Saint Helena,ornamentals,2019,0,0,0,0,1.4062971490122322,0
86,Saint Helena,ornamentals,2020,0,0,0,0,1.4062971490122322,0
86,Saint Helena,ornamentals,2021,0,0,0,0,1.4062971490122322,0
86,Saint Helena,ornamentals,2022,0,0,0,0,1.4062971490122322,0
88,Tristan da Cunha,ornamentals,2001,0.9736712732785975,0.17434620174346202,0.9736712732785975,0.17434620174346202,0.9736712732785975,1
88,Tristan da Cunha,ornamentals,2002,0.48683563663929874,0.08717310087173101,0,0,0.9736712732785975,0.5
88,Tristan da Cunha,ornamentals,2003,0.6228170035276909,0.11623080116230801,0.894779737304475,0.17434620174346202,0.9736712732785975,0.6396583945940075
88,Tristan da Cunha,ornamentals,2004,0.6753217403722651,0.09806973848069739,0.8328359509059879,0.0435865504358655,0.9736712732785975,0.6935828948699349
88,Tristan da Cunha,ornamentals,2005,0.43190392205261574,0.054483188044831876,0,0,0.9736712732785975,0.44358289486993485
88,Tristan da Cunha,ornamentals,2006,0.43190392205261574,0.054483188044831876,0,0,0.9736712732785975,0.44358289486993485
88,Tristan da Cunha,ornamentals,2007,0.40183232840364624,0.10896637608966375,0.774493362708597,0.3922789539227895,0.9736712732785975,0.4126981450839924
88,Tristan da Cunha,ornamentals,2008,0.19362334067714926,0.09806973848069737,0,0,0.9736712732785975,0.19885904615956315
88,Tristan da Cunha,ornamentals,2009,0.19362334067714926,0.09806973848069737,0,0,0.9736712732785975,0.19885904615956315
88,Tristan da Cunha,ornamentals,2010,0.19362334067714926,0.09806973848069737,0,0,0.9736712732785975,0.19885904615956315
88,Tristan da Cunha,ornamentals,2011,0,0,0,0,0.9736712732785975,0
88,Tristan da Cunha,ornamentals,2012,0,0,0,0,0.9736712732785975,0
88,Tristan da Cunha,ornamentals,2013,0,0,0,0,0.9736712732785975,0
88,Tristan da Cunha,ornamentals,2014,0,0,0,0,0.9736712732785975,0
88,Tristan da Cunha,ornamentals,2015,0,0,0,0,0.9736712732785975,0
88,Tristan da Cunha,ornamentals,2016,0,0,0,0,0.9736712732785975,0
88,Tristan da Cunha,ornamentals,2017,0,0,0,0,0.9736712732785975,0
88,Tristan da Cunha,ornamentals,2018,0,0,0,0,0.9736712732785975,0
88,Tristan da Cunha,ornamentals,2019,0,0,0,0,0.9736712732785975,0
88,Tristan da Cunha,ornamentals,2020,0,0,0,0,0.9736712732785975,0
88,Tristan da Cunha,ornamentals,2021,0,0,0,0,0.9736712732785975,0
88,Tristan da Cunha,ornamentals,2022,0,0,0,0,0.9736712732785975,0
96,Sierra Leone,ornamentals,1995,5,50,5,50,6.5,0.7692307692307693
96,Sierra Leone,ornamentals,1996,5,46,5,42,6.5,0.7692307692307693
96,Sierra Leone,ornamentals,1997,3.3333333333333335,30.666666666666668,0,0,6.5,0.5128205128205129
96,Sierra Leone,ornamentals,1998,2.6197543540985144,24.75,0.4790174163940577,7,6.5,0.40303913139977143
96,Sierra Leone,ornamentals,1999,1.6197543540985144,13.5,1,5,6.5,0.2491929775536176
96,Sierra Leone,ornamentals,2000,0.3697543540985144,3,0,0,6.5,0.056885285245925295
96,Sierra Leone,ornamentals,2001,0.3697543540985144,3.5,0,2,6.5,0.056885285245925295
96,Sierra Leone,ornamentals,2002,0.25,6.5,0,19,6.5,0.038461538461538464
96,Sierra Leone,ornamentals,2003,0,8.75,0,14,6.5,0
96,Sierra Leone,ornamentals,2004,0,10.25,0,6,6.5,0
96,Sierra Leone,ornamentals,2005,0,9.75,0,0,6.5,0
96,Sierra Leone,ornamentals,2006,0,6,0,4,6.5,0
96,Sierra Leone,ornamentals,2007,0,2.5,0,0,6.5,0
96,Sierra Leone,ornamentals,2008,0,1,0,0,6.5,0
96,Sierra Leone,ornamentals,2009,0,2.5,0,6,6.5,0
96,Sierra Leone,ornamentals,2010,0,2.75,0,5,6.5,0
96,Sierra Leone,ornamentals,2011,0,2.75,0,0,6.5,0
96,Sierra Leone,ornamentals,2012,0,2.75,0,0,6.5,0
96,Sierra Leone,ornamentals,2013,0,1.25,0,0,6.5,0
96,Sierra Leone,ornamentals,2014,6.5,4.75,26,19,6.5,1
96,Sierra Leone,ornamentals,2015,6.5,4.75,0,0,6.5,1
96,Sierra Leone,ornamentals,2016,6.5,4.75,0,0,6.5,1
96,Sierra Leone,ornamentals,2017,6.5,4.75,0,0,6.5,1
96,Sierra Leone,ornamentals,2018,0,0,0,0,6.5,0
96,Sierra Leone,ornamentals,2019,0,0,0,0,6.5,0
96,Sierra Leone,ornamentals,2020,0,0,0,0,6.5,0
96,Sierra Leone,ornamentals,2021,0,0,0,0,6.5,0
96,Sierra Leone,ornamentals,2022,0,0,0,0,6.5,0
97,Liberia,ornamentals,2000,0,1,0,1,0.5,0
97,Liberia,ornamentals,2001,0,0.5,0,0,0.5,0
97,Liberia,ornamentals,2002,0,5.666666666666667,0,16,0.5,0
97,Liberia,ornamentals,2003,0,4.5,0,1,0.5,0
97,Liberia,ornamentals,2004,0.25,6.75,1,10,0.5,0.5
97,Liberia,ornamentals,2005,0.25,7.5,0,3,0.5,0.5
97,Liberia,ornamentals,2006,0.5,4,1,2,0.5,1
97,Liberia,ornamentals,2007,0.5,3.75,0,0,0.5,1
97,Liberia,ornamentals,2008,0.25,1.25,0,0,0.5,0.5
97,Liberia,ornamentals,2009,0.25,0.5,0,0,0.5,0.5
97,Liberia,ornamentals,2010,0,0,0,0,0.5,0
97,Liberia,ornamentals,2011,0,0,0,0,0.5,0
97,Liberia,ornamentals,2012,0,0.5,0,2,0.5,0
97,Liberia,ornamentals,2013,0,0.5,0,0,0.5,0
97,Liberia,ornamentals,2014,0,0.5,0,0,0.5,0
97,Liberia,ornamentals,2015,0,0.5,0,0,0.5,0
97,Liberia,ornamentals,2016,0,0,0,0,0.5,0
97,Liberia,ornamentals,2017,0,0,0,0,0.5,0
97,Liberia,ornamentals,2018,0,0,0,0,0.5,0
97,Liberia,ornamentals,2019,0,0,0,0,0.5,0
97,Liberia,ornamentals,2020,0,0,0,0,0.5,0
97,Liberia,ornamentals,2021,0,0,0,0,0.5,0
97,Liberia,ornamentals,2022,0,0,0,0,0.5,0
100,Republique du Congo,fish_oil,1982,12,37,12,37,587.75,0.020416843896214378
100,Republique du Congo,fish_oil,1983,6,18.5,0,0,587.75,0.010208421948107189
100,Republique du Congo,fish_oil,1984,10.666666666666666,26.333333333333332,20,42,587.75,0.01814830568552389
100,Republique du Congo,fish_oil,1985,8,19.75,0,0,587.75,0.013611229264142918
100,Republique du Congo,fish_oil,1986,5,10.5,0,0,587.75,0.008507018290089324
100,Republique du Congo,fish_oil,1987,5,10.5,0,0,587.75,0.008507018290089324
100,Republique du Congo,fish_oil,1988,0,0,0,0,587.75,0
100,Republique du Congo,fish_oil,1989,0,0,0,0,587.75,0
100,Republique du Congo,fish_oil,1990,0,0,0,0,587.75,0
100,Republique du Congo,fish_oil,1991,0,0,0,0,587.75,0
100,Republique du Congo,fish_oil,1992,0,0,0,0,587.75,0
100,Republique du Congo,fish_oil,1993,0,0,0,0,587.75,0
100,Republique du Congo,fish_oil,1994,0,0,0,0,587.75,0
100,Republique du Congo,fish_oil,1995,0,0,0,0,587.75,0
100,Republique du Congo,fish_oil,1996,0,0,0,0,587.75,0
100,Republique du Congo,fish_oil,1997,0,0,0,0,587.75,0
100,Republique du Congo,fish_oil,1998,0,0,0,0,587.75,0
100,Republique du Congo,fish_oil,1999,0,0,0,0,587.75,0
100,Republique du Congo,fish_oil,2000,0,0,0,0,587.75,0
100,Republique du Congo,fish_oil,2001,0,0,0,0,587.75,0
100,Republique du Congo,fish_oil,2002,0,0,0,0,587.75,0
100,Republique du Congo,fish_oil,2003,0,0,0,0,587.75,0
100,Republique du Congo,fish_oil,2004,0,0,0,0,587.75,0
100,Republique du Congo,fish_oil,2005,0,0,0,0,587.75,0
100,Republique du Congo,fish_oil,2006,0,0,0,0,587.75,0
100,Republique du Congo,fish_oil,2007,0,0,0,0,587.75,0
100,Republique du Congo,fish_oil,2008,0,0,0,0,587.75,0
100,Republique du Congo,fish_oil,2009,0,0,0,0,587.75,0
100,Republique du Congo,fish_oil,2010,0,0,0,0,587.75,0
100,Republique du Congo,fish_oil,2011,0,0,0,0,587.75,0
100,Republique du Congo,fish_oil,2012,0,0,0,0,587.75,0
100,Republique du Congo,fish_oil,2013,0,0,0,0,587.75,0
100,Republique du Congo,fish_oil,2014,0,0,0,0,587.75,0
100,Republique du Congo,fish_oil,2015,0,0,0,0,587.75,0
100,Republique du Congo,fish_oil,2016,0,0,0,0,587.75,0
100,Republique du Congo,fish_oil,2017,127.75,44.5,511,178,587.75,0.21735431731178223
100,Republique du Congo,fish_oil,2018,377.75,140,1000,382,587.75,0.6427052318162484
100,Republique du Congo,fish_oil,2019,502.75,184.43,500,177.72,587.75,0.8553806890684815
100,Republique du Congo,fish_oil,2020,587.75,214.525,340,120.38,587.75,1
100,Republique du Congo,fish_oil,2021,502.5,184.9975,170,59.89,587.75,0.8549553381539771
100,Republique du Congo,fish_oil,2022,292.95,109.85249999999999,161.8,81.42,587.75,0.49842620161633344
100,Republique du Congo,ornamentals,1995,0,3,0,3,15.076062498729584,0
100,Republique du Congo,ornamentals,1996,5.239354300952982,44,10.478708601905964,85,15.076062498729584,0.34752803004063476
100,Republique du Congo,ornamentals,1997,6.293465338160256,55,8.401687412574802,77,15.076062498729584,0.4174475489664883
100,Republique du Congo,ornamentals,1998,6.671868861725159,60.5,7.807079432419869,77,15.076062498729584,0.4425471745216881
100,Republique du Congo,ornamentals,1999,8.706613788725178,80.25,8.138979708000079,82,15.076062498729584,0.5775124499158092
100,Republique du Congo,ornamentals,2000,8.621585349224574,83,10.138594843903547,96,15.076062498729584,0.571872486595959
100,Republique du Congo,ornamentals,2001,10.574875072341285,96.75,16.214846305041647,132,15.076062498729584,0.7014348125203381
100,Republique du Congo,ornamentals,2002,15.076062498729584,124.25,25.811829137973064,187,15.076062498729584,1
100,Republique du Congo,ornamentals,2003,13.041317571729564,148.75,0,180,15.076062498729584,0.8650347246058789
100,Republique du Congo,ornamentals,2004,11.844479225346788,145.5,5.351241458372442,83,15.076062498729584,0.7856480580619036
100,Republique du Congo,ornamentals,2005,7.790767649086376,112.5,0,0,15.076062498729584,0.5167640854329757
100,Republique du Congo,ornamentals,2006,4.601936552873099,98.5,13.056504753119953,131,15.076062498729584,0.30524790894578013
100,Republique du Congo,ornamentals,2007,4.601936552873099,53.5,0,0,15.076062498729584,0.30524790894578013
100,Republique du Congo,ornamentals,2008,3.264126188279988,32.75,0,0,15.076062498729584,0.21651052378928826
100,Republique du Congo,ornamentals,2009,3.264126188279988,32.75,0,0,15.076062498729584,0.21651052378928826
100,Republique du Congo,ornamentals,2010,0,0,0,0,15.076062498729584,0
100,Republique du Congo,ornamentals,2011,0,0,0,0,15.076062498729584,0
100,Republique du Congo,ornamentals,2012,0,0,0,0,15.076062498729584,0
100,Republique du Congo,ornamentals,2013,0,0,0,0,15.076062498729584,0
100,Republique du Congo,ornamentals,2014,0,0,0,0,15.076062498729584,0
100,Republique du Congo,ornamentals,2015,0,0,0,0,15.076062498729584,0
100,Republique du Congo,ornamentals,2016,0,0,0,0,15.076062498729584,0
100,Republique du Congo,ornamentals,2017,0,0,0,0,15.076062498729584,0
100,Republique du Congo,ornamentals,2018,0,0,0,0,15.076062498729584,0
100,Republique du Congo,ornamentals,2019,0,0,0,0,15.076062498729584,0
100,Republique du Congo,ornamentals,2020,0,0,0,0,15.076062498729584,0
100,Republique du Congo,ornamentals,2021,0,0,0,0,15.076062498729584,0
100,Republique du Congo,ornamentals,2022,0,0,0,0,15.076062498729584,0
101,Namibia,fish_oil,1994,2306,620,2306,620,4298.75,0.5364350101773772
101,Namibia,fish_oil,1995,2776,807,3246,994,4298.75,0.6457691189299215
101,Namibia,fish_oil,1996,1850.6666666666667,538,0,0,4298.75,0.430512745953281
101,Namibia,fish_oil,1997,1907,1429.25,2076,4103,4298.75,0.4436173306193661
101,Namibia,fish_oil,1998,3246,2708,7662,5735,4298.75,0.7551032276824658
101,Namibia,fish_oil,1999,3319.5,2654.75,3540,781,4298.75,0.7722012212852574
101,Namibia,fish_oil,2000,4298.75,2776.75,3917,488,4298.75,1
101,Namibia,fish_oil,2001,4269.5,1939,1959,752,4298.75,0.9931956964233789
101,Namibia,fish_oil,2002,3443.25,1081,4357,2303,4298.75,0.800988659494039
101,Namibia,fish_oil,2003,3141,1231,2331,1381,4298.75,0.7306775225356208
101,Namibia,fish_oil,2004,2618.5,1387,1827,1112,4298.75,0.6091305612096539
101,Namibia,fish_oil,2005,2517.25,1323.5,1554,498,4298.75,0.5855772026751963
101,Namibia,fish_oil,2006,1888.25,939,1841,765,4298.75,0.4392555975574295
101,Namibia,fish_oil,2007,1904.25,977.5,2395,1535,4298.75,0.44297760977028205
101,Namibia,fish_oil,2008,1860.25,1359.5,1651,2640,4298.75,0.4327420761849375
101,Namibia,fish_oil,2009,1653.25,1475.75,726,963,4298.75,0.3845885431811573
101,Namibia,fish_oil,2010,1412,1597.75,876,1253,4298.75,0.32846757778423963
101,Namibia,fish_oil,2011,1422.75,2064,2438,3400,4298.75,0.3309683047397499
101,Namibia,fish_oil,2012,1267.75,1809.75,1031,1623,4298.75,0.29491131142774063
101,Namibia,fish_oil,2013,1239,1940,611,1484,4298.75,0.2882233207327712
101,Namibia,fish_oil,2014,1440.75,2262.25,1683,2542,4298.75,0.3351555684792091
101,Namibia,fish_oil,2015,964.25,1658.5,532,985,4298.75,0.22430939226519336
101,Namibia,fish_oil,2016,791.25,1427.75,339,700,4298.75,0.18406513521372492
101,Namibia,fish_oil,2017,653.25,1072,59,61,4298.75,0.15196277987787146
101,Namibia,fish_oil,2018,237.5,438.25,20,7,4298.75,0.055248618784530384
101,Namibia,fish_oil,2019,125.555,223.5825,84.22,126.33,4298.75,0.029207327711544055
101,Namibia,fish_oil,2020,115.2875,138.38750000000002,297.93,359.22,4298.75,0.026818842686827566
101,Namibia,fish_oil,2021,121.67,152.6125,84.53,117.9,4298.75,0.028303576621110788
101,Namibia,fish_oil,2022,136.47,179.82250000000002,79.2,115.84,4298.75,0.031746437917999415
101,Namibia,ornamentals,2000,1,5,1,5,44.5,0.02247191011235955
101,Namibia,ornamentals,2001,0.5,2.5,0,0,44.5,0.011235955056179775
101,Namibia,ornamentals,2002,7.666666666666667,4,22,7,44.5,0.17228464419475656
101,Namibia,ornamentals,2003,6.75,7.75,4,19,44.5,0.15168539325842698
101,Namibia,ornamentals,2004,26.5,35.75,80,117,44.5,0.5955056179775281
101,Namibia,ornamentals,2005,44.5,62.5,72,107,44.5,1
101,Namibia,ornamentals,2006,39,60.75,0,0,44.5,0.8764044943820225
101,Namibia,ornamentals,2007,38,56,0,0,44.5,0.8539325842696629
101,Namibia,ornamentals,2008,18,26.75,0,0,44.5,0.4044943820224719
101,Namibia,ornamentals,2009,0,0,0,0,44.5,0
101,Namibia,ornamentals,2010,0,0,0,0,44.5,0
101,Namibia,ornamentals,2011,0,0,0,0,44.5,0
101,Namibia,ornamentals,2012,1.25,3.5,5,14,44.5,0.028089887640449437
101,Namibia,ornamentals,2013,1.25,7.25,0,15,44.5,0.028089887640449437
101,Namibia,ornamentals,2014,7.75,13.75,26,26,44.5,0.17415730337078653
101,Namibia,ornamentals,2015,7.75,13.75,0,0,44.5,0.17415730337078653
101,Namibia,ornamentals,2016,6.5,10.25,0,0,44.5,0.14606741573033707
101,Namibia,ornamentals,2017,6.5,6.5,0,0,44.5,0.14606741573033707
101,Namibia,ornamentals,2018,0,0,0,0,44.5,0
101,Namibia,ornamentals,2019,0,0,0,0,44.5,0
101,Namibia,ornamentals,2020,0,0,0,0,44.5,0
101,Namibia,ornamentals,2021,0,0,0,0,44.5,0
101,Namibia,ornamentals,2022,0.125,0.0625,0.5,0.25,44.5,0.0028089887640449437
101,Namibia,seaweeds,1997,865,1112,865,1112,2288,0.3780594405594406
101,Namibia,seaweeds,1998,2288,2329,3711,3546,2288,1
101,Namibia,seaweeds,1999,1815.3333333333333,1858.3333333333333,870,917,2288,0.7934149184149184
101,Namibia,seaweeds,2000,1488.5,1513,508,477,2288,0.6505681818181818
101,Namibia,seaweeds,2001,1392.75,1342.25,482,429,2288,0.6087194055944056
101,Namibia,seaweeds,2002,531.5,499,266,173,2288,0.23229895104895104
101,Namibia,seaweeds,2003,327.25,276.25,53,26,2288,0.14302884615384615
101,Namibia,seaweeds,2004,217,180.75,67,95,2288,0.09484265734265734
101,Namibia,seaweeds,2005,156.75,118,241,178,2288,0.06850961538461539
101,Namibia,seaweeds,2006,108.75,93,74,73,2288,0.04753059440559441
101,Namibia,seaweeds,2007,114,104.75,74,73,2288,0.049825174825174824
101,Namibia,seaweeds,2008,132,129.5,139,194,2288,0.057692307692307696
101,Namibia,seaweeds,2009,109.75,309.5,152,898,2288,0.047967657342657344
101,Namibia,seaweeds,2010,124.75,345,134,215,2288,0.0545236013986014
101,Namibia,seaweeds,2011,125.25,367,76,161,2288,0.054742132867132864
101,Namibia,seaweeds,2012,97.75,331,29,50,2288,0.042722902097902096
101,Namibia,seaweeds,2013,67,116,29,38,2288,0.029283216783216784
101,Namibia,seaweeds,2014,33.5,62.25,0,0,2288,0.014641608391608392
101,Namibia,seaweeds,2015,14.5,22,0,0,2288,0.006337412587412587
101,Namibia,seaweeds,2016,7.25,9.5,0,0,2288,0.0031687062937062935
101,Namibia,seaweeds,2017,0,0,0,0,2288,0
101,Namibia,seaweeds,2018,0,0,0,0,2288,0
101,Namibia,seaweeds,2019,0.21,0.41000000000000003,0.84,1.6400000000000001,2288,9.178321678321678e-5
101,Namibia,seaweeds,2020,0.21,0.41000000000000003,0,0,2288,9.178321678321678e-5
101,Namibia,seaweeds,2021,0.26,0.8275,0.2,1.67,2288,1.1363636363636364e-4
101,Namibia,seaweeds,2022,0.31,1.245,0.2,1.67,2288,1.3548951048951048e-4
102,South Africa,fish_oil,1976,14200,5179,14200,5179,14200,1
102,South Africa,fish_oil,1977,7350,2691.5,500,204,14200,0.5176056338028169
102,South Africa,fish_oil,1978,8775.485414582605,3465,11626.456243747816,5012,14200,0.6179919306044088
102,South Africa,fish_oil,1979,9906.614060936954,4005.25,13300,5626,14200,0.6976488775307714
102,South Africa,fish_oil,1980,6531.614060936954,2779.75,700,277,14200,0.45997282119274324
102,South Africa,fish_oil,1981,9106.614060936954,3798.75,10800,4280,14200,0.6413108493617573
102,South Africa,fish_oil,1982,6700,2713.25,2000,670,14200,0.47183098591549294
102,South Africa,fish_oil,1983,5525,2040.25,8600,2934,14200,0.3890845070422535
102,South Africa,fish_oil,1984,5775,2108.5,1700,550,14200,0.40669014084507044
102,South Africa,fish_oil,1985,3424.25,1164,1397,502,14200,0.2411443661971831
102,South Africa,fish_oil,1986,2937.75,1012.5,54,64,14200,0.2068838028169014
102,South Africa,fish_oil,1987,6752.25,1493.75,23858,4859,14200,0.4755105633802817
102,South Africa,fish_oil,1988,7965.25,1695.25,6552,1356,14200,0.5609330985915493
102,South Africa,fish_oil,1989,7626.25,1579,41,37,14200,0.5370598591549296
102,South Africa,fish_oil,1990,7620.25,1566.25,30,13,14200,0.5366373239436619
102,South Africa,fish_oil,1991,1704.75,391.25,196,159,14200,0.12005281690140845
102,South Africa,fish_oil,1992,212,147.75,581,382,14200,0.014929577464788733
102,South Africa,fish_oil,1993,343.75,223,568,338,14200,0.02420774647887324
102,South Africa,fish_oil,1994,366.75,243.25,122,94,14200,0.025827464788732393
102,South Africa,fish_oil,1995,396,274.5,313,284,14200,0.027887323943661974
102,South Africa,fish_oil,1996,339,248.25,353,277,14200,0.023873239436619717
102,South Africa,fish_oil,1997,265.75,213.5,275,199,14200,0.018714788732394367
102,South Africa,fish_oil,1998,802.5,488.25,2269,1193,14200,0.056514084507042255
102,South Africa,fish_oil,1999,729.25,422.25,20,20,14200,0.0513556338028169
102,South Africa,fish_oil,2000,1917,540.75,5104,751,14200,0.135
102,South Africa,fish_oil,2001,1849,493.25,3,9,14200,0.1302112676056338
102,South Africa,fish_oil,2002,1495.75,273.25,856,313,14200,0.10533450704225353
102,South Africa,fish_oil,2003,1745.5,396,1019,511,14200,0.1229225352112676
102,South Africa,fish_oil,2004,831.5,434.5,1448,905,14200,0.058556338028169015
102,South Africa,fish_oil,2005,1101.25,595.25,1082,652,14200,0.07755281690140844
102,South Africa,fish_oil,2006,1188.75,661.75,1206,579,14200,0.08371478873239437
102,South Africa,fish_oil,2007,1788,985.75,3416,1807,14200,0.12591549295774648
102,South Africa,fish_oil,2008,2081.25,1199.75,2621,1761,14200,0.14656690140845072
102,South Africa,fish_oil,2009,2238.25,1391.5,1710,1419,14200,0.1576232394366197
102,South Africa,fish_oil,2010,3004.5,2280.25,4271,4134,14200,0.2115845070422535
102,South Africa,fish_oil,2011,3030.25,2969.75,3519,4565,14200,0.21339788732394366
102,South Africa,fish_oil,2012,3789.5,4440.25,5658,7643,14200,0.2668661971830986
102,South Africa,fish_oil,2013,3650.5,4815.25,1154,2919,14200,0.2570774647887324
102,South Africa,fish_oil,2014,3548.25,5441,3862,6637,14200,0.2498767605633803
102,South Africa,fish_oil,2015,3694,5951.25,4102,6606,14200,0.2601408450704225
102,South Africa,fish_oil,2016,3872.75,6660.5,6373,10480,14200,0.2727288732394366
102,South Africa,fish_oil,2017,5127.5,8041,6173,8441,14200,0.36109154929577464
102,South Africa,fish_oil,2018,5591.5,8386.25,5718,8018,14200,0.3937676056338028
102,South Africa,fish_oil,2019,5547.61,8133.1224999999995,3926.44,5593.49,14200,0.39067676056338024
102,South Africa,fish_oil,2020,5818.63,8884.2575,7457.08,13484.54,14200,0.40976267605633804
102,South Africa,fish_oil,2021,5675.49,9590.31,5600.44,11265.21,14200,0.3996823943661972
102,South Africa,fish_oil,2022,7006.3925,15797.41,11041.61,32846.4,14200,0.49340792253521126
102,South Africa,ornamentals,1985,62.57824262370957,92,62.57824262370957,92,201.86172046200247,0.3100054952493532
102,South Africa,ornamentals,1986,31.289121311854785,46,0,0,201.86172046200247,0.1550027476246766
102,South Africa,ornamentals,1987,20.85941420790319,30.666666666666668,0,0,201.86172046200247,0.10333516508311773
102,South Africa,ornamentals,1988,15.644560655927393,23,0,0,201.86172046200247,0.0775013738123383
102,South Africa,ornamentals,1989,0,0,0,0,201.86172046200247,0
102,South Africa,ornamentals,1990,38.356088292167726,56.75,153.4243531686709,227,201.86172046200247,0.19001169812870838
102,South Africa,ornamentals,1991,76.03445752566816,112.5,150.71347693400173,223,201.86172046200247,0.37666605313601564
102,South Africa,ornamentals,1992,128.19001778864265,189.75,208.62224105189802,309,201.86172046200247,0.6350387656225914
102,South Africa,ornamentals,1993,182.19367734097344,269.75,216.0146382093231,320,201.86172046200247,0.9025667517545445
102,South Africa,ornamentals,1994,189.24929871866203,280.25,181.64683867942531,269,201.86172046200247,0.9375194974338161
102,South Africa,ornamentals,1995,201.86172046200247,299,201.16316390736347,298,201.86172046200247,1
102,South Africa,ornamentals,1996,187.3636919365567,277.5,150.63012695011494,223,201.86172046200247,0.9281784159360972
102,South Africa,ornamentals,1997,176.06503331860745,260.75,170.82000373752606,253,201.86172046200247,0.8722061464434469
102,South Africa,ornamentals,1998,145.23337947594268,215,58.32022330876622,86,201.86172046200247,0.7194696406210446
102,South Africa,ornamentals,1999,102.78296123236953,152,31.36149093307089,46,201.86172046200247,0.5091750976714623
102,South Africa,ornamentals,2000,69.76226482141767,103,18.5473413063075,27,201.86172046200247,0.34559432398451895
102,South Africa,ornamentals,2001,32.36348327389164,47.5,21.224877547421954,31,201.86172046200247,0.16032501456849316
102,South Africa,ornamentals,2002,18.875782087655303,27.5,4.369418563820865,6,201.86172046200247,0.09350847721130165
102,South Africa,ornamentals,2003,23.742360897056827,34.75,50.82780617067699,75,201.86172046200247,0.1176169550260322
102,South Africa,ornamentals,2004,21.36826044212415,31.25,9.050939486576787,13,201.86172046200247,0.10585593144266506
102,South Africa,ornamentals,2005,16.636729529036145,24.25,2.298753895069943,3,201.86172046200247,0.08241646554363817
102,South Africa,ornamentals,2006,16.114895862654077,23.5,2.2820838982925835,3,201.86172046200247,0.07983136092257508
102,South Africa,ornamentals,2007,3.6375220156271606,5,0.9183107825693284,1,201.86172046200247,0.018019870272094857
102,South Africa,ornamentals,2008,20.12286522593705,29.5,74.99231232781635,111,201.86172046200247,0.09968638521400539
102,South Africa,ornamentals,2009,19.769419449423218,29,0.8849707890146092,1,201.86172046200247,0.09793545504406083
102,South Africa,ornamentals,2010,19.584361562777623,28.75,1.5418523517102045,2,201.86172046200247,0.09701869932523484
102,South Africa,ornamentals,2011,19.736079455868502,29,1.525182354932845,2,201.86172046200247,0.09777029250864595
102,South Africa,ornamentals,2012,0.9880013739144147,1.25,0,0,201.86172046200247,0.004894446414373009
102,South Africa,ornamentals,2013,1.0167586766607624,1.25,1,1,201.86172046200247,0.00503690682083606
102,South Africa,ornamentals,2014,2.6312955887332112,11,8,41,201.86172046200247,0.013035139018487234
102,South Africa,ornamentals,2015,2.75,38.5,2,112,201.86172046200247,0.013623187168454
102,South Africa,ornamentals,2016,8.75,70.5,24,128,201.86172046200247,0.04334650462689909
102,South Africa,ornamentals,2017,10.5,81.25,8,44,201.86172046200247,0.0520158055522789
102,South Africa,ornamentals,2018,11,118.75,10,191,201.86172046200247,0.054492748673816
102,South Africa,ornamentals,2019,15.5975,110.27250000000001,20.39,78.09,201.86172046200247,0.07726824067634955
102,South Africa,ornamentals,2020,10.1275,81.2475,2.12,11.9,201.86172046200247,0.05017048292673377
102,South Africa,ornamentals,2021,8.74,77.415,2.45,28.67,201.86172046200247,0.04329696576446835
102,South Africa,ornamentals,2022,8.835,42.252500000000005,10.38,50.35,201.86172046200247,0.0437675849575604
102,South Africa,seaweeds,1998,2871,2160,2871,2160,2871,1
102,South Africa,seaweeds,1999,2060.5,1715,1250,1270,2871,0.7176941832114246
102,South Africa,seaweeds,2000,2006.3333333333333,1655.3333333333333,1898,1536,2871,0.6988273539997678
102,South Africa,seaweeds,2001,2003.25,1533,1994,1166,2871,0.6977533960292581
102,South Africa,seaweeds,2002,1548,1198.25,1050,821,2871,0.5391849529780565
102,South Africa,seaweeds,2003,1587,1094,1406,853,2871,0.5527690700104493
102,South Africa,seaweeds,2004,1330.25,987.25,871,1109,2871,0.4633402995471961
102,South Africa,seaweeds,2005,955,837.5,493,567,2871,0.3326367119470568
102,South Africa,seaweeds,2006,799.75,749.75,429,470,2871,0.2785614768373389
102,South Africa,seaweeds,2007,618,715.5,679,716,2871,0.21525600835945663
102,South Africa,seaweeds,2008,561,665.75,643,910,2871,0.19540229885057472
102,South Africa,seaweeds,2009,615.5,779,711,1020,2871,0.21438523162661094
102,South Africa,seaweeds,2010,730.25,1011.25,888,1399,2871,0.2543538836642285
102,South Africa,seaweeds,2011,781.25,1202.75,883,1482,2871,0.2721177290142807
102,South Africa,seaweeds,2012,687.5,1149.25,268,696,2871,0.23946360153256704
102,South Africa,seaweeds,2013,582.5,1060.25,291,664,2871,0.2028909787530477
102,South Africa,seaweeds,2014,830.25,1294.75,1879,2337,2871,0.2891849529780564
102,South Africa,seaweeds,2015,844.75,1274.5,941,1401,2871,0.2942354580285615
102,South Africa,seaweeds,2016,1136.25,1629,1434,2114,2871,0.3957680250783699
102,South Africa,seaweeds,2017,1352.75,2017.25,1157,2217,2871,0.4711772901428074
102,South Africa,seaweeds,2018,1126.5,2063.25,974,2521,2871,0.39237199582027166
102,South Africa,seaweeds,2019,1156.0275,2221.535,1059.11,2034.1399999999999,2871,0.4026567398119122
102,South Africa,seaweeds,2020,1388.84,2554.1425,2365.25,3444.43,2871,0.4837478230581679
102,South Africa,seaweeds,2021,1851.045,3107.825,3005.82,4431.7300000000005,2871,0.6447387669801463
102,South Africa,seaweeds,2022,2473.6475,4413.2075,3464.41,7742.530000000001,2871,0.8615978753047718
103,Sao Tome and Principe,ornamentals,1997,0,2,0,2,0,1
103,Sao Tome and Principe,ornamentals,1998,0,1.5,0,1,0,1
103,Sao Tome and Principe,ornamentals,1999,0,1,0,0,0,1
103,Sao Tome and Principe,ornamentals,2000,0,0.75,0,0,0,1
103,Sao Tome and Principe,ornamentals,2001,0,0.25,0,0,0,1
103,Sao Tome and Principe,ornamentals,2002,0,0,0,0,0,1
103,Sao Tome and Principe,ornamentals,2003,0,0,0,0,0,1
103,Sao Tome and Principe,ornamentals,2004,0,0,0,0,0,1
103,Sao Tome and Principe,ornamentals,2005,0,0,0,0,0,1
103,Sao Tome and Principe,ornamentals,2006,0,2,0,8,0,1
103,Sao Tome and Principe,ornamentals,2007,0,2.25,0,1,0,1
103,Sao Tome and Principe,ornamentals,2008,0,2.25,0,0,0,1
103,Sao Tome and Principe,ornamentals,2009,0,2.25,0,0,0,1
103,Sao Tome and Principe,ornamentals,2010,0,0.25,0,0,0,1
103,Sao Tome and Principe,ornamentals,2011,0,0,0,0,0,1
103,Sao Tome and Principe,ornamentals,2012,0,0,0,0,0,1
103,Sao Tome and Principe,ornamentals,2013,0,0,0,0,0,1
103,Sao Tome and Principe,ornamentals,2014,0,0,0,0,0,1
103,Sao Tome and Principe,ornamentals,2015,0,0,0,0,0,1
103,Sao Tome and Principe,ornamentals,2016,0,0,0,0,0,1
103,Sao Tome and Principe,ornamentals,2017,0,0,0,0,0,1
103,Sao Tome and Principe,ornamentals,2018,0,0,0,0,0,1
103,Sao Tome and Principe,ornamentals,2019,0,0,0,0,0,1
103,Sao Tome and Principe,ornamentals,2020,0,0,0,0,0,1
103,Sao Tome and Principe,ornamentals,2021,0,0,0,0,0,1
103,Sao Tome and Principe,ornamentals,2022,0,0,0,0,0,1
104,Equatorial Guinea,ornamentals,1995,0,9,0,9,0,1
104,Equatorial Guinea,ornamentals,1996,0,4.5,0,0,0,1
104,Equatorial Guinea,ornamentals,1997,0,4,0,3,0,1
104,Equatorial Guinea,ornamentals,1998,0,3,0,0,0,1
104,Equatorial Guinea,ornamentals,1999,0,0.75,0,0,0,1
104,Equatorial Guinea,ornamentals,2000,0,0.75,0,0,0,1
104,Equatorial Guinea,ornamentals,2001,0,0,0,0,0,1
104,Equatorial Guinea,ornamentals,2002,0,0,0,0,0,1
104,Equatorial Guinea,ornamentals,2003,0,0.75,0,3,0,1
104,Equatorial Guinea,ornamentals,2004,0,0.75,0,0,0,1
104,Equatorial Guinea,ornamentals,2005,0,0.75,0,0,0,1
104,Equatorial Guinea,ornamentals,2006,0,1.25,0,2,0,1
104,Equatorial Guinea,ornamentals,2007,0,0.5,0,0,0,1
104,Equatorial Guinea,ornamentals,2008,0,2.5,0,8,0,1
104,Equatorial Guinea,ornamentals,2009,0,3.75,0,5,0,1
104,Equatorial Guinea,ornamentals,2010,0,3.25,0,0,0,1
104,Equatorial Guinea,ornamentals,2011,0,3.25,0,0,0,1
104,Equatorial Guinea,ornamentals,2012,0,1.25,0,0,0,1
104,Equatorial Guinea,ornamentals,2013,0,0,0,0,0,1
104,Equatorial Guinea,ornamentals,2014,0,0,0,0,0,1
104,Equatorial Guinea,ornamentals,2015,0,0,0,0,0,1
104,Equatorial Guinea,ornamentals,2016,0,0,0,0,0,1
104,Equatorial Guinea,ornamentals,2017,0,0,0,0,0,1
104,Equatorial Guinea,ornamentals,2018,0,0,0,0,0,1
104,Equatorial Guinea,ornamentals,2019,0,0,0,0,0,1
104,Equatorial Guinea,ornamentals,2020,0,0,0,0,0,1
104,Equatorial Guinea,ornamentals,2021,0,0,0,0,0,1
104,Equatorial Guinea,ornamentals,2022,0,0,0,0,0,1
106,Ghana,fish_oil,1999,1,1,1,1,265.9175,0.0037605648368384927
106,Ghana,fish_oil,2000,0.5,0.5,0,0,265.9175,0.0018802824184192463
106,Ghana,fish_oil,2001,0.3333333333333333,0.3333333333333333,0,0,265.9175,0.0012535216122794976
106,Ghana,fish_oil,2002,0.25,0.25,0,0,265.9175,9.401412092096232e-4
106,Ghana,fish_oil,2003,0,0,0,0,265.9175,0
106,Ghana,fish_oil,2004,0,0,0,0,265.9175,0
106,Ghana,fish_oil,2005,0,0,0,0,265.9175,0
106,Ghana,fish_oil,2006,0,0,0,0,265.9175,0
106,Ghana,fish_oil,2007,0,0,0,0,265.9175,0
106,Ghana,fish_oil,2008,8,5.75,32,23,265.9175,0.03008451869470794
106,Ghana,fish_oil,2009,24.75,23.25,67,70,265.9175,0.0930739797117527
106,Ghana,fish_oil,2010,41.75,40.25,68,68,265.9175,0.15700358193800706
106,Ghana,fish_oil,2011,55.75,76,56,143,265.9175,0.20965148965374597
106,Ghana,fish_oil,2012,87.25,117.75,158,190,265.9175,0.3281092820141585
106,Ghana,fish_oil,2013,82.5,115.75,48,62,265.9175,0.3102465990391757
106,Ghana,fish_oil,2014,73,108,30,37,265.9175,0.27452123308921
106,Ghana,fish_oil,2015,62.25,76,13,15,265.9175,0.23409516109319617
106,Ghana,fish_oil,2016,22.75,28.5,0,0,265.9175,0.08555285003807571
106,Ghana,fish_oil,2017,84.5,246.5,295,934,265.9175,0.31776772871285264
106,Ghana,fish_oil,2018,174.75,626,391,1555,265.9175,0.6571587052375266
106,Ghana,fish_oil,2019,254.3075,982.7774999999999,331.23,1442.11,265.9175,0.956339842244305
106,Ghana,fish_oil,2020,265.9175,997.475,46.44,58.79,265.9175,1
106,Ghana,fish_oil,2021,192.16750000000002,763.975,0,0,265.9175,0.7226583432831611
106,Ghana,fish_oil,2022,94.44250000000001,375.22999999999996,0.1,0.02,265.9175,0.3551571446031194
106,Ghana,ornamentals,1986,0,1,0,1,34.315,0
106,Ghana,ornamentals,1987,0,2,0,3,34.315,0
106,Ghana,ornamentals,1988,0,2,0,2,34.315,0
106,Ghana,ornamentals,1989,0,2,0,2,34.315,0
106,Ghana,ornamentals,1990,0,2,0,1,34.315,0
106,Ghana,ornamentals,1991,0,1.5,0,1,34.315,0
106,Ghana,ornamentals,1992,0,1.25,0,1,34.315,0
106,Ghana,ornamentals,1993,0.3666722023909337,7.25,1.4666888095637347,26,34.315,0.010685478723326059
106,Ghana,ornamentals,1994,0.3666722023909337,7,0,0,34.315,0.010685478723326059
106,Ghana,ornamentals,1995,0.37422766625187265,7.25,0.030221855443755885,2,34.315,0.010905658349173035
106,Ghana,ornamentals,1996,1.313104269593392,7.75,3.755506413366078,3,34.315,0.038266188826851004
106,Ghana,ornamentals,1997,1.6190936996871628,1.5,2.6906465299388174,1,34.315,0.04718326386965359
106,Ghana,ornamentals,1998,1.6190936996871628,1.5,0,0,34.315,0.04718326386965359
106,Ghana,ornamentals,1999,1.6115382358262238,1,0,0,34.315,0.04696308424380661
106,Ghana,ornamentals,2000,0.6726616324847043,0.25,0,0,34.315,0.01960255376612864
106,Ghana,ornamentals,2001,0,0,0,0,34.315,0
106,Ghana,ornamentals,2002,0,0,0,0,34.315,0
106,Ghana,ornamentals,2003,0,0,0,0,34.315,0
106,Ghana,ornamentals,2004,0,0,0,0,34.315,0
106,Ghana,ornamentals,2005,0,0,0,0,34.315,0
106,Ghana,ornamentals,2006,0,0,0,0,34.315,0
106,Ghana,ornamentals,2007,0,0,0,0,34.315,0
106,Ghana,ornamentals,2008,0.25,2,1,8,34.315,0.007285443683520327
106,Ghana,ornamentals,2009,0.25,2,0,0,34.315,0.007285443683520327
106,Ghana,ornamentals,2010,0.25,2,0,0,34.315,0.007285443683520327
106,Ghana,ornamentals,2011,0.25,2,0,0,34.315,0.007285443683520327
106,Ghana,ornamentals,2012,0,0,0,0,34.315,0
106,Ghana,ornamentals,2013,16.5,8,66,32,34.315,0.4808392831123416
106,Ghana,ornamentals,2014,16.5,8,0,0,34.315,0.4808392831123416
106,Ghana,ornamentals,2015,16.5,8,0,0,34.315,0.4808392831123416
106,Ghana,ornamentals,2016,16.5,8,0,0,34.315,0.4808392831123416
106,Ghana,ornamentals,2017,0.25,0,1,0,34.315,0.007285443683520327
106,Ghana,ornamentals,2018,0.5,0.25,1,1,34.315,0.014570887367040654
106,Ghana,ornamentals,2019,26.6575,18.385,104.63,72.54,34.315,0.7768468599737725
106,Ghana,ornamentals,2020,27.2675,18.790000000000003,2.44,1.62,34.315,0.794623342561562
106,Ghana,ornamentals,2021,27.685,19.442500000000003,2.67,2.61,34.315,0.8067900335130409
106,Ghana,ornamentals,2022,34.315,45.5825,27.52,105.56,34.315,1
106,Ghana,seaweeds,2016,0,0,0,0,0.2175,0
106,Ghana,seaweeds,2017,0,2.5,0,5,0.2175,0
106,Ghana,seaweeds,2018,0,1.6666666666666667,0,0,0.2175,0
106,Ghana,seaweeds,2019,0.0075,2.2525,0.03,4.01,0.2175,0.034482758620689655
106,Ghana,seaweeds,2020,0.1225,10.625,0.45999999999999996,33.49,0.2175,0.5632183908045977
106,Ghana,seaweeds,2021,0.185,9.475,0.25,0.4,0.2175,0.8505747126436781
106,Ghana,seaweeds,2022,0.2175,9.530000000000001,0.13,0.22,0.2175,1
110,Bahamas,seaweeds,2017,8.1,31,8.1,31,14.64,0.5532786885245902
110,Bahamas,seaweeds,2018,14.64,80.525,21.18,130.05,14.64,1
110,Bahamas,seaweeds,2019,13.166666666666666,101.87333333333333,10.22,144.57,14.64,0.8993624772313296
110,Bahamas,seaweeds,2020,11.875,86.8425,8,41.75,14.64,0.8111338797814207
110,Bahamas,seaweeds,2021,11.1,86.5925,5,30,14.64,0.7581967213114753
110,Bahamas,seaweeds,2022,6.305,59.08,2,20,14.64,0.43066939890710376
112,Cuba,ornamentals,1999,10,74,10,74,16.25,0.6153846153846154
112,Cuba,ornamentals,2000,12,78.5,14,83,16.25,0.7384615384615385
112,Cuba,ornamentals,2001,13.333333333333334,86.33333333333333,16,102,16.25,0.8205128205128206
112,Cuba,ornamentals,2002,13.5,78.75,14,56,16.25,0.8307692307692308
112,Cuba,ornamentals,2003,14.5,85.25,14,100,16.25,0.8923076923076924
112,Cuba,ornamentals,2004,14.5,91.5,14,108,16.25,0.8923076923076924
112,Cuba,ornamentals,2005,13.5,90.25,12,97,16.25,0.8307692307692308
112,Cuba,ornamentals,2006,14.75,103,19,107,16.25,0.9076923076923077
112,Cuba,ornamentals,2007,16.25,105.5,20,110,16.25,1
112,Cuba,ornamentals,2008,15.25,96.25,10,71,16.25,0.9384615384615385
112,Cuba,ornamentals,2009,15,89.5,11,70,16.25,0.9230769230769231
112,Cuba,ornamentals,2010,12.5,80.5,9,71,16.25,0.7692307692307693
112,Cuba,ornamentals,2011,9,99.75,6,187,16.25,0.5538461538461539
112,Cuba,ornamentals,2012,7.5,110,4,112,16.25,0.46153846153846156
112,Cuba,ornamentals,2013,5.5,122,3,118,16.25,0.3384615384615385
112,Cuba,ornamentals,2014,4.25,134,4,119,16.25,0.26153846153846155
112,Cuba,ornamentals,2015,3.25,108.75,2,86,16.25,0.2
112,Cuba,ornamentals,2016,3.785,92.455,6.14,46.82,16.25,0.23292307692307693
112,Cuba,ornamentals,2017,5.1475,74.8675,8.45,47.65,16.25,0.31676923076923075
112,Cuba,ornamentals,2018,6.3975,57.7475,9,50.52,16.25,0.3936923076923077
112,Cuba,ornamentals,2019,5.915,37.5825,0.07,5.34,16.25,0.364
112,Cuba,ornamentals,2020,4.665,29.4875,1.14,14.44,16.25,0.28707692307692306
112,Cuba,ornamentals,2021,2.635,24.2275,0.33,26.61,16.25,0.16215384615384615
112,Cuba,ornamentals,2022,0.46249999999999997,17.865,0.31,25.07,16.25,0.028461538461538458
112,Cuba,seaweeds,1999,3,77,3,77,7.333333333333333,0.4090909090909091
112,Cuba,seaweeds,2000,7,153.5,11,230,7.333333333333333,0.9545454545454546
112,Cuba,seaweeds,2001,7.333333333333333,147.66666666666666,8,136,7.333333333333333,1
112,Cuba,seaweeds,2002,6.75,136,5,101,7.333333333333333,0.9204545454545455
112,Cuba,seaweeds,2003,6.75,134.75,3,72,7.333333333333333,0.9204545454545455
112,Cuba,seaweeds,2004,4.75,92.5,3,61,7.333333333333333,0.6477272727272727
112,Cuba,seaweeds,2005,3,64.5,1,24,7.333333333333333,0.4090909090909091
112,Cuba,seaweeds,2006,2,45,1,23,7.333333333333333,0.27272727272727276
112,Cuba,seaweeds,2007,1.25,27,0,0,7.333333333333333,0.17045454545454547
112,Cuba,seaweeds,2008,0.5,11.75,0,0,7.333333333333333,0.06818181818181819
112,Cuba,seaweeds,2009,1,7.75,3,8,7.333333333333333,0.13636363636363638
112,Cuba,seaweeds,2010,1,3,1,4,7.333333333333333,0.13636363636363638
112,Cuba,seaweeds,2011,1,3,0,0,7.333333333333333,0.13636363636363638
112,Cuba,seaweeds,2012,1,3,0,0,7.333333333333333,0.13636363636363638
112,Cuba,seaweeds,2013,0.25,1,0,0,7.333333333333333,0.034090909090909095
112,Cuba,seaweeds,2014,0,0,0,0,7.333333333333333,0
112,Cuba,seaweeds,2015,0,0,0,0,7.333333333333333,0
112,Cuba,seaweeds,2016,0,0,0,0,7.333333333333333,0
112,Cuba,seaweeds,2017,0,0,0,0,7.333333333333333,0
112,Cuba,seaweeds,2018,0,0,0,0,7.333333333333333,0
112,Cuba,seaweeds,2019,0,0,0,0,7.333333333333333,0
112,Cuba,seaweeds,2020,0,0,0,0,7.333333333333333,0
112,Cuba,seaweeds,2021,0,0,0,0,7.333333333333333,0
112,Cuba,seaweeds,2022,0,0,0,0,7.333333333333333,0
114,Haiti,ornamentals,1996,19.978461781271562,81,19.978461781271562,81,193.98621223138832,0.10298908129326785
114,Haiti,ornamentals,1997,37.19676513707374,143,54.41506849287592,205,193.98621223138832,0.19174953059398436
114,Haiti,ornamentals,1998,134.8654226927478,495.3333333333333,330.20273780409593,1200,193.98621223138832,0.6952320020140361
114,Haiti,ornamentals,1999,156.00925997908334,571.5,219.44077183808997,800,193.98621223138832,0.80422860049968
114,Haiti,ornamentals,2000,179.77765095006174,657,115.05202566518517,423,193.98621223138832,0.926754787786781
114,Haiti,ornamentals,2001,193.98621223138832,708,111.24931361818223,409,193.98621223138832,1
114,Haiti,ornamentals,2002,134.1407304820062,491.75,90.82081080656741,335,193.98621223138832,0.6914962096481478
114,Haiti,ornamentals,2003,96.74006626485007,356.5,69.83811496946551,259,193.98621223138832,0.4986955781654097
114,Haiti,ornamentals,2004,91.82896816687301,338.5,95.40763327327687,351,193.98621223138832,0.47337884023086485
114,Haiti,ornamentals,2005,79.57481248119235,294,62.232690875459625,231,193.98621223138832,0.41020859970333806
114,Haiti,ornamentals,2006,71.13073384573525,263.25,57.044496264738996,212,193.98621223138832,0.36667932750235843
114,Haiti,ornamentals,2007,74.53253113006411,275.25,83.44530410678095,307,193.98621223138832,0.38421561137118915
114,Haiti,ornamentals,2008,79.94327813178357,294.75,117.05062128015473,429,193.98621223138832,0.4121080421758356
114,Haiti,ornamentals,2009,103.15747607727491,378.25,155.08948265742498,565,193.98621223138832,0.5317773613427115
114,Haiti,ornamentals,2010,117.15821497404384,428.5,113.04745185181471,413,193.98621223138832,0.6039512480108461
114,Haiti,ornamentals,2011,122.77678436032096,448.5,105.9195816518894,387,193.98621223138832,0.632915004360577
114,Haiti,ornamentals,2012,93.56035278803218,424.5,0.18489499099961876,333,193.98621223138832,0.4823041375560889
114,Haiti,ornamentals,2013,54.82874265469357,338,0.16304212407053995,219,193.98621223138832,0.2826424724933203
114,Haiti,ornamentals,2014,26.606921378450647,285.75,0.16016674684302956,204,193.98621223138832,0.1371588272815683
114,Haiti,ornamentals,2015,0.16975133760139746,254,0.1709014884924016,260,193.98621223138832,8.750690868633318e-4
114,Haiti,ornamentals,2016,0.17061395076965058,258.5,0.1883454436726312,351,193.98621223138832,8.795158625301724e-4
114,Haiti,ornamentals,2017,0.18273845807898598,321.75,0.2115401533078815,472,193.98621223138832,9.420177649585429e-4
114,Haiti,ornamentals,2018,0.19979902962888083,410.75,0.228409033042609,560,193.98621223138832,0.0010299651059249456
114,Haiti,ornamentals,2019,0.21207365750578044,492.265,0.22,586.06,193.98621223138832,0.0010932408807117554
114,Haiti,ornamentals,2020,0.21748729658762261,482.1725,0.21,310.63,193.98621223138832,0.0011211482202054754
114,Haiti,ornamentals,2021,0.18460225826065224,397.2175,0.08,132.18,193.98621223138832,9.516256652326258e-4
114,Haiti,ornamentals,2022,0.1775,294.4225,0.2,148.82,193.98621223138832,9.150134845061904e-4
115,Dominican Republic,fish_oil,1976,0,0,0,0,14.9725,0
115,Dominican Republic,fish_oil,1977,0,0,0,0,14.9725,0
115,Dominican Republic,fish_oil,1978,0,0,0,0,14.9725,0
115,Dominican Republic,fish_oil,1979,0,0,0,0,14.9725,0
115,Dominican Republic,fish_oil,1980,0,0,0,0,14.9725,0
115,Dominican Republic,fish_oil,1981,0,0,0,0,14.9725,0
115,Dominican Republic,fish_oil,1982,0,0,0,0,14.9725,0
115,Dominican Republic,fish_oil,1983,0,0.25,0,1,14.9725,0
115,Dominican Republic,fish_oil,1984,0,0.5,0,1,14.9725,0
115,Dominican Republic,fish_oil,1985,0,0.5,0,0,14.9725,0
115,Dominican Republic,fish_oil,1986,0,0.5,0,0,14.9725,0
115,Dominican Republic,fish_oil,1987,0,0.25,0,0,14.9725,0
115,Dominican Republic,fish_oil,1988,0,0,0,0,14.9725,0
115,Dominican Republic,fish_oil,1989,0,0,0,0,14.9725,0
115,Dominican Republic,fish_oil,1990,0,0,0,0,14.9725,0
115,Dominican Republic,fish_oil,1991,0,0,0,0,14.9725,0
115,Dominican Republic,fish_oil,1992,0,0,0,0,14.9725,0
115,Dominican Republic,fish_oil,1993,0,0,0,0,14.9725,0
115,Dominican Republic,fish_oil,1994,0,0,0,0,14.9725,0
115,Dominican Republic,fish_oil,1995,0,0,0,0,14.9725,0
115,Dominican Republic,fish_oil,1996,0,0,0,0,14.9725,0
115,Dominican Republic,fish_oil,1997,0.06574511960358964,0.25,0.26298047841435856,1,14.9725,0.004391058247025523
115,Dominican Republic,fish_oil,1998,0.31574511960358964,1.25,1,4,14.9725,0.02108833659065551
115,Dominican Republic,fish_oil,1999,0.4951946680895205,1.75,0.7177981939437235,2,14.9725,0.033073612829488765
115,Dominican Republic,fish_oil,2000,0.7451946680895205,2.25,1,2,14.9725,0.04977089117311875
115,Dominican Republic,fish_oil,2001,0.6794495484859309,2.5,0,2,14.9725,0.045379832926093225
115,Dominican Republic,fish_oil,2002,0.42944954848593087,2,0,2,14.9725,0.02868255458246324
115,Dominican Republic,fish_oil,2003,0.25,1.5,0,0,14.9725,0.01669727834362999
115,Dominican Republic,fish_oil,2004,0,1,0,0,14.9725,0
115,Dominican Republic,fish_oil,2005,0,0.5,0,0,14.9725,0
115,Dominican Republic,fish_oil,2006,0,0,0,0,14.9725,0
115,Dominican Republic,fish_oil,2007,0,0,0,0,14.9725,0
115,Dominican Republic,fish_oil,2008,0.5,1,2,4,14.9725,0.03339455668725998
115,Dominican Republic,fish_oil,2009,0.5,1,0,0,14.9725,0.03339455668725998
115,Dominican Republic,fish_oil,2010,0.5,1,0,0,14.9725,0.03339455668725998
115,Dominican Republic,fish_oil,2011,0.5,1,0,0,14.9725,0.03339455668725998
115,Dominican Republic,fish_oil,2012,1,6.25,4,25,14.9725,0.06678911337451995
115,Dominican Republic,fish_oil,2013,1,6.5,0,1,14.9725,0.06678911337451995
115,Dominican Republic,fish_oil,2014,1,6.5,0,0,14.9725,0.06678911337451995
115,Dominican Republic,fish_oil,2015,1.25,7.25,1,3,14.9725,0.08348639171814994
115,Dominican Republic,fish_oil,2016,0.25,1.75,0,3,14.9725,0.01669727834362999
115,Dominican Republic,fish_oil,2017,0.3,1.815,0.2,1.26,14.9725,0.020036734012355985
115,Dominican Republic,fish_oil,2018,14.9725,23.7225,58.69,87.63,14.9725,1
115,Dominican Republic,fish_oil,2019,14.754999999999999,23.342499999999998,0.13,1.48,14.9725,0.9854733678410418
115,Dominican Republic,fish_oil,2020,14.754999999999999,22.592499999999998,0,0,14.9725,0.9854733678410418
115,Dominican Republic,fish_oil,2021,14.705,22.2775,0,0,14.9725,0.9821339121723159
115,Dominican Republic,fish_oil,2022,0.0325,0.37,0,0,14.9725,0.0021706461846718985
115,Dominican Republic,ornamentals,1979,0,1,0,1,62.278375444383464,0
115,Dominican Republic,ornamentals,1980,0,0.5,0,0,62.278375444383464,0
115,Dominican Republic,ornamentals,1981,0,0.3333333333333333,0,0,62.278375444383464,0
115,Dominican Republic,ornamentals,1982,0,0.25,0,0,62.278375444383464,0
115,Dominican Republic,ornamentals,1983,0,0,0,0,62.278375444383464,0
115,Dominican Republic,ornamentals,1984,0,0,0,0,62.278375444383464,0
115,Dominican Republic,ornamentals,1985,0,0,0,0,62.278375444383464,0
115,Dominican Republic,ornamentals,1986,0,0,0,0,62.278375444383464,0
115,Dominican Republic,ornamentals,1987,0,0,0,0,62.278375444383464,0
115,Dominican Republic,ornamentals,1988,0,0,0,0,62.278375444383464,0
115,Dominican Republic,ornamentals,1989,0,0,0,0,62.278375444383464,0
115,Dominican Republic,ornamentals,1990,0,0,0,0,62.278375444383464,0
115,Dominican Republic,ornamentals,1991,0,0.5,0,2,62.278375444383464,0
115,Dominican Republic,ornamentals,1992,2.631930083777277,12.5,10.527720335109109,48,62.278375444383464,0.042260737615541576
115,Dominican Republic,ornamentals,1993,2.858425463900268,15.75,0.905981520491963,13,62.278375444383464,0.04589755984327066
115,Dominican Republic,ornamentals,1994,12.594636188340829,53.25,38.94484289776224,150,62.278375444383464,0.20223128972894022
115,Dominican Republic,ornamentals,1995,28.169033463247168,111.25,62.297589099625355,234,62.278375444383464,0.4523084178456613
115,Dominican Republic,ornamentals,1996,26.86019003093599,106.25,5.292346605864395,28,62.278375444383464,0.4312924002798207
115,Dominican Republic,ornamentals,1997,27.629570444201306,108.75,3.983503173553231,23,62.278375444383464,0.4436462937103325
115,Dominican Republic,ornamentals,1998,18.007831629584203,73.75,0.4578876392938298,10,62.278375444383464,0.2891506321590832
115,Dominican Republic,ornamentals,1999,2.433434354677864,17,0,7,62.278375444383464,0.03907350404236214
115,Dominican Republic,ornamentals,2000,1.3324133069243445,12.75,0.8882624148503169,11,62.278375444383464,0.02139447757615693
115,Dominican Republic,ornamentals,2001,0.9241335410296543,11,2.3503841099744704,16,62.278375444383464,0.01483875477540249
115,Dominican Republic,ornamentals,2002,6.404154670935,30.5,22.377972158915213,88,62.278375444383464,0.10283111313097931
115,Dominican Republic,ornamentals,2003,12.01780749351542,50.75,22.45461129032168,88,62.278375444383464,0.19296918726224158
115,Dominican Republic,ornamentals,2004,14.726863495985455,60.25,11.724486424730458,49,62.278375444383464,0.23646833095601547
115,Dominican Republic,ornamentals,2005,49.57911497670511,185.75,141.75939003285308,518,62.278375444383464,0.7960887647267036
115,Dominican Republic,ornamentals,2006,47.02333723704804,176.25,12.154861200286945,50,62.278375444383464,0.7550508005630517
115,Dominican Republic,ornamentals,2007,54.37375982797222,202.5,51.85630165401841,193,62.278375444383464,0.8730760788153457
115,Dominican Republic,ornamentals,2008,62.278375444383464,230.75,43.342948890375425,162,62.278375444383464,1
115,Dominican Republic,ornamentals,2009,34.92245981418036,131.75,32.33572751204065,122,62.278375444383464,0.5607477646132116
115,Dominican Republic,ornamentals,2010,40.74885158501512,152.5,35.46042828362599,133,62.278375444383464,0.6543017748015139
115,Dominican Republic,ornamentals,2011,38.677992742659235,144.75,43.57286628459488,162,62.278375444383464,0.6210501232036775
115,Dominican Republic,ornamentals,2012,28.045163444154742,108.5,0.8116316963574484,17,62.278375444383464,0.45031944465539164
115,Dominican Republic,ornamentals,2013,19.96123156614458,78,0,0,62.278375444383464,0.32051625341400536
115,Dominican Republic,ornamentals,2014,11.096124495238083,44.75,0,0,62.278375444383464,0.178169780699358
115,Dominican Republic,ornamentals,2015,0.24153086181979597,5,0.1544917509217355,3,62.278375444383464,0.0038782460219356648
115,Dominican Republic,ornamentals,2016,2.7879481503831833,59.25,10.997300850610998,234,62.278375444383464,0.04476591000471598
115,Dominican Republic,ornamentals,2017,2.837948150383183,60.5225,0.2,5.09,62.278375444383464,0.04556875689407729
115,Dominican Republic,ornamentals,2018,3.7829481503831834,80.5675,3.78,80.18,62.278375444383464,0.060742563103006346
115,Dominican Republic,ornamentals,2019,3.7518252126527494,79.9425,0.03,0.5,62.278375444383464,0.06024282402811304
115,Dominican Republic,ornamentals,2020,1.0274999999999999,21.617500000000003,0.1,0.7,62.278375444383464,0.01649850357637523
115,Dominican Republic,ornamentals,2021,0.9924999999999999,20.427500000000002,0.06,0.33,62.278375444383464,0.015936510753822304
115,Dominican Republic,ornamentals,2022,0.0625,0.46499999999999997,0.06,0.33,62.278375444383464,0.0010035586117016564
115,Dominican Republic,seaweeds,2005,0,0,0,0,2.765,0
115,Dominican Republic,seaweeds,2006,0,0,0,0,2.765,0
115,Dominican Republic,seaweeds,2007,0,0,0,0,2.765,0
115,Dominican Republic,seaweeds,2008,0.25,0,1,0,2.765,0.09041591320072333
115,Dominican Republic,seaweeds,2009,0.25,0,0,0,2.765,0.09041591320072333
115,Dominican Republic,seaweeds,2010,0.25,0,0,0,2.765,0.09041591320072333
115,Dominican Republic,seaweeds,2011,0.25,0,0,0,2.765,0.09041591320072333
115,Dominican Republic,seaweeds,2012,1.75,6,7,24,2.765,0.6329113924050632
115,Dominican Republic,seaweeds,2013,2,7.5,1,6,2.765,0.7233273056057866
115,Dominican Republic,seaweeds,2014,2.5,9.5,2,8,2.765,0.9041591320072332
115,Dominican Republic,seaweeds,2015,2.75,10.75,1,5,2.765,0.9945750452079566
115,Dominican Republic,seaweeds,2016,1.5,5.75,2,4,2.765,0.5424954792043399
115,Dominican Republic,seaweeds,2017,2.765,7.4,6.0600000000000005,12.6,2.765,1
115,Dominican Republic,seaweeds,2018,2.39,6.2125,0.5,3.25,2.765,0.864376130198915
115,Dominican Republic,seaweeds,2019,2.2575000000000003,6.425,0.47,5.8500000000000005,2.765,0.8164556962025317
115,Dominican Republic,seaweeds,2020,1.9675000000000002,6.425,0.8400000000000001,4,2.765,0.7115732368896927
115,Dominican Republic,seaweeds,2021,0.8425,5.1475,1.56,7.49,2.765,0.3047016274864376
115,Dominican Republic,seaweeds,2022,1.7425,7.2775,4.1,11.77,2.765,0.6301989150090416
122,Saint Lucia,seaweeds,1997,0,1,0,1,70.55250000000001,0
122,Saint Lucia,seaweeds,1998,0,1,0,1,70.55250000000001,0
122,Saint Lucia,seaweeds,1999,0,0.6666666666666666,0,0,70.55250000000001,0
122,Saint Lucia,seaweeds,2000,0.5,7.5,2,28,70.55250000000001,0.007086921087133694
122,Saint Lucia,seaweeds,2001,0.75,9.75,1,10,70.55250000000001,0.01063038163070054
122,Saint Lucia,seaweeds,2002,1,12.75,1,13,70.55250000000001,0.014173842174267388
122,Saint Lucia,seaweeds,2003,1.25,15.25,1,10,70.55250000000001,0.017717302717834234
122,Saint Lucia,seaweeds,2004,1,10.75,1,10,70.55250000000001,0.014173842174267388
122,Saint Lucia,seaweeds,2005,0.75,8.5,0,1,70.55250000000001,0.01063038163070054
122,Saint Lucia,seaweeds,2006,0.5,5.25,0,0,70.55250000000001,0.007086921087133694
122,Saint Lucia,seaweeds,2007,0.25,2.75,0,0,70.55250000000001,0.003543460543566847
122,Saint Lucia,seaweeds,2008,0,0.25,0,0,70.55250000000001,0
122,Saint Lucia,seaweeds,2009,0,0,0,0,70.55250000000001,0
122,Saint Lucia,seaweeds,2010,0,0.25,0,1,70.55250000000001,0
122,Saint Lucia,seaweeds,2011,0,0.25,0,0,70.55250000000001,0
122,Saint Lucia,seaweeds,2012,0,0.25,0,0,70.55250000000001,0
122,Saint Lucia,seaweeds,2013,0,0.25,0,0,70.55250000000001,0
122,Saint Lucia,seaweeds,2014,0.25,1.5,1,6,70.55250000000001,0.003543460543566847
122,Saint Lucia,seaweeds,2015,0.25,3,0,6,70.55250000000001,0.003543460543566847
122,Saint Lucia,seaweeds,2016,4.5,4.25,17,5,70.55250000000001,0.06378228978420325
122,Saint Lucia,seaweeds,2017,4.5,6,0,7,70.55250000000001,0.06378228978420325
122,Saint Lucia,seaweeds,2018,4.61,9.969999999999999,1.44,21.88,70.55250000000001,0.06534141242337266
122,Saint Lucia,seaweeds,2019,6.5725,44.1675,7.85,142.79,70.55250000000001,0.0931575776903724
122,Saint Lucia,seaweeds,2020,30.060000000000002,470.26000000000005,110.95,1709.3700000000001,70.55250000000001,0.4260656957584777
122,Saint Lucia,seaweeds,2021,52.300000000000004,861.5275,88.96000000000001,1572.07,70.55250000000001,0.7412919457141844
122,Saint Lucia,seaweeds,2022,70.55250000000001,1143.5800000000002,74.45,1150.0900000000001,70.55250000000001,1
123,Dominica,seaweeds,2000,0,1,0,1,1.3333333333333333,0
123,Dominica,seaweeds,2001,0,0.5,0,0,1.3333333333333333,0
123,Dominica,seaweeds,2002,1.3333333333333333,1.3333333333333333,4,3,1.3333333333333333,1
123,Dominica,seaweeds,2003,1,1,0,0,1.3333333333333333,0.75
123,Dominica,seaweeds,2004,1,0.75,0,0,1.3333333333333333,0.75
123,Dominica,seaweeds,2005,1,1,0,1,1.3333333333333333,0.75
123,Dominica,seaweeds,2006,0,0.25,0,0,1.3333333333333333,0
123,Dominica,seaweeds,2007,0,0.25,0,0,1.3333333333333333,0
123,Dominica,seaweeds,2008,0,0.25,0,0,1.3333333333333333,0
123,Dominica,seaweeds,2009,0,0,0,0,1.3333333333333333,0
123,Dominica,seaweeds,2010,0,0,0,0,1.3333333333333333,0
123,Dominica,seaweeds,2011,0,0,0,0,1.3333333333333333,0
123,Dominica,seaweeds,2012,0,0,0,0,1.3333333333333333,0
123,Dominica,seaweeds,2013,0,0,0,0,1.3333333333333333,0
123,Dominica,seaweeds,2014,0,0,0,0,1.3333333333333333,0
123,Dominica,seaweeds,2015,0,0,0,0,1.3333333333333333,0
123,Dominica,seaweeds,2016,0,0,0,0,1.3333333333333333,0
123,Dominica,seaweeds,2017,0,0,0,0,1.3333333333333333,0
123,Dominica,seaweeds,2018,1.135,0.2325,4.54,0.93,1.3333333333333333,0.8512500000000001
123,Dominica,seaweeds,2019,1.135,0.2325,0,0,1.3333333333333333,0.8512500000000001
123,Dominica,seaweeds,2020,1.135,0.2325,0,0,1.3333333333333333,0.8512500000000001
123,Dominica,seaweeds,2021,1.135,0.2325,0,0,1.3333333333333333,0.8512500000000001
123,Dominica,seaweeds,2022,0,0,0,0,1.3333333333333333,0
124,Barbados,fish_oil,1999,0,0,0,0,0.5,0
124,Barbados,fish_oil,2000,0,0,0,0,0.5,0
124,Barbados,fish_oil,2001,0,0,0,0,0.5,0
124,Barbados,fish_oil,2002,0,0,0,0,0.5,0
124,Barbados,fish_oil,2003,0,0.75,0,3,0.5,0
124,Barbados,fish_oil,2004,0,0.75,0,0,0.5,0
124,Barbados,fish_oil,2005,0,1,0,1,0.5,0
124,Barbados,fish_oil,2006,0,1.25,0,1,0.5,0
124,Barbados,fish_oil,2007,0,0.5,0,0,0.5,0
124,Barbados,fish_oil,2008,0.25,1.75,1,5,0.5,0.5
124,Barbados,fish_oil,2009,0.25,1.5,0,0,0.5,0.5
124,Barbados,fish_oil,2010,0.25,1.75,0,2,0.5,0.5
124,Barbados,fish_oil,2011,0.5,2.75,1,4,0.5,1
124,Barbados,fish_oil,2012,0.25,1.5,0,0,0.5,0.5
124,Barbados,fish_oil,2013,0.25,1.5,0,0,0.5,0.5
124,Barbados,fish_oil,2014,0.25,1,0,0,0.5,0.5
124,Barbados,fish_oil,2015,0,0,0,0,0.5,0
124,Barbados,fish_oil,2016,0.25,1.25,1,5,0.5,0.5
124,Barbados,fish_oil,2017,0.25,1.75,0,2,0.5,0.5
124,Barbados,fish_oil,2018,0.25,2.25,0,2,0.5,0.5
124,Barbados,fish_oil,2019,0.4125,3.165,0.65,3.66,0.5,0.825
124,Barbados,fish_oil,2020,0.1625,1.915,0,0,0.5,0.325
124,Barbados,fish_oil,2021,0.1625,1.415,0,0,0.5,0.325
124,Barbados,fish_oil,2022,0.1625,0.915,0,0,0.5,0.325
124,Barbados,ornamentals,1976,0,7,0,7,5,0
124,Barbados,ornamentals,1977,0,3.5,0,0,5,0
124,Barbados,ornamentals,1978,0,2.3333333333333335,0,0,5,0
124,Barbados,ornamentals,1979,0,1.75,0,0,5,0
124,Barbados,ornamentals,1980,0,0,0,0,5,0
124,Barbados,ornamentals,1981,0,0,0,0,5,0
124,Barbados,ornamentals,1982,0,0,0,0,5,0
124,Barbados,ornamentals,1983,0,0,0,0,5,0
124,Barbados,ornamentals,1984,0,0,0,0,5,0
124,Barbados,ornamentals,1985,0,0,0,0,5,0
124,Barbados,ornamentals,1986,0,0,0,0,5,0
124,Barbados,ornamentals,1987,0,0,0,0,5,0
124,Barbados,ornamentals,1988,0,0,0,0,5,0
124,Barbados,ornamentals,1989,0,0,0,0,5,0
124,Barbados,ornamentals,1990,0,0,0,0,5,0
124,Barbados,ornamentals,1991,0,0,0,0,5,0
124,Barbados,ornamentals,1992,0,0.25,0,1,5,0
124,Barbados,ornamentals,1993,0,0.25,0,0,5,0
124,Barbados,ornamentals,1994,0,0.25,0,0,5,0
124,Barbados,ornamentals,1995,0,0.25,0,0,5,0
124,Barbados,ornamentals,1996,0,0,0,0,5,0
124,Barbados,ornamentals,1997,0,0,0,0,5,0
124,Barbados,ornamentals,1998,0,0.25,0,1,5,0
124,Barbados,ornamentals,1999,0,0.75,0,2,5,0
124,Barbados,ornamentals,2000,2.5,23,10,89,5,0.5
124,Barbados,ornamentals,2001,3.5,29.5,4,26,5,0.7
124,Barbados,ornamentals,2002,4.25,34.75,3,22,5,0.85
124,Barbados,ornamentals,2003,5,40.25,3,24,5,1
124,Barbados,ornamentals,2004,3.25,23,3,20,5,0.65
124,Barbados,ornamentals,2005,2.5,18.75,1,9,5,0.5
124,Barbados,ornamentals,2006,1.75,13.25,0,0,5,0.35
124,Barbados,ornamentals,2007,1,7.25,0,0,5,0.2
124,Barbados,ornamentals,2008,0.25,2.25,0,0,5,0.05
124,Barbados,ornamentals,2009,0,1.25,0,5,5,0
124,Barbados,ornamentals,2010,0,1.25,0,0,5,0
124,Barbados,ornamentals,2011,0,1.75,0,2,5,0
124,Barbados,ornamentals,2012,0,1.75,0,0,5,0
124,Barbados,ornamentals,2013,0,0.5,0,0,5,0
124,Barbados,ornamentals,2014,0,0.5,0,0,5,0
124,Barbados,ornamentals,2015,0,0,0,0,5,0
124,Barbados,ornamentals,2016,0,1,0,4,5,0
124,Barbados,ornamentals,2017,0,1,0,0,5,0
124,Barbados,ornamentals,2018,0,1,0,0,5,0
124,Barbados,ornamentals,2019,0,1,0,0,5,0
124,Barbados,ornamentals,2020,0,0,0,0,5,0
124,Barbados,ornamentals,2021,0,0,0,0,5,0
124,Barbados,ornamentals,2022,0,0,0,0,5,0
124,Barbados,seaweeds,2000,2,4,2,4,2,1
124,Barbados,seaweeds,2001,2,6,2,8,2,1
124,Barbados,seaweeds,2002,1.6666666666666667,4.666666666666667,1,2,2,0.8333333333333334
124,Barbados,seaweeds,2003,1.25,3.5,0,0,2,0.625
124,Barbados,seaweeds,2004,0.75,2.5,0,0,2,0.375
124,Barbados,seaweeds,2005,0.25,0.5,0,0,2,0.125
124,Barbados,seaweeds,2006,0,0.25,0,1,2,0
124,Barbados,seaweeds,2007,0,0.25,0,0,2,0
124,Barbados,seaweeds,2008,0,0.25,0,0,2,0
124,Barbados,seaweeds,2009,0,0.25,0,0,2,0
124,Barbados,seaweeds,2010,0,0,0,0,2,0
124,Barbados,seaweeds,2011,0,0,0,0,2,0
124,Barbados,seaweeds,2012,0,0,0,0,2,0
124,Barbados,seaweeds,2013,0,0,0,0,2,0
124,Barbados,seaweeds,2014,0,0,0,0,2,0
124,Barbados,seaweeds,2015,0,0,0,0,2,0
124,Barbados,seaweeds,2016,0,0,0,0,2,0
124,Barbados,seaweeds,2017,0,0,0,0,2,0
124,Barbados,seaweeds,2018,0,0,0,0,2,0
124,Barbados,seaweeds,2019,0.0025,0.0025,0.01,0.01,2,0.00125
124,Barbados,seaweeds,2020,0.0025,0.0025,0,0,2,0.00125
124,Barbados,seaweeds,2021,0.0025,0.0025,0,0,2,0.00125
124,Barbados,seaweeds,2022,0.0025,0.0025,0,0,2,0.00125
126,Trinidad and Tobago,ornamentals,1976,64.99789329405509,249,64.99789329405509,249,126.5,0.5138173382929256
126,Trinidad and Tobago,ornamentals,1977,51.458483735325295,200,37.9190741765955,151,126.5,0.40678643269031856
126,Trinidad and Tobago,ornamentals,1978,46.69379708014066,182.66666666666666,37.1644237697714,148,126.5,0.36912092553470877
126,Trinidad and Tobago,ornamentals,1979,49.733995533898835,193.5,58.85459089517333,226,126.5,0.3931541148924809
126,Trinidad and Tobago,ornamentals,1980,49.879908793491204,193.75,65.58154633242458,250,126.5,0.3943075793951874
126,Trinidad and Tobago,ornamentals,1981,52.51969066777536,203,48.478201673732116,188,126.5,0.4151754202986194
126,Trinidad and Tobago,ornamentals,1982,46.97858472533251,212.25,15,185,126.5,0.3713722112674507
126,Trinidad and Tobago,ornamentals,1983,35.27862206513892,169.75,12.054740254398979,56,126.5,0.2788823878667108
126,Trinidad and Tobago,ornamentals,1984,21.133235482032774,143.5,9,145,126.5,0.16706115005559505
126,Trinidad and Tobago,ornamentals,1985,11.013685063599745,117.25,8,83,126.5,0.08706470406007703
126,Trinidad and Tobago,ornamentals,1986,10.013685063599745,89.5,11,74,126.5,0.07915956572015609
126,Trinidad and Tobago,ornamentals,1987,12.25,115,21,158,126.5,0.09683794466403162
126,Trinidad and Tobago,ornamentals,1988,16.5,119.5,26,163,126.5,0.13043478260869565
126,Trinidad and Tobago,ornamentals,1989,21.25,144.75,27,184,126.5,0.16798418972332016
126,Trinidad and Tobago,ornamentals,1990,27,165.5,34,157,126.5,0.2134387351778656
126,Trinidad and Tobago,ornamentals,1991,23.5,136.5,7,42,126.5,0.1857707509881423
126,Trinidad and Tobago,ornamentals,1992,24.5,128,30,129,126.5,0.19367588932806323
126,Trinidad and Tobago,ornamentals,1993,30.75,132,52,200,126.5,0.24308300395256918
126,Trinidad and Tobago,ornamentals,1994,41.75,175.25,78,330,126.5,0.3300395256916996
126,Trinidad and Tobago,ornamentals,1995,65.25,237.75,101,292,126.5,0.5158102766798419
126,Trinidad and Tobago,ornamentals,1996,84.25,292.75,106,349,126.5,0.66600790513834
126,Trinidad and Tobago,ornamentals,1997,101.75,355.25,122,450,126.5,0.8043478260869565
126,Trinidad and Tobago,ornamentals,1998,115.75,376.25,134,414,126.5,0.9150197628458498
126,Trinidad and Tobago,ornamentals,1999,120,399,118,383,126.5,0.9486166007905138
126,Trinidad and Tobago,ornamentals,2000,125.25,398.25,127,346,126.5,0.9901185770750988
126,Trinidad and Tobago,ornamentals,2001,126.5,370.25,127,338,126.5,1
126,Trinidad and Tobago,ornamentals,2002,118,341.5,100,299,126.5,0.932806324110672
126,Trinidad and Tobago,ornamentals,2003,110.5,310,88,257,126.5,0.8735177865612648
126,Trinidad and Tobago,ornamentals,2004,99.25,284.75,82,245,126.5,0.7845849802371542
126,Trinidad and Tobago,ornamentals,2005,88,263.25,82,252,126.5,0.6956521739130435
126,Trinidad and Tobago,ornamentals,2006,89,262.25,104,295,126.5,0.7035573122529645
126,Trinidad and Tobago,ornamentals,2007,88.5,315.25,86,469,126.5,0.6996047430830039
126,Trinidad and Tobago,ornamentals,2008,88.75,333.5,83,318,126.5,0.7015810276679841
126,Trinidad and Tobago,ornamentals,2009,84.5,346.75,65,305,126.5,0.6679841897233202
126,Trinidad and Tobago,ornamentals,2010,103.04128308663613,435,178.16513234654454,648,126.5,0.8145555975228153
126,Trinidad and Tobago,ornamentals,2011,89.74787391769041,348,32.82636332421711,121,126.5,0.7094693590331258
126,Trinidad and Tobago,ornamentals,2012,69.70339923965673,274.25,2.822101287865265,23,126.5,0.5510150137522272
126,Trinidad and Tobago,ornamentals,2013,54.70342935006764,201.75,5.000120441643622,15,126.5,0.4324381766803766
126,Trinidad and Tobago,ornamentals,2014,10.1621462634315,44.5,0,19,126.5,0.08033317204293676
126,Trinidad and Tobago,ornamentals,2015,1.9555554323772217,17.25,0,12,126.5,0.015458936224325863
126,Trinidad and Tobago,ornamentals,2016,1.2825301104109055,11.5575,0.13,0.23,126.5,0.010138577947912297
126,Trinidad and Tobago,ornamentals,2017,0.27,7.9225,0.95,0.46,126.5,0.0021343873517786563
126,Trinidad and Tobago,ornamentals,2018,7.5625,3.52,29.17,1.39,126.5,0.059782608695652176
126,Trinidad and Tobago,ornamentals,2019,7.577500000000001,0.5499999999999999,0.06,0.12,126.5,0.05990118577075099
126,Trinidad and Tobago,ornamentals,2020,7.617500000000001,1.13,0.29,2.55,126.5,0.060217391304347834
126,Trinidad and Tobago,ornamentals,2021,7.44,1.3775,0.24,1.45,126.5,0.05881422924901186
126,Trinidad and Tobago,ornamentals,2022,0.185,1.155,0.15,0.5,126.5,0.0014624505928853755
126,Trinidad and Tobago,seaweeds,1994,0,0,0,0,40.165,0
126,Trinidad and Tobago,seaweeds,1995,0,0.5,0,1,40.165,0
126,Trinidad and Tobago,seaweeds,1996,0,0.6666666666666666,0,1,40.165,0
126,Trinidad and Tobago,seaweeds,1997,0.25,6,1,22,40.165,0.006224324660774306
126,Trinidad and Tobago,seaweeds,1998,0.25,6.75,0,3,40.165,0.006224324660774306
126,Trinidad and Tobago,seaweeds,1999,0.5,9.25,1,11,40.165,0.012448649321548612
126,Trinidad and Tobago,seaweeds,2000,0.75,11.75,1,11,40.165,0.01867297398232292
126,Trinidad and Tobago,seaweeds,2001,2,13.25,6,28,40.165,0.049794597286194446
126,Trinidad and Tobago,seaweeds,2002,2,13,0,2,40.165,0.049794597286194446
126,Trinidad and Tobago,seaweeds,2003,1.75,10.5,0,1,40.165,0.04357027262542014
126,Trinidad and Tobago,seaweeds,2004,1.5,7.75,0,0,40.165,0.03734594796464584
126,Trinidad and Tobago,seaweeds,2005,0,0.75,0,0,40.165,0
126,Trinidad and Tobago,seaweeds,2006,0,0.25,0,0,40.165,0
126,Trinidad and Tobago,seaweeds,2007,0,0.5,0,2,40.165,0
126,Trinidad and Tobago,seaweeds,2008,0.25,1.25,1,3,40.165,0.006224324660774306
126,Trinidad and Tobago,seaweeds,2009,0.25,1.5,0,1,40.165,0.006224324660774306
126,Trinidad and Tobago,seaweeds,2010,0.5,1.75,1,1,40.165,0.012448649321548612
126,Trinidad and Tobago,seaweeds,2011,0.5,1.25,0,0,40.165,0.012448649321548612
126,Trinidad and Tobago,seaweeds,2012,0.25,1.5,0,4,40.165,0.006224324660774306
126,Trinidad and Tobago,seaweeds,2013,0.25,2,0,3,40.165,0.006224324660774306
126,Trinidad and Tobago,seaweeds,2014,0,2.5,0,3,40.165,0
126,Trinidad and Tobago,seaweeds,2015,0.25,4.25,1,7,40.165,0.006224324660774306
126,Trinidad and Tobago,seaweeds,2016,0.89,5.779999999999999,2.56,10.12,40.165,0.02215859579235653
126,Trinidad and Tobago,seaweeds,2017,1.5225,6.9925,2.5300000000000002,7.85,40.165,0.03790613718411552
126,Trinidad and Tobago,seaweeds,2018,10.350000000000001,20.5875,35.31,57.379999999999995,40.165,0.2576870409560563
126,Trinidad and Tobago,seaweeds,2019,22.0925,48.475,47.97,118.55000000000001,40.165,0.5500435702726255
126,Trinidad and Tobago,seaweeds,2020,37.2875,81.63000000000001,63.34,142.74,40.165,0.9283580231544878
126,Trinidad and Tobago,seaweeds,2021,40.165,88.9825,14.04,37.26,40.165,1
126,Trinidad and Tobago,seaweeds,2022,32.7725,80.665,5.739999999999999,24.11,40.165,0.8159467197809038
127,Saint Vincent and the Grenadines,fish_oil,1976,0.5279757599422528,1,0.5279757599422528,1,1.5,0.35198383996150184
127,Saint Vincent and the Grenadines,fish_oil,1977,0.2639878799711264,0.5,0,0,1.5,0.17599191998075092
127,Saint Vincent and the Grenadines,fish_oil,1978,0.17599191998075092,0.3333333333333333,0,0,1.5,0.11732794665383395
127,Saint Vincent and the Grenadines,fish_oil,1979,0.1319939399855632,0.25,0,0,1.5,0.08799595999037546
127,Saint Vincent and the Grenadines,fish_oil,1980,0,0,0,0,1.5,0
127,Saint Vincent and the Grenadines,fish_oil,1981,0.75,1.75,3,7,1.5,0.5
127,Saint Vincent and the Grenadines,fish_oil,1982,0.75,1.75,0,0,1.5,0.5
127,Saint Vincent and the Grenadines,fish_oil,1983,0.75,1.75,0,0,1.5,0.5
127,Saint Vincent and the Grenadines,fish_oil,1984,1.25,2.75,2,4,1.5,0.8333333333333334
127,Saint Vincent and the Grenadines,fish_oil,1985,0.5,1.5,0,2,1.5,0.3333333333333333
127,Saint Vincent and the Grenadines,fish_oil,1986,1,3.25,2,7,1.5,0.6666666666666666
127,Saint Vincent and the Grenadines,fish_oil,1987,1.5,5,2,7,1.5,1
127,Saint Vincent and the Grenadines,fish_oil,1988,1,4,0,0,1.5,0.6666666666666666
127,Saint Vincent and the Grenadines,fish_oil,1989,1,3.5,0,0,1.5,0.6666666666666666
127,Saint Vincent and the Grenadines,fish_oil,1990,0.5,1.75,0,0,1.5,0.3333333333333333
127,Saint Vincent and the Grenadines,fish_oil,1991,0,0,0,0,1.5,0
127,Saint Vincent and the Grenadines,fish_oil,1992,0,0,0,0,1.5,0
127,Saint Vincent and the Grenadines,fish_oil,1993,0,0,0,0,1.5,0
127,Saint Vincent and the Grenadines,fish_oil,1994,0,0,0,0,1.5,0
127,Saint Vincent and the Grenadines,fish_oil,1995,0.25,0.25,1,1,1.5,0.16666666666666666
127,Saint Vincent and the Grenadines,fish_oil,1996,0.25,0.25,0,0,1.5,0.16666666666666666
127,Saint Vincent and the Grenadines,fish_oil,1997,0.25,0.25,0,0,1.5,0.16666666666666666
127,Saint Vincent and the Grenadines,fish_oil,1998,0.25,0.25,0,0,1.5,0.16666666666666666
127,Saint Vincent and the Grenadines,fish_oil,1999,0.3606284053540101,0.75,1.4425136214160403,3,1.5,0.24041893690267338
127,Saint Vincent and the Grenadines,fish_oil,2000,0.6106284053540101,1,1,1,1.5,0.40708560356934004
127,Saint Vincent and the Grenadines,fish_oil,2001,0.8606284053540101,1.25,1,1,1.5,0.5737522702360067
127,Saint Vincent and the Grenadines,fish_oil,2002,1.11062840535401,1.5,1,1,1.5,0.7404189369026734
127,Saint Vincent and the Grenadines,fish_oil,2003,1,1,1,1,1.5,0.6666666666666666
127,Saint Vincent and the Grenadines,fish_oil,2004,0.75,0.75,0,0,1.5,0.5
127,Saint Vincent and the Grenadines,fish_oil,2005,0.75,1,1,2,1.5,0.5
127,Saint Vincent and the Grenadines,fish_oil,2006,0.5,0.75,0,0,1.5,0.3333333333333333
127,Saint Vincent and the Grenadines,fish_oil,2007,0.25,0.5,0,0,1.5,0.16666666666666666
127,Saint Vincent and the Grenadines,fish_oil,2008,0.25,0.5,0,0,1.5,0.16666666666666666
127,Saint Vincent and the Grenadines,fish_oil,2009,0,0,0,0,1.5,0
127,Saint Vincent and the Grenadines,fish_oil,2010,0,0,0,0,1.5,0
127,Saint Vincent and the Grenadines,fish_oil,2011,0,0,0,0,1.5,0
127,Saint Vincent and the Grenadines,fish_oil,2012,0,0,0,0,1.5,0
127,Saint Vincent and the Grenadines,fish_oil,2013,0,0,0,0,1.5,0
127,Saint Vincent and the Grenadines,fish_oil,2014,0,0,0,0,1.5,0
127,Saint Vincent and the Grenadines,fish_oil,2015,0,0,0,0,1.5,0
127,Saint Vincent and the Grenadines,fish_oil,2016,0,0,0,0,1.5,0
127,Saint Vincent and the Grenadines,fish_oil,2017,0,0,0,0,1.5,0
127,Saint Vincent and the Grenadines,fish_oil,2018,0,0,0,0,1.5,0
127,Saint Vincent and the Grenadines,fish_oil,2019,0,0,0,0,1.5,0
127,Saint Vincent and the Grenadines,fish_oil,2020,0,0,0,0,1.5,0
127,Saint Vincent and the Grenadines,fish_oil,2021,0.01,0.03,0.04,0.12,1.5,0.006666666666666667
127,Saint Vincent and the Grenadines,fish_oil,2022,0.1925,0.56,0.73,2.12,1.5,0.12833333333333333
127,Saint Vincent and the Grenadines,seaweeds,2012,0,0,0,0,6.2524999999999995,0
127,Saint Vincent and the Grenadines,seaweeds,2013,0.5,1,1,2,6.2524999999999995,0.07996801279488205
127,Saint Vincent and the Grenadines,seaweeds,2014,0.3333333333333333,0.6666666666666666,0,0,6.2524999999999995,0.053312008529921365
127,Saint Vincent and the Grenadines,seaweeds,2015,0.25,0.5,0,0,6.2524999999999995,0.03998400639744103
127,Saint Vincent and the Grenadines,seaweeds,2016,0.25,0.5,0,0,6.2524999999999995,0.03998400639744103
127,Saint Vincent and the Grenadines,seaweeds,2017,0,0,0,0,6.2524999999999995,0
127,Saint Vincent and the Grenadines,seaweeds,2018,0.25,0.5,1,2,6.2524999999999995,0.03998400639744103
127,Saint Vincent and the Grenadines,seaweeds,2019,0.965,3.0575,2.86,10.23,6.2524999999999995,0.15433826469412235
127,Saint Vincent and the Grenadines,seaweeds,2020,5.4075,20.8275,17.77,71.08,6.2524999999999995,0.8648540583766494
127,Saint Vincent and the Grenadines,seaweeds,2021,5.955,29.61,2.19,35.13,6.2524999999999995,0.9524190323870453
127,Saint Vincent and the Grenadines,seaweeds,2022,6.2524999999999995,37.8925,2.19,35.13,6.2524999999999995,1
129,Panama,fish_oil,1976,11721,3724,11721,3724,13313.75,0.8803680405595719
129,Panama,fish_oil,1977,12043,4114.5,12365,4505,13313.75,0.9045535630457234
129,Panama,fish_oil,1978,9420,3252.6666666666665,4174,1529,13313.75,0.7075391981973523
129,Panama,fish_oil,1979,7971.5,2784,3626,1378,13313.75,0.5987419021688104
129,Panama,fish_oil,1980,8316.5,3024.25,13101,4685,13313.75,0.6246549619754014
129,Panama,fish_oil,1981,6203.25,2221.75,3912,1295,13313.75,0.4659280818702469
129,Panama,fish_oil,1982,5422.75,1912,1052,290,13313.75,0.40730447845272744
129,Panama,fish_oil,1983,5227,1788.5,2843,884,13313.75,0.3926016336494226
129,Panama,fish_oil,1984,2341.75,725.25,1560,432,13313.75,0.17588958783212844
129,Panama,fish_oil,1985,8568,1908.75,28817,6029,13313.75,0.6435452070228148
129,Panama,fish_oil,1986,11101.75,2220.25,11187,1536,13313.75,0.8338559759646982
129,Panama,fish_oil,1987,12939.75,2427,10195,1711,13313.75,0.9719087409632898
129,Panama,fish_oil,1988,13313.75,2571.75,3056,1011,13313.75,1
129,Panama,fish_oil,1989,9452.75,1617.25,13373,2211,13313.75,0.7099990611210215
129,Panama,fish_oil,1990,8183.5,1511,6110,1111,13313.75,0.6146652896441649
129,Panama,fish_oil,1991,7794.25,1480.5,8638,1589,13313.75,0.5854285982536851
129,Panama,fish_oil,1992,9171.75,1815,8566,2349,13313.75,0.6888930616843489
129,Panama,fish_oil,1993,7989.75,1777.75,8645,2062,13313.75,0.6001126654774199
129,Panama,fish_oil,1994,9618,2115.25,12623,2461,13313.75,0.7224110412167871
129,Panama,fish_oil,1995,9297.75,2185,7357,1868,13313.75,0.6983569617876256
129,Panama,fish_oil,1996,7737,1767.5,2323,679,13313.75,0.5811285325321566
129,Panama,fish_oil,1997,8246.25,2215.5,10682,3854,13313.75,0.6193784621162333
129,Panama,fish_oil,1998,7741.75,2982,10605,5527,13313.75,0.5814853065439864
129,Panama,fish_oil,1999,6902.5,2684.5,4000,678,13313.75,0.5184489719275186
129,Panama,fish_oil,2000,8734.5,2965.5,9651,1803,13313.75,0.6560510750164303
129,Panama,fish_oil,2001,10246,3299.5,16728,5190,13313.75,0.7695803210966107
129,Panama,fish_oil,2002,9573,2765,7913,3389,13313.75,0.7190310768941883
129,Panama,fish_oil,2003,9873.75,3111.5,5203,2064,13313.75,0.7416205051168905
129,Panama,fish_oil,2004,9233,3443.5,7088,3131,13313.75,0.6934935686789973
129,Panama,fish_oil,2005,6826,2858.5,7100,2850,13313.75,0.5127030325791005
129,Panama,fish_oil,2006,6294.75,2870,5788,3435,13313.75,0.4728006759928645
129,Panama,fish_oil,2007,6491.25,3360.75,5989,4027,13313.75,0.48755985353487935
129,Panama,fish_oil,2008,5245,3118.5,2103,2162,13313.75,0.39395361937846213
129,Panama,fish_oil,2009,4526.25,2973.5,4225,2270,13313.75,0.339968078114731
129,Panama,fish_oil,2010,3579.25,2489.75,2000,1500,13313.75,0.2688386067035959
129,Panama,fish_oil,2011,2888.25,2216.25,3225,2933,13313.75,0.21693737677213407
129,Panama,fish_oil,2012,3635.75,3109,5093,5733,13313.75,0.27308233968641443
129,Panama,fish_oil,2013,3630.5,4751,4204,8838,13313.75,0.27268801051544456
129,Panama,fish_oil,2014,5254.75,7862.5,8497,13946,13313.75,0.39468594498169185
129,Panama,fish_oil,2015,5390.5,8624.25,3768,5980,13313.75,0.4048821706881983
129,Panama,fish_oil,2016,5390.5,9320,5093,8516,13313.75,0.4048821706881983
129,Panama,fish_oil,2017,5550.75,8312.25,4845,4807,13313.75,0.4169185991925641
129,Panama,fish_oil,2018,5406.5,7353.25,7920,10110,13313.75,0.40608393578067786
129,Panama,fish_oil,2019,9883.314999999999,13624.8675,21675.26,31066.47,13313.75,0.7423389353112383
129,Panama,fish_oil,2020,11443.38,16549.975,11333.26,20216.43,13313.75,0.8595159139986855
129,Panama,fish_oil,2021,11603.1075,17438.45,5483.91,8360.9,13313.75,0.8715130973617501
129,Panama,fish_oil,2022,10271.852499999999,16214.5075,2594.98,5214.23,13313.75,0.7715221105999436
129,Panama,ornamentals,1989,2,5,2,5,44.792641751679994,0.044650190785520884
129,Panama,ornamentals,1990,1,3.5,0,2,44.792641751679994,0.022325095392760442
129,Panama,ornamentals,1991,2.056855668906664,2.6666666666666665,4.170567006719992,1,44.792641751679994,0.04591949901748136
129,Panama,ornamentals,1992,10.292641751679998,9,35,28,44.792641751679994,0.22978420894976487
129,Panama,ornamentals,1993,38.292641751679994,41.5,114,135,44.792641751679994,0.8548868799470571
129,Panama,ornamentals,1994,44.792641751679994,45,26,16,44.792641751679994,1
129,Panama,ornamentals,1995,43.75,44.75,0,0,44.792641751679994,0.9767229234332693
129,Panama,ornamentals,1996,35,37.75,0,0,44.792641751679994,0.7813783387466154
129,Panama,ornamentals,1997,6.5,4,0,0,44.792641751679994,0.14511312005294286
129,Panama,ornamentals,1998,0,0,0,0,44.792641751679994,0
129,Panama,ornamentals,1999,0,0,0,0,44.792641751679994,0
129,Panama,ornamentals,2000,0,0,0,0,44.792641751679994,0
129,Panama,ornamentals,2001,0,0,0,0,44.792641751679994,0
129,Panama,ornamentals,2002,0,0,0,0,44.792641751679994,0
129,Panama,ornamentals,2003,0,0,0,0,44.792641751679994,0
129,Panama,ornamentals,2004,0,0,0,0,44.792641751679994,0
129,Panama,ornamentals,2005,0,0,0,0,44.792641751679994,0
129,Panama,ornamentals,2006,0,0,0,0,44.792641751679994,0
129,Panama,ornamentals,2007,0,0,0,0,44.792641751679994,0
129,Panama,ornamentals,2008,0,0,0,0,44.792641751679994,0
129,Panama,ornamentals,2009,0,0,0,0,44.792641751679994,0
129,Panama,ornamentals,2010,0,0,0,0,44.792641751679994,0
129,Panama,ornamentals,2011,0,0,0,0,44.792641751679994,0
129,Panama,ornamentals,2012,0,0,0,0,44.792641751679994,0
129,Panama,ornamentals,2013,0,0,0,0,44.792641751679994,0
129,Panama,ornamentals,2014,0,0,0,0,44.792641751679994,0
129,Panama,ornamentals,2015,0,0,0,0,44.792641751679994,0
129,Panama,ornamentals,2016,0,0,0,0,44.792641751679994,0
129,Panama,ornamentals,2017,0,0,0,0,44.792641751679994,0
129,Panama,ornamentals,2018,0,0,0,0,44.792641751679994,0
129,Panama,ornamentals,2019,0,0,0,0,44.792641751679994,0
129,Panama,ornamentals,2020,0,0,0,0,44.792641751679994,0
129,Panama,ornamentals,2021,0,0,0,0,44.792641751679994,0
129,Panama,ornamentals,2022,0,0,0,0,44.792641751679994,0
129,Panama,seaweeds,2006,9,7,9,7,20.75,0.43373493975903615
129,Panama,seaweeds,2007,7.5,6,6,5,20.75,0.3614457831325301
129,Panama,seaweeds,2008,5.333333333333333,4.333333333333333,1,1,20.75,0.2570281124497992
129,Panama,seaweeds,2009,4,3.25,0,0,20.75,0.1927710843373494
129,Panama,seaweeds,2010,1.75,1.5,0,0,20.75,0.08433734939759036
129,Panama,seaweeds,2011,0.25,0.25,0,0,20.75,0.012048192771084338
129,Panama,seaweeds,2012,0,0,0,0,20.75,0
129,Panama,seaweeds,2013,2.75,2.25,11,9,20.75,0.13253012048192772
129,Panama,seaweeds,2014,13.75,14,44,47,20.75,0.6626506024096386
129,Panama,seaweeds,2015,19.25,19.5,22,22,20.75,0.927710843373494
129,Panama,seaweeds,2016,20.75,33.75,6,57,20.75,1
129,Panama,seaweeds,2017,18,31.5,0,0,20.75,0.8674698795180723
129,Panama,seaweeds,2018,9,22,8,9,20.75,0.43373493975903615
129,Panama,seaweeds,2019,3.5,16.5,0,0,20.75,0.1686746987951807
129,Panama,seaweeds,2020,5.125,6,12.5,15,20.75,0.2469879518072289
129,Panama,seaweeds,2021,8.25,9.75,12.5,15,20.75,0.39759036144578314
129,Panama,seaweeds,2022,10.4175,12.5,16.67,20,20.75,0.5020481927710844
130,Costa Rica,fish_oil,1988,2,8,2,8,1405.94,0.0014225358123390755
130,Costa Rica,fish_oil,1989,1,4,0,0,1405.94,7.112679061695378e-4
130,Costa Rica,fish_oil,1990,0.6666666666666666,2.6666666666666665,0,0,1405.94,4.741786041130252e-4
130,Costa Rica,fish_oil,1991,0.5,2,0,0,1405.94,3.556339530847689e-4
130,Costa Rica,fish_oil,1992,0,0,0,0,1405.94,0
130,Costa Rica,fish_oil,1993,0,0,0,0,1405.94,0
130,Costa Rica,fish_oil,1994,0,0,0,0,1405.94,0
130,Costa Rica,fish_oil,1995,0,0.75,0,3,1405.94,0
130,Costa Rica,fish_oil,1996,5.5,5,22,17,1405.94,0.0039119734839324575
130,Costa Rica,fish_oil,1997,5.5,5,0,0,1405.94,0.0039119734839324575
130,Costa Rica,fish_oil,1998,5.75,6.5,1,6,1405.94,0.0040897904604748425
130,Costa Rica,fish_oil,1999,5.75,6,0,1,1405.94,0.0040897904604748425
130,Costa Rica,fish_oil,2000,0.25,1.75,0,0,1405.94,1.7781697654238444e-4
130,Costa Rica,fish_oil,2001,0.75,3,2,5,1405.94,5.334509296271533e-4
130,Costa Rica,fish_oil,2002,1.25,3,3,6,1405.94,8.890848827119223e-4
130,Costa Rica,fish_oil,2003,1.25,3,0,1,1405.94,8.890848827119223e-4
130,Costa Rica,fish_oil,2004,1.5,3.5,1,2,1405.94,0.0010669018592543067
130,Costa Rica,fish_oil,2005,1,2.25,0,0,1405.94,7.112679061695378e-4
130,Costa Rica,fish_oil,2006,0.25,0.75,0,0,1405.94,1.7781697654238444e-4
130,Costa Rica,fish_oil,2007,0.25,0.5,0,0,1405.94,1.7781697654238444e-4
130,Costa Rica,fish_oil,2008,0,0,0,0,1405.94,0
130,Costa Rica,fish_oil,2009,0,0,0,0,1405.94,0
130,Costa Rica,fish_oil,2010,0.25,0.25,1,1,1405.94,1.7781697654238444e-4
130,Costa Rica,fish_oil,2011,66.5,49.25,265,196,1405.94,0.04729931576027426
130,Costa Rica,fish_oil,2012,139,110,290,243,1405.94,0.09886623895756576
130,Costa Rica,fish_oil,2013,186.25,149.5,189,158,1405.94,0.13247364752407642
130,Costa Rica,fish_oil,2014,297.5,255.5,446,425,1405.94,0.21160220208543748
130,Costa Rica,fish_oil,2015,360.75,335,518,514,1405.94,0.2565898971506608
130,Costa Rica,fish_oil,2016,505.25,470.75,868,786,1405.94,0.359368109592159
130,Costa Rica,fish_oil,2017,883.75,798,1703,1467,1405.94,0.628583012077329
130,Costa Rica,fish_oil,2018,1191.5,1036.5,1677,1379,1405.94,0.8474757102010043
130,Costa Rica,fish_oil,2019,1296.7125,1115.2675,938.85,829.07,1405.94,0.9223099847788668
130,Costa Rica,fish_oil,2020,1405.94,1184.9075,1304.91,1064.56,1405.94,1
130,Costa Rica,fish_oil,2021,1107.475,936.645,509.14,473.95,1405.94,0.7877114243851088
130,Costa Rica,fish_oil,2022,859.5125,827.04,685.15,940.58,1405.94,0.6113436562015448
130,Costa Rica,ornamentals,1984,9,36,9,36,101.75,0.08845208845208845
130,Costa Rica,ornamentals,1985,4.5,18,0,0,101.75,0.044226044226044224
130,Costa Rica,ornamentals,1986,5.333333333333333,20.333333333333332,7,25,101.75,0.05241605241605241
130,Costa Rica,ornamentals,1987,11,56.25,28,164,101.75,0.10810810810810811
130,Costa Rica,ornamentals,1988,25.25,125,66,311,101.75,0.24815724815724816
130,Costa Rica,ornamentals,1989,45.5,217.25,81,369,101.75,0.44717444717444715
130,Costa Rica,ornamentals,1990,59.17887359684923,293.5,61.7154943873969,330,101.75,0.5816105513203855
130,Costa Rica,ornamentals,1991,76.42887359684923,389.75,97,549,101.75,0.7511437208535551
130,Costa Rica,ornamentals,1992,81.67887359684923,437.25,87,501,101.75,0.8027407724506067
130,Costa Rica,ornamentals,1993,80.67887359684923,582.75,77,951,101.75,0.7929127626225968
130,Costa Rica,ornamentals,1994,91.25,719.25,104,876,101.75,0.8968058968058968
130,Costa Rica,ornamentals,1995,88.75,717.25,87,541,101.75,0.8722358722358723
130,Costa Rica,ornamentals,1996,87.75,706.5,83,458,101.75,0.8624078624078624
130,Costa Rica,ornamentals,1997,91,560.75,90,368,101.75,0.8943488943488943
130,Costa Rica,ornamentals,1998,90,433,100,365,101.75,0.8845208845208845
130,Costa Rica,ornamentals,1999,91.5,368.25,93,282,101.75,0.8992628992628993
130,Costa Rica,ornamentals,2000,94.5,320.75,95,268,101.75,0.9287469287469288
130,Costa Rica,ornamentals,2001,96.25,291.75,97,252,101.75,0.9459459459459459
130,Costa Rica,ornamentals,2002,96.5,283,101,330,101.75,0.9484029484029484
130,Costa Rica,ornamentals,2003,101.75,299,114,346,101.75,1
130,Costa Rica,ornamentals,2004,99.25,336.5,85,418,101.75,0.9754299754299754
130,Costa Rica,ornamentals,2005,93.75,342.75,75,277,101.75,0.9213759213759214
130,Costa Rica,ornamentals,2006,85.75,338.25,69,312,101.75,0.8427518427518428
130,Costa Rica,ornamentals,2007,75.5,321.75,73,280,101.75,0.742014742014742
130,Costa Rica,ornamentals,2008,72.25,291.75,72,298,101.75,0.7100737100737101
130,Costa Rica,ornamentals,2009,59.5,260.25,24,151,101.75,0.5847665847665847
130,Costa Rica,ornamentals,2010,45,201.75,11,78,101.75,0.44226044226044225
130,Costa Rica,ornamentals,2011,29.75,151.25,12,78,101.75,0.29238329238329236
130,Costa Rica,ornamentals,2012,11.75,76.75,0,0,101.75,0.11547911547911548
130,Costa Rica,ornamentals,2013,8.25,55,10,64,101.75,0.08108108108108109
130,Costa Rica,ornamentals,2014,6.5,43,4,30,101.75,0.06388206388206388
130,Costa Rica,ornamentals,2015,5,34.75,6,45,101.75,0.04914004914004914
130,Costa Rica,ornamentals,2016,6.25,43.75,5,36,101.75,0.06142506142506143
130,Costa Rica,ornamentals,2017,4.5,33.5,3,23,101.75,0.044226044226044224
130,Costa Rica,ornamentals,2018,5.25,40,7,56,101.75,0.051597051597051594
130,Costa Rica,ornamentals,2019,12.97,89.1575,36.88,241.63,101.75,0.12746928746928748
130,Costa Rica,ornamentals,2020,17.692500000000003,111.225,23.89,124.27,101.75,0.1738820638820639
130,Costa Rica,ornamentals,2021,26.265,170.7075,37.29,260.93,101.75,0.25813267813267815
130,Costa Rica,ornamentals,2022,31.380000000000003,200.71,27.46,176.01,101.75,0.3084029484029484
130,Costa Rica,seaweeds,1990,4005.795676414098,51,4005.795676414098,51,5727.652858331217,0.6993782227195257
130,Costa Rica,seaweeds,1991,5727.652858331217,170.5,7449.510040248337,290,5727.652858331217,1
130,Costa Rica,seaweeds,1992,3818.435238887478,113.66666666666667,0,0,5727.652858331217,0.6666666666666666
130,Costa Rica,seaweeds,1993,2863.8264291656087,85.25,0,0,5727.652858331217,0.5
130,Costa Rica,seaweeds,1994,2569.1636288237205,75.25,2827.1444750465453,11,5727.652858331217,0.44855435417785783
130,Costa Rica,seaweeds,1995,706.7861187616363,2.75,0,0,5727.652858331217,0.12339890985773923
130,Costa Rica,seaweeds,1996,706.7861187616363,2.75,0,0,5727.652858331217,0.12339890985773923
130,Costa Rica,seaweeds,1997,706.7861187616363,2.75,0,0,5727.652858331217,0.12339890985773923
130,Costa Rica,seaweeds,1998,0.25,3,1,12,5727.652858331217,4.364789664868741e-5
130,Costa Rica,seaweeds,1999,0.5,7.5,1,18,5727.652858331217,8.729579329737482e-5
130,Costa Rica,seaweeds,2000,0.75,10.25,1,11,5727.652858331217,1.3094368994606223e-4
130,Costa Rica,seaweeds,2001,1,16,1,23,5727.652858331217,1.7459158659474964e-4
130,Costa Rica,seaweeds,2002,1,16.75,1,15,5727.652858331217,1.7459158659474964e-4
130,Costa Rica,seaweeds,2003,0.75,12.25,0,0,5727.652858331217,1.3094368994606223e-4
130,Costa Rica,seaweeds,2004,0.5,9.5,0,0,5727.652858331217,8.729579329737482e-5
130,Costa Rica,seaweeds,2005,0.25,3.75,0,0,5727.652858331217,4.364789664868741e-5
130,Costa Rica,seaweeds,2006,0,0,0,0,5727.652858331217,0
130,Costa Rica,seaweeds,2007,0,0,0,0,5727.652858331217,0
130,Costa Rica,seaweeds,2008,0,0,0,0,5727.652858331217,0
130,Costa Rica,seaweeds,2009,0,0,0,0,5727.652858331217,0
130,Costa Rica,seaweeds,2010,0,0,0,0,5727.652858331217,0
130,Costa Rica,seaweeds,2011,0,1,0,4,5727.652858331217,0
130,Costa Rica,seaweeds,2012,0,1.25,0,1,5727.652858331217,0
130,Costa Rica,seaweeds,2013,0,1.25,0,0,5727.652858331217,0
130,Costa Rica,seaweeds,2014,0.25,5.25,1,16,5727.652858331217,4.364789664868741e-5
130,Costa Rica,seaweeds,2015,0.25,4.75,0,2,5727.652858331217,4.364789664868741e-5
130,Costa Rica,seaweeds,2016,0.5,10,1,22,5727.652858331217,8.729579329737482e-5
130,Costa Rica,seaweeds,2017,0.5,10.25,0,1,5727.652858331217,8.729579329737482e-5
130,Costa Rica,seaweeds,2018,0.25,6.25,0,0,5727.652858331217,4.364789664868741e-5
130,Costa Rica,seaweeds,2019,0.3125,5.7975,0.25,0.19,5727.652858331217,5.455987081085926e-5
130,Costa Rica,seaweeds,2020,0.0625,0.2975,0,0,5727.652858331217,1.0911974162171853e-5
130,Costa Rica,seaweeds,2021,0.0625,0.11,0,0.25,5727.652858331217,1.0911974162171853e-5
130,Costa Rica,seaweeds,2022,0.0625,0.175,0,0.26,5727.652858331217,1.0911974162171853e-5
131,Nicaragua,ornamentals,1993,84,27,84,27,142.285,0.5903644094598869
131,Nicaragua,ornamentals,1994,45,20.5,6,14,142.285,0.3162666479249394
131,Nicaragua,ornamentals,1995,30.666666666666668,15,2,4,142.285,0.2155298637710698
131,Nicaragua,ornamentals,1996,23.5,12,2,3,142.285,0.165161471694135
131,Nicaragua,ornamentals,1997,3.75,6.5,5,5,142.285,0.026355553993744948
131,Nicaragua,ornamentals,1998,4.25,5.25,8,9,142.285,0.02986962785957761
131,Nicaragua,ornamentals,1999,3.75,4.5,0,1,142.285,0.026355553993744948
131,Nicaragua,ornamentals,2000,3.75,4.75,2,4,142.285,0.026355553993744948
131,Nicaragua,ornamentals,2001,2.75,4.25,1,3,142.285,0.01932740626207963
131,Nicaragua,ornamentals,2002,0.75,2,0,0,142.285,0.0052711107987489896
131,Nicaragua,ornamentals,2003,0.75,1.75,0,0,142.285,0.0052711107987489896
131,Nicaragua,ornamentals,2004,1.25,3.75,4,12,142.285,0.00878518466458165
131,Nicaragua,ornamentals,2005,1,3,0,0,142.285,0.00702814773166532
131,Nicaragua,ornamentals,2006,2.5,8.75,6,23,142.285,0.0175703693291633
131,Nicaragua,ornamentals,2007,5.75,17.5,13,35,142.285,0.040411849457075585
131,Nicaragua,ornamentals,2008,7.75,20.5,12,24,142.285,0.054468144920406227
131,Nicaragua,ornamentals,2009,7.75,20.5,0,0,142.285,0.054468144920406227
131,Nicaragua,ornamentals,2010,6.75,17.25,2,10,142.285,0.04743999718874091
131,Nicaragua,ornamentals,2011,4.5,13.25,4,19,142.285,0.03162666479249394
131,Nicaragua,ornamentals,2012,2,9.5,2,9,142.285,0.01405629546333064
131,Nicaragua,ornamentals,2013,2.5,11,2,6,142.285,0.0175703693291633
131,Nicaragua,ornamentals,2014,3.25,13,5,18,142.285,0.02284148012791229
131,Nicaragua,ornamentals,2015,4.5,15,9,27,142.285,0.03162666479249394
131,Nicaragua,ornamentals,2016,7,20.5,12,31,142.285,0.04919703412165724
131,Nicaragua,ornamentals,2017,11.5,33,20,56,142.285,0.08082369891415117
131,Nicaragua,ornamentals,2018,16.75,47,26,74,142.285,0.11772147450539411
131,Nicaragua,ornamentals,2019,142.285,753.06,511.14,2851.24,142.285,1
131,Nicaragua,ornamentals,2020,140.8825,750.0875,6.39,19.11,142.285,0.9901430228063394
131,Nicaragua,ornamentals,2021,137.3875,741.5925,6.02,22.02,142.285,0.965579646484169
131,Nicaragua,ornamentals,2022,132.885,728.7624999999999,7.99,22.68,142.285,0.9339354113223459
132,Colombia,fish_oil,1981,1,2,1,2,112.75,0.008869179600886918
132,Colombia,fish_oil,1982,0.5,1,0,0,112.75,0.004434589800443459
132,Colombia,fish_oil,1983,0.3333333333333333,0.6666666666666666,0,0,112.75,0.0029563932002956393
132,Colombia,fish_oil,1984,0.25,0.5,0,0,112.75,0.0022172949002217295
132,Colombia,fish_oil,1985,0,0,0,0,112.75,0
132,Colombia,fish_oil,1986,0,0,0,0,112.75,0
132,Colombia,fish_oil,1987,0,0,0,0,112.75,0
132,Colombia,fish_oil,1988,0,0,0,0,112.75,0
132,Colombia,fish_oil,1989,0,0,0,0,112.75,0
132,Colombia,fish_oil,1990,0,0,0,0,112.75,0
132,Colombia,fish_oil,1991,0,0,0,0,112.75,0
132,Colombia,fish_oil,1992,1,2.773685987131305,4,11.09474394852522,112.75,0.008869179600886918
132,Colombia,fish_oil,1993,5,14.273685987131305,16,46,112.75,0.04434589800443459
132,Colombia,fish_oil,1994,5.5,15.523685987131305,2,5,112.75,0.04878048780487805
132,Colombia,fish_oil,1995,5.75,18.273685987131305,1,11,112.75,0.050997782705099776
132,Colombia,fish_oil,1996,5.5,23.25,3,31,112.75,0.04878048780487805
132,Colombia,fish_oil,1997,6.25,34.75,19,92,112.75,0.05543237250554324
132,Colombia,fish_oil,1998,14.5,56.5,35,92,112.75,0.1286031042128603
132,Colombia,fish_oil,1999,14.25,58,0,17,112.75,0.12638580931263857
132,Colombia,fish_oil,2000,13.75,53.75,1,14,112.75,0.12195121951219512
132,Colombia,fish_oil,2001,10,37,4,25,112.75,0.08869179600886919
132,Colombia,fish_oil,2002,2,16.5,3,10,112.75,0.017738359201773836
132,Colombia,fish_oil,2003,2.5,14.75,2,10,112.75,0.022172949002217297
132,Colombia,fish_oil,2004,3.25,23.25,4,48,112.75,0.028824833702882482
132,Colombia,fish_oil,2005,3.75,35,6,72,112.75,0.03325942350332594
132,Colombia,fish_oil,2006,4.75,55,7,90,112.75,0.04212860310421286
132,Colombia,fish_oil,2007,9.25,148.75,20,385,112.75,0.082039911308204
132,Colombia,fish_oil,2008,16,231,31,377,112.75,0.1419068736141907
132,Colombia,fish_oil,2009,46.5,576.75,128,1455,112.75,0.4124168514412417
132,Colombia,fish_oil,2010,92.25,627,190,291,112.75,0.8181818181818182
132,Colombia,fish_oil,2011,88,536.25,3,22,112.75,0.7804878048780488
132,Colombia,fish_oil,2012,112.75,512.5,130,282,112.75,1
132,Colombia,fish_oil,2013,97.25,172.5,66,95,112.75,0.8625277161862528
132,Colombia,fish_oil,2014,50.5,108.5,3,35,112.75,0.44789356984478934
132,Colombia,fish_oil,2015,53.25,177,14,296,112.75,0.4722838137472284
132,Colombia,fish_oil,2016,20.75,107.25,0,3,112.75,0.18403547671840353
132,Colombia,fish_oil,2017,4.25,84.5,0,4,112.75,0.037694013303769404
132,Colombia,fish_oil,2018,3.5,75.75,0,0,112.75,0.031042128603104215
132,Colombia,fish_oil,2019,0,1.75,0,0,112.75,0
132,Colombia,fish_oil,2020,0.0125,1.2075,0.05,0.83,112.75,1.1086474501108647e-4
132,Colombia,fish_oil,2021,0.465,5.444999999999999,1.81,20.95,112.75,0.004124168514412417
132,Colombia,fish_oil,2022,2.5625,26.2225,8.39,83.11,112.75,0.022727272727272728
132,Colombia,ornamentals,1976,164,1209,164,1209,449.75,0.36464702612562533
132,Colombia,ornamentals,1977,190.5,1918,217,2627,449.75,0.4235686492495831
132,Colombia,ornamentals,1978,242.33333333333334,3590,346,6934,449.75,0.5388178617750602
132,Colombia,ornamentals,1979,249.25,4805.25,270,8451,449.75,0.5541967759866593
132,Colombia,ornamentals,1980,262.5,7558.25,217,12221,449.75,0.5836575875486382
132,Colombia,ornamentals,1981,259.5,10422.25,205,14083,449.75,0.5769872151195108
132,Colombia,ornamentals,1982,209.5,10401.5,146,6851,449.75,0.46581434130072263
132,Colombia,ornamentals,1983,165.5,8728.5,94,1759,449.75,0.367982212340189
132,Colombia,ornamentals,1984,131.25,6048.25,80,1500,449.75,0.2918287937743191
132,Colombia,ornamentals,1985,143.25,2733.25,253,823,449.75,0.3185102834908282
132,Colombia,ornamentals,1986,204,1301,389,1122,449.75,0.4535853251806559
132,Colombia,ornamentals,1987,241.5,1175.75,244,1258,449.75,0.5369649805447471
132,Colombia,ornamentals,1988,290.75,1144,277,1373,449.75,0.6464702612562535
132,Colombia,ornamentals,1989,294,1380.25,266,1768,449.75,0.6536964980544747
132,Colombia,ornamentals,1990,252.25,1530.5,222,1723,449.75,0.5608671484157866
132,Colombia,ornamentals,1991,449.75,2550.75,1034,5339,449.75,1
132,Colombia,ornamentals,1992,415.25,3103.25,139,3583,449.75,0.9232907170650362
132,Colombia,ornamentals,1993,392.25,3800.75,174,4558,449.75,0.8721511951083936
132,Colombia,ornamentals,1994,368.5,4562.5,127,4770,449.75,0.8193440800444691
132,Colombia,ornamentals,1995,143.75,4406,135,4713,449.75,0.3196220122290161
132,Colombia,ornamentals,1996,149.25,4715,161,4819,449.75,0.3318510283490828
132,Colombia,ornamentals,1997,135.75,4681.25,120,4423,449.75,0.30183435241801
132,Colombia,ornamentals,1998,135.25,4415,125,3705,449.75,0.3007226236798221
132,Colombia,ornamentals,1999,144,4303,170,4265,449.75,0.32017787659811003
132,Colombia,ornamentals,2000,139,3888.75,141,3162,449.75,0.30906058921623125
132,Colombia,ornamentals,2001,139.25,3692,121,3636,449.75,0.3096164535853252
132,Colombia,ornamentals,2002,149.5,3836.75,166,4284,449.75,0.33240689271817675
132,Colombia,ornamentals,2003,148.5,3920.25,166,4599,449.75,0.330183435241801
132,Colombia,ornamentals,2004,166.5,4947.75,213,7272,449.75,0.3702056698165648
132,Colombia,ornamentals,2005,196,5603.25,239,6258,449.75,0.4357976653696498
132,Colombia,ornamentals,2006,228,6290,294,7031,449.75,0.5069483046136742
132,Colombia,ornamentals,2007,322,7303.25,542,8652,449.75,0.7159533073929961
132,Colombia,ornamentals,2008,349,7373,321,7551,449.75,0.7759866592551418
132,Colombia,ornamentals,2009,402.25,7933.5,452,8500,449.75,0.8943857698721512
132,Colombia,ornamentals,2010,420.75,8311.5,368,8543,449.75,0.9355197331851028
132,Colombia,ornamentals,2011,425,8345.75,559,8789,449.75,0.9449694274596998
132,Colombia,ornamentals,2012,344.75,6458,0,0,449.75,0.7665369649805448
132,Colombia,ornamentals,2013,231.75,4333,0,0,449.75,0.5152862701500833
132,Colombia,ornamentals,2014,139.75,2197.25,0,0,449.75,0.31072818232351307
132,Colombia,ornamentals,2015,16.25,219.75,65,879,449.75,0.03613118399110617
132,Colombia,ornamentals,2016,42.75,436.75,106,868,449.75,0.09505280711506392
132,Colombia,ornamentals,2017,55.25,566,50,517,449.75,0.12284602556976097
132,Colombia,ornamentals,2018,80.25,809.75,100,975,449.75,0.1784324624791551
132,Colombia,ornamentals,2019,95.345,903.735,125.38,1254.94,449.75,0.21199555308504725
132,Colombia,ornamentals,2020,70.7775,701.095,7.73,57.44,449.75,0.15737076153418567
132,Colombia,ornamentals,2021,58.3125,572.665,0.14,3.28,449.75,0.12965536409116177
132,Colombia,ornamentals,2022,33.3475,329.735,0.14,3.28,449.75,0.07414674819344079
132,Colombia,seaweeds,1998,0,2,0,2,0.75,0
132,Colombia,seaweeds,1999,0,2,0,2,0.75,0
132,Colombia,seaweeds,2000,0,1.6666666666666667,0,1,0.75,0
132,Colombia,seaweeds,2001,0,1.5,0,1,0.75,0
132,Colombia,seaweeds,2002,0,1,0,0,0.75,0
132,Colombia,seaweeds,2003,0,0.5,0,0,0.75,0
132,Colombia,seaweeds,2004,0,0.25,0,0,0.75,0
132,Colombia,seaweeds,2005,0.25,0.75,1,3,0.75,0.3333333333333333
132,Colombia,seaweeds,2006,0.25,1.5,0,3,0.75,0.3333333333333333
132,Colombia,seaweeds,2007,0.25,1.5,0,0,0.75,0.3333333333333333
132,Colombia,seaweeds,2008,0.25,1.5,0,0,0.75,0.3333333333333333
132,Colombia,seaweeds,2009,0,1.5,0,3,0.75,0
132,Colombia,seaweeds,2010,0,1.25,0,2,0.75,0
132,Colombia,seaweeds,2011,0,1.25,0,0,0.75,0
132,Colombia,seaweeds,2012,0,1.25,0,0,0.75,0
132,Colombia,seaweeds,2013,0,1.75,0,5,0.75,0
132,Colombia,seaweeds,2014,0.5,5.75,2,18,0.75,0.6666666666666666
132,Colombia,seaweeds,2015,0.75,9.25,1,14,0.75,1
132,Colombia,seaweeds,2016,0.75,9.75,0,2,0.75,1
132,Colombia,seaweeds,2017,0.75,8.5,0,0,0.75,1
132,Colombia,seaweeds,2018,0.25,4,0,0,0.75,0.3333333333333333
132,Colombia,seaweeds,2019,0,0.5,0,0,0.75,0
132,Colombia,seaweeds,2020,0,0,0,0,0.75,0
132,Colombia,seaweeds,2021,0,0,0,0,0.75,0
132,Colombia,seaweeds,2022,0,0,0,0,0.75,0
133,Honduras,fish_oil,1991,0,0,0,0,182.14000000000001,0
133,Honduras,fish_oil,1992,20,9.5,40,19,182.14000000000001,0.10980564401010211
133,Honduras,fish_oil,1993,13.333333333333334,6.333333333333333,0,0,182.14000000000001,0.07320376267340141
133,Honduras,fish_oil,1994,10.25,5,1,1,182.14000000000001,0.05627539255517733
133,Honduras,fish_oil,1995,10.25,5,0,0,182.14000000000001,0.05627539255517733
133,Honduras,fish_oil,1996,0.25,0.25,0,0,182.14000000000001,0.0013725705501262764
133,Honduras,fish_oil,1997,0.25,0.25,0,0,182.14000000000001,0.0013725705501262764
133,Honduras,fish_oil,1998,0,0,0,0,182.14000000000001,0
133,Honduras,fish_oil,1999,0,0,0,0,182.14000000000001,0
133,Honduras,fish_oil,2000,0,0,0,0,182.14000000000001,0
133,Honduras,fish_oil,2001,0,0,0,0,182.14000000000001,0
133,Honduras,fish_oil,2002,6.25,4.25,25,17,182.14000000000001,0.03431426375315691
133,Honduras,fish_oil,2003,16.25,11.25,40,28,182.14000000000001,0.08921708575820797
133,Honduras,fish_oil,2004,30.25,19.5,56,33,182.14000000000001,0.16608103656527945
133,Honduras,fish_oil,2005,31.75,20.75,6,5,182.14000000000001,0.1743164598660371
133,Honduras,fish_oil,2006,81.5,61.75,224,181,182.14000000000001,0.4474579993411661
133,Honduras,fish_oil,2007,82.25,62.75,43,32,182.14000000000001,0.4515757109915449
133,Honduras,fish_oil,2008,68.25,54.5,0,0,182.14000000000001,0.37471176018447344
133,Honduras,fish_oil,2009,66.75,53.25,0,0,182.14000000000001,0.3664763368837158
133,Honduras,fish_oil,2010,45.25,44.5,138,146,182.14000000000001,0.24843526957285603
133,Honduras,fish_oil,2011,64,58.5,118,88,182.14000000000001,0.35137806083232676
133,Honduras,fish_oil,2012,123.25,147.5,237,356,182.14000000000001,0.6766772812122542
133,Honduras,fish_oil,2013,127.25,156.75,16,37,182.14000000000001,0.6986384100142746
133,Honduras,fish_oil,2014,113.75,143.75,84,94,182.14000000000001,0.6245196003074558
133,Honduras,fish_oil,2015,84.25,121.75,0,0,182.14000000000001,0.4625562753925551
133,Honduras,fish_oil,2016,30.5,36.25,22,14,182.14000000000001,0.16745360711540572
133,Honduras,fish_oil,2017,37,38.5,42,46,182.14000000000001,0.2031404414186889
133,Honduras,fish_oil,2018,16,15,0,0,182.14000000000001,0.08784451520808169
133,Honduras,fish_oil,2019,26.75,25.675,43,42.7,182.14000000000001,0.14686504886351157
133,Honduras,fish_oil,2020,61.68,47.1325,161.72,99.83,182.14000000000001,0.3386406061271549
133,Honduras,fish_oil,2021,61.33,41.0125,40.6,21.52,182.14000000000001,0.33671900735697813
133,Honduras,fish_oil,2022,182.14000000000001,132.54749999999999,483.24,366.14,182.14000000000001,1
133,Honduras,ornamentals,1997,11,12,11,12,17.5,0.6285714285714286
133,Honduras,ornamentals,1998,12,26.5,13,41,17.5,0.6857142857142857
133,Honduras,ornamentals,1999,8,17.666666666666668,0,0,17.5,0.45714285714285713
133,Honduras,ornamentals,2000,16.25,21.75,41,34,17.5,0.9285714285714286
133,Honduras,ornamentals,2001,17.5,36.75,16,72,17.5,1
133,Honduras,ornamentals,2002,14.25,26.5,0,0,17.5,0.8142857142857143
133,Honduras,ornamentals,2003,14.25,26.5,0,0,17.5,0.8142857142857143
133,Honduras,ornamentals,2004,4,18,0,0,17.5,0.22857142857142856
133,Honduras,ornamentals,2005,5.5,6.75,22,27,17.5,0.3142857142857143
133,Honduras,ornamentals,2006,5.5,6.75,0,0,17.5,0.3142857142857143
133,Honduras,ornamentals,2007,5.5,6.75,0,0,17.5,0.3142857142857143
133,Honduras,ornamentals,2008,5.5,6.75,0,0,17.5,0.3142857142857143
133,Honduras,ornamentals,2009,0,0,0,0,17.5,0
133,Honduras,ornamentals,2010,0,0,0,0,17.5,0
133,Honduras,ornamentals,2011,0,0,0,0,17.5,0
133,Honduras,ornamentals,2012,0,0,0,0,17.5,0
133,Honduras,ornamentals,2013,0,0,0,0,17.5,0
133,Honduras,ornamentals,2014,0,0,0,0,17.5,0
133,Honduras,ornamentals,2015,0,0,0,0,17.5,0
133,Honduras,ornamentals,2016,0,0,0,0,17.5,0
133,Honduras,ornamentals,2017,0,0,0,0,17.5,0
133,Honduras,ornamentals,2018,0,0,0,0,17.5,0
133,Honduras,ornamentals,2019,0,0,0,0,17.5,0
133,Honduras,ornamentals,2020,0,0,0,0,17.5,0
133,Honduras,ornamentals,2021,0,0,0,0,17.5,0
133,Honduras,ornamentals,2022,0,0,0,0,17.5,0
133,Honduras,seaweeds,2017,0,18,0,18,0.8275,0
133,Honduras,seaweeds,2018,0.5,57.5,1,97,0.8275,0.6042296072507553
133,Honduras,seaweeds,2019,0.6033333333333334,85.22666666666667,0.81,140.68,0.8275,0.7291037260825781
133,Honduras,seaweeds,2020,0.5775,89.14500000000001,0.5,100.9,0.8275,0.6978851963746223
133,Honduras,seaweeds,2021,0.8275,135.02,1,201.5,0.8275,1
133,Honduras,seaweeds,2022,0.8275,161.145,1,201.5,0.8275,1
134,El Salvador,fish_oil,1997,1000,474,1000,474,1000,1
134,El Salvador,fish_oil,1998,500,237,0,0,1000,0.5
134,El Salvador,fish_oil,1999,361,169,83,33,1000,0.361
134,El Salvador,fish_oil,2000,270.75,126.75,0,0,1000,0.27075
134,El Salvador,fish_oil,2001,20.75,8.25,0,0,1000,0.02075
134,El Salvador,fish_oil,2002,20.75,8.25,0,0,1000,0.02075
134,El Salvador,fish_oil,2003,0.5,0.5,2,2,1000,5e-4
134,El Salvador,fish_oil,2004,0.5,0.5,0,0,1000,5e-4
134,El Salvador,fish_oil,2005,25,15.75,98,61,1000,0.025
134,El Salvador,fish_oil,2006,33.5,21.75,34,24,1000,0.0335
134,El Salvador,fish_oil,2007,38,24.75,20,14,1000,0.038
134,El Salvador,fish_oil,2008,65,48.75,108,96,1000,0.065
134,El Salvador,fish_oil,2009,71.25,58.25,123,99,1000,0.07125
134,El Salvador,fish_oil,2010,80.75,67.5,72,61,1000,0.08075
134,El Salvador,fish_oil,2011,102.75,87.75,108,95,1000,0.10275
134,El Salvador,fish_oil,2012,103.25,89.25,110,102,1000,0.10325
134,El Salvador,fish_oil,2013,118,107,182,170,1000,0.118
134,El Salvador,fish_oil,2014,139,131.5,156,159,1000,0.139
134,El Salvador,fish_oil,2015,152.5,159.25,162,206,1000,0.1525
134,El Salvador,fish_oil,2016,166.25,189,165,221,1000,0.16625
134,El Salvador,fish_oil,2017,192.75,225.25,288,315,1000,0.19275
134,El Salvador,fish_oil,2018,213,255.25,237,279,1000,0.213
134,El Salvador,fish_oil,2019,248.75,302.6875,305,395.75,1000,0.24875
134,El Salvador,fish_oil,2020,262.5,320.9375,220,294,1000,0.2625
134,El Salvador,fish_oil,2021,245.5,316.8125,220,298.5,1000,0.2455
134,El Salvador,fish_oil,2022,236.25,322.6125,200,302.2,1000,0.23625
134,El Salvador,ornamentals,1976,0,0,0,0,10,0
134,El Salvador,ornamentals,1977,0,0,0,0,10,0
134,El Salvador,ornamentals,1978,0,0,0,0,10,0
134,El Salvador,ornamentals,1979,0,0,0,0,10,0
134,El Salvador,ornamentals,1980,0,0,0,0,10,0
134,El Salvador,ornamentals,1981,0,0,0,0,10,0
134,El Salvador,ornamentals,1982,0,0,0,0,10,0
134,El Salvador,ornamentals,1983,0,0,0,0,10,0
134,El Salvador,ornamentals,1984,0,0,0,0,10,0
134,El Salvador,ornamentals,1985,0,0,0,0,10,0
134,El Salvador,ornamentals,1986,0,0,0,0,10,0
134,El Salvador,ornamentals,1987,0,0,0,0,10,0
134,El Salvador,ornamentals,1988,1.0711962126519126,0.25,4.28478485060765,1,10,0.10711962126519126
134,El Salvador,ornamentals,1989,1.0711962126519126,0.25,0,0,10,0.10711962126519126
134,El Salvador,ornamentals,1990,1.0711962126519126,0.25,0,0,10,0.10711962126519126
134,El Salvador,ornamentals,1991,1.0711962126519126,0.25,0,0,10,0.10711962126519126
134,El Salvador,ornamentals,1992,0,0,0,0,10,0
134,El Salvador,ornamentals,1993,0,0,0,0,10,0
134,El Salvador,ornamentals,1994,0,0,0,0,10,0
134,El Salvador,ornamentals,1995,0.25,0,1,0,10,0.025
134,El Salvador,ornamentals,1996,0.25,0.25,0,1,10,0.025
134,El Salvador,ornamentals,1997,0.25,0.5,0,1,10,0.025
134,El Salvador,ornamentals,1998,0.25,0.5,0,0,10,0.025
134,El Salvador,ornamentals,1999,0,0.5,0,0,10,0
134,El Salvador,ornamentals,2000,10,11.75,40,46,10,1
134,El Salvador,ornamentals,2001,10,11.5,0,0,10,1
134,El Salvador,ornamentals,2002,10,11.5,0,0,10,1
134,El Salvador,ornamentals,2003,10,11.5,0,0,10,1
134,El Salvador,ornamentals,2004,0,0,0,0,10,0
134,El Salvador,ornamentals,2005,0,0,0,0,10,0
134,El Salvador,ornamentals,2006,0,0,0,0,10,0
134,El Salvador,ornamentals,2007,0,0,0,0,10,0
134,El Salvador,ornamentals,2008,0,0,0,0,10,0
134,El Salvador,ornamentals,2009,0,0,0,0,10,0
134,El Salvador,ornamentals,2010,0,0,0,0,10,0
134,El Salvador,ornamentals,2011,0,0,0,0,10,0
134,El Salvador,ornamentals,2012,0,0,0,0,10,0
134,El Salvador,ornamentals,2013,0,0,0,0,10,0
134,El Salvador,ornamentals,2014,0,0,0,0,10,0
134,El Salvador,ornamentals,2015,0,0,0,0,10,0
134,El Salvador,ornamentals,2016,0,0,0,0,10,0
134,El Salvador,ornamentals,2017,0,0,0,0,10,0
134,El Salvador,ornamentals,2018,0,0,0,0,10,0
134,El Salvador,ornamentals,2019,0,0,0,0,10,0
134,El Salvador,ornamentals,2020,0,0,0,0,10,0
134,El Salvador,ornamentals,2021,0,0,0,0,10,0
134,El Salvador,ornamentals,2022,0,0,0,0,10,0
135,Mexico,fish_oil,1982,351,211,351,211,30520.7625,0.011500367987202154
135,Mexico,fish_oil,1983,221.5,115,92,19,30520.7625,0.007257354726966602
135,Mexico,fish_oil,1984,1384.1167882891896,77.33333333333333,3709.3503648675687,2,30520.7625,0.04535000684498592
135,Mexico,fish_oil,1985,1087.8375912168922,61.25,199,13,30520.7625,0.035642543046455415
135,Mexico,fish_oil,1986,1124.8375912168922,32,499,94,30520.7625,0.03685483254937986
135,Mexico,fish_oil,1987,1314.5875912168922,62.5,851,141,30520.7625,0.04307191182451264
135,Mexico,fish_oil,1988,387.25,62,0,0,30520.7625,0.012688084054256508
135,Mexico,fish_oil,1989,457.25,84.75,479,104,30520.7625,0.014981604735464915
135,Mexico,fish_oil,1990,433.75,77.25,405,64,30520.7625,0.014211637078202092
135,Mexico,fish_oil,1991,232,46.25,44,17,30520.7625,0.007601382829147863
135,Mexico,fish_oil,1992,232.25,48.75,1,10,30520.7625,0.007609573974437893
135,Mexico,fish_oil,1993,116.5,26.75,16,16,30520.7625,0.0038170737051539914
135,Mexico,fish_oil,1994,27.5,44,49,133,30520.7625,9.010259819033027e-4
135,Mexico,fish_oil,1995,29.75,47,53,29,30520.7625,9.747462895135729e-4
135,Mexico,fish_oil,1996,510,277.5,1922,932,30520.7625,0.01670993639166125
135,Mexico,fish_oil,1997,902.75,411.75,1587,553,30520.7625,0.02957822564229842
135,Mexico,fish_oil,1998,1666,695,3102,1266,30520.7625,0.05458579221276008
135,Mexico,fish_oil,1999,1851.5,725.25,795,150,30520.7625,0.06066362201796236
135,Mexico,fish_oil,2000,1846.5,678.25,1902,744,30520.7625,0.06049979911216176
135,Mexico,fish_oil,2001,2293.25,788.75,3374,995,30520.7625,0.07513737574544542
135,Mexico,fish_oil,2002,3981,1559.25,9853,4348,30520.7625,0.1304357975984381
135,Mexico,fish_oil,2003,4326.75,1734,2178,849,30520.7625,0.14176415153454963
135,Mexico,fish_oil,2004,4395.25,1802.5,2176,1018,30520.7625,0.14400852534401787
135,Mexico,fish_oil,2005,3731,1670,717,465,30520.7625,0.12224465230840809
135,Mexico,fish_oil,2006,4459.5,2859.5,12767,9106,30520.7625,0.14611364968355559
135,Mexico,fish_oil,2007,5366.75,3732.5,5807,4341,30520.7625,0.17583931594107455
135,Mexico,fish_oil,2008,11490,13578.75,26669,40403,30520.7625,0.37646503752977994
135,Mexico,fish_oil,2009,18661,17405.5,29401,15772,30520.7625,0.61141984902900115
135,Mexico,fish_oil,2010,18503,17326.25,12135,8789,30520.7625,0.6062430452057022
135,Mexico,fish_oil,2011,23804.5,23540.25,27013,29197,30520.7625,0.7799444722260789
135,Mexico,fish_oil,2012,26137.75,25887.5,36002,49792,30520.7625,0.8563924312179291
135,Mexico,fish_oil,2013,22678.25,29389.25,15563,29779,30520.7625,0.7430433626944936
135,Mexico,fish_oil,2014,20671.75,29281.5,4109,8358,30520.7625,0.6773012305967127
135,Mexico,fish_oil,2015,14339.5,22828.75,1684,3386,30520.7625,0.46982771154554215
135,Mexico,fish_oil,2016,6291.75,12007,3811,6505,30520.7625,0.20614655351418562
135,Mexico,fish_oil,2017,8152,11717,23004,28619,30520.7625,0.26709686561729906
135,Mexico,fish_oil,2018,10200,14432.25,12301,19219,30520.7625,0.334198727833225
135,Mexico,fish_oil,2019,16044.68,23115.5075,25062.72,38119.03,30520.7625,0.5256972200481558
135,Mexico,fish_oil,2020,20621,31925.03,22116.28,41743.09,30520.7625,0.6756384281028366
135,Mexico,fish_oil,2021,26929.7425,45849.524999999994,48238.97,84316.98,30520.7625,0.8823417337623856
135,Mexico,fish_oil,2022,30520.7625,59037.017499999994,26665.079999999998,71968.96999999999,30520.7625,1
135,Mexico,ornamentals,1976,0,1,0,1,24.916215801508617,0
135,Mexico,ornamentals,1977,0.5,1,1,1,24.916215801508617,0.020067252747494914
135,Mexico,ornamentals,1978,0.3333333333333333,0.6666666666666666,0,0,24.916215801508617,0.013378168498329943
135,Mexico,ornamentals,1979,0.25,0.5,0,0,24.916215801508617,0.010033626373747457
135,Mexico,ornamentals,1980,1.3973414419103456,0.5,4.589365767641382,1,24.916215801508617,0.056081607778727775
135,Mexico,ornamentals,1981,1.1473414419103456,0.25,0,0,24.916215801508617,0.04604798140498032
135,Mexico,ornamentals,1982,2.6473414419103456,11,6,43,24.916215801508617,0.10624973964746506
135,Mexico,ornamentals,1983,2.8973414419103456,12.25,1,5,24.916215801508617,0.11628336602121252
135,Mexico,ornamentals,1984,2.859268827281131,12.25,4.437075309124523,1,24.916215801508617,0.11475534046016767
135,Mexico,ornamentals,1985,3.109268827281131,13.75,1,6,24.916215801508617,0.12478896683391513
135,Mexico,ornamentals,1986,2.359268827281131,6.25,3,13,24.916215801508617,0.09468808771267276
135,Mexico,ornamentals,1987,2.609268827281131,6.75,2,7,24.916215801508617,0.10472171408642021
135,Mexico,ornamentals,1988,1.75,7.5,1,4,24.916215801508617,0.0702353846162322
135,Mexico,ornamentals,1989,2.5,10,4,16,24.916215801508617,0.10033626373747458
135,Mexico,ornamentals,1990,1.75,6.75,0,0,24.916215801508617,0.0702353846162322
135,Mexico,ornamentals,1991,3.5,8.25,9,13,24.916215801508617,0.1404707692324644
135,Mexico,ornamentals,1992,4.5,9.75,5,10,24.916215801508617,0.18060527472745422
135,Mexico,ornamentals,1993,5.5,11.25,8,22,24.916215801508617,0.22073978022244406
135,Mexico,ornamentals,1994,5.75,11.5,1,1,24.916215801508617,0.23077340659619153
135,Mexico,ornamentals,1995,3.5,8.5,0,1,24.916215801508617,0.1404707692324644
135,Mexico,ornamentals,1996,3.3761456371154743,7,4.504582548461897,4,24.916215801508617,0.13549993562469695
135,Mexico,ornamentals,1997,5.333157284550161,18.75,15.828046589738747,69,24.916215801508617,0.2140436303424235
135,Mexico,ornamentals,1998,6.976834536682983,24,7.574709008531286,22,24.916215801508617,0.280011804050138
135,Mexico,ornamentals,1999,8.77359719934384,28.75,7.187050650643428,20,24.916215801508617,0.3521239850078927
135,Mexico,ornamentals,2000,11.750701620320463,46,16.41300023236839,73,24.916215801508617,0.4716085987507375
135,Mexico,ornamentals,2001,9.746209199861347,34.75,7.810076907902285,24,24.916215801508617,0.39115928668715566
135,Mexico,ornamentals,2002,11.6308581731547,45.75,15.113304901704694,66,24.916215801508617,0.46679874126192467
135,Mexico,ornamentals,2003,12.029767737598792,48.25,8.7826889084198,30,24.916215801508617,0.4828087793681101
135,Mexico,ornamentals,2004,10.855541457378969,41.75,11.716095111489096,47,24.916215801508617,0.4356817882722661
135,Mexico,ornamentals,2005,13.220870827652963,55.5,17.27139438899826,79,24.916215801508617,0.5306131128809886
135,Mexico,ornamentals,2006,12.833212469765098,53.5,13.562671470153234,58,24.916215801508617,0.5150546363861593
135,Mexico,ornamentals,2007,13.406914905838516,57,11.077498652713473,44,24.916215801508617,0.538079899959237
135,Mexico,ornamentals,2008,14.068013777726598,61,14.360490599041427,63,24.916215801508617,0.5646127762657608
135,Mexico,ornamentals,2009,15.603077007761296,70,23.411647309137052,115,24.916215801508617,0.6262217799067452
135,Mexico,ornamentals,2010,19.497844004791872,92.5,29.141739458275538,148,24.916215801508617,0.7825363273507739
135,Mexico,ornamentals,2011,22.300155554139174,108.75,22.28674485010268,109,24.916215801508617,0.8950057156267266
135,Mexico,ornamentals,2012,24.916215801508617,121.75,24.8247315885192,115,24.916215801508617,1
135,Mexico,ornamentals,2013,22.642991771801448,113,14.318751190308376,80,24.916215801508617,0.9087652776883747
135,Mexico,ornamentals,2014,18.07045900043336,92.75,10.851608372803184,67,24.916215801508617,0.725248936049881
135,Mexico,ornamentals,2015,14.257457055630091,78.5,7.034737070889605,52,24.916215801508617,0.5722159885437674
135,Mexico,ornamentals,2016,9.948642114523636,65.25,7.58947182409338,62,24.916215801508617,0.3992838316130361
135,Mexico,ornamentals,2017,9.235611111743196,68,11.466627179186617,91,24.916215801508617,0.37066668491384647
135,Mexico,ornamentals,2018,6.81765374746692,61,1.1797789156980798,39,24.916215801508617,0.2736231617906491
135,Mexico,ornamentals,2019,5.058969479744519,59.6125,0,46.45,24.916215801508617,0.20303923838379223
135,Mexico,ornamentals,2020,6.401030483475097,74.11500000000001,12.957715839015691,120.01,24.916215801508617,0.2569021931126287
135,Mexico,ornamentals,2021,3.5343736886784427,79.3225,0,111.83,24.916215801508617,0.14185034022961243
135,Mexico,ornamentals,2022,5.254428959753923,226.6075,8.06,628.14,24.916215801508617,0.21088390795827752
135,Mexico,seaweeds,1990,25194,1634,25194,1634,36447,0.69125030866738
135,Mexico,seaweeds,1991,27085,1591.5,28976,1549,36447,0.743133865613082
135,Mexico,seaweeds,1992,32271.333333333332,1942.3333333333333,42644,2644,36447,0.8854318142325386
135,Mexico,seaweeds,1993,33518.75,2423.25,37261,3866,36447,0.9196573106154141
135,Mexico,seaweeds,1994,33837.75,2364.75,26470,1400,36447,0.9284097456580789
135,Mexico,seaweeds,1995,36447,2504.5,39413,2108,36447,1
135,Mexico,seaweeds,1996,34536,2143.5,35000,1200,36447,0.9475677010453535
135,Mexico,seaweeds,1997,33405.25,1842.75,32738,2663,36447,0.9165431997146541
135,Mexico,seaweeds,1998,28222,1899.25,5737,1626,36447,0.7743298488215765
135,Mexico,seaweeds,1999,27076.75,2050.5,34832,2713,36447,0.7429075095343924
135,Mexico,seaweeds,2000,22122,2242,15181,1966,36447,0.6069635360935056
135,Mexico,seaweeds,2001,21042.75,2084.75,28421,2034,36447,0.5773520454358383
135,Mexico,seaweeds,2002,25230.5,2216.75,22488,2154,36447,0.6922517628337037
135,Mexico,seaweeds,2003,21172.25,1984.25,18599,1783,36447,0.580905149943754
135,Mexico,seaweeds,2004,21745.5,1984.5,17474,1967,36447,0.5966334677751255
135,Mexico,seaweeds,2005,14695.5,1933.25,221,1829,36447,0.4032019096221911
135,Mexico,seaweeds,2006,9182.5,1960.25,436,2262,36447,0.25194117485664114
135,Mexico,seaweeds,2007,4598.75,1922,264,1630,36447,0.12617636568167476
135,Mexico,seaweeds,2008,283.75,1939.25,214,2036,36447,0.007785277251900019
135,Mexico,seaweeds,2009,306,1839.75,310,1431,36447,0.008395752736850769
135,Mexico,seaweeds,2010,286.25,1788.5,357,2057,36447,0.007853870003018081
135,Mexico,seaweeds,2011,350.75,1988,522,2428,36447,0.009623562981864077
135,Mexico,seaweeds,2012,461,2013.75,655,2139,36447,0.012648503306170605
135,Mexico,seaweeds,2013,597,2304.75,854,2595,36447,0.016379948966993168
135,Mexico,seaweeds,2014,738.25,3428.5,922,6552,36447,0.020255439405163663
135,Mexico,seaweeds,2015,763.25,3746.5,622,3700,36447,0.02094136691634428
135,Mexico,seaweeds,2016,744.25,4127.25,579,3662,36447,0.02042006200784701
135,Mexico,seaweeds,2017,647.5,4318,467,3358,36447,0.017765522539578017
135,Mexico,seaweeds,2018,605,3468,752,3152,36447,0.016599445770570966
135,Mexico,seaweeds,2019,651.995,3418.7574999999997,809.9799999999999,3503.0299999999997,36447,0.017888852306088294
135,Mexico,seaweeds,2020,680.865,3358.04,694.48,3419.1299999999997,36447,0.01868096139599967
135,Mexico,seaweeds,2021,704.31,3428.7924999999996,560.78,3641.0099999999998,36447,0.019324224215984852
135,Mexico,seaweeds,2022,647.3425,3486.4375,524.13,3382.58,36447,0.01776120119625758
136,Guatemala,fish_oil,1995,2,13,2,13,121.32,0.016485328058028357
136,Guatemala,fish_oil,1996,1,6.5,0,0,121.32,0.008242664029014178
136,Guatemala,fish_oil,1997,0.6666666666666666,4.333333333333333,0,0,121.32,0.005495109352676118
136,Guatemala,fish_oil,1998,0.5,3.25,0,0,121.32,0.004121332014507089
136,Guatemala,fish_oil,1999,0,0,0,0,121.32,0
136,Guatemala,fish_oil,2000,0,0,0,0,121.32,0
136,Guatemala,fish_oil,2001,0.5,0,2,0,121.32,0.004121332014507089
136,Guatemala,fish_oil,2002,5.75,21,21,84,121.32,0.04739531816683152
136,Guatemala,fish_oil,2003,6.25,22.25,2,5,121.32,0.051516650181338615
136,Guatemala,fish_oil,2004,17.5,31.25,45,36,121.32,0.1442466205077481
136,Guatemala,fish_oil,2005,17,31.25,0,0,121.32,0.14012528849324102
136,Guatemala,fish_oil,2006,11.75,10.75,0,2,121.32,0.09685130234091659
136,Guatemala,fish_oil,2007,35.25,31.5,96,88,121.32,0.29055390702274975
136,Guatemala,fish_oil,2008,24,22.5,0,0,121.32,0.19782393669634027
136,Guatemala,fish_oil,2009,26.75,25,11,10,121.32,0.22049126277612927
136,Guatemala,fish_oil,2010,27.5,28.25,3,15,121.32,0.22667326079788988
136,Guatemala,fish_oil,2011,13.5,24.5,40,73,121.32,0.1112759643916914
136,Guatemala,fish_oil,2012,13.5,24.75,0,1,121.32,0.1112759643916914
136,Guatemala,fish_oil,2013,11,23.25,1,4,121.32,0.09066930431915596
136,Guatemala,fish_oil,2014,10.25,20,0,2,121.32,0.08448730629739533
136,Guatemala,fish_oil,2015,0.5,3.25,1,6,121.32,0.004121332014507089
136,Guatemala,fish_oil,2016,6,14.5,22,46,121.32,0.04945598417408507
136,Guatemala,fish_oil,2017,5.75,13.75,0,1,121.32,0.04739531816683152
136,Guatemala,fish_oil,2018,6,15.5,1,9,121.32,0.04945598417408507
136,Guatemala,fish_oil,2019,11.6875,23.32,23.75,37.28,121.32,0.0963361358391032
136,Guatemala,fish_oil,2020,34.2975,48.282500000000006,112.44,145.85000000000002,121.32,0.28270276953511375
136,Guatemala,fish_oil,2021,83.645,113.7525,197.39,262.88,121.32,0.6894576327068909
136,Guatemala,fish_oil,2022,121.32,163.23250000000002,151.7,206.92,121.32,1
136,Guatemala,ornamentals,1978,1,2,1,2,1.5,0.6666666666666666
136,Guatemala,ornamentals,1979,0.5,1,0,0,1.5,0.3333333333333333
136,Guatemala,ornamentals,1980,0.3333333333333333,0.6666666666666666,0,0,1.5,0.2222222222222222
136,Guatemala,ornamentals,1981,0.25,0.5,0,0,1.5,0.16666666666666666
136,Guatemala,ornamentals,1982,0,0,0,0,1.5,0
136,Guatemala,ornamentals,1983,0,0,0,0,1.5,0
136,Guatemala,ornamentals,1984,0,0,0,0,1.5,0
136,Guatemala,ornamentals,1985,0,0,0,0,1.5,0
136,Guatemala,ornamentals,1986,0,0,0,0,1.5,0
136,Guatemala,ornamentals,1987,0.5,0.5,2,2,1.5,0.3333333333333333
136,Guatemala,ornamentals,1988,0.5,0.5,0,0,1.5,0.3333333333333333
136,Guatemala,ornamentals,1989,0.5,0.5,0,0,1.5,0.3333333333333333
136,Guatemala,ornamentals,1990,0.5,0.75,0,1,1.5,0.3333333333333333
136,Guatemala,ornamentals,1991,0,0.25,0,0,1.5,0
136,Guatemala,ornamentals,1992,0,0.25,0,0,1.5,0
136,Guatemala,ornamentals,1993,0,0.25,0,0,1.5,0
136,Guatemala,ornamentals,1994,0,0,0,0,1.5,0
136,Guatemala,ornamentals,1995,0,0,0,0,1.5,0
136,Guatemala,ornamentals,1996,0,0,0,0,1.5,0
136,Guatemala,ornamentals,1997,0,0,0,0,1.5,0
136,Guatemala,ornamentals,1998,0.25,3,1,12,1.5,0.16666666666666666
136,Guatemala,ornamentals,1999,0.25,3.25,0,1,1.5,0.16666666666666666
136,Guatemala,ornamentals,2000,0.25,3.25,0,0,1.5,0.16666666666666666
136,Guatemala,ornamentals,2001,0.25,3.25,0,0,1.5,0.16666666666666666
136,Guatemala,ornamentals,2002,0,0.25,0,0,1.5,0
136,Guatemala,ornamentals,2003,0,0,0,0,1.5,0
136,Guatemala,ornamentals,2004,0,0,0,0,1.5,0
136,Guatemala,ornamentals,2005,0,0,0,0,1.5,0
136,Guatemala,ornamentals,2006,0,0,0,0,1.5,0
136,Guatemala,ornamentals,2007,0.75,1,3,4,1.5,0.5
136,Guatemala,ornamentals,2008,1.25,1.75,2,3,1.5,0.8333333333333334
136,Guatemala,ornamentals,2009,1.5,2,1,1,1.5,1
136,Guatemala,ornamentals,2010,1.5,2,0,0,1.5,1
136,Guatemala,ornamentals,2011,0.75,1,0,0,1.5,0.5
136,Guatemala,ornamentals,2012,0.25,0.25,0,0,1.5,0.16666666666666666
136,Guatemala,ornamentals,2013,0,0,0,0,1.5,0
136,Guatemala,ornamentals,2014,0,0,0,0,1.5,0
136,Guatemala,ornamentals,2015,0,0,0,0,1.5,0
136,Guatemala,ornamentals,2016,0,0,0,0,1.5,0
136,Guatemala,ornamentals,2017,0,0,0,0,1.5,0
136,Guatemala,ornamentals,2018,0,0,0,0,1.5,0
136,Guatemala,ornamentals,2019,0,0,0,0,1.5,0
136,Guatemala,ornamentals,2020,0,0,0,0,1.5,0
136,Guatemala,ornamentals,2021,0,0,0,0,1.5,0
136,Guatemala,ornamentals,2022,0,0,0,0,1.5,0
136,Guatemala,seaweeds,1999,0,0,0,0,0.25,0
136,Guatemala,seaweeds,2000,0,0,0,0,0.25,0
136,Guatemala,seaweeds,2001,0,0,0,0,0.25,0
136,Guatemala,seaweeds,2002,0,0,0,0,0.25,0
136,Guatemala,seaweeds,2003,0,0,0,0,0.25,0
136,Guatemala,seaweeds,2004,0,0,0,0,0.25,0
136,Guatemala,seaweeds,2005,0,0,0,0,0.25,0
136,Guatemala,seaweeds,2006,0.25,0.5,1,2,0.25,1
136,Guatemala,seaweeds,2007,0.25,0.5,0,0,0.25,1
136,Guatemala,seaweeds,2008,0.25,0.5,0,0,0.25,1
136,Guatemala,seaweeds,2009,0.25,0.5,0,0,0.25,1
136,Guatemala,seaweeds,2010,0,0,0,0,0.25,0
136,Guatemala,seaweeds,2011,0,0,0,0,0.25,0
136,Guatemala,seaweeds,2012,0.25,1,1,4,0.25,1
136,Guatemala,seaweeds,2013,0.25,1,0,0,0.25,1
136,Guatemala,seaweeds,2014,0.25,1.25,0,1,0.25,1
136,Guatemala,seaweeds,2015,0.25,1.75,0,2,0.25,1
136,Guatemala,seaweeds,2016,0,1,0,1,0.25,0
136,Guatemala,seaweeds,2017,0,1.75,0,3,0.25,0
136,Guatemala,seaweeds,2018,0,2,0,2,0.25,0
136,Guatemala,seaweeds,2019,0.035,1.5725,0.14,0.29000000000000004,0.25,0.14
136,Guatemala,seaweeds,2020,0.06,1.4975,0.09999999999999999,0.7000000000000001,0.25,0.24
136,Guatemala,seaweeds,2021,0.06,0.8375,0,0.36,0.25,0.24
136,Guatemala,seaweeds,2022,0.1275,0.515,0.27,0.71,0.25,0.51
137,Ecuador,fish_oil,1976,3853,924,3853,924,14156.75,0.27216698747947093
137,Ecuador,fish_oil,1977,4179.5,1397,4506,1870,14156.75,0.2952301905451463
137,Ecuador,fish_oil,1978,5286.333333333333,2001.6666666666667,7500,3211,14156.75,0.3734143312083164
137,Ecuador,fish_oil,1979,4714.75,1842.5,3000,1365,14156.75,0.33303900965970296
137,Ecuador,fish_oil,1980,3751.5,1611.5,0,0,14156.75,0.26499726278983526
137,Ecuador,fish_oil,1981,2625,1144,0,0,14156.75,0.18542391438712982
137,Ecuador,fish_oil,1982,750,341.25,0,0,14156.75,0.052978261253465664
137,Ecuador,fish_oil,1983,0,0,0,0,14156.75,0
137,Ecuador,fish_oil,1984,0,0,0,0,14156.75,0
137,Ecuador,fish_oil,1985,1364.5,345.75,5458,1383,14156.75,0.09638511664047186
137,Ecuador,fish_oil,1986,3169,807.5,7218,1847,14156.75,0.22385081321631023
137,Ecuador,fish_oil,1987,3169,807.5,0,0,14156.75,0.22385081321631023
137,Ecuador,fish_oil,1988,3169,807.5,0,0,14156.75,0.22385081321631023
137,Ecuador,fish_oil,1989,1804.5,461.75,0,0,14156.75,0.1274656965758384
137,Ecuador,fish_oil,1990,0,0,0,0,14156.75,0
137,Ecuador,fish_oil,1991,0,0,0,0,14156.75,0
137,Ecuador,fish_oil,1992,0,0,0,0,14156.75,0
137,Ecuador,fish_oil,1993,0,0,0,0,14156.75,0
137,Ecuador,fish_oil,1994,7.5,3.5,30,14,14156.75,5.297826125346566e-4
137,Ecuador,fish_oil,1995,12.5,16,20,50,14156.75,8.829710208910944e-4
137,Ecuador,fish_oil,1996,93.25,61.75,323,183,14156.75,0.0065869638158475635
137,Ecuador,fish_oil,1997,947.5,477,3417,1661,14156.75,0.06692920338354495
137,Ecuador,fish_oil,1998,940,473.5,0,0,14156.75,0.0663994207710103
137,Ecuador,fish_oil,1999,1019.5,502,338,164,14156.75,0.07201511646387765
137,Ecuador,fish_oil,2000,1039.75,483.5,404,109,14156.75,0.07344552951772122
137,Ecuador,fish_oil,2001,1281.75,492.75,4385,1698,14156.75,0.09053984848217282
137,Ecuador,fish_oil,2002,1426.5,555.25,579,250,14156.75,0.10076465290409169
137,Ecuador,fish_oil,2003,2785.25,1191,5773,2707,14156.75,0.19674360287495365
137,Ecuador,fish_oil,2004,5323.75,2617.75,10558,5816,14156.75,0.3760573577975171
137,Ecuador,fish_oil,2005,6594.5,3582.75,9468,5558,14156.75,0.46582019178130574
137,Ecuador,fish_oil,2006,7456,4233.75,4025,2854,14156.75,0.52667455454112
137,Ecuador,fish_oil,2007,8207.75,4880.25,8780,5293,14156.75,0.5797764317375104
137,Ecuador,fish_oil,2008,7129.5,5623.5,6245,8789,14156.75,0.5036113514754446
137,Ecuador,fish_oil,2009,7460.5,6338.75,10792,8419,14156.75,0.5269924241086408
137,Ecuador,fish_oil,2010,8597,7862.75,8571,8950,14156.75,0.6072721493280591
137,Ecuador,fish_oil,2011,8836,9978,9736,13754,14156.75,0.6241545552474967
137,Ecuador,fish_oil,2012,11277.5,14167.75,16011,25548,14156.75,0.7966164550479453
137,Ecuador,fish_oil,2013,12986.75,20938,17629,35500,14156.75,0.9173539124445935
137,Ecuador,fish_oil,2014,13581.75,23854.75,10951,20617,14156.75,0.9593833330390097
137,Ecuador,fish_oil,2015,14156.75,27126,12036,26839,14156.75,1
137,Ecuador,fish_oil,2016,13368,27186.75,12856,25791,14156.75,0.9442845285817719
137,Ecuador,fish_oil,2017,12498.75,23494.75,14152,20732,14156.75,0.8828827237890052
137,Ecuador,fish_oil,2018,11551.25,21535.25,7161,12779,14156.75,0.8159535204054603
137,Ecuador,fish_oil,2019,9667,16563.745,4499,6952.9800000000005,14156.75,0.6828544687163367
137,Ecuador,fish_oil,2020,8685.75,13682.455,8931,14265.84,14156.75,0.6135412435763858
137,Ecuador,fish_oil,2021,6505.265,10883.9975,5430.06,9538.17,14156.75,0.45951683825736844
137,Ecuador,fish_oil,2022,5676.4075,9913.67,3845.57,8897.69,14156.75,0.4009682660215092
137,Ecuador,ornamentals,1976,1,2,1,2,50.75,0.019704433497536946
137,Ecuador,ornamentals,1977,1.5,3.5,2,5,50.75,0.029556650246305417
137,Ecuador,ornamentals,1978,1.3333333333333333,4,1,5,50.75,0.026272577996715927
137,Ecuador,ornamentals,1979,1.25,3.5,1,2,50.75,0.024630541871921183
137,Ecuador,ornamentals,1980,1.25,4,1,4,50.75,0.024630541871921183
137,Ecuador,ornamentals,1981,1,3.25,1,2,50.75,0.019704433497536946
137,Ecuador,ornamentals,1982,1,2.5,1,2,50.75,0.019704433497536946
137,Ecuador,ornamentals,1983,0.75,2,0,0,50.75,0.014778325123152709
137,Ecuador,ornamentals,1984,0.75,1.25,1,1,50.75,0.014778325123152709
137,Ecuador,ornamentals,1985,3.75,5,13,17,50.75,0.07389162561576355
137,Ecuador,ornamentals,1986,3.5,4.5,0,0,50.75,0.06896551724137931
137,Ecuador,ornamentals,1987,3.5,4.5,0,0,50.75,0.06896551724137931
137,Ecuador,ornamentals,1988,6.25,8.25,12,16,50.75,0.12315270935960591
137,Ecuador,ornamentals,1989,8.5,9.5,22,22,50.75,0.16748768472906403
137,Ecuador,ornamentals,1990,17.75,16.75,37,29,50.75,0.3497536945812808
137,Ecuador,ornamentals,1991,25.25,22,30,21,50.75,0.4975369458128079
137,Ecuador,ornamentals,1992,27,22.5,19,18,50.75,0.5320197044334976
137,Ecuador,ornamentals,1993,27.25,22.25,23,21,50.75,0.5369458128078818
137,Ecuador,ornamentals,1994,25,24.75,28,39,50.75,0.49261083743842365
137,Ecuador,ornamentals,1995,25.5,27.75,32,33,50.75,0.5024630541871922
137,Ecuador,ornamentals,1996,31.5,32,43,35,50.75,0.6206896551724138
137,Ecuador,ornamentals,1997,41.75,48.75,64,88,50.75,0.8226600985221675
137,Ecuador,ornamentals,1998,49,50,57,44,50.75,0.9655172413793104
137,Ecuador,ornamentals,1999,50.5,50.75,38,36,50.75,0.9950738916256158
137,Ecuador,ornamentals,2000,49,49.5,37,30,50.75,0.9655172413793104
137,Ecuador,ornamentals,2001,46.25,38,53,42,50.75,0.9113300492610837
137,Ecuador,ornamentals,2002,46.5,37,58,40,50.75,0.916256157635468
137,Ecuador,ornamentals,2003,50.75,35,55,28,50.75,1
137,Ecuador,ornamentals,2004,43.25,32.75,7,21,50.75,0.8522167487684729
137,Ecuador,ornamentals,2005,32.75,32.5,11,41,50.75,0.645320197044335
137,Ecuador,ornamentals,2006,23.75,44,22,86,50.75,0.46798029556650245
137,Ecuador,ornamentals,2007,12.5,47.5,10,42,50.75,0.24630541871921183
137,Ecuador,ornamentals,2008,12.25,51,6,35,50.75,0.2413793103448276
137,Ecuador,ornamentals,2009,12,59,10,73,50.75,0.23645320197044334
137,Ecuador,ornamentals,2010,11.5,73.5,20,144,50.75,0.22660098522167488
137,Ecuador,ornamentals,2011,13.75,95.25,19,129,50.75,0.270935960591133
137,Ecuador,ornamentals,2012,18.25,122.5,24,144,50.75,0.35960591133004927
137,Ecuador,ornamentals,2013,18.5,124,11,79,50.75,0.3645320197044335
137,Ecuador,ornamentals,2014,16.75,128,13,160,50.75,0.33004926108374383
137,Ecuador,ornamentals,2015,14.5,133.5,10,151,50.75,0.2857142857142857
137,Ecuador,ornamentals,2016,11,133.25,10,143,50.75,0.21674876847290642
137,Ecuador,ornamentals,2017,10.25,138.25,8,99,50.75,0.2019704433497537
137,Ecuador,ornamentals,2018,8.5,116,6,71,50.75,0.16748768472906403
137,Ecuador,ornamentals,2019,6.5,86.4425,2,32.77,50.75,0.12807881773399016
137,Ecuador,ornamentals,2020,4,54.7275,0,16.14,50.75,0.07881773399014778
137,Ecuador,ornamentals,2021,2.335,32.97,1.34,11.97,50.75,0.04600985221674877
137,Ecuador,ornamentals,2022,1.17,18.212500000000002,1.34,11.97,50.75,0.023054187192118224
137,Ecuador,seaweeds,1996,0,0,0,0,39.9225,0
137,Ecuador,seaweeds,1997,1.5,0.5,3,1,39.9225,0.0375727972947586
137,Ecuador,seaweeds,1998,1,0.3333333333333333,0,0,39.9225,0.025048531529839064
137,Ecuador,seaweeds,1999,2.75,27,8,107,39.9225,0.06888346170705742
137,Ecuador,seaweeds,2000,5,71.5,9,178,39.9225,0.12524265764919532
137,Ecuador,seaweeds,2001,5.75,100,6,115,39.9225,0.14402905629657461
137,Ecuador,seaweeds,2002,7,132.75,5,131,39.9225,0.17533972070887344
137,Ecuador,seaweeds,2003,6.75,157.25,7,205,39.9225,0.1690775878264137
137,Ecuador,seaweeds,2004,6,162,6,197,39.9225,0.1502911891790344
137,Ecuador,seaweeds,2005,6.25,199.5,7,265,39.9225,0.15655332206149414
137,Ecuador,seaweeds,2006,8.5,232.75,14,264,39.9225,0.21291251800363203
137,Ecuador,seaweeds,2007,12.25,279.75,22,393,39.9225,0.30684451124052853
137,Ecuador,seaweeds,2008,16.75,342,24,446,39.9225,0.4195629031248043
137,Ecuador,seaweeds,2009,18.75,344,15,273,39.9225,0.46965996618448247
137,Ecuador,seaweeds,2010,22,418.5,27,562,39.9225,0.5510676936564594
137,Ecuador,seaweeds,2011,23,465.25,26,580,39.9225,0.5761162251862985
137,Ecuador,seaweeds,2012,24,514.5,28,643,39.9225,0.6011647567161376
137,Ecuador,seaweeds,2013,22.75,501,10,219,39.9225,0.5698540923038387
137,Ecuador,seaweeds,2014,19.25,455.75,13,381,39.9225,0.48218423194940196
137,Ecuador,seaweeds,2015,17.5,442.25,19,526,39.9225,0.4383493017721836
137,Ecuador,seaweeds,2016,22.5,613.75,48,1329,39.9225,0.563591959421379
137,Ecuador,seaweeds,2017,28.75,808,35,996,39.9225,0.720145281482873
137,Ecuador,seaweeds,2018,35.5,981.75,40,1076,39.9225,0.8892228693092867
137,Ecuador,seaweeds,2019,39.9225,1085.5225,36.690000000000005,941.09,39.9225,1
137,Ecuador,seaweeds,2020,37.9225,1040.2025,40,1147.72,39.9225,0.9499029369403219
137,Ecuador,seaweeds,2021,36.2825,1011.9825000000001,28.44,883.12,39.9225,0.9088233452313857
137,Ecuador,seaweeds,2022,34.3725,983.5375,32.36,962.2199999999999,39.9225,0.8609806500093933
138,Peru,fish_oil,1976,22,8,22,8,298403.75,7.372561504337664e-5
138,Peru,fish_oil,1977,11,4,0,0,298403.75,3.686280752168832e-5
138,Peru,fish_oil,1978,59,43.666666666666664,155,123,298403.75,1.9771869488905552e-4
138,Peru,fish_oil,1979,11871,5272.5,47307,20959,298403.75,0.039781671644542
138,Peru,fish_oil,1980,11865.5,5270.5,0,0,298403.75,0.03976324024078116
138,Peru,fish_oil,1981,11865.5,5270.5,0,0,298403.75,0.03976324024078116
138,Peru,fish_oil,1982,23305.5,8639.25,45915,13598,298403.75,0.078100560063337
138,Peru,fish_oil,1983,11478.75,3399.5,0,0,298403.75,0.038467177439961794
138,Peru,fish_oil,1984,22235.5,7005.25,43027,14423,298403.75,0.07451481424077278
138,Peru,fish_oil,1985,30931,9081.25,34782,8304,298403.75,0.1036548635866674
138,Peru,fish_oil,1986,33582,8141,56519,9837,298403.75,0.11253880019939427
138,Peru,fish_oil,1987,33832,8200.25,1000,237,298403.75,0.11337659127943264
138,Peru,fish_oil,1988,23458.5,4635.75,1533,165,298403.75,0.0786132882043205
138,Peru,fish_oil,1989,38771,6353,96032,15173,298403.75,0.1299279918566707
138,Peru,fish_oil,1990,31261.75,4979,26482,4341,298403.75,0.10476326118555816
138,Peru,fish_oil,1991,39486.75,6319.75,33900,5600,298403.75,0.13232658771882055
138,Peru,fish_oil,1992,45197.75,8237.5,24377,7836,298403.75,0.1514650871512171
138,Peru,fish_oil,1993,51158.5,13321.5,119875,35509,298403.75,0.171440539872572
138,Peru,fish_oil,1994,115932.5,29109.25,285578,67492,298403.75,0.3885088575461937
138,Peru,fish_oil,1995,158965,43055.75,206030,61386,298403.75,0.5327178361531985
138,Peru,fish_oil,1996,209156.75,59902.5,225144,75223,298403.75,0.7009186379192621
138,Peru,fish_oil,1997,236409.5,73449,228886,89695,298403.75,0.792247081345325
138,Peru,fish_oil,1998,173874.75,61144.75,35439,18275,298403.75,0.5826828583756068
138,Peru,fish_oil,1999,187192,62866.75,259299,68274,298403.75,0.6273111514181708
138,Peru,fish_oil,2000,245018,64221,456448,80640,298403.75,0.8210955793953661
138,Peru,fish_oil,2001,266636.5,64569.5,315360,91089,298403.75,0.8935427252506043
138,Peru,fish_oil,2002,298087.5,77393.25,161243,69570,298403.75,0.9989401942837515
138,Peru,fish_oil,2003,279579.75,80357.5,185268,80131,298403.75,0.9369176828374308
138,Peru,fish_oil,2004,237249,97774.5,287125,150308,298403.75,0.7950603837920938
138,Peru,fish_oil,2005,230184.5,114024.25,287102,156088,298403.75,0.7713860834523695
138,Peru,fish_oil,2006,264541.25,145703.5,298670,196287,298403.75,0.8865211982088027
138,Peru,fish_oil,2007,298403.75,187985,320718,249257,298403.75,1
138,Peru,fish_oil,2008,291079.5,246667,257828,385036,298403.75,0.9754552347281158
138,Peru,fish_oil,2009,295423.5,272113,304478,257872,298403.75,0.9900126925348626
138,Peru,fish_oil,2010,284285.25,291602.75,254117,274246,298403.75,0.9526865865459131
138,Peru,fish_oil,2011,262623,312377.5,234069,332356,298403.75,0.8800928272516683
138,Peru,fish_oil,2012,273976.5,347850.25,303242,526927,298403.75,0.9181402713605308
138,Peru,fish_oil,2013,229409.25,369129.75,126209,342990,298403.75,0.7687880933131704
138,Peru,fish_oil,2014,206771.25,399715.75,163565,396590,298403.75,0.692924435433536
138,Peru,fish_oil,2015,177460.5,389996.25,116826,293478,298403.75,0.5946992958365972
138,Peru,fish_oil,2016,125398,325409,94992,268578,298403.75,0.4202293034186065
138,Peru,fish_oil,2017,136687,322184.75,171365,330093,298403.75,0.45806059742881916
138,Peru,fish_oil,2018,144792,316670.75,195985,374534,298403.75,0.48522178424366313
138,Peru,fish_oil,2019,161534.0725,348283.33999999997,183794.29,419928.36,298403.75,0.541327220251086
138,Peru,fish_oil,2020,173180.13,372501.575,141576.23,365450.94,298403.75,0.5803550726155419
138,Peru,fish_oil,2021,186504.03,421875.8725,224660.6,527590.19,298403.75,0.6250056509008348
138,Peru,fish_oil,2022,173967.0625,468644.3175,145837.13,561607.78,298403.75,0.582992212731911
138,Peru,ornamentals,1976,368,973,368,973,599,0.6143572621035058
138,Peru,ornamentals,1977,357,1012,346,1051,599,0.5959933222036727
138,Peru,ornamentals,1978,356,1043,354,1105,599,0.5943238731218697
138,Peru,ornamentals,1979,363,1067.75,384,1142,599,0.6060100166944908
138,Peru,ornamentals,1980,337,1027.25,264,811,599,0.5626043405676127
138,Peru,ornamentals,1981,314,1012.5,254,992,599,0.5242070116861436
138,Peru,ornamentals,1982,241.25,800,63,255,599,0.40275459098497496
138,Peru,ornamentals,1983,152.25,547.75,28,133,599,0.2541736227045075
138,Peru,ornamentals,1984,121.25,483,140,552,599,0.20242070116861435
138,Peru,ornamentals,1985,80.25,324.75,90,359,599,0.13397328881469114
138,Peru,ornamentals,1986,64.5,344.75,0,335,599,0.10767946577629382
138,Peru,ornamentals,1987,57.5,311.5,0,0,599,0.09599332220367279
138,Peru,ornamentals,1988,22.5,438.75,0,1061,599,0.037562604340567615
138,Peru,ornamentals,1989,0,547.75,0,795,599,0
138,Peru,ornamentals,1990,0,507,0,172,599,0
138,Peru,ornamentals,1991,0,539.75,0,131,599,0
138,Peru,ornamentals,1992,0,274.5,0,0,599,0
138,Peru,ornamentals,1993,0,75.75,0,0,599,0
138,Peru,ornamentals,1994,133.5,656.25,534,2494,599,0.22287145242070117
138,Peru,ornamentals,1995,246.25,932.5,451,1236,599,0.41110183639399
138,Peru,ornamentals,1996,370.75,1343.25,498,1643,599,0.6189482470784641
138,Peru,ornamentals,1997,487.25,1865.5,466,2089,599,0.8134390651085142
138,Peru,ornamentals,1998,499,1649,581,1628,599,0.8330550918196995
138,Peru,ornamentals,1999,514.5,1875,513,2140,599,0.8589315525876461
138,Peru,ornamentals,2000,535.75,2652.5,583,4753,599,0.8944073455759599
138,Peru,ornamentals,2001,570.25,4574.25,604,9776,599,0.9520033388981636
138,Peru,ornamentals,2002,562,5777,548,6439,599,0.9382303839732888
138,Peru,ornamentals,2003,594,6017.5,641,3102,599,0.991652754590985
138,Peru,ornamentals,2004,599,5571,603,2967,599,1
138,Peru,ornamentals,2005,593.75,3938.75,583,3247,599,0.9912353923205343
138,Peru,ornamentals,2006,594.75,3261.75,552,3731,599,0.9929048414023373
138,Peru,ornamentals,2007,548,3439.5,454,3813,599,0.9148580968280468
138,Peru,ornamentals,2008,523.5,3758.25,505,4242,599,0.8739565943238731
138,Peru,ornamentals,2009,480.25,3729.5,410,3132,599,0.8017529215358932
138,Peru,ornamentals,2010,452.5,3910.25,441,4454,599,0.7554257095158597
138,Peru,ornamentals,2011,435.75,3842.75,387,3543,599,0.7274624373956594
138,Peru,ornamentals,2012,313.5,2804.75,16,90,599,0.5233722871452421
138,Peru,ornamentals,2013,217,2042,24,81,599,0.3622704507512521
138,Peru,ornamentals,2014,110.5,943,15,58,599,0.18447412353923207
138,Peru,ornamentals,2015,20,85.5,25,113,599,0.0333889816360601
138,Peru,ornamentals,2016,18.25,70.5,9,30,599,0.03046744574290484
138,Peru,ornamentals,2017,15.5,61,13,43,599,0.02587646076794658
138,Peru,ornamentals,2018,26.75,50,60,14,599,0.044657762938230386
138,Peru,ornamentals,2019,20.5825,22.1175,0.33,1.47,599,0.03436143572621035
138,Peru,ornamentals,2020,18.3325,14.6175,0,0,599,0.030605175292153588
138,Peru,ornamentals,2021,15.0825,3.8675,0,0,599,0.025179465776293822
138,Peru,ornamentals,2022,0.0825,0.3675,0,0,599,1.3772954924874792e-4
138,Peru,seaweeds,1990,25,232,25,232,39478.55,6.3325527406655e-4
138,Peru,seaweeds,1991,23,237,21,242,39478.55,5.82594852141226e-4
138,Peru,seaweeds,1992,21,225,17,201,39478.55,5.31934430215902e-4
138,Peru,seaweeds,1993,23,253.75,29,340,39478.55,5.82594852141226e-4
138,Peru,seaweeds,1994,59.25,280.75,170,340,39478.55,0.0015008149995377235
138,Peru,seaweeds,1995,54,220.25,0,0,39478.55,0.001367831391983748
138,Peru,seaweeds,1996,310.25,362,1042,768,39478.55,0.007858697951165885
138,Peru,seaweeds,1997,899.75,578.5,2387,1206,39478.55,0.022790857313655134
138,Peru,seaweeds,1998,1803.5,837.5,3785,1376,39478.55,0.04568303547116092
138,Peru,seaweeds,1999,2640.25,1117.25,3347,1119,39478.55,0.06687808949416835
138,Peru,seaweeds,2000,2646.5,1028,1067,411,39478.55,0.06703640331268498
138,Peru,seaweeds,2001,2598.25,954.5,2194,912,39478.55,0.06581422063373654
138,Peru,seaweeds,2002,2523,932.25,3484,1287,39478.55,0.06390812225879623
138,Peru,seaweeds,2003,2482.25,986.25,3184,1335,39478.55,0.06287591616206775
138,Peru,seaweeds,2004,3275,1290.25,4238,1627,39478.55,0.08295644090271805
138,Peru,seaweeds,2005,4123.25,1606.5,5587,2177,39478.55,0.1044427923517961
138,Peru,seaweeds,2006,4875.75,1933.5,6494,2595,39478.55,0.12350377610119925
138,Peru,seaweeds,2007,6324.5,2600.5,8979,4003,39478.55,0.16020091923335583
138,Peru,seaweeds,2008,10723.75,5715.25,21835,14086,39478.55,0.2716348498108466
138,Peru,seaweeds,2009,12408.75,7315.5,12327,8578,39478.55,0.3143162552829321
138,Peru,seaweeds,2010,16481,10377.5,22783,14843,39478.55,0.41746720687563244
138,Peru,seaweeds,2011,20550.5,13582.75,25257,16824,39478.55,0.5205485003881855
138,Peru,seaweeds,2012,22084.25,16084.75,27970,24094,39478.55,0.5593987114521682
138,Peru,seaweeds,2013,26626,22898.25,30494,35832,39478.55,0.6744421970918384
138,Peru,seaweeds,2014,28209.25,27476.5,29116,33156,39478.55,0.714546253598473
138,Peru,seaweeds,2015,27982.25,27771.75,24349,18005,39478.55,0.7087962957099487
138,Peru,seaweeds,2016,26421.75,25789,21728,16163,39478.55,0.6692685015027147
138,Peru,seaweeds,2017,25853.75,24571.75,28222,30963,39478.55,0.6548809416759227
138,Peru,seaweeds,2018,26396,23549.25,31285,29066,39478.55,0.6686162485704261
138,Peru,seaweeds,2019,29129.9625,24561.885000000002,35284.85,22055.54,39478.55,0.737868095459433
138,Peru,seaweeds,2020,31108.3575,25503.0925,29641.58,19927.829999999998,39478.55,0.7879812581769087
138,Peru,seaweeds,2021,34986.4025,27537.0225,43734.18,39098.72,39478.55,0.8862129561496052
138,Peru,seaweeds,2022,39478.55,38332.729999999996,49253.590000000004,72248.82999999999,39478.55,1
139,Venezuela,fish_oil,1976,5,2,5,2,5,1
139,Venezuela,fish_oil,1977,2.5,1,0,0,5,0.5
139,Venezuela,fish_oil,1978,1.6666666666666667,0.6666666666666666,0,0,5,0.33333333333333337
139,Venezuela,fish_oil,1979,1.25,0.5,0,0,5,0.25
139,Venezuela,fish_oil,1980,0,0,0,0,5,0
139,Venezuela,fish_oil,1981,0,0,0,0,5,0
139,Venezuela,fish_oil,1982,0,0,0,0,5,0
139,Venezuela,fish_oil,1983,0,0,0,0,5,0
139,Venezuela,fish_oil,1984,0,0,0,0,5,0
139,Venezuela,fish_oil,1985,0,0,0,0,5,0
139,Venezuela,fish_oil,1986,0,0,0,0,5,0
139,Venezuela,fish_oil,1987,0,0,0,0,5,0
139,Venezuela,fish_oil,1988,0,0,0,0,5,0
139,Venezuela,fish_oil,1989,0,0,0,0,5,0
139,Venezuela,fish_oil,1990,0,0,0,0,5,0
139,Venezuela,fish_oil,1991,0.5,1,2,4,5,0.1
139,Venezuela,fish_oil,1992,1.75,7.25,5,25,5,0.35
139,Venezuela,fish_oil,1993,1.75,7.25,0,0,5,0.35
139,Venezuela,fish_oil,1994,1.75,7.25,0,0,5,0.35
139,Venezuela,fish_oil,1995,1.25,6.25,0,0,5,0.25
139,Venezuela,fish_oil,1996,0,0,0,0,5,0
139,Venezuela,fish_oil,1997,0,1.25,0,5,5,0
139,Venezuela,fish_oil,1998,0,1.25,0,0,5,0
139,Venezuela,fish_oil,1999,2,6.25,8,20,5,0.4
139,Venezuela,fish_oil,2000,2,6.25,0,0,5,0.4
139,Venezuela,fish_oil,2001,2,5,0,0,5,0.4
139,Venezuela,fish_oil,2002,2.25,7.25,1,9,5,0.45
139,Venezuela,fish_oil,2003,0.5,3.5,1,5,5,0.1
139,Venezuela,fish_oil,2004,0.75,4.75,1,5,5,0.15
139,Venezuela,fish_oil,2005,1,6,1,5,5,0.2
139,Venezuela,fish_oil,2006,0.75,3.75,0,0,5,0.15
139,Venezuela,fish_oil,2007,0.5,2.5,0,0,5,0.1
139,Venezuela,fish_oil,2008,0.25,1.25,0,0,5,0.05
139,Venezuela,fish_oil,2009,0,0,0,0,5,0
139,Venezuela,fish_oil,2010,0,0,0,0,5,0
139,Venezuela,fish_oil,2011,0,0,0,0,5,0
139,Venezuela,fish_oil,2012,0,0,0,0,5,0
139,Venezuela,fish_oil,2013,0,0,0,0,5,0
139,Venezuela,fish_oil,2014,0,0,0,0,5,0
139,Venezuela,fish_oil,2015,0,0,0,0,5,0
139,Venezuela,fish_oil,2016,0,0,0,0,5,0
139,Venezuela,fish_oil,2017,0,0,0,0,5,0
139,Venezuela,fish_oil,2018,0,0,0,0,5,0
139,Venezuela,fish_oil,2019,0,0,0,0,5,0
139,Venezuela,fish_oil,2020,0,0,0,0,5,0
139,Venezuela,fish_oil,2021,0,0,0,0,5,0
139,Venezuela,fish_oil,2022,0,0,0,0,5,0
139,Venezuela,ornamentals,1976,0,0,0,0,85,0
139,Venezuela,ornamentals,1977,0,0,0,0,85,0
139,Venezuela,ornamentals,1978,0,0,0,0,85,0
139,Venezuela,ornamentals,1979,0,0,0,0,85,0
139,Venezuela,ornamentals,1980,0,0,0,0,85,0
139,Venezuela,ornamentals,1981,0,0,0,0,85,0
139,Venezuela,ornamentals,1982,0,0,0,0,85,0
139,Venezuela,ornamentals,1983,0,0,0,0,85,0
139,Venezuela,ornamentals,1984,0,0,0,0,85,0
139,Venezuela,ornamentals,1985,0.5,3.5,2,14,85,0.0058823529411764705
139,Venezuela,ornamentals,1986,2.25,39,7,142,85,0.026470588235294117
139,Venezuela,ornamentals,1987,3,47.75,3,35,85,0.03529411764705882
139,Venezuela,ornamentals,1988,4.5,55.25,6,30,85,0.052941176470588235
139,Venezuela,ornamentals,1989,8.5,83,18,125,85,0.1
139,Venezuela,ornamentals,1990,16.75,77.75,40,121,85,0.19705882352941176
139,Venezuela,ornamentals,1991,26,99.75,40,123,85,0.3058823529411765
139,Venezuela,ornamentals,1992,34.25,123,39,123,85,0.40294117647058825
139,Venezuela,ornamentals,1993,59.25,100.75,118,36,85,0.6970588235294117
139,Venezuela,ornamentals,1994,70,77.25,83,27,85,0.8235294117647058
139,Venezuela,ornamentals,1995,67.75,52,31,22,85,0.7970588235294118
139,Venezuela,ornamentals,1996,85,32.75,108,46,85,1
139,Venezuela,ornamentals,1997,58.5,32.75,12,36,85,0.6882352941176471
139,Venezuela,ornamentals,1998,38.25,27.75,2,7,85,0.45
139,Venezuela,ornamentals,1999,31,25,2,11,85,0.36470588235294116
139,Venezuela,ornamentals,2000,6.5,26.5,10,52,85,0.07647058823529412
139,Venezuela,ornamentals,2001,5.25,31.75,7,57,85,0.061764705882352944
139,Venezuela,ornamentals,2002,6,41.5,5,46,85,0.07058823529411765
139,Venezuela,ornamentals,2003,7.5,45.75,8,28,85,0.08823529411764706
139,Venezuela,ornamentals,2004,10.5,63.25,22,122,85,0.12352941176470589
139,Venezuela,ornamentals,2005,12.5,90,15,164,85,0.14705882352941177
139,Venezuela,ornamentals,2006,12,80,3,6,85,0.1411764705882353
139,Venezuela,ornamentals,2007,10,73,0,0,85,0.11764705882352941
139,Venezuela,ornamentals,2008,4.5,42.5,0,0,85,0.052941176470588235
139,Venezuela,ornamentals,2009,0.75,1.5,0,0,85,0.008823529411764706
139,Venezuela,ornamentals,2010,0,0,0,0,85,0
139,Venezuela,ornamentals,2011,0,0,0,0,85,0
139,Venezuela,ornamentals,2012,0,0,0,0,85,0
139,Venezuela,ornamentals,2013,0,0,0,0,85,0
139,Venezuela,ornamentals,2014,0,0,0,0,85,0
139,Venezuela,ornamentals,2015,0,0,0,0,85,0
139,Venezuela,ornamentals,2016,0,0,0,0,85,0
139,Venezuela,ornamentals,2017,0,0,0,0,85,0
139,Venezuela,ornamentals,2018,0,0,0,0,85,0
139,Venezuela,ornamentals,2019,0.2025,1.5425,0.81,6.17,85,0.002382352941176471
139,Venezuela,ornamentals,2020,0.2625,2.02,0.24,1.91,85,0.0030882352941176473
139,Venezuela,ornamentals,2021,0.41000000000000003,2.84,0.59,3.28,85,0.0048235294117647065
139,Venezuela,ornamentals,2022,0.47250000000000003,3.1975,0.25,1.43,85,0.005558823529411765
139,Venezuela,seaweeds,1999,14,10,14,10,516.2625,0.027117987457930797
139,Venezuela,seaweeds,2000,7,5,0,0,516.2625,0.013558993728965399
139,Venezuela,seaweeds,2001,10.666666666666666,7,18,11,516.2625,0.020661323777471083
139,Venezuela,seaweeds,2002,8,5.25,0,0,516.2625,0.015495992833103314
139,Venezuela,seaweeds,2003,4.5,2.75,0,0,516.2625,0.008716495968620614
139,Venezuela,seaweeds,2004,4.5,2.75,0,0,516.2625,0.008716495968620614
139,Venezuela,seaweeds,2005,0,0,0,0,516.2625,0
139,Venezuela,seaweeds,2006,0,0,0,0,516.2625,0
139,Venezuela,seaweeds,2007,0,0,0,0,516.2625,0
139,Venezuela,seaweeds,2008,0,0,0,0,516.2625,0
139,Venezuela,seaweeds,2009,0,0,0,0,516.2625,0
139,Venezuela,seaweeds,2010,0,0,0,0,516.2625,0
139,Venezuela,seaweeds,2011,0,0,0,0,516.2625,0
139,Venezuela,seaweeds,2012,0,0,0,0,516.2625,0
139,Venezuela,seaweeds,2013,0,0,0,0,516.2625,0
139,Venezuela,seaweeds,2014,0,0,0,0,516.2625,0
139,Venezuela,seaweeds,2015,0,0,0,0,516.2625,0
139,Venezuela,seaweeds,2016,0,0,0,0,516.2625,0
139,Venezuela,seaweeds,2017,0,0,0,0,516.2625,0
139,Venezuela,seaweeds,2018,0,0,0,0,516.2625,0
139,Venezuela,seaweeds,2019,65.6875,94.05499999999999,262.75,376.21999999999997,516.2625,0.12723662865305924
139,Venezuela,seaweeds,2020,157.45499999999998,160.0975,367.07,264.17,516.2625,0.30499019394203525
139,Venezuela,seaweeds,2021,252.9275,239.965,381.89,319.47,516.2625,0.4899203409118423
139,Venezuela,seaweeds,2022,516.2625,647.71,1053.3400000000001,1630.98,516.2625,1
140,Guadeloupe and Martinique,ornamentals,1988,1,43,1,43,6.25,0.16
140,Guadeloupe and Martinique,ornamentals,1989,4,54.5,7,66,6.25,0.64
140,Guadeloupe and Martinique,ornamentals,1990,4.666666666666667,57.333333333333336,6,63,6.25,0.7466666666666667
140,Guadeloupe and Martinique,ornamentals,1991,5.25,59.25,7,65,6.25,0.84
140,Guadeloupe and Martinique,ornamentals,1992,6,62,4,54,6.25,0.96
140,Guadeloupe and Martinique,ornamentals,1993,5.75,58.5,6,52,6.25,0.92
140,Guadeloupe and Martinique,ornamentals,1994,6.25,58.5,8,63,6.25,1
140,Guadeloupe and Martinique,ornamentals,1995,6.25,60,7,71,6.25,1
140,Guadeloupe and Martinique,ornamentals,1996,5.25,46.5,0,0,6.25,0.84
140,Guadeloupe and Martinique,ornamentals,1997,3.75,33.5,0,0,6.25,0.6
140,Guadeloupe and Martinique,ornamentals,1998,1.75,17.75,0,0,6.25,0.28
140,Guadeloupe and Martinique,ornamentals,1999,0,0,0,0,6.25,0
140,Guadeloupe and Martinique,ornamentals,2000,0,0,0,0,6.25,0
140,Guadeloupe and Martinique,ornamentals,2001,0,0,0,0,6.25,0
140,Guadeloupe and Martinique,ornamentals,2002,0,0,0,0,6.25,0
140,Guadeloupe and Martinique,ornamentals,2003,0,0,0,0,6.25,0
140,Guadeloupe and Martinique,ornamentals,2004,0,0,0,0,6.25,0
140,Guadeloupe and Martinique,ornamentals,2005,0,0,0,0,6.25,0
140,Guadeloupe and Martinique,ornamentals,2006,0,0,0,0,6.25,0
140,Guadeloupe and Martinique,ornamentals,2007,0,0,0,0,6.25,0
140,Guadeloupe and Martinique,ornamentals,2008,0,0,0,0,6.25,0
140,Guadeloupe and Martinique,ornamentals,2009,0,0,0,0,6.25,0
140,Guadeloupe and Martinique,ornamentals,2010,0,0,0,0,6.25,0
140,Guadeloupe and Martinique,ornamentals,2011,0,0,0,0,6.25,0
140,Guadeloupe and Martinique,ornamentals,2012,0,0,0,0,6.25,0
140,Guadeloupe and Martinique,ornamentals,2013,0,0,0,0,6.25,0
140,Guadeloupe and Martinique,ornamentals,2014,0,0,0,0,6.25,0
140,Guadeloupe and Martinique,ornamentals,2015,0,0,0,0,6.25,0
140,Guadeloupe and Martinique,ornamentals,2016,0,0,0,0,6.25,0
140,Guadeloupe and Martinique,ornamentals,2017,0,0,0,0,6.25,0
140,Guadeloupe and Martinique,ornamentals,2018,0,0,0,0,6.25,0
140,Guadeloupe and Martinique,ornamentals,2019,0,0,0,0,6.25,0
140,Guadeloupe and Martinique,ornamentals,2020,0,0,0,0,6.25,0
140,Guadeloupe and Martinique,ornamentals,2021,0,0,0,0,6.25,0
140,Guadeloupe and Martinique,ornamentals,2022,0,0,0,0,6.25,0
141,Faeroe Islands,fish_oil,1976,6332,2175,6332,2175,11586,0.5465216640773347
141,Faeroe Islands,fish_oil,1977,6167.5,2306.5,6003,2438,11586,0.5323234938719144
141,Faeroe Islands,fish_oil,1978,6275.666666666667,2360.6666666666665,6492,2469,11586,0.5416594740779102
141,Faeroe Islands,fish_oil,1979,5450.25,2060,2974,1158,11586,0.4704168824443294
141,Faeroe Islands,fish_oil,1980,5692.25,2193,7300,2707,11586,0.4913041601933368
141,Faeroe Islands,fish_oil,1981,5533,2093,5366,2038,11586,0.4775591230795788
141,Faeroe Islands,fish_oil,1982,4784.25,1750,3497,1097,11586,0.4129337131020197
141,Faeroe Islands,fish_oil,1983,5952,2153.75,7645,2773,11586,0.5137234593474883
141,Faeroe Islands,fish_oil,1984,6288.75,2232,8647,3020,11586,0.5427887105126877
141,Faeroe Islands,fish_oil,1985,9067.75,2859.5,16482,4548,11586,0.7826471603659589
141,Faeroe Islands,fish_oil,1986,10671.5,3016.25,9912,1724,11586,0.9210685309856723
141,Faeroe Islands,fish_oil,1987,10558,2747.75,7191,1699,11586,0.9112722250992578
141,Faeroe Islands,fish_oil,1988,11586,3311.75,12759,5276,11586,1
141,Faeroe Islands,fish_oil,1989,9424,2661.5,7834,1947,11586,0.8133954773001899
141,Faeroe Islands,fish_oil,1990,7704.25,2405,3033,698,11586,0.6649620231313654
141,Faeroe Islands,fish_oil,1991,6615.25,2176,2835,783,11586,0.570969273260832
141,Faeroe Islands,fish_oil,1992,5791.25,1683.75,9463,3307,11586,0.49984895563611254
141,Faeroe Islands,fish_oil,1993,7954.75,2559,16488,5448,11586,0.6865829449335404
141,Faeroe Islands,fish_oil,1994,9766,3127.25,10278,2971,11586,0.8429138615570516
141,Faeroe Islands,fish_oil,1995,10765.75,3568.75,6834,2549,11586,0.9292033488693251
141,Faeroe Islands,fish_oil,1996,10989.75,3847.75,10359,4423,11586,0.9485370274469187
141,Faeroe Islands,fish_oil,1997,8684.25,3360.75,7266,3500,11586,0.7495468669083376
141,Faeroe Islands,fish_oil,1998,6461.25,2906.25,1386,1153,11586,0.5576773692387365
141,Faeroe Islands,fish_oil,1999,5637.5,2643.5,3539,1498,11586,0.48657862938028656
141,Faeroe Islands,fish_oil,2000,3347.5,1618.25,1199,322,11586,0.28892629035042294
141,Faeroe Islands,fish_oil,2001,1778,856,988,451,11586,0.15346107370964956
141,Faeroe Islands,fish_oil,2002,1737.25,710.25,1223,570,11586,0.14994389780769896
141,Faeroe Islands,fish_oil,2003,1053.25,432.25,803,386,11586,0.09090712929397549
141,Faeroe Islands,fish_oil,2004,2090,1213.25,5346,3446,11586,0.18039012601415502
141,Faeroe Islands,fish_oil,2005,2972,1670.25,4516,2279,11586,0.25651648541343003
141,Faeroe Islands,fish_oil,2006,2907,1801.75,963,1096,11586,0.2509062661833247
141,Faeroe Islands,fish_oil,2007,3337.25,2273.25,2524,2272,11586,0.28804160193336786
141,Faeroe Islands,fish_oil,2008,2023.25,1481.25,90,278,11586,0.17462886242016226
141,Faeroe Islands,fish_oil,2009,911,1080.75,67,677,11586,0.07862938028655274
141,Faeroe Islands,fish_oil,2010,1256.8200000000002,1432.3025,2346.28,2502.21,11586,0.10847747281201452
141,Faeroe Islands,fish_oil,2011,742.69,1028.8025,467.48,658,11586,0.06410236492318315
141,Faeroe Islands,fish_oil,2012,1323.1725000000001,1254.925,2411.93,1182.49,11586,0.11420442775763855
141,Faeroe Islands,fish_oil,2013,5349.1825,6167.765,16171.04,20328.36,11586,0.4616936388745037
141,Faeroe Islands,fish_oil,2014,6173.175,6449.2325,5642.25,3628.08,11586,0.5328133091662351
141,Faeroe Islands,fish_oil,2015,7614.6425,6601.37,6233.35,1266.55,11586,0.6572279043673399
141,Faeroe Islands,fish_oil,2016,10413.79,6966.9025,13608.52,2644.62,11586,0.8988253064042812
141,Faeroe Islands,fish_oil,2017,6371.030000000001,1884.8125,0,0,11586,0.5498903849473503
141,Faeroe Islands,fish_oil,2018,5260.6675000000005,1350.795,1200.8,1492.01,11586,0.45405381494907654
141,Faeroe Islands,fish_oil,2019,3711.6125,1045.385,37.129999999999995,44.91,11586,0.3203532280338339
141,Faeroe Islands,fish_oil,2020,438.0725,477.78,514.36,374.2,11586,0.03781050405662006
141,Faeroe Islands,fish_oil,2021,699.5725,760.3375,1046,1130.23,11586,0.06038084757465907
141,Faeroe Islands,fish_oil,2022,1886.4099999999999,4660.19,5948.15,17091.42,11586,0.1628180562748144
141,Faeroe Islands,seaweeds,2014,1.97,10.43,1.97,10.43,61.55,0.032006498781478473
141,Faeroe Islands,seaweeds,2015,4.6850000000000005,31.44,7.4,52.45,61.55,0.07611697806661252
141,Faeroe Islands,seaweeds,2016,6.476666666666667,60.236666666666665,10.06,117.83,61.55,0.10522610343893854
141,Faeroe Islands,seaweeds,2017,6.4725,54.1325,6.46,35.82,61.55,0.10515840779853779
141,Faeroe Islands,seaweeds,2018,6.282500000000001,69.6875,1.21,72.65,61.55,0.10207148659626322
141,Faeroe Islands,seaweeds,2019,4.8075,67.945,1.5,45.48,61.55,0.07810722989439481
141,Faeroe Islands,seaweeds,2020,21.4825,80.4025,76.76,167.66,61.55,0.34902518277822914
141,Faeroe Islands,seaweeds,2021,46.72,126.275,107.41,219.31,61.55,0.7590576766856214
141,Faeroe Islands,seaweeds,2022,61.55,140.3825,60.53,129.08,61.55,1
143,Iceland,fish_oil,1976,29669,9995,29669,9995,113025,0.26249944702499445
143,Iceland,fish_oil,1977,50542.5,19331,71416,28667,113025,0.4471798274717983
143,Iceland,fish_oil,1978,58014.666666666664,23080.666666666668,72959,30580,113025,0.5132905699329057
143,Iceland,fish_oil,1979,66392.75,25988.75,91527,34713,113025,0.587416500774165
143,Iceland,fish_oil,1980,80197,31811.5,84886,33286,113025,0.7095509842955099
143,Iceland,fish_oil,1981,82930,32555.25,82348,31642,113025,0.7337314753373148
143,Iceland,fish_oil,1982,74301,27738.5,38443,11313,113025,0.6573855341738554
143,Iceland,fish_oil,1983,53584.75,19920.25,8662,3440,113025,0.47409643884096436
143,Iceland,fish_oil,1984,47351,17023,59951,21697,113025,0.4189427117894271
143,Iceland,fish_oil,1985,58062.75,17853.75,125195,34965,113025,0.5137159920371599
143,Iceland,fish_oil,1986,73407,21234.75,99820,24837,113025,0.6494757796947578
143,Iceland,fish_oil,1987,91854.75,25235.25,82453,19442,113025,0.8126940942269409
143,Iceland,fish_oil,1988,102232.75,27766.25,101463,31821,113025,0.9045144879451449
143,Iceland,fish_oil,1989,85057,23517.75,56492,17971,113025,0.7525503207255032
143,Iceland,fish_oil,1990,76787.25,21804.5,66741,17984,113025,0.6793828798938288
143,Iceland,fish_oil,1991,64239.5,19933,32262,11956,113025,0.568365405883654
143,Iceland,fish_oil,1992,57000.75,18715.25,72508,26950,113025,0.5043198407431984
143,Iceland,fish_oil,1993,71233.5,24605.75,113423,41533,113025,0.6302455209024552
143,Iceland,fish_oil,1994,76937.5,28008.25,89557,31594,113025,0.6807122318071224
143,Iceland,fish_oil,1995,91711.5,34434.75,91358,37662,113025,0.8114266755142667
143,Iceland,fish_oil,1996,108372,42353.75,139150,58626,113025,0.9588321167883211
143,Iceland,fish_oil,1997,112929.25,48403.5,131652,65732,113025,0.9991528422915285
143,Iceland,fish_oil,1998,113025,56839.75,89940,65339,113025,1
143,Iceland,fish_oil,1999,112118.75,55879.25,87733,33820,113025,0.9919818624198187
143,Iceland,fish_oil,2000,96964.5,47259.75,78533,24148,113025,0.8579031187790311
143,Iceland,fish_oil,2001,89328.5,41137.75,101108,41244,113025,0.7903428445034284
143,Iceland,fish_oil,2002,83418,35133.5,66298,41322,113025,0.7380491041804911
143,Iceland,fish_oil,2003,93956.75,45260,129888,74326,113025,0.8312917496129175
143,Iceland,fish_oil,2004,90887,51349,66254,48504,113025,0.8041318292413183
143,Iceland,fish_oil,2005,77834.5,51585.25,48898,42189,113025,0.6886485290864853
143,Iceland,fish_oil,2006,71777.25,51467.25,42069,40850,113025,0.635056403450564
143,Iceland,fish_oil,2007,54672,49246.5,61467,65443,113025,0.4837159920371599
143,Iceland,fish_oil,2008,51569.25,63551,53843,105722,113025,0.456264100862641
143,Iceland,fish_oil,2009,60579.75,72872.5,84940,79475,113025,0.535985401459854
143,Iceland,fish_oil,2010,64729,80964.25,58666,73217,113025,0.5726963061269631
143,Iceland,fish_oil,2011,64418.75,90651,60226,104190,113025,0.5699513381995134
143,Iceland,fish_oil,2012,65687.75,93495.75,58919,117101,113025,0.5811789427117894
143,Iceland,fish_oil,2013,59167.75,107404.5,58860,135110,113025,0.5234925901349259
143,Iceland,fish_oil,2014,53579,111697.5,36311,90389,113025,0.47404556514045565
143,Iceland,fish_oil,2015,47882.75,108994.5,37441,93378,113025,0.42364742313647424
143,Iceland,fish_oil,2016,43759.25,103364,42425,94579,113025,0.3871643441716434
143,Iceland,fish_oil,2017,40736.5,92749.75,46769,92653,113025,0.3604202610042026
143,Iceland,fish_oil,2018,44226,96246.5,50269,104376,113025,0.3912939615129396
143,Iceland,fish_oil,2019,44088.365,93936.28,36890.46,84137.12,113025,0.3900762220747622
143,Iceland,fish_oil,2020,42523.64,94422.945,36166.1,96525.66,113025,0.3762321610263216
143,Iceland,fish_oil,2021,39258.6625,96217.765,33709.09,99832.28,113025,0.34734494580844943
143,Iceland,fish_oil,2022,46684.447499999995,126031.11,79972.14,223629.38,113025,0.41304532183145315
143,Iceland,seaweeds,1994,0,2,0,2,7073.75,0
143,Iceland,seaweeds,1995,0,1,0,0,7073.75,0
143,Iceland,seaweeds,1996,0,0.6666666666666666,0,0,7073.75,0
143,Iceland,seaweeds,1997,0,0.75,0,1,7073.75,0
143,Iceland,seaweeds,1998,0,0.5,0,1,7073.75,0
143,Iceland,seaweeds,1999,0,0.75,0,1,7073.75,0
143,Iceland,seaweeds,2000,225.5,169,902,673,7073.75,0.03187842374977911
143,Iceland,seaweeds,2001,1152.5,673.75,3708,2020,7073.75,0.1629263120692702
143,Iceland,seaweeds,2002,1592.25,1006.5,1759,1332,7073.75,0.22509277257465984
143,Iceland,seaweeds,2003,2285.25,1487.75,2772,1926,7073.75,0.3230606114154444
143,Iceland,seaweeds,2004,4603.5,2530,10175,4842,7073.75,0.6507863580137834
143,Iceland,seaweeds,2005,5214.75,3017.25,6153,3969,7073.75,0.737197384696943
143,Iceland,seaweeds,2006,6586,3737,7244,4211,7073.75,0.931047888319491
143,Iceland,seaweeds,2007,7073.75,4127.75,4723,3489,7073.75,1
143,Iceland,seaweeds,2008,6006,3888.75,5904,3886,7073.75,0.8490546032867998
143,Iceland,seaweeds,2009,5831.25,3705.25,5454,3235,7073.75,0.8243505919773811
143,Iceland,seaweeds,2010,4844.75,3293.25,3298,2563,7073.75,0.6848913235553985
143,Iceland,seaweeds,2011,3670,2454.25,24,133,7073.75,0.5188195794309949
143,Iceland,seaweeds,2012,2692.75,1954.5,1995,1887,7073.75,0.3806679625375508
143,Iceland,seaweeds,2013,2441.75,2125.75,4450,3920,7073.75,0.3451846616009896
143,Iceland,seaweeds,2014,2687,2556.5,4279,4286,7073.75,0.37985509807386464
143,Iceland,seaweeds,2015,3452.75,3404.25,3087,3524,7073.75,0.4881074394769394
143,Iceland,seaweeds,2016,4194.5,4739.5,4962,7228,7073.75,0.5929669552924545
143,Iceland,seaweeds,2017,4354.75,5343.75,5091,6337,7073.75,0.6156211344760558
143,Iceland,seaweeds,2018,4168.75,5671.25,3535,5596,7073.75,0.5893267361724687
143,Iceland,seaweeds,2019,4340.27,5714.6025,3773.08,3697.41,7073.75,0.6135741297048949
143,Iceland,seaweeds,2020,4111.9349999999995,5266.0875,4048.66,5433.9400000000005,7073.75,0.5812949284325852
143,Iceland,seaweeds,2021,3982.4825,5775.3275,4573.1900000000005,8373.960000000001,7073.75,0.5629945220003534
143,Iceland,seaweeds,2022,6053.8425,6732.1900000000005,11820.439999999999,9423.45,7073.75,0.8558179890440006
147,French Polynesia,ornamentals,1976,0,2,0,2,51,0
147,French Polynesia,ornamentals,1977,0.5,4,1,6,51,0.00980392156862745
147,French Polynesia,ornamentals,1978,0.6666666666666666,4.666666666666667,1,6,51,0.0130718954248366
147,French Polynesia,ornamentals,1979,0.5,4,0,2,51,0.00980392156862745
147,French Polynesia,ornamentals,1980,1.040761261338954,4,2.1630450453558163,2,51,0.020407083555665766
147,French Polynesia,ornamentals,1981,1.330556636547767,3,2.1591815008352517,2,51,0.026089345814662098
147,French Polynesia,ornamentals,1982,1.594866002039953,1.75,2.057237461968744,1,51,0.03127188239294026
147,French Polynesia,ornamentals,1983,1.594866002039953,1.25,0,0,51,0.03127188239294026
147,French Polynesia,ornamentals,1984,1.054104740700999,1,0,1,51,0.02066872040590194
147,French Polynesia,ornamentals,1985,0.514309365492186,0.5,0,0,51,0.010084497362591881
147,French Polynesia,ornamentals,1986,0,0.25,0,0,51,0
147,French Polynesia,ornamentals,1987,0,0.25,0,0,51,0
147,French Polynesia,ornamentals,1988,0,0,0,0,51,0
147,French Polynesia,ornamentals,1989,0,0,0,0,51,0
147,French Polynesia,ornamentals,1990,0,0.75,0,3,51,0
147,French Polynesia,ornamentals,1991,0,0.75,0,0,51,0
147,French Polynesia,ornamentals,1992,0,0.75,0,0,51,0
147,French Polynesia,ornamentals,1993,0,0.75,0,0,51,0
147,French Polynesia,ornamentals,1994,0,0,0,0,51,0
147,French Polynesia,ornamentals,1995,0,0,0,0,51,0
147,French Polynesia,ornamentals,1996,0,0,0,0,51,0
147,French Polynesia,ornamentals,1997,0,0,0,0,51,0
147,French Polynesia,ornamentals,1998,0.75,7.25,3,29,51,0.014705882352941176
147,French Polynesia,ornamentals,1999,3.75,25.25,12,72,51,0.07352941176470588
147,French Polynesia,ornamentals,2000,8.75,53,20,111,51,0.1715686274509804
147,French Polynesia,ornamentals,2001,17.25,101.5,34,194,51,0.3382352941176471
147,French Polynesia,ornamentals,2002,28.5,156.25,48,248,51,0.5588235294117647
147,French Polynesia,ornamentals,2003,39.5,200.5,56,249,51,0.7745098039215687
147,French Polynesia,ornamentals,2004,47.75,222.25,53,198,51,0.9362745098039216
147,French Polynesia,ornamentals,2005,51,387.75,47,856,51,1
147,French Polynesia,ornamentals,2006,48.25,370.75,37,180,51,0.946078431372549
147,French Polynesia,ornamentals,2007,41,345.25,27,147,51,0.803921568627451
147,French Polynesia,ornamentals,2008,36.5,340,35,177,51,0.7156862745098039
147,French Polynesia,ornamentals,2009,31.5,153.5,27,110,51,0.6176470588235294
147,French Polynesia,ornamentals,2010,28.25,134.5,24,104,51,0.553921568627451
147,French Polynesia,ornamentals,2011,26.75,116.5,21,75,51,0.5245098039215687
147,French Polynesia,ornamentals,2012,23.75,96,23,95,51,0.46568627450980393
147,French Polynesia,ornamentals,2013,20.75,95.5,15,108,51,0.4068627450980392
147,French Polynesia,ornamentals,2014,22,135.5,29,264,51,0.43137254901960786
147,French Polynesia,ornamentals,2015,22,175.25,21,234,51,0.43137254901960786
147,French Polynesia,ornamentals,2016,24.807499999999997,236.88,34.23,341.52,51,0.48642156862745095
147,French Polynesia,ornamentals,2017,27.79,279.6375,26.93,279.03,51,0.5449019607843137
147,French Polynesia,ornamentals,2018,31.197499999999998,320.1425,42.63,426.02,51,0.6117156862745098
147,French Polynesia,ornamentals,2019,39.7025,395.32,55.02,534.71,51,0.7784803921568627
147,French Polynesia,ornamentals,2020,41.4075,376.7875,41.05,267.39,51,0.8119117647058823
147,French Polynesia,ornamentals,2021,42.7425,429.78,32.27,491,51,0.8380882352941177
147,French Polynesia,ornamentals,2022,45.6,508.4675,54.06,740.77,51,0.8941176470588236
147,French Polynesia,seaweeds,2007,0,1,0,1,0.030000000000000002,0
147,French Polynesia,seaweeds,2008,0,1,0,1,0.030000000000000002,0
147,French Polynesia,seaweeds,2009,0,1,0,1,0.030000000000000002,0
147,French Polynesia,seaweeds,2010,0,1.25,0,2,0.030000000000000002,0
147,French Polynesia,seaweeds,2011,0,1,0,0,0.030000000000000002,0
147,French Polynesia,seaweeds,2012,0,1,0,1,0.030000000000000002,0
147,French Polynesia,seaweeds,2013,0,2.5,0,7,0.030000000000000002,0
147,French Polynesia,seaweeds,2014,0,2.25,0,1,0.030000000000000002,0
147,French Polynesia,seaweeds,2015,0,2.25,0,0,0.030000000000000002,0
147,French Polynesia,seaweeds,2016,0.02,2.8125,0.08,3.25,0.030000000000000002,0.6666666666666666
147,French Polynesia,seaweeds,2017,0.0275,1.0625,0.03,0,0.030000000000000002,0.9166666666666666
147,French Polynesia,seaweeds,2018,0.0275,0.815,0,0.01,0.030000000000000002,0.9166666666666666
147,French Polynesia,seaweeds,2019,0.03,0.82,0.01,0.02,0.030000000000000002,0.9999999999999999
147,French Polynesia,seaweeds,2020,0.01,0.0075,0,0,0.030000000000000002,0.3333333333333333
147,French Polynesia,seaweeds,2021,0.0275,1.2125000000000001,0.1,4.82,0.030000000000000002,0.9166666666666666
147,French Polynesia,seaweeds,2022,0.030000000000000002,1.2225000000000001,0.01,0.05,0.030000000000000002,1
152,Samoa,ornamentals,1995,3.6743797870824313,18,3.6743797870824313,18,3.6743797870824313,1
152,Samoa,ornamentals,1996,2.887804060054605,10,2.1012283330267785,2,3.6743797870824313,0.7859296608932221
152,Samoa,ornamentals,1997,2.755098295333065,8.666666666666666,2.489686765889985,6,3.6743797870824313,0.7498131535065667
152,Samoa,ornamentals,1998,2.810380144774583,9.25,2.9762256930991358,11,3.6743797870824313,0.7648583727394467
152,Samoa,ornamentals,1999,3.002677588945904,11.25,4.443569563767716,26,3.6743797870824313,0.8171930401702217
152,Samoa,ornamentals,2000,2.4773705056892092,10.75,0,0,3.6743797870824313,0.6742282097236106
152,Samoa,ornamentals,2001,1.854948814216713,9.25,0,0,3.6743797870824313,0.5048331750402967
152,Samoa,ornamentals,2002,1.110892390941929,6.75,0,1,3.6743797870824313,0.3023346674307751
152,Samoa,ornamentals,2003,0,0.25,0,0,3.6743797870824313,0
152,Samoa,ornamentals,2004,0,0.25,0,0,3.6743797870824313,0
152,Samoa,ornamentals,2005,0,0.25,0,0,3.6743797870824313,0
152,Samoa,ornamentals,2006,0,0,0,0,3.6743797870824313,0
152,Samoa,ornamentals,2007,0.25,0.25,1,1,3.6743797870824313,0.06803869346301504
152,Samoa,ornamentals,2008,0.25,0.25,0,0,3.6743797870824313,0.06803869346301504
152,Samoa,ornamentals,2009,0.25,0.25,0,0,3.6743797870824313,0.06803869346301504
152,Samoa,ornamentals,2010,1.8897103624130627,12.25,6.558841449652251,48,3.6743797870824313,0.5142936963284217
152,Samoa,ornamentals,2011,1.6397103624130627,12,0,0,3.6743797870824313,0.44625500286540665
152,Samoa,ornamentals,2012,1.6397103624130627,12,0,0,3.6743797870824313,0.44625500286540665
152,Samoa,ornamentals,2013,1.6397103624130627,12,0,0,3.6743797870824313,0.44625500286540665
152,Samoa,ornamentals,2014,0,0,0,0,3.6743797870824313,0
152,Samoa,ornamentals,2015,0,0,0,0,3.6743797870824313,0
152,Samoa,ornamentals,2016,0,0,0,0,3.6743797870824313,0
152,Samoa,ornamentals,2017,0,0,0,0,3.6743797870824313,0
152,Samoa,ornamentals,2018,0,0,0,0,3.6743797870824313,0
152,Samoa,ornamentals,2019,0,0,0,0,3.6743797870824313,0
152,Samoa,ornamentals,2020,0,0,0,0,3.6743797870824313,0
152,Samoa,ornamentals,2021,0,0,0,0,3.6743797870824313,0
152,Samoa,ornamentals,2022,0,0,0,0,3.6743797870824313,0
153,Cook Islands,ornamentals,1992,13,111,13,111,15.388017713047411,0.8448131684289247
153,Cook Islands,ornamentals,1993,11,100,9,89,15.388017713047411,0.7148419117475517
153,Cook Islands,ornamentals,1994,12.666666666666666,119,16,157,15.388017713047411,0.8231512923153625
153,Cook Islands,ornamentals,1995,12.698966440313784,117,12.795865761255136,111,15.388017713047411,0.8252503134010825
153,Cook Islands,ornamentals,1996,12.499846252978513,115.5,12.203519250658912,105,15.388017713047411,0.8123103629117846
153,Cook Islands,ornamentals,1997,10.249846252978513,108.25,0,60,15.388017713047411,0.6660926991452399
153,Cook Islands,ornamentals,1998,9.749846252978513,97.75,14,115,15.388017713047411,0.6335998849748967
153,Cook Islands,ornamentals,1999,8.550879812664729,88.5,8,74,15.388017713047411,0.5556842974917092
153,Cook Islands,ornamentals,2000,9,91,14,115,15.388017713047411,0.5848706550661786
153,Cook Islands,ornamentals,2001,10.5,86,6,40,15.388017713047411,0.6823490975772084
153,Cook Islands,ornamentals,2002,10,81.75,12,98,15.388017713047411,0.6498562834068652
153,Cook Islands,ornamentals,2003,12.75,104,19,163,15.388017713047411,0.8285667613437532
153,Cook Islands,ornamentals,2004,11.5,97.75,9,90,15.388017713047411,0.747334725917895
153,Cook Islands,ornamentals,2005,12.380143500658342,107.25,9.520574002633367,78,15.388017713047411,0.8045314043381487
153,Cook Islands,ornamentals,2006,12.102602845397342,105.75,10.889837378956006,92,15.388017713047411,0.7864952504659268
153,Cook Islands,ornamentals,2007,8.700969383163,74,5.39346615106263,36,15.388017713047411,0.5654379625379232
153,Cook Islands,ornamentals,2008,10.446543382138978,87.5,15.982295995903913,144,15.388017713047411,0.678875185676542
153,Cook Islands,ornamentals,2009,11.766766511288646,101,14.801466519232036,132,15.388017713047411,0.7646707152742405
153,Cook Islands,ornamentals,2010,13.405751247062629,117.75,17.445776322051934,159,15.388017713047411,0.8711811681693068
153,Cook Islands,ornamentals,2011,15.388017713047411,138,13.322532015001759,117,15.388017713047411,1
153,Cook Islands,ornamentals,2012,14.205417565341818,106.5,11.251895405081541,18,15.388017713047411,0.9231479863255634
153,Cook Islands,ornamentals,2013,12.576083997413953,74.75,8.284132247520574,5,15.388017713047411,0.8172647206371983
153,Cook Islands,ornamentals,2014,10.589578451944238,44.5,9.499754140173081,38,15.388017713047411,0.6881704095625908
153,Cook Islands,ornamentals,2015,8.687321098999519,19.25,5.713502603222878,16,15.388017713047411,0.5645510202157871
153,Cook Islands,ornamentals,2016,6.765404203992034,17.75,3.564227825051603,12,15.388017713047411,0.43965404317514445
153,Cook Islands,ornamentals,2017,4.6943711421118905,16.5,0,0,15.388017713047411,0.3050666583345274
153,Cook Islands,ornamentals,2018,2.31943260706862,7,0,0,15.388017713047411,0.15072978536423096
153,Cook Islands,ornamentals,2019,0.8935569562629007,5.59,0.01,10.36,15.388017713047411,0.05806836026093594
153,Cook Islands,ornamentals,2020,0.0025,2.59,0,0,15.388017713047411,1.624640708517163e-4
153,Cook Islands,ornamentals,2021,0.0025,2.59,0,0,15.388017713047411,1.624640708517163e-4
153,Cook Islands,ornamentals,2022,0.0025,2.59,0,0,15.388017713047411,1.624640708517163e-4
155,Tonga,ornamentals,1999,3.8550865976920585,20,3.8550865976920585,20,6.182459656409977,0.623552244889314
155,Tonga,ornamentals,2000,1.9275432988460293,10,0,0,6.182459656409977,0.311776122444657
155,Tonga,ornamentals,2001,1.2850288658973528,6.666666666666667,0,0,6.182459656409977,0.20785074829643801
155,Tonga,ornamentals,2002,0.9637716494230146,5,0,0,6.182459656409977,0.1558880612223285
155,Tonga,ornamentals,2003,0,0,0,0,6.182459656409977,0
155,Tonga,ornamentals,2004,0,0,0,0,6.182459656409977,0
155,Tonga,ornamentals,2005,0,0,0,0,6.182459656409977,0
155,Tonga,ornamentals,2006,0,0,0,0,6.182459656409977,0
155,Tonga,ornamentals,2007,0,0,0,0,6.182459656409977,0
155,Tonga,ornamentals,2008,5.000899066021894,46.25,20.003596264087577,185,6.182459656409977,0.808885030222067
155,Tonga,ornamentals,2009,5.250899066021894,48.75,1,10,6.182459656409977,0.8493220106301478
155,Tonga,ornamentals,2010,5.250899066021894,48.75,0,0,6.182459656409977,0.8493220106301478
155,Tonga,ornamentals,2011,5.933358722431871,51,2.729838625639906,9,6.182459656409977,0.9597084416523709
155,Tonga,ornamentals,2012,3.1824596564099767,8.5,9,15,6.182459656409977,0.5147562351030308
155,Tonga,ornamentals,2013,3.6824596564099767,7,3,4,6.182459656409977,0.5956301959191923
155,Tonga,ornamentals,2014,6.182459656409977,8.5,10,6,6.182459656409977,1
155,Tonga,ornamentals,2015,5.5,7,0,3,6.182459656409977,0.889613568977777
155,Tonga,ornamentals,2016,3.25,5.75,0,10,6.182459656409977,0.52568074530505
155,Tonga,ornamentals,2017,2.5,11.5,0,27,6.182459656409977,0.4043698040808077
155,Tonga,ornamentals,2018,0,29.25,0,77,6.182459656409977,0
155,Tonga,ornamentals,2019,0.0025,53.17,0.01,98.68,6.182459656409977,4.043698040808077e-4
155,Tonga,ornamentals,2020,0.26280547974221463,66.3675,1.0412219189688585,62.79,6.182459656409977,0.0425082401418888
155,Tonga,ornamentals,2021,0.26530547974221463,123.7275,0.01,256.44,6.182459656409977,0.04291260994596961
155,Tonga,ornamentals,2022,0.26530547974221463,126.3875,0,87.64,6.182459656409977,0.04291260994596961
155,Tonga,seaweeds,1997,150,102,150,102,582,0.25773195876288657
155,Tonga,seaweeds,1998,75,51,0,0,582,0.12886597938144329
155,Tonga,seaweeds,1999,84,87.66666666666667,102,161,582,0.14432989690721648
155,Tonga,seaweeds,2000,85.75,94.5,91,115,582,0.14733676975945018
155,Tonga,seaweeds,2001,48.25,69,0,0,582,0.08290378006872852
155,Tonga,seaweeds,2002,55.5,78.25,29,37,582,0.09536082474226804
155,Tonga,seaweeds,2003,71,134.25,164,385,582,0.12199312714776632
155,Tonga,seaweeds,2004,380.25,728,1328,2490,582,0.6533505154639175
155,Tonga,seaweeds,2005,514.75,905.5,538,710,582,0.8844501718213058
155,Tonga,seaweeds,2006,582,1050,298,615,582,1
155,Tonga,seaweeds,2007,568,974.75,108,84,582,0.9759450171821306
155,Tonga,seaweeds,2008,238.75,358,11,23,582,0.4102233676975945
155,Tonga,seaweeds,2009,104.25,180.5,0,0,582,0.1791237113402062
155,Tonga,seaweeds,2010,29.75,27,0,1,582,0.05111683848797251
155,Tonga,seaweeds,2011,29.5,53.75,107,191,582,0.0506872852233677
155,Tonga,seaweeds,2012,107.5,167.75,323,479,582,0.18470790378006874
155,Tonga,seaweeds,2013,136.75,221,117,213,582,0.2349656357388316
155,Tonga,seaweeds,2014,141,226.75,17,24,582,0.2422680412371134
155,Tonga,seaweeds,2015,132.25,205.25,72,105,582,0.22723367697594501
155,Tonga,seaweeds,2016,55.75,91.5,17,24,582,0.09579037800687286
155,Tonga,seaweeds,2017,49.25,78,91,159,582,0.08462199312714777
155,Tonga,seaweeds,2018,68.25,104.75,93,131,582,0.1172680412371134
155,Tonga,seaweeds,2019,72.2925,111.155,88.17,130.62,582,0.1242139175257732
155,Tonga,seaweeds,2020,94.815,145.4,107.09,160.98,582,0.16291237113402063
155,Tonga,seaweeds,2021,100.58500000000001,147.0075,114.08,165.43,582,0.17282646048109968
155,Tonga,seaweeds,2022,88.45,133.355,44.46,76.39,582,0.15197594501718215
162,New Zealand,fish_oil,1984,1081,708,1081,708,4069.425,0.26563949452318203
162,New Zealand,fish_oil,1985,1473,810,1865,912,4069.425,0.36196759984518695
162,New Zealand,fish_oil,1986,1241.6666666666667,743.6666666666666,779,611,4069.425,0.3051209118405344
162,New Zealand,fish_oil,1987,1094.75,704.25,654,586,4069.425,0.2690183502583289
162,New Zealand,fish_oil,1988,1012.75,667.5,753,561,4069.425,0.2488680833287258
162,New Zealand,fish_oil,1989,904,660.75,1430,885,4069.425,0.2221444061507461
162,New Zealand,fish_oil,1990,1053.5,722.75,1377,859,4069.425,0.2588817830528883
162,New Zealand,fish_oil,1991,1116,759.5,904,733,4069.425,0.2742402182126467
162,New Zealand,fish_oil,1992,1181.5,834.75,1015,862,4069.425,0.2903358582600736
162,New Zealand,fish_oil,1993,983.5,792.25,638,715,4069.425,0.24168033567395883
162,New Zealand,fish_oil,1994,918.25,823,1116,982,4069.425,0.22564612936717102
162,New Zealand,fish_oil,1995,1131.25,1039.25,1756,1598,4069.425,0.2779876763916278
162,New Zealand,fish_oil,1996,1393.75,1365.5,2065,2167,4069.425,0.34249310406261324
162,New Zealand,fish_oil,1997,1780.75,1636.25,2186,1798,4069.425,0.4375925345718375
162,New Zealand,fish_oil,1998,2042.25,1788,2162,1589,4069.425,0.5018522272802668
162,New Zealand,fish_oil,1999,2506.25,1904.5,3612,2064,4069.425,0.6158732499063135
162,New Zealand,fish_oil,2000,2776.25,1748.25,3145,1542,4069.425,0.68222168979647
162,New Zealand,fish_oil,2001,3036.5,1805.75,3227,2028,4069.425,0.7461742138017041
162,New Zealand,fish_oil,2002,3223.75,1960.5,2911,2208,4069.425,0.7921880855403405
162,New Zealand,fish_oil,2003,3001,2158.75,2721,2857,4069.425,0.7374506226309614
162,New Zealand,fish_oil,2004,2962,2491.5,2989,2873,4069.425,0.7278669590912721
162,New Zealand,fish_oil,2005,2752.25,2680.5,2388,2784,4069.425,0.6763240506951227
162,New Zealand,fish_oil,2006,2708.5,2970.25,2736,3367,4069.425,0.6655731460832919
162,New Zealand,fish_oil,2007,2612.5,3217.5,2337,3846,4069.425,0.6419825896779029
162,New Zealand,fish_oil,2008,2597.75,4056,2930,6227,4069.425,0.6383579989801998
162,New Zealand,fish_oil,2009,2690.75,4516.25,2760,4625,4069.425,0.6612113504979205
162,New Zealand,fish_oil,2010,2880,4952.5,3493,5112,4069.425,0.707716692161669
162,New Zealand,fish_oil,2011,3048.5,5499.5,3011,6034,4069.425,0.7491230333523777
162,New Zealand,fish_oil,2012,3164.5,6371.75,3394,9716,4069.425,0.7776282890088895
162,New Zealand,fish_oil,2013,3293,7756.25,3274,10163,4069.425,0.8092052316973528
162,New Zealand,fish_oil,2014,3173.25,8257.25,3014,7116,4069.425,0.7797784699312557
162,New Zealand,fish_oil,2015,3174.75,8403.75,3017,6620,4069.425,0.7801470723750898
162,New Zealand,fish_oil,2016,3274,7895.25,3791,7682,4069.425,0.8045362674087863
162,New Zealand,fish_oil,2017,3322.75,7288.5,3469,7736,4069.425,0.8165158468333978
162,New Zealand,fish_oil,2018,3677.75,8948.25,4434,13755,4069.425,0.9037517585408258
162,New Zealand,fish_oil,2019,4069.425,9965.07,4583.700000000001,10687.28,4069.425,1
162,New Zealand,fish_oil,2020,3668.335,10142.18,2186.64,8390.44,4069.425,0.9014381638683597
162,New Zealand,fish_oil,2021,3565.2925,10226.470000000001,3056.83,8073.160000000001,4069.425,0.8761170189891692
162,New Zealand,fish_oil,2022,3180.205,8972.305,2893.65,8738.34,4069.425,0.7814875565958335
162,New Zealand,ornamentals,1988,0,0,0,0,26.75,0
162,New Zealand,ornamentals,1989,0,0,0,0,26.75,0
162,New Zealand,ornamentals,1990,0,0,0,0,26.75,0
162,New Zealand,ornamentals,1991,0,0.25,0,1,26.75,0
162,New Zealand,ornamentals,1992,0,1.25,0,4,26.75,0
162,New Zealand,ornamentals,1993,0,1.25,0,0,26.75,0
162,New Zealand,ornamentals,1994,0.25,2,1,3,26.75,0.009345794392523364
162,New Zealand,ornamentals,1995,0.25,2.5,0,3,26.75,0.009345794392523364
162,New Zealand,ornamentals,1996,0.25,1.75,0,1,26.75,0.009345794392523364
162,New Zealand,ornamentals,1997,0.25,1.75,0,0,26.75,0.009345794392523364
162,New Zealand,ornamentals,1998,0.25,4,1,12,26.75,0.009345794392523364
162,New Zealand,ornamentals,1999,0.25,3.5,0,1,26.75,0.009345794392523364
162,New Zealand,ornamentals,2000,0.25,3.25,0,0,26.75,0.009345794392523364
162,New Zealand,ornamentals,2001,0.25,3.25,0,0,26.75,0.009345794392523364
162,New Zealand,ornamentals,2002,0,1.75,0,6,26.75,0
162,New Zealand,ornamentals,2003,0,6.5,0,20,26.75,0
162,New Zealand,ornamentals,2004,17.25,75.5,69,276,26.75,0.6448598130841121
162,New Zealand,ornamentals,2005,18.25,88,4,50,26.75,0.6822429906542056
162,New Zealand,ornamentals,2006,23,116,19,118,26.75,0.8598130841121495
162,New Zealand,ornamentals,2007,26.75,128.25,15,69,26.75,1
162,New Zealand,ornamentals,2008,11.25,72.75,7,54,26.75,0.4205607476635514
162,New Zealand,ornamentals,2009,10.25,60.25,0,0,26.75,0.38317757009345793
162,New Zealand,ornamentals,2010,5.5,30.75,0,0,26.75,0.205607476635514
162,New Zealand,ornamentals,2011,1.75,13.5,0,0,26.75,0.06542056074766354
162,New Zealand,ornamentals,2012,0,0,0,0,26.75,0
162,New Zealand,ornamentals,2013,0,0,0,0,26.75,0
162,New Zealand,ornamentals,2014,0,0,0,0,26.75,0
162,New Zealand,ornamentals,2015,0,0,0,0,26.75,0
162,New Zealand,ornamentals,2016,0,1.5,0,6,26.75,0
162,New Zealand,ornamentals,2017,0,1.5,0,0,26.75,0
162,New Zealand,ornamentals,2018,0,2.25,0,3,26.75,0
162,New Zealand,ornamentals,2019,0.325,10.235,1.3,31.94,26.75,0.012149532710280374
162,New Zealand,ornamentals,2020,0.3775,11.4025,0.21,10.67,26.75,0.014112149532710281
162,New Zealand,ornamentals,2021,0.3775,11.4025,0,0,26.75,0.014112149532710281
162,New Zealand,ornamentals,2022,0.3775,10.6525,0,0,26.75,0.014112149532710281
162,New Zealand,seaweeds,1990,827.0747022402356,20,827.0747022402356,20,864.6395366210103,0.9565543410985148
162,New Zealand,seaweeds,1991,828.3105442249653,34.5,829.5463862096949,49,864.6395366210103,0.9579836557809769
162,New Zealand,seaweeds,1992,864.6395366210103,73.66666666666667,937.2975214131002,152,864.6395366210103,1
162,New Zealand,seaweeds,1993,837.5400308074022,68.25,756.2415133665781,52,864.6395366210103,0.9686580306985356
162,New Zealand,seaweeds,1994,800.1297917728589,228,677.4337461020623,659,864.6395366210103,0.9253911692492645
162,New Zealand,seaweeds,1995,753.6447286601106,360,643.6061337587016,577,864.6395366210103,0.8716288080063229
162,New Zealand,seaweeds,1996,664.4298713346288,352,580.4380921111733,120,864.6395366210103,0.7684472467349853
162,New Zealand,seaweeds,1997,619.3185679044582,386.25,575.7962996458955,189,864.6395366210103,0.7162737090704175
162,New Zealand,seaweeds,1998,583.4342173437435,280.75,533.8963438592036,237,864.6395366210103,0.6747716159543083
162,New Zealand,seaweeds,1999,426.5326839040681,183,16,186,864.6395366210103,0.4933069398734034
162,New Zealand,seaweeds,2000,282.9231608762748,182,6,116,864.6395366210103,0.32721515601973444
162,New Zealand,seaweeds,2001,152.9740859648009,191.5,56,227,864.6395366210103,0.17692238150781286
162,New Zealand,seaweeds,2002,21.75,187.5,9,221,864.6395366210103,0.025154991275322034
162,New Zealand,seaweeds,2003,20.5,193.5,11,210,864.6395366210103,0.023709302121567893
162,New Zealand,seaweeds,2004,24,256.25,20,367,864.6395366210103,0.027757231752079486
162,New Zealand,seaweeds,2005,11.75,238.5,7,156,864.6395366210103,0.013589478045288915
162,New Zealand,seaweeds,2006,13.5,263.25,16,320,864.6395366210103,0.01561344286054471
162,New Zealand,seaweeds,2007,24,447.75,53,948,864.6395366210103,0.027757231752079486
162,New Zealand,seaweeds,2008,26.25,523.5,29,670,864.6395366210103,0.030359472228836937
162,New Zealand,seaweeds,2009,32.25,643.75,31,637,864.6395366210103,0.03729878016685681
162,New Zealand,seaweeds,2010,43,968,59,1617,864.6395366210103,0.04973170688914241
162,New Zealand,seaweeds,2011,48.5,1103.75,75,1491,864.6395366210103,0.05609273916566063
162,New Zealand,seaweeds,2012,92.25,1624.5,204,2753,864.6395366210103,0.10669185954705553
162,New Zealand,seaweeds,2013,141.25,2091,227,2503,864.6395366210103,0.16336287437421781
162,New Zealand,seaweeds,2014,141.5,1917.5,60,923,864.6395366210103,0.16365201220496864
162,New Zealand,seaweeds,2015,140.5,1824.75,71,1120,864.6395366210103,0.16249546088196531
162,New Zealand,seaweeds,2016,111.5,1439.5,88,1212,864.6395366210103,0.12895547251486927
162,New Zealand,seaweeds,2017,90.25,1291.25,142,1910,864.6395366210103,0.1043787569010489
162,New Zealand,seaweeds,2018,81.75,1460.5,26,1600,864.6395366210103,0.09454807065552075
162,New Zealand,seaweeds,2019,69.0425,1475.6100000000001,20.169999999999998,1180.44,864.6395366210103,0.07985119471845617
162,New Zealand,seaweeds,2020,50.3475,1361.0875,13.22,753.91,864.6395366210103,0.058229467734909245
162,New Zealand,seaweeds,2021,36.592499999999994,1153.92,86.97999999999999,1081.3300000000002,864.6395366210103,0.04232110428699869
162,New Zealand,seaweeds,2022,33.275,841.5975000000001,12.729999999999999,350.71,864.6395366210103,0.0384842452729352
163,United States,fish_oil,1976,81299,29946,81299,29946,145708.5,0.5579564678793619
163,United States,fish_oil,1977,61205,24026.5,41111,18107,145708.5,0.4200509922207695
163,United States,fish_oil,1978,74371,30131,100703,42340,145708.5,0.5104094819451165
163,United States,fish_oil,1979,78287.25,32491,90036,39571,145708.5,0.5372867746219335
163,United States,fish_oil,1980,90168.5,38103.25,128824,52395,145708.5,0.6188280024844124
163,United States,fish_oil,1981,106914.25,44219.5,108094,42572,145708.5,0.7337543794631062
163,United States,fish_oil,1982,104683.75,42554.25,91781,35679,145708.5,0.7184464187058408
163,United States,fish_oil,1983,127997.25,47620.5,183290,59836,145708.5,0.8784473795283048
163,United States,fish_oil,1984,141085,52266.75,181175,70980,145708.5,0.9682688381254354
163,United States,fish_oil,1985,145708.5,50813,126588,36757,145708.5,1
163,United States,fish_oil,1986,144559.75,47100.25,87186,20828,145708.5,0.9921161085317604
163,United States,fish_oil,1987,126986.75,37969.25,112998,23312,145708.5,0.871512300243294
163,United States,fish_oil,1988,98621,25710.5,67712,21945,145708.5,0.6768376587501759
163,United States,fish_oil,1989,89782,21796.5,91232,21101,145708.5,0.6161754461819318
163,United States,fish_oil,1990,94799.25,22912.5,107255,25292,145708.5,0.6506089212365785
163,United States,fish_oil,1991,95130.75,25748.5,114324,34656,145708.5,0.6528840115710477
163,United States,fish_oil,1992,98316.75,27606.5,80456,29377,145708.5,0.6747495856453124
163,United States,fish_oil,1993,96427,29439.75,83673,28434,145708.5,0.6617801981353181
163,United States,fish_oil,1994,97118.5,32845.75,110021,38916,145708.5,0.6665259748058624
163,United States,fish_oil,1995,98061.5,35231,118096,44197,145708.5,0.6729978004028592
163,United States,fish_oil,1996,99126.75,36956.75,84717,36280,145708.5,0.6803086299014813
163,United States,fish_oil,1997,102542.5,43176,97336,53311,145708.5,0.703750982269394
163,United States,fish_oil,1998,97231,48304.5,88775,59430,145708.5,0.6672980642858859
163,United States,fish_oil,1999,94048,46180.5,105364,35701,145708.5,0.6454530792644217
163,United States,fish_oil,2000,88989.5,43105.5,64483,23980,145708.5,0.6107365047337664
163,United States,fish_oil,2001,92774.75,40087,112477,41237,145708.5,0.6367147421049562
163,United States,fish_oil,2002,94692.25,37525.5,96445,49184,145708.5,0.6498745783533562
163,United States,fish_oil,2003,84678.5,37952,65309,37407,145708.5,0.581150035859267
163,United States,fish_oil,2004,80583.25,38865.75,48102,27635,145708.5,0.5530442630320126
163,United States,fish_oil,2005,66416.75,39263.5,55811,42828,145708.5,0.4558193241986569
163,United States,fish_oil,2006,58021,40032.25,62862,52259,145708.5,0.39819914418170527
163,United States,fish_oil,2007,55663.75,46846,55880,64662,145708.5,0.38202129594361345
163,United States,fish_oil,2008,58135.5,65094.25,57989,100628,145708.5,0.39898495969692915
163,United States,fish_oil,2009,56869.25,69072.5,50746,58741,145708.5,0.39029466366066495
163,United States,fish_oil,2010,60996,80045.25,79369,96150,145708.5,0.41861662154232593
163,United States,fish_oil,2011,63937,89709.5,67644,103319,145708.5,0.4388007563045395
163,United States,fish_oil,2012,59010,85628.5,38281,84304,145708.5,0.4049866685883116
163,United States,fish_oil,2013,62785.75,103899.25,65849,131824,145708.5,0.43089970729229937
163,United States,fish_oil,2014,62374,116842.75,77722,147924,145708.5,0.42807385979541346
163,United States,fish_oil,2015,58612.25,122186,52597,124692,145708.5,0.4022569033378286
163,United States,fish_oil,2016,67284.25,140658.75,72969,158195,145708.5,0.4617729919668379
163,United States,fish_oil,2017,66506.25,144148.75,62737,145784,145708.5,0.4564335642738756
163,United States,fish_oil,2018,62628.25,142190.5,62210,140091,145708.5,0.42981878202026647
163,United States,fish_oil,2019,71672.32250000001,157778.76,88773.29000000001,187045.04,145708.5,0.49188841076532946
163,United States,fish_oil,2020,67805.955,157124.64,57503.53,155578.52000000002,145708.5,0.46535346256395477
163,United States,fish_oil,2021,64237.965000000004,156498.95,48465.04,143281.24,145708.5,0.44086628439658637
163,United States,fish_oil,2022,58154.33,160540.8575,37875.46,156258.63,145708.5,0.3991141903183411
163,United States,ornamentals,1976,214.76211364932277,2269,214.76211364932277,2269,1660.8852797618101,0.12930580833380745
163,United States,ornamentals,1977,251.22056563820692,2666.5,287.67901762709107,3064,1660.8852797618101,0.15125702461173887
163,United States,ornamentals,1978,299.41148376931704,3191.6666666666665,395.7933200315373,4242,1660.8852797618101,0.18027222434788276
163,United States,ornamentals,1979,353.3614192235041,3779.5,515.2112255860652,5543,1660.8852797618101,0.2127548624394938
163,United States,ornamentals,1980,472.3887531244724,5076.25,690.871449253196,7456,1660.8852797618101,0.2844198566153939
163,United States,ornamentals,1981,577.2176586783867,6218.5,706.994639842748,7633,1660.8852797618101,0.3475361397393842
163,United States,ornamentals,1982,656.1539610816051,7079,711.538529644411,7684,1660.8852797618101,0.39506278312955184
163,United States,ornamentals,1983,698.1238052155516,7537.25,683.0906021218514,7376,1660.8852797618101,0.4203323454800385
163,United States,ornamentals,1984,648.4012099755613,6997.75,491.9810682932347,5298,1660.8852797618101,0.3903949405033859
163,United States,ornamentals,1985,566.3760415058653,6106.75,378.893965963964,4069,1660.8852797618101,0.3410085262403494
163,United States,ornamentals,1986,501.9036226432071,5406.75,453.6488541937782,4884,1660.8852797618101,0.302190421433072
163,United States,ornamentals,1987,527.4235077213432,5686,785.170142434396,8493,1660.8852797618101,0.3175556518852294
163,United States,ornamentals,1988,705.8636825696933,7629.25,1205.741767686635,13071,1660.8852797618101,0.42499243696766476
163,United States,ornamentals,1989,850.3700731646471,9203.25,956.9195283437793,10365,1660.8852797618101,0.5119980792933513
163,United States,ornamentals,1990,1025.4789015561641,11110.25,1154.0841677598462,12512,1660.8852797618101,0.6174290988377171
163,United States,ornamentals,1991,1134.8797929370426,12302.25,1222.7737079579092,13261,1660.8852797618101,0.6832981222518856
163,United States,ornamentals,1992,1186.797726835187,12868.75,1413.4135032792135,15337,1660.8852797618101,0.7145573154850209
163,United States,ornamentals,1993,1349.8218087695027,14644.25,1609.0158560810419,17467,1660.8852797618101,0.8127122476292177
163,United States,ornamentals,1994,1503.403246608933,16317,1768.409919117567,19203,1660.8852797618101,0.905181871937921
163,United States,ornamentals,1995,1656.7779112200078,17987.5,1836.272366402209,19943,1660.8852797618101,0.9975270004546062
163,United States,ornamentals,1996,1660.8852797618101,18033.75,1429.8429774464225,15522,1660.8852797618101,1
163,United States,ornamentals,1997,1597.5616010566805,17346.25,1355.7211412605236,14717,1660.8852797618101,0.961873538481712
163,United States,ornamentals,1998,1399.9731727396024,15197.75,978.0562058492542,10609,1660.8852797618101,0.8429078093463351
163,United States,ornamentals,1999,1194.5273617450282,12963.75,1014.4891224239125,11007,1660.8852797618101,0.7192112401142703
163,United States,ornamentals,2000,1028.2076405158798,11155.5,764.5640925298292,8289,1660.8852797618101,0.6190720413051867
163,United States,ornamentals,2001,851.80198070363,9237.5,650.098502011524,7045,1660.8852797618101,0.5128602144187756
163,United States,ornamentals,2002,800.4711492430995,8680.5,772.7328800071322,8381,1660.8852797618101,0.48195450883753765
163,United States,ornamentals,2003,744.1318106957441,8069,789.1317682344911,8561,1660.8852797618101,0.44803323851630567
163,United States,ornamentals,2004,752.6043918361552,8162.75,798.4544170914733,8664,1660.8852797618101,0.4531344825598594
163,United States,ornamentals,2005,815.5961808528759,8849.75,902.0656580784071,9793,1660.8852797618101,0.4910611170988533
163,United States,ornamentals,2006,757.5337320692277,8219.5,540.4830848725389,5860,1660.8852797618101,0.45610238184413715
163,United States,ornamentals,2007,818.5726628181496,8885.25,1033.2874912301795,11224,1660.8852797618101,0.49285322279184884
163,United States,ornamentals,2008,923.9070140413766,10033,1219.7918219843807,13255,1660.8852797618101,0.5562738289629946
163,United States,ornamentals,2009,977.662932191567,10619.5,1117.089330679169,12139,1660.8852797618101,0.5886396514585132
163,United States,ornamentals,2010,1146.6604629450317,12460,1216.4732078863972,13222,1660.8852797618101,0.6903911287054552
163,United States,ornamentals,2011,1190.3993669215722,12937.5,1208.243107136342,13134,1660.8852797618101,0.7167258217209854
163,United States,ornamentals,2012,885.4567189012587,10362.75,0.02122990312657791,2956,1660.8852797618101,0.533123346742072
163,United States,ornamentals,2013,606.1843862314664,8273.75,0,3783,1660.8852797618101,0.36497667455900396
163,United States,ornamentals,2014,302.0669055086391,5796.5,0.0032849950877889,3313,1660.8852797618101,0.18187102335686842
163,United States,ornamentals,2015,0.007754353783794077,3345.5,0.006502516920809498,3330,1660.8852797618101,4.668807580079305e-6
163,United States,ornamentals,2016,0.0024468780021495995,3568.25,0,3847,1660.8852797618101,1.4732372138914432e-6
163,United States,ornamentals,2017,0.0024468780021495995,4120.75,0,5993,1660.8852797618101,1.4732372138914432e-6
163,United States,ornamentals,2018,0.0016256292302023745,4440.25,0,4591,1660.8852797618101,9.78772736450231e-7
163,United States,ornamentals,2019,0,4731.61,0,4495.44,1660.8852797618101,0
163,United States,ornamentals,2020,0,4500.25,0,2921.56,1660.8852797618101,0
163,United States,ornamentals,2021,0,3674.23,0,2688.92,1660.8852797618101,0
163,United States,ornamentals,2022,0,3135.175,0,2434.78,1660.8852797618101,0
163,United States,seaweeds,1990,969,9904,969,9904,2351.75,0.412033592005953
163,United States,seaweeds,1991,1094,11488.5,1219,13073,2351.75,0.4651855001594557
163,United States,seaweeds,1992,1123.6666666666667,11617.666666666666,1183,11876,2351.75,0.4778002196945537
163,United States,seaweeds,1993,1234.75,12108.75,1568,13582,2351.75,0.5250345487402998
163,United States,seaweeds,1994,1345.75,12342,1413,10837,2351.75,0.5722334431806102
163,United States,seaweeds,1995,1674.75,14228.5,2535,20619,2351.75,0.7121292654406293
163,United States,seaweeds,1996,2025.5,16238,2586,19914,2351.75,0.861273519719358
163,United States,seaweeds,1997,2196.75,17038.5,2253,16784,2351.75,0.9340916338896567
163,United States,seaweeds,1998,2314.5,16976.5,1884,10589,2351.75,0.9841607313702562
163,United States,seaweeds,1999,2109.25,14399.5,1714,10311,2351.75,0.8968852981822047
163,United States,seaweeds,2000,1874.5,12117,1647,10784,2351.75,0.7970660146699267
163,United States,seaweeds,2001,1758.25,11092.25,1788,12685,2351.75,0.7476347400871691
163,United States,seaweeds,2002,1810.75,12037.75,2094,14371,2351.75,0.7699585415116402
163,United States,seaweeds,2003,1952.75,13680.5,2282,16882,2351.75,0.8303391091740193
163,United States,seaweeds,2004,2202.25,15701,2645,18866,2351.75,0.9364303178484108
163,United States,seaweeds,2005,2351.75,16472.25,2386,15770,2351.75,1
163,United States,seaweeds,2006,2081.75,15459.5,1014,10320,2351.75,0.8851918783884342
163,United States,seaweeds,2007,1868,16235.5,1427,19986,2351.75,0.7943021154459445
163,United States,seaweeds,2008,1706.5,17897.5,1999,25514,2351.75,0.725629850111619
163,United States,seaweeds,2009,1532.25,19905.75,1689,23803,2351.75,0.6515360901456362
163,United States,seaweeds,2010,1689.75,22765,1644,21757,2351.75,0.7185074944190496
163,United States,seaweeds,2011,1792.75,24014.25,1839,24983,2351.75,0.7623046667375358
163,United States,seaweeds,2012,1645.5,22589.25,1410,19814,2351.75,0.6996917189327096
163,United States,seaweeds,2013,1618.25,22452.75,1580,23257,2351.75,0.6881046029552461
163,United States,seaweeds,2014,1619.5,22900.25,1649,23547,2351.75,0.6886361220367812
163,United States,seaweeds,2015,1526.5,21915.75,1467,21045,2351.75,0.6490911023705751
163,United States,seaweeds,2016,1507,21231.5,1332,17077,2351.75,0.6407994046986287
163,United States,seaweeds,2017,1502,20657,1560,20959,2351.75,0.6386733283724886
163,United States,seaweeds,2018,1476.75,19699.5,1548,19717,2351.75,0.627936642925481
163,United States,seaweeds,2019,1517.1925,19448.045,1628.77,20039.18,2351.75,0.6451334112894653
163,United States,seaweeds,2020,1638.85,20781.760000000002,1818.63,22411.86,2351.75,0.6968640374189433
163,United States,seaweeds,2021,1781.4675000000002,22315.03,2130.4700000000003,27092.079999999998,2351.75,0.7575071755076008
163,United States,seaweeds,2022,1834.98,22922.34,1762.05,22146.239999999998,2351.75,0.7802615073881153
164,Belize,ornamentals,1977,5.577547969675663,6,5.577547969675663,6,64,0.08714918702618224
164,Belize,ornamentals,1978,2.7887739848378317,3,0,0,64,0.04357459351309112
164,Belize,ornamentals,1979,5.615705157953528,15,11.26956750418492,39,64,0.08774539309302387
164,Belize,ornamentals,1980,8.15580625644468,27.5,15.77610955191814,65,64,0.12743447275694814
164,Belize,ornamentals,1981,6.761419264025765,26,0,0,64,0.10564717600040258
164,Belize,ornamentals,1982,8.239310141880154,28.25,5.911563511417555,9,64,0.1287392209668774
164,Belize,ornamentals,1983,6.802894554216344,20.25,5.523905153529682,7,64,0.10629522740963038
164,Belize,ornamentals,1984,4.274023518869257,6,5.660625410529789,8,64,0.06678161748233213
164,Belize,ornamentals,1985,6.116643896917708,10.5,7.370481512193805,18,64,0.09557256088933919
164,Belize,ornamentals,1986,6.559251679269131,13.25,7.681994640823248,20,64,0.10248830748858018
164,Belize,ornamentals,1987,6.521179064639913,13.25,5.371614695012809,7,64,0.10189342288499864
164,Belize,ornamentals,1988,6.876390411176676,15.5,7.0814707966768395,17,64,0.10744360017463556
164,Belize,ornamentals,1989,7.887075026323409,21.5,11.413219972780738,42,64,0.12323554728630326
164,Belize,ornamentals,1990,7.674209540064869,20.5,6.830532695789088,16,64,0.11990952406351357
164,Belize,ornamentals,1991,8.553799501489603,25.75,8.889974540711748,28,64,0.13365311721077505
164,Belize,ornamentals,1992,9.083803719655691,29,9.20148766934119,30,64,0.14193443311962017
164,Belize,ornamentals,1993,8.390257836416506,25.25,8.639036439823997,27,64,0.1310977786940079
164,Belize,ornamentals,1994,9.22614957993391,30.25,10.174099669858705,36,64,0.14415858718646735
164,Belize,ornamentals,1995,8.503655944755973,31.25,6,32,64,0.13286962413681208
164,Belize,ornamentals,1996,7.9532840274206755,32.75,7,36,64,0.12427006292844806
164,Belize,ornamentals,1997,8.793524917464676,37.75,12,47,64,0.13739882683538557
164,Belize,ornamentals,1998,6.25,28.75,0,0,64,0.09765625
164,Belize,ornamentals,1999,4.75,20.75,0,0,64,0.07421875
164,Belize,ornamentals,2000,5.792303520872167,22.5,11.169214083488669,43,64,0.09050474251362761
164,Belize,ornamentals,2001,4.570029876218417,15.75,7.110905421384999,20,64,0.07140671681591276
164,Belize,ornamentals,2002,6.469332731629354,21.5,7.597211421643749,23,64,0.10108332393170866
164,Belize,ornamentals,2003,20.469332731629354,32.5,56,44,64,0.31983332393170866
164,Belize,ornamentals,2004,30.927029210757187,44.25,53,90,64,0.48323483141808105
164,Belize,ornamentals,2005,51.64930285541094,63,90,95,64,0.8070203571157959
164,Belize,ornamentals,2006,64,70,57,51,64,1
164,Belize,ornamentals,2007,60,88,40,116,64,0.9375
164,Belize,ornamentals,2008,56.5,96.75,39,125,64,0.8828125
164,Belize,ornamentals,2009,41,102.75,28,119,64,0.640625
164,Belize,ornamentals,2010,31.75,111,20,84,64,0.49609375
164,Belize,ornamentals,2011,29.25,112,30,120,64,0.45703125
164,Belize,ornamentals,2012,31.25,151.75,47,284,64,0.48828125
164,Belize,ornamentals,2013,31,174,27,208,64,0.484375
164,Belize,ornamentals,2014,26,153,0,0,64,0.40625
164,Belize,ornamentals,2015,18.5,123,0,0,64,0.2890625
164,Belize,ornamentals,2016,6.75,52,0,0,64,0.10546875
164,Belize,ornamentals,2017,0,0,0,0,64,0
164,Belize,ornamentals,2018,0,0,0,0,64,0
164,Belize,ornamentals,2019,0,0,0,0,64,0
164,Belize,ornamentals,2020,0,0,0,0,64,0
164,Belize,ornamentals,2021,0,0,0,0,64,0
164,Belize,ornamentals,2022,0,0,0,0,64,0
164,Belize,seaweeds,1994,0,2,0,2,0.5,0
164,Belize,seaweeds,1995,0.5,3,1,4,0.5,1
164,Belize,seaweeds,1996,0.3333333333333333,2,0,0,0.5,0.6666666666666666
164,Belize,seaweeds,1997,0.25,2,0,2,0.5,0.5
164,Belize,seaweeds,1998,0.25,2,0,2,0.5,0.5
164,Belize,seaweeds,1999,0,1,0,0,0.5,0
164,Belize,seaweeds,2000,0,1,0,0,0.5,0
164,Belize,seaweeds,2001,0,0.5,0,0,0.5,0
164,Belize,seaweeds,2002,0,0,0,0,0.5,0
164,Belize,seaweeds,2003,0,0,0,0,0.5,0
164,Belize,seaweeds,2004,0,0,0,0,0.5,0
164,Belize,seaweeds,2005,0,0,0,0,0.5,0
164,Belize,seaweeds,2006,0,0,0,0,0.5,0
164,Belize,seaweeds,2007,0,0,0,0,0.5,0
164,Belize,seaweeds,2008,0,0,0,0,0.5,0
164,Belize,seaweeds,2009,0,0,0,0,0.5,0
164,Belize,seaweeds,2010,0,0,0,0,0.5,0
164,Belize,seaweeds,2011,0,0,0,0,0.5,0
164,Belize,seaweeds,2012,0,0,0,0,0.5,0
164,Belize,seaweeds,2013,0,0,0,0,0.5,0
164,Belize,seaweeds,2014,0,0,0,0,0.5,0
164,Belize,seaweeds,2015,0,0,0,0,0.5,0
164,Belize,seaweeds,2016,0,0,0,0,0.5,0
164,Belize,seaweeds,2017,0,0,0,0,0.5,0
164,Belize,seaweeds,2018,0,0,0,0,0.5,0
164,Belize,seaweeds,2019,0,0,0,0,0.5,0
164,Belize,seaweeds,2020,0,0,0,0,0.5,0
164,Belize,seaweeds,2021,0,0,0,0,0.5,0
164,Belize,seaweeds,2022,0,0,0,0,0.5,0
166,Jamaica,ornamentals,1976,0.9885988502993825,18,0.9885988502993825,18,44.740280106114355,0.022096393852578437
166,Jamaica,ornamentals,1977,11.972230669372095,57.5,22.955862488444808,97,44.740280106114355,0.26759400345676265
166,Jamaica,ornamentals,1978,11.964367482951417,57.333333333333336,11.94864111011006,57,44.740280106114355,0.26741825161967026
166,Jamaica,ornamentals,1979,10.940483749804464,53.5,7.8688325503636065,42,44.740280106114355,0.2445331974644768
166,Jamaica,ornamentals,1980,10.693334037229619,50.5,0,6,44.740280106114355,0.2390090990013322
166,Jamaica,ornamentals,1981,4.954368415118417,26.25,0,0,44.740280106114355,0.11073619573609546
166,Jamaica,ornamentals,1982,3.0220578291343045,19,4.219398766173612,28,44.740280106114355,0.0675466899618561
166,Jamaica,ornamentals,1983,4.276357139700799,23.25,12.886029792629586,59,44.740280106114355,0.09558181418529783
166,Jamaica,ornamentals,1984,5.577348781505094,29.5,5.203966567217179,31,44.740280106114355,0.12466056913986275
166,Jamaica,ornamentals,1985,8.144434513506901,41.75,10.268342928007229,49,44.740280106114355,0.182038076073508
166,Jamaica,ornamentals,1986,11.269135285092233,52.75,16.718201852514937,72,44.740280106114355,0.2518789613825452
166,Jamaica,ornamentals,1987,14.878754953978735,65.5,27.324508468175594,110,44.740280106114355,0.33255837734340327
166,Jamaica,ornamentals,1988,22.36772580127468,92.25,35.15984995640096,138,44.740280106114355,0.4999460385188298
166,Jamaica,ornamentals,1989,26.94718326476355,108.5,28.586172781962702,114,44.740280106114355,0.60230251578333
166,Jamaica,ornamentals,1990,22.767632801634814,90.5,0,0,44.740280106114355,0.5088844492621608
166,Jamaica,ornamentals,1991,19.24201726737539,77.5,13.222046331137904,58,44.740280106114355,0.4300826284890808
166,Jamaica,ornamentals,1992,21.11978373161483,84,42.67091581335872,164,44.740280106114355,0.47205300640772097
166,Jamaica,ornamentals,1993,27.015449630635466,105,52.16883637804524,198,44.740280106114355,0.6038283525843068
166,Jamaica,ornamentals,1994,38.552787687908975,149,46.14935222909405,176,44.740280106114355,0.8617019740705696
166,Jamaica,ornamentals,1995,43.894260561442564,168,34.587937825272235,134,44.740280106114355,0.9810904280736461
166,Jamaica,ornamentals,1996,42.23904648820197,161.75,36.05005952039636,139,44.740280106114355,0.9440943683861613
166,Jamaica,ornamentals,1997,44.740280106114355,170.5,62.17377084969479,233,44.740280106114355,1
166,Jamaica,ornamentals,1998,36.202942048840846,148,12,86,44.740280106114355,0.809180049006739
166,Jamaica,ornamentals,1999,28.305957592522788,119.25,3,19,44.740280106114355,0.6326727844659694
166,Jamaica,ornamentals,2000,22.543442712423698,96.75,13,49,44.740280106114355,0.5038735264722412
166,Jamaica,ornamentals,2001,7.75,51,3,50,44.740280106114355,0.17322198210692158
166,Jamaica,ornamentals,2002,5.25,36.25,2,27,44.740280106114355,0.11734392336275333
166,Jamaica,ornamentals,2003,5,36,2,18,44.740280106114355,0.1117561174883365
166,Jamaica,ornamentals,2004,2,24.5,1,3,44.740280106114355,0.0447024469953346
166,Jamaica,ornamentals,2005,1.25,12.25,0,1,44.740280106114355,0.027939029372084125
166,Jamaica,ornamentals,2006,1.5,7.75,3,9,44.740280106114355,0.03352683524650095
166,Jamaica,ornamentals,2007,1,3.5,0,1,44.740280106114355,0.0223512234976673
166,Jamaica,ornamentals,2008,0.75,3,0,1,44.740280106114355,0.016763417623250475
166,Jamaica,ornamentals,2009,0.75,2.75,0,0,44.740280106114355,0.016763417623250475
166,Jamaica,ornamentals,2010,0,0.75,0,1,44.740280106114355,0
166,Jamaica,ornamentals,2011,0,0.5,0,0,44.740280106114355,0
166,Jamaica,ornamentals,2012,0,0.25,0,0,44.740280106114355,0
166,Jamaica,ornamentals,2013,0.25,1,1,3,44.740280106114355,0.005587805874416825
166,Jamaica,ornamentals,2014,0.5,2.5,1,7,44.740280106114355,0.01117561174883365
166,Jamaica,ornamentals,2015,0.5,2.75,0,1,44.740280106114355,0.01117561174883365
166,Jamaica,ornamentals,2016,0.5,2.75,0,0,44.740280106114355,0.01117561174883365
166,Jamaica,ornamentals,2017,0.25,2,0,0,44.740280106114355,0.005587805874416825
166,Jamaica,ornamentals,2018,0,0.25,0,0,44.740280106114355,0
166,Jamaica,ornamentals,2019,0,0,0,0,44.740280106114355,0
166,Jamaica,ornamentals,2020,0,0,0,0,44.740280106114355,0
166,Jamaica,ornamentals,2021,0,0,0,0,44.740280106114355,0
166,Jamaica,ornamentals,2022,0,0,0,0,44.740280106114355,0
166,Jamaica,seaweeds,1991,9,26,9,26,14.333333333333334,0.627906976744186
166,Jamaica,seaweeds,1992,7.5,20,6,14,14.333333333333334,0.5232558139534883
166,Jamaica,seaweeds,1993,14.333333333333334,28,28,44,14.333333333333334,1
166,Jamaica,seaweeds,1994,10.75,21,0,0,14.333333333333334,0.75
166,Jamaica,seaweeds,1995,8.5,14.5,0,0,14.333333333333334,0.5930232558139534
166,Jamaica,seaweeds,1996,9.75,24.25,11,53,14.333333333333334,0.6802325581395349
166,Jamaica,seaweeds,1997,6.25,21,14,31,14.333333333333334,0.436046511627907
166,Jamaica,seaweeds,1998,6.25,21,0,0,14.333333333333334,0.436046511627907
166,Jamaica,seaweeds,1999,6.25,21,0,0,14.333333333333334,0.436046511627907
166,Jamaica,seaweeds,2000,3.5,7.75,0,0,14.333333333333334,0.2441860465116279
166,Jamaica,seaweeds,2001,0,0,0,0,14.333333333333334,0
166,Jamaica,seaweeds,2002,0,0,0,0,14.333333333333334,0
166,Jamaica,seaweeds,2003,0,0,0,0,14.333333333333334,0
166,Jamaica,seaweeds,2004,0,0,0,0,14.333333333333334,0
166,Jamaica,seaweeds,2005,0,0,0,0,14.333333333333334,0
166,Jamaica,seaweeds,2006,0,0,0,0,14.333333333333334,0
166,Jamaica,seaweeds,2007,2,1.25,8,5,14.333333333333334,0.13953488372093023
166,Jamaica,seaweeds,2008,2,1.25,0,0,14.333333333333334,0.13953488372093023
166,Jamaica,seaweeds,2009,3.25,4.5,5,13,14.333333333333334,0.22674418604651161
166,Jamaica,seaweeds,2010,4.25,10,4,22,14.333333333333334,0.2965116279069767
166,Jamaica,seaweeds,2011,2.25,8.75,0,0,14.333333333333334,0.1569767441860465
166,Jamaica,seaweeds,2012,2.25,9,0,1,14.333333333333334,0.1569767441860465
166,Jamaica,seaweeds,2013,1,5.75,0,0,14.333333333333334,0.06976744186046512
166,Jamaica,seaweeds,2014,0,0.25,0,0,14.333333333333334,0
166,Jamaica,seaweeds,2015,0,0.25,0,0,14.333333333333334,0
166,Jamaica,seaweeds,2016,0,0.25,0,1,14.333333333333334,0
166,Jamaica,seaweeds,2017,0,0.25,0,0,14.333333333333334,0
166,Jamaica,seaweeds,2018,0,0.25,0,0,14.333333333333334,0
166,Jamaica,seaweeds,2019,0.01,0.27,0.04,0.08,14.333333333333334,6.976744186046512e-4
166,Jamaica,seaweeds,2020,0.06999999999999999,1.0725,0.24,4.21,14.333333333333334,0.004883720930232557
166,Jamaica,seaweeds,2021,0.21000000000000002,4.09,0.56,12.07,14.333333333333334,0.014651162790697675
166,Jamaica,seaweeds,2022,0.24250000000000002,4.3425,0.13,1.01,14.333333333333334,0.01691860465116279
167,Guyana,ornamentals,1988,96.49308934795317,270,96.49308934795317,270,106.01307161918157,0.9101999203888184
167,Guyana,ornamentals,1989,94.07207599018056,245,91.65106263240796,220,106.01307161918157,0.8873629879162896
167,Guyana,ornamentals,1990,93.3879782182809,258.3333333333333,92.01978267448158,285,106.01307161918157,0.8809100311115188
167,Guyana,ornamentals,1991,70.04098366371068,193.75,0,0,106.01307161918157,0.6606825233336391
167,Guyana,ornamentals,1992,45.91771132672238,126.25,0,0,106.01307161918157,0.4331325432364344
167,Guyana,ornamentals,1993,23.004945668620394,71.25,0,0,106.01307161918157,0.21700102937549423
167,Guyana,ornamentals,1994,0,0,0,0,106.01307161918157,0
167,Guyana,ornamentals,1995,22.820166231680332,138.25,91.28066492672133,553,106.01307161918157,0.2152580420804574
167,Guyana,ornamentals,1996,43.263071619181574,238.25,81.77162155000497,400,106.01307161918157,0.4080918603565273
167,Guyana,ornamentals,1997,86.01307161918157,306.5,171,273,106.01307161918157,0.8113440192371402
167,Guyana,ornamentals,1998,106.01307161918157,337.25,80,123,106.01307161918157,1
167,Guyana,ornamentals,1999,103.44290538750124,228.5,81,118,106.01307161918157,0.9757561384419382
167,Guyana,ornamentals,2000,95.75,148.75,51,81,106.01307161918157,0.9031905079021915
167,Guyana,ornamentals,2001,70.25,107.25,69,107,106.01307161918157,0.6626541324295452
167,Guyana,ornamentals,2002,65.25,99.25,60,91,106.01307161918157,0.6154901372388302
167,Guyana,ornamentals,2003,62,91.5,68,87,106.01307161918157,0.5848335403648655
167,Guyana,ornamentals,2004,70.75,95.5,86,97,106.01307161918157,0.6673705319486166
167,Guyana,ornamentals,2005,59.25,78.25,23,38,106.01307161918157,0.5588933430099723
167,Guyana,ornamentals,2006,59.5,82.25,61,107,106.01307161918157,0.561251542769508
167,Guyana,ornamentals,2007,68.25,94,103,134,106.01307161918157,0.6437885343532591
167,Guyana,ornamentals,2008,53.75,96.25,28,106,106.01307161918157,0.5070129483001857
167,Guyana,ornamentals,2009,53.25,102.5,21,63,106.01307161918157,0.5022965487811143
167,Guyana,ornamentals,2010,38.5,79.25,2,14,106.01307161918157,0.3631627629685052
167,Guyana,ornamentals,2011,15,52,9,25,106.01307161918157,0.14149198557214487
167,Guyana,ornamentals,2012,9,27.5,4,8,106.01307161918157,0.08489519134328692
167,Guyana,ornamentals,2013,3.75,12,0,1,106.01307161918157,0.03537299639303622
167,Guyana,ornamentals,2014,3.5,9,1,2,106.01307161918157,0.033014796633500466
167,Guyana,ornamentals,2015,2.75,5,6,9,106.01307161918157,0.025940197354893228
167,Guyana,ornamentals,2016,2.75,5.5,4,10,106.01307161918157,0.025940197354893228
167,Guyana,ornamentals,2017,6,7.25,13,8,106.01307161918157,0.056596794228857945
167,Guyana,ornamentals,2018,7.5,8.5,7,7,106.01307161918157,0.07074599278607244
167,Guyana,ornamentals,2019,6.8275,7.105,3.31,3.42,106.01307161918157,0.06440243543292128
167,Guyana,ornamentals,2020,5.8275,4.605,0,0,106.01307161918157,0.05496963639477828
167,Guyana,ornamentals,2021,2.5775,2.605,0,0,106.01307161918157,0.02431303952081356
167,Guyana,ornamentals,2022,0.8275,0.855,0,0,106.01307161918157,0.007805641204063326
168,Suriname,ornamentals,1997,3,1,3,1,44.49356580428798,0.06742547929729832
168,Suriname,ornamentals,1998,1.5,0.5,0,0,44.49356580428798,0.03371273964864916
168,Suriname,ornamentals,1999,1,0.3333333333333333,0,0,44.49356580428798,0.02247515976576611
168,Suriname,ornamentals,2000,0.75,0.25,0,0,44.49356580428798,0.01685636982432458
168,Suriname,ornamentals,2001,0,0,0,0,44.49356580428798,0
168,Suriname,ornamentals,2002,12.137715962659058,2,48.55086385063623,8,44.49356580428798,0.2727971054522519
168,Suriname,ornamentals,2003,23.574672211851066,2.75,45.74782499676803,3,44.49356580428798,0.5298445243869194
168,Suriname,ornamentals,2004,34.36750729928917,3.5,43.17134034975243,3,44.49356580428798,0.772415217302657
168,Suriname,ornamentals,2005,44.49356580428798,3.75,40.50423401999524,1,44.49356580428798,1
168,Suriname,ornamentals,2006,41.962391998642715,4.75,38.426168628055166,12,44.49356580428798,0.9431114643232004
168,Suriname,ornamentals,2007,39.44254590334003,6,35.6684406155573,8,44.49356580428798,0.8864775207461307
168,Suriname,ornamentals,2008,36.90004438735218,6.75,33.00133428580102,6,44.49356580428798,0.8293343929696012
168,Suriname,ornamentals,2009,34.42550913342029,9,30.606093004267677,10,44.49356580428798,0.7737188177914615
168,Suriname,ornamentals,2010,31.9509738794884,11.25,28.528027612327605,21,44.49356580428798,0.7181032426133216
168,Suriname,ornamentals,2011,29.453783204871115,13,25.679677917088156,15,44.49356580428798,0.6619784832357168
168,Suriname,ornamentals,2012,26.843315426827303,12.25,22.559463173625772,3,44.49356580428798,0.6033078028607977
168,Suriname,ornamentals,2013,24.16488138672753,10,19.892356843868583,1,44.49356580428798,0.5431095698874889
168,Suriname,ornamentals,2014,17.032874483645628,4.75,0,0,44.49356580428798,0.3828165752901764
168,Suriname,ornamentals,2015,10.612955004373589,1,0,0,44.49356580428798,0.23852785931018336
168,Suriname,ornamentals,2016,4.973089210967146,0.25,0,0,44.49356580428798,0.11177097454589431
168,Suriname,ornamentals,2017,0,0,0,0,44.49356580428798,0
168,Suriname,ornamentals,2018,0,0,0,0,44.49356580428798,0
168,Suriname,ornamentals,2019,0,4.1175,0,16.47,44.49356580428798,0
168,Suriname,ornamentals,2020,1.3725,10.844999999999999,5.49,26.91,44.49356580428798,0.030847156778513983
168,Suriname,ornamentals,2021,2.5575,23.085,4.74,48.96,44.49356580428798,0.057480221100946825
168,Suriname,ornamentals,2022,3.84,34.8325,5.13,46.99,44.49356580428798,0.08630461350054185
171,Brazil,fish_oil,1976,42,33,42,33,5040.556748864299,0.008332412884640794
171,Brazil,fish_oil,1977,24.5,21.5,7,10,5040.556748864299,0.00486057418270713
171,Brazil,fish_oil,1978,16.666666666666668,15.666666666666666,1,4,5040.556748864299,0.003306513049460633
171,Brazil,fish_oil,1979,12.5,11.75,0,0,5040.556748864299,0.0024798847870954746
171,Brazil,fish_oil,1980,2,3.5,0,0,5040.556748864299,3.9678156593527593e-4
171,Brazil,fish_oil,1981,0.25,1,0,0,5040.556748864299,4.959769574190949e-5
171,Brazil,fish_oil,1982,0,0,0,0,5040.556748864299,0
171,Brazil,fish_oil,1983,0,0,0,0,5040.556748864299,0
171,Brazil,fish_oil,1984,0,0,0,0,5040.556748864299,0
171,Brazil,fish_oil,1985,0,0,0,0,5040.556748864299,0
171,Brazil,fish_oil,1986,0,0,0,0,5040.556748864299,0
171,Brazil,fish_oil,1987,0,0,0,0,5040.556748864299,0
171,Brazil,fish_oil,1988,0.25,4.25,1,17,5040.556748864299,4.959769574190949e-5
171,Brazil,fish_oil,1989,5.5,8,21,15,5040.556748864299,0.0010911493063220088
171,Brazil,fish_oil,1990,5.5,8,0,0,5040.556748864299,0.0010911493063220088
171,Brazil,fish_oil,1991,5.5,8,0,0,5040.556748864299,0.0010911493063220088
171,Brazil,fish_oil,1992,11.75,5,26,5,5040.556748864299,0.002331091699869746
171,Brazil,fish_oil,1993,5040.556748864299,6.25,20136.226995457197,20,5040.556748864299,1
171,Brazil,fish_oil,1994,5040.556748864299,10.75,0,18,5040.556748864299,1
171,Brazil,fish_oil,1995,5040.556748864299,13.5,0,11,5040.556748864299,1
171,Brazil,fish_oil,1996,5034.056748864299,12.25,0,0,5040.556748864299,0.9987104599107104
171,Brazil,fish_oil,1997,15.75,18,63,43,5040.556748864299,0.003124654831740298
171,Brazil,fish_oil,1998,15.75,15.5,0,8,5040.556748864299,0.003124654831740298
171,Brazil,fish_oil,1999,15.75,13,0,1,5040.556748864299,0.003124654831740298
171,Brazil,fish_oil,2000,16,13.75,1,3,5040.556748864299,0.0031742525274822075
171,Brazil,fish_oil,2001,0.25,3,0,0,5040.556748864299,4.959769574190949e-5
171,Brazil,fish_oil,2002,0.25,1,0,0,5040.556748864299,4.959769574190949e-5
171,Brazil,fish_oil,2003,0.25,0.75,0,0,5040.556748864299,4.959769574190949e-5
171,Brazil,fish_oil,2004,1,10.25,4,41,5040.556748864299,1.9839078296763797e-4
171,Brazil,fish_oil,2005,2.25,16.75,5,26,5040.556748864299,4.463792616771854e-4
171,Brazil,fish_oil,2006,2.25,18.5,0,7,5040.556748864299,4.463792616771854e-4
171,Brazil,fish_oil,2007,2.25,20.25,0,7,5040.556748864299,4.463792616771854e-4
171,Brazil,fish_oil,2008,1.25,10.5,0,2,5040.556748864299,2.4798847870954746e-4
171,Brazil,fish_oil,2009,0,5,0,4,5040.556748864299,0
171,Brazil,fish_oil,2010,0,4.5,0,5,5040.556748864299,0
171,Brazil,fish_oil,2011,0,4.25,0,6,5040.556748864299,0
171,Brazil,fish_oil,2012,0,4.75,0,4,5040.556748864299,0
171,Brazil,fish_oil,2013,0,3.75,0,0,5040.556748864299,0
171,Brazil,fish_oil,2014,0,2.5,0,0,5040.556748864299,0
171,Brazil,fish_oil,2015,5.5,8,22,28,5040.556748864299,0.0010911493063220088
171,Brazil,fish_oil,2016,89,106.25,334,397,5040.556748864299,0.01765677968411978
171,Brazil,fish_oil,2017,235.5,270,586,655,5040.556748864299,0.04672102938887874
171,Brazil,fish_oil,2018,849,806.5,2454,2146,5040.556748864299,0.16843377473952464
171,Brazil,fish_oil,2019,1155.355,1056.59,1247.42,1028.36,5040.556748864299,0.22921178305557535
171,Brazil,fish_oil,2020,1624.7624999999998,1487.805,2211.6299999999997,2121.86,5040.556748864299,0.32233790451145683
171,Brazil,fish_oil,2021,1807.355,1683.4375,1316.37,1437.53,5040.556748864299,0.3585625735504753
171,Brazil,fish_oil,2022,1370.4624999999999,1455.65,706.43,1234.85,5040.556748864299,0.2718871284027865
171,Brazil,ornamentals,1976,188,625,188,625,678.75,0.27697974217311233
171,Brazil,ornamentals,1977,191,645,194,665,678.75,0.2813996316758748
171,Brazil,ornamentals,1978,206,724.6666666666666,236,884,678.75,0.30349907918968694
171,Brazil,ornamentals,1979,222.25,802.25,271,1035,678.75,0.3274401473296501
171,Brazil,ornamentals,1980,233.5,856.75,233,843,678.75,0.34401473296500923
171,Brazil,ornamentals,1981,237.75,876.25,211,743,678.75,0.35027624309392263
171,Brazil,ornamentals,1982,228.25,810.75,198,622,678.75,0.33627992633517495
171,Brazil,ornamentals,1983,213.25,680.75,211,515,678.75,0.3141804788213628
171,Brazil,ornamentals,1984,220.25,647.75,261,711,678.75,0.32449355432780846
171,Brazil,ornamentals,1985,253.75,670.25,345,833,678.75,0.3738489871086556
171,Brazil,ornamentals,1986,294.25,729.5,360,859,678.75,0.4335174953959484
171,Brazil,ornamentals,1987,358.5,856.5,468,1023,678.75,0.5281767955801105
171,Brazil,ornamentals,1988,426.25,948.25,532,1078,678.75,0.6279926335174953
171,Brazil,ornamentals,1989,463.25,1017.5,493,1110,678.75,0.6825046040515653
171,Brazil,ornamentals,1990,509.5,1151,545,1393,678.75,0.7506445672191528
171,Brazil,ornamentals,1991,537,1357.25,578,1848,678.75,0.7911602209944751
171,Brazil,ornamentals,1992,571.75,1686.75,671,2396,678.75,0.8423572744014733
171,Brazil,ornamentals,1993,678.75,2228.5,921,3277,678.75,1
171,Brazil,ornamentals,1994,611.25,2838.5,275,3833,678.75,0.9005524861878453
171,Brazil,ornamentals,1995,530.75,3439.5,256,4252,678.75,0.7819521178637201
171,Brazil,ornamentals,1996,444.5,3902.75,326,4249,678.75,0.6548802946593002
171,Brazil,ornamentals,1997,294.5,4063.75,321,3921,678.75,0.43388581952117866
171,Brazil,ornamentals,1998,293,3941.75,269,3345,678.75,0.4316758747697974
171,Brazil,ornamentals,1999,301,3721.5,288,3371,678.75,0.4434622467771639
171,Brazil,ornamentals,2000,268.75,3468,197,3235,678.75,0.39594843462246776
171,Brazil,ornamentals,2001,233.75,3294.25,181,3226,678.75,0.3443830570902394
171,Brazil,ornamentals,2002,209.5,3270.5,172,3250,678.75,0.30865561694290977
171,Brazil,ornamentals,2003,165,3022.5,110,2379,678.75,0.2430939226519337
171,Brazil,ornamentals,2004,139.5,2879.75,95,2664,678.75,0.20552486187845304
171,Brazil,ornamentals,2005,137.75,3160.75,174,4350,678.75,0.20294659300184162
171,Brazil,ornamentals,2006,132.75,3382.25,152,4136,678.75,0.19558011049723756
171,Brazil,ornamentals,2007,144.75,4050.5,158,5052,678.75,0.2132596685082873
171,Brazil,ornamentals,2008,153.75,4791.75,131,5629,678.75,0.2265193370165746
171,Brazil,ornamentals,2009,134.5,5481,97,7107,678.75,0.19815837937384898
171,Brazil,ornamentals,2010,118,6145,86,6792,678.75,0.17384898710865562
171,Brazil,ornamentals,2011,97.5,6712,76,7320,678.75,0.143646408839779
171,Brazil,ornamentals,2012,66.5,5449.5,7,579,678.75,0.09797421731123389
171,Brazil,ornamentals,2013,43.5,3779,5,425,678.75,0.06408839779005525
171,Brazil,ornamentals,2014,23,2159.5,4,314,678.75,0.03388581952117864
171,Brazil,ornamentals,2015,5,411.75,4,329,678.75,0.007366482504604052
171,Brazil,ornamentals,2016,4.25,364.75,4,391,678.75,0.006261510128913444
171,Brazil,ornamentals,2017,4,349.75,4,365,678.75,0.005893186003683241
171,Brazil,ornamentals,2018,3.75,339.5,3,273,678.75,0.0055248618784530384
171,Brazil,ornamentals,2019,3.4074999999999998,317.055,2.63,239.22,678.75,0.005020257826887661
171,Brazil,ornamentals,2020,2.78,248.3875,1.49,116.33,678.75,0.004095764272559852
171,Brazil,ornamentals,2021,2.17,205.0625,1.56,191.7,678.75,0.0031970534069981583
171,Brazil,ornamentals,2022,2.0075,239.9025,2.35,412.36,678.75,0.0029576427255985265
171,Brazil,seaweeds,1990,0,2,0,2,6079.68,0
171,Brazil,seaweeds,1991,103.5,134,207,266,6079.68,0.017023922311700614
171,Brazil,seaweeds,1992,121,150.33333333333334,156,183,6079.68,0.019902363282278013
171,Brazil,seaweeds,1993,124.5,142.25,135,118,6079.68,0.020478051476393495
171,Brazil,seaweeds,1994,167.75,276,173,537,6079.68,0.027591912732249063
171,Brazil,seaweeds,1995,158.25,274,169,258,6079.68,0.026029330491078476
171,Brazil,seaweeds,1996,189.5,337.5,281,437,6079.68,0.03116940365282383
171,Brazil,seaweeds,1997,207,372.5,205,258,6079.68,0.03404784462340123
171,Brazil,seaweeds,1998,200.5,282.25,147,176,6079.68,0.03297870940575819
171,Brazil,seaweeds,1999,220,316,247,393,6079.68,0.036186115058687296
171,Brazil,seaweeds,2000,240.25,332.25,362,502,6079.68,0.039516882467498286
171,Brazil,seaweeds,2001,232.5,316,174,193,6079.68,0.03824214432338544
171,Brazil,seaweeds,2002,228.5,309.25,131,149,6079.68,0.037584214958682034
171,Brazil,seaweeds,2003,200.25,245.75,134,139,6079.68,0.032937588820464235
171,Brazil,seaweeds,2004,132.75,149.25,92,116,6079.68,0.02183503079109427
171,Brazil,seaweeds,2005,120.75,137.25,126,145,6079.68,0.01986124269698405
171,Brazil,seaweeds,2006,99.75,118.5,47,74,6079.68,0.016407113532291174
171,Brazil,seaweeds,2007,86.5,133,81,197,6079.68,0.014227722511711142
171,Brazil,seaweeds,2008,84.5,159.25,84,221,6079.68,0.01389875782935944
171,Brazil,seaweeds,2009,76.5,164.75,94,167,6079.68,0.01258289909995263
171,Brazil,seaweeds,2010,95.75,215.5,124,277,6079.68,0.015749184167587766
171,Brazil,seaweeds,2011,111.25,253.5,143,349,6079.68,0.018298660455813465
171,Brazil,seaweeds,2012,123.25,253.5,132,221,6079.68,0.020272448549923678
171,Brazil,seaweeds,2013,131.75,294,128,329,6079.68,0.021670548449918416
171,Brazil,seaweeds,2014,141.25,344,162,477,6079.68,0.023233130691089003
171,Brazil,seaweeds,2015,144,388.75,154,528,6079.68,0.023685457129322594
171,Brazil,seaweeds,2016,143.75,444.5,131,444,6079.68,0.023644336544028633
171,Brazil,seaweeds,2017,184,441,289,315,6079.68,0.03026475077635665
171,Brazil,seaweeds,2018,369.25,501.5,903,719,6079.68,0.060735104479183115
171,Brazil,seaweeds,2019,485.0425,527.1475,617.1700000000001,630.59,6079.68,0.07978092596978788
171,Brazil,seaweeds,2020,2455.215,943.6875,8011.6900000000005,2110.16,6079.68,0.4038395112900679
171,Brazil,seaweeds,2021,4930.110000000001,1647.01,10188.58,3128.29,6079.68,0.8109160350544766
171,Brazil,seaweeds,2022,6079.68,2064.8125,5501.280000000001,2390.21,6079.68,1
172,Argentina,fish_oil,1977,101,33,101,33,1256.25,0.08039800995024876
172,Argentina,fish_oil,1978,196.5,71,292,109,1256.25,0.15641791044776118
172,Argentina,fish_oil,1979,194.33333333333334,79,190,95,1256.25,0.15469320066334993
172,Argentina,fish_oil,1980,145.75,59.75,0,2,1256.25,0.11601990049751244
172,Argentina,fish_oil,1981,120.5,51.5,0,0,1256.25,0.09592039800995025
172,Argentina,fish_oil,1982,47.5,24.75,0,2,1256.25,0.03781094527363184
172,Argentina,fish_oil,1983,50,20.25,200,77,1256.25,0.03980099502487562
172,Argentina,fish_oil,1984,50,19.75,0,0,1256.25,0.03980099502487562
172,Argentina,fish_oil,1985,50,19.75,0,0,1256.25,0.03980099502487562
172,Argentina,fish_oil,1986,50,19.25,0,0,1256.25,0.03980099502487562
172,Argentina,fish_oil,1987,0.25,1,1,4,1256.25,1.990049751243781e-4
172,Argentina,fish_oil,1988,20.25,8.25,80,29,1256.25,0.016119402985074627
172,Argentina,fish_oil,1989,66.25,20.75,184,50,1256.25,0.0527363184079602
172,Argentina,fish_oil,1990,154.75,30.5,354,39,1256.25,0.12318407960199004
172,Argentina,fish_oil,1991,248.25,49.5,375,80,1256.25,0.19761194029850745
172,Argentina,fish_oil,1992,320.5,66.75,369,98,1256.25,0.2551243781094527
172,Argentina,fish_oil,1993,286.25,57.75,47,14,1256.25,0.22786069651741295
172,Argentina,fish_oil,1994,748.75,331,2204,1132,1256.25,0.5960199004975124
172,Argentina,fish_oil,1995,790.5,398,542,348,1256.25,0.6292537313432836
172,Argentina,fish_oil,1996,831,418,531,178,1256.25,0.6614925373134328
172,Argentina,fish_oil,1997,963,470.75,575,225,1256.25,0.7665671641791045
172,Argentina,fish_oil,1998,522.75,254.25,443,266,1256.25,0.4161194029850746
172,Argentina,fish_oil,1999,415.5,179,113,47,1256.25,0.3307462686567164
172,Argentina,fish_oil,2000,306.75,141,96,26,1256.25,0.24417910447761193
172,Argentina,fish_oil,2001,391.25,159,913,297,1256.25,0.31144278606965176
172,Argentina,fish_oil,2002,592.75,211.5,1249,476,1256.25,0.4718407960199005
172,Argentina,fish_oil,2003,822.25,330,1031,521,1256.25,0.6545273631840796
172,Argentina,fish_oil,2004,1053,484.25,1019,643,1256.25,0.8382089552238806
172,Argentina,fish_oil,2005,997.25,530.75,690,483,1256.25,0.7938308457711443
172,Argentina,fish_oil,2006,801.25,538.75,465,508,1256.25,0.6378109452736318
172,Argentina,fish_oil,2007,783.25,639.25,959,923,1256.25,0.6234825870646766
172,Argentina,fish_oil,2008,914.25,943.25,1543,1859,1256.25,0.7277611940298507
172,Argentina,fish_oil,2009,995.5,1154,1015,1326,1256.25,0.7924378109452737
172,Argentina,fish_oil,2010,1190,1480,1243,1812,1256.25,0.9472636815920398
172,Argentina,fish_oil,2011,1256.25,1742.25,1224,1972,1256.25,1
172,Argentina,fish_oil,2012,932.25,1397.25,247,479,1256.25,0.742089552238806
172,Argentina,fish_oil,2013,979.25,1717.5,1203,2607,1256.25,0.7795024875621891
172,Argentina,fish_oil,2014,803.25,1703,539,1754,1256.25,0.6394029850746269
172,Argentina,fish_oil,2015,621.25,1636.75,496,1707,1256.25,0.4945273631840796
172,Argentina,fish_oil,2016,625.75,1738.5,265,886,1256.25,0.4981094527363184
172,Argentina,fish_oil,2017,532,1397,828,1241,1256.25,0.4234825870646766
172,Argentina,fish_oil,2018,414,1004.5,67,184,1256.25,0.3295522388059702
172,Argentina,fish_oil,2019,290,577.75,0,0,1256.25,0.2308457711442786
172,Argentina,fish_oil,2020,285.075,431.8,245.3,302.2,1256.25,0.22692537313432834
172,Argentina,fish_oil,2021,78.075,121.55,0,0,1256.25,0.062149253731343286
172,Argentina,fish_oil,2022,61.325,75.55,0,0,1256.25,0.04881592039800995
172,Argentina,ornamentals,1976,115.31291046619481,3,115.31291046619481,3,115.31291046619481,1
172,Argentina,ornamentals,1977,114.16060066679893,6,113.00829086740305,9,115.31291046619481,0.9900071050610271
172,Argentina,ornamentals,1978,112.91766918466146,7,110.43180622038653,9,115.31291046619481,0.9792283338279322
172,Argentina,ornamentals,1979,111.65208228183883,7.5,107.85532157337093,9,115.31291046619481,0.9682530935213088
172,Argentina,ornamentals,1980,109.40410123475976,14.75,106.32098627787855,32,115.31291046619481,0.9487584763271821
172,Argentina,ornamentals,1981,106.81628887740112,14.5,102.65704143796847,8,115.31291046619481,0.9263168230301102
172,Argentina,ornamentals,1982,104.19449338901472,13.5,99.94462426684095,5,115.31291046619481,0.9035804661227456
172,Argentina,ornamentals,1983,101.55004247994293,12,97.27751793708376,3,115.31291046619481,0.8806476401418504
172,Argentina,ornamentals,1984,74.9697959104733,4,0,0,115.31291046619481,0.650142257335977
172,Argentina,ornamentals,1985,49.305535550981176,2,0,0,115.31291046619481,0.42758035810253536
172,Argentina,ornamentals,1986,46.729050903965344,2,89.63868567877762,5,115.31291046619481,0.40523693934222965
172,Argentina,ornamentals,1987,22.659671419694405,3.5,1,9,115.31291046619481,0.19650593613572287
172,Argentina,ornamentals,1988,22.659671419694405,4,0,2,115.31291046619481,0.19650593613572287
172,Argentina,ornamentals,1989,43.11432393344171,4.75,81.81861005498922,3,115.31291046619481,0.37388982516472974
172,Argentina,ornamentals,1990,20.954652513747305,4.25,1,3,115.31291046619481,0.18171991695492226
172,Argentina,ornamentals,1991,22.704652513747305,8,8,24,115.31291046619481,0.19689601469562606
172,Argentina,ornamentals,1992,22.954652513747305,9.5,1,8,115.31291046619481,0.19906402865858375
172,Argentina,ornamentals,1993,20.593394363241714,14.25,72.37357745296686,22,115.31291046619481,0.1785870660968087
172,Argentina,ornamentals,1994,20.343394363241714,14,0,2,115.31291046619481,0.176419052133851
172,Argentina,ornamentals,1995,18.343394363241714,16,0,32,115.31291046619481,0.1590749404301895
172,Argentina,ornamentals,1996,18.093394363241714,21.5,0,30,115.31291046619481,0.1569069264672318
172,Argentina,ornamentals,1997,0,18,0,8,115.31291046619481,0
172,Argentina,ornamentals,1998,0,20,0,10,115.31291046619481,0
172,Argentina,ornamentals,1999,0,12,0,0,115.31291046619481,0
172,Argentina,ornamentals,2000,0,8.75,0,17,115.31291046619481,0
172,Argentina,ornamentals,2001,0.25,13,1,25,115.31291046619481,0.0021680139629576874
172,Argentina,ornamentals,2002,0.5,16.25,1,23,115.31291046619481,0.004336027925915375
172,Argentina,ornamentals,2003,1,25.75,2,38,115.31291046619481,0.00867205585183075
172,Argentina,ornamentals,2004,1.25,29,1,30,115.31291046619481,0.010840069814788437
172,Argentina,ornamentals,2005,1.5,35.25,2,50,115.31291046619481,0.013008083777746125
172,Argentina,ornamentals,2006,1.75,44.5,2,60,115.31291046619481,0.015176097740703812
172,Argentina,ornamentals,2007,1.5,50.25,1,61,115.31291046619481,0.013008083777746125
172,Argentina,ornamentals,2008,1.5,58,1,61,115.31291046619481,0.013008083777746125
172,Argentina,ornamentals,2009,1.25,59.5,1,56,115.31291046619481,0.010840069814788437
172,Argentina,ornamentals,2010,1,57.5,1,52,115.31291046619481,0.00867205585183075
172,Argentina,ornamentals,2011,1,52,1,39,115.31291046619481,0.00867205585183075
172,Argentina,ornamentals,2012,0.75,36.75,0,0,115.31291046619481,0.006504041888873062
172,Argentina,ornamentals,2013,0.5,22.75,0,0,115.31291046619481,0.004336027925915375
172,Argentina,ornamentals,2014,0.25,9.75,0,0,115.31291046619481,0.0021680139629576874
172,Argentina,ornamentals,2015,0,0,0,0,115.31291046619481,0
172,Argentina,ornamentals,2016,0,0,0,0,115.31291046619481,0
172,Argentina,ornamentals,2017,0,0,0,0,115.31291046619481,0
172,Argentina,ornamentals,2018,0,0,0,0,115.31291046619481,0
172,Argentina,ornamentals,2019,0,0,0,0,115.31291046619481,0
172,Argentina,ornamentals,2020,0,0,0,0,115.31291046619481,0
172,Argentina,ornamentals,2021,0,0,0,0,115.31291046619481,0
172,Argentina,ornamentals,2022,0,0,0,0,115.31291046619481,0
172,Argentina,seaweeds,1991,276,369,276,369,414.5,0.6658624849215923
172,Argentina,seaweeds,1992,175,232.5,74,96,414.5,0.4221954161640531
172,Argentina,seaweeds,1993,196.33333333333334,287.3333333333333,239,397,414.5,0.47366304784881386
172,Argentina,seaweeds,1994,335.5,794.5,753,2316,414.5,0.8094089264173703
172,Argentina,seaweeds,1995,374,1104.5,430,1609,414.5,0.902291917973462
172,Argentina,seaweeds,1996,414.5,1235.75,236,621,414.5,1
172,Argentina,seaweeds,1997,404.75,1164.75,200,113,414.5,0.9764776839565742
172,Argentina,seaweeds,1998,274,631.25,230,182,414.5,0.661037394451146
172,Argentina,seaweeds,1999,196.75,251,121,88,414.5,0.4746682750301568
172,Argentina,seaweeds,2000,142.5,105.25,19,38,414.5,0.34378769601930037
172,Argentina,seaweeds,2001,93,81,2,16,414.5,0.2243667068757539
172,Argentina,seaweeds,2002,35.75,40.25,1,19,414.5,0.08624849215922799
172,Argentina,seaweeds,2003,21,52.5,62,137,414.5,0.05066344993968637
172,Argentina,seaweeds,2004,27.75,83,46,160,414.5,0.0669481302774427
172,Argentina,seaweeds,2005,49.75,242.25,90,653,414.5,0.12002412545235223
172,Argentina,seaweeds,2006,92.25,467.75,171,921,414.5,0.22255729794933654
172,Argentina,seaweeds,2007,99,554.25,89,483,414.5,0.2388419782870929
172,Argentina,seaweeds,2008,116.75,620.5,117,425,414.5,0.28166465621230397
172,Argentina,seaweeds,2009,126,511.25,127,216,414.5,0.3039806996381182
172,Argentina,seaweeds,2010,115,415.25,127,537,414.5,0.27744270205066346
172,Argentina,seaweeds,2011,122.5,363.75,119,277,414.5,0.2955367913148372
172,Argentina,seaweeds,2012,111.75,380.5,74,492,414.5,0.26960193003618815
172,Argentina,seaweeds,2013,99.25,451.25,77,499,414.5,0.23944511459589868
172,Argentina,seaweeds,2014,107,510.5,158,774,414.5,0.25814234016887816
172,Argentina,seaweeds,2015,102.5,675,101,935,414.5,0.24728588661037396
172,Argentina,seaweeds,2016,134.25,821.75,201,1079,414.5,0.3238841978287093
172,Argentina,seaweeds,2017,157,867.25,168,681,414.5,0.37876960193003617
172,Argentina,seaweeds,2018,121.5,692.5,16,75,414.5,0.293124246079614
172,Argentina,seaweeds,2019,96.25,458.75,0,0,414.5,0.2322074788902292
172,Argentina,seaweeds,2020,46,189,0,0,414.5,0.11097708082026538
172,Argentina,seaweeds,2021,4,18.75,0,0,414.5,0.009650180940892641
172,Argentina,seaweeds,2022,0,0,0,0,414.5,0
173,Uruguay,fish_oil,1980,22,9,22,9,320.5,0.0686427457098284
173,Uruguay,fish_oil,1981,46,14.5,70,20,320.5,0.1435257410296412
173,Uruguay,fish_oil,1982,61.333333333333336,21.333333333333332,92,35,320.5,0.19136765470618824
173,Uruguay,fish_oil,1983,306.25,73.25,1041,229,320.5,0.9555382215288611
173,Uruguay,fish_oil,1984,320.5,78,79,28,320.5,1
173,Uruguay,fish_oil,1985,313,77.75,40,19,320.5,0.9765990639625585
173,Uruguay,fish_oil,1986,316.75,79.25,107,41,320.5,0.9882995319812793
173,Uruguay,fish_oil,1987,128.75,57.25,289,141,320.5,0.4017160686427457
173,Uruguay,fish_oil,1988,145.5,67,146,67,320.5,0.4539781591263651
173,Uruguay,fish_oil,1989,210.75,102,301,159,320.5,0.6575663026521061
173,Uruguay,fish_oil,1990,241.25,134.25,229,170,320.5,0.7527301092043682
173,Uruguay,fish_oil,1991,220.5,127,206,112,320.5,0.6879875195007801
173,Uruguay,fish_oil,1992,236.25,135,209,99,320.5,0.7371294851794071
173,Uruguay,fish_oil,1993,188.25,107.25,109,48,320.5,0.5873634945397815
173,Uruguay,fish_oil,1994,140.5,67.25,38,10,320.5,0.43837753510140404
173,Uruguay,fish_oil,1995,106.25,45.5,69,25,320.5,0.33151326053042124
173,Uruguay,fish_oil,1996,67.5,26.75,54,24,320.5,0.21060842433697347
173,Uruguay,fish_oil,1997,58,25,71,41,320.5,0.1809672386895476
173,Uruguay,fish_oil,1998,76.75,41.75,113,77,320.5,0.23946957878315134
173,Uruguay,fish_oil,1999,61,36.25,6,3,320.5,0.19032761310452417
173,Uruguay,fish_oil,2000,47.5,30.25,0,0,320.5,0.1482059282371295
173,Uruguay,fish_oil,2001,32.25,22,10,8,320.5,0.10062402496099844
173,Uruguay,fish_oil,2002,9.25,7.25,21,18,320.5,0.028861154446177848
173,Uruguay,fish_oil,2003,10.75,9,12,10,320.5,0.033541341653666144
173,Uruguay,fish_oil,2004,10.75,9,0,0,320.5,0.033541341653666144
173,Uruguay,fish_oil,2005,8.25,7,0,0,320.5,0.02574102964118565
173,Uruguay,fish_oil,2006,48.25,35,181,130,320.5,0.15054602184087362
173,Uruguay,fish_oil,2007,45.25,32.5,0,0,320.5,0.14118564742589704
173,Uruguay,fish_oil,2008,45.25,32.5,0,0,320.5,0.14118564742589704
173,Uruguay,fish_oil,2009,45.25,32.5,0,0,320.5,0.14118564742589704
173,Uruguay,fish_oil,2010,1.25,1,5,4,320.5,0.0039001560062402497
173,Uruguay,fish_oil,2011,1.25,1,0,0,320.5,0.0039001560062402497
173,Uruguay,fish_oil,2012,10.25,12.5,36,46,320.5,0.031981279251170044
173,Uruguay,fish_oil,2013,14.5,21.25,17,35,320.5,0.0452418096723869
173,Uruguay,fish_oil,2014,14.75,23,6,11,320.5,0.046021840873634944
173,Uruguay,fish_oil,2015,14.75,23,0,0,320.5,0.046021840873634944
173,Uruguay,fish_oil,2016,5.75,11.5,0,0,320.5,0.01794071762870515
173,Uruguay,fish_oil,2017,1.5,2.75,0,0,320.5,0.0046801872074883
173,Uruguay,fish_oil,2018,0,0,0,0,320.5,0
173,Uruguay,fish_oil,2019,0,0,0,0,320.5,0
173,Uruguay,fish_oil,2020,0,0,0,0,320.5,0
173,Uruguay,fish_oil,2021,0,0,0,0,320.5,0
173,Uruguay,fish_oil,2022,0,0,0,0,320.5,0
174,Finland,fish_oil,1983,64,16,64,16,2159.0884347685496,0.02964213923310681
174,Finland,fish_oil,1984,32,8,0,0,2159.0884347685496,0.014821069616553405
174,Finland,fish_oil,1985,21.333333333333332,5.333333333333333,0,0,2159.0884347685496,0.00988071307770227
174,Finland,fish_oil,1986,23,7,28,12,2159.0884347685496,0.01065264378689776
174,Finland,fish_oil,1987,7.75,3.25,3,1,2159.0884347685496,0.003589477797759028
174,Finland,fish_oil,1988,17.5,28,39,99,2159.0884347685496,0.008105272446552644
174,Finland,fish_oil,1989,18,33.75,2,23,2159.0884347685496,0.00833685165931129
174,Finland,fish_oil,1990,268.29627797414287,46.75,1029.1851118965715,64,2159.0884347685496,0.12426368167865423
174,Finland,fish_oil,1991,267.54627797414287,46.75,0,1,2159.0884347685496,0.12391631285951626
174,Finland,fish_oil,1992,257.79627797414287,24.75,0,11,2159.0884347685496,0.11940051821072264
174,Finland,fish_oil,1993,262.29627797414287,21.25,20,9,2159.0884347685496,0.12148473112555047
174,Finland,fish_oil,1994,6.5,9.75,6,18,2159.0884347685496,0.0030105297658624105
174,Finland,fish_oil,1995,9,34.75,10,101,2159.0884347685496,0.004168425829655645
174,Finland,fish_oil,1996,2159.0884347685496,44.25,8600.353739074199,49,2159.0884347685496,1
174,Finland,fish_oil,1997,2156.5884347685496,104.25,10,249,2159.0884347685496,0.9988421039362068
174,Finland,fish_oil,1998,2155.3384347685496,102.5,1,11,2159.0884347685496,0.9982631559043101
174,Finland,fish_oil,1999,2153.8384347685496,80.25,4,12,2159.0884347685496,0.9975684182660342
174,Finland,fish_oil,2000,4,73,1,20,2159.0884347685496,0.0018526337020691756
174,Finland,fish_oil,2001,6.25,17.75,19,28,2159.0884347685496,0.002894740159483087
174,Finland,fish_oil,2002,6.25,15.5,1,2,2159.0884347685496,0.002894740159483087
174,Finland,fish_oil,2003,7.25,28.25,8,63,2159.0884347685496,0.003357898585000381
174,Finland,fish_oil,2004,962.3610110173468,27.5,3821.444044069387,17,2159.0884347685496,0.4457256106420255
174,Finland,fish_oil,2005,959.1110110173468,36,6,62,2159.0884347685496,0.44422034575909425
174,Finland,fish_oil,2006,962.3610110173468,103.75,14,273,2159.0884347685496,0.4457256106420255
174,Finland,fish_oil,2007,1008.6110110173468,228.25,193,561,2159.0884347685496,0.4671466878222003
174,Finland,fish_oil,2008,222.75,570.5,678,1386,2159.0884347685496,0.10316853928397722
174,Finland,fish_oil,2009,233,702,47,588,2159.0884347685496,0.10791591314552948
174,Finland,fish_oil,2010,336.25,848.75,427,860,2159.0884347685496,0.15573702058019007
174,Finland,fish_oil,2011,454.75,1061,667,1410,2159.0884347685496,0.2106212940039894
174,Finland,fish_oil,2012,566,1167,1123,1810,2159.0884347685496,0.26214766884278834
174,Finland,fish_oil,2013,635,1209.25,323,757,2159.0884347685496,0.29410560020348164
174,Finland,fish_oil,2014,528.75,1010.25,2,64,2159.0884347685496,0.24489501749226916
174,Finland,fish_oil,2015,362.25,669,1,45,2159.0884347685496,0.16777913964363972
174,Finland,fish_oil,2016,83.75,229,9,50,2159.0884347685496,0.03878951813707337
174,Finland,fish_oil,2017,30.75,86.75,111,188,2159.0884347685496,0.014242121584656788
174,Finland,fish_oil,2018,320.5,525.75,1161,1820,2159.0884347685496,0.1484422753782927
174,Finland,fish_oil,2019,622.5725,971.7075,1209.29,1828.8300000000002,2159.0884347685496,0.2883496988703655
174,Finland,fish_oil,2020,1118.0825,1745.38,1991.04,3144.69,2159.0884347685496,0.5178493302984397
174,Finland,fish_oil,2021,1477.1,2360.5950000000003,1547.0700000000002,2648.86,2159.0884347685496,0.6841313103315948
174,Finland,fish_oil,2022,1879.76,3720.735,2771.64,7260.56,2159.0884347685496,0.8706266819503884
174,Finland,seaweeds,1994,0,0,0,0,12.000552029238406,0
174,Finland,seaweeds,1995,0,2.5,0,5,12.000552029238406,0
174,Finland,seaweeds,1996,3,41.333333333333336,9,119,12.000552029238406,0.24998849991989824
174,Finland,seaweeds,1997,6.5,78.75,17,191,12.000552029238406,0.5416417498264462
174,Finland,seaweeds,1998,9.31039646261732,86.5,11.241585850469278,31,12.000552029238406,0.7758306817830769
174,Finland,seaweeds,1999,12.000552029238406,91.75,10.760622266484347,26,12.000552029238406,1
174,Finland,seaweeds,2000,10.250552029238406,71,2,36,12.000552029238406,0.8541733750467261
174,Finland,seaweeds,2001,6.000552029238406,26,0,11,12.000552029238406,0.5000230001602035
174,Finland,seaweeds,2002,5.019588445253447,23,7.3177315145294415,19,12.000552029238406,0.4182797952147212
174,Finland,seaweeds,2003,4.28862486126846,27,7.836767930544397,42,12.000552029238406,0.3573689652625613
174,Finland,seaweeds,2004,3.7886248612684597,19.75,0,7,12.000552029238406,0.3157042152759116
174,Finland,seaweeds,2005,3.7886248612684597,20,0,12,12.000552029238406,0.3157042152759116
174,Finland,seaweeds,2006,2.2091919826360993,21,1,23,12.000552029238406,0.18409086325808813
174,Finland,seaweeds,2007,3,20.25,11,39,12.000552029238406,0.24998849991989824
174,Finland,seaweeds,2008,5.5,23.25,10,19,12.000552029238406,0.4583122498531468
174,Finland,seaweeds,2009,8.5,26.25,12,24,12.000552029238406,0.708300749773045
174,Finland,seaweeds,2010,11.25,24.5,12,16,12.000552029238406,0.9374568746996184
174,Finland,seaweeds,2011,9,15.5,2,3,12.000552029238406,0.7499654997596947
174,Finland,seaweeds,2012,7,13.25,2,10,12.000552029238406,0.5833064998130959
174,Finland,seaweeds,2013,7,11.75,12,18,12.000552029238406,0.5833064998130959
174,Finland,seaweeds,2014,5.5,10,6,9,12.000552029238406,0.4583122498531468
174,Finland,seaweeds,2015,6,13.5,4,17,12.000552029238406,0.4999769998397965
174,Finland,seaweeds,2016,6.75,19,5,32,12.000552029238406,0.562474124819771
174,Finland,seaweeds,2017,10,28.75,25,57,12.000552029238406,0.8332949997329941
174,Finland,seaweeds,2018,11.25,37,11,42,12.000552029238406,0.9374568746996184
174,Finland,seaweeds,2019,11.565,42.935,5.26,40.739999999999995,12.000552029238406,0.9637056671912076
174,Finland,seaweeds,2020,11.8325,42.73,6.07,31.18,12.000552029238406,0.9859963084340653
174,Finland,seaweeds,2021,6.8025,34.9075,4.880000000000001,25.71,12.000552029238406,0.5668489235683692
174,Finland,seaweeds,2022,10.2325,32.802499999999995,24.72,33.58,12.000552029238406,0.8526691084767862
175,Denmark,fish_oil,1976,85652,28474,85652,28474,161869,0.5291439373814628
175,Denmark,fish_oil,1977,80057,30266,74462,32058,161869,0.4945789496444656
175,Denmark,fish_oil,1978,75397,29503.333333333332,66077,27978,161869,0.46579023778487544
175,Denmark,fish_oil,1979,72713.25,28661.75,64662,26137,161869,0.4492104726661683
175,Denmark,fish_oil,1980,77509.5,31585.25,104837,40168,161869,0.4788409145667175
175,Denmark,fish_oil,1981,81104.75,31851,88843,33121,161869,0.5010517764365011
175,Denmark,fish_oil,1982,82041.75,30586,69825,22918,161869,0.5068404079842341
175,Denmark,fish_oil,1983,82934.75,29691,68234,22557,161869,0.5123572147847951
175,Denmark,fish_oil,1984,72764.25,24875.25,64155,20905,161869,0.44952554225948144
175,Denmark,fish_oil,1985,65818.75,21185.5,61061,18362,161869,0.40661738813484977
175,Denmark,fish_oil,1986,63972.75,18595.5,62441,12558,161869,0.39521310442394775
175,Denmark,fish_oil,1987,56825.5,15094.5,39645,8553,161869,0.35105857205518043
175,Denmark,fish_oil,1988,52763.25,14112,47906,16975,161869,0.3259626611642748
175,Denmark,fish_oil,1989,44212.25,11362.25,26857,7363,161869,0.27313599268544314
175,Denmark,fish_oil,1990,38365.75,10831.75,39055,10436,161869,0.2370172794049509
175,Denmark,fish_oil,1991,48052,15042.5,78390,25396,161869,0.2968573352525808
175,Denmark,fish_oil,1992,59638.5,19219.25,94252,33682,161869,0.36843682236870556
175,Denmark,fish_oil,1993,71636,23618,74847,24958,161869,0.44255539973682423
175,Denmark,fish_oil,1994,86154.75,28413,97130,29616,161869,0.5322498440096621
175,Denmark,fish_oil,1995,101704.25,35690,140588,54504,161869,0.6283120918767645
175,Denmark,fish_oil,1996,105129,40257.5,107951,51952,161869,0.6494696328512563
175,Denmark,fish_oil,1997,112441.5,47752.25,104097,54937,161869,0.6946450524807097
175,Denmark,fish_oil,1998,107110.75,54675.5,75807,57309,161869,0.6617125576855358
175,Denmark,fish_oil,1999,95537.75,51048.5,94296,39996,161869,0.5902164713441116
175,Denmark,fish_oil,2000,96979,46573,113716,34050,161869,0.5991202762727885
175,Denmark,fish_oil,2001,94902.75,42982.75,95792,40576,161869,0.5862935460156052
175,Denmark,fish_oil,2002,96403.25,42344.5,81809,54756,161869,0.59556338767769
175,Denmark,fish_oil,2003,98449.5,49088,102481,66970,161869,0.6082047828799831
175,Denmark,fish_oil,2004,98193.25,61388.5,112691,83252,161869,0.6066217126194638
175,Denmark,fish_oil,2005,100367.5,73991.25,104489,90987,161869,0.6200538707226214
175,Denmark,fish_oil,2006,109866.25,90224.75,119804,119690,161869,0.6787355824771883
175,Denmark,fish_oil,2007,116138,105373.75,127568,127566,161869,0.7174814201607472
175,Denmark,fish_oil,2008,118004,135409.5,120155,203395,161869,0.7290092605749093
175,Denmark,fish_oil,2009,134203.25,150430.25,169286,151070,161869,0.8290855568391724
175,Denmark,fish_oil,2010,144134.25,172281.25,159528,207094,161869,0.890437637842947
175,Denmark,fish_oil,2011,154335.75,201335,168374,243781,161869,0.9534608232583138
175,Denmark,fish_oil,2012,161869,219070.75,150288,274338,161869,1
175,Denmark,fish_oil,2013,149500.5,249091.5,119812,271153,161869,0.9235894457864076
175,Denmark,fish_oil,2014,144781,268801.75,140650,285935,161869,0.8944331527346188
175,Denmark,fish_oil,2015,132291.5,269766.75,118416,247641,161869,0.817275080466303
175,Denmark,fish_oil,2016,130495.25,271165,143103,279931,161869,0.8061781440547603
175,Denmark,fish_oil,2017,137386.25,264367.5,147376,243963,161869,0.8487496061630083
175,Denmark,fish_oil,2018,137927.75,254248.25,142816,245458,161869,0.8520949039037741
175,Denmark,fish_oil,2019,144914.3,254511.6825,146362.2,248694.73,161869,0.8952566581618469
175,Denmark,fish_oil,2020,147031.64250000002,260691.615,151572.37,304650.73,161869,0.9083372511104659
175,Denmark,fish_oil,2021,142175.14500000002,265081.22,127950.01000000001,261521.41999999998,161869,0.8783346100859338
175,Denmark,fish_oil,2022,134886.795,279728.385,113662.6,304046.66000000003,161869,0.8333083851756669
175,Denmark,ornamentals,1988,19,66,19,66,44.25,0.4293785310734463
175,Denmark,ornamentals,1989,9.5,33,0,0,44.25,0.21468926553672316
175,Denmark,ornamentals,1990,9,31,8,27,44.25,0.2033898305084746
175,Denmark,ornamentals,1991,17,68.75,41,182,44.25,0.384180790960452
175,Denmark,ornamentals,1992,15.5,74,13,87,44.25,0.3502824858757062
175,Denmark,ornamentals,1993,16.5,77.25,4,13,44.25,0.3728813559322034
175,Denmark,ornamentals,1994,15.5,70.75,4,1,44.25,0.3502824858757062
175,Denmark,ornamentals,1995,44.25,37,156,47,44.25,1
175,Denmark,ornamentals,1996,41,17.75,0,10,44.25,0.9265536723163842
175,Denmark,ornamentals,1997,40,16,0,6,44.25,0.903954802259887
175,Denmark,ornamentals,1998,41.5,47.5,10,127,44.25,0.9378531073446328
175,Denmark,ornamentals,1999,3.25,50,3,57,44.25,0.07344632768361582
175,Denmark,ornamentals,2000,3.5,57,1,38,44.25,0.07909604519774012
175,Denmark,ornamentals,2001,4.5,64.75,4,37,44.25,0.1016949152542373
175,Denmark,ornamentals,2002,2.25,44,1,44,44.25,0.05084745762711865
175,Denmark,ornamentals,2003,1.75,34.5,1,19,44.25,0.03954802259887006
175,Denmark,ornamentals,2004,1.5,25,0,0,44.25,0.03389830508474576
175,Denmark,ornamentals,2005,0.5,15.75,0,0,44.25,0.011299435028248588
175,Denmark,ornamentals,2006,0.5,14.75,1,40,44.25,0.011299435028248588
175,Denmark,ornamentals,2007,0.25,11.25,0,5,44.25,0.005649717514124294
175,Denmark,ornamentals,2008,0.25,11.5,0,1,44.25,0.005649717514124294
175,Denmark,ornamentals,2009,0.25,11.5,0,0,44.25,0.005649717514124294
175,Denmark,ornamentals,2010,0,1.5,0,0,44.25,0
175,Denmark,ornamentals,2011,0,0.25,0,0,44.25,0
175,Denmark,ornamentals,2012,0,0.75,0,3,44.25,0
175,Denmark,ornamentals,2013,0,0.75,0,0,44.25,0
175,Denmark,ornamentals,2014,0.25,8.5,1,31,44.25,0.005649717514124294
175,Denmark,ornamentals,2015,1.75,29.75,6,85,44.25,0.03954802259887006
175,Denmark,ornamentals,2016,6.5,114.75,19,343,44.25,0.14689265536723164
175,Denmark,ornamentals,2017,7.75,136.25,5,86,44.25,0.1751412429378531
175,Denmark,ornamentals,2018,8.5,144.25,4,63,44.25,0.192090395480226
175,Denmark,ornamentals,2019,7,123,0,0,44.25,0.15819209039548024
175,Denmark,ornamentals,2020,2.2575,37.915,0.03,2.66,44.25,0.05101694915254237
175,Denmark,ornamentals,2021,1.0175,16.5725,0.04,0.63,44.25,0.02299435028248588
175,Denmark,ornamentals,2022,0.0475,1.8625,0.12,4.16,44.25,0.0010734463276836157
175,Denmark,seaweeds,1983,12,594,12,594,1205.805,0.009951857887469367
175,Denmark,seaweeds,1984,9.5,599.5,7,605,1205.805,0.00787855416091325
175,Denmark,seaweeds,1985,8.666666666666666,637.6666666666666,7,714,1205.805,0.0071874529187278755
175,Denmark,seaweeds,1986,8.5,781,8,1211,1205.805,0.007049232670290801
175,Denmark,seaweeds,1987,11.75,4208.25,25,14303,1205.805,0.009744527514813755
175,Denmark,seaweeds,1988,16.25,4296,25,956,1205.805,0.013476474222614767
175,Denmark,seaweeds,1989,19.5,4489.75,20,1489,1205.805,0.01617176906713772
175,Denmark,seaweeds,1990,20.25,4334,11,588,1205.805,0.016793760185104555
175,Denmark,seaweeds,1991,18.5,832.25,18,296,1205.805,0.015342447576515273
175,Denmark,seaweeds,1992,13.25,614.75,4,86,1205.805,0.010988509750747425
175,Denmark,seaweeds,1993,21.75,411.75,54,677,1205.805,0.018037742421038228
175,Denmark,seaweeds,1994,26.25,335.5,29,283,1205.805,0.02176968912883924
175,Denmark,seaweeds,1995,37.5,453.75,63,769,1205.805,0.03109955589834177
175,Denmark,seaweeds,1996,66.75,970.25,121,2152,1205.805,0.05535720949904835
175,Denmark,seaweeds,1997,98.5,1515.75,181,2859,1205.805,0.08168816682631105
175,Denmark,seaweeds,1998,117,1771.75,103,1307,1205.805,0.09703061440282633
175,Denmark,seaweeds,1999,132,1871,123,1166,1205.805,0.10947043676216303
175,Denmark,seaweeds,2000,138.5,1577.5,147,978,1205.805,0.11486102645120894
175,Denmark,seaweeds,2001,175.5,991.25,329,514,1205.805,0.1455459216042395
175,Denmark,seaweeds,2002,163,804,53,558,1205.805,0.1351794029714589
175,Denmark,seaweeds,2003,161,846.75,115,1337,1205.805,0.133520759990214
175,Denmark,seaweeds,2004,187.5,1084.75,253,1930,1205.805,0.15549777949170884
175,Denmark,seaweeds,2005,262.25,1808.5,628,3409,1205.805,0.2174895609157368
175,Denmark,seaweeds,2006,304.25,2215.5,221,2186,1205.805,0.25232106352187955
175,Denmark,seaweeds,2007,327,2608,206,2907,1205.805,0.27118812743354026
175,Denmark,seaweeds,2008,315.75,2699,208,2294,1205.805,0.2618582606640377
175,Denmark,seaweeds,2009,226.5,2388.5,271,2167,1205.805,0.1878413176259843
175,Denmark,seaweeds,2010,266,2540,379,2792,1205.805,0.22059951650557094
175,Denmark,seaweeds,2011,335.5,2734.75,484,3686,1205.805,0.27823736010383104
175,Denmark,seaweeds,2012,458,3437.25,698,5104,1205.805,0.37982924270508084
175,Denmark,seaweeds,2013,550.5,4194.75,641,5197,1205.805,0.4565414805876572
175,Denmark,seaweeds,2014,592.75,4530.25,548,4134,1205.805,0.4915803135664556
175,Denmark,seaweeds,2015,621,4452,597,3373,1205.805,0.5150086456765397
175,Denmark,seaweeds,2016,560,4041.25,454,3461,1205.805,0.4644200347485704
175,Denmark,seaweeds,2017,647.25,4001.25,990,5037,1205.805,0.536778334805379
175,Denmark,seaweeds,2018,829.25,4640,1276,6689,1205.805,0.6877148460986643
175,Denmark,seaweeds,2019,940.52,5575.3525,1042.08,7114.41,1205.805,0.779993448360224
175,Denmark,seaweeds,2020,1114.84,6642.7325,1151.28,7730.5199999999995,1205.805,0.924560770605529
175,Denmark,seaweeds,2021,1205.805,8282.8325,1353.8600000000001,11597.4,1205.805,1
175,Denmark,seaweeds,2022,1199.8025,8823.485,1251.99,8851.61,1205.805,0.9950219977525387
176,Germany,fish_oil,1976,6828,2752,6828,2752,16669.35,0.4096140521376059
176,Germany,fish_oil,1977,5844,2635,4860,2518,16669.35,0.3505835560474764
176,Germany,fish_oil,1978,6034.666666666667,2837,6416,3241,16669.35,0.3620217145039649
176,Germany,fish_oil,1979,5431.5,2683.75,3622,2224,16669.35,0.3258375401560349
176,Germany,fish_oil,1980,4692.5,2609.5,3872,2455,16669.35,0.28150467774688276
176,Germany,fish_oil,1981,4631.25,2571,4615,2364,16669.35,0.27783026932663846
176,Germany,fish_oil,1982,4291.25,2324.75,5056,2256,16669.35,0.25743355319793515
176,Germany,fish_oil,1983,6337.25,3013.25,11806,4978,16669.35,0.38017379201948487
176,Germany,fish_oil,1984,8256.75,3677.75,11550,5113,16669.35,0.4953252526343259
176,Germany,fish_oil,1985,11921.5,5200.5,19274,8455,16669.35,0.7151748568480475
176,Germany,fish_oil,1986,14043.25,5869.75,13543,4933,16669.35,0.8424593640423893
176,Germany,fish_oil,1987,13341.25,5522.75,8998,3590,16669.35,0.8003461442707724
176,Germany,fish_oil,1988,13969.75,6154.5,14064,7640,16669.35,0.838050073938096
176,Germany,fish_oil,1989,14731.25,6086.5,22320,8183,16669.35,0.8837327190322359
176,Germany,fish_oil,1990,15536.25,6865.75,16763,8050,16669.35,0.9320249439840187
176,Germany,fish_oil,1991,16306.5,7511.5,12079,6173,16669.35,0.9782325045667648
176,Germany,fish_oil,1992,14966,6635,8702,4134,16669.35,0.8978154517122744
176,Germany,fish_oil,1993,10273.5,5176,3550,2347,16669.35,0.6163107739653916
176,Germany,fish_oil,1994,7062.5,3826,3919,2650,16669.35,0.42368178723225564
176,Germany,fish_oil,1995,8150,4253,16429,7881,16669.35,0.48892128367332865
176,Germany,fish_oil,1996,7103.5,4110,4516,3562,16669.35,0.426141391236011
176,Germany,fish_oil,1997,7025,4444.25,3236,3684,16669.35,0.4214321494239428
176,Germany,fish_oil,1998,7550.5,5665,6021,7533,16669.35,0.45295707391110035
176,Germany,fish_oil,1999,4207.75,4821.5,3058,4507,16669.35,0.25242435967809185
176,Germany,fish_oil,2000,3516.25,4866,1750,3740,16669.35,0.21094103849280268
176,Germany,fish_oil,2001,4245.25,5277.75,6152,5331,16669.35,0.25467399748640474
176,Germany,fish_oil,2002,4445,5172.5,6820,7112,16669.35,0.2666570682120179
176,Germany,fish_oil,2003,5546.75,6272.25,7465,8906,16669.35,0.3327514270202498
176,Germany,fish_oil,2004,7434,8100.5,9299,11053,16669.35,0.44596819911994173
176,Germany,fish_oil,2005,7084,9746.5,4752,11915,16669.35,0.4249715795756884
176,Germany,fish_oil,2006,7318,12931,7756,19850,16669.35,0.4390093194995606
176,Germany,fish_oil,2007,7641.25,17616,8758,27646,16669.35,0.45840119740721746
176,Germany,fish_oil,2008,7734.75,22380.25,9673,30110,16669.35,0.4640102943426109
176,Germany,fish_oil,2009,8824.75,24928,9112,22106,16669.35,0.5293997666375714
176,Germany,fish_oil,2010,9838.25,26305.25,11810,25359,16669.35,0.5901999778035737
176,Germany,fish_oil,2011,10352.25,27873.5,10814,33919,16669.35,0.6210350133628486
176,Germany,fish_oil,2012,10695.5,28285,11046,31756,16669.35,0.6416266981016057
176,Germany,fish_oil,2013,11235.75,31462.25,11273,34815,16669.35,0.6740364801266997
176,Germany,fish_oil,2014,11165.25,33071.75,11528,31797,16669.35,0.6698071610470715
176,Germany,fish_oil,2015,11489.75,32322.75,12112,30923,16669.35,0.6892740268816722
176,Germany,fish_oil,2016,12575.75,33600.5,15390,36867,16669.35,0.7544235378104126
176,Germany,fish_oil,2017,13318.5,33391.75,14244,33980,16669.35,0.798981364000396
176,Germany,fish_oil,2018,13691.75,37734.75,13021,49169,16669.35,0.8213727589858033
176,Germany,fish_oil,2019,14250.465,39105.94,14346.86,36407.76,16669.35,0.8548902626677106
176,Germany,fish_oil,2020,14380.7575,39606.265,15911.17,38868.299999999996,16669.35,0.8627065542447666
176,Germany,fish_oil,2021,16063.2725,45290.2,20974.059999999998,56715.740000000005,16669.35,0.9636412037661937
176,Germany,fish_oil,2022,16669.35,47492.15,15445.310000000001,57976.8,16669.35,1
176,Germany,ornamentals,1988,2,70,2,70,23.75,0.08421052631578947
176,Germany,ornamentals,1989,2.5,50.5,3,31,23.75,0.10526315789473684
176,Germany,ornamentals,1990,3,42.666666666666664,4,27,23.75,0.12631578947368421
176,Germany,ornamentals,1991,10.5,80.75,33,195,23.75,0.4421052631578947
176,Germany,ornamentals,1992,11.5,80.5,6,69,23.75,0.4842105263157895
176,Germany,ornamentals,1993,21,95.75,41,92,23.75,0.8842105263157894
176,Germany,ornamentals,1994,23.5,98,14,36,23.75,0.9894736842105263
176,Germany,ornamentals,1995,23.75,121,34,287,23.75,1
176,Germany,ornamentals,1996,22.75,109.25,2,22,23.75,0.9578947368421052
176,Germany,ornamentals,1997,14,92.75,6,26,23.75,0.5894736842105263
176,Germany,ornamentals,1998,11.5,95.5,4,47,23.75,0.4842105263157895
176,Germany,ornamentals,1999,9.25,90,25,265,23.75,0.3894736842105263
176,Germany,ornamentals,2000,14,283,21,794,23.75,0.5894736842105263
176,Germany,ornamentals,2001,14.75,418,9,566,23.75,0.6210526315789474
176,Germany,ornamentals,2002,14,467.75,1,246,23.75,0.5894736842105263
176,Germany,ornamentals,2003,8.25,507.75,2,425,23.75,0.3473684210526316
176,Germany,ornamentals,2004,3.75,487.75,3,714,23.75,0.15789473684210525
176,Germany,ornamentals,2005,2.25,503.75,3,630,23.75,0.09473684210526316
176,Germany,ornamentals,2006,2.75,563,3,483,23.75,0.11578947368421053
176,Germany,ornamentals,2007,3.5,614,5,629,23.75,0.14736842105263157
176,Germany,ornamentals,2008,4,612,5,706,23.75,0.16842105263157894
176,Germany,ornamentals,2009,3.75,616,2,646,23.75,0.15789473684210525
176,Germany,ornamentals,2010,3.75,631,3,543,23.75,0.15789473684210525
176,Germany,ornamentals,2011,3.25,598.25,3,498,23.75,0.1368421052631579
176,Germany,ornamentals,2012,2.5,498,2,305,23.75,0.10526315789473684
176,Germany,ornamentals,2013,2.5,447,2,442,23.75,0.10526315789473684
176,Germany,ornamentals,2014,2.5,457.5,3,585,23.75,0.10526315789473684
176,Germany,ornamentals,2015,2.75,493.5,4,642,23.75,0.11578947368421053
176,Germany,ornamentals,2016,2.75,542.75,2,502,23.75,0.11578947368421053
176,Germany,ornamentals,2017,2.75,563.25,2,524,23.75,0.11578947368421053
176,Germany,ornamentals,2018,2.5,570,2,612,23.75,0.10526315789473684
176,Germany,ornamentals,2019,1.8,508.0925,1.2,394.37,23.75,0.07578947368421053
176,Germany,ornamentals,2020,1.4125,426.5225,0.45,175.72,23.75,0.05947368421052632
176,Germany,ornamentals,2021,1.01,334.6575,0.39,156.54,23.75,0.04252631578947368
176,Germany,ornamentals,2022,0.56,213.3375,0.2,126.72,23.75,0.023578947368421053
176,Germany,seaweeds,1976,45,496,45,496,1827.9850000000001,0.024617269835365167
176,Germany,seaweeds,1977,40,482,35,468,1827.9850000000001,0.021882017631435706
176,Germany,seaweeds,1978,46,546.3333333333334,58,675,1827.9850000000001,0.02516432027615106
176,Germany,seaweeds,1979,52.5,643,72,933,1827.9850000000001,0.028720148141259363
176,Germany,seaweeds,1980,57,772.75,63,1015,1827.9850000000001,0.03118187512479588
176,Germany,seaweeds,1981,60.75,813.75,50,632,1827.9850000000001,0.033233314277742974
176,Germany,seaweeds,1982,59.25,796.25,52,605,1827.9850000000001,0.032412738616564137
176,Germany,seaweeds,1983,61.75,830.5,82,1070,1827.9850000000001,0.03378036471852887
176,Germany,seaweeds,1984,75,1013.25,116,1746,1827.9850000000001,0.04102878305894195
176,Germany,seaweeds,1985,80.75,1140.5,73,1141,1827.9850000000001,0.04417432309346083
176,Germany,seaweeds,1986,84,1340.75,65,1406,1827.9850000000001,0.04595223702601498
176,Germany,seaweeds,1987,91.5,1673,112,2399,1827.9850000000001,0.05005511533190918
176,Germany,seaweeds,1988,106.25,1853.5,175,2468,1827.9850000000001,0.05812410933350109
176,Germany,seaweeds,1989,160.75,2374.75,291,3226,1827.9850000000001,0.08793835835633224
176,Germany,seaweeds,1990,155,2066,42,171,1827.9850000000001,0.08479281832181336
176,Germany,seaweeds,1991,137,1511.5,40,181,1827.9850000000001,0.07494591038766729
176,Germany,seaweeds,1992,105,929.5,47,140,1827.9850000000001,0.057440296282518725
176,Germany,seaweeds,1993,49.5,185.75,69,251,1827.9850000000001,0.027078996818901684
176,Germany,seaweeds,1994,136.75,1282.5,391,4558,1827.9850000000001,0.07480914777747082
176,Germany,seaweeds,1995,193.5,2360.5,267,4493,1827.9850000000001,0.10585426029207022
176,Germany,seaweeds,1996,283.75,3892.75,408,6269,1827.9850000000001,0.15522556257299702
176,Germany,seaweeds,1997,380,5420.75,454,6363,1827.9850000000001,0.2078791674986392
176,Germany,seaweeds,1998,389.25,5771.5,428,5961,1827.9850000000001,0.2129393840759087
176,Germany,seaweeds,1999,443.5,6134.25,484,5944,1827.9850000000001,0.24261687048854338
176,Germany,seaweeds,2000,476.5,6111.75,540,6179,1827.9850000000001,0.2606695350344778
176,Germany,seaweeds,2001,491.5,6110,514,6356,1827.9850000000001,0.2688752916462662
176,Germany,seaweeds,2002,568.75,6929.5,737,9239,1827.9850000000001,0.3111349381969764
176,Germany,seaweeds,2003,598,7808.75,601,9461,1827.9850000000001,0.3271361635899638
176,Germany,seaweeds,2004,631.25,8883.75,673,10479,1827.9850000000001,0.3453255907460947
176,Germany,seaweeds,2005,693.75,10203.75,764,11636,1827.9850000000001,0.379516243295213
176,Germany,seaweeds,2006,705.5,11486.5,784,14370,1827.9850000000001,0.38594408597444724
176,Germany,seaweeds,2007,694,11911.75,555,11162,1827.9850000000001,0.37965300590540946
176,Germany,seaweeds,2008,754.25,13360.5,914,16274,1827.9850000000001,0.4126127949627595
176,Germany,seaweeds,2009,747.5,13212.25,737,11043,1827.9850000000001,0.40892020448745475
176,Germany,seaweeds,2010,822.25,13773.5,1083,16615,1827.9850000000001,0.4498122249362002
176,Germany,seaweeds,2011,909.25,15594.75,903,18447,1827.9850000000001,0.4974056132845729
176,Germany,seaweeds,2012,894.75,14793.5,856,13069,1827.9850000000001,0.4894733818931774
176,Germany,seaweeds,2013,1072.5,17028.75,1448,19984,1827.9850000000001,0.5867115977428699
176,Germany,seaweeds,2014,1140.75,18152.5,1356,21110,1827.9850000000001,0.624047790326507
176,Germany,seaweeds,2015,1305,18578.5,1560,20151,1827.9850000000001,0.7139008252255898
176,Germany,seaweeds,2016,1613,20007.25,2088,18784,1827.9850000000001,0.8823923609876448
176,Germany,seaweeds,2017,1737.5,19482,1946,17883,1827.9850000000001,0.9505001408654884
176,Germany,seaweeds,2018,1801.5,18627.25,1612,17691,1827.9850000000001,0.9855113690757855
176,Germany,seaweeds,2019,1827.9850000000001,17701.68,1665.94,16448.72,1827.9850000000001,1
176,Germany,seaweeds,2020,1653.4475,16724.8475,1389.85,14876.67,1827.9850000000001,0.9045191836913322
176,Germany,seaweeds,2021,1558.24,16472.7825,1565.17,16874.739999999998,1827.9850000000001,0.8524358788502093
176,Germany,seaweeds,2022,1530.5900000000001,16151.7375,1501.4,16406.82,1827.9850000000001,0.8373099341624795
177,Netherlands,fish_oil,1976,11776,5552,11776,5552,25979.75,0.453276109277418
177,Netherlands,fish_oil,1977,10790.5,5215.5,9805,4879,25979.75,0.4153427188483338
177,Netherlands,fish_oil,1978,10016,5179,8467,5106,25979.75,0.3855310385973691
177,Netherlands,fish_oil,1979,9509.5,4959.75,7990,4302,25979.75,0.36603508501813914
177,Netherlands,fish_oil,1980,9509,5425.75,11774,7416,25979.75,0.3660158392594232
177,Netherlands,fish_oil,1981,9928.75,5695.25,11484,5957,25979.75,0.38217265370144055
177,Netherlands,fish_oil,1982,11173.25,6156,13445,6949,25979.75,0.4300753471453728
177,Netherlands,fish_oil,1983,12484,6598.5,13233,6072,25979.75,0.4805281036191649
177,Netherlands,fish_oil,1984,14483,7062,19770,9270,25979.75,0.557472646965425
177,Netherlands,fish_oil,1985,15562.75,7339.75,15803,7068,25979.75,0.5990338629124606
177,Netherlands,fish_oil,1986,16702.25,7786,18003,8734,25979.75,0.6428949470260491
177,Netherlands,fish_oil,1987,18867.75,9016.25,21895,10993,25979.75,0.7262483280247115
177,Netherlands,fish_oil,1988,18890.5,9775,19861,12305,25979.75,0.727124010046286
177,Netherlands,fish_oil,1989,19757,10824.5,19269,11266,25979.75,0.7604769099009806
177,Netherlands,fish_oil,1990,19392.5,11263.5,16545,10490,25979.75,0.7464467517970728
177,Netherlands,fish_oil,1991,17362.5,10689.5,13775,8697,25979.75,0.6683089714104254
177,Netherlands,fish_oil,1992,15664.25,9679.5,13068,8265,25979.75,0.6029407519317931
177,Netherlands,fish_oil,1993,16940.75,9913.5,24375,12202,25979.75,0.6520751739335444
177,Netherlands,fish_oil,1994,20127.25,11536.25,29291,16981,25979.75,0.7747283942301215
177,Netherlands,fish_oil,1995,23388.25,14408.5,26819,20186,25979.75,0.90024923257537115
177,Netherlands,fish_oil,1996,25979.75,16569.25,23434,16908,25979.75,1
177,Netherlands,fish_oil,1997,25390.5,18357.25,22018,19354,25979.75,0.9773188733532848
177,Netherlands,fish_oil,1998,21706.25,18481.25,14554,17477,25979.75,0.8355065002550063
177,Netherlands,fish_oil,1999,18267.75,16601.5,13065,12667,25979.75,0.703153417565604
177,Netherlands,fish_oil,2000,15878.5,14959.5,13877,10340,25979.75,0.611187559541566
177,Netherlands,fish_oil,2001,13911.75,13078,14151,11828,25979.75,0.535484367632483
177,Netherlands,fish_oil,2002,15074.5,14396.5,19205,22751,25979.75,0.5802403795263619
177,Netherlands,fish_oil,2003,15907.5,17749.75,16397,26080,25979.75,0.6123038135470895
177,Netherlands,fish_oil,2004,18941.75,23536.5,26014,33487,25979.75,0.7290967003146681
177,Netherlands,fish_oil,2005,19729.25,27847.75,17301,29073,25979.75,0.7594087702922468
177,Netherlands,fish_oil,2006,19921.5,31993,19974,39332,25979.75,0.7668087645185192
177,Netherlands,fish_oil,2007,20393.5,35526,18285,40212,25979.75,0.7849767607463505
177,Netherlands,fish_oil,2008,18155,46524.5,17060,77481,25979.75,0.6988134989751633
177,Netherlands,fish_oil,2009,17322.75,57902.25,13972,74584,25979.75,0.6667789335925095
177,Netherlands,fish_oil,2010,16031.5,66953.75,14809,75538,25979.75,0.6170767617086385
177,Netherlands,fish_oil,2011,14948.5,76105,13953,76817,25979.75,0.5753904483299492
177,Netherlands,fish_oil,2012,14777.5,75468.5,16376,74935,25979.75,0.5688083988491036
177,Netherlands,fish_oil,2013,14374.75,70690.25,12361,55471,25979.75,0.5533059402034277
177,Netherlands,fish_oil,2014,14107.75,66249.25,13741,57774,25979.75,0.5430287050491248
177,Netherlands,fish_oil,2015,13358,57012,10954,39868,25979.75,0.5141696898545983
177,Netherlands,fish_oil,2016,11927.5,48167.25,10654,39556,25979.75,0.45910757416834264
177,Netherlands,fish_oil,2017,12402.75,47105.75,14262,51225,25979.75,0.4774006678278274
177,Netherlands,fish_oil,2018,12880.5,46930.75,15652,57074,25979.75,0.4957899902808918
177,Netherlands,fish_oil,2019,14167.2175,51130.6,16100.87,56667.4,25979.75,0.5453176993620031
177,Netherlands,fish_oil,2020,16955.2325,60859.375,21806.059999999998,78471.1,25979.75,0.652632627334751
177,Netherlands,fish_oil,2021,21063.79,71636.245,30696.23,94332.48,25979.75,0.8107772399657426
177,Netherlands,fish_oil,2022,21451.665,72480.4675,17203.5,60450.89,25979.75,0.8257071372896199
177,Netherlands,ornamentals,1977,14,1180,14,1180,1506.48,0.009293186766502044
177,Netherlands,ornamentals,1978,13,1347.5,12,1515,1506.48,0.008629387711751898
177,Netherlands,ornamentals,1979,16.333333333333332,1542.3333333333333,23,1932,1506.48,0.010842051227585718
177,Netherlands,ornamentals,1980,19.25,1639.75,28,1932,1506.48,0.012778131803940312
177,Netherlands,ornamentals,1981,23.75,1775.5,32,1723,1506.48,0.01576522755031597
177,Netherlands,ornamentals,1982,33.25,1905.25,50,2034,1506.48,0.022071318570442356
177,Netherlands,ornamentals,1983,42.25,1925.25,59,2012,1506.48,0.028045510063193668
177,Netherlands,ornamentals,1984,52.25,1958.75,68,2066,1506.48,0.03468350061069513
177,Netherlands,ornamentals,1985,59.75,2136.75,62,2435,1506.48,0.03966199352132122
177,Netherlands,ornamentals,1986,60.25,2597.25,52,3876,1506.48,0.0399938930486963
177,Netherlands,ornamentals,1987,59.25,3333.75,55,4958,1506.48,0.03933009399394615
177,Netherlands,ornamentals,1988,52.75,2951.75,42,538,1506.48,0.0350154001380702
177,Netherlands,ornamentals,1989,45,2589.75,31,987,1506.48,0.02987095746375657
177,Netherlands,ornamentals,1990,45.25,2067,53,1785,1506.48,0.030036907227444107
177,Netherlands,ornamentals,1991,49,1358.25,70,2123,1506.48,0.03252615368275716
177,Netherlands,ornamentals,1992,65.25,1757,107,2133,1506.48,0.04331288832244703
177,Netherlands,ornamentals,1993,63,1579.75,22,278,1506.48,0.0418193404492592
177,Netherlands,ornamentals,1994,51.75,1174.5,8,164,1506.48,0.034351601083320055
177,Netherlands,ornamentals,1995,34.25,664,0,81,1506.48,0.0227351176251925
177,Netherlands,ornamentals,1996,9.75,155.75,9,100,1506.48,0.006472040783813924
177,Netherlands,ornamentals,1997,11.25,106.75,28,82,1506.48,0.007467739365939143
177,Netherlands,ornamentals,1998,12.75,99,14,133,1506.48,0.008463437948064362
177,Netherlands,ornamentals,1999,14.75,109.5,8,123,1506.48,0.009791036057564654
177,Netherlands,ornamentals,2000,13.5,98.75,4,57,1506.48,0.008961287239126972
177,Netherlands,ornamentals,2001,8,94,6,63,1506.48,0.005310392438001168
177,Netherlands,ornamentals,2002,6,80.25,6,78,1506.48,0.003982794328500876
177,Netherlands,ornamentals,2003,15.5,225.75,46,705,1506.48,0.010288885348627264
177,Netherlands,ornamentals,2004,32.75,551,73,1358,1506.48,0.021739419043067282
177,Netherlands,ornamentals,2005,58,1169.75,107,2538,1506.48,0.03850034517550847
177,Netherlands,ornamentals,2006,93.5,2012.5,148,3449,1506.48,0.06206521161913865
177,Netherlands,ornamentals,2007,146.75,3059.5,259,4893,1506.48,0.09741251128458393
177,Netherlands,ornamentals,2008,210.25,4185.75,327,5863,1506.48,0.1395637512612182
177,Netherlands,ornamentals,2009,263.75,4874.75,321,5294,1506.48,0.175077000690351
177,Netherlands,ornamentals,2010,316,5212.75,357,4801,1506.48,0.20976050130104615
177,Netherlands,ornamentals,2011,341.75,5716.25,362,6907,1506.48,0.2268533269608624
177,Netherlands,ornamentals,2012,344,5975,336,6898,1506.48,0.22834687483405022
177,Netherlands,ornamentals,2013,363,6569.25,397,7671,1506.48,0.240959056874303
177,Netherlands,ornamentals,2014,341.25,6560.75,270,4767,1506.48,0.22652142743348733
177,Netherlands,ornamentals,2015,355.5,6684,419,7400,1506.48,0.23598056396367692
177,Netherlands,ornamentals,2016,327,5907.5,222,3792,1506.48,0.21706229090329776
177,Netherlands,ornamentals,2017,461.75,6601.5,936,10447,1506.48,0.30650921353087995
177,Netherlands,ornamentals,2018,502.75,8484.75,434,12300,1506.48,0.3337249747756359
177,Netherlands,ornamentals,2019,602.4275,9533.1475,817.71,11593.59,1506.48,0.3998908050554936
177,Netherlands,ornamentals,2020,866.235,11995.85,1277.23,13642.81,1506.48,0.5750059741914928
177,Netherlands,ornamentals,2021,1179.97,15339.2825,2190.94,23820.73,1506.48,0.7832629706335298
177,Netherlands,ornamentals,2022,1506.48,16665.579999999998,1740.04,17605.19,1506.48,1
177,Netherlands,seaweeds,1976,1,9,1,9,964,0.001037344398340249
177,Netherlands,seaweeds,1977,1,11,1,13,964,0.001037344398340249
177,Netherlands,seaweeds,1978,1,10.333333333333334,1,9,964,0.001037344398340249
177,Netherlands,seaweeds,1979,1,9.5,1,7,964,0.001037344398340249
177,Netherlands,seaweeds,1980,1.5,18.75,3,46,964,0.0015560165975103733
177,Netherlands,seaweeds,1981,1.75,22.75,2,29,964,0.0018153526970954357
177,Netherlands,seaweeds,1982,1.75,22.25,1,7,964,0.0018153526970954357
177,Netherlands,seaweeds,1983,2,28.5,2,32,964,0.002074688796680498
177,Netherlands,seaweeds,1984,2.5,32.25,5,61,964,0.0025933609958506223
177,Netherlands,seaweeds,1985,2,25.75,0,3,964,0.002074688796680498
177,Netherlands,seaweeds,1986,3.25,44.5,6,82,964,0.0033713692946058093
177,Netherlands,seaweeds,1987,3,44,1,30,964,0.0031120331950207467
177,Netherlands,seaweeds,1988,83.75,103.25,328,298,964,0.08687759336099585
177,Netherlands,seaweeds,1989,95,141.25,45,155,964,0.09854771784232365
177,Netherlands,seaweeds,1990,95.5,130,8,37,964,0.09906639004149377
177,Netherlands,seaweeds,1991,101.25,139,24,66,964,0.10503112033195021
177,Netherlands,seaweeds,1992,26.5,86.75,29,89,964,0.027489626556016597
177,Netherlands,seaweeds,1993,54.75,140,158,368,964,0.05679460580912863
177,Netherlands,seaweeds,1994,67.75,217.75,60,348,964,0.07028008298755187
177,Netherlands,seaweeds,1995,91.75,556,120,1419,964,0.09517634854771784
177,Netherlands,seaweeds,1996,115.5,898.75,124,1460,964,0.11981327800829876
177,Netherlands,seaweeds,1997,106,1210.25,120,1614,964,0.10995850622406639
177,Netherlands,seaweeds,1998,209.75,1749.5,475,2505,964,0.21758298755186722
177,Netherlands,seaweeds,1999,250,2134.5,281,2959,964,0.25933609958506226
177,Netherlands,seaweeds,2000,322.25,2735,413,3862,964,0.3342842323651452
177,Netherlands,seaweeds,2001,366.5,3259,297,3710,964,0.3801867219917012
177,Netherlands,seaweeds,2002,350.5,4240,411,6429,964,0.36358921161825725
177,Netherlands,seaweeds,2003,460,5312.5,719,7249,964,0.47717842323651455
177,Netherlands,seaweeds,2004,546.75,6967.25,760,10481,964,0.5671680497925311
177,Netherlands,seaweeds,2005,697,8903,898,11453,964,0.7230290456431535
177,Netherlands,seaweeds,2006,811.25,9402.75,868,8428,964,0.841545643153527
177,Netherlands,seaweeds,2007,899.25,10267,1071,10706,964,0.9328319502074689
177,Netherlands,seaweeds,2008,964,10153.75,1019,10028,964,1
177,Netherlands,seaweeds,2009,901,9383.75,646,8373,964,0.9346473029045643
177,Netherlands,seaweeds,2010,881,9793.25,788,10066,964,0.9139004149377593
177,Netherlands,seaweeds,2011,868.25,9997,1020,11521,964,0.9006742738589212
177,Netherlands,seaweeds,2012,781.25,9937.5,671,9790,964,0.8104253112033195
177,Netherlands,seaweeds,2013,856,11126.5,945,13129,964,0.8879668049792531
177,Netherlands,seaweeds,2014,847.75,11761.5,755,12606,964,0.879408713692946
177,Netherlands,seaweeds,2015,822.5,10708.75,919,7310,964,0.8532157676348547
177,Netherlands,seaweeds,2016,816,10405,645,8575,964,0.8464730290456431
177,Netherlands,seaweeds,2017,753,9499.5,693,9507,964,0.7811203319502075
177,Netherlands,seaweeds,2018,755,9653,763,13220,964,0.783195020746888
177,Netherlands,seaweeds,2019,696.7674999999999,10965.53,686.0699999999999,12560.12,964,0.7227878630705393
177,Netherlands,seaweeds,2020,677.0649999999999,11478.1775,566.1899999999999,10625.59,964,0.7023495850622407
177,Netherlands,seaweeds,2021,670.5024999999999,12339.8625,666.75,12953.74,964,0.6955420124481327
177,Netherlands,seaweeds,2022,802.9125,12745.8775,1292.64,14844.060000000001,964,0.8328967842323651
178,Poland,fish_oil,1987,107,18,107,18,6061.845,0.017651391614269252
178,Poland,fish_oil,1988,53.5,9,0,0,6061.845,0.008825695807134626
178,Poland,fish_oil,1989,35.666666666666664,6,0,0,6061.845,0.005883797204756417
178,Poland,fish_oil,1990,26.75,4.5,0,0,6061.845,0.004412847903567313
178,Poland,fish_oil,1991,0,0,0,0,6061.845,0
178,Poland,fish_oil,1992,0,0,0,0,6061.845,0
178,Poland,fish_oil,1993,1.5,14.75,6,59,6061.845,2.4744941515330725e-4
178,Poland,fish_oil,1994,1.5,14.75,0,0,6061.845,2.4744941515330725e-4
178,Poland,fish_oil,1995,4.5,18.75,12,16,6061.845,7.423482454599218e-4
178,Poland,fish_oil,1996,4.5,19,0,1,6061.845,7.423482454599218e-4
178,Poland,fish_oil,1997,3,4.25,0,0,6061.845,4.948988303066145e-4
178,Poland,fish_oil,1998,5.25,5.5,9,5,6061.845,8.660729530365755e-4
178,Poland,fish_oil,1999,2.25,1.5,0,0,6061.845,3.711741227299609e-4
178,Poland,fish_oil,2000,2.25,2.5,0,5,6061.845,3.711741227299609e-4
178,Poland,fish_oil,2001,2.75,4.5,2,8,6061.845,4.5365726111439665e-4
178,Poland,fish_oil,2002,0.5,4.25,0,4,6061.845,8.248313838443576e-5
178,Poland,fish_oil,2003,0.75,7.75,1,14,6061.845,1.2372470757665362e-4
178,Poland,fish_oil,2004,5,68.5,17,248,6061.845,8.248313838443576e-4
178,Poland,fish_oil,2005,9,156,18,358,6061.845,0.0014846964909198436
178,Poland,fish_oil,2006,65.25,223.25,225,273,6061.845,0.010764049559168867
178,Poland,fish_oil,2007,136.25,319.5,285,399,6061.845,0.022476655209758743
178,Poland,fish_oil,2008,183.5,364.75,206,429,6061.845,0.030271311787087925
178,Poland,fish_oil,2009,240.25,446.25,245,684,6061.845,0.039633147993721383
178,Poland,fish_oil,2010,268.25,598.5,337,882,6061.845,0.044252203743249785
178,Poland,fish_oil,2011,269.5,853.75,290,1420,6061.845,0.04445841158921087
178,Poland,fish_oil,2012,496,1604.5,1112,3432,6061.845,0.08182327327736028
178,Poland,fish_oil,2013,784.75,2600.5,1400,4668,6061.845,0.12945728569437193
178,Poland,fish_oil,2014,1292,3759.25,2366,5517,6061.845,0.213136429585382
178,Poland,fish_oil,2015,1864.75,5330.75,2581,7706,6061.845,0.3076208646047532
178,Poland,fish_oil,2016,2067.75,5968,1924,5981,6061.845,0.3411090187888341
178,Poland,fish_oil,2017,2320,6744,2409,7772,6061.845,0.3827217621037819
178,Poland,fish_oil,2018,2594.5,7974.5,3464,10439,6061.845,0.42800500507683714
178,Poland,fish_oil,2019,2672.0325000000003,8122.395,2891.13,8297.58,6061.845,0.4407952529304197
178,Poland,fish_oil,2020,3801.25,9735.8725,6440.870000000001,12434.91,6061.845,0.6270780595676728
178,Poland,fish_oil,2021,4814.0625,10568.9625,6460.25,11104.36,6061.845,0.7941579667576455
178,Poland,fish_oil,2022,6061.845,12817.1875,8455.13,19431.9,6061.845,1
178,Poland,ornamentals,2002,0,1,0,1,5.5,0
178,Poland,ornamentals,2003,0,0.5,0,0,5.5,0
178,Poland,ornamentals,2004,0,0.3333333333333333,0,0,5.5,0
178,Poland,ornamentals,2005,0,0.25,0,0,5.5,0
178,Poland,ornamentals,2006,0,0.25,0,1,5.5,0
178,Poland,ornamentals,2007,0,0.25,0,0,5.5,0
178,Poland,ornamentals,2008,0,0.25,0,0,5.5,0
178,Poland,ornamentals,2009,0,0.25,0,0,5.5,0
178,Poland,ornamentals,2010,0,0,0,0,5.5,0
178,Poland,ornamentals,2011,0,0,0,0,5.5,0
178,Poland,ornamentals,2012,1.25,12.25,5,49,5.5,0.22727272727272727
178,Poland,ornamentals,2013,5.5,43.75,17,126,5.5,1
178,Poland,ornamentals,2014,5.5,43.75,0,0,5.5,1
178,Poland,ornamentals,2015,5.5,43.75,0,0,5.5,1
178,Poland,ornamentals,2016,4.25,31.5,0,0,5.5,0.7727272727272727
178,Poland,ornamentals,2017,0,0,0,0,5.5,0
178,Poland,ornamentals,2018,0,0,0,0,5.5,0
178,Poland,ornamentals,2019,0.095,0.6275,0.38,2.51,5.5,0.017272727272727273
178,Poland,ornamentals,2020,0.3125,1.3525,0.87,2.9,5.5,0.056818181818181816
178,Poland,ornamentals,2021,0.4125,1.6349999999999998,0.4,1.13,5.5,0.075
178,Poland,ornamentals,2022,0.4225,1.7799999999999998,0.04,0.58,5.5,0.07681818181818181
178,Poland,seaweeds,1995,1,36,1,36,216.15,0.004626416840157298
178,Poland,seaweeds,1996,0.5,18,0,0,216.15,0.002313208420078649
178,Poland,seaweeds,1997,0.3333333333333333,12,0,0,216.15,0.0015421389467190994
178,Poland,seaweeds,1998,0.25,9,0,0,216.15,0.0011566042100393246
178,Poland,seaweeds,1999,0,0,0,0,216.15,0
178,Poland,seaweeds,2000,0,0,0,0,216.15,0
178,Poland,seaweeds,2001,0,0,0,0,216.15,0
178,Poland,seaweeds,2002,0,0,0,0,216.15,0
178,Poland,seaweeds,2003,0,0,0,0,216.15,0
178,Poland,seaweeds,2004,0,0,0,0,216.15,0
178,Poland,seaweeds,2005,0,0,0,0,216.15,0
178,Poland,seaweeds,2006,0,0,0,0,216.15,0
178,Poland,seaweeds,2007,0,0,0,0,216.15,0
178,Poland,seaweeds,2008,0,0,0,0,216.15,0
178,Poland,seaweeds,2009,1.25,20.5,5,82,216.15,0.005783021050196622
178,Poland,seaweeds,2010,3.25,54.25,8,135,216.15,0.015035854730511219
178,Poland,seaweeds,2011,4,72.25,3,72,216.15,0.018505667360629193
178,Poland,seaweeds,2012,6.25,119.75,9,190,216.15,0.028915105250983113
178,Poland,seaweeds,2013,6.25,121,5,87,216.15,0.028915105250983113
178,Poland,seaweeds,2014,8.25,173,16,343,216.15,0.03816793893129771
178,Poland,seaweeds,2015,9,175.75,6,83,216.15,0.041637751561415685
178,Poland,seaweeds,2016,51.75,315.5,180,749,216.15,0.23941707147814018
178,Poland,seaweeds,2017,106.75,532.5,225,955,216.15,0.4938699976867916
178,Poland,seaweeds,2018,165.25,693.5,250,987,216.15,0.7645153828359935
178,Poland,seaweeds,2019,210.2475,879,185.99,825,216.15,0.9726925746009716
178,Poland,seaweeds,2020,202.93,907.19,150.73000000000002,861.76,216.15,0.9388387693731205
178,Poland,seaweeds,2021,216.15,1018.5375,277.88,1400.39,216.15,1
178,Poland,seaweeds,2022,176.75,1049.6375,92.4,1111.4,216.15,0.8177191764978025
179,France,fish_oil,1976,5345,1911,5345,1911,25216.055,0.21196812903525156
179,France,fish_oil,1977,5360,2228.5,5375,2546,25216.055,0.2125629881438631
179,France,fish_oil,1978,5231,2327.6666666666665,4973,2526,25216.055,0.20744719980980372
179,France,fish_oil,1979,5562.75,2606,6558,3441,25216.055,0.22060350042859597
179,France,fish_oil,1980,5222,2717,3982,2355,25216.055,0.20709028434463678
179,France,fish_oil,1981,5062.5,2601.5,4737,2084,25216.055,0.20076494915640056
179,France,fish_oil,1982,5490.25,2635.75,6684,2663,25216.055,0.2177283480703068
179,France,fish_oil,1983,5428,2415.5,6309,2560,25216.055,0.21525968276956883
179,France,fish_oil,1984,6005,2539.25,6290,2850,25216.055,0.23814192981416007
179,France,fish_oil,1985,7023.5,2895.5,8811,3509,25216.055,0.27853286328888477
179,France,fish_oil,1986,7468.75,3171.5,8465,3767,25216.055,0.2961902644961712
179,France,fish_oil,1987,8301.25,3544.75,9639,4053,25216.055,0.3292049450241126
179,France,fish_oil,1988,10322,4553,14373,6883,25216.055,0.4093423812725662
179,France,fish_oil,1989,11588.75,5051.25,13878,5502,25216.055,0.4595782329948122
179,France,fish_oil,1990,13007.5,5547.5,14140,5752,25216.055,0.5158419903509887
179,France,fish_oil,1991,13389.5,5759.25,11167,4900,25216.055,0.5309910689836297
179,France,fish_oil,1992,13653.75,5937,15430,7594,25216.055,0.5414705036136699
179,France,fish_oil,1993,15429.75,7097.25,20982,10143,25216.055,0.6119018220732783
179,France,fish_oil,1994,17278,8436.25,21533,11108,25216.055,0.685198378572699
179,France,fish_oil,1995,19786,10291.25,21199,12320,25216.055,0.7846588215325514
179,France,fish_oil,1996,19877.75,10781,15797,9553,25216.055,0.7882973764135587
179,France,fish_oil,1997,19015.5,10982,17533,10947,25216.055,0.7541028919868711
179,France,fish_oil,1998,16304.495910511323,10640.25,10688.983642045292,9741,25216.055,0.6465918602458364
179,France,fish_oil,1999,14499.498091099773,9515.75,13979.008722353798,7822,25216.055,0.5750105673191057
179,France,fish_oil,2000,15463.998091099773,9257,19655,8518,25216.055,0.6132600080028289
179,France,fish_oil,2001,16000.748091099773,8934.5,19680,9657,25216.055,0.6345460497726457
179,France,fish_oil,2002,17816.75218058845,9551.25,17953,12208,25216.055,0.7065638213665242
179,France,fish_oil,2003,19050,11514,18912,15673,25216.055,0.7554710679366776
179,France,fish_oil,2004,18473.25,13301.75,17348,15669,25216.055,0.7325987352105633
179,France,fish_oil,2005,17715.25,14677,16648,15158,25216.055,0.7025385215887259
179,France,fish_oil,2006,18221,16493,19976,19472,25216.055,0.7225951878674123
179,France,fish_oil,2007,18683,19121,20760,26185,25216.055,0.7409168484126482
179,France,fish_oil,2008,20923.75,25068,26311,39457,25216.055,0.829778884920738
179,France,fish_oil,2009,20561.5,26394.25,15199,20463,25216.055,0.8154130374477688
179,France,fish_oil,2010,20358.5,29635.5,19164,32437,25216.055,0.8073626108445592
179,France,fish_oil,2011,18509,32977.25,13362,39552,25216.055,0.7340164827527541
179,France,fish_oil,2012,16728,35615.25,19187,50009,25216.055,0.6633868779236086
179,France,fish_oil,2013,17265.25,42243.25,17348,46975,25216.055,0.6846927483303792
179,France,fish_oil,2014,17503.75,46936.5,20118,51210,25216.055,0.6941510081573029
179,France,fish_oil,2015,20342.75,50984.25,24718,55743,25216.055,0.806738008780517
179,France,fish_oil,2016,21154.25,51674.25,22433,52769,25216.055,0.8389198865564023
179,France,fish_oil,2017,22992,53758,24699,55310,25216.055,0.9118000416797949
179,France,fish_oil,2018,23894.75,55389,23729,57734,25216.055,0.9476006456997338
179,France,fish_oil,2019,23478.7175,53944.195,23053.870000000003,49963.78,25216.055,0.9311019308928379
179,France,fish_oil,2020,24470.725,54867.0675,26401.03,56460.49,25216.055,0.9704422440385698
179,France,fish_oil,2021,25216.055,57808.055,27680.32,67073.95,25216.055,1
179,France,fish_oil,2022,25188.6525,64468.2275,23619.39,84374.69,25216.055,0.9989132915517515
179,France,ornamentals,1988,27,14,27,14,329.5,0.0819423368740516
179,France,ornamentals,1989,14,13,1,12,329.5,0.042488619119878605
179,France,ornamentals,1990,9.666666666666666,15.666666666666666,1,21,329.5,0.029337379868487605
179,France,ornamentals,1991,7.25,14,0,9,329.5,0.022003034901365705
179,France,ornamentals,1992,2,26,6,62,329.5,0.006069802731411229
179,France,ornamentals,1993,137.5,417.25,543,1577,329.5,0.417298937784522
179,France,ornamentals,1994,276,804,555,1568,329.5,0.8376327769347496
179,France,ornamentals,1995,279.75,853.75,15,208,329.5,0.8490136570561456
179,France,ornamentals,1996,278.5,1082.25,1,976,329.5,0.8452200303490136
179,France,ornamentals,1997,274.75,901.75,528,855,329.5,0.8338391502276176
179,France,ornamentals,1998,161.5,1021,102,2045,329.5,0.49013657056145676
179,France,ornamentals,1999,177.25,1297,78,1312,329.5,0.5379362670713201
179,France,ornamentals,2000,201.25,1464.25,97,1645,329.5,0.6107738998482549
179,France,ornamentals,2001,139.25,1875,280,2498,329.5,0.4226100151745068
179,France,ornamentals,2002,186.75,1866.75,292,2012,329.5,0.5667678300455236
179,France,ornamentals,2003,263.5,2090.5,385,2207,329.5,0.7996965098634294
179,France,ornamentals,2004,329.5,2433.25,361,3016,329.5,1
179,France,ornamentals,2005,312.5,2570,212,3045,329.5,0.9484066767830045
179,France,ornamentals,2006,275.75,2780.25,145,2853,329.5,0.8368740515933232
179,France,ornamentals,2007,211.5,3968.25,128,6959,329.5,0.6418816388467374
179,France,ornamentals,2008,154.5,5371.5,133,8629,329.5,0.46889226100151743
179,France,ornamentals,2009,122,5269,82,2635,329.5,0.37025796661608495
179,France,ornamentals,2010,125,6084.25,157,6114,329.5,0.37936267071320184
179,France,ornamentals,2011,101.75,4692.25,35,1391,329.5,0.3088012139605463
179,France,ornamentals,2012,79,2862.5,42,1310,329.5,0.23975720789074356
179,France,ornamentals,2013,75.25,2751,67,2189,329.5,0.2283763277693475
179,France,ornamentals,2014,55.5,1803.75,78,2325,329.5,0.16843702579666162
179,France,ornamentals,2015,65.5,1906.5,75,1802,329.5,0.19878603945371776
179,France,ornamentals,2016,71.5,1930,66,1404,329.5,0.21699544764795145
179,France,ornamentals,2017,71.5,1812.75,67,1720,329.5,0.21699544764795145
179,France,ornamentals,2018,61.75,1611,39,1518,329.5,0.18740515933232169
179,France,ornamentals,2019,50.5075,1535.2,30.03,1498.8,329.5,0.15328528072837633
179,France,ornamentals,2020,40.3925,1517.6225,25.54,1333.69,329.5,0.12258725341426403
179,France,ornamentals,2021,31.475,1548.135,31.33,1842.05,329.5,0.09552352048558423
179,France,ornamentals,2022,28.865,1523.2350000000001,28.56,1418.4,329.5,0.08760242792109256
179,France,seaweeds,1976,1306,46669,1306,46669,9543.7825,0.1368430179543593
179,France,seaweeds,1977,1313,47947.5,1320,49226,9543.7825,0.13757647976575327
179,France,seaweeds,1978,928.3333333333334,32344,159,1137,9543.7825,0.09727100689200885
179,France,seaweeds,1979,742.75,24706.75,186,1795,9543.7825,0.07782553720183795
179,France,seaweeds,1980,877,31500.25,1843,73843,9543.7825,0.09189228694178646
179,France,seaweeds,1981,1035.5,22053.75,1954,11440,9543.7825,0.10849995795692118
179,France,seaweeds,1982,1520.75,24763,2100,11974,9543.7825,0.15934457852533837
179,France,seaweeds,1983,1937.75,26990.75,1854,10706,9543.7825,0.20303794643266443
179,France,seaweeds,1984,1949.75,11013,1891,9932,9543.7825,0.20429530953791122
179,France,seaweeds,1985,1560,8699.5,395,2186,9543.7825,0.16345720368208308
179,France,seaweeds,1986,1145.25,6234.25,441,2113,9543.7825,0.1199995913569908
179,France,seaweeds,1987,772.75,4247.75,364,2760,9543.7825,0.08096894496495494
179,France,seaweeds,1988,1321.5,2973.5,4086,4835,9543.7825,0.13846711196530306
179,France,seaweeds,1989,1675.25,3391.75,1810,3859,9543.7825,0.17553312850539082
179,France,seaweeds,1990,2148.25,3351.5,2333,1952,9543.7825,0.2250941909038686
179,France,seaweeds,1991,2698,3537,2563,3502,9543.7825,0.2826971381629873
179,France,seaweeds,1992,2491.5,3341,3260,4051,9543.7825,0.2610600147268654
179,France,seaweeds,1993,4451.25,3280.25,9649,3616,9543.7825,0.46640312685248225
179,France,seaweeds,1994,4901.75,4250.25,4135,5832,9543.7825,0.5136066334286222
179,France,seaweeds,1995,4796,4458,2140,4333,9543.7825,0.5025261210636349
179,France,seaweeds,1996,5560,5350.5,6316,7621,9543.7825,0.5825782387643474
179,France,seaweeds,1997,4507,6032,5437,6342,9543.7825,0.4722446262789413
179,France,seaweeds,1998,4998.75,6992.25,6102,9673,9543.7825,0.5237703185293672
179,France,seaweeds,1999,5926.5,7941.25,5851,8129,9543.7825,0.6209802036037598
179,France,seaweeds,2000,5850.25,8184.5,6011,8594,9543.7825,0.6129907088725042
179,France,seaweeds,2001,5757,8627.5,5064,8114,9543.7825,0.6032199497421489
179,France,seaweeds,2002,5235.5,8855,4016,10583,9543.7825,0.5485770447932987
179,France,seaweeds,2003,4412.5,9885.25,2559,12250,9543.7825,0.46234289182512284
179,France,seaweeds,2004,3461.5,10407.5,2207,10683,9543.7825,0.3626968657343145
179,France,seaweeds,2005,2866.75,10983.75,2685,10419,9543.7825,0.3003788068305203
179,France,seaweeds,2006,2716,11551.25,3413,12853,9543.7825,0.2845831828208575
179,France,seaweeds,2007,3412,12632.75,5343,16576,9543.7825,0.3575102429251715
179,France,seaweeds,2008,3778.5,13966.75,3673,16019,9543.7825,0.3959122077645839
179,France,seaweeds,2009,3736,15146.75,2515,15139,9543.7825,0.39145904676683485
179,France,seaweeds,2010,3756.25,16062.5,3494,16516,9543.7825,0.39358084700693885
179,France,seaweeds,2011,3183,16427.5,3050,18036,9543.7825,0.3335155636667118
179,France,seaweeds,2012,2881.25,16569.25,2466,16586,9543.7825,0.3018981205826935
179,France,seaweeds,2013,2982.25,17649.25,2919,19459,9543.7825,0.3124809267185207
179,France,seaweeds,2014,2762.25,17513.25,2614,15972,9543.7825,0.28942926978899614
179,France,seaweeds,2015,2844,15834.5,3377,11321,9543.7825,0.2979950559434899
179,France,seaweeds,2016,3621,15323.75,5574,14543,9543.7825,0.3794093170082198
179,France,seaweeds,2017,4230.25,14004.5,5356,14182,9543.7825,0.4432466896641872
179,France,seaweeds,2018,5145.5,13383.25,6275,13487,9543.7825,0.5391468215039478
179,France,seaweeds,2019,6495.3675,13590.0375,8776.47,12148.15,9543.7825,0.6805862874599249
179,France,seaweeds,2020,7486.2,12966.1875,9537.33,12047.6,9543.7825,0.7844059732082118
179,France,seaweeds,2021,8801.6675,12966.56,10617.869999999999,14183.49,9543.7825,0.9222409982624814
179,France,seaweeds,2022,9543.7825,12949.5675,9243.46,13419.029999999999,9543.7825,1
180,United Kingdom,fish_oil,1976,3093,1820,3093,1820,11840.75,0.2612165614509216
180,United Kingdom,fish_oil,1977,3788.5,2346,4484,2872,11840.75,0.319954394780736
180,United Kingdom,fish_oil,1978,3851.3333333333335,2462.6666666666665,3977,2696,11840.75,0.3252609280099093
180,United Kingdom,fish_oil,1979,3410.25,2348.5,2087,2006,11840.75,0.2880096277685113
180,United Kingdom,fish_oil,1980,2936.75,2558.25,1199,2659,11840.75,0.24802060680277854
180,United Kingdom,fish_oil,1981,2115.25,2226.5,1198,1545,11840.75,0.17864155564470155
180,United Kingdom,fish_oil,1982,2183,2335.5,4248,3132,11840.75,0.18436332158013638
180,United Kingdom,fish_oil,1983,2112.5,2186.75,1805,1411,11840.75,0.17840930684289424
180,United Kingdom,fish_oil,1984,2095.25,1811.75,1130,1159,11840.75,0.17695247344973924
180,United Kingdom,fish_oil,1985,2816.25,2150.25,4082,2899,11840.75,0.2378438865781306
180,United Kingdom,fish_oil,1986,3078.5,2462,5297,4379,11840.75,0.2599919768595739
180,United Kingdom,fish_oil,1987,3838.5,3508.5,4845,5597,11840.75,0.3241771002681418
180,United Kingdom,fish_oil,1988,3984.25,3943.75,1713,2900,11840.75,0.33648628676392967
180,United Kingdom,fish_oil,1989,3276.75,3872.75,1252,2615,11840.75,0.27673500411713786
180,United Kingdom,fish_oil,1990,3601.75,3708,6597,3720,11840.75,0.3041825897852754
180,United Kingdom,fish_oil,1991,2950,3023.5,2238,2859,11840.75,0.24913962375694107
180,United Kingdom,fish_oil,1992,4726.5,3937.75,8819,6557,11840.75,0.39917234972446847
180,United Kingdom,fish_oil,1993,7202,5715.75,11154,9727,11840.75,0.6082384984059287
180,United Kingdom,fish_oil,1994,8627.75,7198.25,12300,9650,11840.75,0.7286489453793045
180,United Kingdom,fish_oil,1995,11840.75,10369.25,15090,15543,11840.75,1
180,United Kingdom,fish_oil,1996,11188.5,11697.25,6210,11869,11840.75,0.9449148069167916
180,United Kingdom,fish_oil,1997,9900.75,11799.75,6003,10137,11840.75,0.8361590270886557
180,United Kingdom,fish_oil,1998,7825,11572,3997,8739,11840.75,0.6608534087790047
180,United Kingdom,fish_oil,1999,4679.75,9692,2509,8023,11840.75,0.3952241200937441
180,United Kingdom,fish_oil,2000,3562.75,8105.5,1742,5523,11840.75,0.3008888795050989
180,United Kingdom,fish_oil,2001,2475,7004.75,1652,5734,11840.75,0.20902392162658615
180,United Kingdom,fish_oil,2002,1946,7129.75,1881,9239,11840.75,0.164347697569833
180,United Kingdom,fish_oil,2003,1616.25,7670.25,1190,10185,11840.75,0.13649895488039188
180,United Kingdom,fish_oil,2004,1993,12084,3249,23178,11840.75,0.16831704072799442
180,United Kingdom,fish_oil,2005,2137.5,15626,2230,19902,11840.75,0.18052065958659713
180,United Kingdom,fish_oil,2006,2445,18638.5,3111,21289,11840.75,0.20649029833414267
180,United Kingdom,fish_oil,2007,2938.75,21224.75,3165,20530,11840.75,0.24818951502227476
180,United Kingdom,fish_oil,2008,2861,21199,2938,23075,11840.75,0.2416232079893588
180,United Kingdom,fish_oil,2009,3543.5,22538.75,4960,25261,11840.75,0.2992631378924477
180,United Kingdom,fish_oil,2010,4639.5,22703.75,7495,21949,11840.75,0.3918248421763824
180,United Kingdom,fish_oil,2011,5883.25,23854,8140,25131,11840.75,0.4968646411756012
180,United Kingdom,fish_oil,2012,7265.75,23580,8468,21979,11840.75,0.6136224479023711
180,United Kingdom,fish_oil,2013,8071.75,25160,8184,31581,11840.75,0.6816924603593523
180,United Kingdom,fish_oil,2014,7717.75,26302.5,6079,26519,11840.75,0.6517957055085193
180,United Kingdom,fish_oil,2015,8286.75,26956.5,10416,27747,11840.75,0.69985009395519715
180,United Kingdom,fish_oil,2016,8717,29875.5,10189,33655,11840.75,0.7361864746743239
180,United Kingdom,fish_oil,2017,9600.75,32321,11719,41363,11840.75,0.810822794164221
180,United Kingdom,fish_oil,2018,10735.5,34408.5,10618,34869,11840.75,0.9066570952008952
180,United Kingdom,fish_oil,2019,11099.66,33049.625,11872.64,22311.5,11840.75,0.937411903806769
180,United Kingdom,fish_oil,2020,11048.6075,29081.2775,9984.79,17781.61,11840.75,0.9331003103688533
180,United Kingdom,fish_oil,2021,10458.685,23438.1525,9359.31,18790.5,11840.75,0.8832789308109705
180,United Kingdom,fish_oil,2022,9580.9125,18994.2075,7106.91,17093.22,11840.75,0.8091474357620928
180,United Kingdom,ornamentals,1988,0,2,0,2,158.25,0
180,United Kingdom,ornamentals,1989,6.5,53.5,13,105,158.25,0.04107424960505529
180,United Kingdom,ornamentals,1990,12.333333333333334,74.33333333333333,24,116,158.25,0.07793575566087414
180,United Kingdom,ornamentals,1991,74.25,277,260,885,158.25,0.46919431279620855
180,United Kingdom,ornamentals,1992,85.25,302.25,44,103,158.25,0.5387045813586098
180,United Kingdom,ornamentals,1993,83.25,289.75,5,55,158.25,0.5260663507109005
180,United Kingdom,ornamentals,1994,84.5,377,29,465,158.25,0.5339652448657188
180,United Kingdom,ornamentals,1995,48,399.25,114,974,158.25,0.3033175355450237
180,United Kingdom,ornamentals,1996,47.75,553.5,43,720,158.25,0.30173775671406006
180,United Kingdom,ornamentals,1997,57.75,652.75,45,452,158.25,0.36492890995260663
180,United Kingdom,ornamentals,1998,104,749.25,214,851,158.25,0.6571879936808847
180,United Kingdom,ornamentals,1999,105.25,728.5,119,891,158.25,0.665086887835703
180,United Kingdom,ornamentals,2000,115.75,692.75,85,577,158.25,0.731437598736177
180,United Kingdom,ornamentals,2001,110.75,672,25,369,158.25,0.6998420221169036
180,United Kingdom,ornamentals,2002,67.5,558,41,395,158.25,0.4265402843601896
180,United Kingdom,ornamentals,2003,44.75,437,28,407,158.25,0.28278041074249605
180,United Kingdom,ornamentals,2004,31.5,419,32,505,158.25,0.1990521327014218
180,United Kingdom,ornamentals,2005,37,531,47,817,158.25,0.23380726698262244
180,United Kingdom,ornamentals,2006,43,697.75,65,1062,158.25,0.2717219589257504
180,United Kingdom,ornamentals,2007,50.75,862.5,59,1066,158.25,0.320695102685624
180,United Kingdom,ornamentals,2008,63.75,1135.75,84,1598,158.25,0.4028436018957346
180,United Kingdom,ornamentals,2009,80,1373.75,112,1769,158.25,0.5055292259083728
180,United Kingdom,ornamentals,2010,108,1762.5,177,2617,158.25,0.6824644549763034
180,United Kingdom,ornamentals,2011,133.25,2188.25,160,2769,158.25,0.8420221169036335
180,United Kingdom,ornamentals,2012,149.25,2341.75,148,2212,158.25,0.943127962085308
180,United Kingdom,ornamentals,2013,158.25,2525,148,2502,158.25,1
180,United Kingdom,ornamentals,2014,146,2379,128,2033,158.25,0.9225908372827805
180,United Kingdom,ornamentals,2015,128,1930.75,88,976,158.25,0.8088467614533965
180,United Kingdom,ornamentals,2016,117.75,1589,107,845,158.25,0.7440758293838863
180,United Kingdom,ornamentals,2017,110.5,1282.25,119,1275,158.25,0.69826224328594
180,United Kingdom,ornamentals,2018,106.25,1166.75,111,1571,158.25,0.6714060031595577
180,United Kingdom,ornamentals,2019,116.14750000000001,1297.58,127.59,1499.32,158.25,0.7339494470774092
180,United Kingdom,ornamentals,2020,118.225,1589.7375,115.31,2013.63,158.25,0.7470774091627171
180,United Kingdom,ornamentals,2021,90.475,1334.4525,8,253.86,158.25,0.5717219589257504
180,United Kingdom,ornamentals,2022,75.825,1030.5975,52.4,355.58,158.25,0.4791469194312796
180,United Kingdom,seaweeds,1976,27,333,27,333,2995.315,0.009014076983555986
180,United Kingdom,seaweeds,1977,30,319.5,33,306,2995.315,0.010015641092839984
180,United Kingdom,seaweeds,1978,37.666666666666664,363.3333333333333,53,451,2995.315,0.012575193816565758
180,United Kingdom,seaweeds,1979,35.25,345.25,28,291,2995.315,0.011768378284086983
180,United Kingdom,seaweeds,1980,34,322.75,22,243,2995.315,0.01135105990521865
180,United Kingdom,seaweeds,1981,36,310.5,41,257,2995.315,0.012018769311407981
180,United Kingdom,seaweeds,1982,39,284,65,345,2995.315,0.01302033342069198
180,United Kingdom,seaweeds,1983,38.75,252.75,27,166,2995.315,0.012936869744918315
180,United Kingdom,seaweeds,1984,46.25,249.25,52,229,2995.315,0.01544078001812831
180,United Kingdom,seaweeds,1985,49.25,282,53,388,2995.315,0.016442344127412307
180,United Kingdom,seaweeds,1986,48,320,60,497,2995.315,0.016025025748543975
180,United Kingdom,seaweeds,1987,53.75,371,50,370,2995.315,0.017944690291338307
180,United Kingdom,seaweeds,1988,110.75,636,280,1289,2995.315,0.03697440836773428
180,United Kingdom,seaweeds,1989,175.25,804.25,311,1061,2995.315,0.05850803671734024
180,United Kingdom,seaweeds,1990,256.5,1096.25,385,1665,2995.315,0.08563373134378187
180,United Kingdom,seaweeds,1991,305.25,1213.5,245,839,2995.315,0.10190914811964685
180,United Kingdom,seaweeds,1992,379.25,1215.5,576,1297,2995.315,0.12661439614865214
180,United Kingdom,seaweeds,1993,438.75,1147.75,549,790,2995.315,0.1464787509827848
180,United Kingdom,seaweeds,1994,490.25,1270.25,591,2155,2995.315,0.16367226819216008
180,United Kingdom,seaweeds,1995,583,1633.25,616,2291,2995.315,0.19463729190419038
180,United Kingdom,seaweeds,1996,572.25,1537.25,533,913,2995.315,0.19104835384592272
180,United Kingdom,seaweeds,1997,581.25,1751,585,1645,2995.315,0.1940530461737747
180,United Kingdom,seaweeds,1998,554.25,1701.75,483,1958,2995.315,0.18503896919021873
180,United Kingdom,seaweeds,1999,443.75,1675.25,174,2185,2995.315,0.14814802449825812
180,United Kingdom,seaweeds,2000,435.75,2090.5,501,2574,2995.315,0.14547718687350078
180,United Kingdom,seaweeds,2001,361.25,2292.75,287,2454,2995.315,0.12060501149294815
180,United Kingdom,seaweeds,2002,381.25,2609.25,563,3224,2995.315,0.12728210555484148
180,United Kingdom,seaweeds,2003,606.75,3501.25,1076,5753,2995.315,0.2025663411026887
180,United Kingdom,seaweeds,2004,803.25,4522.25,1287,6658,2995.315,0.2681687902607906
180,United Kingdom,seaweeds,2005,999,5368.5,1070,5839,2995.315,0.3335208483915715
180,United Kingdom,seaweeds,2006,1152.75,6200.25,1178,6551,2995.315,0.3848510089923764
180,United Kingdom,seaweeds,2007,1249.75,7403.25,1464,10565,2995.315,0.41723491519255906
180,United Kingdom,seaweeds,2008,1275,8684.75,1388,11784,2995.315,0.42566474644569935
180,United Kingdom,seaweeds,2009,1577,10315,2278,12360,2995.315,0.5264888667802885
180,United Kingdom,seaweeds,2010,1722.75,10824,1761,8587,2995.315,0.5751481897563361
180,United Kingdom,seaweeds,2011,1732,10409.25,1501,8906,2995.315,0.5782363457599617
180,United Kingdom,seaweeds,2012,1768.75,9392.25,1535,7716,2995.315,0.5905055060986908
180,United Kingdom,seaweeds,2013,1595.5,8542.25,1585,8960,2995.315,0.5326651787875398
180,United Kingdom,seaweeds,2014,1639.25,8863.25,1936,9871,2995.315,0.5472713220479315
180,United Kingdom,seaweeds,2015,1808.5,8990.75,2178,9416,2995.315,0.6037762305467037
180,United Kingdom,seaweeds,2016,1907.75,9803,1932,10965,2995.315,0.6369113098288494
180,United Kingdom,seaweeds,2017,2049.5,10624.25,2152,12245,2995.315,0.6842352139925183
180,United Kingdom,seaweeds,2018,2293.75,11557.25,2913,13603,2995.315,0.7657792252233905
180,United Kingdom,seaweeds,2019,2579.6525,12652.7625,3321.61,13798.05,2995.315,0.8612291194749133
180,United Kingdom,seaweeds,2020,2905.4525,13492.47,3235.2,14323.83,2995.315,0.9699989817431555
180,United Kingdom,seaweeds,2021,2995.315,13630.575,2511.45,12797.42,2995.315,1
180,United Kingdom,seaweeds,2022,2925.4425,14077.8675,2633.51,15392.17,2995.315,0.976672737258018
181,Ireland,fish_oil,1976,2006,735,2006,735,5202.75,0.3855653260295036
181,Ireland,fish_oil,1977,1859.5,709,1713,683,5202.75,0.3574071404545673
181,Ireland,fish_oil,1978,2224.6666666666665,876.3333333333334,2955,1211,5202.75,0.4275943811766213
181,Ireland,fish_oil,1979,2199.75,871.25,2125,856,5202.75,0.4228052472250252
181,Ireland,fish_oil,1980,2234,888.75,2143,805,5202.75,0.42938830426216906
181,Ireland,fish_oil,1981,2151,824.25,1381,425,5202.75,0.4134352025371198
181,Ireland,fish_oil,1982,1804.5,618.25,1569,387,5202.75,0.34683580798616115
181,Ireland,fish_oil,1983,1778,567.25,2019,652,5202.75,0.3417423477968382
181,Ireland,fish_oil,1984,1749.25,533.25,2028,669,5202.75,0.336216424006535
181,Ireland,fish_oil,1985,1947.5,567.75,2174,563,5202.75,0.3743212724040171
181,Ireland,fish_oil,1986,2588,688.25,4131,869,5202.75,0.4974292441497285
181,Ireland,fish_oil,1987,3187.5,701.5,4417,705,5202.75,0.6126567680553553
181,Ireland,fish_oil,1988,3839,763.25,4634,916,5202.75,0.737879006294748
181,Ireland,fish_oil,1989,4255.25,794.75,3839,689,5202.75,0.8178847724760944
181,Ireland,fish_oil,1990,4045.5,761.75,3292,737,5202.75,0.777569554562491
181,Ireland,fish_oil,1991,3884.75,769.75,3774,737,5202.75,0.7466724328480131
181,Ireland,fish_oil,1992,3867.25,762.5,4564,887,5202.75,0.7433088270626111
181,Ireland,fish_oil,1993,3186,658.25,1114,272,5202.75,0.6123684589880352
181,Ireland,fish_oil,1994,2496,534.75,532,243,5202.75,0.47974628802075825
181,Ireland,fish_oil,1995,1581.75,387.75,117,149,5202.75,0.30402191148911634
181,Ireland,fish_oil,1996,474.5,330.75,135,659,5202.75,0.0912017682956129
181,Ireland,fish_oil,1997,248.25,296.5,209,135,5202.75,0.04771515064148767
181,Ireland,fish_oil,1998,171.25,259.25,224,94,5202.75,0.03291528518571909
181,Ireland,fish_oil,1999,142,222,0,0,5202.75,0.02729325837297583
181,Ireland,fish_oil,2000,108.25,57.25,0,0,5202.75,0.020806304358272066
181,Ireland,fish_oil,2001,56,23.5,0,0,5202.75,0.010763538513286243
181,Ireland,fish_oil,2002,0,0,0,0,5202.75,0
181,Ireland,fish_oil,2003,0.5,0.5,2,2,5202.75,9.610302244005574e-5
181,Ireland,fish_oil,2004,1.5,3.75,4,13,5202.75,2.8830906732016723e-4
181,Ireland,fish_oil,2005,3.25,8.25,7,18,5202.75,6.246696458603623e-4
181,Ireland,fish_oil,2006,6.5,13,13,19,5202.75,0.0012493392917207245
181,Ireland,fish_oil,2007,12.5,52.5,26,160,5202.75,0.0024025755610013935
181,Ireland,fish_oil,2008,18.25,55.75,27,26,5202.75,0.0035077603190620346
181,Ireland,fish_oil,2009,20.25,55,15,15,5202.75,0.0038921724088222575
181,Ireland,fish_oil,2010,19.5,53.5,10,13,5202.75,0.003748017875162174
181,Ireland,fish_oil,2011,286.5,426.5,1094,1652,5202.75,0.05506703185815194
181,Ireland,fish_oil,2012,1759,2837,5917,9668,5202.75,0.3380904329441161
181,Ireland,fish_oil,2013,3538,6246.5,7131,13653,5202.75,0.6800249867858345
181,Ireland,fish_oil,2014,4472.25,7711.25,3747,5872,5202.75,0.8595934842150785
181,Ireland,fish_oil,2015,5202.75,8946.5,4016,6593,5202.75,1
181,Ireland,fish_oil,2016,4676,7962.75,3810,5733,5202.75,0.8987554658594012
181,Ireland,fish_oil,2017,3544.25,5557.25,2604,4031,5202.75,0.6812262745663351
181,Ireland,fish_oil,2018,3362.75,5638.5,3021,6197,5202.75,0.6463408774205949
181,Ireland,fish_oil,2019,3221.025,5295.75,3449.1000000000004,5222,5202.75,0.6191004757099611
181,Ireland,fish_oil,2020,3107.5775000000003,5387.6,3356.21,6100.4,5202.75,0.5972951804334247
181,Ireland,fish_oil,2021,3750.8675000000003,6582.78,5177.16,8811.72,5202.75,0.7209394070443516
181,Ireland,fish_oil,2022,3756.96,7005.805,3045.37,7889.1,5202.75,0.7221104223727837
181,Ireland,ornamentals,1992,1,4,1,4,152.75,0.006546644844517185
181,Ireland,ornamentals,1993,0.5,2,0,0,152.75,0.0032733224222585926
181,Ireland,ornamentals,1994,0.3333333333333333,1.3333333333333333,0,0,152.75,0.002182214948172395
181,Ireland,ornamentals,1995,0.25,1,0,0,152.75,0.0016366612111292963
181,Ireland,ornamentals,1996,1,55,4,220,152.75,0.006546644844517185
181,Ireland,ornamentals,1997,13.5,296,50,964,152.75,0.088379705400982
181,Ireland,ornamentals,1998,13.5,296,0,0,152.75,0.088379705400982
181,Ireland,ornamentals,1999,38,420.5,98,498,152.75,0.24877250409165302
181,Ireland,ornamentals,2000,37.5,375.5,2,40,152.75,0.24549918166939444
181,Ireland,ornamentals,2001,25,134.5,0,0,152.75,0.16366612111292964
181,Ireland,ornamentals,2002,25,134.5,0,0,152.75,0.16366612111292964
181,Ireland,ornamentals,2003,2,41.75,6,127,152.75,0.01309328968903437
181,Ireland,ornamentals,2004,4.5,110.75,12,316,152.75,0.029459901800327332
181,Ireland,ornamentals,2005,4.5,110.75,0,0,152.75,0.029459901800327332
181,Ireland,ornamentals,2006,5,126.25,2,62,152.75,0.03273322422258593
181,Ireland,ornamentals,2007,6.25,113,11,74,152.75,0.04091653027823241
181,Ireland,ornamentals,2008,25.5,247,89,852,152.75,0.16693944353518822
181,Ireland,ornamentals,2009,67.5,554.75,168,1231,152.75,0.44189852700491
181,Ireland,ornamentals,2010,98,733.75,124,778,152.75,0.6415711947626841
181,Ireland,ornamentals,2011,152.75,1056.5,230,1365,152.75,1
181,Ireland,ornamentals,2012,130.75,845.75,1,9,152.75,0.855973813420622
181,Ireland,ornamentals,2013,88.75,538,0,0,152.75,0.5810147299509002
181,Ireland,ornamentals,2014,58.25,346.5,2,12,152.75,0.381342062193126
181,Ireland,ornamentals,2015,1,7.5,1,9,152.75,0.006546644844517185
181,Ireland,ornamentals,2016,1,7.75,1,10,152.75,0.006546644844517185
181,Ireland,ornamentals,2017,1.75,12.5,3,19,152.75,0.011456628477905073
181,Ireland,ornamentals,2018,2,14.5,3,20,152.75,0.01309328968903437
181,Ireland,ornamentals,2019,1.75,12.25,0,0,152.75,0.011456628477905073
181,Ireland,ornamentals,2020,2.2225,13.99,2.89,16.96,152.75,0.014549918166939445
181,Ireland,ornamentals,2021,1.4725000000000001,9.2425,0,0.01,152.75,0.009639934533551556
181,Ireland,ornamentals,2022,0.7225,4.245,0,0.01,152.75,0.004729950900163666
181,Ireland,seaweeds,1976,25,211,25,211,76692.01000000001,3.2597919913691134e-4
181,Ireland,seaweeds,1977,30.5,252.5,36,294,76692.01000000001,3.976946229470318e-4
181,Ireland,seaweeds,1978,35.333333333333336,284.3333333333333,45,348,76692.01000000001,4.607172681135014e-4
181,Ireland,seaweeds,1979,39.75,325.25,53,448,76692.01000000001,5.18306926627689e-4
181,Ireland,seaweeds,1980,49,410.25,62,551,76692.01000000001,6.389192303083462e-4
181,Ireland,seaweeds,1981,58.5,474.75,74,552,76692.01000000001,7.627913259803725e-4
181,Ireland,seaweeds,1982,64,502.5,67,459,76692.01000000001,8.345067497904931e-4
181,Ireland,seaweeds,1983,73.75,491,92,402,76692.01000000001,9.616386374538885e-4
181,Ireland,seaweeds,1984,78.75,468,82,459,76692.01000000001,0.0010268344772812708
181,Ireland,seaweeds,1985,73.25,411,52,324,76692.01000000001,9.551190534711503e-4
181,Ireland,seaweeds,1986,72,398.5,62,409,76692.01000000001,9.388200935143047e-4
181,Ireland,seaweeds,1987,71.25,466.75,89,675,76692.01000000001,9.290407175401974e-4
181,Ireland,seaweeds,1988,1286,826.5,4941,1898,76692.01000000001,0.01676837000360272
181,Ireland,seaweeds,1989,2735,1098,5848,1410,76692.01000000001,0.0356621243855781
181,Ireland,seaweeds,1990,3811.75,1345,4369,1397,76692.01000000001,0.04970204849240487
181,Ireland,seaweeds,1991,4775.25,1539,3943,1451,76692.01000000001,0.062265286827141435
181,Ireland,seaweeds,1992,4406.75,1406,3467,1366,76692.01000000001,0.05746035343186336
181,Ireland,seaweeds,1993,3130,1162.25,741,435,76692.01000000001,0.0408125957319413
181,Ireland,seaweeds,1994,2518.25,3797.5,1922,11938,76692.01000000001,0.03283588472906108
181,Ireland,seaweeds,1995,2068.5,6133.25,2144,10794,76692.01000000001,0.026971518936588047
181,Ireland,seaweeds,1996,1453.5,7223.25,1007,5726,76692.01000000001,0.018952430637820025
181,Ireland,seaweeds,1997,1395,7478.75,507,1457,76692.01000000001,0.018189639311839655
181,Ireland,seaweeds,1998,1257,4808.25,1370,1256,76692.01000000001,0.016390234132603904
181,Ireland,seaweeds,1999,1048,2506.75,1308,1588,76692.01000000001,0.013665048027819324
181,Ireland,seaweeds,2000,1075.25,1582.5,1116,2029,76692.01000000001,0.014020365354878557
181,Ireland,seaweeds,2001,1895,2142.25,3786,3696,76692.01000000001,0.024709223294577882
181,Ireland,seaweeds,2002,2432,2627.5,3518,3197,76692.01000000001,0.031711256492038736
181,Ireland,seaweeds,2003,2793.25,3074,2753,3374,76692.01000000001,0.03642165591956711
181,Ireland,seaweeds,2004,3899.5,3321.5,5541,3019,76692.01000000001,0.050846235481375436
181,Ireland,seaweeds,2005,5335.25,3556.25,9529,4635,76692.01000000001,0.06956722088780826
181,Ireland,seaweeds,2006,7597.25,4234.25,12566,5909,76692.01000000001,0.09906181882571599
181,Ireland,seaweeds,2007,10039,5097.5,12520,6827,76692.01000000001,0.13090020720541812
181,Ireland,seaweeds,2008,12700.75,6677.25,16188,9338,76692.01000000001,0.16560721253752508
181,Ireland,seaweeds,2009,16094.25,7698,23103,8718,76692.01000000001,0.20985562902836943
181,Ireland,seaweeds,2010,19055,9197.25,24409,11906,76692.01000000001,0.24846134558215383
181,Ireland,seaweeds,2011,23130.25,11126,28821,14542,76692.01000000001,0.30159921483346175
181,Ireland,seaweeds,2012,27185.5,12965.5,32409,16696,76692.01000000001,0.35447630072546016
181,Ireland,seaweeds,2013,30968.75,16300.5,38236,22058,76692.01000000001,0.40380673293084896
181,Ireland,seaweeds,2014,35702.5,19252,43344,23712,76692.01000000001,0.4655308942874231
181,Ireland,seaweeds,2015,40997.5,21390.5,50001,23096,76692.01000000001,0.534573288664621
181,Ireland,seaweeds,2016,44181.75,23440.25,45146,24895,76692.01000000001,0.5760932592586894
181,Ireland,seaweeds,2017,50639.25,28976.5,64066,44203,76692.01000000001,0.6602936863957536
181,Ireland,seaweeds,2018,59011.25,34146.5,76832,44392,76692.01000000001,0.7694576006027224
181,Ireland,seaweeds,2019,63950.55,36565.195,69758.20000000001,32770.78,76692.01000000001,0.8338619629346002
181,Ireland,seaweeds,2020,72149.6225,39142.5725,77942.29,35204.51,76692.01000000001,0.9407710464232192
181,Ireland,seaweeds,2021,76692.01000000001,38315.8475,82235.55,40896.1,76692.01000000001,1
181,Ireland,seaweeds,2022,75817.8875,36816.1875,73335.51,38393.36,76692.01000000001,0.9886021699000976
182,Spain,fish_oil,1976,5992,2403,5992,2403,13119.935000000001,0.4567095797349605
182,Spain,fish_oil,1977,4339,1988,2686,1573,13119.935000000001,0.33071810188084005
182,Spain,fish_oil,1978,3491,1737.3333333333333,1795,1236,13119.935000000001,0.26608363532288837
182,Spain,fish_oil,1979,3431,1788.5,3251,1942,13119.935000000001,0.2615104419343541
182,Spain,fish_oil,1980,2729.75,1816.25,3187,2514,13119.935000000001,0.20806124420585922
182,Spain,fish_oil,1981,2472.5,1883.5,1657,1842,13119.935000000001,0.18845367755251835
182,Spain,fish_oil,1982,3003.5,2199.75,3919,2501,13119.935000000001,0.22892643904104706
182,Spain,fish_oil,1983,2296,2053,421,1355,13119.935000000001,0.17500086700124656
182,Spain,fish_oil,1984,1951.25,1988.5,1808,2256,13119.935000000001,0.14872405998962646
182,Spain,fish_oil,1985,3515.5,3107.5,7914,6318,13119.935000000001,0.2679510226232066
182,Spain,fish_oil,1986,3126.25,3603.75,2362,4486,13119.935000000001,0.23828243051509018
182,Spain,fish_oil,1987,3570,3961.75,2196,2787,13119.935000000001,0.2721050066177919
182,Spain,fish_oil,1988,3690,4182.25,2288,3138,13119.935000000001,0.28125139339486055
182,Spain,fish_oil,1989,2674.75,3293.5,3853,2763,13119.935000000001,0.20386915026636945
182,Spain,fish_oil,1990,3781,3368,6787,4784,13119.935000000001,0.2881874033674709
182,Spain,fish_oil,1991,4103,4152.5,3484,5925,13119.935000000001,0.3127302078859384
182,Spain,fish_oil,1992,4988.75,5654.75,5831,9147,13119.935000000001,0.3802419752841763
182,Spain,fish_oil,1993,5673,6860.25,6590,7585,13119.935000000001,0.43239543488591975
182,Spain,fish_oil,1994,5218.5,7431.75,4969,7070,13119.935000000001,0.3977534949677723
182,Spain,fish_oil,1995,5224.5,7634,3508,6734,13119.935000000001,0.3982108143066257
182,Spain,fish_oil,1996,5525.75,7715.75,7036,9474,13119.935000000001,0.42117205611155845
182,Spain,fish_oil,1997,5237.75,7832,5438,8050,13119.935000000001,0.39922072784659374
182,Spain,fish_oil,1998,4867.75,7179.75,3489,4461,13119.935000000001,0.37101936861729873
182,Spain,fish_oil,1999,5782,6752.25,7165,5024,13119.935000000001,0.4407034028750904
182,Spain,fish_oil,2000,5065,5452,4168,4273,13119.935000000001,0.38605374188210534
182,Spain,fish_oil,2001,5102.5,5573.75,5588,8537,13119.935000000001,0.3889119877499393
182,Spain,fish_oil,2002,5772,7558.25,6167,12399,13119.935000000001,0.43994120397700137
182,Spain,fish_oil,2003,5090,8805.5,4437,10013,13119.935000000001,0.38795923912732794
182,Spain,fish_oil,2004,5107,9466.5,4236,6917,13119.935000000001,0.38925497725407937
182,Spain,fish_oil,2005,4705.5,9375.75,3982,8174,13119.935000000001,0.35865269149580387
182,Spain,fish_oil,2006,4529.5,9674,5463,13592,13119.935000000001,0.3452379908894365
182,Spain,fish_oil,2007,4416,12814,3983,22573,13119.935000000001,0.3365870333961258
182,Spain,fish_oil,2008,4521,19609,4656,34097,13119.935000000001,0.34459012182606086
182,Spain,fish_oil,2009,4195,20533,2678,11870,13119.935000000001,0.3197424377483577
182,Spain,fish_oil,2010,3628.25,19564,3196,9716,13119.935000000001,0.27654481519916063
182,Spain,fish_oil,2011,3839.75,17282,4829,13445,13119.935000000001,0.2926653218937441
182,Spain,fish_oil,2012,4633.5,12159,7831,13605,13119.935000000001,0.35316485942956266
182,Spain,fish_oil,2013,5456.5,13918.5,5970,18908,13119.935000000001,0.41589382874229175
182,Spain,fish_oil,2014,6060.75,16825.75,5613,21345,13119.935000000001,0.46194969715932277
182,Spain,fish_oil,2015,6705.25,18422,7407,19830,13119.935000000001,0.5110734161411622
182,Spain,fish_oil,2016,6894.75,21543,8589,26089,13119.935000000001,0.5255170852599498
182,Spain,fish_oil,2017,7553.5,22005.5,8605,20758,13119.935000000001,0.5757269376715661
182,Spain,fish_oil,2018,8239.25,22149.25,8356,21920,13119.935000000001,0.627994727108023
182,Spain,fish_oil,2019,9010.6975,23912.765,10492.79,26884.059999999998,13119.935000000001,0.6867943705513785
182,Spain,fish_oil,2020,9804.86,24947.355,11765.650000000001,30227.36,13119.935000000001,0.7473253487917432
182,Spain,fish_oil,2021,11297.397500000001,29446.645,14575.150000000001,38755.16,13119.935000000001,0.8610863925774023
182,Spain,fish_oil,2022,13119.935000000001,36727.3425,15646.15,51042.79,13119.935000000001,1
182,Spain,ornamentals,1977,30,51,30,51,7932.5,0.003781909864481563
182,Spain,ornamentals,1978,15.630502126653985,26.5,1.26100425330797,2,7932.5,0.0019704383393197586
182,Spain,ornamentals,1979,10.655982891413407,18,0.7069444209322526,1,7932.5,0.001343332227092771
182,Spain,ornamentals,1980,8.301580462584862,14,1.238373176099227,2,7932.5,0.001046527634741237
182,Spain,ornamentals,1981,0.8015804625848624,1.25,0,0,7932.5,1.0105016862084618e-4
182,Spain,ornamentals,1982,0.4863293992578699,0.75,0,0,7932.5,6.130846508135769e-5
182,Spain,ornamentals,1983,0.30959329402480673,0.5,0,0,7932.5,3.902846442165859e-5
182,Spain,ornamentals,1984,0,0,0,0,7932.5,0
182,Spain,ornamentals,1985,0,0,0,0,7932.5,0
182,Spain,ornamentals,1986,0,0,0,0,7932.5,0
182,Spain,ornamentals,1987,0.2897911014671557,0.5,1.1591644058686228,2,7932.5,3.653212750925379e-5
182,Spain,ornamentals,1988,0.2897911014671557,0.5,0,0,7932.5,3.653212750925379e-5
182,Spain,ornamentals,1989,40.496869605702756,0.75,160.8283140169424,1,7932.5,0.005105183688081028
182,Spain,ornamentals,1990,79.84129664266462,6,157.37770814784744,21,7932.5,0.010065086245529735
182,Spain,ornamentals,1991,79.55150554119746,6,0,2,7932.5,0.010028554118020479
182,Spain,ornamentals,1992,80.05150554119746,37.25,2,125,7932.5,0.010091585949095172
182,Spain,ornamentals,1993,90.09442703696186,517.5,201,1922,7932.5,0.011357633411530017
182,Spain,ornamentals,1994,68.5,627.5,71,461,7932.5,0.008635360857232903
182,Spain,ornamentals,1995,117.25,770,195,572,7932.5,0.014780964387015443
182,Spain,ornamentals,1996,700.5,1574.5,2335,3343,7932.5,0.0883075953356445
182,Spain,ornamentals,1997,820.5,1305.25,681,845,7932.5,0.10343523479357075
182,Spain,ornamentals,1998,1011.25,1396.75,834,827,7932.5,0.12748187834856603
182,Spain,ornamentals,1999,1217.5,1482.25,1020,914,7932.5,0.15348250866687677
182,Spain,ornamentals,2000,918.25,920,1138,1094,7932.5,0.11575795776867318
182,Spain,ornamentals,2001,1130.25,1130.75,1529,1688,7932.5,0.14248345414434288
182,Spain,ornamentals,2002,1063.75,1166.25,568,969,7932.5,0.13410022061140875
182,Spain,ornamentals,2003,1406.75,3349.25,2392,9646,7932.5,0.17734005672864797
182,Spain,ornamentals,2004,1865.5,6710.5,2973,14539,7932.5,0.23517176173967855
182,Spain,ornamentals,2005,2444.75,10286.5,3846,15992,7932.5,0.3081941380397101
182,Spain,ornamentals,2006,3376.75,16439,4296,25579,7932.5,0.42568547116293726
182,Spain,ornamentals,2007,3873.5,21235.25,4379,28831,7932.5,0.4883075953356445
182,Spain,ornamentals,2008,4076,24547,3783,27786,7932.5,0.5138354869208951
182,Spain,ornamentals,2009,4727.5,31464,6452,43660,7932.5,0.5959659628112197
182,Spain,ornamentals,2010,5675.75,33841,8089,35087,7932.5,0.7155058304443744
182,Spain,ornamentals,2011,6886.75,42245.5,9223,62449,7932.5,0.8681689253072802
182,Spain,ornamentals,2012,7604.75,43823,6655,34096,7932.5,0.9586826347305389
182,Spain,ornamentals,2013,7932.5,42406.25,7763,37993,7932.5,1
182,Spain,ornamentals,2014,7470.5,42313.25,6241,34715,7932.5,0.9417585880869839
182,Spain,ornamentals,2015,6914,35479.75,6997,35115,7932.5,0.871604160100851
182,Spain,ornamentals,2016,6886,36591.25,6543,38542,7932.5,0.8680743775606682
182,Spain,ornamentals,2017,6511.75,36235.5,6266,36570,7932.5,0.8208950520012607
182,Spain,ornamentals,2018,6298.5,36380,5388,35293,7932.5,0.7940119760479042
182,Spain,ornamentals,2019,5831.09,35539.5925,5127.36,31753.37,7932.5,0.73508855972266
182,Spain,ornamentals,2020,5434.605,34162.235,4957.06,33032.57,7932.5,0.6851062086353608
182,Spain,ornamentals,2021,5057.625,33737.975,4758.08,34872.96,7932.5,0.6375827292782855
182,Spain,ornamentals,2022,4029.07,27029.46,1273.78,8458.94,7932.5,0.5079193192562245
182,Spain,seaweeds,1981,812,12023,812,12023,4190.8475,0.19375555898896346
182,Spain,seaweeds,1982,406,6011.5,0,0,4190.8475,0.09687777949448173
182,Spain,seaweeds,1983,586,7724.666666666667,946,11151,4190.8475,0.13982851917183817
182,Spain,seaweeds,1984,439.5,5793.5,0,0,4190.8475,0.10487138937887862
182,Spain,seaweeds,1985,236.5,2787.75,0,0,4190.8475,0.05643249963163775
182,Spain,seaweeds,1986,375.75,5153.25,557,9462,4190.8475,0.08965966907648155
182,Spain,seaweeds,1987,318.25,5426.75,716,12245,4190.8475,0.07593929390177047
182,Spain,seaweeds,1988,569.25,9233.25,1004,15226,4190.8475,0.13583171422963972
182,Spain,seaweeds,1989,741,12892.75,687,14638,4190.8475,0.17681387833845064
182,Spain,seaweeds,1990,678,10668.25,305,564,4190.8475,0.16178111945137588
182,Spain,seaweeds,1991,625.5,7907.5,506,1202,4190.8475,0.1492538203788136
182,Spain,seaweeds,1992,478.5,4217,416,464,4190.8475,0.11417738297563917
182,Spain,seaweeds,1993,402,750.5,381,772,4190.8475,0.0959233186127627
182,Spain,seaweeds,1994,519,4003.5,773,13576,4190.8475,0.12384129940304438
182,Spain,seaweeds,1995,597.5,7335.5,820,14530,4190.8475,0.14257259420678037
182,Spain,seaweeds,1996,791.75,12195.25,1193,19903,4190.8475,0.18892360077526085
182,Spain,seaweeds,1997,969,16148.75,1090,16586,4190.8475,0.23121814859643544
182,Spain,seaweeds,1998,1059.5,17365.25,1135,18442,4190.8475,0.25281282604532856
182,Spain,seaweeds,1999,1047.75,16529.5,773,11187,4190.8475,0.2500090972052789
182,Spain,seaweeds,2000,986.75,14892,949,13353,4190.8475,0.23545356875906365
182,Spain,seaweeds,2001,890.75,13350.75,706,10421,4190.8475,0.21254650759780688
182,Spain,seaweeds,2002,808.5,11426.25,806,10744,4190.8475,0.1929204057174593
182,Spain,seaweeds,2003,806.75,12005.25,766,13503,4190.8475,0.19250282908170724
182,Spain,seaweeds,2004,840.25,11972,1083,13220,4190.8475,0.2004964389661041
182,Spain,seaweeds,2005,951,13669.25,1149,17210,4190.8475,0.22692307462869982
182,Spain,seaweeds,2006,1017,15379.25,1070,17584,4190.8475,0.24267167917706384
182,Spain,seaweeds,2007,1135.25,17906.5,1239,23612,4190.8475,0.2708879289928827
182,Spain,seaweeds,2008,1098.5,20361,936,23038,4190.8475,0.2621188196420891
182,Spain,seaweeds,2009,1074.75,21487.75,1054,21717,4190.8475,0.25645170815688234
182,Spain,seaweeds,2010,1106.75,23135,1198,24173,4190.8475,0.2640873952106346
182,Spain,seaweeds,2011,1142,23376.5,1380,24578,4190.8475,0.27249858173078356
182,Spain,seaweeds,2012,1357.75,24474.75,1799,27431,4190.8475,0.32397981553850386
182,Spain,seaweeds,2013,1631,27499.75,2147,33817,4190.8475,0.38918142452093524
182,Spain,seaweeds,2014,1930.75,32126.25,2397,42679,4190.8475,0.46070633684475515
182,Spain,seaweeds,2015,2361.75,37188.5,3104,44827,4190.8475,0.5635494968499808
182,Spain,seaweeds,2016,2588,41724,2704,45573,4190.8475,0.6175361904722135
182,Spain,seaweeds,2017,2645.25,45466.25,2376,48786,4190.8475,0.6311969118418173
182,Spain,seaweeds,2018,3027.5,46772.75,3926,47905,4190.8475,0.7224075798510922
182,Spain,seaweeds,2019,3189.8125,47377.525,3753.25,47246.100000000006,4190.8475,0.7611378128170972
182,Spain,seaweeds,2020,3468.4,49066.17,3818.35,52327.579999999994,4190.8475,0.8276130305385725
182,Spain,seaweeds,2021,4114.8975,50611.65,4961.99,54967.920000000006,4190.8475,0.9818771740083599
182,Spain,seaweeds,2022,4190.8475,53317.350000000006,4229.8,58727.8,4190.8475,1
183,Portugal,fish_oil,1976,6045,1644,6045,1644,6045,1
183,Portugal,fish_oil,1977,5773,1799.5,5501,1955,6045,0.955004135649297
183,Portugal,fish_oil,1978,5102,1771.3333333333333,3760,1715,6045,0.8440033085194375
183,Portugal,fish_oil,1979,4915,1817.75,4354,1957,6045,0.8130686517783292
183,Portugal,fish_oil,1980,4440.5,2031.5,4147,2499,6045,0.7345740281224152
183,Portugal,fish_oil,1981,4317.75,2274.5,5010,2927,6045,0.7142679900744416
183,Portugal,fish_oil,1982,4194.5,2223.5,3267,1511,6045,0.6938792390405294
183,Portugal,fish_oil,1983,3905.75,2076,3199,1367,6045,0.6461124896608768
183,Portugal,fish_oil,1984,3391.75,1819.75,2091,1474,6045,0.5610835401157982
183,Portugal,fish_oil,1985,2910.5,2666.25,3085,6313,6045,0.4814722911497105
183,Portugal,fish_oil,1986,2581,3037.75,1949,2997,6045,0.42696443341604634
183,Portugal,fish_oil,1987,2374.5,3058.75,2373,1451,6045,0.3928039702233251
183,Portugal,fish_oil,1988,2601,3272.25,2997,2328,6045,0.430272952853598
183,Portugal,fish_oil,1989,2297,2305,1869,2444,6045,0.37998345740281225
183,Portugal,fish_oil,1990,2162.25,3166.5,1410,6443,6045,0.3576923076923077
183,Portugal,fish_oil,1991,2404,4819.5,3340,8063,6045,0.3976840363937138
183,Portugal,fish_oil,1992,2438.25,8313,3134,16302,6045,0.4033498759305211
183,Portugal,fish_oil,1993,2526.75,9662.75,2223,7843,6045,0.41799007444168734
183,Portugal,fish_oil,1994,2559.5,9303.25,1541,5005,6045,0.4234077750206782
183,Portugal,fish_oil,1995,2332,8864.25,2430,6307,6045,0.3857733664185277
183,Portugal,fish_oil,1996,2109,6455.25,2242,6666,6045,0.3488833746898263
183,Portugal,fish_oil,1997,2081.75,5854.25,2114,5439,6045,0.34437551695616214
183,Portugal,fish_oil,1998,2137.25,5566,1763,3852,6045,0.3535566583953681
183,Portugal,fish_oil,1999,1834,4547.25,1217,2232,6045,0.3033912324234905
183,Portugal,fish_oil,2000,1681.5,3412.25,1632,2126,6045,0.27816377171215884
183,Portugal,fish_oil,2001,1498.25,2594,1381,2166,6045,0.2478494623655914
183,Portugal,fish_oil,2002,1358.25,1964.25,1203,1333,6045,0.22468982630272952
183,Portugal,fish_oil,2003,1410.75,1755.25,1427,1396,6045,0.23337468982630272
183,Portugal,fish_oil,2004,1263,1535.25,1041,1246,6045,0.20893300248138957
183,Portugal,fish_oil,2005,1265,1401.5,1389,1631,6045,0.20926385442514475
183,Portugal,fish_oil,2006,1210.5,1600,985,2127,6045,0.20024813895781637
183,Portugal,fish_oil,2007,1126.25,2227.5,1090,3906,6045,0.18631100082712987
183,Portugal,fish_oil,2008,1253,3913.75,1548,7991,6045,0.20727874276261374
183,Portugal,fish_oil,2009,1086.5,4857,723,5404,6045,0.17973531844499585
183,Portugal,fish_oil,2010,1037.25,5498,788,4691,6045,0.1715880893300248
183,Portugal,fish_oil,2011,988.5,6246,895,6898,6045,0.16352357320099256
183,Portugal,fish_oil,2012,832.5,5497.75,924,4998,6045,0.13771712158808933
183,Portugal,fish_oil,2013,939.75,5563,1152,5665,6045,0.1554590570719603
183,Portugal,fish_oil,2014,1650,6588.75,3629,8794,6045,0.2729528535980149
183,Portugal,fish_oil,2015,2039,6771,2451,7627,6045,0.33730355665839534
183,Portugal,fish_oil,2016,1962,6765,616,4974,6045,0.3245657568238213
183,Portugal,fish_oil,2017,1780.25,5541.75,425,772,6045,0.2944995864350703
183,Portugal,fish_oil,2018,1008.25,3677,541,1335,6045,0.16679073614557485
183,Portugal,fish_oil,2019,608.415,2063.535,851.6600000000001,1173.14,6045,0.10064764267990074
183,Portugal,fish_oil,2020,711.9825000000001,1256.8575,1030.27,1747.29,6045,0.11778039702233252
183,Portugal,fish_oil,2021,877.4649999999999,1557.8600000000001,1086.9299999999998,1976.0100000000002,6045,0.14515550041356493
183,Portugal,fish_oil,2022,968.5775,1771.7225,905.45,2190.45,6045,0.16022787427626137
183,Portugal,ornamentals,1988,1,11,1,11,51.355000000000004,0.01947230065232207
183,Portugal,ornamentals,1989,0.5,5.5,0,0,51.355000000000004,0.009736150326161035
183,Portugal,ornamentals,1990,0.3333333333333333,3.6666666666666665,0,0,51.355000000000004,0.006490766884107356
183,Portugal,ornamentals,1991,0.25,2.75,0,0,51.355000000000004,0.004868075163080517
183,Portugal,ornamentals,1992,0,0,0,0,51.355000000000004,0
183,Portugal,ornamentals,1993,33.376896007224786,0.25,133.50758402889915,1,51.355000000000004,0.6499249538939691
183,Portugal,ornamentals,1994,33.376896007224786,0.25,0,0,51.355000000000004,0.6499249538939691
183,Portugal,ornamentals,1995,33.376896007224786,0.25,0,0,51.355000000000004,0.6499249538939691
183,Portugal,ornamentals,1996,33.376896007224786,0.25,0,0,51.355000000000004,0.6499249538939691
183,Portugal,ornamentals,1997,0,0,0,0,51.355000000000004,0
183,Portugal,ornamentals,1998,0,0,0,0,51.355000000000004,0
183,Portugal,ornamentals,1999,0,0,0,0,51.355000000000004,0
183,Portugal,ornamentals,2000,0,0,0,0,51.355000000000004,0
183,Portugal,ornamentals,2001,0,0,0,0,51.355000000000004,0
183,Portugal,ornamentals,2002,0,0,0,0,51.355000000000004,0
183,Portugal,ornamentals,2003,0,0.25,0,1,51.355000000000004,0
183,Portugal,ornamentals,2004,0,0.25,0,0,51.355000000000004,0
183,Portugal,ornamentals,2005,10.25,62,41,247,51.355000000000004,0.19959108168630121
183,Portugal,ornamentals,2006,20,147.5,39,342,51.355000000000004,0.3894460130464414
183,Portugal,ornamentals,2007,22.5,227.75,10,322,51.355000000000004,0.4381267646772466
183,Portugal,ornamentals,2008,40.25,290,71,249,51.355000000000004,0.7837601012559633
183,Portugal,ornamentals,2009,36.5,647.5,26,1677,51.355000000000004,0.7107389738097556
183,Portugal,ornamentals,2010,27.75,675.5,4,454,51.355000000000004,0.5403563431019375
183,Portugal,ornamentals,2011,26.5,967.5,5,1490,51.355000000000004,0.5160159672865349
183,Portugal,ornamentals,2012,11.5,1262,11,1427,51.355000000000004,0.22393145750170382
183,Portugal,ornamentals,2013,8.5,1280,14,1749,51.355000000000004,0.1655145555447376
183,Portugal,ornamentals,2014,9.25,1416,7,998,51.355000000000004,0.18011878103397916
183,Portugal,ornamentals,2015,14.25,1284.5,25,964,51.355000000000004,0.2774802842955895
183,Portugal,ornamentals,2016,21.75,1139,41,845,51.355000000000004,0.42352253918800503
183,Portugal,ornamentals,2017,27.5,915,37,853,51.355000000000004,0.535488267938857
183,Portugal,ornamentals,2018,35.75,908,40,970,51.355000000000004,0.696134748320514
183,Portugal,ornamentals,2019,37.0625,863.2425000000001,30.25,784.97,51.355000000000004,0.7216921429266867
183,Portugal,ornamentals,2020,36.88,896.21,40.27,976.87,51.355000000000004,0.718138448057638
183,Portugal,ornamentals,2021,44.3825,1203.025,67.01,2080.26,51.355000000000004,0.8642293837016843
183,Portugal,ornamentals,2022,51.355000000000004,1336.9850000000001,67.89,1505.84,51.355000000000004,1
183,Portugal,seaweeds,1976,1152,4492,1152,4492,1820.705,0.632721940127588
183,Portugal,seaweeds,1977,1047,4180,942,3868,1820.705,0.5750519716263756
183,Portugal,seaweeds,1978,997,4367.666666666667,897,4743,1820.705,0.5475900818638934
183,Portugal,seaweeds,1979,1029.75,4537.5,1128,5047,1820.705,0.5655776196583192
183,Portugal,seaweeds,1980,972.75,5048.75,924,6537,1820.705,0.5342710653290895
183,Portugal,seaweeds,1981,856,5402.5,475,5283,1820.705,0.47014755273369385
183,Portugal,seaweeds,1982,877.75,5259.75,984,4172,1820.705,0.48209347478037357
183,Portugal,seaweeds,1983,676,4907,321,3636,1820.705,0.37128474958875823
183,Portugal,seaweeds,1984,521.25,4232.5,305,3839,1820.705,0.28629020077387607
183,Portugal,seaweeds,1985,484.5,4041.75,328,4520,1820.705,0.2661057117984517
183,Portugal,seaweeds,1986,321.25,4218.25,331,4878,1820.705,0.1764426417239476
183,Portugal,seaweeds,1987,327.75,4582.5,347,5093,1820.705,0.18001268739307028
183,Portugal,seaweeds,1988,427.75,5049.25,705,5706,1820.705,0.23493646691803452
183,Portugal,seaweeds,1989,518,5537.5,689,6473,1820.705,0.28450517793931474
183,Portugal,seaweeds,1990,501.75,4426.25,266,433,1820.705,0.27558006376650807
183,Portugal,seaweeds,1991,719.5,3902,1218,2996,1820.705,0.39517659368211766
183,Portugal,seaweeds,1992,927.5,3170.25,1537,2779,1820.705,0.5094180550940433
183,Portugal,seaweeds,1993,892.25,1831.5,548,1118,1820.705,0.4900574228114934
183,Portugal,seaweeds,1994,975,2537.75,597,3258,1820.705,0.5355068503684013
183,Portugal,seaweeds,1995,914.25,2778.5,975,3959,1820.705,0.5021406543069855
183,Portugal,seaweeds,1996,695.25,2955.5,661,3487,1820.705,0.38185757714731383
183,Portugal,seaweeds,1997,656.75,3506.75,394,3323,1820.705,0.3607119220302026
183,Portugal,seaweeds,1998,624,3513,466,3283,1820.705,0.34272438423577684
183,Portugal,seaweeds,1999,502,3756,487,4931,1820.705,0.27571737321532047
183,Portugal,seaweeds,2000,461.5,4072.25,499,4752,1820.705,0.2534732425077099
183,Portugal,seaweeds,2001,476,4412,452,4682,1820.705,0.26143719053882974
183,Portugal,seaweeds,2002,460.25,4616.25,403,4100,1820.705,0.2527866952636479
183,Portugal,seaweeds,2003,427.75,4446,357,4250,1820.705,0.23493646691803452
183,Portugal,seaweeds,2004,375.5,4132.75,290,3499,1820.705,0.2062387921162407
183,Portugal,seaweeds,2005,349.5,4446.5,348,5937,1820.705,0.19195860943975
183,Portugal,seaweeds,2006,335,5126.5,345,6820,1820.705,0.1839946614086302
183,Portugal,seaweeds,2007,367.25,5265.5,486,4806,1820.705,0.20170758030543115
183,Portugal,seaweeds,2008,353.5,5744.75,235,5416,1820.705,0.19415556062074857
183,Portugal,seaweeds,2009,312.25,5401,183,4562,1820.705,0.17149950156670082
183,Portugal,seaweeds,2010,286.75,5349.75,243,6615,1820.705,0.15749393778783494
183,Portugal,seaweeds,2011,208.75,5469.25,174,5284,1820.705,0.11465338975836284
183,Portugal,seaweeds,2012,294.5,5613.5,578,5993,1820.705,0.16175053070101966
183,Portugal,seaweeds,2013,536.25,6214.75,1150,6967,1820.705,0.2945287677026207
183,Portugal,seaweeds,2014,550.75,5379.75,301,3275,1820.705,0.30249271573374054
183,Portugal,seaweeds,2015,685.75,4568.5,714,2039,1820.705,0.37663981809244224
183,Portugal,seaweeds,2016,969.5,4140,1713,4279,1820.705,0.5324860424945282
183,Portugal,seaweeds,2017,1066.5,3719.75,1538,5286,1820.705,0.5857621086337436
183,Portugal,seaweeds,2018,1712.5,5717,2885,11264,1820.705,0.9405697243650125
183,Portugal,seaweeds,2019,1820.705,6418.6525,1146.82,4845.61,1820.705,1
183,Portugal,seaweeds,2020,1556.3,6327.32,655.38,3913.67,1820.705,0.8547787807470183
183,Portugal,seaweeds,2021,1479.1425,6953.0125,1229.37,7788.7699999999995,1820.705,0.812400965560044
183,Portugal,seaweeds,2022,859.1199999999999,4981.3724999999995,404.90999999999997,3377.4399999999996,1820.705,0.47186117465487265
184,Italy,fish_oil,1976,25,34,25,34,540.265,0.04627358796146336
184,Italy,fish_oil,1977,17.5,24.5,10,15,540.265,0.03239151157302435
184,Italy,fish_oil,1978,136.66666666666666,68,375,155,540.265,0.25296228085599964
184,Italy,fish_oil,1979,290.5,129.75,752,315,540.265,0.5376990921122042
184,Italy,fish_oil,1980,289.75,126.75,22,22,540.265,0.5363108844733603
184,Italy,fish_oil,1981,289.5,126,9,12,540.265,0.5358481485937456
184,Italy,fish_oil,1982,202.75,90,28,11,540.265,0.3752787983674678
184,Italy,fish_oil,1983,29.5,16.25,59,20,540.265,0.05460283379452676
184,Italy,fish_oil,1984,37.25,17.75,53,28,540.265,0.0689476460625804
184,Italy,fish_oil,1985,41.5,18.5,26,15,540.265,0.07681415601602917
184,Italy,fish_oil,1986,45.5,19,44,13,540.265,0.08421793008986331
184,Italy,fish_oil,1987,32.5,26.25,7,49,540.265,0.06015566434990236
184,Italy,fish_oil,1988,124.25,72.75,420,214,540.265,0.2299797321684729
184,Italy,fish_oil,1989,250.75,108.25,532,157,540.265,0.4641240872534775
184,Italy,fish_oil,1990,330.75,151.75,364,187,540.265,0.6121995687301602
184,Italy,fish_oil,1991,492.75,225.5,655,344,540.265,0.9120524187204427
184,Italy,fish_oil,1992,467,267.5,317,382,540.265,0.8643906231201355
184,Italy,fish_oil,1993,409.5,431.75,302,814,540.265,0.7579613708087698
184,Italy,fish_oil,1994,335.75,434.5,69,198,540.265,0.6214542863224529
184,Italy,fish_oil,1995,176,366.5,16,72,540.265,0.32576605924870206
184,Italy,fish_oil,1996,106.25,300,38,116,540.265,0.19666274883621926
184,Italy,fish_oil,1997,58.75,142.5,112,184,540.265,0.10874293170943888
184,Italy,fish_oil,1998,46,112.75,18,79,540.265,0.08514340184909258
184,Italy,fish_oil,1999,55.25,150.5,53,223,540.265,0.10226462939483402
184,Italy,fish_oil,2000,69.5,139.25,95,71,540.265,0.12864057453286815
184,Italy,fish_oil,2001,90.25,130.75,195,150,540.265,0.16704765254088272
184,Italy,fish_oil,2002,98,135,49,96,540.265,0.18139246480893637
184,Italy,fish_oil,2003,97.75,125.75,52,186,540.265,0.18092972892932171
184,Italy,fish_oil,2004,90.75,148.75,67,163,540.265,0.167973124300112
184,Italy,fish_oil,2005,61.75,149.25,79,152,540.265,0.1142957622648145
184,Italy,fish_oil,2006,62,246.5,50,485,540.265,0.11475849814442912
184,Italy,fish_oil,2007,61.25,267.5,49,270,540.265,0.11337029050558523
184,Italy,fish_oil,2008,80,334.75,142,432,540.265,0.14807548147668273
184,Italy,fish_oil,2009,142.75,448.25,330,606,540.265,0.2642221872599558
184,Italy,fish_oil,2010,139.5,468.5,37,566,540.265,0.25820662082496554
184,Italy,fish_oil,2011,152.75,650.5,102,998,540.265,0.2827316224445411
184,Italy,fish_oil,2012,148,656.5,123,456,540.265,0.27393964073186305
184,Italy,fish_oil,2013,105.75,644,161,556,540.265,0.19573727707699
184,Italy,fish_oil,2014,155.5,658.25,236,623,540.265,0.2878217171203021
184,Italy,fish_oil,2015,200.75,632,283,893,540.265,0.37157691133055076
184,Italy,fish_oil,2016,231.25,655.75,245,551,540.265,0.42803068864353605
184,Italy,fish_oil,2017,258.75,663,271,585,540.265,0.47893163540114575
184,Italy,fish_oil,2018,286.25,665,346,631,540.265,0.5298325821587554
184,Italy,fish_oil,2019,329.415,728.46,455.66,1146.84,540.265,0.6097285591330182
184,Italy,fish_oil,2020,457.95,998.6099999999999,759.14,1631.6,540.265,0.8476395842780857
184,Italy,fish_oil,2021,540.265,1271.6174999999998,600.26,1677.03,540.265,1
184,Italy,fish_oil,2022,510.0675,1362.1599999999999,225.20999999999998,993.17,540.265,0.9441061331013484
184,Italy,ornamentals,1988,56,286,56,286,133,0.42105263157894735
184,Italy,ornamentals,1989,30.5,230.5,5,175,133,0.22932330827067668
184,Italy,ornamentals,1990,26.666666666666668,189.66666666666666,19,108,133,0.2005012531328321
184,Italy,ornamentals,1991,26,190.5,24,193,133,0.19548872180451127
184,Italy,ornamentals,1992,18.5,134.25,26,61,133,0.13909774436090225
184,Italy,ornamentals,1993,31.25,139,56,194,133,0.2349624060150376
184,Italy,ornamentals,1994,33.75,178,29,264,133,0.25375939849624063
184,Italy,ornamentals,1995,29.25,183.75,6,216,133,0.2199248120300752
184,Italy,ornamentals,1996,63,395.5,161,908,133,0.47368421052631576
184,Italy,ornamentals,1997,83,550.25,136,813,133,0.6240601503759399
184,Italy,ornamentals,1998,107.75,631.75,128,590,133,0.8101503759398496
184,Italy,ornamentals,1999,133,694.25,107,466,133,1
184,Italy,ornamentals,2000,123.5,588.5,123,485,133,0.9285714285714286
184,Italy,ornamentals,2001,118.75,501.25,117,464,133,0.8928571428571429
184,Italy,ornamentals,2002,128,539,165,741,133,0.9624060150375939
184,Italy,ornamentals,2003,130,595.25,115,691,133,0.9774436090225563
184,Italy,ornamentals,2004,129.25,637.25,120,653,133,0.9718045112781954
184,Italy,ornamentals,2005,123.75,661,95,559,133,0.9304511278195489
184,Italy,ornamentals,2006,109.75,633.75,109,632,133,0.825187969924812
184,Italy,ornamentals,2007,105.5,629.5,98,674,133,0.793233082706767
184,Italy,ornamentals,2008,128,904.5,210,1753,133,0.9624060150375939
184,Italy,ornamentals,2009,130.75,958,106,773,133,0.9830827067669173
184,Italy,ornamentals,2010,126,1022.25,90,889,133,0.9473684210526315
184,Italy,ornamentals,2011,108.25,917.75,27,256,133,0.8139097744360902
184,Italy,ornamentals,2012,67.75,604.75,48,501,133,0.5093984962406015
184,Italy,ornamentals,2013,50,524,35,450,133,0.37593984962406013
184,Italy,ornamentals,2014,38,414,42,449,133,0.2857142857142857
184,Italy,ornamentals,2015,39.5,432.75,33,331,133,0.29699248120300753
184,Italy,ornamentals,2016,51,499.75,94,769,133,0.38345864661654133
184,Italy,ornamentals,2017,68.25,773,104,1543,133,0.5131578947368421
184,Italy,ornamentals,2018,67.75,773.75,40,452,133,0.5093984962406015
184,Italy,ornamentals,2019,68.76,777.81,37.04,347.24,133,0.5169924812030076
184,Italy,ornamentals,2020,51.79,643.885,26.12,233.3,133,0.3893984962406015
184,Italy,ornamentals,2021,29.54,296.345,15,152.84,133,0.22210526315789472
184,Italy,ornamentals,2022,22.5125,206.9875,11.89,94.57,133,0.16926691729323307
184,Italy,seaweeds,1976,11,92,11,92,1633.87,0.006732481776395919
184,Italy,seaweeds,1977,14,122,17,152,1633.87,0.008568613169958442
184,Italy,seaweeds,1978,14.666666666666666,128.33333333333334,16,141,1633.87,0.008976642368527892
184,Italy,seaweeds,1979,24.75,155.25,55,236,1633.87,0.015148083996890818
184,Italy,seaweeds,1980,32.25,196,41,255,1633.87,0.019738412480797128
184,Italy,seaweeds,1981,36,207,32,196,1633.87,0.022033576722750282
184,Italy,seaweeds,1982,40,223.5,32,207,1633.87,0.024481751914166978
184,Italy,seaweeds,1983,43.5,308.5,69,576,1633.87,0.02662390520665659
184,Italy,seaweeds,1984,56.25,469.75,92,900,1633.87,0.034427463629297314
184,Italy,seaweeds,1985,86.5,907.75,153,1948,1633.87,0.05294178851438609
184,Italy,seaweeds,1986,89.75,968,45,448,1633.87,0.05493093085741216
184,Italy,seaweeds,1987,91.25,1034.25,75,841,1633.87,0.055848996554193425
184,Italy,seaweeds,1988,151.75,1068,334,1035,1633.87,0.09287764632437098
184,Italy,seaweeds,1989,258.75,961.75,581,1523,1633.87,0.15836633269476766
184,Italy,seaweeds,1990,285.25,908.5,151,235,1633.87,0.17458549333790327
184,Italy,seaweeds,1991,275.75,719.75,37,86,1633.87,0.1687710772582886
184,Italy,seaweeds,1992,194.25,474.5,8,54,1633.87,0.11888950773317339
184,Italy,seaweeds,1993,50.5,102.5,6,35,1633.87,0.03090821179163581
184,Italy,seaweeds,1994,50.25,597.25,150,2214,1633.87,0.03075520084217227
184,Italy,seaweeds,1995,117.25,1824,305,4993,1633.87,0.07176213529840196
184,Italy,seaweeds,1996,179.5,3066.75,257,5025,1633.87,0.10986186171482432
184,Italy,seaweeds,1997,255,4232.75,308,4699,1633.87,0.1560711684528145
184,Italy,seaweeds,1998,279,4568.75,246,3558,1633.87,0.17076021960131468
184,Italy,seaweeds,1999,273.75,4221.75,284,3605,1633.87,0.16754698966258028
184,Italy,seaweeds,2000,329.25,4084,479,4474,1633.87,0.20151542044348694
184,Italy,seaweeds,2001,322.25,3532.5,280,2493,1633.87,0.19723111385850772
184,Italy,seaweeds,2002,376.75,3369,464,2904,1633.87,0.23058750084156024
184,Italy,seaweeds,2003,394.5,3404.75,355,3748,1633.87,0.24145127825347185
184,Italy,seaweeds,2004,388,3621.5,453,5341,1633.87,0.2374729935674197
184,Italy,seaweeds,2005,444.5,4385.5,506,5549,1633.87,0.27205346814618053
184,Italy,seaweeds,2006,485.5,5491,628,7326,1633.87,0.2971472638582017
184,Italy,seaweeds,2007,630,6337,933,7132,1633.87,0.3855875926481299
184,Italy,seaweeds,2008,666.75,7202.5,600,8803,1633.87,0.4080802022192708
184,Italy,seaweeds,2009,652.75,7765.75,450,7802,1633.87,0.3995115890493124
184,Italy,seaweeds,2010,604.75,7809.5,436,7501,1633.87,0.370133486752312
184,Italy,seaweeds,2011,506.5,8433,540,9626,1633.87,0.31000018361313936
184,Italy,seaweeds,2012,515.5,8890.5,636,10633,1633.87,0.31550857779382696
184,Italy,seaweeds,2013,605.5,10619.75,810,14719,1633.87,0.37059251960070266
184,Italy,seaweeds,2014,746.5,14056.5,1000,21248,1633.87,0.45689069509814123
184,Italy,seaweeds,2015,790.5,14654.75,716,12019,1633.87,0.4838206222037249
184,Italy,seaweeds,2016,908,15967.25,1106,15883,1633.87,0.5557357684515905
184,Italy,seaweeds,2017,1057.5,17273.25,1408,19943,1633.87,0.6472363162307895
184,Italy,seaweeds,2018,1270,17838.5,1850,23509,1633.87,0.7772956232748016
184,Italy,seaweeds,2019,1409.1975,18972.1575,1272.79,16553.63,1633.87,0.8624905898266081
184,Italy,seaweeds,2020,1540.7125,18275.572500000002,1632.06,13096.66,1633.87,0.9429835299013999
184,Italy,seaweeds,2021,1633.87,17793.745,1780.63,18015.69,1633.87,1
184,Italy,seaweeds,2022,1576.21,16845.4525,1619.36,19715.83,1633.87,0.9647095546157284
186,Montenegro,fish_oil,2000,1,17,1,17,1,1
186,Montenegro,fish_oil,2001,0.5,9.5,0,2,1,0.5
186,Montenegro,fish_oil,2002,0.3333333333333333,6.333333333333333,0,0,1,0.3333333333333333
186,Montenegro,fish_oil,2003,0.25,4.75,0,0,1,0.25
186,Montenegro,fish_oil,2004,0,5.5,0,20,1,0
186,Montenegro,fish_oil,2005,0,5,0,0,1,0
186,Montenegro,fish_oil,2006,0,5,0,0,1,0
186,Montenegro,fish_oil,2007,0,5,0,0,1,0
186,Montenegro,fish_oil,2008,0,0,0,0,1,0
186,Montenegro,fish_oil,2009,0,0,0,0,1,0
186,Montenegro,fish_oil,2010,0,0,0,0,1,0
186,Montenegro,fish_oil,2011,0,0,0,0,1,0
186,Montenegro,fish_oil,2012,0,0.25,0,1,1,0
186,Montenegro,fish_oil,2013,0,0.25,0,0,1,0
186,Montenegro,fish_oil,2014,0,0.25,0,0,1,0
186,Montenegro,fish_oil,2015,0,0.25,0,0,1,0
186,Montenegro,fish_oil,2016,0,0,0,0,1,0
186,Montenegro,fish_oil,2017,0,0,0,0,1,0
186,Montenegro,fish_oil,2018,0,0,0,0,1,0
186,Montenegro,fish_oil,2019,0,0,0,0,1,0
186,Montenegro,fish_oil,2020,0,0,0,0,1,0
186,Montenegro,fish_oil,2021,0,0,0,0,1,0
186,Montenegro,fish_oil,2022,0,0,0,0,1,0
186,Montenegro,seaweeds,2000,345.2154093912104,2,345.2154093912104,2,345.2154093912104,1
186,Montenegro,seaweeds,2001,333.3096005066618,1.5,321.4037916221132,1,345.2154093912104,0.9655119425128079
186,Montenegro,seaweeds,2002,222.20640033777454,1.3333333333333333,0,1,345.2154093912104,0.643674628341872
186,Montenegro,seaweeds,2003,166.6548002533309,1,0,0,345.2154093912104,0.48275597125640396
186,Montenegro,seaweeds,2004,80.3509479055283,3.5,0,12,345.2154093912104,0.23275597125640396
186,Montenegro,seaweeds,2005,0,5.5,0,9,345.2154093912104,0
186,Montenegro,seaweeds,2006,0,5.25,0,0,345.2154093912104,0
186,Montenegro,seaweeds,2007,0,5.25,0,0,345.2154093912104,0
186,Montenegro,seaweeds,2008,0,2.25,0,0,345.2154093912104,0
186,Montenegro,seaweeds,2009,0,0,0,0,345.2154093912104,0
186,Montenegro,seaweeds,2010,0,0,0,0,345.2154093912104,0
186,Montenegro,seaweeds,2011,0,0,0,0,345.2154093912104,0
186,Montenegro,seaweeds,2012,0,0,0,0,345.2154093912104,0
186,Montenegro,seaweeds,2013,0,0,0,0,345.2154093912104,0
186,Montenegro,seaweeds,2014,0,0,0,0,345.2154093912104,0
186,Montenegro,seaweeds,2015,0,0,0,0,345.2154093912104,0
186,Montenegro,seaweeds,2016,0,0,0,0,345.2154093912104,0
186,Montenegro,seaweeds,2017,0,0,0,0,345.2154093912104,0
186,Montenegro,seaweeds,2018,0,0,0,0,345.2154093912104,0
186,Montenegro,seaweeds,2019,0,0,0,0,345.2154093912104,0
186,Montenegro,seaweeds,2020,0,0,0,0,345.2154093912104,0
186,Montenegro,seaweeds,2021,0,0,0,0,345.2154093912104,0
186,Montenegro,seaweeds,2022,0,0,0,0,345.2154093912104,0
187,Croatia,fish_oil,1992,4,2,4,2,59.5,0.06722689075630252
187,Croatia,fish_oil,1993,59.5,10.5,115,19,59.5,1
187,Croatia,fish_oil,1994,55,11.333333333333334,46,13,59.5,0.9243697478991597
187,Croatia,fish_oil,1995,45.25,9.75,16,5,59.5,0.7605042016806722
187,Croatia,fish_oil,1996,47.75,11.5,14,9,59.5,0.8025210084033614
187,Croatia,fish_oil,1997,23,8.5,16,7,59.5,0.3865546218487395
187,Croatia,fish_oil,1998,22.25,8.25,43,12,59.5,0.3739495798319328
187,Croatia,fish_oil,1999,18.25,7,0,0,59.5,0.3067226890756303
187,Croatia,fish_oil,2000,21.75,8.25,28,14,59.5,0.36554621848739494
187,Croatia,fish_oil,2001,24.5,10.25,27,15,59.5,0.4117647058823529
187,Croatia,fish_oil,2002,14,8,1,3,59.5,0.23529411764705882
187,Croatia,fish_oil,2003,14,10.5,0,10,59.5,0.23529411764705882
187,Croatia,fish_oil,2004,10.75,8.75,15,7,59.5,0.18067226890756302
187,Croatia,fish_oil,2005,4,6,0,4,59.5,0.06722689075630252
187,Croatia,fish_oil,2006,6.75,7.5,12,9,59.5,0.1134453781512605
187,Croatia,fish_oil,2007,7.25,69.25,2,257,59.5,0.12184873949579832
187,Croatia,fish_oil,2008,5.75,186.5,9,476,59.5,0.09663865546218488
187,Croatia,fish_oil,2009,6.75,269,4,334,59.5,0.1134453781512605
187,Croatia,fish_oil,2010,5,332.5,5,263,59.5,0.08403361344537816
187,Croatia,fish_oil,2011,5.25,324.5,3,225,59.5,0.08823529411764706
187,Croatia,fish_oil,2012,3.75,264.25,3,235,59.5,0.06302521008403361
187,Croatia,fish_oil,2013,19,262.5,65,327,59.5,0.31932773109243695
187,Croatia,fish_oil,2014,19.25,236,6,157,59.5,0.3235294117647059
187,Croatia,fish_oil,2015,36,245.5,70,263,59.5,0.6050420168067226
187,Croatia,fish_oil,2016,47.25,246,48,237,59.5,0.7941176470588235
187,Croatia,fish_oil,2017,31.75,190.5,3,105,59.5,0.5336134453781513
187,Croatia,fish_oil,2018,31.75,153.5,6,9,59.5,0.5336134453781513
187,Croatia,fish_oil,2019,25.877499999999998,99.9,46.51,48.6,59.5,0.4349159663865546
187,Croatia,fish_oil,2020,13.885,40.7675,0.03,0.47,59.5,0.23336134453781512
187,Croatia,fish_oil,2021,13.2175,15.58,0.32999999999999996,4.25,59.5,0.22214285714285714
187,Croatia,fish_oil,2022,12.195,16.515,1.91,12.74,59.5,0.20495798319327732
187,Croatia,seaweeds,1995,1,0,1,0,2.6666666666666665,0.375
187,Croatia,seaweeds,1996,2,8.5,3,17,2.6666666666666665,0.75
187,Croatia,seaweeds,1997,2.6666666666666665,9.666666666666666,4,12,2.6666666666666665,1
187,Croatia,seaweeds,1998,2,7.25,0,0,2.6666666666666665,0.75
187,Croatia,seaweeds,1999,2.5,12,3,19,2.6666666666666665,0.9375
187,Croatia,seaweeds,2000,2.5,10.25,3,10,2.6666666666666665,0.9375
187,Croatia,seaweeds,2001,1.75,8.75,1,6,2.6666666666666665,0.65625
187,Croatia,seaweeds,2002,2,9.75,1,4,2.6666666666666665,0.75
187,Croatia,seaweeds,2003,1.5,7.75,1,11,2.6666666666666665,0.5625
187,Croatia,seaweeds,2004,0.75,5.75,0,2,2.6666666666666665,0.28125
187,Croatia,seaweeds,2005,0.5,5.25,0,4,2.6666666666666665,0.1875
187,Croatia,seaweeds,2006,0.25,6.5,0,9,2.6666666666666665,0.09375
187,Croatia,seaweeds,2007,0,8,0,17,2.6666666666666665,0
187,Croatia,seaweeds,2008,0.25,14.5,1,28,2.6666666666666665,0.09375
187,Croatia,seaweeds,2009,0.25,16,0,10,2.6666666666666665,0.09375
187,Croatia,seaweeds,2010,0.25,18.25,0,18,2.6666666666666665,0.09375
187,Croatia,seaweeds,2011,0.25,17.25,0,13,2.6666666666666665,0.09375
187,Croatia,seaweeds,2012,0.75,13,3,11,2.6666666666666665,0.28125
187,Croatia,seaweeds,2013,0.75,12.5,0,8,2.6666666666666665,0.28125
187,Croatia,seaweeds,2014,0.75,10,0,8,2.6666666666666665,0.28125
187,Croatia,seaweeds,2015,0.75,9.25,0,10,2.6666666666666665,0.28125
187,Croatia,seaweeds,2016,0,9.75,0,13,2.6666666666666665,0
187,Croatia,seaweeds,2017,0,9,0,5,2.6666666666666665,0
187,Croatia,seaweeds,2018,0,8.5,0,6,2.6666666666666665,0
187,Croatia,seaweeds,2019,0.1375,10.1525,0.55,16.61,2.6666666666666665,0.051562500000000004
187,Croatia,seaweeds,2020,0.2275,9.2125,0.36,9.24,2.6666666666666665,0.08531250000000001
187,Croatia,seaweeds,2021,0.42500000000000004,21.0625,0.79,52.4,2.6666666666666665,0.15937500000000002
187,Croatia,seaweeds,2022,0.63,25.064999999999998,0.82,22.009999999999998,2.6666666666666665,0.23625000000000002
188,Slovenia,fish_oil,1992,1,4,1,4,202.46750000000003,0.00493906429426945
188,Slovenia,fish_oil,1993,0.5,2,0,0,202.46750000000003,0.002469532147134725
188,Slovenia,fish_oil,1994,0.3333333333333333,1.3333333333333333,0,0,202.46750000000003,0.0016463547647564832
188,Slovenia,fish_oil,1995,0.25,1,0,0,202.46750000000003,0.0012347660735673625
188,Slovenia,fish_oil,1996,0,0,0,0,202.46750000000003,0
188,Slovenia,fish_oil,1997,0,0.25,0,1,202.46750000000003,0
188,Slovenia,fish_oil,1998,193.08529806631486,2.5,772.3411922652595,9,202.46750000000003,0.9536607014277098
188,Slovenia,fish_oil,1999,193.33529806631486,4.5,1,8,202.46750000000003,0.9548954675012772
188,Slovenia,fish_oil,2000,193.83529806631486,6.75,2,9,202.46750000000003,0.9573649996484119
188,Slovenia,fish_oil,2001,194.33529806631486,9.25,2,11,202.46750000000003,0.9598345317955466
188,Slovenia,fish_oil,2002,2,10.75,3,15,202.46750000000003,0.0098781285885389
188,Slovenia,fish_oil,2003,2,11.75,1,12,202.46750000000003,0.0098781285885389
188,Slovenia,fish_oil,2004,1.75,12.5,1,12,202.46750000000003,0.008643362514971538
188,Slovenia,fish_oil,2005,2,14,3,17,202.46750000000003,0.0098781285885389
188,Slovenia,fish_oil,2006,109.28691538870044,14.75,432.14766155480174,18,202.46750000000003,0.5397751016271768
188,Slovenia,fish_oil,2007,110.28691538870044,27,5,61,202.46750000000003,0.5447141659214463
188,Slovenia,fish_oil,2008,111.78691538870044,84.25,7,241,202.46750000000003,0.5521227623628504
188,Slovenia,fish_oil,2009,115.78691538870044,337,19,1028,202.46750000000003,0.5718790195399283
188,Slovenia,fish_oil,2010,13.5,652.5,23,1280,202.46750000000003,0.06667736797263757
188,Slovenia,fish_oil,2011,18,853,23,863,202.46750000000003,0.0889031572968501
188,Slovenia,fish_oil,2012,20.75,955.5,18,651,202.46750000000003,0.10248558410609108
188,Slovenia,fish_oil,2013,16.75,721.25,3,91,202.46750000000003,0.08272932692901329
188,Slovenia,fish_oil,2014,11,401.5,0,1,202.46750000000003,0.054329707236963946
188,Slovenia,fish_oil,2015,5.25,186.25,0,2,202.46750000000003,0.02593008754491461
188,Slovenia,fish_oil,2016,0.75,24.5,0,4,202.46750000000003,0.0037042982207020876
188,Slovenia,fish_oil,2017,6,27.25,24,102,202.46750000000003,0.0296343857656167
188,Slovenia,fish_oil,2018,11.5,35,22,32,202.46750000000003,0.05679923938409867
188,Slovenia,fish_oil,2019,17.05,42.8975,22.200000000000003,33.589999999999996,202.46750000000003,0.08421104621729412
188,Slovenia,fish_oil,2020,17.2975,42.714999999999996,0.99,3.27,202.46750000000003,0.08543346463012581
188,Slovenia,fish_oil,2021,67.2625,106.84,223.86,358.5,202.46750000000003,0.33221381209329887
188,Slovenia,fish_oil,2022,202.46750000000003,365.5825,562.82,1066.97,202.46750000000003,1
188,Slovenia,ornamentals,2008,1,7,1,7,1,1
188,Slovenia,ornamentals,2009,0.5,5.5,0,4,1,0.5
188,Slovenia,ornamentals,2010,0.3333333333333333,3.6666666666666665,0,0,1,0.3333333333333333
188,Slovenia,ornamentals,2011,0.5,7,1,17,1,0.5
188,Slovenia,ornamentals,2012,0.25,6,0,3,1,0.25
188,Slovenia,ornamentals,2013,0.25,6.25,0,5,1,0.25
188,Slovenia,ornamentals,2014,0.25,6.25,0,0,1,0.25
188,Slovenia,ornamentals,2015,0,2,0,0,1,0
188,Slovenia,ornamentals,2016,0,1.25,0,0,1,0
188,Slovenia,ornamentals,2017,0,0,0,0,1,0
188,Slovenia,ornamentals,2018,0,0,0,0,1,0
188,Slovenia,ornamentals,2019,0,0,0,0,1,0
188,Slovenia,ornamentals,2020,0,0,0,0,1,0
188,Slovenia,ornamentals,2021,0,0,0,0,1,0
188,Slovenia,ornamentals,2022,0,0,0,0,1,0
188,Slovenia,seaweeds,1994,0,3,0,3,49.04834485666265,0
188,Slovenia,seaweeds,1995,0,1.5,0,0,49.04834485666265,0
188,Slovenia,seaweeds,1996,0,1.3333333333333333,0,1,49.04834485666265,0
188,Slovenia,seaweeds,1997,0,1,0,0,49.04834485666265,0
188,Slovenia,seaweeds,1998,15.166602711163932,2,60.66641084465573,7,49.04834485666265,0.30921742120934637
188,Slovenia,seaweeds,1999,49.04834485666265,3,135.52696858199488,4,49.04834485666265,1
188,Slovenia,seaweeds,2000,49.04834485666265,2.75,0,0,49.04834485666265,1
188,Slovenia,seaweeds,2001,49.04834485666265,3.5,0,3,49.04834485666265,1
188,Slovenia,seaweeds,2002,33.88174214549872,3.75,0,8,49.04834485666265,0.6907825787906536
188,Slovenia,seaweeds,2003,0,4.25,0,6,49.04834485666265,0
188,Slovenia,seaweeds,2004,11.37965153714299,6.5,45.51860614857196,9,49.04834485666265,0.23200887961456249
188,Slovenia,seaweeds,2005,12.62965153714299,32.5,5,107,49.04834485666265,0.2574939393786169
188,Slovenia,seaweeds,2006,22.677744992507996,31.25,40.19237382146002,3,49.04834485666265,0.4623549491584421
188,Slovenia,seaweeds,2007,29.75097560326458,54.75,28.292922443026328,100,49.04834485666265,0.6065643130304987
188,Slovenia,seaweeds,2008,28.475358736160842,150.75,40.41613868015702,393,49.04834485666265,0.580556975355159
188,Slovenia,seaweeds,2009,28.225358736160842,145,4,84,49.04834485666265,0.5754599634023482
188,Slovenia,seaweeds,2010,22.427265280795837,226.25,17,328,49.04834485666265,0.4572481568203081
188,Slovenia,seaweeds,2011,22.104034670039255,331.75,27,522,49.04834485666265,0.45065811567414543
188,Slovenia,seaweeds,2012,16.5,310,18,306,49.04834485666265,0.3364027888855186
188,Slovenia,seaweeds,2013,20.5,447.5,20,634,49.04834485666265,0.41795498013049287
188,Slovenia,seaweeds,2014,18.75,434,10,274,49.04834485666265,0.3822758964608166
188,Slovenia,seaweeds,2015,13.25,350.5,5,188,49.04834485666265,0.2701416334989771
188,Slovenia,seaweeds,2016,9.75,302.75,4,115,49.04834485666265,0.19878346615962464
188,Slovenia,seaweeds,2017,5,152.75,1,34,49.04834485666265,0.10194023905621777
188,Slovenia,seaweeds,2018,3.25,94.25,3,40,49.04834485666265,0.06626115538654155
188,Slovenia,seaweeds,2019,4.647500000000001,98.69999999999999,10.590000000000002,205.79999999999998,49.04834485666265,0.09475345220275444
188,Slovenia,seaweeds,2020,4.495,95.595,3.3899999999999997,102.58,49.04834485666265,0.09164427491153977
188,Slovenia,seaweeds,2021,9.540000000000001,185.8475,21.18,395.01,49.04834485666265,0.1945019761192635
188,Slovenia,seaweeds,2022,13.600000000000001,233.5825,19.240000000000002,230.94000000000003,49.04834485666265,0.27727745023291234
189,Lithuania,fish_oil,1994,75,46,75,46,664.5,0.11286681715575621
189,Lithuania,fish_oil,1995,37.5,50,0,54,664.5,0.056433408577878104
189,Lithuania,fish_oil,1996,33.333333333333336,43,25,29,664.5,0.050163029847002764
189,Lithuania,fish_oil,1997,26.25,33,5,3,664.5,0.039503386004514675
189,Lithuania,fish_oil,1998,8.75,24,5,10,664.5,0.013167795334838224
189,Lithuania,fish_oil,1999,8.75,10.5,0,0,664.5,0.013167795334838224
189,Lithuania,fish_oil,2000,15.75,7,53,15,664.5,0.023702031602708805
189,Lithuania,fish_oil,2001,53.75,14,157,31,664.5,0.08088788562829195
189,Lithuania,fish_oil,2002,195.5,40.25,572,115,664.5,0.2942061700526712
189,Lithuania,fish_oil,2003,419.25,88.5,895,193,664.5,0.6309255079006773
189,Lithuania,fish_oil,2004,591,135,740,201,664.5,0.8893905191873589
189,Lithuania,fish_oil,2005,664.5,160,451,131,664.5,1
189,Lithuania,fish_oil,2006,586.75,150.75,261,78,664.5,0.882994732881866
189,Lithuania,fish_oil,2007,422,132.25,236,119,664.5,0.6350639578630549
189,Lithuania,fish_oil,2008,283.5,213.75,186,527,664.5,0.42663656884875845
189,Lithuania,fish_oil,2009,223.75,328.5,212,590,664.5,0.336719337848006
189,Lithuania,fish_oil,2010,190.5,407.75,128,395,664.5,0.2866817155756208
189,Lithuania,fish_oil,2011,140.75,458.25,37,321,664.5,0.21181339352896916
189,Lithuania,fish_oil,2012,104.25,405.5,40,316,664.5,0.15688487584650113
189,Lithuania,fish_oil,2013,158,479,427,884,664.5,0.23777276147479307
189,Lithuania,fish_oil,2014,195.25,576.75,277,786,664.5,0.2938299473288187
189,Lithuania,fish_oil,2015,310.25,705.25,497,835,664.5,0.46689240030097817
189,Lithuania,fish_oil,2016,372.75,812,290,743,664.5,0.5609480812641083
189,Lithuania,fish_oil,2017,405.25,863.25,557,1089,664.5,0.6098570353649361
189,Lithuania,fish_oil,2018,399.25,878.5,253,847,664.5,0.6008276899924756
189,Lithuania,fish_oil,2019,281.165,789.71,24.66,479.84000000000003,664.5,0.42312264860797594
189,Lithuania,fish_oil,2020,217.1375,739.37,33.89,541.64,664.5,0.3267682468021068
189,Lithuania,fish_oil,2021,215.73,901.745,551.37,1738.5,664.5,0.32465011286681716
189,Lithuania,fish_oil,2022,207.8,980.2925,221.28,1161.19,664.5,0.31271632806621524
189,Lithuania,ornamentals,2015,0,4,0,4,30.9175,0
189,Lithuania,ornamentals,2016,0,2,0,0,30.9175,0
189,Lithuania,ornamentals,2017,4.666666666666667,26.666666666666668,14,76,30.9175,0.15093932778092237
189,Lithuania,ornamentals,2018,8.25,45,19,100,30.9175,0.26683916875555913
189,Lithuania,ornamentals,2019,17.927500000000002,96.08500000000001,38.71,208.34,30.9175,0.579849599741247
189,Lithuania,ornamentals,2020,23.92,132.0675,23.97,143.93,30.9175,0.7736718686827849
189,Lithuania,ornamentals,2021,26.8475,162.04250000000002,25.71,195.9,30.9175,0.8683593434139242
189,Lithuania,ornamentals,2022,30.9175,195.79500000000002,35.28,235.01,30.9175,1
189,Lithuania,seaweeds,1996,1,9,1,9,263.22,0.003799103411594863
189,Lithuania,seaweeds,1997,0.5,5.5,0,2,263.22,0.0018995517057974315
189,Lithuania,seaweeds,1998,0.3333333333333333,6.333333333333333,0,8,263.22,0.0012663678038649544
189,Lithuania,seaweeds,1999,0.75,13.25,2,34,263.22,0.0028493275586961475
189,Lithuania,seaweeds,2000,0.5,12.5,0,6,263.22,0.0018995517057974315
189,Lithuania,seaweeds,2001,4.805723263875308,18.5,17.22289305550123,26,263.22,0.018257439646969482
189,Lithuania,seaweeds,2002,13.055723263875308,35.25,33,75,263.22,0.04960004279262711
189,Lithuania,seaweeds,2003,26.094452363446436,50.25,54.15491639828451,94,263.22,0.09913552299766899
189,Lithuania,seaweeds,2004,26.594452363446436,53.75,2,20,263.22,0.10103507470346643
189,Lithuania,seaweeds,2005,24.28872909957113,58,8,43,263.22,0.0922753935854841
189,Lithuania,seaweeds,2006,31.53872909957113,140.5,62,405,263.22,0.11981889331954686
189,Lithuania,seaweeds,2007,19.75,135,7,72,263.22,0.07503229237899856
189,Lithuania,seaweeds,2008,25.5,165.75,25,143,263.22,0.09687713699566901
189,Lithuania,seaweeds,2009,32.5,202.75,36,191,263.22,0.12347086087683305
189,Lithuania,seaweeds,2010,39.5,207,90,422,263.22,0.1500645847579971
189,Lithuania,seaweeds,2011,63.75,403.75,104,859,263.22,0.24219284248917253
189,Lithuania,seaweeds,2012,72.5,515.75,60,591,263.22,0.2754349973406276
189,Lithuania,seaweeds,2013,66.75,600.25,13,529,263.22,0.25359015272395713
189,Lithuania,seaweeds,2014,60.5,637.75,65,572,263.22,0.22984575640148922
189,Lithuania,seaweeds,2015,67,581.25,130,633,263.22,0.2545399285768558
189,Lithuania,seaweeds,2016,82,598.75,120,661,263.22,0.3115264797507788
189,Lithuania,seaweeds,2017,115,655.25,145,755,263.22,0.4368968923334093
189,Lithuania,seaweeds,2018,148,800,197,1151,263.22,0.5622673049160397
189,Lithuania,seaweeds,2019,136.815,764.975,85.25999999999999,492.9,263.22,0.5197743332573512
189,Lithuania,seaweeds,2020,162.89249999999998,770.035,224.31,681.24,263.22,0.6188454524732162
189,Lithuania,seaweeds,2021,229.675,1097.1425,412.13000000000005,2063.43,263.22,0.8725590760580503
189,Lithuania,seaweeds,2022,263.22,1422.6975,331.18,2453.22,263.22,1
191,Iran,fish_oil,1984,1,20,1,20,1.5,0.6666666666666666
191,Iran,fish_oil,1985,0.5,10,0,0,1.5,0.3333333333333333
191,Iran,fish_oil,1986,0.3333333333333333,6.666666666666667,0,0,1.5,0.2222222222222222
191,Iran,fish_oil,1987,0.25,5,0,0,1.5,0.16666666666666666
191,Iran,fish_oil,1988,0,0,0,0,1.5,0
191,Iran,fish_oil,1989,0,0,0,0,1.5,0
191,Iran,fish_oil,1990,0,0,0,0,1.5,0
191,Iran,fish_oil,1991,0,0,0,0,1.5,0
191,Iran,fish_oil,1992,0,0,0,0,1.5,0
191,Iran,fish_oil,1993,0,0,0,0,1.5,0
191,Iran,fish_oil,1994,0,0,0,0,1.5,0
191,Iran,fish_oil,1995,0,0,0,0,1.5,0
191,Iran,fish_oil,1996,0,0,0,0,1.5,0
191,Iran,fish_oil,1997,0,0,0,0,1.5,0
191,Iran,fish_oil,1998,0,0,0,0,1.5,0
191,Iran,fish_oil,1999,0,0,0,0,1.5,0
191,Iran,fish_oil,2000,0,0,0,0,1.5,0
191,Iran,fish_oil,2001,0,0,0,0,1.5,0
191,Iran,fish_oil,2002,0,0,0,0,1.5,0
191,Iran,fish_oil,2003,0,0,0,0,1.5,0
191,Iran,fish_oil,2004,0,0,0,0,1.5,0
191,Iran,fish_oil,2005,0,0,0,0,1.5,0
191,Iran,fish_oil,2006,0,0,0,0,1.5,0
191,Iran,fish_oil,2007,0,0,0,0,1.5,0
191,Iran,fish_oil,2008,0,0,0,0,1.5,0
191,Iran,fish_oil,2009,0,0,0,0,1.5,0
191,Iran,fish_oil,2010,0.5,5.5,2,22,1.5,0.3333333333333333
191,Iran,fish_oil,2011,1.5,6,4,2,1.5,1
191,Iran,fish_oil,2012,1.5,6,0,0,1.5,1
191,Iran,fish_oil,2013,1.5,6,0,0,1.5,1
191,Iran,fish_oil,2014,1,0.5,0,0,1.5,0.6666666666666666
191,Iran,fish_oil,2015,0,0,0,0,1.5,0
191,Iran,fish_oil,2016,0,0,0,0,1.5,0
191,Iran,fish_oil,2017,0.25,0.5,1,2,1.5,0.16666666666666666
191,Iran,fish_oil,2018,0.25,0.5,0,0,1.5,0.16666666666666666
191,Iran,fish_oil,2019,0.25,0.5,0,0,1.5,0.16666666666666666
191,Iran,fish_oil,2020,0.25,0.5,0,0,1.5,0.16666666666666666
191,Iran,fish_oil,2021,0,0,0,0,1.5,0
191,Iran,fish_oil,2022,0,0,0,0,1.5,0
191,Iran,ornamentals,1996,1.0013281455536287,44,1.0013281455536287,44,162.54250000000002,0.006160408173576932
191,Iran,ornamentals,1997,1.0006640727768144,41,1,38,162.54250000000002,0.006156322640397522
191,Iran,ornamentals,1998,1.000442715184543,37.666666666666664,1,31,162.54250000000002,0.006154960796004386
191,Iran,ornamentals,1999,1.0003320363884072,34.25,1,24,162.54250000000002,0.006154279873807816
191,Iran,ornamentals,2000,1,28.5,1,21,162.54250000000002,0.006152237107218112
191,Iran,ornamentals,2001,1,23.75,1,19,162.54250000000002,0.006152237107218112
191,Iran,ornamentals,2002,1,19.25,1,13,162.54250000000002,0.006152237107218112
191,Iran,ornamentals,2003,0.75,13.25,0,0,162.54250000000002,0.004614177830413584
191,Iran,ornamentals,2004,0.5,8,0,0,162.54250000000002,0.003076118553609056
191,Iran,ornamentals,2005,0.25,3.25,0,0,162.54250000000002,0.001538059276804528
191,Iran,ornamentals,2006,3.5,4,14,16,162.54250000000002,0.02153282987526339
191,Iran,ornamentals,2007,3.5,4,0,0,162.54250000000002,0.02153282987526339
191,Iran,ornamentals,2008,8.5,37,20,132,162.54250000000002,0.05229401541135395
191,Iran,ornamentals,2009,15.25,126.5,27,358,162.54250000000002,0.0938216158850762
191,Iran,ornamentals,2010,25,263,53,562,162.54250000000002,0.1538059276804528
191,Iran,ornamentals,2011,30,287.5,20,98,162.54250000000002,0.18456711321654334
191,Iran,ornamentals,2012,25,254.5,0,0,162.54250000000002,0.1538059276804528
191,Iran,ornamentals,2013,18.75,166,2,4,162.54250000000002,0.1153544457603396
191,Iran,ornamentals,2014,6.75,26.75,5,5,162.54250000000002,0.041527600473722254
191,Iran,ornamentals,2015,8.75,9.25,28,28,162.54250000000002,0.053832074688158475
191,Iran,ornamentals,2016,101.25,295,370,1143,162.54250000000002,0.6229140071058338
191,Iran,ornamentals,2017,104.25,304.75,14,43,162.54250000000002,0.6413707184274882
191,Iran,ornamentals,2018,109,313,24,38,162.54250000000002,0.6705938446867742
191,Iran,ornamentals,2019,109.0625,325.1725,28.25,76.69,162.54250000000002,0.6709783595059753
191,Iran,ornamentals,2020,161.865,369.015,581.21,1318.37,162.54250000000002,0.9958318593598596
191,Iran,ornamentals,2021,162.54250000000002,373.47499999999997,16.71,60.84,162.54250000000002,1
191,Iran,ornamentals,2022,159.0675,368.8175,10.1,19.37,162.54250000000002,0.9786209760524169
191,Iran,seaweeds,2016,16,7,16,7,57.5875,0.27783807249837206
191,Iran,seaweeds,2017,23.5,9.5,31,12,57.5875,0.40807466898198397
191,Iran,seaweeds,2018,28.666666666666668,12,39,17,57.5875,0.4977932132262499
191,Iran,seaweeds,2019,22.345,10.785,3.38,7.14,57.5875,0.3880182331235077
191,Iran,seaweeds,2020,33.76,29.3075,61.66,81.09,57.5875,0.586238332971565
191,Iran,seaweeds,2021,57.5875,64.455,126.31,152.59,57.5875,1
191,Iran,seaweeds,2022,56.55,69.405,34.85,36.8,57.5875,0.9819839374864336
193,Guinea Bissau,ornamentals,1995,0,1,0,1,0.35369203134523275,0
193,Guinea Bissau,ornamentals,1996,0,0.5,0,0,0.35369203134523275,0
193,Guinea Bissau,ornamentals,1997,0,0.3333333333333333,0,0,0.35369203134523275,0
193,Guinea Bissau,ornamentals,1998,0,0.25,0,0,0.35369203134523275,0
193,Guinea Bissau,ornamentals,1999,0,0,0,0,0.35369203134523275,0
193,Guinea Bissau,ornamentals,2000,0,0,0,0,0.35369203134523275,0
193,Guinea Bissau,ornamentals,2001,0.08907846428015986,0.75,0.35631385712063945,3,0.35369203134523275,0.25185318408605
193,Guinea Bissau,ornamentals,2002,0.08907846428015986,0.75,0,0,0.35369203134523275,0.25185318408605
193,Guinea Bissau,ornamentals,2003,0.21591457907457468,1.75,0.5073444591776592,4,0.35369203134523275,0.6104592694762301
193,Guinea Bissau,ornamentals,2004,0.35369203134523275,2.75,0.5511098090826323,4,0.35369203134523275,1
193,Guinea Bissau,ornamentals,2005,0.2646135670650729,2,0,0,0.35369203134523275,0.74814681591395
193,Guinea Bissau,ornamentals,2006,0.2646135670650729,2,0,0,0.35369203134523275,0.74814681591395
193,Guinea Bissau,ornamentals,2007,0.13777745227065807,1,0,0,0.35369203134523275,0.38954073052376986
193,Guinea Bissau,ornamentals,2008,0,0.75,0,3,0.35369203134523275,0
193,Guinea Bissau,ornamentals,2009,0,2,0,5,0.35369203134523275,0
193,Guinea Bissau,ornamentals,2010,0,3.5,0,6,0.35369203134523275,0
193,Guinea Bissau,ornamentals,2011,0,3.5,0,0,0.35369203134523275,0
193,Guinea Bissau,ornamentals,2012,0,2.75,0,0,0.35369203134523275,0
193,Guinea Bissau,ornamentals,2013,0,1.5,0,0,0.35369203134523275,0
193,Guinea Bissau,ornamentals,2014,0,0,0,0,0.35369203134523275,0
193,Guinea Bissau,ornamentals,2015,0,0,0,0,0.35369203134523275,0
193,Guinea Bissau,ornamentals,2016,0,0,0,0,0.35369203134523275,0
193,Guinea Bissau,ornamentals,2017,0,0,0,0,0.35369203134523275,0
193,Guinea Bissau,ornamentals,2018,0,0,0,0,0.35369203134523275,0
193,Guinea Bissau,ornamentals,2019,0,0,0,0,0.35369203134523275,0
193,Guinea Bissau,ornamentals,2020,0,0,0,0,0.35369203134523275,0
193,Guinea Bissau,ornamentals,2021,0,0,0,0,0.35369203134523275,0
193,Guinea Bissau,ornamentals,2022,0,0,0,0,0.35369203134523275,0
194,Guinea,ornamentals,1996,2,2,2,2,3.504118887285614,0.5707568904858861
194,Guinea,ornamentals,1997,2,1.5,2,1,3.504118887285614,0.5707568904858861
194,Guinea,ornamentals,1998,1.3333333333333333,1,0,0,3.504118887285614,0.38050459365725736
194,Guinea,ornamentals,1999,1,0.75,0,0,3.504118887285614,0.28537844524294304
194,Guinea,ornamentals,2000,0.5,0.25,0,0,3.504118887285614,0.14268922262147152
194,Guinea,ornamentals,2001,0,0,0,0,3.504118887285614,0
194,Guinea,ornamentals,2002,0,0.5,0,2,3.504118887285614,0
194,Guinea,ornamentals,2003,0,0.5,0,0,3.504118887285614,0
194,Guinea,ornamentals,2004,0,0.5,0,0,3.504118887285614,0
194,Guinea,ornamentals,2005,0,0.5,0,0,3.504118887285614,0
194,Guinea,ornamentals,2006,0,0,0,0,3.504118887285614,0
194,Guinea,ornamentals,2007,0,1.5,0,6,3.504118887285614,0
194,Guinea,ornamentals,2008,0,1.5,0,0,3.504118887285614,0
194,Guinea,ornamentals,2009,0.7639832598755838,11.5,3.055933039502335,40,3.504118887285614,0.21802435489492938
194,Guinea,ornamentals,2010,1.5706578083509477,22,3.2266981939014556,42,3.504118887285614,0.4482318833558818
194,Guinea,ornamentals,2011,3.504118887285614,36.75,7.733844315738665,65,3.504118887285614,1
194,Guinea,ornamentals,2012,3.504118887285614,36.75,0,0,3.504118887285614,1
194,Guinea,ornamentals,2013,2.74013562741003,27.5,0,3,3.504118887285614,0.7819756451050706
194,Guinea,ornamentals,2014,1.9334610789346662,17,0,0,3.504118887285614,0.5517681166441182
194,Guinea,ornamentals,2015,0,0.75,0,0,3.504118887285614,0
194,Guinea,ornamentals,2016,0.0625,4.545,0.25,15.18,3.504118887285614,0.01783615282768394
194,Guinea,ornamentals,2017,0.0625,3.795,0,0,3.504118887285614,0.01783615282768394
194,Guinea,ornamentals,2018,0.0625,3.795,0,0,3.504118887285614,0.01783615282768394
194,Guinea,ornamentals,2019,0.075,4.1175,0.05,1.29,3.504118887285614,0.021403383393220725
194,Guinea,ornamentals,2020,0.015000000000000001,0.455,0.01,0.53,3.504118887285614,0.004280676678644146
194,Guinea,ornamentals,2021,0.0525,1.86,0.15,5.62,3.504118887285614,0.014982368375254507
194,Guinea,ornamentals,2022,0.09,3.265,0.15,5.62,3.504118887285614,0.02568406007186487
195,Ivory Coast,fish_oil,1976,24,63,24,63,309.4425,0.07755883564797983
195,Ivory Coast,fish_oil,1977,15,37.5,6,12,309.4425,0.0484742722799874
195,Ivory Coast,fish_oil,1978,10,25,0,0,309.4425,0.0323161815199916
195,Ivory Coast,fish_oil,1979,22.5,42.5,60,95,309.4425,0.0727114084199811
195,Ivory Coast,fish_oil,1980,16.5,26.75,0,0,309.4425,0.05332169950798614
195,Ivory Coast,fish_oil,1981,43.75,54,115,121,309.4425,0.14138329414996323
195,Ivory Coast,fish_oil,1982,43.75,54,0,0,309.4425,0.14138329414996323
195,Ivory Coast,fish_oil,1983,28.75,30.25,0,0,309.4425,0.09290902186997585
195,Ivory Coast,fish_oil,1984,39.5,52.5,43,89,309.4425,0.1276489170039668
195,Ivory Coast,fish_oil,1985,27,39,65,67,309.4425,0.08725369010397732
195,Ivory Coast,fish_oil,1986,27,39,0,0,309.4425,0.08725369010397732
195,Ivory Coast,fish_oil,1987,30,54,12,60,309.4425,0.0969485445599748
195,Ivory Coast,fish_oil,1988,19.25,31.75,0,0,309.4425,0.06220864942598383
195,Ivory Coast,fish_oil,1989,3,15,0,0,309.4425,0.009694854455997479
195,Ivory Coast,fish_oil,1990,3,15,0,0,309.4425,0.009694854455997479
195,Ivory Coast,fish_oil,1991,0,0,0,0,309.4425,0
195,Ivory Coast,fish_oil,1992,0,0,0,0,309.4425,0
195,Ivory Coast,fish_oil,1993,0,0,0,0,309.4425,0
195,Ivory Coast,fish_oil,1994,2.75,0.25,11,1,309.4425,0.00888694991799769
195,Ivory Coast,fish_oil,1995,5.5,14.5,11,57,309.4425,0.01777389983599538
195,Ivory Coast,fish_oil,1996,9,31,14,66,309.4425,0.02908456336799244
195,Ivory Coast,fish_oil,1997,12.75,47.25,15,65,309.4425,0.04120313143798929
195,Ivory Coast,fish_oil,1998,10,47,0,0,309.4425,0.0323161815199916
195,Ivory Coast,fish_oil,1999,10.75,41.5,14,35,309.4425,0.03473989513399097
195,Ivory Coast,fish_oil,2000,9,31.25,7,25,309.4425,0.02908456336799244
195,Ivory Coast,fish_oil,2001,7,22.5,7,30,309.4425,0.02262132706399412
195,Ivory Coast,fish_oil,2002,8.5,29.25,6,27,309.4425,0.02746875429199286
195,Ivory Coast,fish_oil,2003,6.75,29.75,7,37,309.4425,0.02181342252599433
195,Ivory Coast,fish_oil,2004,5,23.5,0,0,309.4425,0.0161580907599958
195,Ivory Coast,fish_oil,2005,5,22.75,7,27,309.4425,0.0161580907599958
195,Ivory Coast,fish_oil,2006,7,36,14,80,309.4425,0.02262132706399412
195,Ivory Coast,fish_oil,2007,6.75,49.25,6,90,309.4425,0.02181342252599433
195,Ivory Coast,fish_oil,2008,7.5,61.75,3,50,309.4425,0.0242371361399937
195,Ivory Coast,fish_oil,2009,6.75,70,4,60,309.4425,0.02181342252599433
195,Ivory Coast,fish_oil,2010,3.25,50,0,0,309.4425,0.010502758993997269
195,Ivory Coast,fish_oil,2011,1.75,27.5,0,0,309.4425,0.00565533176599853
195,Ivory Coast,fish_oil,2012,1,15,0,0,309.4425,0.0032316181519991597
195,Ivory Coast,fish_oil,2013,0,0,0,0,309.4425,0
195,Ivory Coast,fish_oil,2014,0,0,0,0,309.4425,0
195,Ivory Coast,fish_oil,2015,32.5,42.25,130,169,309.4425,0.10502758993997269
195,Ivory Coast,fish_oil,2016,109,149.5,306,429,309.4425,0.3522463785679084
195,Ivory Coast,fish_oil,2017,120,166.5,44,68,309.4425,0.3877941782398992
195,Ivory Coast,fish_oil,2018,131.25,184,45,70,309.4425,0.4241498824498897
195,Ivory Coast,fish_oil,2019,140.465,206.5625,166.86,259.25,309.4425,0.453929243720562
195,Ivory Coast,fish_oil,2020,172.13,260.73,432.66,645.67,309.4425,0.5562584325036154
195,Ivory Coast,fish_oil,2021,239.35000000000002,384.595,312.88,563.46,309.4425,0.773487804680999
195,Ivory Coast,fish_oil,2022,309.4425,503.515,325.37,545.68,309.4425,1
195,Ivory Coast,ornamentals,1996,3,3,3,3,3,1
195,Ivory Coast,ornamentals,1997,2.5,30,2,57,3,0.8333333333333334
195,Ivory Coast,ornamentals,1998,3,47.666666666666664,4,83,3,1
195,Ivory Coast,ornamentals,1999,2.25,35.75,0,0,3,0.75
195,Ivory Coast,ornamentals,2000,1.5,35,0,0,3,0.5
195,Ivory Coast,ornamentals,2001,1,20.75,0,0,3,0.3333333333333333
195,Ivory Coast,ornamentals,2002,0,0,0,0,3,0
195,Ivory Coast,ornamentals,2003,0,0,0,0,3,0
195,Ivory Coast,ornamentals,2004,0,0,0,0,3,0
195,Ivory Coast,ornamentals,2005,0,0,0,0,3,0
195,Ivory Coast,ornamentals,2006,0,0.25,0,1,3,0
195,Ivory Coast,ornamentals,2007,0,0.75,0,2,3,0
195,Ivory Coast,ornamentals,2008,0,0.75,0,0,3,0
195,Ivory Coast,ornamentals,2009,0,1,0,1,3,0
195,Ivory Coast,ornamentals,2010,0,0.75,0,0,3,0
195,Ivory Coast,ornamentals,2011,0,0.25,0,0,3,0
195,Ivory Coast,ornamentals,2012,0,0.25,0,0,3,0
195,Ivory Coast,ornamentals,2013,0,0,0,0,3,0
195,Ivory Coast,ornamentals,2014,0,0,0,0,3,0
195,Ivory Coast,ornamentals,2015,0,0,0,0,3,0
195,Ivory Coast,ornamentals,2016,0,0,0,0,3,0
195,Ivory Coast,ornamentals,2017,0,0,0,0,3,0
195,Ivory Coast,ornamentals,2018,0,0,0,0,3,0
195,Ivory Coast,ornamentals,2019,0,0,0,0,3,0
195,Ivory Coast,ornamentals,2020,0,0,0,0,3,0
195,Ivory Coast,ornamentals,2021,0,0,0,0,3,0
195,Ivory Coast,ornamentals,2022,0,0,0,0,3,0
196,Nigeria,ornamentals,1992,27,450,27,450,85.66672107190212,0.31517489711481145
196,Nigeria,ornamentals,1993,27.5,490,28,530,85.66672107190212,0.32101146928360424
196,Nigeria,ornamentals,1994,43.333333333333336,729,75,1207,85.66672107190212,0.5058362546287097
196,Nigeria,ornamentals,1995,62.35250951998835,1017.25,119.41003807995341,1882,85.66672107190212,0.7278498434375048
196,Nigeria,ornamentals,1996,56.71637963508766,922.5,4.455480460397226,71,85.66672107190212,0.6620584857856793
196,Nigeria,ornamentals,1997,69.7800369328547,1106,80.25462919106816,1264,85.66672107190212,0.8145524429992675
196,Nigeria,ornamentals,1998,57.92840585182896,912.75,27.593475675897047,434,85.66672107190212,0.6762066427546384
196,Nigeria,ornamentals,1999,37.302953020309516,587.25,36.908226753875645,580,85.66672107190212,0.43544275482424805
196,Nigeria,ornamentals,2000,48.91957555474474,769.5,50.92197059813812,800,85.66672107190212,0.5710452663839599
196,Nigeria,ornamentals,2001,45.264471598757325,711.25,65.63421336711848,1031,85.66672107190212,0.5283787103368387
196,Nigeria,ornamentals,2002,55.88097067280105,877.75,70.05947197207195,1100,85.66672107190212,0.652306636387995
196,Nigeria,ornamentals,2003,65.76722087100335,1032.75,76.45322754668486,1200,85.66672107190212,0.7677102619090949
196,Nigeria,ornamentals,2004,82.73371016975503,1299.25,118.78792779314485,1866,85.66672107190212,0.9657625403955249
196,Nigeria,ornamentals,2005,85.66672107190212,1344.75,77.36625697570685,1213,85.66672107190212,1
196,Nigeria,ornamentals,2006,68.15185307888413,1069.75,0,0,85.66672107190212,0.7955464178637427
196,Nigeria,ornamentals,2007,62.306002495372475,977,53.06982521263821,829,85.66672107190212,0.727306960226452
196,Nigeria,ornamentals,2008,32.60902054708626,510.5,0,0,85.66672107190212,0.38064980355343275
196,Nigeria,ornamentals,2009,13.267456303159552,207.25,0,0,85.66672107190212,0.15487293241939143
196,Nigeria,ornamentals,2010,26.017456303159552,233.5,51,105,85.66672107190212,0.30370552272360796
196,Nigeria,ornamentals,2011,12.75,26.25,0,0,85.66672107190212,0.14883259030421653
196,Nigeria,ornamentals,2012,12.75,26.25,0,0,85.66672107190212,0.14883259030421653
196,Nigeria,ornamentals,2013,12.75,26.25,0,0,85.66672107190212,0.14883259030421653
196,Nigeria,ornamentals,2014,0,0,0,0,85.66672107190212,0
196,Nigeria,ornamentals,2015,0,0,0,0,85.66672107190212,0
196,Nigeria,ornamentals,2016,0,0,0,0,85.66672107190212,0
196,Nigeria,ornamentals,2017,0,0,0,0,85.66672107190212,0
196,Nigeria,ornamentals,2018,0,0,0,0,85.66672107190212,0
196,Nigeria,ornamentals,2019,0,0,0,0,85.66672107190212,0
196,Nigeria,ornamentals,2020,5.3,4.635,21.2,18.54,85.66672107190212,0.06186766498920373
196,Nigeria,ornamentals,2021,5.3,4.635,0,0,85.66672107190212,0.06186766498920373
196,Nigeria,ornamentals,2022,5.3,4.635,0,0,85.66672107190212,0.06186766498920373
196,Nigeria,seaweeds,2000,2,1,2,1,32.5,0.06153846153846154
196,Nigeria,seaweeds,2001,1,0.5,0,0,32.5,0.03076923076923077
196,Nigeria,seaweeds,2002,0.6666666666666666,0.3333333333333333,0,0,32.5,0.020512820512820513
196,Nigeria,seaweeds,2003,0.5,0.25,0,0,32.5,0.015384615384615385
196,Nigeria,seaweeds,2004,0,0,0,0,32.5,0
196,Nigeria,seaweeds,2005,0,0,0,0,32.5,0
196,Nigeria,seaweeds,2006,0,0,0,0,32.5,0
196,Nigeria,seaweeds,2007,0,0,0,0,32.5,0
196,Nigeria,seaweeds,2008,0,0,0,0,32.5,0
196,Nigeria,seaweeds,2009,0,0,0,0,32.5,0
196,Nigeria,seaweeds,2010,0,0,0,0,32.5,0
196,Nigeria,seaweeds,2011,2,6,8,24,32.5,0.06153846153846154
196,Nigeria,seaweeds,2012,4,13.5,8,30,32.5,0.12307692307692308
196,Nigeria,seaweeds,2013,32.5,115,114,406,32.5,1
196,Nigeria,seaweeds,2014,32.5,115,0,0,32.5,1
196,Nigeria,seaweeds,2015,30.5,109,0,0,32.5,0.9384615384615385
196,Nigeria,seaweeds,2016,28.5,101.5,0,0,32.5,0.8769230769230769
196,Nigeria,seaweeds,2017,0,0,0,0,32.5,0
196,Nigeria,seaweeds,2018,0,0,0,0,32.5,0
196,Nigeria,seaweeds,2019,0,0,0,0,32.5,0
196,Nigeria,seaweeds,2020,0,0,0,0,32.5,0
196,Nigeria,seaweeds,2021,0,0,0,0,32.5,0
196,Nigeria,seaweeds,2022,0,0,0,0,32.5,0
197,Cameroon,ornamentals,2019,0.7,0.09,0.7,0.09,1.4333333333333333,0.4883720930232558
197,Cameroon,ornamentals,2020,0.8,0.08499999999999999,0.9,0.08,1.4333333333333333,0.5581395348837209
197,Cameroon,ornamentals,2021,1.4333333333333333,0.27666666666666667,2.7,0.66,1.4333333333333333,1
197,Cameroon,ornamentals,2022,1.075,0.9225,0,2.86,1.4333333333333333,0.75
199,Democratic Republic of the Congo,ornamentals,1995,0,549,0,549,52.53807667106997,0
199,Democratic Republic of the Congo,ornamentals,1996,0,503.5,0,458,52.53807667106997,0
199,Democratic Republic of the Congo,ornamentals,1997,20.28068489572782,455.6666666666667,60.84205468718346,360,52.53807667106997,0.3860187920981766
199,Democratic Republic of the Congo,ornamentals,1998,30.272375348553,431.75,60.24744670702853,360,52.53807667106997,0.5761987736643288
199,Democratic Republic of the Congo,ornamentals,1999,40.32141668766195,358.25,40.19616535643581,255,52.53807667106997,0.7674703613553652
199,Democratic Republic of the Congo,ornamentals,2000,52.53807667106997,320,48.86663993363209,305,52.53807667106997,1
199,Democratic Republic of the Congo,ornamentals,2001,41.14964751160073,261.75,15.288338049306503,127,52.53807667106997,0.7832347531340015
199,Democratic Republic of the Congo,ornamentals,2002,36.29310155506414,238.75,40.82126288088216,268,52.53807667106997,0.6907961587990314
199,Democratic Republic of the Congo,ornamentals,2003,37.31988302244565,247.5,44.30329122596186,290,52.53807667106997,0.7103397266728608
199,Democratic Republic of the Congo,ornamentals,2004,33.15821825771047,228.25,32.21998087469137,228,52.53807667106997,0.6311273719688525
199,Democratic Republic of the Congo,ornamentals,2005,38.67856476540743,261.25,37.36972408009433,259,52.53807667106997,0.7362006227895612
199,Democratic Republic of the Congo,ornamentals,2006,38.0839567852525,261.25,38.44283096026243,268,52.53807667106997,0.7248829648578168
199,Democratic Republic of the Congo,ornamentals,2007,37.25772174116378,260,40.99835104960698,285,52.53807667106997,0.7091565603824187
199,Democratic Republic of the Congo,ornamentals,2008,38.145526970185074,268,35.77120179077656,260,52.53807667106997,0.726054880330057
199,Democratic Republic of the Congo,ornamentals,2009,38.94068137363274,275.5,40.550341693885,289,52.53807667106997,0.7411897016602319
199,Democratic Republic of the Congo,ornamentals,2010,39.17993082363938,280,39.39982876028898,286,52.53807667106997,0.7457435312856392
199,Democratic Republic of the Congo,ornamentals,2011,36.500679268080376,268.75,30.28134482737096,240,52.53807667106997,0.6947471544610127
199,Democratic Republic of the Congo,ornamentals,2012,28.627419618529274,210,4.278163192572157,25,52.53807667106997,0.5448889916119242
199,Democratic Republic of the Congo,ornamentals,2013,18.96999947309779,140.25,1.9206611121590549,10,52.53807667106997,0.3610714490342886
199,Democratic Republic of the Congo,ornamentals,2014,9.120042283025542,68.75,0,0,52.53807667106997,0.17358919208489948
199,Democratic Republic of the Congo,ornamentals,2015,1.5497060761828028,8.75,0,0,52.53807667106997,0.029496817820058238
199,Democratic Republic of the Congo,ornamentals,2016,0.4801652780397637,2.5,0,0,52.53807667106997,0.009139376780881782
199,Democratic Republic of the Congo,ornamentals,2017,0.43,2.45,1.72,9.8,52.53807667106997,0.008184540189625536
199,Democratic Republic of the Congo,ornamentals,2018,0.7825,4.0275,1.41,6.31,52.53807667106997,0.014893959763679028
199,Democratic Republic of the Congo,ornamentals,2019,0.7825,4.0275,0,0,52.53807667106997,0.014893959763679028
199,Democratic Republic of the Congo,ornamentals,2020,0.7825,4.0275,0,0,52.53807667106997,0.014893959763679028
199,Democratic Republic of the Congo,ornamentals,2021,0.4275,1.5899999999999999,0.3,0.05,52.53807667106997,0.008136955653639342
199,Democratic Republic of the Congo,ornamentals,2022,0.2675,0.4325,0.77,1.68,52.53807667106997,0.005091545350522863
200,Angola,fish_oil,1997,90,227,90,227,9402.1325,0.00957229649762966
200,Angola,fish_oil,1998,527.5,446,965,665,9402.1325,0.05610429336110718
200,Angola,fish_oil,1999,581.6666666666666,443.6666666666667,690,439,9402.1325,0.061865397734680576
200,Angola,fish_oil,2000,536.25,389.75,400,228,9402.1325,0.05703493329837673
200,Angola,fish_oil,2001,513.75,333,0,0,9402.1325,0.05464185917396931
200,Angola,fish_oil,2002,272.5,166.75,0,0,9402.1325,0.02898278661782314
200,Angola,fish_oil,2003,330.5,161.25,922,417,9402.1325,0.03515159991629559
200,Angola,fish_oil,2004,433.25,155.25,811,204,9402.1325,0.04607997175108945
200,Angola,fish_oil,2005,646,266.75,851,446,9402.1325,0.06870781708298623
200,Angola,fish_oil,2006,771,291.75,500,100,9402.1325,0.08200267332969409
200,Angola,fish_oil,2007,540.5,187.5,0,0,9402.1325,0.057486958410764795
200,Angola,fish_oil,2008,347.75,247.75,40,445,9402.1325,0.03698629007834127
200,Angola,fish_oil,2009,137,155.25,8,76,9402.1325,0.014571162446391816
200,Angola,fish_oil,2010,14,150.25,8,80,9402.1325,0.0014890238996312804
200,Angola,fish_oil,2011,65.25,214.25,205,256,9402.1325,0.006939914960781504
200,Angola,fish_oil,2012,86.5,203.25,125,401,9402.1325,0.009200040522721841
200,Angola,fish_oil,2013,88.5,189.25,16,20,9402.1325,0.009412758222669166
200,Angola,fish_oil,2014,730.75,698.5,2577,2117,9402.1325,0.07772172961825416
200,Angola,fish_oil,2015,2764.25,1303,8339,2674,9402.1325,0.29400245103969763
200,Angola,fish_oil,2016,5867.25,2009.5,12537,3227,9402.1325,0.6240339625079736
200,Angola,fish_oil,2017,8662.5,2965.75,11197,3845,9402.1325,0.9213335378968548
200,Angola,fish_oil,2018,9402.1325,2828.275,5535.53,1567.1,9402.1325,1
200,Angola,fish_oil,2019,7468.1775,2225.6925,603.18,263.66999999999996,9402.1325,0.7943067702991848
200,Angola,fish_oil,2020,4360.1775,1430.7549999999999,105,47.25,9402.1325,0.46374346458104054
200,Angola,fish_oil,2021,1606.9299999999998,490.78,184.01,85.1,9402.1325,0.1709112267881781
200,Angola,fish_oil,2022,234.33749999999998,112.53249999999998,45.16,54.11,9402.1325,0.024923867005703225
202,Tanzania,fish_oil,1997,55,5,55,5,60.5,0.9090909090909091
202,Tanzania,fish_oil,1998,60.5,5.5,66,6,60.5,1
202,Tanzania,fish_oil,1999,40.333333333333336,3.6666666666666665,0,0,60.5,0.6666666666666667
202,Tanzania,fish_oil,2000,30.25,2.75,0,0,60.5,0.5
202,Tanzania,fish_oil,2001,16.5,1.5,0,0,60.5,0.2727272727272727
202,Tanzania,fish_oil,2002,0,0,0,0,60.5,0
202,Tanzania,fish_oil,2003,0,0,0,0,60.5,0
202,Tanzania,fish_oil,2004,0,0,0,0,60.5,0
202,Tanzania,fish_oil,2005,0,0,0,0,60.5,0
202,Tanzania,fish_oil,2006,0,0,0,0,60.5,0
202,Tanzania,fish_oil,2007,0,0,0,0,60.5,0
202,Tanzania,fish_oil,2008,0,0,0,0,60.5,0
202,Tanzania,fish_oil,2009,0,0,0,0,60.5,0
202,Tanzania,fish_oil,2010,1,0.5,4,2,60.5,0.01652892561983471
202,Tanzania,fish_oil,2011,1.5,1.25,2,3,60.5,0.024793388429752067
202,Tanzania,fish_oil,2012,1.5,1.25,0,0,60.5,0.024793388429752067
202,Tanzania,fish_oil,2013,1.5,1.25,0,0,60.5,0.024793388429752067
202,Tanzania,fish_oil,2014,5,15.5,18,59,60.5,0.08264462809917356
202,Tanzania,fish_oil,2015,4.5,14.75,0,0,60.5,0.0743801652892562
202,Tanzania,fish_oil,2016,4.5,14.75,0,0,60.5,0.0743801652892562
202,Tanzania,fish_oil,2017,4.5,14.75,0,0,60.5,0.0743801652892562
202,Tanzania,fish_oil,2018,0,0,0,0,60.5,0
202,Tanzania,fish_oil,2019,0,0,0,0,60.5,0
202,Tanzania,fish_oil,2020,0,0,0,0,60.5,0
202,Tanzania,fish_oil,2021,0,0,0,0,60.5,0
202,Tanzania,fish_oil,2022,0,0,0,0,60.5,0
202,Tanzania,ornamentals,1991,9.617739860890595,30,9.617739860890595,30,204,0.04714578363181664
202,Tanzania,ornamentals,1992,9.338980978307518,28,9.060222095724441,26,204,0.04577931852111528
202,Tanzania,ornamentals,1993,10.748474502522376,42.666666666666664,13.567461550952089,72,204,0.05268860050256066
202,Tanzania,ornamentals,1994,10.731394742992961,43.25,10.68015546440472,45,204,0.052604876191141965
202,Tanzania,ornamentals,1995,10.224524550030722,39.75,7.590259089041638,16,204,0.05012021838250354
202,Tanzania,ornamentals,1996,11.946147534041756,58.25,15.946714031768579,100,204,0.058559546735498805
202,Tanzania,ornamentals,1997,13.845037020766569,78.5,21.163019497851337,153,204,0.06786782853316946
202,Tanzania,ornamentals,1998,16.30104980173472,104.25,20.504206588277327,148,204,0.07990710687124863
202,Tanzania,ornamentals,1999,17.845406283031977,121,13.767685014230665,83,204,0.08747748177956852
202,Tanzania,ornamentals,2000,20.108727775089832,132.5,25,146,204,0.09857219497593055
202,Tanzania,ornamentals,2001,23.817972900626998,126,36,127,204,0.11675476912072058
202,Tanzania,ornamentals,2002,24.941921253557666,118.25,25,117,204,0.12226431987038072
202,Tanzania,ornamentals,2003,35.5,163.25,56,263,204,0.17401960784313725
202,Tanzania,ornamentals,2004,38.5,168.5,37,167,204,0.18872549019607843
202,Tanzania,ornamentals,2005,36,175.75,26,156,204,0.17647058823529413
202,Tanzania,ornamentals,2006,39,181,37,138,204,0.19117647058823528
202,Tanzania,ornamentals,2007,26,122.5,4,29,204,0.12745098039215685
202,Tanzania,ornamentals,2008,28.25,111.75,46,124,204,0.13848039215686275
202,Tanzania,ornamentals,2009,45.5,97.25,95,98,204,0.22303921568627452
202,Tanzania,ornamentals,2010,37.25,67.75,4,20,204,0.18259803921568626
202,Tanzania,ornamentals,2011,36.5,61.75,1,5,204,0.17892156862745098
202,Tanzania,ornamentals,2012,25,31.25,0,2,204,0.12254901960784313
202,Tanzania,ornamentals,2013,1.25,7,0,1,204,0.006127450980392157
202,Tanzania,ornamentals,2014,1.5,6,5,16,204,0.007352941176470588
202,Tanzania,ornamentals,2015,20,60,75,221,204,0.09803921568627451
202,Tanzania,ornamentals,2016,38.25,125.25,73,263,204,0.1875
202,Tanzania,ornamentals,2017,38.75,126,2,4,204,0.18995098039215685
202,Tanzania,ornamentals,2018,41,129,14,28,204,0.20098039215686275
202,Tanzania,ornamentals,2019,72.25,78.1425,200,17.57,204,0.3541666666666667
202,Tanzania,ornamentals,2020,204,25.54,600,52.59,204,1
202,Tanzania,ornamentals,2021,203.5,24.54,0,0,204,0.9975490196078431
202,Tanzania,ornamentals,2022,200,17.54,0,0,204,0.9803921568627451
202,Tanzania,seaweeds,1998,1813,1013,1813,1013,12485.25,0.1452113493922829
202,Tanzania,seaweeds,1999,2840.5,1509,3868,2005,12485.25,0.2275084599827797
202,Tanzania,seaweeds,2000,3680,2012.6666666666667,5359,3020,12485.25,0.29474780240684006
202,Tanzania,seaweeds,2001,5333.5,2245.5,10294,2944,12485.25,0.4271840772111091
202,Tanzania,seaweeds,2002,8066.5,2560.25,12745,2272,12485.25,0.646082377205102
202,Tanzania,seaweeds,2003,9548.75,2544.5,9797,1942,12485.25,0.7648024669109549
202,Tanzania,seaweeds,2004,10110.25,2158.25,7605,1475,12485.25,0.8097755351314552
202,Tanzania,seaweeds,2005,9877,1875,9361,1811,12485.25,0.7910934903185759
202,Tanzania,seaweeds,2006,8564.75,1701.5,7496,1578,12485.25,0.6859894675717346
202,Tanzania,seaweeds,2007,9077.5,1898.25,11848,2729,12485.25,0.7270579283554595
202,Tanzania,seaweeds,2008,10310.25,2368.25,12536,3355,12485.25,0.8257944374361746
202,Tanzania,seaweeds,2009,10582.5,2589.25,10450,2695,12485.25,0.8476001681984742
202,Tanzania,seaweeds,2010,11754,3018,12182,3293,12485.25,0.9414308884483691
202,Tanzania,seaweeds,2011,12485.25,3415.25,14773,4318,12485.25,1
202,Tanzania,seaweeds,2012,11851.75,3452.75,10002,3505,12485.25,0.9492601269498008
202,Tanzania,seaweeds,2013,12182.5,3579.25,11773,3201,12485.25,0.9757513866362307
202,Tanzania,seaweeds,2014,11237,3381,8400,2500,12485.25,0.9000220259906689
202,Tanzania,seaweeds,2015,9881.5,3001.25,9351,2799,12485.25,0.7914539156204321
202,Tanzania,seaweeds,2016,9950.5,3429.75,10278,5219,12485.25,0.7969804369155603
202,Tanzania,seaweeds,2017,9895,4087,11551,5830,12485.25,0.7925351915260007
202,Tanzania,seaweeds,2018,10438,4993.75,10572,6127,12485.25,0.8360265112833143
202,Tanzania,seaweeds,2019,10812.25,5968.5375,10848,6698.15,12485.25,0.8660018822210208
202,Tanzania,seaweeds,2020,11118.5375,6646.735,11503.15,7931.79,12485.25,0.8905338299193049
202,Tanzania,seaweeds,2021,10573.9225,6592.9575,9372.54,5614.89,12485.25,0.8469131575258806
202,Tanzania,seaweeds,2022,10646.1825,6850.6224999999995,10861.04,7157.66,12485.25,0.8527007869285758
203,India,fish_oil,1976,189,54,189,54,23863,0.00792021120563215
203,India,fish_oil,1977,117,34,45,14,23863,0.004902987889200855
203,India,fish_oil,1978,165.33333333333334,84,262,184,23863,0.006928438726620012
203,India,fish_oil,1979,329.75,212.25,823,597,23863,0.013818463730461384
203,India,fish_oil,1980,383,257.25,402,234,23863,0.016049951808238695
203,India,fish_oil,1981,465,309.5,373,223,23863,0.019486233918618784
203,India,fish_oil,1982,500.75,305,405,166,23863,0.02098436910698571
203,India,fish_oil,1983,312,163.5,68,31,23863,0.013074634371202279
203,India,fish_oil,1984,341,197.75,518,371,23863,0.014289904873653773
203,India,fish_oil,1985,335.75,204.25,352,249,23863,0.014069899006830658
203,India,fish_oil,1986,260.75,184.25,105,86,23863,0.010926958052214726
203,India,fish_oil,1987,258.75,197,60,82,23863,0.010843146293424968
203,India,fish_oil,1988,133.75,109.5,18,21,23863,0.0056049113690650795
203,India,fish_oil,1989,163,146.75,469,398,23863,0.0068306583413652935
203,India,fish_oil,1990,199.75,170.75,252,182,23863,0.0083706994091271
203,India,fish_oil,1991,255.25,203.25,282,212,23863,0.010696475715542891
203,India,fish_oil,1992,285,264.75,137,267,23863,0.011943175627540544
203,India,fish_oil,1993,187.25,200.75,78,142,23863,0.007846875916691112
203,India,fish_oil,1994,143,229.5,75,297,23863,0.005992540753467711
203,India,fish_oil,1995,72.5,177.25,0,3,23863,0.003038176256128735
203,India,fish_oil,1996,48.75,151.25,42,163,23863,0.002042911620500356
203,India,fish_oil,1997,32.75,144.5,14,115,23863,0.0013724175501822905
203,India,fish_oil,1998,20,118,24,191,23863,8.381175878975821e-4
203,India,fish_oil,1999,44.75,217.5,99,401,23863,0.0018752881029208397
203,India,fish_oil,2000,64.75,417.25,122,962,23863,0.002713405690818422
203,India,fish_oil,2001,109.75,682.75,194,1177,23863,0.004599170263587982
203,India,fish_oil,2002,143.75,908.5,160,1094,23863,0.006023970163013871
203,India,fish_oil,2003,173.5,1028,218,879,23863,0.007270670075011524
203,India,fish_oil,2004,244,1110,404,1290,23863,0.010225034572350501
203,India,fish_oil,2005,282.5,1098.25,348,1130,23863,0.011838410929053347
203,India,fish_oil,2006,858,1823.75,2462,3996,23863,0.03595524452080627
203,India,fish_oil,2007,1922,4112,4474,10032,23863,0.08054310019695764
203,India,fish_oil,2008,2970.5,5922,4598,8530,23863,0.12448141474248837
203,India,fish_oil,2009,5375.25,7965.25,9967,9303,23863,0.2252545782173239
203,India,fish_oil,2010,8307.25,10403.5,14190,13749,23863,0.3481226166031094
203,India,fish_oil,2011,12079.75,14231.5,19564,25344,23863,0.5062125466202908
203,India,fish_oil,2012,17014,20516,24335,33668,23863,0.712986632024473
203,India,fish_oil,2013,19436.75,26292.25,19658,32408,23863,0.8145141013284164
203,India,fish_oil,2014,22400,31884.75,26043,36119,23863,0.9386916984452919
203,India,fish_oil,2015,23863,34705.25,25416,36626,23863,1
203,India,fish_oil,2016,19745,29255.5,7863,11869,23863,0.8274315886518878
203,India,fish_oil,2017,21796.5,29965,27864,35246,23863,0.9134015002304824
203,India,fish_oil,2018,17649,24470.75,9453,14142,23863,0.7395968654402213
203,India,fish_oil,2019,11906.5625,16124.0975,2446.25,3239.39,23863,0.4989549721325902
203,India,fish_oil,2020,10210.6675,13622.2025,1079.42,1861.4199999999998,23863,0.42788700079621167
203,India,fish_oil,2021,3448.8375,5327.625,816.68,2067.69,23863,0.14452656832753635
203,India,fish_oil,2022,4514.5525,11113.849999999999,13715.86,37286.899999999994,23863,0.18918629258684994
203,India,ornamentals,1976,3,5,3,5,83.6275,0.03587336701443903
203,India,ornamentals,1977,2.5,4,2,3,83.6275,0.029894472512032526
203,India,ornamentals,1978,1.6666666666666667,3,0,1,83.6275,0.01992964834135502
203,India,ornamentals,1979,1.25,2.25,0,0,83.6275,0.014947236256016263
203,India,ornamentals,1980,0.5,1.25,0,1,83.6275,0.0059788945024065055
203,India,ornamentals,1981,0.25,1,1,2,83.6275,0.0029894472512032528
203,India,ornamentals,1982,0.25,0.75,0,0,83.6275,0.0029894472512032528
203,India,ornamentals,1983,0.75,2,2,5,83.6275,0.008968341753609757
203,India,ornamentals,1984,1.25,3,2,5,83.6275,0.014947236256016263
203,India,ornamentals,1985,1.25,4,1,6,83.6275,0.014947236256016263
203,India,ornamentals,1986,2.25,14.5,4,42,83.6275,0.026905025260829274
203,India,ornamentals,1987,2.25,31.75,2,74,83.6275,0.026905025260829274
203,India,ornamentals,1988,2,53.75,1,93,83.6275,0.023915578009626022
203,India,ornamentals,1989,3.75,87.75,8,142,83.6275,0.04484170876804879
203,India,ornamentals,1990,4.75,99.5,8,89,83.6275,0.0567994977728618
203,India,ornamentals,1991,10.25,153.25,24,289,83.6275,0.12256733729933336
203,India,ornamentals,1992,11,166.25,4,145,83.6275,0.1315356790529431
203,India,ornamentals,1993,17,319.75,32,756,83.6275,0.20328241308182118
203,India,ornamentals,1994,17,357,8,238,83.6275,0.20328241308182118
203,India,ornamentals,1995,20.75,370.25,39,342,83.6275,0.24812412184986996
203,India,ornamentals,1996,22.5,394.75,11,243,83.6275,0.26905025260829274
203,India,ornamentals,1997,22,334.5,30,515,83.6275,0.2630713581058862
203,India,ornamentals,1998,25,425.25,20,601,83.6275,0.29894472512032527
203,India,ornamentals,1999,22,471,27,525,83.6275,0.2630713581058862
203,India,ornamentals,2000,35.25,616.25,64,824,83.6275,0.4215120624196586
203,India,ornamentals,2001,44,808.75,65,1285,83.6275,0.5261427162117724
203,India,ornamentals,2002,53.25,999.25,57,1363,83.6275,0.6367522645062929
203,India,ornamentals,2003,80.25,1460.25,135,2369,83.6275,0.959612567636244
203,India,ornamentals,2004,77.5,1594.25,53,1360,83.6275,0.9267286478730083
203,India,ornamentals,2005,69,1565.5,31,1170,83.6275,0.8250874413320978
203,India,ornamentals,2006,72.5,2177,71,3809,83.6275,0.8669397028489433
203,India,ornamentals,2007,59,1960.5,81,1503,83.6275,0.7055095512839676
203,India,ornamentals,2008,65,2118.75,77,1993,83.6275,0.7772562853128456
203,India,ornamentals,2009,76.5,2097,77,1083,83.6275,0.9147708588681953
203,India,ornamentals,2010,69.5,1390,43,981,83.6275,0.8310663358345042
203,India,ornamentals,2011,69.25,1345.5,80,1325,83.6275,0.828076888583301
203,India,ornamentals,2012,70.25,1119,81,1087,83.6275,0.840034677588114
203,India,ornamentals,2013,61,1151.75,40,1214,83.6275,0.7294251292935936
203,India,ornamentals,2014,64,1375.25,55,1875,83.6275,0.7652984963080327
203,India,ornamentals,2015,51.75,1171.25,31,509,83.6275,0.6188155809990733
203,India,ornamentals,2016,39.5,1003.5,32,416,83.6275,0.4723326656901139
203,India,ornamentals,2017,70.75,867,165,668,83.6275,0.8460135720905205
203,India,ornamentals,2018,77.25,575.25,81,708,83.6275,0.923739200621805
203,India,ornamentals,2019,81.6125,639.5175,48.45,766.07,83.6275,0.9759050551553018
203,India,ornamentals,2020,83.6275,634.9025,40.06,397.54,83.6275,1
203,India,ornamentals,2021,44.1275,593.855,7,503.81,83.6275,0.5276673343098861
203,India,ornamentals,2022,28.277500000000003,550.085,17.6,532.92,83.6275,0.33813637858359996
203,India,seaweeds,1994,11,181,11,181,1118,0.009838998211091235
203,India,seaweeds,1995,14,226,17,271,1118,0.012522361359570662
203,India,seaweeds,1996,10.333333333333334,166.33333333333334,3,47,1118,0.009242695289206918
203,India,seaweeds,1997,18.25,171.25,42,186,1118,0.016323792486583184
203,India,seaweeds,1998,17.75,149.25,9,93,1118,0.015876565295169946
203,India,seaweeds,1999,16,103.75,10,89,1118,0.014311270125223614
203,India,seaweeds,2000,47,129.5,127,150,1118,0.04203935599284436
203,India,seaweeds,2001,45,122,34,156,1118,0.04025044722719141
203,India,seaweeds,2002,116.75,155.75,296,228,1118,0.10442754919499106
203,India,seaweeds,2003,153.75,296.75,158,653,1118,0.13752236135957066
203,India,seaweeds,2004,157.75,654.75,143,1582,1118,0.14110017889087656
203,India,seaweeds,2005,198.75,1229,198,2453,1118,0.1777728085867621
203,India,seaweeds,2006,197,2193.25,289,4085,1118,0.17620751341681573
203,India,seaweeds,2007,216.5,2732.5,236,2810,1118,0.193649373881932
203,India,seaweeds,2008,354.5,2985.75,695,2595,1118,0.3170840787119857
203,India,seaweeds,2009,619.5,3312.25,1258,3759,1118,0.5541144901610018
203,India,seaweeds,2010,778.25,3521.75,924,4923,1118,0.6961091234347049
203,India,seaweeds,2011,959.5,4668,961,7395,1118,0.8582289803220036
203,India,seaweeds,2012,1114,6271.75,1313,9010,1118,0.9964221824686941
203,India,seaweeds,2013,1118,7605.75,1274,9095,1118,1
203,India,seaweeds,2014,1026.75,8616.5,559,8966,1118,0.9183810375670841
203,India,seaweeds,2015,900,8921.25,454,8614,1118,0.8050089445438283
203,India,seaweeds,2016,655.25,8231,334,6249,1118,0.5860912343470484
203,India,seaweeds,2017,419.5,7528.5,331,6285,1118,0.3752236135957066
203,India,seaweeds,2018,376.5,6973.5,387,6746,1118,0.33676207513416817
203,India,seaweeds,2019,330.95,5888.8125,271.8,4275.25,1118,0.29601967799642215
203,India,seaweeds,2020,291.5025,5039.74,176.21,2852.71,1118,0.2607356887298748
203,India,seaweeds,2021,280.375,4395.2375,286.49,3706.9900000000002,1118,0.25078264758497315
203,India,seaweeds,2022,251.1925,3622.4775,270.27,3654.96,1118,0.22468023255813954
204,Bangladesh,fish_oil,2018,0.4,5,0.4,5,0.4,1
204,Bangladesh,fish_oil,2019,0.2,2.5,0,0,0.4,0.5
204,Bangladesh,fish_oil,2020,0.22,3.42,0.26,5.26,0.4,0.5499999999999999
204,Bangladesh,fish_oil,2021,0.19,3.2125,0.1,2.59,0.4,0.475
204,Bangladesh,fish_oil,2022,0.12,2.7675,0.12,3.22,0.4,0.3
204,Bangladesh,ornamentals,1984,32,43,32,43,32,1
204,Bangladesh,ornamentals,1985,21,30.5,10,18,32,0.65625
204,Bangladesh,ornamentals,1986,14,20.333333333333332,0,0,32,0.4375
204,Bangladesh,ornamentals,1987,11.25,26.75,3,46,32,0.3515625
204,Bangladesh,ornamentals,1988,3.25,16,0,0,32,0.1015625
204,Bangladesh,ornamentals,1989,0.75,11.5,0,0,32,0.0234375
204,Bangladesh,ornamentals,1990,0.75,11.5,0,0,32,0.0234375
204,Bangladesh,ornamentals,1991,0,0,0,0,32,0
204,Bangladesh,ornamentals,1992,0,0,0,0,32,0
204,Bangladesh,ornamentals,1993,0,0,0,0,32,0
204,Bangladesh,ornamentals,1994,0,0,0,0,32,0
204,Bangladesh,ornamentals,1995,0,0,0,0,32,0
204,Bangladesh,ornamentals,1996,0,0,0,0,32,0
204,Bangladesh,ornamentals,1997,0,0,0,0,32,0
204,Bangladesh,ornamentals,1998,0,0,0,0,32,0
204,Bangladesh,ornamentals,1999,0,0,0,0,32,0
204,Bangladesh,ornamentals,2000,0,0,0,0,32,0
204,Bangladesh,ornamentals,2001,0.25,1,1,4,32,0.0078125
204,Bangladesh,ornamentals,2002,0.75,2.5,2,6,32,0.0234375
204,Bangladesh,ornamentals,2003,1,3.25,1,3,32,0.03125
204,Bangladesh,ornamentals,2004,1.25,4,1,3,32,0.0390625
204,Bangladesh,ornamentals,2005,3.75,24.5,11,86,32,0.1171875
204,Bangladesh,ornamentals,2006,5.75,34.25,10,45,32,0.1796875
204,Bangladesh,ornamentals,2007,6,35.25,2,7,32,0.1875
204,Bangladesh,ornamentals,2008,5.75,35,0,2,32,0.1796875
204,Bangladesh,ornamentals,2009,3,13.75,0,1,32,0.09375
204,Bangladesh,ornamentals,2010,0.75,3,1,2,32,0.0234375
204,Bangladesh,ornamentals,2011,2.75,7.75,10,26,32,0.0859375
204,Bangladesh,ornamentals,2012,2.75,7.25,0,0,32,0.0859375
204,Bangladesh,ornamentals,2013,2.75,7,0,0,32,0.0859375
204,Bangladesh,ornamentals,2014,2.5,6.5,0,0,32,0.078125
204,Bangladesh,ornamentals,2015,0,0,0,0,32,0
204,Bangladesh,ornamentals,2016,0,0,0,0,32,0
204,Bangladesh,ornamentals,2017,0,0,0,0,32,0
204,Bangladesh,ornamentals,2018,0,0,0,0,32,0
204,Bangladesh,ornamentals,2019,0,0,0,0,32,0
204,Bangladesh,ornamentals,2020,0,0,0,0,32,0
204,Bangladesh,ornamentals,2021,0,0,0,0,32,0
204,Bangladesh,ornamentals,2022,0,0,0,0,32,0
204,Bangladesh,seaweeds,2007,8,24,8,24,103,0.07766990291262135
204,Bangladesh,seaweeds,2008,4,12,0,0,103,0.038834951456310676
204,Bangladesh,seaweeds,2009,19.333333333333332,24,50,48,103,0.18770226537216828
204,Bangladesh,seaweeds,2010,30.25,24.75,63,27,103,0.2936893203883495
204,Bangladesh,seaweeds,2011,46.75,62.25,74,174,103,0.4538834951456311
204,Bangladesh,seaweeds,2012,65.25,73,74,43,103,0.633495145631068
204,Bangladesh,seaweeds,2013,78.5,74.25,103,53,103,0.7621359223300971
204,Bangladesh,seaweeds,2014,71.5,71.5,35,16,103,0.6941747572815534
204,Bangladesh,seaweeds,2015,103,60.25,200,129,103,1
204,Bangladesh,seaweeds,2016,84.5,50.5,0,4,103,0.8203883495145631
204,Bangladesh,seaweeds,2017,58.75,37.25,0,0,103,0.5703883495145631
204,Bangladesh,seaweeds,2018,50,33.25,0,0,103,0.4854368932038835
204,Bangladesh,seaweeds,2019,0.885,3.605,3.54,10.42,103,0.008592233009708738
204,Bangladesh,seaweeds,2020,2.375,13.525,5.96,43.68,103,0.023058252427184466
204,Bangladesh,seaweeds,2021,6.125,36.1025,15,90.31,103,0.05946601941747573
204,Bangladesh,seaweeds,2022,16.4625,60.595,41.35,97.97,103,0.15983009708737864
205,Myanmar,ornamentals,2005,482.53278069862426,144,482.53278069862426,144,482.53278069862426,1
205,Myanmar,ornamentals,2006,241.26639034931213,72,0,0,482.53278069862426,0.5
205,Myanmar,ornamentals,2007,160.84426023287475,48,0,0,482.53278069862426,0.3333333333333333
205,Myanmar,ornamentals,2008,225.68720961252257,96.5,420.216057751466,242,482.53278069862426,0.46771373601968846
205,Myanmar,ornamentals,2009,202.059177258614,116,388.02065128299,222,482.53278069862426,0.41874704753958303
205,Myanmar,ornamentals,2010,291.50350344345134,168.75,357.77730473934935,211,482.53278069862426,0.6041112958614014
205,Myanmar,ornamentals,2011,373.00742578477184,217,326.015689365282,193,482.53278069862426,0.7730198666393636
205,Myanmar,ornamentals,2012,342.059168712718,202.75,296.4230294632507,185,482.53278069862426,0.708882758633466
205,Myanmar,ornamentals,2013,313.3883148863097,199,273.3372359773566,207,482.53278069862426,0.6494653367022597
205,Myanmar,ornamentals,2014,284.66323717310115,195,242.87699388651527,195,482.53278069862426,0.5899355412930866
205,Myanmar,ornamentals,2015,256.69729387510597,194.5,214.1519161733013,191,482.53278069862426,0.5319789745754735
205,Myanmar,ornamentals,2016,229.7073805395321,198.5,188.46337612095522,201,482.53278069862426,0.4760451304613034
205,Myanmar,ornamentals,2017,203.15125829836506,204.5,167.1127470126885,231,482.53278069862426,0.4210102741708803
205,Myanmar,ornamentals,2018,142.69700982673623,157.475,1.06,6.9,482.53278069862426,0.29572500674490043
205,Myanmar,ornamentals,2019,89.32903078341093,111.1075,0.68,5.53,482.53278069862426,0.18512531035524238
205,Myanmar,ornamentals,2020,42.35068675317212,62.02,0.55,4.65,482.53278069862426,0.0877674811892689
205,Myanmar,ornamentals,2021,0.645,4.865,0.29,2.38,482.53278069862426,0.0013366967505630421
205,Myanmar,ornamentals,2022,0.4525,3.7350000000000003,0.29,2.38,482.53278069862426,9.377601234570179e-4
205,Myanmar,seaweeds,2018,32.53,65.34,32.53,65.34,697.85,0.04661460199183205
205,Myanmar,seaweeds,2019,239.77000000000004,327.39,447.01000000000005,589.4399999999999,697.85,0.343583864727377
205,Myanmar,seaweeds,2020,697.85,456.9866666666666,1614.01,716.18,697.85,1
205,Myanmar,seaweeds,2021,601.265,386.7675,311.51,176.11,697.85,0.8615963315898831
205,Myanmar,seaweeds,2022,625.3075,390.135,128.7,78.81,697.85,0.8960485777745933
206,Malaysia,fish_oil,1976,1,0,1,0,4839.3825,2.0663793366199098e-4
206,Malaysia,fish_oil,1977,6.5,2,12,4,4839.3825,0.0013431465688029413
206,Malaysia,fish_oil,1978,4.333333333333333,1.3333333333333333,0,0,4839.3825,8.954310458686275e-4
206,Malaysia,fish_oil,1979,3.25,1,0,0,4839.3825,6.715732844014707e-4
206,Malaysia,fish_oil,1980,3,1,0,0,4839.3825,6.199138009859729e-4
206,Malaysia,fish_oil,1981,0,0,0,0,4839.3825,0
206,Malaysia,fish_oil,1982,0.25,0.25,1,1,4839.3825,5.1659483415497744e-5
206,Malaysia,fish_oil,1983,0.75,1,2,3,4839.3825,1.5497845024649323e-4
206,Malaysia,fish_oil,1984,1.5,3,3,8,4839.3825,3.0995690049298645e-4
206,Malaysia,fish_oil,1985,1.75,3.5,1,2,4839.3825,3.616163839084842e-4
206,Malaysia,fish_oil,1986,3.5,11.75,8,34,4839.3825,7.232327678169684e-4
206,Malaysia,fish_oil,1987,5.5,20.25,10,37,4839.3825,0.0011365086351409503
206,Malaysia,fish_oil,1988,10.5,25.25,23,28,4839.3825,0.0021696983034509053
206,Malaysia,fish_oil,1989,16,33.75,23,36,4839.3825,0.0033062069385918556
206,Malaysia,fish_oil,1990,16.75,28,11,11,4839.3825,0.003461185388838349
206,Malaysia,fish_oil,1991,24.75,26.5,42,31,4839.3825,0.005114288858134277
206,Malaysia,fish_oil,1992,25,24.5,24,20,4839.3825,0.005165948341549775
206,Malaysia,fish_oil,1993,25.5,25.25,25,39,4839.3825,0.00526926730838077
206,Malaysia,fish_oil,1994,29.5,31.5,27,36,4839.3825,0.006095819043028734
206,Malaysia,fish_oil,1995,21.25,35.5,9,47,4839.3825,0.004391056090317308
206,Malaysia,fish_oil,1996,47.25,127.5,128,388,4839.3825,0.009763642365529073
206,Malaysia,fish_oil,1997,59,208.25,72,362,4839.3825,0.012191638086057468
206,Malaysia,fish_oil,1998,54.5,215.25,9,64,4839.3825,0.011261767384578509
206,Malaysia,fish_oil,1999,58,246.5,23,172,4839.3825,0.011985000152395477
206,Malaysia,fish_oil,2000,34,169,32,78,4839.3825,0.007025689744507693
206,Malaysia,fish_oil,2001,103,201.5,348,492,4839.3825,0.02128370716718507
206,Malaysia,fish_oil,2002,187.75,312.75,348,509,4839.3825,0.038796272045038806
206,Malaysia,fish_oil,2003,200.25,376.75,73,428,4839.3825,0.041379246215813695
206,Malaysia,fish_oil,2004,244.25,420.5,208,253,4839.3825,0.050471315296941294
206,Malaysia,fish_oil,2005,167.75,360.5,42,252,4839.3825,0.03466351337179899
206,Malaysia,fish_oil,2006,98.25,316.25,70,332,4839.3825,0.020302176982290615
206,Malaysia,fish_oil,2007,86,279.25,24,280,4839.3825,0.017770862294931224
206,Malaysia,fish_oil,2008,189,480,620,1056,4839.3825,0.039054569462116294
206,Malaysia,fish_oil,2009,223,562.75,178,583,4839.3825,0.04608025920662399
206,Malaysia,fish_oil,2010,259.75,655.75,217,704,4839.3825,0.053674203268702154
206,Malaysia,fish_oil,2011,284.25,916,122,1321,4839.3825,0.05873683264342094
206,Malaysia,fish_oil,2012,157.25,786,112,536,4839.3825,0.03249381506834808
206,Malaysia,fish_oil,2013,283.25,1308.5,682,2673,4839.3825,0.05853019470975895
206,Malaysia,fish_oil,2014,354.25,1699.75,501,2269,4839.3825,0.0732014879997603
206,Malaysia,fish_oil,2015,347.25,1593,94,894,4839.3825,0.07175502246412636
206,Malaysia,fish_oil,2016,429,1600.5,439,566,4839.3825,0.08864767354099413
206,Malaysia,fish_oil,2017,769.75,1724.5,2045,3169,4839.3825,0.15905954943631756
206,Malaysia,fish_oil,2018,1490.75,2475.5,3385,5273,4839.3825,0.30804549960661304
206,Malaysia,fish_oil,2019,1997.9850000000001,3007.5425,2122.94,3022.17,4839.3825,0.4128594918876531
206,Malaysia,fish_oil,2020,2968.3375,4580.675,4320.41,6858.53,4839.3825,0.6133711274114002
206,Malaysia,fish_oil,2021,2638.0175,4096.4425,723.72,1232.07,4839.3825,0.5451144851641713
206,Malaysia,fish_oil,2022,4839.3825,7800.4275,12190.46,20088.94,4839.3825,1
206,Malaysia,ornamentals,1976,17.242826513252012,89,17.242826513252012,89,3057.6427641337814,0.005639254760402607
206,Malaysia,ornamentals,1977,18.943666370626893,99,20.644506228001774,109,3057.6427641337814,0.0061955132865214105
206,Malaysia,ornamentals,1978,19.038647669391253,99.66666666666667,19.228610266919972,101,3057.6427641337814,0.00622657685610465
206,Malaysia,ornamentals,1979,19.076276876776667,100,19.18916449893291,101,3057.6427641337814,0.0062388834629544775
206,Malaysia,ornamentals,1980,19.466971794131712,102.5,18.805606182672193,99,3057.6427641337814,0.0063666599716879066
206,Malaysia,ornamentals,1981,19.2124556834736,101.25,19.626441785369323,104,3057.6427641337814,0.006283420649670439
206,Malaysia,ornamentals,1982,18.871911435747073,99.5,17.866433276013865,94,3057.6427641337814,0.006172045883552853
206,Malaysia,ornamentals,1983,30.747362651736236,168.75,66.69096936288956,378,3057.6427641337814,0.010055904179652212
206,Malaysia,ornamentals,1984,29.331466690654448,160.75,13.142022338345043,67,3057.6427641337814,0.009592836362283133
206,Malaysia,ornamentals,1985,30.969569595501586,170.5,26.178853404757874,143,3057.6427641337814,0.010128576810468292
206,Malaysia,ornamentals,1986,34.28522117318292,190,31.129039586739196,172,3057.6427641337814,0.011212958418605775
206,Malaysia,ornamentals,1987,34.632902022003755,192.25,68.0816927581729,387,3057.6427641337814,0.011326667205289145
206,Malaysia,ornamentals,1988,48.78809887030605,274.75,69.76280973155423,397,3057.6427641337814,0.015956114770041666
206,Malaysia,ornamentals,1989,63.02932385567678,357.75,83.14375334624077,475,3057.6427641337814,0.020613697778894307
206,Malaysia,ornamentals,1990,114.47771812313931,657,236.92261665658935,1369,3057.6427641337814,0.03743986036104856
206,Malaysia,ornamentals,1991,164.67870440310975,949,268.8856378780546,1555,3057.6427641337814,0.05385805900375108
206,Malaysia,ornamentals,1992,241.80649758549572,1397.5,378.2739824610982,2191,3057.6427641337814,0.07908265164979095
206,Malaysia,ornamentals,1993,395.88645937558374,2293.25,699.4636005065927,4058,3057.6427641337814,0.12947439904338756
206,Malaysia,ornamentals,1994,530.0078933657982,3073,773.4083526174472,4488,3057.6427641337814,0.17333872340575646
206,Malaysia,ornamentals,1995,750.1144503558988,4352.5,1149.3118658384572,6673,3057.6427641337814,0.24532442414619465
206,Malaysia,ornamentals,1996,1078.8745444634144,6263.5,1693.3143588911605,9835,3057.6427641337814,0.3528451907850836
206,Malaysia,ornamentals,1997,1283.625078986802,7453.75,1518.4657386001434,8819,3057.6427641337814,0.4198087147536505
206,Malaysia,ornamentals,1998,1371.8935159195485,7967,1126.482100348433,6541,3057.6427641337814,0.4486768474106558
206,Malaysia,ornamentals,1999,1418.9974892650557,8241,1337.7277592204864,7769,3057.6427641337814,0.46408217006575403
206,Malaysia,ornamentals,2000,1349.447308745785,7837,1415.1136368140776,8219,3057.6427641337814,0.44133583052109043
206,Malaysia,ornamentals,2001,1425.2846798721448,8278,1821.815223105582,10583,3057.6427641337814,0.4661383915056285
206,Malaysia,ornamentals,2002,1899.1742412140854,11032.5,3022.0403457161956,17559,3057.6427641337814,0.6211236523414188
206,Malaysia,ornamentals,2003,2173.4785245572907,12627,2434.944892593308,14147,3057.6427641337814,0.710834682864932
206,Malaysia,ornamentals,2004,2408.4957808381123,14022,2355.182661937364,13799,3057.6427641337814,0.7876969177334325
206,Malaysia,ornamentals,2005,2615.004857941646,15219.5,2647.8515315197164,15373,3057.6427641337814,0.8552355718646115
206,Malaysia,ornamentals,2006,2499.5287201014116,14547.5,2560.135794355257,14871,3057.6427641337814,0.8174691790097064
206,Malaysia,ornamentals,2007,2739.8837662877095,15948.5,3396.3650773384993,19751,3057.6427641337814,0.8960771344601167
206,Malaysia,ornamentals,2008,2996.618562540662,17422.5,3382.1218469491746,19695,3057.6427641337814,0.9800420761022397
206,Malaysia,ornamentals,2009,2910.6767127225958,16974.5,2304.0841322474516,13581,3057.6427641337814,0.9519348521890455
206,Malaysia,ornamentals,2010,3057.6427641337814,16511.25,3148,13018,3057.6427641337814,1
206,Malaysia,ornamentals,2011,2741.5514947991564,14445.25,2132,11487,3057.6427641337814,0.8966225639429227
206,Malaysia,ornamentals,2012,2362.771033061863,13476,1867,15818,3057.6427641337814,0.772742669868835
206,Malaysia,ornamentals,2013,1787.3199188801873,10278.5,2.279675520748782,791,3057.6427641337814,0.5845417718006467
206,Malaysia,ornamentals,2014,1000.8911440165306,7334.75,2.2849005453735742,1243,3057.6427641337814,0.32734077236131254
206,Malaysia,ornamentals,2015,468.4230813539337,4714.5,2.127749349612486,1006,3057.6427641337814,0.15319745224934286
206,Malaysia,ornamentals,2016,2.2363138793422337,1251.75,2.2529301016340924,1967,3057.6427641337814,7.313849431903052e-4
206,Malaysia,ornamentals,2017,2.166831702425192,1386.75,2.001746813080615,1331,3057.6427641337814,7.086608441778015e-4
206,Malaysia,ornamentals,2018,2.077671130149348,1438.25,1.9282582562701975,1449,3057.6427641337814,6.795009392596404e-4
206,Malaysia,ornamentals,2019,1.5457337927462262,1404.745,0,871.98,3057.6427641337814,5.05531192485178e-4
206,Malaysia,ornamentals,2020,0.9825012673377032,1073.25,0,641.02,3057.6427641337814,3.2132637561930555e-4
206,Malaysia,ornamentals,2021,0.4820645640675494,920.9775,0,721.91,3057.6427641337814,1.5765888995345617e-4
206,Malaysia,ornamentals,2022,0,801.385,0,970.63,3057.6427641337814,0
206,Malaysia,seaweeds,1990,639.0887090778197,160,639.0887090778197,160,2146.25,0.29776992851616524
206,Malaysia,seaweeds,1991,638.6733881720829,190,638.2580672663462,220,2146.25,0.2975764184843718
206,Malaysia,seaweeds,1992,628.8396344968254,195,609.1721271463102,205,2146.25,0.2929945880008505
206,Malaysia,seaweeds,1993,618.5349591830909,198.75,587.6209332418875,210,2146.25,0.2881933414947424
206,Malaysia,seaweeds,1994,459.262781913636,279,2,481,2146.25,0.21398382383861897
206,Malaysia,seaweeds,1995,300.69826509704944,317.5,4,374,2146.25,0.14010402567131017
206,Malaysia,seaweeds,1996,299.1552333104719,457.5,603,765,2146.25,0.139385082497599
206,Malaysia,seaweeds,1997,477,554.25,1299,597,2146.25,0.22224810716365753
206,Malaysia,seaweeds,1998,767.25,561,1163,508,2146.25,0.3574839836924869
206,Malaysia,seaweeds,1999,1265,801.25,1995,1335,2146.25,0.5894001164822364
206,Malaysia,seaweeds,2000,1679.25,994.25,2260,1537,2146.25,0.7824111822947001
206,Malaysia,seaweeds,2001,1721,1347.75,1466,2011,2146.25,0.801863715783343
206,Malaysia,seaweeds,2002,1887.25,2184,1828,3853,2146.25,0.8793244030285381
206,Malaysia,seaweeds,2003,1762.75,2591.5,1497,2965,2146.25,0.821316249271986
206,Malaysia,seaweeds,2004,1522.25,3146,1298,3755,2146.25,0.7092603377984857
206,Malaysia,seaweeds,2005,1455.25,3509.25,1198,3464,2146.25,0.6780430984274898
206,Malaysia,seaweeds,2006,1244.75,3344.5,986,3194,2146.25,0.5799650553290623
206,Malaysia,seaweeds,2007,1067,3237,786,2535,2146.25,0.49714618520675596
206,Malaysia,seaweeds,2008,866,2631,494,1331,2146.25,0.4034944670937682
206,Malaysia,seaweeds,2009,734.75,2260.25,673,1981,2146.25,0.34234129295282467
206,Malaysia,seaweeds,2010,754,2145.75,1063,2736,2146.25,0.3513104251601631
206,Malaysia,seaweeds,2011,919.5,2448.25,1448,3745,2146.25,0.42842166569598134
206,Malaysia,seaweeds,2012,934.25,2408.5,553,1172,2146.25,0.43529411764705883
206,Malaysia,seaweeds,2013,1103.75,2439.5,1351,2105,2146.25,0.5142690739662201
206,Malaysia,seaweeds,2014,1018,2137.5,720,1528,2146.25,0.47431566686080373
206,Malaysia,seaweeds,2015,1282,1771.25,2504,2280,2146.25,0.5973209085614444
206,Malaysia,seaweeds,2016,1710.75,1973,2268,1979,2146.25,0.7970879440885265
206,Malaysia,seaweeds,2017,2046.25,2202,2693,3021,2146.25,0.953407105416424
206,Malaysia,seaweeds,2018,2146.25,2482,1120,2648,2146.25,1
206,Malaysia,seaweeds,2019,1901.4775,2924.7725,1524.91,4051.09,2146.25,0.8859534071054164
206,Malaysia,seaweeds,2020,1735.1575,3360.2400000000002,1602.72,3720.8700000000003,2146.25,0.8084601048340129
206,Malaysia,seaweeds,2021,1288.8175,3248.0975,907.64,2572.43,2146.25,0.6004973791496797
206,Malaysia,seaweeds,2022,1108.41,2915.4675,398.37,1317.48,2146.25,0.5164403028538148
207,Vietnam,fish_oil,2001,60,88,60,88,49189.25,0.0012197787118120322
207,Vietnam,fish_oil,2002,30,44,0,0,49189.25,6.098893559060161e-4
207,Vietnam,fish_oil,2003,26.666666666666668,39,20,29,49189.25,5.421238719164588e-4
207,Vietnam,fish_oil,2004,205.75,457.75,743,1714,49189.25,0.004182824499255427
207,Vietnam,fish_oil,2005,682.5,998.5,1967,2251,49189.25,0.013874982846861865
207,Vietnam,fish_oil,2006,1219.75,1693.25,2149,2779,49189.25,0.02479708472887877
207,Vietnam,fish_oil,2007,3266.5,4027,8207,9364,49189.25,0.06640678603556671
207,Vietnam,fish_oil,2008,10332,11839.5,29005,32964,49189.25,0.21004589417403194
207,Vietnam,fish_oil,2009,16344,18558.25,26015,29126,49189.25,0.33226772109759756
207,Vietnam,fish_oil,2010,23307.5,27461.5,30003,38392,49189.25,0.4738332054259823
207,Vietnam,fish_oil,2011,33934,42325.5,50713,68820,49189.25,0.6898661801104916
207,Vietnam,fish_oil,2012,40932.75,54050.75,57000,79865,49189.25,0.8321482844320659
207,Vietnam,fish_oil,2013,47179.75,65882.75,51003,76454,49189.25,0.9591475779768953
207,Vietnam,fish_oil,2014,49189.25,69793.75,38041,54036,49189.25,1
207,Vietnam,fish_oil,2015,41036,59053.25,18100,25858,49189.25,0.8342473202986425
207,Vietnam,fish_oil,2016,31836,46673.25,20200,30345,49189.25,0.6472145844874643
207,Vietnam,fish_oil,2017,24410.25,35010,21300,29801,49189.25,0.49625172166682763
207,Vietnam,fish_oil,2018,19901.75,28430.5,20007,27718,49189.25,0.40459551629675183
207,Vietnam,fish_oil,2019,24052.32,34295.33,34702.28,49317.32,49189.25,0.4889751317615129
207,Vietnam,fish_oil,2020,26066.1925,36765.3225,28255.49,40224.97,49189.25,0.5299164451582409
207,Vietnam,fish_oil,2021,29377.73,39975.285,34546.15,42640.85,49189.25,0.5972388275893615
207,Vietnam,fish_oil,2022,41024.93,54916.285,66595.8,87482,49189.25,0.8340222711263132
207,Vietnam,ornamentals,1995,736.16474801406,29,736.16474801406,29,1320,0.5577005666773182
207,Vietnam,ornamentals,1996,725.814776780735,45.5,715.4648055474099,62,1320,0.5498596793793447
207,Vietnam,ornamentals,1997,483.8765178538233,30.333333333333332,0,0,1320,0.3665731195862298
207,Vietnam,ornamentals,1998,362.9073883903675,22.75,0,0,1320,0.27492983968967233
207,Vietnam,ornamentals,1999,178.86620138685248,15.5,0,0,1320,0.1355046980203428
207,Vietnam,ornamentals,2000,0,0,0,0,1320,0
207,Vietnam,ornamentals,2001,10,113,40,452,1320,0.007575757575757576
207,Vietnam,ornamentals,2002,49,547.5,156,1738,1320,0.037121212121212124
207,Vietnam,ornamentals,2003,929,11119.25,3520,42287,1320,0.7037878787878787
207,Vietnam,ornamentals,2004,1320,16431.25,1564,21248,1320,1
207,Vietnam,ornamentals,2005,1317.5,16420.5,30,409,1320,0.9981060606060606
207,Vietnam,ornamentals,2006,1300.75,16288.25,89,1209,1320,0.9854166666666667
207,Vietnam,ornamentals,2007,439.25,6002.25,74,1143,1320,0.3327651515151515
207,Vietnam,ornamentals,2008,69.25,1005,84,1259,1320,0.05246212121212121
207,Vietnam,ornamentals,2009,92,1414,121,2045,1320,0.0696969696969697
207,Vietnam,ornamentals,2010,295.2420581686947,1791.75,901.9682326747788,2720,1320,0.22366822588537477
207,Vietnam,ornamentals,2011,488.166413285353,2153.25,845.697420466633,2589,1320,0.36982304036769165
207,Vietnam,ornamentals,2012,754.7740168062319,1865.25,1150.4304140835156,107,1320,0.5717984975804787
207,Vietnam,ornamentals,2013,1012.6469166242669,1362.75,1152.4915992721399,35,1320,0.767156755018384
207,Vietnam,ornamentals,2014,1085.3232443860597,742.75,1192.6735437219504,240,1320,0.8222145790803483
207,Vietnam,ornamentals,2015,1175.4381879398961,158.25,1206.1571946819786,251,1320,0.8904834757120426
207,Vietnam,ornamentals,2016,1186.5478927004451,152,1194.8692331257116,82,1320,0.8988999187124584
207,Vietnam,ornamentals,2017,1198.586532930356,152.5,1200.6461601917836,37,1320,0.9080201007048152
207,Vietnam,ornamentals,2018,1232.300334112022,310.5,1327.5287484486144,872,1320,0.9335608591757742
207,Vietnam,ornamentals,2019,930.7610354415274,546.3275,0,1194.31,1320,0.7051219965466117
207,Vietnam,ornamentals,2020,632.0437271600995,558.3125,0,129.94,1320,0.47882100542431777
207,Vietnam,ornamentals,2021,331.8821871121536,609.7225,0,242.64,1320,0.25142589932738907
207,Vietnam,ornamentals,2022,0,394.5,0,11.11,1320,0
207,Vietnam,seaweeds,1998,67,73,67,73,4255.665,0.015743720429122122
207,Vietnam,seaweeds,1999,34.5,39,2,5,4255.665,0.008106841116488258
207,Vietnam,seaweeds,2000,53.666666666666664,93.33333333333333,92,202,4255.665,0.012610641736759512
207,Vietnam,seaweeds,2001,315.25,1097.5,1100,4110,4255.665,0.0740777293325485
207,Vietnam,seaweeds,2002,449.5,1633.75,604,2218,4255.665,0.10562391541627454
207,Vietnam,seaweeds,2003,487.5,1785,154,610,4255.665,0.11455318968950799
207,Vietnam,seaweeds,2004,544.5,1988.5,320,1016,4255.665,0.12794710109935814
207,Vietnam,seaweeds,2005,402.5,1380.25,532,1677,4255.665,0.09457981302569633
207,Vietnam,seaweeds,2006,330.5,1074.5,316,995,4255.665,0.07766118808693824
207,Vietnam,seaweeds,2007,364.5,1149.25,290,909,4255.665,0.0856505387524629
207,Vietnam,seaweeds,2008,435,1351.5,602,1825,4255.665,0.10221669233833021
207,Vietnam,seaweeds,2009,417.5,1271.75,462,1358,4255.665,0.09810452655460428
207,Vietnam,seaweeds,2010,538.75,1564,801,2164,4255.665,0.12659596091327677
207,Vietnam,seaweeds,2011,666.25,1861.75,800,2100,4255.665,0.15655602590899426
207,Vietnam,seaweeds,2012,833.75,2118.5,1272,2852,4255.665,0.19591532698179956
207,Vietnam,seaweeds,2013,842,2261,495,1928,4255.665,0.19785391942269892
207,Vietnam,seaweeds,2014,817.5,2424,703,2816,4255.665,0.19209688732548263
207,Vietnam,seaweeds,2015,845,2659.25,910,3041,4255.665,0.1985588621284805
207,Vietnam,seaweeds,2016,709.5,2651.25,730,2820,4255.665,0.16671894991734548
207,Vietnam,seaweeds,2017,889.75,3602.75,1216,5734,4255.665,0.20907425748972253
207,Vietnam,seaweeds,2018,1040.25,4418,1305,6077,4255.665,0.2444388832297655
207,Vietnam,seaweeds,2019,1639.635,8419.695,3307.54,19047.78,4255.665,0.3852829111313978
207,Vietnam,seaweeds,2020,2355.955,12407.8375,3595.2799999999997,18772.57,4255.665,0.5536044307998867
207,Vietnam,seaweeds,2021,3382.035,17204.3575,5320.320000000001,24920.079999999998,4255.665,0.7947136346493439
207,Vietnam,seaweeds,2022,4255.665,21286.405,4799.52,22405.19,4255.665,1
208,Singapore,fish_oil,1979,268,99,268,99,268,1
208,Singapore,fish_oil,1980,230.5,88,193,77,268,0.8600746268656716
208,Singapore,fish_oil,1981,169,84.66666666666667,46,78,268,0.6305970149253731
208,Singapore,fish_oil,1982,147.75,88.5,84,100,268,0.5513059701492538
208,Singapore,fish_oil,1983,114.25,100.75,134,148,268,0.42630597014925375
208,Singapore,fish_oil,1984,127.5,124.75,246,173,268,0.47574626865671643
208,Singapore,fish_oil,1985,144.75,126.5,115,85,268,0.5401119402985075
208,Singapore,fish_oil,1986,159.5,129.75,143,113,268,0.5951492537313433
208,Singapore,fish_oil,1987,156.75,117.75,123,100,268,0.5848880597014925
208,Singapore,fish_oil,1988,107.75,86.5,50,48,268,0.40205223880597013
208,Singapore,fish_oil,1989,105,120.75,104,222,268,0.3917910447761194
208,Singapore,fish_oil,1990,83,133,55,162,268,0.30970149253731344
208,Singapore,fish_oil,1991,77,153,99,180,268,0.2873134328358209
208,Singapore,fish_oil,1992,84,179.25,78,153,268,0.31343283582089554
208,Singapore,fish_oil,1993,73.5,160.25,62,146,268,0.27425373134328357
208,Singapore,fish_oil,1994,82.75,177.75,92,232,268,0.3087686567164179
208,Singapore,fish_oil,1995,82.5,183.75,98,204,268,0.30783582089552236
208,Singapore,fish_oil,1996,88.5,182,102,146,268,0.3302238805970149
208,Singapore,fish_oil,1997,82.5,171.5,38,104,268,0.30783582089552236
208,Singapore,fish_oil,1998,109,152.5,198,156,268,0.40671641791044777
208,Singapore,fish_oil,1999,99.5,153.5,60,208,268,0.3712686567164179
208,Singapore,fish_oil,2000,119.25,289,181,688,268,0.4449626865671642
208,Singapore,fish_oil,2001,174,567,257,1216,268,0.6492537313432836
208,Singapore,fish_oil,2002,153.25,900.75,115,1491,268,0.5718283582089553
208,Singapore,fish_oil,2003,172.25,1493,136,2577,268,0.6427238805970149
208,Singapore,fish_oil,2004,171,2151.25,176,3321,268,0.6380597014925373
208,Singapore,fish_oil,2005,160.5,2987.25,215,4560,268,0.5988805970149254
208,Singapore,fish_oil,2006,183.5,3539.5,207,3700,268,0.6847014925373134
208,Singapore,fish_oil,2007,189,3641.25,158,2984,268,0.7052238805970149
208,Singapore,fish_oil,2008,162.75,3159.25,71,1393,268,0.6072761194029851
208,Singapore,fish_oil,2009,121,2174.75,48,622,268,0.45149253731343286
208,Singapore,fish_oil,2010,95,1620.75,103,1484,268,0.35447761194029853
208,Singapore,fish_oil,2011,75.25,1374.25,79,1998,268,0.28078358208955223
208,Singapore,fish_oil,2012,75.75,1395.75,73,1479,268,0.2826492537313433
208,Singapore,fish_oil,2013,89.75,1655.5,104,1661,268,0.33488805970149255
208,Singapore,fish_oil,2014,71,1369.25,28,339,268,0.26492537313432835
208,Singapore,fish_oil,2015,57.5,945.5,25,303,268,0.21455223880597016
208,Singapore,fish_oil,2016,64.75,839.25,102,1054,268,0.2416044776119403
208,Singapore,fish_oil,2017,51,575.25,49,605,268,0.19029850746268656
208,Singapore,fish_oil,2018,73.75,665.25,119,699,268,0.2751865671641791
208,Singapore,fish_oil,2019,80.73,697.715,52.92,432.86,268,0.3012313432835821
208,Singapore,fish_oil,2020,67,574.72,47.08,562.02,268,0.25
208,Singapore,fish_oil,2021,58.0125,631.39,13.05,831.6800000000001,268,0.21646455223880598
208,Singapore,fish_oil,2022,31.11,650.12,11.389999999999999,773.9200000000001,268,0.11608208955223881
208,Singapore,ornamentals,1976,1275.6512536961163,76,1275.6512536961163,76,14274.791911484075,0.0893639123852905
208,Singapore,ornamentals,1977,1263.4576703115526,84,1251.264086926989,92,14274.791911484075,0.08850970845291976
208,Singapore,ornamentals,1978,1251.4809824741944,93,1227.5276067994782,111,14274.791911484075,0.08767069882590565
208,Singapore,ornamentals,1979,1238.7993841084226,98.75,1200.7545890111069,116,14274.791911484075,0.08678230770648279
208,Singapore,ornamentals,1980,1214.7917845469055,116.5,1179.620855450048,147,14274.791911484075,0.08510048987611547
208,Singapore,ornamentals,1981,1197.1826036279144,163.75,1180.8273632510245,281,14274.791911484075,0.08386690405376632
208,Singapore,ornamentals,1982,1189.8759612011236,258.5,1198.3010370923148,490,14274.791911484075,0.08335504773585302
208,Singapore,ornamentals,1983,1193.739439455352,404.75,1216.208502028021,701,14274.791911484075,0.0836256981438019
208,Singapore,ornamentals,1984,1247.3804457929527,780.5,1394.1848808004506,1650,14274.791911484075,0.08738344163107797
208,Singapore,ornamentals,1985,1234.1633997048448,848,1127.9591788985927,551,14274.791911484075,0.08645754049219868
208,Singapore,ornamentals,1986,1227.1821005988604,944.25,1170.3758406683774,875,14274.791911484075,0.08596847563232021
208,Singapore,ornamentals,1987,1265.0981797641525,1247.5,1367.8728186891894,1914,14274.791911484075,0.08862463198124665
208,Singapore,ornamentals,1988,1295.2060192300924,1514.75,1514.61623866421,2719,14274.791911484075,0.09073379333733746
208,Singapore,ornamentals,1989,1405.3483156143975,2151,1568.5283644358133,3096,14274.791911484075,0.09844965336999374
208,Singapore,ornamentals,1990,1499.9825803735985,2715.75,1548.9128997051812,3134,14274.791911484075,0.10507912056965692
208,Singapore,ornamentals,1991,1540.9351971997512,3033,1531.6832859938004,3183,14274.791911484075,0.10794799719357508
208,Singapore,ornamentals,1992,1552.6611390401304,3215.5,1561.5200060257266,3449,14274.791911484075,0.10876944117069853
208,Singapore,ornamentals,1993,1556.0366023131483,3359.5,1582.0302175278848,3672,14274.791911484075,0.1090059043915951
208,Singapore,ornamentals,1994,1570.256842946379,3553.5,1605.7938622381043,3910,14274.791911484075,0.11000208288031904
208,Singapore,ornamentals,1995,4591.300054471954,17610.5,13615.856132096102,59411,14274.791911484075,0.3216369165268358
208,Singapore,ornamentals,1996,7552.534318855964,31391.75,13406.457063561764,58574,14274.791911484075,0.5290819204712852
208,Singapore,ornamentals,1997,10186.256306961572,43663,12116.918169950317,52757,14274.791911484075,0.7135835233273505
208,Singapore,ornamentals,1998,12286.469472831555,53474.5,10006.646525718039,43156,14274.791911484075,0.8607109335826525
208,Singapore,ornamentals,1999,11337.131245009961,49226,9818.503220809725,42417,14274.791911484075,0.7942064105249222
208,Singapore,ornamentals,2000,10492.011327620003,45458,10025.97739400193,43502,14274.791911484075,0.7350027511910122
208,Singapore,ornamentals,2001,9858.147673206971,42664,9581.463552298192,41581,14274.791911484075,0.6905983452743776
208,Singapore,ornamentals,2002,9738.326465667982,42240,9527.361695562082,41460,14274.791911484075,0.6822044430527562
208,Singapore,ornamentals,2003,9656.787322210539,41992.5,9492.346646979953,41427,14274.791911484075,0.676492335726565
208,Singapore,ornamentals,2004,9955.682968549332,43499,11221.559979357102,49528,14274.791911484075,0.6974310399957552
208,Singapore,ornamentals,2005,10610.016192869067,46644.25,12198.79644957713,54162,14274.791911484075,0.7432694121679844
208,Singapore,ornamentals,2006,11663.545671818203,51630,13741.479611358627,61403,14274.791911484075,0.8170729033489361
208,Singapore,ornamentals,2007,12972.415433713526,57793,14727.825694561245,66079,14274.791911484075,0.9087638905108811
208,Singapore,ornamentals,2008,13989.343789071943,62610,15289.273400790771,68796,14274.791911484075,0.9800033426629156
208,Singapore,ornamentals,2009,14274.791911484075,64054.5,13340.588939225658,59940,14274.791911484075,1
208,Singapore,ornamentals,2010,11222.367473262839,49466.75,1531.7818584736815,3052,14274.791911484075,0.7861667996879478
208,Singapore,ornamentals,2011,7931.647344466829,33748.5,1564.945179377206,3206,14274.791911484075,0.5556401377792286
208,Singapore,ornamentals,2012,4500.082839906466,17325.75,1563.015382549318,3105,14274.791911484075,0.3152468258599376
208,Singapore,ornamentals,2013,1515.1939663131197,2801,1401.0334448522735,1841,14274.791911484075,0.10614473231614295
208,Singapore,ornamentals,2014,1472.0125536421274,2400.25,1359.056207789712,1449,14274.791911484075,0.10311972060747819
208,Singapore,ornamentals,2015,1415.5163992436292,1902.75,1338.960561783213,1216,14274.791911484075,0.09916196383254075
208,Singapore,ornamentals,2016,1362.9768218442605,1434,1352.8570729518433,1230,14274.791911484075,0.09548137936411845
208,Singapore,ornamentals,2017,1351.0695699750886,1260.5,1353.404437375586,1147,14274.791911484075,0.09464723397390841
208,Singapore,ornamentals,2018,1346.3529667391185,1139.25,1340.1897948458318,964,14274.791911484075,0.09431681912336509
208,Singapore,ornamentals,2019,1011.6128262933153,943.8775,0,434.51,14274.791911484075,0.07086708041463444
208,Singapore,ornamentals,2020,673.3985580553544,684.9575,0,194.32,14274.791911484075,0.04717396668413815
208,Singapore,ornamentals,2021,335.04744871145795,450.2125,0,208.02,14274.791911484075,0.023471266746936757
208,Singapore,ornamentals,2022,0,231.235,0,88.09,14274.791911484075,0
208,Singapore,seaweeds,1994,5990,12818,5990,12818,5990,1
208,Singapore,seaweeds,1995,3189,8161,388,3504,5990,0.5323873121869783
208,Singapore,seaweeds,1996,2328.6666666666665,6737.333333333333,608,3890,5990,0.38875904284919305
208,Singapore,seaweeds,1997,1837.25,5651.5,363,2394,5990,0.3067195325542571
208,Singapore,seaweeds,1998,486.5,3007.75,587,2243,5990,0.08121869782971619
208,Singapore,seaweeds,1999,558.5,3195.5,676,4255,5990,0.09323873121869783
208,Singapore,seaweeds,2000,483.75,2881.5,309,2634,5990,0.08075959933222036
208,Singapore,seaweeds,2001,448.75,2762.75,223,1919,5990,0.07491652754590986
208,Singapore,seaweeds,2002,363,2648.75,244,1787,5990,0.06060100166944908
208,Singapore,seaweeds,2003,252.5,1890.5,234,1222,5990,0.042153589315525875
208,Singapore,seaweeds,2004,256.25,1543.5,324,1246,5990,0.042779632721202006
208,Singapore,seaweeds,2005,278.5,1457.75,312,1576,5990,0.04649415692821369
208,Singapore,seaweeds,2006,337.5,1342.25,480,1325,5990,0.056343906510851416
208,Singapore,seaweeds,2007,391,1380.5,448,1375,5990,0.0652754590984975
208,Singapore,seaweeds,2008,425.75,1548.75,463,1919,5990,0.07107679465776294
208,Singapore,seaweeds,2009,435.25,1470,350,1261,5990,0.0726627712854758
208,Singapore,seaweeds,2010,404.5,1521,357,1529,5990,0.06752921535893155
208,Singapore,seaweeds,2011,347.75,1595.25,221,1672,5990,0.0580550918196995
208,Singapore,seaweeds,2012,288.25,1661.25,225,2183,5990,0.04812186978297162
208,Singapore,seaweeds,2013,261.5,2046,243,2800,5990,0.04365609348914858
208,Singapore,seaweeds,2014,215,2352,171,2753,5990,0.03589315525876461
208,Singapore,seaweeds,2015,194.75,2615.25,140,2725,5990,0.03251252086811352
208,Singapore,seaweeds,2016,181.75,2733.5,173,2656,5990,0.030342237061769615
208,Singapore,seaweeds,2017,168,2835.5,188,3208,5990,0.028046744574290485
208,Singapore,seaweeds,2018,169.25,2743.75,176,2386,5990,0.02825542570951586
208,Singapore,seaweeds,2019,174.895,3077.9,162.58,4061.6,5990,0.029197829716193658
208,Singapore,seaweeds,2020,181.2825,3522.99,198.55,4436.36,5990,0.030264190317195325
208,Singapore,seaweeds,2021,170.57500000000002,3484.7749999999996,145.17000000000002,3055.14,5990,0.028476627712854762
208,Singapore,seaweeds,2022,173.1825,3476.58,186.43,2353.2200000000003,5990,0.02891193656093489
209,China,fish_oil,1982,1,0,1,0,38485,2.598414966870209e-5
209,China,fish_oil,1983,0.5,0,0,0,38485,1.2992074834351046e-5
209,China,fish_oil,1984,0.6666666666666666,0,1,0,38485,1.7322766445801392e-5
209,China,fish_oil,1985,0.5,0,0,0,38485,1.2992074834351046e-5
209,China,fish_oil,1986,0.75,0.25,2,1,38485,1.948811225152657e-5
209,China,fish_oil,1987,2,3.75,5,14,38485,5.196829933740418e-5
209,China,fish_oil,1988,2.25,4.75,2,4,38485,5.846433675457971e-5
209,China,fish_oil,1989,3,6.75,3,8,38485,7.795244900610628e-5
209,China,fish_oil,1990,13.5,33.75,44,109,38485,3.507860205274782e-4
209,China,fish_oil,1991,15.5,41,13,43,38485,4.027543198648824e-4
209,China,fish_oil,1992,68.75,210.25,215,681,38485,0.0017864102897232688
209,China,fish_oil,1993,125.75,280.5,231,289,38485,0.003267506820839288
209,China,fish_oil,1994,139.25,329,98,303,38485,0.003618292841366766
209,China,fish_oil,1995,169.75,420.25,135,408,38485,0.00441080940626218
209,China,fish_oil,1996,158.5,359.25,170,437,38485,0.004118487722489282
209,China,fish_oil,1997,153,425.5,209,554,38485,0.00397557489931142
209,China,fish_oil,1998,696.5,769,2272,1677,38485,0.018097960244251008
209,China,fish_oil,1999,891,855.5,913,754,38485,0.023151877354813565
209,China,fish_oil,2000,933.5,1016,340,1079,38485,0.024256203715733404
209,China,fish_oil,2001,988.25,1077,428,798,38485,0.025678835910094844
209,China,fish_oil,2002,505.5,977.25,341,1278,38485,0.013134987657528907
209,China,fish_oil,2003,329.25,1103,208,1257,38485,0.008555281278420163
209,China,fish_oil,2004,320.75,1242.75,306,1638,38485,0.008334416006236196
209,China,fish_oil,2005,459.75,2151.5,984,4433,38485,0.011946212810185786
209,China,fish_oil,2006,1255,3943,3522,8444,38485,0.03261010783422112
209,China,fish_oil,2007,2211.75,6734.25,4035,12422,38485,0.05747044302975185
209,China,fish_oil,2008,3469,11789,5335,21857,38485,0.09013901520072756
209,China,fish_oil,2009,4384.5,18566,4646,31541,38485,0.11392750422242433
209,China,fish_oil,2010,5754,29539.25,9000,52337,38485,0.14951279719371183
209,China,fish_oil,2011,10508.25,49144,23052,90841,38485,0.27304794075613875
209,China,fish_oil,2012,12615.75,65238.5,13765,86235,38485,0.3278095361829284
209,China,fish_oil,2013,16494.25,86497.75,20160,116578,38485,0.42858906067298946
209,China,fish_oil,2014,21576,104857.5,29327,125776,38485,0.5606340132519163
209,China,fish_oil,2015,28053.75,123823.5,48963,166705,38485,0.7289528387683513
209,China,fish_oil,2016,35898.75,136437.75,45145,136692,38485,0.9327984929193193
209,China,fish_oil,2017,38485,139467.25,30505,128696,38485,1
209,China,fish_oil,2018,37375,140446.75,24887,129694,38485,0.9711575938677407
209,China,fish_oil,2019,32068.06,135689.7825,27735.24,147677.13,38485,0.8332612706249188
209,China,fish_oil,2020,27613.177499999998,139821.575,27325.469999999998,153219.17,38485,0.717504936988437
209,China,fish_oil,2021,25676.7825,158453.225,22759.42,203222.6,38485,0.6671893594907107
209,China,fish_oil,2022,27731.75,194685.63,33106.869999999995,274623.62,38485,0.7205859425750293
209,China,ornamentals,1978,56.55713835680399,25,56.55713835680399,25,583.0888746744766,0.09699574252446228
209,China,ornamentals,1979,28.278569178401995,12.5,0,0,583.0888746744766,0.04849787126223114
209,China,ornamentals,1980,36.24640402823843,11,52.1820737279113,8,583.0888746744766,0.06216274328415862
209,China,ornamentals,1981,39.70564301001855,8.75,50.0833599553589,2,583.0888746744766,0.06809535344364986
209,China,ornamentals,1982,37.62469294584457,3.25,48.233338100108085,3,583.0888746744766,0.06452651487622613
209,China,ornamentals,1983,49.488285715437655,6.5,47.45437107837233,13,583.0888746744766,0.08487262896769499
209,China,ornamentals,1984,37.19276728345983,5.25,3,3,583.0888746744766,0.06378576045413932
209,China,ornamentals,1985,24.671927294620104,4.75,0,0,583.0888746744766,0.04231246447360842
209,China,ornamentals,1986,12.613592769593083,4,0,0,583.0888746744766,0.021632367409916583
209,China,ornamentals,1987,10.531334622721033,3.75,39.12533849088413,12,583.0888746744766,0.018061285474877915
209,China,ornamentals,1988,19.678792386635564,15.5,39.589831055658124,50,583.0888746744766,0.03374921601380531
209,China,ornamentals,1989,28.774926144843903,25.75,36.384535032833355,41,583.0888746744766,0.04934912565585854
209,China,ornamentals,1990,28.774926144843903,25.75,0,0,583.0888746744766,0.04934912565585854
209,China,ornamentals,1991,28.40817393921577,68.5,37.65832966837161,183,583.0888746744766,0.0487201440004756
209,China,ornamentals,1992,136.26071617530124,4454.5,471,17594,583.0888746744766,0.2336877311393946
209,China,ornamentals,1993,200.94460347926855,8817,295.1200842487026,17491,583.0888746744766,0.3446208840658308
209,China,ornamentals,1994,458.19460347926855,13365.75,1029,18195,583.0888746744766,0.7858057722934033
209,China,ornamentals,1995,563.7800210621756,18160.5,460,19362,583.0888746744766,0.9668852306210084
209,China,ornamentals,1996,549.5300210621756,18234.25,414,17889,583.0888746744766,0.9424464175705014
209,China,ornamentals,1997,583.0888746744766,14988.5,429.35549869790657,4508,583.0888746744766,1
209,China,ornamentals,1998,482.1227758198497,11202,625.1356045814923,3049,583.0888746744766,0.826842693730019
209,China,ornamentals,1999,470.1227758198497,9118.25,412,11027,583.0888746744766,0.8062626406348553
209,China,ornamentals,2000,385.78399826392024,5205.5,76.64488977628207,2238,583.0888746744766,0.6616212639613359
209,China,ornamentals,2001,295.81697288555955,4588.25,69.48739718446382,2039,583.0888746744766,0.5073274173696188
209,China,ornamentals,2002,156.98711527714124,4379.75,69.81617414781908,2215,583.0888746744766,0.269233597305013
209,China,ornamentals,2003,73.5278363704939,2380.5,78.16288437341063,3030,583.0888746744766,0.12610056470643963
209,China,ornamentals,2004,56.15212785148856,2644.5,7.142055700260698,3294,583.0888746744766,0.09630114771583806
209,China,ornamentals,2005,58.6769194617973,3001.75,79.58656362569877,3468,583.0888746744766,0.10063117649870287
209,China,ornamentals,2006,60.38645585660146,3321.25,76.65431972703573,3493,583.0888746744766,0.10356303897980157
209,China,ornamentals,2007,41.32366898458014,3716.25,1.9117368853253538,4610,583.0888746744766,0.07087027514913583
209,China,ornamentals,2008,39.53815505951496,4036.75,0,4576,583.0888746744766,0.06780811086746953
209,China,ornamentals,2009,19.64151415309027,4437.75,0,5072,583.0888746744766,0.03368528367833397
209,China,ornamentals,2010,132.97793422133134,4766.75,530,4809,583.0888746744766,0.2280577455633491
209,China,ornamentals,2011,275.25,4936,571,5287,583.0888746744766,0.4720549678703181
209,China,ornamentals,2012,275.5,3808,1,64,583.0888746744766,0.47248371897646735
209,China,ornamentals,2013,275.5,2546.25,0,25,583.0888746744766,0.47248371897646735
209,China,ornamentals,2014,143,1353,0,36,583.0888746744766,0.2452456327173678
209,China,ornamentals,2015,0.25,37.5,0,25,583.0888746744766,4.287511061492444e-4
209,China,ornamentals,2016,0,23,0,6,583.0888746744766,0
209,China,ornamentals,2017,0,69,0,209,583.0888746744766,0
209,China,ornamentals,2018,0,93.5,0,134,583.0888746744766,0
209,China,ornamentals,2019,0.0175,190.26,0.07,412.04,583.0888746744766,3.0012577430447112e-5
209,China,ornamentals,2020,0.0175,249.425,0,242.66,583.0888746744766,3.0012577430447112e-5
209,China,ornamentals,2021,0.0175,272.4775,0,301.21,583.0888746744766,3.0012577430447112e-5
209,China,ornamentals,2022,0.0175,337.07,0,392.37,583.0888746744766,3.0012577430447112e-5
209,China,seaweeds,1990,0,474,0,474,42257.5,0
209,China,seaweeds,1991,0,979.5,0,1485,42257.5,0
209,China,seaweeds,1992,0,1620.6666666666667,0,2903,42257.5,0
209,China,seaweeds,1993,30.23277883112314,2264.75,120.93111532449257,4197,42257.5,7.15441728240505e-4
209,China,seaweeds,1994,9070.732778831123,17953.25,36162,63228,42257.5,0.21465379586655914
209,China,seaweeds,1995,18653.482778831123,39299.25,38331,86869,42257.5,0.44142419165428914
209,China,seaweeds,1996,29357.732778831123,61980.25,42817,93627,42257.5,0.6947342549566615
209,China,seaweeds,1997,42257.5,86117.25,51720,100745,42257.5,1
209,China,seaweeds,1998,38062.5,80038.75,19382,38914,42257.5,0.9007276814766609
209,China,seaweeds,1999,33827.25,68602.5,21390,41124,42257.5,0.8005028693131396
209,China,seaweeds,2000,28068.75,54274.25,19783,36314,42257.5,0.6642312015618529
209,China,seaweeds,2001,20241.5,38670.75,20411,38331,42257.5,0.4790037271490268
209,China,seaweeds,2002,21460,40150.25,24256,44832,42257.5,0.5078388451754127
209,China,seaweeds,2003,21637.75,43266.75,22101,53590,42257.5,0.5120451990770869
209,China,seaweeds,2004,21807.5,47242.75,20462,52218,42257.5,0.516062237472638
209,China,seaweeds,2005,22323.25,54145.5,22474,65942,42257.5,0.5282671715080163
209,China,seaweeds,2006,22354.25,65660.75,24380,90893,42257.5,0.5290007690942437
209,China,seaweeds,2007,22429.25,72634.75,22401,81486,42257.5,0.5307756019641484
209,China,seaweeds,2008,23225.25,80698.75,23646,84474,42257.5,0.5496124948234041
209,China,seaweeds,2009,22464.5,83440.75,19431,76910,42257.5,0.5316097734130036
209,China,seaweeds,2010,21509.5,83421.25,20560,90815,42257.5,0.5090102348695498
209,China,seaweeds,2011,20526.25,90590,18468,110161,42257.5,0.4857421759450985
209,China,seaweeds,2012,17780.75,92157.75,12664,90745,42257.5,0.4207714606874519
209,China,seaweeds,2013,15922.5,95975.5,11998,92181,42257.5,0.37679701828077855
209,China,seaweeds,2014,13886,103001.25,12414,118918,42257.5,0.32860438975329825
209,China,seaweeds,2015,12329.75,103622.25,12243,112645,42257.5,0.29177660770277464
209,China,seaweeds,2016,12799,108162,14541,108904,42257.5,0.30288114535881205
209,China,seaweeds,2017,13248.75,112822.5,13797,110823,42257.5,0.3135242264686742
209,China,seaweeds,2018,13735,110837.5,14359,110978,42257.5,0.3250310595752233
209,China,seaweeds,2019,14095.0975,108013.68,13683.39,101349.72,42257.5,0.33355256463349703
209,China,seaweeds,2020,13366.0725,103452.3225,11624.9,90658.56999999999,42257.5,0.3163005975270662
209,China,seaweeds,2021,13091.7775,102366.04,12699.82,106477.87,42257.5,0.30980956043305924
209,China,seaweeds,2022,12304.6325,104739.4225,11210.42,120471.53,42257.5,0.29118221617464357
210,Japan,fish_oil,1976,72908,25958,72908,25958,259223.25,0.281255635827419
210,Japan,fish_oil,1977,89932.5,35529,106957,45100,259223.25,0.34693068619423606
210,Japan,fish_oil,1978,130098,51950.333333333336,210429,84793,259223.25,0.5018762784588188
210,Japan,fish_oil,1979,145139,57070.5,190262,72431,259223.25,0.5598996232012368
210,Japan,fish_oil,1980,167029.25,65850.25,160469,61077,259223.25,0.6443451735135641
210,Japan,fish_oil,1981,184323.25,70328.5,176133,63013,259223.25,0.7110598682795621
210,Japan,fish_oil,1982,175544.25,62241,175313,52443,259223.25,0.6771933073132907
210,Japan,fish_oil,1983,185425,63009.75,229785,75506,259223.25,0.7153100657444886
210,Japan,fish_oil,1984,228301.25,72126,331974,97542,259223.25,0.8807128604397947
210,Japan,fish_oil,1985,246756,71745.5,249952,61491,259223.25,0.9519053557117273
210,Japan,fish_oil,1986,259223.25,69065.5,225182,41723,259223.25,1
210,Japan,fish_oil,1987,241138,58913,157444,34896,259223.25,0.9302329169933639
210,Japan,fish_oil,1988,245005.25,59606,347443,100314,259223.25,0.9451515247957119
210,Japan,fish_oil,1989,229145.75,52438,186514,32819,259223.25,0.8839706700691392
210,Japan,fish_oil,1990,227064.5,53180.75,216857,44694,259223.25,0.8759418763556124
210,Japan,fish_oil,1991,216623.25,52298.25,115679,31366,259223.25,0.8356628890348378
210,Japan,fish_oil,1992,140997,32033,44938,19253,259223.25,0.5439211181867367
210,Japan,fish_oil,1993,97697,27366.25,13314,14152,259223.25,0.37688363215876663
210,Japan,fish_oil,1994,44530.5,18640,4191,9789,259223.25,0.17178435962052016
210,Japan,fish_oil,1995,16356.75,13152.5,2984,9416,259223.25,0.06309908544083141
210,Japan,fish_oil,1996,5429.25,10873.5,1228,10137,259223.25,0.020944301871070593
210,Japan,fish_oil,1997,2695.5,9740.75,2379,9621,259223.25,0.010398372831140725
210,Japan,fish_oil,1998,1896.5,8863.75,995,6281,259223.25,0.007316087580878644
210,Japan,fish_oil,1999,1364.5,9032,856,10089,259223.25,0.005263802533144693
210,Japan,fish_oil,2000,1147,8748.5,358,9003,259223.25,0.004424757424343688
210,Japan,fish_oil,2001,628.75,8396.5,306,8213,259223.25,0.002425515458200605
210,Japan,fish_oil,2002,539.75,8898.25,639,8288,259223.25,0.002082182057357895
210,Japan,fish_oil,2003,562.75,8726.5,948,9402,259223.25,0.0021709086665644382
210,Japan,fish_oil,2004,833,9563.5,1439,12351,259223.25,0.0032134463247413185
210,Japan,fish_oil,2005,1055.25,10516.25,1195,12024,259223.25,0.004070815407182805
210,Japan,fish_oil,2006,1192.75,11680.25,1189,12944,259223.25,0.004601246223091486
210,Japan,fish_oil,2007,1084.25,11336,514,8025,259223.25,0.004182688088356272
210,Japan,fish_oil,2008,1034.75,11791,1241,14171,259223.25,0.003991732994629147
210,Japan,fish_oil,2009,821,10988.5,340,8814,259223.25,0.00316715418080747
210,Japan,fish_oil,2010,675.75,9817.5,608,8260,259223.25,0.002606826355274845
210,Japan,fish_oil,2011,709.25,9468.25,648,6628,259223.25,0.0027360585904235056
210,Japan,fish_oil,2012,596,8704.5,788,11116,259223.25,0.00229917648204781
210,Japan,fish_oil,2013,897.25,9677.25,1545,12705,259223.25,0.003461302178720466
210,Japan,fish_oil,2014,2036.25,12475.25,5164,19452,259223.25,0.007855198173774922
210,Japan,fish_oil,2015,2757.5,14820.5,3533,16009,259223.25,0.010637548908132276
210,Japan,fish_oil,2016,3649.75,16193,4357,16606,259223.25,0.014079562693546972
210,Japan,fish_oil,2017,4590.5,18041.25,5308,20098,259223.25,0.017708673894027638
210,Japan,fish_oil,2018,11833.5,26467.5,34136,53157,259223.25,0.04564984043676638
210,Japan,fish_oil,2019,16681.322500000002,33774.3,22924.29,45236.2,259223.25,0.06435118184807884
210,Japan,fish_oil,2020,20985.1575,41894.5775,21572.34,49087.11,259223.25,0.08095399428870674
210,Japan,fish_oil,2021,22105.1125,44025.4425,9787.82,28621.46,259223.25,0.08527442079365952
210,Japan,fish_oil,2022,20261.239999999998,47364.185,26760.51,66511.97,259223.25,0.07816135319652075
210,Japan,ornamentals,1988,42,3546,42,3546,255.5,0.1643835616438356
210,Japan,ornamentals,1989,43.5,3842,45,4138,255.5,0.17025440313111545
210,Japan,ornamentals,1990,48.666666666666664,4393,59,5495,255.5,0.19047619047619047
210,Japan,ornamentals,1991,55,4754.25,74,5838,255.5,0.21526418786692758
210,Japan,ornamentals,1992,63.25,5417.25,75,6198,255.5,0.24755381604696672
210,Japan,ornamentals,1993,71.5,5977.75,78,6380,255.5,0.27984344422700586
210,Japan,ornamentals,1994,79.25,6416.75,90,7251,255.5,0.3101761252446184
210,Japan,ornamentals,1995,88,7060.75,109,8414,255.5,0.34442270058708413
210,Japan,ornamentals,1996,98.5,7884.5,117,9493,255.5,0.38551859099804303
210,Japan,ornamentals,1997,111.25,8515.25,129,8903,255.5,0.4354207436399217
210,Japan,ornamentals,1998,120.25,8529,126,7306,255.5,0.4706457925636008
210,Japan,ornamentals,1999,115.25,8133.5,89,6832,255.5,0.45107632093933464
210,Japan,ornamentals,2000,109.25,7787.5,93,8109,255.5,0.42759295499021527
210,Japan,ornamentals,2001,100.75,7349,95,7149,255.5,0.3943248532289628
210,Japan,ornamentals,2002,97.75,7502,114,7918,255.5,0.38258317025440314
210,Japan,ornamentals,2003,111,8836.5,142,12170,255.5,0.4344422700587084
210,Japan,ornamentals,2004,144,11411.25,225,18408,255.5,0.5636007827788649
210,Japan,ornamentals,2005,184,13791.25,255,16669,255.5,0.7201565557729941
210,Japan,ornamentals,2006,206.5,15937.75,204,16504,255.5,0.8082191780821918
210,Japan,ornamentals,2007,231,18089.5,240,20777,255.5,0.9041095890410958
210,Japan,ornamentals,2008,232,19048.75,229,22245,255.5,0.9080234833659491
210,Japan,ornamentals,2009,232.75,20854.25,258,23891,255.5,0.910958904109589
210,Japan,ornamentals,2010,249,24719.25,269,31964,255.5,0.974559686888454
210,Japan,ornamentals,2011,255.5,27489,266,31856,255.5,1
210,Japan,ornamentals,2012,198.75,22010.25,2,330,255.5,0.7778864970645792
210,Japan,ornamentals,2013,135,16160.25,3,491,255.5,0.5283757338551859
210,Japan,ornamentals,2014,70,8408.25,9,956,255.5,0.273972602739726
210,Japan,ornamentals,2015,4.25,554.5,3,441,255.5,0.016634050880626222
210,Japan,ornamentals,2016,5.75,661.5,8,758,255.5,0.022504892367906065
210,Japan,ornamentals,2017,5.75,621.25,3,330,255.5,0.022504892367906065
210,Japan,ornamentals,2018,4,457.75,2,302,255.5,0.015655577299412915
210,Japan,ornamentals,2019,3.4825,402.0625,0.93,218.25,255.5,0.01363013698630137
210,Japan,ornamentals,2020,2.095,338.2925,2.45,502.92,255.5,0.008199608610567516
210,Japan,ornamentals,2021,1.7950000000000002,373.95,1.8,472.63,255.5,0.007025440313111546
210,Japan,ornamentals,2022,1.6900000000000002,367.815,1.58,277.46,255.5,0.0066144814090019575
210,Japan,seaweeds,1976,2488,9450,2488,9450,4371.5,0.5691410271074002
210,Japan,seaweeds,1977,2696.5,10377.5,2905,11305,4371.5,0.6168363262038202
210,Japan,seaweeds,1978,2715.3333333333335,11373.666666666666,2753,13366,4371.5,0.62114453467535935
210,Japan,seaweeds,1979,2726.75,12563.75,2761,16134,4371.5,0.6237561477753631
210,Japan,seaweeds,1980,2804.25,15953,2798,23007,4371.5,0.6414846162644401
210,Japan,seaweeds,1981,2794.75,19045,2867,23673,4371.5,0.6393114491593275
210,Japan,seaweeds,1982,3017.25,22079.5,3643,25504,4371.5,0.6902093103053871
210,Japan,seaweeds,1983,3082.25,23440.5,3021,21578,4371.5,0.7050783483930001
210,Japan,seaweeds,1984,3156.25,23190,3094,22005,4371.5,0.7220061763696671
210,Japan,seaweeds,1985,3412,22820.25,3890,22194,4371.5,0.7805101223836212
210,Japan,seaweeds,1986,3422.5,22300.25,3685,23424,4371.5,0.782912043920851
210,Japan,seaweeds,1987,3247.25,22014.25,2320,20434,4371.5,0.7428228296923253
210,Japan,seaweeds,1988,3440.75,25329.5,3868,35266,4371.5,0.7870868123069884
210,Japan,seaweeds,1989,3382.25,27439.25,3656,30633,4371.5,0.7737046780281368
210,Japan,seaweeds,1990,3733.25,32230.75,5089,42590,4371.5,0.8539974837012467
210,Japan,seaweeds,1991,4122.25,36412.75,3876,37162,4371.5,0.9429829577948072
210,Japan,seaweeds,1992,4371.5,40759,4865,52651,4371.5,1
210,Japan,seaweeds,1993,4049.75,40927,2369,31305,4371.5,0.9263982614663159
210,Japan,seaweeds,1994,3170.75,37027,1573,26990,4371.5,0.7253231156353654
210,Japan,seaweeds,1995,2566.75,34476.5,1460,26960,4371.5,0.5871554386366236
210,Japan,seaweeds,1996,1728.25,26298,1511,19937,4371.5,0.39534484730641656
210,Japan,seaweeds,1997,1575.5,23195.75,1758,18896,4371.5,0.36040260780052613
210,Japan,seaweeds,1998,1510.75,19940,1314,13967,4371.5,0.3455907583209425
210,Japan,seaweeds,1999,1478,17685.5,1329,17942,4371.5,0.3380990506691067
210,Japan,seaweeds,2000,1453.5,17018.75,1413,17270,4371.5,0.33249456708223724
210,Japan,seaweeds,2001,1360.5,16119.75,1386,15300,4371.5,0.31122040489534486
210,Japan,seaweeds,2002,1566.5,16829.25,2138,16805,4371.5,0.358343817911472
210,Japan,seaweeds,2003,1757,16406.75,2091,16252,4371.5,0.40192153722978385
210,Japan,seaweeds,2004,2047.25,17640.25,2574,22204,4371.5,0.46831751115177855
210,Japan,seaweeds,2005,2401,19821,2801,24023,4371.5,0.5492393915132106
210,Japan,seaweeds,2006,2480.25,20702.25,2455,20330,4371.5,0.5673681802584926
210,Japan,seaweeds,2007,2640.25,22127.25,2731,21952,4371.5,0.603968889397232
210,Japan,seaweeds,2008,2629.25,23668.25,2530,28368,4371.5,0.6014525906439437
210,Japan,seaweeds,2009,2416,24138.25,1948,25903,4371.5,0.5526707079949674
210,Japan,seaweeds,2010,2278.75,25522,1906,25865,4371.5,0.5212741621868924
210,Japan,seaweeds,2011,1923.75,25992.5,1311,23834,4371.5,0.440066338785314
210,Japan,seaweeds,2012,1574.25,24340.75,1132,21761,4371.5,0.36011666476037973
210,Japan,seaweeds,2013,1447.5,22788,1441,19692,4371.5,0.3311220404895345
210,Japan,seaweeds,2014,1307.75,21065.25,1347,18974,4371.5,0.29915360860116663
210,Japan,seaweeds,2015,1318,19339,1352,16929,4371.5,0.30149834153036714
210,Japan,seaweeds,2016,1358.5,19039.5,1294,20563,4371.5,0.3107628960311106
210,Japan,seaweeds,2017,1364,19691,1463,22298,4371.5,0.31202104540775477
210,Japan,seaweeds,2018,1376,20380.75,1395,21733,4371.5,0.31476609859316024
210,Japan,seaweeds,2019,1396.72,21800.775,1434.88,22609.1,4371.5,0.319505890426627
210,Japan,seaweeds,2020,1399.1925,21825.2875,1303.8899999999999,20661.05,4371.5,0.32007148576003663
210,Japan,seaweeds,2021,1425.795,21923.114999999998,1569.4099999999999,22689.31,4371.5,0.32615692554043235
210,Japan,seaweeds,2022,1503.9975,22275.22,1707.81,23141.42,4371.5,0.34404609401807157
212,Kiribati,ornamentals,1991,46.25014075570425,262,46.25014075570425,262,148.53195435130255,0.3113817559170806
212,Kiribati,ornamentals,1992,39.281977324333866,226,32.31381389296348,190,148.53195435130255,0.2644681913457189
212,Kiribati,ornamentals,1993,47.385014852921664,271.3333333333333,63.59108991009725,362,148.53195435130255,0.3190223616182165
212,Kiribati,ornamentals,1994,53.18722354643381,304.25,70.59384962697027,403,148.53195435130255,0.35808606827213263
212,Kiribati,ornamentals,1995,68.52855756492318,390.25,107.6154768296617,606,148.53195435130255,0.4613724896047745
212,Kiribati,ornamentals,1996,72.10323673557633,412.75,46.6125305755761,280,148.53195435130255,0.4854392245121901
212,Kiribati,ornamentals,1997,78.78171856294216,452,90.30501721956057,519,148.53195435130255,0.5304024908782282
212,Kiribati,ornamentals,1998,86.57201029719016,497.25,101.75501656396227,584,148.53195435130255,0.5828510819458625
212,Kiribati,ornamentals,1999,110.85414898352354,631.5,204.74403157499523,1143,148.53195435130255,0.7463319894205069
212,Kiribati,ornamentals,2000,132.6347153793721,752.25,133.7347961589703,763,148.53195435130255,0.89297091631656
212,Kiribati,ornamentals,2001,148.53195435130255,841.25,153.89397310728236,875,148.53195435130255,1
212,Kiribati,ornamentals,2002,147.9373463711476,841.25,99.37658464334254,584,148.53195435130255,0.99599676727643
212,Kiribati,ornamentals,2003,136.17831390938431,781,157.70790172794204,902,148.53195435130255,0.9168283990076651
212,Kiribati,ornamentals,2004,139.01178647544936,799.5,145.06868642323047,837,148.53195435130255,0.9359049174473499
212,Kiribati,ornamentals,2005,100.53829319862876,580.75,0,0,148.53195435130255,0.6768798918570689
212,Kiribati,ornamentals,2006,99.96010825608866,591.5,97.06384487318209,627,148.53195435130255,0.6729872281870508
212,Kiribati,ornamentals,2007,62.03313282410314,389.5,6,94,148.53195435130255,0.41764166569426914
212,Kiribati,ornamentals,2008,25.765961218295523,180.25,0,0,148.53195435130255,0.17347082875752634
212,Kiribati,ornamentals,2009,36.01596121829552,354,41,695,148.53195435130255,0.24247954842842664
212,Kiribati,ornamentals,2010,11.75,197.25,0,0,148.53195435130255,0.07910755669591012
212,Kiribati,ornamentals,2011,10.25,173.75,0,0,148.53195435130255,0.06900871967090032
212,Kiribati,ornamentals,2012,10.25,173.75,0,0,148.53195435130255,0.06900871967090032
212,Kiribati,ornamentals,2013,0,13.25,0,53,148.53195435130255,0
212,Kiribati,ornamentals,2014,0.37372121171102424,31,1.494884846844097,71,148.53195435130255,0.002516099739905879
212,Kiribati,ornamentals,2015,0.7725586307845487,52.25,1.5953496762940977,85,148.53195435130255,0.005201295803038585
212,Kiribati,ornamentals,2016,1.1060995172069044,64.75,1.3341635456894227,50,148.53195435130255,0.007446879171809702
212,Kiribati,ornamentals,2017,1.6049886159109195,86.5,1.9955563948160604,140,148.53195435130255,0.010805678972720287
212,Kiribati,ornamentals,2018,1.7829500796583497,111,2.206730701833818,169,148.53195435130255,0.012003814852131946
212,Kiribati,ornamentals,2019,1.3841126605848253,113.86,0,96.44,148.53195435130255,0.00931861878899924
212,Kiribati,ornamentals,2020,1.1155717741624696,107.32,0.26,23.84,148.53195435130255,0.007510651691311881
212,Kiribati,ornamentals,2021,0.6166826754584545,72.32,0,0,148.53195435130255,0.004151851890401296
212,Kiribati,ornamentals,2022,0.065,30.07,0,0,148.53195435130255,4.3761627108375814e-4
212,Kiribati,seaweeds,1987,65,39,65,39,554.5,0.11722272317403065
212,Kiribati,seaweeds,1988,48.5,25.5,32,12,554.5,0.08746618575293057
212,Kiribati,seaweeds,1989,70.66666666666667,39.333333333333336,115,67,554.5,0.12744214006612564
212,Kiribati,seaweeds,1990,252.5,170.75,798,565,554.5,0.45536519386834984
212,Kiribati,seaweeds,1991,409.5,292.75,693,527,554.5,0.7385031559963932
212,Kiribati,seaweeds,1992,498.5,410.25,388,482,554.5,0.8990081154192967
212,Kiribati,seaweeds,1993,554.5,430.5,339,148,554.5,1
212,Kiribati,seaweeds,1994,448.5,340.25,374,204,554.5,0.8088367899008115
212,Kiribati,seaweeds,1995,319.75,241,178,130,554.5,0.5766456266907124
212,Kiribati,seaweeds,1996,502.5,267,1119,586,554.5,0.9062218214607755
212,Kiribati,seaweeds,1997,453,299.5,141,278,554.5,0.8169522091974752
212,Kiribati,seaweeds,1998,359.5,248.5,0,0,554.5,0.648331830477908
212,Kiribati,seaweeds,1999,315,216,0,0,554.5,0.5680793507664562
212,Kiribati,seaweeds,2000,35.25,69.5,0,0,554.5,0.06357078449053201
212,Kiribati,seaweeds,2001,0,0,0,0,554.5,0
212,Kiribati,seaweeds,2002,0,0,0,0,554.5,0
212,Kiribati,seaweeds,2003,0,0,0,0,554.5,0
212,Kiribati,seaweeds,2004,24.25,13.25,97,53,554.5,0.043733092876465283
212,Kiribati,seaweeds,2005,54.25,27,120,55,554.5,0.09783588818755636
212,Kiribati,seaweeds,2006,54.25,27,0,0,554.5,0.09783588818755636
212,Kiribati,seaweeds,2007,68.75,34.5,58,30,554.5,0.12398557258791704
212,Kiribati,seaweeds,2008,110.75,55.5,265,137,554.5,0.19972948602344454
212,Kiribati,seaweeds,2009,157,112,305,281,554.5,0.28313796212804326
212,Kiribati,seaweeds,2010,158.75,122.75,7,43,554.5,0.2862939585211903
212,Kiribati,seaweeds,2011,145.25,116.25,4,4,554.5,0.26194770063119927
212,Kiribati,seaweeds,2012,79,82,0,0,554.5,0.1424706943192065
212,Kiribati,seaweeds,2013,61.75,63,236,205,554.5,0.11136158701532912
212,Kiribati,seaweeds,2014,60,52.25,0,0,554.5,0.10820559062218214
212,Kiribati,seaweeds,2015,59,51.25,0,0,554.5,0.10640216411181244
212,Kiribati,seaweeds,2016,59,51.25,0,0,554.5,0.10640216411181244
212,Kiribati,seaweeds,2017,0,0,0,0,554.5,0
212,Kiribati,seaweeds,2018,0,0,0,0,554.5,0
212,Kiribati,seaweeds,2019,0,0,0,0,554.5,0
212,Kiribati,seaweeds,2020,0,0,0,0,554.5,0
212,Kiribati,seaweeds,2021,0,0,0,0,554.5,0
212,Kiribati,seaweeds,2022,0,0,0,0,554.5,0
214,Egypt,fish_oil,2008,41,5,41,5,80,0.5125
214,Egypt,fish_oil,2009,57,48,73,91,80,0.7125
214,Egypt,fish_oil,2010,80,42.666666666666664,126,32,80,1
214,Egypt,fish_oil,2011,66.25,51.25,25,77,80,0.828125
214,Egypt,fish_oil,2012,64.5,56.5,34,26,80,0.80625
214,Egypt,fish_oil,2013,67,92,83,233,80,0.8375
214,Egypt,fish_oil,2014,69.25,118.75,135,139,80,0.865625
214,Egypt,fish_oil,2015,65,101,8,6,80,0.8125
214,Egypt,fish_oil,2016,62.75,98,25,14,80,0.784375
214,Egypt,fish_oil,2017,48.5,49.75,26,40,80,0.60625
214,Egypt,fish_oil,2018,14.75,15,0,0,80,0.184375
214,Egypt,fish_oil,2019,12.75,13.5,0,0,80,0.159375
214,Egypt,fish_oil,2020,12.094999999999999,13.23,22.38,12.92,80,0.15118749999999997
214,Egypt,fish_oil,2021,5.595,3.23,0,0,80,0.0699375
214,Egypt,fish_oil,2022,5.595,3.23,0,0,80,0.0699375
214,Egypt,ornamentals,1994,61,238,61,238,88.25,0.6912181303116147
214,Egypt,ornamentals,1995,58,200.5,55,163,88.25,0.6572237960339944
214,Egypt,ornamentals,1996,38.666666666666664,133.66666666666666,0,0,88.25,0.4381491973559962
214,Egypt,ornamentals,1997,37.75,128.5,35,113,88.25,0.42776203966005666
214,Egypt,ornamentals,1998,30,93,30,96,88.25,0.33994334277620397
214,Egypt,ornamentals,1999,23.5,66.75,29,58,88.25,0.26628895184135976
214,Egypt,ornamentals,2000,39.25,91,63,97,88.25,0.4447592067988669
214,Egypt,ornamentals,2001,40.25,84.5,39,87,88.25,0.45609065155807366
214,Egypt,ornamentals,2002,38.5,74.5,23,56,88.25,0.43626062322946174
214,Egypt,ornamentals,2003,34.25,70.25,12,41,88.25,0.3881019830028329
214,Egypt,ornamentals,2004,21.25,53,11,28,88.25,0.24079320113314448
214,Egypt,ornamentals,2005,11.5,31.25,0,0,88.25,0.13031161473087818
214,Egypt,ornamentals,2006,6,17.5,1,1,88.25,0.0679886685552408
214,Egypt,ornamentals,2007,3,7.75,0,2,88.25,0.0339943342776204
214,Egypt,ornamentals,2008,1.5,1.75,5,4,88.25,0.0169971671388102
214,Egypt,ornamentals,2009,2.5,3.5,4,7,88.25,0.028328611898016998
214,Egypt,ornamentals,2010,6.75,8.75,18,22,88.25,0.0764872521246459
214,Egypt,ornamentals,2011,7.5,10.75,3,10,88.25,0.08498583569405099
214,Egypt,ornamentals,2012,8.75,12,10,9,88.25,0.09915014164305949
214,Egypt,ornamentals,2013,9.75,13,8,11,88.25,0.11048158640226628
214,Egypt,ornamentals,2014,11.25,14.75,24,29,88.25,0.1274787535410765
214,Egypt,ornamentals,2015,75.25,96.25,259,336,88.25,0.8526912181303116
214,Egypt,ornamentals,2016,82.75,104.75,40,43,88.25,0.9376770538243626
214,Egypt,ornamentals,2017,88.25,112.25,30,41,88.25,1
214,Egypt,ornamentals,2018,88,121.25,23,65,88.25,0.9971671388101983
214,Egypt,ornamentals,2019,32.08,60.89,35.32,94.56,88.25,0.3635127478753541
214,Egypt,ornamentals,2020,38.525,61.5975,65.78,45.83,88.25,0.4365439093484419
214,Egypt,ornamentals,2021,45.685,73.34,58.64,87.97,88.25,0.5176770538243627
214,Egypt,ornamentals,2022,66.29,101.0825,105.42,175.97,88.25,0.7511614730878188
214,Egypt,seaweeds,1994,40,70,40,70,92.95,0.4303388918773534
214,Egypt,seaweeds,1995,21,35.5,2,1,92.95,0.22592791823561054
214,Egypt,seaweeds,1996,14,23.666666666666668,0,0,92.95,0.1506186121570737
214,Egypt,seaweeds,1997,25.5,37.75,60,80,92.95,0.27434104357181277
214,Egypt,seaweeds,1998,30.75,42.75,61,90,92.95,0.33082302313071543
214,Egypt,seaweeds,1999,45.25,60.5,60,72,92.95,0.486820871436256
214,Egypt,seaweeds,2000,50.25,66.25,20,23,92.95,0.5406132329209252
214,Egypt,seaweeds,2001,41.75,56.75,26,42,92.95,0.4491662183969876
214,Egypt,seaweeds,2002,29,37.25,10,12,92.95,0.31199569661108123
214,Egypt,seaweeds,2003,19,25.75,20,26,92.95,0.20441097364174288
214,Egypt,seaweeds,2004,31.5,23.25,70,13,92.95,0.3388918773534158
214,Egypt,seaweeds,2005,25,12.75,0,0,92.95,0.26896180742334586
214,Egypt,seaweeds,2006,22.5,9.75,0,0,92.95,0.24206562668101128
214,Egypt,seaweeds,2007,22.5,8.75,20,22,92.95,0.24206562668101128
214,Egypt,seaweeds,2008,11.25,12.5,25,28,92.95,0.12103281334050564
214,Egypt,seaweeds,2009,26,31.75,59,77,92.95,0.2797202797202797
214,Egypt,seaweeds,2010,40,89.75,56,232,92.95,0.4303388918773534
214,Egypt,seaweeds,2011,55.25,144.25,81,240,92.95,0.5944055944055944
214,Egypt,seaweeds,2012,61,156.5,48,77,92.95,0.656266810112964
214,Egypt,seaweeds,2013,48,153.75,7,66,92.95,0.516406670252824
214,Egypt,seaweeds,2014,44.75,123.25,43,110,92.95,0.4814416352877891
214,Egypt,seaweeds,2015,37,92.25,50,116,92.95,0.3980634749865519
214,Egypt,seaweeds,2016,37.25,101,49,112,92.95,0.4007530930607854
214,Egypt,seaweeds,2017,72.5,184.25,148,399,92.95,0.779989241527703
214,Egypt,seaweeds,2018,77.75,189.5,64,131,92.95,0.8364712210866057
214,Egypt,seaweeds,2019,92.95,183.085,110.8,90.34,92.95,1
214,Egypt,seaweeds,2020,80.7,155.085,0,0,92.95,0.8682087143625605
214,Egypt,seaweeds,2021,43.7,55.335,0,0,92.95,0.4701452393760086
214,Egypt,seaweeds,2022,27.7,22.585,0,0,92.95,0.2980096826250672
216,Indonesia,fish_oil,1976,23,12,23,12,2715.25,0.00847067489181475
216,Indonesia,fish_oil,1977,430.5,81.5,838,151,2715.25,0.15854893656201086
216,Indonesia,fish_oil,1978,692,140,1215,257,2715.25,0.25485682717981767
216,Indonesia,fish_oil,1979,637,140.25,472,141,2715.25,0.23460086548199982
216,Indonesia,fish_oil,1980,706,170.5,299,133,2715.25,0.26001289015744405
216,Indonesia,fish_oil,1981,507.5,167,44,137,2715.25,0.1869072829389559
216,Indonesia,fish_oil,1982,227,151,93,193,2715.25,0.08360187828008471
216,Indonesia,fish_oil,1983,152,191.25,172,302,2715.25,0.05598011232851487
216,Indonesia,fish_oil,1984,205.5,228.25,513,281,2715.25,0.07568363870730135
216,Indonesia,fish_oil,1985,286,579.25,366,1541,2715.25,0.10533100082865297
216,Indonesia,fish_oil,1986,600.25,2382.75,1350,7407,2715.25,0.2210662001657306
216,Indonesia,fish_oil,1987,818,3154.75,1043,3390,2715.25,0.30126139397845503
216,Indonesia,fish_oil,1988,934.75,3792.25,980,2831,2715.25,0.3442592763097321
216,Indonesia,fish_oil,1989,1104.75,4291,1046,3536,2715.25,0.4068686124666237
216,Indonesia,fish_oil,1990,1018.25,4089.75,1004,6602,2715.25,0.3750115090691465
216,Indonesia,fish_oil,1991,1035.25,5953,1111,10843,2715.25,0.3812724426848357
216,Indonesia,fish_oil,1992,994.5,7350,817,8419,2715.25,0.36626461651781606
216,Indonesia,fish_oil,1993,815,7242.75,328,3107,2715.25,0.3001565233403922
216,Indonesia,fish_oil,1994,642,6024.75,312,1730,2715.25,0.2364423165454378
216,Indonesia,fish_oil,1995,394.75,3557.5,122,974,2715.25,0.14538256145842923
216,Indonesia,fish_oil,1996,213,1659.75,90,828,2715.25,0.07844581530245834
216,Indonesia,fish_oil,1997,138.75,957,31,296,2715.25,0.051100267010404196
216,Indonesia,fish_oil,1998,1704.25,1382.5,6574,3432,2715.25,0.6276585949728386
216,Indonesia,fish_oil,1999,1692.25,1246.75,74,431,2715.25,0.6232391124205874
216,Indonesia,fish_oil,2000,1824.25,1142.75,618,412,2715.25,0.6718534204953504
216,Indonesia,fish_oil,2001,1830,1105.25,54,146,2715.25,0.6739710892183041
216,Indonesia,fish_oil,2002,262,426.75,302,718,2715.25,0.09649203572415063
216,Indonesia,fish_oil,2003,1210.5,825.75,3868,2027,2715.25,0.44581530245833717
216,Indonesia,fish_oil,2004,1591.25,882.25,2141,638,2715.25,0.58604180093914
216,Indonesia,fish_oil,2005,1793.75,1042.5,864,787,2715.25,0.6606205690083786
216,Indonesia,fish_oil,2006,2140.75,1076,1690,852,2715.25,0.7884172728109751
216,Indonesia,fish_oil,2007,1593.5,961,1679,1567,2715.25,0.5868704539176871
216,Indonesia,fish_oil,2008,2438.25,2735,5520,7734,2715.25,0.8979836110855354
216,Indonesia,fish_oil,2009,2715.25,3196,1972,2631,2715.25,1
216,Indonesia,fish_oil,2010,2365,3166,289,732,2715.25,0.8710063530061689
216,Indonesia,fish_oil,2011,1991,2921.5,183,589,2715.25,0.7332658134610073
216,Indonesia,fish_oil,2012,704.75,1237.25,375,997,2715.25,0.2595525273915846
216,Indonesia,fish_oil,2013,252.5,1093,163,2054,2715.25,0.09299327870361845
216,Indonesia,fish_oil,2014,243.5,1623.5,253,2854,2715.25,0.08967866678943007
216,Indonesia,fish_oil,2015,463,2840,1061,5455,2715.25,0.1705183684743578
216,Indonesia,fish_oil,2016,705.75,3978,1346,5549,2715.25,0.25992081760427216
216,Indonesia,fish_oil,2017,757.5,4076.25,370,2447,2715.25,0.27897983611085536
216,Indonesia,fish_oil,2018,746,3625.75,207,1052,2715.25,0.274744498664948
216,Indonesia,fish_oil,2019,520.8,2343.9125,160.20000000000002,327.65,2715.25,0.19180554276770093
216,Indonesia,fish_oil,2020,739.0099999999999,2091.82,2218.8399999999997,4540.63,2715.25,0.2721701500782616
216,Indonesia,fish_oil,2021,1056.2324999999998,2105.735,1638.89,2502.66,2715.25,0.3890000920725531
216,Indonesia,fish_oil,2022,1329.1275,2437.4725,1298.5800000000002,2378.9500000000003,2715.25,0.4895046496639352
216,Indonesia,ornamentals,1981,202,61,202,61,2595,0.07784200385356455
216,Indonesia,ornamentals,1982,143,45.5,84,30,2595,0.05510597302504817
216,Indonesia,ornamentals,1983,114.66666666666667,43.666666666666664,58,40,2595,0.04418754014129737
216,Indonesia,ornamentals,1984,107.75,50.5,87,71,2595,0.04152215799614643
216,Indonesia,ornamentals,1985,87.75,115,122,319,2595,0.0338150289017341
216,Indonesia,ornamentals,1986,237.75,368.75,684,1045,2595,0.09161849710982659
216,Indonesia,ornamentals,1987,329.25,710.25,424,1406,2595,0.126878612716763
216,Indonesia,ornamentals,1988,494.75,1684,749,3966,2595,0.19065510597302504
216,Indonesia,ornamentals,1989,675.25,2450.25,844,3384,2595,0.26021194605009634
216,Indonesia,ornamentals,1990,745.25,2811.25,964,2489,2595,0.2871868978805395
216,Indonesia,ornamentals,1991,998.25,3349.5,1436,3559,2595,0.3846820809248555
216,Indonesia,ornamentals,1992,1268.75,3425.25,1831,4269,2595,0.4889210019267823
216,Indonesia,ornamentals,1993,1567.75,3951.5,2040,5489,2595,0.6041425818882467
216,Indonesia,ornamentals,1994,1870.75,4542.25,2176,4852,2595,0.7209055876685935
216,Indonesia,ornamentals,1995,2067.75,4968.5,2224,5264,2595,0.7968208092485549
216,Indonesia,ornamentals,1996,2037.25,5216.25,1709,5260,2595,0.7850674373795761
216,Indonesia,ornamentals,1997,1659.25,4354.25,528,2041,2595,0.6394026974951831
216,Indonesia,ornamentals,1998,1157,3367.75,167,906,2595,0.4458574181117534
216,Indonesia,ornamentals,1999,1040.75,3453.25,1759,5606,2595,0.4010597302504817
216,Indonesia,ornamentals,2000,1058.75,4369.25,1781,8924,2595,0.4079961464354528
216,Indonesia,ornamentals,2001,1314,5830.5,1549,7886,2595,0.5063583815028901
216,Indonesia,ornamentals,2002,1751,7610,1915,8024,2595,0.6747591522157996
216,Indonesia,ornamentals,2003,1752.5,8390.5,1765,8728,2595,0.6753371868978806
216,Indonesia,ornamentals,2004,1869.25,7859,2248,6798,2595,0.7203275529865125
216,Indonesia,ornamentals,2005,2595,7482,4452,6378,2595,1
216,Indonesia,ornamentals,2006,2484,6880.75,1471,5619,2595,0.9572254335260115
216,Indonesia,ornamentals,2007,2321.25,6045.75,1114,5388,2595,0.8945086705202312
216,Indonesia,ornamentals,2008,1981.75,5703.75,890,5430,2595,0.7636801541425818
216,Indonesia,ornamentals,2009,1096.5,5203,911,4375,2595,0.42254335260115605
216,Indonesia,ornamentals,2010,992.75,4865.25,1056,4268,2595,0.3825626204238921
216,Indonesia,ornamentals,2011,985.75,4571,1086,4211,2595,0.3798651252408478
216,Indonesia,ornamentals,2012,999.5,4585.5,945,5488,2595,0.3851637764932563
216,Indonesia,ornamentals,2013,1043.5,5377.5,1087,7543,2595,0.40211946050096337
216,Indonesia,ornamentals,2014,1012.25,5609.75,931,5197,2595,0.3900770712909441
216,Indonesia,ornamentals,2015,920.25,5930.25,718,5493,2595,0.3546242774566474
216,Indonesia,ornamentals,2016,902,6478.5,872,7681,2595,0.34759152215799616
216,Indonesia,ornamentals,2017,810.75,6377.25,722,7138,2595,0.3124277456647399
216,Indonesia,ornamentals,2018,776.5,6985.5,794,7630,2595,0.2992292870905588
216,Indonesia,ornamentals,2019,706.2875,7228.45,437.15,6464.8,2595,0.2721724470134875
216,Indonesia,ornamentals,2020,594.4075,6806.0275,424.48,5991.31,2595,0.2290587668593449
216,Indonesia,ornamentals,2021,529.5675,6683.6825,462.64,6648.62,2595,0.2040722543352601
216,Indonesia,ornamentals,2022,461.4625,6486.8475,521.58,6842.66,2595,0.1778275529865125
216,Indonesia,seaweeds,1990,11788,7865,11788,7865,206677.54,0.05703570886318852
216,Indonesia,seaweeds,1991,11546.5,6770.5,11305,5676,206677.54,0.05586722195358044
216,Indonesia,seaweeds,1992,11713.333333333334,6326.333333333333,12047,5438,206677.54,0.05667443754814061
216,Indonesia,seaweeds,1993,12925.5,6864.75,16562,8480,206677.54,0.0625394515533715
216,Indonesia,seaweeds,1994,19530,10202.5,38206,21216,206677.54,0.09449502834221851
216,Indonesia,seaweeds,1995,23175.75,13584.5,25888,19204,206677.54,0.11213482606769946
216,Indonesia,seaweeds,1996,25986.75,18209,23291,23936,206677.54,0.12573572338823077
216,Indonesia,seaweeds,1997,25180,19551,13335,13848,206677.54,0.12183229972642406
216,Indonesia,seaweeds,1998,17222.75,16701,6377,9816,206677.54,0.08333150278448252
216,Indonesia,seaweeds,1999,17610.25,17401.25,27438,22005,206677.54,0.08520640414047893
216,Indonesia,seaweeds,2000,18484.75,17256,26789,23355,206677.54,0.08943763313614048
216,Indonesia,seaweeds,2001,23260.25,19684.75,32437,23563,206677.54,0.11254367552468449
216,Indonesia,seaweeds,2002,30378.5,22941.25,34850,22842,206677.54,0.14698500862744932
216,Indonesia,seaweeds,2003,34960.25,24176,45765,26944,206677.54,0.16915360033799512
216,Indonesia,seaweeds,2004,41905.5,26228.75,54570,31566,206677.54,0.2027578807063409
216,Indonesia,seaweeds,2005,51768.5,31428,71889,44360,206677.54,0.2504795634784505
216,Indonesia,seaweeds,2006,67999.5,40549.25,99774,59327,206677.54,0.3290125284053603
216,Indonesia,seaweeds,2007,80606,50553,96191,66959,206677.54,0.3900085127779245
216,Indonesia,seaweeds,2008,92567.5,73751.25,102416,124359,206677.54,0.44788369360308816
216,Indonesia,seaweeds,2009,98544.75,87182,95798,98083,206677.54,0.4768043494227771
216,Indonesia,seaweeds,2010,104800,109008.5,124795,146633,206677.54,0.5070700957636712
216,Indonesia,seaweeds,2011,120989.25,134822.25,160948,170214,206677.54,0.5854010551896447
216,Indonesia,seaweeds,2012,137778.25,140486.75,169572,147017,206677.54,0.6666338780691893
216,Indonesia,seaweeds,2013,158120.5,159851,177167,175540,206677.54,0.7650589415763319
216,Indonesia,seaweeds,2014,177331,183452.75,201637,241040,206677.54,0.8580080835101869
216,Indonesia,seaweeds,2015,188825,183448.25,206924,170196,206677.54,0.9136212865703742
216,Indonesia,seaweeds,2016,192261,179923.25,183316,132917,206677.54,0.930246218336061
216,Indonesia,seaweeds,2017,194456,178354.5,185947,169265,206677.54,0.9408666273074471
216,Indonesia,seaweeds,2018,194709.5,173922.25,202651,223311,206677.54,0.9420931756784022
216,Indonesia,seaweeds,2019,192057.25,188578.8125,196315,228822.25,206677.54,0.9292603831069404
216,Indonesia,seaweeds,2020,191813.0875,204097.895,182339.35,194993.33,206677.54,0.9280790138105959
216,Indonesia,seaweeds,2021,197871.9925,222095.495,210182.62,241255.4,206677.54,0.9573947536824755
216,Indonesia,seaweeds,2022,206677.54,269580.0825,237873.19,413249.35,206677.54,1
218,Canada,fish_oil,1976,10102,3032,10102,3032,13063.5,0.7732996517013052
218,Canada,fish_oil,1977,13063.5,3365,16025,3698,13063.5,1
218,Canada,fish_oil,1978,11837.666666666666,3593,9386,4049,13063.5,0.906163483497276
218,Canada,fish_oil,1979,11738.25,3635.5,11440,3763,13063.5,0.8985532208060627
218,Canada,fish_oil,1980,11353.25,3852.75,8562,3901,13063.5,0.8690817927814138
218,Canada,fish_oil,1981,9608.75,3835.25,9047,3628,13063.5,0.7355417767060894
218,Canada,fish_oil,1982,8749,3383.75,5947,2243,13063.5,0.6697286332146821
218,Canada,fish_oil,1983,7746.5,3154.5,7430,2846,13063.5,0.5929880966050446
218,Canada,fish_oil,1984,7163,2808.5,6228,2517,13063.5,0.548321659585869
218,Canada,fish_oil,1985,6453.25,2540.25,6208,2555,13063.5,0.4939908906495197
218,Canada,fish_oil,1986,6277.5,2497,5244,2070,13063.5,0.4805373751291767
218,Canada,fish_oil,1987,6155.25,2373.25,6941,2351,13063.5,0.47117923986680443
218,Canada,fish_oil,1988,6361.75,2420.25,7054,2705,13063.5,0.4869866421709343
218,Canada,fish_oil,1989,6338.75,2285,6116,2014,13063.5,0.4852260114058254
218,Canada,fish_oil,1990,6982.5,2433.5,7819,2664,13063.5,0.5345045355379493
218,Canada,fish_oil,1991,7001.25,2504,7016,2633,13063.5,0.5359398323573314
218,Canada,fish_oil,1992,7668.25,2734,9722,3625,13063.5,0.5869981245454894
218,Canada,fish_oil,1993,7724.25,3039,6340,3234,13063.5,0.591284877712711
218,Canada,fish_oil,1994,6678.5,2903.75,3636,2123,13063.5,0.5112335897730317
218,Canada,fish_oil,1995,6046.5,2905.75,4488,2641,13063.5,0.4628545183143874
218,Canada,fish_oil,1996,5030.25,2863.75,5657,3457,13063.5,0.38506143070386956
218,Canada,fish_oil,1997,4588.25,2936.5,4572,3525,13063.5,0.35122670034829867
218,Canada,fish_oil,1998,4796.75,3817.25,4470,5646,13063.5,0.3671872009798293
218,Canada,fish_oil,1999,4399.5,3663,2899,2024,13063.5,0.3367780456998507
218,Canada,fish_oil,2000,4118.75,3481,4534,2729,13063.5,0.3152868679909672
218,Canada,fish_oil,2001,4046.5,3229.75,4283,2520,13063.5,0.3097561909136143
218,Canada,fish_oil,2002,4104.25,2697.5,4701,3517,13063.5,0.3141769051173116
218,Canada,fish_oil,2003,4990,3142,6442,3802,13063.5,0.381980326864929
218,Canada,fish_oil,2004,6454.5,4600.75,10392,8564,13063.5,0.49408657710414516
218,Canada,fish_oil,2005,6910,7248.5,6105,13111,13063.5,0.5289547211696712
218,Canada,fish_oil,2006,7336,12349.75,6405,23922,13063.5,0.5615646649060358
218,Canada,fish_oil,2007,7524.25,16984.75,7195,22342,13063.5,0.5759750449726336
218,Canada,fish_oil,2008,6688.75,21973,7050,28517,13063.5,0.5120182187009606
218,Canada,fish_oil,2009,5775.75,23597.25,2453,19608,13063.5,0.44212883224250776
218,Canada,fish_oil,2010,5336.25,26954.75,4647,37352,13063.5,0.40848547479618785
218,Canada,fish_oil,2011,5369,33908.25,7326,50156,13063.5,0.4109924599073755
218,Canada,fish_oil,2012,4966.25,35797.25,5439,36073,13063.5,0.38016228422704484
218,Canada,fish_oil,2013,5622,38501.5,5076,30425,13063.5,0.43035939832357334
218,Canada,fish_oil,2014,5263.5,33170,3213,16026,13063.5,0.40291652313698473
218,Canada,fish_oil,2015,3882.5,24640.25,1802,16037,13063.5,0.2972021280667509
218,Canada,fish_oil,2016,2989.75,18964.25,1868,13369,13063.5,0.22886286217323076
218,Canada,fish_oil,2017,2328.5,16420.5,2431,20250,13063.5,0.17824472767635013
218,Canada,fish_oil,2018,2551.5,17767,4105,21412,13063.5,0.19531519118153634
218,Canada,fish_oil,2019,3770.465,19758.2275,6677.86,24001.91,13063.5,0.2886259425115781
218,Canada,fish_oil,2020,4792.8975,22533.95,5957.73,24471.89,13063.5,0.36689229532667356
218,Canada,fish_oil,2021,5743.29,23785.3275,6232.57,25255.51,13063.5,0.4396440463887932
218,Canada,fish_oil,2022,5564.36,24281.0575,3389.28,23394.920000000002,13063.5,0.425947104527883
218,Canada,ornamentals,1988,1,7,1,7,19.75,0.05063291139240506
218,Canada,ornamentals,1989,0.5,3.5,0,0,19.75,0.02531645569620253
218,Canada,ornamentals,1990,1,5.333333333333333,2,9,19.75,0.05063291139240506
218,Canada,ornamentals,1991,3.25,13,10,36,19.75,0.16455696202531644
218,Canada,ornamentals,1992,3.75,13.5,3,9,19.75,0.189873417721519
218,Canada,ornamentals,1993,5.5,19.25,7,23,19.75,0.27848101265822783
218,Canada,ornamentals,1994,5.25,18,1,4,19.75,0.26582278481012656
218,Canada,ornamentals,1995,4.5,16,7,28,19.75,0.22784810126582278
218,Canada,ornamentals,1996,4,16,1,9,19.75,0.20253164556962025
218,Canada,ornamentals,1997,3.25,13,4,11,19.75,0.16455696202531644
218,Canada,ornamentals,1998,5.25,18,9,24,19.75,0.26582278481012656
218,Canada,ornamentals,1999,5.75,17.5,9,26,19.75,0.2911392405063291
218,Canada,ornamentals,2000,7.75,21.25,9,24,19.75,0.3924050632911392
218,Canada,ornamentals,2001,7.75,21,4,10,19.75,0.3924050632911392
218,Canada,ornamentals,2002,6.75,18.25,5,13,19.75,0.34177215189873417
218,Canada,ornamentals,2003,4.75,12.75,1,4,19.75,0.24050632911392406
218,Canada,ornamentals,2004,6.5,19,16,49,19.75,0.3291139240506329
218,Canada,ornamentals,2005,11.75,38.25,25,87,19.75,0.5949367088607594
218,Canada,ornamentals,2006,14.5,53,16,72,19.75,0.7341772151898734
218,Canada,ornamentals,2007,19.75,127.25,22,301,19.75,1
218,Canada,ornamentals,2008,16.25,124,2,36,19.75,0.8227848101265823
218,Canada,ornamentals,2009,10.25,106,1,15,19.75,0.5189873417721519
218,Canada,ornamentals,2010,6.75,100.5,2,50,19.75,0.34177215189873417
218,Canada,ornamentals,2011,1.25,27.75,0,10,19.75,0.06329113924050633
218,Canada,ornamentals,2012,0.75,20,0,5,19.75,0.0379746835443038
218,Canada,ornamentals,2013,0.5,16.25,0,0,19.75,0.02531645569620253
218,Canada,ornamentals,2014,0.25,8.5,1,19,19.75,0.012658227848101266
218,Canada,ornamentals,2015,0.25,6.25,0,1,19.75,0.012658227848101266
218,Canada,ornamentals,2016,0.25,5.5,0,2,19.75,0.012658227848101266
218,Canada,ornamentals,2017,0.5,7.5,1,8,19.75,0.02531645569620253
218,Canada,ornamentals,2018,0.25,4.25,0,6,19.75,0.012658227848101266
218,Canada,ornamentals,2019,0.25,4,0,0,19.75,0.012658227848101266
218,Canada,ornamentals,2020,0.25,3.5,0,0,19.75,0.012658227848101266
218,Canada,ornamentals,2021,0.2175,3.8725,0.87,9.49,19.75,0.011012658227848101
218,Canada,ornamentals,2022,0.26,3.1175,0.17,2.98,19.75,0.013164556962025316
218,Canada,seaweeds,1990,944.5369536552789,6943,944.5369536552789,6943,6736.5225,0.14021135588210074
218,Canada,seaweeds,1991,779.6968250638347,5681,614.8566964723905,4419,6736.5225,0.11574173842124548
218,Canada,seaweeds,1992,690.5262166296367,4982,512.1849997612408,3584,6736.5225,0.10250484825511036
218,Canada,seaweeds,1993,740.5646765841966,5318.75,890.6800564478763,6329,6736.5225,0.10993278454635853
218,Canada,seaweeds,1994,829.4304381703769,8977,1300,21576,6736.5225,0.12312442186163215
218,Canada,seaweeds,1995,850.7162640522793,9231.75,700,5438,6736.5225,0.126284186544657
218,Canada,seaweeds,1996,947.6700141119691,10059.5,900,6895,6736.5225,0.14067644160796153
218,Canada,seaweeds,1997,850,9266,500,3155,6736.5225,0.12617786105516607
218,Canada,seaweeds,1998,720.75,5127.5,783,5022,6736.5225,0.10699140394765994
218,Canada,seaweeds,1999,791,5305.5,981,6150,6736.5225,0.11741963305251336
218,Canada,seaweeds,2000,841.5,5281.25,1102,6798,6736.5225,0.12491608244461441
218,Canada,seaweeds,2001,952.75,5831.75,945,5357,6736.5225,0.14143053778859938
218,Canada,seaweeds,2002,1037.75,6092,1123,6063,6736.5225,0.154048323894116
218,Canada,seaweeds,2003,1176.75,6292,1537,6950,6736.5225,0.1746821152901961
218,Canada,seaweeds,2004,1360.75,6448.25,1838,7423,6736.5225,0.2019959110950791
218,Canada,seaweeds,2005,1653,7182.5,2114,8294,6736.5225,0.24537882861669355
218,Canada,seaweeds,2006,2062.5,8181,2761,10057,6736.5225,0.30616686873680005
218,Canada,seaweeds,2007,2382,8909,2815,9862,6736.5225,0.35359490003930066
218,Canada,seaweeds,2008,2816.25,10021,3575,11871,6736.5225,0.41805694258424875
218,Canada,seaweeds,2009,3288.25,10960.5,4002,12052,6736.5225,0.4881227666054704
218,Canada,seaweeds,2010,3636.25,11485.25,4153,12156,6736.5225,0.5397814673668796
218,Canada,seaweeds,2011,4042.5,12147.75,4440,12512,6736.5225,0.600087062724128
218,Canada,seaweeds,2012,4291,12328,4569,12592,6736.5225,0.6369755315149619
218,Canada,seaweeds,2013,4823.25,12774.25,6131,13837,6736.5225,0.7159851392168586
218,Canada,seaweeds,2014,5313,13774.5,6112,16157,6736.5225,0.7886858538659969
218,Canada,seaweeds,2015,5738,14595,6140,15794,6736.5225,0.8517747843935799
218,Canada,seaweeds,2016,6113.5,15795.75,6071,17395,6736.5225,0.9075157100714798
218,Canada,seaweeds,2017,6181,16887.25,6401,18203,6736.5225,0.9175357166846841
218,Canada,seaweeds,2018,6234.75,16394,6327,14184,6736.5225,0.9255146108396431
218,Canada,seaweeds,2019,6232.4475,16871.0825,6130.79,17702.33,6736.5225,0.9251728172807261
218,Canada,seaweeds,2020,6565.7125,17215.6625,7404.0599999999995,18773.32,6736.5225,0.9746441877096083
218,Canada,seaweeds,2021,6736.5225,17300.5325,7084.240000000001,18542.48,6736.5225,1
218,Canada,seaweeds,2022,6579.7825,17995.6025,5700.04,16964.28,6736.5225,0.9767328024214275
220,Sint Maarten,ornamentals,1996,2.1908456536421994,6.10232264750276,2.1908456536421994,6.10232264750276,2.1908456536421994,1
220,Sint Maarten,ornamentals,1997,1.286120409555561,7.691469170289936,0.3813951654689225,9.280615693077111,2.1908456536421994,0.5870429107670975
220,Sint Maarten,ornamentals,1998,1.6124372031498118,7.4583943469478164,2.2650707903383136,6.992244700263579,2.1908456536421994,0.7359884985367157
220,Sint Maarten,ornamentals,1999,1.272893763273846,7.373639865732501,0.25426344364594833,7.119376422086553,2.1908456536421994,0.5810056774915693
220,Sint Maarten,ornamentals,2000,0.7887482107747832,7.437205726643988,0.25426344364594833,6.356586091148708,2.1908456536421994,0.36001998108060174
220,Sint Maarten,ornamentals,2001,0.7251823498632961,6.324803160692965,0.12713172182297416,4.831005429273018,2.1908456536421994,0.3310056774915693
220,Sint Maarten,ornamentals,2002,0.2224805131902048,5.784493342945325,0.25426344364594833,4.831005429273018,2.1908456536421994,0.1015500625616137
220,Sint Maarten,ornamentals,2003,0.2224805131902048,5.339532316564915,0.25426344364594833,5.339532316564915,2.1908456536421994,0.1015500625616137
220,Sint Maarten,ornamentals,2004,0.1589146522787177,3.9728663069679424,0,0.8899220527608191,2.1908456536421994,0.0725357589725812
220,Sint Maarten,ornamentals,2005,0.3178293045574354,4.099998028790917,0.762790330937845,5.339532316564915,2.1908456536421994,0.1450715179451624
220,Sint Maarten,ornamentals,2006,0.5085268872918967,5.180617664286197,1.017053774583793,9.15348397125414,2.1908456536421994,0.23211442871225987
220,Sint Maarten,ornamentals,2007,0.7310074004821014,6.038756786591272,1.1441854964067677,8.772088805785216,2.1908456536421994,0.33366449127387354
220,Sint Maarten,ornamentals,2008,0.7945732613935885,7.659686239834193,0.25426344364594833,7.373639865732501,2.1908456536421994,0.36267879486290605
220,Sint Maarten,ornamentals,2009,0.6674415395706144,8.231778988037577,0.25426344364594833,7.62790330937845,2.1908456536421994,0.3046501876848411
220,Sint Maarten,ornamentals,2010,0.5658120493983232,5.975190925679785,0.6105358138946286,0.12713172182297416,2.1908456536421994,0.25826194029583127
220,Sint Maarten,ornamentals,2011,0.2797656752966313,3.782168724233481,0,0,2.1908456536421994,0.12769757414518512
220,Sint Maarten,ornamentals,2012,0.21619981438514424,1.938758757800356,0,0,2.1908456536421994,0.09868327055615264
220,Sint Maarten,ornamentals,2013,0.15263395347365716,0.03178293045574354,0,0,2.1908456536421994,0.06966896696712016
220,Sint Maarten,ornamentals,2014,0,0,0,0,2.1908456536421994,0
220,Sint Maarten,ornamentals,2015,0,0,0,0,2.1908456536421994,0
220,Sint Maarten,ornamentals,2016,0,0,0,0,2.1908456536421994,0
220,Sint Maarten,ornamentals,2017,0,0,0,0,2.1908456536421994,0
220,Sint Maarten,ornamentals,2018,0,0,0,0,2.1908456536421994,0
220,Sint Maarten,ornamentals,2019,0,0,0,0,2.1908456536421994,0
220,Sint Maarten,ornamentals,2020,0,0,0,0,2.1908456536421994,0
220,Sint Maarten,ornamentals,2021,0,0,0,0,2.1908456536421994,0
220,Sint Maarten,ornamentals,2022,0,0,0,0,2.1908456536421994,0
222,Sweden,fish_oil,1976,5034,1557,5034,1557,8236.5,0.6111819340739392
222,Sweden,fish_oil,1977,3958,1367.5,2882,1178,8236.5,0.48054392035451954
222,Sweden,fish_oil,1978,3408.6666666666665,1223,2310,934,8236.5,0.4138489245027216
222,Sweden,fish_oil,1979,3459.25,1278.75,3611,1446,8236.5,0.4199902871365264
222,Sweden,fish_oil,1980,3320.25,1353.75,4478,1857,8236.5,0.4031141868512111
222,Sweden,fish_oil,1981,3600.5,1428.5,4003,1477,8236.5,0.4371395617070358
222,Sweden,fish_oil,1982,4198.75,1563.25,4703,1473,8236.5,0.5097735688702726
222,Sweden,fish_oil,1983,3997,1509.75,2804,1232,8236.5,0.4852789412978814
222,Sweden,fish_oil,1984,3924,1368.25,4186,1291,8236.5,0.4764159533782553
222,Sweden,fish_oil,1985,3528.75,1174.5,2422,702,8236.5,0.4284283372791841
222,Sweden,fish_oil,1986,2961.25,932.75,2433,506,8236.5,0.359527712013598
222,Sweden,fish_oil,1987,3004.25,791.5,2976,667,8236.5,0.36474837613063804
222,Sweden,fish_oil,1988,3025,890.5,4269,1687,8236.5,0.36726765009409335
222,Sweden,fish_oil,1989,3384.5,1003.5,3860,1154,8236.5,0.4109148303284162
222,Sweden,fish_oil,1990,4020.5,1239.75,4977,1451,8236.5,0.48813209494324045
222,Sweden,fish_oil,1991,4747.5,1661.75,5884,2355,8236.5,0.5763977417592424
222,Sweden,fish_oil,1992,5057.75,1865,5510,2500,8236.5,0.6140654404176531
222,Sweden,fish_oil,1993,5923.25,2363.5,7322,3148,8236.5,0.7191464821222606
222,Sweden,fish_oil,1994,7567.25,3053.25,11553,4210,8236.5,0.9187458265039762
222,Sweden,fish_oil,1995,7934.5,3692,7353,4910,8236.5,0.9633339403873005
222,Sweden,fish_oil,1996,8236.5,4501.25,6718,5737,8236.5,1
222,Sweden,fish_oil,1997,7803.75,5737,5591,8091,8236.5,0.9474594791476962
222,Sweden,fish_oil,1998,6782.5,7280,7468,10382,8236.5,0.8234687063679961
222,Sweden,fish_oil,1999,7367.25,9001,9692,11794,8236.5,0.8944636678200693
222,Sweden,fish_oil,2000,7327.5,9815,6559,8993,8236.5,0.8896375887816427
222,Sweden,fish_oil,2001,7197.5,9674.75,5071,7530,8236.5,0.8738541856371032
222,Sweden,fish_oil,2002,6660.5,9112.5,5320,8133,8236.5,0.8086565895708129
222,Sweden,fish_oil,2003,5569.75,8616,5329,9808,8236.5,0.6762277666484551
222,Sweden,fish_oil,2004,5523,10237.5,6372,15479,8236.5,0.6705518120560918
222,Sweden,fish_oil,2005,5284,11756.75,4115,13607,8236.5,0.6415346324288229
222,Sweden,fish_oil,2006,4237.5,12822.75,1134,12397,8236.5,0.5144782371152795
222,Sweden,fish_oil,2007,3363.25,14846.5,1832,17903,8236.5,0.40833485096825106
222,Sweden,fish_oil,2008,2215.25,16549.75,1780,22292,8236.5,0.2689552601226249
222,Sweden,fish_oil,2009,1772.75,18585,2345,21748,8236.5,0.21523098403448065
222,Sweden,fish_oil,2010,1922.5,19054.75,1733,14276,8236.5,0.23341225034905602
222,Sweden,fish_oil,2011,2187.75,18661.5,2893,16330,8236.5,0.2656164633035877
222,Sweden,fish_oil,2012,2192.5,15225.5,1799,8548,8236.5,0.2661931645723305
222,Sweden,fish_oil,2013,1945.25,12343,1356,10218,8236.5,0.23617434589935046
222,Sweden,fish_oil,2014,1794.75,12355.25,1131,14325,8236.5,0.21790202148971044
222,Sweden,fish_oil,2015,1380,10687,1234,9657,8236.5,0.1675468949189583
222,Sweden,fish_oil,2016,1237,10884.5,1227,9338,8236.5,0.15018515145996478
222,Sweden,fish_oil,2017,1119.5,10024.25,886,6777,8236.5,0.13591938323316943
222,Sweden,fish_oil,2018,1065.25,8170.75,914,6911,8236.5,0.12933284769015965
222,Sweden,fish_oil,2019,932.14,7052.0225,701.56,5182.09,8236.5,0.11317185697808535
222,Sweden,fish_oil,2020,827.6899999999999,5985.0675,809.1999999999999,5070.18,8236.5,0.10049049960541491
222,Sweden,fish_oil,2021,911.8575,5847.6849999999995,1222.6699999999998,6227.469999999999,8236.5,0.11070934256055363
222,Sweden,fish_oil,2022,973.9474999999999,5764.795,1162.36,6579.44,8236.5,0.11824773872397254
222,Sweden,ornamentals,1976,10,86,10,86,71,0.14084507042253522
222,Sweden,ornamentals,1977,9.5,81.5,9,77,71,0.13380281690140844
222,Sweden,ornamentals,1978,10,78.33333333333333,11,72,71,0.14084507042253522
222,Sweden,ornamentals,1979,9.25,83.5,7,99,71,0.13028169014084506
222,Sweden,ornamentals,1980,10.25,109.5,14,190,71,0.1443661971830986
222,Sweden,ornamentals,1981,14.5,151.5,26,245,71,0.20422535211267606
222,Sweden,ornamentals,1982,15.5,181.25,15,191,71,0.21830985915492956
222,Sweden,ornamentals,1983,21.75,243.75,32,349,71,0.30633802816901406
222,Sweden,ornamentals,1984,31,332.5,51,545,71,0.43661971830985913
222,Sweden,ornamentals,1985,37.25,399,51,511,71,0.5246478873239436
222,Sweden,ornamentals,1986,47,524.75,54,694,71,0.6619718309859155
222,Sweden,ornamentals,1987,50.25,592.75,45,621,71,0.7077464788732394
222,Sweden,ornamentals,1988,44.25,595.75,27,557,71,0.6232394366197183
222,Sweden,ornamentals,1989,37.75,632,25,656,71,0.5316901408450704
222,Sweden,ornamentals,1990,29.25,627.25,20,675,71,0.4119718309859155
222,Sweden,ornamentals,1991,22.25,621,17,596,71,0.31338028169014087
222,Sweden,ornamentals,1992,19.25,638.25,15,626,71,0.2711267605633803
222,Sweden,ornamentals,1993,16.75,582.5,15,433,71,0.23591549295774647
222,Sweden,ornamentals,1994,15.75,590.25,16,706,71,0.22183098591549297
222,Sweden,ornamentals,1995,11.5,441.5,0,1,71,0.1619718309859155
222,Sweden,ornamentals,1996,7.75,285.25,0,1,71,0.10915492957746478
222,Sweden,ornamentals,1997,4,177.25,0,1,71,0.056338028169014086
222,Sweden,ornamentals,1998,0,1.75,0,4,71,0
222,Sweden,ornamentals,1999,0,1.75,0,1,71,0
222,Sweden,ornamentals,2000,0.5,6,2,18,71,0.007042253521126761
222,Sweden,ornamentals,2001,0.5,6.75,0,4,71,0.007042253521126761
222,Sweden,ornamentals,2002,58.5,161.5,232,623,71,0.823943661971831
222,Sweden,ornamentals,2003,71,197,50,143,71,1
222,Sweden,ornamentals,2004,70.5,192.5,0,0,71,0.9929577464788732
222,Sweden,ornamentals,2005,70.5,191.5,0,0,71,0.9929577464788732
222,Sweden,ornamentals,2006,12.75,38.25,1,10,71,0.1795774647887324
222,Sweden,ornamentals,2007,3.9697198404111873,30,14.87887936164475,110,71,0.05591154704804489
222,Sweden,ornamentals,2008,3.9697198404111873,34.5,0,18,71,0.05591154704804489
222,Sweden,ornamentals,2009,4.219719840411187,37.25,1,11,71,0.05943267380860827
222,Sweden,ornamentals,2010,5.219719840411187,52.25,5,70,71,0.0735171808508618
222,Sweden,ornamentals,2011,2.75,32.5,5,31,71,0.03873239436619718
222,Sweden,ornamentals,2012,3.5,43.75,3,63,71,0.04929577464788732
222,Sweden,ornamentals,2013,4.25,156,4,460,71,0.05985915492957746
222,Sweden,ornamentals,2014,3.75,248.75,3,441,71,0.0528169014084507
222,Sweden,ornamentals,2015,3.25,330.25,3,357,71,0.045774647887323945
222,Sweden,ornamentals,2016,3.25,401,3,346,71,0.045774647887323945
222,Sweden,ornamentals,2017,3,399.75,3,455,71,0.04225352112676056
222,Sweden,ornamentals,2018,3.5,444.25,5,619,71,0.04929577464788732
222,Sweden,ornamentals,2019,2.8275,365.3975,0.31,41.59,71,0.03982394366197183
222,Sweden,ornamentals,2020,2.16,288.7825,0.33,39.54,71,0.030422535211267608
222,Sweden,ornamentals,2021,1.485,189.395,0.3,57.45,71,0.02091549295774648
222,Sweden,ornamentals,2022,0.335,47.8525,0.4,52.83,71,0.00471830985915493
222,Sweden,seaweeds,1994,113,453,113,453,113,1
222,Sweden,seaweeds,1995,71.5,238,30,23,113,0.6327433628318584
222,Sweden,seaweeds,1996,50.666666666666664,240.66666666666666,9,246,113,0.44837758112094395
222,Sweden,seaweeds,1997,42,229.75,16,197,113,0.37168141592920356
222,Sweden,seaweeds,1998,17.5,241.5,15,500,113,0.15486725663716813
222,Sweden,seaweeds,1999,13,416.25,12,722,113,0.11504424778761062
222,Sweden,seaweeds,2000,14,545,13,761,113,0.12389380530973451
222,Sweden,seaweeds,2001,13.75,822.75,15,1308,113,0.12168141592920353
222,Sweden,seaweeds,2002,11,758,4,241,113,0.09734513274336283
222,Sweden,seaweeds,2003,8.25,624.5,1,188,113,0.07300884955752213
222,Sweden,seaweeds,2004,12,465.5,28,125,113,0.10619469026548672
222,Sweden,seaweeds,2005,9.25,184.75,4,185,113,0.08185840707964602
222,Sweden,seaweeds,2006,8.75,157.75,2,133,113,0.07743362831858407
222,Sweden,seaweeds,2007,12,166.75,14,224,113,0.10619469026548672
222,Sweden,seaweeds,2008,6.25,193,5,230,113,0.05530973451327434
222,Sweden,seaweeds,2009,9.5,234.5,17,351,113,0.084070796460177
222,Sweden,seaweeds,2010,13,365.75,16,658,113,0.11504424778761062
222,Sweden,seaweeds,2011,13,462.25,14,610,113,0.11504424778761062
222,Sweden,seaweeds,2012,14.25,474,10,277,113,0.1261061946902655
222,Sweden,seaweeds,2013,13.25,494.5,13,433,113,0.1172566371681416
222,Sweden,seaweeds,2014,16,586.5,27,1026,113,0.1415929203539823
222,Sweden,seaweeds,2015,22.25,605,39,684,113,0.19690265486725664
222,Sweden,seaweeds,2016,36.5,801.5,67,1063,113,0.3230088495575221
222,Sweden,seaweeds,2017,53,1121.5,79,1713,113,0.4690265486725664
222,Sweden,seaweeds,2018,71.5,1353.75,101,1955,113,0.6327433628318584
222,Sweden,seaweeds,2019,98.33500000000001,1654.6475,146.34,1887.59,113,0.8702212389380531
222,Sweden,seaweeds,2020,90.785,1652.02,36.8,1052.49,113,0.8034070796460177
222,Sweden,seaweeds,2021,82.91,1598.29,47.5,1498.0800000000002,113,0.733716814159292
222,Sweden,seaweeds,2022,66.18,1389.97,34.08,1121.72,113,0.5856637168141594
223,Norway,fish_oil,1976,148869,51756,148869,51756,148869,1
223,Norway,fish_oil,1977,145084.5,56347.5,141300,60939,148869,0.9745783205368478
223,Norway,fish_oil,1978,124328.66666666667,51103,82817,40614,148869,0.8351548453114259
223,Norway,fish_oil,1979,116661.75,50013,93661,46743,148869,0.7836537492694919
223,Norway,fish_oil,1980,102653.25,49448.5,92835,49498,148869,0.6895542389617717
223,Norway,fish_oil,1981,96915.25,47003.5,118348,51159,148869,0.6510102842096072
223,Norway,fish_oil,1982,104066.5,47378.5,111422,42114,148869,0.6990474847013146
223,Norway,fish_oil,1983,114958.5,47098,137229,45621,148869,0.7722124821151483
223,Norway,fish_oil,1984,113221,43117.25,85885,33575,148869,0.7605411469144012
223,Norway,fish_oil,1985,114367.5,40698,122934,41482,148869,0.7682425488180884
223,Norway,fish_oil,1986,97717.5,35115.5,44822,19784,148869,0.656399250347621
223,Norway,fish_oil,1987,82840.5,30515.5,77721,27221,148869,0.5564657517683332
223,Norway,fish_oil,1988,73743,28218.75,49495,24388,148869,0.49535497652298327
223,Norway,fish_oil,1989,53758.5,22337.75,42996,17958,148869,0.36111279043991695
223,Norway,fish_oil,1990,54007.25,21760.25,45817,17474,148869,0.3627837226017505
223,Norway,fish_oil,1991,50252.444149696625,21296.75,62701.77659878649,25367,148869,0.33756150810240293
223,Norway,fish_oil,1992,52193.444149696625,22070,57259,27481,148869,0.3505998169511223
223,Norway,fish_oil,1993,57795.194149696625,24595.25,65403,28059,148869,0.3882285375040917
223,Norway,fish_oil,1994,63452.944149696625,28110.75,68448,31536,148869,0.42623342770957434
223,Norway,fish_oil,1995,70248.75,32556,89885,43148,148869,0.4718829978034379
223,Norway,fish_oil,1996,74275.25,36856.5,73365,44683,148869,0.49893026755066533
223,Norway,fish_oil,1997,72528,41198,58414,45425,148869,0.4871934385264897
223,Norway,fish_oil,1998,66602.25,43631.5,44745,41270,148869,0.44738830784112205
223,Norway,fish_oil,1999,58454.5,41484.75,57294,34561,148869,0.39265730272924515
223,Norway,fish_oil,2000,55223.75,39363.5,60442,36198,148869,0.37095533657107926
223,Norway,fish_oil,2001,51480.75,35796.25,43442,31156,148869,0.34581242568970033
223,Norway,fish_oil,2002,49884.75,34826,38361,37389,148869,0.33509159059307175
223,Norway,fish_oil,2003,45619.25,38743.75,40232,50232,148869,0.30643888250743945
223,Norway,fish_oil,2004,37673.5,42329.5,28659,50541,148869,0.25306477507069974
223,Norway,fish_oil,2005,33085,48023.25,25088,53931,148869,0.22224237416789258
223,Norway,fish_oil,2006,33441.75,56409.25,39788,70933,148869,0.2246387763738589
223,Norway,fish_oil,2007,37648.25,69731.75,57058,103522,148869,0.2528951628613076
223,Norway,fish_oil,2008,46578.5,94706.25,64380,150439,148869,0.31288246713553525
223,Norway,fish_oil,2009,55553.25,107506.5,60987,105132,148869,0.37316869193720653
223,Norway,fish_oil,2010,62929.75,119539.25,69294,119064,148869,0.42271896768299644
223,Norway,fish_oil,2011,67179,130233,74055,146297,148869,0.45126251939624773
223,Norway,fish_oil,2012,68799.25,127130,70861,138027,148869,0.46214624938704496
223,Norway,fish_oil,2013,70748,136269.25,68782,141689,148869,0.47523661742874607
223,Norway,fish_oil,2014,74522.25,141684.75,84391,140726,148869,0.5005894444108578
223,Norway,fish_oil,2015,78071.75,138265,88253,132618,148869,0.524432554796499
223,Norway,fish_oil,2016,81811.5,134576.5,85820,123273,148869,0.5495536344034017
223,Norway,fish_oil,2017,87304.75,130437.5,90755,125133,148869,0.5864535262546265
223,Norway,fish_oil,2018,91225,133077.25,100072,151285,148869,0.6127870812593622
223,Norway,fish_oil,2019,98446.0475,139752.515,117137.19,159319.06,148869,0.6612931335603786
223,Norway,fish_oil,2020,111821.05249999999,160446.815,139320.02,206050.2,148869,0.7511372582606183
223,Norway,fish_oil,2021,120750.02,180318.4225,126470.87000000001,204619.43,148869,0.811115947578072
223,Norway,fish_oil,2022,125246.5375,200479.8875,118058.06999999999,231930.86000000002,148869,0.8413204730333381
223,Norway,ornamentals,1980,2,1,2,1,7.5418989996007895,0.26518520071746715
223,Norway,ornamentals,1981,3.4160231238351173,1,4.832046247670235,1,7.5418989996007895,0.45293938887486235
223,Norway,ornamentals,1982,3.846851114311505,1.3333333333333333,4.708507095264281,2,7.5418989996007895,0.5100639924394543
223,Norway,ornamentals,1983,2.885138335733629,1,0,0,7.5418989996007895,0.38254799432959075
223,Norway,ornamentals,1984,2.385138335733629,0.75,0,0,7.5418989996007895,0.31625169415022397
223,Norway,ornamentals,1985,2.250135364955014,1.5,4.292034364555775,4,7.5418989996007895,0.29835129919853326
223,Norway,ornamentals,1986,1.3230085911389438,3,1,8,7.5418989996007895,0.1754211493960571
223,Norway,ornamentals,1987,6.573008591138944,7.5,21,18,7.5418989996007895,0.8715323012794084
223,Norway,ornamentals,1988,7.5418989996007895,9,3.875561633847383,6,7.5418989996007895,1
223,Norway,ornamentals,1989,6.468890408461846,8.5,0,2,7.5418989996007895,0.8577270006936263
223,Norway,ornamentals,1990,6.218890408461846,6.5,0,0,7.5418989996007895,0.8245788506039429
223,Norway,ornamentals,1991,0.9688904084618457,2,0,0,7.5418989996007895,0.12846769872059163
223,Norway,ornamentals,1992,0,0.5,0,0,7.5418989996007895,0
223,Norway,ornamentals,1993,0,0.25,0,1,7.5418989996007895,0
223,Norway,ornamentals,1994,0,0.25,0,0,7.5418989996007895,0
223,Norway,ornamentals,1995,0,0.25,0,0,7.5418989996007895,0
223,Norway,ornamentals,1996,0,0.25,0,0,7.5418989996007895,0
223,Norway,ornamentals,1997,0,0,0,0,7.5418989996007895,0
223,Norway,ornamentals,1998,0,0,0,0,7.5418989996007895,0
223,Norway,ornamentals,1999,0,0,0,0,7.5418989996007895,0
223,Norway,ornamentals,2000,0,0,0,0,7.5418989996007895,0
223,Norway,ornamentals,2001,0,0,0,0,7.5418989996007895,0
223,Norway,ornamentals,2002,0,0,0,0,7.5418989996007895,0
223,Norway,ornamentals,2003,0,0,0,0,7.5418989996007895,0
223,Norway,ornamentals,2004,0,0,0,0,7.5418989996007895,0
223,Norway,ornamentals,2005,0,0,0,0,7.5418989996007895,0
223,Norway,ornamentals,2006,0,0,0,0,7.5418989996007895,0
223,Norway,ornamentals,2007,0,0,0,0,7.5418989996007895,0
223,Norway,ornamentals,2008,0,0,0,0,7.5418989996007895,0
223,Norway,ornamentals,2009,0,0,0,0,7.5418989996007895,0
223,Norway,ornamentals,2010,0,0,0,0,7.5418989996007895,0
223,Norway,ornamentals,2011,0,0,0,0,7.5418989996007895,0
223,Norway,ornamentals,2012,0,0,0,0,7.5418989996007895,0
223,Norway,ornamentals,2013,0,0,0,0,7.5418989996007895,0
223,Norway,ornamentals,2014,0,0,0,0,7.5418989996007895,0
223,Norway,ornamentals,2015,0,0,0,0,7.5418989996007895,0
223,Norway,ornamentals,2016,0,0,0,0,7.5418989996007895,0
223,Norway,ornamentals,2017,0,0,0,0,7.5418989996007895,0
223,Norway,ornamentals,2018,0,0,0,0,7.5418989996007895,0
223,Norway,ornamentals,2019,0,0,0,0,7.5418989996007895,0
223,Norway,ornamentals,2020,0,0,0,0,7.5418989996007895,0
223,Norway,ornamentals,2021,0,0,0,0,7.5418989996007895,0
223,Norway,ornamentals,2022,0,0,0,0,7.5418989996007895,0
223,Norway,seaweeds,1990,3513,2498,3513,2498,4072.055,0.8627093691023329
223,Norway,seaweeds,1991,3524,2411.5,3535,2325,4072.055,0.8654107078612642
223,Norway,seaweeds,1992,3474.6666666666665,2390,3376,2347,4072.055,0.8532956128212086
223,Norway,seaweeds,1993,3559.75,2380.75,3815,2353,4072.055,0.8741900588277909
223,Norway,seaweeds,1994,3711.5,2467.75,4120,2846,4072.055,0.9114562548885022
223,Norway,seaweeds,1995,3736,2627.25,3633,2963,4072.055,0.9174728730333948
223,Norway,seaweeds,1996,3797.5,2839.75,3622,3197,4072.055,0.9325758124583288
223,Norway,seaweeds,1997,3840.75,3045.5,3988,3176,4072.055,0.9431969853059451
223,Norway,seaweeds,1998,3746,3046.25,3741,2849,4072.055,0.919928635541514
223,Norway,seaweeds,1999,3922.75,3123.5,4340,3272,4072.055,0.9633342378725238
223,Norway,seaweeds,2000,4062.5,3077,4181,3011,4072.055,0.997653518923492
223,Norway,seaweeds,2001,3981.75,2909,3665,2504,4072.055,0.9778232366704281
223,Norway,seaweeds,2002,3942.5,2911.5,3584,2859,4072.055,0.9681843688260596
223,Norway,seaweeds,2003,3452.5,2645.75,2380,2209,4072.055,0.8478520059282108
223,Norway,seaweeds,2004,3275.5,2542.25,3473,2597,4072.055,0.804385009534498
223,Norway,seaweeds,2005,3163.25,2664.25,3216,2992,4072.055,0.7768190753808581
223,Norway,seaweeds,2006,3097.25,2739.5,3320,3160,4072.055,0.7606110428272703
223,Norway,seaweeds,2007,3223,2984,2883,3187,4072.055,0.7914922563668713
223,Norway,seaweeds,2008,2864,2960.75,2037,2504,4072.055,0.7033303823253861
223,Norway,seaweeds,2009,2330,2616.75,1080,1616,4072.055,0.572192664391812
223,Norway,seaweeds,2010,1689.25,2432.75,757,2424,4072.055,0.4148396816840637
223,Norway,seaweeds,2011,1102.75,2029,537,1572,4072.055,0.27080921058286295
223,Norway,seaweeds,2012,774.5,1790,724,1548,4072.055,0.1901988062538448
223,Norway,seaweeds,2013,664.25,1767.5,639,1526,4072.055,0.16312402460182882
223,Norway,seaweeds,2014,700.75,1716.25,903,2219,4072.055,0.1720875577564645
223,Norway,seaweeds,2015,1133,2091,2266,3071,4072.055,0.27823789216992406
223,Norway,seaweeds,2016,1861.75,2809.75,3639,4423,4072.055,0.4572015849491228
223,Norway,seaweeds,2017,2709.25,3759.75,4029,5326,4072.055,0.665327457512239
223,Norway,seaweeds,2018,3698.75,4746,4861,6164,4072.055,0.9083251576906501
223,Norway,seaweeds,2019,4072.055,5309.52,3759.22,5325.08,4072.055,1
223,Norway,seaweeds,2020,4049.69,5574.7875,3549.54,5484.07,4072.055,0.9945076871505911
223,Norway,seaweeds,2021,3765.075,5540.3150000000005,2890.54,5188.110000000001,4072.055,0.9246130025257517
223,Norway,seaweeds,2022,2894.425,4839.6225,1378.4,3361.23,4072.055,0.7108020397563393
224,Chile,fish_oil,1976,20234,10482,20234,10482,128665.25,0.15726079885594596
224,Chile,fish_oil,1977,23125.5,10850,26017,11218,128665.25,0.1797338442197874
224,Chile,fish_oil,1978,34049.333333333336,14622.666666666666,55897,22168,128665.25,0.2646350380800825
224,Chile,fish_oil,1979,38483.75,16333.75,51787,21467,128665.25,0.29909979578790696
224,Chile,fish_oil,1980,55395.25,22365.25,87880,34608,128665.25,0.4305377714651003
224,Chile,fish_oil,1981,66792,26322.75,71604,27048,128665.25,0.5191145239293438
224,Chile,fish_oil,1982,75125.75,27500.5,89232,26879,128665.25,0.5838853147994505
224,Chile,fish_oil,1983,66822.75,23818.25,18575,6738,128665.25,0.519353516198041
224,Chile,fish_oil,1984,68539.75,22303.5,94748,28549,128665.25,0.532698222713592
224,Chile,fish_oil,1985,84395.25,24459.25,135026,35671,128665.25,0.6559288541389381
224,Chile,fish_oil,1986,90592.75,22359.75,114022,18481,128665.25,0.704096482927597
224,Chile,fish_oil,1987,108847,24849.75,91592,16698,128665.25,0.845970454337904
224,Chile,fish_oil,1988,104027.25,23592.75,75469,23521,128665.25,0.8085108450028271
224,Chile,fish_oil,1989,105735.25,20347.5,141858,22690,128665.25,0.8217856025616862
224,Chile,fish_oil,1990,98209.5,19317.25,83919,14360,128665.25,0.7632946735812506
224,Chile,fish_oil,1991,102496,21765.75,108738,26492,128665.25,0.7966098072323335
224,Chile,fish_oil,1992,96585.5,19654,51827,15074,128665.25,0.7506727729515157
224,Chile,fish_oil,1993,78913.75,18737.25,71171,19023,128665.25,0.6133260534604332
224,Chile,fish_oil,1994,99363.75,26102,165719,43819,128665.25,0.7722656272769842
224,Chile,fish_oil,1995,109824.75,31774,150582,49180,128665.25,0.8535696312718469
224,Chile,fish_oil,1996,128665.25,38433.5,127189,41712,128665.25,1
224,Chile,fish_oil,1997,118961,36983.25,32354,13222,128665.25,0.9245775374469797
224,Chile,fish_oil,1998,78647.5,26844,4465,3262,128665.25,0.6112567301582984
224,Chile,fish_oil,1999,57138.5,17901.25,64546,13409,128665.25,0.4440864957710027
224,Chile,fish_oil,2000,29377.75,8253.5,16146,3121,128665.25,0.22832699582832194
224,Chile,fish_oil,2001,22864.75,5451.25,6302,2013,128665.25,0.17770726750229762
224,Chile,fish_oil,2002,27459.25,7683.75,22843,12192,128665.25,0.2134162098935027
224,Chile,fish_oil,2003,15970.5,6914.5,18591,10332,128665.25,0.12412442364974226
224,Chile,fish_oil,2004,18971.25,10541.5,28149,17629,128665.25,0.14744657162676014
224,Chile,fish_oil,2005,27944,16557.5,42193,26077,128665.25,0.2171837384219904
224,Chile,fish_oil,2006,37694,24397.25,61843,43551,128665.25,0.29296177483819447
224,Chile,fish_oil,2007,50918.75,34980.75,71490,52666,128665.25,0.3957459376171888
224,Chile,fish_oil,2008,64004.5,56264.5,80492,102764,128665.25,0.4974497776206085
224,Chile,fish_oil,2009,73560.5,63825,80417,56319,128665.25,0.5717200254147876
224,Chile,fish_oil,2010,70578.25,65467.75,49914,50122,128665.25,0.548541661404303
224,Chile,fish_oil,2011,67952.75,74031.75,60988,86922,128665.25,0.5281359963160216
224,Chile,fish_oil,2012,65463,75420.5,70533,108319,128665.25,0.5087853946578428
224,Chile,fish_oil,2013,62140.5,88543.5,67127,108811,128665.25,0.4829625714790901
224,Chile,fish_oil,2014,70980.25,109129.75,85273,132467,128665.25,0.5516660481365404
224,Chile,fish_oil,2015,75633.5,114636.25,79601,108948,128665.25,0.5878316017728175
224,Chile,fish_oil,2016,75162.25,109220.75,68648,86657,128665.25,0.5841689966793676
224,Chile,fish_oil,2017,73723.25,103201.25,61371,84733,128665.25,0.5729849357149658
224,Chile,fish_oil,2018,74854.5,103610,89798,134102,128665.25,0.5817771309658202
224,Chile,fish_oil,2019,78243.5975,107329.4,93157.39,123825.6,128665.25,0.6081175569938271
224,Chile,fish_oil,2020,93206.3625,128014.0025,128499.06,169395.41,128665.25,0.7244097571022479
224,Chile,fish_oil,2021,108361.6325,150588.64,121992.08,175031.55,128665.25,0.8421981265337767
224,Chile,fish_oil,2022,111360.845,166401.235,101794.85,197352.38,128665.25,0.8655083248973596
224,Chile,ornamentals,1993,1,19,1,19,1.75,0.5714285714285714
224,Chile,ornamentals,1994,0.5,9.5,0,0,1.75,0.2857142857142857
224,Chile,ornamentals,1995,0.3333333333333333,6.333333333333333,0,0,1.75,0.19047619047619047
224,Chile,ornamentals,1996,0.25,4.75,0,0,1.75,0.14285714285714285
224,Chile,ornamentals,1997,0.25,1.25,1,5,1.75,0.14285714285714285
224,Chile,ornamentals,1998,1.75,8.75,6,30,1.75,1
224,Chile,ornamentals,1999,1.75,9.25,0,2,1.75,1
224,Chile,ornamentals,2000,1.75,9.75,0,2,1.75,1
224,Chile,ornamentals,2001,1.5,9,0,2,1.75,0.8571428571428571
224,Chile,ornamentals,2002,0,2,0,2,1.75,0
224,Chile,ornamentals,2003,0,1.5,0,0,1.75,0
224,Chile,ornamentals,2004,0,1.25,0,1,1.75,0
224,Chile,ornamentals,2005,0,1.25,0,2,1.75,0
224,Chile,ornamentals,2006,0,1.25,0,2,1.75,0
224,Chile,ornamentals,2007,0,1.25,0,0,1.75,0
224,Chile,ornamentals,2008,0,1,0,0,1.75,0
224,Chile,ornamentals,2009,0,0.5,0,0,1.75,0
224,Chile,ornamentals,2010,0,0,0,0,1.75,0
224,Chile,ornamentals,2011,0,0,0,0,1.75,0
224,Chile,ornamentals,2012,0,0,0,0,1.75,0
224,Chile,ornamentals,2013,0,0,0,0,1.75,0
224,Chile,ornamentals,2014,0,0,0,0,1.75,0
224,Chile,ornamentals,2015,0,0,0,0,1.75,0
224,Chile,ornamentals,2016,0,0,0,0,1.75,0
224,Chile,ornamentals,2017,0,0,0,0,1.75,0
224,Chile,ornamentals,2018,0,0,0,0,1.75,0
224,Chile,ornamentals,2019,0,0,0,0,1.75,0
224,Chile,ornamentals,2020,0,0,0,0,1.75,0
224,Chile,ornamentals,2021,0,0,0,0,1.75,0
224,Chile,ornamentals,2022,0,0,0,0,1.75,0
224,Chile,seaweeds,1990,34426,18574,34426,18574,77008.25,0.4470430116253778
224,Chile,seaweeds,1991,30772,18080,27118,17586,77008.25,0.3995935500417163
224,Chile,seaweeds,1992,29173.666666666668,16442.666666666668,25977,13168,77008.25,0.37883819807185165
224,Chile,seaweeds,1993,27654.25,15502.5,23096,12682,77008.25,0.35910762807880975
224,Chile,seaweeds,1994,35762.5,29080.75,66859,72887,77008.25,0.46439829498787466
224,Chile,seaweeds,1995,38751.25,41033.5,39073,65397,77008.25,0.5032090717552989
224,Chile,seaweeds,1996,42600.75,55189.75,41375,69793,77008.25,0.5531972223755247
224,Chile,seaweeds,1997,48791.25,69355.5,47858,69345,77008.25,0.6335847133261696
224,Chile,seaweeds,1998,43298.5,64180.25,44888,52186,77008.25,0.5622579398960501
224,Chile,seaweeds,1999,44170,63024.75,42559,60775,77008.25,0.5735749091818084
224,Chile,seaweeds,2000,43343.25,61373.75,38068,63189,77008.25,0.5628390464658007
224,Chile,seaweeds,2001,41723.75,60621.75,41380,66337,77008.25,0.5418088321705792
224,Chile,seaweeds,2002,40126,61307.5,38497,54929,77008.25,0.5210610551466889
224,Chile,seaweeds,2003,41483.75,61096.75,47990,59932,77008.25,0.5386922829696819
224,Chile,seaweeds,2004,43753.75,61096,47148,63186,77008.25,0.5681696441615022
224,Chile,seaweeds,2005,45827,63204.75,49673,74772,77008.25,0.5950920842896703
224,Chile,seaweeds,2006,47153.25,69398.25,43802,79703,77008.25,0.6123142650300455
224,Chile,seaweeds,2007,48690.25,76342.25,54138,87708,77008.25,0.6322731655374586
224,Chile,seaweeds,2008,51307.5,84017,57617,93885,77008.25,0.6662597838543273
224,Chile,seaweeds,2009,53434,88774.5,58179,93802,77008.25,0.6938737083364445
224,Chile,seaweeds,2010,59319.25,95769,67343,107681,77008.25,0.7702973382721982
224,Chile,seaweeds,2011,63241.25,105042,69826,124800,77008.25,0.8212269464635282
224,Chile,seaweeds,2012,67117.75,116613,73123,140169,77008.25,0.871565708868855
224,Chile,seaweeds,2013,73551.5,139777,83914,186458,77008.25,0.955111952290826
224,Chile,seaweeds,2014,75878.75,160757.75,76652,191604,77008.25,0.985332740323277
224,Chile,seaweeds,2015,75919,166940.75,69987,149532,77008.25,0.9858554115955108
224,Chile,seaweeds,2016,77008.25,168629.75,77480,146925,77008.25,1
224,Chile,seaweeds,2017,76640,163921.75,82441,167626,77008.25,0.9952180448198732
224,Chile,seaweeds,2018,72346.5,150000,59478,135917,77008.25,0.9394642781779874
224,Chile,seaweeds,2019,70087.62,141569.01,60951.48,115808.04000000001,77008.25,0.910131317099142
224,Chile,seaweeds,2020,68171.3625,134426.4425,69814.97,118354.73,77008.25,0.8852475221810651
224,Chile,seaweeds,2021,64535.3375,125896.0275,67896.9,133504.34,77008.25,0.838031477146929
224,Chile,seaweeds,2022,67249.905,143719.735,70336.27,207211.83,77008.25,0.8732818237007074
231,East Timor,seaweeds,2009,15,18,15,18,129.33,0.11598237067965668
231,East Timor,seaweeds,2010,7.5,9,0,0,129.33,0.05799118533982834
231,East Timor,seaweeds,2011,5,6,0,0,129.33,0.03866079022655223
231,East Timor,seaweeds,2012,3.75,4.5,0,0,129.33,0.02899559266991417
231,East Timor,seaweeds,2013,1,0.75,4,3,129.33,0.007732158045310446
231,East Timor,seaweeds,2014,1,0.75,0,0,129.33,0.007732158045310446
231,East Timor,seaweeds,2015,1,0.75,0,0,129.33,0.007732158045310446
231,East Timor,seaweeds,2016,1,0.75,0,0,129.33,0.007732158045310446
231,East Timor,seaweeds,2017,8.5,7.25,34,29,129.33,0.06572334338513879
231,East Timor,seaweeds,2018,15,20.244999999999997,26,51.98,129.33,0.11598237067965668
231,East Timor,seaweeds,2019,70.8175,71.9925,223.27,206.99,129.33,0.5475721023737724
231,East Timor,seaweeds,2020,100.8175,82.6025,120,42.44,129.33,0.7795368437330858
231,East Timor,seaweeds,2021,122.8175,94.6625,122,77.24,129.33,0.9496443207299156
231,East Timor,seaweeds,2022,129.33,105.39750000000001,52.05,94.92,129.33,1
244,Curacao,fish_oil,2011,45,62,45,62,45,1
244,Curacao,fish_oil,2012,32.5,36.5,20,11,45,0.7222222222222222
244,Curacao,fish_oil,2013,33,31.333333333333332,34,21,45,0.7333333333333333
244,Curacao,fish_oil,2014,29.5,27.75,19,17,45,0.6555555555555556
244,Curacao,fish_oil,2015,22,16.25,15,16,45,0.4888888888888889
244,Curacao,fish_oil,2016,20.75,17.25,15,15,45,0.46111111111111114
244,Curacao,fish_oil,2017,15.25,15,12,12,45,0.3388888888888889
244,Curacao,fish_oil,2018,14.25,14.5,15,15,45,0.31666666666666665
244,Curacao,fish_oil,2019,10.5,10.5,0,0,45,0.23333333333333334
244,Curacao,fish_oil,2020,6.75,6.75,0,0,45,0.15
244,Curacao,fish_oil,2021,3.75,3.75,0,0,45,0.08333333333333333
244,Curacao,fish_oil,2022,0,0,0,0,45,0
244,Curacao,ornamentals,2019,0.01,5.83,0.01,5.83,0.0275,0.36363636363636365
244,Curacao,ornamentals,2020,0.01,8.7,0.01,11.57,0.0275,0.36363636363636365
244,Curacao,ornamentals,2021,0.01,10.546666666666667,0.01,14.24,0.0275,0.36363636363636365
244,Curacao,ornamentals,2022,0.0275,12.425,0.08,18.06,0.0275,1
245,Bonaire,ornamentals,1996,2.1908456536421994,6.10232264750276,2.1908456536421994,6.10232264750276,2.1908456536421994,1
245,Bonaire,ornamentals,1997,1.286120409555561,7.691469170289936,0.3813951654689225,9.280615693077111,2.1908456536421994,0.5870429107670975
245,Bonaire,ornamentals,1998,1.6124372031498118,7.4583943469478164,2.2650707903383136,6.992244700263579,2.1908456536421994,0.7359884985367157
245,Bonaire,ornamentals,1999,1.272893763273846,7.373639865732501,0.25426344364594833,7.119376422086553,2.1908456536421994,0.5810056774915693
245,Bonaire,ornamentals,2000,0.7887482107747832,7.437205726643988,0.25426344364594833,6.356586091148708,2.1908456536421994,0.36001998108060174
245,Bonaire,ornamentals,2001,0.7251823498632961,6.324803160692965,0.12713172182297416,4.831005429273018,2.1908456536421994,0.3310056774915693
245,Bonaire,ornamentals,2002,0.2224805131902048,5.784493342945325,0.25426344364594833,4.831005429273018,2.1908456536421994,0.1015500625616137
245,Bonaire,ornamentals,2003,0.2224805131902048,5.339532316564915,0.25426344364594833,5.339532316564915,2.1908456536421994,0.1015500625616137
245,Bonaire,ornamentals,2004,0.1589146522787177,3.9728663069679424,0,0.8899220527608191,2.1908456536421994,0.0725357589725812
245,Bonaire,ornamentals,2005,0.3178293045574354,4.099998028790917,0.762790330937845,5.339532316564915,2.1908456536421994,0.1450715179451624
245,Bonaire,ornamentals,2006,0.5085268872918967,5.180617664286197,1.017053774583793,9.15348397125414,2.1908456536421994,0.23211442871225987
245,Bonaire,ornamentals,2007,0.7310074004821014,6.038756786591272,1.1441854964067677,8.772088805785216,2.1908456536421994,0.33366449127387354
245,Bonaire,ornamentals,2008,0.7945732613935885,7.659686239834193,0.25426344364594833,7.373639865732501,2.1908456536421994,0.36267879486290605
245,Bonaire,ornamentals,2009,0.6674415395706144,8.231778988037577,0.25426344364594833,7.62790330937845,2.1908456536421994,0.3046501876848411
245,Bonaire,ornamentals,2010,0.5658120493983232,5.975190925679785,0.6105358138946286,0.12713172182297416,2.1908456536421994,0.25826194029583127
245,Bonaire,ornamentals,2011,0.2797656752966313,3.782168724233481,0,0,2.1908456536421994,0.12769757414518512
245,Bonaire,ornamentals,2012,0.21619981438514424,1.938758757800356,0,0,2.1908456536421994,0.09868327055615264
245,Bonaire,ornamentals,2013,0.15263395347365716,0.03178293045574354,0,0,2.1908456536421994,0.06966896696712016
245,Bonaire,ornamentals,2014,0,0,0,0,2.1908456536421994,0
245,Bonaire,ornamentals,2015,0,0,0,0,2.1908456536421994,0
245,Bonaire,ornamentals,2016,0,0,0,0,2.1908456536421994,0
245,Bonaire,ornamentals,2017,0,0,0,0,2.1908456536421994,0
245,Bonaire,ornamentals,2018,0,0,0,0,2.1908456536421994,0
245,Bonaire,ornamentals,2019,0,0,0,0,2.1908456536421994,0
245,Bonaire,ornamentals,2020,0,0,0,0,2.1908456536421994,0
245,Bonaire,ornamentals,2021,0,0,0,0,2.1908456536421994,0
245,Bonaire,ornamentals,2022,0,0,0,0,2.1908456536421994,0
247,Brunei,ornamentals,1995,0,4,0,4,12.739108343227148,0
247,Brunei,ornamentals,1996,1.7748452966238872,9,3.5496905932477745,14,12.739108343227148,0.13932256864488465
247,Brunei,ornamentals,1997,1.183230197749258,6,0,0,12.739108343227148,0.0928817124299231
247,Brunei,ornamentals,1998,0.8874226483119436,4.5,0,0,12.739108343227148,0.06966128432244233
247,Brunei,ornamentals,1999,1.2721062167572796,4.25,1.538734273781344,3,12.739108343227148,0.09985834035500651
247,Brunei,ornamentals,2000,0.384683568445336,0.75,0,0,12.739108343227148,0.03019705603256418
247,Brunei,ornamentals,2001,1.4378693494445045,5.5,4.212743123996674,19,12.739108343227148,0.11287048596371814
247,Brunei,ornamentals,2002,2.008038934570596,7.5,2.280678340504366,8,12.739108343227148,0.15762790302652435
247,Brunei,ornamentals,2003,3.345043359678261,15.5,6.886751974212004,35,12.739108343227148,0.2625806508237039
247,Brunei,ornamentals,2004,10.390614409476559,55.25,28.18228419919319,159,12.739108343227148,0.8156469141736136
247,Brunei,ornamentals,2005,9.33742862847739,50.5,0,0,12.739108343227148,0.7329734842424597
247,Brunei,ornamentals,2006,12.739108343227148,70.5,15.887397199503397,88,12.739108343227148,1
247,Brunei,ornamentals,2007,11.017420349674147,61.75,0,0,12.739108343227148,0.8648501961702563
247,Brunei,ornamentals,2008,3.9718492998758492,22,0,0,12.739108343227148,0.31178393282034655
247,Brunei,ornamentals,2009,3.9718492998758492,22,0,0,12.739108343227148,0.31178393282034655
247,Brunei,ornamentals,2010,0,0,0,0,12.739108343227148,0
247,Brunei,ornamentals,2011,0,0,0,0,12.739108343227148,0
247,Brunei,ornamentals,2012,0,0,0,0,12.739108343227148,0
247,Brunei,ornamentals,2013,0,0,0,0,12.739108343227148,0
247,Brunei,ornamentals,2014,0,0,0,0,12.739108343227148,0
247,Brunei,ornamentals,2015,0,0,0,0,12.739108343227148,0
247,Brunei,ornamentals,2016,0,0,0,0,12.739108343227148,0
247,Brunei,ornamentals,2017,0,0,0,0,12.739108343227148,0
247,Brunei,ornamentals,2018,0,0,0,0,12.739108343227148,0
247,Brunei,ornamentals,2019,0,0,0,0,12.739108343227148,0
247,Brunei,ornamentals,2020,0,0,0,0,12.739108343227148,0
247,Brunei,ornamentals,2021,0,0,0,0,12.739108343227148,0
247,Brunei,ornamentals,2022,0,0,0,0,12.739108343227148,0
247,Brunei,seaweeds,2015,1,8,1,8,11.9525,0.08366450533361221
247,Brunei,seaweeds,2016,2,91,3,174,11.9525,0.16732901066722441
247,Brunei,seaweeds,2017,2.3333333333333335,152.33333333333334,3,275,11.9525,0.19521717911176184
247,Brunei,seaweeds,2018,1.75,115,0,3,11.9525,0.14641288433382138
247,Brunei,seaweeds,2019,2.4125,124.6675,3.65,46.67,11.9525,0.20184061911733947
247,Brunei,seaweeds,2020,6.6225,202.735,19.84,486.27000000000004,11.9525,0.5540681865718469
247,Brunei,seaweeds,2021,9.415,374.4175,14.17,961.73,11.9525,0.7877013177159589
247,Brunei,seaweeds,2022,11.9525,543.485,10.15,679.27,11.9525,1
248,Saba,ornamentals,1996,2.1908456536421994,6.10232264750276,2.1908456536421994,6.10232264750276,2.1908456536421994,1
248,Saba,ornamentals,1997,1.286120409555561,7.691469170289936,0.3813951654689225,9.280615693077111,2.1908456536421994,0.5870429107670975
248,Saba,ornamentals,1998,1.6124372031498118,7.4583943469478164,2.2650707903383136,6.992244700263579,2.1908456536421994,0.7359884985367157
248,Saba,ornamentals,1999,1.272893763273846,7.373639865732501,0.25426344364594833,7.119376422086553,2.1908456536421994,0.5810056774915693
248,Saba,ornamentals,2000,0.7887482107747832,7.437205726643988,0.25426344364594833,6.356586091148708,2.1908456536421994,0.36001998108060174
248,Saba,ornamentals,2001,0.7251823498632961,6.324803160692965,0.12713172182297416,4.831005429273018,2.1908456536421994,0.3310056774915693
248,Saba,ornamentals,2002,0.2224805131902048,5.784493342945325,0.25426344364594833,4.831005429273018,2.1908456536421994,0.1015500625616137
248,Saba,ornamentals,2003,0.2224805131902048,5.339532316564915,0.25426344364594833,5.339532316564915,2.1908456536421994,0.1015500625616137
248,Saba,ornamentals,2004,0.1589146522787177,3.9728663069679424,0,0.8899220527608191,2.1908456536421994,0.0725357589725812
248,Saba,ornamentals,2005,0.3178293045574354,4.099998028790917,0.762790330937845,5.339532316564915,2.1908456536421994,0.1450715179451624
248,Saba,ornamentals,2006,0.5085268872918967,5.180617664286197,1.017053774583793,9.15348397125414,2.1908456536421994,0.23211442871225987
248,Saba,ornamentals,2007,0.7310074004821014,6.038756786591272,1.1441854964067677,8.772088805785216,2.1908456536421994,0.33366449127387354
248,Saba,ornamentals,2008,0.7945732613935885,7.659686239834193,0.25426344364594833,7.373639865732501,2.1908456536421994,0.36267879486290605
248,Saba,ornamentals,2009,0.6674415395706144,8.231778988037577,0.25426344364594833,7.62790330937845,2.1908456536421994,0.3046501876848411
248,Saba,ornamentals,2010,0.5658120493983232,5.975190925679785,0.6105358138946286,0.12713172182297416,2.1908456536421994,0.25826194029583127
248,Saba,ornamentals,2011,0.2797656752966313,3.782168724233481,0,0,2.1908456536421994,0.12769757414518512
248,Saba,ornamentals,2012,0.21619981438514424,1.938758757800356,0,0,2.1908456536421994,0.09868327055615264
248,Saba,ornamentals,2013,0.15263395347365716,0.03178293045574354,0,0,2.1908456536421994,0.06966896696712016
248,Saba,ornamentals,2014,0,0,0,0,2.1908456536421994,0
248,Saba,ornamentals,2015,0,0,0,0,2.1908456536421994,0
248,Saba,ornamentals,2016,0,0,0,0,2.1908456536421994,0
248,Saba,ornamentals,2017,0,0,0,0,2.1908456536421994,0
248,Saba,ornamentals,2018,0,0,0,0,2.1908456536421994,0
248,Saba,ornamentals,2019,0,0,0,0,2.1908456536421994,0
248,Saba,ornamentals,2020,0,0,0,0,2.1908456536421994,0
248,Saba,ornamentals,2021,0,0,0,0,2.1908456536421994,0
248,Saba,ornamentals,2022,0,0,0,0,2.1908456536421994,0
249,Sint Eustatius,ornamentals,1996,2.1908456536421994,6.10232264750276,2.1908456536421994,6.10232264750276,2.1908456536421994,1
249,Sint Eustatius,ornamentals,1997,1.286120409555561,7.691469170289936,0.3813951654689225,9.280615693077111,2.1908456536421994,0.5870429107670975
249,Sint Eustatius,ornamentals,1998,1.6124372031498118,7.4583943469478164,2.2650707903383136,6.992244700263579,2.1908456536421994,0.7359884985367157
249,Sint Eustatius,ornamentals,1999,1.272893763273846,7.373639865732501,0.25426344364594833,7.119376422086553,2.1908456536421994,0.5810056774915693
249,Sint Eustatius,ornamentals,2000,0.7887482107747832,7.437205726643988,0.25426344364594833,6.356586091148708,2.1908456536421994,0.36001998108060174
249,Sint Eustatius,ornamentals,2001,0.7251823498632961,6.324803160692965,0.12713172182297416,4.831005429273018,2.1908456536421994,0.3310056774915693
249,Sint Eustatius,ornamentals,2002,0.2224805131902048,5.784493342945325,0.25426344364594833,4.831005429273018,2.1908456536421994,0.1015500625616137
249,Sint Eustatius,ornamentals,2003,0.2224805131902048,5.339532316564915,0.25426344364594833,5.339532316564915,2.1908456536421994,0.1015500625616137
249,Sint Eustatius,ornamentals,2004,0.1589146522787177,3.9728663069679424,0,0.8899220527608191,2.1908456536421994,0.0725357589725812
249,Sint Eustatius,ornamentals,2005,0.3178293045574354,4.099998028790917,0.762790330937845,5.339532316564915,2.1908456536421994,0.1450715179451624
249,Sint Eustatius,ornamentals,2006,0.5085268872918967,5.180617664286197,1.017053774583793,9.15348397125414,2.1908456536421994,0.23211442871225987
249,Sint Eustatius,ornamentals,2007,0.7310074004821014,6.038756786591272,1.1441854964067677,8.772088805785216,2.1908456536421994,0.33366449127387354
249,Sint Eustatius,ornamentals,2008,0.7945732613935885,7.659686239834193,0.25426344364594833,7.373639865732501,2.1908456536421994,0.36267879486290605
249,Sint Eustatius,ornamentals,2009,0.6674415395706144,8.231778988037577,0.25426344364594833,7.62790330937845,2.1908456536421994,0.3046501876848411
249,Sint Eustatius,ornamentals,2010,0.5658120493983232,5.975190925679785,0.6105358138946286,0.12713172182297416,2.1908456536421994,0.25826194029583127
249,Sint Eustatius,ornamentals,2011,0.2797656752966313,3.782168724233481,0,0,2.1908456536421994,0.12769757414518512
249,Sint Eustatius,ornamentals,2012,0.21619981438514424,1.938758757800356,0,0,2.1908456536421994,0.09868327055615264
249,Sint Eustatius,ornamentals,2013,0.15263395347365716,0.03178293045574354,0,0,2.1908456536421994,0.06966896696712016
249,Sint Eustatius,ornamentals,2014,0,0,0,0,2.1908456536421994,0
249,Sint Eustatius,ornamentals,2015,0,0,0,0,2.1908456536421994,0
249,Sint Eustatius,ornamentals,2016,0,0,0,0,2.1908456536421994,0
249,Sint Eustatius,ornamentals,2017,0,0,0,0,2.1908456536421994,0
249,Sint Eustatius,ornamentals,2018,0,0,0,0,2.1908456536421994,0
249,Sint Eustatius,ornamentals,2019,0,0,0,0,2.1908456536421994,0
249,Sint Eustatius,ornamentals,2020,0,0,0,0,2.1908456536421994,0
249,Sint Eustatius,ornamentals,2021,0,0,0,0,2.1908456536421994,0
249,Sint Eustatius,ornamentals,2022,0,0,0,0,2.1908456536421994,0
250,Aruba,ornamentals,1996,2.1908456536421994,6.10232264750276,2.1908456536421994,6.10232264750276,5.7,0.3843588866038946
250,Aruba,ornamentals,1997,1.286120409555561,7.691469170289936,0.3813951654689225,9.280615693077111,5.7,0.22563515957115104
250,Aruba,ornamentals,1998,1.6124372031498118,7.4583943469478164,2.2650707903383136,6.992244700263579,5.7,0.28288371985084415
250,Aruba,ornamentals,1999,1.272893763273846,7.373639865732501,0.25426344364594833,7.119376422086553,5.7,0.22331469531120104
250,Aruba,ornamentals,2000,0.7887482107747832,7.437205726643988,0.25426344364594833,6.356586091148708,5.7,0.1383768790832953
250,Aruba,ornamentals,2001,0.7251823498632961,6.324803160692965,0.12713172182297416,4.831005429273018,5.7,0.1272249736602274
250,Aruba,ornamentals,2002,0.2224805131902048,5.784493342945325,0.25426344364594833,4.831005429273018,5.7,0.039031668980737684
250,Aruba,ornamentals,2003,0.2224805131902048,5.339532316564915,0.25426344364594833,5.339532316564915,5.7,0.039031668980737684
250,Aruba,ornamentals,2004,0.19069758273446125,6.10232264750276,0.12713172182297416,9.40774741490009,5.7,0.033455716269203725
250,Aruba,ornamentals,2005,0.34961223501317895,6.229454369325735,0.762790330937845,5.339532316564915,5.7,0.0613354798268735
250,Aruba,ornamentals,2006,0.5403098177476402,7.310074004821015,1.017053774583793,9.15348397125414,5.7,0.09479119609607722
250,Aruba,ornamentals,2007,0.762790330937845,8.16821312712609,1.1441854964067677,8.772088805785216,5.7,0.1338228650768149
250,Aruba,ornamentals,2008,0.7945732613935885,7.6914691702899365,0.25426344364594833,7.500771587555475,5.7,0.13939881778834887
250,Aruba,ornamentals,2009,0.6674415395706144,8.26356191849332,0.25426344364594833,7.62790330937845,5.7,0.11709500694221305
250,Aruba,ornamentals,2010,0.5658120493983232,6.006973856135529,0.6105358138946286,0.12713172182297416,5.7,0.09926527182426723
250,Aruba,ornamentals,2011,0.2797656752966313,3.813951654689225,0,0,5.7,0.04908169742046163
250,Aruba,ornamentals,2012,0.21619981438514424,1.938758757800356,0,0,5.7,0.03792979199739373
250,Aruba,ornamentals,2013,0.15263395347365716,0.03178293045574354,0,0,5.7,0.026777886574325817
250,Aruba,ornamentals,2014,0,0,0,0,5.7,0
250,Aruba,ornamentals,2015,0,0,0,0,5.7,0
250,Aruba,ornamentals,2016,2.5,56.25,10,225,5.7,0.43859649122807015
250,Aruba,ornamentals,2017,5.5,79.25,12,92,5.7,0.9649122807017544
250,Aruba,ornamentals,2018,5.5,79.75,0,2,5.7,0.9649122807017544
250,Aruba,ornamentals,2019,5.7,81.1575,0.8,5.63,5.7,1
250,Aruba,ornamentals,2020,3.2,24.9075,0,0,5.7,0.5614035087719298
250,Aruba,ornamentals,2021,0.2,1.9075,0,0,5.7,0.03508771929824561
250,Aruba,ornamentals,2022,0.2,1.4075,0,0,5.7,0.03508771929824561
