rgn_id,year,popsum
1,2000,4101.734471946955
2,2000,3376.8036932349205
3,2000,3617.564926147461
4,2000,0
5,2000,350734.18720411137
6,2000,269978.4196275634
7,2000,805988.4999311436
8,2000,65986.52269101143
9,2000,406316.588935107
10,2000,19246.32417678833
11,2000,453933.1421673298
12,2000,0
13,2000,298211.0124022674
14,2000,23202544.83635044
15,2000,91691256.41725272
16,2000,18144123.50266344
17,2000,2897323.2102714507
18,2000,1004890.5613309145
19,2000,43486.923486068845
20,2000,46310053.01380879
21,2000,19091385.731821477
24,2000,1125435.3300602734
25,2000,21594396.941048093
26,2000,545433.8854675293
28,2000,713295.8477249146
29,2000,247505.66500854492
30,2000,0
31,2000,141528.9161348343
32,2000,815018.0760879517
33,2000,0
34,2000,0
35,2000,0
36,2000,0
37,2000,1314370.1685504913
38,2000,0
39,2000,1946864.306182243
40,2000,15279157.25114619
41,2000,8480735.434395758
42,2000,5798767.571713587
43,2000,2607300.600310838
44,2000,2876892.890923828
45,2000,978885.9107456207
46,2000,754140.901337564
47,2000,4624153.111513406
48,2000,1773205.4935105145
49,2000,540243.2846542001
50,2000,7992656.973218208
51,2000,2076571.7009887695
52,2000,1059351.6251805425
53,2000,11447279.904108703
54,2000,2017605.0256063938
55,2000,389438.1222201271
56,2000,510157.684967041
57,2000,305128.2566466564
58,2000,1971931.2505288124
59,2000,3700407.75226593
60,2000,71568.301513671875
61,2000,7730297.034589294
62,2000,15720857.500002343
63,2000,297489.2177015599
64,2000,839563.4687485206
65,2000,863001.845582068
66,2000,5825653.725099325
67,2000,2805680.5977882287
68,2000,502118.6788253784
69,2000,1718902.3553456068
70,2000,1177505.7087125338
71,2000,1082937.344145134
72,2000,896275.246316161
73,2000,15869989.959618494
74,2000,1265611.4040569272
75,2000,7440188.627828337
76,2000,33509284.862184733
77,2000,2531918.8649457376
78,2000,3724485.853286678
79,2000,6729801.903991625
80,2000,11520643.54004625
81,2000,1048016.440115561
82,2000,2360301.7817150354
84,2000,16809227.257140517
85,2000,834.2493069469929
86,2000,5546.952939748764
88,2000,324.74878787994385
89,2000,0
90,2000,0
91,2000,0
92,2000,0
93,2000,0
94,2000,0
95,2000,4252.488842483002
96,2000,2049175.6308141053
97,2000,1675723.7314011604
98,2000,1836065.9912745357
99,2000,2897353.126273334
100,2000,797078.0077966452
101,2000,102353.47089593156
102,2000,14020052.784535993
103,2000,213561.9256401062
104,2000,316725.6644741297
105,2000,0
106,2000,6564793.868692398
107,2000,0
108,2000,157696.6796875
110,2000,555190.4336709203
111,2000,37916.008889572695
112,2000,11260338.573608503
113,2000,75980.78116798401
114,2000,8848170.561536908
115,2000,7912298.448241199
116,2000,4255049.167361779
117,2000,39501.277394771576
118,2000,22791.189178466797
119,2000,72134.6206817627
120,2000,102289.72427845001
121,2000,7046.463876178415
122,2000,189684.75746411085
123,2000,80989.92725372314
124,2000,327569.69258117676
125,2000,148903.1597442627
126,2000,1503892.376384735
127,2000,162191.82301330566
129,2000,3403629.7442698516
130,2000,1784646.660849182
131,2000,2613206.631621363
132,2000,7407854.0410607625
133,2000,2538555.329035955
134,2000,4797162.467362881
135,2000,20101833.635004282
136,2000,1812376.8906282298
137,2000,5801682.218439724
138,2000,14320051.016863296
139,2000,14040637.396838475
140,2000,958633.3111495972
141,2000,63009.93997696042
143,2000,330979.37398769805
144,2000,37.9091410189867
145,2000,89299.23300943579
146,2000,233.99253249168396
147,2000,395577.82154996437
148,2000,31965.551101105288
149,2000,0
150,2000,0
151,2000,85102.76071238518
152,2000,203071.45872068405
153,2000,41177.83050727844
154,2000,2358.0414868593216
155,2000,180659.6192703247
156,2000,15327.518264770508
157,2000,123.37310945987701
158,2000,0
159,2000,0
161,2000,27702.25239944458
162,2000,4219462.829771737
163,2000,101738298.99417613
164,2000,233067.67062288895
166,2000,2833101.898838043
167,2000,731093.013838081
168,2000,430202.7018510258
169,2000,161638.75467217682
171,2000,64676627.76913125
172,2000,15674457.662960129
173,2000,2610266.9388217647
174,2000,3437091.6560400235
175,2000,5797562.728201613
176,2000,8366569.4740040945
177,2000,11706247.961376801
178,2000,3595061.8518918827
179,2000,16819570.30769326
180,2000,43310036.342032276
181,2000,3574276.3706562375
182,2000,23804634.546131
183,2000,8061483.803189331
184,2000,38049426.50022107
185,2000,77869.86110687256
186,2000,395488.9540966451
187,2000,1748361.5776475966
188,2000,341219.26105859503
189,2000,425322.2169587016
190,2000,613770.5222745687
191,2000,2462108.0916147567
192,2000,148900.81763267517
193,2000,967904.0719728069
194,2000,2661565.1309770346
195,2000,5676662.998598777
196,2000,18506093.709783435
197,2000,2884635.245256424
198,2000,696728.1732366949
199,2000,143426.71655493975
200,2000,2162047.1580397002
202,2000,5833144.820626974
203,2000,165066423.92213327
204,2000,26170752.043518722
205,2000,13150783.47428608
206,2000,21732177.617073484
207,2000,44137760.78540966
208,2000,4389123.464359581
209,2000,252557861.0698618
210,2000,120071644.60845292
212,2000,311396.1174210701
214,2000,16948008.908461113
215,2000,945217.6484400034
216,2000,167778817.2715373
218,2000,7508344.5778528685
219,2000,11552.840698957443
220,2000,46505.285873413086
221,2000,78829.72537231445
222,2000,7084877.375431556
223,2000,4752268.239135995
224,2000,5535313.94828916
227,2000,128991.05505371094
228,2000,94172.90816283226
231,2000,867632.2236311436
232,2000,407518.7836821079
237,2000,57181.233627319336
244,2000,167567.23777551204
245,2000,16108.77311706543
247,2000,371642.1806065142
248,2000,2548.521026611328
249,2000,4617.217071533203
250,2000,101984.4523337239
1,2001,4151.306577026844
2,2001,3418.680448103696
3,2001,3616.2364463806152
4,2001,0
5,2001,356948.7603955865
6,2001,276941.37982556253
7,2001,825569.1902530529
8,2001,66098.86709833145
9,2001,403586.1236476898
10,2001,19215.02280807495
11,2001,453489.41954672337
12,2001,0
13,2001,297456.77895305195
14,2001,23365753.015978575
15,2001,93472449.81663625
16,2001,18365812.727347013
17,2001,2953760.9290529783
18,2001,1006818.5230095387
19,2001,43887.81368804723
20,2001,46593192.327109516
21,2001,19241492.82276255
24,2001,1143822.1026395708
25,2001,22165632.08398645
26,2001,549554.8248953819
28,2001,731639.095085144
29,2001,256075.086479187
30,2001,0
31,2001,144136.1685590744
32,2001,826815.2270393372
33,2001,0
34,2001,0
35,2001,0
36,2001,0
37,2001,1322912.1807947159
38,2001,0
39,2001,1966554.1694057956
40,2001,15386270.79188883
41,2001,8665552.587110713
42,2001,6026583.186909687
43,2001,2678536.273330074
44,2001,2961179.490371857
45,2001,1018394.8325640559
46,2001,764179.452820614
47,2001,4768463.813372806
48,2001,1815396.3045637347
49,2001,569753.9290228486
50,2001,8237540.971787335
51,2001,2149340.399641037
52,2001,1122676.339824587
53,2001,11679651.996165723
54,2001,2217165.579654813
55,2001,391579.8638433778
56,2001,518356.7269229889
57,2001,306024.30371911987
58,2001,2017550.7905845642
59,2001,3718240.953804016
60,2001,72472.564208984375
61,2001,7816167.180047266
62,2001,15910384.76580063
63,2001,324592.6557169291
64,2001,877650.2499285201
65,2001,895863.7443125546
66,2001,5992034.906839728
67,2001,2854495.4935190026
68,2001,505130.9905014038
69,2001,1697172.2793856785
70,2001,1169253.1836617924
71,2001,1081014.0825245902
72,2001,891151.1704704184
73,2001,15827237.706171146
74,2001,1252054.2294315314
75,2001,7395165.524827709
76,2001,34097564.235156536
77,2001,2574415.5966701657
78,2001,3898948.430313609
79,2001,6869391.509530291
80,2001,11546060.050703164
81,2001,1067637.8367750794
82,2001,2367274.8622632027
84,2001,16983365.43516946
85,2001,820.0853582918644
86,2001,5347.355693101883
88,2001,318.5776307582855
89,2001,0
90,2001,0
91,2001,0
92,2001,0
93,2001,0
94,2001,0
95,2001,4277.643681887805
96,2001,2161912.142750725
97,2001,1729471.2219009995
98,2001,1892612.8559932709
99,2001,2980182.7792744637
100,2001,813724.4623879194
101,2001,106151.19089653646
102,2001,14227668.064579437
103,2001,218707.11079978943
104,2001,329044.7490557432
105,2001,0
106,2001,6774813.146623611
107,2001,0
108,2001,158337.47366333008
110,2001,567156.163626062
111,2001,40682.47097286396
112,2001,11288820.731862053
113,2001,78490.34923934937
114,2001,8998952.811748505
115,2001,8050237.1440725075
116,2001,4246945.06046064
117,2001,40423.69876527786
118,2001,23435.95317840576
119,2001,73161.5892906189
120,2001,103621.96276760101
121,2001,6995.563199380384
122,2001,191827.65837311745
123,2001,81183.82152557373
124,2001,328564.3564453125
125,2001,149201.52059936523
126,2001,1509262.544391632
127,2001,162768.50016784668
129,2001,3470229.963908298
130,2001,1818387.7936311793
131,2001,2639831.0500285453
132,2001,7537620.7661252115
133,2001,2586231.995609969
134,2001,4820805.115214348
135,2001,20432209.680518176
136,2001,1856700.0462498106
137,2001,5900267.255382454
138,2001,14552041.843585396
139,2001,14284483.303491073
140,2001,964804.3066940308
141,2001,63483.84144151211
143,2001,334317.79643260385
144,2001,38.649002350866795
145,2001,89402.08049325713
146,2001,241.12809312343597
147,2001,401723.1823728301
148,2001,32331.81639752537
149,2001,0
150,2001,0
151,2001,85584.5773434639
152,2001,204316.99672222137
153,2001,41522.229155540466
154,2001,2304.202502012253
155,2001,181186.88469791412
156,2001,14651.99993133545
157,2001,117.43867194652557
158,2001,0
159,2001,0
161,2001,27605.299884796143
162,2001,4281735.597367393
163,2001,102554835.99987558
164,2001,239900.88889075164
166,2001,2849330.203224182
167,2001,730521.4249065622
168,2001,432201.74512849265
169,2001,167328.93335303004
171,2001,65695751.47653879
172,2001,15879996.871378936
173,2001,2616554.0657784175
174,2001,3457010.094461093
175,2001,5812965.201522335
176,2001,8358981.640015012
177,2001,11780876.67936039
178,2001,3601211.436806254
179,2001,16949408.20268106
180,2001,43497605.16009304
181,2001,3638048.5611006357
182,2001,24190451.484041587
183,2001,8106044.665464655
184,2001,38198833.44708505
185,2001,78614.58786010742
186,2001,398747.8351755738
187,2001,1747540.242353484
188,2001,342089.1855400236
189,2001,422873.43128180504
190,2001,664129.3955910001
191,2001,2538512.06856066
192,2001,153972.94726657867
193,2001,990694.4866427789
194,2001,2722735.422928095
195,2001,5785867.1726209745
196,2001,19019955.1738711
197,2001,3000746.387266159
198,2001,708370.5721546668
199,2001,143029.23370993137
200,2001,2454144.616802035
202,2001,6076775.784312818
203,2001,167103350.44965187
204,2001,26558907.289208293
205,2001,13507191.207879543
206,2001,22200955.150374047
207,2001,44523114.706861675
208,2001,4517418.819668303
209,2001,256072658.18286481
210,2001,120324966.92308189
212,2001,320036.92201234866
214,2001,17289579.119384144
215,2001,965189.6175642014
216,2001,170171799.474698
218,2001,7565709.421590013
219,2001,11550.98305439949
220,2001,46717.96097564697
221,2001,81036.86703491211
222,2001,7126247.1979292715
223,2001,4784524.382735009
224,2001,5608499.170155349
227,2001,130380.02812194824
228,2001,94427.59037280083
231,2001,897961.1935632229
232,2001,409225.5439610481
237,2001,58695.73080635071
244,2001,166509.45347034186
245,2001,16101.509380340576
247,2001,378715.6645540334
248,2001,2523.786445617676
249,2001,4658.876197814941
250,2001,104026.16121876892
1,2002,4200.878799825907
2,2002,3460.5571517907083
3,2002,3614.907917022705
4,2002,0
5,2002,363163.3370167501
6,2002,283904.3408188481
7,2002,845149.8803213891
8,2002,66211.20878148079
9,2002,400855.6580771208
10,2002,19183.721267700195
11,2002,453045.7178772688
12,2002,0
13,2002,296702.54488311964
14,2002,23528961.104432344
15,2002,95253643.28095838
16,2002,18587501.951715425
17,2002,3010198.677302261
18,2002,1008746.4789375067
19,2002,44288.70319684595
20,2002,46876331.558415174
21,2002,19391599.789254367
24,2002,1162208.8754505813
25,2002,22736867.292893708
26,2002,553675.7456002235
28,2002,749982.3313751221
29,2002,264644.5081253052
30,2002,0
31,2002,146743.42214083672
32,2002,838612.3585605621
33,2002,0
34,2002,0
35,2002,0
36,2002,0
37,2002,1331454.1927747726
38,2002,0
39,2002,1986244.0157892182
40,2002,15493384.328141551
41,2002,8850369.79868163
42,2002,6254398.794907328
43,2002,2749771.9491593856
44,2002,3045466.180716872
45,2002,1057903.7740231752
46,2002,774217.9800253063
47,2002,4912774.538057923
48,2002,1857587.1341191903
49,2002,599264.5801012516
50,2002,8482424.97851283
51,2002,2222109.075767994
52,2002,1186001.0682659745
53,2002,11912024.173583746
54,2002,2416726.1391225457
55,2002,393721.604682233
56,2002,526555.7612175941
57,2002,306920.3511347561
58,2002,2063170.3413939476
59,2002,3736074.1508979797
60,2002,73376.82568359375
61,2002,7902037.301892292
62,2002,16099911.985180607
63,2002,351696.1027655001
64,2002,915737.0243767975
65,2002,928725.6416544765
66,2002,6158416.154487759
67,2002,2903310.333191271
68,2002,508143.29566192627
69,2002,1675442.2362904921
70,2002,1161000.669344986
71,2002,1079090.807633914
72,2002,886027.1110153105
73,2002,15784485.382023808
74,2002,1238497.0540289516
75,2002,7350142.51498155
76,2002,34685843.609333694
77,2002,2616912.3380604293
78,2002,4073410.9963697405
79,2002,7008981.119126856
80,2002,11571476.587600922
81,2002,1087259.264016475
82,2002,2374247.9358778
84,2002,17157503.63482988
85,2002,805.9214752316475
86,2002,5147.758438229561
88,2002,312.40644884109497
89,2002,0
90,2002,0
91,2002,0
92,2002,0
93,2002,0
94,2002,0
95,2002,4302.798550685102
96,2002,2274648.6413255036
97,2002,1783218.7563446164
98,2002,1949159.7038261294
99,2002,3063012.450793147
100,2002,830370.8953692317
101,2002,109948.91036288862
102,2002,14435283.36888909
103,2002,223852.30328178406
104,2002,341363.81565880775
105,2002,0
106,2002,6984832.385541916
107,2002,0
108,2002,158978.2685546875
110,2002,579121.883453246
111,2002,43448.932982902974
112,2002,11317302.80420117
113,2002,80999.92168045044
114,2002,9149735.059901953
115,2002,8188175.908919248
116,2002,4238840.948537126
117,2002,41346.11927127838
118,2002,24080.715393066406
119,2002,74188.55890655518
120,2002,104954.20075798035
121,2002,6944.6625647480105
122,2002,193970.55812054873
123,2002,81377.71615982056
124,2002,329559.01889038086
125,2002,149499.88021850586
126,2002,1514632.7377853394
127,2002,163345.17764282227
129,2002,3536830.194654526
130,2002,1852128.9308723658
131,2002,2666455.451997866
132,2002,7667387.5664544925
133,2002,2633908.653356247
134,2002,4844447.751024246
135,2002,20762585.75273047
136,2002,1901023.199795898
137,2002,5998852.420531138
138,2002,14784032.684893444
139,2002,14528329.246948494
140,2002,970975.3045425415
141,2002,63957.742880508304
143,2002,337656.21715838014
144,2002,39.38886126130819
145,2002,89504.92809714428
146,2002,248.26364266872406
147,2002,407868.53886389825
148,2002,32698.080769022927
149,2002,0
150,2002,0
151,2002,86066.39399385452
152,2002,205562.535779953
153,2002,41866.627552986145
154,2002,2250.3634610176086
155,2002,181714.147919178
156,2002,13976.482109069824
157,2002,111.504245698452
158,2002,0
159,2002,0
161,2002,27508.347984313965
162,2002,4344008.357901542
163,2002,103371373.001419
164,2002,246734.11759917252
166,2002,2865558.4928588867
167,2002,729949.8444448586
168,2002,434200.7882657504
169,2002,173019.1089278948
171,2002,66714875.184047244
172,2002,16085536.11061863
173,2002,2622841.1900957497
174,2002,3476928.506682681
175,2002,5828367.674701773
176,2002,8351393.729794979
177,2002,11855505.434690699
178,2002,3607361.0382218435
179,2002,17079246.16111848
180,2002,43685173.96481043
181,2002,3701820.7497527185
182,2002,24576268.463044748
183,2002,8150605.519779398
184,2002,38348240.40771069
185,2002,79359.31157684326
186,2002,402006.72014784813
187,2002,1746718.9232410192
188,2002,342959.109286597
189,2002,420424.63651642203
190,2002,714488.2647772459
191,2002,2614916.013671946
192,2002,159045.08481407166
193,2002,1013484.8987787717
194,2002,2783905.6966309547
195,2002,5895071.297948748
196,2002,19533816.627385646
197,2002,3116857.523718357
198,2002,720012.9768178661
199,2002,142631.75947540998
200,2002,2746242.150498599
202,2002,6320406.733643658
203,2002,169140277.0458156
204,2002,26947062.486943185
205,2002,13863598.939722538
206,2002,22669732.582400624
207,2002,44908468.670321524
208,2002,4645714.15300457
209,2002,259587455.59540722
210,2002,120578289.19261885
212,2002,328677.7255405593
214,2002,17631149.136308342
215,2002,985161.588021636
216,2002,172564780.2609165
218,2002,7623074.275617292
219,2002,11549.125263690948
220,2002,46930.635498046875
221,2002,83243.99807739258
222,2002,7167617.007514736
223,2002,4816780.486383947
224,2002,5681684.387603492
227,2002,131768.99937438965
228,2002,94682.27236151695
231,2002,928290.1615678668
232,2002,410932.3071115017
237,2002,60210.22832489014
244,2002,165451.6691564247
245,2002,16094.246395111084
247,2002,385789.1381328814
248,2002,2499.052101135254
249,2002,4700.535369873047
250,2002,106067.86860694946
1,2003,4250.450965464115
2,2003,3502.4339329078794
3,2003,3613.5793113708496
4,2003,0
5,2003,369377.908253368
6,2003,290867.3031292452
7,2003,864730.5743878111
8,2003,66323.55195903778
9,2003,398125.19278401136
10,2003,19152.41982650757
11,2003,452602.0206516981
12,2003,0
13,2003,295948.311694859
14,2003,23692169.174565792
15,2003,97034836.88602668
16,2003,18809191.16523323
17,2003,3066636.4185977043
18,2003,1010674.4438509941
19,2003,44689.592848941684
20,2003,47159470.90253806
21,2003,19541706.843313336
24,2003,1180595.6501669288
25,2003,23308102.46478669
26,2003,557796.686188221
28,2003,768325.5827102661
29,2003,273213.92906188965
30,2003,0
31,2003,149350.67532730103
32,2003,850409.5019569397
33,2003,0
34,2003,0
35,2003,0
36,2003,0
37,2003,1339996.2075943947
38,2003,0
39,2003,2005933.8807531893
40,2003,15600497.832110481
41,2003,9035186.978547761
42,2003,6482214.406059063
43,2003,2821007.6207433194
44,2003,3129752.881924562
45,2003,1097412.712717533
46,2003,784256.5316352099
47,2003,5057085.283083424
48,2003,1899777.965006832
49,2003,628775.2229170799
50,2003,8727308.859790519
51,2003,2294877.8004989624
52,2003,1249325.8180134296
53,2003,12144396.244116455
54,2003,2616286.6352769136
55,2003,395863.34347187326
56,2003,534754.8061733246
57,2003,307816.39907693927
58,2003,2108789.8830928802
59,2003,3753907.349193573
60,2003,74281.09033203125
61,2003,7987907.455803618
62,2003,16289439.282780383
63,2003,378799.5474967561
64,2003,953823.8037946951
65,2003,961587.5497827232
66,2003,6324797.295215875
67,2003,2952125.2887215717
68,2003,511155.60803985596
69,2003,1653712.201154843
70,2003,1152748.145126816
71,2003,1077167.5567829087
72,2003,880903.044706909
73,2003,15741733.056096105
74,2003,1224939.8751631025
75,2003,7305119.42478534
76,2003,35274123.00659287
77,2003,2659409.0269814376
78,2003,4247873.5775092365
79,2003,7148570.807599083
80,2003,11596893.097594755
81,2003,1106880.693787348
82,2003,2381221.0069237947
84,2003,17331641.757758856
85,2003,791.7575687766075
86,2003,4948.161139130592
88,2003,306.2353129386902
89,2003,0
90,2003,0
91,2003,0
92,2003,0
93,2003,0
94,2003,0
95,2003,4327.953433466402
96,2003,2387385.153585717
97,2003,1836966.238233924
98,2003,2005706.5876393318
99,2003,3145842.089051485
100,2003,847017.3752353787
101,2003,113746.63117434888
102,2003,14642898.652230674
103,2003,228997.48573112488
104,2003,353682.8964455128
105,2003,0
106,2003,7194851.562849045
107,2003,0
108,2003,159619.0654296875
110,2003,591087.6091938149
111,2003,46215.39497588575
112,2003,11345784.96450235
113,2003,83509.48790740967
114,2003,9300517.321321368
115,2003,8326114.63338651
116,2003,4230736.842318333
117,2003,42268.53826665878
118,2003,24725.478309631348
119,2003,75215.5285987854
120,2003,106286.44020366669
121,2003,6893.761924967257
122,2003,196113.46273994446
123,2003,81571.61154556274
124,2003,330553.6773071289
125,2003,149798.23956298828
126,2003,1520002.9029045105
127,2003,163921.85247802734
129,2003,3603430.426107047
130,2003,1885870.0622556508
131,2003,2693079.826224924
132,2003,7797154.274127843
133,2003,2681585.310776973
134,2003,4868090.408463001
135,2003,21092961.79258645
136,2003,1945346.3584139608
137,2003,6097437.31232547
138,2003,15016023.491454028
139,2003,14772175.103566218
140,2003,977146.3026428223
141,2003,64431.64505761862
143,2003,340994.6411123344
144,2003,40.12872135639191
145,2003,89607.77604279868
146,2003,255.39918315410614
147,2003,414013.8976375859
148,2003,33064.34600756504
149,2003,0
150,2003,0
151,2003,86548.21087479591
152,2003,206808.07451295853
153,2003,42211.02544307709
154,2003,2196.524427652359
155,2003,182241.41267633438
156,2003,13300.964622497559
157,2003,105.56979870796204
158,2003,0
159,2003,0
161,2003,27411.3953704834
162,2003,4406281.125393609
163,2003,104187909.9786339
164,2003,253567.33802029677
166,2003,2881786.7794532776
167,2003,729378.2445004924
168,2003,436199.83207948186
169,2003,178709.28782926075
171,2003,67733998.86273958
172,2003,16291075.407891309
173,2003,2629128.314731021
174,2003,3496846.9335425547
175,2003,5843770.147842333
176,2003,8343805.858967023
177,2003,11930134.18927285
178,2003,3613510.6335069314
179,2003,17209084.08229052
180,2003,43872742.798363544
181,2003,3765592.9451963073
182,2003,24962085.45187156
183,2003,8195166.376428125
184,2003,38497647.3323689
185,2003,80104.03729248047
186,2003,405265.6000190079
187,2003,1745897.5656198114
188,2003,343829.03289755277
189,2003,417975.85047903657
190,2003,764847.1431848044
191,2003,2691319.955078043
192,2003,164117.2235584259
193,2003,1036275.307234274
194,2003,2845075.9629745483
195,2003,6004275.4812500775
196,2003,20047678.102323845
197,2003,3232968.559258461
198,2003,731655.3844742257
199,2003,142234.27631759644
200,2003,3038339.640834607
202,2003,6564037.71204162
203,2003,171177202.9288213
204,2003,27335217.505307317
205,2003,14220006.676188946
206,2003,23138510.129074614
207,2003,45293822.541974485
208,2003,4774009.514753123
209,2003,263102253.0169144
210,2003,120831611.44005701
212,2003,337318.5279268548
214,2003,17972719.31336862
215,2003,1005133.5718983412
216,2003,174957762.54535002
218,2003,7680439.133874702
219,2003,11547.268374681473
220,2003,47143.30986022949
221,2003,85451.13446044922
222,2003,7208986.834947355
223,2003,4849036.6139905155
224,2003,5754869.573795606
227,2003,133157.97314453125
228,2003,94936.95321130753
231,2003,958619.1264759898
232,2003,412639.0675752163
237,2003,61724.725719451904
244,2003,164393.88427482545
245,2003,16086.983488082886
247,2003,392862.6179476492
248,2003,2474.317451477051
249,2003,4742.194732666016
250,2003,108109.5763270401
1,2004,4300.023122936487
2,2004,3544.310593046248
3,2004,3612.250831604004
4,2004,0
5,2004,375592.47046020627
6,2004,297830.26381971966
7,2004,884311.2654318679
8,2004,66435.89351463318
9,2004,395394.726072371
10,2004,19121.118133544922
11,2004,452158.3095059395
12,2004,0
13,2004,295194.07751286257
14,2004,23855377.27764845
15,2004,98816030.26612122
16,2004,19030880.386098273
17,2004,3123074.159728644
18,2004,1012602.4021170139
19,2004,45090.482545249164
20,2004,47442610.17124796
21,2004,19691813.7013129
24,2004,1198982.4198068678
25,2004,23879337.623904698
26,2004,561917.6035609245
28,2004,786668.8280715942
29,2004,281783.3550262451
30,2004,0
31,2004,151957.92889261246
32,2004,862206.6398563385
33,2004,0
34,2004,0
35,2004,0
36,2004,0
37,2004,1348538.2196993828
38,2004,0
39,2004,2025623.7235661
40,2004,15707611.381151892
41,2004,9220004.176059524
42,2004,6710030.009423554
43,2004,2892243.3030998018
44,2004,3214039.574634496
45,2004,1136921.624423623
46,2004,794295.0627830923
47,2004,5201395.977803513
48,2004,1941968.7755212337
49,2004,658285.8719015121
50,2004,8972192.798220947
51,2004,2367646.5101361275
52,2004,1312650.5234749317
53,2004,12376768.2629956
54,2004,2815847.2114908695
55,2004,398005.08434254373
56,2004,542953.8496017456
57,2004,308712.4466469938
58,2004,2154409.413432598
59,2004,3771740.554473877
60,2004,75185.353271484375
61,2004,8073777.588936303
62,2004,16478966.49084109
63,2004,405902.98804600025
64,2004,991910.5855471343
65,2004,994449.4756721705
66,2004,6491178.480736852
67,2004,3000940.1324663647
68,2004,514167.9142379761
69,2004,1631982.1768692136
70,2004,1144495.628449874
71,2004,1075244.2894860879
72,2004,875778.9708239064
73,2004,15698980.76570469
74,2004,1211382.698040571
75,2004,7260096.393843211
76,2004,35862402.342803866
77,2004,2701905.7604218684
78,2004,4422336.126366067
79,2004,7288160.382648021
80,2004,11622309.63798936
81,2004,1126502.1007449299
82,2004,2388194.0704768896
84,2004,17505779.940778017
85,2004,777.5936585068703
86,2004,4748.563850164413
88,2004,300.06413888931274
89,2004,0
90,2004,0
91,2004,0
92,2004,0
93,2004,0
94,2004,0
95,2004,4353.108280453671
96,2004,2500121.6685348153
97,2004,1890713.7721832395
98,2004,2062253.4315679073
99,2004,3228671.7583967447
100,2004,863663.8837450743
101,2004,117544.35141981975
102,2004,14850513.940254001
103,2004,234142.68054580688
104,2004,366001.97799515724
105,2004,0
106,2004,7404870.786855698
107,2004,0
108,2004,160259.86041259766
110,2004,603053.3219092223
111,2004,48981.85713112168
112,2004,11374267.099985495
113,2004,86019.05940151215
114,2004,9451299.590394616
115,2004,8464053.39467211
116,2004,4222632.7344318805
117,2004,43190.95893859863
118,2004,25370.241439819336
119,2004,76242.4970741272
120,2004,107618.67820930481
121,2004,6842.8614500119875
122,2004,198256.36235040426
123,2004,81765.50556945801
124,2004,331548.3369140625
125,2004,150096.59985351562
126,2004,1525373.0863571167
127,2004,164498.52964019775
129,2004,3670030.655404389
130,2004,1919611.1989796609
131,2004,2719704.2405537893
132,2004,7926921.0406393595
133,2004,2729261.9557677256
134,2004,4891733.052105904
135,2004,21423337.8558927
136,2004,1989669.5086477697
137,2004,6196022.474675822
138,2004,15248014.35113283
139,2004,15016021.09608291
140,2004,983317.2978363037
141,2004,64905.54621890187
143,2004,344333.0628476106
144,2004,40.868580266833305
145,2004,89710.62409034451
146,2004,262.53475058078766
147,2004,420159.25537632825
148,2004,33430.610195316374
149,2004,0
150,2004,0
151,2004,87030.02709507942
152,2004,208053.61401176453
153,2004,42555.42394924164
154,2004,2142.6854367256165
155,2004,182768.67926359177
156,2004,12625.446517944336
157,2004,99.63536310195923
158,2004,0
159,2004,0
161,2004,27314.444091796875
162,2004,4468553.892510409
163,2004,105004447.0379185
164,2004,260400.56247354206
166,2004,2898015.0655784607
167,2004,728806.6521543551
168,2004,438198.8755024115
169,2004,184399.46679825053
171,2004,68753122.53658244
172,2004,16496614.660633797
173,2004,2635415.4368693163
174,2004,3516765.292646266
175,2004,5859172.62782599
176,2004,8336217.970047299
177,2004,12004762.962379232
178,2004,3619660.240813896
179,2004,17338922.016559392
180,2004,44060311.5990554
181,2004,3829365.135580352
182,2004,25347902.41911547
183,2004,8239727.238067119
184,2004,38647054.25813275
185,2004,80848.76243591309
186,2004,408524.48219382763
187,2004,1745076.2429628968
188,2004,344698.95638700214
189,2004,415527.05744576454
190,2004,815206.0173351187
191,2004,2767723.9412868842
192,2004,169189.36082553864
193,2004,1059065.7161694826
194,2004,2906246.225122571
195,2004,6113479.606365897
196,2004,20561539.546591684
197,2004,3349079.546131134
198,2004,743297.783316229
199,2004,141836.79694873095
200,2004,3330437.130829485
202,2004,6807668.654310901
203,2004,173214128.88640743
204,2004,27723372.62518835
205,2004,14576414.455596924
206,2004,23607287.568592597
207,2004,45679176.5128392
208,2004,4902304.851765307
209,2004,266617050.32162926
210,2004,121084933.8168416
212,2004,345959.332581718
214,2004,18314289.457372513
215,2004,1025105.5276648998
216,2004,177350744.05051208
218,2004,7737803.992629038
219,2004,11545.410652637482
220,2004,47355.98457336426
221,2004,87658.2649230957
222,2004,7250356.636936577
223,2004,4881292.79044295
224,2004,5828054.796150531
227,2004,134546.9432373047
228,2004,95191.63421797752
231,2004,988948.096960187
232,2004,414345.83242309093
237,2004,63239.22351074219
244,2004,163336.0997563973
245,2004,16079.720497131348
247,2004,399936.09486887977
248,2004,2449.5830993652344
249,2004,4783.853904724121
250,2004,110151.2841438835
1,2005,4349.59527951479
2,2005,3586.187380246818
3,2005,3610.922161102295
4,2005,0
5,2005,381807.04968125746
6,2005,304793.22512933775
7,2005,903891.9572869968
8,2005,66548.23784255981
9,2005,392664.2615685463
10,2005,19089.816665649414
11,2005,451714.59737336636
12,2005,0
13,2005,294439.84374569426
14,2005,24018585.393312693
15,2005,100597223.69928074
16,2005,19252569.604065705
17,2005,3179511.898158036
18,2005,1014530.3631560802
19,2005,45491.37211418152
20,2005,47725749.30470848
21,2005,19841920.877159297
24,2005,1217369.1934820712
25,2005,24450572.7780802
26,2005,566038.5498681068
28,2005,805012.0706939697
29,2005,290352.774017334
30,2005,0
31,2005,154565.18219089508
32,2005,874003.7850646973
33,2005,0
34,2005,0
35,2005,0
36,2005,0
37,2005,1357080.2330765724
38,2005,0
39,2005,2045313.5829490125
40,2005,15814724.906953
41,2005,9404821.335279083
42,2005,6937845.613909625
43,2005,2963478.9761907104
44,2005,3298326.1882152036
45,2005,1176430.542342484
46,2005,804333.6034846306
47,2005,5345706.703437626
48,2005,1984159.6270201355
49,2005,687796.5243688822
50,2005,9217076.711505137
51,2005,2440415.1601057053
52,2005,1375975.2389009595
53,2005,12609140.309080869
54,2005,3015407.748573005
55,2005,400146.82478202507
56,2005,551152.8827943802
57,2005,309608.4933014448
58,2005,2200028.9350352287
59,2005,3789573.744949341
60,2005,76089.618896484375
61,2005,8159647.735453121
62,2005,16668493.71862311
63,2005,433006.4404911157
64,2005,1029997.3739136541
65,2005,1027311.3531350046
66,2005,6657559.555464864
67,2005,3049755.0473967874
68,2005,517180.22357940674
69,2005,1610252.1274604797
70,2005,1136243.1057606498
71,2005,1073321.0080595165
72,2005,870654.906655062
73,2005,15656228.54367902
74,2005,1197825.521487561
75,2005,7215073.290811489
76,2005,36450681.659415245
77,2005,2744402.5084474515
78,2005,4596798.707397401
79,2005,7427750.020687163
80,2005,11647726.149347499
81,2005,1146123.5243359213
82,2005,2395167.136850834
84,2005,17679918.08889079
85,2005,763.4297742545605
86,2005,4548.966652929783
88,2005,293.8929806947708
89,2005,0
90,2005,0
91,2005,0
92,2005,0
93,2005,0
94,2005,0
95,2005,4378.263202837799
96,2005,2612858.182519868
97,2005,1944461.310053438
98,2005,2118800.2988653183
99,2005,3311501.437307477
100,2005,880310.3025874794
101,2005,121342.07032085376
102,2005,15058129.25278046
103,2005,239287.86301231384
104,2005,378321.03792643547
105,2005,0
106,2005,7614890.058166504
107,2005,0
108,2005,160900.65576171875
110,2005,615019.0335763178
111,2005,51748.31892024167
112,2005,11402749.226919875
113,2005,88528.6283493042
114,2005,9602081.836930513
115,2005,8601992.124425318
116,2005,4214528.628368355
117,2005,44113.3804769516
118,2005,26015.00309753418
119,2005,77269.46697998047
120,2005,108950.91653347015
121,2005,6791.960794264654
122,2005,200399.2647252679
123,2005,81959.40000534058
124,2005,332542.99893188477
125,2005,150394.9620361328
126,2005,1530743.2710075378
127,2005,165075.2071533203
129,2005,3736630.882378038
130,2005,1953352.3297038674
131,2005,2746328.644129757
132,2005,8056687.774758471
133,2005,2776938.59287986
134,2005,4915375.698353052
135,2005,21753713.926957384
136,2005,2033992.6762318052
137,2005,6294607.505366613
138,2005,15480005.16312163
139,2005,15259866.917835468
140,2005,989488.2950134277
141,2005,65379.44791699946
143,2005,347671.4824870458
144,2005,41.6084415987134
145,2005,89813.47164493192
146,2005,269.67030560970306
147,2005,426304.61602282384
148,2005,33796.87508547865
149,2005,0
150,2005,0
151,2005,87511.84405732155
152,2005,209299.15072393417
153,2005,42899.8224067688
154,2005,2088.84641957283
155,2005,183295.94437599182
156,2005,11949.928970336914
157,2005,93.70093312859535
158,2005,0
159,2005,0
161,2005,27217.491847991943
162,2005,4530826.662030618
163,2005,105820984.05046411
164,2005,267233.78292563185
166,2005,2914243.3625679016
167,2005,728235.0711094139
168,2005,440197.91720766434
169,2005,190089.64566691403
171,2005,69772246.24734364
172,2005,16702153.841480829
173,2005,2641702.5627949764
174,2005,3536683.752739633
175,2005,5874575.098863974
176,2005,8328630.136979302
177,2005,12079391.681135774
178,2005,3625809.8345463574
179,2005,17468759.93878848
180,2005,44247880.40807109
181,2005,3893137.320968425
182,2005,25733719.37660472
183,2005,8284288.102506182
184,2005,38796461.22233572
185,2005,81593.48834228516
186,2005,411783.3592131734
187,2005,1744254.9017582685
188,2005,345568.88155935146
189,2005,413078.26540213823
190,2005,865564.8887415398
191,2005,2844127.8950386494
192,2005,174261.4885520935
193,2005,1081856.133248451
194,2005,2967416.5647369623
195,2005,6222683.798887633
196,2005,21075401.045979068
197,2005,3465190.7049646378
198,2005,754940.1792605491
199,2005,141439.31485825777
200,2005,3622534.656311717
202,2005,7051299.61372716
203,2005,175251054.90657493
204,2005,28111527.844206154
205,2005,14932822.180421352
206,2005,24076065.085855696
207,2005,46064530.50438535
208,2005,5030600.207218235
209,2005,270131847.6157348
210,2005,121338256.26519111
212,2005,354600.13703344483
214,2005,18655859.616629988
215,2005,1045077.5389530659
216,2005,179743725.309014
218,2005,7795168.846924995
219,2005,11543.553652524948
220,2005,47568.6591796875
221,2005,89865.4009399414
222,2005,7291726.456942072
223,2005,4913548.895495783
224,2005,5901239.987575746
227,2005,135935.91548156738
228,2005,95446.31656336784
231,2005,1019277.0633313656
232,2005,416052.59456312656
237,2005,64753.720487594604
244,2005,162278.31538762897
245,2005,16072.456763267517
247,2005,407009.5752152428
248,2005,2424.848518371582
249,2005,4825.513031005859
250,2005,112192.9923443105
1,2006,4430.046568125486
2,2006,3653.684574827552
3,2006,3631.3859100341797
4,2006,0
5,2006,387288.8498477414
6,2006,312484.3642511518
7,2006,922731.1555150896
8,2006,66401.63496613503
9,2006,389629.3615215719
10,2006,19005.535984039307
11,2006,452091.6053291559
12,2006,0
13,2006,291107.4627696223
14,2006,24123982.995483875
15,2006,102090687.826199
16,2006,19611301.02833709
17,2006,3234008.634044376
18,2006,1023213.2504256964
19,2006,45772.023617975414
20,2006,48028167.63804996
21,2006,19943581.14226103
24,2006,1230993.8649991602
25,2006,24896370.137101673
26,2006,569250.7612872124
28,2006,825698.8006362915
29,2006,299648.70443725586
30,2006,0
31,2006,156046.13120412827
32,2006,882242.963470459
33,2006,0
34,2006,0
35,2006,0
36,2006,0
37,2006,1363245.0895380974
38,2006,0
39,2006,2070101.713878572
40,2006,15913465.752567066
41,2006,9595193.261749428
42,2006,7193004.547416262
43,2006,3042588.192271622
44,2006,3385215.211454015
45,2006,1207598.51043123
46,2006,813262.3191958964
47,2006,5510601.22290352
48,2006,2053483.851726599
49,2006,723054.9098263979
50,2006,9465008.049593281
51,2006,2612991.8197336197
52,2006,1500649.6594122648
53,2006,12863391.814858824
54,2006,3551409.6380006075
55,2006,401543.29703316255
56,2006,554904.9175796509
57,2006,309936.0194233636
58,2006,2244026.069006443
59,2006,3812453.9162216187
60,2006,76943.2841796875
61,2006,8269764.313974205
62,2006,16896479.441884257
63,2006,454117.8584898263
64,2006,1072031.4923266722
65,2006,1068653.401940167
66,2006,6856938.820313692
67,2006,3098563.259852345
68,2006,521579.9356536865
69,2006,1589624.8681785688
70,2006,1134248.5241326152
71,2006,1071899.3584222347
72,2006,861008.3909742925
73,2006,15662589.153980609
74,2006,1188198.4162363466
75,2006,7193964.559018128
76,2006,37019722.15826145
77,2006,2808146.23867066
78,2006,4679274.711653792
79,2006,7620463.152267009
80,2006,11671570.447695492
81,2006,1161646.8076509929
82,2006,2380487.050374925
84,2006,17927987.14607787
85,2006,773.6638258397579
86,2006,4509.1410274505615
88,2006,297.138858795166
89,2006,0
90,2006,0
91,2006,0
92,2006,0
93,2006,0
94,2006,0
95,2006,4358.835100517623
96,2006,2697539.323754996
97,2006,2038695.4507029057
98,2006,2190631.045208335
99,2006,3402742.0068571568
100,2006,884338.28349787
101,2006,126295.62736768785
102,2006,15249851.81191639
103,2006,245015.38348197937
104,2006,391898.7594051361
105,2006,0
106,2006,7854062.830450058
107,2006,0
108,2006,160427.3934326172
110,2006,627217.7922793302
111,2006,53190.286383735016
112,2006,11411759.315746844
113,2006,91007.71275138855
114,2006,9760285.67953229
115,2006,8739237.240494838
116,2006,4202849.922364481
117,2006,45615.36717271805
118,2006,26480.670989990234
119,2006,78159.74202346802
120,2006,110213.93877506256
121,2006,6842.008444504099
122,2006,203415.62690788507
123,2006,82098.27061462402
124,2006,333872.42109680176
125,2006,150809.5311126709
126,2006,1536666.5456466675
127,2006,165589.6233444214
129,2006,3805803.44473448
130,2006,1985244.0430866405
131,2006,2771758.0049078255
132,2006,8180802.433921266
133,2006,2823058.1637760573
134,2006,4932200.061757088
135,2006,22154909.360307183
136,2006,2078836.6927004047
137,2006,6400394.058099475
138,2006,15723093.268818894
139,2006,15495184.319577917
140,2006,989549.3644447327
141,2006,65417.43126966059
143,2006,352325.64335328096
144,2006,42.653474271297455
145,2006,89554.14073793314
146,2006,277.89384829998016
147,2006,431398.00473809964
148,2006,34401.05573159829
149,2006,0
150,2006,0
151,2006,86504.78326773643
152,2006,210725.15306949615
153,2006,42985.040486335754
154,2006,2072.4148609638214
155,2006,183890.731859684
156,2006,11801.79035949707
157,2006,89.1049684882164
158,2006,0
159,2006,0
161,2006,26955.897304534912
162,2006,4584067.705329795
163,2006,106631086.10126705
164,2006,274516.4985290654
166,2006,2927328.7883987427
167,2006,729661.6714764633
168,2006,444830.17583227326
169,2006,193013.3605107139
171,2006,70604083.5420459
172,2006,16914001.121106856
173,2006,2654449.4436631617
174,2006,3563550.726151659
175,2006,5901303.769490063
176,2006,8317018.487179368
177,2006,12134860.695188105
178,2006,3634291.842026338
179,2006,17593495.608139426
180,2006,44606684.35780839
181,2006,3965482.5867186696
182,2006,26081145.24061536
183,2006,8313930.68951163
184,2006,38867082.38305155
185,2006,82813.98846435547
186,2006,415216.5294058919
187,2006,1742756.020756632
188,2006,348080.3894513916
189,2006,408629.9930304587
190,2006,1057608.0547268149
191,2006,2921006.740940716
192,2006,179916.2290534973
193,2006,1108643.1738023341
194,2006,3062829.980231762
195,2006,6354931.673389159
196,2006,21680567.79027225
197,2006,3600775.3127393723
198,2006,766515.5325169351
199,2006,141520.7801682949
200,2006,4168774.300867075
202,2006,7383960.726275817
203,2006,177091084.30484855
204,2006,28367513.72898233
205,2006,15166549.987856865
206,2006,24539096.473828487
207,2006,46423787.667281926
208,2006,5159672.291424838
209,2006,273907585.60246986
210,2006,121415635.39451383
212,2006,365378.97754721204
214,2006,19008517.32104519
215,2006,1073830.044914484
216,2006,182226195.1129505
218,2006,7866116.091489256
219,2006,11551.536974668503
220,2006,47766.85321044922
221,2006,91715.45007324219
222,2006,7365183.773563612
223,2006,4974563.957902972
224,2006,5967694.942022091
227,2006,137307.63873291016
228,2006,95629.73623204231
231,2006,1034993.0614011884
232,2006,416852.7106324434
237,2006,65261.537242889404
244,2006,166455.96131321043
245,2006,17515.208673477173
247,2006,414091.87474377453
248,2006,2609.9299087524414
249,2006,5325.059547424316
250,2006,112529.91968392301
1,2007,4510.497813791037
2,2007,3721.1817518398166
3,2007,3651.849540710449
4,2007,0
5,2007,392770.6529848464
6,2007,320175.5042218248
7,2007,941570.3591785897
8,2007,66255.03171443939
9,2007,386594.462931782
10,2007,18921.254665374756
11,2007,452468.621055603
12,2007,0
13,2007,287775.08342583815
14,2007,24229380.525588274
15,2007,103584152.00442234
16,2007,19970032.437984105
17,2007,3288505.3990674284
18,2007,1031896.1393895149
19,2007,46052.67595735192
20,2007,48330586.12746513
21,2007,20045241.159329772
24,2007,1244618.5305375159
25,2007,25342167.40066045
26,2007,572462.9663805962
28,2007,846385.5305328369
29,2007,308944.6341705322
30,2007,0
31,2007,157527.0826201439
32,2007,890482.1390647888
33,2007,0
34,2007,0
35,2007,0
36,2007,0
37,2007,1369409.934208393
38,2007,0
39,2007,2094889.8594956398
40,2007,16012206.57128574
41,2007,9785565.160546282
42,2007,7448163.481990039
43,2007,3121697.413210066
44,2007,3472104.254006665
45,2007,1238766.4043892622
46,2007,822191.0361931324
47,2007,5675495.696174353
48,2007,2122808.071465306
49,2007,758313.2891438007
50,2007,9712939.314596768
51,2007,2785568.475206375
52,2007,1625324.1234390736
53,2007,13117643.035448432
54,2007,4087411.536486864
55,2007,402939.7678928984
56,2007,558656.950966835
57,2007,310263.54318466905
58,2007,2288023.1693758965
59,2007,3835334.1177330017
60,2007,77796.94775390625
61,2007,8379880.892113101
62,2007,17124465.133481327
63,2007,475229.2900843825
64,2007,1114065.6256733052
65,2007,1109995.4542284012
66,2007,7056318.147986144
67,2007,3147371.564122786
68,2007,525979.6484298706
69,2007,1568997.576899968
70,2007,1132253.9482426625
71,2007,1070477.7124380097
72,2007,851361.8718944751
73,2007,15668949.93713545
74,2007,1178571.320195361
75,2007,7172855.826610514
76,2007,37588762.73100206
77,2007,2871890.01117214
78,2007,4761750.717229194
79,2007,7813176.265272707
80,2007,11695414.74480404
81,2007,1177170.097398926
82,2007,2365806.9517589808
84,2007,18176056.213921547
85,2007,783.8978785872459
86,2007,4469.315434277058
88,2007,300.38472080230713
89,2007,0
90,2007,0
91,2007,0
92,2007,0
93,2007,0
94,2007,0
95,2007,4339.406895420742
96,2007,2782220.4288256615
97,2007,2132929.5799942613
98,2007,2262461.7787433267
99,2007,3493982.5451130867
100,2007,888366.2278932929
101,2007,131249.1852372671
102,2007,15441574.381679917
103,2007,250742.90237998962
104,2007,405476.48226320744
105,2007,0
106,2007,8093235.637084961
107,2007,0
108,2007,159954.1309814453
110,2007,639416.5656053714
111,2007,54632.2538846191
112,2007,11420769.454400852
113,2007,93486.79702091217
114,2007,9918489.520522833
115,2007,8876482.379545081
116,2007,4191171.2247343287
117,2007,47117.35555410385
118,2007,26946.336853027344
119,2007,79050.01598739624
120,2007,111476.96384525299
121,2007,6892.05605054296
122,2007,206431.98742443323
123,2007,82237.14101409912
124,2007,335201.837310791
125,2007,151224.09817504883
126,2007,1542589.8398780823
127,2007,166104.04175949097
129,2007,3874976.0039726943
130,2007,2017135.7646255177
131,2007,2797187.3462765743
132,2007,8304917.124697143
133,2007,2869177.7049232367
134,2007,4949024.408175468
135,2007,22556104.81796133
136,2007,2123680.7158097997
137,2007,6506180.317108193
138,2007,15966181.445147881
139,2007,15730501.454331191
140,2007,989610.4290008545
141,2007,65455.41447085142
143,2007,356979.8073596545
144,2007,43.6985085606575
145,2007,89294.81047369842
146,2007,286.1173791885376
147,2007,436491.3974009317
148,2007,35005.23605651595
149,2007,0
150,2007,0
151,2007,85497.72146677971
152,2007,212151.15606451035
153,2007,43070.258202552795
154,2007,2055.983297228813
155,2007,184485.5227947235
156,2007,11653.652095794678
157,2007,84.50900200009346
158,2007,0
159,2007,0
161,2007,26694.303161621094
162,2007,4637308.74966709
163,2007,107441188.14984545
164,2007,281799.20391541254
166,2007,2940414.241706848
167,2007,731088.2804021288
168,2007,449462.436323158
169,2007,195937.07728875897
171,2007,71435920.7825444
172,2007,17125848.40545791
173,2007,2667196.324290504
174,2007,3590417.6852593734
175,2007,5928032.443121329
176,2007,8305406.924860805
177,2007,12190329.71553497
178,2007,3642773.8525399566
179,2007,17718231.28041909
180,2007,44965488.30754616
181,2007,4037827.8475494185
182,2007,26428571.03169188
183,2007,8343573.294987399
184,2007,38937703.541306354
185,2007,84034.48959350586
186,2007,418649.68644043803
187,2007,1741257.1603544652
188,2007,350591.8977984071
189,2007,404181.71639087796
190,2007,1249651.2251186743
191,2007,2997885.5870149806
192,2007,185570.97259902954
193,2007,1135430.2372700232
194,2007,3158243.4542547464
195,2007,6487179.643462434
196,2007,22285734.62441206
197,2007,3736360.140303135
198,2007,778090.868259269
199,2007,141602.24055063725
200,2007,4715014.026119426
202,2007,7716621.87259195
203,2007,178931112.74348968
204,2007,28623499.62463063
205,2007,15400277.773839474
206,2007,25002127.88838563
207,2007,46783044.909755886
208,2007,5288744.396480569
209,2007,277683323.46127254
210,2007,121493014.76006855
212,2007,376157.8193187001
214,2007,19361175.018493786
215,2007,1102582.5301139355
216,2007,184708663.71351415
218,2007,7937063.354828429
219,2007,11559.521064281464
220,2007,47965.04731750488
221,2007,93565.49258422852
222,2007,7438641.078934089
223,2007,5035579.054148757
224,2007,6034149.9275199715
227,2007,138679.36567687988
228,2007,95813.15688300133
231,2007,1050709.0572888255
232,2007,417652.83499634266
237,2007,65769.3535785675
244,2007,170633.60895886272
245,2007,18957.959747314453
247,2007,421174.1752610989
248,2007,2795.0112533569336
249,2007,5824.605987548828
250,2007,112866.8458765035
1,2008,4590.949220716953
2,2008,3788.678908675909
3,2008,3672.3132553100586
4,2008,0
5,2008,398252.44251992553
6,2008,327866.64278519957
7,2008,960409.5661956351
8,2008,66108.42469382286
9,2008,383559.56421363354
10,2008,18836.973705291748
11,2008,452845.6707330942
12,2008,0
13,2008,284442.7046545984
14,2008,24334778.081907034
15,2008,105077616.24485053
16,2008,20328763.846111223
17,2008,3343002.097963127
18,2008,1040579.0262571573
19,2008,46333.328179851174
20,2008,48633004.62948072
21,2008,20146901.45713848
24,2008,1258243.1956277788
25,2008,25787964.55867344
26,2008,575675.1712083817
28,2008,867072.3285522461
29,2008,318240.55741882324
30,2008,0
31,2008,159008.03214931488
32,2008,898721.3133335114
33,2008,0
34,2008,0
35,2008,0
36,2008,0
37,2008,1375574.7886648178
38,2008,0
39,2008,2119678.01159364
40,2008,16110947.397495545
41,2008,9975937.072651159
42,2008,7703322.417035021
43,2008,3200806.636958165
44,2008,3558993.307534881
45,2008,1269934.3265269995
46,2008,831119.736207366
47,2008,5840390.20334968
48,2008,2192132.3009356707
49,2008,793571.684720993
50,2008,9960870.713219713
51,2008,2958145.122657776
52,2008,1749998.5665242672
53,2008,13371894.365660131
54,2008,4623413.374320269
55,2008,404336.2389336552
56,2008,562408.985622406
57,2008,310591.070516223
58,2008,2332020.2458028793
59,2008,3858214.297519684
60,2008,78650.615478515625
61,2008,8489997.486012094
62,2008,17352450.838742025
63,2008,496340.71624686103
64,2008,1156099.7540649027
65,2008,1151337.526857555
66,2008,7255697.364988238
67,2008,3196179.9116440653
68,2008,530379.3600006104
69,2008,1548370.329983063
70,2008,1130259.3813294885
71,2008,1069056.0726663694
72,2008,841715.3563992716
73,2008,15675310.507391285
74,2008,1168944.2226190781
75,2008,7151747.168589955
76,2008,38157803.23856872
77,2008,2935633.771721117
78,2008,4844226.742931092
79,2008,8005889.374679133
80,2008,11719259.04171654
81,2008,1192693.4163385965
82,2008,2351126.8619035482
84,2008,18424125.257193565
85,2008,794.131955742836
86,2008,4429.489806830883
88,2008,303.6305787563324
89,2008,0
90,2008,0
91,2008,0
92,2008,0
93,2008,0
94,2008,0
95,2008,4319.978566749682
96,2008,2866901.5908411443
97,2008,2227163.7823897004
98,2008,2334292.5539750457
99,2008,3585223.1246774197
100,2008,892394.196428597
101,2008,136202.74257528307
102,2008,15633296.94319828
103,2008,256470.41965293884
104,2008,419054.206146121
105,2008,0
106,2008,8332408.520549774
107,2008,0
108,2008,159480.8678894043
110,2008,651615.3388657325
111,2008,56074.222070654854
112,2008,11429779.67757146
113,2008,95965.88233470917
114,2008,10076693.347292066
115,2008,9013727.343267238
116,2008,4179492.5268028695
117,2008,48619.33976602554
118,2008,27412.002044677734
119,2008,79940.2907295227
120,2008,112739.98461341858
121,2008,6942.103753013784
122,2008,209448.3503987193
123,2008,82376.01191329956
124,2008,336531.2587890625
125,2008,151638.66729736328
126,2008,1548513.1197662354
127,2008,166618.45811080933
129,2008,3944148.5643107146
130,2008,2049027.4901101664
131,2008,2822616.7038685214
132,2008,8429031.837724147
133,2008,2915297.2412741752
134,2008,4965848.749311447
135,2008,22957300.244762886
136,2008,2168524.7281019315
137,2008,6611966.730858277
138,2008,16209269.517281218
139,2008,15965818.671462428
140,2008,989671.4978961945
141,2008,65493.39749842882
143,2008,361633.96981598233
144,2008,44.74354039132595
145,2008,89035.47981545594
146,2008,294.3409252166748
147,2008,441584.78912290395
148,2008,35609.416654482484
149,2008,0
150,2008,0
151,2008,84490.65959143639
152,2008,213577.15740823746
153,2008,43155.47566986084
154,2008,2039.5517585277557
155,2008,185080.31574583054
156,2008,11505.51318359375
157,2008,79.91304305195808
158,2008,0
159,2008,0
161,2008,26432.708465576172
162,2008,4690549.780766772
163,2008,108251290.27018891
164,2008,289081.90847459715
166,2008,2953499.6721343994
167,2008,732514.8835509985
168,2008,454094.68795334856
169,2008,198860.80392057615
171,2008,72267758.07356115
172,2008,17337695.682754632
173,2008,2679943.2014758307
174,2008,3617284.673688339
175,2008,5954761.109848611
176,2008,8293795.317362816
177,2008,12245798.72438255
178,2008,3651255.8754305914
179,2008,17842966.955637537
180,2008,45324292.31860396
181,2008,4110173.1006665737
182,2008,26775996.88143655
183,2008,8373215.9036938185
184,2008,39008324.69775056
185,2008,85254.99147033691
186,2008,422082.84911704063
187,2008,1739758.2894951701
188,2008,353103.4058154535
189,2008,399733.44404900074
190,2008,1441694.3928598948
191,2008,3074764.4728105217
192,2008,191225.71013450623
193,2008,1162217.3012908064
194,2008,3253656.87388134
195,2008,6619427.624999292
196,2008,22890901.341956243
197,2008,3871944.854979515
198,2008,789666.2008259629
199,2008,141683.69705706835
200,2008,5261253.675644701
202,2008,8049282.986300722
203,2008,180771142.43238208
204,2008,28879485.520824075
205,2008,15634005.602238655
206,2008,25465159.176842086
207,2008,47142302.14599085
208,2008,5417816.464860115
209,2008,281459061.4416349
210,2008,121570393.73561141
212,2008,386936.6576242116
214,2008,19713832.72459704
215,2008,1131335.070159793
216,2008,187191134.21771154
218,2008,8008010.592112229
219,2008,11567.505355119705
220,2008,48163.241149902344
221,2008,95415.54257202148
222,2008,7512098.401427388
223,2008,5096594.148007706
224,2008,6100604.908008466
227,2008,140051.09024047852
228,2008,95996.57730698586
231,2008,1066425.0531760454
232,2008,418452.95450925827
237,2008,66277.17078971863
244,2008,174811.25407887995
245,2008,20400.71141242981
247,2008,428256.47539640963
248,2008,2980.092483520508
249,2008,6324.15193939209
250,2008,113203.77344272425
1,2009,4671.400509774685
2,2009,3856.1759753748775
3,2009,3692.7768745422363
4,2009,0
5,2009,403734.2454746552
6,2009,335557.7832135902
7,2009,979248.7662241459
8,2009,65961.82099914551
9,2009,380524.6638650894
10,2009,18752.6925239563
11,2009,453222.67481154203
12,2009,0
13,2009,281110.325394665
14,2009,24440175.62216091
15,2009,106571080.38746592
16,2009,20687495.2633411
17,2009,3397498.8699575616
18,2009,1049261.9124953747
19,2009,46613.979803457856
20,2009,48935423.19523978
21,2009,20248561.799534976
24,2009,1271867.8634040952
25,2009,26233761.854802016
26,2009,578887.3798770905
28,2009,887759.0627059937
29,2009,327536.4862976074
30,2009,0
31,2009,160488.98260855675
32,2009,906960.491142273
33,2009,0
34,2009,0
35,2009,0
36,2009,0
37,2009,1381739.6365561485
38,2009,0
39,2009,2144466.1438239813
40,2009,16209688.243002906
41,2009,10166308.948700445
42,2009,7958481.359654171
43,2009,3279915.855570659
44,2009,3645882.320663091
45,2009,1301102.2313527465
46,2009,840048.4811145961
47,2009,6005284.699043006
48,2009,2261456.5249380916
49,2009,828830.0702160597
50,2009,10208801.967506975
51,2009,3130721.7072763443
52,2009,1874672.996975422
53,2009,13626145.802635938
54,2009,5159415.224099755
55,2009,405732.71081951447
56,2009,566161.0261993408
57,2009,310918.5950532935
58,2009,2376017.3635644913
59,2009,3881094.5005340576
60,2009,79504.27783203125
61,2009,8600114.073059559
62,2009,17580436.53591673
63,2009,517452.1299006422
64,2009,1198133.8765442409
65,2009,1192679.591922149
66,2009,7455076.705610931
67,2009,3244988.184333708
68,2009,534779.0755844116
69,2009,1527743.0356495231
70,2009,1128264.8080939502
71,2009,1067634.430503875
72,2009,832068.8519381881
73,2009,15681671.25574383
74,2009,1159317.1223287582
75,2009,7130638.388498165
76,2009,38726843.78205973
77,2009,2999377.532368321
78,2009,4926702.725184118
79,2009,8198602.465946019
80,2009,11743103.349870652
81,2009,1208216.6930834863
82,2009,2336446.758181989
84,2009,18672194.33654189
85,2009,804.3660073578358
86,2009,4389.664227485657
88,2009,306.87642097473145
89,2009,0
90,2009,0
91,2009,0
92,2009,0
93,2009,0
94,2009,0
95,2009,4300.550533292913
96,2009,2951582.686474934
97,2009,2321397.926887274
98,2009,2406123.2917044163
99,2009,3676463.6824014187
100,2009,896422.1438070536
101,2009,141156.29991725332
102,2009,15825019.516021594
103,2009,262197.9402599335
104,2009,432631.93273067474
105,2009,0
106,2009,8571581.403213501
107,2009,0
108,2009,159007.6057434082
110,2009,663814.0914554183
111,2009,57516.18928887136
112,2009,11438789.82149309
113,2009,98444.96808719635
114,2009,10234897.176785588
115,2009,9150972.464108137
116,2009,4167813.82024772
117,2009,50121.324769973755
118,2009,27877.667709350586
119,2009,80830.5665473938
120,2009,114003.00870990753
121,2009,6992.151371305139
122,2009,212464.71451979876
123,2009,82514.88348388672
124,2009,337860.67587280273
125,2009,152053.23516845703
126,2009,1554436.43258667
127,2009,167132.87482452393
129,2009,4013321.1300151534
130,2009,2080919.2085587848
131,2009,2848046.046564895
132,2009,8553146.497498976
133,2009,2961416.8064225125
134,2009,4982673.10045433
135,2009,23358495.704913456
136,2009,2213368.7555755824
137,2009,6717753.001437396
138,2009,16452357.708406506
139,2009,16201135.88332272
140,2009,989732.5567207336
141,2009,65531.3806913048
143,2009,366288.1295997581
144,2009,45.78857143223286
145,2009,88776.14940881384
146,2009,302.5644609928131
147,2009,446678.1804913017
148,2009,36213.5973360613
149,2009,0
150,2009,0
151,2009,83483.59817194939
152,2009,215003.15968370438
153,2009,43240.69361114502
154,2009,2023.1201882362366
155,2009,185675.10036849976
156,2009,11357.375366210938
157,2009,75.31707659363747
158,2009,0
159,2009,0
161,2009,26171.11394882202
162,2009,4743790.828698417
163,2009,109061392.38115096
164,2009,296364.6277431054
166,2009,2966585.1584892273
167,2009,733941.4902005083
168,2009,458726.9458491662
169,2009,201784.521132449
171,2009,73099595.34261231
172,2009,17549543.012950648
173,2009,2692690.081917152
174,2009,3644151.6462202133
175,2009,5981489.7828188315
176,2009,8282183.711600611
177,2009,12301267.685110182
178,2009,3659737.890527509
179,2009,17967702.63169358
180,2009,45683096.26216126
181,2009,4182518.368800244
182,2009,27123422.6600743
183,2009,8402858.49720458
184,2009,39078945.85347654
185,2009,86475.49101257324
186,2009,425516.01456034184
187,2009,1738259.4203811735
188,2009,355614.9151851015
189,2009,395285.16053175926
190,2009,1633737.5597839355
191,2009,3151643.3185672686
192,2009,196880.44831848145
193,2009,1189004.3620112953
194,2009,3349070.3314706087
195,2009,6751675.522086032
196,2009,23496068.214949697
197,2009,4007529.490324974
198,2009,801241.5349426935
199,2009,141765.1583892703
200,2009,5807493.410593417
202,2009,8381944.093822457
203,2009,182611171.15953505
204,2009,29135471.430520356
205,2009,15867733.381687164
206,2009,25928190.553089887
207,2009,47501559.32286292
208,2009,5546888.549583796
209,2009,285234799.27357805
210,2009,121647773.44597806
212,2009,397715.49803093215
214,2009,20066490.349890485
215,2009,1160087.559398055
216,2009,189673603.64167702
218,2009,8078957.8537293775
219,2009,11575.48961019516
220,2009,48361.435302734375
221,2009,97265.58819580078
222,2009,7585555.722531207
223,2009,5157609.221131612
224,2009,6167059.870604459
227,2009,141422.8148803711
228,2009,96179.99763917923
231,2009,1082141.0494027734
232,2009,419253.0709569454
237,2009,66784.98740577698
244,2009,178988.89995194972
245,2009,21843.463096618652
247,2009,435338.77693660185
248,2009,3165.173873901367
249,2009,6823.698707580566
250,2009,113540.70002011163
1,2010,4751.851729750633
2,2010,3923.673284739256
3,2010,3713.2405967712402
4,2010,0
5,2010,409216.04295111075
6,2010,343248.92238697765
7,2010,998087.9682998676
8,2010,65815.21826481819
9,2010,377489.7658877522
10,2010,18668.411361694336
11,2010,453599.7050472498
12,2010,0
13,2010,277777.94514245214
14,2010,24545573.20125079
15,2010,108064544.57490611
16,2010,21046226.679396465
17,2010,3451995.604211389
18,2010,1057944.8032448292
19,2010,46894.63202212006
20,2010,49237841.511631966
21,2010,20350222.098923445
24,2010,1285492.5292653441
25,2010,26679559.06093862
26,2010,582099.5894880295
28,2010,908445.8341140747
29,2010,336832.41662597656
30,2010,0
31,2010,161969.9313607216
32,2010,915199.6713924408
33,2010,0
34,2010,0
35,2010,0
36,2010,0
37,2010,1387904.492512703
38,2010,0
39,2010,2169254.266316712
40,2010,16308429.07428208
41,2010,10356680.867576286
42,2010,8213640.279853968
43,2010,3359025.0740265884
44,2010,3732771.3624645844
45,2010,1332270.2247853875
46,2010,848977.1575456858
47,2010,6170179.239066899
48,2010,2330780.758867964
49,2010,864088.4534024
50,2010,10456733.131034616
51,2010,3303298.3911828995
52,2010,1999347.4067046642
53,2010,13880397.02942285
54,2010,5695417.105231881
55,2010,407129.1819968462
56,2010,569913.061006546
57,2010,311246.12005247915
58,2010,2420014.486014366
59,2010,3903974.672111511
60,2010,80357.947265625
61,2010,8710230.652835485
62,2010,17808422.21745602
63,2010,538563.5486606611
64,2010,1240168.0100455415
65,2010,1234021.6180191487
66,2010,7654456.00067848
67,2010,3293796.414884714
68,2010,539178.7839050293
69,2010,1507115.820936568
70,2010,1126270.2221695054
71,2010,1066212.784908861
72,2010,822422.3371792529
73,2010,15688031.969450124
74,2010,1149690.022661306
75,2010,7109529.690326938
76,2010,39295884.32995221
77,2010,3063121.2709793337
78,2010,5009178.746843122
79,2010,8391315.599525183
80,2010,11766947.624503024
81,2010,1223739.9945973135
82,2010,2321766.6821927726
84,2010,18920263.36815548
85,2010,814.6000677645206
86,2010,4349.838640153408
88,2010,310.1223211288452
89,2010,0
90,2010,0
91,2010,0
92,2010,0
93,2010,0
94,2010,0
95,2010,4281.122326268634
96,2010,3036263.8040500283
97,2010,2415632.04124102
98,2010,2477954.0404850245
99,2010,3767704.2450209856
100,2010,900450.1263892055
101,2010,146109.8561399736
102,2010,16016742.088887492
103,2010,267925.45710754395
104,2010,446209.65253329277
105,2010,0
106,2010,8810754.19657898
107,2010,0
108,2010,158534.34286499023
110,2010,676012.8552480112
111,2010,58958.15680200048
112,2010,11447799.957165375
113,2010,100924.05254173279
114,2010,10393101.001473904
115,2010,9288217.594049118
116,2010,4156135.1215360546
117,2010,51623.31180334091
118,2010,28343.33335876465
119,2010,81720.83946609497
120,2010,115266.03231334686
121,2010,7042.199015668855
122,2010,215481.072815001
123,2010,82653.75249481201
124,2010,339190.09381103516
125,2010,152467.80322265625
126,2010,1560359.7161064148
127,2010,167647.29173660278
129,2010,4082493.6838662215
130,2010,2112810.921702437
131,2010,2873475.414352721
132,2010,8677261.198135221
133,2010,3007536.360621752
134,2010,4999497.440885544
135,2010,23759691.15286888
136,2010,2258212.7752265297
137,2010,6823539.563078706
138,2010,16695445.806877643
139,2010,16436453.214122072
140,2010,989793.6246814728
141,2010,65569.3642540425
143,2010,370942.29335719993
144,2010,46.833603374660015
145,2010,88516.81897129999
146,2010,310.788001537323
147,2010,451771.57035921235
148,2010,36817.77743543312
149,2010,0
150,2010,0
151,2010,82476.53714752197
152,2010,216429.16205501556
153,2010,43325.91096019745
154,2010,2006.688630580902
155,2010,186269.8932671547
156,2010,11209.236808776855
157,2010,70.72111192345619
158,2010,0
159,2010,0
161,2010,25909.519874572754
162,2010,4797031.876521486
163,2010,109871494.43601479
164,2010,303647.3347610403
166,2010,2979670.5636520386
167,2010,735368.0986382433
168,2010,463359.20339208085
169,2010,204708.2392434416
171,2010,73931432.6355059
172,2010,17761390.266013287
173,2010,2705436.960000997
174,2010,3671018.634556192
175,2010,6008218.457632475
176,2010,8270572.147812973
177,2010,12356736.71371536
178,2010,3668219.9144512415
179,2010,18092438.29696832
180,2010,46041900.22538082
181,2010,4254863.633336595
182,2010,27470848.457070783
183,2010,8432501.097149855
184,2010,39149567.01855047
185,2010,87695.98979187012
186,2010,428949.1818371117
187,2010,1736760.535395801
188,2010,358126.4226289978
189,2010,390836.87907987833
190,2010,1825780.7317505814
191,2010,3228522.1506941095
192,2010,202535.18927764893
193,2010,1215791.402796206
194,2010,3444483.7642564774
195,2010,6883923.474117644
196,2010,24101235.07815391
197,2010,4143114.1611304283
198,2010,812816.868072001
199,2010,141846.62611299753
200,2010,6353733.0965734385
202,2010,8714605.22861838
203,2010,184451200.18053764
204,2010,29391457.217593968
205,2010,16101461.178535461
206,2010,26391221.982999153
207,2010,47860816.535743475
208,2010,5675960.638992696
209,2010,289010537.48303986
210,2010,121725152.26879379
212,2010,408494.3398986077
214,2010,20419148.065940708
215,2010,1188840.0973865986
216,2010,192156073.1403761
218,2010,8149905.106643954
219,2010,11583.473192214966
220,2010,48559.628845214844
221,2010,99115.63418579102
222,2010,7659013.01308789
223,2010,5218624.310804015
224,2010,6233514.815612157
227,2010,142794.53930664062
228,2010,96363.41726207733
231,2010,1097857.0477492213
232,2010,420053.18574261665
237,2010,67292.80383682251
244,2010,183166.5463706404
245,2010,23286.214391708374
247,2010,442421.0747054629
248,2010,3350.2552337646484
249,2010,7323.244689941406
250,2010,113877.62663353188
1,2011,4828.668696522713
2,2011,3988.364461876452
3,2011,3726.137519836426
4,2011,0
5,2011,413945.6163064018
6,2011,351323.1709403589
7,2011,1016421.8956739698
8,2011,65692.69327950478
9,2011,377608.23989899457
10,2011,18699.137630462646
11,2011,454320.00179576874
12,2011,0
13,2011,280515.8733280439
14,2011,24583947.33425808
15,2011,109750587.17044815
16,2011,21389300.794653945
17,2011,3499851.1448267456
18,2011,1065103.565561533
19,2011,47139.63007962704
20,2011,49487830.404165745
21,2011,20445834.014924884
24,2011,1295993.0248961449
25,2011,27198492.799379487
26,2011,584272.6582956314
28,2011,931623.6110305786
29,2011,346129.4065093994
30,2011,0
31,2011,163134.32321739197
32,2011,921596.3599433899
33,2011,0
34,2011,0
35,2011,0
36,2011,0
37,2011,1393964.1281237602
38,2011,0
39,2011,2206493.9746882915
40,2011,16383214.10576506
41,2011,10559027.753733478
42,2011,8505186.262061719
43,2011,3444409.05129773
44,2011,3826736.6777851954
45,2011,1365916.7014774084
46,2011,858429.295860678
47,2011,6344214.295993745
48,2011,2570945.793820739
49,2011,904745.4715200663
50,2011,10700426.800279014
51,2011,3484130.8235149384
52,2011,2035457.905389309
53,2011,14165764.757956415
54,2011,5828496.2711058855
55,2011,405876.0153295921
56,2011,576976.4149074554
57,2011,309584.4215589274
58,2011,2431142.483827591
59,2011,3926520.723258972
60,2011,81041.742919921875
61,2011,8836333.854413973
62,2011,18105823.500384334
63,2011,555710.0094076544
64,2011,1289277.7826911034
65,2011,1285492.4878817052
66,2011,7911080.517264187
67,2011,3295193.525786861
68,2011,541459.4403533936
69,2011,1489049.653854899
70,2011,1126585.9300102163
71,2011,1064642.8671523035
72,2011,805082.72359062545
73,2011,15709977.73430328
74,2011,1140185.4035958946
75,2011,7098143.505199308
76,2011,40069109.179863214
77,2011,2986284.6556872614
78,2011,5359812.248514222
79,2011,8563463.731573924
80,2011,11721267.347257057
81,2011,1237106.9223251892
82,2011,2335032.4636573195
84,2011,19261030.69196415
85,2011,820.3698611557484
86,2011,4287.110567212105
88,2011,311.6083722114563
89,2011,0
90,2011,0
91,2011,0
92,2011,0
93,2011,0
94,2011,0
95,2011,4300.5438558196465
96,2011,3120728.480522603
97,2011,2496742.9624010623
98,2011,2568939.545694411
99,2011,3865613.420606494
100,2011,885796.7050698996
101,2011,153374.9470497272
102,2011,16178856.88371553
103,2011,274233.4633293152
104,2011,461778.5394375324
105,2011,0
106,2011,9063808.731590271
107,2011,0
108,2011,157671.3377380371
110,2011,686754.1273846644
111,2011,59863.36975024268
112,2011,11463999.633481905
113,2011,102508.24702262878
114,2011,10549271.991116762
115,2011,9421539.967438426
116,2011,4150254.8709516115
117,2011,52690.938477277756
118,2011,28691.654266357422
119,2011,82597.92839050293
120,2011,116501.78685283661
121,2011,7091.108973930022
122,2011,217449.16458523273
123,2011,82999.15687942505
124,2011,340300.6039733887
125,2011,153005.31044006348
126,2011,1566505.5477714539
127,2011,168055.50311279297
129,2011,4153504.04504095
130,2011,2141838.59516865
131,2011,2895812.4019586886
132,2011,8789010.089032488
133,2011,3049126.4196796045
134,2011,5015906.714812994
135,2011,24114431.93537302
136,2011,2303468.095394846
137,2011,6928696.831595588
138,2011,16969063.344133545
139,2011,16658009.232103754
140,2011,992061.2550792694
141,2011,65448.28971204162
143,2011,373255.67108586733
144,2011,48.06705182045698
145,2011,88283.05142715306
146,2011,320.2654118537903
147,2011,457925.5469569417
148,2011,37471.0213605091
149,2011,0
150,2011,0
151,2011,82489.43484258652
152,2011,218107.5250606537
153,2011,43321.82263660431
154,2011,2004.250664114952
155,2011,186579.54398059845
156,2011,11436.384532928467
157,2011,66.88614153862
158,2011,0
159,2011,0
161,2011,25749.652366638184
162,2011,4833952.917087853
163,2011,110503894.03448398
164,2011,310802.9562008949
166,2011,2990307.9802360535
167,2011,737251.6388790883
168,2011,467741.56926523545
169,2011,207590.710759038
171,2011,74695712.45999354
172,2011,17991416.448967557
173,2011,2719326.562055362
174,2011,3699977.806931877
175,2011,6031442.922705825
176,2011,8280184.909260629
177,2011,12412222.04062806
178,2011,3674800.4242732003
179,2011,18202912.891795896
180,2011,46326746.909479655
181,2011,4263403.729512155
182,2011,27440174.25013689
183,2011,8407786.067350432
184,2011,39124532.762200914
185,2011,88058.62413024902
186,2011,431988.8417862654
187,2011,1734364.1543956548
188,2011,359226.8318673958
189,2011,385633.32217121124
190,2011,1922923.5318233557
191,2011,3324088.9484637827
192,2011,210418.79036331177
193,2011,1248893.0382556254
194,2011,3564980.474377513
195,2011,7050183.311443478
196,2011,24791553.06190771
197,2011,4300330.650618076
198,2011,823923.4872157311
199,2011,142213.4598582387
200,2011,7296801.289951928
202,2011,9141820.486079559
203,2011,186045036.8497511
204,2011,29657967.99888137
205,2011,16309247.828091621
206,2011,26836785.342226226
207,2011,48268540.45144075
208,2011,5791101.1571630845
209,2011,293059096.31512314
210,2011,121594861.28470057
212,2011,419045.69576013274
214,2011,20864201.035664525
215,2011,1221072.287107706
216,2011,194706495.42194074
218,2011,8216293.876794012
219,2011,11590.984434604645
220,2011,50175.654388427734
221,2011,101492.30673217773
222,2011,7740920.874387689
223,2011,5291330.72751225
224,2011,6293306.068230529
227,2011,143985.13764953613
228,2011,96373.77762818336
231,2011,1126243.3525410295
232,2011,420120.3136430979
237,2011,68361.15653800964
244,2011,185168.80643075705
245,2011,24134.680490493774
247,2011,449153.66081277654
248,2011,3435.5902786254883
249,2011,7672.27912902832
250,2011,114376.62323780986
1,2012,4905.485737204552
2,2012,4053.0556632876396
3,2012,3739.03458404541
4,2012,0
5,2012,418675.1764208749
6,2012,359397.41780609713
7,2012,1034755.829278389
8,2012,65570.1701862812
9,2012,377726.7153123915
10,2012,18729.86382293701
11,2012,455040.3228034377
12,2012,0
13,2012,283253.8025069432
14,2012,24622321.494945526
15,2012,111436629.74392763
16,2012,21732374.91226897
17,2012,3547706.714278869
18,2012,1072262.3324644566
19,2012,47384.628436014056
20,2012,49737819.37269497
21,2012,20541445.888822377
24,2012,1306493.523674488
25,2012,27717426.370610893
26,2012,586445.6780295372
28,2012,954801.400894165
29,2012,355426.4074707031
30,2012,0
31,2012,164298.71350193024
32,2012,927993.0271663666
33,2012,0
34,2012,0
35,2012,0
36,2012,0
37,2012,1400023.770453453
38,2012,0
39,2012,2243733.6718817353
40,2012,16457999.157555453
41,2012,10761374.647548834
42,2012,8796732.236437183
43,2012,3529793.015376268
44,2012,3920702.039071128
45,2012,1399563.1081950665
46,2012,867881.3918568492
47,2012,6518249.46715188
48,2012,2811110.8709276617
49,2012,945402.4810476303
50,2012,10944120.51881618
51,2012,3664963.2675390244
52,2012,2071568.4133107662
53,2012,14451132.475295395
54,2012,5961575.623424172
55,2012,404622.8440143042
56,2012,584039.7844009399
57,2012,307922.72235460754
58,2012,2442270.499089241
59,2012,3949066.737346649
60,2012,81725.538818359375
61,2012,8962437.046737082
62,2012,18403224.78282345
63,2012,572856.489561843
64,2012,1338387.5372352442
65,2012,1336963.3402665108
66,2012,8167704.926218659
67,2012,3296590.6417617835
68,2012,543740.0973892212
69,2012,1470983.4957773685
70,2012,1126901.6445884882
71,2012,1063072.9429142922
72,2012,787743.0978319943
73,2012,15731923.631125059
74,2012,1130680.8062310433
75,2012,7086757.282773147
76,2012,40842334.020062
77,2012,2909448.011068035
78,2012,5710445.749344612
79,2012,8735611.875874951
80,2012,11675587.037530292
81,2012,1250473.8675765991
82,2012,2348298.2810823023
84,2012,19601798.026441097
85,2012,826.1395961046219
86,2012,4224.382438182831
88,2012,313.09445118904114
89,2012,0
90,2012,0
91,2012,0
92,2012,0
93,2012,0
94,2012,0
95,2012,4319.96551810182
96,2012,3205193.123135954
97,2012,2577853.806283176
98,2012,2659925.090469837
99,2012,3963522.564023137
100,2012,871143.245058775
101,2012,160640.03771054238
102,2012,16340971.707997942
103,2012,280541.4721355438
104,2012,477347.4281681776
105,2012,0
106,2012,9316863.247009277
107,2012,0
108,2012,156808.3323059082
110,2012,697495.4435992107
111,2012,60768.58214893751
112,2012,11480199.421915054
113,2012,104092.44266700745
114,2012,10705442.946770668
115,2012,9554862.378481023
116,2012,4144374.6226561638
117,2012,53758.562292099
118,2012,29039.975677490234
119,2012,83475.01699829102
120,2012,117737.53941249847
121,2012,7140.018937228699
122,2012,219417.25608032942
123,2012,83344.56037139893
124,2012,341411.1178894043
125,2012,153542.81678771973
126,2012,1572651.3813171387
127,2012,168463.7145652771
129,2012,4224514.405938104
130,2012,2170866.2658419497
131,2012,2918149.3838172373
132,2012,8900758.979307383
133,2012,3090716.4599024896
134,2012,5032315.979323864
135,2012,24469172.73867605
136,2012,2348723.42386904
137,2012,7033854.335836583
138,2012,17242680.819470175
139,2012,16879565.23220071
140,2012,994328.8871688843
141,2012,65327.214838162065
143,2012,375569.0554493305
144,2012,49.30050037801266
145,2012,88049.28369771679
146,2012,329.7428300380707
147,2012,464079.5247157102
148,2012,38124.266337908804
149,2012,0
150,2012,0
151,2012,82502.33282732964
152,2012,219785.88977766037
153,2012,43317.733984947205
154,2012,2001.8126864433289
155,2012,186889.19916248322
156,2012,11663.532272338867
157,2012,63.05117693543434
158,2012,0
159,2012,0
161,2012,25589.7845993042
162,2012,4870873.954401916
163,2012,111136293.61535202
164,2012,317958.5782564664
166,2012,3000945.371082306
167,2012,739135.1747685781
168,2012,472123.9369075628
169,2012,210473.18797133805
171,2012,75459992.2678944
172,2012,18221442.716960706
173,2012,2733216.1665607574
174,2012,3728936.934919824
175,2012,6054667.399003226
176,2012,8289797.681088337
177,2012,12467707.335297167
178,2012,3681380.9533793256
179,2012,18313387.465709493
180,2012,46611593.62584925
181,2012,4271943.816714019
182,2012,27409499.988970637
183,2012,8383071.013852818
184,2012,39099498.50000268
185,2012,88421.25874328613
186,2012,435028.49331671
187,2012,1731967.7390101254
188,2012,360327.2401074271
189,2012,380429.7710673809
190,2012,2020066.3329623677
191,2012,3419655.7443649545
192,2012,218302.40681266785
193,2012,1281994.7363089076
194,2012,3685477.228842616
195,2012,7216443.17480202
196,2012,25481871.110547006
197,2012,4457547.154942036
198,2012,835030.0631129714
199,2012,142580.29409241676
200,2012,8239869.630907506
202,2012,9569035.80073927
203,2012,187638873.26435763
204,2012,29924478.574755043
205,2012,16517034.566599846
206,2012,27282348.849901386
207,2012,48676264.479849935
208,2012,5906241.686512186
209,2012,297107655.18474257
210,2012,121464570.7234338
212,2012,429597.04343806766
214,2012,21309254.110245634
215,2012,1253304.4948387146
216,2012,197256917.82396272
218,2012,8282682.660242937
219,2012,11598.495477199554
220,2012,51791.68032836914
221,2012,103868.98098754883
222,2012,7822828.722066006
223,2012,5364037.136628306
224,2012,6353097.329695614
227,2012,145175.7336578369
228,2012,96384.13741779327
231,2012,1154629.6638211608
232,2012,420187.4240630865
237,2012,69429.50972557068
244,2012,187171.06696698815
245,2012,24983.146146774292
247,2012,455886.2486185804
248,2012,3520.9250717163086
249,2012,8021.312896728516
250,2012,114875.61941644503
1,2013,4982.302900850773
2,2013,4117.746827699244
3,2013,3751.9316902160645
4,2013,0
5,2013,423404.73946259916
6,2013,367471.66804640426
7,2013,1053089.7585559506
8,2013,65447.647943258286
9,2013,377845.18854524195
10,2013,18760.590091705322
11,2013,455760.6319261193
12,2013,0
13,2013,285991.7341567117
14,2013,24660695.628283024
15,2013,113122672.4169702
16,2013,22075449.030628648
17,2013,3595562.2655279054
18,2013,1079421.0960470438
19,2013,47629.62617842853
20,2013,49987808.452990055
21,2013,20637058.06135142
24,2013,1316994.0175204575
25,2013,28236360.003725737
26,2013,588618.74112463
28,2013,977979.1627426147
29,2013,364723.4066772461
30,2013,0
31,2013,165463.1054816246
32,2013,934389.7141399384
33,2013,0
34,2013,0
35,2013,0
36,2013,0
37,2013,1406083.4088721275
38,2013,0
39,2013,2280973.373856485
40,2013,16532784.184625741
41,2013,10963721.53279118
42,2013,9088278.24200934
43,2013,3615176.9860161673
44,2013,4014667.376355462
45,2013,1433209.6551281214
46,2013,877333.4982752204
47,2013,6692284.603680551
48,2013,3051275.896290779
49,2013,986059.5247118473
50,2013,11187814.416359413
51,2013,3845795.633451462
52,2013,2107678.882034898
53,2013,14736500.281208873
54,2013,6094654.860602975
55,2013,403369.6759177185
56,2013,591103.1462249756
57,2013,306261.0262937029
58,2013,2453398.527999878
59,2013,3971612.7742500305
60,2013,82409.328369140625
61,2013,9088540.261208292
62,2013,18700626.083625022
63,2013,590002.9527471599
64,2013,1387497.302517186
65,2013,1388434.215008065
66,2013,8424329.448610485
67,2013,3297987.8417923264
68,2013,546020.7476043701
69,2013,1452917.3630438447
70,2013,1127217.34279579
71,2013,1061503.039987743
72,2013,770403.4790878445
73,2013,15753869.48726508
74,2013,1121176.1751408111
75,2013,7075370.9481599135
76,2013,41615558.76981899
77,2013,2832611.392882265
78,2013,6061079.26457338
79,2013,8907759.934689224
80,2013,11629906.76504798
81,2013,1263840.8010393083
82,2013,2361564.0702246428
84,2013,19942565.259932995
85,2013,831.9093012809753
86,2013,4161.654309689999
88,2013,314.5805127620697
89,2013,0
90,2013,0
91,2013,0
92,2013,0
93,2013,0
94,2013,0
95,2013,4339.387034776846
96,2013,3289657.7664206624
97,2013,2658964.6963502765
98,2013,2750910.6020365357
99,2013,4061431.7697190046
100,2013,856489.8512768745
101,2013,167905.12973696843
102,2013,16503086.516938021
103,2013,286849.47772216797
104,2013,492916.32679128647
105,2013,0
106,2013,9569917.836696625
107,2013,0
108,2013,155945.3247680664
110,2013,708236.7259343672
111,2013,61673.795082839206
112,2013,11496399.157422215
113,2013,105676.63650608063
114,2013,10861613.932386875
115,2013,9688184.665510768
116,2013,4138494.3736371985
117,2013,54826.1841545105
118,2013,29388.297164916992
119,2013,84352.10446548462
120,2013,118973.29321193695
121,2013,7188.928761285322
122,2013,221385.34689939022
123,2013,83689.96399307251
124,2013,342521.6258239746
125,2013,154080.3204345703
126,2013,1578797.2229499817
127,2013,168871.92435455322
129,2013,4295524.759538453
130,2013,2199893.936744388
131,2013,2940486.377281818
132,2013,9012507.874982085
133,2013,3132306.5257839933
134,2013,5048725.274541378
135,2013,24823913.52897641
136,2013,2393978.741771918
137,2013,7139011.661082031
138,2013,17516298.25808746
139,2013,17101121.157456737
140,2013,996596.514509201
141,2013,65206.140163600445
143,2013,377882.4355194984
144,2013,50.53395093232393
145,2013,87815.51542905717
146,2013,339.2202591896057
147,2013,470233.4987969317
148,2013,38777.509580325335
149,2013,0
150,2013,0
151,2013,82515.2300825119
152,2013,221464.2536354065
153,2013,43313.64493179321
154,2013,1999.374718427658
155,2013,187198.85578155518
156,2013,11890.679443359375
157,2013,59.21620461344719
158,2013,0
159,2013,0
161,2013,25429.917224884033
162,2013,4907794.997039676
163,2013,111768693.17438999
164,2013,325114.19117938355
166,2013,3011582.8099250793
167,2013,741018.7144553666
168,2013,476506.3031812417
169,2013,213355.66718051344
171,2013,76224272.13133179
172,2013,18451468.938099016
173,2013,2747105.771330123
174,2013,3757896.186375526
175,2013,6077891.879311696
176,2013,8299410.585725311
177,2013,12523192.592096627
178,2013,3687961.484303415
179,2013,18423862.051721126
180,2013,46896440.346328154
181,2013,4280483.917584371
182,2013,27378825.732118502
183,2013,8358355.991583325
184,2013,39074464.28639563
185,2013,88783.89169311523
186,2013,438068.14956358075
187,2013,1729571.3439370245
188,2013,361427.65101762733
189,2013,375226.2105154395
190,2013,2117209.1404399946
191,2013,3515222.5270755216
192,2013,226186.02196121216
193,2013,1315096.3772052168
194,2013,3805973.9184736013
195,2013,7382703.065813627
196,2013,26172189.157107368
197,2013,4614763.667257309
198,2013,846136.6721126444
199,2013,142947.12571543455
200,2013,9182937.845294569
202,2013,9996251.072320815
203,2013,189232709.63941476
204,2013,30190989.16586548
205,2013,16724821.253863335
206,2013,27727912.265000068
207,2013,49083988.56992495
208,2013,6021382.187810318
209,2013,301156214.2102481
210,2013,121334280.26295489
212,2013,440148.40103503433
214,2013,21754307.038954202
215,2013,1285536.7198381424
216,2013,199807340.33193922
218,2013,8349071.438851558
219,2013,11606.007718086243
220,2013,53407.706146240234
221,2013,106245.65853881836
222,2013,7904736.559123865
223,2013,5436743.579604102
224,2013,6412888.622825484
227,2013,146366.3323059082
228,2013,96394.49621963501
231,2013,1183015.971678555
232,2013,420254.5372681618
237,2013,70497.86383628845
244,2013,189173.32542362064
245,2013,25831.61350440979
247,2013,462618.8353158161
248,2013,3606.259834289551
249,2013,8370.346298217773
250,2013,115374.61535032536
1,2014,5059.119902014732
2,2014,4182.438039876521
3,2014,3764.828742980957
4,2014,0
5,2014,428134.30546906963
6,2014,375545.91622232617
7,2014,1071423.6883266512
8,2014,65325.12327551842
9,2014,377963.6627922207
10,2014,18791.316276550293
11,2014,456480.9515658617
12,2014,0
13,2014,288729.66253486887
14,2014,24699069.72484517
15,2014,114808715.03287947
16,2014,22418523.174003188
17,2014,3643417.8172531375
18,2014,1086579.8636116982
19,2014,47874.62396071851
20,2014,50237797.460092545
21,2014,20732670.032214582
24,2014,1327494.5115425885
25,2014,28755293.742913485
26,2014,590791.7897047997
28,2014,1001156.9785614014
29,2014,374020.3980102539
30,2014,0
31,2014,166627.49730086327
32,2014,940786.393831253
33,2014,0
34,2014,0
35,2014,0
36,2014,0
37,2014,1412143.0489788055
38,2014,0
39,2014,2318213.062398672
40,2014,16607569.223106418
41,2014,11166068.374632386
42,2014,9379824.221428728
43,2014,3700560.9518454596
44,2014,4108632.692887783
45,2014,1466856.0619482994
46,2014,886785.6459083259
47,2014,6866319.737909615
48,2014,3291440.9219560325
49,2014,1026716.5111831427
50,2014,11431508.288977474
51,2014,4026628.0875959396
52,2014,2143789.356592655
53,2014,15021868.076735407
54,2014,6227734.021379113
55,2014,402116.5050473214
56,2014,598166.5171871185
57,2014,304599.32621260034
58,2014,2464526.5513477325
59,2014,3994158.8072776794
60,2014,83093.125
61,2014,9214643.506025748
62,2014,18998027.35524915
63,2014,607149.4133097988
64,2014,1436607.060922224
65,2014,1439905.0571124852
66,2014,8680954.11547193
67,2014,3299384.9945374327
68,2014,548301.406463623
69,2014,1434851.2056233734
70,2014,1127533.0486666993
71,2014,1059933.1230032519
72,2014,753063.8433530452
73,2014,15775815.288491411
74,2014,1111671.5734441327
75,2014,7063984.737548971
76,2014,42388783.68660593
77,2014,2755774.7599310167
78,2014,6411712.751290511
79,2014,9079908.028533906
80,2014,11584226.462031957
81,2014,1277207.7315665707
82,2014,2374829.872464597
84,2014,20283332.56863022
85,2014,837.6791030168533
86,2014,4098.926161170006
88,2014,316.0665559768677
89,2014,0
90,2014,0
91,2014,0
92,2014,0
93,2014,0
94,2014,0
95,2014,4358.808494245233
96,2014,3374122.4058555365
97,2014,2740075.546166837
98,2014,2841896.099986613
99,2014,4159340.917837143
100,2014,841836.4513636231
101,2014,175170.22229682078
102,2014,16665201.349594362
103,2014,293157.4867591858
104,2014,508485.2204978466
105,2014,0
106,2014,9822972.422866821
107,2014,0
108,2014,155082.31985473633
110,2014,718978.0422350985
111,2014,62579.00703104865
112,2014,11512598.900507554
113,2014,107260.8318195343
114,2014,11017784.929115772
115,2014,9821507.042356785
116,2014,4132614.123099829
117,2014,55893.80846333504
118,2014,29736.618576049805
119,2014,85229.19332122803
120,2014,120209.0463962555
121,2014,7237.838708364099
122,2014,223353.43852955103
123,2014,84035.36768722534
124,2014,343632.1339035034
125,2014,154617.82619476318
126,2014,1584943.0697784424
127,2014,169280.13703155518
129,2014,4366535.133179791
130,2014,2228921.6063502748
131,2014,2962823.361512156
132,2014,9124256.80193197
133,2014,3173896.577372774
134,2014,5065134.5413377285
135,2014,25178654.291555468
136,2014,2439234.0616697147
137,2014,7244169.1821369575
138,2014,17789915.721837953
139,2014,17322677.350716878
140,2014,998864.144536972
141,2014,65085.06591694057
143,2014,380195.81610820745
144,2014,51.767399467527866
145,2014,87581.74737616509
146,2014,348.6976706981659
147,2014,476387.47596799815
148,2014,39430.7543878071
149,2014,0
150,2014,0
151,2014,82528.12835383415
152,2014,223142.6181960106
153,2014,43309.55591583252
154,2014,1996.9367421865463
155,2014,187508.51229906082
156,2014,12117.827251434326
157,2014,55.38123422861099
158,2014,0
159,2014,0
161,2014,25270.050170898438
162,2014,4944716.040458522
163,2014,112401092.74821742
164,2014,332269.8131968668
166,2014,3022220.221343994
167,2014,742902.2509807784
168,2014,480888.670279607
169,2014,216238.14181562926
171,2014,76988551.90983735
172,2014,18681495.087322958
173,2014,2760995.384909415
174,2014,3786855.3545134757
175,2014,6101116.349546976
176,2014,8309023.334383174
177,2014,12578677.97252062
178,2014,3694542.0107658356
179,2014,18534336.63445156
180,2014,47181287.04271153
181,2014,4289024.009720614
182,2014,27348151.55039615
183,2014,8333640.939709283
184,2014,39049429.99428491
185,2014,89146.5246887207
186,2014,441107.8028523028
187,2014,1727174.9531760812
188,2014,362528.05993931927
189,2014,370022.662856251
190,2014,2214351.9458378516
191,2014,3610789.2827482
192,2014,234069.62372016907
193,2014,1348198.0615932844
194,2014,3926470.6675442457
195,2014,7548962.881215364
196,2014,26862507.223015502
197,2014,4771979.887956619
198,2014,857243.2602417711
199,2014,143313.96235442162
200,2014,10126006.109725192
202,2014,10423466.3745232
203,2014,190826546.3324036
204,2014,30457499.930446595
205,2014,16932608.025032997
206,2014,28173475.65574864
207,2014,49491712.521743834
208,2014,6136522.69890657
209,2014,305204773.34436715
210,2014,121203989.61943154
212,2014,450699.75026026857
214,2014,22199360.059696198
215,2014,1317768.9403512478
216,2014,202357762.67081916
218,2014,8415460.2070519
219,2014,11613.518882751465
220,2014,55023.731536865234
221,2014,108622.33612060547
222,2014,7986644.40709618
223,2014,5509450.030377308
224,2014,6472679.858268742
227,2014,147556.9309387207
228,2014,96404.8565928936
231,2014,1211402.2798395753
232,2014,420321.65449762344
237,2014,71566.21662330627
244,2014,191175.58737784624
245,2014,26680.079404830933
247,2014,469351.4250253439
248,2014,3691.5949325561523
249,2014,8719.380065917969
250,2014,115873.61165355681
1,2015,5135.937059521675
2,2015,4247.129199020565
3,2015,3777.725715637207
4,2015,0
5,2015,432863.8827254288
6,2015,383620.1643114401
7,2015,1089757.6221962739
8,2015,65202.598247766495
9,2015,378082.1372694075
10,2015,18822.042373657227
11,2015,457201.27489191294
12,2015,0
13,2015,291467.5919856987
14,2015,24737443.912662745
15,2015,116494757.5980964
16,2015,22761597.2779613
17,2015,3691273.3280652636
18,2015,1093738.6267796755
19,2015,48119.62232697755
20,2015,50487786.55554652
21,2015,20828281.945280492
24,2015,1337995.0078800619
25,2015,29274227.323326748
26,2015,592964.8236055374
28,2015,1024334.7951126099
29,2015,383317.3949890137
30,2015,0
31,2015,167791.88792157173
32,2015,947183.082195282
33,2015,0
34,2015,0
35,2015,0
36,2015,0
37,2015,1418202.6843948364
38,2015,0
39,2015,2355452.770849526
40,2015,16682354.268257678
41,2015,11368415.273823299
42,2015,9671370.207946606
43,2015,3785944.9300699197
44,2015,4202598.006346822
45,2015,1500502.5216274858
46,2015,896237.7454025745
47,2015,7040354.844014943
48,2015,3531605.978611529
49,2015,1067373.5553765297
50,2015,11675201.92165514
51,2015,4207460.474851608
52,2015,2179899.8224469423
53,2015,15307235.674855858
54,2015,6360813.348228812
55,2015,400863.3386462132
56,2015,605229.870054245
57,2015,302937.6276861983
58,2015,2475654.5707349777
59,2015,4016704.8514404297
60,2015,83776.92041015625
61,2015,9340746.706871666
62,2015,19295428.62959153
63,2015,624295.8849806564
64,2015,1485716.8292668434
65,2015,1491375.9201384038
66,2015,8937578.513454914
67,2015,3300782.097381061
68,2015,550582.0623626709
69,2015,1416785.0276250169
70,2015,1127848.7645543364
71,2015,1058363.209096916
72,2015,735724.2285974398
73,2015,15797761.167106463
74,2015,1102166.9572538696
75,2015,7052598.568188434
76,2015,43162008.52673668
77,2015,2678938.118415408
78,2015,6762346.28886861
79,2015,9252056.198483974
80,2015,11538546.178955326
81,2015,1290574.6631124828
82,2015,2388095.674842596
84,2015,20624099.860765696
85,2015,843.4488372802734
86,2015,4036.198088169098
88,2015,317.5526428222656
89,2015,0
90,2015,0
91,2015,0
92,2015,0
93,2015,0
94,2015,0
95,2015,4378.230238462809
96,2015,3458587.0652983487
97,2015,2821186.466631174
98,2015,2932881.6567001343
99,2015,4257250.102811575
100,2015,827183.032691896
101,2015,182435.3112111961
102,2015,16827316.14676302
103,2015,299465.49302482605
104,2015,524054.1015691757
105,2015,0
106,2015,10076026.983097076
107,2015,0
108,2015,154219.3134765625
110,2015,729719.3159839843
111,2015,63484.219984033145
112,2015,11528798.611942664
113,2015,108845.02766036987
114,2015,11173955.883812428
115,2015,9954829.39872187
116,2015,4126733.877424594
117,2015,56961.43460679054
118,2015,30084.939987182617
119,2015,86106.28268814087
120,2015,121444.8015050888
121,2015,7286.748675212046
122,2015,225321.5292211771
123,2015,84380.7712135315
124,2015,344742.6466064453
125,2015,155155.32958221436
126,2015,1591088.9021110535
127,2015,169688.34588623047
129,2015,4437545.486558143
130,2015,2257949.2790654544
131,2015,2985160.3485963317
132,2015,9236005.771416055
133,2015,3215486.6215280485
134,2015,5081543.812199593
135,2015,25533395.105435457
136,2015,2484489.3821290247
137,2015,7349326.279255029
138,2015,18063533.157099444
139,2015,17544233.21289133
140,2015,1001131.7760753632
141,2015,64963.991186246276
143,2015,382509.19947143726
144,2015,53.00084791332483
145,2015,87347.98001658979
146,2015,358.1750810146332
147,2015,482541.4558176382
148,2015,40083.99867291562
149,2015,0
150,2015,0
151,2015,82541.02592563629
152,2015,224820.9813566208
153,2015,43305.467401981354
154,2015,1994.498775959015
155,2015,187818.15975427628
156,2015,12344.974884033203
157,2015,51.54626387357712
158,2015,0
159,2015,0
161,2015,25110.18267059326
162,2015,4981637.072855171
163,2015,113033492.35706337
164,2015,339425.4394057039
166,2015,3032857.618911743
167,2015,744785.7908778677
168,2015,485271.03640892747
169,2015,219120.6164545235
171,2015,77752831.69159068
172,2015,18911521.32812431
173,2015,2774884.98435639
174,2015,3815814.4885350303
175,2015,6124340.823049344
176,2015,8318636.173861319
177,2015,12634163.250224248
178,2015,3701122.540044807
179,2015,18644811.20403775
180,2015,47466133.76043713
181,2015,4297564.10402379
182,2015,27317477.210568517
183,2015,8308925.928552764
184,2015,39024395.767975874
185,2015,89509.15869140625
186,2015,444147.4641931057
187,2015,1724778.5504592955
188,2015,363628.4695421577
189,2015,364819.0987406671
190,2015,2311494.7532048076
191,2015,3706356.058464162
192,2015,241953.23427772522
193,2015,1381299.722578982
194,2015,4046967.3605810404
195,2015,7715222.758128636
196,2015,27552825.34608157
197,2015,4929196.631305695
198,2015,868349.8633801243
199,2015,143680.79902106524
200,2015,11069074.351202842
202,2015,10850681.639845178
203,2015,192420383.02610084
204,2015,30724010.59849745
205,2015,17140394.68620205
206,2015,28619039.089371495
207,2015,49899436.452497244
208,2015,6251663.233981022
209,2015,309253332.03532463
210,2015,121073698.4429164
212,2015,461251.1057576095
214,2015,22644413.10558797
215,2015,1350001.1269271374
216,2015,204908184.8981681
218,2015,8481848.986687923
219,2015,11621.029774188995
220,2015,56639.75720214844
221,2015,110999.00973510742
222,2015,8068552.266426199
223,2015,5582156.4586515585
224,2015,6532471.099952601
227,2015,148747.52766418457
228,2015,96415.21689009666
231,2015,1239788.5843167305
232,2015,420388.77594172955
237,2015,72634.5697593689
244,2015,193177.84661398083
245,2015,27528.54557800293
247,2015,476084.0088179149
248,2015,3776.92960357666
249,2015,9068.4139404296875
250,2015,116372.60839356016
1,2016,5205.056013584137
2,2016,4305.635677553713
3,2016,3781.218288421631
4,2016,0
5,2016,436992.990619041
6,2016,391977.6701698606
7,2016,1107024.7845416535
8,2016,65162.94622206688
9,2016,380725.6210016608
10,2016,18855.037212371826
11,2016,457432.7289992571
12,2016,0
13,2016,294045.65398703294
14,2016,24741897.170966864
15,2016,118208562.7950744
16,2016,23070963.131387644
17,2016,3732724.0375269926
18,2016,1098669.6834710836
19,2016,48461.058590218425
20,2016,50694344.71397495
21,2016,20915405.848430693
24,2016,1337764.9701747298
25,2016,29772391.518614344
26,2016,594577.263408184
28,2016,1048749.9193878174
29,2016,392984.5428619385
30,2016,0
31,2016,168615.2250187397
32,2016,953580.842622757
33,2016,0
34,2016,0
35,2016,0
36,2016,0
37,2016,1422725.228407383
38,2016,0
39,2016,2413659.783368528
40,2016,16747354.445686074
41,2016,11569172.856375106
42,2016,10001778.350545382
43,2016,3869033.241632413
44,2016,4330073.775851063
45,2016,1541511.8274641037
46,2016,905574.420085907
47,2016,7213020.821832418
48,2016,3576290.1346645653
49,2016,1119463.3029949665
50,2016,11869611.733601682
51,2016,4300176.187618256
52,2016,2213553.2895259857
53,2016,15597660.593458205
54,2016,6473700.915800452
55,2016,399911.3989302174
56,2016,612896.5721616745
57,2016,301555.5478267008
58,2016,2492349.326034546
59,2016,4036448.1326522827
60,2016,83947.577392578125
61,2016,9464851.736182367
62,2016,19580292.652001295
63,2016,641729.0317652072
64,2016,1540843.9811782176
65,2016,1552684.4563739896
66,2016,9216138.328519613
67,2016,3345131.730332199
68,2016,552311.5999221802
69,2016,1408645.6209975854
70,2016,1129860.7855352238
71,2016,1055829.76062873
72,2016,674289.311218746
73,2016,15799545.025604822
74,2016,1106745.0246913424
75,2016,7030900.9345799275
76,2016,43624333.47254512
77,2016,2736391.4724915773
78,2016,6773743.428989594
79,2016,9433591.99669674
80,2016,11512523.698010055
81,2016,1301968.2627157993
82,2016,2409343.3077954054
84,2016,20938285.61627078
85,2016,862.6285581886768
86,2016,4034.6244609355927
88,2016,323.99116039276123
89,2016,0
90,2016,0
91,2016,0
92,2016,0
93,2016,0
94,2016,0
95,2016,4391.400133116586
96,2016,3548873.856687546
97,2016,2911587.6371255815
98,2016,3046556.822762668
99,2016,4369628.728925467
100,2016,799788.5149127245
101,2016,191133.61923227075
102,2016,16941673.970823247
103,2016,306201.2606868744
104,2016,541160.2386901379
105,2016,0
106,2016,10331139.325004578
107,2016,0
108,2016,153646.12005615234
110,2016,738599.4579177003
111,2016,64077.39803181123
112,2016,11523917.22877498
113,2016,110223.94894695282
114,2016,11325015.397534847
115,2016,10079658.972437354
116,2016,4125019.0790259056
117,2016,57894.78171944618
118,2016,30353.386184692383
119,2016,86870.3391418457
120,2016,122676.36688613892
121,2016,7321.440855889596
122,2016,227100.82106727362
123,2016,84756.59142303467
124,2016,345558.7045593262
125,2016,155812.46356201172
126,2016,1593919.1466522217
127,2016,170474.11670303345
129,2016,4507165.480052903
130,2016,2284777.464244567
131,2016,3005303.944225101
132,2016,9327835.369877126
133,2016,3257241.126313955
134,2016,5099429.193318367
135,2016,25729121.28756262
136,2016,2529785.125404425
137,2016,7451189.190614403
138,2016,18332351.373456754
139,2016,17754846.138213508
140,2016,1001971.4391212463
141,2016,65094.52111521363
143,2016,385115.7515642205
144,2016,54.24941951781511
145,2016,87318.78092921994
146,2016,369.09755778312683
147,2016,489004.13888916466
148,2016,40876.900832138956
149,2016,0
150,2016,0
151,2016,82695.84348154068
152,2016,226198.98606300354
153,2016,43376.02603816986
154,2016,1998.3801536560059
155,2016,188984.7326889038
156,2016,12556.319328308105
157,2016,48.5794483423233
158,2016,0
159,2016,0
161,2016,25084.804244995117
162,2016,5027791.191534415
163,2016,113604461.51620942
164,2016,346737.7543448312
166,2016,3042352.0771865845
167,2016,747722.2627067852
168,2016,489128.5469542126
169,2016,221277.71332986385
171,2016,78433970.18117261
172,2016,19142322.88556769
173,2016,2789766.4269943517
174,2016,3837286.810195918
175,2016,6144921.794175681
176,2016,8316321.844764199
177,2016,12685713.411083236
178,2016,3701935.361970924
179,2016,18750835.77048458
180,2016,47749546.07340575
181,2016,4326310.687947268
182,2016,27352360.334710933
183,2016,8291124.712529039
184,2016,38964676.42460442
185,2016,89796.80557250977
186,2016,446463.5820170343
187,2016,1722563.2134805769
188,2016,364444.61388449976
189,2016,363514.4835630655
190,2016,2356322.0201003514
191,2016,3820725.5959713235
192,2016,249864.89506530762
193,2016,1417131.4592859098
194,2016,4192397.692203164
195,2016,7894273.610240292
196,2016,28290225.563377276
197,2016,5106597.179973602
198,2016,877398.1247026803
199,2016,144005.9405220151
200,2016,12440828.820978053
202,2016,11378539.873225495
203,2016,193916513.62659472
204,2016,30975325.05330345
205,2016,17336130.212391853
206,2016,29035766.503744036
207,2016,50210513.62656689
208,2016,6338505.3891592715
209,2016,313184919.5289999
210,2016,120792664.97638467
212,2016,472043.6276985542
214,2016,23019128.65823005
215,2016,1383105.2922022343
216,2016,207147119.55746505
218,2016,8539121.081530675
219,2016,11667.657681703568
220,2016,57483.39663696289
221,2016,113274.77551269531
222,2016,8142233.759329236
223,2016,5647316.574253028
224,2016,6580118.888304396
227,2016,149906.22090148926
228,2016,96362.5195248127
231,2016,1269156.5291920304
232,2016,419665.7659519911
237,2016,73536.085693359375
244,2016,194428.84872177988
245,2016,27858.758533477783
247,2016,482226.5448044427
248,2016,3785.1014251708984
249,2016,9268.459930419922
250,2016,116692.1700836313
1,2017,5274.174792647362
2,2017,4364.142266206443
3,2017,3784.7107543945312
4,2017,0
5,2017,441122.0937603861
6,2017,400335.1787390825
7,2017,1124291.9545920081
8,2017,65123.29537820816
9,2017,383369.1068557054
10,2017,18888.031703948975
11,2017,457664.1953626871
12,2017,0
13,2017,296623.71370673995
14,2017,24746350.456370592
15,2017,119922367.93427768
16,2017,23380328.99080267
17,2017,3774174.732197301
18,2017,1103600.743756771
19,2017,48802.49627330899
20,2017,50900902.651531935
21,2017,21002529.443638682
24,2017,1337534.9326162338
25,2017,30270555.74663358
26,2017,596189.7073459625
28,2017,1073165.058166504
29,2017,402651.68927001953
30,2017,0
31,2017,169438.56027579308
32,2017,959978.6020183563
33,2017,0
34,2017,0
35,2017,0
36,2017,0
37,2017,1427247.770471096
38,2017,0
39,2017,2471866.811968893
40,2017,16812354.64218013
41,2017,11769930.397402469
42,2017,10332186.49217613
43,2017,3952121.5589829534
44,2017,4457549.509435043
45,2017,1582521.1120942235
46,2017,914911.0859680176
47,2017,7385686.699067175
48,2017,3620974.3312241137
49,2017,1171553.0595885515
50,2017,12064021.216427088
51,2017,4392891.905930519
52,2017,2247206.7707264423
53,2017,15888085.670450479
54,2017,6586588.486084223
55,2017,398959.4606903505
56,2017,620563.27734375
57,2017,300173.4692151472
58,2017,2509044.1145248413
59,2017,4056191.398021698
60,2017,84118.232177734375
61,2017,9588956.746003482
62,2017,19865156.67537448
63,2017,659162.1715167526
64,2017,1595971.1234783037
65,2017,1613992.9735740125
66,2017,9494698.230987638
67,2017,3389481.3012937177
68,2017,554041.1353759766
69,2017,1400506.267144695
70,2017,1131872.8107921972
71,2017,1053296.292740345
72,2017,612854.4086366408
73,2017,15801328.863732357
74,2017,1111323.08646244
75,2017,7009203.336548608
76,2017,44086658.56709486
77,2017,2793844.780516941
78,2017,6785140.623059873
79,2017,9615127.783834785
80,2017,11486501.17291331
81,2017,1313361.8702564717
82,2017,2430590.9224170446
84,2017,21252471.344352007
85,2017,881.8083388805389
86,2017,4033.050935924053
88,2017,330.4296760559082
89,2017,0
90,2017,0
91,2017,0
92,2017,0
93,2017,0
94,2017,0
95,2017,4404.570189713561
96,2017,3639160.603549719
97,2017,3001988.7788513005
98,2017,3160231.9504740834
99,2017,4482007.28930068
100,2017,772393.9954339862
101,2017,199831.92866629935
102,2017,17056031.763915166
103,2017,312937.02781295776
104,2017,558266.3855874538
105,2017,0
106,2017,10586251.673706055
107,2017,0
108,2017,153072.92514038086
110,2017,747479.5941100325
111,2017,64670.57522689458
112,2017,11519035.880869567
113,2017,111602.87071609497
114,2017,11476074.897209883
115,2017,10204488.412585046
116,2017,4123304.2912269384
117,2017,58828.134076833725
118,2017,30621.835205078125
119,2017,87634.39492797852
120,2017,123907.93451118469
121,2017,7356.13304130848
122,2017,228880.1090350151
123,2017,85132.41146850586
124,2017,346374.75843048096
125,2017,156469.59506225586
126,2017,1596749.392425537
127,2017,171259.88821029663
129,2017,4576785.474471729
130,2017,2311605.662280107
131,2017,3025447.5213285782
132,2017,9419665.130609235
133,2017,3298995.6360832346
134,2017,5117314.589064121
135,2017,25924847.46225631
136,2017,2575080.843753718
137,2017,7553052.127823423
138,2017,18601169.531040292
139,2017,17965459.193293113
140,2017,1002811.0940723419
141,2017,65225.05155996978
143,2017,387722.3144538823
144,2017,55.49799162149429
145,2017,87289.58287239843
146,2017,380.020024061203
147,2017,495466.82130217925
148,2017,41669.80455787666
149,2017,0
150,2017,0
151,2017,82850.66121709347
152,2017,227576.99266815186
153,2017,43446.584203243256
154,2017,2002.261543393135
155,2017,190151.30835151672
156,2017,12767.663963317871
157,2017,45.61262893676758
158,2017,0
159,2017,0
161,2017,25059.426387786865
162,2017,5073945.31485028
163,2017,114175430.74619198
164,2017,354050.06120603904
166,2017,3051846.5444755554
167,2017,750658.7318447342
168,2017,492986.05637968925
169,2017,223434.81122249138
171,2017,79115108.68638562
172,2017,19373124.427659083
173,2017,2804647.8665951868
174,2017,3858759.073692878
175,2017,6165502.775153413
176,2017,8314007.495173402
177,2017,12737263.582599714
178,2017,3702748.210117817
179,2017,18856860.309743598
180,2017,48032958.36297497
181,2017,4355057.276139552
182,2017,27387243.40952698
183,2017,8273323.520275919
184,2017,38904957.126997456
185,2017,90084.45281982422
186,2017,448779.68644455075
187,2017,1720347.8872779757
188,2017,365260.758849122
189,2017,362209.85075736046
190,2017,2401149.281464927
191,2017,3935095.1454467922
192,2017,257776.5609550476
193,2017,1452963.207903813
194,2017,4337828.031657219
195,2017,8073324.5252089985
196,2017,29027626.002259225
197,2017,5283997.987541199
198,2017,886446.3661857555
199,2017,144331.08077001572
200,2017,13812582.856562197
202,2017,11906398.106254876
203,2017,195412643.89878803
204,2017,31226639.452221632
205,2017,17531865.859228134
206,2017,29452493.96409799
207,2017,50521590.72632313
208,2017,6425347.54145444
209,2017,317116506.6537307
210,2017,120511631.41542347
212,2017,482836.15104131144
214,2017,23393844.19689265
215,2017,1416209.4456181526
216,2017,209386054.21409127
218,2017,8596393.190799335
219,2017,11714.285533428192
220,2017,58327.0344543457
221,2017,115550.53817749023
222,2017,8215915.269320093
223,2017,5712476.645778798
224,2017,6627766.645798893
227,2017,151064.913772583
228,2017,96309.82157611847
231,2017,1298524.4705147743
232,2017,418942.75936853886
237,2017,74437.60220909119
244,2017,195679.84831558168
245,2017,28188.97141647339
247,2017,488369.077651836
248,2017,3793.2727661132812
249,2017,9468.505828857422
250,2017,117011.73283348093
1,2018,5343.2936108112335
2,2018,4422.6487528681755
3,2018,3788.2033081054688
4,2018,0
5,2018,445251.20859846845
6,2018,408692.6857482066
7,2018,1141559.1201573499
8,2018,65083.64343559742
9,2018,386012.5910663605
10,2018,18921.026069641113
11,2018,457895.67590147257
12,2018,0
13,2018,299201.7754189088
14,2018,24750803.720095873
15,2018,121636173.19138864
16,2018,23689694.861368295
17,2018,3815625.4239269053
18,2018,1108531.7954615355
19,2018,49143.93219257146
20,2018,51107460.84368229
21,2018,21089653.047542334
24,2018,1337304.894769892
25,2018,30768719.956336234
26,2018,597802.1562438011
28,2018,1097580.1443328857
29,2018,412318.84103393555
30,2018,0
31,2018,170261.8949918747
32,2018,966376.3713130951
33,2018,0
34,2018,0
35,2018,0
36,2018,0
37,2018,1431770.3134412766
38,2018,0
39,2018,2530073.8019843996
40,2018,16877354.84355775
41,2018,11970687.951320253
42,2018,10662594.650628392
43,2018,4035209.885777725
44,2018,4585025.258919075
45,2018,1623530.3590573668
46,2018,924247.7979091704
47,2018,7558352.694354534
48,2018,3665658.550631523
49,2018,1223642.861700654
50,2018,12258430.689688548
51,2018,4485607.575163841
52,2018,2280860.232452154
53,2018,16178510.65224269
54,2018,6699476.014627218
55,2018,398007.52205517184
56,2018,628229.977060318
57,2018,298791.3908759421
58,2018,2525738.878370285
59,2018,4075934.6872558594
60,2018,84288.89453125
61,2018,9713061.751837434
62,2018,20150020.606164794
63,2018,676595.3199612186
64,2018,1651098.264987262
65,2018,1675301.5283569098
66,2018,9773258.08220017
67,2018,3433830.8518613824
68,2018,555770.672088623
69,2018,1392366.8513071537
70,2018,1133884.8342169726
71,2018,1050762.8221131414
72,2018,551419.4987890981
73,2018,15803112.870535906
74,2018,1115901.1425666856
75,2018,6987505.679030854
76,2018,44548983.74803132
77,2018,2851298.1051344536
78,2018,6796537.7790474715
79,2018,9796663.606913209
80,2018,11460478.683230156
81,2018,1324755.4726042491
82,2018,2451838.5579027534
84,2018,21566657.1519233
85,2018,900.9880872666836
86,2018,4031.4773909449577
88,2018,336.8681523799896
89,2018,0
90,2018,0
91,2018,0
92,2018,0
93,2018,0
94,2018,0
95,2018,4417.740219219273
96,2018,3729447.248542428
97,2018,3092389.8788252175
98,2018,3273907.064664364
99,2018,4594385.96059382
100,2018,744999.4707216024
101,2018,208530.238702563
102,2018,17170389.59376998
103,2018,319672.79305648804
104,2018,575372.5372283459
105,2018,0
106,2018,10841364.053749084
107,2018,0
108,2018,152499.72946166992
110,2018,756359.6880128025
111,2018,65263.75336253643
112,2018,11514154.48445262
113,2018,112981.79029941559
114,2018,11627134.406041741
115,2018,10329317.988334926
116,2018,4121589.493703857
117,2018,59761.482590675354
118,2018,30890.27993774414
119,2018,88398.45064544678
120,2018,125139.50018310547
121,2018,7390.825283956234
122,2018,230659.39794820547
123,2018,85508.23333740234
124,2018,347190.8091888428
125,2018,157126.723777771
126,2018,1599579.6504974365
127,2018,172045.65922927856
129,2018,4646405.476909049
130,2018,2338433.8612063434
131,2018,3045591.128640305
132,2018,9511494.904426709
133,2018,3340750.1617811
134,2018,5135199.9641952515
135,2018,26120573.623156145
136,2018,2620376.580982633
137,2018,7654915.214144646
138,2018,18869987.69260106
139,2018,18176072.08059849
140,2018,1003650.7596378326
141,2018,65355.58184950426
143,2018,390328.8734117236
144,2018,56.746567383408546
145,2018,87260.38405875034
146,2018,390.9425141811371
147,2018,501929.50319484575
148,2018,42462.707949798554
149,2018,0
150,2018,0
151,2018,83005.47803592682
152,2018,228954.99724769592
153,2018,43517.14203739166
154,2018,2006.142949104309
155,2018,191317.880133152
156,2018,12979.008686065674
157,2018,42.645814418792725
158,2018,0
159,2018,0
161,2018,25034.048419952393
162,2018,5120099.434188781
163,2018,114746399.84708047
164,2018,361362.3797850292
166,2018,3061341.035709381
167,2018,753595.2077198306
168,2018,496843.56762541534
169,2018,225591.90771104232
171,2018,79796247.17638701
172,2018,19603925.913755137
173,2018,2819529.3131815568
174,2018,3880231.422922167
175,2018,6186083.750296835
176,2018,8311693.220869097
177,2018,12788813.703136906
178,2018,3703561.0340893194
179,2018,18962884.854329854
180,2018,48316370.68230092
181,2018,4383803.861574085
182,2018,27422126.4633148
183,2018,8255522.31770717
184,2018,38845237.85538138
185,2018,90372.09902954102
186,2018,451095.8028534353
187,2018,1718132.5421139896
188,2018,366076.9061024536
189,2018,360905.20552024245
190,2018,2445976.5869592875
191,2018,4049464.7267920896
192,2018,265688.214509964
193,2018,1488794.944296863
194,2018,4483258.426175356
195,2018,8252375.467549935
196,2018,29765026.38158658
197,2018,5461398.689021587
198,2018,895494.5975153695
199,2018,144656.2236506641
200,2018,15184337.094866738
202,2018,12434256.293102589
203,2018,196908773.7921548
204,2018,31477953.894643843
205,2018,17727601.526111603
206,2018,29869221.47688806
207,2018,50832667.8972193
208,2018,6512189.653099125
209,2018,321048093.9064718
210,2018,120230597.76262346
212,2018,493628.6787251716
214,2018,23768559.825786352
215,2018,1449313.5212290287
216,2018,211624988.42407542
218,2018,8653665.28323153
219,2018,11760.914006233215
220,2018,59170.67269897461
221,2018,117826.30346679688
222,2018,8289596.760849069
223,2018,5777636.674001062
224,2018,6675414.425832788
227,2018,152223.60440063477
228,2018,96257.12469291687
231,2018,1327892.4094557166
232,2018,418219.7491904497
237,2018,75339.11818695068
244,2018,196930.84948913008
245,2018,28519.181299209595
247,2018,494511.6165972501
248,2018,3801.444404602051
249,2018,9668.551864624023
250,2018,117331.2957839244
1,2019,5412.412371277809
2,2019,4481.155385993421
3,2019,3791.6957664489746
4,2019,0
5,2019,449380.30747942254
6,2019,417050.1910489521
7,2019,1158826.2922265716
8,2019,65043.99167251587
9,2019,388656.0759911239
10,2019,18954.020595550537
11,2019,458127.15345698595
12,2019,0
13,2019,301779.8350031955
14,2019,24755256.961846113
15,2019,123349978.28628622
16,2019,23999060.727215096
17,2019,3857076.1273230123
18,2019,1113462.8529742956
19,2019,49485.36926358938
20,2019,51314018.91704059
21,2019,21176776.617500484
24,2019,1337074.8594858348
25,2019,31266884.20631151
26,2019,599414.6013922691
28,2019,1121995.2611846924
29,2019,421985.9903717041
30,2019,0
31,2019,171085.23076963425
32,2019,972774.1345462799
33,2019,0
34,2019,0
35,2019,0
36,2019,0
37,2019,1436292.8565039635
38,2019,0
39,2019,2588280.8211382926
40,2019,16942355.03887059
41,2019,12171445.499669194
42,2019,10993002.754974054
43,2019,4118298.2074589804
44,2019,4712501.02212479
45,2019,1664539.656817317
46,2019,933584.4608353376
47,2019,7731018.592808962
48,2019,3710342.722240746
49,2019,1275732.620179534
50,2019,12452840.477843128
51,2019,4578323.397931099
52,2019,2314513.7311935425
53,2019,16468935.405298024
54,2019,6812363.5575279
55,2019,397055.5830612346
56,2019,635896.6821336746
57,2019,297409.31152760587
58,2019,2542433.6686639786
59,2019,4095677.958343506
60,2019,84459.548828125
61,2019,9837166.757354824
62,2019,20434884.62499902
63,2019,694028.4755020903
64,2019,1706225.4177566255
65,2019,1736610.0913256705
66,2019,10051817.772782266
67,2019,3478180.447124486
68,2019,557500.2069625854
69,2019,1384227.4774002284
70,2019,1135896.8623199586
71,2019,1048229.3561480716
72,2019,489984.58316076454
73,2019,15804896.799673082
74,2019,1120479.2065469688
75,2019,6965808.088630754
76,2019,45011308.8062447
77,2019,2908751.4393468797
78,2019,6807934.974350559
79,2019,9978199.386744201
80,2019,11434456.158816084
81,2019,1336149.06482476
82,2019,2473086.173909843
84,2019,21880842.89914632
85,2019,920.1678066849709
86,2019,4029.903796315193
88,2019,343.30666613578796
89,2019,0
90,2019,0
91,2019,0
92,2019,0
93,2019,0
94,2019,0
95,2019,4430.910208318634
96,2019,3819733.983139515
97,2019,3182791.0269218385
98,2019,3387582.246679902
99,2019,4706764.554173589
100,2019,717604.9705341458
101,2019,217228.54494479712
102,2019,17284747.411886033
103,2019,326408.55861473083
104,2019,592478.700728178
105,2019,0
106,2019,11096476.488918304
107,2019,0
108,2019,151926.53475952148
110,2019,765239.7701015664
111,2019,65856.93014573026
112,2019,11509273.107574046
113,2019,114360.7115020752
114,2019,11778193.902501345
115,2019,10454147.442065867
116,2019,4119874.7087520664
117,2019,60694.83444571495
118,2019,31158.727935791016
119,2019,89162.50772857666
120,2019,126371.0677947998
121,2019,7425.517448238752
122,2019,232438.68911659718
123,2019,85884.05359649658
124,2019,348006.8648300171
125,2019,157783.85815429688
126,2019,1602409.8851470947
127,2019,172831.429977417
129,2019,4716025.468419693
130,2019,2365262.054093592
131,2019,3065734.721033212
132,2019,9603324.543351451
133,2019,3382504.658240655
134,2019,5153085.347048283
135,2019,26316299.799028322
136,2019,2665672.311059661
137,2019,7756778.147784212
138,2019,19138805.880804233
139,2019,18386684.937087655
140,2019,1004490.4191570282
141,2019,65486.1124981828
143,2019,392935.4338417059
144,2019,57.995139591395855
145,2019,87231.18624004
146,2019,401.86497926712036
147,2019,508392.19162524724
148,2019,43255.61171021871
149,2019,0
150,2019,0
151,2019,83160.29570221901
152,2019,230333.00220060349
153,2019,43587.70036935806
154,2019,2010.024344086647
155,2019,192484.45501470566
156,2019,13190.353408813477
157,2019,39.67899693548679
158,2019,0
159,2019,0
161,2019,25008.67082977295
162,2019,5166253.555763542
163,2019,115317369.06728265
164,2019,368674.6841009399
166,2019,3070835.538204193
167,2019,756531.678102886
168,2019,500701.08216189203
169,2019,227749.00695253786
171,2019,80477385.66539006
172,2019,19834727.424652133
173,2019,2834410.764187493
174,2019,3901703.6894979863
175,2019,6206664.733350225
176,2019,8309378.884096442
177,2019,12840363.873332009
178,2019,3704373.8861561716
179,2019,19068909.408053443
180,2019,48599782.979219995
181,2019,4412550.447668483
182,2019,27457009.655851133
183,2019,8237721.122726273
184,2019,38785518.536879264
185,2019,90659.74639892578
186,2019,453411.9031575024
187,2019,1715917.2185121179
188,2019,366893.0499848785
189,2019,359600.5780207813
190,2019,2490803.865587104
191,2019,4163834.265994109
192,2019,273599.8748950958
193,2019,1524626.6795434547
194,2019,4628688.764222503
195,2019,8431426.347359829
196,2019,30502426.7141404
197,2019,5638799.729247093
198,2019,904542.858829807
199,2019,144981.36403486133
200,2019,16556091.485553347
202,2019,12962114.52165975
203,2019,198404904.34799767
204,2019,31729268.260275483
205,2019,17923337.078544617
206,2019,30285948.962875716
207,2019,51143745.07551807
208,2019,6599031.808881344
209,2019,324979681.4185795
210,2019,119949564.22367574
212,2019,504421.1987431708
214,2019,24143275.425420955
215,2019,1482417.6767616272
216,2019,213863923.83912337
218,2019,8710937.383522162
219,2019,11807.541898727417
220,2019,60014.311279296875
221,2019,120102.06838989258
222,2019,8363278.275812718
223,2019,5842796.734564341
224,2019,6723062.155728658
227,2019,153382.2995300293
228,2019,96204.42720961571
231,2019,1357260.3507927656
232,2019,417496.74324941635
237,2019,76240.63430213928
244,2019,198181.84975741804
245,2019,28849.393854141235
247,2019,500654.15385870263
248,2019,3809.615692138672
249,2019,9868.597763061523
250,2019,117650.85838842811
1,2020,5481.531418323517
2,2020,4539.661824390292
3,2020,3795.188461303711
4,2020,0
5,2020,453509.42903535813
6,2020,425407.6984175353
7,2020,1176093.4538309183
8,2020,65004.338386654854
9,2020,391299.56038300693
10,2020,18987.015186309814
11,2020,458358.6258609891
12,2020,0
13,2020,304357.89565135207
14,2020,24759710.240997553
15,2020,125063783.42074972
16,2020,24308426.57958257
17,2020,3898526.8053490366
18,2020,1118393.910057187
19,2020,49826.80579496175
20,2020,51520577.06649995
21,2020,21263900.307776153
24,2020,1336844.824910462
25,2020,31765048.416560635
26,2020,601027.023024559
28,2020,1146410.4065704346
29,2020,431653.1386871338
30,2020,0
31,2020,171908.56824064255
32,2020,979171.8953227997
33,2020,0
34,2020,0
35,2020,0
36,2020,0
37,2020,1440815.3984351158
38,2020,0
39,2020,2646487.826118067
40,2020,17007355.20851099
41,2020,12372203.111619134
42,2020,11323410.917775106
43,2020,4201386.5338856485
44,2020,4839976.758441582
45,2020,1705548.9536383748
46,2020,942921.1499375403
47,2020,7903684.551193297
48,2020,3755026.891405642
49,2020,1327822.3700652122
50,2020,12647249.981617853
51,2020,4671039.030016899
52,2020,2348167.1808309555
53,2020,16759360.464988708
54,2020,6925251.137757897
55,2020,396103.6451263515
56,2020,643563.3812294006
57,2020,296027.2314202059
58,2020,2559128.4480690956
59,2020,4115421.231815338
60,2020,84630.2060546875
61,2020,9961271.77859145
62,2020,20719748.64685828
63,2020,711461.6294134797
64,2020,1761352.55342584
65,2020,1797918.6020886153
66,2020,10330377.742661178
67,2020,3522530.1427344363
68,2020,559229.7464523315
69,2020,1376088.0990000218
70,2020,1137908.8839410932
71,2020,1045695.9083753526
72,2020,428549.67437080014
73,2020,15806680.665072098
74,2020,1125057.2744339798
75,2020,6944110.464649454
76,2020,45473633.68012467
77,2020,2966204.75434231
78,2020,6819332.131730789
79,2020,10159735.168327257
80,2020,11408433.682661848
81,2020,1347542.665268288
82,2020,2494333.8228259087
84,2020,22195028.634399176
85,2020,939.3475838303566
86,2020,4028.3302236795425
88,2020,349.74518370628357
89,2020,0
90,2020,0
91,2020,0
92,2020,0
93,2020,0
94,2020,0
95,2020,4444.080166772393
96,2020,3910020.71291551
97,2020,3273192.207526326
98,2020,3501257.3905943036
99,2020,4819143.145508885
100,2020,690210.4281731248
101,2020,225926.8567681673
102,2020,17399105.237068802
103,2020,333144.3255252838
104,2020,609584.8347444534
105,2020,0
106,2020,11351588.926006317
107,2020,0
108,2020,151353.34103393555
110,2020,774119.9088866616
111,2020,66450.10789745487
112,2020,11504391.737636313
113,2020,115739.63359069824
114,2020,11929253.437345624
115,2020,10578976.967700334
116,2020,4118159.9053690135
117,2020,61628.18504714966
118,2020,31427.175216674805
119,2020,89926.56497955322
120,2020,127602.6336479187
121,2020,7460.20962472535
122,2020,234217.98086065054
123,2020,86259.87390899658
124,2020,348822.92531585693
125,2020,158440.9896774292
126,2020,1605240.1238555908
127,2020,173617.20205688477
129,2020,4785645.464460183
130,2020,2392090.2448393777
131,2020,3085878.316424531
132,2020,9695154.270339299
133,2020,3424259.165251827
134,2020,5170970.735647678
135,2020,26512025.98307742
136,2020,2710968.03646335
137,2020,7858641.065312428
138,2020,19407624.035066035
139,2020,18597297.90480295
140,2020,1005330.083436966
141,2020,65616.64227700606
143,2020,395541.98836736364
144,2020,59.24371117353439
145,2020,87201.98715284569
146,2020,412.7874562740326
147,2020,514854.87280283635
148,2020,44048.514269419014
149,2020,0
150,2020,0
151,2020,83315.11337983608
152,2020,231711.0073671341
153,2020,43658.259256362915
154,2020,2013.905732512474
155,2020,193651.01968955994
156,2020,13401.697982788086
157,2020,36.7121766358614
158,2020,0
159,2020,0
161,2020,24983.29253387451
162,2020,5212407.674048125
163,2020,115888338.23325087
164,2020,375987.00046499074
166,2020,3080330.0146713257
167,2020,759468.1463885071
168,2020,504558.5891889232
169,2020,229906.1009366476
171,2020,81158524.17020237
172,2020,20065529.01281608
173,2020,2849292.2056167764
174,2020,3923176.023738861
175,2020,6227245.706791576
176,2020,8307064.535456249
177,2020,12891914.002457753
178,2020,3705186.710314721
179,2020,19174933.96067728
180,2020,48883195.29454489
181,2020,4441297.030003429
182,2020,27491892.724501267
183,2020,8219919.91557383
184,2020,38725799.22989511
185,2020,90947.39266967773
186,2020,455728.0231259465
187,2020,1713701.8768738508
188,2020,367709.19448908954
189,2020,358295.95713198185
190,2020,2535631.1466972046
191,2020,4278203.815040335
192,2020,281511.5398616791
193,2020,1560458.4284173525
194,2020,4774119.1113379
195,2020,8610477.281058475
196,2020,31239826.97468452
197,2020,5816200.375659943
198,2020,913591.117305082
199,2020,145306.50544333458
200,2020,17927845.619785964
202,2020,13489972.733957019
203,2020,199901034.88341793
204,2020,31980582.670115173
205,2020,18119072.618618965
206,2020,30702676.348563418
207,2020,51454822.16958141
208,2020,6685873.976846504
209,2020,328911268.702829
210,2020,119668530.70445068
212,2020,515213.72138440656
214,2020,24517990.942962997
215,2020,1515521.8354933262
216,2020,216102857.62340903
218,2020,8768209.48358034
219,2020,11854.169964075089
220,2020,60857.9494934082
221,2020,122377.8344116211
222,2020,8436959.768770095
223,2020,5907956.875518081
224,2020,6770709.934655948
227,2020,154540.99362182617
228,2020,96151.72956991196
231,2020,1386628.2974277139
232,2020,416773.7310395241
237,2020,77142.15065193176
244,2020,199432.85152500123
245,2020,29179.608350753784
247,2020,506796.69256915525
248,2020,3817.7873306274414
249,2020,10068.643814086914
250,2020,117970.42078931257
