rgn_id,year,pressure_score
1,2000,0.5782765658321366
2,2000,0.3370121816350706
3,2000,0.46656335818688605
4,2000,0
5,2000,0.31059740043329687
6,2000,0.3264178213250857
7,2000,0.351622101297997
8,2000,0.5127453508834678
9,2000,0.6521051904917463
10,2000,0.7072014893256946
11,2000,0.7714912901470748
12,2000,0
13,2000,0.5910832617400812
14,2000,0.6872782952500142
15,2000,0.6147334925419735
16,2000,0.3139438207617974
17,2000,0.2775278969448168
18,2000,0.4172685656674507
19,2000,0.7262058770585966
20,2000,0.6731711921683379
21,2000,0.598291550285506
24,2000,0.41913419046344425
25,2000,0.5652049097580448
26,2000,0.4467884906565269
28,2000,0.6340505643363815
29,2000,0.6756299768222841
30,2000,0
31,2000,0.5951157662080179
32,2000,0.6058040659915764
33,2000,0
34,2000,0
35,2000,0
36,2000,0
37,2000,0.6777151629516377
38,2000,0
39,2000,0.9235015714748109
40,2000,0.6073320774352602
41,2000,0.4367035697185652
42,2000,0.3552747707191521
43,2000,0.48101779788126353
44,2000,0.316533018640528
45,2000,0.319115305953855
46,2000,0.4138729005263038
47,2000,0.423212609805832
48,2000,0.3273975133972008
49,2000,0.30490248272419274
50,2000,0.4215485658051411
51,2000,0.5367618671340337
52,2000,0.7693218472030329
53,2000,0.5909348171598102
54,2000,0.4457836572644188
55,2000,0.5348149356122385
56,2000,0.5055540199517253
57,2000,0.6200225893559846
58,2000,0.5842701014564649
59,2000,0.6489805638156225
60,2000,0.9824213130500493
61,2000,0.545704704452426
62,2000,0.5514701903296961
63,2000,0.2052791759442976
64,2000,0.3488103547329398
65,2000,0.6070639052373787
66,2000,0.5763420842853202
67,2000,0.37232886468761245
68,2000,0.7709908529530385
69,2000,0.45763222987139657
70,2000,0.40655515798662134
71,2000,0.46662987653797944
72,2000,0.47527312202567595
73,2000,0.23237904558989247
74,2000,0.46081339987044645
75,2000,0.48877208806735084
76,2000,0.553354320504905
77,2000,0.594525805533995
78,2000,0.638058321986562
79,2000,0.6782708133702898
80,2000,0.49417066898707224
81,2000,0.4960214037005251
82,2000,0.5250584030712101
84,2000,0.6119585056906331
85,2000,0.23313059906494485
86,2000,0.3966504961757616
88,2000,0.09949448419639058
89,2000,0
90,2000,0
91,2000,0
92,2000,0
93,2000,0
94,2000,0
95,2000,0.03088952273551688
96,2000,0.4892886779728287
97,2000,0.4306077486058799
98,2000,0.6473050736370033
99,2000,0.6750224108215814
100,2000,0.46499568636340527
101,2000,0.09264672770516195
102,2000,0.48996891659305564
103,2000,0.5634676548116562
104,2000,0.365747789203471
105,2000,0
106,2000,0.5933371822881554
107,2000,0
108,2000,0.8047208261674307
110,2000,0.3926843906536552
111,2000,0.3819480790730819
112,2000,0.49141165650769797
113,2000,0.5840600670867233
114,2000,0.6167136451286747
115,2000,0.5645160719778873
116,2000,0.6413477732848724
117,2000,0.5638937652272232
118,2000,0.5882065229817177
119,2000,0.5867864593048722
120,2000,0.5697776503888619
121,2000,0.44726808016483177
122,2000,0.6003987191802076
123,2000,0.4895540417833211
124,2000,0.6931605917863608
125,2000,0.627915510832287
126,2000,0.5943139307800754
127,2000,0.6273096187194663
129,2000,0.40653971783697707
130,2000,0.40487206506506357
131,2000,0.43491808045644864
132,2000,0.456021948902267
133,2000,0.46331717981311044
134,2000,0.6193668511432049
135,2000,0.4060252793659653
136,2000,0.4839181421726751
137,2000,0.4951561059850807
138,2000,0.49623540916057474
139,2000,0.5049195265252738
140,2000,0.6109277776789648
141,2000,0.39739621723907725
143,2000,0.17600703065698572
144,2000,0.010268387095367279
145,2000,0.01243014270816716
146,2000,0.18723557059600826
147,2000,0.4883820105282138
148,2000,0.41679066562896344
149,2000,0
150,2000,0
151,2000,0.6305889639653113
152,2000,0.4470553917648657
153,2000,0.5313761119936596
154,2000,0.23899888915540637
155,2000,0.5730257485151725
156,2000,0.7218726594918983
157,2000,0.12452637665354187
158,2000,0
159,2000,0
161,2000,0.5299107320200487
162,2000,0.3040505072069801
163,2000,0.4742911915196045
164,2000,0.28079609393027466
166,2000,0.5819990725946607
167,2000,0.3602556043064732
168,2000,0.3402740092479247
169,2000,0.249513315518882
171,2000,0.5304864231662267
172,2000,0.45451856625396897
173,2000,0.4510110199821801
174,2000,0.4086188942692807
175,2000,0.5174652266315188
176,2000,0.5464257298274311
177,2000,0.6534753160198687
178,2000,0.5192079435543286
179,2000,0.5217849460140699
180,2000,0.5664113181820484
181,2000,0.44122923834427014
182,2000,0.559460723086574
183,2000,0.5696037992413284
184,2000,0.5637816136311429
185,2000,0.9185889512210865
186,2000,0.4386922804883222
187,2000,0.4430818557276377
188,2000,0.4357595033941525
189,2000,0.4534289020669598
190,2000,0.4221912803157473
191,2000,0.34493236831431223
192,2000,0.4014010467547102
193,2000,0.43115862198459437
194,2000,0.5220698627177829
195,2000,0.5714450748368874
196,2000,0.6504907331862827
197,2000,0.5118558338621145
198,2000,0.307885425791954
199,2000,0.40449636154690843
200,2000,0.3522465660966706
202,2000,0.5123549566103707
203,2000,0.6717270898252303
204,2000,0.7036659287930557
205,2000,0.49902999115708363
206,2000,0.5171251508899717
207,2000,0.621438644372366
208,2000,0.933271084815825
209,2000,0.6989951021566185
210,2000,0.6291698963007297
212,2000,0.7091282582144423
214,2000,0.509357144517175
215,2000,0.55290575205752035
216,2000,0.5366042020824318
218,2000,0.14414372159756805
219,2000,0.40873492699546743
220,2000,0.7469226214569882
221,2000,0.7202716419439993
222,2000,0.42781755427029383
223,2000,0.3008328576233709
224,2000,0.288983952182896
227,2000,0.7257340617334256
228,2000,0.7389039533204627
231,2000,0.43221295801295223
232,2000,0.41215313432859724
237,2000,0.44840579702528705
244,2000,0.6199448775376141
245,2000,0.42318204244468377
247,2000,0.46288114463017427
248,2000,0.5532739719900029
249,2000,0.5539513394519975
250,2000,0.6596306548388632
1,2001,0.5795313279202572
2,2001,0.3382530264300147
3,2001,0.46652529052509617
4,2001,0
5,2001,0.3123447866230628
6,2001,0.32897082507471725
7,2001,0.3540522854892598
8,2001,0.5129224002153837
9,2001,0.6513995039637093
10,2001,0.7070309980989045
11,2001,0.7713887957435402
12,2001,0
13,2001,0.5908186408116026
14,2001,0.6880123218693718
15,2001,0.6167454478297799
16,2001,0.31515392510945606
17,2001,0.27940885104568114
18,2001,0.4174658153303681
19,2001,0.7271672524202085
20,2001,0.6738093672787848
21,2001,0.5991101377881665
24,2001,0.42080265371386594
25,2001,0.5679306013110643
26,2001,0.447566729850729
28,2001,0.6367070688845997
29,2001,0.6791938270952007
30,2001,0
31,2001,0.597023572884406
32,2001,0.6073064913519013
33,2001,0
34,2001,0
35,2001,0
36,2001,0
37,2001,0.6783934357687396
38,2001,0
39,2001,0.9245566891205934
40,2001,0.6080624576339756
41,2001,0.4389296177392934
42,2001,0.3591818552899259
43,2001,0.48381612726347495
44,2001,0.3194152817472795
45,2001,0.32307052581430434
46,2001,0.41523300357671505
47,2001,0.4263792151782985
48,2001,0.32975602306638807
49,2001,0.31018285393172385
50,2001,0.4246573612613707
51,2001,0.5403525712729476
52,2001,0.7754064945912835
53,2001,0.5930348113197919
54,2001,0.4555400943622854
55,2001,0.5353865901493124
56,2001,0.507212654095398
57,2001,0.6203292669736065
58,2001,0.5866595186824383
59,2001,0.6494837058030093
60,2001,0.9837379113260641
61,2001,0.5468568573413131
62,2001,0.5527204047349991
63,2001,0.2131791128845989
64,2001,0.3532993205214784
65,2001,0.6109712248187148
66,2001,0.5792832185648231
67,2001,0.3740862362745724
68,2001,0.7716177003521348
69,2001,0.4563151372762861
70,2001,0.40583293342272614
71,2001,0.4664456473313658
72,2001,0.4746783464509414
73,2001,0.23212704550319394
74,2001,0.45969801307123015
75,2001,0.48814160357050834
76,2001,0.5551701450887926
77,2001,0.5962653804491953
78,2001,0.6428483136637205
79,2001,0.6804204387766754
80,2001,0.4943996982479611
81,2001,0.4979496299186822
82,2001,0.5253656942663643
84,2001,0.6130361799541415
85,2001,0.23153077197011993
86,2001,0.39289650795462155
88,2001,0.09826617484979876
89,2001,0
90,2001,0
91,2001,0
92,2001,0
93,2001,0
94,2001,0
95,2001,0.031047672750281256
96,2001,0.4948534846877941
97,2001,0.43386481662242526
98,2001,0.6504795283496106
99,2001,0.6779736777879211
100,2001,0.46713778375657306
101,2001,0.09490491015114368
102,2001,0.49149616102867294
103,2001,0.5659527727278003
104,2001,0.369629242862799
105,2001,0
106,2001,0.5966282204705758
107,2001,0
108,2001,0.8051458947279745
110,2001,0.39486822652166026
111,2001,0.38914636129565433
112,2001,0.49167413816679456
113,2001,0.5874550146930229
114,2001,0.6184807552018445
115,2001,0.5663202863524855
116,2001,0.641148293362311
117,2001,0.566303410593625
118,2001,0.5911214985546707
119,2001,0.5882634600369236
120,2001,0.5711287683829467
121,2001,0.44651852552724225
122,2001,0.6015729736753096
123,2001,0.48980245138249306
124,2001,0.6934781147179915
125,2001,0.6281249020979529
126,2001,0.5946864433533674
127,2001,0.6276808826473064
129,2001,0.4085301971831357
130,2001,0.4067952638211873
131,2001,0.4359643981691955
132,2001,0.45781973585820623
133,2001,0.4652451407171029
134,2001,0.6198810227009539
135,2001,0.4076994850530227
136,2001,0.48642712739009875
137,2001,0.49690751819824086
138,2001,0.49790598167825956
139,2001,0.5067106440177781
140,2001,0.611598703979109
141,2001,0.39816428951248906
143,2001,0.176863815661304
144,2001,0.010459119621218729
145,2001,0.01244364196037322
146,2001,0.18986392987291242
147,2001,0.48998340346312375
148,2001,0.4179631064052688
149,2001,0
150,2001,0
151,2001,0.6311795679989359
152,2001,0.4476876369428947
153,2001,0.5322440724473304
154,2001,0.23682733493130045
155,2001,0.5733300751974453
156,2001,0.717150874268275
157,2001,0.12096060550888262
158,2001,0
159,2001,0
161,2001,0.5295454217263608
162,2001,0.3055028873804743
163,2001,0.4751204248617073
164,2001,0.2836209922900402
166,2001,0.5825957347408997
167,2001,0.360176226390394
168,2001,0.34074127092694334
169,2001,0.25281071403614125
171,2001,0.532115638942227
172,2001,0.4558669706879806
173,2001,0.45125988775782366
174,2001,0.4092125942648183
175,2001,0.5177414640698179
176,2001,0.546331098533976
177,2001,0.6541404373147659
178,2001,0.5193859076512672
179,2001,0.5225858193125177
180,2001,0.56686246659299
181,2001,0.4430564421023281
182,2001,0.5611387061249512
183,2001,0.5701793546411864
184,2001,0.5641906926490023
185,2001,0.9195869654643929
186,2001,0.43953980081842636
187,2001,0.44303330033783317
188,2001,0.4360223394649462
189,2001,0.45283142380040703
190,2001,0.43031877346497965
191,2001,0.3480194247969466
192,2001,0.4048385774363985
193,2001,0.4335597176651323
194,2001,0.5244365369920525
195,2001,0.5734348025155244
196,2001,0.653357207994588
197,2001,0.5159634183344329
198,2001,0.30953178077757754
199,2001,0.40421148960074615
200,2001,0.36510088691883247
202,2001,0.5166142041088783
203,2001,0.6730111409730122
204,2001,0.7052080132743332
205,2001,0.5018105338178941
206,2001,0.5193472004237137
207,2001,0.6223478250316719
208,2001,0.9362920725382667
209,2001,0.7004426415087557
210,2001,0.6293903633402927
212,2001,0.711995297550123
214,2001,0.5114335457371125
215,2001,0.5550873520867066
216,2001,0.5380805073862471
218,2001,0.14474055567790836
219,2001,0.40871840544485333
220,2001,0.7474007217403138
221,2001,0.7231645179254999
222,2001,0.4284178212023082
223,2001,0.3015021039003428
224,2001,0.290274366279355
227,2001,0.7268561453210253
228,2001,0.7391869319936517
231,2001,0.435758663084912
232,2001,0.41258283491716086
237,2001,0.45110957432326604
244,2001,0.6192825898999841
245,2001,0.4231355810088162
247,2001,0.464834639279895
248,2001,0.5522564573634308
249,2001,0.5548885157971063
250,2001,0.6617055478735224
1,2002,0.5807712569378011
2,2002,0.3394793591220097
3,2002,0.46648720761779
4,2002,0
5,2002,0.31406353427464195
6,2002,0.3314631510525328
7,2002,0.3564274266535455
8,2002,0.5130991468569321
9,2002,0.6506890364347108
10,2002,0.7068602283055594
11,2002,0.7712862059146159
12,2002,0
13,2002,0.5905533502419898
14,2002,0.6887412459641084
15,2002,0.6187195283586098
16,2002,0.3163502249113626
17,2002,0.28125666236507096
18,2002,0.4176626940918416
19,2002,0.728119892805679
20,2002,0.6744436820877361
21,2002,0.5999223843176233
24,2002,0.42244498686700793
25,2002,0.5705872394064041
26,2002,0.44833923268487313
28,2002,0.639297937224259
29,2002,0.6826405338161038
30,2002,0
31,2002,0.5988972921198434
32,2002,0.6087876931059603
33,2002,0
34,2002,0
35,2002,0
36,2002,0
37,2002,0.6790673497858636
38,2002,0
39,2002,0.9256012956510197
40,2002,0.6087877860749643
41,2002,0.44110939459861587
42,2002,0.3629485871595346
43,2002,0.4865417223773884
44,2002,0.3222204446562418
45,2002,0.32688197861103463
46,2002,0.41657568903705144
47,2002,0.429452998456999
48,2002,0.3320626551472451
49,2002,0.31521004499590904
50,2002,0.4276766447937893
51,2002,0.5438243879974184
52,2002,0.7811573791352431
53,2002,0.5950935780873111
54,2002,0.4644656004421705
55,2002,0.5359551451913348
56,2002,0.5088454611949251
57,2002,0.6206350504751051
58,2002,0.588995704536853
59,2002,0.6499844451973729
60,2002,0.9850381830501732
61,2002,0.5479964890764394
62,2002,0.5539558895583038
63,2002,0.2205254002491616
64,2002,0.35760399433804296
65,2002,0.6147381750760835
66,2002,0.5821441125455438
67,2002,0.37581464086492194
68,2002,0.7722408217088268
69,2002,0.4549812941211568
70,2002,0.40510570137337165
71,2002,0.46626109263372123
72,2002,0.4740801801998427
73,2002,0.2318744379811741
74,2002,0.4585706352582686
75,2002,0.48750730689208027
76,2002,0.5569550626536448
77,2002,0.5979765696769612
78,2002,0.647429040429179
79,2002,0.6825268842721348
80,2002,0.4946282286427578
81,2002,0.4998430438256414
82,2002,0.5256720873476697
84,2002,0.6141028922686551
85,2002,0.22990616764248867
86,2002,0.3890031327552155
88,2002,0.09702330280889869
89,2002,0
90,2002,0
91,2002,0
92,2002,0
93,2002,0
94,2002,0
95,2002,0.031205584806020977
96,2002,0.5001378174965344
97,2002,0.4370237671662348
98,2002,0.653560705582382
99,2002,0.6808441576879808
100,2002,0.4692369973775884
101,2002,0.09711548910597116
102,2002,0.4930014826474431
103,2002,0.5683803638135644
104,2002,0.3733721415302266
105,2002,0
106,2002,0.5998191119680486
107,2002,0
108,2002,0.8055692478963528
110,2002,0.39700750949859254
111,2002,0.39588212423559654
112,2002,0.4919359636967003
113,2002,0.5907434998596469
114,2002,0.6202185809816201
115,2002,0.568093985242182
116,2002,0.6409484331440053
117,2002,0.5686589269234085
118,2002,0.5939576269189376
119,2002,0.5897199482608804
120,2002,0.5724626993908087
121,2002,0.4457635754394206
122,2002,0.6027342244291527
123,2002,0.490050274409473
124,2002,0.6937946786989381
125,2002,0.6283338752400796
126,2002,0.5950576391276863
127,2002,0.6280508370388066
129,2002,0.4104835988433407
130,2002,0.40868382727400165
131,2002,0.43700037874628445
132,2002,0.4595872226837166
133,2002,0.46713829553185193
134,2002,0.620392685307202
135,2002,0.40934738199251874
136,2002,0.4888774848755272
137,2002,0.4986301621135934
138,2002,0.4995503585889837
139,2002,0.5084716831578491
140,2002,0.6122653653619895
141,2002,0.39892677715487923
143,2002,0.17771365691687604
144,2002,0.010649505254489235
145,2002,0.012457139490862858
146,2002,0.19242801720641703
147,2002,0.4915607086279845
148,2002,0.41912258107054945
149,2002,0
150,2002,0
151,2002,0.6317668644834422
152,2002,0.44831609372441483
153,2002,0.5331049074047943
154,2002,0.23460985862089273
155,2002,0.5736335200165651
156,2002,0.7122064259639063
157,2002,0.1172693165287841
158,2002,0
159,2002,0
161,2002,0.5291788367491898
162,2002,0.3069354270884156
163,2002,0.4759431525663987
164,2002,0.2863717909105429
166,2002,0.5831890207677356
167,2002,0.3600967895230509
168,2002,0.3412064598339661
169,2002,0.2560075831527301
171,2002,0.5337199303073492
172,2002,0.45719825735871195
173,2002,0.451508166229598
174,2002,0.4098029512437981
175,2002,0.5180169757718891
176,2002,0.5462363808180489
177,2002,0.6548013670307069
178,2002,0.5195635707275476
179,2002,0.5233806231181728
180,2002,0.567311682426951
181,2002,0.4448523535340378
182,2002,0.5627902625422985
183,2002,0.5707517683255781
184,2002,0.5645981821382857
185,2002,0.9205755672563491
186,2002,0.440380527589824
187,2002,0.4429847234131895
188,2002,0.4362845182054432
189,2002,0.452230519710889
190,2002,0.4378614261897045
191,2002,0.3510181978238438
192,2002,0.40816700022716196
193,2002,0.43590706538073637
194,2002,0.5267509761530043
195,2002,0.5753874790613104
196,2002,0.6561474108253462
197,2002,0.5199161592031205
198,2002,0.3111526890672801
199,2002,0.40392584789784364
200,2002,0.37655023570445056
202,2002,0.5207071923498698
203,2002,0.6742796597470987
204,2002,0.7067277495714549
205,2002,0.5045192519644214
206,2002,0.5215231420083456
207,2002,0.6232491911569952
208,2002,0.9392284643771006
209,2002,0.7018704718182928
210,2002,0.6296103678214089
212,2002,0.7147860349790423
214,2002,0.513469629979859
215,2002,0.5572244914101838
216,2002,0.5395363170867088
218,2002,0.14533401234257717
219,2002,0.40870187999079377
220,2002,0.7478766509388687
221,2002,0.7259797161210095
222,2002,0.4290146715726479
223,2002,0.30216710545693204
224,2002,0.2915490945023414
227,2002,0.7279663482783044
228,2002,0.7394691488836141
231,2002,0.43918839484389677
232,2002,0.4130107827028979
237,2002,0.4537453905641858
244,2002,0.6186160930462614
245,2002,0.4230891037893809
247,2002,0.466752405884839
248,2002,0.551228983103066
249,2002,0.5558173920512482
250,2002,0.6637401815782209
1,2003,0.581996695223428
2,2003,0.3406915189229313
3,2003,0.4664491086875065
4,2003,0
5,2003,0.3157545646412654
6,2003,0.33389761689444114
7,2003,0.35874996358403466
8,2003,0.5132755984542539
9,2003,0.6499737228282604
10,2003,0.7066891805166481
11,2003,0.771183516655847
12,2003,0
13,2003,0.5902873871645093
14,2003,0.6894651383035552
15,2003,0.6206571338769539
16,2003,0.3175330315195919
17,2003,0.28307247752758347
18,2003,0.4178592048436129
19,2003,0.7290639574636677
20,2003,0.6750741834476348
21,2003,0.6007283884855323
24,2003,0.42406199592099625
25,2003,0.573178236153696
26,2003,0.4491060902378185
28,2003,0.6418263382666887
29,2003,0.685977553204714
30,2003,0
31,2003,0.6007381195945385
32,2003,0.6102482663454807
33,2003,0
34,2003,0
35,2003,0
36,2003,0
37,2003,0.6797369609099871
38,2003,0
39,2003,0.926635600268956
40,2003,0.609508131974103
41,2003,0.44324478377602994
42,2003,0.3665847014633096
43,2003,0.48919826839907504
44,2003,0.3249525224886438
45,2003,0.3305597483078819
46,2003,0.41790140372298823
47,2003,0.432439246743838
48,2003,0.33431964191059554
49,2003,0.32000722545615257
50,2003,0.43061142554369325
51,2003,0.5471849415220861
52,2003,0.7866092212530308
53,2003,0.5971127034676775
54,2003,0.47269066797089737
55,2003,0.5365206338337137
56,2003,0.510453236795917
57,2003,0.6209399451215497
58,2003,0.5912809782261872
59,2003,0.6504828049921405
60,2003,0.9863225343667253
61,2003,0.5491238696084819
62,2003,0.5551769886342516
63,2003,0.22739058149130276
64,2003,0.36173891455222107
65,2003,0.6183744940060347
66,2003,0.584929025623596
67,2003,0.3775150238365802
68,2003,0.7728602638651692
69,2003,0.4536302672653314
70,2003,0.40437339007129125
71,2003,0.4660762148848096
72,2003,0.47347858164386203
73,2003,0.23162122049807193
74,2003,0.45743100558103866
75,2003,0.48686914917651153
76,2003,0.5587101078121122
77,2003,0.5996602822999981
78,2003,0.6518180247965587
79,2003,0.6845918515744166
80,2003,0.4948562618641988
81,2003,0.5017028775850961
82,2003,0.5259775877397019
84,2003,0.6151588628050956
85,2003,0.22825599595081492
86,2003,0.3849596183713196
88,2003,0.09576553319895355
89,2003,0
90,2003,0
91,2003,0
92,2003,0
93,2003,0
94,2003,0
95,2003,0.031363259521512546
96,2003,0.5051685986507441
97,2003,0.4400903338963744
98,2003,0.6565539336451642
99,2003,0.6836381541050239
100,2003,0.4712950189396705
101,2003,0.09928043126400322
102,2003,0.4944855016162796
103,2003,0.5707530234092664
104,2003,0.3769860462108675
105,2003,0
106,2003,0.6029157718233259
107,2003,0
108,2003,0.8059909001659344
110,2003,0.39910402391147903
111,2003,0.40221123396708874
112,2003,0.4921971379599621
113,2003,0.5939319841160126
114,2003,0.621928077428994
115,2003,0.5698381823887302
116,2003,0.6407481914427088
117,2003,0.5709626910947416
118,2003,0.5967190717662177
119,2003,0.5911564846606467
120,2003,0.5737798770959507
121,2003,0.445003150948723
122,2003,0.603882759507348
123,2003,0.4902975141245457
124,2003,0.6941102886759756
125,2003,0.6285424325947736
126,2003,0.595427523696377
127,2003,0.6284194892112652
129,2003,0.41240127863461273
130,2003,0.4105389803376897
131,2003,0.43802622400376656
132,2003,0.46132541162342106
133,2003,0.4689978790571913
134,2003,0.620901864050582
135,2003,0.4109697839629587
136,2003,0.4912718924835641
137,2003,0.5003249607493016
138,2003,0.5011693484121156
139,2003,0.5102036366324174
140,2003,0.6129278154893375
141,2003,0.39968376200690847
143,2003,0.17855666731043016
144,2003,0.010839546178992408
145,2003,0.012470635329167222
146,2003,0.19493090163878457
147,2003,0.49311464158639173
148,2003,0.42026937882563403
149,2003,0
150,2003,0
151,2003,0.6323508905144939
152,2003,0.4489408065516881
153,2003,0.5339587322686844
154,2003,0.23234447871233488
155,2003,0.5739360902093179
156,2003,0.707017269162944
157,2003,0.1134433283651161
158,2003,0
159,2003,0
161,2003,0.5288109631077629
162,2003,0.30834866141509853
163,2003,0.47675947589764944
164,2003,0.2890522708969543
166,2003,0.5837789690883088
167,2003,0.36001728972677227
168,2003,0.3416695944660794
169,2003,0.25910987513339817
171,2003,0.5353000483481264
172,2003,0.45851285561316857
173,2003,0.45175585829790627
174,2003,0.4103900038392695
175,2003,0.5182917655428966
176,2003,0.5461415779677812
177,2003,0.6554581573353201
178,2003,0.5197409331484096
179,2003,0.5241694481292429
180,2003,0.5677589822706652
181,2003,0.4466180266648025
182,2003,0.5644162117086996
183,2003,0.5713210745376092
184,2003,0.5650040942691281
185,2003,0.9215549390342802
186,2003,0.44121456656382835
187,2003,0.4429361216972779
188,2003,0.4365460430746685
189,2003,0.4516261547085283
190,2003,0.4448977878963149
191,2003,0.3539335977968611
192,2003,0.41139302473929307
193,2003,0.4382030186923286
194,2003,0.5290154366536938
195,2003,0.5773044610002984
196,2003,0.6588652957964484
197,2003,0.5237253048063802
198,2003,0.3127489249680242
199,2003,0.4036394195981119
200,2003,0.3868716966981311
202,2003,0.5246464156748182
203,2003,0.6755330169541395
204,2003,0.7082257756842092
205,2003,0.5071597630127442
206,2003,0.5236548512701035
207,2003,0.6241428756301863
208,2003,0.9420848704826664
209,2003,0.703279122468696
210,2003,0.629829911700813
212,2003,0.7175044267248925
214,2003,0.5154669351504645
215,2003,0.5593189473558238
216,2003,0.5409721942083124
218,2003,0.14592412953982964
219,2003,0.40868535995490834
220,2003,0.7483504296084637
221,2003,0.7287213184190195
222,2003,0.42960814449261286
223,2003,0.3028279170985255
224,2003,0.2928085131617683
227,2003,0.7290649229506284
228,2003,0.7397506070673514
231,2003,0.44250950002495304
232,2003,0.4134369905452775
237,2003,0.45631657786558893
244,2003,0.6179453327745646
245,2003,0.4230426064631112
247,2003,0.4686357322204811
248,2003,0.5501913293709583
249,2003,0.5567381171426506
250,2003,0.6657360903161097
1,2004,0.5832079787413789
2,2004,0.34188982406961826
3,2004,0.4664109995226236
4,2004,0
5,2004,0.317418756524822
6,2004,0.33627684726119145
7,2004,0.36102217522447366
8,2004,0.5134517511122242
9,2004,0.6492534961307707
10,2004,0.706517851902222
11,2004,0.7710807235168922
12,2004,0
13,2004,0.5900207474962617
14,2004,0.690184068104554
15,2004,0.6225595874783098
16,2004,0.3187026460195875
17,2004,0.28485738598027416
18,2004,0.4180553473716498
19,2004,0.7299995991888963
20,2004,0.6757009165229795
21,2004,0.6015282440074575
24,2004,0.42565444940787717
25,2004,0.5757067573809327
26,2004,0.44986737651387215
28,2004,0.6442952107259544
29,2004,0.6892116539379707
30,2004,0
31,2004,0.6025471907240753
32,2004,0.6116887756818917
33,2004,0
34,2004,0
35,2004,0
36,2004,0
37,2004,0.6804023233101549
38,2004,0
39,2004,0.9276598020876646
40,2004,0.6102235638318209
41,2004,0.44533755756758664
42,2004,0.37009895401084775
43,2004,0.4917891781194739
44,2004,0.32761522643187035
45,2004,0.334112893471859
46,2004,0.4192105655118778
47,2004,0.43534280653993046
48,2004,0.3365290743032144
49,2004,0.3245945272909033
50,2004,0.43346630715179996
51,2004,0.55044113963997
52,2004,0.7917915846033733
53,2004,0.59909368569909
54,2004,0.48031728277285296
55,2004,0.5370830900541269
56,2004,0.5120367345024869
57,2004,0.6212439557614922
58,2004,0.5935175114293717
59,2004,0.6509788078575424
60,2004,0.9875913436646634
61,2004,0.5502392588643784
62,2004,0.5563840320638019
63,2004,0.23383381655793015
64,2004,0.3657169628930062
65,2004,0.6218889396783231
66,2004,0.5876418918713543
67,2004,0.3791882716316336
68,2004,0.773476067291602
69,2004,0.4522616083507645
70,2004,0.40363592963688927
71,2004,0.46589100904555986
72,2004,0.47287351108537706
73,2004,0.23136739032291104
74,2004,0.45627885526305867
75,2004,0.48622708513461016
76,2004,0.5604362637740117
77,2004,0.6013173904966508
78,2004,0.6560306749118463
79,2004,0.686616939949223
80,2004,0.4950838005827488
81,2004,0.5035302992384058
82,2004,0.5262822004140015
84,2004,0.6162043065602729
85,2004,0.2265794416535086
86,2004,0.3807539203907793
88,2004,0.09449248696362877
89,2004,0
90,2004,0
91,2004,0
92,2004,0
93,2004,0
94,2004,0
95,2004,0.03152069729794249
96,2004,0.509969049463128
97,2004,0.443069772810835
98,2004,0.659464090559017
99,2004,0.686359639321097
100,2004,0.47331343189100694
101,2004,0.10140158185064607
102,2004,0.49594881264041457
103,2004,0.5730731924728872
104,2004,0.3804795490851655
105,2004,0
106,2004,0.6059236078588268
107,2004,0
108,2004,0.8064108626196009
110,2004,0.4011594431539722
111,2004,0.40818000893529693
112,2004,0.49245766316015116
113,2004,0.5970263840626404
114,2004,0.6236101533152576
115,2004,0.5715538441000249
116,2004,0.6405475666163705
117,2004,0.5732169359856838
118,2004,0.5994096637220977
119,2004,0.5925736067100259
120,2004,0.575080714313086
121,2004,0.4442371746491042
122,2004,0.605018849186941
123,2004,0.4905441705841733
124,2004,0.6944249520264255
125,2004,0.6287505766636788
126,2004,0.5957961094767132
127,2004,0.6287868514525458
129,2004,0.4142845195409357
130,2004,0.412361885206334
131,2004,0.439042132901738
132,2004,0.4630352601053402
133,2004,0.4708250607553953
134,2004,0.6214085821752634
135,2004,0.41256746810222183
136,2004,0.49361284762977914
137,2004,0.5019928090570829
138,2004,0.5027637237286211
139,2004,0.5119074511547841
140,2004,0.6135861068960721
141,2004,0.400435320162651
143,2004,0.17939295442469624
144,2004,0.011029243034341994
145,2004,0.012484129444245354
146,2004,0.19737544904136398
147,2004,0.4946458840742293
148,2004,0.421403767997881
149,2004,0
150,2004,0
151,2004,0.6329316812447771
152,2004,0.4495618203101269
153,2004,0.5348056630303755
154,2004,0.23002908122825427
155,2004,0.5742377909737568
156,2004,0.7015579068389545
157,2004,0.10947245927450357
158,2004,0
159,2004,0
161,2004,0.5284417995334079
162,2004,0.30974310361958957
163,2004,0.4775694938980975
164,2004,0.29166594250348765
166,2004,0.5843656171392055
167,2004,0.3599377306747958
168,2004,0.3421306926419551
169,2004,0.2621230239017282
171,2004,0.5368567107827857
172,2004,0.45981117803449173
173,2004,0.4520029666157725
174,2004,0.410973786430658
175,2004,0.5185658372786431
176,2004,0.5460466891103752
177,2004,0.6561108599244184
178,2004,0.5199179964516352
179,2004,0.5249523839246492
180,2004,0.5682043822529579
181,2004,0.448354462602364
182,2004,0.5660173354632874
183,2004,0.5718873068681932
184,2004,0.5654084413058714
185,2004,0.9225252482455725
186,2004,0.44204202516372165
187,2004,0.44288749951665335
188,2004,0.4368069173301326
189,2004,0.45101828476889533
190,2004,0.45149157090879055
191,2004,0.35677013730046436
192,2004,0.41452276229986973
193,2004,0.4404497803903759
194,2004,0.5312320315613622
195,2004,0.5791870279567152
196,2004,0.6615145168730072
197,2004,0.5274009250260637
198,2004,0.3143212267492108
199,2004,0.403352209573474
200,2004,0.396267697381052
202,2004,0.5284430092484051
203,2004,0.676771571216318
204,2004,0.7097027042195858
205,2004,0.509735418023937
206,2004,0.5257440897718064
207,2004,0.6250290087109106
208,2004,0.9448655319702276
209,2004,0.7046691018586738
210,2004,0.6300489970339099
212,2004,0.7201541301331429
214,2004,0.5174269097671398
215,2004,0.5613723873526867
216,2004,0.5423886758835044
218,2004,0.14651094460496242
219,2004,0.40866882990325526
220,2004,0.748822078225903
221,2004,0.731393061635803
222,2004,0.4301982773574094
223,2004,0.30348459180090037
224,2004,0.29405298676867997
227,2004,0.730152105601387
228,2004,0.7400313120362424
231,2004,0.44572864965731807
232,2004,0.41386147428781395
237,2004,0.45882623071261813
244,2004,0.6172702547877802
245,2004,0.42299608797377386
247,2004,0.47048583115075104
248,2004,0.5491433182407458
249,2004,0.5576508246004711
250,2004,0.6676947204757367
1,2005,0.584405430930833
2,2005,0.3430745946355534
3,2005,0.4663728710294076
4,2005,0
5,2005,0.3190569553192296
6,2005,0.3386032938435988
7,2005,0.3632461967449774
8,2005,0.513627612710684
9,2005,0.6485282893537293
10,2005,0.7063462441572903
11,2005,0.770977829291384
12,2005,0
13,2005,0.5897534282868354
14,2005,0.6908981028561982
15,2005,0.624428142201641
16,2005,0.3198593593848166
17,2005,0.2866124221774379
18,2005,0.4182511240077921
19,2005,0.7309269665575546
20,2005,0.6763239259574542
21,2005,0.6023220466837221
24,2005,0.42722308274199466
25,2005,0.57817574520559
26,2005,0.45062318138042945
28,2005,0.6467072937253798
29,2005,0.6923489905972274
30,2005,0
31,2005,0.6043255821862658
32,2005,0.613109766412828
33,2005,0
34,2005,0
35,2005,0
36,2005,0
37,2005,0.6810634908697206
38,2005,0
39,2005,0.9286740985361965
40,2005,0.6109341477895016
41,2005,0.4473893830620837
42,2005,0.3734992489650166
43,2005,0.4943176161971601
44,2005,0.3302119903931699
45,2005,0.337549586806059
46,2005,0.42050358648080205
47,2005,0.4381681355237909
48,2005,0.3386929180634497
49,2005,0.3289895474965423
50,2005,0.43624552415261664
51,2005,0.5535992668096431
52,2005,0.7967298631757079
53,2005,0.6010379398673105
54,2005,0.48742665179100236
55,2005,0.5376425455502042
56,2005,0.5135966749790718
57,2005,0.6215470873223085
58,2005,0.5957073399981289
59,2005,0.6514724753814152
60,2005,0.9888449886288074
61,2005,0.5513429096839026
62,2005,0.5575773404251028
63,2005,0.23990398639196456
64,2005,0.3695496089046264
65,2005,0.6252894104867285
66,2005,0.5902863428120764
67,2005,0.3808352427908051
68,2005,0.7740882763698161
69,2005,0.4508748487377932
70,2005,0.402893245917596
71,2005,0.46570547417587876
72,2005,0.4722649302803084
73,2005,0.2311129446786383
74,2005,0.45511390602397056
75,2005,0.48558106475278545
76,2005,0.5621344663442212
77,2005,0.60294872084753
78,2005,0.6600806156366561
79,2005,0.6886036630100268
80,2005,0.49531084640869094
81,2005,0.5053264227250976
82,2005,0.5265859309623009
84,2005,0.6172394307850919
85,2005,0.2248756510512449
86,2005,0.37637248479569224
88,2005,0.09320379988614762
89,2005,0
90,2005,0
91,2005,0
92,2005,0
93,2005,0
94,2005,0
95,2005,0.03167789954035868
96,2005,0.5145593406395482
97,2005,0.44596689593283007
98,2005,0.6622956661075183
99,2005,0.6890122813643034
100,2005,0.4752937182212818
101,2005,0.10348067696628813
102,2005,0.49739198582865235
103,2005,0.5753431326606858
104,2005,0.3838604087971252
105,2005,0
106,2005,0.6088475739371246
107,2005,0
108,2005,0.8068291502138037
110,2005,0.40317534932597954
111,2005,0.4138272771965702
112,2005,0.4927175426630393
113,2005,0.6000320842747626
114,2005,0.6252656741029682
115,2005,0.5732418882354394
116,2005,0.640346557282844
117,2005,0.57542374387169
118,2005,0.602032941136634
119,2005,0.5939718357357765
120,2005,0.5763656131777429
121,2005,0.44346555960021156
122,2005,0.6061427643201849
123,2005,0.4907902487782756
124,2005,0.694738674797415
125,2005,0.6289583097408518
126,2005,0.5961634043921887
127,2005,0.6291529315111812
129,2005,0.4161345367158864
130,2005,0.41415364330176
131,2005,0.44004829418457603
132,2005,0.4647176763206392
133,2005,0.4726209506321773
134,2005,0.6219128636964655
135,2005,0.41414117621782587
136,2005,0.4959026861316763
137,2005,0.5036345441791849
138,2005,0.504334221130666
139,2005,0.513584024393534
140,2005,0.6142402919866307
141,2005,0.40118153129949924
143,2005,0.18022262467839562
144,2005,0.011218597985695446
145,2005,0.012497621758507075
146,2005,0.19976430420242397
147,2005,0.4961550901744915
148,2005,0.42252601955091945
149,2005,0
150,2005,0
151,2005,0.6335092739942291
152,2005,0.4501791767947023
153,2005,0.5356458085268418
154,2005,0.22766140442245145
155,2005,0.5745386254121578
156,2005,0.6957986565116336
157,2005,0.10534529895361179
158,2005,0
159,2005,0
161,2005,0.5280713281249674
162,2005,0.31111924697842835
163,2005,0.4783733031014334
164,2005,0.29421605224872027
166,2005,0.5849490020458272
167,2005,0.35985811279394436
168,2005,0.34258977188783923
169,2005,0.26505200959606295
171,2005,0.538390603860094
172,2005,0.4610936225429053
173,2005,0.45224949417414495
174,2005,0.41155434013927483
175,2005,0.5188391944423218
176,2005,0.545951715015783
177,2005,0.6567595247350293
178,2005,0.5200947609098922
179,2005,0.5257295176393311
180,2005,0.5686478985413879
181,2005,0.4500626138532503
182,2005,0.5675943805478727
183,2005,0.5724504983057799
184,2005,0.5658112353718516
185,2005,0.9234866627825975
186,2005,0.44286300454522537
187,2005,0.4428388536831828
188,2005,0.43706714473996533
189,2005,0.45040687101171345
190,2005,0.4576951713061841
191,2005,0.3595319677907465
192,2005,0.4175617896725924
193,2005,0.44264941496393756
194,2005,0.5334027454656695
195,2005,0.5810363959433142
196,2005,0.664098458569403
197,2005,0.5309520714475912
198,2005,0.3158703023260558
199,2005,0.4030642088139795
200,2005,0.40489062877750986
202,2005,0.53210694250517
203,2005,0.6779956681137258
204,2005,0.7111591211893885
205,2005,0.5122493260750581
206,2005,0.5277925176176402
207,2005,0.6259077167686641
208,2005,0.9475743632809834
209,2005,0.7060408985253838
210,2005,0.630267625682593
212,2005,0.7227385303467099
214,2005,0.5193509239819627
215,2005,0.5633863953321914
216,2005,0.5437862794165289
218,2005,0.1470944942378178
219,2005,0.40865230367090166
220,2005,0.749291614853502
221,2005,0.7339984308657344
222,2005,0.43078510816500915
223,2005,0.30413717862064354
224,2005,0.2952828647483988
227,2005,0.7312281345374116
228,2005,0.7403112691087658
231,2005,0.44885191669721536
232,2005,0.4142842460742093
237,2005,0.4612772237963854
244,2005,0.6165908029998121
245,2005,0.42294954407880014
247,2005,0.47230385643261585
248,2005,0.5480847180875057
249,2005,0.5585556559536915
250,2005,0.6696174393734415
1,2006,0.5863201517065149
2,2006,0.3449564797413802
3,2006,0.4669585816917706
4,2006,0
5,2006,0.3204810477835065
6,2006,0.3411144360023627
7,2006,0.3653423769177197
8,2006,0.5133980647241865
9,2006,0.6477162959327685
10,2006,0.7058827813057457
11,2006,0.7710652616581345
12,2006,0
13,2006,0.5885641244947785
14,2006,0.6913566466404721
15,2006,0.6259695956004067
16,2006,0.32170450807131223
17,2006,0.2882796734876185
18,2006,0.4191283344183192
19,2006,0.7315713444170382
20,2006,0.6769852940677115
21,2006,0.6028562579521731
24,2006,0.4283704958947639
25,2006,0.5800629778161854
26,2006,0.45120856434786133
28,2006,0.6493625909012878
29,2006,0.6956494200897285
30,2006,0
31,2006,0.605322458276126
32,2006,0.6140908951425885
33,2006,0
34,2006,0
35,2006,0
36,2006,0
37,2006,0.681538085510833
38,2006,0
39,2006,0.929937232334011
40,2006,0.6115849501083792
41,2006,0.44946172373794363
42,2006,0.37718118073558393
43,2006,0.4970558751380472
44,2006,0.3328232771069845
45,2006,0.3401834433147386
46,2006,0.4216404104481688
47,2006,0.44130594050110633
48,2006,0.34215416804269055
49,2006,0.3340099513757337
50,2006,0.4389862403774639
51,2006,0.5607293839142614
52,2006,0.8058213107234364
53,2006,0.603124758777124
54,2006,0.5044324063915032
55,2006,0.5380057246549186
56,2006,0.5143028673664455
57,2006,0.6216576707236986
58,2006,0.5977768379665165
59,2006,0.6521024713983243
60,2006,0.9900148870598536
61,2006,0.552741401389645
62,2006,0.5589950304113604
63,2006,0.2444001460284487
64,2006,0.373622966371556
65,2006,0.6294164885296537
66,2006,0.5933698627573664
67,2006,0.3824565266288465
68,2006,0.7749760817103651
69,2006,0.44954128090926265
70,2006,0.40271295202395724
71,2006,0.4655681193556458
72,2006,0.4711095494899202
73,2006,0.23115083982805384
74,2006,0.45427873363691657
75,2006,0.48527680733524775
76,2006,0.5637513734510426
77,2006,0.6053490477933825
78,2006,0.6619420801577985
79,2006,0.6912860533118887
80,2006,0.4955234016781252
81,2006,0.5067259271926355
82,2006,0.525945473910518
84,2006,0.6186965957903856
85,2006,0.22610948536012704
86,2006,0.37547591559453725
88,2006,0.09388359147633013
89,2006,0
90,2006,0
91,2006,0
92,2006,0
93,2006,0
94,2006,0
95,2006,0.03155650699889064
96,2006,0.5178798016672624
97,2006,0.45086083342264954
98,2006,0.6657857283418552
99,2006,0.691858657627524
100,2006,0.4757673267096183
101,2006,0.10613203933615427
102,2006,0.49870727435667694
103,2006,0.5778135090964314
104,2006,0.387464619776077
105,2006,0
106,2006,0.6120810658789356
107,2006,0
108,2006,0.806520383183251
110,2006,0.40519138696777945
111,2006,0.41665450451006725
112,2006,0.49279961951806417
113,2006,0.6029190215394922
114,2006,0.6269750344850014
115,2006,0.5748949020078151
116,2006,0.6400562063666085
117,2006,0.5789206075893214
118,2006,0.6038875604328359
119,2006,0.595169048604632
120,2006,0.5775693877272874
121,2006,0.44422429040176997
122,2006,0.6077046573587433
123,2006,0.4909661401026041
124,2006,0.695156522927979
125,2006,0.6292462698341941
126,2006,0.5965670415903224
127,2006,0.629478412587255
129,2006,0.4180220694380048
130,2006,0.4158195042922407
131,2006,0.44100036335529036
132,2006,0.4663019473445167
133,2006,0.47432940562946485
134,2006,0.6222702448189873
135,2006,0.4160210069163805
136,2006,0.4981696425244417
137,2006,0.5053680808324281
138,2006,0.5059549928487558
139,2006,0.5151769361386598
140,2006,0.6142467455847301
141,2006,0.4012411111142723
143,2006,0.1813684394004182
144,2006,0.011485475168670932
145,2006,0.012463597452912145
146,2006,0.20245155150986444
147,2006,0.4973896943478977
148,2006,0.4243514057775009
149,2006,0
150,2006,0
151,2006,0.6322983836537318
152,2006,0.4508815482106731
153,2006,0.5358526597845328
154,2006,0.2269280166820331
155,2006,0.5748769525308974
156,2006,0.694492245181196
157,2006,0.10203351101153352
158,2006,0
159,2006,0
161,2006,0.5270651505250431
162,2006,0.3122816493381089
163,2006,0.4791647352011339
164,2006,0.2968673323629721
166,2006,0.58541705300061
167,2006,0.3600567171146315
168,2006,0.34364590733852607
169,2006,0.2665257478047329
171,2006,0.5396261907101725
172,2006,0.462399215529273
173,2006,0.45274754671738127
174,2006,0.41233236200028983
175,2006,0.5193118800428674
176,2006,0.5458062095676554
177,2006,0.6572390693025413
178,2006,0.5203380806112918
179,2006,0.5264707271323003
180,2006,0.5694911185998114
181,2006,0.4519672982219085
182,2006,0.5689944872723313
183,2006,0.572823473843863
184,2006,0.5660010895278319
185,2006,0.9250434713022553
186,2006,0.4437209959398169
187,2006,0.4427500207800459
188,2006,0.4378148283130021
189,2006,0.4492870256049586
190,2006,0.4784665058470626
191,2006,0.3622394366644691
192,2006,0.4208492052817508
193,2006,0.44517715071627717
194,2006,0.5367013921622563
195,2006,0.5832332042211643
196,2006,0.6670620690721624
197,2006,0.5349521038462928
198,2006,0.31738810110675153
199,2006,0.40312330002724384
200,2006,0.41932960028093275
202,2006,0.5369116347549214
203,2006,0.6790892884976794
204,2006,0.712108668030369
205,2006,0.5138657905630302
206,2006,0.5297773020271228
207,2006,0.6267203380638627
208,2006,0.9502307679403654
209,2006,0.7074948162595995
210,2006,0.630334316571177
212,2006,0.725875607507334
214,2006,0.5213010360332682
215,2006,0.5662195592915631
216,2006,0.5452167290738423
218,2006,0.14781174931000787
219,2006,0.408723332182678
220,2006,0.7497272972958933
221,2006,0.7361334967642357
222,2006,0.4318190759757945
223,2006,0.3053606028862435
224,2006,0.2963872818628698
227,2006,0.732280073809971
228,2006,0.7405124294387327
231,2006,0.4504344805070894
232,2006,0.4144818527562959
237,2006,0.4620863920272346
244,2006,0.6192489866475493
245,2006,0.4318111466393824
247,2006,0.47409310954588735
248,2006,0.5557582931148394
249,2006,0.5688380867455193
250,2006,0.6699313694716965
1,2007,0.5882005379117538
2,2007,0.3468051881028747
3,2007,0.4675410358560167
4,2007,0
5,2007,0.32188606095944106
6,2007,0.34356685113916097
7,2007,0.3673974776964693
8,2007,0.513168012585786
9,2007,0.6468979665806598
10,2007,0.7054172575755411
11,2007,0.7711526229902587
12,2007,0
13,2007,0.5873611786607034
14,2007,0.6918131938311154
15,2007,0.6274887192087564
16,2007,0.3235177520993299
17,2007,0.28992083320160356
18,2007,0.41999826809136054
19,2007,0.7322117888886892
20,2007,0.6776425176353773
21,2007,0.6033877603879768
24,2007,0.4295054899606907
25,2007,0.5819168466192524
26,2007,0.45179069665958504
28,2007,0.6519523123219533
29,2007,0.6988491395801709
30,2007,0
31,2007,0.6063099488673238
32,2007,0.6150629293261437
33,2007,0
34,2007,0
35,2007,0
36,2007,0
37,2007,0.6820105410921518
38,2007,0
39,2007,0.9311853334224033
40,2007,0.6122317383459851
41,2007,0.45149390429587233
42,2007,0.3807382129119325
43,2007,0.4997244503433884
44,2007,0.3353711185327554
45,2007,0.3427527599507472
46,2007,0.4227650429279824
47,2007,0.4443525786470295
48,2007,0.34550481790459514
49,2007,0.3388009517328479
50,2007,0.4416571483918364
51,2007,0.5674054266149716
52,2007,0.8141870835273994
53,2007,0.6051708579770819
54,2007,0.5190614104374347
55,2007,0.538367649983896
56,2007,0.5150043357382753
57,2007,0.6217681368425433
58,2007,0.5998062836151473
59,2007,0.6527287061421163
60,2007,0.9911718758377629
61,2007,0.5541214884566619
62,2007,0.560393810199088
63,2007,0.2487114380903351
64,2007,0.3775440039915739
65,2007,0.6333872780865022
66,2007,0.5963653006937047
67,2007,0.38405312930395863
68,2007,0.7758564341877473
69,2007,0.44819053391239083
70,2007,0.40253234814870054
71,2007,0.46543058474848603
72,2007,0.4699412970398549
73,2007,0.23118872231795237
74,2007,0.45343685732380923
75,2007,0.4849716645914885
76,2007,0.565343728705012
77,2007,0.6076956625981992
78,2007,0.663771078341572
79,2007,0.6939015393836038
80,2007,0.4957355269855256
81,2007,0.5081070011038046
82,2007,0.5253010808568785
84,2007,0.6201337905073465
85,2007,0.22732897174775388
86,2007,0.3745716158089078
88,2007,0.09455900147025197
89,2007,0
90,2007,0
91,2007,0
92,2007,0
93,2007,0
94,2007,0
95,2007,0.03143497313115796
96,2007,0.521098344152458
97,2007,0.4555365302541877
98,2007,0.6691633708652286
99,2007,0.6946298128846247
100,2007,0.476238801631795
101,2007,0.10871801820309984
102,2007,0.5000062704118472
103,2007,0.5802270273572282
104,2007,0.3909490634900501
105,2007,0
106,2007,0.6152178325892927
107,2007,0
108,2007,0.8062107042777221
110,2007,0.4071693997205436
111,2007,0.4194075073662576
112,2007,0.4928816326381177
113,2007,0.6057286085351551
114,2007,0.628656978534173
115,2007,0.5765222638962582
116,2007,0.6397650495291444
117,2007,0.5823046243774491
118,2007,0.6057099417681954
119,2007,0.5963527464212629
120,2007,0.5787595036089177
121,2007,0.4449775704850795
122,2007,0.6092436279908839
123,2007,0.4911417366413266
124,2007,0.6955727108921982
125,2007,0.629533439985697
126,2007,0.5969691324793832
127,2007,0.6298028879921213
129,2007,0.41987622814491443
130,2007,0.41745931639177675
131,2007,0.4419438659810425
132,2007,0.4678626406243323
133,2007,0.47601047203824326
134,2007,0.6226264118008751
135,2007,0.4178677332190926
136,2007,0.5003886293405901
137,2007,0.5070734218435496
138,2007,0.5075510963568088
139,2007,0.5167460120130967
140,2007,0.6142531982705565
141,2007,0.401300656861336
143,2007,0.18250187068110144
144,2007,0.011751675318412926
145,2007,0.012429562189023462
146,2007,0.20507165163695984
147,2007,0.4986099335957912
148,2007,0.42614556047384855
149,2007,0
150,2007,0
151,2007,0.6310733467524015
152,2007,0.4515792469984106
153,2007,0.5360591029559598
154,2007,0.22618946369762366
155,2007,0.575214193601662
156,2007,0.6931693566998753
157,2007,0.09861371405443185
158,2007,0
159,2007,0
161,2007,0.5260492269677011
162,2007,0.3134313083478216
163,2007,0.47995023915754215
164,2007,0.2994532289736406
166,2007,0.5858830251995611
167,2007,0.3602549472096097
168,2007,0.3446915127961539
169,2007,0.26797906294227
171,2007,0.5408473888704116
172,2007,0.4636887538498628
173,2007,0.4532432450267957
174,2007,0.41310465377820693
175,2007,0.5197824446663508
176,2007,0.5456605030483576
177,2007,0.6577164310347058
178,2007,0.5205808371474738
179,2007,0.527206734534176
180,2007,0.5703276126014175
181,2007,0.4538380046945
182,2007,0.5703761468214678
183,2007,0.5731951277888104
184,2007,0.5661906005862739
185,2007,0.92657750742337
186,2007,0.44457202128562706
187,2007,0.4426611137862645
188,2007,0.4385572189635293
189,2007,0.44815509158114925
190,2007,0.4957960119956997
191,2007,0.3648787605242368
192,2007,0.42403669349746964
193,2007,0.4476453917222307
194,2007,0.5398994381433533
195,2007,0.5853849375270969
196,2007,0.669944224386726
197,2007,0.5388051573731163
198,2007,0.3188842430690279
199,2007,0.4031823543913238
200,2007,0.43201899151344175
202,2007,0.5415058044115173
203,2007,0.6801716211278912
204,2007,0.7130496942072967
205,2007,0.5154577161863
206,2007,0.5317252184431928
207,2007,0.6275267109670442
208,2007,0.9528215432241198
209,2007,0.7089288518981528
210,2007,0.6304009652782483
212,2007,0.7289215607040977
214,2007,0.5232155452778532
215,2007,0.5689781888057943
216,2007,0.5466279284277142
218,2007,0.14852413216815202
219,2007,0.40879431944005956
220,2007,0.7501611773246424
221,2007,0.7382259524372089
222,2007,0.432842948523717
223,2007,0.30656991947018036
224,2007,0.29748018949899085
227,2007,0.7333215685583514
228,2007,0.7407132057132197
231,2007,0.4519935163753814
232,2007,0.4146790898259121
237,2007,0.4628893638161318
244,2007,0.6218414547098329
245,2007,0.4399819191630953
247,2007,0.4758523463487149
248,2007,0.5629084487985516
249,2007,0.5782017347295147
250,2007,0.670244361542772
1,2008,0.5900478038842085
2,2008,0.3486218691862226
3,2008,0.468120275222195
4,2008,0
5,2008,0.3232724951715374
6,2008,0.3459632227586291
7,2008,0.3694130780609436
8,2008,0.5129374487344409
9,2008,0.6460732012058786
10,2008,0.7049496601085928
11,2008,0.7712399194634061
12,2008,0
13,2008,0.5861442737882022
14,2008,0.692267762161543
15,2008,0.6289861507584091
16,2008,0.32530017613827905
17,2008,0.29153670260176306
18,2008,0.42086104438634403
19,2008,0.7328483455591256
20,2008,0.6782956479748798
21,2008,0.603916584061198
24,2008,0.4306283313490686
25,2008,0.583738510760877
26,2008,0.4523696153012493
28,2008,0.6544796272512616
29,2008,0.7019541117693816
30,2008,0
31,2008,0.6072882262343869
32,2008,0.6160260361893276
33,2008,0
34,2008,0
35,2008,0
36,2008,0
37,2008,0.6824808784477188
38,2008,0
39,2008,0.9324187550120233
40,2008,0.6128745619379108
41,2008,0.4534874521453166
42,2008,0.3841785419661728
43,2008,0.5023268005620911
44,2008,0.33785852446387726
45,2008,0.34526063216466923
46,2008,0.4238777403722874
47,2008,0.4473131997090796
48,2008,0.3487517181947535
49,2008,0.34338260329630155
50,2008,0.44426171831240674
51,2008,0.5736817829242314
52,2008,0.821934509440344
53,2008,0.6071777992561812
54,2008,0.5318972804422379
55,2008,0.5387283305681841
56,2008,0.5157011433684767
57,2008,0.6218784879236908
58,2008,0.6017971982755999
59,2008,0.653351222853582
60,2008,0.9923162445548114
61,2008,0.5554836492205736
62,2008,0.5617741779015427
63,2008,0.25285246285247226
64,2008,0.3813237023656934
65,2008,0.6372131870561953
66,2008,0.5992775469043311
67,2008,0.38562578950686416
68,2008,0.7767294575144247
69,2008,0.44682216448314344
70,2008,0.4023514335171995
71,2008,0.46529287013077014
72,2008,0.46875988376420713
73,2008,0.23122658986095038
74,2008,0.45258816763067716
75,2008,0.48466563244321453
76,2008,0.5669122662029996
77,2008,0.6099909146786404
78,2008,0.6655687237177693
79,2008,0.6964533778118294
80,2008,0.4959472240760888
81,2008,0.5094701255851524
82,2008,0.5246527040530697
84,2008,0.6215515547259324
85,2008,0.22853444280201524
86,2008,0.37365944942799645
88,2008,0.095230088449573
89,2008,0
90,2008,0
91,2008,0
92,2008,0
93,2008,0
94,2008,0
95,2008,0.031313297478138165
96,2008,0.5242210421599139
97,2008,0.46001262669950965
98,2008,0.6724356130534771
99,2008,0.6973296228070985
100,2008,0.476708169157724
101,2008,0.11124176019665882
102,2008,0.5012893725654577
103,2008,0.5825862459253792
104,2008,0.39432144422307713
105,2008,0
106,2008,0.6182634937238628
107,2008,0
108,2008,0.8059001077544696
110,2008,0.40911079318798665
111,2008,0.4220900847592618
112,2008,0.4929635824378416
113,2008,0.6084648835327555
114,2008,0.6303123717123418
115,2008,0.578124755601051
116,2008,0.6394730820662765
117,2008,0.5855828379952032
118,2008,0.6075011918210461
119,2008,0.5975232333321379
120,2008,0.5799362607285197
121,2008,0.4457254796971411
122,2008,0.6107603413635307
123,2008,0.4913170402753719
124,2008,0.6959872553129154
125,2008,0.6298198273242595
126,2008,0.5973696865763815
127,2008,0.6301263612335553
129,2008,0.4216981726610871
130,2008,0.4190738815160851
131,2008,0.44287895614662115
132,2008,0.4694004475584729
133,2008,0.47766501503620873
134,2008,0.622981373109156
135,2008,0.4196825006887291
136,2008,0.5025616338585619
137,2008,0.5087514767287028
138,2008,0.5091232701981154
139,2008,0.5182919571113044
140,2008,0.6142596510178485
141,2008,0.4013601685448073
143,2008,0.18362318221430896
144,2008,0.012017200828163115
145,2008,0.012395515823617826
146,2008,0.20762788678447153
147,2008,0.4998161372157889
148,2008,0.4279095361064296
149,2008,0
150,2008,0
151,2008,0.6298338300116607
152,2008,0.45227233380548726
153,2008,0.5362651399228262
154,2008,0.22544567356702558
155,2008,0.575550354771037
156,2008,0.6918295610130806
157,2008,0.09507863216753337
158,2008,0
159,2008,0
161,2008,0.5250233630301289
162,2008,0.31456850008653253
163,2008,0.48072990319006287
164,2008,0.30197689260709587
166,2008,0.5863469352487746
167,2008,0.36045280250244166
168,2008,0.34572679378256066
169,2008,0.26941251719570947
171,2008,0.5420545297561767
172,2008,0.46496262748632616
173,2008,0.45373661113042096
174,2008,0.4138713004970638
175,2008,0.520250907088705
176,2008,0.5455145932317377
177,2008,0.6581916295617258
178,2008,0.5208230333860031
179,2008,0.527937612357037
180,2008,0.5711574871414589
181,2008,0.455675924253758
182,2008,0.5717398394934813
183,2008,0.5735654692841219
184,2008,0.5663797697867369
185,2008,0.928089427463511
186,2008,0.44541619736538474
187,2008,0.44257213073263074
188,2008,0.4392943908746342
189,2008,0.44701080732625936
190,2008,0.5106638173264468
191,2008,0.3674532869480672
192,2008,0.4271301456775213
193,2008,0.45005687238667164
194,2008,0.5430028348363656
195,2008,0.5874934071666259
196,2008,0.6727492816753426
197,2008,0.5425216428584255
198,2008,0.3203593393353549
199,2008,0.4032413727115507
200,2008,0.4433373388017408
202,2008,0.5459071273510441
203,2008,0.6812428979123518
204,2008,0.7139823512427292
205,2008,0.517025837269161
206,2008,0.5336376109712614
207,2008,0.6283269306464165
208,2008,0.9553498528852578
209,2008,0.7103435419747854
210,2008,0.6304675713183747
212,2008,0.7318815334079165
214,2008,0.5250957285104066
215,2008,0.5716661121679881
216,2008,0.5480203904505404
218,2008,0.14923170811410646
219,2008,0.4088652604648241
220,2008,0.7505932690285931
221,2008,0.7402774807711119
222,2008,0.4338569214249591
223,2008,0.30776544932870564
224,2008,0.29856182449379115
227,2008,0.7343528196329775
228,2008,0.7409135980780596
231,2008,0.453529713853526
232,2008,0.4148759554355756
237,2008,0.4636862353639994
244,2008,0.6243713756753742
245,2008,0.44756183344598427
247,2008,0.47758255701970215
248,2008,0.5696020512374446
249,2008,0.5867974042124104
250,2008,0.6705564235036521
1,2009,0.5918630900051927
2,2009,0.35040761196633724
3,2009,0.4686963300628439
4,2009,0
5,2009,0.32464084202290355
6,2009,0.3483060561687961
7,2009,0.37139066680012767
8,2009,0.5127063820967882
9,2009,0.6452418973561136
10,2009,0.70447996709918
11,2009,0.7713271327840568
12,2009,0
13,2009,0.5849130817105759
14,2009,0.6927203685314278
15,2009,0.6304625008776793
16,2009,0.3270528104573547
17,2009,0.29312805332809166
18,2009,0.4217167802597508
19,2009,0.733481060260274
20,2009,0.6789447358661472
21,2009,0.6044427546263905
24,2009,0.43173927780292504
25,2009,0.585529071018627
26,2009,0.4529453562941197
28,2009,0.6569474573940792
29,2009,0.7049697906216199
30,2009,0
31,2009,0.608257462530634
32,2009,0.6169803787805125
33,2009,0
34,2009,0
35,2009,0
36,2009,0
37,2009,0.6829491152508247
38,2009,0
39,2009,0.9336378371128744
40,2009,0.613513469269163
41,2009,0.4554438082773475
42,2009,0.3875095832021907
43,2009,0.5048661330643602
44,2009,0.340288294273052
45,2009,0.3477099268141869
46,2009,0.4249787610098816
47,2009,0.45019252696765655
48,2009,0.35190110075221104
49,2009,0.3477724350413418
50,2009,0.44680316296747646
51,2009,0.5796036171299311
52,2009,0.8291487399002293
53,2009,0.6091470533026809
54,2009,0.5433319902666249
55,2009,0.5390877751111725
56,2009,0.5163933526400232
57,2009,0.6219887220666892
58,2009,0.6037510206770009
59,2009,0.6539700666298893
60,2009,0.9934482530553477
61,2009,0.556828343142925
62,2009,0.5631366118151455
63,2009,0.256836158407973
64,2009,0.38497189741090965
65,2009,0.6409044143343945
66,2009,0.6021111009728093
67,2009,0.38717521101780994
68,2009,0.7775952737382305
69,2009,0.44543570046735004
70,2009,0.40217020566551326
71,2009,0.4651549741948218
72,2009,0.4675650106803684
73,2009,0.23126444479482194
74,2009,0.4517325532704349
75,2009,0.48435870282662247
76,2009,0.5684576882385122
77,2009,0.6122370048252976
78,2009,0.6673360717560127
79,2009,0.6989445926805838
80,2009,0.49615849477644997
81,2009,0.5108157551082301
82,2009,0.5240002929249237
84,2009,0.6229504071738677
85,2009,0.2297262112659176
86,2009,0.37273928030381914
88,2009,0.09589690500440941
89,2009,0
90,2009,0
91,2009,0
92,2009,0
93,2009,0
94,2009,0
95,2009,0.031191482336891292
96,2009,0.5272534349872386
97,2009,0.4643054630776769
98,2009,0.6756088310403152
99,2009,0.6999616672778611
100,2009,0.47717544281221885
101,2009,0.11370619102038361
102,2009,0.5025569651891679
103,2009,0.584893556384036
104,2009,0.3975887464502716
105,2009,0
106,2009,0.6212231915501711
107,2009,0
108,2009,0.8055885892066661
110,2009,0.4110168954487787
111,2009,0.42470574721999693
112,2009,0.49304546752778483
113,2009,0.6111315747605258
114,2009,0.6319420394348457
115,2009,0.5797031296163042
116,2009,0.6391802992426772
117,2009,0.588761674418125
118,2009,0.6092623606168277
119,2009,0.5986808013674505
120,2009,0.5810999626053848
121,2009,0.4464680914241266
122,2009,0.6122554314698623
123,2009,0.49149205219747605
124,2009,0.6964001661322701
125,2009,0.6301054338319206
126,2009,0.5977687187588976
127,2009,0.6304488399975795
129,2009,0.42348900338725864
130,2009,0.42066396476961015
131,2009,0.44380578141768146
132,2009,0.47091602876705535
133,2009,0.4792938597727889
134,2009,0.6233351371996072
135,2009,0.42146639695334914
136,2009,0.5046905243742296
137,2009,0.5104031003551827
138,2009,0.5106722227222604
139,2009,0.5198154429540301
140,2009,0.6142661023040995
141,2009,0.4014196467340347
143,2009,0.1847326301823503
144,2009,0.012282055529671144
145,2009,0.012361458434268016
146,2009,0.21012328892688503
147,2009,0.5010086245594477
148,2009,0.4296443306465952
149,2009,0
150,2009,0
151,2009,0.6285794876974128
152,2009,0.4529608704425148
153,2009,0.5364707740219752
154,2009,0.2246965688864561
155,2009,0.5758854371181603
156,2009,0.6904724365057187
157,2009,0.09142020821429955
158,2009,0
159,2009,0
161,2009,0.5239873652004372
162,2009,0.3156934926831289
163,2009,0.48150381341677134
164,2009,0.304441253628115
166,2009,0.5868088040918047
167,2009,0.3606502856893041
168,2009,0.3467519555087731
169,2009,0.2708266368938926
171,2009,0.5432479332134514
172,2009,0.46622121280310946
173,2009,0.454227667127878
174,2009,0.4146323828131145
175,2009,0.520717286237528
176,2009,0.5453684801412605
177,2009,0.6586646840886363
178,2009,0.5210646713341743
179,2009,0.5286634315950863
180,2009,0.5719808458687001
181,2009,0.4574821869699122
182,2009,0.5730860260763275
183,2009,0.5739345073378379
184,2009,0.5665685983632613
185,2009,0.9295798563376854
186,2009,0.4462536328610808
187,2009,0.44248307221477245
188,2009,0.4400264173941987
189,2009,0.44585389630562233
190,2009,0.5236830980556119
191,2009,0.36996611895336645
192,2009,0.4301349550191718
193,2009,0.4524141443518549
194,2009,0.5460170268740826
195,2009,0.5895603171787401
196,2009,0.6754812596646997
197,2009,0.5461109116596272
198,2009,0.32181397437082043
199,2009,0.4033003613294309
200,2009,0.45355223932113825
202,2009,0.5501311437882616
203,2009,0.6823033411752064
204,2009,0.714906786736102
205,2009,0.5185708546531226
206,2009,0.5355157529786243
207,2009,0.629121090181505
208,2009,0.9578186393192091
209,2009,0.7117394014055792
210,2009,0.630534135713245
212,2009,0.734760248174874
214,2009,0.526942794508064
215,2009,0.5742868541222816
216,2009,0.5493946045754752
218,2009,0.14993454207984308
219,2009,0.40893615321474874
220,2009,0.7510235883761128
221,2009,0.7422896395345432
222,2009,0.43486118403403984
223,2009,0.3089475029169162
224,2009,0.2996324168080691
227,2009,0.7353740283799317
228,2009,0.7411136081454154
231,2009,0.45504373244633
232,2009,0.4150724514177065
237,2009,0.464477096389133
244,2009,0.6268416985421279
245,2009,0.45463060857553017
247,2009,0.4792846842774683
248,2009,0.5758939301791514
249,2009,0.5947415959764745
250,2009,0.6708675586912873
1,2010,0.5936474857563455
2,2010,0.3521634611344637
3,2010,0.4692692407259139
4,2010,0
5,2010,0.32599156279225466
6,2010,0.3505976905107617
7,2010,0.37333165202649327
8,2010,0.5124748067229982
9,2010,0.6444039516454004
10,2010,0.7040081610342863
11,2010,0.7714142796780553
12,2010,0
13,2010,0.5836672627700713
14,2010,0.6931710300379801
15,2010,0.6319183550573557
16,2010,0.32877663441526295
17,2010,0.29469561521620924
18,2010,0.4225655901845794
19,2010,0.7341099817503248
20,2010,0.679589830376714
21,2010,0.6049662981231578
24,2010,0.4328385783360963
25,2010,0.5872895708639373
26,2010,0.45351795382012344
28,2010,0.6593585501174092
29,2010,0.7079011674701853
30,2010,0
31,2010,0.6092178216421836
32,2010,0.6179261150501872
33,2010,0
34,2010,0
35,2010,0
36,2010,0
37,2010,0.683415271282054
38,2010,0
39,2010,0.9348429097909663
40,2010,0.6141485075546285
41,2010,0.4573643357977277
42,2010,0.39073806642374476
43,2010,0.5073454280151103
44,2010,0.34266304041847984
45,2010,0.3501033260168662
46,2010,0.4260683336679359
47,2010,0.45299490669258435
48,2010,0.35495865355561157
49,2010,0.351985866291553
50,2010,0.4492844704392519
51,2010,0.5852088525574856
52,2010,0.8358984638551958
53,2010,0.6110800071090331
54,2010,0.5536415571744097
55,2010,0.5394459916585769
56,2010,0.5170810217174276
57,2010,0.62209884061245
58,2010,0.6056691061423246
59,2010,0.6545852790967149
60,2010,0.994568181664284
61,2010,0.5581560125031185
62,2010,0.5644815719176999
63,2010,0.2606740462931951
64,2010,0.38849743421082494
65,2010,0.6444701179430933
66,2010,0.6048701016821454
67,2010,0.38870207161070425
68,2010,0.7784539986942016
69,2010,0.4440306656533498
70,2010,0.4019886629282247
71,2010,0.4650168963616237
72,2010,0.4663563648518943
73,2010,0.2313022858628654
74,2010,0.45086990061499194
75,2010,0.48405087344684544
76,2010,0.5699806661494156
77,2010,0.6144359941917105
78,2010,0.669074128525584
79,2010,0.7013779984687374
80,2010,0.4963693404055593
81,2010,0.5121443387140837
82,2010,0.5233437988232678
84,2010,0.6243308452901122
85,2010,0.23090458905414696
86,2010,0.3718109654479414
88,2010,0.0965595201119562
89,2010,0
90,2010,0
91,2010,0
92,2010,0
93,2010,0
94,2010,0
95,2010,0.031069524440709626
96,2010,0.5302006021983151
97,2010,0.4684294581706097
98,2010,0.6786888445236805
99,2010,0.7025292657320743
100,2010,0.4776406476780476
101,2010,0.11611403401920187
102,2010,0.5038094186807892
103,2010,0.5871511910963904
104,2010,0.40075731881542426
105,2010,0
106,2010,0.6241016447112202
107,2010,0
108,2010,0.8052761420322067
110,2010,0.41288897148758785
111,2010,0.42725775411890937
112,2010,0.4931272886539829
113,2010,0.6137321318866241
114,2010,0.6335467689734645
115,2010,0.5812580995013964
116,2010,0.6388866969067403
117,2010,0.5918469844733986
118,2010,0.6109944400549134
119,2010,0.5998257275237615
120,2010,0.5822508923103598
121,2010,0.44720548179333536
122,2010,0.6137295028288011
123,2010,0.49166676931652775
124,2010,0.6968114577902622
125,2010,0.6303902647367371
126,2010,0.5981662363880088
127,2010,0.6307703302785838
129,2010,0.4252497647482733
130,2010,0.4222302975994294
131,2010,0.44472448804906767
132,2010,0.47241001867460997
133,2010,0.48089779098520036
134,2010,0.6236877116883218
135,2010,0.4232204545807632
136,2010,0.5067770553721952
137,2010,0.5120291190609013
138,2010,0.5121986286151625
139,2010,0.5213171135634099
140,2010,0.6142725541587195
141,2010,0.4014790917868983
143,2010,0.18583046454720287
144,2010,0.012546243230300201
145,2010,0.01232738997670746
146,2010,0.2125606906132883
147,2010,0.5021877038053943
148,2010,0.43135089201580795
149,2010,0
150,2010,0
151,2010,0.6273099607774438
152,2010,0.45364491586773725
153,2010,0.5366760042627693
154,2010,0.22394207521021314
155,2010,0.5762194568400261
156,2010,0.6890975117628817
157,2010,0.08762953107094493
158,2010,0
159,2010,0
161,2010,0.5229410323171222
162,2010,0.31680654474442227
163,2010,0.4822720540961799
164,2010,0.30684902652685436
166,2010,0.5872686448131959
167,2010,0.36084739793173476
168,2010,0.3477671924507796
169,2010,0.2722219415075124
171,2010,0.5444279084592316
172,2010,0.4674648716611687
173,2010,0.4547164343376117
174,2010,0.4153879818038384
175,2010,0.5211816004838623
176,2010,0.5452221637171241
177,2010,0.6591356148559402
178,2010,0.5213057540312666
179,2010,0.5293842617238137
180,2010,0.5727977905016787
181,2010,0.4592578644889387
182,2010,0.5744151506766229
183,2010,0.574302251360099
184,2010,0.566757087567158
185,2010,0.9310493983043201
186,2010,0.4470844343454631
187,2010,0.4423939370564271
188,2010,0.44075336891041783
189,2010,0.44468408027776346
190,2010,0.5352630966444629
191,2010,0.3724201450946396
192,2010,0.43305606153800946
193,2010,0.4547195898707387
194,2010,0.5489469976572561
195,2010,0.5915872763826758
196,2010,0.6781438689937125
197,2010,0.5495813884601505
198,2010,0.32324870774853537
199,2010,0.4033593214092505
200,2010,0.46285986135465024
202,2010,0.5541915881535411
203,2010,0.6833531685446625
204,2010,0.715823143885787
205,2010,0.5200934396801669
206,2010,0.5373608496201829
207,2010,0.6299092808784852
208,2010,0.9602306406480351
209,2010,0.7131169251041258
210,2010,0.6306006571210037
212,2010,0.7375620473376082
214,2010,0.5287578906172536
215,2010,0.5768436998154268
216,2010,0.5507510435110455
218,2010,0.15063269687896647
219,2010,0.40900699210243807
220,2010,0.7514521478418227
221,2010,0.7442639162655453
222,2010,0.4358559201758927
223,2010,0.3101163813721326
224,2010,0.3006921896419418
227,2010,0.736385388286763
228,2010,0.7413132366995377
231,2010,0.45653620363463704
232,2010,0.4152685794999318
237,2010,0.46526203750832285
244,2010,0.6292551666378248
245,2010,0.46125284497033564
247,2010,0.4809596240265965
248,2010,0.5818295817104334
249,2010,0.6021261214201051
250,2010,0.6711777735336348
1,2011,0.5953233977078715
2,2011,0.353819163231544
3,2011,0.4696287069373889
4,2011,0
5,2011,0.327143116024459
6,2011,0.35295078112136014
7,2011,0.3751867013958397
8,2011,0.5122808717759962
9,2011,0.6444367886201362
10,2011,0.7041804126963314
11,2011,0.7715805682394618
12,2011,0
13,2011,0.5846919260995744
14,2011,0.6933346313438733
15,2011,0.6335380097931893
16,2011,0.33039912776519237
17,2011,0.2960530866744208
18,2011,0.4232602759380931
19,2011,0.7346559381783896
20,2011,0.6801201068949093
21,2011,0.6054563191485695
24,2011,0.4336780127028241
25,2011,0.5893023485789403
26,2011,0.45390355225720075
28,2011,0.6619957185332934
29,2011,0.7107531479032492
30,2011,0
31,2011,0.6099667736393246
32,2011,0.6186545239777551
33,2011,0
34,2011,0
35,2011,0
36,2011,0
37,2011,0.6838714605193479
38,2011,0
39,2011,0.9366276790629583
40,2011,0.6146269310470508
41,2011,0.4593678310644284
42,2011,0.394309242173558
43,2011,0.5099571955208877
44,2011,0.34517207148310275
45,2011,0.35262717226123125
46,2011,0.4272095808574354
47,2011,0.45587358538630324
48,2011,0.3649107053026486
49,2011,0.35664316715390454
50,2011,0.4516674602946706
51,2011,0.5907775212455176
52,2011,0.8377749672820423
53,2011,0.6132079173552193
54,2011,0.5560515273124708
55,2011,0.5391245913353381
56,2011,0.5183634769628598
57,2011,0.6215389553223133
58,2011,0.6061487308480509
59,2011,0.6551879974871018
60,2011,0.9954567051009063
61,2011,0.5596560678170452
62,2011,0.5662105032351258
63,2011,0.2636909720652556
64,2011,0.3924716918341527
65,2011,0.6487464134605181
66,2011,0.608317656676879
67,2011,0.3887454516162654
68,2011,0.7788963800452383
69,2011,0.44278442157422343
70,2011,0.4020174188914577
71,2011,0.46486420600969175
72,2011,0.4641481692724882
73,2011,0.23143274056862453
74,2011,0.4500112043967189
75,2011,0.4838844521200077
76,2011,0.5720153015257003
77,2011,0.611779570408267
78,2011,0.6761575927687757
79,2011,0.7035049853696334
80,2011,0.4959650349403972
81,2011,0.5132750321490128
82,2011,0.5239372241630256
84,2011,0.6261979777104265
85,2011,0.2315631481208988
86,2011,0.37033193309901263
88,2011,0.09686148966842031
89,2011,0
90,2011,0
91,2011,0
92,2011,0
93,2011,0
94,2011,0
95,2011,0.03119144044432772
96,2011,0.5330599750408552
97,2011,0.4718537291027909
98,2011,0.6824646577265522
99,2011,0.7052163473407547
100,2011,0.47593828131443844
101,2011,0.11954838796590128
102,2011,0.5048569074801468
103,2011,0.5895826589598467
104,2011,0.4042765064061666
105,2011,0
106,2011,0.6270635241157433
107,2011,0
108,2011,0.8047039802007998
110,2011,0.41451015238456584
111,2011,0.4288286473112209
112,2011,0.4932742376860313
113,2011,0.6153608016923563
114,2011,0.6351071533282938
115,2011,0.5827468635407763
116,2011,0.6387385557634846
117,2011,0.5939861386755629
118,2011,0.6122715970728003
119,2011,0.6009416054664122
120,2011,0.5833648785186869
121,2011,0.4479211346448431
122,2011,0.6146802434566064
123,2011,0.49210007929255195
124,2011,0.6971537921460746
125,2011,0.6307584135357713
126,2011,0.5985771027885041
127,2011,0.6310247467765655
129,2011,0.4270270706399225
130,2011,0.4236359091928577
131,2011,0.44552488705932064
132,2011,0.4737371893326707
133,2011,0.4823234570049341
134,2011,0.624030449845675
135,2011,0.42474734014588233
136,2011,0.5088414604705271
137,2011,0.5136208572424739
138,2011,0.5138905699022065
139,2011,0.5227115795174846
140,2011,0.6145118496258154
141,2011,0.40128949004994935
143,2011,0.18637190267639706
144,2011,0.01285720932505748
145,2011,0.012296670250001045
146,2011,0.2153012148471296
147,2011,0.5035948388355047
148,2011,0.43316531893172294
149,2011,0
150,2011,0
151,2011,0.6273263174805936
152,2011,0.45444434237764986
153,2011,0.5366661674575111
154,2011,0.22382966634257562
155,2011,0.5763929281719269
156,2011,0.6911984425360044
157,2011,0.08435814886854481
158,2011,0
159,2011,0
161,2011,0.5222964109659376
162,2011,0.31757153359982754
163,2011,0.48286788771621075
164,2011,0.30916213202916676
166,2011,0.5876409794071645
167,2011,0.3611070775152366
168,2011,0.3487186975073273
169,2011,0.27357962402897584
171,2011,0.5455004720770296
172,2011,0.46879875579199215
173,2011,0.45524643747135113
174,2011,0.41619636989536246
175,2011,0.5215833792739087
176,2011,0.5453433079280617
177,2011,0.6596045777237463
178,2011,0.5214924093752502
179,2011,0.5300185677935357
180,2011,0.5734418437081489
181,2011,0.4594655064328701
182,2011,0.5742984779665391
183,2011,0.5739957278652473
184,2011,0.5666903094259633
185,2011,0.9314820893791442
186,2011,0.4478145563166957
187,2011,0.44225127234673467
188,2011,0.44107029966449346
189,2011,0.44329887129219536
190,2011,0.5406672106832854
191,2011,0.37539275616631224
192,2011,0.4369973490424322
193,2011,0.45750022532444795
194,2011,0.5525339660415947
195,2011,0.5940811748695092
196,2011,0.6811008095859868
197,2011,0.5534668268628685
198,2011,0.32460713457361556
199,2011,0.4036243975761635
200,2011,0.47720873594577873
202,2011,0.5591856682601581
203,2011,0.6842541132241857
204,2011,0.7167687453361259
205,2011,0.5214287187634028
206,2011,0.539106205924499
207,2011,0.6307966864095793
208,2011,0.9623364584425669
209,2011,0.7145741530143593
210,2011,0.6304886236209524
212,2011,0.7402340686611097
214,2011,0.5310045873956285
215,2011,0.5796377624913592
216,2011,0.5521265775675993
218,2011,0.1512818111236293
219,2011,0.40907359622665734
220,2011,0.7548826674859185
221,2011,0.746746830933889
222,2011,0.4369540774725414
223,2011,0.3114924316167873
224,2011,0.301636627685652
227,2011,0.7372553676652408
228,2011,0.7413245012883867
231,2011,0.4591792318613833
232,2011,0.4152850175561217
237,2011,0.46689447307279386
244,2011,0.630392493596659
245,2011,0.46496056901655725
247,2011,0.4825274319954733
248,2011,0.5844571154560942
249,2011,0.6069935163292193
250,2011,0.6716355299628622
1,2012,0.5969729491228618
2,2012,0.3554491309240891
3,2012,0.4699869491008003
4,2012,0
5,2012,0.32828215820233536
6,2012,0.35525222819180136
7,2012,0.377009506471914
8,2012,0.5120865805210751
9,2012,0.6444696157044637
10,2012,0.7043523814641325
11,2012,0.7717465991242499
12,2012,0
13,2012,0.5857066746893466
14,2012,0.693497977937196
15,2012,0.6351330295702127
16,2012,0.3319969004189715
17,2012,0.2973932114658049
18,2012,0.4239503905622734
19,2012,0.7351990676783835
20,2012,0.6806477156724744
21,2012,0.6059440608771474
24,2012,0.43451078128153614
25,2012,0.5912772201535371
26,2012,0.4542877293941805
28,2012,0.6645681941214033
29,2012,0.7135296189550131
30,2012,0
31,2012,0.6107104136688815
32,2012,0.6193779059126623
33,2012,0
34,2012,0
35,2012,0
36,2012,0
37,2012,0.6843256743814112
38,2012,0
39,2012,0.9383825802599494
40,2012,0.6151031819503536
41,2012,0.46133376645889324
42,2012,0.39776280004331405
43,2012,0.5125054937073724
44,2012,0.3476224739962062
45,2012,0.35509169742531216
46,2012,0.42833853682603457
47,2012,0.4586753518177382
48,2012,0.37399962698218736
49,2012,0.36110239781687686
50,2012,0.4539975015339225
51,2012,0.5960653372831732
52,2012,0.839618482729559
53,2012,0.6152935069770512
54,2012,0.5584073594325586
55,2012,0.5388022017609759
56,2012,0.519630440925062
57,2012,0.620976064555445
58,2012,0.6066261726833165
59,2012,0.655787270637736
60,2012,0.9963377638368645
61,2012,0.5611349682682869
62,2012,0.5679113919820324
63,2012,0.2666235298978299
64,2012,0.39630081704366477
65,2012,0.6528551410053651
66,2012,0.6116554700912987
67,2012,0.3887888138420622
68,2012,0.7793369031894231
69,2012,0.44152318963658854
70,2012,0.40204616758512857
71,2012,0.4647112923822372
72,2012,0.4618924726226221
73,2012,0.23156303397565997
74,2012,0.44914542080723613
75,2012,0.4837177657244334
76,2012,0.5740112115259188
77,2012,0.6090541030804857
78,2012,0.6827927204842894
79,2012,0.7055896882299678
80,2012,0.4955591644114014
81,2012,0.5143936658345432
82,2012,0.5245273119386115
84,2012,0.6280324475388019
85,2012,0.23221759072387965
86,2012,0.3688317408466038
88,2012,0.09716259784244775
89,2012,0
90,2012,0
91,2012,0
92,2012,0
93,2012,0
94,2012,0
95,2012,0.03131321570966327
96,2012,0.5358434473533835
97,2012,0.4751697108831624
98,2012,0.6861092352017104
99,2012,0.7078362928095359
100,2012,0.4742078186284702
101,2012,0.1228738271964368
102,2012,0.5058940369310594
103,2012,0.5919590272811821
104,2012,0.40768142167142307
105,2012,0
106,2012,0.6299440415212609
107,2012,0
108,2012,0.8041286793245306
110,2012,0.4161066587503918
111,2012,0.43037635503945065
112,2012,0.49342098210610835
113,2012,0.6169645648307293
114,2012,0.6366446597248353
115,2012,0.5842147883050378
116,2012,0.6385902051124926
117,2012,0.5960825228270803
118,2012,0.6135333888323733
119,2012,0.6020457341708115
120,2012,0.5844671537214521
121,2012,0.4486319368377125
122,2012,0.6156224419074453
123,2012,0.49253160511329885
124,2012,0.6974950137682697
125,2012,0.6311252738494109
126,2012,0.5989863658542816
127,2012,0.6312785475883165
129,2012,0.4287747561774425
130,2012,0.4250229293852537
131,2012,0.44631922314625355
132,2012,0.4750477735925851
133,2012,0.4837300004413379
134,2012,0.6243720712971547
135,2012,0.4262523130350179
136,2012,0.5108660101410827
137,2012,0.5151887996534553
138,2012,0.5155556460406103
139,2012,0.5240877458435357
140,2012,0.6147506004750828
141,2012,0.40109954437224704
143,2012,0.18691056124667613
144,2012,0.013167256068099027
145,2012,0.012265941497403648
146,2012,0.21797194349288773
147,2012,0.5049833428026963
148,2012,0.4349488888316037
149,2012,0
150,2012,0
151,2012,0.6273426720002135
152,2012,0.45523772164188697
153,2012,0.536656328940005
154,2012,0.22371713633686008
155,2012,0.5765661155223352
156,2012,0.6932581088805998
157,2012,0.08098142580354058
158,2012,0
159,2012,0
161,2012,0.5216478015885044
162,2012,0.3183309823855638
163,2012,0.4834603550799162
164,2012,0.31142531629631104
166,2012,0.5880119958118077
167,2012,0.36136611506081434
168,2012,0.34966164721698495
169,2012,0.2749199563528169
171,2012,0.5465621767923771
172,2012,0.4701158868443179
173,2012,0.4557737755405556
174,2012,0.4169985728766682
175,2012,0.5219836248117655
176,2012,0.5454643124852787
177,2012,0.6600714524949199
178,2012,0.5216787336276698
179,2012,0.530649060149504
180,2012,0.5740819656504124
181,2012,0.4596727378364134
182,2012,0.5741816750997624
183,2012,0.5736883055017664
184,2012,0.5666234887191338
185,2012,0.931913002816707
186,2012,0.44853962811838277
187,2012,0.4421084112383246
188,2012,0.441386275199077
189,2012,0.44189512146571575
190,2012,0.5458064334208076
191,2012,0.37828342286391126
192,2012,0.44079586779492164
193,2012,0.4602090366013517
194,2012,0.5560022925084734
195,2012,0.596517140951394
196,2012,0.6839766560767763
197,2012,0.5572134364255941
198,2012,0.3259481844705447
199,2012,0.40388880575164926
200,2012,0.48982851378405917
202,2012,0.5639526916610466
203,2012,0.6851473834724001
204,2012,0.7177058957092957
205,2012,0.5227472100057332
206,2012,0.5408229892751634
207,2012,0.6316766458629551
208,2012,0.9644008215617451
209,2012,0.7160114088757126
210,2012,0.6303764706691445
212,2012,0.7428396938771307
214,2012,0.5332041594795356
215,2012,0.5823593110643558
216,2012,0.5534843025161261
218,2012,0.15192693232348592
219,2012,0.4091401563061888
220,2012,0.7582045125617314
221,2012,0.7491723178713476
222,2012,0.4380408540389796
223,2012,0.31285065926641176
224,2012,0.3025726361973686
227,2012,0.7381181874391726
228,2012,0.7413357640406562
231,2012,0.46175728212882095
232,2012,0.4153014487565072
237,2012,0.46850188709440455
244,2012,0.6315176184398819
245,2012,0.46854166554414106
247,2012,0.4840721461311232
248,2012,0.5870204135965901
249,2012,0.611644971391712
250,2012,0.6720912965568194
1,2013,0.5985969574829639
2,2013,0.3570541504587407
3,2013,0.47034397279635987
4,2013,0
5,2013,0.3294089620569197
6,2013,0.35750425136464353
7,2013,0.37880116805243014
8,2013,0.5118919299842998
9,2013,0.6445024319122249
10,2013,0.7045240691165884
11,2013,0.7719123648268853
12,2013,0
13,2013,0.5867116991172691
14,2013,0.693661070376328
15,2013,0.6367041526826323
16,2013,0.33357069437898224
17,2013,0.29871642605433213
18,2013,0.4246359930695382
19,2013,0.7357393973702017
20,2013,0.6811726834928262
21,2013,0.6064295461398685
24,2013,0.43533698847095553
25,2013,0.593215587826208
26,2013,0.45467051189098084
28,2013,0.6670790706629117
29,2013,0.7162344724985599
30,2013,0
31,2013,0.6114488186087894
32,2013,0.6200963343469535
33,2013,0
34,2013,0
35,2013,0
36,2013,0
37,2013,0.6847779291124549
38,2013,0
39,2013,0.9401085973581147
40,2013,0.6155772796232174
41,2013,0.4632635242354556
42,2013,0.4011062416425412
43,2013,0.5149933348626876
44,2013,0.3500169237234348
45,2013,0.35749964093970277
46,2013,0.4294554696537653
47,2013,0.46140420687468625
48,2013,0.3823632566729916
49,2013,0.3653797250556151
50,2013,0.4562768972860538
51,2013,0.601099272539954
52,2013,0.8414301476120648
53,2013,0.6173384272813994
54,2013,0.5607114274298926
55,2013,0.5384788188638415
56,2013,0.5208822793270739
57,2013,0.6204101371881716
58,2013,0.6071014512689864
59,2013,0.6563831392843914
60,2013,0.9972114738683838
61,2013,0.5625933026099542
62,2013,0.5695851334419352
63,2013,0.26947630450091115
64,2013,0.39999503945452336
65,2013,0.6568089422401964
66,2013,0.6148903161571709
67,2013,0.3888321607525947
68,2013,0.7797755822506477
69,2013,0.44024660610089067
70,2013,0.4020749069096761
71,2013,0.4645581575392677
72,2013,0.4595871888895616
73,2013,0.23169316546018817
74,2013,0.44827242675028806
75,2013,0.48355081231633323
76,2013,0.5759698425822364
77,2013,0.6062559092594935
78,2013,0.6890329028703712
79,2013,0.7076337543803326
80,2013,0.4951517172790201
81,2013,0.5155004919128391
82,2013,0.5251140966578209
84,2013,0.6298353773340014
85,2013,0.2328679711860174
86,2013,0.3673097758439466
88,2013,0.0974628404110698
89,2013,0
90,2013,0
91,2013,0
92,2013,0
93,2013,0
94,2013,0
95,2013,0.03143484882006029
96,2013,0.5385549457045361
97,2013,0.4783840478734011
98,2013,0.689631391337679
99,2013,0.7103923777042377
100,2013,0.4724483293984634
101,2013,0.1260970486870088
102,2013,0.5069210096496753
103,2013,0.5942827359548388
104,2013,0.41097925462764845
105,2013,0
106,2013,0.6327475486834937
107,2013,0
108,2013,0.8035502035607809
110,2013,0.41767921920472556
111,2013,0.4319015535697252
112,2013,0.49356752099273593
113,2013,0.6185441686988634
114,2013,0.6381599499536004
115,2013,0.5856624474159328
116,2013,0.63844164428409
117,2013,0.5981378153581794
118,2013,0.6147801791576402
119,2013,0.603138357454786
120,2013,0.5855579643969474
121,2013,0.4493379516093466
122,2013,0.61655625012374915
123,2013,0.49296136267592383
124,2013,0.6978351268941391
125,2013,0.6314908534200833
126,2013,0.5993940384615681
127,2013,0.6315317346090688
129,2013,0.43049379232758916
130,2013,0.4263918437038972
131,2013,0.4471075880801998
132,2013,0.47634218099060777
133,2013,0.48511792896464295
134,2013,0.624712584126634
135,2013,0.4277359931683253
136,2013,0.5128522133665822
137,2013,0.5167336413022598
138,2013,0.5171946970023794
139,2013,0.5254460862719469
140,2013,0.6149888085044588
141,2013,0.4009092543402703
143,2013,0.18744646613372157
144,2013,0.01347638935122988
145,2013,0.012235203667071969
146,2013,0.22057634443487784
147,2013,0.5063537015661239
148,2013,0.436702626353985
149,2013,0
150,2013,0
151,2013,0.6273590230448438
152,2013,0.45602514326704985
153,2013,0.5366464885331294
154,2013,0.22360448589672
155,2013,0.5767390181323951
156,2013,0.6952780954350676
157,2013,0.07749233874020717
158,2013,0
159,2013,0
161,2013,0.520995157210601
162,2013,0.3190849709417278
163,2013,0.4840494940060852
164,2013,0.313640685693496
166,2013,0.5883817058828776
167,2013,0.36162451485047015
168,2013,0.3505961933957746
169,2013,0.27624337468029847
171,2013,0.547613240378277
172,2013,0.47141667969296897
173,2013,0.4562984751312231
174,2013,0.41779468926390223
175,2013,0.5223823486323635
176,2013,0.5455851792489997
177,2013,0.6605362576336923
178,2013,0.5218647274687663
179,2013,0.5312757845630757
180,2013,0.5747182039676023
181,2013,0.4598795608671458
182,2013,0.5740647420091111
183,2013,0.5733799796694476
184,2013,0.566556625537829
185,2013,0.9323421508762046
186,2013,0.44925972222111143
187,2013,0.4419653564600269
188,2013,0.44170130230267285
189,2013,0.44047232350313564
190,2013,0.5507055243699496
191,2013,0.38109654175428354
192,2013,0.4444615931488714
193,2013,0.4628496316121791
194,2013,0.5593595718301829
195,2013,0.5988978051692132
196,2013,0.6867757377434255
197,2013,0.5608307965668088
198,2013,0.32727230537955937
199,2013,0.40415254706872467
200,2013,0.5010914588066536
202,2013,0.5685124089225728
203,2013,0.6860331090483415
204,2013,0.7186347454862527
205,2013,0.5240493294363255
206,2013,0.5425121192527269
207,2013,0.6325492830504528
208,2013,0.9664253300019511
209,2013,0.7174292327902183
210,2013,0.6302641977325445
212,2013,0.7453821471064203
214,2013,0.5353585420231223
215,2013,0.5850120144003009
216,2013,0.5548246736126491
218,2013,0.15256810913112365
219,2013,0.409206684775571
220,2013,0.7614243565267848
221,2013,0.7515429752486698
222,2013,0.43911648338300274
223,2013,0.3141915208581502
224,2013,0.3035003646752796
227,2013,0.7389739680362921
228,2013,0.7413470245097613
231,2013,0.4642734719933925
232,2013,0.4153178780645308
237,2013,0.47008503570841453
244,2013,0.6326307988074072
245,2013,0.4720045074795593
247,2013,0.4855944362897342
248,2013,0.5895225483116242
249,2013,0.616098839045102
250,2013,0.6725450907024811
1,2014,0.6001961959427696
2,2014,0.3586349760879918
3,2014,0.47069978366191534
4,2014,0
5,2014,0.33052378779803926
6,2014,0.3597089274080272
7,2014,0.380562732940276
8,2014,0.5116969136145764
9,2014,0.6445352381348999
10,2014,0.70469547567892
11,2014,0.7720778713319252
12,2014,0
13,2014,0.5877071819161802
14,2014,0.6938239094107822
15,2014,0.6382520844743818
16,2014,0.3351212188495805
17,2014,0.3000231523869523
18,2014,0.4253171427697113
19,2014,0.7362769573956918
20,2014,0.6816950362787292
21,2014,0.6069127932031764
24,2014,0.43615673725203535
25,2014,0.5951187767966523
26,2014,0.4550518997247292
28,2014,0.6695312378371103
29,2014,0.718871308758582
30,2014,0
31,2014,0.6121820604952461
32,2014,0.6208098736693881
33,2014,0
34,2014,0
35,2014,0
36,2014,0
37,2014,0.6852282419542488
38,2014,0
39,2014,0.9418066649741621
40,2014,0.6160492436752587
41,2014,0.46515841154373616
42,2014,0.4043463720033146
43,2014,0.517423520939638
44,2014,0.35235791905586494
45,2014,0.3598535234821188
46,2014,0.43056063632648395
47,2014,0.46406384977894394
48,2014,0.3901088459431772
49,2014,0.36948940072967723
50,2014,0.4585078006313402
51,2014,0.6059025972972781
52,2014,0.843211046002682
53,2014,0.6193442334165747
54,2014,0.5629659578893417
55,2014,0.5381544349477678
56,2014,0.5221193519737177
57,2014,0.6198411378144313
58,2014,0.6075745853073089
59,2014,0.6569756411949295
60,2014,0.9980779736485518
61,2014,0.5640316351010037
62,2014,0.5712325803354446
63,2014,0.2722535245324387
64,2014,0.4035635406766924
65,2014,0.6606190734292635
66,2014,0.6180283584642605
67,2014,0.3888754882872244
68,2014,0.7802124355543016
69,2014,0.4389542890176803
70,2014,0.4021036390577113
71,2014,0.4644047973791654
72,2014,0.45723008550403266
73,2014,0.23182313533963586
74,2014,0.44739210701224014
75,2014,0.48338359451298935
76,2014,0.5778925623976697
77,2014,0.6033809994240847
78,2014,0.6949225264907891
79,2014,0.7096387391954411
80,2014,0.49474268063745214
81,2014,0.5165957577617047
82,2014,0.5256976169012807
84,2014,0.6316078342253697
85,2014,0.23351435371268345
86,2014,0.36576539627269283
88,2014,0.09776222213484438
89,2014,0
90,2014,0
91,2014,0
92,2014,0
93,2014,0
94,2014,0
95,2014,0.031556340658626746
96,2014,0.541198098477504
97,2014,0.48150278340169606
98,2014,0.6930390845052908
99,2014,0.7128876382840627
100,2014,0.47065881416256483
101,2014,0.12922414911874625
102,2014,0.507938022883358
103,2014,0.5965560706725368
104,2014,0.41417653281812356
105,2014,0
106,2014,0.63547805551818215
107,2014,0
108,2014,0.802968520877784
110,2014,0.41922855111415946
111,2014,0.43340488576069103
112,2014,0.4937138554663492
113,2014,0.6201003335553719
114,2014,0.639653656729722
115,2014,0.5870903950796631
116,2014,0.63829287266179
117,2014,0.6001536043936155
118,2014,0.6160123200321191
119,2014,0.6042197157165256
120,2014,0.5866375449715556
121,2014,0.4500392467519416
122,2014,0.6174818169103764
123,2014,0.49338936634274344
124,2014,0.6981741405638284
125,2014,0.6318551644099668
126,2014,0.5998001327354285
127,2014,0.6317843136104276
129,2014,0.43218510388934916
130,2014,0.42774311869442644
131,2014,0.44789007023972166
132,2014,0.4776208063073952
133,2014,0.4864877275683217
134,2014,0.6250519942872208
135,2014,0.42919897459996914
136,2014,0.5148014963328376
137,2014,0.51825605836181
138,2014,0.5188085241900885
139,2014,0.5267870587680143
140,2014,0.6152264769540647
141,2014,0.4007186190628554
143,2014,0.18797964644984222
144,2014,0.013784613540536644
145,2014,0.012204456852978395
146,2014,0.22311762499071805
147,2014,0.5077063847313505
148,2014,0.43842752163620047
149,2014,0
150,2014,0
151,2014,0.6273753728283811
152,2014,0.4568066967825532
153,2014,0.5366366472923059
154,2014,0.22349171393604092
155,2014,0.5769116360811025
156,2014,0.697259912546073
157,2014,0.0738831609454168
158,2014,0
159,2014,0
161,2014,0.5203384270055186
162,2014,0.3198335771322927
163,2014,0.4846353417174348
164,2014,0.3158102242952426
166,2014,0.5887501161855416
167,2014,0.3618822790669717
168,2014,0.35152248496446414
169,2014,0.27755029763162825
171,2014,0.5486538738355489
172,2014,0.4727015345651612
173,2014,0.45682056283512157
174,2014,0.41858480512887997
175,2014,0.5227795620227342
176,2014,0.5457059049097851
177,2014,0.6609990127507845
178,2014,0.5220503918913841
179,2014,0.531898785716655
180,2014,0.5753506054372785
181,2014,0.4600859765910984
182,2014,0.5739476786742764
183,2014,0.573070744278898
184,2014,0.5664897194881554
185,2014,0.9327695499656405
186,2014,0.44997490471206936
187,2014,0.44182210652728526
188,2014,0.4420153853264305
189,2014,0.4390299596103764
190,2014,0.5553859254403315
191,2014,0.3838361647064848
192,2014,0.4480034916914824
193,2014,0.46542536954813285
194,2014,0.5626126981026472
195,2014,0.6012256214150634
196,2014,0.6895020465052831
197,2014,0.564327521775
198,2014,0.3285799131238497
199,2014,0.40441563034101785
200,2014,0.5112612185153771
202,2014,0.572882102311021
203,2014,0.6869114165278168
204,2014,0.7195554409629764
205,2014,0.5253354794813506
206,2014,0.5441744728629762
207,2014,0.6334147184047904
208,2014,0.968411494171211
209,2014,0.7188281431872352
210,2014,0.6301518043090822
212,2014,0.747864414926919
214,2014,0.5374695556221707
215,2014,0.5875992681118384
216,2014,0.5561481287420931
218,2014,0.15320538943351497
219,2014,0.40927316154419924
220,2014,0.7645482767504046
221,2014,0.7538612241960054
222,2014,0.44018119213920953
223,2014,0.3155154544064589
224,2014,0.30441995696401303
227,2014,0.7398228215136889
228,2014,0.7413582854778054
231,2014,0.466730701020018
232,2014,0.41533430578398783
237,2014,0.47164463741508833
244,2014,0.6337322886858497
245,2014,0.4753566437248984
247,2014,0.48709494511419427
248,2014,0.5919663809196734
249,2014,0.6203712325905348
250,2014,0.6729969299527896
1,2015,0.6017714152007841
2,2015,0.36019232399500084
3,2015,0.4710543891717434
4,2015,0
5,2015,0.33162688933765416
6,2015,0.36186820678517384
7,2015,0.38229519593266237
8,2015,0.5115015333370333
9,2015,0.6445680341616757
10,2015,0.7048666020480412
11,2015,0.7722431178866364
12,2015,0
13,2015,0.5886933041048505
14,2015,0.693986496368581
15,2015,0.6397774996565954
16,2015,0.3366491516404443
17,2015,0.3013137952145859
18,2015,0.4259938963422688
19,2015,0.7368117771892307
20,2015,0.6822148002880555
21,2015,0.6073938233271331
24,2015,0.436970127977218
25,2015,0.5969880402885474
26,2015,0.45543190298346853
28,2015,0.6719273732057773
29,2015,0.7214434684109549
30,2015,0
31,2015,0.6129102103814938
32,2015,0.6215185917303601
33,2015,0
34,2015,0
35,2015,0
36,2015,0
37,2015,0.685676629041219
38,2015,0
39,2015,0.9434776753523372
40,2015,0.6165190931952991
41,2015,0.467019667169586
42,2015,0.4074893851322601
43,2015,0.5197986642764906
44,2015,0.3546477950473079
45,2015,0.3621557321511237
46,2015,0.4316542719245966
47,2015,0.4666577043462287
48,2015,0.39732148554069874
49,2015,0.3734440837481791
50,2015,0.46069223002842946
51,2015,0.6104955145571702
52,2015,0.8449622047611869
53,2015,0.6213123923738734
54,2015,0.5651730401243078
55,2015,0.5378290456821346
56,2015,0.5233419984717148
57,2015,0.6192690348329258
58,2015,0.6080455941311986
59,2015,0.6575648145912947
60,2015,0.9989373708914261
61,2015,0.5654505061727922
62,2015,0.5728545462484225
63,2015,0.27495909114262906
64,2015,0.40701459802276885
65,2015,0.6642956143165126
66,2015,0.6210752180428739
67,2015,0.38891879638148447
68,2015,0.7806474760326824
69,2015,0.4376458460407228
70,2015,0.40213236424704213
71,2015,0.46425121291759486
72,2015,0.4548187845136284
73,2015,0.23195294479656534
74,2015,0.4465043334659546
75,2015,0.48321611025457567
76,2015,0.5797806635707984
77,2015,0.6004250484348144
78,2015,0.7004988934854703
79,2015,0.7116061095784019
80,2015,0.49433204249199575
81,2015,0.5176797026850297
82,2015,0.5262779082286624
84,2015,0.6333508307546467
85,2015,0.2341567690125758
86,2015,0.3641979344486307
88,2015,0.09806076036059538
89,2015,0
90,2015,0
91,2015,0
92,2015,0
93,2015,0
94,2015,0
95,2015,0.03167769368813842
96,2015,0.5437762672632729
97,2015,0.4845314444336648
98,2015,0.6963395233362927
99,2015,0.7153249044222026
100,2015,0.46883822873470915
101,2015,0.13226069408591526
102,2015,0.5089452675858356
103,2015,0.598781167066399
104,2015,0.41727920575454147
105,2015,0
106,2015,0.6381392672112748
107,2015,0
108,2015,0.8023835927312416
110,2015,0.42075531999986543
111,2015,0.4348869729570535
112,2015,0.4938599857429216
113,2015,0.6216337439538921
114,2015,0.6411263857917143
115,2015,0.5884991597339511
116,2015,0.6381438898083771
117,2015,0.6021313788478115
118,2015,0.617230151978028
119,2015,0.605290037825964
120,2015,0.5877061265024373
121,2015,0.4507358834929326
122,2015,0.618399285658173
123,2015,0.49381563007571677
124,2015,0.6985120632234028
125,2015,0.6322182125728276
126,2015,0.6002046595577016
127,2015,0.6320362833730739
129,2015,0.4338495700407914
130,2015,0.42907720336804156
131,2015,0.44866675718579135
132,2015,0.4788840298891025
133,2015,0.48783986401400675
134,2015,0.6253903095641429
135,2015,0.43064182724217975
136,2015,0.5167152065445157
137,2015,0.5197566838081934
138,2015,0.5203978918952901
139,2015,0.5281110983306211
140,2015,0.6154636081405579
141,2015,0.4005276358439365
143,2015,0.1885101302753247
144,2015,0.014091934445856448
145,2015,0.012173701112700022
146,2015,0.22559877662665825
147,2015,0.5090418423958393
148,2015,0.44012450272345094
149,2015,0
150,2015,0
151,2015,0.6273917191767643
152,2015,0.45758246803777103
153,2015,0.5366268063364814
154,2015,0.2233788210378082
155,2015,0.577083965321289
156,2015,0.6992049692013533
157,2015,0.07014532808098331
158,2015,0
159,2015,0
161,2015,0.5196775563048106
162,2015,0.3205768770205322
163,2015,0.48521793480106434
164,2015,0.31793578860722327
166,2015,0.58911723629112
167,2015,0.3621394117189366
168,2015,0.3524406660963505
169,2015,0.2788411333659348
171,2015,0.5496842822537725
172,2015,0.47397083819051145
173,2015,0.45734006367243846
174,2015,0.4193690115606297
175,2015,0.5231752766094369
176,2015,0.5458264928885801
177,2015,0.6614597339792246
178,2015,0.5222357282649265
179,2015,0.5325181075323424
180,2015,0.5759792161582024
181,2015,0.46029198687166734
182,2015,0.5738304839128756
183,2015,0.5727605948327398
184,2015,0.5664227709012806
185,2015,0.9331952154091646
186,2015,0.4506852446993668
187,2015,0.4416786599321083
188,2015,0.44232853066880695
189,2015,0.43756747578749
190,2015,0.5598663294976302
191,2015,0.3865060357540611
192,2015,0.451429665730314
193,2015,0.46793935521969765
194,2015,0.5657679367100502
195,2015,0.603502886986785
196,2015,0.6921592708416632
197,2015,0.5677114161826775
198,2015,0.3298714186247306
199,2015,0.4046780552888924
200,2015,0.5205313532031419
202,2015,0.5770769778645838
203,2015,0.6877824289638603
204,2015,0.7204681231508921
205,2015,0.5266060459293503
206,2015,0.5458108860459131
207,2015,0.634273070069701
208,2015,0.9703607398367964
209,2015,0.7202086378506712
210,2015,0.6300392898376829
212,2015,0.75028928429189
214,2015,0.5395389116596864
215,2015,0.5901242219486608
216,2015,0.5574550895880003
218,2015,0.15383882051094727
219,2015,0.40933959378367346
220,2015,0.767581824960729
221,2015,0.7561293281093946
222,2015,0.4412351998356471
223,2015,0.3168228814729423
224,2015,0.3053315554955086
227,2015,0.7406648577818183
228,2015,0.741369545154104
231,2015,0.46913166893705993
232,2015,0.41535073196177846
237,2015,0.47318138477029364
244,2015,0.6348223277232625
245,2015,0.4786049403273792
247,2015,0.4885742851894612
248,2015,0.5943545457608275
249,2015,0.6244763604791902
250,2015,0.6734468311405585
1,2016,0.6031688304949214
2,2016,0.3615811408591341
3,2016,0.4711502123723944
4,2016,0
5,2016,0.3325805438356853
6,2016,0.3640573746686508
7,2016,0.3839010917525968
8,2016,0.5114382255689399
9,2016,0.6452971466672058
10,2016,0.7050500535743425
11,2016,0.7722961596393395
12,2016,0
13,2016,0.5896134460267719
14,2016,0.6940053479913136
15,2016,0.6413056220297835
16,2016,0.3380081273275333
17,2016,0.30241900777946396
18,2016,0.4264575264286365
19,2016,0.7375525961377055
20,2016,0.6826423298134929
21,2016,0.6078302365936299
24,2016,0.4369523761931928
25,2016,0.5987516780447846
26,2016,0.45571298661176085
28,2016,0.6743935769720661
29,2016,0.7240527697282284
30,2016,0
31,2016,0.6134220484918395
32,2016,0.6222226698871073
33,2016,0
34,2016,0
35,2016,0
36,2016,0
37,2016,0.6860100329816539
38,2016,0
39,2016,0.9460373320763807
40,2016,0.6169257646449032
41,2016,0.46883422308028255
42,2016,0.41094107003935504
43,2016,0.5220594263620562
44,2016,0.3576764699845466
45,2016,0.3648950648740472
46,2016,0.4327234700158991
47,2016,0.46916927056885777
48,2016,0.39861037909450425
49,2016,0.3783021870733171
50,2016,0.4624028351023736
51,2016,0.612774608945336
52,2016,0.8465683000665933
53,2016,0.6232782111230906
54,2016,0.5670095094584935
55,2016,0.5375811945055413
56,2016,0.5246531461169015
57,2016,0.6187908121804404
58,2016,0.6087482787708047
59,2016,0.6580780416527858
60,2016,0.999150759682092
61,2016,0.5668283983946454
62,2016,0.5743849621327257
63,2016,0.2776401454351692
64,2016,0.4107578530230436
65,2016,0.6685130277553114
66,2016,0.6242852939026247
67,2016,0.3902843550937705
68,2016,0.7809761903029319
69,2016,0.43705097254874353
70,2016,0.40231524194929214
71,2016,0.464002890648838
72,2016,0.4457995054327015
73,2016,0.23196348922793214
74,2016,0.4469328836554992
75,2016,0.48289620761991436
76,2016,0.5808935646537655
77,2016,0.6026431344914618
78,2016,0.7006752668208249
79,2016,0.7136415439436715
80,2016,0.4940973951948233
81,2016,0.5185948637429945
82,2016,0.5272007130695076
84,2016,0.6349325942381755
85,2016,0.2362644323437806
86,2016,0.36415830950483713
88,2016,0.09934445818514435
89,2016,0
90,2016,0
91,2016,0
92,2016,0
93,2016,0
94,2016,0
95,2016,0.03175990341351699
96,2016,0.5464638143123973
97,2016,0.4878070295023866
98,2016,0.7003222067368549
99,2016,0.7180542743888084
100,2016,0.4653474755452635
101,2016,0.13578427715631614
102,2016,0.509650016011814
103,2016,0.6011061586227278
104,2016,0.42058562070252997
105,2016,0
106,2016,0.6407554579865974
107,2016,0
108,2016,0.8019932829729581
110,2016,0.42200097552161187
111,2016,0.43584693378850353
112,2016,0.4938159744218013
113,2016,0.6229504487223084
114,2016,0.6425315010747834
115,2016,0.589801247253743
116,2016,0.6381004035083807
117,2016,0.6038303621991765
118,2016,0.6181591613384342
119,2016,0.6062136037834741
120,2016,0.5887603608026188
121,2016,0.4512272223538234
122,2016,0.6192218891235807
123,2016,0.49427747133834427
124,2016,0.6987596927304087
125,2016,0.6326603625087149
126,2016,0.6003904265250505
127,2016,0.6325196081690624
129,2016,0.4354561941077838
130,2016,0.43029529028964647
131,2016,0.44936227805001533
132,2016,0.4799108123701248
133,2016,0.48918003335468674
134,2016,0.625757819399868
135,2016,0.4314294957819884
136,2016,0.5185962828455484
137,2016,0.5211901079287697
138,2016,0.5219362699516698
139,2016,0.5293544297990159
140,2016,0.6155512776858034
141,2016,0.40073351905649446
143,2016,0.18910464325850268
144,2016,0.014402108830994216
145,2016,0.012169858883810943
146,2016,0.22838727525381844
147,2016,0.5104262208749434
148,2016,0.44214805775440064
149,2016,0
150,2016,0
151,2016,0.6275877359378362
152,2016,0.4582151454934852
153,2016,0.5367965098829971
154,2016,0.2235584955726583
155,2016,0.5777306711450486
156,2016,0.7009828675531731
157,2016,0.06715939994170184
158,2016,0
159,2016,0
161,2016,0.5195722612053417
162,2016,0.32149871008291375
163,2016,0.4857411696924487
164,2016,0.32006428422314026
166,2016,0.5894438290651288
167,2016,0.36253903260347303
168,2016,0.35324228148151826
169,2016,0.2797968398846675
171,2016,0.5505941435584374
172,2016,0.47522916386712843
173,2016,0.4578938205749958
174,2016,0.4199467140594445
175,2016,0.5235247057844649
176,2016,0.5457974735268306
177,2016,0.6618859737210794
178,2016,0.5222585981602489
179,2016,0.5331090627205758
180,2016,0.5766009439297304
181,2016,0.46098247372630985
182,2016,0.5739637485945142
183,2016,0.5725366371838919
184,2016,0.5662628917209797
185,2016,0.9335316352746355
186,2016,0.4512232878275016
187,2016,0.44154587701049175
188,2016,0.4425601797320885
189,2016,0.43719758790824
190,2016,0.5618710174951062
191,2016,0.38961434981066506
192,2016,0.45475905456737403
193,2016,0.47059442726111406
194,2016,0.5694538106957004
195,2016,0.6059012780187784
196,2016,0.6949252671203892
197,2016,0.571403047951343
198,2016,0.3309119430126131
199,2016,0.4049101049419242
200,2016,0.532702179207237
202,2016,0.5820385373823166
203,2016,0.6885935154240775
204,2016,0.7213215486393504
205,2016,0.527789003900049
206,2016,0.5473186234125959
207,2016,0.6349232656676247
208,2016,0.9718073121593211
209,2016,0.7215320757480339
210,2016,0.6297961883020343
212,2016,0.7527128984520967
214,2016,0.5412501052912949
215,2016,0.592655711199003
216,2016,0.5585891549120254
218,2016,0.15438220986999154
219,2016,0.4097510688083702
220,2016,0.7691312866984061
221,2016,0.7582561037956016
222,2016,0.44217438188165165
223,2016,0.3179809172538826
224,2016,0.30605237928681567
227,2016,0.7414778896746824
228,2016,0.7413122605533963
231,2016,0.47155913297985036
232,2016,0.4151736590540304
237,2016,0.47446085684609784
244,2016,0.6354976724026825
245,2016,0.4798424299280945
247,2016,0.4899060081636153
248,2016,0.5945804134905132
249,2016,0.626758708306876
250,2016,0.673733941087413
1,2017,0.6045478658216765
2,2017,0.36295180777093883
3,2017,0.47124594516847995
4,2017,0
5,2017,0.33352560300109124
6,2017,0.36620177654824676
7,2017,0.3854827669814377
8,2017,0.5113748814483335
9,2017,0.646021225485086
10,2017,0.7052331828157071
11,2017,0.772349177384055
12,2017,0
13,2017,0.5905255837759043
14,2017,0.6940241963404964
15,2017,0.6428117963295656
16,2017,0.3393497173497415
17,2017,0.3035126934701188
18,2017,0.426919116134742
19,2017,0.738288221487579
20,2017,0.6830681230020126
21,2017,0.608264839706953
24,2017,0.43693462141503464
25,2017,0.6004861456692114
26,2017,0.4559933195716435
28,2017,0.6768031143503785
29,2017,0.7265987200919926
30,2017,0
31,2017,0.6139313994385813
32,2017,0.6229220523245067
33,2017,0
34,2017,0
35,2017,0
36,2017,0
37,2017,0.6863423801617738
38,2017,0
39,2017,0.9485359985334303
40,2017,0.6173308652663705
41,2017,0.47061791440939915
42,2017,0.41428275582835417
43,2017,0.5242724777403565
44,2017,0.36062012367529467
45,2017,0.36756465836712876
46,2017,0.4337818759325497
47,2017,0.47162208848428683
48,2017,0.3998836247193836
49,2017,0.3829451656134441
50,2017,0.4640859814119599
51,2017,0.6150052239702261
52,2017,0.8481501687665498
53,2017,0.6252078576317256
54,2017,0.5688143711315388
55,2017,0.5373327565440909
56,2017,0.525948103528855
57,2017,0.6183103991739964
58,2017,0.6094462876936892
59,2017,0.6585887687996405
60,2017,0.9993637124074249
61,2017,0.5681884205132205
62,2017,0.5758933645408632
63,2017,0.2802543605067115
64,2017,0.41437208518505586
65,2017,0.6725673687461451
66,2017,0.6274000203458986
67,2017,0.3916323584844719
68,2017,0.781303877027522
69,2017,0.4364527092313719
70,2017,0.4024978016785462
71,2017,0.46375397706236837
72,2017,0.43593090173094695
73,2017,0.23197403247877957
74,2017,0.44735968915397917
75,2017,0.4825753266596734
76,2017,0.5819947795215563
77,2017,0.6048152739838654
78,2017,0.7008513448533671
79,2017,0.7156382227054128
80,2017,0.493862221288815
81,2017,0.519502108101313
82,2017,0.5281154675668677
84,2017,0.6364908534743428
85,2017,0.23833057519857387
86,2017,0.3641186721584463
88,2017,0.10061263171522983
89,2017,0
90,2017,0
91,2017,0
92,2017,0
93,2017,0
94,2017,0
95,2017,0.03184204975235249
96,2017,0.5490842018253406
97,2017,0.4909833916343913
98,2017,0.7041591530204349
99,2017,0.7207144049090246
100,2017,0.461736512832496
101,2017,0.13919330704181168
102,2017,0.5103500597272491
103,2017,0.6033807197773402
104,2017,0.42379096763715945
105,2017,0
106,2017,0.643307967346131
107,2017,0
108,2017,0.8016015140709765
110,2017,0.4232320075681845
111,2017,0.43679818548698157
112,2017,0.49377194494036014
113,2017,0.6242508265109258
114,2017,0.643918038001275
115,2017,0.5910873642819798
116,2017,0.6380568994372312
117,2017,0.6055022677871876
118,2017,0.6190800226527811
119,2017,0.60712910616097
120,2017,0.5898041042723834
121,2017,0.4517162699525239
122,2017,0.6200380883941589
123,2017,0.4947372873673821
124,2017,0.6990067376452365
125,2017,0.6331006544062813
126,2017,0.6005758650824888
127,2017,0.6330007160260579
129,2017,0.43703857509656313
130,2017,0.43149939156460143
131,2017,0.45005321574915536
132,2017,0.4809276406779592
133,2017,0.49050329203241755
134,2017,0.6261240461006661
135,2017,0.43221129218923293
136,2017,0.52044421013195
137,2017,0.5226042031833181
138,2017,0.5234524062067811
139,2017,0.5305831935306363
140,2017,0.615638873156922
141,2017,0.400938999672059
143,2017,0.1896958073073799
144,2017,0.014711368628408853
145,2017,0.012166016649757742
146,2017,0.23110354050950604
147,2017,0.5117925617868738
148,2017,0.44413330799852574
149,2017,0
150,2017,0
151,2017,0.6277833872214977
152,2017,0.4588440297179548
153,2017,0.5369659381201801
154,2017,0.2237378633481494
155,2017,0.5783734147801458
156,2017,0.7027311275355275
157,2017,0.0640859513422154
158,2017,0
159,2017,0
161,2017,0.5194668626380965
162,2017,0.3224125105498697
163,2017,0.486261806958753
164,2017,0.3221504339575784
166,2017,0.5897694081954791
167,2017,0.36293713607521444
168,2017,0.3540378155456673
169,2017,0.2807439157402756
171,2017,0.5514961785971724
172,2017,0.4764725695742077
173,2017,0.45844466861470656
174,2017,0.4205212499739346
175,2017,0.5238729746704424
176,2017,0.5457684458755111
177,2017,0.6623104881047817
178,2017,0.5222814638066772
179,2017,0.5336967062626385
180,2017,0.5772190073668493
181,2017,0.46166844403001905
182,2017,0.5740968439532199
183,2017,0.5723122005268323
184,2017,0.5661027685448192
185,2017,0.933866979777373
186,2017,0.4517585814466993
187,2017,0.4414129263952781
188,2017,0.44279131839887675
189,2017,0.43682638573318094
190,2017,0.5638381009905209
191,2017,0.3926331794785188
192,2017,0.4579859878862212
193,2017,0.4731839353859289
194,2017,0.5730145221805018
195,2017,0.6082460418277902
196,2017,0.6976201796647918
197,2017,0.5749691374260811
198,2017,0.3319422422418444
199,2017,0.4051416413657291
200,2017,0.5436062280137234
202,2017,0.5867759211754117
203,2017,0.6893983766297441
204,2017,0.7221680847525186
205,2017,0.5289587670831852
206,2017,0.548804990497618
207,2017,0.6355694546635702
208,2017,0.9732342014173481
209,2017,0.7228390197236282
210,2017,0.6295525218281123
212,2017,0.7550817637964213
214,2017,0.5429338241778037
215,2017,0.5951275279907848
216,2017,0.5597110873681546
218,2017,0.15492279823570465
219,2017,0.41016093513921376
220,2017,0.7706581847576097
221,2017,0.7603406007855417
222,2017,0.4431052276239372
223,2017,0.319126303933509
224,2017,0.30676828177416465
227,2017,0.7422846664517669
228,2017,0.7412549440090925
231,2017,0.473931675507368
232,2017,0.41499628748546363
237,2017,0.4757249072357337
244,2017,0.6361686943918685
245,2017,0.48106548655970793
247,2017,0.4912210308126177
248,2017,0.5948057825456233
249,2017,0.6289924385897457
250,2017,0.6740202680768548
1,2018,0.6059090025523787
2,2018,0.3643047881669853
3,2018,0.47134159305312784
4,2018,0
5,2018,0.33446222409609383
6,2018,0.36830320557448815
7,2018,0.3870409402995131
8,2018,0.5113114972857522
9,2018,0.64674033862595115
10,2018,0.7054159921239354
11,2018,0.7724021715829058
12,2018,0
13,2018,0.59142985689215
14,2018,0.6940430412108893
15,2018,0.6442966442600253
16,2018,0.3406743609532004
17,2018,0.3045950905510561
18,2018,0.4273786822101026
19,2018,0.7390187187862218
20,2018,0.6834921948725894
21,2018,0.6086976491848045
24,2018,0.43691686360817317
25,2018,0.6021923922445923
26,2018,0.456272906006698
28,2018,0.6791585246529613
29,2018,0.7290843246333674
30,2018,0
31,2018,0.6144382880689265
32,2018,0.623616802444653
33,2018,0
34,2018,0
35,2018,0
36,2018,0
37,2018,0.6866736774678364
38,2018,0
39,2018,0.9509765114523312
40,2018,0.6177344070607084
41,2018,0.4723717740640655
42,2018,0.417521237640381
43,2018,0.5264397907154768
44,2018,0.36348340064122137
45,2018,0.37016797449500266
46,2018,0.43482971148168686
47,2018,0.4740188467353334
48,2018,0.40114159733205806
49,2018,0.38739126945825275
50,2018,0.4657425392458658
51,2018,0.6171893779177828
52,2018,0.8497085293551813
53,2018,0.6271026374441512
54,2018,0.5705886940732945
55,2018,0.5370837285217073
56,2018,0.5272272642639496
57,2018,0.6178277753132617
58,2018,0.6101396803288258
59,2018,0.6590970212856154
60,2018,0.999576242989487
61,2018,0.5695310302846258
62,2018,0.5773803773014667
63,2018,0.28280499033372314
64,2018,0.4178658938182552
65,2018,0.6764707835876589
66,2018,0.6304248972603731
67,2018,0.39296325342188726
68,2018,0.7816305432438129
69,2018,0.43585100870374166
70,2018,0.4026800439865009
71,2018,0.4635044709846943
72,2018,0.42503622357400145
73,2018,0.23198457566653669
74,2018,0.44778476410742585
75,2018,0.48225345995769153
76,2018,0.5830845509097683
77,2018,0.6069433341290689
78,2018,0.7010271271534328
79,2018,0.7175975946793962
80,2018,0.4936265191273439
81,2018,0.5204015705278955
82,2018,0.5290223126245424
84,2018,0.6380262972881267
85,2018,0.2403567923970223
86,2018,0.36407901932133296
88,2018,0.10186564470641378
89,2018,0
90,2018,0
91,2018,0
92,2018,0
93,2018,0
94,2018,0
95,2018,0.031924131625389755
96,2018,0.5516407030182234
97,2018,0.49406636530398923
98,2018,0.7078606533194519
99,2018,0.7233087262075357
100,2018,0.45799676472491335
101,2018,0.1424949978733988
102,2018,0.5110454615398322
103,2018,0.6056069914495918
104,2018,0.426901241626272
105,2018,0
106,2018,0.6457998221753691
107,2018,0
108,2018,0.8012082755818175
110,2018,0.42444875051839387
111,2018,0.4377408874829099
112,2018,0.4937278965273647
113,2018,0.6255352748057096
114,2018,0.6452864816582915
115,2018,0.5923579005488276
116,2018,0.638013377064354
117,2018,0.6071479294455647
118,2018,0.6199928536162527
119,2018,0.608036685247018
120,2018,0.590837560161431
121,2018,0.4522030482946554
122,2018,0.6208479845905184
123,2018,0.49519509826202257
124,2018,0.6992532010109261
125,2018,0.6335391036060765
126,2018,0.6007609771124333
127,2018,0.6334796264739174
129,2018,0.43859743393217904
130,2018,0.4326898241858703
131,2018,0.4507396319410372
132,2018,0.4819347043518784
133,2018,0.491810061844778
134,2018,0.6264889978785054
135,2018,0.432987303345517
136,2018,0.522260138252133
137,2018,0.5239994856021524
138,2018,0.5249469349890395
139,2018,0.531797725250114
140,2018,0.6157263966276204
141,2018,0.4011440782104563
143,2018,0.19028365664148986
144,2018,0.015019719995180949
145,2018,0.012162174175327608
146,2018,0.23375122852110836
147,2018,0.5131413291553639
148,2018,0.44608167217791933
149,2018,0
150,2018,0
151,2018,0.6279786730068446
152,2018,0.4594691641551629
153,2018,0.5371350922738317
154,2018,0.223916925592235
155,2018,0.579012240882527
156,2018,0.7044507203313605
157,2018,0.060919705955117455
158,2018,0
159,2018,0
161,2018,0.5193613575729321
162,2018,0.32331841703300673
163,2018,0.4867798720840474
164,2018,0.32419589535658405
166,2018,0.5900939804653603
167,2018,0.36333373488378917
168,2018,0.3548273604621376
169,2018,0.28168251437496733
171,2018,0.5523905208192891
172,2018,0.4777014047658735
173,2018,0.4589926385597382
174,2018,0.42109265763961273
175,2018,0.524220090683851
176,2018,0.5457394111317786
177,2018,0.6627332905378882
178,2018,0.5223043237887084
179,2018,0.5342810752458509
180,2018,0.5778334495248603
181,2018,0.46234995632015563
182,2018,0.574229770526249
183,2018,0.5720872823763451
184,2018,0.5659424005735963
185,2018,0.934201254142834
186,2018,0.45229115932024383
187,2018,0.4412798058734834
188,2018,0.44302194938413625
189,2018,0.4364538613935162
190,2018,0.5657689669530296
191,2018,0.39556753370189746
192,2018,0.4611165768916321
193,2018,0.4757110381018509
194,2018,0.5764582942122636
195,2018,0.6105395237993387
196,2018,0.700247569732438
197,2018,0.5784179364085548
198,2018,0.33296251638727925
199,2018,0.40537266958141754
200,2018,0.5534825210470372
202,2018,0.591308513796777
203,2018,0.6901971073854595
204,2018,0.7230078421600944
205,2018,0.5301156260022584
206,2018,0.5502705846628919
207,2018,0.6362116864322681
208,2018,0.9746419354623728
209,2018,0.7241298760078795
210,2018,0.6293082877865499
212,2018,0.7573982999350788
214,2018,0.5445909371150945
215,2018,0.5975424160913855
216,2018,0.560821143600249
218,2018,0.15546061404433797
219,2018,0.41056921121907486
220,2018,0.772163170453906
221,2018,0.762384472352439
222,2018,0.4440278833083803
223,2018,0.32025931486341674
224,2018,0.30747933049191617
227,2018,0.7430852823331873
228,2018,0.7411975972807975
231,2018,0.4762517269250648
232,2018,0.4148186145236208
237,2018,0.47697390174387655
244,2018,0.6368354508421294
245,2018,0.48227443235048495
247,2018,0.49251976874412934
248,2018,0.5950306764874205
249,2018,0.6311795819142247
250,2018,0.6743058156034563
1,2019,0.6072526974945238
2,2019,0.36564053828434684
3,2019,0.47143715117118096
4,2019,0
5,2019,0.33539055030219816
6,2019,0.370363350235075
7,2019,0.38857630088121964
8,2019,0.5112480750769042
9,2019,0.6474545543663854
10,2019,0.7055984841947799
11,2019,0.7724551383327882
12,2019,0
13,2019,0.5923263984169751
14,2019,0.6940618826025047
15,2019,0.6457607610955172
16,2019,0.34198248085742766
17,2019,0.3056664300519252
18,2019,0.4278362436494682
19,2019,0.7397441651817177
20,2019,0.6839145585266014
21,2019,0.6091286795609069
24,2019,0.4368991029916508
25,2019,0.6038713216360344
26,2019,0.45655174838049023
28,2019,0.6814621940000393
29,2019,0.7315123760539207
30,2019,0
31,2019,0.6149427390531409
32,2019,0.6243069794986206
33,2019,0
34,2019,0
35,2019,0
36,2019,0
37,2019,0.6870039314528594
38,2019,0
39,2019,0.9533615189985877
40,2019,0.6181364019112132
41,2019,0.4740967833473815
42,2019,0.4206626989657515
43,2019,0.5285632173079832
44,2019,0.3662705738162557
45,2019,0.3727082299537136
46,2019,0.4358671752494392
47,2019,0.47636204783075503
48,2019,0.4023846570574023
49,2019,0.3916565106819066
50,2019,0.4673733382870532
51,2019,0.6193289714269621
52,2019,0.8512440728660403
53,2019,0.6289637873803794
54,2019,0.5723334954077529
55,2019,0.5368341076386716
56,2019,0.5284910108394201
57,2019,0.6173429197044322
58,2019,0.6108285194295279
59,2019,0.6596028219056604
60,2019,0.9997883337175495
61,2019,0.5708566679771152
62,2019,0.5788465994836121
63,2019,0.2852950545670761
64,2019,0.4212470464059386
65,2019,0.6802341051679675
66,2019,0.63336496220382
67,2019,0.39427747064893987
68,2019,0.781956194706784
69,2019,0.43524583901701047
70,2019,0.4028619705629278
71,2019,0.46325437032059025
72,2019,0.41287707623853365
73,2019,0.2319951173354925
74,2019,0.4482081237404276
75,2019,0.4819306033284136
76,2019,0.584163113725239
77,2019,0.6090290681722274
78,2019,0.7012026159025132
79,2019,0.7195210276206998
80,2019,0.49339028569368093
81,2019,0.5212933829999102
82,2019,0.5299213821568516
84,2019,0.6395395834957334
85,2019,0.2423445980397017
86,2019,0.3640393502331583
88,2019,0.10310386994584547
89,2019,0
90,2019,0
91,2019,0
92,2019,0
93,2019,0
94,2019,0
95,2019,0.03200614905070956
96,2019,0.5541363642152205
97,2019,0.49706128836908514
98,2019,0.711435947586886
99,2019,0.725840411812748
100,2019,0.45411870841723456
101,2019,0.14569590173800856
102,2019,0.5117362823134731
103,2019,0.6077869821722162
104,2019,0.4299219217142981
105,2019,0
106,2019,0.6482338385543673
107,2019,0
108,2019,0.8008135576407523
110,2019,0.42565153632698727
111,2019,0.43867518851265125
112,2019,0.49368382978117203
113,2019,0.6268041826139065
114,2019,0.646637297986728
115,2019,0.5936132264897773
116,2019,0.6379698369406697
117,2019,0.6087681706335671
118,2019,0.620897818303418
119,2019,0.6089364786924854
120,2019,0.5918609324928029
121,2019,0.45268757645667457
122,2019,0.621651674910322
123,2019,0.4956509172886601
124,2019,0.6994990879631474
125,2019,0.6339757310601732
126,2019,0.6009457614340579
127,2019,0.6339563596245524
129,2019,0.4401334592869057
130,2019,0.4338668946977847
131,2019,0.45142158390260506
132,2019,0.48293218755121264
133,2019,0.4931007472868536
134,2019,0.6268526841529755
135,2019,0.4337576143557716
136,2019,0.5240451555754436
137,2019,0.5253764451582258
138,2019,0.5264204636631804
139,2019,0.5329983516328097
140,2019,0.6158138464825851
141,2019,0.40134875704744444
143,2019,0.19086822942918108
144,2019,0.015327166481920607
145,2019,0.012158331691038774
146,2019,0.23633370563695338
147,2019,0.5144729707430663
148,2019,0.44799449768162075
149,2019,0
150,2019,0
151,2019,0.6281735968738882
152,2019,0.4600905943304118
153,2019,0.5373039752100235
154,2019,0.2240956821165193
155,2019,0.5796472006932596
156,2019,0.7061425702514449
157,2019,0.05765487627421426
158,2019,0
159,2019,0
161,2019,0.5192557478279045
162,2019,0.3242165648711926
163,2019,0.48729539058126126
164,2019,0.32620221827766804
166,2019,0.5904175516539691
167,2019,0.3637288387214302
168,2019,0.35561100603603146
169,2019,0.2826127879810862
171,2019,0.5532773003474064
172,2019,0.4789160073913513
173,2019,0.4595377602366039
174,2019,0.4216609665052817
175,2019,0.5245660616625502
176,2019,0.5457103675629845
177,2019,0.6631543955913848
178,2019,0.5223271795785492
179,2019,0.5348622059830758
180,2019,0.5784443124796519
181,2019,0.4630270682464684
182,2019,0.5743625293487462
183,2019,0.5718618808892733
184,2019,0.5657817868614252
185,2019,0.9345344677167188
186,2019,0.45282104246949584
187,2019,0.4411465174514613
188,2019,0.44325207332051036
189,2019,0.4360800141101651
190,2019,0.5676649220245202
191,2019,0.3984220099966892
192,2019,0.46415641528323415
193,2019,0.47817867335406355
194,2019,0.5797925616636787
195,2019,0.6127839180487894
196,2019,0.7028107384438494
197,2019,0.5817569235088552
198,2019,0.33397296311373537
199,2019,0.4056031881867041
200,2019,0.56250822053863625
202,2019,0.5956532904184113
203,2019,0.6909898009224023
204,2019,0.7238409281662436
205,2019,0.5312598614801339
206,2019,0.5517159782735962
207,2019,0.6368500090170593
208,2019,0.9760310231244466
209,2019,0.7254050358920235
210,2019,0.6290634837066943
212,2019,0.7596647664604929
214,2019,0.5462222713783175
215,2019,0.5999029498335993
216,2019,0.561919573212447
218,2019,0.1559956858198145
219,2019,0.4109758989030305
220,2019,0.7736468636747544
221,2019,0.7643892692298885
222,2019,0.4449424923153522
223,2019,0.3213802159103982
224,2019,0.30818558974214577
227,2019,0.7438798352965023
228,2019,0.7411402185220679
231,2019,0.47852156007753455
232,2019,0.41464064107346993
237,2019,0.4782081957192696
244,2019,0.6374979943346201
245,2019,0.48346960948424356
247,2019,0.4938026187567373
248,2019,0.5952550795415369
249,2019,0.6333220390111428
250,2019,0.6745905874136471
1,2020,0.6085793985539025
2,2020,0.36695948386520016
3,2020,0.47153262875668817
4,2020,0
5,2020,0.3363107357930934
6,2020,0.3723838023544133
7,2020,0.3900895056196459
8,2020,0.5111846120506353
9,2020,0.6481639386290808
10,2020,0.7057806596027929
11,2020,0.7725080771659995
12,2020,0
13,2020,0.5932153405311867
14,2020,0.6940807207677583
15,2020,0.6472047179263234
16,2020,0.3432744841876831
17,2020,0.3067269346748116
18,2020,0.428291817292705
19,2020,0.7404646265018888
20,2020,0.6843352280658388
21,2020,0.6095579461595446
24,2020,0.4368813394213996
25,2020,0.6055237945186506
26,2020,0.4568298472364024
28,2020,0.6837163466525988
29,2020,0.7338854797125356
30,2020,0
31,2020,0.6154447761118017
32,2020,0.6249926436765273
33,2020,0
34,2020,0
35,2020,0
36,2020,0
37,2020,0.6873331485785268
38,2020,0
39,2020,0.9556934881926149
40,2020,0.6185368615120556
41,2020,0.4757938766551854
42,2020,0.42371278532426293
43,2020,0.5306444998712493
44,2020,0.36898558339543724
45,2020,0.37518840467299674
46,2020,0.43689447873069365
47,2020,0.47865403511820803
48,2020,0.40361315455682056
49,2020,0.39575503306362836
50,2020,0.46897916249002436
51,2020,0.6214257787829952
52,2020,0.8527574540102282
53,2020,0.6307924837414965
54,2020,0.5740497418040168
55,2020,0.536583891438742
56,2020,0.5297397084994823
57,2020,0.6168558117014876
58,2020,0.6115128628938304
59,2020,0.660106194722364
60,2020,1
61,2020,0.572165757499623
62,2020,0.5802926040221242
63,2020,0.28772736173984204
64,2020,0.42452258001265414
65,2020,0.6838670384298539
66,2020,0.6362248461050884
67,2020,0.3955754246161947
68,2020,0.782280838909957
69,2020,0.4346371564356252
70,2020,0.4030435814941948
71,2020,0.4630036735688028
72,2020,0.39912093118591613
73,2020,0.23200565756829114
74,2020,0.4486297814792128
75,2020,0.4816067491554242
76,2020,0.5852306960441991
77,2020,0.6110741260139203
78,2020,0.7013778108941193
79,2020,0.7214098166695939
80,2020,0.49315351934410295
81,2020,0.5221776759585139
82,2020,0.5308128105514
84,2020,0.6410313427363415
85,2020,0.24429543011140512
86,2020,0.36399966668828326
88,2020,0.10432764613946192
89,2020,0
90,2020,0
91,2020,0
92,2020,0
93,2020,0
94,2020,0
95,2020,0.0320881021899533
96,2020,0.5565740115266884
97,2020,0.4999730505360601
98,2020,0.7148933559332815
99,2020,0.7283124166372364
100,2020,0.4500917094091121
101,2020,0.14880199328089203
102,2020,0.5124225821216485
103,2020,0.6099225773780378
104,2020,0.43285801841242266
105,2020,0
106,2020,0.6506126401863644
107,2020,0
108,2020,0.8004173490711166
110,2020,0.4268406906726404
111,2020,0.43960124057524713
112,2020,0.4936397445726457
113,2020,0.6280579208467255
114,2020,0.6479709357868716
115,2020,0.5948537038853852
116,2020,0.6379262782638879
117,2020,0.6103637570489558
118,2020,0.621795037970487
119,2020,0.6098286175606866
120,2020,0.5928744131263166
121,2020,0.45316987639745904
122,2020,0.6224492529942683
123,2020,0.49610476370063333
124,2020,0.6997444011837338
125,2020,0.634410546237834
126,2020,0.601130220992395
127,2020,0.6344309361506577
129,2020,0.4416473107556276
130,2020,0.4350308999072081
131,2020,0.45209912992415857
132,2020,0.4839202732169765
133,2020,0.4943757406947736
134,2020,0.6272151136308295
135,2020,0.4345223083239153
136,2020,0.5258002969331513
137,2020,0.5267355586366261
138,2020,0.5278735738963223
139,2020,0.5341853882800748
140,2020,0.6159012239691525
141,2020,0.4015530358176253
143,2020,0.19144956035485022
144,2020,0.01563371409926023
145,2020,0.01215448889900868
146,2020,0.2388541152889381
147,2020,0.5157879132352888
148,2020,0.4498730541187065
149,2020,0
150,2020,0
151,2020,0.6283681591137692
152,2020,0.46070836381435354
153,2020,0.537472587935614
154,2020,0.22427413415398048
155,2020,0.5802783335625316
156,2020,0.7078075571123412
157,2020,0.05428512570032226
158,2020,0
159,2020,0
161,2020,0.5191500286782258
162,2020,0.3251070857288478
163,2020,0.48780838720963005
164,2020,0.3281708793636329
166,2020,0.5907401266538506
167,2020,0.3641224592677626
168,2020,0.35638883760687856
169,2020,0.28353487954235973
171,2020,0.5541566440339538
172,2020,0.4801167036400157
173,2020,0.46008006259413203
174,2020,0.4222262139345923
175,2020,0.5249108948433193
176,2020,0.5456813157992965
177,2020,0.6635738161042881
178,2020,0.5223500296036573
179,2020,0.5354401341103443
180,2020,0.579051637775396
181,2020,0.46369983616582655
182,2020,0.5744951198465926
183,2020,0.5716359937326021
184,2020,0.5656209268116561
185,2020,0.9348666246110053
186,2020,0.45334826612993734
187,2020,0.441013058316459
188,2020,0.44348169355265304
189,2020,0.43570483122956194
190,2020,0.5695272074147152
191,2020,0.4012008434013966
192,2020,0.4671106158412033
193,2020,0.480589576659769
194,2020,0.5830240758701682
195,2020,0.6149812832810257
196,2020,0.7053127504756226
197,2020,0.5849928634636248
198,2020,0.3349737663528882
199,2020,0.405833201908902
200,2020,0.5708182911871208
202,2020,0.599825198251658
203,2020,0.6917765474660205
204,2020,0.7246674483314951
205,2020,0.5323917466154051
206,2020,0.5531417203722293
207,2020,0.6374844695333447
208,2020,0.9774019514287852
209,2020,0.7266648763669173
210,2020,0.6288181068388836
212,2020,0.7618832841286468
214,2020,0.5478286165159892
215,2020,0.6022115171024501
216,2020,0.5630066158708866
218,2020,0.15652804134651055
219,2020,0.41138101701397434
220,2020,0.7751098573141914
221,2020,0.7663564587398457
222,2020,0.44584919323155997
223,2020,0.32248926402506584
224,2020,0.308887125065288
227,2020,0.7446684127462181
228,2020,0.7410828081809846
231,2020,0.48074330318714004
232,2020,0.4144623635224161
237,2020,0.47942813132065976
244,2020,0.6381563790336231
245,2020,0.48465132556255747
247,2020,0.4950699655205137
248,2020,0.5954790130392055
249,2020,0.6354216023607206
250,2020,0.6748745878361014
