rgn_id,product,year,tonnes_rel
5,ornamentals,1984,0.19672131147540983
5,ornamentals,1985,0.09836065573770492
5,ornamentals,1986,0.13114754098360656
5,ornamentals,1987,0.18032786885245902
5,ornamentals,1988,0.13114754098360656
5,ornamentals,1989,0.13114754098360656
5,ornamentals,1990,0.08196721311475409
5,ornamentals,1991,0
5,ornamentals,1992,0
5,ornamentals,1993,0
5,ornamentals,1994,0
5,ornamentals,1995,0
5,ornamentals,1996,0
5,ornamentals,1997,0.06557377049180328
5,ornamentals,1998,0.14754098360655737
5,ornamentals,1999,0.16393442622950818
5,ornamentals,2000,0.2786885245901639
5,ornamentals,2001,0.32786885245901637
5,ornamentals,2002,0.3114754098360656
5,ornamentals,2003,0.3770491803278688
5,ornamentals,2004,0.3442622950819672
5,ornamentals,2005,0.29508196721311475
5,ornamentals,2006,0.2786885245901639
5,ornamentals,2007,0.26229508196721313
5,ornamentals,2008,0.2459016393442623
5,ornamentals,2009,0.22950819672131148
5,ornamentals,2010,0.2786885245901639
5,ornamentals,2011,0.3114754098360656
5,ornamentals,2012,0.5245901639344263
5,ornamentals,2013,0.7213114754098361
5,ornamentals,2014,0.8688524590163934
5,ornamentals,2015,1
5,ornamentals,2016,0.9344262295081968
5,ornamentals,2017,0.7540983606557377
5,ornamentals,2018,0.5573770491803278
5,ornamentals,2019,0.32786885245901637
5,ornamentals,2020,0.11475409836065574
5,ornamentals,2021,0.04918032786885246
5,ornamentals,2022,0
7,ornamentals,1996,0.459162430891455
7,ornamentals,1997,0.32575151555252563
7,ornamentals,1998,0.3275638226604261
7,ornamentals,1999,0.36076723497919777
7,ornamentals,2000,0.2509009303556956
7,ornamentals,2001,0.20281578030229652
7,ornamentals,2002,0.37788030630336555
7,ornamentals,2003,0.6024085798289213
7,ornamentals,2004,0.7581593192974057
7,ornamentals,2005,0.9366434182250557
7,ornamentals,2006,0.9137101447057638
7,ornamentals,2007,0.57408750319633
7,ornamentals,2008,0.8473747247794273
7,ornamentals,2009,0.9707774183046075
7,ornamentals,2010,1
7,ornamentals,2011,1
7,ornamentals,2012,0.5660377358490566
7,ornamentals,2013,0.2641509433962264
7,ornamentals,2014,0
7,ornamentals,2015,0
7,ornamentals,2016,0
7,ornamentals,2017,0
7,ornamentals,2018,0
7,ornamentals,2019,0
7,ornamentals,2020,0
7,ornamentals,2021,0
7,ornamentals,2022,0
8,ornamentals,2013,0.4520233315590536
8,ornamentals,2014,0.2260116657795268
8,ornamentals,2015,0.2828185323008874
8,ornamentals,2016,0.3922922859584851
8,ornamentals,2017,0.4594648398015413
8,ornamentals,2018,1
8,ornamentals,2019,0.9008919336640979
8,ornamentals,2020,0.7207135469312783
8,ornamentals,2021,0.5405351601984587
8,ornamentals,2022,0
9,ornamentals,1996,0
9,ornamentals,1997,0
9,ornamentals,1998,0.08333333333333333
9,ornamentals,1999,0.5625
9,ornamentals,2000,0.875
9,ornamentals,2001,1
9,ornamentals,2002,0.9679641095638841
9,ornamentals,2003,0.4679641095638841
9,ornamentals,2004,0.15546410956388412
9,ornamentals,2005,0.07719378249924114
9,ornamentals,2006,0.046729672935357014
9,ornamentals,2007,0.046729672935357014
9,ornamentals,2008,0.10094546048616637
9,ornamentals,2009,0.05421578755080936
9,ornamentals,2010,0.05421578755080936
9,ornamentals,2011,0.05421578755080936
9,ornamentals,2012,0
9,ornamentals,2013,0
9,ornamentals,2014,0
9,ornamentals,2015,0
9,ornamentals,2016,0
9,ornamentals,2017,0
9,ornamentals,2018,0
9,ornamentals,2019,0
9,ornamentals,2020,0
9,ornamentals,2021,0
9,ornamentals,2022,0
14,ornamentals,1976,0.29931972789115646
14,ornamentals,1977,0.23582766439909297
14,ornamentals,1978,0.22373393801965233
14,ornamentals,1979,0.16780045351473924
14,ornamentals,1980,0.21768707482993196
14,ornamentals,1981,0.1836734693877551
14,ornamentals,1982,0.19047619047619047
14,ornamentals,1983,0.20634920634920634
14,ornamentals,1984,0.15192743764172337
14,ornamentals,1985,0.19954648526077098
14,ornamentals,1986,0.19501133786848074
14,ornamentals,1987,0.20861678004535147
14,ornamentals,1988,0.15419501133786848
14,ornamentals,1989,0.10657596371882086
14,ornamentals,1990,0.08390022675736962
14,ornamentals,1991,0.08163265306122448
14,ornamentals,1992,0.09977324263038549
14,ornamentals,1993,0.1473922902494331
14,ornamentals,1994,0.20634920634920634
14,ornamentals,1995,0.30158730158730157
14,ornamentals,1996,0.4013605442176871
14,ornamentals,1997,0.5192743764172335
14,ornamentals,1998,0.6122448979591837
14,ornamentals,1999,0.6462585034013606
14,ornamentals,2000,0.6462585034013606
14,ornamentals,2001,0.6054421768707483
14,ornamentals,2002,0.5963718820861678
14,ornamentals,2003,0.6462585034013606
14,ornamentals,2004,0.7233560090702947
14,ornamentals,2005,0.8412698412698413
14,ornamentals,2006,0.9138321995464853
14,ornamentals,2007,0.9727891156462585
14,ornamentals,2008,0.9501133786848073
14,ornamentals,2009,0.9342403628117913
14,ornamentals,2010,0.9206349206349206
14,ornamentals,2011,0.854875283446712
14,ornamentals,2012,0.9138321995464853
14,ornamentals,2013,1
14,ornamentals,2014,0.8276643990929705
14,ornamentals,2015,0.7052154195011338
14,ornamentals,2016,0.54421768707483
14,ornamentals,2017,0.3401360544217687
14,ornamentals,2018,0.4036281179138322
14,ornamentals,2019,0.32653061224489793
14,ornamentals,2020,0.24036281179138322
14,ornamentals,2021,0.12244897959183673
14,ornamentals,2022,0
17,ornamentals,1998,0.6891941327058436
17,ornamentals,1999,0.3938252186890535
17,ornamentals,2000,0.26255014579270236
17,ornamentals,2001,0.19691260934452676
17,ornamentals,2002,0.024614076168065845
17,ornamentals,2003,0
17,ornamentals,2004,0
17,ornamentals,2005,0
17,ornamentals,2006,0
17,ornamentals,2007,0
17,ornamentals,2008,0
17,ornamentals,2009,0
17,ornamentals,2010,0
17,ornamentals,2011,0.8861067420503704
17,ornamentals,2012,0.8861067420503704
17,ornamentals,2013,0.9437204947519214
17,ornamentals,2014,1
17,ornamentals,2015,0.11389325794962958
17,ornamentals,2016,0.17441079872684528
17,ornamentals,2017,0.11679704602529424
17,ornamentals,2018,0.06051754077721572
17,ornamentals,2019,0.06051754077721572
17,ornamentals,2020,0
17,ornamentals,2021,0
17,ornamentals,2022,0
18,ornamentals,2012,0.7717391304347826
18,ornamentals,2013,0.8913043478260869
18,ornamentals,2014,0.9384057971014492
18,ornamentals,2015,0.970108695652174
18,ornamentals,2016,1
18,ornamentals,2017,0.9565217391304348
18,ornamentals,2018,0.8994565217391305
18,ornamentals,2019,0.6331521739130435
18,ornamentals,2020,0.41032608695652173
18,ornamentals,2021,0.20108695652173914
18,ornamentals,2022,0
20,ornamentals,1978,1
20,ornamentals,1979,0.5
20,ornamentals,1980,0.3333333333333333
20,ornamentals,1981,0.43209876543209874
20,ornamentals,1982,0.39814814814814814
20,ornamentals,1983,0.39814814814814814
20,ornamentals,1984,0.6759259259259259
20,ornamentals,1985,0.5987654320987654
20,ornamentals,1986,0.42901234567901236
20,ornamentals,1987,0.6203703703703703
20,ornamentals,1988,0.345679012345679
20,ornamentals,1989,0.24074074074074073
20,ornamentals,1990,0.19444444444444445
20,ornamentals,1991,0.0030864197530864196
20,ornamentals,1992,0
20,ornamentals,1993,0
20,ornamentals,1994,0
20,ornamentals,1995,0.0030864197530864196
20,ornamentals,1996,0.0030864197530864196
20,ornamentals,1997,0.012345679012345678
20,ornamentals,1998,0.030864197530864196
20,ornamentals,1999,0.046296296296296294
20,ornamentals,2000,0.046296296296296294
20,ornamentals,2001,0.037037037037037035
20,ornamentals,2002,0.018518518518518517
20,ornamentals,2003,0
20,ornamentals,2004,0
20,ornamentals,2005,0
20,ornamentals,2006,0
20,ornamentals,2007,0
20,ornamentals,2008,0
20,ornamentals,2009,0
20,ornamentals,2010,0
20,ornamentals,2011,0
20,ornamentals,2012,3.4851032274702464e-4
20,ornamentals,2013,3.4851032274702464e-4
20,ornamentals,2014,3.4851032274702464e-4
20,ornamentals,2015,0.0018488484791762936
20,ornamentals,2016,0.004586757909515689
20,ornamentals,2017,0.004586757909515689
20,ornamentals,2018,0.004586757909515689
20,ornamentals,2019,0.0030864197530864196
20,ornamentals,2020,0
20,ornamentals,2021,0
20,ornamentals,2022,0
24,ornamentals,2006,1
24,ornamentals,2007,0.5
24,ornamentals,2008,0.4021164021164021
24,ornamentals,2009,0.4880952380952381
24,ornamentals,2010,0.33208752998485563
24,ornamentals,2011,0.33208752998485563
24,ornamentals,2012,0.3162145141118397
24,ornamentals,2013,0.12970657760390325
24,ornamentals,2014,0.03571428571428571
24,ornamentals,2015,0.03571428571428571
24,ornamentals,2016,0
24,ornamentals,2017,0
24,ornamentals,2018,0
24,ornamentals,2019,0
24,ornamentals,2020,0
24,ornamentals,2021,0
24,ornamentals,2022,0
25,ornamentals,1988,1
25,ornamentals,1989,0.7282608695652174
25,ornamentals,1990,0.6739130434782609
25,ornamentals,1991,0.6440217391304348
25,ornamentals,1992,0.6195652173913043
25,ornamentals,1993,0.5054347826086957
25,ornamentals,1994,0.3641304347826087
25,ornamentals,1995,0.22554347826086957
25,ornamentals,1996,0
25,ornamentals,1997,0
25,ornamentals,1998,0
25,ornamentals,1999,0
25,ornamentals,2000,0
25,ornamentals,2001,0
25,ornamentals,2002,0
25,ornamentals,2003,0
25,ornamentals,2004,0
25,ornamentals,2005,0
25,ornamentals,2006,0
25,ornamentals,2007,0
25,ornamentals,2008,0
25,ornamentals,2009,0
25,ornamentals,2010,0
25,ornamentals,2011,0
25,ornamentals,2012,0
25,ornamentals,2013,0.07880434782608696
25,ornamentals,2014,0.22282608695652173
25,ornamentals,2015,0.453804347826087
25,ornamentals,2016,0.453804347826087
25,ornamentals,2017,0.375
25,ornamentals,2018,0.23097826086956522
25,ornamentals,2019,0
25,ornamentals,2020,0
25,ornamentals,2021,0
25,ornamentals,2022,0
29,ornamentals,1996,0
29,ornamentals,1997,0
29,ornamentals,1998,0
29,ornamentals,1999,0
29,ornamentals,2000,0
29,ornamentals,2001,0
29,ornamentals,2002,0
29,ornamentals,2003,0
29,ornamentals,2004,0
29,ornamentals,2005,0
29,ornamentals,2006,0.6071428571428571
29,ornamentals,2007,0.8571428571428571
29,ornamentals,2008,1
29,ornamentals,2009,1
29,ornamentals,2010,0.39285714285714285
29,ornamentals,2011,0.14285714285714285
29,ornamentals,2012,0
29,ornamentals,2013,0
29,ornamentals,2014,0
29,ornamentals,2015,0
29,ornamentals,2016,0
29,ornamentals,2017,0
29,ornamentals,2018,0
29,ornamentals,2019,0
29,ornamentals,2020,0
29,ornamentals,2021,0
29,ornamentals,2022,0
37,ornamentals,1992,0.6511627906976745
37,ornamentals,1993,0.6511627906976745
37,ornamentals,1994,0.6511627906976745
37,ornamentals,1995,0.5813953488372093
37,ornamentals,1996,0.5813953488372093
37,ornamentals,1997,0.5581395348837209
37,ornamentals,1998,0.5581395348837209
37,ornamentals,1999,0.6976744186046512
37,ornamentals,2000,0.7209302325581395
37,ornamentals,2001,0.813953488372093
37,ornamentals,2002,1
37,ornamentals,2003,0.8604651162790697
37,ornamentals,2004,0.7441860465116279
37,ornamentals,2005,0.5813953488372093
37,ornamentals,2006,0.3023255813953488
37,ornamentals,2007,0.2558139534883721
37,ornamentals,2008,0.23255813953488372
37,ornamentals,2009,0.23255813953488372
37,ornamentals,2010,0.20930232558139536
37,ornamentals,2011,0.23255813953488372
37,ornamentals,2012,0.20930232558139536
37,ornamentals,2013,0.13953488372093023
37,ornamentals,2014,0.09302325581395349
37,ornamentals,2015,0.046511627906976744
37,ornamentals,2016,0.23255813953488372
37,ornamentals,2017,0.37209302325581395
37,ornamentals,2018,0.5813953488372093
37,ornamentals,2019,0.5581395348837209
37,ornamentals,2020,0.37209302325581395
37,ornamentals,2021,0.23255813953488372
37,ornamentals,2022,0.023255813953488372
39,ornamentals,1980,0.6746892118114124
39,ornamentals,1981,0.7977628574429501
39,ornamentals,1982,0.8801488811923714
39,ornamentals,1983,0.8826127905304928
39,ornamentals,1984,0.8933531266184662
39,ornamentals,1985,1
39,ornamentals,1986,0.7387697678271964
39,ornamentals,1987,0.9456825665610884
39,ornamentals,1988,0.7662699275202618
39,ornamentals,1989,0.42941392837010617
39,ornamentals,1990,0.42941392837010617
39,ornamentals,1991,0
39,ornamentals,1992,0
39,ornamentals,1993,0
39,ornamentals,1994,0
39,ornamentals,1995,0
39,ornamentals,1996,0
39,ornamentals,1997,0
39,ornamentals,1998,0
39,ornamentals,1999,0
39,ornamentals,2000,0
39,ornamentals,2001,0
39,ornamentals,2002,0
39,ornamentals,2003,0
39,ornamentals,2004,0
39,ornamentals,2005,0
39,ornamentals,2006,0
39,ornamentals,2007,0
39,ornamentals,2008,0
39,ornamentals,2009,0
39,ornamentals,2010,0
39,ornamentals,2011,0
39,ornamentals,2012,0
39,ornamentals,2013,0
39,ornamentals,2014,0
39,ornamentals,2015,0
39,ornamentals,2016,0
39,ornamentals,2017,0
39,ornamentals,2018,0
39,ornamentals,2019,0
39,ornamentals,2020,0
39,ornamentals,2021,0
39,ornamentals,2022,0
41,ornamentals,2004,0
41,ornamentals,2005,0
41,ornamentals,2006,0
41,ornamentals,2007,0
41,ornamentals,2008,0
41,ornamentals,2009,0
41,ornamentals,2010,0
41,ornamentals,2011,0
41,ornamentals,2012,0
41,ornamentals,2013,0.38461538461538464
41,ornamentals,2014,0.9230769230769231
41,ornamentals,2015,1
41,ornamentals,2016,1
41,ornamentals,2017,0.6153846153846154
41,ornamentals,2018,0.07692307692307693
41,ornamentals,2019,0
41,ornamentals,2020,0
41,ornamentals,2021,0
41,ornamentals,2022,0
42,ornamentals,2000,0
42,ornamentals,2001,0
42,ornamentals,2002,0
42,ornamentals,2003,0
42,ornamentals,2004,0
42,ornamentals,2005,0
42,ornamentals,2006,0
42,ornamentals,2007,0
42,ornamentals,2008,0
42,ornamentals,2009,0
42,ornamentals,2010,0
42,ornamentals,2011,0
42,ornamentals,2012,0
42,ornamentals,2013,0.25
42,ornamentals,2014,0.5
42,ornamentals,2015,0.75
42,ornamentals,2016,1
42,ornamentals,2017,0.75
42,ornamentals,2018,0.5
42,ornamentals,2019,0.25
42,ornamentals,2020,0
42,ornamentals,2021,0
42,ornamentals,2022,0
43,ornamentals,2003,0.9324324324324325
43,ornamentals,2004,1
43,ornamentals,2005,0.8288288288288289
43,ornamentals,2006,0.7702702702702703
43,ornamentals,2007,0.5878378378378378
43,ornamentals,2008,0.3860988868535596
43,ornamentals,2009,0.264477265231938
43,ornamentals,2010,0.31853131928599204
43,ornamentals,2011,0.41988267063734336
43,ornamentals,2012,0.4391891891891892
43,ornamentals,2013,0.5506756756756757
43,ornamentals,2014,0.47635135135135137
43,ornamentals,2015,0.38513513513513514
43,ornamentals,2016,0.42567567567567566
43,ornamentals,2017,0.4594594594594595
43,ornamentals,2018,0.4864864864864865
43,ornamentals,2019,0.42567567567567566
43,ornamentals,2020,0.30067567567567566
43,ornamentals,2021,0.1554054054054054
43,ornamentals,2022,0
45,ornamentals,1996,0.6666666666666666
45,ornamentals,1997,1
45,ornamentals,1998,0.6666666666666666
45,ornamentals,1999,0.5
45,ornamentals,2000,0.3333333333333333
45,ornamentals,2001,0
45,ornamentals,2002,0
45,ornamentals,2003,0
45,ornamentals,2004,0
45,ornamentals,2005,0
45,ornamentals,2006,0
45,ornamentals,2007,0
45,ornamentals,2008,0.5
45,ornamentals,2009,0.6666666666666666
45,ornamentals,2010,0.6666666666666666
45,ornamentals,2011,0.6666666666666666
45,ornamentals,2012,0.16666666666666666
45,ornamentals,2013,0
45,ornamentals,2014,0
45,ornamentals,2015,0
45,ornamentals,2016,0
45,ornamentals,2017,0
45,ornamentals,2018,0
45,ornamentals,2019,0
45,ornamentals,2020,0
45,ornamentals,2021,0
45,ornamentals,2022,0
47,ornamentals,2004,0.2857142857142857
47,ornamentals,2005,0.7142857142857143
47,ornamentals,2006,0.5396825396825398
47,ornamentals,2007,0.42857142857142855
47,ornamentals,2008,0.5714285714285714
47,ornamentals,2009,0.32142857142857145
47,ornamentals,2010,0.7619047619047619
47,ornamentals,2011,1
47,ornamentals,2012,0.7857142857142857
47,ornamentals,2013,0.75
47,ornamentals,2014,0.2619047619047619
47,ornamentals,2015,0
47,ornamentals,2016,0
47,ornamentals,2017,0
47,ornamentals,2018,0
47,ornamentals,2019,0
47,ornamentals,2020,0
47,ornamentals,2021,0
47,ornamentals,2022,0
48,ornamentals,1995,0
48,ornamentals,1996,0
48,ornamentals,1997,0.17391304347826086
48,ornamentals,1998,0.21739130434782608
48,ornamentals,1999,0.2608695652173913
48,ornamentals,2000,0.2608695652173913
48,ornamentals,2001,0.2608695652173913
48,ornamentals,2002,0.2608695652173913
48,ornamentals,2003,1
48,ornamentals,2004,1
48,ornamentals,2005,0.8695652173913043
48,ornamentals,2006,0.782608695652174
48,ornamentals,2007,0
48,ornamentals,2008,0
48,ornamentals,2009,0
48,ornamentals,2010,0
48,ornamentals,2011,0
48,ornamentals,2012,0
48,ornamentals,2013,0
48,ornamentals,2014,0
48,ornamentals,2015,0
48,ornamentals,2016,0
48,ornamentals,2017,0
48,ornamentals,2018,0
48,ornamentals,2019,0
48,ornamentals,2020,0
48,ornamentals,2021,0
48,ornamentals,2022,0
50,ornamentals,1993,0.21818181818181817
50,ornamentals,1994,0.10909090909090909
50,ornamentals,1995,0.09696969696969697
50,ornamentals,1996,0.07272727272727272
50,ornamentals,1997,0.01818181818181818
50,ornamentals,1998,0.3515151515151515
50,ornamentals,1999,0.3333333333333333
50,ornamentals,2000,0.38181818181818183
50,ornamentals,2001,0.8545454545454545
50,ornamentals,2002,1
50,ornamentals,2003,1
50,ornamentals,2004,0.9515151515151515
50,ornamentals,2005,0.47878787878787876
50,ornamentals,2006,0
50,ornamentals,2007,0.21212121212121213
50,ornamentals,2008,0.21212121212121213
50,ornamentals,2009,0.21212121212121213
50,ornamentals,2010,0.21212121212121213
50,ornamentals,2011,0
50,ornamentals,2012,0
50,ornamentals,2013,0
50,ornamentals,2014,0
50,ornamentals,2015,0
50,ornamentals,2016,0
50,ornamentals,2017,0
50,ornamentals,2018,0
50,ornamentals,2019,0
50,ornamentals,2020,0
50,ornamentals,2021,0
50,ornamentals,2022,0
52,ornamentals,1994,0.3333333333333333
52,ornamentals,1995,0.8333333333333334
52,ornamentals,1996,1
52,ornamentals,1997,0.8333333333333334
52,ornamentals,1998,0.75
52,ornamentals,1999,0.5
52,ornamentals,2000,0.16666666666666666
52,ornamentals,2001,0.08333333333333333
52,ornamentals,2002,0.08333333333333333
52,ornamentals,2003,0
52,ornamentals,2004,0
52,ornamentals,2005,0
52,ornamentals,2006,0
52,ornamentals,2007,0
52,ornamentals,2008,0
52,ornamentals,2009,0
52,ornamentals,2010,0
52,ornamentals,2011,0
52,ornamentals,2012,0
52,ornamentals,2013,0
52,ornamentals,2014,0
52,ornamentals,2015,0
52,ornamentals,2016,0
52,ornamentals,2017,0
52,ornamentals,2018,0
52,ornamentals,2019,0
52,ornamentals,2020,0
52,ornamentals,2021,0
52,ornamentals,2022,0
53,ornamentals,2002,0.02631578947368421
53,ornamentals,2003,0.013157894736842105
53,ornamentals,2004,0.008771929824561403
53,ornamentals,2005,0.006578947368421052
53,ornamentals,2006,0
53,ornamentals,2007,0.006578947368421052
53,ornamentals,2008,0.13157894736842105
53,ornamentals,2009,0.25
53,ornamentals,2010,0.27631578947368424
53,ornamentals,2011,0.5394736842105263
53,ornamentals,2012,0.4407894736842105
53,ornamentals,2013,0.3618421052631579
53,ornamentals,2014,0.8421052631578947
53,ornamentals,2015,0.5723684210526315
53,ornamentals,2016,1
53,ornamentals,2017,0.9605263157894737
53,ornamentals,2018,0.4605263157894737
53,ornamentals,2019,0.4605263157894737
53,ornamentals,2020,0.006578947368421052
53,ornamentals,2021,0.006578947368421052
53,ornamentals,2022,0
54,ornamentals,1995,0.4474043926624631
54,ornamentals,1996,0.22370219633123156
54,ornamentals,1997,0.22305906983383963
54,ornamentals,1998,0.16729430237537973
54,ornamentals,1999,0.05544320420976396
54,ornamentals,2000,0.05544320420976396
54,ornamentals,2001,0
54,ornamentals,2002,0
54,ornamentals,2003,0
54,ornamentals,2004,0.06906007343536658
54,ornamentals,2005,0.06906007343536658
54,ornamentals,2006,0.06906007343536658
54,ornamentals,2007,0.06906007343536658
54,ornamentals,2008,0
54,ornamentals,2009,0.7272727272727273
54,ornamentals,2010,1
54,ornamentals,2011,1
54,ornamentals,2012,1
54,ornamentals,2013,0.2727272727272727
54,ornamentals,2014,0
54,ornamentals,2015,0
54,ornamentals,2016,0
54,ornamentals,2017,0
54,ornamentals,2018,0
54,ornamentals,2019,0
54,ornamentals,2020,0
54,ornamentals,2021,0
54,ornamentals,2022,0
59,ornamentals,1988,0.6557377049180327
59,ornamentals,1989,0.4426229508196721
59,ornamentals,1990,0.37158469945355194
59,ornamentals,1991,0.32786885245901637
59,ornamentals,1992,0.26229508196721313
59,ornamentals,1993,0.36065573770491804
59,ornamentals,1994,0.5737704918032787
59,ornamentals,1995,0.8770491803278688
59,ornamentals,1996,1
59,ornamentals,1997,0.9754098360655737
59,ornamentals,1998,0.7213114754098361
59,ornamentals,1999,0.39344262295081966
59,ornamentals,2000,0.18032786885245902
59,ornamentals,2001,0.26229508196721313
59,ornamentals,2002,0.4672131147540984
59,ornamentals,2003,0.5409836065573771
59,ornamentals,2004,0.5573770491803278
59,ornamentals,2005,0.38524590163934425
59,ornamentals,2006,0.1885245901639344
59,ornamentals,2007,0.10655737704918032
59,ornamentals,2008,0.08196721311475409
59,ornamentals,2009,0.05737704918032787
59,ornamentals,2010,0.05737704918032787
59,ornamentals,2011,0.06557377049180328
59,ornamentals,2012,0.10655737704918032
59,ornamentals,2013,0.13934426229508196
59,ornamentals,2014,0.13934426229508196
59,ornamentals,2015,0.13114754098360656
59,ornamentals,2016,0.11475409836065574
59,ornamentals,2017,0.09836065573770492
59,ornamentals,2018,0.13114754098360656
59,ornamentals,2019,0.11475409836065574
59,ornamentals,2020,0.09016393442622951
59,ornamentals,2021,0.05737704918032787
59,ornamentals,2022,0
61,ornamentals,1990,1
61,ornamentals,1991,0.5
61,ornamentals,1992,0.3333333333333333
61,ornamentals,1993,0.25
61,ornamentals,1994,0
61,ornamentals,1995,0
61,ornamentals,1996,0
61,ornamentals,1997,0
61,ornamentals,1998,0
61,ornamentals,1999,0
61,ornamentals,2000,0
61,ornamentals,2001,0
61,ornamentals,2002,0
61,ornamentals,2003,0
61,ornamentals,2004,0
61,ornamentals,2005,0
61,ornamentals,2006,0
61,ornamentals,2007,0
61,ornamentals,2008,0
61,ornamentals,2009,0.06944444444444445
61,ornamentals,2010,0.08333333333333333
61,ornamentals,2011,0.08333333333333333
61,ornamentals,2012,0.08333333333333333
61,ornamentals,2013,0.013888888888888888
61,ornamentals,2014,0
61,ornamentals,2015,0
61,ornamentals,2016,0
61,ornamentals,2017,0
61,ornamentals,2018,0
61,ornamentals,2019,0
61,ornamentals,2020,0
61,ornamentals,2021,0
61,ornamentals,2022,0
67,ornamentals,1997,0.6404411784672649
67,ornamentals,1998,0.32022058923363245
67,ornamentals,1999,0.3160444953865242
67,ornamentals,2000,0.8524179869245085
67,ornamentals,2001,0.8461538461538461
67,ornamentals,2002,1
67,ornamentals,2003,0.9230769230769231
67,ornamentals,2004,0.3076923076923077
67,ornamentals,2005,0.15384615384615385
67,ornamentals,2006,0
67,ornamentals,2007,0
67,ornamentals,2008,0
67,ornamentals,2009,0
67,ornamentals,2010,0
67,ornamentals,2011,0
67,ornamentals,2012,0
67,ornamentals,2013,0
67,ornamentals,2014,0
67,ornamentals,2015,0
67,ornamentals,2016,0
67,ornamentals,2017,0
67,ornamentals,2018,0
67,ornamentals,2019,0
67,ornamentals,2020,0
67,ornamentals,2021,0
67,ornamentals,2022,0
71,ornamentals,1999,0.4663494496641112
71,ornamentals,2000,0.5532105917260608
71,ornamentals,2001,0.559671848550459
71,ornamentals,2002,0.41975388641284433
71,ornamentals,2003,0.30316652399681654
71,ornamentals,2004,0.7902074140792257
71,ornamentals,2005,1
71,ornamentals,2006,1
71,ornamentals,2007,1
71,ornamentals,2008,0.35294117647058826
71,ornamentals,2009,0
71,ornamentals,2010,0
71,ornamentals,2011,0
71,ornamentals,2012,0
71,ornamentals,2013,0
71,ornamentals,2014,0
71,ornamentals,2015,0
71,ornamentals,2016,0
71,ornamentals,2017,0
71,ornamentals,2018,0
71,ornamentals,2019,0
71,ornamentals,2020,0
71,ornamentals,2021,0
71,ornamentals,2022,0
76,ornamentals,2004,0.2857142857142857
76,ornamentals,2005,0.14285714285714285
76,ornamentals,2006,0.09523809523809523
76,ornamentals,2007,0.07142857142857142
76,ornamentals,2008,0
76,ornamentals,2009,0
76,ornamentals,2010,0.07142857142857142
76,ornamentals,2011,0.07142857142857142
76,ornamentals,2012,0.07142857142857142
76,ornamentals,2013,0.14285714285714285
76,ornamentals,2014,0.14285714285714285
76,ornamentals,2015,0.9285714285714286
76,ornamentals,2016,1
76,ornamentals,2017,0.9285714285714286
76,ornamentals,2018,0.8571428571428571
76,ornamentals,2019,0.07142857142857142
76,ornamentals,2020,0
76,ornamentals,2021,0
76,ornamentals,2022,0
77,ornamentals,2001,0
77,ornamentals,2002,0
77,ornamentals,2003,0
77,ornamentals,2004,0
77,ornamentals,2005,0.2814814814814815
77,ornamentals,2006,0.4222222222222222
77,ornamentals,2007,0.4740740740740741
77,ornamentals,2008,0.7111111111111111
77,ornamentals,2009,0.8074074074074075
77,ornamentals,2010,1
77,ornamentals,2011,0.9557255813975796
77,ornamentals,2012,0.7186885443605425
77,ornamentals,2013,0.3409107665827647
77,ornamentals,2014,0.007577433249431394
77,ornamentals,2015,0
77,ornamentals,2016,0
77,ornamentals,2017,0
77,ornamentals,2018,0
77,ornamentals,2019,0
77,ornamentals,2020,0
77,ornamentals,2021,0
77,ornamentals,2022,0
78,ornamentals,2012,1
78,ornamentals,2013,0.5
78,ornamentals,2014,0.3333333333333333
78,ornamentals,2015,0.25
78,ornamentals,2016,0.125
78,ornamentals,2017,0.125
78,ornamentals,2018,0.125
78,ornamentals,2019,0.125
78,ornamentals,2020,0
78,ornamentals,2021,0
78,ornamentals,2022,0
79,ornamentals,2012,0.8455262184249506
79,ornamentals,2013,1
79,ornamentals,2014,0.6666666666666667
79,ornamentals,2015,0.6480817511094331
79,ornamentals,2016,0.6483428560755514
79,ornamentals,2017,0.5939000317432399
79,ornamentals,2018,0.8701457319003711
79,ornamentals,2019,0.722063980790938
79,ornamentals,2020,0.5104213212185821
79,ornamentals,2021,0.27624570015713124
79,ornamentals,2022,0
80,ornamentals,1991,0
80,ornamentals,1992,0
80,ornamentals,1993,0.6666666666666667
80,ornamentals,1994,0.5232558139534884
80,ornamentals,1995,0.5232558139534884
80,ornamentals,1996,0.6395348837209303
80,ornamentals,1997,1
80,ornamentals,1998,0.9767441860465116
80,ornamentals,1999,0.9767441860465116
80,ornamentals,2000,0.8604651162790697
80,ornamentals,2001,0
80,ornamentals,2002,0
80,ornamentals,2003,0.1511627906976744
80,ornamentals,2004,0.1511627906976744
80,ornamentals,2005,0.5116279069767442
80,ornamentals,2006,0.5116279069767442
80,ornamentals,2007,0.36046511627906974
80,ornamentals,2008,0.36046511627906974
80,ornamentals,2009,0
80,ornamentals,2010,0
80,ornamentals,2011,0.4418604651162791
80,ornamentals,2012,0.4418604651162791
80,ornamentals,2013,0.4418604651162791
80,ornamentals,2014,0.4418604651162791
80,ornamentals,2015,0
80,ornamentals,2016,0
80,ornamentals,2017,0
80,ornamentals,2018,0
80,ornamentals,2019,0
80,ornamentals,2020,0
80,ornamentals,2021,0
80,ornamentals,2022,0
82,ornamentals,2000,0
82,ornamentals,2001,0
82,ornamentals,2002,0
82,ornamentals,2003,0
82,ornamentals,2004,0.4
82,ornamentals,2005,0.6
82,ornamentals,2006,0.8
82,ornamentals,2007,0.8
82,ornamentals,2008,1
82,ornamentals,2009,1
82,ornamentals,2010,0.8
82,ornamentals,2011,0.8
82,ornamentals,2012,0.2
82,ornamentals,2013,0
82,ornamentals,2014,0
82,ornamentals,2015,0
82,ornamentals,2016,0
82,ornamentals,2017,0
82,ornamentals,2018,0
82,ornamentals,2019,0
82,ornamentals,2020,0
82,ornamentals,2021,0
82,ornamentals,2022,0
84,ornamentals,2001,0
84,ornamentals,2002,0
84,ornamentals,2003,0.4444444444444444
84,ornamentals,2004,0.6666666666666666
84,ornamentals,2005,1
84,ornamentals,2006,1
84,ornamentals,2007,0.6666666666666666
84,ornamentals,2008,0.3333333333333333
84,ornamentals,2009,0
84,ornamentals,2010,0
84,ornamentals,2011,0
84,ornamentals,2012,0
84,ornamentals,2013,0
84,ornamentals,2014,0
84,ornamentals,2015,0
84,ornamentals,2016,0
84,ornamentals,2017,0
84,ornamentals,2018,0
84,ornamentals,2019,0
84,ornamentals,2020,0
84,ornamentals,2021,0
84,ornamentals,2022,0
85,ornamentals,2001,0.2613933055258891
85,ornamentals,2002,0.13069665276294454
85,ornamentals,2003,0.33150745321642044
85,ornamentals,2004,0.24863058991231535
85,ornamentals,2005,0.1832822635308431
85,ornamentals,2006,0.1832822635308431
85,ornamentals,2007,1
85,ornamentals,2008,1
85,ornamentals,2009,1
85,ornamentals,2010,1
85,ornamentals,2011,0
85,ornamentals,2012,0
85,ornamentals,2013,0
85,ornamentals,2014,0
85,ornamentals,2015,0
85,ornamentals,2016,0
85,ornamentals,2017,0
85,ornamentals,2018,0
85,ornamentals,2019,0
85,ornamentals,2020,0
85,ornamentals,2021,0
85,ornamentals,2022,0
86,ornamentals,2001,1
86,ornamentals,2002,0.5
86,ornamentals,2003,0.6070400876374287
86,ornamentals,2004,0.630914080970243
86,ornamentals,2005,0.3809140809702431
86,ornamentals,2006,0.3809140809702431
86,ornamentals,2007,0.3036176846762702
86,ornamentals,2008,0.12798366943409864
86,ornamentals,2009,0.12798366943409864
86,ornamentals,2010,0.12798366943409864
86,ornamentals,2011,0
86,ornamentals,2012,0
86,ornamentals,2013,0
86,ornamentals,2014,0
86,ornamentals,2015,0
86,ornamentals,2016,0
86,ornamentals,2017,0
86,ornamentals,2018,0
86,ornamentals,2019,0
86,ornamentals,2020,0
86,ornamentals,2021,0
86,ornamentals,2022,0
88,ornamentals,2001,0.2613933055258891
88,ornamentals,2002,0.13069665276294454
88,ornamentals,2003,0.33150745321642044
88,ornamentals,2004,0.24863058991231535
88,ornamentals,2005,0.1832822635308431
88,ornamentals,2006,0.1832822635308431
88,ornamentals,2007,1
88,ornamentals,2008,1
88,ornamentals,2009,1
88,ornamentals,2010,1
88,ornamentals,2011,0
88,ornamentals,2012,0
88,ornamentals,2013,0
88,ornamentals,2014,0
88,ornamentals,2015,0
88,ornamentals,2016,0
88,ornamentals,2017,0
88,ornamentals,2018,0
88,ornamentals,2019,0
88,ornamentals,2020,0
88,ornamentals,2021,0
88,ornamentals,2022,0
96,ornamentals,1995,0.7692307692307693
96,ornamentals,1996,0.7692307692307693
96,ornamentals,1997,0.5128205128205129
96,ornamentals,1998,0.4087671907227506
96,ornamentals,1999,0.25492103687659673
96,ornamentals,2000,0.06261334456890442
96,ornamentals,2001,0.06261334456890442
96,ornamentals,2002,0.038461538461538464
96,ornamentals,2003,0
96,ornamentals,2004,0
96,ornamentals,2005,0
96,ornamentals,2006,0
96,ornamentals,2007,0
96,ornamentals,2008,0
96,ornamentals,2009,0
96,ornamentals,2010,0
96,ornamentals,2011,0
96,ornamentals,2012,0
96,ornamentals,2013,0
96,ornamentals,2014,1
96,ornamentals,2015,1
96,ornamentals,2016,1
96,ornamentals,2017,1
96,ornamentals,2018,0
96,ornamentals,2019,0
96,ornamentals,2020,0
96,ornamentals,2021,0
96,ornamentals,2022,0
97,ornamentals,2000,0
97,ornamentals,2001,0
97,ornamentals,2002,0
97,ornamentals,2003,0
97,ornamentals,2004,0.5
97,ornamentals,2005,0.5
97,ornamentals,2006,1
97,ornamentals,2007,1
97,ornamentals,2008,0.5
97,ornamentals,2009,0.5
97,ornamentals,2010,0
97,ornamentals,2011,0
97,ornamentals,2012,0
97,ornamentals,2013,0
97,ornamentals,2014,0
97,ornamentals,2015,0
97,ornamentals,2016,0
97,ornamentals,2017,0
97,ornamentals,2018,0
97,ornamentals,2019,0
97,ornamentals,2020,0
97,ornamentals,2021,0
97,ornamentals,2022,0
101,ornamentals,2000,0.02247191011235955
101,ornamentals,2001,0.011235955056179775
101,ornamentals,2002,0.17228464419475656
101,ornamentals,2003,0.15168539325842698
101,ornamentals,2004,0.5955056179775281
101,ornamentals,2005,1
101,ornamentals,2006,0.8764044943820225
101,ornamentals,2007,0.8539325842696629
101,ornamentals,2008,0.4044943820224719
101,ornamentals,2009,0
101,ornamentals,2010,0
101,ornamentals,2011,0
101,ornamentals,2012,0
101,ornamentals,2013,0
101,ornamentals,2014,0
101,ornamentals,2015,0
101,ornamentals,2016,0
101,ornamentals,2017,0
101,ornamentals,2018,0
101,ornamentals,2019,0
101,ornamentals,2020,0
101,ornamentals,2021,0
101,ornamentals,2022,0
102,ornamentals,1985,1
102,ornamentals,1986,0.5
102,ornamentals,1987,0.3333333333333333
102,ornamentals,1988,0.25
102,ornamentals,1989,0
102,ornamentals,1990,0
102,ornamentals,1991,0
102,ornamentals,1992,0
102,ornamentals,1993,0
102,ornamentals,1994,0
102,ornamentals,1995,0
102,ornamentals,1996,0
102,ornamentals,1997,0
102,ornamentals,1998,0.23120676579392746
102,ornamentals,1999,0.3625157922177544
102,ornamentals,2000,0.446217789251461
102,ornamentals,2001,0.5395835344921688
102,ornamentals,2002,0.339195281697406
102,ornamentals,2003,0.4102207140368274
102,ornamentals,2004,0.37417469260771735
102,ornamentals,2005,0.30326819785862047
102,ornamentals,2006,0.29461254832378597
102,ornamentals,2007,0.10916449838044613
102,ornamentals,2008,0.061508522775849526
102,ornamentals,2009,0.055342907049585596
102,ornamentals,2010,0.051667325131892185
102,ornamentals,2011,0.05297181083133973
102,ornamentals,2012,0.05297181083133973
102,ornamentals,2013,0.04639444711402316
102,ornamentals,2014,0.10563733395162979
102,ornamentals,2015,0.10687898152833465
102,ornamentals,2016,0.3400694866810648
102,ornamentals,2017,0.4080833840172778
102,ornamentals,2018,0.4275159261133386
102,ornamentals,2019,0.4080833840172778
102,ornamentals,2020,0.1748928788645476
102,ornamentals,2021,0.09716271048030423
102,ornamentals,2022,0
103,ornamentals,1997,1
103,ornamentals,1998,0.9376369335522863
103,ornamentals,1999,0.6250912890348576
103,ornamentals,2000,0.46881846677614314
103,ornamentals,2001,0.21881846677614314
103,ornamentals,2002,0
103,ornamentals,2003,0
103,ornamentals,2004,0
103,ornamentals,2005,0
103,ornamentals,2006,0
103,ornamentals,2007,0
103,ornamentals,2008,0
103,ornamentals,2009,0
103,ornamentals,2010,0
103,ornamentals,2011,0
103,ornamentals,2012,0
103,ornamentals,2013,0
103,ornamentals,2014,0
103,ornamentals,2015,0
103,ornamentals,2016,0
103,ornamentals,2017,0
103,ornamentals,2018,0
103,ornamentals,2019,0
103,ornamentals,2020,0
103,ornamentals,2021,0
103,ornamentals,2022,0
104,ornamentals,1995,1
104,ornamentals,1996,0.5
104,ornamentals,1997,0.5383903379396285
104,ornamentals,1998,0.4037927534547214
104,ornamentals,1999,0.1537927534547214
104,ornamentals,2000,0.1537927534547214
104,ornamentals,2001,0
104,ornamentals,2002,0
104,ornamentals,2003,0.1427782853412328
104,ornamentals,2004,0.1427782853412328
104,ornamentals,2005,0.1427782853412328
104,ornamentals,2006,0.1427782853412328
104,ornamentals,2007,0
104,ornamentals,2008,0
104,ornamentals,2009,0
104,ornamentals,2010,0
104,ornamentals,2011,0
104,ornamentals,2012,0
104,ornamentals,2013,0
104,ornamentals,2014,0
104,ornamentals,2015,0
104,ornamentals,2016,0
104,ornamentals,2017,0
104,ornamentals,2018,0
104,ornamentals,2019,0
104,ornamentals,2020,0
104,ornamentals,2021,0
104,ornamentals,2022,0
106,ornamentals,1986,0
106,ornamentals,1987,0.004089686225606624
106,ornamentals,1988,0.0039253163659286995
106,ornamentals,1989,0.004035578698958663
106,ornamentals,1990,0.004035578698958663
106,ornamentals,1991,0.0021290753223762626
106,ornamentals,1992,0.0015607181598228886
106,ornamentals,1993,0.03444601634799523
106,ornamentals,1994,0.03444601634799523
106,ornamentals,1995,0.03655395161349996
106,ornamentals,1996,0.1008019033313293
106,ornamentals,1997,0.1154309238872297
106,ornamentals,1998,0.1154309238872297
106,ornamentals,1999,0.11318464888550406
106,ornamentals,2000,0.04860591016858488
106,ornamentals,2001,0
106,ornamentals,2002,0
106,ornamentals,2003,0
106,ornamentals,2004,0
106,ornamentals,2005,0
106,ornamentals,2006,0
106,ornamentals,2007,0
106,ornamentals,2008,0.015151515151515152
106,ornamentals,2009,0.015151515151515152
106,ornamentals,2010,0.015151515151515152
106,ornamentals,2011,0.015151515151515152
106,ornamentals,2012,0
106,ornamentals,2013,1
106,ornamentals,2014,1
106,ornamentals,2015,1
106,ornamentals,2016,1
106,ornamentals,2017,0.015151515151515152
106,ornamentals,2018,0.030303030303030304
106,ornamentals,2019,0.030303030303030304
106,ornamentals,2020,0.030303030303030304
106,ornamentals,2021,0.015151515151515152
106,ornamentals,2022,0
112,ornamentals,1999,0.6153846153846154
112,ornamentals,2000,0.7384615384615385
112,ornamentals,2001,0.8205128205128206
112,ornamentals,2002,0.8307692307692308
112,ornamentals,2003,0.8923076923076924
112,ornamentals,2004,0.8923076923076924
112,ornamentals,2005,0.8307692307692308
112,ornamentals,2006,0.9076923076923077
112,ornamentals,2007,1
112,ornamentals,2008,0.9384615384615385
112,ornamentals,2009,0.9230769230769231
112,ornamentals,2010,0.7692307692307693
112,ornamentals,2011,0.5538461538461539
112,ornamentals,2012,0.46153846153846156
112,ornamentals,2013,0.3384615384615385
112,ornamentals,2014,0.26153846153846155
112,ornamentals,2015,0.2
112,ornamentals,2016,0.13846153846153847
112,ornamentals,2017,0.09230769230769231
112,ornamentals,2018,0.16923076923076924
112,ornamentals,2019,0.13846153846153847
112,ornamentals,2020,0.13846153846153847
112,ornamentals,2021,0.13846153846153847
112,ornamentals,2022,0
115,ornamentals,1979,0
115,ornamentals,1980,0
115,ornamentals,1981,0
115,ornamentals,1982,0
115,ornamentals,1983,0
115,ornamentals,1984,0
115,ornamentals,1985,0
115,ornamentals,1986,0
115,ornamentals,1987,0
115,ornamentals,1988,0
115,ornamentals,1989,0
115,ornamentals,1990,0
115,ornamentals,1991,0.007930408241442376
115,ornamentals,1992,0.2066163921694233
115,ornamentals,1993,0.2602508741003156
115,ornamentals,1994,0.2602508741003156
115,ornamentals,1995,0.2523204658588732
115,ornamentals,1996,0.16960642480922564
115,ornamentals,1997,0.2112653754942548
115,ornamentals,1998,0.25271416671851726
115,ornamentals,1999,0.2817759804626796
115,ornamentals,2000,0.21149923858649966
115,ornamentals,2001,0.18268016062187867
115,ornamentals,2002,0.5062512259055085
115,ornamentals,2003,0.8422595903626059
115,ornamentals,2004,1
115,ornamentals,2005,0.9335256453486995
115,ornamentals,2006,0.7761878092582459
115,ornamentals,2007,0.4111176310569862
115,ornamentals,2008,0.20768202041743858
115,ornamentals,2009,0.20768202041743858
115,ornamentals,2010,0
115,ornamentals,2011,0
115,ornamentals,2012,0
115,ornamentals,2013,0
115,ornamentals,2014,0
115,ornamentals,2015,0
115,ornamentals,2016,0
115,ornamentals,2017,0
115,ornamentals,2018,0
115,ornamentals,2019,0
115,ornamentals,2020,0
115,ornamentals,2021,0
115,ornamentals,2022,0
124,ornamentals,1976,0
124,ornamentals,1977,0
124,ornamentals,1978,0
124,ornamentals,1979,0
124,ornamentals,1980,0
124,ornamentals,1981,0
124,ornamentals,1982,0
124,ornamentals,1983,0
124,ornamentals,1984,0
124,ornamentals,1985,0
124,ornamentals,1986,0
124,ornamentals,1987,0
124,ornamentals,1988,0
124,ornamentals,1989,0
124,ornamentals,1990,0
124,ornamentals,1991,0
124,ornamentals,1992,0
124,ornamentals,1993,0
124,ornamentals,1994,0
124,ornamentals,1995,0
124,ornamentals,1996,0
124,ornamentals,1997,0
124,ornamentals,1998,0
124,ornamentals,1999,0
124,ornamentals,2000,0.5
124,ornamentals,2001,0.7
124,ornamentals,2002,0.85
124,ornamentals,2003,1
124,ornamentals,2004,0.65
124,ornamentals,2005,0.5
124,ornamentals,2006,0.35
124,ornamentals,2007,0.2
124,ornamentals,2008,0.05
124,ornamentals,2009,0.035922869832419525
124,ornamentals,2010,0.035922869832419525
124,ornamentals,2011,0.035922869832419525
124,ornamentals,2012,0.035922869832419525
124,ornamentals,2013,0
124,ornamentals,2014,0
124,ornamentals,2015,0
124,ornamentals,2016,0
124,ornamentals,2017,0
124,ornamentals,2018,0
124,ornamentals,2019,0
124,ornamentals,2020,0
124,ornamentals,2021,0
124,ornamentals,2022,0
126,ornamentals,1982,0.23809523809523808
126,ornamentals,1983,0.18107071787368204
126,ornamentals,1984,0.16833285953483565
126,ornamentals,1985,0.15799567639715847
126,ornamentals,1986,0.1421226605241426
126,ornamentals,1987,0.19444444444444445
126,ornamentals,1988,0.2619047619047619
126,ornamentals,1989,0.3373015873015873
126,ornamentals,1990,0.42857142857142855
126,ornamentals,1991,0.373015873015873
126,ornamentals,1992,0.3888888888888889
126,ornamentals,1993,0.4880952380952381
126,ornamentals,1994,0.6626984126984127
126,ornamentals,1995,0.6349206349206349
126,ornamentals,1996,0.5158730158730159
126,ornamentals,1997,0.30952380952380953
126,ornamentals,1998,0
126,ornamentals,1999,0
126,ornamentals,2000,0
126,ornamentals,2001,0
126,ornamentals,2002,0
126,ornamentals,2003,0.3492063492063492
126,ornamentals,2004,0.6746031746031746
126,ornamentals,2005,1
126,ornamentals,2006,1
126,ornamentals,2007,0.9920634920634921
126,ornamentals,2008,0.996031746031746
126,ornamentals,2009,0.9285714285714286
126,ornamentals,2010,0.9285714285714286
126,ornamentals,2011,0.598133687327484
126,ornamentals,2012,0.2827259915517558
126,ornamentals,2013,0.035191371861858424
126,ornamentals,2014,0.035191371861858424
126,ornamentals,2015,0.024359271835961697
126,ornamentals,2016,0.010401888246610567
126,ornamentals,2017,0
126,ornamentals,2018,0
126,ornamentals,2019,0
126,ornamentals,2020,0
126,ornamentals,2021,0
126,ornamentals,2022,0
129,ornamentals,1989,0.13002130077813995
129,ornamentals,1990,0.06501065038906997
129,ornamentals,1991,0.05479054234829045
129,ornamentals,1992,0.6099360976655801
129,ornamentals,1993,0.5774307724710451
129,ornamentals,1994,1
129,ornamentals,1995,0.9914124184333171
129,ornamentals,1996,0.4225692275289548
129,ornamentals,1997,0.4225692275289548
129,ornamentals,1998,0
129,ornamentals,1999,0
129,ornamentals,2000,0
129,ornamentals,2001,0
129,ornamentals,2002,0
129,ornamentals,2003,0
129,ornamentals,2004,0
129,ornamentals,2005,0
129,ornamentals,2006,0
129,ornamentals,2007,0
129,ornamentals,2008,0
129,ornamentals,2009,0
129,ornamentals,2010,0
129,ornamentals,2011,0
129,ornamentals,2012,0
129,ornamentals,2013,0
129,ornamentals,2014,0
129,ornamentals,2015,0
129,ornamentals,2016,0
129,ornamentals,2017,0
129,ornamentals,2018,0
129,ornamentals,2019,0
129,ornamentals,2020,0
129,ornamentals,2021,0
129,ornamentals,2022,0
130,ornamentals,1984,0.11920529801324503
130,ornamentals,1985,0.059602649006622516
130,ornamentals,1986,0.0706401766004415
130,ornamentals,1987,0.1456953642384106
130,ornamentals,1988,0.3344370860927152
130,ornamentals,1989,0.6026490066225165
130,ornamentals,1990,0.5794701986754967
130,ornamentals,1991,0.8079470198675497
130,ornamentals,1992,0.8774834437086093
130,ornamentals,1993,0.8642384105960265
130,ornamentals,1994,0.8642384105960265
130,ornamentals,1995,0.8311258278145696
130,ornamentals,1996,0.8178807947019867
130,ornamentals,1997,0.8609271523178808
130,ornamentals,1998,0.8609271523178808
130,ornamentals,1999,0.8807947019867549
130,ornamentals,2000,0.9205298013245033
130,ornamentals,2001,0.9437086092715232
130,ornamentals,2002,0.9437086092715232
130,ornamentals,2003,0.6357615894039735
130,ornamentals,2004,0.6026490066225165
130,ornamentals,2005,0.5298013245033113
130,ornamentals,2006,0.7582781456953642
130,ornamentals,2007,1
130,ornamentals,2008,0.956953642384106
130,ornamentals,2009,0.7880794701986755
130,ornamentals,2010,0.5960264900662252
130,ornamentals,2011,0.39403973509933776
130,ornamentals,2012,0.15562913907284767
130,ornamentals,2013,0.10927152317880795
130,ornamentals,2014,0.08609271523178808
130,ornamentals,2015,0.06622516556291391
130,ornamentals,2016,0.08278145695364239
130,ornamentals,2017,0.059602649006622516
130,ornamentals,2018,0.0695364238410596
130,ornamentals,2019,0.04966887417218543
130,ornamentals,2020,0.033112582781456956
130,ornamentals,2021,0.023178807947019868
130,ornamentals,2022,0
131,ornamentals,1993,1
131,ornamentals,1994,0.5357142857142857
131,ornamentals,1995,0.3650793650793651
131,ornamentals,1996,0.27976190476190477
131,ornamentals,1997,0.044642857142857144
131,ornamentals,1998,0.050595238095238096
131,ornamentals,1999,0.044642857142857144
131,ornamentals,2000,0.044642857142857144
131,ornamentals,2001,0.03273809523809524
131,ornamentals,2002,0.008928571428571428
131,ornamentals,2003,0.008928571428571428
131,ornamentals,2004,0.01488095238095238
131,ornamentals,2005,0.011904761904761904
131,ornamentals,2006,0.02976190476190476
131,ornamentals,2007,0.06845238095238096
131,ornamentals,2008,0.09226190476190477
131,ornamentals,2009,0.09226190476190477
131,ornamentals,2010,0.08035714285714286
131,ornamentals,2011,0.05357142857142857
131,ornamentals,2012,0.023809523809523808
131,ornamentals,2013,0.02976190476190476
131,ornamentals,2014,0.03869047619047619
131,ornamentals,2015,0.05357142857142857
131,ornamentals,2016,0.08333333333333333
131,ornamentals,2017,0.13690476190476192
131,ornamentals,2018,0.19940476190476192
131,ornamentals,2019,0.17261904761904762
131,ornamentals,2020,0.13690476190476192
131,ornamentals,2021,0.07738095238095238
131,ornamentals,2022,0
133,ornamentals,1997,0.6285714285714286
133,ornamentals,1998,0.6857142857142857
133,ornamentals,1999,0.45714285714285713
133,ornamentals,2000,0.9285714285714286
133,ornamentals,2001,1
133,ornamentals,2002,0.8142857142857143
133,ornamentals,2003,0.8142857142857143
133,ornamentals,2004,0.22857142857142856
133,ornamentals,2005,0.3142857142857143
133,ornamentals,2006,0.3142857142857143
133,ornamentals,2007,0.3142857142857143
133,ornamentals,2008,0.3142857142857143
133,ornamentals,2009,0
133,ornamentals,2010,0
133,ornamentals,2011,0
133,ornamentals,2012,0
133,ornamentals,2013,0
133,ornamentals,2014,0
133,ornamentals,2015,0
133,ornamentals,2016,0
133,ornamentals,2017,0
133,ornamentals,2018,0
133,ornamentals,2019,0
133,ornamentals,2020,0
133,ornamentals,2021,0
133,ornamentals,2022,0
134,ornamentals,1976,0
134,ornamentals,1977,0
134,ornamentals,1978,0
134,ornamentals,1979,0
134,ornamentals,1980,0
134,ornamentals,1981,0
134,ornamentals,1982,0
134,ornamentals,1983,0
134,ornamentals,1984,0
134,ornamentals,1985,0
134,ornamentals,1986,0
134,ornamentals,1987,0
134,ornamentals,1988,0.012800465364167879
134,ornamentals,1989,0.012800465364167879
134,ornamentals,1990,0.012800465364167879
134,ornamentals,1991,0.012800465364167879
134,ornamentals,1992,0
134,ornamentals,1993,0
134,ornamentals,1994,0
134,ornamentals,1995,0.025
134,ornamentals,1996,0.025
134,ornamentals,1997,0.025
134,ornamentals,1998,0.025
134,ornamentals,1999,0
134,ornamentals,2000,1
134,ornamentals,2001,1
134,ornamentals,2002,1
134,ornamentals,2003,1
134,ornamentals,2004,0
134,ornamentals,2005,0
134,ornamentals,2006,0
134,ornamentals,2007,0
134,ornamentals,2008,0
134,ornamentals,2009,0
134,ornamentals,2010,0
134,ornamentals,2011,0
134,ornamentals,2012,0
134,ornamentals,2013,0
134,ornamentals,2014,0
134,ornamentals,2015,0
134,ornamentals,2016,0
134,ornamentals,2017,0
134,ornamentals,2018,0
134,ornamentals,2019,0
134,ornamentals,2020,0
134,ornamentals,2021,0
134,ornamentals,2022,0
135,ornamentals,1976,0
135,ornamentals,1977,0.013548770198045802
135,ornamentals,1978,0.009032513465363866
135,ornamentals,1979,0.006774385099022901
135,ornamentals,1980,0.009947427833009984
135,ornamentals,1981,0.003173042733987083
135,ornamentals,1982,0.043819353328124484
135,ornamentals,1983,0.050593738427147386
135,ornamentals,1984,0.050741522696625393
135,ornamentals,1985,0.057515907795648295
135,ornamentals,1986,0.03719275249857959
135,ornamentals,1987,0.04396713759760249
135,ornamentals,1988,0.047420695693160306
135,ornamentals,1989,0.067743850990229
135,ornamentals,1990,0.047420695693160306
135,ornamentals,1991,0.09484139138632061
135,ornamentals,1992,0.1219389317824122
135,ornamentals,1993,0.14903647217850383
135,ornamentals,1994,0.15581085727752672
135,ornamentals,1995,0.09484139138632061
135,ornamentals,1996,0.07702604002714128
135,ornamentals,1997,0.3052596897923772
135,ornamentals,1998,0.38837013690824485
135,ornamentals,1999,0.47009698564114755
135,ornamentals,2000,0.7529698393634549
135,ornamentals,2001,0.568731708772392
135,ornamentals,2002,0.7491679431277322
135,ornamentals,2003,0.790290375143997
135,ornamentals,2004,0.6839040752718292
135,ornamentals,2005,0.9094124221486348
135,ornamentals,2006,0.8767804882206834
135,ornamentals,2007,0.934292779335663
135,ornamentals,2008,1
135,ornamentals,2009,0.6763010531568378
135,ornamentals,2010,0.43861192051455866
135,ornamentals,2011,0.2582503486504116
135,ornamentals,2012,0.32380811834816725
135,ornamentals,2013,0.438512510457336
135,ornamentals,2014,0.5351566761849383
135,ornamentals,2015,0.6105777571165854
135,ornamentals,2016,0.3805033650839714
135,ornamentals,2017,0.40789249961095725
135,ornamentals,2018,0.37360589505735853
135,ornamentals,2019,0.2981848141257115
135,ornamentals,2020,0.20445108781015825
135,ornamentals,2021,0.0623575611740036
135,ornamentals,2022,0
136,ornamentals,1978,0.6666666666666666
136,ornamentals,1979,0.3333333333333333
136,ornamentals,1980,0.2222222222222222
136,ornamentals,1981,0.16666666666666666
136,ornamentals,1982,0
136,ornamentals,1983,0
136,ornamentals,1984,0
136,ornamentals,1985,0
136,ornamentals,1986,0
136,ornamentals,1987,0.3333333333333333
136,ornamentals,1988,0.3333333333333333
136,ornamentals,1989,0.3333333333333333
136,ornamentals,1990,0.3333333333333333
136,ornamentals,1991,0
136,ornamentals,1992,0
136,ornamentals,1993,0
136,ornamentals,1994,0
136,ornamentals,1995,0
136,ornamentals,1996,0
136,ornamentals,1997,0
136,ornamentals,1998,0.16666666666666666
136,ornamentals,1999,0.16666666666666666
136,ornamentals,2000,0.16666666666666666
136,ornamentals,2001,0.16666666666666666
136,ornamentals,2002,0
136,ornamentals,2003,0
136,ornamentals,2004,0
136,ornamentals,2005,0
136,ornamentals,2006,0
136,ornamentals,2007,0.5
136,ornamentals,2008,0.8333333333333334
136,ornamentals,2009,1
136,ornamentals,2010,1
136,ornamentals,2011,0.5
136,ornamentals,2012,0.16666666666666666
136,ornamentals,2013,0
136,ornamentals,2014,0
136,ornamentals,2015,0
136,ornamentals,2016,0
136,ornamentals,2017,0
136,ornamentals,2018,0
136,ornamentals,2019,0
136,ornamentals,2020,0
136,ornamentals,2021,0
136,ornamentals,2022,0
137,ornamentals,1976,0.019704433497536946
137,ornamentals,1977,0.029556650246305417
137,ornamentals,1978,0.026272577996715927
137,ornamentals,1979,0.024630541871921183
137,ornamentals,1980,0.024630541871921183
137,ornamentals,1981,0.019704433497536946
137,ornamentals,1982,0.019704433497536946
137,ornamentals,1983,0.014778325123152709
137,ornamentals,1984,0.014778325123152709
137,ornamentals,1985,0.07389162561576355
137,ornamentals,1986,0.06896551724137931
137,ornamentals,1987,0.06896551724137931
137,ornamentals,1988,0.12315270935960591
137,ornamentals,1989,0.16748768472906403
137,ornamentals,1990,0.3497536945812808
137,ornamentals,1991,0.4975369458128079
137,ornamentals,1992,0.5320197044334976
137,ornamentals,1993,0.5369458128078818
137,ornamentals,1994,0.49261083743842365
137,ornamentals,1995,0.5024630541871922
137,ornamentals,1996,0.6206896551724138
137,ornamentals,1997,0.8226600985221675
137,ornamentals,1998,0.9655172413793104
137,ornamentals,1999,0.9950738916256158
137,ornamentals,2000,0.9655172413793104
137,ornamentals,2001,0.9113300492610837
137,ornamentals,2002,0.916256157635468
137,ornamentals,2003,1
137,ornamentals,2004,0.8522167487684729
137,ornamentals,2005,0.645320197044335
137,ornamentals,2006,0.46798029556650245
137,ornamentals,2007,0.24630541871921183
137,ornamentals,2008,0.2413793103448276
137,ornamentals,2009,0.23645320197044334
137,ornamentals,2010,0.22660098522167488
137,ornamentals,2011,0.270935960591133
137,ornamentals,2012,0.35960591133004927
137,ornamentals,2013,0.3645320197044335
137,ornamentals,2014,0.33004926108374383
137,ornamentals,2015,0.2857142857142857
137,ornamentals,2016,0.16748768472906403
137,ornamentals,2017,0.15270935960591134
137,ornamentals,2018,0.11822660098522167
137,ornamentals,2019,0.07881773399014778
137,ornamentals,2020,0.07881773399014778
137,ornamentals,2021,0.03940886699507389
137,ornamentals,2022,0.009852216748768473
138,ornamentals,2012,0.5233644859813084
138,ornamentals,2013,0.7102803738317757
138,ornamentals,2014,0.6604361370716512
138,ornamentals,2015,0.7289719626168224
138,ornamentals,2016,0.6822429906542056
138,ornamentals,2017,0.5794392523364486
138,ornamentals,2018,1
138,ornamentals,2019,0.7663551401869159
138,ornamentals,2020,0.6822429906542056
138,ornamentals,2021,0.5607476635514018
138,ornamentals,2022,0
139,ornamentals,1976,0
139,ornamentals,1977,0
139,ornamentals,1978,0
139,ornamentals,1979,0
139,ornamentals,1980,0
139,ornamentals,1981,0
139,ornamentals,1982,0
139,ornamentals,1983,0
139,ornamentals,1984,0
139,ornamentals,1985,0.011110479012225885
139,ornamentals,1986,0.04999715555501648
139,ornamentals,1987,0.0666628740733553
139,ornamentals,1988,0.09999431111003296
139,ornamentals,1989,0.18887814320784005
139,ornamentals,1990,0.3722010469095671
139,ornamentals,1991,0.577744908635746
139,ornamentals,1992,0.7610678123374731
139,ornamentals,1993,0.7611247012371435
139,ornamentals,1994,1
139,ornamentals,1995,0.9500028444449835
139,ornamentals,1996,0.8566662854546274
139,ornamentals,1997,0.8232779595182793
139,ornamentals,1998,0.37330355952313105
139,ornamentals,1999,0.2122016138458557
139,ornamentals,2000,0.1444362271589365
139,ornamentals,2001,0.11666002962837178
139,ornamentals,2002,0.1333257481467106
139,ornamentals,2003,0.16665718518338826
139,ornamentals,2004,0.23332005925674357
139,ornamentals,2005,0.2777619753056471
139,ornamentals,2006,0.2666514962934212
139,ornamentals,2007,0.2222095802445177
139,ornamentals,2008,0.09999431111003296
139,ornamentals,2009,0.016665718518338826
139,ornamentals,2010,0
139,ornamentals,2011,0
139,ornamentals,2012,0
139,ornamentals,2013,0
139,ornamentals,2014,0
139,ornamentals,2015,0
139,ornamentals,2016,0
139,ornamentals,2017,0
139,ornamentals,2018,0
139,ornamentals,2019,0
139,ornamentals,2020,0
139,ornamentals,2021,0
139,ornamentals,2022,0
140,ornamentals,1988,0.16
140,ornamentals,1989,0.64
140,ornamentals,1990,0.7466666666666667
140,ornamentals,1991,0.84
140,ornamentals,1992,0.96
140,ornamentals,1993,0.92
140,ornamentals,1994,1
140,ornamentals,1995,1
140,ornamentals,1996,0.84
140,ornamentals,1997,0.6
140,ornamentals,1998,0.28
140,ornamentals,1999,0
140,ornamentals,2000,0
140,ornamentals,2001,0
140,ornamentals,2002,0
140,ornamentals,2003,0
140,ornamentals,2004,0
140,ornamentals,2005,0
140,ornamentals,2006,0
140,ornamentals,2007,0
140,ornamentals,2008,0
140,ornamentals,2009,0
140,ornamentals,2010,0
140,ornamentals,2011,0
140,ornamentals,2012,0
140,ornamentals,2013,0
140,ornamentals,2014,0
140,ornamentals,2015,0
140,ornamentals,2016,0
140,ornamentals,2017,0
140,ornamentals,2018,0
140,ornamentals,2019,0
140,ornamentals,2020,0
140,ornamentals,2021,0
140,ornamentals,2022,0
147,ornamentals,1976,0
147,ornamentals,1977,0.00980392156862745
147,ornamentals,1978,0.0130718954248366
147,ornamentals,1979,0.00980392156862745
147,ornamentals,1980,0.00980392156862745
147,ornamentals,1981,0.004917557948719935
147,ornamentals,1982,1.559716440620987e-5
147,ornamentals,1983,1.559716440620987e-5
147,ornamentals,1984,1.559716440620987e-5
147,ornamentals,1985,0
147,ornamentals,1986,0
147,ornamentals,1987,0
147,ornamentals,1988,0
147,ornamentals,1989,0
147,ornamentals,1990,0
147,ornamentals,1991,0
147,ornamentals,1992,0
147,ornamentals,1993,0
147,ornamentals,1994,0
147,ornamentals,1995,0
147,ornamentals,1996,0
147,ornamentals,1997,0
147,ornamentals,1998,0.014705882352941176
147,ornamentals,1999,0.07352941176470588
147,ornamentals,2000,0.1715686274509804
147,ornamentals,2001,0.3382352941176471
147,ornamentals,2002,0.5588235294117647
147,ornamentals,2003,0.7745098039215687
147,ornamentals,2004,0.9362745098039216
147,ornamentals,2005,1
147,ornamentals,2006,0.946078431372549
147,ornamentals,2007,0.803921568627451
147,ornamentals,2008,0.7156862745098039
147,ornamentals,2009,0.6176470588235294
147,ornamentals,2010,0.553921568627451
147,ornamentals,2011,0.5245098039215687
147,ornamentals,2012,0.46568627450980393
147,ornamentals,2013,0.4068627450980392
147,ornamentals,2014,0.43137254901960786
147,ornamentals,2015,0.43137254901960786
147,ornamentals,2016,0.31862745098039214
147,ornamentals,2017,0.24509803921568626
147,ornamentals,2018,0.10294117647058823
147,ornamentals,2019,0
147,ornamentals,2020,0
147,ornamentals,2021,0
147,ornamentals,2022,0
152,ornamentals,1995,1
152,ornamentals,1996,0.5468409327711442
152,ornamentals,1997,0.4738808682160899
152,ornamentals,1998,0.5102280169297531
152,ornamentals,1999,0.6304471896913048
152,ornamentals,2000,0.6070267233057326
152,ornamentals,2001,0.5250365385292374
152,ornamentals,2002,0.3702191727615517
152,ornamentals,2003,0
152,ornamentals,2004,0
152,ornamentals,2005,0
152,ornamentals,2006,0
152,ornamentals,2007,0.10134023352341798
152,ornamentals,2008,0.10134023352341798
152,ornamentals,2009,0.10134023352341798
152,ornamentals,2010,0.8021621313792375
152,ornamentals,2011,0.7008218978558195
152,ornamentals,2012,0.7008218978558195
152,ornamentals,2013,0.7008218978558195
152,ornamentals,2014,0
152,ornamentals,2015,0
152,ornamentals,2016,0
152,ornamentals,2017,0
152,ornamentals,2018,0
152,ornamentals,2019,0
152,ornamentals,2020,0
152,ornamentals,2021,0
152,ornamentals,2022,0
153,ornamentals,1992,0.9979790006605378
153,ornamentals,1993,0.8444437697896858
153,ornamentals,1994,0.9723897955153958
153,ornamentals,1995,0.7292923466365469
153,ornamentals,1996,0.4797975964714124
153,ornamentals,1997,0.30707046174170394
153,ornamentals,1998,0.26868665402399095
153,ornamentals,1999,0.4222218848948429
153,ornamentals,2000,0.6909085389188339
153,ornamentals,2001,0.8060599620719728
153,ornamentals,2002,0.7676761543542598
153,ornamentals,2003,0.9787870968016813
153,ornamentals,2004,0.8828275775073988
153,ornamentals,2005,0.9799430526108515
153,ornamentals,2006,1
153,ornamentals,2007,0.6353538266817266
153,ornamentals,2008,0.4626266919520181
153,ornamentals,2009,0.25035979369542644
153,ornamentals,2010,0
153,ornamentals,2011,0
153,ornamentals,2012,0
153,ornamentals,2013,0
153,ornamentals,2014,0
153,ornamentals,2015,0
153,ornamentals,2016,0
153,ornamentals,2017,0
153,ornamentals,2018,0
153,ornamentals,2019,0
153,ornamentals,2020,0
153,ornamentals,2021,0
153,ornamentals,2022,0
155,ornamentals,2009,0.29753367937229064
155,ornamentals,2010,0.14876683968614532
155,ornamentals,2011,0.24237650896826768
155,ornamentals,2012,0.8512331603138547
155,ornamentals,2013,1
155,ornamentals,2014,1
155,ornamentals,2015,0.8926010381168719
155,ornamentals,2016,0.22315025952921796
155,ornamentals,2017,0
155,ornamentals,2018,0
155,ornamentals,2019,0
155,ornamentals,2020,0
155,ornamentals,2021,0
155,ornamentals,2022,0
162,ornamentals,1988,0
162,ornamentals,1989,0
162,ornamentals,1990,0
162,ornamentals,1991,0
162,ornamentals,1992,0
162,ornamentals,1993,0
162,ornamentals,1994,0.009345794392523364
162,ornamentals,1995,0.009345794392523364
162,ornamentals,1996,0.009345794392523364
162,ornamentals,1997,0.009345794392523364
162,ornamentals,1998,0.009345794392523364
162,ornamentals,1999,0.009345794392523364
162,ornamentals,2000,0.009345794392523364
162,ornamentals,2001,0.009345794392523364
162,ornamentals,2002,0
162,ornamentals,2003,0
162,ornamentals,2004,0.6448598130841121
162,ornamentals,2005,0.6822429906542056
162,ornamentals,2006,0.8598130841121495
162,ornamentals,2007,1
162,ornamentals,2008,0.4205607476635514
162,ornamentals,2009,0.38317757009345793
162,ornamentals,2010,0.205607476635514
162,ornamentals,2011,0.06542056074766354
162,ornamentals,2012,0
162,ornamentals,2013,0
162,ornamentals,2014,0
162,ornamentals,2015,0
162,ornamentals,2016,0
162,ornamentals,2017,0
162,ornamentals,2018,0
162,ornamentals,2019,0
162,ornamentals,2020,0
162,ornamentals,2021,0
162,ornamentals,2022,0
164,ornamentals,1977,0.05431657278908572
164,ornamentals,1978,0.02715828639454286
164,ornamentals,1979,0.14022589307895453
164,ornamentals,1980,0.25821074779614195
164,ornamentals,1981,0.2446316045988705
164,ornamentals,1982,0.2654053149035841
164,ornamentals,1983,0.18988468726669666
164,ornamentals,1984,0.05529699471495379
164,ornamentals,1985,0.09739875997961105
164,ornamentals,1986,0.12347348399627506
164,ornamentals,1987,0.12355869945040267
164,ornamentals,1988,0.14490805827387823
164,ornamentals,1989,0.2016976560462671
164,ornamentals,1990,0.1923321411140178
164,ornamentals,1991,0.242033691096624
164,ornamentals,1992,0.2728337803064764
164,ornamentals,1993,0.23747875681169078
164,ornamentals,1994,0.28481762419770273
164,ornamentals,1995,0.2423987097859119
164,ornamentals,1996,0.19913937631740072
164,ornamentals,1997,0.1824780367751403
164,ornamentals,1998,0.09765625
164,ornamentals,1999,0.07421875
164,ornamentals,2000,0.14836338813249123
164,ornamentals,2001,0.1486563804068473
164,ornamentals,2002,0.20293372433451795
164,ornamentals,2003,0.42168372433451795
164,ornamentals,2004,0.5272265862020268
164,ornamentals,2005,0.8316210939276707
164,ornamentals,2006,1
164,ornamentals,2007,0.9375
164,ornamentals,2008,0.8828125
164,ornamentals,2009,0.640625
164,ornamentals,2010,0.49609375
164,ornamentals,2011,0.45703125
164,ornamentals,2012,0.48828125
164,ornamentals,2013,0.484375
164,ornamentals,2014,0.40625
164,ornamentals,2015,0.2890625
164,ornamentals,2016,0.10546875
164,ornamentals,2017,0
164,ornamentals,2018,0
164,ornamentals,2019,0
164,ornamentals,2020,0
164,ornamentals,2021,0
164,ornamentals,2022,0
166,ornamentals,1976,0.3097796113109529
166,ornamentals,1977,1
166,ornamentals,1978,0.9971941589007072
166,ornamentals,1979,0.9303270696697187
166,ornamentals,1980,0.8781253888298999
166,ornamentals,1981,0.45557029165763807
166,ornamentals,1982,0.32911580048335404
166,ornamentals,1983,0.4035806784493872
166,ornamentals,1984,0.5129880553963451
166,ornamentals,1985,0.7263122939461948
166,ornamentals,1986,0.918708105972849
166,ornamentals,1987,0.6618117775126273
166,ornamentals,1988,0.5271611785777501
166,ornamentals,1989,0.3138369400279004
166,ornamentals,1990,0
166,ornamentals,1991,0.2529526513507423
166,ornamentals,1992,0.2529526513507423
166,ornamentals,1993,0.2529526513507423
166,ornamentals,1994,0.2529526513507423
166,ornamentals,1995,0
166,ornamentals,1996,0
166,ornamentals,1997,0
166,ornamentals,1998,0.3743503798342789
166,ornamentals,1999,0.4679379747928486
166,ornamentals,2000,0.8734842196133173
166,ornamentals,2001,0.9670718145718871
166,ornamentals,2002,0.655113164709988
166,ornamentals,2003,0.6239172997237981
166,ornamentals,2004,0.24956691988951923
166,ornamentals,2005,0.15597932493094951
166,ornamentals,2006,0.18717518991713944
166,ornamentals,2007,0.12478345994475962
166,ornamentals,2008,0.09358759495856972
166,ornamentals,2009,0.09358759495856972
166,ornamentals,2010,0
166,ornamentals,2011,0
166,ornamentals,2012,0
166,ornamentals,2013,0.031195864986189904
166,ornamentals,2014,0.06239172997237981
166,ornamentals,2015,0.06239172997237981
166,ornamentals,2016,0.06239172997237981
166,ornamentals,2017,0.031195864986189904
166,ornamentals,2018,0
166,ornamentals,2019,0
166,ornamentals,2020,0
166,ornamentals,2021,0
166,ornamentals,2022,0
167,ornamentals,1998,0.9937888198757764
167,ornamentals,1999,1
167,ornamentals,2000,0.8778467908902692
167,ornamentals,2001,0.8726708074534162
167,ornamentals,2002,0.8105590062111802
167,ornamentals,2003,0.7701863354037267
167,ornamentals,2004,0.8788819875776398
167,ornamentals,2005,0.7360248447204969
167,ornamentals,2006,0.7391304347826086
167,ornamentals,2007,0.5279503105590062
167,ornamentals,2008,0.34782608695652173
167,ornamentals,2009,0.3416149068322981
167,ornamentals,2010,0.15838509316770186
167,ornamentals,2011,0.18633540372670807
167,ornamentals,2012,0.11180124223602485
167,ornamentals,2013,0.046583850931677016
167,ornamentals,2014,0.043478260869565216
167,ornamentals,2015,0.034161490683229816
167,ornamentals,2016,0.034161490683229816
167,ornamentals,2017,0.07453416149068323
167,ornamentals,2018,0.09316770186335403
167,ornamentals,2019,0.07453416149068323
167,ornamentals,2020,0.062111801242236024
167,ornamentals,2021,0.021739130434782608
167,ornamentals,2022,0
168,ornamentals,1997,1
168,ornamentals,1998,0.5
168,ornamentals,1999,0.3333333333333333
168,ornamentals,2000,0.25
168,ornamentals,2001,0
168,ornamentals,2002,0.3605552804858121
168,ornamentals,2003,0.5231751102703607
168,ornamentals,2004,0.676424476046049
168,ornamentals,2005,0.7448773831359171
168,ornamentals,2006,0.3843221026501051
168,ornamentals,2007,0.535405233307074
168,ornamentals,2008,0.6110623692870808
168,ornamentals,2009,0.5426094621972126
168,ornamentals,2010,0.5426094621972126
168,ornamentals,2011,0.22890650175569505
168,ornamentals,2012,0.07828565370481518
168,ornamentals,2013,0.07828565370481518
168,ornamentals,2014,0.07828565370481518
168,ornamentals,2015,0.07828565370481518
168,ornamentals,2016,0
168,ornamentals,2017,0
168,ornamentals,2018,0
168,ornamentals,2019,0
168,ornamentals,2020,0
168,ornamentals,2021,0
168,ornamentals,2022,0
171,ornamentals,2004,1
171,ornamentals,2005,0.5
171,ornamentals,2006,0.33333333333333337
171,ornamentals,2007,0.25
171,ornamentals,2008,0
171,ornamentals,2009,0.25526315789473686
171,ornamentals,2010,0.48157894736842105
171,ornamentals,2011,0.6815789473684211
171,ornamentals,2012,0.7
171,ornamentals,2013,0.45789473684210524
171,ornamentals,2014,0.24210526315789474
171,ornamentals,2015,0.05263157894736842
171,ornamentals,2016,0.04473684210526316
171,ornamentals,2017,0.042105263157894736
171,ornamentals,2018,0.039473684210526314
171,ornamentals,2019,0.02894736842105263
171,ornamentals,2020,0.018421052631578946
171,ornamentals,2021,0.007894736842105263
171,ornamentals,2022,0
172,ornamentals,1976,0.4975583120514299
172,ornamentals,1977,0.627392688679522
172,ornamentals,1978,0.6669315605741439
172,ornamentals,1979,0.6838965562853977
172,ornamentals,1980,1
172,ornamentals,1981,0.9774953009640879
172,ornamentals,1982,0.9211297876531237
172,ornamentals,1983,0.8421903981587926
172,ornamentals,1984,0.4016973764313328
172,ornamentals,1985,0.23489530914034146
172,ornamentals,1986,0.22367754819611377
172,ornamentals,1987,0.14385947664106416
172,ornamentals,1988,0.14385947664106416
172,ornamentals,1989,0.2317913315851813
172,ornamentals,1990,0.1378127045549353
172,ornamentals,1991,0.3123956781927989
172,ornamentals,1992,0.337336102998208
172,ornamentals,1993,0.540570165795972
172,ornamentals,1994,0.5156297409905628
172,ornamentals,1995,0.31610634254729014
172,ornamentals,1996,0.29116591774188105
172,ornamentals,1997,0
172,ornamentals,1998,0
172,ornamentals,1999,0
172,ornamentals,2000,0
172,ornamentals,2001,0.024940424805409082
172,ornamentals,2002,0.049880849610818165
172,ornamentals,2003,0.09976169922163633
172,ornamentals,2004,0.12470212402704542
172,ornamentals,2005,0.1496425488324545
172,ornamentals,2006,0.17458297363786357
172,ornamentals,2007,0.1496425488324545
172,ornamentals,2008,0.1496425488324545
172,ornamentals,2009,0.12470212402704542
172,ornamentals,2010,0.09976169922163633
172,ornamentals,2011,0.09976169922163633
172,ornamentals,2012,0.07482127441622725
172,ornamentals,2013,0.049880849610818165
172,ornamentals,2014,0.024940424805409082
172,ornamentals,2015,0
172,ornamentals,2016,0
172,ornamentals,2017,0
172,ornamentals,2018,0
172,ornamentals,2019,0
172,ornamentals,2020,0
172,ornamentals,2021,0
172,ornamentals,2022,0
175,ornamentals,1988,1
175,ornamentals,1989,0.5
175,ornamentals,1990,0.47368421052631576
175,ornamentals,1991,0.8947368421052632
175,ornamentals,1992,0.8157894736842105
175,ornamentals,1993,0.868421052631579
175,ornamentals,1994,0.8157894736842105
175,ornamentals,1995,0.3373168169369463
175,ornamentals,1996,0.16626418535799894
175,ornamentals,1997,0.11363260641063053
175,ornamentals,1998,0.19257997483168315
175,ornamentals,1999,0.17105263157894737
175,ornamentals,2000,0.18421052631578946
175,ornamentals,2001,0.23684210526315788
175,ornamentals,2002,0.11842105263157894
175,ornamentals,2003,0.09210526315789473
175,ornamentals,2004,0.07894736842105263
175,ornamentals,2005,0.02631578947368421
175,ornamentals,2006,0.02631578947368421
175,ornamentals,2007,0.013157894736842105
175,ornamentals,2008,0.013157894736842105
175,ornamentals,2009,0.013157894736842105
175,ornamentals,2010,0
175,ornamentals,2011,0
175,ornamentals,2012,0
175,ornamentals,2013,0
175,ornamentals,2014,0.013157894736842105
175,ornamentals,2015,0.09210526315789473
175,ornamentals,2016,0.34210526315789475
175,ornamentals,2017,0.40789473684210525
175,ornamentals,2018,0.4473684210526316
175,ornamentals,2019,0.3684210526315789
175,ornamentals,2020,0.11842105263157894
175,ornamentals,2021,0.05263157894736842
175,ornamentals,2022,0
176,ornamentals,1988,0.08421052631578947
176,ornamentals,1989,0.10526315789473684
176,ornamentals,1990,0.12631578947368421
176,ornamentals,1991,0.4421052631578947
176,ornamentals,1992,0.4842105263157895
176,ornamentals,1993,0.8842105263157894
176,ornamentals,1994,0.9894736842105263
176,ornamentals,1995,1
176,ornamentals,1996,0.9578947368421052
176,ornamentals,1997,0.5894736842105263
176,ornamentals,1998,0.4842105263157895
176,ornamentals,1999,0.3894736842105263
176,ornamentals,2000,0.5894736842105263
176,ornamentals,2001,0.6210526315789474
176,ornamentals,2002,0.5894736842105263
176,ornamentals,2003,0.3473684210526316
176,ornamentals,2004,0.15789473684210525
176,ornamentals,2005,0.09473684210526316
176,ornamentals,2006,0.11578947368421053
176,ornamentals,2007,0.14736842105263157
176,ornamentals,2008,0.16842105263157894
176,ornamentals,2009,0.15789473684210525
176,ornamentals,2010,0.15789473684210525
176,ornamentals,2011,0.1368421052631579
176,ornamentals,2012,0.10526315789473684
176,ornamentals,2013,0.10526315789473684
176,ornamentals,2014,0.10526315789473684
176,ornamentals,2015,0.11578947368421053
176,ornamentals,2016,0.11578947368421053
176,ornamentals,2017,0.11578947368421053
176,ornamentals,2018,0.10526315789473684
176,ornamentals,2019,0.06315789473684211
176,ornamentals,2020,0.042105263157894736
176,ornamentals,2021,0.021052631578947368
176,ornamentals,2022,0
177,ornamentals,1977,0.23236514522821577
177,ornamentals,1978,0.2157676348547718
177,ornamentals,1979,0.2710926694329184
177,ornamentals,1980,0.31950207468879666
177,ornamentals,1981,0.3941908713692946
177,ornamentals,1982,0.5518672199170125
177,ornamentals,1983,0.70124481327800825
177,ornamentals,1984,0.8672199170124482
177,ornamentals,1985,0.991701244813278
177,ornamentals,1986,1
177,ornamentals,1987,0.983402489626556
177,ornamentals,1988,0.8755186721991701
177,ornamentals,1989,0.7468879668049793
177,ornamentals,1990,0.7510373443983402
177,ornamentals,1991,0.8132780082987552
177,ornamentals,1992,0.6390041493775933
177,ornamentals,1993,0.6016597510373444
177,ornamentals,1994,0.4149377593360996
177,ornamentals,1995,0.12448132780082988
177,ornamentals,1996,0.16182572614107885
177,ornamentals,1997,0.18672199170124482
177,ornamentals,1998,0.21161825726141079
177,ornamentals,1999,0.24481327800829875
177,ornamentals,2000,0.22406639004149378
177,ornamentals,2001,0.13278008298755187
177,ornamentals,2002,0.0995850622406639
177,ornamentals,2003,0.2572614107883817
177,ornamentals,2004,0.5435684647302904
177,ornamentals,2005,0.5186721991701245
177,ornamentals,2006,0.49377593360995853
177,ornamentals,2007,0.3029045643153527
177,ornamentals,2008,0
177,ornamentals,2009,0
177,ornamentals,2010,0
177,ornamentals,2011,0
177,ornamentals,2012,0
177,ornamentals,2013,0
177,ornamentals,2014,0
177,ornamentals,2015,0
177,ornamentals,2016,0
177,ornamentals,2017,0
177,ornamentals,2018,0
177,ornamentals,2019,0
177,ornamentals,2020,0
177,ornamentals,2021,0
177,ornamentals,2022,0
178,ornamentals,2002,0
178,ornamentals,2003,0
178,ornamentals,2004,0
178,ornamentals,2005,0
178,ornamentals,2006,0
178,ornamentals,2007,0
178,ornamentals,2008,0
178,ornamentals,2009,0
178,ornamentals,2010,0
178,ornamentals,2011,0
178,ornamentals,2012,0.22727272727272727
178,ornamentals,2013,1
178,ornamentals,2014,1
178,ornamentals,2015,1
178,ornamentals,2016,0.7727272727272727
178,ornamentals,2017,0
178,ornamentals,2018,0
178,ornamentals,2019,0
178,ornamentals,2020,0
178,ornamentals,2021,0
178,ornamentals,2022,0
179,ornamentals,1988,0.3776223776223776
179,ornamentals,1989,0.1958041958041958
179,ornamentals,1990,0.1351981351981352
179,ornamentals,1991,0.10139860139860139
179,ornamentals,1992,0.027972027972027972
179,ornamentals,1993,0.024475524475524476
179,ornamentals,1994,0.02097902097902098
179,ornamentals,1995,0.07342657342657342
179,ornamentals,1996,0.055944055944055944
179,ornamentals,1997,0.055944055944055944
179,ornamentals,1998,0.055944055944055944
179,ornamentals,1999,0.2762237762237762
179,ornamentals,2000,0.6118881118881119
179,ornamentals,2001,0.6118881118881119
179,ornamentals,2002,0.6118881118881119
179,ornamentals,2003,0.33916083916083917
179,ornamentals,2004,0
179,ornamentals,2005,0
179,ornamentals,2006,0
179,ornamentals,2007,0
179,ornamentals,2008,0
179,ornamentals,2009,0.2867132867132867
179,ornamentals,2010,0.2867132867132867
179,ornamentals,2011,0.4090909090909091
179,ornamentals,2012,0.5559440559440559
179,ornamentals,2013,0.5034965034965035
179,ornamentals,2014,0.7762237762237763
179,ornamentals,2015,0.916083916083916
179,ornamentals,2016,1
179,ornamentals,2017,1
179,ornamentals,2018,0.8636363636363636
179,ornamentals,2019,0.6013986013986014
179,ornamentals,2020,0.3706293706293706
179,ornamentals,2021,0.13636363636363635
179,ornamentals,2022,0
180,ornamentals,1988,0
180,ornamentals,1989,0.10196078431372549
180,ornamentals,1990,0.1934640522875817
180,ornamentals,1991,0.1450980392156863
180,ornamentals,1992,0.3176470588235294
180,ornamentals,1993,0.28627450980392155
180,ornamentals,1994,0.3058823529411765
180,ornamentals,1995,0.3058823529411765
180,ornamentals,1996,0.30196078431372547
180,ornamentals,1997,0.4588235294117647
180,ornamentals,1998,0.34509803921568627
180,ornamentals,1999,0.34509803921568627
180,ornamentals,2000,0.5098039215686274
180,ornamentals,2001,0.43137254901960786
180,ornamentals,2002,0.592156862745098
180,ornamentals,2003,0.7019607843137254
180,ornamentals,2004,0.49411764705882355
180,ornamentals,2005,0.5803921568627451
180,ornamentals,2006,0.6745098039215687
180,ornamentals,2007,0.796078431372549
180,ornamentals,2008,1
180,ornamentals,2009,0.8156862745098039
180,ornamentals,2010,0.5607843137254902
180,ornamentals,2011,0.32941176470588235
180,ornamentals,2012,0
180,ornamentals,2013,0
180,ornamentals,2014,0
180,ornamentals,2015,0.34509803921568627
180,ornamentals,2016,0.34509803921568627
180,ornamentals,2017,0.34509803921568627
180,ornamentals,2018,0.34509803921568627
180,ornamentals,2019,0
180,ornamentals,2020,0
180,ornamentals,2021,0.03137254901960784
180,ornamentals,2022,0.06274509803921569
181,ornamentals,1992,0.02631578947368421
181,ornamentals,1993,0.013157894736842105
181,ornamentals,1994,0.008771929824561403
181,ornamentals,1995,0.006578947368421052
181,ornamentals,1996,0.02631578947368421
181,ornamentals,1997,0.35526315789473684
181,ornamentals,1998,0.35526315789473684
181,ornamentals,1999,1
181,ornamentals,2000,0.9868421052631579
181,ornamentals,2001,0.6578947368421053
181,ornamentals,2002,0.6578947368421053
181,ornamentals,2003,0.05263157894736842
181,ornamentals,2004,0.11842105263157894
181,ornamentals,2005,0.11842105263157894
181,ornamentals,2006,0.13157894736842105
181,ornamentals,2007,0.16447368421052633
181,ornamentals,2008,0.6710526315789473
181,ornamentals,2009,0.6710526315789473
181,ornamentals,2010,0.6578947368421053
181,ornamentals,2011,0.5855263157894737
181,ornamentals,2012,0.006578947368421052
181,ornamentals,2013,0.006578947368421052
181,ornamentals,2014,0.019736842105263157
181,ornamentals,2015,0.02631578947368421
181,ornamentals,2016,0.02631578947368421
181,ornamentals,2017,0.046052631578947366
181,ornamentals,2018,0.05263157894736842
181,ornamentals,2019,0.046052631578947366
181,ornamentals,2020,0.039473684210526314
181,ornamentals,2021,0.019736842105263157
181,ornamentals,2022,0
182,ornamentals,1977,1
182,ornamentals,1978,0.5210167375551328
182,ornamentals,1979,0.3551994297137802
182,ornamentals,1980,0.2767193487528287
182,ornamentals,1981,0.026719348752828744
182,ornamentals,1982,0.01621097997526233
182,ornamentals,1983,0.010319776467493557
182,ornamentals,1984,0
182,ornamentals,1985,0
182,ornamentals,1986,0
182,ornamentals,1987,0.009659703382238522
182,ornamentals,1988,0.009659703382238522
182,ornamentals,1989,0.011588336967470718
182,ornamentals,1990,0.05182328564889677
182,ornamentals,1991,0.04216358226665825
182,ornamentals,1992,0.05883024893332491
182,ornamentals,1993,0.05690161534809272
182,ornamentals,1994,0.6083333333333333
182,ornamentals,1995,0.6083333333333333
182,ornamentals,1996,0.5916666666666667
182,ornamentals,1997,0.5916666666666667
182,ornamentals,1998,0
182,ornamentals,1999,0
182,ornamentals,2000,0
182,ornamentals,2001,0
182,ornamentals,2002,0
182,ornamentals,2003,0
182,ornamentals,2004,0
182,ornamentals,2005,0
182,ornamentals,2006,0
182,ornamentals,2007,0
182,ornamentals,2008,0
182,ornamentals,2009,0
182,ornamentals,2010,0
182,ornamentals,2011,0
182,ornamentals,2012,0
182,ornamentals,2013,0
182,ornamentals,2014,0
182,ornamentals,2015,0
182,ornamentals,2016,0
182,ornamentals,2017,0
182,ornamentals,2018,0
182,ornamentals,2019,0
182,ornamentals,2020,0
182,ornamentals,2021,0
182,ornamentals,2022,0
183,ornamentals,1988,0.024844720496894408
183,ornamentals,1989,0.012422360248447204
183,ornamentals,1990,0.008281573498964802
183,ornamentals,1991,0.006211180124223602
183,ornamentals,1992,0
183,ornamentals,1993,0.0013277880501852946
183,ornamentals,1994,0.0013277880501852946
183,ornamentals,1995,0.0013277880501852946
183,ornamentals,1996,0.0013277880501852946
183,ornamentals,1997,0
183,ornamentals,1998,0
183,ornamentals,1999,0
183,ornamentals,2000,0
183,ornamentals,2001,0
183,ornamentals,2002,0
183,ornamentals,2003,0
183,ornamentals,2004,0
183,ornamentals,2005,0.2546583850931677
183,ornamentals,2006,0.4968944099378882
183,ornamentals,2007,0.5590062111801242
183,ornamentals,2008,1
183,ornamentals,2009,0.906832298136646
183,ornamentals,2010,0.6894409937888198
183,ornamentals,2011,0.6583850931677019
183,ornamentals,2012,0.2857142857142857
183,ornamentals,2013,0.2111801242236025
183,ornamentals,2014,0.22981366459627328
183,ornamentals,2015,0.35403726708074534
183,ornamentals,2016,0.5403726708074534
183,ornamentals,2017,0.6832298136645962
183,ornamentals,2018,0.8881987577639752
183,ornamentals,2019,0.7329192546583851
183,ornamentals,2020,0.4782608695652174
183,ornamentals,2021,0.2484472049689441
183,ornamentals,2022,0
184,ornamentals,1988,1
184,ornamentals,1989,0.5446428571428571
184,ornamentals,1990,0.4761904761904762
184,ornamentals,1991,0.4642857142857143
184,ornamentals,1992,0.33035714285714285
184,ornamentals,1993,0.5580357142857143
184,ornamentals,1994,0.6026785714285714
184,ornamentals,1995,0.5223214285714286
184,ornamentals,1996,0.40625
184,ornamentals,1997,0.15625
184,ornamentals,1998,0.026785714285714284
184,ornamentals,1999,0
184,ornamentals,2000,0
184,ornamentals,2001,0
184,ornamentals,2002,0
184,ornamentals,2003,0
184,ornamentals,2004,0
184,ornamentals,2005,0.42410714285714285
184,ornamentals,2006,0.42410714285714285
184,ornamentals,2007,0.8616071428571429
184,ornamentals,2008,0.8616071428571429
184,ornamentals,2009,0.4375
184,ornamentals,2010,0.8392857142857143
184,ornamentals,2011,0.5223214285714286
184,ornamentals,2012,0.7366071428571429
184,ornamentals,2013,0.8928571428571429
184,ornamentals,2014,0.6785714285714286
184,ornamentals,2015,0.7053571428571429
184,ornamentals,2016,0.9107142857142857
184,ornamentals,2017,0.7544642857142857
184,ornamentals,2018,0.7455357142857143
184,ornamentals,2019,0.5982142857142857
184,ornamentals,2020,0.17857142857142858
184,ornamentals,2021,0.24553571428571427
184,ornamentals,2022,0.13392857142857142
188,ornamentals,2008,1
188,ornamentals,2009,0.5
188,ornamentals,2010,0.3333333333333333
188,ornamentals,2011,0.5
188,ornamentals,2012,0.25
188,ornamentals,2013,0.25
188,ornamentals,2014,0.25
188,ornamentals,2015,0
188,ornamentals,2016,0
188,ornamentals,2017,0
188,ornamentals,2018,0
188,ornamentals,2019,0
188,ornamentals,2020,0
188,ornamentals,2021,0
188,ornamentals,2022,0
191,ornamentals,1997,0.03333333333333333
191,ornamentals,1998,0.03333333333333333
191,ornamentals,1999,0.03333333333333333
191,ornamentals,2000,0.03333333333333333
191,ornamentals,2001,0.03333333333333333
191,ornamentals,2002,0.03333333333333333
191,ornamentals,2003,0.025
191,ornamentals,2004,0.016666666666666666
191,ornamentals,2005,0.008333333333333333
191,ornamentals,2006,0.11666666666666667
191,ornamentals,2007,0.11666666666666667
191,ornamentals,2008,0.2833333333333333
191,ornamentals,2009,0.5083333333333333
191,ornamentals,2010,0.8333333333333334
191,ornamentals,2011,1
191,ornamentals,2012,0.8333333333333334
191,ornamentals,2013,0.625
191,ornamentals,2014,0.225
191,ornamentals,2015,0.2916666666666667
191,ornamentals,2016,0.2916666666666667
191,ornamentals,2017,0.39166666666666666
191,ornamentals,2018,0.55
191,ornamentals,2019,0.31666666666666665
191,ornamentals,2020,0.31666666666666665
191,ornamentals,2021,0.2
191,ornamentals,2022,0
193,ornamentals,1995,0.20343565555030255
193,ornamentals,1996,0.10171782777515127
193,ornamentals,1997,0.06781188518343419
193,ornamentals,1998,0.05085891388757564
193,ornamentals,1999,0
193,ornamentals,2000,0
193,ornamentals,2001,0.2654091862687276
193,ornamentals,2002,0.2654091862687276
193,ornamentals,2003,0.627315677540698
193,ornamentals,2004,1
193,ornamentals,2005,0.7345908137312724
193,ornamentals,2006,0.7345908137312724
193,ornamentals,2007,0.37268432245930205
193,ornamentals,2008,0
193,ornamentals,2009,0
193,ornamentals,2010,0
193,ornamentals,2011,0
193,ornamentals,2012,0
193,ornamentals,2013,0
193,ornamentals,2014,0
193,ornamentals,2015,0
193,ornamentals,2016,0
193,ornamentals,2017,0
193,ornamentals,2018,0
193,ornamentals,2019,0
193,ornamentals,2020,0
193,ornamentals,2021,0
193,ornamentals,2022,0
194,ornamentals,1996,1
194,ornamentals,1997,1
194,ornamentals,1998,0.6666666666666666
194,ornamentals,1999,0.5
194,ornamentals,2000,0.25
194,ornamentals,2001,0
194,ornamentals,2002,0
194,ornamentals,2003,0
194,ornamentals,2004,0
194,ornamentals,2005,0
194,ornamentals,2006,0
194,ornamentals,2007,0
194,ornamentals,2008,0
194,ornamentals,2009,0
194,ornamentals,2010,0
194,ornamentals,2011,0
194,ornamentals,2012,0
194,ornamentals,2013,0
194,ornamentals,2014,0
194,ornamentals,2015,0
194,ornamentals,2016,0
194,ornamentals,2017,0
194,ornamentals,2018,0
194,ornamentals,2019,0
194,ornamentals,2020,0
194,ornamentals,2021,0
194,ornamentals,2022,0
195,ornamentals,1996,1
195,ornamentals,1997,0.8333333333333334
195,ornamentals,1998,1
195,ornamentals,1999,0.75
195,ornamentals,2000,0.5
195,ornamentals,2001,0.3333333333333333
195,ornamentals,2002,0
195,ornamentals,2003,0
195,ornamentals,2004,0
195,ornamentals,2005,0
195,ornamentals,2006,0
195,ornamentals,2007,0
195,ornamentals,2008,0
195,ornamentals,2009,0
195,ornamentals,2010,0
195,ornamentals,2011,0
195,ornamentals,2012,0
195,ornamentals,2013,0
195,ornamentals,2014,0
195,ornamentals,2015,0
195,ornamentals,2016,0
195,ornamentals,2017,0
195,ornamentals,2018,0
195,ornamentals,2019,0
195,ornamentals,2020,0
195,ornamentals,2021,0
195,ornamentals,2022,0
202,ornamentals,1991,0.08690768577458549
202,ornamentals,1992,0.07795088940527141
202,ornamentals,1993,0.16116011169592498
202,ornamentals,1994,0.16648904821890606
202,ornamentals,1995,0.15134043604007744
202,ornamentals,1996,0.1340919127810881
202,ornamentals,1997,0.052197273711780075
202,ornamentals,1998,0.00657830926481774
202,ornamentals,1999,0.10341140975784942
202,ornamentals,2000,0.24077404712048678
202,ornamentals,2001,0.4385762449226846
202,ornamentals,2002,0.575938882285322
202,ornamentals,2003,0.7802197802197802
202,ornamentals,2004,0.8461538461538461
202,ornamentals,2005,0.7912087912087912
202,ornamentals,2006,0.8571428571428571
202,ornamentals,2007,0.5714285714285714
202,ornamentals,2008,0.6208791208791209
202,ornamentals,2009,1
202,ornamentals,2010,0.8186813186813187
202,ornamentals,2011,0.8021978021978022
202,ornamentals,2012,0.5494505494505495
202,ornamentals,2013,0.027472527472527472
202,ornamentals,2014,0.03296703296703297
202,ornamentals,2015,0.027472527472527472
202,ornamentals,2016,0.42857142857142855
202,ornamentals,2017,0.43956043956043955
202,ornamentals,2018,0.45293685617834956
202,ornamentals,2019,0.45293685617834956
202,ornamentals,2020,0.05183795507944843
202,ornamentals,2021,0.04084894409043745
202,ornamentals,2022,0
203,ornamentals,1976,0.0392156862745098
203,ornamentals,1977,0.032679738562091505
203,ornamentals,1978,0.02178649237472767
203,ornamentals,1979,0.016339869281045753
203,ornamentals,1980,0.006535947712418301
203,ornamentals,1981,0.0032679738562091504
203,ornamentals,1982,0.0032679738562091504
203,ornamentals,1983,0.00980392156862745
203,ornamentals,1984,0.016339869281045753
203,ornamentals,1985,0.016339869281045753
203,ornamentals,1986,0.029411764705882353
203,ornamentals,1987,0.029411764705882353
203,ornamentals,1988,0.026143790849673203
203,ornamentals,1989,0.049019607843137254
203,ornamentals,1990,0.06209150326797386
203,ornamentals,1991,0.13398692810457516
203,ornamentals,1992,0.1437908496732026
203,ornamentals,1993,0.2222222222222222
203,ornamentals,1994,0.2222222222222222
203,ornamentals,1995,0.27124183006535946
203,ornamentals,1996,0.29411764705882354
203,ornamentals,1997,0.2875816993464052
203,ornamentals,1998,0.32679738562091504
203,ornamentals,1999,0.2875816993464052
203,ornamentals,2000,0.46078431372549017
203,ornamentals,2001,0.5751633986928104
203,ornamentals,2002,0.696078431372549
203,ornamentals,2003,0.6078431372549019
203,ornamentals,2004,0.5718954248366013
203,ornamentals,2005,0.46078431372549017
203,ornamentals,2006,0.5065359477124183
203,ornamentals,2007,0.7712418300653595
203,ornamentals,2008,0.8496732026143791
203,ornamentals,2009,1
203,ornamentals,2010,0.9084967320261438
203,ornamentals,2011,0.9052287581699346
203,ornamentals,2012,0.9183006535947712
203,ornamentals,2013,0.7973856209150327
203,ornamentals,2014,0.8366013071895425
203,ornamentals,2015,0.6764705882352942
203,ornamentals,2016,0.5163398692810458
203,ornamentals,2017,0.38562091503267976
203,ornamentals,2018,0.47058823529411764
203,ornamentals,2019,0.369281045751634
203,ornamentals,2020,0.2647058823529412
203,ornamentals,2021,0.2875816993464052
203,ornamentals,2022,0.0457516339869281
204,ornamentals,1984,1
204,ornamentals,1985,0.65625
204,ornamentals,1986,0.4375
204,ornamentals,1987,0.3515625
204,ornamentals,1988,0.1015625
204,ornamentals,1989,0.0234375
204,ornamentals,1990,0.0234375
204,ornamentals,1991,0
204,ornamentals,1992,0
204,ornamentals,1993,0
204,ornamentals,1994,0
204,ornamentals,1995,0
204,ornamentals,1996,0
204,ornamentals,1997,0
204,ornamentals,1998,0
204,ornamentals,1999,0
204,ornamentals,2000,0
204,ornamentals,2001,0.0078125
204,ornamentals,2002,0.0234375
204,ornamentals,2003,0.03125
204,ornamentals,2004,0.0390625
204,ornamentals,2005,0.1171875
204,ornamentals,2006,0.1796875
204,ornamentals,2007,0.1875
204,ornamentals,2008,0.1796875
204,ornamentals,2009,0.09375
204,ornamentals,2010,0.0234375
204,ornamentals,2011,0.0859375
204,ornamentals,2012,0.0859375
204,ornamentals,2013,0.0859375
204,ornamentals,2014,0.078125
204,ornamentals,2015,0
204,ornamentals,2016,0
204,ornamentals,2017,0
204,ornamentals,2018,0
204,ornamentals,2019,0
204,ornamentals,2020,0
204,ornamentals,2021,0
204,ornamentals,2022,0
206,ornamentals,1976,0.9933938103996971
206,ornamentals,1977,0.49669690519984855
206,ornamentals,1978,0.33113127013323235
206,ornamentals,1979,0.24834845259992427
206,ornamentals,1980,0.27672382941956514
206,ornamentals,1981,0.27672382941956514
206,ornamentals,1982,0.5395088805665601
206,ornamentals,1983,0.5395088805665601
206,ornamentals,1984,0.44975309732016033
206,ornamentals,1985,0.44975309732016033
206,ornamentals,1986,0.1869680461731653
206,ornamentals,1987,0.1869680461731653
206,ornamentals,1988,0
206,ornamentals,1989,0
206,ornamentals,1990,0
206,ornamentals,1991,0
206,ornamentals,1992,0
206,ornamentals,1993,0
206,ornamentals,1994,0
206,ornamentals,1995,0
206,ornamentals,1996,0
206,ornamentals,1997,0
206,ornamentals,1998,0
206,ornamentals,1999,0
206,ornamentals,2000,0
206,ornamentals,2001,0
206,ornamentals,2002,0
206,ornamentals,2003,0
206,ornamentals,2004,0
206,ornamentals,2005,0.029986829431874775
206,ornamentals,2006,0.09165521807637352
206,ornamentals,2007,0.24082893850063408
206,ornamentals,2008,0.5100718580354864
206,ornamentals,2009,0.48008502860361163
206,ornamentals,2010,0.9805374710861495
206,ornamentals,2011,1
206,ornamentals,2012,0.9556054129159623
206,ornamentals,2013,0.9556054129159623
206,ornamentals,2014,0.3934845817889257
206,ornamentals,2015,0.22484833245081468
206,ornamentals,2016,0
206,ornamentals,2017,0
206,ornamentals,2018,0
206,ornamentals,2019,0
206,ornamentals,2020,0
206,ornamentals,2021,0
206,ornamentals,2022,0
207,ornamentals,2001,0.8290155440414507
207,ornamentals,2002,0.41450777202072536
207,ornamentals,2003,0.2763385146804836
207,ornamentals,2004,0.20725388601036268
207,ornamentals,2005,0.15544041450777202
207,ornamentals,2006,0.616580310880829
207,ornamentals,2007,1
207,ornamentals,2008,1
207,ornamentals,2009,0.844559585492228
207,ornamentals,2010,0.38341968911917096
207,ornamentals,2011,0
207,ornamentals,2012,0
207,ornamentals,2013,0
207,ornamentals,2014,0
207,ornamentals,2015,0
207,ornamentals,2016,0
207,ornamentals,2017,0
207,ornamentals,2018,0
207,ornamentals,2019,0
207,ornamentals,2020,0
207,ornamentals,2021,0
207,ornamentals,2022,0
209,ornamentals,1978,1
209,ornamentals,1979,0.5
209,ornamentals,1980,0.5204857281633184
209,ornamentals,1981,0.4909172676488408
209,ornamentals,1982,0.34367719113838224
209,ornamentals,1983,0.5748974411395289
209,ornamentals,1984,0.7772776030400099
209,ornamentals,1985,0.676724631513658
209,ornamentals,1986,0.5739647080241166
209,ornamentals,1987,0.48054958507664686
209,ornamentals,1988,0.6141619634155991
209,ornamentals,1989,0.9184514896959212
209,ornamentals,1990,0.9184514896959212
209,ornamentals,1991,0.7806463626422442
209,ornamentals,1992,0.3042895262803219
209,ornamentals,1993,0
209,ornamentals,1994,0
209,ornamentals,1995,0
209,ornamentals,1996,0
209,ornamentals,1997,0
209,ornamentals,1998,0.054034601781920766
209,ornamentals,1999,0.054034601781920766
209,ornamentals,2000,0.5686815387057795
209,ornamentals,2001,0.7013683276218327
209,ornamentals,2002,0.950300572956465
209,ornamentals,2003,0.9853568798691008
209,ornamentals,2004,0.5559940893174432
209,ornamentals,2005,0.6488584502888574
209,ornamentals,2006,0.4475948753449768
209,ornamentals,2007,0.558467069127531
209,ornamentals,2008,0.5312792113580088
209,ornamentals,2009,0.33001563641412823
209,ornamentals,2010,0.2283123642414557
209,ornamentals,2011,0.09908012054213891
209,ornamentals,2012,0.15523198461378324
209,ornamentals,2013,0.1309444096701966
209,ornamentals,2014,0.31032940691885663
209,ornamentals,2015,0.29363314992298334
209,ornamentals,2016,0.17938499724866003
209,ornamentals,2017,0.17938499724866003
209,ornamentals,2018,0
209,ornamentals,2019,0
209,ornamentals,2020,0
209,ornamentals,2021,0
209,ornamentals,2022,0
210,ornamentals,1988,0.5299684542586751
210,ornamentals,1989,0.5488958990536278
210,ornamentals,1990,0.6140904311251314
210,ornamentals,1991,0.694006309148265
210,ornamentals,1992,0.7981072555205048
210,ornamentals,1993,0.9022082018927445
210,ornamentals,1994,1
210,ornamentals,1995,0.7665615141955836
210,ornamentals,1996,0.5299684542586751
210,ornamentals,1997,0.28391167192429023
210,ornamentals,1998,0
210,ornamentals,1999,0.2807570977917981
210,ornamentals,2000,0.5741324921135647
210,ornamentals,2001,0.8738170347003155
210,ornamentals,2002,0.8738170347003155
210,ornamentals,2003,0.5930599369085173
210,ornamentals,2004,0.2996845425867508
210,ornamentals,2005,0
210,ornamentals,2006,0
210,ornamentals,2007,0
210,ornamentals,2008,0
210,ornamentals,2009,0
210,ornamentals,2010,0
210,ornamentals,2011,0
210,ornamentals,2012,0.006309148264984227
210,ornamentals,2013,0.015772870662460567
210,ornamentals,2014,0.04416403785488959
210,ornamentals,2015,0.05362776025236593
210,ornamentals,2016,0.07255520504731862
210,ornamentals,2017,0.07255520504731862
210,ornamentals,2018,0.050473186119873815
210,ornamentals,2019,0.04100946372239748
210,ornamentals,2020,0.015772870662460567
210,ornamentals,2021,0.006309148264984227
210,ornamentals,2022,0
214,ornamentals,1994,1
214,ornamentals,1995,0.9508196721311475
214,ornamentals,1996,0.633879781420765
214,ornamentals,1997,0.6188524590163934
214,ornamentals,1998,0.4918032786885246
214,ornamentals,1999,0.38524590163934425
214,ornamentals,2000,0.6434426229508197
214,ornamentals,2001,0.6598360655737705
214,ornamentals,2002,0.6311475409836066
214,ornamentals,2003,0.5614754098360656
214,ornamentals,2004,0.3483606557377049
214,ornamentals,2005,0.1885245901639344
214,ornamentals,2006,0.09836065573770492
214,ornamentals,2007,0.04918032786885246
214,ornamentals,2008,0.02459016393442623
214,ornamentals,2009,0.040983606557377046
214,ornamentals,2010,0.11065573770491803
214,ornamentals,2011,0.12295081967213115
214,ornamentals,2012,0.14344262295081966
214,ornamentals,2013,0.1598360655737705
214,ornamentals,2014,0.18442622950819673
214,ornamentals,2015,0.1721311475409836
214,ornamentals,2016,0.29508196721311475
214,ornamentals,2017,0.38524590163934425
214,ornamentals,2018,0.38114754098360654
214,ornamentals,2019,0.38114754098360654
214,ornamentals,2020,0.21721311475409835
214,ornamentals,2021,0.0942622950819672
214,ornamentals,2022,0
216,ornamentals,1981,0.2069306254353535
216,ornamentals,1982,0.799137425083245
216,ornamentals,1983,0.8529883033666313
216,ornamentals,1984,1
216,ornamentals,1985,0.9482673436411616
216,ornamentals,1986,0.6004312874583774
216,ornamentals,1987,0.36025877247502647
216,ornamentals,1988,0
216,ornamentals,1989,0
216,ornamentals,1990,0
216,ornamentals,1991,0
216,ornamentals,1992,0
216,ornamentals,1993,0
216,ornamentals,1994,0
216,ornamentals,1995,0
216,ornamentals,1996,0
216,ornamentals,1997,0
216,ornamentals,1998,0
216,ornamentals,1999,0
216,ornamentals,2000,0
216,ornamentals,2001,0
216,ornamentals,2002,0
216,ornamentals,2003,0
216,ornamentals,2004,0
216,ornamentals,2005,0
216,ornamentals,2006,0
216,ornamentals,2007,0
216,ornamentals,2008,0
216,ornamentals,2009,0
216,ornamentals,2010,0
216,ornamentals,2011,0
216,ornamentals,2012,0
216,ornamentals,2013,0
216,ornamentals,2014,0
216,ornamentals,2015,0
216,ornamentals,2016,0
216,ornamentals,2017,0
216,ornamentals,2018,0
216,ornamentals,2019,0
216,ornamentals,2020,0
216,ornamentals,2021,0
216,ornamentals,2022,0
218,ornamentals,1988,0.05063291139240506
218,ornamentals,1989,0.02531645569620253
218,ornamentals,1990,0.05063291139240506
218,ornamentals,1991,0.16455696202531644
218,ornamentals,1992,0.189873417721519
218,ornamentals,1993,0.27848101265822783
218,ornamentals,1994,0.26582278481012656
218,ornamentals,1995,0.22784810126582278
218,ornamentals,1996,0.20253164556962025
218,ornamentals,1997,0.16455696202531644
218,ornamentals,1998,0.26582278481012656
218,ornamentals,1999,0.2911392405063291
218,ornamentals,2000,0.3924050632911392
218,ornamentals,2001,0.3924050632911392
218,ornamentals,2002,0.34177215189873417
218,ornamentals,2003,0.24050632911392406
218,ornamentals,2004,0.3291139240506329
218,ornamentals,2005,0.5949367088607594
218,ornamentals,2006,0.7341772151898734
218,ornamentals,2007,1
218,ornamentals,2008,0.8227848101265823
218,ornamentals,2009,0.5189873417721519
218,ornamentals,2010,0.34177215189873417
218,ornamentals,2011,0.06329113924050633
218,ornamentals,2012,0.0379746835443038
218,ornamentals,2013,0.02531645569620253
218,ornamentals,2014,0.012658227848101266
218,ornamentals,2015,0.012658227848101266
218,ornamentals,2016,0.012658227848101266
218,ornamentals,2017,0.02531645569620253
218,ornamentals,2018,0.012658227848101266
218,ornamentals,2019,0.012658227848101266
218,ornamentals,2020,0.012658227848101266
218,ornamentals,2021,0
218,ornamentals,2022,0
220,ornamentals,1997,0.48
220,ornamentals,1998,0.6667050610894405
220,ornamentals,1999,0.5511367073929604
220,ornamentals,2000,0.4933525305447203
220,ornamentals,2001,0.41335253054472026
220,ornamentals,2002,0.28
220,ornamentals,2003,0.28
220,ornamentals,2004,0.2
220,ornamentals,2005,0.4
220,ornamentals,2006,0.64
220,ornamentals,2007,0.92
220,ornamentals,2008,1
220,ornamentals,2009,0.84
220,ornamentals,2010,0.5255548656519339
220,ornamentals,2011,0.16555486565193375
220,ornamentals,2012,0.08555486565193376
220,ornamentals,2013,0.005554865651933763
220,ornamentals,2014,0
220,ornamentals,2015,0
220,ornamentals,2016,0
220,ornamentals,2017,0
220,ornamentals,2018,0
220,ornamentals,2019,0
220,ornamentals,2020,0
220,ornamentals,2021,0
220,ornamentals,2022,0
222,ornamentals,1976,0.19900497512437812
222,ornamentals,1977,0.1890547263681592
222,ornamentals,1978,0.19900497512437812
222,ornamentals,1979,0.18407960199004975
222,ornamentals,1980,0.20398009950248755
222,ornamentals,1981,0.2885572139303483
222,ornamentals,1982,0.30845771144278605
222,ornamentals,1983,0.43283582089552236
222,ornamentals,1984,0.6169154228855721
222,ornamentals,1985,0.7412935323383084
222,ornamentals,1986,0.9353233830845771
222,ornamentals,1987,1
222,ornamentals,1988,0.8805970149253731
222,ornamentals,1989,0.7512437810945274
222,ornamentals,1990,0.582089552238806
222,ornamentals,1991,0.4427860696517413
222,ornamentals,1992,0.38308457711442784
222,ornamentals,1993,0.3333333333333333
222,ornamentals,1994,0.31343283582089554
222,ornamentals,1995,0.22885572139303484
222,ornamentals,1996,0.15422885572139303
222,ornamentals,1997,0.07960199004975124
222,ornamentals,1998,0
222,ornamentals,1999,0
222,ornamentals,2000,0.009950248756218905
222,ornamentals,2001,0.009950248756218905
222,ornamentals,2002,0.009950248756218905
222,ornamentals,2003,0.25870646766169153
222,ornamentals,2004,0.24875621890547264
222,ornamentals,2005,0.24875621890547264
222,ornamentals,2006,0.2537313432835821
222,ornamentals,2007,0.004975124378109453
222,ornamentals,2008,0.004975124378109453
222,ornamentals,2009,0.009950248756218905
222,ornamentals,2010,0.029850746268656716
222,ornamentals,2011,0.05472636815920398
222,ornamentals,2012,0.06965174129353234
222,ornamentals,2013,0.0845771144278607
222,ornamentals,2014,0.07462686567164178
222,ornamentals,2015,0.06467661691542288
222,ornamentals,2016,0.06467661691542288
222,ornamentals,2017,0.05970149253731343
222,ornamentals,2018,0.06965174129353234
222,ornamentals,2019,0.05472636815920398
222,ornamentals,2020,0.03980099502487562
222,ornamentals,2021,0.024875621890547265
222,ornamentals,2022,0
223,ornamentals,1980,0.3188927090182216
223,ornamentals,1981,0.26791110293687936
223,ornamentals,1982,0.2541630977216874
223,ornamentals,1983,0.19062232329126555
223,ornamentals,1984,0.11089914603671015
223,ornamentals,1985,0.1165707124970647
223,ornamentals,1986,0.09976552930151654
223,ornamentals,1987,0.9368588904743481
223,ornamentals,1988,1
223,ornamentals,1989,0.9400960593257611
223,ornamentals,1990,0.9002344706984835
223,ornamentals,1991,0.06314110952565184
223,ornamentals,1992,0
223,ornamentals,1993,0
223,ornamentals,1994,0
223,ornamentals,1995,0
223,ornamentals,1996,0
223,ornamentals,1997,0
223,ornamentals,1998,0
223,ornamentals,1999,0
223,ornamentals,2000,0
223,ornamentals,2001,0
223,ornamentals,2002,0
223,ornamentals,2003,0
223,ornamentals,2004,0
223,ornamentals,2005,0
223,ornamentals,2006,0
223,ornamentals,2007,0
223,ornamentals,2008,0
223,ornamentals,2009,0
223,ornamentals,2010,0
223,ornamentals,2011,0
223,ornamentals,2012,0
223,ornamentals,2013,0
223,ornamentals,2014,0
223,ornamentals,2015,0
223,ornamentals,2016,0
223,ornamentals,2017,0
223,ornamentals,2018,0
223,ornamentals,2019,0
223,ornamentals,2020,0
223,ornamentals,2021,0
223,ornamentals,2022,0
224,ornamentals,1993,0.5714285714285714
224,ornamentals,1994,0.2857142857142857
224,ornamentals,1995,0.19047619047619047
224,ornamentals,1996,0.14285714285714285
224,ornamentals,1997,0.14285714285714285
224,ornamentals,1998,1
224,ornamentals,1999,1
224,ornamentals,2000,1
224,ornamentals,2001,0.8571428571428571
224,ornamentals,2002,0
224,ornamentals,2003,0
224,ornamentals,2004,0
224,ornamentals,2005,0
224,ornamentals,2006,0
224,ornamentals,2007,0
224,ornamentals,2008,0
224,ornamentals,2009,0
224,ornamentals,2010,0
224,ornamentals,2011,0
224,ornamentals,2012,0
224,ornamentals,2013,0
224,ornamentals,2014,0
224,ornamentals,2015,0
224,ornamentals,2016,0
224,ornamentals,2017,0
224,ornamentals,2018,0
224,ornamentals,2019,0
224,ornamentals,2020,0
224,ornamentals,2021,0
224,ornamentals,2022,0
245,ornamentals,1997,0.48
245,ornamentals,1998,0.6667050610894405
245,ornamentals,1999,0.5511367073929604
245,ornamentals,2000,0.4933525305447203
245,ornamentals,2001,0.41335253054472026
245,ornamentals,2002,0.28
245,ornamentals,2003,0.28
245,ornamentals,2004,0.2
245,ornamentals,2005,0.4
245,ornamentals,2006,0.64
245,ornamentals,2007,0.92
245,ornamentals,2008,1
245,ornamentals,2009,0.84
245,ornamentals,2010,0.5255548656519339
245,ornamentals,2011,0.16555486565193375
245,ornamentals,2012,0.08555486565193376
245,ornamentals,2013,0.005554865651933763
245,ornamentals,2014,0
245,ornamentals,2015,0
245,ornamentals,2016,0
245,ornamentals,2017,0
245,ornamentals,2018,0
245,ornamentals,2019,0
245,ornamentals,2020,0
245,ornamentals,2021,0
245,ornamentals,2022,0
247,ornamentals,1995,0
247,ornamentals,1996,0
247,ornamentals,1997,0
247,ornamentals,1998,0
247,ornamentals,1999,0.02283927381516759
247,ornamentals,2000,0.02283927381516759
247,ornamentals,2001,0.17627331753203337
247,ornamentals,2002,0.24035115515505248
247,ornamentals,2003,0.5015406949584488
247,ornamentals,2004,0.5015406949584488
247,ornamentals,2005,0.348106651241583
247,ornamentals,2006,1
247,ornamentals,2007,0.7159711863814362
247,ornamentals,2008,0.7159711863814362
247,ornamentals,2009,0.7159711863814362
247,ornamentals,2010,0
247,ornamentals,2011,0
247,ornamentals,2012,0
247,ornamentals,2013,0
247,ornamentals,2014,0
247,ornamentals,2015,0
247,ornamentals,2016,0
247,ornamentals,2017,0
247,ornamentals,2018,0
247,ornamentals,2019,0
247,ornamentals,2020,0
247,ornamentals,2021,0
247,ornamentals,2022,0
248,ornamentals,1997,0.48
248,ornamentals,1998,0.6667050610894405
248,ornamentals,1999,0.5511367073929604
248,ornamentals,2000,0.4933525305447203
248,ornamentals,2001,0.41335253054472026
248,ornamentals,2002,0.28
248,ornamentals,2003,0.28
248,ornamentals,2004,0.2
248,ornamentals,2005,0.4
248,ornamentals,2006,0.64
248,ornamentals,2007,0.92
248,ornamentals,2008,1
248,ornamentals,2009,0.84
248,ornamentals,2010,0.5255548656519339
248,ornamentals,2011,0.16555486565193375
248,ornamentals,2012,0.08555486565193376
248,ornamentals,2013,0.005554865651933763
248,ornamentals,2014,0
248,ornamentals,2015,0
248,ornamentals,2016,0
248,ornamentals,2017,0
248,ornamentals,2018,0
248,ornamentals,2019,0
248,ornamentals,2020,0
248,ornamentals,2021,0
248,ornamentals,2022,0
249,ornamentals,1997,0.48
249,ornamentals,1998,0.6667050610894405
249,ornamentals,1999,0.5511367073929604
249,ornamentals,2000,0.4933525305447203
249,ornamentals,2001,0.41335253054472026
249,ornamentals,2002,0.28
249,ornamentals,2003,0.28
249,ornamentals,2004,0.2
249,ornamentals,2005,0.4
249,ornamentals,2006,0.64
249,ornamentals,2007,0.92
249,ornamentals,2008,1
249,ornamentals,2009,0.84
249,ornamentals,2010,0.5255548656519339
249,ornamentals,2011,0.16555486565193375
249,ornamentals,2012,0.08555486565193376
249,ornamentals,2013,0.005554865651933763
249,ornamentals,2014,0
249,ornamentals,2015,0
249,ornamentals,2016,0
249,ornamentals,2017,0
249,ornamentals,2018,0
249,ornamentals,2019,0
249,ornamentals,2020,0
249,ornamentals,2021,0
249,ornamentals,2022,0
250,ornamentals,1997,0.0693445755398041
250,ornamentals,1998,0.09631745723226336
250,ornamentals,1999,0.07962154383035426
250,ornamentals,2000,0.0712735871293997
250,ornamentals,2001,0.05971615787276569
250,ornamentals,2002,0.040451002398219055
250,ornamentals,2003,0.040451002398219055
250,ornamentals,2004,0.03467228776990205
250,ornamentals,2005,0.06356586091148708
250,ornamentals,2006,0.09823814868138912
250,ornamentals,2007,0.1386891510796082
250,ornamentals,2008,0.1444678657079252
250,ornamentals,2009,0.12135300719465715
250,ornamentals,2010,0.07592578975315024
250,ornamentals,2011,0.023917358098297162
250,ornamentals,2012,0.012359928841663148
250,ornamentals,2013,8.024995850291331e-4
250,ornamentals,2014,0
250,ornamentals,2015,0
250,ornamentals,2016,0.45454545454545453
250,ornamentals,2017,1
250,ornamentals,2018,1
250,ornamentals,2019,1
250,ornamentals,2020,0.5454545454545454
250,ornamentals,2021,0
250,ornamentals,2022,0
