rgn_id,year,product,tonnes
5,1984,ornamentals,3
5,1985,ornamentals,0
5,1986,ornamentals,3
5,1987,ornamentals,5
5,1988,ornamentals,0
5,1989,ornamentals,0
5,1990,ornamentals,0
5,1991,ornamentals,0
5,1992,ornamentals,0
5,1993,ornamentals,0
5,1994,ornamentals,0
5,1995,ornamentals,0
5,1996,ornamentals,0
5,1997,ornamentals,4
5,1998,ornamentals,5
5,1999,ornamentals,1
5,2000,ornamentals,7
5,2001,ornamentals,7
5,2002,ornamentals,4
5,2003,ornamentals,5
5,2004,ornamentals,5
5,2005,ornamentals,4
5,2006,ornamentals,3
5,2007,ornamentals,4
5,2008,ornamentals,4
5,2009,ornamentals,3
5,2010,ornamentals,6
5,2011,ornamentals,6
5,2012,ornamentals,17
5,2013,ornamentals,15
5,2014,ornamentals,15
5,2015,ornamentals,14.893594239356077
5,2016,ornamentals,13.25666428203462
5,2017,ornamentals,4
5,2018,ornamentals,3
5,2019,ornamentals,2.91
5,2020,ornamentals,0.99
5,2021,ornamentals,0.73
5,2022,ornamentals,0.86
6,2003,ornamentals,98.64105254707891
6,2004,ornamentals,134.96523742733226
6,2005,ornamentals,151.83077441155638
6,2006,ornamentals,0
6,2007,ornamentals,0
6,2008,ornamentals,0
6,2009,ornamentals,0
6,2010,ornamentals,0
6,2011,ornamentals,0
6,2012,ornamentals,14.646755325548384
6,2013,ornamentals,21.428210080260214
6,2014,ornamentals,50.93953826209645
6,2015,ornamentals,17.6892756376933
6,2016,ornamentals,5.811879071630756
6,2017,ornamentals,14.289593037321993
6,2018,ornamentals,2
6,2019,ornamentals,0
6,2020,ornamentals,0
6,2021,ornamentals,0.01
6,2022,ornamentals,0
7,1996,ornamentals,14.866866074573068
7,1997,ornamentals,7.27826914598603
7,1998,ornamentals,10.919288094058828
7,1999,ornamentals,14.29293523554449
7,2000,ornamentals,1.891645788388928
7,2001,ornamentals,52.857474502385315
7,2002,ornamentals,41
7,2003,ornamentals,54
7,2004,ornamentals,80
7,2005,ornamentals,102
7,2006,ornamentals,143
7,2007,ornamentals,100
7,2008,ornamentals,69
7,2009,ornamentals,48
7,2010,ornamentals,42
7,2011,ornamentals,0
7,2012,ornamentals,0
7,2013,ornamentals,0
7,2014,ornamentals,0
7,2015,ornamentals,0
7,2016,ornamentals,0
7,2017,ornamentals,0
7,2018,ornamentals,0
7,2019,ornamentals,0
7,2020,ornamentals,0
7,2021,ornamentals,0
7,2022,ornamentals,0
8,1995,ornamentals,0
8,1996,ornamentals,0
8,1997,ornamentals,0
8,1998,ornamentals,0
8,1999,ornamentals,0
8,2000,ornamentals,0
8,2001,ornamentals,0
8,2002,ornamentals,2.5849730795573578
8,2003,ornamentals,10.844143765147235
8,2004,ornamentals,7.43089397589506
8,2005,ornamentals,1.6090494854850022
8,2006,ornamentals,1.530776974759192
8,2007,ornamentals,1.0819514330858055
8,2008,ornamentals,0
8,2009,ornamentals,0
8,2010,ornamentals,0
8,2011,ornamentals,0
8,2012,ornamentals,0
8,2013,ornamentals,2.205079165186457
8,2014,ornamentals,0
8,2015,ornamentals,2.1832394902700365
8,2016,ornamentals,2
8,2017,ornamentals,2
8,2018,ornamentals,6
8,2019,ornamentals,5.04
8,2020,ornamentals,6.09
8,2021,ornamentals,10.49
8,2022,ornamentals,8.36
9,1991,ornamentals,1.716352908787564
9,1992,ornamentals,1.712630363531436
9,1993,ornamentals,0
9,1994,ornamentals,0
9,1995,ornamentals,0
9,1996,ornamentals,1.4384557476344932
9,1997,ornamentals,1.3606519352719566
9,1998,ornamentals,1
9,1999,ornamentals,8
9,2000,ornamentals,5
9,2001,ornamentals,2
9,2002,ornamentals,1.2062235526295666
9,2003,ornamentals,1.5111729536501466
9,2004,ornamentals,1.433369141287609
9,2005,ornamentals,1.2197496725633208
9,2006,ornamentals,0
9,2007,ornamentals,0
9,2008,ornamentals,1.2209289146460067
9,2009,ornamentals,1.27894075864522
9,2010,ornamentals,1.3122588469422976
9,2011,ornamentals,2.8395491552186334
9,2012,ornamentals,3.700108059537283
9,2013,ornamentals,3.6346511250258153
9,2014,ornamentals,2.025834459130813
9,2015,ornamentals,1.528236799831956
9,2016,ornamentals,2.0554300021717635
9,2017,ornamentals,1.8911980448517485
9,2018,ornamentals,2.5418600257022383
9,2019,ornamentals,0.05
9,2020,ornamentals,1.4360366815589505
9,2021,ornamentals,2.98925543332253
9,2022,ornamentals,3.0983833516251664
11,1981,ornamentals,18.86554052722272
11,1982,ornamentals,0
11,1983,ornamentals,0
11,1984,ornamentals,0
11,1985,ornamentals,0
11,1986,ornamentals,0
11,1987,ornamentals,0
11,1988,ornamentals,21.282057199720157
11,1989,ornamentals,41.028371844678304
11,1990,ornamentals,31.130444013847185
11,1991,ornamentals,0
11,1992,ornamentals,0
11,1993,ornamentals,0
11,1994,ornamentals,0
11,1995,ornamentals,85.02510049400667
11,1996,ornamentals,47.335695342123245
11,1997,ornamentals,15.389862169923845
11,1998,ornamentals,6.603593431934996
11,1999,ornamentals,2.634514096261455
11,2000,ornamentals,3.1120711319565544
11,2001,ornamentals,11.92707136396757
11,2002,ornamentals,10.18131021397835
11,2003,ornamentals,10.288314218726327
11,2004,ornamentals,23.995276344477077
11,2005,ornamentals,35.5146518171689
11,2006,ornamentals,63.295110680699565
11,2007,ornamentals,64.78168254575696
11,2008,ornamentals,92.5528258523749
11,2009,ornamentals,141.17378726256158
11,2010,ornamentals,182.1863580513066
11,2011,ornamentals,114.2561910461112
11,2012,ornamentals,5.05826462315479
11,2013,ornamentals,3.1531228888341527
11,2014,ornamentals,2.581443962428885
11,2015,ornamentals,2.232008837342847
11,2016,ornamentals,2.425836337703811
11,2017,ornamentals,3.422210898384213
11,2018,ornamentals,4.900113695256275
11,2019,ornamentals,0.31
11,2020,ornamentals,0.14
11,2021,ornamentals,8.363974830671054
11,2022,ornamentals,7.2
14,1976,ornamentals,33
14,1977,ornamentals,19
14,1978,ornamentals,22
14,1979,ornamentals,203
14,1980,ornamentals,55
14,1981,ornamentals,4
14,1982,ornamentals,25
14,1983,ornamentals,7
14,1984,ornamentals,31
14,1985,ornamentals,25
14,1986,ornamentals,23
14,1987,ornamentals,13
14,1988,ornamentals,7
14,1989,ornamentals,48.72954864250596
14,1990,ornamentals,56.32547718149863
14,1991,ornamentals,12
14,1992,ornamentals,15
14,1993,ornamentals,25
14,1994,ornamentals,39
14,1995,ornamentals,54
14,1996,ornamentals,59
14,1997,ornamentals,77
14,1998,ornamentals,80
14,1999,ornamentals,69
14,2000,ornamentals,91.7482909204664
14,2001,ornamentals,59
14,2002,ornamentals,76
14,2003,ornamentals,91
14,2004,ornamentals,121.96737907336478
14,2005,ornamentals,111
14,2006,ornamentals,108
14,2007,ornamentals,117
14,2008,ornamentals,209
14,2009,ornamentals,104
14,2010,ornamentals,102
14,2011,ornamentals,88
14,2012,ornamentals,109
14,2013,ornamentals,142
14,2014,ornamentals,26
14,2015,ornamentals,34
14,2016,ornamentals,38
14,2017,ornamentals,52
14,2018,ornamentals,54
14,2019,ornamentals,47.57
14,2020,ornamentals,33.17
14,2021,ornamentals,25.05
14,2022,ornamentals,22.06
15,1991,ornamentals,4659
15,1992,ornamentals,5217
15,1993,ornamentals,5874
15,1994,ornamentals,6211
15,1995,ornamentals,6399
15,1996,ornamentals,6007
15,1997,ornamentals,5843
15,1998,ornamentals,5441
15,1999,ornamentals,5558
15,2000,ornamentals,5741
15,2001,ornamentals,5542
15,2002,ornamentals,5632
15,2003,ornamentals,5911
15,2004,ornamentals,6941
15,2005,ornamentals,6698
15,2006,ornamentals,6660
15,2007,ornamentals,6766
15,2008,ornamentals,6441
15,2009,ornamentals,5555
15,2010,ornamentals,5166
15,2011,ornamentals,5503
15,2012,ornamentals,6049
15,2013,ornamentals,5904
15,2014,ornamentals,5945
15,2015,ornamentals,5888
15,2016,ornamentals,6534
15,2017,ornamentals,5898
15,2018,ornamentals,5313
15,2019,ornamentals,5123.36
15,2020,ornamentals,3788.98
15,2021,ornamentals,7079.06
15,2022,ornamentals,7904.13
16,1989,ornamentals,54.53830117877396
16,1990,ornamentals,47.63356743002112
16,1991,ornamentals,67.80722921867152
16,1992,ornamentals,79.65863182839541
16,1993,ornamentals,119.8305582111832
16,1994,ornamentals,166
16,1995,ornamentals,172
16,1996,ornamentals,377
16,1997,ornamentals,324
16,1998,ornamentals,131
16,1999,ornamentals,167
16,2000,ornamentals,179
16,2001,ornamentals,202
16,2002,ornamentals,80
16,2003,ornamentals,219.21830915081784
16,2004,ornamentals,264.9174385757765
16,2005,ornamentals,231.85218600369635
16,2006,ornamentals,199.15317554002215
16,2007,ornamentals,275.2799823573217
16,2008,ornamentals,386.2638406659445
16,2009,ornamentals,390.8360983369661
16,2010,ornamentals,359.6589511376221
16,2011,ornamentals,362.1255628871861
16,2012,ornamentals,424.5525680343935
16,2013,ornamentals,403.62792874092065
16,2014,ornamentals,313.6460243455149
16,2015,ornamentals,254.8241054229325
16,2016,ornamentals,282.4079840547197
16,2017,ornamentals,299.7174890981705
16,2018,ornamentals,357.11389437152366
16,2019,ornamentals,323.63936038842894
16,2020,ornamentals,198.68584635128127
16,2021,ornamentals,240.79533118402105
16,2022,ornamentals,319.06218943000977
17,1998,ornamentals,7
17,1999,ornamentals,1
17,2000,ornamentals,0
17,2001,ornamentals,0
17,2002,ornamentals,1.152529486920372
17,2003,ornamentals,0
17,2004,ornamentals,0
17,2005,ornamentals,0
17,2006,ornamentals,0
17,2007,ornamentals,9.999610996734503
17,2008,ornamentals,8.025822006477398
17,2009,ornamentals,9.79523830844022
17,2010,ornamentals,40.17343791522691
17,2011,ornamentals,36
17,2012,ornamentals,0
17,2013,ornamentals,0
17,2014,ornamentals,0
17,2015,ornamentals,0
17,2016,ornamentals,0
17,2017,ornamentals,0
17,2018,ornamentals,0
17,2019,ornamentals,31.07
17,2020,ornamentals,0.02
17,2021,ornamentals,0.02
17,2022,ornamentals,1.49
18,1989,ornamentals,19.05800396923587
18,1990,ornamentals,45.960370090389745
18,1991,ornamentals,60.296261301948135
18,1992,ornamentals,0
18,1993,ornamentals,0
18,1994,ornamentals,0
18,1995,ornamentals,0
18,1996,ornamentals,0
18,1997,ornamentals,0
18,1998,ornamentals,48.35134101625826
18,1999,ornamentals,48.7838982852854
18,2000,ornamentals,197.87518001676173
18,2001,ornamentals,233
18,2002,ornamentals,253
18,2003,ornamentals,220
18,2004,ornamentals,269
18,2005,ornamentals,126
18,2006,ornamentals,90
18,2007,ornamentals,117
18,2008,ornamentals,119
18,2009,ornamentals,99
18,2010,ornamentals,175
18,2011,ornamentals,135
18,2012,ornamentals,71
18,2013,ornamentals,93
18,2014,ornamentals,95
18,2015,ornamentals,98
18,2016,ornamentals,82
18,2017,ornamentals,77
18,2018,ornamentals,74
18,2019,ornamentals,153.1
18,2020,ornamentals,168.15
18,2021,ornamentals,213.77
18,2022,ornamentals,218.89
20,1977,ornamentals,237
20,1978,ornamentals,81
20,1979,ornamentals,112
20,1980,ornamentals,354
20,1981,ornamentals,59
20,1982,ornamentals,70
20,1983,ornamentals,140
20,1984,ornamentals,90
20,1985,ornamentals,34
20,1986,ornamentals,15
20,1987,ornamentals,62
20,1988,ornamentals,1
20,1989,ornamentals,0
20,1990,ornamentals,0
20,1991,ornamentals,0
20,1992,ornamentals,0
20,1993,ornamentals,29.093154255858735
20,1994,ornamentals,27.00060927102095
20,1995,ornamentals,1
20,1996,ornamentals,23.067040409498983
20,1997,ornamentals,3
20,1998,ornamentals,6
20,1999,ornamentals,6
20,2000,ornamentals,20.08659850202139
20,2001,ornamentals,20.293675077449738
20,2002,ornamentals,24.632884143981755
20,2003,ornamentals,18.0848223861276
20,2004,ornamentals,14.123834883573636
20,2005,ornamentals,15.480722239135048
20,2006,ornamentals,10.154334435172586
20,2007,ornamentals,14.888790957375022
20,2008,ornamentals,12.221340582470477
20,2009,ornamentals,9.661684968203645
20,2010,ornamentals,8.934540284773448
20,2011,ornamentals,0
20,2012,ornamentals,0.19723156641370895
20,2013,ornamentals,0
20,2014,ornamentals,0
20,2015,ornamentals,0.2670362147214503
20,2016,ornamentals,1
20,2017,ornamentals,0
20,2018,ornamentals,0.24376799861886983
20,2019,ornamentals,0.05
20,2020,ornamentals,0.1
20,2021,ornamentals,0.35
20,2022,ornamentals,0.18
24,2000,ornamentals,322
24,2001,ornamentals,449
24,2002,ornamentals,433
24,2003,ornamentals,253
24,2004,ornamentals,142
24,2005,ornamentals,124
24,2006,ornamentals,63
24,2007,ornamentals,110
24,2008,ornamentals,13
24,2009,ornamentals,47
24,2010,ornamentals,230
24,2011,ornamentals,141
24,2012,ornamentals,9
24,2013,ornamentals,0
24,2014,ornamentals,0
24,2015,ornamentals,0
24,2016,ornamentals,0
24,2017,ornamentals,0
24,2018,ornamentals,0
24,2019,ornamentals,0
24,2020,ornamentals,0
24,2021,ornamentals,0
24,2022,ornamentals,0
25,1976,ornamentals,127
25,1977,ornamentals,169
25,1978,ornamentals,151
25,1979,ornamentals,147
25,1980,ornamentals,166
25,1981,ornamentals,152
25,1982,ornamentals,179
25,1983,ornamentals,165
25,1984,ornamentals,266
25,1985,ornamentals,306
25,1986,ornamentals,436
25,1987,ornamentals,621
25,1988,ornamentals,92
25,1989,ornamentals,42
25,1990,ornamentals,52
25,1991,ornamentals,51
25,1992,ornamentals,83
25,1993,ornamentals,112
25,1994,ornamentals,172
25,1995,ornamentals,213
25,1996,ornamentals,497
25,1997,ornamentals,878
25,1998,ornamentals,839
25,1999,ornamentals,605
25,2000,ornamentals,730
25,2001,ornamentals,901
25,2002,ornamentals,1567
25,2003,ornamentals,1625
25,2004,ornamentals,1839
25,2005,ornamentals,1739
25,2006,ornamentals,1517
25,2007,ornamentals,908
25,2008,ornamentals,2200
25,2009,ornamentals,970
25,2010,ornamentals,1115
25,2011,ornamentals,1493
25,2012,ornamentals,1185
25,2013,ornamentals,755
25,2014,ornamentals,917
25,2015,ornamentals,1010
25,2016,ornamentals,1135
25,2017,ornamentals,827
25,2018,ornamentals,643
25,2019,ornamentals,601.86
25,2020,ornamentals,439.15
25,2021,ornamentals,497.08
25,2022,ornamentals,8.14
29,1996,ornamentals,7.172057770177673
29,1997,ornamentals,0
29,1998,ornamentals,0
29,1999,ornamentals,0
29,2000,ornamentals,0
29,2001,ornamentals,6.31304014492315
29,2002,ornamentals,6.121417904038594
29,2003,ornamentals,0
29,2004,ornamentals,0
29,2005,ornamentals,0
29,2006,ornamentals,34
29,2007,ornamentals,14
29,2008,ornamentals,8
29,2009,ornamentals,0
29,2010,ornamentals,0
29,2011,ornamentals,0
29,2012,ornamentals,0
29,2013,ornamentals,0
29,2014,ornamentals,0
29,2015,ornamentals,0
29,2016,ornamentals,0
29,2017,ornamentals,0
29,2018,ornamentals,0
29,2019,ornamentals,0
29,2020,ornamentals,0
29,2021,ornamentals,0
29,2022,ornamentals,0
37,1992,ornamentals,7
37,1993,ornamentals,7
37,1994,ornamentals,7
37,1995,ornamentals,4
37,1996,ornamentals,7
37,1997,ornamentals,6
37,1998,ornamentals,7
37,1999,ornamentals,10
37,2000,ornamentals,8
37,2001,ornamentals,10
37,2002,ornamentals,15
37,2003,ornamentals,4
37,2004,ornamentals,3
37,2005,ornamentals,3
37,2006,ornamentals,3
37,2007,ornamentals,2
37,2008,ornamentals,2
37,2009,ornamentals,3
37,2010,ornamentals,2
37,2011,ornamentals,3
37,2012,ornamentals,1
37,2013,ornamentals,0
37,2014,ornamentals,0
37,2015,ornamentals,1
37,2016,ornamentals,9
37,2017,ornamentals,6
37,2018,ornamentals,9
37,2019,ornamentals,5.3
37,2020,ornamentals,1
37,2021,ornamentals,1.05
37,2022,ornamentals,1.68
39,1980,ornamentals,571.6339497164809
39,1981,ornamentals,558.9932392489754
39,1982,ornamentals,545.9238649521649
39,1983,ornamentals,531.8746876169425
39,1984,ornamentals,517.7642725918195
39,1985,ornamentals,506.4707913021339
39,1986,ornamentals,495.1160723225439
39,1987,ornamentals,480.7607065378179
39,1988,ornamentals,472.2841589835625
39,1989,ornamentals,456.5815640210203
39,1990,ornamentals,442.28743592619503
39,1991,ornamentals,441.3431242297411
39,1992,ornamentals,425.5792915772945
39,1993,ornamentals,414.5919987371126
39,1994,ornamentals,417.1994730548941
39,1995,ornamentals,389.6780039415062
39,1996,ornamentals,382.6711609448721
39,1997,ornamentals,369.0506474389549
39,1998,ornamentals,344.34611206099726
39,1999,ornamentals,330.84807393488154
39,2000,ornamentals,324.3923701473541
39,2001,ornamentals,317.81419098002516
39,2002,ornamentals,303.33634981549767
39,2003,ornamentals,292.2878192854114
39,2004,ornamentals,279.89205957751255
39,2005,ornamentals,270.31323360504757
39,2006,ornamentals,260.36698149317453
39,2007,ornamentals,240.7451743769816
39,2008,ornamentals,225.10381710434012
39,2009,ornamentals,210.8709266994156
39,2010,ornamentals,343
39,2011,ornamentals,320
39,2012,ornamentals,0
39,2013,ornamentals,280
39,2014,ornamentals,315
39,2015,ornamentals,437
39,2016,ornamentals,386
39,2017,ornamentals,386
39,2018,ornamentals,399
39,2019,ornamentals,286.71
39,2020,ornamentals,279.71993049891165
39,2021,ornamentals,304.69
39,2022,ornamentals,333.91
40,1990,ornamentals,130
40,1991,ornamentals,98
40,1992,ornamentals,107
40,1993,ornamentals,296
40,1994,ornamentals,75
40,1995,ornamentals,193
40,1996,ornamentals,464
40,1997,ornamentals,846
40,1998,ornamentals,1023
40,1999,ornamentals,967
40,2000,ornamentals,1013
40,2001,ornamentals,766
40,2002,ornamentals,637
40,2003,ornamentals,684
40,2004,ornamentals,774
40,2005,ornamentals,838
40,2006,ornamentals,875
40,2007,ornamentals,736
40,2008,ornamentals,713
40,2009,ornamentals,854
40,2010,ornamentals,684
40,2011,ornamentals,892
40,2012,ornamentals,507
40,2013,ornamentals,37
40,2014,ornamentals,40
40,2015,ornamentals,62
40,2016,ornamentals,242
40,2017,ornamentals,204
40,2018,ornamentals,199
40,2019,ornamentals,224.42
40,2020,ornamentals,176.15
40,2021,ornamentals,560.77
40,2022,ornamentals,194.61
41,2004,ornamentals,5.440892684764037
41,2005,ornamentals,5.249270443879482
41,2006,ornamentals,0
41,2007,ornamentals,0
41,2008,ornamentals,4.773497300394126
41,2009,ornamentals,0
41,2010,ornamentals,0
41,2011,ornamentals,0
41,2012,ornamentals,0
41,2013,ornamentals,5
41,2014,ornamentals,7
41,2015,ornamentals,1
41,2016,ornamentals,0
41,2017,ornamentals,0
41,2018,ornamentals,0
41,2019,ornamentals,0
41,2020,ornamentals,0
41,2021,ornamentals,0
41,2022,ornamentals,0
42,2000,ornamentals,0
42,2001,ornamentals,6.213946565754668
42,2002,ornamentals,6.022324324870112
42,2003,ornamentals,0
42,2004,ornamentals,0
42,2005,ornamentals,0
42,2006,ornamentals,5.057648202994869
42,2007,ornamentals,0
42,2008,ornamentals,0
42,2009,ornamentals,0
42,2010,ornamentals,5.282095031140898
42,2011,ornamentals,4.595004894414103
42,2012,ornamentals,0.570620164193558
42,2013,ornamentals,1
42,2014,ornamentals,1
42,2015,ornamentals,1
42,2016,ornamentals,1
42,2017,ornamentals,1.0725097223552158
42,2018,ornamentals,0.570620164193558
42,2019,ornamentals,1.02
42,2020,ornamentals,0
42,2021,ornamentals,0.01
42,2022,ornamentals,0.33
43,2003,ornamentals,69
43,2004,ornamentals,79
43,2005,ornamentals,36
43,2006,ornamentals,44
43,2007,ornamentals,15
43,2008,ornamentals,100
43,2009,ornamentals,100
43,2010,ornamentals,60
43,2011,ornamentals,45
43,2012,ornamentals,25
43,2013,ornamentals,33
43,2014,ornamentals,38
43,2015,ornamentals,18
43,2016,ornamentals,37
43,2017,ornamentals,43
43,2018,ornamentals,46
43,2019,ornamentals,99.06
43,2020,ornamentals,407.88
43,2021,ornamentals,507.47
43,2022,ornamentals,448.22
44,2019,ornamentals,1.1
44,2020,ornamentals,10.44
44,2021,ornamentals,36.45
44,2022,ornamentals,17.91
45,1995,ornamentals,12.318358969483938
45,1996,ornamentals,1
45,1997,ornamentals,2
45,1998,ornamentals,7.878842659261238
45,1999,ornamentals,6.7953782058608
45,2000,ornamentals,0
45,2001,ornamentals,0
45,2002,ornamentals,0
45,2003,ornamentals,0
45,2004,ornamentals,0
45,2005,ornamentals,0
45,2006,ornamentals,0
45,2007,ornamentals,0
45,2008,ornamentals,3
45,2009,ornamentals,1
45,2010,ornamentals,4.984814293635566
45,2011,ornamentals,4.396817736077253
45,2012,ornamentals,0
45,2013,ornamentals,0
45,2014,ornamentals,0
45,2015,ornamentals,0
45,2016,ornamentals,0
45,2017,ornamentals,0
45,2018,ornamentals,0
45,2019,ornamentals,0
45,2020,ornamentals,0
45,2021,ornamentals,0
45,2022,ornamentals,0
46,2015,ornamentals,47.49748527171687
46,2016,ornamentals,382.6002108146058
46,2017,ornamentals,644.1507000186048
46,2018,ornamentals,575.3847823915876
46,2019,ornamentals,364.1348098422605
46,2020,ornamentals,450.3835735829234
46,2021,ornamentals,506.3889950544235
46,2022,ornamentals,362.29890084944054
47,2004,ornamentals,6
47,2005,ornamentals,24
47,2006,ornamentals,4
47,2007,ornamentals,2
47,2008,ornamentals,18
47,2009,ornamentals,3
47,2010,ornamentals,41
47,2011,ornamentals,22
47,2012,ornamentals,1
47,2013,ornamentals,0
47,2014,ornamentals,11
47,2015,ornamentals,0
47,2016,ornamentals,1
47,2017,ornamentals,2.8114600016534155
47,2018,ornamentals,2.1812241029971915
47,2019,ornamentals,0
47,2020,ornamentals,0
47,2021,ornamentals,0
47,2022,ornamentals,0
48,1995,ornamentals,0
48,1996,ornamentals,0
48,1997,ornamentals,3
48,1998,ornamentals,2
48,1999,ornamentals,1
48,2000,ornamentals,1.381454924176964
48,2001,ornamentals,3
48,2002,ornamentals,2
48,2003,ornamentals,18
48,2004,ornamentals,0
48,2005,ornamentals,0
48,2006,ornamentals,0
48,2007,ornamentals,0
48,2008,ornamentals,0
48,2009,ornamentals,0
48,2010,ornamentals,0
48,2011,ornamentals,0
48,2012,ornamentals,0
48,2013,ornamentals,0
48,2014,ornamentals,0
48,2015,ornamentals,0
48,2016,ornamentals,0
48,2017,ornamentals,0
48,2018,ornamentals,0
48,2019,ornamentals,0
48,2020,ornamentals,0
48,2021,ornamentals,0
48,2022,ornamentals,0
49,2016,ornamentals,9.145938520900016
49,2017,ornamentals,8.18440631716203
49,2018,ornamentals,0
49,2019,ornamentals,0
49,2020,ornamentals,0
49,2021,ornamentals,1.46
49,2022,ornamentals,11.17
50,1993,ornamentals,9
50,1994,ornamentals,0
50,1995,ornamentals,3
50,1996,ornamentals,0
50,1997,ornamentals,0
50,1998,ornamentals,55
50,1999,ornamentals,104
50,2000,ornamentals,8
50,2001,ornamentals,78
50,2002,ornamentals,79
50,2003,ornamentals,100
50,2004,ornamentals,209
50,2005,ornamentals,158
50,2006,ornamentals,200
50,2007,ornamentals,35
50,2008,ornamentals,46
50,2009,ornamentals,38
50,2010,ornamentals,0
50,2011,ornamentals,0
50,2012,ornamentals,0
50,2013,ornamentals,0
50,2014,ornamentals,0
50,2015,ornamentals,0
50,2016,ornamentals,0
50,2017,ornamentals,0
50,2018,ornamentals,0
50,2019,ornamentals,0
50,2020,ornamentals,0
50,2021,ornamentals,0
50,2022,ornamentals,0
52,1994,ornamentals,1
52,1995,ornamentals,4
52,1996,ornamentals,4
52,1997,ornamentals,1
52,1998,ornamentals,1.6218974408334503
52,1999,ornamentals,1
52,2000,ornamentals,0
52,2001,ornamentals,0
52,2002,ornamentals,0
52,2003,ornamentals,0
52,2004,ornamentals,0
52,2005,ornamentals,0
52,2006,ornamentals,0
52,2007,ornamentals,0
52,2008,ornamentals,0
52,2009,ornamentals,0
52,2010,ornamentals,0
52,2011,ornamentals,0
52,2012,ornamentals,0
52,2013,ornamentals,1.2064589043534395
52,2014,ornamentals,0
52,2015,ornamentals,0
52,2016,ornamentals,0
52,2017,ornamentals,1.8290922178617848
52,2018,ornamentals,0
52,2019,ornamentals,12
52,2020,ornamentals,0
52,2021,ornamentals,0.2
52,2022,ornamentals,0.2
53,2002,ornamentals,1
53,2003,ornamentals,0
53,2004,ornamentals,0
53,2005,ornamentals,0
53,2006,ornamentals,0
53,2007,ornamentals,1
53,2008,ornamentals,19
53,2009,ornamentals,18
53,2010,ornamentals,4
53,2011,ornamentals,41
53,2012,ornamentals,4
53,2013,ornamentals,6
53,2014,ornamentals,77
53,2015,ornamentals,210
53,2016,ornamentals,69
53,2017,ornamentals,172
53,2018,ornamentals,1
53,2019,ornamentals,3.69
53,2020,ornamentals,0
53,2021,ornamentals,0
53,2022,ornamentals,0
54,1995,ornamentals,2.5116709698832267
54,1996,ornamentals,12.091795202747562
54,1997,ornamentals,1.7421186991616937
54,1998,ornamentals,3.738336457093652
54,1999,ornamentals,0
54,2000,ornamentals,0
54,2001,ornamentals,0
54,2002,ornamentals,0
54,2003,ornamentals,0
54,2004,ornamentals,2.309081184897323
54,2005,ornamentals,0
54,2006,ornamentals,4.1875257346411985
54,2007,ornamentals,0
54,2008,ornamentals,0
54,2009,ornamentals,16
54,2010,ornamentals,6
54,2011,ornamentals,6.412719677121487
54,2012,ornamentals,0
54,2013,ornamentals,1
54,2014,ornamentals,0
54,2015,ornamentals,0
54,2016,ornamentals,0
54,2017,ornamentals,0
54,2018,ornamentals,4
54,2019,ornamentals,27.11
54,2020,ornamentals,10.8
54,2021,ornamentals,0
54,2022,ornamentals,4.47
59,1988,ornamentals,20
59,1989,ornamentals,7
59,1990,ornamentals,7
59,1991,ornamentals,6
59,1992,ornamentals,12
59,1993,ornamentals,19
59,1994,ornamentals,33
59,1995,ornamentals,43
59,1996,ornamentals,27
59,1997,ornamentals,16
59,1998,ornamentals,2
59,1999,ornamentals,3
59,2000,ornamentals,1
59,2001,ornamentals,26
59,2002,ornamentals,27
59,2003,ornamentals,12
59,2004,ornamentals,3
59,2005,ornamentals,5
59,2006,ornamentals,3
59,2007,ornamentals,2
59,2008,ornamentals,0
59,2009,ornamentals,2
59,2010,ornamentals,3
59,2011,ornamentals,3
59,2012,ornamentals,5
59,2013,ornamentals,6
59,2014,ornamentals,3
59,2015,ornamentals,2
59,2016,ornamentals,3
59,2017,ornamentals,4
59,2018,ornamentals,7
59,2019,ornamentals,4.29
59,2020,ornamentals,10.47
59,2021,ornamentals,5.86
59,2022,ornamentals,5.89
61,1990,ornamentals,18
61,1991,ornamentals,0
61,1992,ornamentals,0
61,1993,ornamentals,0
61,1994,ornamentals,0
61,1995,ornamentals,0
61,1996,ornamentals,0
61,1997,ornamentals,0
61,1998,ornamentals,0
61,1999,ornamentals,0
61,2000,ornamentals,0
61,2001,ornamentals,0
61,2002,ornamentals,0
61,2003,ornamentals,0
61,2004,ornamentals,0
61,2005,ornamentals,0
61,2006,ornamentals,0
61,2007,ornamentals,0
61,2008,ornamentals,7.548495073770937
61,2009,ornamentals,5
61,2010,ornamentals,1
61,2011,ornamentals,0
61,2012,ornamentals,0
61,2013,ornamentals,0
61,2014,ornamentals,0
61,2015,ornamentals,0
61,2016,ornamentals,0
61,2017,ornamentals,0
61,2018,ornamentals,0
61,2019,ornamentals,0
61,2020,ornamentals,0
61,2021,ornamentals,0
61,2022,ornamentals,0
62,2002,ornamentals,243
62,2003,ornamentals,1725
62,2004,ornamentals,1696
62,2005,ornamentals,2099
62,2006,ornamentals,2050
62,2007,ornamentals,2109
62,2008,ornamentals,315
62,2009,ornamentals,0
62,2010,ornamentals,0
62,2011,ornamentals,0
62,2012,ornamentals,0
62,2013,ornamentals,0
62,2014,ornamentals,0
62,2015,ornamentals,0
62,2016,ornamentals,0
62,2017,ornamentals,0
62,2018,ornamentals,0
62,2019,ornamentals,0
62,2020,ornamentals,0
62,2021,ornamentals,0
62,2022,ornamentals,0
67,1997,ornamentals,6.541053283970257
67,1998,ornamentals,0
67,1999,ornamentals,1
67,2000,ornamentals,8
67,2001,ornamentals,2
67,2002,ornamentals,2
67,2003,ornamentals,0
67,2004,ornamentals,0
67,2005,ornamentals,6.974436886920529
67,2006,ornamentals,0
67,2007,ornamentals,0
67,2008,ornamentals,0
67,2009,ornamentals,0
67,2010,ornamentals,0
67,2011,ornamentals,0
67,2012,ornamentals,0
67,2013,ornamentals,0
67,2014,ornamentals,0
67,2015,ornamentals,0
67,2016,ornamentals,1504.7
67,2017,ornamentals,3009.4
67,2018,ornamentals,0
67,2019,ornamentals,0
67,2020,ornamentals,0
67,2021,ornamentals,0
67,2022,ornamentals,0
71,1999,ornamentals,0
71,2000,ornamentals,0
71,2001,ornamentals,0
71,2002,ornamentals,0
71,2003,ornamentals,0
71,2004,ornamentals,11
71,2005,ornamentals,6
71,2006,ornamentals,0
71,2007,ornamentals,0
71,2008,ornamentals,4
71,2009,ornamentals,0
71,2010,ornamentals,0
71,2011,ornamentals,0
71,2012,ornamentals,0
71,2013,ornamentals,0
71,2014,ornamentals,0
71,2015,ornamentals,0
71,2016,ornamentals,0
71,2017,ornamentals,25
71,2018,ornamentals,118
71,2019,ornamentals,197.26
71,2020,ornamentals,414.68
71,2021,ornamentals,349.15
71,2022,ornamentals,178.98
76,2004,ornamentals,1
76,2005,ornamentals,0.2313434178794296
76,2006,ornamentals,0.2887649678773414
76,2007,ornamentals,0
76,2008,ornamentals,0
76,2009,ornamentals,0
76,2010,ornamentals,1
76,2011,ornamentals,1.238970971926335
76,2012,ornamentals,1.9948223181752005
76,2013,ornamentals,1
76,2014,ornamentals,1
76,2015,ornamentals,11
76,2016,ornamentals,1
76,2017,ornamentals,2.1826236157817607
76,2018,ornamentals,1.9948223181752005
76,2019,ornamentals,0.1
76,2020,ornamentals,2.16
76,2021,ornamentals,4.51
76,2022,ornamentals,4.71
77,2001,ornamentals,1.6139735018921044
77,2002,ornamentals,0
77,2003,ornamentals,0
77,2004,ornamentals,1.782419480972436
77,2005,ornamentals,38
77,2006,ornamentals,19
77,2007,ornamentals,7
77,2008,ornamentals,32
77,2009,ornamentals,51
77,2010,ornamentals,45
77,2011,ornamentals,1.999090180804842
77,2012,ornamentals,3.506720035455487
77,2013,ornamentals,2.4098594394981774
77,2014,ornamentals,5.463502730060668
77,2015,ornamentals,1.886163480029495
77,2016,ornamentals,1.943585030027407
77,2017,ornamentals,2.7132232232742695
77,2018,ornamentals,2.254901686781579
77,2019,ornamentals,2.1106922491562727
77,2020,ornamentals,0
77,2021,ornamentals,3.1131046418078654
77,2022,ornamentals,3.1131046418078654
78,2012,ornamentals,4
78,2013,ornamentals,4.243471164309032
78,2014,ornamentals,0
78,2015,ornamentals,2.607997823721436
78,2016,ornamentals,2
78,2017,ornamentals,2.280903155603917
78,2018,ornamentals,1.6267138193688793
78,2019,ornamentals,0
78,2020,ornamentals,4.74
78,2021,ornamentals,2.88
78,2022,ornamentals,2.88
79,1976,ornamentals,3.3849155339463124
79,1977,ornamentals,5.028393455834902
79,1978,ornamentals,0
79,1979,ornamentals,5.3170606932434765
79,1980,ornamentals,0
79,1981,ornamentals,0
79,1982,ornamentals,0
79,1983,ornamentals,0
79,1984,ornamentals,0
79,1985,ornamentals,0
79,1986,ornamentals,0
79,1987,ornamentals,0
79,1988,ornamentals,618.3551239197903
79,1989,ornamentals,627.4061383985897
79,1990,ornamentals,806.4777538502917
79,1991,ornamentals,878.4928290628318
79,1992,ornamentals,897.9496687049104
79,1993,ornamentals,989.3654348998358
79,1994,ornamentals,1262.97132641116
79,1995,ornamentals,1479.7861043195023
79,1996,ornamentals,1453.9158750300082
79,1997,ornamentals,1477.0764829505422
79,1998,ornamentals,1250.850026788416
79,1999,ornamentals,1074.007147672361
79,2000,ornamentals,953.4262724052232
79,2001,ornamentals,978.350579505974
79,2002,ornamentals,989.5180330010334
79,2003,ornamentals,1504.9270821200855
79,2004,ornamentals,1904.4610950988915
79,2005,ornamentals,1937.1456785925964
79,2006,ornamentals,2006.867944870855
79,2007,ornamentals,2398.99442129275
79,2008,ornamentals,2811.0506984510953
79,2009,ornamentals,2761.1941603106525
79,2010,ornamentals,2686.6458336471737
79,2011,ornamentals,2798.8732501686577
79,2012,ornamentals,1.7138988300357028
79,2013,ornamentals,2.974720915178409
79,2014,ornamentals,0
79,2015,ornamentals,1.7879267016502922
79,2016,ornamentals,2.8768344246294646
79,2017,ornamentals,3.449999061118035
79,2018,ornamentals,8.424585622430257
79,2019,ornamentals,4.252499609767995
79,2020,ornamentals,0
79,2021,ornamentals,6.725025390863834
79,2022,ornamentals,6.725025390863834
80,1991,ornamentals,155.54822501078706
80,1992,ornamentals,0
80,1993,ornamentals,43
80,1994,ornamentals,2
80,1995,ornamentals,0
80,1996,ornamentals,10
80,1997,ornamentals,74
80,1998,ornamentals,243
80,1999,ornamentals,298
80,2000,ornamentals,102
80,2001,ornamentals,115
80,2002,ornamentals,297
80,2003,ornamentals,13
80,2004,ornamentals,127.57798945123976
80,2005,ornamentals,31
80,2006,ornamentals,303
80,2007,ornamentals,203.0136383031604
80,2008,ornamentals,184
80,2009,ornamentals,149.96102743261144
80,2010,ornamentals,709
80,2011,ornamentals,38
80,2012,ornamentals,0
80,2013,ornamentals,0
80,2014,ornamentals,0
80,2015,ornamentals,0
80,2016,ornamentals,0
80,2017,ornamentals,0
80,2018,ornamentals,0
80,2019,ornamentals,0
80,2020,ornamentals,0
80,2021,ornamentals,0
80,2022,ornamentals,0
82,2000,ornamentals,0.4780687808284547
82,2001,ornamentals,0
82,2002,ornamentals,0
82,2003,ornamentals,0
82,2004,ornamentals,2
82,2005,ornamentals,1
82,2006,ornamentals,1
82,2007,ornamentals,0
82,2008,ornamentals,3
82,2009,ornamentals,1
82,2010,ornamentals,0
82,2011,ornamentals,0
82,2012,ornamentals,0
82,2013,ornamentals,0
82,2014,ornamentals,0
82,2015,ornamentals,0
82,2016,ornamentals,0
82,2017,ornamentals,0
82,2018,ornamentals,0
82,2019,ornamentals,0
82,2020,ornamentals,0
82,2021,ornamentals,0
82,2022,ornamentals,0
84,2001,ornamentals,6.608094417902095
84,2002,ornamentals,6.599912923461147
84,2003,ornamentals,1
84,2004,ornamentals,1
84,2005,ornamentals,1
84,2006,ornamentals,0
84,2007,ornamentals,7.257375233125259
84,2008,ornamentals,0
84,2009,ornamentals,0
84,2010,ornamentals,0
84,2011,ornamentals,0
84,2012,ornamentals,0
84,2013,ornamentals,0
84,2014,ornamentals,0
84,2015,ornamentals,0
84,2016,ornamentals,0
84,2017,ornamentals,0
84,2018,ornamentals,0
84,2019,ornamentals,0
84,2020,ornamentals,0
84,2021,ornamentals,0
84,2022,ornamentals,0
85,2001,ornamentals,1.0450638979658748
85,2002,ornamentals,0
85,2003,ornamentals,0.9573821805505672
85,2004,ornamentals,0.8910435794263378
85,2005,ornamentals,0
85,2006,ornamentals,0
85,2007,ornamentals,0.819514983080893
85,2008,ornamentals,0
85,2009,ornamentals,0
85,2010,ornamentals,0
85,2011,ornamentals,0
85,2012,ornamentals,0
85,2013,ornamentals,0
85,2014,ornamentals,0
85,2015,ornamentals,0
85,2016,ornamentals,0
85,2017,ornamentals,0
85,2018,ornamentals,0
85,2019,ornamentals,0
85,2020,ornamentals,0
85,2021,ornamentals,0
85,2022,ornamentals,0
86,2001,ornamentals,1.5117281415768389
86,2002,ornamentals,0
86,2003,ornamentals,1.1578896728192944
86,2004,ornamentals,0.9750234922063328
86,2005,ornamentals,0
86,2006,ornamentals,0
86,2007,ornamentals,0.4601243123613017
86,2008,ornamentals,0
86,2009,ornamentals,0
86,2010,ornamentals,0
86,2011,ornamentals,0
86,2012,ornamentals,0
86,2013,ornamentals,0
86,2014,ornamentals,0
86,2015,ornamentals,0
86,2016,ornamentals,0
86,2017,ornamentals,0
86,2018,ornamentals,0
86,2019,ornamentals,0
86,2020,ornamentals,0
86,2021,ornamentals,0
86,2022,ornamentals,0
88,2001,ornamentals,1.0450638979658748
88,2002,ornamentals,0
88,2003,ornamentals,0.9573821805505672
88,2004,ornamentals,0.8910435794263378
88,2005,ornamentals,0
88,2006,ornamentals,0
88,2007,ornamentals,0.819514983080893
88,2008,ornamentals,0
88,2009,ornamentals,0
88,2010,ornamentals,0
88,2011,ornamentals,0
88,2012,ornamentals,0
88,2013,ornamentals,0
88,2014,ornamentals,0
88,2015,ornamentals,0
88,2016,ornamentals,0
88,2017,ornamentals,0
88,2018,ornamentals,0
88,2019,ornamentals,0
88,2020,ornamentals,0
88,2021,ornamentals,0
88,2022,ornamentals,0
96,1995,ornamentals,5
96,1996,ornamentals,5
96,1997,ornamentals,0
96,1998,ornamentals,0.6446042967712913
96,1999,ornamentals,1
96,2000,ornamentals,0
96,2001,ornamentals,0.4419955067474177
96,2002,ornamentals,1.556194527955327
96,2003,ornamentals,1.2776341066588088
96,2004,ornamentals,0.8091519432026075
96,2005,ornamentals,0
96,2006,ornamentals,0.758489079702116
96,2007,ornamentals,0
96,2008,ornamentals,0
96,2009,ornamentals,0.9990310213841695
96,2010,ornamentals,0.9736995896339238
96,2011,ornamentals,0
96,2012,ornamentals,0
96,2013,ornamentals,0
96,2014,ornamentals,26
96,2015,ornamentals,0
96,2016,ornamentals,0
96,2017,ornamentals,0
96,2018,ornamentals,0
96,2019,ornamentals,0
96,2020,ornamentals,0
96,2021,ornamentals,0
96,2022,ornamentals,0
97,2000,ornamentals,0.34071244372454146
97,2001,ornamentals,0
97,2002,ornamentals,1.3662727857956298
97,2003,ornamentals,0.454639890633473
97,2004,ornamentals,1
97,2005,ornamentals,0.6572060166792397
97,2006,ornamentals,1
97,2007,ornamentals,0
97,2008,ornamentals,0
97,2009,ornamentals,0
97,2010,ornamentals,0
97,2011,ornamentals,0
97,2012,ornamentals,0.8597294787468428
97,2013,ornamentals,0
97,2014,ornamentals,0
97,2015,ornamentals,0
97,2016,ornamentals,0
97,2017,ornamentals,0
97,2018,ornamentals,0
97,2019,ornamentals,0
97,2020,ornamentals,0
97,2021,ornamentals,0
97,2022,ornamentals,0
100,1995,ornamentals,0
100,1996,ornamentals,11.57732785570238
100,1997,ornamentals,9.461013674766036
100,1998,ornamentals,8.82691161761909
100,1999,ornamentals,9.1191921378404
100,2000,ornamentals,11.078961297324897
100,2001,ornamentals,17.11481379723068
100,2002,ornamentals,26.670920091136168
100,2003,ornamentals,24.739882425673382
100,2004,ornamentals,6.1339583675792255
100,2005,ornamentals,0
100,2006,ornamentals,13.759026996022158
100,2007,ornamentals,0
100,2008,ornamentals,0
100,2009,ornamentals,0
100,2010,ornamentals,0
100,2011,ornamentals,0
100,2012,ornamentals,0
100,2013,ornamentals,0
100,2014,ornamentals,0
100,2015,ornamentals,0
100,2016,ornamentals,0
100,2017,ornamentals,0
100,2018,ornamentals,0
100,2019,ornamentals,0
100,2020,ornamentals,0
100,2021,ornamentals,0
100,2022,ornamentals,0
101,2000,ornamentals,1
101,2001,ornamentals,0
101,2002,ornamentals,22
101,2003,ornamentals,4
101,2004,ornamentals,80
101,2005,ornamentals,72
101,2006,ornamentals,0
101,2007,ornamentals,0
101,2008,ornamentals,0
101,2009,ornamentals,0
101,2010,ornamentals,0
101,2011,ornamentals,0
101,2012,ornamentals,5
101,2013,ornamentals,6.125677970706647
101,2014,ornamentals,26
101,2015,ornamentals,0
101,2016,ornamentals,0
101,2017,ornamentals,0
101,2018,ornamentals,0
101,2019,ornamentals,0
101,2020,ornamentals,0
101,2021,ornamentals,0
101,2022,ornamentals,0.5
102,1985,ornamentals,62.57824262370957
102,1986,ornamentals,0
102,1987,ornamentals,0
102,1988,ornamentals,0
102,1989,ornamentals,0
102,1990,ornamentals,153.4243531686709
102,1991,ornamentals,150.71347693400173
102,1992,ornamentals,208.622241051898
102,1993,ornamentals,216.0146382093231
102,1994,ornamentals,181.64683867942531
102,1995,ornamentals,201.16316390736347
102,1996,ornamentals,150.63012695011494
102,1997,ornamentals,170.82000373752606
102,1998,ornamentals,58.32022330876622
102,1999,ornamentals,31.36149093307089
102,2000,ornamentals,18.5473413063075
102,2001,ornamentals,21.22487754742195
102,2002,ornamentals,4.369418563820865
102,2003,ornamentals,50.82780617067699
102,2004,ornamentals,9.050939486576787
102,2005,ornamentals,2.298753895069943
102,2006,ornamentals,2.2820838982925835
102,2007,ornamentals,0.9183107825693284
102,2008,ornamentals,74.99231232781635
102,2009,ornamentals,0.8849707890146092
102,2010,ornamentals,1.5418523517102043
102,2011,ornamentals,1.525182354932845
102,2012,ornamentals,0
102,2013,ornamentals,1
102,2014,ornamentals,8
102,2015,ornamentals,2
102,2016,ornamentals,24
102,2017,ornamentals,8
102,2018,ornamentals,10
102,2019,ornamentals,20.39
102,2020,ornamentals,2.12
102,2021,ornamentals,2.45
102,2022,ornamentals,10.38
103,1997,ornamentals,0
103,1998,ornamentals,0
103,1999,ornamentals,0
103,2000,ornamentals,0
103,2001,ornamentals,0
103,2002,ornamentals,0
103,2003,ornamentals,0
103,2004,ornamentals,0
103,2005,ornamentals,0
103,2006,ornamentals,0
103,2007,ornamentals,0
103,2008,ornamentals,0
103,2009,ornamentals,0
103,2010,ornamentals,0
103,2011,ornamentals,0
103,2012,ornamentals,0
103,2013,ornamentals,0
103,2014,ornamentals,0
103,2015,ornamentals,0
103,2016,ornamentals,0
103,2017,ornamentals,0
103,2018,ornamentals,0
103,2019,ornamentals,0
103,2020,ornamentals,0
103,2021,ornamentals,0
103,2022,ornamentals,0
104,1995,ornamentals,0
104,1996,ornamentals,0
104,1997,ornamentals,0
104,1998,ornamentals,0
104,1999,ornamentals,0
104,2000,ornamentals,0
104,2001,ornamentals,0
104,2002,ornamentals,0
104,2003,ornamentals,0
104,2004,ornamentals,0
104,2005,ornamentals,0
104,2006,ornamentals,0
104,2007,ornamentals,0
104,2008,ornamentals,0
104,2009,ornamentals,0
104,2010,ornamentals,0
104,2011,ornamentals,0
104,2012,ornamentals,0
104,2013,ornamentals,0
104,2014,ornamentals,0
104,2015,ornamentals,0
104,2016,ornamentals,0
104,2017,ornamentals,0
104,2018,ornamentals,0
104,2019,ornamentals,0
104,2020,ornamentals,0
104,2021,ornamentals,0
104,2022,ornamentals,0
106,1986,ornamentals,0
106,1987,ornamentals,0
106,1988,ornamentals,0
106,1989,ornamentals,0
106,1990,ornamentals,0
106,1991,ornamentals,0
106,1992,ornamentals,0.03690591863404791
106,1993,ornamentals,1.6575629189344454
106,1994,ornamentals,0
106,1995,ornamentals,0.21414061292954045
106,1996,ornamentals,3.8931988788344256
106,1997,ornamentals,2.8086563074611774
106,1998,ornamentals,0
106,1999,ornamentals,0
106,2000,ornamentals,0
106,2001,ornamentals,0
106,2002,ornamentals,0
106,2003,ornamentals,0
106,2004,ornamentals,0
106,2005,ornamentals,0
106,2006,ornamentals,0
106,2007,ornamentals,0
106,2008,ornamentals,1
106,2009,ornamentals,0
106,2010,ornamentals,0
106,2011,ornamentals,0
106,2012,ornamentals,0
106,2013,ornamentals,66
106,2014,ornamentals,0
106,2015,ornamentals,0
106,2016,ornamentals,0
106,2017,ornamentals,1
106,2018,ornamentals,1
106,2019,ornamentals,104.63
106,2020,ornamentals,2.44
106,2021,ornamentals,2.67
106,2022,ornamentals,27.52
112,1999,ornamentals,10
112,2000,ornamentals,14
112,2001,ornamentals,16
112,2002,ornamentals,14
112,2003,ornamentals,14
112,2004,ornamentals,14
112,2005,ornamentals,12
112,2006,ornamentals,19
112,2007,ornamentals,20
112,2008,ornamentals,10
112,2009,ornamentals,11
112,2010,ornamentals,9
112,2011,ornamentals,6
112,2012,ornamentals,4
112,2013,ornamentals,3
112,2014,ornamentals,4
112,2015,ornamentals,2
112,2016,ornamentals,6.14
112,2017,ornamentals,8.45
112,2018,ornamentals,9
112,2019,ornamentals,0.07
112,2020,ornamentals,1.14
112,2021,ornamentals,0.33
112,2022,ornamentals,0.31
114,1996,ornamentals,19.83202918527644
114,1997,ornamentals,54.358243056839385
114,1998,ornamentals,330.8014698963327
114,1999,ornamentals,219.78863119017404
114,2000,ornamentals,115.16395700555655
114,2001,ornamentals,111.36118374787216
114,2002,ornamentals,90.89363347747158
114,2003,ornamentals,69.87059063998046
114,2004,ornamentals,95.50892343809473
114,2005,ornamentals,62.26504412461172
114,2006,ornamentals,57.07353944920101
114,2007,ornamentals,83.54511109795108
114,2008,ornamentals,120.832365023432
114,2009,ornamentals,155.37500167652965
114,2010,ornamentals,113.243241289598
114,2011,ornamentals,106.10751262937036
114,2012,ornamentals,0.18489499099961876
114,2013,ornamentals,0.16304212407053997
114,2014,ornamentals,0.16016674684302956
114,2015,ornamentals,0.1709014884924016
114,2016,ornamentals,0.1883454436726312
114,2017,ornamentals,0.2115401533078815
114,2018,ornamentals,0.228409033042609
114,2019,ornamentals,0.22
114,2020,ornamentals,0.21
114,2021,ornamentals,0.08
114,2022,ornamentals,0.2
115,1979,ornamentals,0
115,1980,ornamentals,0
115,1981,ornamentals,0
115,1982,ornamentals,0
115,1983,ornamentals,0
115,1984,ornamentals,0
115,1985,ornamentals,0
115,1986,ornamentals,0
115,1987,ornamentals,0
115,1988,ornamentals,0
115,1989,ornamentals,0
115,1990,ornamentals,0
115,1991,ornamentals,0
115,1992,ornamentals,10.323702980484851
115,1993,ornamentals,0.6882577683498141
115,1994,ornamentals,38.82517332600125
115,1995,ornamentals,62.241535855753384
115,1996,ornamentals,5.111476157377126
115,1997,ornamentals,3.8084194516002015
115,1998,ornamentals,0.28339247746106366
115,1999,ornamentals,0
115,2000,ornamentals,0.7324881849051792
115,2001,ornamentals,2.2068943145809214
115,2002,ornamentals,22.290301441789808
115,2003,ornamentals,22.37597615373923
115,2004,ornamentals,11.629545807423083
115,2005,ornamentals,141.9782275021043
115,2006,ornamentals,12.0786415148672
115,2007,ornamentals,51.88203477379025
115,2008,ornamentals,43.35757469583632
115,2009,ornamentals,32.333398065974905
115,2010,ornamentals,35.47428189692232
115,2011,ornamentals,43.61459883168456
115,2012,ornamentals,0.8116316963574484
115,2013,ornamentals,0
115,2014,ornamentals,0
115,2015,ornamentals,0.1544917509217355
115,2016,ornamentals,10.997300850610998
115,2017,ornamentals,0.2
115,2018,ornamentals,3.78
115,2019,ornamentals,0.03
115,2020,ornamentals,0.1
115,2021,ornamentals,0.06
115,2022,ornamentals,0.06
124,1976,ornamentals,0
124,1977,ornamentals,0
124,1978,ornamentals,0
124,1979,ornamentals,0
124,1980,ornamentals,0
124,1981,ornamentals,0
124,1982,ornamentals,0
124,1983,ornamentals,0
124,1984,ornamentals,0
124,1985,ornamentals,0
124,1986,ornamentals,0
124,1987,ornamentals,0
124,1988,ornamentals,0
124,1989,ornamentals,0
124,1990,ornamentals,0
124,1991,ornamentals,0
124,1992,ornamentals,0
124,1993,ornamentals,0
124,1994,ornamentals,0
124,1995,ornamentals,0
124,1996,ornamentals,0
124,1997,ornamentals,0
124,1998,ornamentals,0
124,1999,ornamentals,0
124,2000,ornamentals,10
124,2001,ornamentals,4
124,2002,ornamentals,3
124,2003,ornamentals,3
124,2004,ornamentals,3
124,2005,ornamentals,1
124,2006,ornamentals,0
124,2007,ornamentals,0
124,2008,ornamentals,0
124,2009,ornamentals,0
124,2010,ornamentals,0
124,2011,ornamentals,0
124,2012,ornamentals,0
124,2013,ornamentals,0
124,2014,ornamentals,0
124,2015,ornamentals,0
124,2016,ornamentals,0.15905959127891833
124,2017,ornamentals,0
124,2018,ornamentals,0
124,2019,ornamentals,0
124,2020,ornamentals,0
124,2021,ornamentals,0
124,2022,ornamentals,0
126,1976,ornamentals,64.77991058189357
126,1977,ornamentals,37.6464495064065
126,1978,ornamentals,36.89888536772008
126,1979,ornamentals,58.64877019620059
126,1980,ornamentals,65.40035571323651
126,1981,ornamentals,48.265760845379134
126,1982,ornamentals,15
126,1983,ornamentals,11.774600841302288
126,1984,ornamentals,9
126,1985,ornamentals,8
126,1986,ornamentals,11
126,1987,ornamentals,21
126,1988,ornamentals,26
126,1989,ornamentals,27
126,1990,ornamentals,34
126,1991,ornamentals,7
126,1992,ornamentals,30
126,1993,ornamentals,52
126,1994,ornamentals,78
126,1995,ornamentals,101
126,1996,ornamentals,106
126,1997,ornamentals,122
126,1998,ornamentals,134
126,1999,ornamentals,118
126,2000,ornamentals,127
126,2001,ornamentals,127
126,2002,ornamentals,100
126,2003,ornamentals,88
126,2004,ornamentals,82
126,2005,ornamentals,82
126,2006,ornamentals,104
126,2007,ornamentals,86
126,2008,ornamentals,83
126,2009,ornamentals,65
126,2010,ornamentals,178.51361792273653
126,2011,ornamentals,34.95961696169189
126,2012,ornamentals,28.663319157958885
126,2013,ornamentals,12.048229290046056
126,2014,ornamentals,15.658021521426546
126,2015,ornamentals,13.799472248559082
126,2016,ornamentals,0.13
126,2017,ornamentals,0.95
126,2018,ornamentals,29.17
126,2019,ornamentals,0.06
126,2020,ornamentals,0.29
126,2021,ornamentals,0.24
126,2022,ornamentals,0.15
129,1989,ornamentals,2
129,1990,ornamentals,4.679246330824043
129,1991,ornamentals,4.456414445833673
129,1992,ornamentals,35
129,1993,ornamentals,114
129,1994,ornamentals,26
129,1995,ornamentals,0
129,1996,ornamentals,0
129,1997,ornamentals,0
129,1998,ornamentals,0
129,1999,ornamentals,0
129,2000,ornamentals,0
129,2001,ornamentals,0
129,2002,ornamentals,0
129,2003,ornamentals,0
129,2004,ornamentals,0
129,2005,ornamentals,0
129,2006,ornamentals,0
129,2007,ornamentals,0
129,2008,ornamentals,0
129,2009,ornamentals,0
129,2010,ornamentals,0
129,2011,ornamentals,0
129,2012,ornamentals,0
129,2013,ornamentals,0
129,2014,ornamentals,0
129,2015,ornamentals,0
129,2016,ornamentals,0
129,2017,ornamentals,0
129,2018,ornamentals,0
129,2019,ornamentals,0
129,2020,ornamentals,0
129,2021,ornamentals,0
129,2022,ornamentals,0
130,1984,ornamentals,9
130,1985,ornamentals,0
130,1986,ornamentals,7
130,1987,ornamentals,28
130,1988,ornamentals,66
130,1989,ornamentals,81
130,1990,ornamentals,61.846708438084065
130,1991,ornamentals,97
130,1992,ornamentals,87
130,1993,ornamentals,77
130,1994,ornamentals,104
130,1995,ornamentals,87
130,1996,ornamentals,83
130,1997,ornamentals,90
130,1998,ornamentals,100
130,1999,ornamentals,93
130,2000,ornamentals,95
130,2001,ornamentals,97
130,2002,ornamentals,101
130,2003,ornamentals,114
130,2004,ornamentals,85
130,2005,ornamentals,75
130,2006,ornamentals,69
130,2007,ornamentals,73
130,2008,ornamentals,72
130,2009,ornamentals,24
130,2010,ornamentals,11
130,2011,ornamentals,12
130,2012,ornamentals,0
130,2013,ornamentals,10
130,2014,ornamentals,4
130,2015,ornamentals,6
130,2016,ornamentals,5
130,2017,ornamentals,3
130,2018,ornamentals,7
130,2019,ornamentals,36.88
130,2020,ornamentals,23.89
130,2021,ornamentals,37.29
130,2022,ornamentals,27.46
131,1993,ornamentals,84
131,1994,ornamentals,6
131,1995,ornamentals,2
131,1996,ornamentals,2
131,1997,ornamentals,5
131,1998,ornamentals,8
131,1999,ornamentals,4.068087709990138
131,2000,ornamentals,2
131,2001,ornamentals,1
131,2002,ornamentals,0
131,2003,ornamentals,0
131,2004,ornamentals,4
131,2005,ornamentals,0
131,2006,ornamentals,6
131,2007,ornamentals,13
131,2008,ornamentals,12
131,2009,ornamentals,0
131,2010,ornamentals,2
131,2011,ornamentals,4
131,2012,ornamentals,2
131,2013,ornamentals,2
131,2014,ornamentals,5
131,2015,ornamentals,9
131,2016,ornamentals,12
131,2017,ornamentals,20
131,2018,ornamentals,26
131,2019,ornamentals,511.14
131,2020,ornamentals,6.39
131,2021,ornamentals,6.02
131,2022,ornamentals,7.99
132,1976,ornamentals,164
132,1977,ornamentals,217
132,1978,ornamentals,346
132,1979,ornamentals,270
132,1980,ornamentals,217
132,1981,ornamentals,205
132,1982,ornamentals,146
132,1983,ornamentals,94
132,1984,ornamentals,80
132,1985,ornamentals,253
132,1986,ornamentals,389
132,1987,ornamentals,244
132,1988,ornamentals,277
132,1989,ornamentals,266
132,1990,ornamentals,222
132,1991,ornamentals,1034
132,1992,ornamentals,139
132,1993,ornamentals,174
132,1994,ornamentals,127
132,1995,ornamentals,135
132,1996,ornamentals,161
132,1997,ornamentals,120
132,1998,ornamentals,125
132,1999,ornamentals,170
132,2000,ornamentals,141
132,2001,ornamentals,121
132,2002,ornamentals,166
132,2003,ornamentals,166
132,2004,ornamentals,213
132,2005,ornamentals,239
132,2006,ornamentals,294
132,2007,ornamentals,542
132,2008,ornamentals,321
132,2009,ornamentals,452
132,2010,ornamentals,368
132,2011,ornamentals,559
132,2012,ornamentals,0
132,2013,ornamentals,0
132,2014,ornamentals,0
132,2015,ornamentals,65
132,2016,ornamentals,106
132,2017,ornamentals,50
132,2018,ornamentals,100
132,2019,ornamentals,125.38
132,2020,ornamentals,7.73
132,2021,ornamentals,0.14
132,2022,ornamentals,0.14
133,1997,ornamentals,11
133,1998,ornamentals,13
133,1999,ornamentals,0
133,2000,ornamentals,41
133,2001,ornamentals,16
133,2002,ornamentals,0
133,2003,ornamentals,0
133,2004,ornamentals,0
133,2005,ornamentals,22
133,2006,ornamentals,0
133,2007,ornamentals,0
133,2008,ornamentals,0
133,2009,ornamentals,0
133,2010,ornamentals,0
133,2011,ornamentals,0
133,2012,ornamentals,0
133,2013,ornamentals,0
133,2014,ornamentals,0
133,2015,ornamentals,0
133,2016,ornamentals,0
133,2017,ornamentals,0
133,2018,ornamentals,0
133,2019,ornamentals,0
133,2020,ornamentals,0
133,2021,ornamentals,0
133,2022,ornamentals,0
134,1976,ornamentals,0
134,1977,ornamentals,0
134,1978,ornamentals,0
134,1979,ornamentals,0
134,1980,ornamentals,0
134,1981,ornamentals,0
134,1982,ornamentals,0
134,1983,ornamentals,0
134,1984,ornamentals,0
134,1985,ornamentals,0
134,1986,ornamentals,0
134,1987,ornamentals,0
134,1988,ornamentals,4.602036971774993
134,1989,ornamentals,0
134,1990,ornamentals,0
134,1991,ornamentals,0
134,1992,ornamentals,0
134,1993,ornamentals,0
134,1994,ornamentals,0
134,1995,ornamentals,1
134,1996,ornamentals,4.213710235931458
134,1997,ornamentals,4.165169393951018
134,1998,ornamentals,0
134,1999,ornamentals,0
134,2000,ornamentals,40
134,2001,ornamentals,0
134,2002,ornamentals,0
134,2003,ornamentals,0
134,2004,ornamentals,0
134,2005,ornamentals,0
134,2006,ornamentals,0
134,2007,ornamentals,0
134,2008,ornamentals,0
134,2009,ornamentals,0
134,2010,ornamentals,0
134,2011,ornamentals,0
134,2012,ornamentals,0
134,2013,ornamentals,0
134,2014,ornamentals,0
134,2015,ornamentals,0
134,2016,ornamentals,0
134,2017,ornamentals,0
134,2018,ornamentals,0
134,2019,ornamentals,0
134,2020,ornamentals,0
134,2021,ornamentals,0
134,2022,ornamentals,0
135,1976,ornamentals,5.184527075540288
135,1977,ornamentals,1
135,1978,ornamentals,0
135,1979,ornamentals,0
135,1980,ornamentals,4.990363707618528
135,1981,ornamentals,0
135,1982,ornamentals,6
135,1983,ornamentals,1
135,1984,ornamentals,4.796200339696767
135,1985,ornamentals,1
135,1986,ornamentals,3
135,1987,ornamentals,2
135,1988,ornamentals,1
135,1989,ornamentals,4
135,1990,ornamentals,0
135,1991,ornamentals,9
135,1992,ornamentals,5
135,1993,ornamentals,8
135,1994,ornamentals,1
135,1995,ornamentals,4.262251077911898
135,1996,ornamentals,4.736583364961277
135,1997,ornamentals,16.01696031862687
135,1998,ornamentals,7.776740455179294
135,1999,ornamentals,7.379617527178979
135,2000,ornamentals,16.5685019647253
135,2001,ornamentals,7.979700015257848
135,2002,ornamentals,15.251382979694853
135,2003,ornamentals,8.928364589356605
135,2004,ornamentals,11.842771478545115
135,2005,ornamentals,17.371544012882723
135,2006,ornamentals,13.662891267693569
135,2007,ornamentals,11.17427582357398
135,2008,ornamentals,14.43726479878238
135,2009,ornamentals,23.45185819331877
135,2010,ornamentals,29.15492177066632
135,2011,ornamentals,22.309030251298253
135,2012,ornamentals,24.806693956375597
135,2013,ornamentals,14.386786239169396
135,2014,ornamentals,11.055164022670397
135,2015,ornamentals,7.374515561814405
135,2016,ornamentals,8.056695155422858
135,2017,ornamentals,12.054624070424325
135,2018,ornamentals,1.9169900889605744
135,2019,ornamentals,2.15416122101351
135,2020,ornamentals,13.928394860292885
135,2021,ornamentals,11.437925892694691
135,2022,ornamentals,8.06
136,1978,ornamentals,1
136,1979,ornamentals,0
136,1980,ornamentals,0
136,1981,ornamentals,0
136,1982,ornamentals,0
136,1983,ornamentals,0
136,1984,ornamentals,0
136,1985,ornamentals,0
136,1986,ornamentals,0
136,1987,ornamentals,2
136,1988,ornamentals,0
136,1989,ornamentals,0
136,1990,ornamentals,4.504955287814113
136,1991,ornamentals,0
136,1992,ornamentals,0
136,1993,ornamentals,0
136,1994,ornamentals,0
136,1995,ornamentals,0
136,1996,ornamentals,0
136,1997,ornamentals,0
136,1998,ornamentals,1
136,1999,ornamentals,4.068087709990138
136,2000,ornamentals,0
136,2001,ornamentals,0
136,2002,ornamentals,0
136,2003,ornamentals,0
136,2004,ornamentals,0
136,2005,ornamentals,0
136,2006,ornamentals,0
136,2007,ornamentals,3
136,2008,ornamentals,2
136,2009,ornamentals,1
136,2010,ornamentals,0
136,2011,ornamentals,0
136,2012,ornamentals,0
136,2013,ornamentals,0
136,2014,ornamentals,0
136,2015,ornamentals,0
136,2016,ornamentals,0
136,2017,ornamentals,0
136,2018,ornamentals,0
136,2019,ornamentals,0
136,2020,ornamentals,0
136,2021,ornamentals,0
136,2022,ornamentals,0
137,1976,ornamentals,1
137,1977,ornamentals,2
137,1978,ornamentals,1
137,1979,ornamentals,1
137,1980,ornamentals,1
137,1981,ornamentals,1
137,1982,ornamentals,1
137,1983,ornamentals,0
137,1984,ornamentals,1
137,1985,ornamentals,13
137,1986,ornamentals,0
137,1987,ornamentals,0
137,1988,ornamentals,12
137,1989,ornamentals,22
137,1990,ornamentals,37
137,1991,ornamentals,30
137,1992,ornamentals,19
137,1993,ornamentals,23
137,1994,ornamentals,28
137,1995,ornamentals,32
137,1996,ornamentals,43
137,1997,ornamentals,64
137,1998,ornamentals,57
137,1999,ornamentals,38
137,2000,ornamentals,37
137,2001,ornamentals,53
137,2002,ornamentals,58
137,2003,ornamentals,55
137,2004,ornamentals,7
137,2005,ornamentals,11
137,2006,ornamentals,22
137,2007,ornamentals,10
137,2008,ornamentals,6
137,2009,ornamentals,10
137,2010,ornamentals,20
137,2011,ornamentals,19
137,2012,ornamentals,24
137,2013,ornamentals,11
137,2014,ornamentals,13
137,2015,ornamentals,10
137,2016,ornamentals,10
137,2017,ornamentals,8
137,2018,ornamentals,6
137,2019,ornamentals,2
137,2020,ornamentals,2.3744909575421276
137,2021,ornamentals,1.34
137,2022,ornamentals,1.34
138,1976,ornamentals,368
138,1977,ornamentals,346
138,1978,ornamentals,354
138,1979,ornamentals,384
138,1980,ornamentals,264
138,1981,ornamentals,254
138,1982,ornamentals,63
138,1983,ornamentals,28
138,1984,ornamentals,140
138,1985,ornamentals,90
138,1986,ornamentals,112.36894879806825
138,1987,ornamentals,0
138,1988,ornamentals,139.07959307736746
138,1989,ornamentals,124.49858653781848
138,1990,ornamentals,94.0618258830482
138,1991,ornamentals,89.47394168502433
138,1992,ornamentals,0
138,1993,ornamentals,0
138,1994,ornamentals,534
138,1995,ornamentals,451
138,1996,ornamentals,498
138,1997,ornamentals,466
138,1998,ornamentals,581
138,1999,ornamentals,513
138,2000,ornamentals,583
138,2001,ornamentals,604
138,2002,ornamentals,548
138,2003,ornamentals,641
138,2004,ornamentals,603
138,2005,ornamentals,583
138,2006,ornamentals,552
138,2007,ornamentals,454
138,2008,ornamentals,505
138,2009,ornamentals,410
138,2010,ornamentals,441
138,2011,ornamentals,387
138,2012,ornamentals,16
138,2013,ornamentals,24
138,2014,ornamentals,15
138,2015,ornamentals,25
138,2016,ornamentals,9
138,2017,ornamentals,13
138,2018,ornamentals,60
138,2019,ornamentals,0.33
138,2020,ornamentals,0
138,2021,ornamentals,0
138,2022,ornamentals,0
139,1976,ornamentals,0
139,1977,ornamentals,0
139,1978,ornamentals,0
139,1979,ornamentals,0
139,1980,ornamentals,0
139,1981,ornamentals,0
139,1982,ornamentals,0
139,1983,ornamentals,0
139,1984,ornamentals,0
139,1985,ornamentals,2
139,1986,ornamentals,7
139,1987,ornamentals,3
139,1988,ornamentals,6
139,1989,ornamentals,18
139,1990,ornamentals,40
139,1991,ornamentals,40
139,1992,ornamentals,39
139,1993,ornamentals,118
139,1994,ornamentals,83
139,1995,ornamentals,31
139,1996,ornamentals,108
139,1997,ornamentals,12
139,1998,ornamentals,2
139,1999,ornamentals,2
139,2000,ornamentals,10
139,2001,ornamentals,7
139,2002,ornamentals,5
139,2003,ornamentals,8
139,2004,ornamentals,22
139,2005,ornamentals,15
139,2006,ornamentals,3
139,2007,ornamentals,0
139,2008,ornamentals,0
139,2009,ornamentals,0
139,2010,ornamentals,0
139,2011,ornamentals,0
139,2012,ornamentals,0
139,2013,ornamentals,0
139,2014,ornamentals,0
139,2015,ornamentals,0
139,2016,ornamentals,0
139,2017,ornamentals,0
139,2018,ornamentals,0
139,2019,ornamentals,0.81
139,2020,ornamentals,0.24
139,2021,ornamentals,0.59
139,2022,ornamentals,0.25
140,1988,ornamentals,1
140,1989,ornamentals,7
140,1990,ornamentals,6
140,1991,ornamentals,7
140,1992,ornamentals,4
140,1993,ornamentals,6
140,1994,ornamentals,8
140,1995,ornamentals,7
140,1996,ornamentals,0
140,1997,ornamentals,0
140,1998,ornamentals,0
140,1999,ornamentals,0
140,2000,ornamentals,0
140,2001,ornamentals,0
140,2002,ornamentals,0
140,2003,ornamentals,0
140,2004,ornamentals,0
140,2005,ornamentals,0
140,2006,ornamentals,0
140,2007,ornamentals,0
140,2008,ornamentals,0
140,2009,ornamentals,0
140,2010,ornamentals,0
140,2011,ornamentals,0
140,2012,ornamentals,0
140,2013,ornamentals,0
140,2014,ornamentals,0
140,2015,ornamentals,0
140,2016,ornamentals,0
140,2017,ornamentals,0
140,2018,ornamentals,0
140,2019,ornamentals,0
140,2020,ornamentals,0
140,2021,ornamentals,0
140,2022,ornamentals,0
147,1976,ornamentals,3.220254945262461
147,1977,ornamentals,1
147,1978,ornamentals,1
147,1979,ornamentals,3.126497498081534
147,1980,ornamentals,3.095245015687887
147,1981,ornamentals,3.063992533294247
147,1982,ornamentals,2.935240462365051
147,1983,ornamentals,0
147,1984,ornamentals,2.8727354975777644
147,1985,ornamentals,0
147,1986,ornamentals,0
147,1987,ornamentals,0
147,1988,ornamentals,0
147,1989,ornamentals,0
147,1990,ornamentals,2.880219780287014
147,1991,ornamentals,0
147,1992,ornamentals,0
147,1993,ornamentals,0
147,1994,ornamentals,0
147,1995,ornamentals,0
147,1996,ornamentals,0
147,1997,ornamentals,0
147,1998,ornamentals,3
147,1999,ornamentals,12
147,2000,ornamentals,20
147,2001,ornamentals,34
147,2002,ornamentals,48
147,2003,ornamentals,56
147,2004,ornamentals,53
147,2005,ornamentals,47
147,2006,ornamentals,37
147,2007,ornamentals,27
147,2008,ornamentals,35
147,2009,ornamentals,27
147,2010,ornamentals,24
147,2011,ornamentals,21
147,2012,ornamentals,23
147,2013,ornamentals,15
147,2014,ornamentals,29
147,2015,ornamentals,21
147,2016,ornamentals,34.23
147,2017,ornamentals,26.93
147,2018,ornamentals,42.63
147,2019,ornamentals,55.02
147,2020,ornamentals,41.05
147,2021,ornamentals,32.27
147,2022,ornamentals,54.06
152,1995,ornamentals,4.186451196352145
152,1996,ornamentals,2.5952052973896045
152,1997,ornamentals,2.953951169138186
152,1998,ornamentals,3.410196629422316
152,1999,ornamentals,4.841437975062021
152,2000,ornamentals,0
152,2001,ornamentals,0
152,2002,ornamentals,2.310190814492195
152,2003,ornamentals,0
152,2004,ornamentals,0
152,2005,ornamentals,0
152,2006,ornamentals,0
152,2007,ornamentals,1
152,2008,ornamentals,0
152,2009,ornamentals,0
152,2010,ornamentals,6.642651616514165
152,2011,ornamentals,0
152,2012,ornamentals,0
152,2013,ornamentals,0
152,2014,ornamentals,0
152,2015,ornamentals,0
152,2016,ornamentals,0
152,2017,ornamentals,0
152,2018,ornamentals,0
152,2019,ornamentals,0
152,2020,ornamentals,0
152,2021,ornamentals,0
152,2022,ornamentals,0
153,1992,ornamentals,13
153,1993,ornamentals,9
153,1994,ornamentals,16
153,1995,ornamentals,13.253912930158826
153,1996,ornamentals,12.637662916551854
153,1997,ornamentals,8.218928950058206
153,1998,ornamentals,14
153,1999,ornamentals,8
153,2000,ornamentals,14
153,2001,ornamentals,6
153,2002,ornamentals,12
153,2003,ornamentals,19
153,2004,ornamentals,9
153,2005,ornamentals,9.723901684549055
153,2006,ornamentals,11.057643441653203
153,2007,ornamentals,5.566414001268427
153,2008,ornamentals,16.065117080714813
153,2009,ornamentals,14.863869535894509
153,2010,ornamentals,17.46510594396087
153,2011,ornamentals,13.338870743073876
153,2012,ornamentals,13.042111137221127
153,2013,ornamentals,10.08407396735629
153,2014,ornamentals,11.147353236853178
153,2015,ornamentals,7.402536763634998
153,2016,ornamentals,5.231278897123502
153,2017,ornamentals,0
153,2018,ornamentals,0
153,2019,ornamentals,0.01
153,2020,ornamentals,0
153,2021,ornamentals,0
153,2022,ornamentals,0
155,1999,ornamentals,4.256440443848689
155,2000,ornamentals,0
155,2001,ornamentals,0
155,2002,ornamentals,0
155,2003,ornamentals,0
155,2004,ornamentals,0
155,2005,ornamentals,0
155,2006,ornamentals,0
155,2007,ornamentals,0
155,2008,ornamentals,20.0626002106726
155,2009,ornamentals,1
155,2010,ornamentals,0
155,2011,ornamentals,2.80891518123385
155,2012,ornamentals,9
155,2013,ornamentals,3
155,2014,ornamentals,10
155,2015,ornamentals,6.266077769902495
155,2016,ornamentals,5.056439051933921
155,2017,ornamentals,4.720999559913707
155,2018,ornamentals,7.270417513523171
155,2019,ornamentals,0.01
155,2020,ornamentals,2.385024061185959
155,2021,ornamentals,0.01
155,2022,ornamentals,0.9142527854028232
162,1988,ornamentals,0
162,1989,ornamentals,0
162,1990,ornamentals,0
162,1991,ornamentals,9.67562778975048
162,1992,ornamentals,9.726812160697593
162,1993,ornamentals,0
162,1994,ornamentals,1
162,1995,ornamentals,8.63823703787807
162,1996,ornamentals,8.06835729099464
162,1997,ornamentals,0
162,1998,ornamentals,1
162,1999,ornamentals,7.10399499174116
162,2000,ornamentals,0
162,2001,ornamentals,0
162,2002,ornamentals,6.760696810317995
162,2003,ornamentals,8.178222240491777
162,2004,ornamentals,69
162,2005,ornamentals,4
162,2006,ornamentals,19
162,2007,ornamentals,15
162,2008,ornamentals,7
162,2009,ornamentals,0
162,2010,ornamentals,0
162,2011,ornamentals,0
162,2012,ornamentals,0
162,2013,ornamentals,0
162,2014,ornamentals,0
162,2015,ornamentals,0
162,2016,ornamentals,64.45651809886385
162,2017,ornamentals,0
162,2018,ornamentals,61.85197797228466
162,2019,ornamentals,1.3
162,2020,ornamentals,0.21
162,2021,ornamentals,0
162,2022,ornamentals,0
163,1976,ornamentals,214.39719438715093
163,1977,ornamentals,287.18857169383176
163,1978,ornamentals,395.1160233686913
163,1979,ornamentals,514.3273840442974
163,1980,ornamentals,689.6830724309357
163,1981,ornamentals,705.779687441182
163,1982,ornamentals,710.3171761579806
163,1983,ornamentals,681.9203288482095
163,1984,ornamentals,491.1452788447669
163,1985,ornamentals,378.25672267574646
163,1986,ornamentals,452.8828819337682
163,1987,ornamentals,783.8280797941168
163,1988,ornamentals,1203.6684631969329
163,1989,ornamentals,955.2812599213852
163,1990,ornamentals,1152.1038971387125
163,1991,ornamentals,1220.6752759573092
163,1992,ornamentals,1410.9844372473758
163,1993,ornamentals,1606.2475098060631
163,1994,ornamentals,1765.3653779233346
163,1995,ornamentals,1833.111104863828
163,1996,ornamentals,1427.3913492607962
163,1997,ornamentals,1353.4001704602033
163,1998,ornamentals,976.3947523956572
163,1999,ornamentals,1012.7657079682206
163,2000,ornamentals,763.2776355218684
163,2001,ornamentals,649.0129928893423
163,2002,ornamentals,771.4352219797951
163,2003,ornamentals,787.8070542827423
163,2004,ornamentals,797.1149760730274
163,2005,ornamentals,900.5472119671017
163,2006,ornamentals,539.5961359767884
163,2007,ornamentals,1031.543450067303
163,2008,ornamentals,1217.7243519668527
163,2009,ornamentals,1115.2023138229083
163,2010,ornamentals,1214.4145512288983
163,2011,ornamentals,1206.2003053838775
163,2012,ornamentals,184.8987011659388
163,2013,ornamentals,236.62670822527787
163,2014,ornamentals,207.24301467922277
163,2015,ornamentals,208.31529506904047
163,2016,ornamentals,240.6565425388096
163,2017,ornamentals,374.87208475506065
163,2018,ornamentals,287.203036571976
163,2019,ornamentals,281.23604709275503
163,2020,ornamentals,182.81797878626628
163,2021,ornamentals,168.27828929240582
163,2022,ornamentals,152.3940342141074
164,1977,ornamentals,6.007441448609541
164,1978,ornamentals,0
164,1979,ornamentals,11.66196418397665
164,1980,ornamentals,16.14499046025462
164,1981,ornamentals,0
164,1982,ornamentals,6.287610367737159
164,1983,ornamentals,5.89048743973683
164,1984,ornamentals,6.0162376407663345
164,1985,ornamentals,7.710607228885266
164,1986,ornamentals,8.010648472924714
164,1987,ornamentals,5.696324071815056
164,1988,ornamentals,7.390693659934016
164,1989,ornamentals,11.699428893202054
164,1990,ornamentals,7.119320932963191
164,1991,ornamentals,9.162272607102024
164,1992,ornamentals,9.46231385114146
164,1993,ornamentals,8.890899880131201
164,1994,ornamentals,10.410978425240216
164,1995,ornamentals,6
164,1996,ornamentals,7
164,1997,ornamentals,12
164,1998,ornamentals,0
164,1999,ornamentals,0
164,2000,ornamentals,11.339770674427127
164,2001,ornamentals,7.282535843218099
164,2002,ornamentals,7.756868130267478
164,2003,ornamentals,56
164,2004,ornamentals,53
164,2005,ornamentals,90
164,2006,ornamentals,57
164,2007,ornamentals,40
164,2008,ornamentals,39
164,2009,ornamentals,28
164,2010,ornamentals,20
164,2011,ornamentals,30
164,2012,ornamentals,47
164,2013,ornamentals,27
164,2014,ornamentals,0
164,2015,ornamentals,0
164,2016,ornamentals,0
164,2017,ornamentals,0
164,2018,ornamentals,0
164,2019,ornamentals,0
164,2020,ornamentals,0
164,2021,ornamentals,0
164,2022,ornamentals,0
166,1976,ornamentals,0.6205190829361413
166,1977,ornamentals,22.64815019496191
166,1978,ornamentals,11.6239735651005
166,1979,ornamentals,7.543454023870851
166,1980,ornamentals,0
166,1981,ornamentals,0
166,1982,ornamentals,3.912030190085318
166,1983,ornamentals,12.607839691938125
166,1984,ornamentals,4.916618464619972
166,1985,ornamentals,10.00172628038422
166,1986,ornamentals,16.47556551387487
166,1987,ornamentals,27.115599000544563
166,1988,ornamentals,34.97816965176153
166,1989,ornamentals,28.39793355862446
166,1990,ornamentals,0
166,1991,ornamentals,13.015491103988154
166,1992,ornamentals,42.54227187173623
166,1993,ornamentals,52.071320224224834
166,1994,ornamentals,46.046576698178285
166,1995,ornamentals,34.46690750122636
166,1996,ornamentals,35.94131363090213
166,1997,ornamentals,62.13513899610696
166,1998,ornamentals,12
166,1999,ornamentals,3
166,2000,ornamentals,13
166,2001,ornamentals,3
166,2002,ornamentals,2
166,2003,ornamentals,2
166,2004,ornamentals,1
166,2005,ornamentals,0
166,2006,ornamentals,3
166,2007,ornamentals,0
166,2008,ornamentals,0
166,2009,ornamentals,0
166,2010,ornamentals,0
166,2011,ornamentals,0
166,2012,ornamentals,0
166,2013,ornamentals,1
166,2014,ornamentals,1
166,2015,ornamentals,0
166,2016,ornamentals,0
166,2017,ornamentals,0
166,2018,ornamentals,0
166,2019,ornamentals,0
166,2020,ornamentals,0
166,2021,ornamentals,0
166,2022,ornamentals,0
167,1988,ornamentals,103.94821631227023
167,1989,ornamentals,98.9606072205852
167,1990,ornamentals,99.08059399234752
167,1991,ornamentals,0
167,1992,ornamentals,0
167,1993,ornamentals,0
167,1994,ornamentals,0
167,1995,ornamentals,97.14893685797053
167,1996,ornamentals,87.58669842772088
167,1997,ornamentals,171
167,1998,ornamentals,80
167,1999,ornamentals,81
167,2000,ornamentals,51
167,2001,ornamentals,69
167,2002,ornamentals,60
167,2003,ornamentals,68
167,2004,ornamentals,86
167,2005,ornamentals,23
167,2006,ornamentals,61
167,2007,ornamentals,103
167,2008,ornamentals,28
167,2009,ornamentals,21
167,2010,ornamentals,2
167,2011,ornamentals,9
167,2012,ornamentals,4
167,2013,ornamentals,1.1382505397397755
167,2014,ornamentals,1
167,2015,ornamentals,6
167,2016,ornamentals,4
167,2017,ornamentals,13
167,2018,ornamentals,7
167,2019,ornamentals,3.31
167,2020,ornamentals,0
167,2021,ornamentals,0
167,2022,ornamentals,0
168,1997,ornamentals,3
168,1998,ornamentals,0
168,1999,ornamentals,0
168,2000,ornamentals,0
168,2001,ornamentals,0
168,2002,ornamentals,53.57496718685616
168,2003,ornamentals,50.585982563477046
168,2004,ornamentals,47.81906732546486
168,2005,ornamentals,44.963324333305536
168,2006,ornamentals,42.68496174310076
168,2007,ornamentals,39.74039099679521
168,2008,ornamentals,36.88464800463589
168,2009,ornamentals,34.29538827491797
168,2010,ornamentals,32.01702568471319
168,2011,ornamentals,28.983627184260513
168,2012,ornamentals,25.683745421367348
168,2013,ornamentals,22.828002429208027
168,2014,ornamentals,0
168,2015,ornamentals,0
168,2016,ornamentals,0
168,2017,ornamentals,0
168,2018,ornamentals,0
168,2019,ornamentals,6.913593679460973
168,2020,ornamentals,5.49
168,2021,ornamentals,4.74
168,2022,ornamentals,5.13
171,1976,ornamentals,188
171,1977,ornamentals,194
171,1978,ornamentals,236
171,1979,ornamentals,271
171,1980,ornamentals,233
171,1981,ornamentals,211
171,1982,ornamentals,198
171,1983,ornamentals,211
171,1984,ornamentals,261
171,1985,ornamentals,345
171,1986,ornamentals,360
171,1987,ornamentals,468
171,1988,ornamentals,532
171,1989,ornamentals,493
171,1990,ornamentals,545
171,1991,ornamentals,578
171,1992,ornamentals,671
171,1993,ornamentals,921
171,1994,ornamentals,275
171,1995,ornamentals,256
171,1996,ornamentals,326
171,1997,ornamentals,321
171,1998,ornamentals,269
171,1999,ornamentals,288
171,2000,ornamentals,197
171,2001,ornamentals,181
171,2002,ornamentals,172
171,2003,ornamentals,110
171,2004,ornamentals,95
171,2005,ornamentals,174
171,2006,ornamentals,152
171,2007,ornamentals,158
171,2008,ornamentals,131
171,2009,ornamentals,97
171,2010,ornamentals,86
171,2011,ornamentals,76
171,2012,ornamentals,7
171,2013,ornamentals,5
171,2014,ornamentals,4
171,2015,ornamentals,4
171,2016,ornamentals,4
171,2017,ornamentals,4
171,2018,ornamentals,3
171,2019,ornamentals,2.63
171,2020,ornamentals,1.49
171,2021,ornamentals,1.56
171,2022,ornamentals,2.35
172,1976,ornamentals,125.29269398980614
172,1977,ornamentals,122.79226201423444
172,1978,ornamentals,120.02534677622224
172,1979,ornamentals,117.25843153821006
172,1980,ornamentals,115.51303547288715
172,1981,ornamentals,111.68018718511212
172,1982,ornamentals,108.78003031587924
172,1983,ornamentals,105.92428732372082
172,1984,ornamentals,0
172,1985,ornamentals,0
172,1986,ornamentals,97.71236936383048
172,1987,ornamentals,1
172,1988,ornamentals,92.04529725658632
172,1989,ornamentals,89.32279589564769
172,1990,ornamentals,1
172,1991,ornamentals,8
172,1992,ornamentals,1
172,1993,ornamentals,79.09899860799396
172,1994,ornamentals,75.44380582851318
172,1995,ornamentals,74.00930690270434
172,1996,ornamentals,71.15356391054502
172,1997,ornamentals,67.4095433769171
172,1998,ornamentals,64.73145589305204
172,1999,ornamentals,0
172,2000,ornamentals,59.50852255654172
172,2001,ornamentals,1
172,2002,ornamentals,1
172,2003,ornamentals,2
172,2004,ornamentals,1
172,2005,ornamentals,2
172,2006,ornamentals,2
172,2007,ornamentals,1
172,2008,ornamentals,1
172,2009,ornamentals,1
172,2010,ornamentals,1
172,2011,ornamentals,1
172,2012,ornamentals,0
172,2013,ornamentals,0
172,2014,ornamentals,0
172,2015,ornamentals,0
172,2016,ornamentals,0
172,2017,ornamentals,0
172,2018,ornamentals,0
172,2019,ornamentals,0
172,2020,ornamentals,0
172,2021,ornamentals,0
172,2022,ornamentals,0
175,1988,ornamentals,19
175,1989,ornamentals,0
175,1990,ornamentals,8
175,1991,ornamentals,41
175,1992,ornamentals,13
175,1993,ornamentals,4
175,1994,ornamentals,4
175,1995,ornamentals,156
175,1996,ornamentals,19.58756828838682
175,1997,ornamentals,18.325972295099064
175,1998,ornamentals,10
175,1999,ornamentals,3
175,2000,ornamentals,1
175,2001,ornamentals,4
175,2002,ornamentals,1
175,2003,ornamentals,1
175,2004,ornamentals,0
175,2005,ornamentals,0
175,2006,ornamentals,1
175,2007,ornamentals,8.656553124433003
175,2008,ornamentals,7.394957131144793
175,2009,ornamentals,0
175,2010,ornamentals,0
175,2011,ornamentals,0
175,2012,ornamentals,0.23375680328132076
175,2013,ornamentals,0
175,2014,ornamentals,1
175,2015,ornamentals,6
175,2016,ornamentals,19
175,2017,ornamentals,5
175,2018,ornamentals,4
175,2019,ornamentals,0
175,2020,ornamentals,0.03
175,2021,ornamentals,0.04
175,2022,ornamentals,0.12
176,1988,ornamentals,2
176,1989,ornamentals,3
176,1990,ornamentals,4
176,1991,ornamentals,33
176,1992,ornamentals,6
176,1993,ornamentals,41
176,1994,ornamentals,14
176,1995,ornamentals,34
176,1996,ornamentals,2
176,1997,ornamentals,6
176,1998,ornamentals,4
176,1999,ornamentals,25
176,2000,ornamentals,21
176,2001,ornamentals,9
176,2002,ornamentals,1
176,2003,ornamentals,2
176,2004,ornamentals,3
176,2005,ornamentals,3
176,2006,ornamentals,3
176,2007,ornamentals,5
176,2008,ornamentals,5
176,2009,ornamentals,2
176,2010,ornamentals,3
176,2011,ornamentals,3
176,2012,ornamentals,2
176,2013,ornamentals,2
176,2014,ornamentals,3
176,2015,ornamentals,4
176,2016,ornamentals,2
176,2017,ornamentals,2
176,2018,ornamentals,2
176,2019,ornamentals,1.2
176,2020,ornamentals,0.45
176,2021,ornamentals,0.39
176,2022,ornamentals,0.2
177,1977,ornamentals,14
177,1978,ornamentals,12
177,1979,ornamentals,23
177,1980,ornamentals,28
177,1981,ornamentals,32
177,1982,ornamentals,50
177,1983,ornamentals,59
177,1984,ornamentals,68
177,1985,ornamentals,62
177,1986,ornamentals,52
177,1987,ornamentals,55
177,1988,ornamentals,42
177,1989,ornamentals,31
177,1990,ornamentals,53
177,1991,ornamentals,70
177,1992,ornamentals,107
177,1993,ornamentals,22
177,1994,ornamentals,8
177,1995,ornamentals,7.715567814942005
177,1996,ornamentals,9
177,1997,ornamentals,28
177,1998,ornamentals,14
177,1999,ornamentals,8
177,2000,ornamentals,4
177,2001,ornamentals,6
177,2002,ornamentals,6
177,2003,ornamentals,46
177,2004,ornamentals,73
177,2005,ornamentals,107
177,2006,ornamentals,148
177,2007,ornamentals,259
177,2008,ornamentals,327
177,2009,ornamentals,321
177,2010,ornamentals,357
177,2011,ornamentals,362
177,2012,ornamentals,336
177,2013,ornamentals,397
177,2014,ornamentals,270
177,2015,ornamentals,419
177,2016,ornamentals,222
177,2017,ornamentals,936
177,2018,ornamentals,434
177,2019,ornamentals,817.71
177,2020,ornamentals,1277.23
177,2021,ornamentals,2190.94
177,2022,ornamentals,1740.04
178,2002,ornamentals,0
178,2003,ornamentals,0
178,2004,ornamentals,0
178,2005,ornamentals,0
178,2006,ornamentals,0
178,2007,ornamentals,0
178,2008,ornamentals,0
178,2009,ornamentals,0
178,2010,ornamentals,0
178,2011,ornamentals,0
178,2012,ornamentals,5
178,2013,ornamentals,17
178,2014,ornamentals,0
178,2015,ornamentals,0
178,2016,ornamentals,0
178,2017,ornamentals,0
178,2018,ornamentals,0
178,2019,ornamentals,0.38
178,2020,ornamentals,0.87
178,2021,ornamentals,0.4
178,2022,ornamentals,0.04
179,1988,ornamentals,27
179,1989,ornamentals,1
179,1990,ornamentals,1
179,1991,ornamentals,11.858204227339227
179,1992,ornamentals,6
179,1993,ornamentals,543
179,1994,ornamentals,555
179,1995,ornamentals,15
179,1996,ornamentals,1
179,1997,ornamentals,528
179,1998,ornamentals,102
179,1999,ornamentals,78
179,2000,ornamentals,97
179,2001,ornamentals,280
179,2002,ornamentals,292
179,2003,ornamentals,385
179,2004,ornamentals,361
179,2005,ornamentals,212
179,2006,ornamentals,145
179,2007,ornamentals,128
179,2008,ornamentals,133
179,2009,ornamentals,82
179,2010,ornamentals,157
179,2011,ornamentals,35
179,2012,ornamentals,42
179,2013,ornamentals,67
179,2014,ornamentals,78
179,2015,ornamentals,75
179,2016,ornamentals,66
179,2017,ornamentals,67
179,2018,ornamentals,39
179,2019,ornamentals,30.03
179,2020,ornamentals,25.54
179,2021,ornamentals,31.33
179,2022,ornamentals,28.56
180,1988,ornamentals,26.658243145240704
180,1989,ornamentals,13
180,1990,ornamentals,24
180,1991,ornamentals,260
180,1992,ornamentals,44
180,1993,ornamentals,5
180,1994,ornamentals,29
180,1995,ornamentals,114
180,1996,ornamentals,43
180,1997,ornamentals,45
180,1998,ornamentals,214
180,1999,ornamentals,119
180,2000,ornamentals,85
180,2001,ornamentals,25
180,2002,ornamentals,41
180,2003,ornamentals,28
180,2004,ornamentals,32
180,2005,ornamentals,47
180,2006,ornamentals,65
180,2007,ornamentals,59
180,2008,ornamentals,84
180,2009,ornamentals,112
180,2010,ornamentals,177
180,2011,ornamentals,160
180,2012,ornamentals,148
180,2013,ornamentals,148
180,2014,ornamentals,128
180,2015,ornamentals,88
180,2016,ornamentals,107
180,2017,ornamentals,119
180,2018,ornamentals,111
180,2019,ornamentals,127.59
180,2020,ornamentals,115.31
180,2021,ornamentals,8
180,2022,ornamentals,52.4
181,1992,ornamentals,1
181,1993,ornamentals,0
181,1994,ornamentals,0
181,1995,ornamentals,0
181,1996,ornamentals,4
181,1997,ornamentals,50
181,1998,ornamentals,0
181,1999,ornamentals,98
181,2000,ornamentals,2
181,2001,ornamentals,0
181,2002,ornamentals,0
181,2003,ornamentals,6
181,2004,ornamentals,12
181,2005,ornamentals,0
181,2006,ornamentals,2
181,2007,ornamentals,11
181,2008,ornamentals,89
181,2009,ornamentals,168
181,2010,ornamentals,124
181,2011,ornamentals,230
181,2012,ornamentals,1
181,2013,ornamentals,0
181,2014,ornamentals,2
181,2015,ornamentals,1
181,2016,ornamentals,1
181,2017,ornamentals,3
181,2018,ornamentals,3
181,2019,ornamentals,0
181,2020,ornamentals,2.89
181,2021,ornamentals,0
181,2022,ornamentals,0
182,1977,ornamentals,30
182,1978,ornamentals,1.275412122991327
182,1979,ornamentals,0.7212648671992703
182,1980,ornamentals,1.2522505909560095
182,1981,ornamentals,0
182,1982,ornamentals,0
182,1983,ornamentals,0
182,1984,ornamentals,0
182,1985,ornamentals,0
182,1986,ornamentals,0
182,1987,ornamentals,1.1711852288324032
182,1988,ornamentals,0
182,1989,ornamentals,169.91055204359873
182,1990,ornamentals,166.1084526178238
182,1991,ornamentals,155.71717821532002
182,1992,ornamentals,2
182,1993,ornamentals,201
182,1994,ornamentals,71
182,1995,ornamentals,195
182,1996,ornamentals,2335
182,1997,ornamentals,681
182,1998,ornamentals,834
182,1999,ornamentals,1020
182,2000,ornamentals,1138
182,2001,ornamentals,1529
182,2002,ornamentals,568
182,2003,ornamentals,2392
182,2004,ornamentals,2973
182,2005,ornamentals,3846
182,2006,ornamentals,4296
182,2007,ornamentals,4379
182,2008,ornamentals,3783
182,2009,ornamentals,6452
182,2010,ornamentals,8089
182,2011,ornamentals,9223
182,2012,ornamentals,6655
182,2013,ornamentals,7763
182,2014,ornamentals,6241
182,2015,ornamentals,6997
182,2016,ornamentals,6543
182,2017,ornamentals,6266
182,2018,ornamentals,5388
182,2019,ornamentals,5127.36
182,2020,ornamentals,4957.06
182,2021,ornamentals,4758.08
182,2022,ornamentals,1273.78
183,1988,ornamentals,1
183,1989,ornamentals,0
183,1990,ornamentals,0
183,1991,ornamentals,0
183,1992,ornamentals,0
183,1993,ornamentals,141.1858979779754
183,1994,ornamentals,0
183,1995,ornamentals,0
183,1996,ornamentals,0
183,1997,ornamentals,0
183,1998,ornamentals,0
183,1999,ornamentals,0
183,2000,ornamentals,0
183,2001,ornamentals,0
183,2002,ornamentals,0
183,2003,ornamentals,69.37426281391708
183,2004,ornamentals,0
183,2005,ornamentals,41
183,2006,ornamentals,39
183,2007,ornamentals,10
183,2008,ornamentals,71
183,2009,ornamentals,26
183,2010,ornamentals,4
183,2011,ornamentals,5
183,2012,ornamentals,11
183,2013,ornamentals,14
183,2014,ornamentals,7
183,2015,ornamentals,25
183,2016,ornamentals,41
183,2017,ornamentals,37
183,2018,ornamentals,40
183,2019,ornamentals,30.25
183,2020,ornamentals,40.27
183,2021,ornamentals,67.01
183,2022,ornamentals,67.89
184,1988,ornamentals,56
184,1989,ornamentals,5
184,1990,ornamentals,19
184,1991,ornamentals,24
184,1992,ornamentals,26
184,1993,ornamentals,56
184,1994,ornamentals,29
184,1995,ornamentals,6
184,1996,ornamentals,161
184,1997,ornamentals,136
184,1998,ornamentals,128
184,1999,ornamentals,107
184,2000,ornamentals,123
184,2001,ornamentals,117
184,2002,ornamentals,165
184,2003,ornamentals,115
184,2004,ornamentals,120
184,2005,ornamentals,95
184,2006,ornamentals,109
184,2007,ornamentals,98
184,2008,ornamentals,210
184,2009,ornamentals,106
184,2010,ornamentals,90
184,2011,ornamentals,27
184,2012,ornamentals,48
184,2013,ornamentals,35
184,2014,ornamentals,42
184,2015,ornamentals,33
184,2016,ornamentals,94
184,2017,ornamentals,104
184,2018,ornamentals,40
184,2019,ornamentals,37.04
184,2020,ornamentals,26.12
184,2021,ornamentals,15
184,2022,ornamentals,11.89
188,2008,ornamentals,1
188,2009,ornamentals,26.79414132907732
188,2010,ornamentals,0
188,2011,ornamentals,1
188,2012,ornamentals,5.08169757532778
188,2013,ornamentals,0
188,2014,ornamentals,0
188,2015,ornamentals,0
188,2016,ornamentals,0
188,2017,ornamentals,0
188,2018,ornamentals,0
188,2019,ornamentals,0
188,2020,ornamentals,0
188,2021,ornamentals,0
188,2022,ornamentals,0
189,2015,ornamentals,2.3389476217164997
189,2016,ornamentals,0
189,2017,ornamentals,14
189,2018,ornamentals,19
189,2019,ornamentals,38.71
189,2020,ornamentals,23.97
189,2021,ornamentals,25.71
189,2022,ornamentals,35.28
191,1996,ornamentals,0.922982736627489
191,1997,ornamentals,1
191,1998,ornamentals,1
191,1999,ornamentals,1
191,2000,ornamentals,1
191,2001,ornamentals,1
191,2002,ornamentals,1
191,2003,ornamentals,0
191,2004,ornamentals,0
191,2005,ornamentals,0
191,2006,ornamentals,14
191,2007,ornamentals,0
191,2008,ornamentals,20
191,2009,ornamentals,27
191,2010,ornamentals,53
191,2011,ornamentals,20
191,2012,ornamentals,0
191,2013,ornamentals,2
191,2014,ornamentals,5
191,2015,ornamentals,28
191,2016,ornamentals,370
191,2017,ornamentals,14
191,2018,ornamentals,24
191,2019,ornamentals,28.25
191,2020,ornamentals,581.21
191,2021,ornamentals,16.71
191,2022,ornamentals,10.1
193,1995,ornamentals,0.15083336554297944
193,1996,ornamentals,0
193,1997,ornamentals,0
193,1998,ornamentals,0
193,1999,ornamentals,0
193,2000,ornamentals,0
193,2001,ornamentals,0.505302754133993
193,2002,ornamentals,0
193,2003,ornamentals,0.6445616327931702
193,2004,ornamentals,0.6825374484294855
193,2005,ornamentals,0
193,2006,ornamentals,0
193,2007,ornamentals,0
193,2008,ornamentals,0.7711334635881713
193,2009,ornamentals,0.9357237739976084
193,2010,ornamentals,1.0370068370204848
193,2011,ornamentals,0
193,2012,ornamentals,0
193,2013,ornamentals,0
193,2014,ornamentals,0
193,2015,ornamentals,0
193,2016,ornamentals,0
193,2017,ornamentals,0
193,2018,ornamentals,0
193,2019,ornamentals,0
193,2020,ornamentals,0
193,2021,ornamentals,0
193,2022,ornamentals,0
194,1996,ornamentals,2
194,1997,ornamentals,2
194,1998,ornamentals,0
194,1999,ornamentals,0
194,2000,ornamentals,0
194,2001,ornamentals,0
194,2002,ornamentals,0.47997132238373297
194,2003,ornamentals,0
194,2004,ornamentals,0
194,2005,ornamentals,0
194,2006,ornamentals,0
194,2007,ornamentals,0.92307939011153906
194,2008,ornamentals,0
194,2009,ornamentals,3.1514774325273436
194,2010,ornamentals,3.316067742936781
194,2011,ornamentals,7.66012267526807
194,2012,ornamentals,0
194,2013,ornamentals,0.05945680233142656
194,2014,ornamentals,0
194,2015,ornamentals,0
194,2016,ornamentals,0.25
194,2017,ornamentals,0
194,2018,ornamentals,0
194,2019,ornamentals,0.05
194,2020,ornamentals,0.01
194,2021,ornamentals,0.15
194,2022,ornamentals,0.15
195,1996,ornamentals,3
195,1997,ornamentals,2
195,1998,ornamentals,4
195,1999,ornamentals,0
195,2000,ornamentals,0
195,2001,ornamentals,0
195,2002,ornamentals,0
195,2003,ornamentals,0
195,2004,ornamentals,0
195,2005,ornamentals,0
195,2006,ornamentals,0.5685673375424187
195,2007,ornamentals,0.6698504005652808
195,2008,ornamentals,0
195,2009,ornamentals,0.6824947844513503
195,2010,ornamentals,0
195,2011,ornamentals,0
195,2012,ornamentals,0
195,2013,ornamentals,0
195,2014,ornamentals,0
195,2015,ornamentals,0
195,2016,ornamentals,0
195,2017,ornamentals,0
195,2018,ornamentals,0
195,2019,ornamentals,0
195,2020,ornamentals,0
195,2021,ornamentals,0
195,2022,ornamentals,0
196,1992,ornamentals,27
196,1993,ornamentals,28
196,1994,ornamentals,75
196,1995,ornamentals,119.23176569966944
196,1996,ornamentals,4.620316498238765
196,1997,ornamentals,80.18383844604567
196,1998,ornamentals,27.676798930834025
196,1999,ornamentals,36.95763286490865
196,2000,ornamentals,50.923203105589
196,2001,ornamentals,65.58515306752155
196,2002,ornamentals,69.99132895283077
196,2003,ornamentals,76.36002950712344
196,2004,ornamentals,118.56063208221124
196,2005,ornamentals,77.25897535442141
196,2006,ornamentals,0
196,2007,ornamentals,53.02494398925353
196,2008,ornamentals,0
196,2009,ornamentals,0
196,2010,ornamentals,51
196,2011,ornamentals,0
196,2012,ornamentals,0
196,2013,ornamentals,0
196,2014,ornamentals,0
196,2015,ornamentals,0
196,2016,ornamentals,0
196,2017,ornamentals,0
196,2018,ornamentals,0
196,2019,ornamentals,0
196,2020,ornamentals,21.2
196,2021,ornamentals,0
196,2022,ornamentals,0
197,2019,ornamentals,0.7
197,2020,ornamentals,0.9
197,2021,ornamentals,2.7
197,2022,ornamentals,1.4154049195501557
199,1995,ornamentals,98.17973309263812
199,1996,ornamentals,80.685468127386
199,1997,ornamentals,61.89426755381828
199,1998,ornamentals,61.260165496671334
199,1999,ornamentals,41.17202931478732
199,2000,ornamentals,49.80175303132455
199,2001,ornamentals,16.188431219862196
199,2002,ornamentals,41.67831784450436
199,2003,ornamentals,45.12029912777848
199,2004,ornamentals,32.999053111263265
199,2005,ornamentals,38.108523033800566
199,2006,ornamentals,39.141909615916575
199,2007,ornamentals,41.657508321822434
199,2008,ornamentals,36.391493377833285
199,2009,ornamentals,41.13041026942324
199,2010,ornamentals,39.940478665854926
199,2011,ornamentals,30.7836568969185
199,2012,ornamentals,4.278163192572157
199,2013,ornamentals,1.9206611121590549
199,2014,ornamentals,0
199,2015,ornamentals,0
199,2016,ornamentals,0
199,2017,ornamentals,1.72
199,2018,ornamentals,1.41
199,2019,ornamentals,0
199,2020,ornamentals,0
199,2021,ornamentals,0.3
199,2022,ornamentals,0.77
202,1991,ornamentals,10.805695612148384
202,1992,ornamentals,10.217699054590014
202,1993,ornamentals,14.58438145545341
202,1994,ornamentals,11.717232577021091
202,1995,ornamentals,8.651896540251869
202,1996,ornamentals,16.78413494951576
202,1997,ornamentals,21.84447240455819
202,1998,ornamentals,21.157382267831395
202,1999,ornamentals,14.52467738099864
202,2000,ornamentals,25
202,2001,ornamentals,36
202,2002,ornamentals,25
202,2003,ornamentals,56
202,2004,ornamentals,37
202,2005,ornamentals,26
202,2006,ornamentals,37
202,2007,ornamentals,4
202,2008,ornamentals,46
202,2009,ornamentals,95
202,2010,ornamentals,4
202,2011,ornamentals,1
202,2012,ornamentals,4.007008336855733
202,2013,ornamentals,122.68611794160422
202,2014,ornamentals,5
202,2015,ornamentals,75
202,2016,ornamentals,73
202,2017,ornamentals,2
202,2018,ornamentals,14
202,2019,ornamentals,200
202,2020,ornamentals,600
202,2021,ornamentals,0
202,2022,ornamentals,0
203,1976,ornamentals,3
203,1977,ornamentals,2
203,1978,ornamentals,0
203,1979,ornamentals,0
203,1980,ornamentals,0
203,1981,ornamentals,1
203,1982,ornamentals,0
203,1983,ornamentals,2
203,1984,ornamentals,2
203,1985,ornamentals,1
203,1986,ornamentals,4
203,1987,ornamentals,2
203,1988,ornamentals,1
203,1989,ornamentals,8
203,1990,ornamentals,8
203,1991,ornamentals,24
203,1992,ornamentals,4
203,1993,ornamentals,32
203,1994,ornamentals,8
203,1995,ornamentals,39
203,1996,ornamentals,11
203,1997,ornamentals,30
203,1998,ornamentals,20
203,1999,ornamentals,27
203,2000,ornamentals,64
203,2001,ornamentals,65
203,2002,ornamentals,57
203,2003,ornamentals,135
203,2004,ornamentals,53
203,2005,ornamentals,31
203,2006,ornamentals,71
203,2007,ornamentals,81
203,2008,ornamentals,77
203,2009,ornamentals,77
203,2010,ornamentals,43
203,2011,ornamentals,80
203,2012,ornamentals,81
203,2013,ornamentals,40
203,2014,ornamentals,55
203,2015,ornamentals,31
203,2016,ornamentals,32
203,2017,ornamentals,165
203,2018,ornamentals,81
203,2019,ornamentals,48.45
203,2020,ornamentals,40.06
203,2021,ornamentals,7
203,2022,ornamentals,17.6
204,1984,ornamentals,32
204,1985,ornamentals,10
204,1986,ornamentals,0
204,1987,ornamentals,3
204,1988,ornamentals,0
204,1989,ornamentals,0
204,1990,ornamentals,0
204,1991,ornamentals,0
204,1992,ornamentals,0
204,1993,ornamentals,0
204,1994,ornamentals,0
204,1995,ornamentals,0
204,1996,ornamentals,0
204,1997,ornamentals,0
204,1998,ornamentals,0
204,1999,ornamentals,0
204,2000,ornamentals,0
204,2001,ornamentals,1
204,2002,ornamentals,2
204,2003,ornamentals,1
204,2004,ornamentals,1
204,2005,ornamentals,11
204,2006,ornamentals,10
204,2007,ornamentals,2
204,2008,ornamentals,0
204,2009,ornamentals,0
204,2010,ornamentals,1
204,2011,ornamentals,10
204,2012,ornamentals,0
204,2013,ornamentals,0
204,2014,ornamentals,0
204,2015,ornamentals,0
204,2016,ornamentals,0
204,2017,ornamentals,0
204,2018,ornamentals,0
204,2019,ornamentals,0
204,2020,ornamentals,0
204,2021,ornamentals,0
204,2022,ornamentals,0
205,2005,ornamentals,482.53278069862426
205,2006,ornamentals,0
205,2007,ornamentals,0
205,2008,ornamentals,420.216057751466
205,2009,ornamentals,388.02065128299
205,2010,ornamentals,357.77730473934935
205,2011,ornamentals,326.015689365282
205,2012,ornamentals,296.4230294632507
205,2013,ornamentals,273.3372359773566
205,2014,ornamentals,242.8769938865153
205,2015,ornamentals,214.1519161733013
205,2016,ornamentals,188.4633761209552
205,2017,ornamentals,167.1127470126885
205,2018,ornamentals,1.06
205,2019,ornamentals,0.68
205,2020,ornamentals,0.55
205,2021,ornamentals,0.29
205,2022,ornamentals,0.29
206,1976,ornamentals,17.423908921336647
206,1977,ornamentals,20.821151331295994
206,1978,ornamentals,19.40087716512153
206,1979,ornamentals,19.357036306413875
206,1980,ornamentals,18.969087120839532
206,1981,ornamentals,19.78551707929863
206,1982,ornamentals,18.02113458625746
206,1983,ornamentals,66.84067614262125
206,1984,ornamentals,13.2879904561417
206,1985,ornamentals,26.32026601836867
206,1986,ornamentals,31.26599589922816
206,1987,ornamentals,68.2138001786908
206,1988,ornamentals,69.89050095431665
206,1989,ornamentals,83.26688484341031
206,1990,ornamentals,237.0394660941177
206,1991,ornamentals,268.9976996340132
206,1992,ornamentals,378.38030671891624
206,1993,ornamentals,699.5615889902734
206,1994,ornamentals,773.5010384079063
206,1995,ornamentals,1149.3955446510686
206,1996,ornamentals,1693.386968568614
206,1997,ornamentals,1518.5360976616228
206,1998,ornamentals,1126.5528725017434
206,1999,ornamentals,1337.7915443391898
206,2000,ornamentals,1415.1720770254897
206,2001,ornamentals,1821.864278523222
206,2002,ornamentals,3022.070281775565
206,2003,ornamentals,2434.977635282267
206,2004,ornamentals,2364.2117346963237
206,2005,ornamentals,2646.930326617403
206,2006,ornamentals,2559.7362083657913
206,2007,ornamentals,3397.4061962115775
206,2008,ornamentals,3385.1568491414914
206,2009,ornamentals,2318.817947691194
206,2010,ornamentals,3148
206,2011,ornamentals,2132
206,2012,ornamentals,1867
206,2013,ornamentals,62.137188526445954
206,2014,ornamentals,97.1704440574814
206,2015,ornamentals,78.61968382592218
206,2016,ornamentals,153.2382282149557
206,2017,ornamentals,103.65695667820742
206,2018,ornamentals,112.71479673071366
206,2019,ornamentals,67.72044137637153
206,2020,ornamentals,49.639416203166576
206,2021,ornamentals,55.81118539217516
206,2022,ornamentals,75.03521200561951
207,1995,ornamentals,736.16474801406
207,1996,ornamentals,715.4648055474099
207,1997,ornamentals,0
207,1998,ornamentals,0
207,1999,ornamentals,0
207,2000,ornamentals,0
207,2001,ornamentals,40
207,2002,ornamentals,156
207,2003,ornamentals,3520
207,2004,ornamentals,1564
207,2005,ornamentals,30
207,2006,ornamentals,89
207,2007,ornamentals,74
207,2008,ornamentals,84
207,2009,ornamentals,121
207,2010,ornamentals,901.9682326747788
207,2011,ornamentals,845.697420466633
207,2012,ornamentals,1909.5441211148136
207,2013,ornamentals,1943.4160657207103
207,2014,ornamentals,1989.0796190179535
207,2015,ornamentals,2026.4847893328115
207,2016,ornamentals,2056.227542447479
207,2017,ornamentals,2091.248849633397
207,2018,ornamentals,2163.7308631312626
207,2019,ornamentals,2214.388183993826
207,2020,ornamentals,2206.015945505598
207,2021,ornamentals,2247.7503815385426
207,2022,ornamentals,2274.831296055854
208,1976,ornamentals,1275.6512536961163
208,1977,ornamentals,1251.264086926989
208,1978,ornamentals,1227.5276067994782
208,1979,ornamentals,1200.7545890111069
208,1980,ornamentals,1179.620855450048
208,1981,ornamentals,1180.8273632510245
208,1982,ornamentals,1198.3010370923148
208,1983,ornamentals,1216.208502028021
208,1984,ornamentals,1394.1848808004506
208,1985,ornamentals,1127.9591788985929
208,1986,ornamentals,1170.3758406683774
208,1987,ornamentals,1367.8728186891894
208,1988,ornamentals,1514.61623866421
208,1989,ornamentals,1568.5283644358133
208,1990,ornamentals,1548.9128997051812
208,1991,ornamentals,1531.6832859938004
208,1992,ornamentals,1561.5200060257266
208,1993,ornamentals,1582.0302175278848
208,1994,ornamentals,1605.7938622381043
208,1995,ornamentals,13615.856132096102
208,1996,ornamentals,13406.457063561764
208,1997,ornamentals,12116.918169950315
208,1998,ornamentals,10006.64652571804
208,1999,ornamentals,9818.503220809724
208,2000,ornamentals,10025.97739400193
208,2001,ornamentals,9581.463552298192
208,2002,ornamentals,9527.361695562082
208,2003,ornamentals,9492.346646979951
208,2004,ornamentals,11221.559979357102
208,2005,ornamentals,12198.79644957713
208,2006,ornamentals,13741.479611358627
208,2007,ornamentals,14727.825694561245
208,2008,ornamentals,15289.273400790771
208,2009,ornamentals,13340.588939225658
208,2010,ornamentals,1961.0359573346504
208,2011,ornamentals,2004.5284924252048
208,2012,ornamentals,2037.165936482168
208,2013,ornamentals,2020.295651629116
208,2014,ornamentals,2040.5455212124652
208,2015,ornamentals,2067.563859322632
208,2016,ornamentals,2105.0967365908145
208,2017,ornamentals,2138.5004223678116
208,2018,ornamentals,2167.6472097002406
208,2019,ornamentals,2182.04426961219
208,2020,ornamentals,2208.7565367241914
208,2021,ornamentals,2246.2766432970384
208,2022,ornamentals,2278.108256478459
209,1978,ornamentals,59.870492051482415
209,1979,ornamentals,0
209,1980,ornamentals,55.21829145237734
209,1981,ornamentals,52.98202012002275
209,1982,ornamentals,50.99726989582223
209,1983,ornamentals,50.08438284538033
209,1984,ornamentals,3
209,1985,ornamentals,0
209,1986,ornamentals,0
209,1987,ornamentals,41.21724512233641
209,1988,ornamentals,41.56196361266484
209,1989,ornamentals,38.21789751967299
209,1990,ornamentals,0
209,1991,ornamentals,39.278819234354614
209,1992,ornamentals,471
209,1993,ornamentals,298.41904547734316
209,1994,ornamentals,1029
209,1995,ornamentals,460
209,1996,ornamentals,414
209,1997,ornamentals,430.1425595026435
209,1998,ornamentals,625.7382240923066
209,1999,ornamentals,412
209,2000,ornamentals,82.100434855807407
209,2001,ornamentals,74.82824146782286
209,2002,ornamentals,75.05055117861343
209,2003,ornamentals,83.18845412635915
209,2004,ornamentals,84.29068364527711
209,2005,ornamentals,84.37773963127484
209,2006,ornamentals,81.32965845848094
209,2007,ornamentals,95.03635472420116
209,2008,ornamentals,92.45884477495042
209,2009,ornamentals,98.89951701048972
209,2010,ornamentals,530
209,2011,ornamentals,571
209,2012,ornamentals,1
209,2013,ornamentals,0
209,2014,ornamentals,0
209,2015,ornamentals,0
209,2016,ornamentals,0
209,2017,ornamentals,0
209,2018,ornamentals,0
209,2019,ornamentals,0.07
209,2020,ornamentals,0
209,2021,ornamentals,0
209,2022,ornamentals,0
210,1988,ornamentals,42
210,1989,ornamentals,45
210,1990,ornamentals,59
210,1991,ornamentals,74
210,1992,ornamentals,75
210,1993,ornamentals,78
210,1994,ornamentals,90
210,1995,ornamentals,109
210,1996,ornamentals,117
210,1997,ornamentals,129
210,1998,ornamentals,126
210,1999,ornamentals,89
210,2000,ornamentals,93
210,2001,ornamentals,95
210,2002,ornamentals,114
210,2003,ornamentals,142
210,2004,ornamentals,225
210,2005,ornamentals,255
210,2006,ornamentals,204
210,2007,ornamentals,240
210,2008,ornamentals,229
210,2009,ornamentals,258
210,2010,ornamentals,269
210,2011,ornamentals,266
210,2012,ornamentals,2
210,2013,ornamentals,3
210,2014,ornamentals,9
210,2015,ornamentals,3
210,2016,ornamentals,8
210,2017,ornamentals,3
210,2018,ornamentals,2
210,2019,ornamentals,0.93
210,2020,ornamentals,2.45
210,2021,ornamentals,1.8
210,2022,ornamentals,1.58
212,1991,ornamentals,47.54178138027896
212,1992,ornamentals,33.567770209027
212,1993,ornamentals,64.80122881335342
212,1994,ornamentals,71.76346389062746
212,1995,ornamentals,108.7404944746379
212,1996,ornamentals,47.70624837307059
212,1997,ornamentals,91.35323351413376
212,1998,ornamentals,102.762104962776
212,1999,ornamentals,205.69757505541747
212,2000,ornamentals,134.65839711827107
212,2001,ornamentals,154.77526479417656
212,2002,ornamentals,100.22569673418798
212,2003,ornamentals,158.50952659767222
212,2004,ornamentals,145.83245103473587
212,2005,ornamentals,0
212,2006,ornamentals,98.17633640574093
212,2007,ornamentals,6
212,2008,ornamentals,0
212,2009,ornamentals,41
212,2010,ornamentals,0
212,2011,ornamentals,0
212,2012,ornamentals,0
212,2013,ornamentals,0
212,2014,ornamentals,2.0134875812797457
212,2015,ornamentals,2.182621325938574
212,2016,ornamentals,1.7467580558950564
212,2017,ornamentals,2.8542545172350717
212,2018,ornamentals,3.208591429659924
212,2019,ornamentals,2.308979427530285
212,2020,ornamentals,0.26
212,2021,ornamentals,0
212,2022,ornamentals,0
214,1994,ornamentals,61
214,1995,ornamentals,55
214,1996,ornamentals,0
214,1997,ornamentals,35
214,1998,ornamentals,30
214,1999,ornamentals,29
214,2000,ornamentals,63
214,2001,ornamentals,39
214,2002,ornamentals,23
214,2003,ornamentals,12
214,2004,ornamentals,11
214,2005,ornamentals,0
214,2006,ornamentals,1
214,2007,ornamentals,7.057841009734204
214,2008,ornamentals,5
214,2009,ornamentals,4
214,2010,ornamentals,18
214,2011,ornamentals,3
214,2012,ornamentals,10
214,2013,ornamentals,8
214,2014,ornamentals,24
214,2015,ornamentals,262.67559961273884
214,2016,ornamentals,40
214,2017,ornamentals,30
214,2018,ornamentals,23
214,2019,ornamentals,35.32
214,2020,ornamentals,65.78
214,2021,ornamentals,58.64
214,2022,ornamentals,105.42
216,1981,ornamentals,202
216,1982,ornamentals,84
216,1983,ornamentals,58
216,1984,ornamentals,87
216,1985,ornamentals,122
216,1986,ornamentals,684
216,1987,ornamentals,424
216,1988,ornamentals,749
216,1989,ornamentals,844
216,1990,ornamentals,964
216,1991,ornamentals,1436
216,1992,ornamentals,1831
216,1993,ornamentals,2040
216,1994,ornamentals,2176
216,1995,ornamentals,2224
216,1996,ornamentals,1709
216,1997,ornamentals,528
216,1998,ornamentals,167
216,1999,ornamentals,1759
216,2000,ornamentals,1781
216,2001,ornamentals,1549
216,2002,ornamentals,1915
216,2003,ornamentals,1765
216,2004,ornamentals,2248
216,2005,ornamentals,4452
216,2006,ornamentals,1471
216,2007,ornamentals,1114
216,2008,ornamentals,890
216,2009,ornamentals,911
216,2010,ornamentals,1056
216,2011,ornamentals,1086
216,2012,ornamentals,945
216,2013,ornamentals,1087
216,2014,ornamentals,931
216,2015,ornamentals,718
216,2016,ornamentals,872
216,2017,ornamentals,722
216,2018,ornamentals,794
216,2019,ornamentals,437.15
216,2020,ornamentals,424.48
216,2021,ornamentals,462.64
216,2022,ornamentals,521.58
218,1988,ornamentals,1
218,1989,ornamentals,0
218,1990,ornamentals,2
218,1991,ornamentals,10
218,1992,ornamentals,3
218,1993,ornamentals,7
218,1994,ornamentals,1
218,1995,ornamentals,7
218,1996,ornamentals,1
218,1997,ornamentals,4
218,1998,ornamentals,9
218,1999,ornamentals,9
218,2000,ornamentals,9
218,2001,ornamentals,4
218,2002,ornamentals,5
218,2003,ornamentals,1
218,2004,ornamentals,16
218,2005,ornamentals,25
218,2006,ornamentals,16
218,2007,ornamentals,22
218,2008,ornamentals,2
218,2009,ornamentals,1
218,2010,ornamentals,2
218,2011,ornamentals,2.2163889139646926
218,2012,ornamentals,0.394830511656003
218,2013,ornamentals,0
218,2014,ornamentals,1
218,2015,ornamentals,0.1476838285168724
218,2016,ornamentals,0.20947049930165507
218,2017,ornamentals,1
218,2018,ornamentals,0.4566171824407857
218,2019,ornamentals,0
218,2020,ornamentals,0
218,2021,ornamentals,0.87
218,2022,ornamentals,0.17
220,1996,ornamentals,2.2842012197318553
220,1997,ornamentals,0.3813951654689225
220,1998,ornamentals,2.3496342966252115
220,1999,ornamentals,0.25426344364594833
220,2000,ornamentals,0.25426344364594833
220,2001,ornamentals,0.12713172182297416
220,2002,ornamentals,0.25426344364594833
220,2003,ornamentals,0.25426344364594833
220,2004,ornamentals,1.0366591262628049
220,2005,ornamentals,0.762790330937845
220,2006,ornamentals,1.017053774583793
220,2007,ornamentals,1.1441854964067677
220,2008,ornamentals,0.25426344364594833
220,2009,ornamentals,0.25426344364594833
220,2010,ornamentals,0.6423727217523236
220,2011,ornamentals,0
220,2012,ornamentals,0
220,2013,ornamentals,0
220,2014,ornamentals,0
220,2015,ornamentals,0
220,2016,ornamentals,0
220,2017,ornamentals,0
220,2018,ornamentals,0
220,2019,ornamentals,0
220,2020,ornamentals,0
220,2021,ornamentals,0
220,2022,ornamentals,0
222,1976,ornamentals,10
222,1977,ornamentals,9
222,1978,ornamentals,11
222,1979,ornamentals,7
222,1980,ornamentals,14
222,1981,ornamentals,26
222,1982,ornamentals,15
222,1983,ornamentals,32
222,1984,ornamentals,51
222,1985,ornamentals,51
222,1986,ornamentals,54
222,1987,ornamentals,45
222,1988,ornamentals,27
222,1989,ornamentals,25
222,1990,ornamentals,20
222,1991,ornamentals,17
222,1992,ornamentals,15
222,1993,ornamentals,15
222,1994,ornamentals,16
222,1995,ornamentals,19.86698402760362
222,1996,ornamentals,18.907597343260704
222,1997,ornamentals,17.948210658917787
222,1998,ornamentals,17.215480956283272
222,1999,ornamentals,16.029437290231726
222,2000,ornamentals,2
222,2001,ornamentals,14.337320903254296
222,2002,ornamentals,232
222,2003,ornamentals,50
222,2004,ornamentals,0
222,2005,ornamentals,0
222,2006,ornamentals,1
222,2007,ornamentals,16.589547484237528
222,2008,ornamentals,8.679346694160813
222,2009,ornamentals,1
222,2010,ornamentals,5
222,2011,ornamentals,5
222,2012,ornamentals,3
222,2013,ornamentals,4
222,2014,ornamentals,3
222,2015,ornamentals,3
222,2016,ornamentals,3
222,2017,ornamentals,3
222,2018,ornamentals,5
222,2019,ornamentals,0.31
222,2020,ornamentals,0.33
222,2021,ornamentals,0.3
222,2022,ornamentals,0.4
223,1980,ornamentals,2
223,1981,ornamentals,5.087663546802219
223,1982,ornamentals,4.956224291719423
223,1983,ornamentals,0
223,1984,ornamentals,0
223,1985,ornamentals,4.516426547174831
223,1986,ornamentals,1
223,1987,ornamentals,21
223,1988,ornamentals,4.076628802630353
223,1989,ornamentals,3.717789651068074
223,1990,ornamentals,0
223,1991,ornamentals,0
223,1992,ornamentals,0
223,1993,ornamentals,2.9646327342571226
223,1994,ornamentals,0
223,1995,ornamentals,0
223,1996,ornamentals,0
223,1997,ornamentals,0
223,1998,ornamentals,0
223,1999,ornamentals,0
223,2000,ornamentals,0
223,2001,ornamentals,0
223,2002,ornamentals,0
223,2003,ornamentals,0
223,2004,ornamentals,0
223,2005,ornamentals,0
223,2006,ornamentals,0
223,2007,ornamentals,0
223,2008,ornamentals,0
223,2009,ornamentals,0
223,2010,ornamentals,0
223,2011,ornamentals,0
223,2012,ornamentals,0
223,2013,ornamentals,0
223,2014,ornamentals,0
223,2015,ornamentals,0
223,2016,ornamentals,0
223,2017,ornamentals,0
223,2018,ornamentals,0
223,2019,ornamentals,0
223,2020,ornamentals,0
223,2021,ornamentals,0
223,2022,ornamentals,0
224,1993,ornamentals,1
224,1994,ornamentals,0
224,1995,ornamentals,0
224,1996,ornamentals,0
224,1997,ornamentals,1
224,1998,ornamentals,6
224,1999,ornamentals,61.609229638452234
224,2000,ornamentals,58.842314400440046
224,2001,ornamentals,56.07539916242786
224,2002,ornamentals,53.30848392441567
224,2003,ornamentals,0
224,2004,ornamentals,47.730239571317725
224,2005,ornamentals,45.0077382103791
224,2006,ornamentals,42.240822972366914
224,2007,ornamentals,0
224,2008,ornamentals,0
224,2009,ornamentals,0
224,2010,ornamentals,0
224,2011,ornamentals,0
224,2012,ornamentals,0
224,2013,ornamentals,0
224,2014,ornamentals,0
224,2015,ornamentals,0
224,2016,ornamentals,0
224,2017,ornamentals,0
224,2018,ornamentals,0
224,2019,ornamentals,0
224,2020,ornamentals,0
224,2021,ornamentals,0
224,2022,ornamentals,0
244,2019,ornamentals,0.01
244,2020,ornamentals,0.01
244,2021,ornamentals,0.01
244,2022,ornamentals,0.08
245,1996,ornamentals,2.2842012197318553
245,1997,ornamentals,0.3813951654689225
245,1998,ornamentals,2.3496342966252115
245,1999,ornamentals,0.25426344364594833
245,2000,ornamentals,0.25426344364594833
245,2001,ornamentals,0.12713172182297416
245,2002,ornamentals,0.25426344364594833
245,2003,ornamentals,0.25426344364594833
245,2004,ornamentals,1.0366591262628049
245,2005,ornamentals,0.762790330937845
245,2006,ornamentals,1.017053774583793
245,2007,ornamentals,1.1441854964067677
245,2008,ornamentals,0.25426344364594833
245,2009,ornamentals,0.25426344364594833
245,2010,ornamentals,0.6423727217523236
245,2011,ornamentals,0
245,2012,ornamentals,0
245,2013,ornamentals,0
245,2014,ornamentals,0
245,2015,ornamentals,0
245,2016,ornamentals,0
245,2017,ornamentals,0
245,2018,ornamentals,0
245,2019,ornamentals,0
245,2020,ornamentals,0
245,2021,ornamentals,0
245,2022,ornamentals,0
247,1995,ornamentals,1.9663287140564591
247,1996,ornamentals,3.643029489682291
247,1997,ornamentals,0
247,1998,ornamentals,0
247,1999,ornamentals,1.6189111157924714
247,2000,ornamentals,0
247,2001,ornamentals,4.284096013310773
247,2002,ornamentals,2.3476593568362603
247,2003,ornamentals,6.94928091082906
247,2004,ornamentals,28.24015631785683
247,2005,ornamentals,0
247,2006,ornamentals,15.936628996673662
247,2007,ornamentals,0
247,2008,ornamentals,0
247,2009,ornamentals,0
247,2010,ornamentals,0
247,2011,ornamentals,0
247,2012,ornamentals,0
247,2013,ornamentals,0
247,2014,ornamentals,0
247,2015,ornamentals,0
247,2016,ornamentals,0
247,2017,ornamentals,0
247,2018,ornamentals,0
247,2019,ornamentals,0
247,2020,ornamentals,0
247,2021,ornamentals,0
247,2022,ornamentals,0
248,1996,ornamentals,2.2842012197318553
248,1997,ornamentals,0.3813951654689225
248,1998,ornamentals,2.3496342966252115
248,1999,ornamentals,0.25426344364594833
248,2000,ornamentals,0.25426344364594833
248,2001,ornamentals,0.12713172182297416
248,2002,ornamentals,0.25426344364594833
248,2003,ornamentals,0.25426344364594833
248,2004,ornamentals,1.0366591262628049
248,2005,ornamentals,0.762790330937845
248,2006,ornamentals,1.017053774583793
248,2007,ornamentals,1.1441854964067677
248,2008,ornamentals,0.25426344364594833
248,2009,ornamentals,0.25426344364594833
248,2010,ornamentals,0.6423727217523236
248,2011,ornamentals,0
248,2012,ornamentals,0
248,2013,ornamentals,0
248,2014,ornamentals,0
248,2015,ornamentals,0
248,2016,ornamentals,0
248,2017,ornamentals,0
248,2018,ornamentals,0
248,2019,ornamentals,0
248,2020,ornamentals,0
248,2021,ornamentals,0
248,2022,ornamentals,0
249,1996,ornamentals,2.2842012197318553
249,1997,ornamentals,0.3813951654689225
249,1998,ornamentals,2.3496342966252115
249,1999,ornamentals,0.25426344364594833
249,2000,ornamentals,0.25426344364594833
249,2001,ornamentals,0.12713172182297416
249,2002,ornamentals,0.25426344364594833
249,2003,ornamentals,0.25426344364594833
249,2004,ornamentals,1.0366591262628049
249,2005,ornamentals,0.762790330937845
249,2006,ornamentals,1.017053774583793
249,2007,ornamentals,1.1441854964067677
249,2008,ornamentals,0.25426344364594833
249,2009,ornamentals,0.25426344364594833
249,2010,ornamentals,0.6423727217523236
249,2011,ornamentals,0
249,2012,ornamentals,0
249,2013,ornamentals,0
249,2014,ornamentals,0
249,2015,ornamentals,0
249,2016,ornamentals,0
249,2017,ornamentals,0
249,2018,ornamentals,0
249,2019,ornamentals,0
249,2020,ornamentals,0
249,2021,ornamentals,0
249,2022,ornamentals,0
250,1996,ornamentals,2.2842012197318553
250,1997,ornamentals,0.3813951654689225
250,1998,ornamentals,2.3496342966252115
250,1999,ornamentals,0.25426344364594833
250,2000,ornamentals,0.25426344364594833
250,2001,ornamentals,0.12713172182297416
250,2002,ornamentals,0.25426344364594833
250,2003,ornamentals,0.25426344364594833
250,2004,ornamentals,1.163790848085779
250,2005,ornamentals,0.762790330937845
250,2006,ornamentals,1.017053774583793
250,2007,ornamentals,1.1441854964067677
250,2008,ornamentals,1.4802271210651217
250,2009,ornamentals,0.25426344364594833
250,2010,ornamentals,0.6423727217523236
250,2011,ornamentals,0
250,2012,ornamentals,0
250,2013,ornamentals,0
250,2014,ornamentals,0
250,2015,ornamentals,0
250,2016,ornamentals,10
250,2017,ornamentals,12
250,2018,ornamentals,0.1805865587623714
250,2019,ornamentals,0.8
250,2020,ornamentals,0
250,2021,ornamentals,0
250,2022,ornamentals,0
