rgn_id,rgn_name,year,usd,unit,sector,usd_yr
82,Albania,1984,588900,USD (1),mar,1984
82,Albania,1985,586300,USD (1),mar,1985
82,Albania,1986,1138800,USD (1),mar,1986
82,Albania,1987,1175200,USD (1),mar,1987
82,Albania,1988,1935010,USD (1),mar,1988
82,Albania,1989,938400,USD (1),mar,1989
82,Albania,1990,2221500,USD (1),mar,1990
82,Albania,1991,397200,USD (1),mar,1991
82,Albania,1992,182650,USD (1),mar,1992
82,Albania,1993,191800,USD (1),mar,1993
82,Albania,1994,190450,USD (1),mar,1994
82,Albania,1995,195000,USD (1),mar,1995
82,Albania,1996,175000,USD (1),mar,1996
82,Albania,1997,205000,USD (1),mar,1997
82,Albania,1998,151700,USD (1),mar,1998
82,Albania,1999,204260,USD (1),mar,1999
82,Albania,2000,155990,USD (1),mar,2000
82,Albania,2001,469010,USD (1),mar,2001
82,Albania,2002,720660.0000000001,USD (1),mar,2002
82,Albania,2003,1530780,USD (1),mar,2003
82,Albania,2004,2101570,USD (1),mar,2004
82,Albania,2005,1862420,USD (1),mar,2005
82,Albania,2006,2924339.9999999995,USD (1),mar,2006
82,Albania,2007,4055089.9999999995,USD (1),mar,2007
82,Albania,2008,4232900,USD (1),mar,2008
82,Albania,2009,4469910,USD (1),mar,2009
82,Albania,2010,4821210,USD (1),mar,2010
82,Albania,2011,4497210,USD (1),mar,2011
82,Albania,2012,11794710.000000002,USD (1),mar,2012
82,Albania,2013,13248900,USD (1),mar,2013
82,Albania,2014,13993170,USD (1),mar,2014
82,Albania,2015,12183470.000000002,USD (1),mar,2015
82,Albania,2016,13867130,USD (1),mar,2016
82,Albania,2017,17381190,USD (1),mar,2017
82,Albania,2018,15997529.999999998,USD (1),mar,2018
82,Albania,2019,16769110,USD (1),mar,2019
82,Albania,2020,33336400,USD (1),mar,2020
82,Albania,2021,33804010,USD (1),mar,2021
82,Albania,2022,36408170,USD (1),mar,2022
84,Algeria,1984,319010,USD (1),mar,1984
84,Algeria,1985,327170,USD (1),mar,1985
84,Algeria,1986,576110,USD (1),mar,1986
84,Algeria,1987,631440,USD (1),mar,1987
84,Algeria,1988,509849.99999999994,USD (1),mar,1988
84,Algeria,1989,330850,USD (1),mar,1989
84,Algeria,1990,400960,USD (1),mar,1990
84,Algeria,1991,393320,USD (1),mar,1991
84,Algeria,1992,99240.00000000001,USD (1),mar,1992
84,Algeria,1993,323320,USD (1),mar,1993
84,Algeria,1994,394600,USD (1),mar,1994
84,Algeria,1995,376599.99999999994,USD (1),mar,1995
84,Algeria,1996,329800,USD (1),mar,1996
84,Algeria,1997,329800,USD (1),mar,1997
84,Algeria,1998,313100,USD (1),mar,1998
84,Algeria,1999,271300,USD (1),mar,1999
84,Algeria,2000,388300,USD (1),mar,2000
84,Algeria,2001,530000,USD (1),mar,2001
84,Algeria,2002,543600,USD (1),mar,2002
84,Algeria,2003,170200,USD (1),mar,2003
84,Algeria,2004,137000,USD (1),mar,2004
84,Algeria,2005,131000,USD (1),mar,2005
84,Algeria,2006,181200,USD (1),mar,2006
84,Algeria,2007,247000,USD (1),mar,2007
84,Algeria,2008,2013920,USD (1),mar,2008
84,Algeria,2009,2235370,USD (1),mar,2009
84,Algeria,2010,1688560,USD (1),mar,2010
84,Algeria,2011,1858379.9999999998,USD (1),mar,2011
84,Algeria,2012,3017160,USD (1),mar,2012
84,Algeria,2013,1639790,USD (1),mar,2013
84,Algeria,2014,9299090,USD (1),mar,2014
84,Algeria,2015,3494700,USD (1),mar,2015
84,Algeria,2016,2905560,USD (1),mar,2016
84,Algeria,2017,16088260,USD (1),mar,2017
84,Algeria,2018,12581260,USD (1),mar,2018
84,Algeria,2019,15905120,USD (1),mar,2019
84,Algeria,2020,28468360,USD (1),mar,2020
84,Algeria,2021,18599830,USD (1),mar,2021
84,Algeria,2022,19783440,USD (1),mar,2022
120,Antigua and Barbuda,1984,18500,USD (1),mar,1984
120,Antigua and Barbuda,1985,18500,USD (1),mar,1985
120,Antigua and Barbuda,1986,18500,USD (1),mar,1986
120,Antigua and Barbuda,1987,18500,USD (1),mar,1987
120,Antigua and Barbuda,1988,18500,USD (1),mar,1988
120,Antigua and Barbuda,1989,18500,USD (1),mar,1989
120,Antigua and Barbuda,1990,18500,USD (1),mar,1990
120,Antigua and Barbuda,1991,18500,USD (1),mar,1991
120,Antigua and Barbuda,1992,18500,USD (1),mar,1992
120,Antigua and Barbuda,1993,18500,USD (1),mar,1993
120,Antigua and Barbuda,1994,18500,USD (1),mar,1994
120,Antigua and Barbuda,1995,18500,USD (1),mar,1995
120,Antigua and Barbuda,1996,18500,USD (1),mar,1996
120,Antigua and Barbuda,1997,18500,USD (1),mar,1997
120,Antigua and Barbuda,1998,18500,USD (1),mar,1998
120,Antigua and Barbuda,1999,18520,USD (1),mar,1999
120,Antigua and Barbuda,2000,18520,USD (1),mar,2000
120,Antigua and Barbuda,2001,18520,USD (1),mar,2001
120,Antigua and Barbuda,2002,18520,USD (1),mar,2002
120,Antigua and Barbuda,2003,18520,USD (1),mar,2003
120,Antigua and Barbuda,2004,18520,USD (1),mar,2004
120,Antigua and Barbuda,2005,18520,USD (1),mar,2005
120,Antigua and Barbuda,2006,18520,USD (1),mar,2006
120,Antigua and Barbuda,2007,18520,USD (1),mar,2007
120,Antigua and Barbuda,2008,29630,USD (1),mar,2008
120,Antigua and Barbuda,2009,29630,USD (1),mar,2009
120,Antigua and Barbuda,2010,29630,USD (1),mar,2010
120,Antigua and Barbuda,2011,29630,USD (1),mar,2011
120,Antigua and Barbuda,2012,29630,USD (1),mar,2012
120,Antigua and Barbuda,2013,29630,USD (1),mar,2013
120,Antigua and Barbuda,2014,29630,USD (1),mar,2014
120,Antigua and Barbuda,2015,37040,USD (1),mar,2015
120,Antigua and Barbuda,2016,37040,USD (1),mar,2016
120,Antigua and Barbuda,2017,37040,USD (1),mar,2017
120,Antigua and Barbuda,2018,48150,USD (1),mar,2018
120,Antigua and Barbuda,2019,48150,USD (1),mar,2019
120,Antigua and Barbuda,2020,48150,USD (1),mar,2020
120,Antigua and Barbuda,2021,48150,USD (1),mar,2021
120,Antigua and Barbuda,2022,48150,USD (1),mar,2022
172,Argentina,1984,10000,USD (1),mar,1984
172,Argentina,1985,10000,USD (1),mar,1985
172,Argentina,1986,10000,USD (1),mar,1986
172,Argentina,1987,1650,USD (1),mar,1987
172,Argentina,1988,1800,USD (1),mar,1988
172,Argentina,1989,100,USD (1),mar,1989
172,Argentina,1990,100,USD (1),mar,1990
172,Argentina,1991,100,USD (1),mar,1991
172,Argentina,1992,100,USD (1),mar,1992
172,Argentina,1993,100,USD (1),mar,1993
172,Argentina,1994,2416.6666666666665,USD (1),mar,1994
172,Argentina,1995,4733.333333333333,USD (1),mar,1995
172,Argentina,1996,7050,USD (1),mar,1996
172,Argentina,1997,9366.666666666666,USD (1),mar,1997
172,Argentina,1998,11683.333333333334,USD (1),mar,1998
172,Argentina,1999,14000,USD (1),mar,1999
172,Argentina,2000,75000,USD (1),mar,2000
172,Argentina,2001,75000,USD (1),mar,2001
172,Argentina,2002,114000,USD (1),mar,2002
172,Argentina,2003,74900,USD (1),mar,2003
172,Argentina,2004,132120,USD (1),mar,2004
172,Argentina,2005,309000,USD (1),mar,2005
172,Argentina,2006,248400,USD (1),mar,2006
172,Argentina,2007,270100,USD (1),mar,2007
172,Argentina,2008,283700,USD (1),mar,2008
172,Argentina,2009,200550,USD (1),mar,2009
172,Argentina,2010,812640,USD (1),mar,2010
172,Argentina,2011,1319669.9999999998,USD (1),mar,2011
172,Argentina,2012,337240,USD (1),mar,2012
172,Argentina,2013,106100,USD (1),mar,2013
172,Argentina,2014,41980.00000000001,USD (1),mar,2014
172,Argentina,2015,303590,USD (1),mar,2015
172,Argentina,2016,185590,USD (1),mar,2016
172,Argentina,2017,53769.99999999999,USD (1),mar,2017
172,Argentina,2018,24000,USD (1),mar,2018
172,Argentina,2019,102760,USD (1),mar,2019
172,Argentina,2020,18009.999999999996,USD (1),mar,2020
172,Argentina,2021,140460,USD (1),mar,2021
172,Argentina,2022,51450,USD (1),mar,2022
16,Australia,1984,19022380,USD (1),mar,1984
16,Australia,1985,17911710,USD (1),mar,1985
16,Australia,1986,24776560,USD (1),mar,1986
16,Australia,1987,27389870,USD (1),mar,1987
16,Australia,1988,47904770.00000001,USD (1),mar,1988
16,Australia,1989,63307530.00000001,USD (1),mar,1989
16,Australia,1990,63732700,USD (1),mar,1990
16,Australia,1991,68037320,USD (1),mar,1991
16,Australia,1992,79303910,USD (1),mar,1992
16,Australia,1993,91284480.00000001,USD (1),mar,1993
16,Australia,1994,107404650.00000001,USD (1),mar,1994
16,Australia,1995,130470030,USD (1),mar,1995
16,Australia,1996,158598880,USD (1),mar,1996
16,Australia,1997,139287620,USD (1),mar,1997
16,Australia,1998,110436680,USD (1),mar,1998
16,Australia,1999,180378510,USD (1),mar,1999
16,Australia,2000,241012919.99999997,USD (1),mar,2000
16,Australia,2001,243995940,USD (1),mar,2001
16,Australia,2002,250828620,USD (1),mar,2002
16,Australia,2003,274670280,USD (1),mar,2003
16,Australia,2004,368222830,USD (1),mar,2004
16,Australia,2005,341504140,USD (1),mar,2005
16,Australia,2006,426400140,USD (1),mar,2006
16,Australia,2007,540355390,USD (1),mar,2007
16,Australia,2008,589096160,USD (1),mar,2008
16,Australia,2009,609600390,USD (1),mar,2009
16,Australia,2010,709268500,USD (1),mar,2010
16,Australia,2011,836585350,USD (1),mar,2011
16,Australia,2012,954750850.0000001,USD (1),mar,2012
16,Australia,2013,925050410,USD (1),mar,2013
16,Australia,2014,706877850,USD (1),mar,2014
16,Australia,2015,661002160,USD (1),mar,2015
16,Australia,2016,746297870,USD (1),mar,2016
16,Australia,2017,813100370,USD (1),mar,2017
16,Australia,2018,919715090,USD (1),mar,2018
16,Australia,2019,872646630,USD (1),mar,2019
16,Australia,2020,960441540,USD (1),mar,2020
16,Australia,2021,1266304920,USD (1),mar,2021
16,Australia,2022,1121227520,USD (1),mar,2022
110,Bahamas,1984,70000,USD (1),mar,1984
110,Bahamas,1985,48000,USD (1),mar,1985
110,Bahamas,1986,72000,USD (1),mar,1986
110,Bahamas,1987,120000,USD (1),mar,1987
110,Bahamas,1988,120000,USD (1),mar,1988
110,Bahamas,1989,89400,USD (1),mar,1989
110,Bahamas,1990,36100,USD (1),mar,1990
110,Bahamas,1991,13200,USD (1),mar,1991
110,Bahamas,1992,25200,USD (1),mar,1992
110,Bahamas,1993,24200,USD (1),mar,1993
110,Bahamas,1994,12200,USD (1),mar,1994
110,Bahamas,1995,60200,USD (1),mar,1995
110,Bahamas,1996,15200,USD (1),mar,1996
110,Bahamas,1997,15000,USD (1),mar,1997
110,Bahamas,1998,15000,USD (1),mar,1998
110,Bahamas,1999,15000,USD (1),mar,1999
110,Bahamas,2000,28000,USD (1),mar,2000
110,Bahamas,2001,182000,USD (1),mar,2001
110,Bahamas,2002,250000,USD (1),mar,2002
110,Bahamas,2003,500000,USD (1),mar,2003
110,Bahamas,2004,215340,USD (1),mar,2004
110,Bahamas,2005,586360,USD (1),mar,2005
110,Bahamas,2006,288180,USD (1),mar,2006
110,Bahamas,2007,240000,USD (1),mar,2007
110,Bahamas,2008,400000,USD (1),mar,2008
110,Bahamas,2009,337400,USD (1),mar,2009
110,Bahamas,2010,308568,USD (1),mar,2010
110,Bahamas,2011,279736,USD (1),mar,2011
110,Bahamas,2012,250904,USD (1),mar,2012
110,Bahamas,2013,222072,USD (1),mar,2013
110,Bahamas,2014,193240,USD (1),mar,2014
110,Bahamas,2015,192780,USD (1),mar,2015
110,Bahamas,2016,184000,USD (1),mar,2016
110,Bahamas,2017,115000,USD (1),mar,2017
110,Bahamas,2018,158280,USD (1),mar,2018
110,Bahamas,2019,115000,USD (1),mar,2019
110,Bahamas,2020,115000,USD (1),mar,2020
110,Bahamas,2021,115000,USD (1),mar,2021
110,Bahamas,2022,115000,USD (1),mar,2022
52,Bahrain,1984,18000,USD (1),mar,1984
52,Bahrain,1985,18000,USD (1),mar,1985
52,Bahrain,1986,18000,USD (1),mar,1986
52,Bahrain,1987,18000,USD (1),mar,1987
52,Bahrain,1988,18000,USD (1),mar,1988
52,Bahrain,1989,18000,USD (1),mar,1989
52,Bahrain,1990,18000,USD (1),mar,1990
52,Bahrain,1991,18000,USD (1),mar,1991
52,Bahrain,1992,18000,USD (1),mar,1992
52,Bahrain,1993,18000,USD (1),mar,1993
52,Bahrain,1994,18000,USD (1),mar,1994
52,Bahrain,1995,18000,USD (1),mar,1995
52,Bahrain,1996,13500,USD (1),mar,1996
52,Bahrain,1997,100,USD (1),mar,1997
52,Bahrain,1998,4500,USD (1),mar,1998
52,Bahrain,1999,13500,USD (1),mar,1999
52,Bahrain,2000,55200,USD (1),mar,2000
52,Bahrain,2001,100,USD (1),mar,2001
52,Bahrain,2002,7800,USD (1),mar,2002
52,Bahrain,2003,11000,USD (1),mar,2003
52,Bahrain,2004,21400,USD (1),mar,2004
52,Bahrain,2005,8400,USD (1),mar,2005
52,Bahrain,2006,5620,USD (1),mar,2006
52,Bahrain,2007,4600,USD (1),mar,2007
52,Bahrain,2008,13300,USD (1),mar,2008
52,Bahrain,2009,15300,USD (1),mar,2009
52,Bahrain,2010,35080,USD (1),mar,2010
52,Bahrain,2011,39269.99999999999,USD (1),mar,2011
52,Bahrain,2012,22960,USD (1),mar,2012
52,Bahrain,2013,43180,USD (1),mar,2013
52,Bahrain,2014,63400,USD (1),mar,2014
52,Bahrain,2015,63830,USD (1),mar,2015
52,Bahrain,2016,152890,USD (1),mar,2016
52,Bahrain,2017,170209.99999999997,USD (1),mar,2017
52,Bahrain,2018,170209.99999999997,USD (1),mar,2018
52,Bahrain,2019,170209.99999999997,USD (1),mar,2019
52,Bahrain,2020,170209.99999999997,USD (1),mar,2020
52,Bahrain,2021,170209.99999999997,USD (1),mar,2021
52,Bahrain,2022,170209.99999999997,USD (1),mar,2022
204,Bangladesh,1984,38996690,USD (1),mar,1984
204,Bangladesh,1985,47324899.99999999,USD (1),mar,1985
204,Bangladesh,1986,58448610,USD (1),mar,1986
204,Bangladesh,1987,60151200,USD (1),mar,1987
204,Bangladesh,1988,65944640,USD (1),mar,1988
204,Bangladesh,1989,78361989.99999999,USD (1),mar,1989
204,Bangladesh,1990,118321160,USD (1),mar,1990
204,Bangladesh,1991,120537450.00000001,USD (1),mar,1991
204,Bangladesh,1992,138840000,USD (1),mar,1992
204,Bangladesh,1993,178787500,USD (1),mar,1993
204,Bangladesh,1994,189418100,USD (1),mar,1994
204,Bangladesh,1995,204784380,USD (1),mar,1995
204,Bangladesh,1996,274000320,USD (1),mar,1996
204,Bangladesh,1997,315712170,USD (1),mar,1997
204,Bangladesh,1998,336653440,USD (1),mar,1998
204,Bangladesh,1999,243183530,USD (1),mar,1999
204,Bangladesh,2000,239217980,USD (1),mar,2000
204,Bangladesh,2001,217146370,USD (1),mar,2001
204,Bangladesh,2002,229443870,USD (1),mar,2002
204,Bangladesh,2003,235427920,USD (1),mar,2003
204,Bangladesh,2004,244789020,USD (1),mar,2004
204,Bangladesh,2005,240466370,USD (1),mar,2005
204,Bangladesh,2006,283932260,USD (1),mar,2006
204,Bangladesh,2007,301555700,USD (1),mar,2007
204,Bangladesh,2008,332192220.00000006,USD (1),mar,2008
204,Bangladesh,2009,542166940.0000001,USD (1),mar,2009
204,Bangladesh,2010,479829290,USD (1),mar,2010
204,Bangladesh,2011,574852059.9999999,USD (1),mar,2011
204,Bangladesh,2012,696534800,USD (1),mar,2012
204,Bangladesh,2013,823925030,USD (1),mar,2013
204,Bangladesh,2014,982307150,USD (1),mar,2014
204,Bangladesh,2015,988595970,USD (1),mar,2015
204,Bangladesh,2016,1060918810,USD (1),mar,2016
204,Bangladesh,2017,1080025560,USD (1),mar,2017
204,Bangladesh,2018,1008818679.9999999,USD (1),mar,2018
204,Bangladesh,2019,1019556950,USD (1),mar,2019
204,Bangladesh,2020,1055640100.0000001,USD (1),mar,2020
204,Bangladesh,2021,1106359150,USD (1),mar,2021
204,Bangladesh,2022,1063067840.0000001,USD (1),mar,2022
164,Belize,1984,100,USD (1),mar,1984
164,Belize,1985,100,USD (1),mar,1985
164,Belize,1986,230000,USD (1),mar,1986
164,Belize,1987,2140666.6666666665,USD (1),mar,1987
164,Belize,1988,4051333.333333333,USD (1),mar,1988
164,Belize,1989,5962000,USD (1),mar,1989
164,Belize,1990,1089000,USD (1),mar,1990
164,Belize,1991,1727000,USD (1),mar,1991
164,Belize,1992,3000000,USD (1),mar,1992
164,Belize,1993,5700000,USD (1),mar,1993
164,Belize,1994,5871200,USD (1),mar,1994
164,Belize,1995,7488000,USD (1),mar,1995
164,Belize,1996,5736000,USD (1),mar,1996
164,Belize,1997,8858000,USD (1),mar,1997
164,Belize,1998,9852000,USD (1),mar,1998
164,Belize,1999,15182400,USD (1),mar,1999
164,Belize,2000,17424000,USD (1),mar,2000
164,Belize,2001,33539199.999999996,USD (1),mar,2001
164,Belize,2002,30800000,USD (1),mar,2002
164,Belize,2003,64312800,USD (1),mar,2003
164,Belize,2004,49680000,USD (1),mar,2004
164,Belize,2005,47938500,USD (1),mar,2005
164,Belize,2006,32557500,USD (1),mar,2006
164,Belize,2007,12924000,USD (1),mar,2007
164,Belize,2008,12559500,USD (1),mar,2008
164,Belize,2009,18631500,USD (1),mar,2009
164,Belize,2010,23841200,USD (1),mar,2010
164,Belize,2011,17664500,USD (1),mar,2011
164,Belize,2012,20359900,USD (1),mar,2012
164,Belize,2013,24820000,USD (1),mar,2013
164,Belize,2014,28663040,USD (1),mar,2014
164,Belize,2015,16616500,USD (1),mar,2015
164,Belize,2016,4378000,USD (1),mar,2016
164,Belize,2017,2265000,USD (1),mar,2017
164,Belize,2018,2271000,USD (1),mar,2018
164,Belize,2019,2531500,USD (1),mar,2019
164,Belize,2020,2533750,USD (1),mar,2020
164,Belize,2021,2683750,USD (1),mar,2021
164,Belize,2022,5813500,USD (1),mar,2022
99,Benin,1984,12400,USD (1),mar,1984
99,Benin,1985,7410,USD (1),mar,1985
99,Benin,1986,14320,USD (1),mar,1986
99,Benin,1987,18740,USD (1),mar,1987
99,Benin,1988,234540.00000000003,USD (1),mar,1988
99,Benin,1989,234155.29411764708,USD (1),mar,1989
99,Benin,1990,233770.58823529416,USD (1),mar,1990
99,Benin,1991,233385.8823529412,USD (1),mar,1991
99,Benin,1992,233001.17647058825,USD (1),mar,1992
99,Benin,1993,232616.4705882353,USD (1),mar,1993
99,Benin,1994,232231.76470588238,USD (1),mar,1994
99,Benin,1995,231847.05882352943,USD (1),mar,1995
99,Benin,1996,231462.35294117648,USD (1),mar,1996
99,Benin,1997,231077.64705882355,USD (1),mar,1997
99,Benin,1998,230692.9411764706,USD (1),mar,1998
99,Benin,1999,230308.23529411765,USD (1),mar,1999
99,Benin,2000,229923.52941176473,USD (1),mar,2000
99,Benin,2001,229538.82352941178,USD (1),mar,2001
99,Benin,2002,229154.11764705883,USD (1),mar,2002
99,Benin,2003,228769.41176470587,USD (1),mar,2003
99,Benin,2004,228384.70588235295,USD (1),mar,2004
99,Benin,2005,228000,USD (1),mar,2005
99,Benin,2006,229200,USD (1),mar,2006
99,Benin,2007,325960,USD (1),mar,2007
99,Benin,2008,350000,USD (1),mar,2008
99,Benin,2009,330720,USD (1),mar,2009
99,Benin,2010,315280,USD (1),mar,2010
99,Benin,2011,331040,USD (1),mar,2011
99,Benin,2012,376060,USD (1),mar,2012
99,Benin,2013,388740,USD (1),mar,2013
99,Benin,2014,388860,USD (1),mar,2014
99,Benin,2015,304460,USD (1),mar,2015
99,Benin,2016,303740,USD (1),mar,2016
99,Benin,2017,309990,USD (1),mar,2017
99,Benin,2018,405080,USD (1),mar,2018
99,Benin,2019,256010,USD (1),mar,2019
99,Benin,2020,338790,USD (1),mar,2020
99,Benin,2021,351650,USD (1),mar,2021
99,Benin,2022,312620,USD (1),mar,2022
232,Bosnia and Herzegovina,1984,1238000,USD (1),mar,1984
232,Bosnia and Herzegovina,1985,1238000,USD (1),mar,1985
232,Bosnia and Herzegovina,1986,1238000,USD (1),mar,1986
232,Bosnia and Herzegovina,1987,1238000,USD (1),mar,1987
232,Bosnia and Herzegovina,1988,1238000,USD (1),mar,1988
232,Bosnia and Herzegovina,1989,1238000,USD (1),mar,1989
232,Bosnia and Herzegovina,1990,1238000,USD (1),mar,1990
232,Bosnia and Herzegovina,1991,1238000,USD (1),mar,1991
232,Bosnia and Herzegovina,1992,1238000,USD (1),mar,1992
232,Bosnia and Herzegovina,1993,1238000,USD (1),mar,1993
232,Bosnia and Herzegovina,1994,1238000,USD (1),mar,1994
232,Bosnia and Herzegovina,1995,1238000,USD (1),mar,1995
232,Bosnia and Herzegovina,1996,1238000,USD (1),mar,1996
232,Bosnia and Herzegovina,1997,1238000,USD (1),mar,1997
232,Bosnia and Herzegovina,1998,1238000,USD (1),mar,1998
232,Bosnia and Herzegovina,1999,1238000,USD (1),mar,1999
232,Bosnia and Herzegovina,2000,1238000,USD (1),mar,2000
232,Bosnia and Herzegovina,2001,1238000,USD (1),mar,2001
232,Bosnia and Herzegovina,2002,1238000,USD (1),mar,2002
232,Bosnia and Herzegovina,2003,1323000,USD (1),mar,2003
232,Bosnia and Herzegovina,2004,614000,USD (1),mar,2004
232,Bosnia and Herzegovina,2005,1706200,USD (1),mar,2005
232,Bosnia and Herzegovina,2006,1815700,USD (1),mar,2006
232,Bosnia and Herzegovina,2007,2017700,USD (1),mar,2007
232,Bosnia and Herzegovina,2008,2073600,USD (1),mar,2008
232,Bosnia and Herzegovina,2009,1771000,USD (1),mar,2009
232,Bosnia and Herzegovina,2010,1771000,USD (1),mar,2010
232,Bosnia and Herzegovina,2011,2140650,USD (1),mar,2011
232,Bosnia and Herzegovina,2012,450200,USD (1),mar,2012
232,Bosnia and Herzegovina,2013,1273100.0000000002,USD (1),mar,2013
232,Bosnia and Herzegovina,2014,1170700,USD (1),mar,2014
232,Bosnia and Herzegovina,2015,1019599.9999999999,USD (1),mar,2015
232,Bosnia and Herzegovina,2016,1015280,USD (1),mar,2016
232,Bosnia and Herzegovina,2017,1227250,USD (1),mar,2017
232,Bosnia and Herzegovina,2018,1209700,USD (1),mar,2018
232,Bosnia and Herzegovina,2019,1188120.0000000002,USD (1),mar,2019
232,Bosnia and Herzegovina,2020,867200,USD (1),mar,2020
232,Bosnia and Herzegovina,2021,825250,USD (1),mar,2021
232,Bosnia and Herzegovina,2022,760709.9999999999,USD (1),mar,2022
171,Brazil,1984,2050000,USD (1),mar,1984
171,Brazil,1985,3561500,USD (1),mar,1985
171,Brazil,1986,5478000,USD (1),mar,1986
171,Brazil,1987,7693000,USD (1),mar,1987
171,Brazil,1988,8104000,USD (1),mar,1988
171,Brazil,1989,7904000,USD (1),mar,1989
171,Brazil,1990,6904000,USD (1),mar,1990
171,Brazil,1991,5735000,USD (1),mar,1991
171,Brazil,1992,6015000,USD (1),mar,1992
171,Brazil,1993,6015000,USD (1),mar,1993
171,Brazil,1994,6015000,USD (1),mar,1994
171,Brazil,1995,7786400,USD (1),mar,1995
171,Brazil,1996,12576600,USD (1),mar,1996
171,Brazil,1997,14394200,USD (1),mar,1997
171,Brazil,1998,24857600,USD (1),mar,1998
171,Brazil,1999,48221800,USD (1),mar,1999
171,Brazil,2000,71195700,USD (1),mar,2000
171,Brazil,2001,88195700,USD (1),mar,2001
171,Brazil,2002,127737200,USD (1),mar,2002
171,Brazil,2003,187997400,USD (1),mar,2003
171,Brazil,2004,161025000,USD (1),mar,2004
171,Brazil,2005,135833500,USD (1),mar,2005
171,Brazil,2006,139269850,USD (1),mar,2006
171,Brazil,2007,193564550.00000003,USD (1),mar,2007
171,Brazil,2008,281553850,USD (1),mar,2008
171,Brazil,2009,295608630,USD (1),mar,2009
171,Brazil,2010,416863130,USD (1),mar,2010
171,Brazil,2011,507391560,USD (1),mar,2011
171,Brazil,2012,475978980,USD (1),mar,2012
171,Brazil,2013,382408430,USD (1),mar,2013
171,Brazil,2014,377330050,USD (1),mar,2014
171,Brazil,2015,300130240,USD (1),mar,2015
171,Brazil,2016,274591260,USD (1),mar,2016
171,Brazil,2017,305451840,USD (1),mar,2017
171,Brazil,2018,319136600.00000006,USD (1),mar,2018
171,Brazil,2019,317297900,USD (1),mar,2019
171,Brazil,2020,272885040.00000006,USD (1),mar,2020
171,Brazil,2021,312227060,USD (1),mar,2021
171,Brazil,2022,450210050,USD (1),mar,2022
117,British Virgin Islands,1984,13750,USD (1),mar,1984
117,British Virgin Islands,1985,13750,USD (1),mar,1985
117,British Virgin Islands,1986,13750,USD (1),mar,1986
117,British Virgin Islands,1987,13750,USD (1),mar,1987
117,British Virgin Islands,1988,13750,USD (1),mar,1988
117,British Virgin Islands,1989,13750,USD (1),mar,1989
117,British Virgin Islands,1990,13750,USD (1),mar,1990
117,British Virgin Islands,1991,13750,USD (1),mar,1991
117,British Virgin Islands,1992,13750,USD (1),mar,1992
117,British Virgin Islands,1993,13750,USD (1),mar,1993
117,British Virgin Islands,1994,13750,USD (1),mar,1994
117,British Virgin Islands,1995,13750,USD (1),mar,1995
117,British Virgin Islands,1996,13750,USD (1),mar,1996
117,British Virgin Islands,1997,13750,USD (1),mar,1997
117,British Virgin Islands,1998,13750,USD (1),mar,1998
117,British Virgin Islands,1999,13750,USD (1),mar,1999
117,British Virgin Islands,2000,13750,USD (1),mar,2000
117,British Virgin Islands,2001,13750,USD (1),mar,2001
117,British Virgin Islands,2002,13750,USD (1),mar,2002
117,British Virgin Islands,2003,13750,USD (1),mar,2003
117,British Virgin Islands,2004,13750,USD (1),mar,2004
117,British Virgin Islands,2005,13750,USD (1),mar,2005
117,British Virgin Islands,2006,13750,USD (1),mar,2006
117,British Virgin Islands,2007,13750,USD (1),mar,2007
117,British Virgin Islands,2008,13750,USD (1),mar,2008
117,British Virgin Islands,2009,13750,USD (1),mar,2009
117,British Virgin Islands,2010,13750,USD (1),mar,2010
117,British Virgin Islands,2011,13750,USD (1),mar,2011
117,British Virgin Islands,2012,13750,USD (1),mar,2012
117,British Virgin Islands,2013,13750,USD (1),mar,2013
117,British Virgin Islands,2014,13750,USD (1),mar,2014
117,British Virgin Islands,2015,13750,USD (1),mar,2015
117,British Virgin Islands,2016,12150,USD (1),mar,2016
117,British Virgin Islands,2017,23170,USD (1),mar,2017
117,British Virgin Islands,2018,24020,USD (1),mar,2018
117,British Virgin Islands,2019,22980,USD (1),mar,2019
117,British Virgin Islands,2020,23080,USD (1),mar,2020
117,British Virgin Islands,2021,24760,USD (1),mar,2021
117,British Virgin Islands,2022,22190,USD (1),mar,2022
247,Brunei,1984,3120,USD (1),mar,1984
247,Brunei,1985,3120,USD (1),mar,1985
247,Brunei,1986,3120,USD (1),mar,1986
247,Brunei,1987,3120,USD (1),mar,1987
247,Brunei,1988,3260,USD (1),mar,1988
247,Brunei,1989,100,USD (1),mar,1989
247,Brunei,1990,21540,USD (1),mar,1990
247,Brunei,1991,100,USD (1),mar,1991
247,Brunei,1992,104910,USD (1),mar,1992
247,Brunei,1993,285970,USD (1),mar,1993
247,Brunei,1994,450080,USD (1),mar,1994
247,Brunei,1995,752410.0000000001,USD (1),mar,1995
247,Brunei,1996,962910,USD (1),mar,1996
247,Brunei,1997,1232240,USD (1),mar,1997
247,Brunei,1998,1151800,USD (1),mar,1998
247,Brunei,1999,634719.9999999999,USD (1),mar,1999
247,Brunei,2000,432530,USD (1),mar,2000
247,Brunei,2001,353420,USD (1),mar,2001
247,Brunei,2002,464349.99999999994,USD (1),mar,2002
247,Brunei,2003,483780,USD (1),mar,2003
247,Brunei,2004,2761360,USD (1),mar,2004
247,Brunei,2005,2098380,USD (1),mar,2005
247,Brunei,2006,2504410,USD (1),mar,2006
247,Brunei,2007,3137130,USD (1),mar,2007
247,Brunei,2008,2620799.9999999995,USD (1),mar,2008
247,Brunei,2009,2322990,USD (1),mar,2009
247,Brunei,2010,2659500,USD (1),mar,2010
247,Brunei,2011,2959380,USD (1),mar,2011
247,Brunei,2012,3120799.9999999995,USD (1),mar,2012
247,Brunei,2013,3348700.0000000005,USD (1),mar,2013
247,Brunei,2014,5206860.000000001,USD (1),mar,2014
247,Brunei,2015,6486150,USD (1),mar,2015
247,Brunei,2016,6220890,USD (1),mar,2016
247,Brunei,2017,10744860,USD (1),mar,2017
247,Brunei,2018,9232119.999999998,USD (1),mar,2018
247,Brunei,2019,6960010,USD (1),mar,2019
247,Brunei,2020,25402270,USD (1),mar,2020
247,Brunei,2021,35582060,USD (1),mar,2021
247,Brunei,2022,36490630,USD (1),mar,2022
71,Bulgaria,1984,33000,USD (1),mar,1984
71,Bulgaria,1985,34960,USD (1),mar,1985
71,Bulgaria,1986,54530,USD (1),mar,1986
71,Bulgaria,1987,155520,USD (1),mar,1987
71,Bulgaria,1988,108000,USD (1),mar,1988
71,Bulgaria,1989,115285.71428571429,USD (1),mar,1989
71,Bulgaria,1990,122571.42857142857,USD (1),mar,1990
71,Bulgaria,1991,129857.14285714286,USD (1),mar,1991
71,Bulgaria,1992,137142.85714285713,USD (1),mar,1992
71,Bulgaria,1993,144428.57142857142,USD (1),mar,1993
71,Bulgaria,1994,151714.2857142857,USD (1),mar,1994
71,Bulgaria,1995,159000,USD (1),mar,1995
71,Bulgaria,1996,29400,USD (1),mar,1996
71,Bulgaria,1997,46900,USD (1),mar,1997
71,Bulgaria,1998,64400.00000000001,USD (1),mar,1998
71,Bulgaria,1999,70000,USD (1),mar,1999
71,Bulgaria,2000,8000,USD (1),mar,2000
71,Bulgaria,2001,26000,USD (1),mar,2001
71,Bulgaria,2002,44000,USD (1),mar,2002
71,Bulgaria,2003,12000,USD (1),mar,2003
71,Bulgaria,2004,118000,USD (1),mar,2004
71,Bulgaria,2005,171000,USD (1),mar,2005
71,Bulgaria,2006,228000,USD (1),mar,2006
71,Bulgaria,2007,777600,USD (1),mar,2007
71,Bulgaria,2008,1344700,USD (1),mar,2008
71,Bulgaria,2009,1000290,USD (1),mar,2009
71,Bulgaria,2010,798750,USD (1),mar,2010
71,Bulgaria,2011,867370,USD (1),mar,2011
71,Bulgaria,2012,842000,USD (1),mar,2012
71,Bulgaria,2013,2157250,USD (1),mar,2013
71,Bulgaria,2014,2940320,USD (1),mar,2014
71,Bulgaria,2015,3326000,USD (1),mar,2015
71,Bulgaria,2016,3246850,USD (1),mar,2016
71,Bulgaria,2017,2863960,USD (1),mar,2017
71,Bulgaria,2018,2306520,USD (1),mar,2018
71,Bulgaria,2019,2931500,USD (1),mar,2019
71,Bulgaria,2020,2055270,USD (1),mar,2020
71,Bulgaria,2021,2845150,USD (1),mar,2021
71,Bulgaria,2022,2008620,USD (1),mar,2022
24,Cambodia,1984,2860000,USD (1),mar,1984
24,Cambodia,1985,2860000,USD (1),mar,1985
24,Cambodia,1986,2860000,USD (1),mar,1986
24,Cambodia,1987,2860000,USD (1),mar,1987
24,Cambodia,1988,2860000,USD (1),mar,1988
24,Cambodia,1989,2860000,USD (1),mar,1989
24,Cambodia,1990,2860000,USD (1),mar,1990
24,Cambodia,1991,2860000,USD (1),mar,1991
24,Cambodia,1992,2860000,USD (1),mar,1992
24,Cambodia,1993,2860000,USD (1),mar,1993
24,Cambodia,1994,3248000,USD (1),mar,1994
24,Cambodia,1995,4239800,USD (1),mar,1995
24,Cambodia,1996,3480000,USD (1),mar,1996
24,Cambodia,1997,1569400,USD (1),mar,1997
24,Cambodia,1998,2763600,USD (1),mar,1998
24,Cambodia,1999,1196900,USD (1),mar,1999
24,Cambodia,2000,656400,USD (1),mar,2000
24,Cambodia,2001,2273800,USD (1),mar,2001
24,Cambodia,2002,1715700,USD (1),mar,2002
24,Cambodia,2003,3081200,USD (1),mar,2003
24,Cambodia,2004,5495000,USD (1),mar,2004
24,Cambodia,2005,6207000,USD (1),mar,2005
24,Cambodia,2006,3670500,USD (1),mar,2006
24,Cambodia,2007,2027000,USD (1),mar,2007
24,Cambodia,2008,4265000,USD (1),mar,2008
24,Cambodia,2009,4795000,USD (1),mar,2009
24,Cambodia,2010,5560000,USD (1),mar,2010
24,Cambodia,2011,6600000,USD (1),mar,2011
24,Cambodia,2012,7180000,USD (1),mar,2012
24,Cambodia,2013,7900000,USD (1),mar,2013
24,Cambodia,2014,10450000,USD (1),mar,2014
24,Cambodia,2015,8990000,USD (1),mar,2015
24,Cambodia,2016,25741000,USD (1),mar,2016
24,Cambodia,2017,26890000,USD (1),mar,2017
24,Cambodia,2018,31070000,USD (1),mar,2018
24,Cambodia,2019,34524000,USD (1),mar,2019
24,Cambodia,2020,43320000,USD (1),mar,2020
24,Cambodia,2021,37670000,USD (1),mar,2021
24,Cambodia,2022,35810000,USD (1),mar,2022
218,Canada,1984,6422780,USD (1),mar,1984
218,Canada,1985,7525130,USD (1),mar,1985
218,Canada,1986,13019960.000000002,USD (1),mar,1986
218,Canada,1987,28235300,USD (1),mar,1987
218,Canada,1988,62990410,USD (1),mar,1988
218,Canada,1989,88662030,USD (1),mar,1989
218,Canada,1990,129717490,USD (1),mar,1990
218,Canada,1991,160131640,USD (1),mar,1991
218,Canada,1992,168631760,USD (1),mar,1992
218,Canada,1993,167453580.00000003,USD (1),mar,1993
218,Canada,1994,188368680.00000003,USD (1),mar,1994
218,Canada,1995,212530580.00000003,USD (1),mar,1995
218,Canada,1996,209303210,USD (1),mar,1996
218,Canada,1997,214407310,USD (1),mar,1997
218,Canada,1998,238270870,USD (1),mar,1998
218,Canada,1999,312282520,USD (1),mar,1999
218,Canada,2000,346899089.99999994,USD (1),mar,2000
218,Canada,2001,425357020,USD (1),mar,2001
218,Canada,2002,357698769.99999994,USD (1),mar,2002
218,Canada,2003,371200930,USD (1),mar,2003
218,Canada,2004,346889970.00000006,USD (1),mar,2004
218,Canada,2005,504307600.00000006,USD (1),mar,2005
218,Canada,2006,723096030,USD (1),mar,2006
218,Canada,2007,630557760,USD (1),mar,2007
218,Canada,2008,701982500,USD (1),mar,2008
218,Canada,2009,662598890,USD (1),mar,2009
218,Canada,2010,842549240,USD (1),mar,2010
218,Canada,2011,798418130,USD (1),mar,2011
218,Canada,2012,819875470,USD (1),mar,2012
218,Canada,2013,863125500,USD (1),mar,2013
218,Canada,2014,630694150,USD (1),mar,2014
218,Canada,2015,710869890,USD (1),mar,2015
218,Canada,2016,962824780,USD (1),mar,2016
218,Canada,2017,1018153380,USD (1),mar,2017
218,Canada,2018,1042246000,USD (1),mar,2018
218,Canada,2019,875001540,USD (1),mar,2019
218,Canada,2020,728536260,USD (1),mar,2020
218,Canada,2021,1021974500,USD (1),mar,2021
218,Canada,2022,1002584270,USD (1),mar,2022
113,Cayman Islands,1984,240000,USD (1),mar,1984
113,Cayman Islands,1985,240000,USD (1),mar,1985
113,Cayman Islands,1986,240000,USD (1),mar,1986
113,Cayman Islands,1987,240000,USD (1),mar,1987
113,Cayman Islands,1988,240000,USD (1),mar,1988
113,Cayman Islands,1989,240000,USD (1),mar,1989
113,Cayman Islands,1990,240000,USD (1),mar,1990
113,Cayman Islands,1991,240000,USD (1),mar,1991
113,Cayman Islands,1992,240000,USD (1),mar,1992
113,Cayman Islands,1993,240000,USD (1),mar,1993
113,Cayman Islands,1994,240000,USD (1),mar,1994
113,Cayman Islands,1995,240000,USD (1),mar,1995
113,Cayman Islands,1996,240000,USD (1),mar,1996
113,Cayman Islands,1997,240000,USD (1),mar,1997
113,Cayman Islands,1998,240000,USD (1),mar,1998
113,Cayman Islands,1999,240000,USD (1),mar,1999
113,Cayman Islands,2000,240000,USD (1),mar,2000
113,Cayman Islands,2001,240000,USD (1),mar,2001
113,Cayman Islands,2002,240000,USD (1),mar,2002
113,Cayman Islands,2003,240000,USD (1),mar,2003
113,Cayman Islands,2004,240000,USD (1),mar,2004
113,Cayman Islands,2005,240000,USD (1),mar,2005
113,Cayman Islands,2006,240000,USD (1),mar,2006
113,Cayman Islands,2007,240000,USD (1),mar,2007
113,Cayman Islands,2008,240000,USD (1),mar,2008
113,Cayman Islands,2009,240000,USD (1),mar,2009
113,Cayman Islands,2010,240000,USD (1),mar,2010
113,Cayman Islands,2011,240000,USD (1),mar,2011
113,Cayman Islands,2012,240000,USD (1),mar,2012
113,Cayman Islands,2013,240000,USD (1),mar,2013
113,Cayman Islands,2014,240000,USD (1),mar,2014
113,Cayman Islands,2015,240000,USD (1),mar,2015
113,Cayman Islands,2016,240000,USD (1),mar,2016
113,Cayman Islands,2017,240000,USD (1),mar,2017
113,Cayman Islands,2018,240000,USD (1),mar,2018
113,Cayman Islands,2019,2275210,USD (1),mar,2019
113,Cayman Islands,2020,2361610,USD (1),mar,2020
113,Cayman Islands,2021,2448010,USD (1),mar,2021
113,Cayman Islands,2022,2534410,USD (1),mar,2022
224,Chile,1984,4885300,USD (1),mar,1984
224,Chile,1985,8155200,USD (1),mar,1985
224,Chile,1986,16299600,USD (1),mar,1986
224,Chile,1987,24952260,USD (1),mar,1987
224,Chile,1988,54412770,USD (1),mar,1988
224,Chile,1989,73142550,USD (1),mar,1989
224,Chile,1990,158219070,USD (1),mar,1990
224,Chile,1991,209632170,USD (1),mar,1991
224,Chile,1992,281620150,USD (1),mar,1992
224,Chile,1993,361972300,USD (1),mar,1993
224,Chile,1994,472522350,USD (1),mar,1994
224,Chile,1995,575978700,USD (1),mar,1995
224,Chile,1996,823372650,USD (1),mar,1996
224,Chile,1997,937710500,USD (1),mar,1997
224,Chile,1998,990245750,USD (1),mar,1998
224,Chile,1999,914088800,USD (1),mar,1999
224,Chile,2000,1264407200,USD (1),mar,2000
224,Chile,2001,1751826400,USD (1),mar,2001
224,Chile,2002,1678149000,USD (1),mar,2002
224,Chile,2003,2171954900,USD (1),mar,2003
224,Chile,2004,2798430800,USD (1),mar,2004
224,Chile,2005,3192580170,USD (1),mar,2005
224,Chile,2006,4339050660,USD (1),mar,2006
224,Chile,2007,4885079859.999999,USD (1),mar,2007
224,Chile,2008,4521357250,USD (1),mar,2008
224,Chile,2009,4601079200,USD (1),mar,2009
224,Chile,2010,3533108520,USD (1),mar,2010
224,Chile,2011,6035727200,USD (1),mar,2011
224,Chile,2012,5650892229.999999,USD (1),mar,2012
224,Chile,2013,7262246650,USD (1),mar,2013
224,Chile,2014,9803531220,USD (1),mar,2014
224,Chile,2015,6859711000,USD (1),mar,2015
224,Chile,2016,7891942700,USD (1),mar,2016
224,Chile,2017,10373680670,USD (1),mar,2017
224,Chile,2018,10482291030.000002,USD (1),mar,2018
224,Chile,2019,10926764450,USD (1),mar,2019
224,Chile,2020,8431793779.999999,USD (1),mar,2020
224,Chile,2021,9010932209.999998,USD (1),mar,2021
224,Chile,2022,11521089700.000002,USD (1),mar,2022
132,Colombia,1984,428000,USD (1),mar,1984
132,Colombia,1985,648420,USD (1),mar,1985
132,Colombia,1986,1254660,USD (1),mar,1986
132,Colombia,1987,4431889.999999999,USD (1),mar,1987
132,Colombia,1988,12922560,USD (1),mar,1988
132,Colombia,1989,27351600,USD (1),mar,1989
132,Colombia,1990,42900000,USD (1),mar,1990
132,Colombia,1991,42612650,USD (1),mar,1991
132,Colombia,1992,75601250,USD (1),mar,1992
132,Colombia,1993,51845850,USD (1),mar,1993
132,Colombia,1994,56347200,USD (1),mar,1994
132,Colombia,1995,56637000,USD (1),mar,1995
132,Colombia,1996,45344380.00000001,USD (1),mar,1996
132,Colombia,1997,58747000,USD (1),mar,1997
132,Colombia,1998,62005300,USD (1),mar,1998
132,Colombia,1999,75661400,USD (1),mar,1999
132,Colombia,2000,91120000,USD (1),mar,2000
132,Colombia,2001,96000000,USD (1),mar,2001
132,Colombia,2002,112000000,USD (1),mar,2002
132,Colombia,2003,132024000,USD (1),mar,2003
132,Colombia,2004,144320000,USD (1),mar,2004
132,Colombia,2005,152000000,USD (1),mar,2005
132,Colombia,2006,172800000,USD (1),mar,2006
132,Colombia,2007,162400000,USD (1),mar,2007
132,Colombia,2008,147200000,USD (1),mar,2008
132,Colombia,2009,144825000,USD (1),mar,2009
132,Colombia,2010,41647100,USD (1),mar,2010
132,Colombia,2011,31320059.999999996,USD (1),mar,2011
132,Colombia,2012,30211000,USD (1),mar,2012
132,Colombia,2013,15868500,USD (1),mar,2013
132,Colombia,2014,10887000,USD (1),mar,2014
132,Colombia,2015,8699220,USD (1),mar,2015
132,Colombia,2016,10289100,USD (1),mar,2016
132,Colombia,2017,14595600,USD (1),mar,2017
132,Colombia,2018,21911530,USD (1),mar,2018
132,Colombia,2019,20411850,USD (1),mar,2019
132,Colombia,2020,49499240,USD (1),mar,2020
132,Colombia,2021,42318300,USD (1),mar,2021
132,Colombia,2022,66576160,USD (1),mar,2022
153,Cook Islands,1984,1500,USD (1),mar,1984
153,Cook Islands,1985,1500,USD (1),mar,1985
153,Cook Islands,1986,100,USD (1),mar,1986
153,Cook Islands,1987,100,USD (1),mar,1987
153,Cook Islands,1988,100,USD (1),mar,1988
153,Cook Islands,1989,200,USD (1),mar,1989
153,Cook Islands,1990,200,USD (1),mar,1990
153,Cook Islands,1991,200,USD (1),mar,1991
153,Cook Islands,1992,200,USD (1),mar,1992
153,Cook Islands,1993,200,USD (1),mar,1993
153,Cook Islands,1994,200,USD (1),mar,1994
153,Cook Islands,1995,200,USD (1),mar,1995
153,Cook Islands,1996,200,USD (1),mar,1996
153,Cook Islands,1997,200,USD (1),mar,1997
153,Cook Islands,1998,200,USD (1),mar,1998
153,Cook Islands,1999,200,USD (1),mar,1999
153,Cook Islands,2000,200,USD (1),mar,2000
153,Cook Islands,2001,200,USD (1),mar,2001
153,Cook Islands,2002,200,USD (1),mar,2002
153,Cook Islands,2003,200,USD (1),mar,2003
153,Cook Islands,2004,200,USD (1),mar,2004
153,Cook Islands,2005,1178750,USD (1),mar,2005
153,Cook Islands,2006,2239439.9999999995,USD (1),mar,2006
153,Cook Islands,2007,2200160,USD (1),mar,2007
153,Cook Islands,2008,1762648,USD (1),mar,2008
153,Cook Islands,2009,1325136,USD (1),mar,2009
153,Cook Islands,2010,887624,USD (1),mar,2010
153,Cook Islands,2011,450112,USD (1),mar,2011
153,Cook Islands,2012,12600,USD (1),mar,2012
153,Cook Islands,2013,18000,USD (1),mar,2013
153,Cook Islands,2014,18000,USD (1),mar,2014
153,Cook Islands,2015,33380,USD (1),mar,2015
153,Cook Islands,2016,32500,USD (1),mar,2016
153,Cook Islands,2017,22500,USD (1),mar,2017
153,Cook Islands,2018,22500,USD (1),mar,2018
153,Cook Islands,2019,22500,USD (1),mar,2019
153,Cook Islands,2020,22500,USD (1),mar,2020
153,Cook Islands,2021,22500,USD (1),mar,2021
153,Cook Islands,2022,22500,USD (1),mar,2022
130,Costa Rica,1984,6000,USD (1),mar,1984
130,Costa Rica,1985,12000,USD (1),mar,1985
130,Costa Rica,1986,14000,USD (1),mar,1986
130,Costa Rica,1987,500100,USD (1),mar,1987
130,Costa Rica,1988,1600100,USD (1),mar,1988
130,Costa Rica,1989,1760100,USD (1),mar,1989
130,Costa Rica,1990,2550100,USD (1),mar,1990
130,Costa Rica,1991,4462600,USD (1),mar,1991
130,Costa Rica,1992,5525100,USD (1),mar,1992
130,Costa Rica,1993,5950100,USD (1),mar,1993
130,Costa Rica,1994,6720100,USD (1),mar,1994
130,Costa Rica,1995,20408100,USD (1),mar,1995
130,Costa Rica,1996,19200100,USD (1),mar,1996
130,Costa Rica,1997,19200100,USD (1),mar,1997
130,Costa Rica,1998,19958000,USD (1),mar,1998
130,Costa Rica,1999,20952500,USD (1),mar,1999
130,Costa Rica,2000,11475000,USD (1),mar,2000
130,Costa Rica,2001,13500000,USD (1),mar,2001
130,Costa Rica,2002,30727500,USD (1),mar,2002
130,Costa Rica,2003,30306000,USD (1),mar,2003
130,Costa Rica,2004,30456000,USD (1),mar,2004
130,Costa Rica,2005,34288000,USD (1),mar,2005
130,Costa Rica,2006,34360000,USD (1),mar,2006
130,Costa Rica,2007,31651000,USD (1),mar,2007
130,Costa Rica,2008,31666000,USD (1),mar,2008
130,Costa Rica,2009,15682359.999999998,USD (1),mar,2009
130,Costa Rica,2010,15660970,USD (1),mar,2010
130,Costa Rica,2011,15671470,USD (1),mar,2011
130,Costa Rica,2012,16404809.999999998,USD (1),mar,2012
130,Costa Rica,2013,16697779.999999998,USD (1),mar,2013
130,Costa Rica,2014,16589660,USD (1),mar,2014
130,Costa Rica,2015,16321660,USD (1),mar,2015
130,Costa Rica,2016,19016430,USD (1),mar,2016
130,Costa Rica,2017,18429520,USD (1),mar,2017
130,Costa Rica,2018,17260800,USD (1),mar,2018
130,Costa Rica,2019,17415450,USD (1),mar,2019
130,Costa Rica,2020,15561919.999999998,USD (1),mar,2020
130,Costa Rica,2021,25476880,USD (1),mar,2021
130,Costa Rica,2022,18021250,USD (1),mar,2022
187,Croatia,1984,7401600,USD (1),mar,1984
187,Croatia,1985,7401600,USD (1),mar,1985
187,Croatia,1986,7401600,USD (1),mar,1986
187,Croatia,1987,7401600,USD (1),mar,1987
187,Croatia,1988,7401600,USD (1),mar,1988
187,Croatia,1989,7401600,USD (1),mar,1989
187,Croatia,1990,7401600,USD (1),mar,1990
187,Croatia,1991,7401600,USD (1),mar,1991
187,Croatia,1992,7401600,USD (1),mar,1992
187,Croatia,1993,2350700,USD (1),mar,1993
187,Croatia,1994,2834850,USD (1),mar,1994
187,Croatia,1995,3524500,USD (1),mar,1995
187,Croatia,1996,2754500,USD (1),mar,1996
187,Croatia,1997,4231700,USD (1),mar,1997
187,Croatia,1998,15021000,USD (1),mar,1998
187,Croatia,1999,15518800,USD (1),mar,1999
187,Croatia,2000,19249500,USD (1),mar,2000
187,Croatia,2001,22963000,USD (1),mar,2001
187,Croatia,2002,27640000,USD (1),mar,2002
187,Croatia,2003,25786600,USD (1),mar,2003
187,Croatia,2004,52973600,USD (1),mar,2004
187,Croatia,2005,50685800,USD (1),mar,2005
187,Croatia,2006,80225400,USD (1),mar,2006
187,Croatia,2007,63205200,USD (1),mar,2007
187,Croatia,2008,61906200,USD (1),mar,2008
187,Croatia,2009,103813790,USD (1),mar,2009
187,Croatia,2010,81331070,USD (1),mar,2010
187,Croatia,2011,82796010,USD (1),mar,2011
187,Croatia,2012,71958710,USD (1),mar,2012
187,Croatia,2013,96139630,USD (1),mar,2013
187,Croatia,2014,93717890,USD (1),mar,2014
187,Croatia,2015,104733360,USD (1),mar,2015
187,Croatia,2016,111459140,USD (1),mar,2016
187,Croatia,2017,105930210,USD (1),mar,2017
187,Croatia,2018,133782980.00000001,USD (1),mar,2018
187,Croatia,2019,127750590,USD (1),mar,2019
187,Croatia,2020,144463650,USD (1),mar,2020
187,Croatia,2021,181850950,USD (1),mar,2021
187,Croatia,2022,175483780,USD (1),mar,2022
112,Cuba,1984,750000,USD (1),mar,1984
112,Cuba,1985,850500,USD (1),mar,1985
112,Cuba,1986,825000,USD (1),mar,1986
112,Cuba,1987,2013000,USD (1),mar,1987
112,Cuba,1988,2231000,USD (1),mar,1988
112,Cuba,1989,2068000,USD (1),mar,1989
112,Cuba,1990,3316500,USD (1),mar,1990
112,Cuba,1991,3778500,USD (1),mar,1991
112,Cuba,1992,2811200,USD (1),mar,1992
112,Cuba,1993,2409000,USD (1),mar,1993
112,Cuba,1994,3408000,USD (1),mar,1994
112,Cuba,1995,5068550,USD (1),mar,1995
112,Cuba,1996,4604900,USD (1),mar,1996
112,Cuba,1997,6850700,USD (1),mar,1997
112,Cuba,1998,9317480,USD (1),mar,1998
112,Cuba,1999,5580900,USD (1),mar,1999
112,Cuba,2000,10087100,USD (1),mar,2000
112,Cuba,2001,6269700,USD (1),mar,2001
112,Cuba,2002,8235000,USD (1),mar,2002
112,Cuba,2003,6319950,USD (1),mar,2003
112,Cuba,2004,2557500,USD (1),mar,2004
112,Cuba,2005,9306000,USD (1),mar,2005
112,Cuba,2006,16320000,USD (1),mar,2006
112,Cuba,2007,13665000,USD (1),mar,2007
112,Cuba,2008,13800500,USD (1),mar,2008
112,Cuba,2009,13471000,USD (1),mar,2009
112,Cuba,2010,12237500,USD (1),mar,2010
112,Cuba,2011,9419000,USD (1),mar,2011
112,Cuba,2012,12114500,USD (1),mar,2012
112,Cuba,2013,15924350,USD (1),mar,2013
112,Cuba,2014,15533100,USD (1),mar,2014
112,Cuba,2015,17496500,USD (1),mar,2015
112,Cuba,2016,18767000,USD (1),mar,2016
112,Cuba,2017,20797500,USD (1),mar,2017
112,Cuba,2018,23845000,USD (1),mar,2018
112,Cuba,2019,24517000,USD (1),mar,2019
112,Cuba,2020,17684000,USD (1),mar,2020
112,Cuba,2021,17574500,USD (1),mar,2021
112,Cuba,2022,2328500,USD (1),mar,2022
81,Cyprus,1984,28110,USD (1),mar,1984
81,Cyprus,1985,20500,USD (1),mar,1985
81,Cyprus,1986,24190,USD (1),mar,1986
81,Cyprus,1987,30259.999999999996,USD (1),mar,1987
81,Cyprus,1988,84720,USD (1),mar,1988
81,Cyprus,1989,367130,USD (1),mar,1989
81,Cyprus,1990,796310,USD (1),mar,1990
81,Cyprus,1991,975260,USD (1),mar,1991
81,Cyprus,1992,817430.0000000001,USD (1),mar,1992
81,Cyprus,1993,2016230,USD (1),mar,1993
81,Cyprus,1994,2333230,USD (1),mar,1994
81,Cyprus,1995,3427249.9999999995,USD (1),mar,1995
81,Cyprus,1996,6430690.000000001,USD (1),mar,1996
81,Cyprus,1997,7314260,USD (1),mar,1997
81,Cyprus,1998,8281879.999999999,USD (1),mar,1998
81,Cyprus,1999,9105550,USD (1),mar,1999
81,Cyprus,2000,9814230,USD (1),mar,2000
81,Cyprus,2001,8985060,USD (1),mar,2001
81,Cyprus,2002,10051830,USD (1),mar,2002
81,Cyprus,2003,11047190,USD (1),mar,2003
81,Cyprus,2004,34762979.99999999,USD (1),mar,2004
81,Cyprus,2005,36548310.00000001,USD (1),mar,2005
81,Cyprus,2006,31779710,USD (1),mar,2006
81,Cyprus,2007,30833030.000000004,USD (1),mar,2007
81,Cyprus,2008,48164300,USD (1),mar,2008
81,Cyprus,2009,27378480.000000004,USD (1),mar,2009
81,Cyprus,2010,26066940,USD (1),mar,2010
81,Cyprus,2011,37244130.00000001,USD (1),mar,2011
81,Cyprus,2012,29606359.999999996,USD (1),mar,2012
81,Cyprus,2013,38118970,USD (1),mar,2013
81,Cyprus,2014,36367680,USD (1),mar,2014
81,Cyprus,2015,35451159.99999999,USD (1),mar,2015
81,Cyprus,2016,39855450,USD (1),mar,2016
81,Cyprus,2017,41949130,USD (1),mar,2017
81,Cyprus,2018,45578280,USD (1),mar,2018
81,Cyprus,2019,48460480,USD (1),mar,2019
81,Cyprus,2020,41947810,USD (1),mar,2020
81,Cyprus,2021,52725619.99999999,USD (1),mar,2021
81,Cyprus,2022,49630540,USD (1),mar,2022
195,Ivory Coast,1984,2510.0000000000005,USD (1),mar,1984
195,Ivory Coast,1985,84290,USD (1),mar,1985
195,Ivory Coast,1986,489740,USD (1),mar,1986
195,Ivory Coast,1987,476440,USD (1),mar,1987
195,Ivory Coast,1988,242050,USD (1),mar,1988
195,Ivory Coast,1989,184210,USD (1),mar,1989
195,Ivory Coast,1990,94640,USD (1),mar,1990
195,Ivory Coast,1991,551689.9999999999,USD (1),mar,1991
195,Ivory Coast,1992,818190,USD (1),mar,1992
195,Ivory Coast,1993,1129169.9999999998,USD (1),mar,1993
195,Ivory Coast,1994,62970,USD (1),mar,1994
195,Ivory Coast,1995,606470,USD (1),mar,1995
195,Ivory Coast,1996,78330,USD (1),mar,1996
195,Ivory Coast,1997,410860,USD (1),mar,1997
195,Ivory Coast,1998,720500,USD (1),mar,1998
195,Ivory Coast,1999,832000,USD (1),mar,1999
195,Ivory Coast,2000,862260,USD (1),mar,2000
195,Ivory Coast,2001,882840,USD (1),mar,2001
195,Ivory Coast,2002,883340,USD (1),mar,2002
195,Ivory Coast,2003,1158080,USD (1),mar,2003
195,Ivory Coast,2004,1279270,USD (1),mar,2004
195,Ivory Coast,2005,1279270,USD (1),mar,2005
195,Ivory Coast,2006,1005620,USD (1),mar,2006
195,Ivory Coast,2007,459690,USD (1),mar,2007
195,Ivory Coast,2008,493590.00000000006,USD (1),mar,2008
195,Ivory Coast,2009,466400.00000000006,USD (1),mar,2009
195,Ivory Coast,2010,641680,USD (1),mar,2010
195,Ivory Coast,2011,2239800,USD (1),mar,2011
195,Ivory Coast,2012,2531060,USD (1),mar,2012
195,Ivory Coast,2013,2616430,USD (1),mar,2013
195,Ivory Coast,2014,2617170,USD (1),mar,2014
195,Ivory Coast,2015,2217480,USD (1),mar,2015
195,Ivory Coast,2016,2642560,USD (1),mar,2016
195,Ivory Coast,2017,2652170,USD (1),mar,2017
195,Ivory Coast,2018,2772540,USD (1),mar,2018
195,Ivory Coast,2019,2628380,USD (1),mar,2019
195,Ivory Coast,2020,2675540,USD (1),mar,2020
195,Ivory Coast,2021,2777120,USD (1),mar,2021
195,Ivory Coast,2022,2565090,USD (1),mar,2022
21,North Korea,1984,276400000,USD (1),mar,1984
21,North Korea,1985,296400000,USD (1),mar,1985
21,North Korea,1986,340400000,USD (1),mar,1986
21,North Korea,1987,430000000,USD (1),mar,1987
21,North Korea,1988,438500000,USD (1),mar,1988
21,North Korea,1989,481700000,USD (1),mar,1989
21,North Korea,1990,405150000,USD (1),mar,1990
21,North Korea,1991,472650000,USD (1),mar,1991
21,North Korea,1992,548050000,USD (1),mar,1992
21,North Korea,1993,563050000,USD (1),mar,1993
21,North Korea,1994,441721450,USD (1),mar,1994
21,North Korea,1995,399904350,USD (1),mar,1995
21,North Korea,1996,425281550,USD (1),mar,1996
21,North Korea,1997,289096100.00000006,USD (1),mar,1997
21,North Korea,1998,284450000,USD (1),mar,1998
21,North Korea,1999,284450000,USD (1),mar,1999
21,North Korea,2000,261400000,USD (1),mar,2000
21,North Korea,2001,283362250,USD (1),mar,2001
21,North Korea,2002,283362250,USD (1),mar,2002
21,North Korea,2003,283362250,USD (1),mar,2003
21,North Korea,2004,283462250,USD (1),mar,2004
21,North Korea,2005,283862250,USD (1),mar,2005
21,North Korea,2006,283865000,USD (1),mar,2006
21,North Korea,2007,284365000,USD (1),mar,2007
21,North Korea,2008,106745000,USD (1),mar,2008
21,North Korea,2009,106925000,USD (1),mar,2009
21,North Korea,2010,107125000,USD (1),mar,2010
21,North Korea,2011,107165000,USD (1),mar,2011
21,North Korea,2012,107185000,USD (1),mar,2012
21,North Korea,2013,107475000,USD (1),mar,2013
21,North Korea,2014,116195000,USD (1),mar,2014
21,North Korea,2015,116195000,USD (1),mar,2015
21,North Korea,2016,123895000,USD (1),mar,2016
21,North Korea,2017,125560000,USD (1),mar,2017
21,North Korea,2018,133440000,USD (1),mar,2018
21,North Korea,2019,133440000,USD (1),mar,2019
21,North Korea,2020,133440000,USD (1),mar,2020
21,North Korea,2021,133440000,USD (1),mar,2021
21,North Korea,2022,133440000,USD (1),mar,2022
175,Denmark,1984,6912950,USD (1),mar,1984
175,Denmark,1985,6146020,USD (1),mar,1985
175,Denmark,1986,11570430,USD (1),mar,1986
175,Denmark,1987,10978800,USD (1),mar,1987
175,Denmark,1988,18220460,USD (1),mar,1988
175,Denmark,1989,23863830,USD (1),mar,1989
175,Denmark,1990,23140000,USD (1),mar,1990
175,Denmark,1991,18701920,USD (1),mar,1991
175,Denmark,1992,21073800,USD (1),mar,1992
175,Denmark,1993,23556000,USD (1),mar,1993
175,Denmark,1994,20718650,USD (1),mar,1994
175,Denmark,1995,22778800,USD (1),mar,1995
175,Denmark,1996,24966400,USD (1),mar,1996
175,Denmark,1997,19311600,USD (1),mar,1997
175,Denmark,1998,21279000,USD (1),mar,1998
175,Denmark,1999,21171000,USD (1),mar,1999
175,Denmark,2000,21804000,USD (1),mar,2000
175,Denmark,2001,19324200,USD (1),mar,2001
175,Denmark,2002,11842700,USD (1),mar,2002
175,Denmark,2003,20738780,USD (1),mar,2003
175,Denmark,2004,26574100,USD (1),mar,2004
175,Denmark,2005,32855570,USD (1),mar,2005
175,Denmark,2006,35615600,USD (1),mar,2006
175,Denmark,2007,31478710,USD (1),mar,2007
175,Denmark,2008,47862640,USD (1),mar,2008
175,Denmark,2009,46207330,USD (1),mar,2009
175,Denmark,2010,48086440,USD (1),mar,2010
175,Denmark,2011,52504120,USD (1),mar,2011
175,Denmark,2012,47408960,USD (1),mar,2012
175,Denmark,2013,55380750,USD (1),mar,2013
175,Denmark,2014,45056009.99999999,USD (1),mar,2014
175,Denmark,2015,51211770,USD (1),mar,2015
175,Denmark,2016,48215780,USD (1),mar,2016
175,Denmark,2017,54679310,USD (1),mar,2017
175,Denmark,2018,45297980,USD (1),mar,2018
175,Denmark,2019,47919820,USD (1),mar,2019
175,Denmark,2020,7826110,USD (1),mar,2020
175,Denmark,2021,62798660,USD (1),mar,2021
175,Denmark,2022,63121009.99999999,USD (1),mar,2022
115,Dominican Republic,1984,100,USD (1),mar,1984
115,Dominican Republic,1985,763840,USD (1),mar,1985
115,Dominican Republic,1986,1980000,USD (1),mar,1986
115,Dominican Republic,1987,2400000,USD (1),mar,1987
115,Dominican Republic,1988,2835470,USD (1),mar,1988
115,Dominican Republic,1989,2040000,USD (1),mar,1989
115,Dominican Republic,1990,1350000,USD (1),mar,1990
115,Dominican Republic,1991,608620,USD (1),mar,1991
115,Dominican Republic,1992,1799850,USD (1),mar,1992
115,Dominican Republic,1993,2439500,USD (1),mar,1993
115,Dominican Republic,1994,2607510,USD (1),mar,1994
115,Dominican Republic,1995,1612670,USD (1),mar,1995
115,Dominican Republic,1996,1247100,USD (1),mar,1996
115,Dominican Republic,1997,580100,USD (1),mar,1997
115,Dominican Republic,1998,1959733.3333333333,USD (1),mar,1998
115,Dominican Republic,1999,3339366.6666666665,USD (1),mar,1999
115,Dominican Republic,2000,4719000,USD (1),mar,2000
115,Dominican Republic,2001,5775000,USD (1),mar,2001
115,Dominican Republic,2002,9781120,USD (1),mar,2002
115,Dominican Republic,2003,5055000,USD (1),mar,2003
115,Dominican Republic,2004,5756000,USD (1),mar,2004
115,Dominican Republic,2005,5946000,USD (1),mar,2005
115,Dominican Republic,2006,5950100,USD (1),mar,2006
115,Dominican Republic,2007,6550000,USD (1),mar,2007
115,Dominican Republic,2008,6550000,USD (1),mar,2008
115,Dominican Republic,2009,8026780.000000001,USD (1),mar,2009
115,Dominican Republic,2010,7986870,USD (1),mar,2010
115,Dominican Republic,2011,5841800,USD (1),mar,2011
115,Dominican Republic,2012,2095610.0000000002,USD (1),mar,2012
115,Dominican Republic,2013,3355710,USD (1),mar,2013
115,Dominican Republic,2014,4827820,USD (1),mar,2014
115,Dominican Republic,2015,4667500,USD (1),mar,2015
115,Dominican Republic,2016,2838420,USD (1),mar,2016
115,Dominican Republic,2017,3292359.9999999995,USD (1),mar,2017
115,Dominican Republic,2018,3682089.9999999995,USD (1),mar,2018
115,Dominican Republic,2019,3645590,USD (1),mar,2019
115,Dominican Republic,2020,3367120,USD (1),mar,2020
115,Dominican Republic,2021,3397529.9999999995,USD (1),mar,2021
115,Dominican Republic,2022,3168430,USD (1),mar,2022
137,Ecuador,1984,235200000,USD (1),mar,1984
137,Ecuador,1985,211435000,USD (1),mar,1985
137,Ecuador,1986,305396000,USD (1),mar,1986
137,Ecuador,1987,506622089.99999994,USD (1),mar,1987
137,Ecuador,1988,574733250,USD (1),mar,1988
137,Ecuador,1989,453964200,USD (1),mar,1989
137,Ecuador,1990,311050089.99999994,USD (1),mar,1990
137,Ecuador,1991,505142500,USD (1),mar,1991
137,Ecuador,1992,605489060,USD (1),mar,1992
137,Ecuador,1993,510746980,USD (1),mar,1993
137,Ecuador,1994,535205190.00000006,USD (1),mar,1994
137,Ecuador,1995,633582100,USD (1),mar,1995
137,Ecuador,1996,647520100,USD (1),mar,1996
137,Ecuador,1997,676815100,USD (1),mar,1997
137,Ecuador,1998,727200100,USD (1),mar,1998
137,Ecuador,1999,597095250,USD (1),mar,1999
137,Ecuador,2000,313918100,USD (1),mar,2000
137,Ecuador,2001,262237599.99999997,USD (1),mar,2001
137,Ecuador,2002,363058000,USD (1),mar,2002
137,Ecuador,2003,387000000,USD (1),mar,2003
137,Ecuador,2004,430080000,USD (1),mar,2004
137,Ecuador,2005,568800000,USD (1),mar,2005
137,Ecuador,2006,716160000,USD (1),mar,2006
137,Ecuador,2007,720000000,USD (1),mar,2007
137,Ecuador,2008,720000000,USD (1),mar,2008
137,Ecuador,2009,877590000,USD (1),mar,2009
137,Ecuador,2010,1105415730,USD (1),mar,2010
137,Ecuador,2011,1287000000,USD (1),mar,2011
137,Ecuador,2012,1391445000,USD (1),mar,2012
137,Ecuador,2013,1672000000,USD (1),mar,2013
137,Ecuador,2014,1870044000,USD (1),mar,2014
137,Ecuador,2015,2216998780,USD (1),mar,2015
137,Ecuador,2016,2197430310,USD (1),mar,2016
137,Ecuador,2017,2392629000,USD (1),mar,2017
137,Ecuador,2018,2912384000,USD (1),mar,2018
137,Ecuador,2019,2543655400,USD (1),mar,2019
137,Ecuador,2020,3234247250,USD (1),mar,2020
137,Ecuador,2021,3205918360,USD (1),mar,2021
137,Ecuador,2022,4049107500,USD (1),mar,2022
214,Egypt,1984,8200000,USD (1),mar,1984
214,Egypt,1985,17750000,USD (1),mar,1985
214,Egypt,1986,16500000,USD (1),mar,1986
214,Egypt,1987,30780000,USD (1),mar,1987
214,Egypt,1988,42160000,USD (1),mar,1988
214,Egypt,1989,58600000,USD (1),mar,1989
214,Egypt,1990,72520000,USD (1),mar,1990
214,Egypt,1991,76984400,USD (1),mar,1991
214,Egypt,1992,77664400,USD (1),mar,1992
214,Egypt,1993,64720500,USD (1),mar,1993
214,Egypt,1994,75657600,USD (1),mar,1994
214,Egypt,1995,89560540.00000001,USD (1),mar,1995
214,Egypt,1996,130656840,USD (1),mar,1996
214,Egypt,1997,169535100,USD (1),mar,1997
214,Egypt,1998,302701520,USD (1),mar,1998
214,Egypt,1999,392071890,USD (1),mar,1999
214,Egypt,2000,756994980,USD (1),mar,2000
214,Egypt,2001,689025669.9999999,USD (1),mar,2001
214,Egypt,2002,592387960,USD (1),mar,2002
214,Egypt,2003,561656550,USD (1),mar,2003
214,Egypt,2004,546985520,USD (1),mar,2004
214,Egypt,2005,752377309.9999999,USD (1),mar,2005
214,Egypt,2006,818713510,USD (1),mar,2006
214,Egypt,2007,1061227290,USD (1),mar,2007
214,Egypt,2008,1035863289.9999999,USD (1),mar,2008
214,Egypt,2009,1118560570,USD (1),mar,2009
214,Egypt,2010,207903430,USD (1),mar,2010
214,Egypt,2011,211545140,USD (1),mar,2011
214,Egypt,2012,197542380,USD (1),mar,2012
214,Egypt,2013,190861440,USD (1),mar,2013
214,Egypt,2014,282598730,USD (1),mar,2014
214,Egypt,2015,242389220,USD (1),mar,2015
214,Egypt,2016,350433300,USD (1),mar,2016
214,Egypt,2017,321933470,USD (1),mar,2017
214,Egypt,2018,305912820,USD (1),mar,2018
214,Egypt,2019,422336370,USD (1),mar,2019
214,Egypt,2020,654985780,USD (1),mar,2020
214,Egypt,2021,780836690.0000001,USD (1),mar,2021
214,Egypt,2022,738942130,USD (1),mar,2022
134,El Salvador,1984,1693920,USD (1),mar,1984
134,El Salvador,1985,1693920,USD (1),mar,1985
134,El Salvador,1986,1725420,USD (1),mar,1986
134,El Salvador,1987,3474400,USD (1),mar,1987
134,El Salvador,1988,2625600,USD (1),mar,1988
134,El Salvador,1989,1649230,USD (1),mar,1989
134,El Salvador,1990,1185800,USD (1),mar,1990
134,El Salvador,1991,790500,USD (1),mar,1991
134,El Salvador,1992,982719.9999999999,USD (1),mar,1992
134,El Salvador,1993,832500,USD (1),mar,1993
134,El Salvador,1994,3655250,USD (1),mar,1994
134,El Salvador,1995,878750,USD (1),mar,1995
134,El Salvador,1996,740810.0000000001,USD (1),mar,1996
134,El Salvador,1997,864370,USD (1),mar,1997
134,El Salvador,1998,281560,USD (1),mar,1998
134,El Salvador,1999,483960.00000000006,USD (1),mar,1999
134,El Salvador,2000,817840,USD (1),mar,2000
134,El Salvador,2001,1156530,USD (1),mar,2001
134,El Salvador,2002,1188360,USD (1),mar,2002
134,El Salvador,2003,1898470,USD (1),mar,2003
134,El Salvador,2004,1176690,USD (1),mar,2004
134,El Salvador,2005,740600,USD (1),mar,2005
134,El Salvador,2006,1293600,USD (1),mar,2006
134,El Salvador,2007,555370,USD (1),mar,2007
134,El Salvador,2008,703000,USD (1),mar,2008
134,El Salvador,2009,1262820,USD (1),mar,2009
134,El Salvador,2010,1379130,USD (1),mar,2010
134,El Salvador,2011,2694780,USD (1),mar,2011
134,El Salvador,2012,4214500,USD (1),mar,2012
134,El Salvador,2013,3083660,USD (1),mar,2013
134,El Salvador,2014,3246020,USD (1),mar,2014
134,El Salvador,2015,2202500,USD (1),mar,2015
134,El Salvador,2016,5074020,USD (1),mar,2016
134,El Salvador,2017,7941360,USD (1),mar,2017
134,El Salvador,2018,6836670,USD (1),mar,2018
134,El Salvador,2019,7145280,USD (1),mar,2019
134,El Salvador,2020,5028000,USD (1),mar,2020
134,El Salvador,2021,5583780,USD (1),mar,2021
134,El Salvador,2022,5697000,USD (1),mar,2022
45,Eritrea,1984,27500,USD (1),mar,1984
45,Eritrea,1985,27500,USD (1),mar,1985
45,Eritrea,1986,27500,USD (1),mar,1986
45,Eritrea,1987,27500,USD (1),mar,1987
45,Eritrea,1988,27500,USD (1),mar,1988
45,Eritrea,1989,27500,USD (1),mar,1989
45,Eritrea,1990,27500,USD (1),mar,1990
45,Eritrea,1991,27500,USD (1),mar,1991
45,Eritrea,1992,27500,USD (1),mar,1992
45,Eritrea,1993,27500,USD (1),mar,1993
45,Eritrea,1994,27500,USD (1),mar,1994
45,Eritrea,1995,27500,USD (1),mar,1995
45,Eritrea,1996,27500,USD (1),mar,1996
45,Eritrea,1997,27500,USD (1),mar,1997
45,Eritrea,1998,27500,USD (1),mar,1998
45,Eritrea,1999,27500,USD (1),mar,1999
45,Eritrea,2000,27500,USD (1),mar,2000
45,Eritrea,2001,65000,USD (1),mar,2001
45,Eritrea,2002,80000,USD (1),mar,2002
45,Eritrea,2003,105000,USD (1),mar,2003
45,Eritrea,2004,27500,USD (1),mar,2004
45,Eritrea,2005,25958.333333333332,USD (1),mar,2005
45,Eritrea,2006,24416.666666666668,USD (1),mar,2006
45,Eritrea,2007,22875,USD (1),mar,2007
45,Eritrea,2008,21333.333333333336,USD (1),mar,2008
45,Eritrea,2009,19791.666666666664,USD (1),mar,2009
45,Eritrea,2010,18250,USD (1),mar,2010
45,Eritrea,2011,16708.333333333332,USD (1),mar,2011
45,Eritrea,2012,15166.666666666668,USD (1),mar,2012
45,Eritrea,2013,13625,USD (1),mar,2013
45,Eritrea,2014,12083.333333333332,USD (1),mar,2014
45,Eritrea,2015,10541.666666666668,USD (1),mar,2015
45,Eritrea,2016,9000,USD (1),mar,2016
45,Eritrea,2017,9000,USD (1),mar,2017
45,Eritrea,2018,9000,USD (1),mar,2018
45,Eritrea,2019,12000,USD (1),mar,2019
45,Eritrea,2020,12000,USD (1),mar,2020
45,Eritrea,2021,12000,USD (1),mar,2021
45,Eritrea,2022,12000,USD (1),mar,2022
141,Faeroe Islands,1984,2772960,USD (1),mar,1984
141,Faeroe Islands,1985,9616870,USD (1),mar,1985
141,Faeroe Islands,1986,12348410,USD (1),mar,1986
141,Faeroe Islands,1987,30729800,USD (1),mar,1987
141,Faeroe Islands,1988,25980000,USD (1),mar,1988
141,Faeroe Islands,1989,44209490,USD (1),mar,1989
141,Faeroe Islands,1990,80389940,USD (1),mar,1990
141,Faeroe Islands,1991,85968090,USD (1),mar,1991
141,Faeroe Islands,1992,85941000,USD (1),mar,1992
141,Faeroe Islands,1993,75018940,USD (1),mar,1993
141,Faeroe Islands,1994,63809719.99999999,USD (1),mar,1994
141,Faeroe Islands,1995,41571500,USD (1),mar,1995
141,Faeroe Islands,1996,65848310,USD (1),mar,1996
141,Faeroe Islands,1997,73243870,USD (1),mar,1997
141,Faeroe Islands,1998,64879600.00000001,USD (1),mar,1998
141,Faeroe Islands,1999,146925580.00000003,USD (1),mar,1999
141,Faeroe Islands,2000,123013140.00000001,USD (1),mar,2000
141,Faeroe Islands,2001,120107540.00000001,USD (1),mar,2001
141,Faeroe Islands,2002,136127190,USD (1),mar,2002
141,Faeroe Islands,2003,162575590.00000003,USD (1),mar,2003
141,Faeroe Islands,2004,140363120,USD (1),mar,2004
141,Faeroe Islands,2005,85040299.99999999,USD (1),mar,2005
141,Faeroe Islands,2006,92877950.00000001,USD (1),mar,2006
141,Faeroe Islands,2007,136871780,USD (1),mar,2007
141,Faeroe Islands,2008,220465510,USD (1),mar,2008
141,Faeroe Islands,2009,297615270,USD (1),mar,2009
141,Faeroe Islands,2010,309890620,USD (1),mar,2010
141,Faeroe Islands,2011,413612940,USD (1),mar,2011
141,Faeroe Islands,2012,485358990,USD (1),mar,2012
141,Faeroe Islands,2013,496273580,USD (1),mar,2013
141,Faeroe Islands,2014,565632020,USD (1),mar,2014
141,Faeroe Islands,2015,439992120,USD (1),mar,2015
141,Faeroe Islands,2016,454515000,USD (1),mar,2016
141,Faeroe Islands,2017,526099970,USD (1),mar,2017
141,Faeroe Islands,2018,500114910.00000006,USD (1),mar,2018
141,Faeroe Islands,2019,570108010,USD (1),mar,2019
141,Faeroe Islands,2020,544294120,USD (1),mar,2020
141,Faeroe Islands,2021,736266380,USD (1),mar,2021
141,Faeroe Islands,2022,614504200,USD (1),mar,2022
18,Fiji,1984,29700,USD (1),mar,1984
18,Fiji,1985,54200,USD (1),mar,1985
18,Fiji,1986,729500,USD (1),mar,1986
18,Fiji,1987,1129490,USD (1),mar,1987
18,Fiji,1988,1159100,USD (1),mar,1988
18,Fiji,1989,606900,USD (1),mar,1989
18,Fiji,1990,681900,USD (1),mar,1990
18,Fiji,1991,343150,USD (1),mar,1991
18,Fiji,1992,329400,USD (1),mar,1992
18,Fiji,1993,361490,USD (1),mar,1993
18,Fiji,1994,270400,USD (1),mar,1994
18,Fiji,1995,353400,USD (1),mar,1995
18,Fiji,1996,380400,USD (1),mar,1996
18,Fiji,1997,710200,USD (1),mar,1997
18,Fiji,1998,509700,USD (1),mar,1998
18,Fiji,1999,1488100.0000000002,USD (1),mar,1999
18,Fiji,2000,1439900,USD (1),mar,2000
18,Fiji,2001,1256310,USD (1),mar,2001
18,Fiji,2002,94100,USD (1),mar,2002
18,Fiji,2003,23950,USD (1),mar,2003
18,Fiji,2004,323090.00000000006,USD (1),mar,2004
18,Fiji,2005,323130,USD (1),mar,2005
18,Fiji,2006,440990,USD (1),mar,2006
18,Fiji,2007,213490,USD (1),mar,2007
18,Fiji,2008,254430,USD (1),mar,2008
18,Fiji,2009,184860,USD (1),mar,2009
18,Fiji,2010,63820,USD (1),mar,2010
18,Fiji,2011,178500,USD (1),mar,2011
18,Fiji,2012,81260,USD (1),mar,2012
18,Fiji,2013,53010.00000000001,USD (1),mar,2013
18,Fiji,2014,375630,USD (1),mar,2014
18,Fiji,2015,271960.00000000006,USD (1),mar,2015
18,Fiji,2016,140190,USD (1),mar,2016
18,Fiji,2017,219950,USD (1),mar,2017
18,Fiji,2018,230019.99999999997,USD (1),mar,2018
18,Fiji,2019,223460,USD (1),mar,2019
18,Fiji,2020,270650,USD (1),mar,2020
18,Fiji,2021,274400,USD (1),mar,2021
18,Fiji,2022,448810,USD (1),mar,2022
174,Finland,1984,24894860,USD (1),mar,1984
174,Finland,1985,30625320,USD (1),mar,1985
174,Finland,1986,32977960,USD (1),mar,1986
174,Finland,1987,46106770.00000001,USD (1),mar,1987
174,Finland,1988,67708990,USD (1),mar,1988
174,Finland,1989,66111700.000000015,USD (1),mar,1989
174,Finland,1990,66082369.99999999,USD (1),mar,1990
174,Finland,1991,75411360,USD (1),mar,1991
174,Finland,1992,68390820,USD (1),mar,1992
174,Finland,1993,51349760,USD (1),mar,1993
174,Finland,1994,56333439.99999999,USD (1),mar,1994
174,Finland,1995,55830730,USD (1),mar,1995
174,Finland,1996,48502170,USD (1),mar,1996
174,Finland,1997,37943900,USD (1),mar,1997
174,Finland,1998,41379800,USD (1),mar,1998
174,Finland,1999,38671860,USD (1),mar,1999
174,Finland,2000,49952350,USD (1),mar,2000
174,Finland,2001,33277059.999999996,USD (1),mar,2001
174,Finland,2002,29864530,USD (1),mar,2002
174,Finland,2003,36202810,USD (1),mar,2003
174,Finland,2004,43284100,USD (1),mar,2004
174,Finland,2005,42803910,USD (1),mar,2005
174,Finland,2006,43721480,USD (1),mar,2006
174,Finland,2007,43759770.00000001,USD (1),mar,2007
174,Finland,2008,45396929.99999999,USD (1),mar,2008
174,Finland,2009,45004470,USD (1),mar,2009
174,Finland,2010,45579509.99999999,USD (1),mar,2010
174,Finland,2011,48836090.00000001,USD (1),mar,2011
174,Finland,2012,40223750,USD (1),mar,2012
174,Finland,2013,53992230,USD (1),mar,2013
174,Finland,2014,55523229.99999999,USD (1),mar,2014
174,Finland,2015,44576290,USD (1),mar,2015
174,Finland,2016,57126810,USD (1),mar,2016
174,Finland,2017,68239470,USD (1),mar,2017
174,Finland,2018,63099450.00000001,USD (1),mar,2018
174,Finland,2019,56780660,USD (1),mar,2019
174,Finland,2020,51249000,USD (1),mar,2020
174,Finland,2021,61292080,USD (1),mar,2021
174,Finland,2022,77901720,USD (1),mar,2022
179,France,1984,149363660,USD (1),mar,1984
179,France,1985,173482580,USD (1),mar,1985
179,France,1986,325123810,USD (1),mar,1986
179,France,1987,362376570,USD (1),mar,1987
179,France,1988,347296380,USD (1),mar,1988
179,France,1989,327950440,USD (1),mar,1989
179,France,1990,375259460,USD (1),mar,1990
179,France,1991,350626930,USD (1),mar,1991
179,France,1992,402466690,USD (1),mar,1992
179,France,1993,408759860,USD (1),mar,1993
179,France,1994,466401020,USD (1),mar,1994
179,France,1995,508488190,USD (1),mar,1995
179,France,1996,405311440,USD (1),mar,1996
179,France,1997,397811470.00000006,USD (1),mar,1997
179,France,1998,383432500,USD (1),mar,1998
179,France,1999,380946470,USD (1),mar,1999
179,France,2000,329024250,USD (1),mar,2000
179,France,2001,342760700,USD (1),mar,2001
179,France,2002,387495460,USD (1),mar,2002
179,France,2003,453596400,USD (1),mar,2003
179,France,2004,535239159.99999994,USD (1),mar,2004
179,France,2005,554891300,USD (1),mar,2005
179,France,2006,541583800,USD (1),mar,2006
179,France,2007,607293430,USD (1),mar,2007
179,France,2008,815266230,USD (1),mar,2008
179,France,2009,779100690.0000001,USD (1),mar,2009
179,France,2010,703790560,USD (1),mar,2010
179,France,2011,785712270,USD (1),mar,2011
179,France,2012,750109309.9999999,USD (1),mar,2012
179,France,2013,759074910,USD (1),mar,2013
179,France,2014,663807570.0000001,USD (1),mar,2014
179,France,2015,561191650,USD (1),mar,2015
179,France,2016,635523160,USD (1),mar,2016
179,France,2017,691577810,USD (1),mar,2017
179,France,2018,634607559.9999999,USD (1),mar,2018
179,France,2019,674617870,USD (1),mar,2019
179,France,2020,638550450,USD (1),mar,2020
179,France,2021,724425860,USD (1),mar,2021
179,France,2022,684322160,USD (1),mar,2022
147,French Polynesia,1984,19500,USD (1),mar,1984
147,French Polynesia,1985,9045770,USD (1),mar,1985
147,French Polynesia,1986,8888490,USD (1),mar,1986
147,French Polynesia,1987,81800,USD (1),mar,1987
147,French Polynesia,1988,206390,USD (1),mar,1988
147,French Polynesia,1989,363500,USD (1),mar,1989
147,French Polynesia,1990,384500,USD (1),mar,1990
147,French Polynesia,1991,376000,USD (1),mar,1991
147,French Polynesia,1992,440100,USD (1),mar,1992
147,French Polynesia,1993,84750069.99999999,USD (1),mar,1993
147,French Polynesia,1994,121597020,USD (1),mar,1994
147,French Polynesia,1995,109117180,USD (1),mar,1995
147,French Polynesia,1996,158891689.99999997,USD (1),mar,1996
147,French Polynesia,1997,147232070,USD (1),mar,1997
147,French Polynesia,1998,138685320,USD (1),mar,1998
147,French Polynesia,1999,154205910,USD (1),mar,1999
147,French Polynesia,2000,150302350,USD (1),mar,2000
147,French Polynesia,2001,113841250,USD (1),mar,2001
147,French Polynesia,2002,123617670.00000001,USD (1),mar,2002
147,French Polynesia,2003,102203260,USD (1),mar,2003
147,French Polynesia,2004,116482110,USD (1),mar,2004
147,French Polynesia,2005,139592110.00000003,USD (1),mar,2005
147,French Polynesia,2006,131482290.00000001,USD (1),mar,2006
147,French Polynesia,2007,143902510,USD (1),mar,2007
147,French Polynesia,2008,124049650,USD (1),mar,2008
147,French Polynesia,2009,95401640,USD (1),mar,2009
147,French Polynesia,2010,86782939.99999999,USD (1),mar,2010
147,French Polynesia,2011,90217000,USD (1),mar,2011
147,French Polynesia,2012,80773630,USD (1),mar,2012
147,French Polynesia,2013,91142260,USD (1),mar,2013
147,French Polynesia,2014,101355690,USD (1),mar,2014
147,French Polynesia,2015,73809530,USD (1),mar,2015
147,French Polynesia,2016,64645170.00000001,USD (1),mar,2016
147,French Polynesia,2017,82586680.00000001,USD (1),mar,2017
147,French Polynesia,2018,80330990,USD (1),mar,2018
147,French Polynesia,2019,51463460,USD (1),mar,2019
147,French Polynesia,2020,27870980,USD (1),mar,2020
147,French Polynesia,2021,54117780,USD (1),mar,2021
147,French Polynesia,2022,58837780,USD (1),mar,2022
65,Gambia,1984,318000,USD (1),mar,1984
65,Gambia,1985,318000,USD (1),mar,1985
65,Gambia,1986,318000,USD (1),mar,1986
65,Gambia,1987,318000,USD (1),mar,1987
65,Gambia,1988,318000,USD (1),mar,1988
65,Gambia,1989,318000,USD (1),mar,1989
65,Gambia,1990,468000,USD (1),mar,1990
65,Gambia,1991,455000,USD (1),mar,1991
65,Gambia,1992,442000,USD (1),mar,1992
65,Gambia,1993,429000,USD (1),mar,1993
65,Gambia,1994,416000,USD (1),mar,1994
65,Gambia,1995,403000,USD (1),mar,1995
65,Gambia,1996,390000,USD (1),mar,1996
65,Gambia,1997,377000,USD (1),mar,1997
65,Gambia,1998,364000,USD (1),mar,1998
65,Gambia,1999,351000,USD (1),mar,1999
65,Gambia,2000,338000,USD (1),mar,2000
65,Gambia,2001,325000,USD (1),mar,2001
65,Gambia,2002,312000,USD (1),mar,2002
65,Gambia,2003,299000,USD (1),mar,2003
65,Gambia,2004,286000,USD (1),mar,2004
65,Gambia,2005,273000,USD (1),mar,2005
65,Gambia,2006,260000,USD (1),mar,2006
65,Gambia,2007,10000,USD (1),mar,2007
65,Gambia,2008,10000,USD (1),mar,2008
65,Gambia,2009,10000,USD (1),mar,2009
65,Gambia,2010,10000,USD (1),mar,2010
65,Gambia,2011,10000,USD (1),mar,2011
65,Gambia,2012,10000,USD (1),mar,2012
65,Gambia,2013,10000,USD (1),mar,2013
65,Gambia,2014,10000,USD (1),mar,2014
65,Gambia,2015,10000,USD (1),mar,2015
65,Gambia,2016,10000,USD (1),mar,2016
65,Gambia,2017,10000,USD (1),mar,2017
65,Gambia,2018,10000,USD (1),mar,2018
65,Gambia,2019,10000,USD (1),mar,2019
65,Gambia,2020,10000,USD (1),mar,2020
65,Gambia,2021,10000,USD (1),mar,2021
65,Gambia,2022,12500,USD (1),mar,2022
74,Georgia,1984,90620,USD (1),mar,1984
74,Georgia,1985,90620,USD (1),mar,1985
74,Georgia,1986,90620,USD (1),mar,1986
74,Georgia,1987,90620,USD (1),mar,1987
74,Georgia,1988,90620,USD (1),mar,1988
74,Georgia,1989,90620,USD (1),mar,1989
74,Georgia,1990,90620,USD (1),mar,1990
74,Georgia,1991,90620,USD (1),mar,1991
74,Georgia,1992,90620,USD (1),mar,1992
74,Georgia,1993,90620,USD (1),mar,1993
74,Georgia,1994,90620,USD (1),mar,1994
74,Georgia,1995,90620,USD (1),mar,1995
74,Georgia,1996,90620,USD (1),mar,1996
74,Georgia,1997,90620,USD (1),mar,1997
74,Georgia,1998,90620,USD (1),mar,1998
74,Georgia,1999,90620,USD (1),mar,1999
74,Georgia,2000,90620,USD (1),mar,2000
74,Georgia,2001,90620,USD (1),mar,2001
74,Georgia,2002,90620,USD (1),mar,2002
74,Georgia,2003,90620,USD (1),mar,2003
74,Georgia,2004,90620,USD (1),mar,2004
74,Georgia,2005,90620,USD (1),mar,2005
74,Georgia,2006,90620,USD (1),mar,2006
74,Georgia,2007,90620,USD (1),mar,2007
74,Georgia,2008,90620,USD (1),mar,2008
74,Georgia,2009,90620,USD (1),mar,2009
74,Georgia,2010,90620,USD (1),mar,2010
74,Georgia,2011,90620,USD (1),mar,2011
74,Georgia,2012,90620,USD (1),mar,2012
74,Georgia,2013,90620,USD (1),mar,2013
74,Georgia,2014,90620,USD (1),mar,2014
74,Georgia,2015,74910,USD (1),mar,2015
74,Georgia,2016,215490,USD (1),mar,2016
74,Georgia,2017,274150,USD (1),mar,2017
74,Georgia,2018,351210,USD (1),mar,2018
74,Georgia,2019,351210,USD (1),mar,2019
74,Georgia,2020,351210,USD (1),mar,2020
74,Georgia,2021,351210,USD (1),mar,2021
74,Georgia,2022,351210,USD (1),mar,2022
176,Germany,1984,40265150,USD (1),mar,1984
176,Germany,1985,15484700,USD (1),mar,1985
176,Germany,1986,21619350,USD (1),mar,1986
176,Germany,1987,19353900,USD (1),mar,1987
176,Germany,1988,22043250,USD (1),mar,1988
176,Germany,1989,20332440.000000004,USD (1),mar,1989
176,Germany,1990,9868120,USD (1),mar,1990
176,Germany,1991,16049350,USD (1),mar,1991
176,Germany,1992,15507190,USD (1),mar,1992
176,Germany,1993,11704130.000000002,USD (1),mar,1993
176,Germany,1994,4027930,USD (1),mar,1994
176,Germany,1995,7988800,USD (1),mar,1995
176,Germany,1996,13230990.000000002,USD (1),mar,1996
176,Germany,1997,13049610,USD (1),mar,1997
176,Germany,1998,10757910,USD (1),mar,1998
176,Germany,1999,13934810,USD (1),mar,1999
176,Germany,2000,16875660,USD (1),mar,2000
176,Germany,2001,16695270,USD (1),mar,2001
176,Germany,2002,5703360.000000001,USD (1),mar,2002
176,Germany,2003,22889400,USD (1),mar,2003
176,Germany,2004,12343040,USD (1),mar,2004
176,Germany,2005,13229090,USD (1),mar,2005
176,Germany,2006,10165230,USD (1),mar,2006
176,Germany,2007,21637399.999999996,USD (1),mar,2007
176,Germany,2008,15418820,USD (1),mar,2008
176,Germany,2009,7410080.000000001,USD (1),mar,2009
176,Germany,2010,6467780.000000001,USD (1),mar,2010
176,Germany,2011,41123090,USD (1),mar,2011
176,Germany,2012,11203250,USD (1),mar,2012
176,Germany,2013,15496990.000000002,USD (1),mar,2013
176,Germany,2014,17954430,USD (1),mar,2014
176,Germany,2015,13950740,USD (1),mar,2015
176,Germany,2016,29060710,USD (1),mar,2016
176,Germany,2017,27662460,USD (1),mar,2017
176,Germany,2018,41879200.00000001,USD (1),mar,2018
176,Germany,2019,50795450,USD (1),mar,2019
176,Germany,2020,27136290,USD (1),mar,2020
176,Germany,2021,32990000,USD (1),mar,2021
176,Germany,2022,14142390.000000002,USD (1),mar,2022
106,Ghana,1984,72500,USD (1),mar,1984
106,Ghana,1985,72500,USD (1),mar,1985
106,Ghana,1986,72500,USD (1),mar,1986
106,Ghana,1987,72500,USD (1),mar,1987
106,Ghana,1988,72500,USD (1),mar,1988
106,Ghana,1989,72500,USD (1),mar,1989
106,Ghana,1990,72500,USD (1),mar,1990
106,Ghana,1991,72500,USD (1),mar,1991
106,Ghana,1992,72500,USD (1),mar,1992
106,Ghana,1993,72500,USD (1),mar,1993
106,Ghana,1994,72500,USD (1),mar,1994
106,Ghana,1995,72500,USD (1),mar,1995
106,Ghana,1996,72500,USD (1),mar,1996
106,Ghana,1997,72500,USD (1),mar,1997
106,Ghana,1998,72500,USD (1),mar,1998
106,Ghana,1999,72500,USD (1),mar,1999
106,Ghana,2000,72500,USD (1),mar,2000
106,Ghana,2001,72500,USD (1),mar,2001
106,Ghana,2002,72500,USD (1),mar,2002
106,Ghana,2003,72500,USD (1),mar,2003
106,Ghana,2004,72500,USD (1),mar,2004
106,Ghana,2005,72500,USD (1),mar,2005
106,Ghana,2006,72500,USD (1),mar,2006
106,Ghana,2007,72500,USD (1),mar,2007
106,Ghana,2008,72500,USD (1),mar,2008
106,Ghana,2009,72500,USD (1),mar,2009
106,Ghana,2010,72500,USD (1),mar,2010
106,Ghana,2011,72500,USD (1),mar,2011
106,Ghana,2012,72500,USD (1),mar,2012
106,Ghana,2013,72500,USD (1),mar,2013
106,Ghana,2014,72500,USD (1),mar,2014
106,Ghana,2015,75380,USD (1),mar,2015
106,Ghana,2016,65220,USD (1),mar,2016
106,Ghana,2017,65740,USD (1),mar,2017
106,Ghana,2018,67610,USD (1),mar,2018
106,Ghana,2019,67080,USD (1),mar,2019
106,Ghana,2020,89350,USD (1),mar,2020
106,Ghana,2021,268700,USD (1),mar,2021
106,Ghana,2022,199460,USD (1),mar,2022
80,Greece,1984,426100,USD (1),mar,1984
80,Greece,1985,632500,USD (1),mar,1985
80,Greece,1986,1091960,USD (1),mar,1986
80,Greece,1987,2088770,USD (1),mar,1987
80,Greece,1988,6142100,USD (1),mar,1988
80,Greece,1989,13440050,USD (1),mar,1989
80,Greece,1990,56331090,USD (1),mar,1990
80,Greece,1991,87025760,USD (1),mar,1991
80,Greece,1992,166524250,USD (1),mar,1992
80,Greece,1993,140691290,USD (1),mar,1993
80,Greece,1994,107586650,USD (1),mar,1994
80,Greece,1995,147930330,USD (1),mar,1995
80,Greece,1996,223200190,USD (1),mar,1996
80,Greece,1997,233637760,USD (1),mar,1997
80,Greece,1998,262740990,USD (1),mar,1998
80,Greece,1999,318054550,USD (1),mar,1999
80,Greece,2000,282495960,USD (1),mar,2000
80,Greece,2001,294101380,USD (1),mar,2001
80,Greece,2002,234510730,USD (1),mar,2002
80,Greece,2003,338767440,USD (1),mar,2003
80,Greece,2004,358154580,USD (1),mar,2004
80,Greece,2005,414852470,USD (1),mar,2005
80,Greece,2006,451288050.00000006,USD (1),mar,2006
80,Greece,2007,516831870.00000006,USD (1),mar,2007
80,Greece,2008,526572230,USD (1),mar,2008
80,Greece,2009,540851020,USD (1),mar,2009
80,Greece,2010,571668020,USD (1),mar,2010
80,Greece,2011,646933309.9999999,USD (1),mar,2011
80,Greece,2012,560238399.9999999,USD (1),mar,2012
80,Greece,2013,566099660,USD (1),mar,2013
80,Greece,2014,578696429.9999999,USD (1),mar,2014
80,Greece,2015,517478540.00000006,USD (1),mar,2015
80,Greece,2016,572022490,USD (1),mar,2016
80,Greece,2017,603190000,USD (1),mar,2017
80,Greece,2018,622758880,USD (1),mar,2018
80,Greece,2019,560904990,USD (1),mar,2019
80,Greece,2020,622063320,USD (1),mar,2020
80,Greece,2021,761956580,USD (1),mar,2021
80,Greece,2022,888844809.9999999,USD (1),mar,2022
125,Grenada,1984,3500,USD (1),mar,1984
125,Grenada,1985,3500,USD (1),mar,1985
125,Grenada,1986,3500,USD (1),mar,1986
125,Grenada,1987,3500,USD (1),mar,1987
125,Grenada,1988,3500,USD (1),mar,1988
125,Grenada,1989,3500,USD (1),mar,1989
125,Grenada,1990,3500,USD (1),mar,1990
125,Grenada,1991,3500,USD (1),mar,1991
125,Grenada,1992,3500,USD (1),mar,1992
125,Grenada,1993,3500,USD (1),mar,1993
125,Grenada,1994,3500,USD (1),mar,1994
125,Grenada,1995,3500,USD (1),mar,1995
125,Grenada,1996,3500,USD (1),mar,1996
125,Grenada,1997,3500,USD (1),mar,1997
125,Grenada,1998,3500,USD (1),mar,1998
125,Grenada,1999,3500,USD (1),mar,1999
125,Grenada,2000,3500,USD (1),mar,2000
125,Grenada,2001,3500,USD (1),mar,2001
125,Grenada,2002,3500,USD (1),mar,2002
125,Grenada,2003,3500,USD (1),mar,2003
125,Grenada,2004,3500,USD (1),mar,2004
125,Grenada,2005,3500,USD (1),mar,2005
125,Grenada,2006,3500,USD (1),mar,2006
125,Grenada,2007,3500,USD (1),mar,2007
125,Grenada,2008,3500,USD (1),mar,2008
125,Grenada,2009,3500,USD (1),mar,2009
125,Grenada,2010,3500,USD (1),mar,2010
125,Grenada,2011,3500,USD (1),mar,2011
125,Grenada,2012,3500,USD (1),mar,2012
125,Grenada,2013,3500,USD (1),mar,2013
125,Grenada,2014,3500,USD (1),mar,2014
125,Grenada,2015,3500,USD (1),mar,2015
125,Grenada,2016,55250,USD (1),mar,2016
125,Grenada,2017,45000,USD (1),mar,2017
125,Grenada,2018,50000,USD (1),mar,2018
125,Grenada,2019,55000,USD (1),mar,2019
125,Grenada,2020,55000,USD (1),mar,2020
125,Grenada,2021,55000,USD (1),mar,2021
125,Grenada,2022,62500,USD (1),mar,2022
136,Guatemala,1984,218400,USD (1),mar,1984
136,Guatemala,1985,2784000,USD (1),mar,1985
136,Guatemala,1986,3262500,USD (1),mar,1986
136,Guatemala,1987,3451500,USD (1),mar,1987
136,Guatemala,1988,5102500,USD (1),mar,1988
136,Guatemala,1989,3503500,USD (1),mar,1989
136,Guatemala,1990,4362000,USD (1),mar,1990
136,Guatemala,1991,2950000,USD (1),mar,1991
136,Guatemala,1992,3410000,USD (1),mar,1992
136,Guatemala,1993,16440000,USD (1),mar,1993
136,Guatemala,1994,20010840,USD (1),mar,1994
136,Guatemala,1995,16519000,USD (1),mar,1995
136,Guatemala,1996,9478550,USD (1),mar,1996
136,Guatemala,1997,13317100,USD (1),mar,1997
136,Guatemala,1998,9419500,USD (1),mar,1998
136,Guatemala,1999,11054250,USD (1),mar,1999
136,Guatemala,2000,11676650,USD (1),mar,2000
136,Guatemala,2001,16366400,USD (1),mar,2001
136,Guatemala,2002,22966400,USD (1),mar,2002
136,Guatemala,2003,22090400,USD (1),mar,2003
136,Guatemala,2004,17784000,USD (1),mar,2004
136,Guatemala,2005,31920000,USD (1),mar,2005
136,Guatemala,2006,60426000,USD (1),mar,2006
136,Guatemala,2007,60750000,USD (1),mar,2007
136,Guatemala,2008,70771500,USD (1),mar,2008
136,Guatemala,2009,55854300,USD (1),mar,2009
136,Guatemala,2010,127141800,USD (1),mar,2010
136,Guatemala,2011,92475200,USD (1),mar,2011
136,Guatemala,2012,67452000,USD (1),mar,2012
136,Guatemala,2013,75702000,USD (1),mar,2013
136,Guatemala,2014,76400500,USD (1),mar,2014
136,Guatemala,2015,78474000,USD (1),mar,2015
136,Guatemala,2016,81999500,USD (1),mar,2016
136,Guatemala,2017,90502500,USD (1),mar,2017
136,Guatemala,2018,95001500,USD (1),mar,2018
136,Guatemala,2019,107250000,USD (1),mar,2019
136,Guatemala,2020,92556000,USD (1),mar,2020
136,Guatemala,2021,74125890,USD (1),mar,2021
136,Guatemala,2022,213658480,USD (1),mar,2022
167,Guyana,1984,37000,USD (1),mar,1984
167,Guyana,1985,69000,USD (1),mar,1985
167,Guyana,1986,213790.00000000003,USD (1),mar,1986
167,Guyana,1987,187490,USD (1),mar,1987
167,Guyana,1988,130100,USD (1),mar,1988
167,Guyana,1989,102000,USD (1),mar,1989
167,Guyana,1990,132000,USD (1),mar,1990
167,Guyana,1991,170000,USD (1),mar,1991
167,Guyana,1992,212500,USD (1),mar,1992
167,Guyana,1993,380000,USD (1),mar,1993
167,Guyana,1994,481200,USD (1),mar,1994
167,Guyana,1995,554000,USD (1),mar,1995
167,Guyana,1996,630000,USD (1),mar,1996
167,Guyana,1997,605000,USD (1),mar,1997
167,Guyana,1998,576000,USD (1),mar,1998
167,Guyana,1999,1216470,USD (1),mar,1999
167,Guyana,2000,1170600,USD (1),mar,2000
167,Guyana,2001,1194000,USD (1),mar,2001
167,Guyana,2002,1194000,USD (1),mar,2002
167,Guyana,2003,1194000,USD (1),mar,2003
167,Guyana,2004,1194000,USD (1),mar,2004
167,Guyana,2005,1194000,USD (1),mar,2005
167,Guyana,2006,1330000,USD (1),mar,2006
167,Guyana,2007,1330000,USD (1),mar,2007
167,Guyana,2008,451740,USD (1),mar,2008
167,Guyana,2009,395650,USD (1),mar,2009
167,Guyana,2010,549610,USD (1),mar,2010
167,Guyana,2011,341680,USD (1),mar,2011
167,Guyana,2012,114680,USD (1),mar,2012
167,Guyana,2013,103360,USD (1),mar,2013
167,Guyana,2014,989210,USD (1),mar,2014
167,Guyana,2015,622459.9999999999,USD (1),mar,2015
167,Guyana,2016,184310,USD (1),mar,2016
167,Guyana,2017,1570530,USD (1),mar,2017
167,Guyana,2018,837459.9999999999,USD (1),mar,2018
167,Guyana,2019,1483610.0000000002,USD (1),mar,2019
167,Guyana,2020,978880,USD (1),mar,2020
167,Guyana,2021,1247439.9999999998,USD (1),mar,2021
167,Guyana,2022,5995320.000000001,USD (1),mar,2022
114,Haiti,1984,400000,USD (1),mar,1984
114,Haiti,1985,400000,USD (1),mar,1985
114,Haiti,1986,400000,USD (1),mar,1986
114,Haiti,1987,400000,USD (1),mar,1987
114,Haiti,1988,400000,USD (1),mar,1988
114,Haiti,1989,400000,USD (1),mar,1989
114,Haiti,1990,400000,USD (1),mar,1990
114,Haiti,1991,400000,USD (1),mar,1991
114,Haiti,1992,400000,USD (1),mar,1992
114,Haiti,1993,400000,USD (1),mar,1993
114,Haiti,1994,400000,USD (1),mar,1994
114,Haiti,1995,400000,USD (1),mar,1995
114,Haiti,1996,400000,USD (1),mar,1996
114,Haiti,1997,400000,USD (1),mar,1997
114,Haiti,1998,400000,USD (1),mar,1998
114,Haiti,1999,400000,USD (1),mar,1999
114,Haiti,2000,400000,USD (1),mar,2000
114,Haiti,2001,400000,USD (1),mar,2001
114,Haiti,2002,400000,USD (1),mar,2002
114,Haiti,2003,400000,USD (1),mar,2003
114,Haiti,2004,400000,USD (1),mar,2004
114,Haiti,2005,400000,USD (1),mar,2005
114,Haiti,2006,400000,USD (1),mar,2006
114,Haiti,2007,400000,USD (1),mar,2007
114,Haiti,2008,400000,USD (1),mar,2008
114,Haiti,2009,400000,USD (1),mar,2009
114,Haiti,2010,400000,USD (1),mar,2010
114,Haiti,2011,400000,USD (1),mar,2011
114,Haiti,2012,400000,USD (1),mar,2012
114,Haiti,2013,400000,USD (1),mar,2013
114,Haiti,2014,400000,USD (1),mar,2014
114,Haiti,2015,400000,USD (1),mar,2015
114,Haiti,2016,400000,USD (1),mar,2016
114,Haiti,2017,500000,USD (1),mar,2017
114,Haiti,2018,500000,USD (1),mar,2018
114,Haiti,2019,500000,USD (1),mar,2019
114,Haiti,2020,500000,USD (1),mar,2020
114,Haiti,2021,500000,USD (1),mar,2021
114,Haiti,2022,500000,USD (1),mar,2022
133,Honduras,1984,2428800,USD (1),mar,1984
133,Honduras,1985,1214400,USD (1),mar,1985
133,Honduras,1986,4363920,USD (1),mar,1986
133,Honduras,1987,9729500,USD (1),mar,1987
133,Honduras,1988,14982000,USD (1),mar,1988
133,Honduras,1989,16500000,USD (1),mar,1989
133,Honduras,1990,18012190,USD (1),mar,1990
133,Honduras,1991,42456960,USD (1),mar,1991
133,Honduras,1992,56815000,USD (1),mar,1992
133,Honduras,1993,83108520,USD (1),mar,1993
133,Honduras,1994,58498500,USD (1),mar,1994
133,Honduras,1995,46461690,USD (1),mar,1995
133,Honduras,1996,69027660,USD (1),mar,1996
133,Honduras,1997,63180000,USD (1),mar,1997
133,Honduras,1998,42360000,USD (1),mar,1998
133,Honduras,1999,43134000,USD (1),mar,1999
133,Honduras,2000,48918000,USD (1),mar,2000
133,Honduras,2001,65316000,USD (1),mar,2001
133,Honduras,2002,75342000,USD (1),mar,2002
133,Honduras,2003,99162000,USD (1),mar,2003
133,Honduras,2004,108216000,USD (1),mar,2004
133,Honduras,2005,104156270,USD (1),mar,2005
133,Honduras,2006,125075840,USD (1),mar,2006
133,Honduras,2007,129821690,USD (1),mar,2007
133,Honduras,2008,147286440,USD (1),mar,2008
133,Honduras,2009,81028040,USD (1),mar,2009
133,Honduras,2010,61239160,USD (1),mar,2010
133,Honduras,2011,167834300,USD (1),mar,2011
133,Honduras,2012,175648000,USD (1),mar,2012
133,Honduras,2013,167750000,USD (1),mar,2013
133,Honduras,2014,176000000,USD (1),mar,2014
133,Honduras,2015,137500000,USD (1),mar,2015
133,Honduras,2016,126500000,USD (1),mar,2016
133,Honduras,2017,173250000,USD (1),mar,2017
133,Honduras,2018,173250000,USD (1),mar,2018
133,Honduras,2019,176550000,USD (1),mar,2019
133,Honduras,2020,178481050,USD (1),mar,2020
133,Honduras,2021,184622900,USD (1),mar,2021
133,Honduras,2022,275073640,USD (1),mar,2022
143,Iceland,1984,785500,USD (1),mar,1984
143,Iceland,1985,627500,USD (1),mar,1985
143,Iceland,1986,1293980,USD (1),mar,1986
143,Iceland,1987,3724410,USD (1),mar,1987
143,Iceland,1988,7423300,USD (1),mar,1988
143,Iceland,1989,8588800,USD (1),mar,1989
143,Iceland,1990,14845849.999999998,USD (1),mar,1990
143,Iceland,1991,17539900,USD (1),mar,1991
143,Iceland,1992,15820600,USD (1),mar,1992
143,Iceland,1993,13860640.000000002,USD (1),mar,1993
143,Iceland,1994,14521100,USD (1),mar,1994
143,Iceland,1995,15448000,USD (1),mar,1995
143,Iceland,1996,14358800,USD (1),mar,1996
143,Iceland,1997,12151199.999999998,USD (1),mar,1997
143,Iceland,1998,13792700,USD (1),mar,1998
143,Iceland,1999,13939600,USD (1),mar,1999
143,Iceland,2000,13781000,USD (1),mar,2000
143,Iceland,2001,15573000,USD (1),mar,2001
143,Iceland,2002,14076800,USD (1),mar,2002
143,Iceland,2003,24975900,USD (1),mar,2003
143,Iceland,2004,40487000,USD (1),mar,2004
143,Iceland,2005,32768000,USD (1),mar,2005
143,Iceland,2006,35951000,USD (1),mar,2006
143,Iceland,2007,21962000,USD (1),mar,2007
143,Iceland,2008,27887900,USD (1),mar,2008
143,Iceland,2009,26335300,USD (1),mar,2009
143,Iceland,2010,27450300.000000004,USD (1),mar,2010
143,Iceland,2011,38749799.99999999,USD (1),mar,2011
143,Iceland,2012,43553800,USD (1),mar,2012
143,Iceland,2013,50550600,USD (1),mar,2013
143,Iceland,2014,58524000,USD (1),mar,2014
143,Iceland,2015,45011100,USD (1),mar,2015
143,Iceland,2016,81051800,USD (1),mar,2016
143,Iceland,2017,117190100,USD (1),mar,2017
143,Iceland,2018,113157300,USD (1),mar,2018
143,Iceland,2019,191685819.99999997,USD (1),mar,2019
143,Iceland,2020,261106120.00000003,USD (1),mar,2020
143,Iceland,2021,428683470,USD (1),mar,2021
143,Iceland,2022,407603400,USD (1),mar,2022
203,India,1984,55000000,USD (1),mar,1984
203,India,1985,78000000,USD (1),mar,1985
203,India,1986,84000000,USD (1),mar,1986
203,India,1987,97500000,USD (1),mar,1987
203,India,1988,140000000,USD (1),mar,1988
203,India,1989,210000000,USD (1),mar,1989
203,India,1990,183679330,USD (1),mar,1990
203,India,1991,168600000,USD (1),mar,1991
203,India,1992,254685000,USD (1),mar,1992
203,India,1993,425211000,USD (1),mar,1993
203,India,1994,597544930,USD (1),mar,1994
203,India,1995,485040399.99999994,USD (1),mar,1995
203,India,1996,444680830,USD (1),mar,1996
203,India,1997,480401980,USD (1),mar,1997
203,India,1998,571347560,USD (1),mar,1998
203,India,1999,621673200,USD (1),mar,1999
203,India,2000,807557550,USD (1),mar,2000
203,India,2001,676825390,USD (1),mar,2001
203,India,2002,716957799.9999999,USD (1),mar,2002
203,India,2003,640936620,USD (1),mar,2003
203,India,2004,726333860,USD (1),mar,2004
203,India,2005,689899460,USD (1),mar,2005
203,India,2006,782762870,USD (1),mar,2006
203,India,2007,791086040,USD (1),mar,2007
203,India,2008,809790370,USD (1),mar,2008
203,India,2009,727135130,USD (1),mar,2009
203,India,2010,638177960.0000001,USD (1),mar,2010
203,India,2011,1480378319.9999998,USD (1),mar,2011
203,India,2012,1586541340,USD (1),mar,2012
203,India,2013,2822778700,USD (1),mar,2013
203,India,2014,3167165940,USD (1),mar,2014
203,India,2015,2882262210,USD (1),mar,2015
203,India,2016,2670717540,USD (1),mar,2016
203,India,2017,3831259760,USD (1),mar,2017
203,India,2018,3890641450,USD (1),mar,2018
203,India,2019,4400390880,USD (1),mar,2019
203,India,2020,5033326920,USD (1),mar,2020
203,India,2021,5779674790,USD (1),mar,2021
203,India,2022,5342834260,USD (1),mar,2022
216,Indonesia,1984,162355770,USD (1),mar,1984
216,Indonesia,1985,211876680,USD (1),mar,1985
216,Indonesia,1986,259295010,USD (1),mar,1986
216,Indonesia,1987,375549700,USD (1),mar,1987
216,Indonesia,1988,592106000,USD (1),mar,1988
216,Indonesia,1989,880853750,USD (1),mar,1989
216,Indonesia,1990,980855350,USD (1),mar,1990
216,Indonesia,1991,1246069750,USD (1),mar,1991
216,Indonesia,1992,1300124500,USD (1),mar,1992
216,Indonesia,1993,1264795300,USD (1),mar,1993
216,Indonesia,1994,1218087650,USD (1),mar,1994
216,Indonesia,1995,1276687650,USD (1),mar,1995
216,Indonesia,1996,1398498600,USD (1),mar,1996
216,Indonesia,1997,1353597750,USD (1),mar,1997
216,Indonesia,1998,1172874150,USD (1),mar,1998
216,Indonesia,1999,1403942050,USD (1),mar,1999
216,Indonesia,2000,1413444870,USD (1),mar,2000
216,Indonesia,2001,1510254200,USD (1),mar,2001
216,Indonesia,2002,1176617730,USD (1),mar,2002
216,Indonesia,2003,1263681780,USD (1),mar,2003
216,Indonesia,2004,1658360410,USD (1),mar,2004
216,Indonesia,2005,1790662180.0000002,USD (1),mar,2005
216,Indonesia,2006,2066263410.0000002,USD (1),mar,2006
216,Indonesia,2007,2077241530,USD (1),mar,2007
216,Indonesia,2008,2324794450,USD (1),mar,2008
216,Indonesia,2009,2583553300,USD (1),mar,2009
216,Indonesia,2010,4047800410,USD (1),mar,2010
216,Indonesia,2011,4256571460,USD (1),mar,2011
216,Indonesia,2012,4213093719.9999995,USD (1),mar,2012
216,Indonesia,2013,6165950840,USD (1),mar,2013
216,Indonesia,2014,5430891330,USD (1),mar,2014
216,Indonesia,2015,4183514770,USD (1),mar,2015
216,Indonesia,2016,5785828700,USD (1),mar,2016
216,Indonesia,2017,7111630260,USD (1),mar,2017
216,Indonesia,2018,7508632640,USD (1),mar,2018
216,Indonesia,2019,7263411550,USD (1),mar,2019
216,Indonesia,2020,6875239130,USD (1),mar,2020
216,Indonesia,2021,7900262979.999999,USD (1),mar,2021
216,Indonesia,2022,8116435520,USD (1),mar,2022
191,Iran,1984,217000,USD (1),mar,1984
191,Iran,1985,217000,USD (1),mar,1985
191,Iran,1986,217000,USD (1),mar,1986
191,Iran,1987,217000,USD (1),mar,1987
191,Iran,1988,217000,USD (1),mar,1988
191,Iran,1989,217000,USD (1),mar,1989
191,Iran,1990,217000,USD (1),mar,1990
191,Iran,1991,217000,USD (1),mar,1991
191,Iran,1992,217000,USD (1),mar,1992
191,Iran,1993,105000,USD (1),mar,1993
191,Iran,1994,392000,USD (1),mar,1994
191,Iran,1995,884000,USD (1),mar,1995
191,Iran,1996,1059500,USD (1),mar,1996
191,Iran,1997,3406000,USD (1),mar,1997
191,Iran,1998,5648500,USD (1),mar,1998
191,Iran,1999,10800000,USD (1),mar,1999
191,Iran,2000,22275000,USD (1),mar,2000
191,Iran,2001,45642000,USD (1),mar,2001
191,Iran,2002,35760000,USD (1),mar,2002
191,Iran,2003,44772000,USD (1),mar,2003
191,Iran,2004,53418000,USD (1),mar,2004
191,Iran,2005,21462000,USD (1),mar,2005
191,Iran,2006,34200000,USD (1),mar,2006
191,Iran,2007,15048000,USD (1),mar,2007
191,Iran,2008,26232000,USD (1),mar,2008
191,Iran,2009,30768000,USD (1),mar,2009
191,Iran,2010,38154000,USD (1),mar,2010
191,Iran,2011,48156000,USD (1),mar,2011
191,Iran,2012,60912000,USD (1),mar,2012
191,Iran,2013,76188000,USD (1),mar,2013
191,Iran,2014,135280500,USD (1),mar,2014
191,Iran,2015,115397500,USD (1),mar,2015
191,Iran,2016,163553000,USD (1),mar,2016
191,Iran,2017,243167000,USD (1),mar,2017
191,Iran,2018,399954000,USD (1),mar,2018
191,Iran,2019,327884000,USD (1),mar,2019
191,Iran,2020,344500000,USD (1),mar,2020
191,Iran,2021,385138000,USD (1),mar,2021
191,Iran,2022,389600000,USD (1),mar,2022
181,Ireland,1984,8120240,USD (1),mar,1984
181,Ireland,1985,8290760,USD (1),mar,1985
181,Ireland,1986,12104000,USD (1),mar,1986
181,Ireland,1987,22226000,USD (1),mar,1987
181,Ireland,1988,35599240,USD (1),mar,1988
181,Ireland,1989,36910000,USD (1),mar,1989
181,Ireland,1990,47230670,USD (1),mar,1990
181,Ireland,1991,61279229.99999999,USD (1),mar,1991
181,Ireland,1992,66903110,USD (1),mar,1992
181,Ireland,1993,71301480,USD (1),mar,1993
181,Ireland,1994,70697070,USD (1),mar,1994
181,Ireland,1995,71890040.00000001,USD (1),mar,1995
181,Ireland,1996,79002240,USD (1),mar,1996
181,Ireland,1997,73661120,USD (1),mar,1997
181,Ireland,1998,81342290,USD (1),mar,1998
181,Ireland,1999,74721860,USD (1),mar,1999
181,Ireland,2000,94535000,USD (1),mar,2000
181,Ireland,2001,89556470,USD (1),mar,2001
181,Ireland,2002,111085140,USD (1),mar,2002
181,Ireland,2003,108004930,USD (1),mar,2003
181,Ireland,2004,118534020,USD (1),mar,2004
181,Ireland,2005,129480690,USD (1),mar,2005
181,Ireland,2006,144777289.99999997,USD (1),mar,2006
181,Ireland,2007,158469060,USD (1),mar,2007
181,Ireland,2008,130373860,USD (1),mar,2008
181,Ireland,2009,137042880,USD (1),mar,2009
181,Ireland,2010,146866160,USD (1),mar,2010
181,Ireland,2011,170430280,USD (1),mar,2011
181,Ireland,2012,160855890,USD (1),mar,2012
181,Ireland,2013,148755190,USD (1),mar,2013
181,Ireland,2014,151161210,USD (1),mar,2014
181,Ireland,2015,156194970,USD (1),mar,2015
181,Ireland,2016,168724370,USD (1),mar,2016
181,Ireland,2017,217871610.00000003,USD (1),mar,2017
181,Ireland,2018,203775039.99999997,USD (1),mar,2018
181,Ireland,2019,188621790,USD (1),mar,2019
181,Ireland,2020,195979610,USD (1),mar,2020
181,Ireland,2021,205281560,USD (1),mar,2021
181,Ireland,2022,186417890,USD (1),mar,2022
79,Israel,1984,168000,USD (1),mar,1984
79,Israel,1985,309000,USD (1),mar,1985
79,Israel,1986,450000,USD (1),mar,1986
79,Israel,1987,675000,USD (1),mar,1987
79,Israel,1988,900000,USD (1),mar,1988
79,Israel,1989,800000,USD (1),mar,1989
79,Israel,1990,1512000,USD (1),mar,1990
79,Israel,1991,1278000,USD (1),mar,1991
79,Israel,1992,918000,USD (1),mar,1992
79,Israel,1993,1880000,USD (1),mar,1993
79,Israel,1994,4500000,USD (1),mar,1994
79,Israel,1995,10450000,USD (1),mar,1995
79,Israel,1996,9654000,USD (1),mar,1996
79,Israel,1997,20337650,USD (1),mar,1997
79,Israel,1998,21692900,USD (1),mar,1998
79,Israel,1999,28049300,USD (1),mar,1999
79,Israel,2000,21618720,USD (1),mar,2000
79,Israel,2001,22408500,USD (1),mar,2001
79,Israel,2002,17597430,USD (1),mar,2002
79,Israel,2003,17578280,USD (1),mar,2003
79,Israel,2004,20869400,USD (1),mar,2004
79,Israel,2005,21626809.999999996,USD (1),mar,2005
79,Israel,2006,28639040,USD (1),mar,2006
79,Israel,2007,21031930,USD (1),mar,2007
79,Israel,2008,26080590,USD (1),mar,2008
79,Israel,2009,11833440,USD (1),mar,2009
79,Israel,2010,14740480,USD (1),mar,2010
79,Israel,2011,17413980,USD (1),mar,2011
79,Israel,2012,24290590,USD (1),mar,2012
79,Israel,2013,30467059.999999996,USD (1),mar,2013
79,Israel,2014,27969530.000000004,USD (1),mar,2014
79,Israel,2015,18413770,USD (1),mar,2015
79,Israel,2016,20672500,USD (1),mar,2016
79,Israel,2017,27467560,USD (1),mar,2017
79,Israel,2018,24182870,USD (1),mar,2018
79,Israel,2019,38646080,USD (1),mar,2019
79,Israel,2020,28655830,USD (1),mar,2020
79,Israel,2021,31622670.000000004,USD (1),mar,2021
79,Israel,2022,28495830,USD (1),mar,2022
184,Italy,1984,77801700,USD (1),mar,1984
184,Italy,1985,74721370,USD (1),mar,1985
184,Italy,1986,93460360,USD (1),mar,1986
184,Italy,1987,109088220,USD (1),mar,1987
184,Italy,1988,125519540,USD (1),mar,1988
184,Italy,1989,140116460,USD (1),mar,1989
184,Italy,1990,188769640,USD (1),mar,1990
184,Italy,1991,204593040,USD (1),mar,1991
184,Italy,1992,204889380,USD (1),mar,1992
184,Italy,1993,160899350,USD (1),mar,1993
184,Italy,1994,211757270,USD (1),mar,1994
184,Italy,1995,276294060,USD (1),mar,1995
184,Italy,1996,249202010,USD (1),mar,1996
184,Italy,1997,239194870,USD (1),mar,1997
184,Italy,1998,289526400,USD (1),mar,1998
184,Italy,1999,252739960,USD (1),mar,1999
184,Italy,2000,332405870,USD (1),mar,2000
184,Italy,2001,280708590,USD (1),mar,2001
184,Italy,2002,255266400,USD (1),mar,2002
184,Italy,2003,365835779.99999994,USD (1),mar,2003
184,Italy,2004,266499340.00000003,USD (1),mar,2004
184,Italy,2005,504491890,USD (1),mar,2005
184,Italy,2006,496454589.99999994,USD (1),mar,2006
184,Italy,2007,658955600,USD (1),mar,2007
184,Italy,2008,307846740,USD (1),mar,2008
184,Italy,2009,320148870,USD (1),mar,2009
184,Italy,2010,303056570,USD (1),mar,2010
184,Italy,2011,406918139.99999994,USD (1),mar,2011
184,Italy,2012,290228620,USD (1),mar,2012
184,Italy,2013,355623920,USD (1),mar,2013
184,Italy,2014,340251370,USD (1),mar,2014
184,Italy,2015,284450630,USD (1),mar,2015
184,Italy,2016,300076570,USD (1),mar,2016
184,Italy,2017,306436880,USD (1),mar,2017
184,Italy,2018,397407600,USD (1),mar,2018
184,Italy,2019,329086180,USD (1),mar,2019
184,Italy,2020,341765899.99999994,USD (1),mar,2020
184,Italy,2021,522153310,USD (1),mar,2021
184,Italy,2022,400034340,USD (1),mar,2022
166,Jamaica,1984,900,USD (1),mar,1984
166,Jamaica,1985,900,USD (1),mar,1985
166,Jamaica,1986,900,USD (1),mar,1986
166,Jamaica,1987,900,USD (1),mar,1987
166,Jamaica,1988,1000,USD (1),mar,1988
166,Jamaica,1989,4000,USD (1),mar,1989
166,Jamaica,1990,5000,USD (1),mar,1990
166,Jamaica,1991,5000,USD (1),mar,1991
166,Jamaica,1992,5000,USD (1),mar,1992
166,Jamaica,1993,5000,USD (1),mar,1993
166,Jamaica,1994,5000,USD (1),mar,1994
166,Jamaica,1995,5000,USD (1),mar,1995
166,Jamaica,1996,5000,USD (1),mar,1996
166,Jamaica,1997,5000,USD (1),mar,1997
166,Jamaica,1998,5000,USD (1),mar,1998
166,Jamaica,1999,5000,USD (1),mar,1999
166,Jamaica,2000,1000,USD (1),mar,2000
166,Jamaica,2001,1000,USD (1),mar,2001
166,Jamaica,2002,2241610,USD (1),mar,2002
166,Jamaica,2003,8773590,USD (1),mar,2003
166,Jamaica,2004,2954090,USD (1),mar,2004
166,Jamaica,2005,5635050,USD (1),mar,2005
166,Jamaica,2006,5408270,USD (1),mar,2006
166,Jamaica,2007,281990,USD (1),mar,2007
166,Jamaica,2008,1919550.0000000002,USD (1),mar,2008
166,Jamaica,2009,1633030,USD (1),mar,2009
166,Jamaica,2010,1645720,USD (1),mar,2010
166,Jamaica,2011,564650,USD (1),mar,2011
166,Jamaica,2012,749569.9999999999,USD (1),mar,2012
166,Jamaica,2013,537860,USD (1),mar,2013
166,Jamaica,2014,36060,USD (1),mar,2014
166,Jamaica,2015,38470,USD (1),mar,2015
166,Jamaica,2016,35970,USD (1),mar,2016
166,Jamaica,2017,35170,USD (1),mar,2017
166,Jamaica,2018,38800,USD (1),mar,2018
166,Jamaica,2019,37510,USD (1),mar,2019
166,Jamaica,2020,35110,USD (1),mar,2020
166,Jamaica,2021,33160,USD (1),mar,2021
166,Jamaica,2022,32590.000000000004,USD (1),mar,2022
210,Japan,1984,2028318750,USD (1),mar,1984
210,Japan,1985,2026545890.0000002,USD (1),mar,1985
210,Japan,1986,2972511360,USD (1),mar,1986
210,Japan,1987,3272913480,USD (1),mar,1987
210,Japan,1988,4182779370,USD (1),mar,1988
210,Japan,1989,3801721490,USD (1),mar,1989
210,Japan,1990,3887263170,USD (1),mar,1990
210,Japan,1991,4337279030,USD (1),mar,1991
210,Japan,1992,4398817060.000001,USD (1),mar,1992
210,Japan,1993,4975957770,USD (1),mar,1993
210,Japan,1994,5617901870,USD (1),mar,1994
210,Japan,1995,5480487490,USD (1),mar,1995
210,Japan,1996,4720663760,USD (1),mar,1996
210,Japan,1997,4563437600,USD (1),mar,1997
210,Japan,1998,3840488940,USD (1),mar,1998
210,Japan,1999,4272348990,USD (1),mar,1999
210,Japan,2000,4509805000,USD (1),mar,2000
210,Japan,2001,3905708050.0000005,USD (1),mar,2001
210,Japan,2002,3589749650,USD (1),mar,2002
210,Japan,2003,3671069230,USD (1),mar,2003
210,Japan,2004,3817248020,USD (1),mar,2004
210,Japan,2005,3785965060,USD (1),mar,2005
210,Japan,2006,3655955580,USD (1),mar,2006
210,Japan,2007,3661668350,USD (1),mar,2007
210,Japan,2008,3878327330,USD (1),mar,2008
210,Japan,2009,4203605719.9999995,USD (1),mar,2009
210,Japan,2010,4672314189.999999,USD (1),mar,2010
210,Japan,2011,4643688149.999999,USD (1),mar,2011
210,Japan,2012,4955065689.999999,USD (1),mar,2012
210,Japan,2013,3977429100,USD (1),mar,2013
210,Japan,2014,4020006190,USD (1),mar,2014
210,Japan,2015,3860248060,USD (1),mar,2015
210,Japan,2016,4492363729.999999,USD (1),mar,2016
210,Japan,2017,4439166480,USD (1),mar,2017
210,Japan,2018,4620767160,USD (1),mar,2018
210,Japan,2019,4432838060,USD (1),mar,2019
210,Japan,2020,4662280399.999999,USD (1),mar,2020
210,Japan,2021,4440864450,USD (1),mar,2021
210,Japan,2022,3566353730,USD (1),mar,2022
43,Kenya,1984,11820,USD (1),mar,1984
43,Kenya,1985,16440,USD (1),mar,1985
43,Kenya,1986,10630,USD (1),mar,1986
43,Kenya,1987,9480,USD (1),mar,1987
43,Kenya,1988,25380,USD (1),mar,1988
43,Kenya,1989,400000,USD (1),mar,1989
43,Kenya,1990,1770600,USD (1),mar,1990
43,Kenya,1991,1352000,USD (1),mar,1991
43,Kenya,1992,700910,USD (1),mar,1992
43,Kenya,1993,328180,USD (1),mar,1993
43,Kenya,1994,488880,USD (1),mar,1994
43,Kenya,1995,2340,USD (1),mar,1995
43,Kenya,1996,6050,USD (1),mar,1996
43,Kenya,1997,5850,USD (1),mar,1997
43,Kenya,1998,2920,USD (1),mar,1998
43,Kenya,1999,2215,USD (1),mar,1999
43,Kenya,2000,1510,USD (1),mar,2000
43,Kenya,2001,805,USD (1),mar,2001
43,Kenya,2002,100,USD (1),mar,2002
43,Kenya,2003,100,USD (1),mar,2003
43,Kenya,2004,248.57142857142856,USD (1),mar,2004
43,Kenya,2005,397.1428571428571,USD (1),mar,2005
43,Kenya,2006,545.7142857142857,USD (1),mar,2006
43,Kenya,2007,694.2857142857142,USD (1),mar,2007
43,Kenya,2008,842.8571428571429,USD (1),mar,2008
43,Kenya,2009,991.4285714285713,USD (1),mar,2009
43,Kenya,2010,1140,USD (1),mar,2010
43,Kenya,2011,4050,USD (1),mar,2011
43,Kenya,2012,10650,USD (1),mar,2012
43,Kenya,2013,10680,USD (1),mar,2013
43,Kenya,2014,15010.000000000002,USD (1),mar,2014
43,Kenya,2015,26380,USD (1),mar,2015
43,Kenya,2016,30590,USD (1),mar,2016
43,Kenya,2017,43800,USD (1),mar,2017
43,Kenya,2018,51030,USD (1),mar,2018
43,Kenya,2019,55400,USD (1),mar,2019
43,Kenya,2020,58990,USD (1),mar,2020
43,Kenya,2021,59780,USD (1),mar,2021
43,Kenya,2022,55700,USD (1),mar,2022
212,Kiribati,1984,17610,USD (1),mar,1984
212,Kiribati,1985,15780,USD (1),mar,1985
212,Kiribati,1986,344859.99999999994,USD (1),mar,1986
212,Kiribati,1987,105540,USD (1),mar,1987
212,Kiribati,1988,145590,USD (1),mar,1988
212,Kiribati,1989,379870,USD (1),mar,1989
212,Kiribati,1990,1390700,USD (1),mar,1990
212,Kiribati,1991,2122700,USD (1),mar,1991
212,Kiribati,1992,948800,USD (1),mar,1992
212,Kiribati,1993,591100,USD (1),mar,1993
212,Kiribati,1994,1011900,USD (1),mar,1994
212,Kiribati,1995,1604600.0000000002,USD (1),mar,1995
212,Kiribati,1996,459560,USD (1),mar,1996
212,Kiribati,1997,339830,USD (1),mar,1997
212,Kiribati,1998,229280,USD (1),mar,1998
212,Kiribati,1999,380670,USD (1),mar,1999
212,Kiribati,2000,410910,USD (1),mar,2000
212,Kiribati,2001,310860,USD (1),mar,2001
212,Kiribati,2002,157670,USD (1),mar,2002
212,Kiribati,2003,167369.99999999997,USD (1),mar,2003
212,Kiribati,2004,170829.99999999997,USD (1),mar,2004
212,Kiribati,2005,219560,USD (1),mar,2005
212,Kiribati,2006,373040,USD (1),mar,2006
212,Kiribati,2007,52629.99999999999,USD (1),mar,2007
212,Kiribati,2008,109700,USD (1),mar,2008
212,Kiribati,2009,159140,USD (1),mar,2009
212,Kiribati,2010,451780.00000000006,USD (1),mar,2010
212,Kiribati,2011,441400.00000000006,USD (1),mar,2011
212,Kiribati,2012,628590,USD (1),mar,2012
212,Kiribati,2013,156880.00000000003,USD (1),mar,2013
212,Kiribati,2014,255280,USD (1),mar,2014
212,Kiribati,2015,96800.00000000001,USD (1),mar,2015
212,Kiribati,2016,4460,USD (1),mar,2016
212,Kiribati,2017,11500,USD (1),mar,2017
212,Kiribati,2018,4480,USD (1),mar,2018
212,Kiribati,2019,4170,USD (1),mar,2019
212,Kiribati,2020,4130,USD (1),mar,2020
212,Kiribati,2021,4510,USD (1),mar,2021
212,Kiribati,2022,4160,USD (1),mar,2022
51,Kuwait,1984,24000,USD (1),mar,1984
51,Kuwait,1985,24000,USD (1),mar,1985
51,Kuwait,1986,36000,USD (1),mar,1986
51,Kuwait,1987,62500,USD (1),mar,1987
51,Kuwait,1988,100000,USD (1),mar,1988
51,Kuwait,1989,100000,USD (1),mar,1989
51,Kuwait,1990,100,USD (1),mar,1990
51,Kuwait,1991,100,USD (1),mar,1991
51,Kuwait,1992,100,USD (1),mar,1992
51,Kuwait,1993,100,USD (1),mar,1993
51,Kuwait,1994,100,USD (1),mar,1994
51,Kuwait,1995,603000,USD (1),mar,1995
51,Kuwait,1996,585000,USD (1),mar,1996
51,Kuwait,1997,924000,USD (1),mar,1997
51,Kuwait,1998,900000,USD (1),mar,1998
51,Kuwait,1999,1146000,USD (1),mar,1999
51,Kuwait,2000,2249000,USD (1),mar,2000
51,Kuwait,2001,1172600,USD (1),mar,2001
51,Kuwait,2002,1172600,USD (1),mar,2002
51,Kuwait,2003,1074200,USD (1),mar,2003
51,Kuwait,2004,600000,USD (1),mar,2004
51,Kuwait,2005,852000,USD (1),mar,2005
51,Kuwait,2006,66000,USD (1),mar,2006
51,Kuwait,2007,330000,USD (1),mar,2007
51,Kuwait,2008,122780,USD (1),mar,2008
51,Kuwait,2009,60000,USD (1),mar,2009
51,Kuwait,2010,60000,USD (1),mar,2010
51,Kuwait,2011,60000,USD (1),mar,2011
51,Kuwait,2012,60000,USD (1),mar,2012
51,Kuwait,2013,12000,USD (1),mar,2013
51,Kuwait,2014,12000,USD (1),mar,2014
51,Kuwait,2015,12000,USD (1),mar,2015
51,Kuwait,2016,60330,USD (1),mar,2016
51,Kuwait,2017,209660,USD (1),mar,2017
51,Kuwait,2018,141080,USD (1),mar,2018
51,Kuwait,2019,2380,USD (1),mar,2019
51,Kuwait,2020,32659.999999999996,USD (1),mar,2020
51,Kuwait,2021,33150,USD (1),mar,2021
51,Kuwait,2022,52239.99999999999,USD (1),mar,2022
78,Lebanon,1984,60000,USD (1),mar,1984
78,Lebanon,1985,60000,USD (1),mar,1985
78,Lebanon,1986,60000,USD (1),mar,1986
78,Lebanon,1987,60000,USD (1),mar,1987
78,Lebanon,1988,60000,USD (1),mar,1988
78,Lebanon,1989,60000,USD (1),mar,1989
78,Lebanon,1990,60000,USD (1),mar,1990
78,Lebanon,1991,60000,USD (1),mar,1991
78,Lebanon,1992,60000,USD (1),mar,1992
78,Lebanon,1993,60000,USD (1),mar,1993
78,Lebanon,1994,60000,USD (1),mar,1994
78,Lebanon,1995,60000,USD (1),mar,1995
78,Lebanon,1996,60000,USD (1),mar,1996
78,Lebanon,1997,60000,USD (1),mar,1997
78,Lebanon,1998,60000,USD (1),mar,1998
78,Lebanon,1999,60000,USD (1),mar,1999
78,Lebanon,2000,60000,USD (1),mar,2000
78,Lebanon,2001,60000,USD (1),mar,2001
78,Lebanon,2002,60000,USD (1),mar,2002
78,Lebanon,2003,60000,USD (1),mar,2003
78,Lebanon,2004,60000,USD (1),mar,2004
78,Lebanon,2005,120000,USD (1),mar,2005
78,Lebanon,2006,120000,USD (1),mar,2006
78,Lebanon,2007,180000,USD (1),mar,2007
78,Lebanon,2008,240000,USD (1),mar,2008
78,Lebanon,2009,300000,USD (1),mar,2009
78,Lebanon,2010,300000,USD (1),mar,2010
78,Lebanon,2011,300000,USD (1),mar,2011
78,Lebanon,2012,300000,USD (1),mar,2012
78,Lebanon,2013,300000,USD (1),mar,2013
78,Lebanon,2014,120000,USD (1),mar,2014
78,Lebanon,2015,120000,USD (1),mar,2015
78,Lebanon,2016,120000,USD (1),mar,2016
78,Lebanon,2017,120000,USD (1),mar,2017
78,Lebanon,2018,156500,USD (1),mar,2018
78,Lebanon,2019,156500,USD (1),mar,2019
78,Lebanon,2020,108500,USD (1),mar,2020
78,Lebanon,2021,108500,USD (1),mar,2021
78,Lebanon,2022,132500,USD (1),mar,2022
42,Madagascar,1984,100,USD (1),mar,1984
42,Madagascar,1985,100,USD (1),mar,1985
42,Madagascar,1986,100,USD (1),mar,1986
42,Madagascar,1987,100,USD (1),mar,1987
42,Madagascar,1988,100,USD (1),mar,1988
42,Madagascar,1989,100,USD (1),mar,1989
42,Madagascar,1990,90000,USD (1),mar,1990
42,Madagascar,1991,415720,USD (1),mar,1991
42,Madagascar,1992,570900,USD (1),mar,1992
42,Madagascar,1993,4131800,USD (1),mar,1993
42,Madagascar,1994,2162500,USD (1),mar,1994
42,Madagascar,1995,7675000,USD (1),mar,1995
42,Madagascar,1996,13337500,USD (1),mar,1996
42,Madagascar,1997,13623500,USD (1),mar,1997
42,Madagascar,1998,13706000,USD (1),mar,1998
42,Madagascar,1999,17430000,USD (1),mar,1999
42,Madagascar,2000,24094500,USD (1),mar,2000
42,Madagascar,2001,27089500,USD (1),mar,2001
42,Madagascar,2002,36659500,USD (1),mar,2002
42,Madagascar,2003,35143000,USD (1),mar,2003
42,Madagascar,2004,31323000,USD (1),mar,2004
42,Madagascar,2005,33751500,USD (1),mar,2005
42,Madagascar,2006,43034500,USD (1),mar,2006
42,Madagascar,2007,42806750,USD (1),mar,2007
42,Madagascar,2008,40521750,USD (1),mar,2008
42,Madagascar,2009,16815000,USD (1),mar,2009
42,Madagascar,2010,20569000,USD (1),mar,2010
42,Madagascar,2011,40206330,USD (1),mar,2011
42,Madagascar,2012,29463390,USD (1),mar,2012
42,Madagascar,2013,36748930,USD (1),mar,2013
42,Madagascar,2014,30611100,USD (1),mar,2014
42,Madagascar,2015,20527240,USD (1),mar,2015
42,Madagascar,2016,58484530,USD (1),mar,2016
42,Madagascar,2017,66919500,USD (1),mar,2017
42,Madagascar,2018,57798570,USD (1),mar,2018
42,Madagascar,2019,42506509.99999999,USD (1),mar,2019
42,Madagascar,2020,54119200.00000001,USD (1),mar,2020
42,Madagascar,2021,36652660,USD (1),mar,2021
42,Madagascar,2022,79136470,USD (1),mar,2022
206,Malaysia,1984,18432030,USD (1),mar,1984
206,Malaysia,1985,14770610,USD (1),mar,1985
206,Malaysia,1986,18009530,USD (1),mar,1986
206,Malaysia,1987,22135540,USD (1),mar,1987
206,Malaysia,1988,24466600,USD (1),mar,1988
206,Malaysia,1989,25884080,USD (1),mar,1989
206,Malaysia,1990,27949650,USD (1),mar,1990
206,Malaysia,1991,38223939.99999999,USD (1),mar,1991
206,Malaysia,1992,39293880,USD (1),mar,1992
206,Malaysia,1993,69617200,USD (1),mar,1993
206,Malaysia,1994,92328540,USD (1),mar,1994
206,Malaysia,1995,104247790.00000001,USD (1),mar,1995
206,Malaysia,1996,121565920,USD (1),mar,1996
206,Malaysia,1997,133906549.99999999,USD (1),mar,1997
206,Malaysia,1998,129282450,USD (1),mar,1998
206,Malaysia,1999,143860510,USD (1),mar,1999
206,Malaysia,2000,175726240,USD (1),mar,2000
206,Malaysia,2001,254638419.99999997,USD (1),mar,2001
206,Malaysia,2002,232419960.00000003,USD (1),mar,2002
206,Malaysia,2003,236987100,USD (1),mar,2003
206,Malaysia,2004,261285330.00000003,USD (1),mar,2004
206,Malaysia,2005,258593760,USD (1),mar,2005
206,Malaysia,2006,273613779.99999994,USD (1),mar,2006
206,Malaysia,2007,287510430,USD (1),mar,2007
206,Malaysia,2008,413396850.00000006,USD (1),mar,2008
206,Malaysia,2009,441578790,USD (1),mar,2009
206,Malaysia,2010,588721140,USD (1),mar,2010
206,Malaysia,2011,548290920,USD (1),mar,2011
206,Malaysia,2012,541964340,USD (1),mar,2012
206,Malaysia,2013,422913660,USD (1),mar,2013
206,Malaysia,2014,798990970,USD (1),mar,2014
206,Malaysia,2015,642067850,USD (1),mar,2015
206,Malaysia,2016,492491750,USD (1),mar,2016
206,Malaysia,2017,570279570,USD (1),mar,2017
206,Malaysia,2018,599281410,USD (1),mar,2018
206,Malaysia,2019,646979260,USD (1),mar,2019
206,Malaysia,2020,584437680,USD (1),mar,2020
206,Malaysia,2021,621245150,USD (1),mar,2021
206,Malaysia,2022,689975200,USD (1),mar,2022
68,Malta,1984,18000,USD (1),mar,1984
68,Malta,1985,18000,USD (1),mar,1985
68,Malta,1986,18000,USD (1),mar,1986
68,Malta,1987,18000,USD (1),mar,1987
68,Malta,1988,18000,USD (1),mar,1988
68,Malta,1989,18000,USD (1),mar,1989
68,Malta,1990,18000,USD (1),mar,1990
68,Malta,1991,1600200,USD (1),mar,1991
68,Malta,1992,4500200,USD (1),mar,1992
68,Malta,1993,5850200,USD (1),mar,1993
68,Malta,1994,8127200,USD (1),mar,1994
68,Malta,1995,8127200,USD (1),mar,1995
68,Malta,1996,10119580,USD (1),mar,1996
68,Malta,1997,10335599.999999998,USD (1),mar,1997
68,Malta,1998,10559900.000000002,USD (1),mar,1998
68,Malta,1999,8508500,USD (1),mar,1999
68,Malta,2000,5011019.999999999,USD (1),mar,2000
68,Malta,2001,3080040,USD (1),mar,2001
68,Malta,2002,3747120,USD (1),mar,2002
68,Malta,2003,4540920,USD (1),mar,2003
68,Malta,2004,6328260,USD (1),mar,2004
68,Malta,2005,5365559.999999999,USD (1),mar,2005
68,Malta,2006,92092069.99999999,USD (1),mar,2006
68,Malta,2007,142413280,USD (1),mar,2007
68,Malta,2008,138006120,USD (1),mar,2008
68,Malta,2009,70349310,USD (1),mar,2009
68,Malta,2010,106738340,USD (1),mar,2010
68,Malta,2011,62808080,USD (1),mar,2011
68,Malta,2012,119500530,USD (1),mar,2012
68,Malta,2013,140650410,USD (1),mar,2013
68,Malta,2014,129289110,USD (1),mar,2014
68,Malta,2015,141930040,USD (1),mar,2015
68,Malta,2016,177732210,USD (1),mar,2016
68,Malta,2017,238893450,USD (1),mar,2017
68,Malta,2018,318086480,USD (1),mar,2018
68,Malta,2019,181246570,USD (1),mar,2019
68,Malta,2020,246072460,USD (1),mar,2020
68,Malta,2021,248620970,USD (1),mar,2021
68,Malta,2022,337427910,USD (1),mar,2022
11,Marshall Islands,1984,2750,USD (1),mar,1984
11,Marshall Islands,1985,2750,USD (1),mar,1985
11,Marshall Islands,1986,2750,USD (1),mar,1986
11,Marshall Islands,1987,2750,USD (1),mar,1987
11,Marshall Islands,1988,2750,USD (1),mar,1988
11,Marshall Islands,1989,2750,USD (1),mar,1989
11,Marshall Islands,1990,2750,USD (1),mar,1990
11,Marshall Islands,1991,2750,USD (1),mar,1991
11,Marshall Islands,1992,2750,USD (1),mar,1992
11,Marshall Islands,1993,2750,USD (1),mar,1993
11,Marshall Islands,1994,2750,USD (1),mar,1994
11,Marshall Islands,1995,2750,USD (1),mar,1995
11,Marshall Islands,1996,2750,USD (1),mar,1996
11,Marshall Islands,1997,2750,USD (1),mar,1997
11,Marshall Islands,1998,2750,USD (1),mar,1998
11,Marshall Islands,1999,2750,USD (1),mar,1999
11,Marshall Islands,2000,2750,USD (1),mar,2000
11,Marshall Islands,2001,2750,USD (1),mar,2001
11,Marshall Islands,2002,2750,USD (1),mar,2002
11,Marshall Islands,2003,2750,USD (1),mar,2003
11,Marshall Islands,2004,2750,USD (1),mar,2004
11,Marshall Islands,2005,2750,USD (1),mar,2005
11,Marshall Islands,2006,2750,USD (1),mar,2006
11,Marshall Islands,2007,2750,USD (1),mar,2007
11,Marshall Islands,2008,2750,USD (1),mar,2008
11,Marshall Islands,2009,2750,USD (1),mar,2009
11,Marshall Islands,2010,2750,USD (1),mar,2010
11,Marshall Islands,2011,2750,USD (1),mar,2011
11,Marshall Islands,2012,2750,USD (1),mar,2012
11,Marshall Islands,2013,2750,USD (1),mar,2013
11,Marshall Islands,2014,2750,USD (1),mar,2014
11,Marshall Islands,2015,900,USD (1),mar,2015
11,Marshall Islands,2016,44000,USD (1),mar,2016
11,Marshall Islands,2017,44000,USD (1),mar,2017
11,Marshall Islands,2018,19980,USD (1),mar,2018
11,Marshall Islands,2019,39600,USD (1),mar,2019
11,Marshall Islands,2020,840700,USD (1),mar,2020
11,Marshall Islands,2021,76000,USD (1),mar,2021
11,Marshall Islands,2022,786550,USD (1),mar,2022
37,Mauritius,1984,33060,USD (1),mar,1984
37,Mauritius,1985,40370,USD (1),mar,1985
37,Mauritius,1986,38790,USD (1),mar,1986
37,Mauritius,1987,40560,USD (1),mar,1987
37,Mauritius,1988,43690,USD (1),mar,1988
37,Mauritius,1989,60400,USD (1),mar,1989
37,Mauritius,1990,67910,USD (1),mar,1990
37,Mauritius,1991,89970,USD (1),mar,1991
37,Mauritius,1992,113280,USD (1),mar,1992
37,Mauritius,1993,178410,USD (1),mar,1993
37,Mauritius,1994,253460,USD (1),mar,1994
37,Mauritius,1995,332920,USD (1),mar,1995
37,Mauritius,1996,220640,USD (1),mar,1996
37,Mauritius,1997,111720,USD (1),mar,1997
37,Mauritius,1998,87320,USD (1),mar,1998
37,Mauritius,1999,56480.00000000001,USD (1),mar,1999
37,Mauritius,2000,22500,USD (1),mar,2000
37,Mauritius,2001,42770,USD (1),mar,2001
37,Mauritius,2002,38590,USD (1),mar,2002
37,Mauritius,2003,44940,USD (1),mar,2003
37,Mauritius,2004,1938540,USD (1),mar,2004
37,Mauritius,2005,2057250,USD (1),mar,2005
37,Mauritius,2006,2411440,USD (1),mar,2006
37,Mauritius,2007,913800,USD (1),mar,2007
37,Mauritius,2008,1193850.0000000002,USD (1),mar,2008
37,Mauritius,2009,1907560,USD (1),mar,2009
37,Mauritius,2010,2952529.9999999995,USD (1),mar,2010
37,Mauritius,2011,2946430.0000000005,USD (1),mar,2011
37,Mauritius,2012,2663230,USD (1),mar,2012
37,Mauritius,2013,3092050,USD (1),mar,2013
37,Mauritius,2014,6231880,USD (1),mar,2014
37,Mauritius,2015,5977250,USD (1),mar,2015
37,Mauritius,2016,7223300,USD (1),mar,2016
37,Mauritius,2017,8773020,USD (1),mar,2017
37,Mauritius,2018,15487110,USD (1),mar,2018
37,Mauritius,2019,23173910,USD (1),mar,2019
37,Mauritius,2020,20935800,USD (1),mar,2020
37,Mauritius,2021,13956780,USD (1),mar,2021
37,Mauritius,2022,8767220.000000002,USD (1),mar,2022
29,Mayotte,1984,3910,USD (1),mar,1984
29,Mayotte,1985,3910,USD (1),mar,1985
29,Mayotte,1986,3910,USD (1),mar,1986
29,Mayotte,1987,3910,USD (1),mar,1987
29,Mayotte,1988,3910,USD (1),mar,1988
29,Mayotte,1989,3910,USD (1),mar,1989
29,Mayotte,1990,3910,USD (1),mar,1990
29,Mayotte,1991,3910,USD (1),mar,1991
29,Mayotte,1992,3910,USD (1),mar,1992
29,Mayotte,1993,3910,USD (1),mar,1993
29,Mayotte,1994,3910,USD (1),mar,1994
29,Mayotte,1995,3910,USD (1),mar,1995
29,Mayotte,1996,3910,USD (1),mar,1996
29,Mayotte,1997,8000,USD (1),mar,1997
29,Mayotte,1998,8000,USD (1),mar,1998
29,Mayotte,1999,8000,USD (1),mar,1999
29,Mayotte,2000,12000,USD (1),mar,2000
29,Mayotte,2001,12000,USD (1),mar,2001
29,Mayotte,2002,608345,USD (1),mar,2002
29,Mayotte,2003,1204690,USD (1),mar,2003
29,Mayotte,2004,740120,USD (1),mar,2004
29,Mayotte,2005,887660.0000000001,USD (1),mar,2005
29,Mayotte,2006,730380,USD (1),mar,2006
29,Mayotte,2007,988500,USD (1),mar,2007
29,Mayotte,2008,955810,USD (1),mar,2008
29,Mayotte,2009,1054450,USD (1),mar,2009
29,Mayotte,2010,604520,USD (1),mar,2010
29,Mayotte,2011,375900,USD (1),mar,2011
29,Mayotte,2012,809420,USD (1),mar,2012
29,Mayotte,2013,1087730,USD (1),mar,2013
29,Mayotte,2014,956520,USD (1),mar,2014
29,Mayotte,2015,466000,USD (1),mar,2015
29,Mayotte,2016,166030,USD (1),mar,2016
29,Mayotte,2017,135560,USD (1),mar,2017
29,Mayotte,2018,141720,USD (1),mar,2018
29,Mayotte,2019,117550,USD (1),mar,2019
29,Mayotte,2020,117550,USD (1),mar,2020
29,Mayotte,2021,117550,USD (1),mar,2021
29,Mayotte,2022,117550,USD (1),mar,2022
135,Mexico,1984,175000,USD (1),mar,1984
135,Mexico,1985,175000,USD (1),mar,1985
135,Mexico,1986,215000,USD (1),mar,1986
135,Mexico,1987,1720600,USD (1),mar,1987
135,Mexico,1988,3036500,USD (1),mar,1988
135,Mexico,1989,14236000,USD (1),mar,1989
135,Mexico,1990,22410500,USD (1),mar,1990
135,Mexico,1991,26131500,USD (1),mar,1991
135,Mexico,1992,42137900,USD (1),mar,1992
135,Mexico,1993,57877550,USD (1),mar,1993
135,Mexico,1994,67743360,USD (1),mar,1994
135,Mexico,1995,74356390,USD (1),mar,1995
135,Mexico,1996,65365750,USD (1),mar,1996
135,Mexico,1997,109392480,USD (1),mar,1997
135,Mexico,1998,145582900,USD (1),mar,1998
135,Mexico,1999,169889700,USD (1),mar,1999
135,Mexico,2000,196097699.99999997,USD (1),mar,2000
135,Mexico,2001,307086130,USD (1),mar,2001
135,Mexico,2002,238586570,USD (1),mar,2002
135,Mexico,2003,204677240,USD (1),mar,2003
135,Mexico,2004,273134250,USD (1),mar,2004
135,Mexico,2005,396830649.99999994,USD (1),mar,2005
135,Mexico,2006,488277200,USD (1),mar,2006
135,Mexico,2007,450643269.99999994,USD (1),mar,2007
135,Mexico,2008,500698630,USD (1),mar,2008
135,Mexico,2009,426107380,USD (1),mar,2009
135,Mexico,2010,339762240,USD (1),mar,2010
135,Mexico,2011,390888680.00000006,USD (1),mar,2011
135,Mexico,2012,385196730,USD (1),mar,2012
135,Mexico,2013,384603240,USD (1),mar,2013
135,Mexico,2014,488349630,USD (1),mar,2014
135,Mexico,2015,555902940,USD (1),mar,2015
135,Mexico,2016,638271410,USD (1),mar,2016
135,Mexico,2017,691981190.0000001,USD (1),mar,2017
135,Mexico,2018,650504030,USD (1),mar,2018
135,Mexico,2019,920967250,USD (1),mar,2019
135,Mexico,2020,722241620,USD (1),mar,2020
135,Mexico,2021,821465250,USD (1),mar,2021
135,Mexico,2022,991373260,USD (1),mar,2022
9,Micronesia,1984,300.00000000000006,USD (1),mar,1984
9,Micronesia,1985,25700,USD (1),mar,1985
9,Micronesia,1986,550,USD (1),mar,1986
9,Micronesia,1987,500,USD (1),mar,1987
9,Micronesia,1988,600.0000000000001,USD (1),mar,1988
9,Micronesia,1989,600.0000000000001,USD (1),mar,1989
9,Micronesia,1990,300.00000000000006,USD (1),mar,1990
9,Micronesia,1991,300.00000000000006,USD (1),mar,1991
9,Micronesia,1992,300.00000000000006,USD (1),mar,1992
9,Micronesia,1993,300.00000000000006,USD (1),mar,1993
9,Micronesia,1994,300.00000000000006,USD (1),mar,1994
9,Micronesia,1995,300.00000000000006,USD (1),mar,1995
9,Micronesia,1996,300.00000000000006,USD (1),mar,1996
9,Micronesia,1997,300.00000000000006,USD (1),mar,1997
9,Micronesia,1998,300.00000000000006,USD (1),mar,1998
9,Micronesia,1999,300.00000000000006,USD (1),mar,1999
9,Micronesia,2000,300.00000000000006,USD (1),mar,2000
9,Micronesia,2001,300.00000000000006,USD (1),mar,2001
9,Micronesia,2002,300.00000000000006,USD (1),mar,2002
9,Micronesia,2003,300.00000000000006,USD (1),mar,2003
9,Micronesia,2004,300.00000000000006,USD (1),mar,2004
9,Micronesia,2005,300.00000000000006,USD (1),mar,2005
9,Micronesia,2006,300.00000000000006,USD (1),mar,2006
9,Micronesia,2007,300.00000000000006,USD (1),mar,2007
9,Micronesia,2008,594.4444444444445,USD (1),mar,2008
9,Micronesia,2009,888.8888888888889,USD (1),mar,2009
9,Micronesia,2010,1183.3333333333333,USD (1),mar,2010
9,Micronesia,2011,1477.7777777777776,USD (1),mar,2011
9,Micronesia,2012,1772.2222222222224,USD (1),mar,2012
9,Micronesia,2013,2066.6666666666665,USD (1),mar,2013
9,Micronesia,2014,2361.1111111111113,USD (1),mar,2014
9,Micronesia,2015,2655.555555555555,USD (1),mar,2015
9,Micronesia,2016,2950,USD (1),mar,2016
9,Micronesia,2017,2950,USD (1),mar,2017
9,Micronesia,2018,2950,USD (1),mar,2018
9,Micronesia,2019,2950,USD (1),mar,2019
9,Micronesia,2020,2950,USD (1),mar,2020
9,Micronesia,2021,2950,USD (1),mar,2021
9,Micronesia,2022,2950,USD (1),mar,2022
62,Morocco,1984,250550,USD (1),mar,1984
62,Morocco,1985,358050,USD (1),mar,1985
62,Morocco,1986,372500,USD (1),mar,1986
62,Morocco,1987,502710,USD (1),mar,1987
62,Morocco,1988,511940,USD (1),mar,1988
62,Morocco,1989,540000,USD (1),mar,1989
62,Morocco,1990,3489100,USD (1),mar,1990
62,Morocco,1991,5369000,USD (1),mar,1991
62,Morocco,1992,5726420,USD (1),mar,1992
62,Morocco,1993,8171470,USD (1),mar,1993
62,Morocco,1994,10470360,USD (1),mar,1994
62,Morocco,1995,10848550,USD (1),mar,1995
62,Morocco,1996,10056100,USD (1),mar,1996
62,Morocco,1997,6710389.999999999,USD (1),mar,1997
62,Morocco,1998,5520310,USD (1),mar,1998
62,Morocco,1999,5409510,USD (1),mar,1999
62,Morocco,2000,4058970,USD (1),mar,2000
62,Morocco,2001,2606280,USD (1),mar,2001
62,Morocco,2002,3648100,USD (1),mar,2002
62,Morocco,2003,4518849.999999999,USD (1),mar,2003
62,Morocco,2004,4196920,USD (1),mar,2004
62,Morocco,2005,6335600,USD (1),mar,2005
62,Morocco,2006,984810,USD (1),mar,2006
62,Morocco,2007,1563040,USD (1),mar,2007
62,Morocco,2008,843990,USD (1),mar,2008
62,Morocco,2009,1155770,USD (1),mar,2009
62,Morocco,2010,875330,USD (1),mar,2010
62,Morocco,2011,1108889.9999999998,USD (1),mar,2011
62,Morocco,2012,1832050.0000000002,USD (1),mar,2012
62,Morocco,2013,1906120,USD (1),mar,2013
62,Morocco,2014,3809000,USD (1),mar,2014
62,Morocco,2015,1927800,USD (1),mar,2015
62,Morocco,2016,2175770,USD (1),mar,2016
62,Morocco,2017,2255980,USD (1),mar,2017
62,Morocco,2018,2627090,USD (1),mar,2018
62,Morocco,2019,3513580,USD (1),mar,2019
62,Morocco,2020,4332809.999999999,USD (1),mar,2020
62,Morocco,2021,7466420,USD (1),mar,2021
62,Morocco,2022,9954500,USD (1),mar,2022
41,Mozambique,1984,100,USD (1),mar,1984
41,Mozambique,1985,100,USD (1),mar,1985
41,Mozambique,1986,23250,USD (1),mar,1986
41,Mozambique,1987,8090,USD (1),mar,1987
41,Mozambique,1988,3810,USD (1),mar,1988
41,Mozambique,1989,4500,USD (1),mar,1989
41,Mozambique,1990,7500,USD (1),mar,1990
41,Mozambique,1991,7500,USD (1),mar,1991
41,Mozambique,1992,6400,USD (1),mar,1992
41,Mozambique,1993,3200,USD (1),mar,1993
41,Mozambique,1994,100,USD (1),mar,1994
41,Mozambique,1995,379012.5,USD (1),mar,1995
41,Mozambique,1996,757925,USD (1),mar,1996
41,Mozambique,1997,1136837.5,USD (1),mar,1997
41,Mozambique,1998,1515750,USD (1),mar,1998
41,Mozambique,1999,1894662.5,USD (1),mar,1999
41,Mozambique,2000,2273575,USD (1),mar,2000
41,Mozambique,2001,2652487.5,USD (1),mar,2001
41,Mozambique,2002,3031400,USD (1),mar,2002
41,Mozambique,2003,1780250,USD (1),mar,2003
41,Mozambique,2004,3021400,USD (1),mar,2004
41,Mozambique,2005,6647200,USD (1),mar,2005
41,Mozambique,2006,5973000,USD (1),mar,2006
41,Mozambique,2007,4171800,USD (1),mar,2007
41,Mozambique,2008,3626000,USD (1),mar,2008
41,Mozambique,2009,2248600,USD (1),mar,2009
41,Mozambique,2010,4002000,USD (1),mar,2010
41,Mozambique,2011,2501480,USD (1),mar,2011
41,Mozambique,2012,342120,USD (1),mar,2012
41,Mozambique,2013,302280,USD (1),mar,2013
41,Mozambique,2014,287060,USD (1),mar,2014
41,Mozambique,2015,225655,USD (1),mar,2015
41,Mozambique,2016,164250,USD (1),mar,2016
41,Mozambique,2017,102845,USD (1),mar,2017
41,Mozambique,2018,41440,USD (1),mar,2018
41,Mozambique,2019,79940,USD (1),mar,2019
41,Mozambique,2020,107970,USD (1),mar,2020
41,Mozambique,2021,152750,USD (1),mar,2021
41,Mozambique,2022,156620,USD (1),mar,2022
205,Myanmar,1984,25030,USD (1),mar,1984
205,Myanmar,1985,25030,USD (1),mar,1985
205,Myanmar,1986,25030,USD (1),mar,1986
205,Myanmar,1987,25030,USD (1),mar,1987
205,Myanmar,1988,25030,USD (1),mar,1988
205,Myanmar,1989,25030,USD (1),mar,1989
205,Myanmar,1990,13430,USD (1),mar,1990
205,Myanmar,1991,13520,USD (1),mar,1991
205,Myanmar,1992,3724890,USD (1),mar,1992
205,Myanmar,1993,7436260,USD (1),mar,1993
205,Myanmar,1994,11147630,USD (1),mar,1994
205,Myanmar,1995,14859000,USD (1),mar,1995
205,Myanmar,1996,22450000,USD (1),mar,1996
205,Myanmar,1997,26537500,USD (1),mar,1997
205,Myanmar,1998,29900000,USD (1),mar,1998
205,Myanmar,1999,29616000,USD (1),mar,1999
205,Myanmar,2000,29784000,USD (1),mar,2000
205,Myanmar,2001,32838000,USD (1),mar,2001
205,Myanmar,2002,25800000,USD (1),mar,2002
205,Myanmar,2003,76084000,USD (1),mar,2003
205,Myanmar,2004,118200000,USD (1),mar,2004
205,Myanmar,2005,194560000,USD (1),mar,2005
205,Myanmar,2006,196504000,USD (1),mar,2006
205,Myanmar,2007,193212000,USD (1),mar,2007
205,Myanmar,2008,221121100,USD (1),mar,2008
205,Myanmar,2009,253039900,USD (1),mar,2009
205,Myanmar,2010,224195420,USD (1),mar,2010
205,Myanmar,2011,269426610,USD (1),mar,2011
205,Myanmar,2012,281652200,USD (1),mar,2012
205,Myanmar,2013,280412500,USD (1),mar,2013
205,Myanmar,2014,263416250,USD (1),mar,2014
205,Myanmar,2015,330714800,USD (1),mar,2015
205,Myanmar,2016,548867240,USD (1),mar,2016
205,Myanmar,2017,379561550,USD (1),mar,2017
205,Myanmar,2018,185921370,USD (1),mar,2018
205,Myanmar,2019,376362540,USD (1),mar,2019
205,Myanmar,2020,485006480.00000006,USD (1),mar,2020
205,Myanmar,2021,404414730,USD (1),mar,2021
205,Myanmar,2022,452424280,USD (1),mar,2022
101,Namibia,1984,36000,USD (1),mar,1984
101,Namibia,1985,36000,USD (1),mar,1985
101,Namibia,1986,36000,USD (1),mar,1986
101,Namibia,1987,36000,USD (1),mar,1987
101,Namibia,1988,36000,USD (1),mar,1988
101,Namibia,1989,36000,USD (1),mar,1989
101,Namibia,1990,36000,USD (1),mar,1990
101,Namibia,1991,40000,USD (1),mar,1991
101,Namibia,1992,45200,USD (1),mar,1992
101,Namibia,1993,77600,USD (1),mar,1993
101,Namibia,1994,91800,USD (1),mar,1994
101,Namibia,1995,92800,USD (1),mar,1995
101,Namibia,1996,92800,USD (1),mar,1996
101,Namibia,1997,84800,USD (1),mar,1997
101,Namibia,1998,84800,USD (1),mar,1998
101,Namibia,1999,86000,USD (1),mar,1999
101,Namibia,2000,91000,USD (1),mar,2000
101,Namibia,2001,92000,USD (1),mar,2001
101,Namibia,2002,107840,USD (1),mar,2002
101,Namibia,2003,219810,USD (1),mar,2003
101,Namibia,2004,352310,USD (1),mar,2004
101,Namibia,2005,352310,USD (1),mar,2005
101,Namibia,2006,745300,USD (1),mar,2006
101,Namibia,2007,1079550,USD (1),mar,2007
101,Namibia,2008,1522780,USD (1),mar,2008
101,Namibia,2009,1682960,USD (1),mar,2009
101,Namibia,2010,1790200,USD (1),mar,2010
101,Namibia,2011,2373790,USD (1),mar,2011
101,Namibia,2012,3607190,USD (1),mar,2012
101,Namibia,2013,2113660,USD (1),mar,2013
101,Namibia,2014,2331950.0000000005,USD (1),mar,2014
101,Namibia,2015,1947000,USD (1),mar,2015
101,Namibia,2016,1755650,USD (1),mar,2016
101,Namibia,2017,1737480,USD (1),mar,2017
101,Namibia,2018,1374800,USD (1),mar,2018
101,Namibia,2019,1862970,USD (1),mar,2019
101,Namibia,2020,1326210,USD (1),mar,2020
101,Namibia,2021,1484910,USD (1),mar,2021
101,Namibia,2022,1412340,USD (1),mar,2022
10,Nauru,1984,2000,USD (1),mar,1984
10,Nauru,1985,2000,USD (1),mar,1985
10,Nauru,1986,2000,USD (1),mar,1986
10,Nauru,1987,2000,USD (1),mar,1987
10,Nauru,1988,2000,USD (1),mar,1988
10,Nauru,1989,2000,USD (1),mar,1989
10,Nauru,1990,2000,USD (1),mar,1990
10,Nauru,1991,2000,USD (1),mar,1991
10,Nauru,1992,2000,USD (1),mar,1992
10,Nauru,1993,2000,USD (1),mar,1993
10,Nauru,1994,2000,USD (1),mar,1994
10,Nauru,1995,2000,USD (1),mar,1995
10,Nauru,1996,2000,USD (1),mar,1996
10,Nauru,1997,2000,USD (1),mar,1997
10,Nauru,1998,2000,USD (1),mar,1998
10,Nauru,1999,2000,USD (1),mar,1999
10,Nauru,2000,2000,USD (1),mar,2000
10,Nauru,2001,2000,USD (1),mar,2001
10,Nauru,2002,2400,USD (1),mar,2002
10,Nauru,2003,2800,USD (1),mar,2003
10,Nauru,2004,3200,USD (1),mar,2004
10,Nauru,2005,3600,USD (1),mar,2005
10,Nauru,2006,4000,USD (1),mar,2006
10,Nauru,2007,4166.666666666667,USD (1),mar,2007
10,Nauru,2008,4333.333333333333,USD (1),mar,2008
10,Nauru,2009,4500,USD (1),mar,2009
10,Nauru,2010,4666.666666666667,USD (1),mar,2010
10,Nauru,2011,4833.333333333333,USD (1),mar,2011
10,Nauru,2012,5000,USD (1),mar,2012
10,Nauru,2013,500,USD (1),mar,2013
10,Nauru,2014,1500,USD (1),mar,2014
10,Nauru,2015,1500,USD (1),mar,2015
10,Nauru,2016,1500,USD (1),mar,2016
10,Nauru,2017,1500,USD (1),mar,2017
10,Nauru,2018,2500,USD (1),mar,2018
10,Nauru,2019,2670,USD (1),mar,2019
10,Nauru,2020,4450,USD (1),mar,2020
10,Nauru,2021,4450,USD (1),mar,2021
10,Nauru,2022,4450,USD (1),mar,2022
177,Netherlands,1984,39096850,USD (1),mar,1984
177,Netherlands,1985,75563800,USD (1),mar,1985
177,Netherlands,1986,55832400,USD (1),mar,1986
177,Netherlands,1987,64556650,USD (1),mar,1987
177,Netherlands,1988,43645540,USD (1),mar,1988
177,Netherlands,1989,102748410,USD (1),mar,1989
177,Netherlands,1990,57831050,USD (1),mar,1990
177,Netherlands,1991,50774850,USD (1),mar,1991
177,Netherlands,1992,56960840,USD (1),mar,1992
177,Netherlands,1993,51480549.99999999,USD (1),mar,1993
177,Netherlands,1994,59881210,USD (1),mar,1994
177,Netherlands,1995,50951299.99999999,USD (1),mar,1995
177,Netherlands,1996,56812680,USD (1),mar,1996
177,Netherlands,1997,58434400,USD (1),mar,1997
177,Netherlands,1998,62079500,USD (1),mar,1998
177,Netherlands,1999,63738470,USD (1),mar,1999
177,Netherlands,2000,69768440,USD (1),mar,2000
177,Netherlands,2001,74959580,USD (1),mar,2001
177,Netherlands,2002,63620780,USD (1),mar,2002
177,Netherlands,2003,85003150,USD (1),mar,2003
177,Netherlands,2004,78091460,USD (1),mar,2004
177,Netherlands,2005,74644230,USD (1),mar,2005
177,Netherlands,2006,67268080,USD (1),mar,2006
177,Netherlands,2007,102469150,USD (1),mar,2007
177,Netherlands,2008,101760950.00000001,USD (1),mar,2008
177,Netherlands,2009,84003680,USD (1),mar,2009
177,Netherlands,2010,101905330,USD (1),mar,2010
177,Netherlands,2011,77427870,USD (1),mar,2011
177,Netherlands,2012,96106310,USD (1),mar,2012
177,Netherlands,2013,104254689.99999999,USD (1),mar,2013
177,Netherlands,2014,100618010,USD (1),mar,2014
177,Netherlands,2015,90663840,USD (1),mar,2015
177,Netherlands,2016,69258930.00000001,USD (1),mar,2016
177,Netherlands,2017,76767480,USD (1),mar,2017
177,Netherlands,2018,81975959.99999999,USD (1),mar,2018
177,Netherlands,2019,75995520,USD (1),mar,2019
177,Netherlands,2020,73262180.00000001,USD (1),mar,2020
177,Netherlands,2021,90299860,USD (1),mar,2021
177,Netherlands,2022,86202040,USD (1),mar,2022
5,New Caledonia,1984,612000,USD (1),mar,1984
5,New Caledonia,1985,1044000,USD (1),mar,1985
5,New Caledonia,1986,708000,USD (1),mar,1986
5,New Caledonia,1987,1167210,USD (1),mar,1987
5,New Caledonia,1988,3068480,USD (1),mar,1988
5,New Caledonia,1989,3967160.0000000005,USD (1),mar,1989
5,New Caledonia,1990,6570430,USD (1),mar,1990
5,New Caledonia,1991,7654780,USD (1),mar,1991
5,New Caledonia,1992,9298259.999999998,USD (1),mar,1992
5,New Caledonia,1993,7303030,USD (1),mar,1993
5,New Caledonia,1994,8126210,USD (1),mar,1994
5,New Caledonia,1995,11176270,USD (1),mar,1995
5,New Caledonia,1996,11338920,USD (1),mar,1996
5,New Caledonia,1997,12164680,USD (1),mar,1997
5,New Caledonia,1998,17519170.000000004,USD (1),mar,1998
5,New Caledonia,1999,20185100,USD (1),mar,1999
5,New Caledonia,2000,12265100,USD (1),mar,2000
5,New Caledonia,2001,11966670,USD (1),mar,2001
5,New Caledonia,2002,14413340,USD (1),mar,2002
5,New Caledonia,2003,13937020,USD (1),mar,2003
5,New Caledonia,2004,21141989.999999996,USD (1),mar,2004
5,New Caledonia,2005,21022790,USD (1),mar,2005
5,New Caledonia,2006,19957460,USD (1),mar,2006
5,New Caledonia,2007,16427130.000000002,USD (1),mar,2007
5,New Caledonia,2008,23585400,USD (1),mar,2008
5,New Caledonia,2009,19795309.999999996,USD (1),mar,2009
5,New Caledonia,2010,12073360,USD (1),mar,2010
5,New Caledonia,2011,17130670,USD (1),mar,2011
5,New Caledonia,2012,16904680,USD (1),mar,2012
5,New Caledonia,2013,18729650,USD (1),mar,2013
5,New Caledonia,2014,19688910,USD (1),mar,2014
5,New Caledonia,2015,12511990,USD (1),mar,2015
5,New Caledonia,2016,17052060,USD (1),mar,2016
5,New Caledonia,2017,16130970.000000002,USD (1),mar,2017
5,New Caledonia,2018,18984410,USD (1),mar,2018
5,New Caledonia,2019,18139980,USD (1),mar,2019
5,New Caledonia,2020,18703960,USD (1),mar,2020
5,New Caledonia,2021,18664039.999999996,USD (1),mar,2021
5,New Caledonia,2022,16817550,USD (1),mar,2022
162,New Zealand,1984,5384769.999999999,USD (1),mar,1984
162,New Zealand,1985,4533990,USD (1),mar,1985
162,New Zealand,1986,8195420,USD (1),mar,1986
162,New Zealand,1987,10835430,USD (1),mar,1987
162,New Zealand,1988,17784390,USD (1),mar,1988
162,New Zealand,1989,17444710,USD (1),mar,1989
162,New Zealand,1990,23241080,USD (1),mar,1990
162,New Zealand,1991,30245559.999999996,USD (1),mar,1991
162,New Zealand,1992,31410200,USD (1),mar,1992
162,New Zealand,1993,34357500,USD (1),mar,1993
162,New Zealand,1994,38109510,USD (1),mar,1994
162,New Zealand,1995,52995570,USD (1),mar,1995
162,New Zealand,1996,44830080,USD (1),mar,1996
162,New Zealand,1997,45900000,USD (1),mar,1997
162,New Zealand,1998,56071250,USD (1),mar,1998
162,New Zealand,1999,56665000,USD (1),mar,1999
162,New Zealand,2000,93660750,USD (1),mar,2000
162,New Zealand,2001,94569880,USD (1),mar,2001
162,New Zealand,2002,108388490,USD (1),mar,2002
162,New Zealand,2003,246801880,USD (1),mar,2003
162,New Zealand,2004,165929250,USD (1),mar,2004
162,New Zealand,2005,210166229.99999997,USD (1),mar,2005
162,New Zealand,2006,225518280,USD (1),mar,2006
162,New Zealand,2007,422668060,USD (1),mar,2007
162,New Zealand,2008,379503000,USD (1),mar,2008
162,New Zealand,2009,124296340,USD (1),mar,2009
162,New Zealand,2010,327940000,USD (1),mar,2010
162,New Zealand,2011,273900529.99999994,USD (1),mar,2011
162,New Zealand,2012,364565190,USD (1),mar,2012
162,New Zealand,2013,387536680,USD (1),mar,2013
162,New Zealand,2014,535906640,USD (1),mar,2014
162,New Zealand,2015,645620670,USD (1),mar,2015
162,New Zealand,2016,785525570,USD (1),mar,2016
162,New Zealand,2017,803337250,USD (1),mar,2017
162,New Zealand,2018,786715030,USD (1),mar,2018
162,New Zealand,2019,826314410,USD (1),mar,2019
162,New Zealand,2020,909406360,USD (1),mar,2020
162,New Zealand,2021,834198220,USD (1),mar,2021
162,New Zealand,2022,846409389.9999999,USD (1),mar,2022
131,Nicaragua,1984,98000,USD (1),mar,1984
131,Nicaragua,1985,175000,USD (1),mar,1985
131,Nicaragua,1986,245000,USD (1),mar,1986
131,Nicaragua,1987,301500,USD (1),mar,1987
131,Nicaragua,1988,476000,USD (1),mar,1988
131,Nicaragua,1989,560000,USD (1),mar,1989
131,Nicaragua,1990,595000,USD (1),mar,1990
131,Nicaragua,1991,475000,USD (1),mar,1991
131,Nicaragua,1992,389900,USD (1),mar,1992
131,Nicaragua,1993,1932000,USD (1),mar,1993
131,Nicaragua,1994,6384000,USD (1),mar,1994
131,Nicaragua,1995,15213000,USD (1),mar,1995
131,Nicaragua,1996,16183200,USD (1),mar,1996
131,Nicaragua,1997,19338400,USD (1),mar,1997
131,Nicaragua,1998,24794400,USD (1),mar,1998
131,Nicaragua,1999,21573350,USD (1),mar,1999
131,Nicaragua,2000,29544060,USD (1),mar,2000
131,Nicaragua,2001,26781060,USD (1),mar,2001
131,Nicaragua,2002,28679190.000000004,USD (1),mar,2002
131,Nicaragua,2003,32993549.999999996,USD (1),mar,2003
131,Nicaragua,2004,32623200,USD (1),mar,2004
131,Nicaragua,2005,39880620,USD (1),mar,2005
131,Nicaragua,2006,44960400,USD (1),mar,2006
131,Nicaragua,2007,44388000,USD (1),mar,2007
131,Nicaragua,2008,58760000,USD (1),mar,2008
131,Nicaragua,2009,65975600.00000001,USD (1),mar,2009
131,Nicaragua,2010,63859950,USD (1),mar,2010
131,Nicaragua,2011,43285000,USD (1),mar,2011
131,Nicaragua,2012,49661760,USD (1),mar,2012
131,Nicaragua,2013,61859090,USD (1),mar,2013
131,Nicaragua,2014,73267200,USD (1),mar,2014
131,Nicaragua,2015,87241360,USD (1),mar,2015
131,Nicaragua,2016,79629280,USD (1),mar,2016
131,Nicaragua,2017,98556480,USD (1),mar,2017
131,Nicaragua,2018,103104400,USD (1),mar,2018
131,Nicaragua,2019,110312600,USD (1),mar,2019
131,Nicaragua,2020,155563970,USD (1),mar,2020
131,Nicaragua,2021,157674380,USD (1),mar,2021
131,Nicaragua,2022,161893300,USD (1),mar,2022
196,Nigeria,1984,1135550,USD (1),mar,1984
196,Nigeria,1985,963400,USD (1),mar,1985
196,Nigeria,1986,915599.9999999999,USD (1),mar,1986
196,Nigeria,1987,1036700,USD (1),mar,1987
196,Nigeria,1988,1213400,USD (1),mar,1988
196,Nigeria,1989,1861200,USD (1),mar,1989
196,Nigeria,1990,1031400.0000000001,USD (1),mar,1990
196,Nigeria,1991,4166600.0000000005,USD (1),mar,1991
196,Nigeria,1992,10152900,USD (1),mar,1992
196,Nigeria,1993,9680100,USD (1),mar,1993
196,Nigeria,1994,9915100,USD (1),mar,1994
196,Nigeria,1995,9435100,USD (1),mar,1995
196,Nigeria,1996,7077475,USD (1),mar,1996
196,Nigeria,1997,4719850,USD (1),mar,1997
196,Nigeria,1998,2362225,USD (1),mar,1998
196,Nigeria,1999,4600,USD (1),mar,1999
196,Nigeria,2000,9035.29411764706,USD (1),mar,2000
196,Nigeria,2001,13470.588235294117,USD (1),mar,2001
196,Nigeria,2002,17905.882352941175,USD (1),mar,2002
196,Nigeria,2003,22341.176470588234,USD (1),mar,2003
196,Nigeria,2004,26776.470588235294,USD (1),mar,2004
196,Nigeria,2005,31211.764705882353,USD (1),mar,2005
196,Nigeria,2006,35647.05882352941,USD (1),mar,2006
196,Nigeria,2007,40082.35294117647,USD (1),mar,2007
196,Nigeria,2008,44517.64705882353,USD (1),mar,2008
196,Nigeria,2009,48952.94117647059,USD (1),mar,2009
196,Nigeria,2010,53388.23529411765,USD (1),mar,2010
196,Nigeria,2011,57823.529411764706,USD (1),mar,2011
196,Nigeria,2012,62258.82352941176,USD (1),mar,2012
196,Nigeria,2013,66694.11764705883,USD (1),mar,2013
196,Nigeria,2014,71129.41176470587,USD (1),mar,2014
196,Nigeria,2015,75564.70588235294,USD (1),mar,2015
196,Nigeria,2016,80000,USD (1),mar,2016
196,Nigeria,2017,480000,USD (1),mar,2017
196,Nigeria,2018,360000,USD (1),mar,2018
196,Nigeria,2019,396000,USD (1),mar,2019
196,Nigeria,2020,357940,USD (1),mar,2020
196,Nigeria,2021,364000,USD (1),mar,2021
196,Nigeria,2022,360000,USD (1),mar,2022
223,Norway,1984,131061500,USD (1),mar,1984
223,Norway,1985,177533660,USD (1),mar,1985
223,Norway,1986,229512030,USD (1),mar,1986
223,Norway,1987,308522770,USD (1),mar,1987
223,Norway,1988,506565200,USD (1),mar,1988
223,Norway,1989,518164330,USD (1),mar,1989
223,Norway,1990,774869980,USD (1),mar,1990
223,Norway,1991,669841600,USD (1),mar,1991
223,Norway,1992,625201280,USD (1),mar,1992
223,Norway,1993,635221290,USD (1),mar,1993
223,Norway,1994,848623940.0000001,USD (1),mar,1994
223,Norway,1995,1028311850,USD (1),mar,1995
223,Norway,1996,997221650,USD (1),mar,1996
223,Norway,1997,1053882419.9999999,USD (1),mar,1997
223,Norway,1998,1144395700,USD (1),mar,1998
223,Norway,1999,1339486810,USD (1),mar,1999
223,Norway,2000,1384659600,USD (1),mar,2000
223,Norway,2001,1019882070.0000001,USD (1),mar,2001
223,Norway,2002,1164783060,USD (1),mar,2002
223,Norway,2003,1352152830,USD (1),mar,2003
223,Norway,2004,1681282930,USD (1),mar,2004
223,Norway,2005,2135711850,USD (1),mar,2005
223,Norway,2006,2748562550.0000005,USD (1),mar,2006
223,Norway,2007,2998235860,USD (1),mar,2007
223,Norway,2008,3134413880,USD (1),mar,2008
223,Norway,2009,3586046650,USD (1),mar,2009
223,Norway,2010,5076287320,USD (1),mar,2010
223,Norway,2011,5153444630,USD (1),mar,2011
223,Norway,2012,5159888280,USD (1),mar,2012
223,Norway,2013,6886711939.999999,USD (1),mar,2013
223,Norway,2014,7031740660,USD (1),mar,2014
223,Norway,2015,5808710979.999999,USD (1),mar,2015
223,Norway,2016,7620711800.000001,USD (1),mar,2016
223,Norway,2017,7853196530,USD (1),mar,2017
223,Norway,2018,8338760880,USD (1),mar,2018
223,Norway,2019,8147277229.999999,USD (1),mar,2019
223,Norway,2020,7296170779.999999,USD (1),mar,2020
223,Norway,2021,9357901010,USD (1),mar,2021
223,Norway,2022,11073046520.000002,USD (1),mar,2022
48,Oman,1984,63040,USD (1),mar,1984
48,Oman,1985,63040,USD (1),mar,1985
48,Oman,1986,63040,USD (1),mar,1986
48,Oman,1987,63040,USD (1),mar,1987
48,Oman,1988,63040,USD (1),mar,1988
48,Oman,1989,63040,USD (1),mar,1989
48,Oman,1990,63040,USD (1),mar,1990
48,Oman,1991,63040,USD (1),mar,1991
48,Oman,1992,63040,USD (1),mar,1992
48,Oman,1993,63040,USD (1),mar,1993
48,Oman,1994,63040,USD (1),mar,1994
48,Oman,1995,63040,USD (1),mar,1995
48,Oman,1996,63040,USD (1),mar,1996
48,Oman,1997,63040,USD (1),mar,1997
48,Oman,1998,63040,USD (1),mar,1998
48,Oman,1999,100,USD (1),mar,1999
48,Oman,2000,100,USD (1),mar,2000
48,Oman,2001,100,USD (1),mar,2001
48,Oman,2002,100,USD (1),mar,2002
48,Oman,2003,1737600,USD (1),mar,2003
48,Oman,2004,2518410,USD (1),mar,2004
48,Oman,2005,1136280,USD (1),mar,2005
48,Oman,2006,840160,USD (1),mar,2006
48,Oman,2007,688430,USD (1),mar,2007
48,Oman,2008,742520,USD (1),mar,2008
48,Oman,2009,769830,USD (1),mar,2009
48,Oman,2010,716750,USD (1),mar,2010
48,Oman,2011,1014300,USD (1),mar,2011
48,Oman,2012,1094280,USD (1),mar,2012
48,Oman,2013,5021070,USD (1),mar,2013
48,Oman,2014,4805180,USD (1),mar,2014
48,Oman,2015,2535760,USD (1),mar,2015
48,Oman,2016,1183360,USD (1),mar,2016
48,Oman,2017,1501955,USD (1),mar,2017
48,Oman,2018,1820550,USD (1),mar,2018
48,Oman,2019,4452360,USD (1),mar,2019
48,Oman,2020,5513650,USD (1),mar,2020
48,Oman,2021,7022110,USD (1),mar,2021
48,Oman,2022,17937580,USD (1),mar,2022
53,Pakistan,1984,150620,USD (1),mar,1984
53,Pakistan,1985,150620,USD (1),mar,1985
53,Pakistan,1986,150620,USD (1),mar,1986
53,Pakistan,1987,150620,USD (1),mar,1987
53,Pakistan,1988,150620,USD (1),mar,1988
53,Pakistan,1989,140000,USD (1),mar,1989
53,Pakistan,1990,127500,USD (1),mar,1990
53,Pakistan,1991,115110,USD (1),mar,1991
53,Pakistan,1992,101000,USD (1),mar,1992
53,Pakistan,1993,72960,USD (1),mar,1993
53,Pakistan,1994,32710,USD (1),mar,1994
53,Pakistan,1995,41210,USD (1),mar,1995
53,Pakistan,1996,52410,USD (1),mar,1996
53,Pakistan,1997,57220,USD (1),mar,1997
53,Pakistan,1998,60460,USD (1),mar,1998
53,Pakistan,1999,69240,USD (1),mar,1999
53,Pakistan,2000,92550,USD (1),mar,2000
53,Pakistan,2001,71720,USD (1),mar,2001
53,Pakistan,2002,50890,USD (1),mar,2002
53,Pakistan,2003,54140,USD (1),mar,2003
53,Pakistan,2004,70000,USD (1),mar,2004
53,Pakistan,2005,75600,USD (1),mar,2005
53,Pakistan,2006,112810,USD (1),mar,2006
53,Pakistan,2007,128750,USD (1),mar,2007
53,Pakistan,2008,126640,USD (1),mar,2008
53,Pakistan,2009,188100,USD (1),mar,2009
53,Pakistan,2010,202000,USD (1),mar,2010
53,Pakistan,2011,248080,USD (1),mar,2011
53,Pakistan,2012,271750,USD (1),mar,2012
53,Pakistan,2013,265590,USD (1),mar,2013
53,Pakistan,2014,277550,USD (1),mar,2014
53,Pakistan,2015,284850,USD (1),mar,2015
53,Pakistan,2016,294700,USD (1),mar,2016
53,Pakistan,2017,304590,USD (1),mar,2017
53,Pakistan,2018,269910,USD (1),mar,2018
53,Pakistan,2019,232960,USD (1),mar,2019
53,Pakistan,2020,230760,USD (1),mar,2020
53,Pakistan,2021,232740,USD (1),mar,2021
53,Pakistan,2022,197100,USD (1),mar,2022
8,Palau,1984,27000,USD (1),mar,1984
8,Palau,1985,27000,USD (1),mar,1985
8,Palau,1986,27000,USD (1),mar,1986
8,Palau,1987,27000,USD (1),mar,1987
8,Palau,1988,27000,USD (1),mar,1988
8,Palau,1989,27000,USD (1),mar,1989
8,Palau,1990,19000,USD (1),mar,1990
8,Palau,1991,19000,USD (1),mar,1991
8,Palau,1992,19000,USD (1),mar,1992
8,Palau,1993,19000,USD (1),mar,1993
8,Palau,1994,27000,USD (1),mar,1994
8,Palau,1995,27000,USD (1),mar,1995
8,Palau,1996,19000,USD (1),mar,1996
8,Palau,1997,19000,USD (1),mar,1997
8,Palau,1998,10000,USD (1),mar,1998
8,Palau,1999,10000,USD (1),mar,1999
8,Palau,2000,19000,USD (1),mar,2000
8,Palau,2001,19000,USD (1),mar,2001
8,Palau,2002,38600,USD (1),mar,2002
8,Palau,2003,31800,USD (1),mar,2003
8,Palau,2004,22860,USD (1),mar,2004
8,Palau,2005,21300,USD (1),mar,2005
8,Palau,2006,21300,USD (1),mar,2006
8,Palau,2007,79840,USD (1),mar,2007
8,Palau,2008,73140,USD (1),mar,2008
8,Palau,2009,152890.00000000003,USD (1),mar,2009
8,Palau,2010,130669.99999999999,USD (1),mar,2010
8,Palau,2011,136520,USD (1),mar,2011
8,Palau,2012,218230,USD (1),mar,2012
8,Palau,2013,120350,USD (1),mar,2013
8,Palau,2014,183740,USD (1),mar,2014
8,Palau,2015,157920.00000000003,USD (1),mar,2015
8,Palau,2016,130340,USD (1),mar,2016
8,Palau,2017,119320.00000000001,USD (1),mar,2017
8,Palau,2018,130340,USD (1),mar,2018
8,Palau,2019,105000,USD (1),mar,2019
8,Palau,2020,92000,USD (1),mar,2020
8,Palau,2021,69200,USD (1),mar,2021
8,Palau,2022,62000,USD (1),mar,2022
129,Panama,1984,11018700,USD (1),mar,1984
129,Panama,1985,20320300,USD (1),mar,1985
129,Panama,1986,25500000,USD (1),mar,1986
129,Panama,1987,24140000,USD (1),mar,1987
129,Panama,1988,26452500,USD (1),mar,1988
129,Panama,1989,17475000,USD (1),mar,1989
129,Panama,1990,26613500,USD (1),mar,1990
129,Panama,1991,29438000,USD (1),mar,1991
129,Panama,1992,22958500,USD (1),mar,1992
129,Panama,1993,31915000,USD (1),mar,1993
129,Panama,1994,38526250,USD (1),mar,1994
129,Panama,1995,33177600,USD (1),mar,1995
129,Panama,1996,31850000,USD (1),mar,1996
129,Panama,1997,35673000,USD (1),mar,1997
129,Panama,1998,37746720,USD (1),mar,1998
129,Panama,1999,8849280,USD (1),mar,1999
129,Panama,2000,4630560,USD (1),mar,2000
129,Panama,2001,10697500,USD (1),mar,2001
129,Panama,2002,17253500,USD (1),mar,2002
129,Panama,2003,28083000,USD (1),mar,2003
129,Panama,2004,30061000,USD (1),mar,2004
129,Panama,2005,27327300,USD (1),mar,2005
129,Panama,2006,31442750,USD (1),mar,2006
129,Panama,2007,32927100,USD (1),mar,2007
129,Panama,2008,36341860,USD (1),mar,2008
129,Panama,2009,29221790,USD (1),mar,2009
129,Panama,2010,27628040,USD (1),mar,2010
129,Panama,2011,31529990,USD (1),mar,2011
129,Panama,2012,34627920,USD (1),mar,2012
129,Panama,2013,40552380.00000001,USD (1),mar,2013
129,Panama,2014,56081170,USD (1),mar,2014
129,Panama,2015,52758670,USD (1),mar,2015
129,Panama,2016,51081280,USD (1),mar,2016
129,Panama,2017,58083340,USD (1),mar,2017
129,Panama,2018,51157830,USD (1),mar,2018
129,Panama,2019,41827820,USD (1),mar,2019
129,Panama,2020,21372000,USD (1),mar,2020
129,Panama,2021,34882900,USD (1),mar,2021
129,Panama,2022,68519000,USD (1),mar,2022
17,Papua New Guinea,1984,1000,USD (1),mar,1984
17,Papua New Guinea,1985,1000,USD (1),mar,1985
17,Papua New Guinea,1986,1000,USD (1),mar,1986
17,Papua New Guinea,1987,1000,USD (1),mar,1987
17,Papua New Guinea,1988,1000,USD (1),mar,1988
17,Papua New Guinea,1989,1000,USD (1),mar,1989
17,Papua New Guinea,1990,100,USD (1),mar,1990
17,Papua New Guinea,1991,100,USD (1),mar,1991
17,Papua New Guinea,1992,100,USD (1),mar,1992
17,Papua New Guinea,1993,100,USD (1),mar,1993
17,Papua New Guinea,1994,100,USD (1),mar,1994
17,Papua New Guinea,1995,100,USD (1),mar,1995
17,Papua New Guinea,1996,100,USD (1),mar,1996
17,Papua New Guinea,1997,100,USD (1),mar,1997
17,Papua New Guinea,1998,100,USD (1),mar,1998
17,Papua New Guinea,1999,100,USD (1),mar,1999
17,Papua New Guinea,2000,100,USD (1),mar,2000
17,Papua New Guinea,2001,100,USD (1),mar,2001
17,Papua New Guinea,2002,10100,USD (1),mar,2002
17,Papua New Guinea,2003,10100,USD (1),mar,2003
17,Papua New Guinea,2004,10000,USD (1),mar,2004
17,Papua New Guinea,2005,10000,USD (1),mar,2005
17,Papua New Guinea,2006,10000,USD (1),mar,2006
17,Papua New Guinea,2007,10000,USD (1),mar,2007
17,Papua New Guinea,2008,199100,USD (1),mar,2008
17,Papua New Guinea,2009,185270,USD (1),mar,2009
17,Papua New Guinea,2010,368470,USD (1),mar,2010
17,Papua New Guinea,2011,132850,USD (1),mar,2011
17,Papua New Guinea,2012,275000,USD (1),mar,2012
17,Papua New Guinea,2013,287360,USD (1),mar,2013
17,Papua New Guinea,2014,286420,USD (1),mar,2014
17,Papua New Guinea,2015,254650,USD (1),mar,2015
17,Papua New Guinea,2016,145220,USD (1),mar,2016
17,Papua New Guinea,2017,90980,USD (1),mar,2017
17,Papua New Guinea,2018,37379.99999999999,USD (1),mar,2018
17,Papua New Guinea,2019,24090,USD (1),mar,2019
17,Papua New Guinea,2020,25500,USD (1),mar,2020
17,Papua New Guinea,2021,25140,USD (1),mar,2021
17,Papua New Guinea,2022,29369.999999999996,USD (1),mar,2022
138,Peru,1984,14084000,USD (1),mar,1984
138,Peru,1985,35913000,USD (1),mar,1985
138,Peru,1986,11444000,USD (1),mar,1986
138,Peru,1987,20453000,USD (1),mar,1987
138,Peru,1988,23450000,USD (1),mar,1988
138,Peru,1989,22394500,USD (1),mar,1989
138,Peru,1990,17710000,USD (1),mar,1990
138,Peru,1991,31040000,USD (1),mar,1991
138,Peru,1992,20655000,USD (1),mar,1992
138,Peru,1993,20099500,USD (1),mar,1993
138,Peru,1994,33099000,USD (1),mar,1994
138,Peru,1995,41314050,USD (1),mar,1995
138,Peru,1996,56673750,USD (1),mar,1996
138,Peru,1997,46574240,USD (1),mar,1997
138,Peru,1998,38080930,USD (1),mar,1998
138,Peru,1999,61633520,USD (1),mar,1999
138,Peru,2000,33742270,USD (1),mar,2000
138,Peru,2001,38853710,USD (1),mar,2001
138,Peru,2002,64018710,USD (1),mar,2002
138,Peru,2003,71947970,USD (1),mar,2003
138,Peru,2004,105181260,USD (1),mar,2004
138,Peru,2005,140390830,USD (1),mar,2005
138,Peru,2006,157421199.99999997,USD (1),mar,2006
138,Peru,2007,245001670,USD (1),mar,2007
138,Peru,2008,239830890,USD (1),mar,2008
138,Peru,2009,239614680,USD (1),mar,2009
138,Peru,2010,603194550,USD (1),mar,2010
138,Peru,2011,583978980,USD (1),mar,2011
138,Peru,2012,356584100,USD (1),mar,2012
138,Peru,2013,745476149.9999999,USD (1),mar,2013
138,Peru,2014,655081810,USD (1),mar,2014
138,Peru,2015,267633469.99999997,USD (1),mar,2015
138,Peru,2016,265722400.00000003,USD (1),mar,2016
138,Peru,2017,218229419.99999997,USD (1),mar,2017
138,Peru,2018,419881830,USD (1),mar,2018
138,Peru,2019,299887550,USD (1),mar,2019
138,Peru,2020,197848080,USD (1),mar,2020
138,Peru,2021,204098210,USD (1),mar,2021
138,Peru,2022,195001830.00000003,USD (1),mar,2022
15,Philippines,1984,358664240,USD (1),mar,1984
15,Philippines,1985,403111480,USD (1),mar,1985
15,Philippines,1986,443022009.99999994,USD (1),mar,1986
15,Philippines,1987,499395520,USD (1),mar,1987
15,Philippines,1988,658008370,USD (1),mar,1988
15,Philippines,1989,635083750,USD (1),mar,1989
15,Philippines,1990,748828830.0000001,USD (1),mar,1990
15,Philippines,1991,722021590,USD (1),mar,1991
15,Philippines,1992,821449050,USD (1),mar,1992
15,Philippines,1993,931205269.9999999,USD (1),mar,1993
15,Philippines,1994,1138921650,USD (1),mar,1994
15,Philippines,1995,1145974030,USD (1),mar,1995
15,Philippines,1996,1108231720,USD (1),mar,1996
15,Philippines,1997,770869460,USD (1),mar,1997
15,Philippines,1998,540315190,USD (1),mar,1998
15,Philippines,1999,616022670,USD (1),mar,1999
15,Philippines,2000,612716620,USD (1),mar,2000
15,Philippines,2001,611919910,USD (1),mar,2001
15,Philippines,2002,569226990,USD (1),mar,2002
15,Philippines,2003,534607850,USD (1),mar,2003
15,Philippines,2004,632980670,USD (1),mar,2004
15,Philippines,2005,704957430,USD (1),mar,2005
15,Philippines,2006,875258370,USD (1),mar,2006
15,Philippines,2007,987446360,USD (1),mar,2007
15,Philippines,2008,1434642800,USD (1),mar,2008
15,Philippines,2009,1271984960,USD (1),mar,2009
15,Philippines,2010,1400465660,USD (1),mar,2010
15,Philippines,2011,1538496810,USD (1),mar,2011
15,Philippines,2012,1672192990,USD (1),mar,2012
15,Philippines,2013,1683301300,USD (1),mar,2013
15,Philippines,2014,1647380880.0000002,USD (1),mar,2014
15,Philippines,2015,1570123780,USD (1),mar,2015
15,Philippines,2016,1486204970,USD (1),mar,2016
15,Philippines,2017,1532011710,USD (1),mar,2017
15,Philippines,2018,1619177580,USD (1),mar,2018
15,Philippines,2019,1777153589.9999998,USD (1),mar,2019
15,Philippines,2020,1815271740,USD (1),mar,2020
15,Philippines,2021,2089772710,USD (1),mar,2021
15,Philippines,2022,1867283940,USD (1),mar,2022
183,Portugal,1984,28991310,USD (1),mar,1984
183,Portugal,1985,24936720,USD (1),mar,1985
183,Portugal,1986,48761980,USD (1),mar,1986
183,Portugal,1987,51914980,USD (1),mar,1987
183,Portugal,1988,50981250,USD (1),mar,1988
183,Portugal,1989,68323410,USD (1),mar,1989
183,Portugal,1990,19551280.000000004,USD (1),mar,1990
183,Portugal,1991,30779910,USD (1),mar,1991
183,Portugal,1992,38883000,USD (1),mar,1992
183,Portugal,1993,26772920.000000004,USD (1),mar,1993
183,Portugal,1994,25709800,USD (1),mar,1994
183,Portugal,1995,24928300,USD (1),mar,1995
183,Portugal,1996,26848300,USD (1),mar,1996
183,Portugal,1997,44574900,USD (1),mar,1997
183,Portugal,1998,46776200,USD (1),mar,1998
183,Portugal,1999,35657200,USD (1),mar,1999
183,Portugal,2000,46176900,USD (1),mar,2000
183,Portugal,2001,51502600,USD (1),mar,2001
183,Portugal,2002,39717390,USD (1),mar,2002
183,Portugal,2003,38909550,USD (1),mar,2003
183,Portugal,2004,34619710,USD (1),mar,2004
183,Portugal,2005,40637400,USD (1),mar,2005
183,Portugal,2006,51704730,USD (1),mar,2006
183,Portugal,2007,51655590.00000001,USD (1),mar,2007
183,Portugal,2008,58003510,USD (1),mar,2008
183,Portugal,2009,46724330,USD (1),mar,2009
183,Portugal,2010,60416680,USD (1),mar,2010
183,Portugal,2011,77525230,USD (1),mar,2011
183,Portugal,2012,67099170,USD (1),mar,2012
183,Portugal,2013,70289770,USD (1),mar,2013
183,Portugal,2014,66553970,USD (1),mar,2014
183,Portugal,2015,57883900,USD (1),mar,2015
183,Portugal,2016,64969890,USD (1),mar,2016
183,Portugal,2017,91846190,USD (1),mar,2017
183,Portugal,2018,113383350,USD (1),mar,2018
183,Portugal,2019,112801720,USD (1),mar,2019
183,Portugal,2020,153144380,USD (1),mar,2020
183,Portugal,2021,187352510,USD (1),mar,2021
183,Portugal,2022,176543250,USD (1),mar,2022
20,South Korea,1984,240374240,USD (1),mar,1984
20,South Korea,1985,247031050,USD (1),mar,1985
20,South Korea,1986,286104050,USD (1),mar,1986
20,South Korea,1987,377233730.00000006,USD (1),mar,1987
20,South Korea,1988,492257950,USD (1),mar,1988
20,South Korea,1989,473218160,USD (1),mar,1989
20,South Korea,1990,535822090.00000006,USD (1),mar,1990
20,South Korea,1991,636289929.9999999,USD (1),mar,1991
20,South Korea,1992,760375050,USD (1),mar,1992
20,South Korea,1993,716245640,USD (1),mar,1993
20,South Korea,1994,884465710,USD (1),mar,1994
20,South Korea,1995,802838280,USD (1),mar,1995
20,South Korea,1996,845680580,USD (1),mar,1996
20,South Korea,1997,1101734880,USD (1),mar,1997
20,South Korea,1998,677967250,USD (1),mar,1998
20,South Korea,1999,706699770,USD (1),mar,1999
20,South Korea,2000,616820780,USD (1),mar,2000
20,South Korea,2001,555896700,USD (1),mar,2001
20,South Korea,2002,635665270,USD (1),mar,2002
20,South Korea,2003,979260310,USD (1),mar,2003
20,South Korea,2004,1064690620.0000001,USD (1),mar,2004
20,South Korea,2005,1321444950,USD (1),mar,2005
20,South Korea,2006,1519298670,USD (1),mar,2006
20,South Korea,2007,1707946990,USD (1),mar,2007
20,South Korea,2008,1401294190,USD (1),mar,2008
20,South Korea,2009,1458566390,USD (1),mar,2009
20,South Korea,2010,1569740000,USD (1),mar,2010
20,South Korea,2011,1618105390.0000002,USD (1),mar,2011
20,South Korea,2012,1561254099.9999998,USD (1),mar,2012
20,South Korea,2013,1595616500,USD (1),mar,2013
20,South Korea,2014,1864580000,USD (1),mar,2014
20,South Korea,2015,1858164410,USD (1),mar,2015
20,South Korea,2016,1997588390,USD (1),mar,2016
20,South Korea,2017,2574990730,USD (1),mar,2017
20,South Korea,2018,2779280830,USD (1),mar,2018
20,South Korea,2019,2385912260,USD (1),mar,2019
20,South Korea,2020,2452429150,USD (1),mar,2020
20,South Korea,2021,2846183570,USD (1),mar,2021
20,South Korea,2022,2620564710,USD (1),mar,2022
72,Romania,1984,2430,USD (1),mar,1984
72,Romania,1985,2430,USD (1),mar,1985
72,Romania,1986,2430,USD (1),mar,1986
72,Romania,1987,2430,USD (1),mar,1987
72,Romania,1988,2430,USD (1),mar,1988
72,Romania,1989,2430,USD (1),mar,1989
72,Romania,1990,2430,USD (1),mar,1990
72,Romania,1991,2430,USD (1),mar,1991
72,Romania,1992,2430,USD (1),mar,1992
72,Romania,1993,2430,USD (1),mar,1993
72,Romania,1994,2430,USD (1),mar,1994
72,Romania,1995,2430,USD (1),mar,1995
72,Romania,1996,2430,USD (1),mar,1996
72,Romania,1997,2430,USD (1),mar,1997
72,Romania,1998,2430,USD (1),mar,1998
72,Romania,1999,2430,USD (1),mar,1999
72,Romania,2000,2430,USD (1),mar,2000
72,Romania,2001,2430,USD (1),mar,2001
72,Romania,2002,2430,USD (1),mar,2002
72,Romania,2003,2430,USD (1),mar,2003
72,Romania,2004,2430,USD (1),mar,2004
72,Romania,2005,2430,USD (1),mar,2005
72,Romania,2006,2430,USD (1),mar,2006
72,Romania,2007,2430,USD (1),mar,2007
72,Romania,2008,2430,USD (1),mar,2008
72,Romania,2009,2430,USD (1),mar,2009
72,Romania,2010,2430,USD (1),mar,2010
72,Romania,2011,2430,USD (1),mar,2011
72,Romania,2012,14260,USD (1),mar,2012
72,Romania,2013,31360.000000000004,USD (1),mar,2013
72,Romania,2014,152210,USD (1),mar,2014
72,Romania,2015,181060,USD (1),mar,2015
72,Romania,2016,162330,USD (1),mar,2016
72,Romania,2017,162330,USD (1),mar,2017
72,Romania,2018,162330,USD (1),mar,2018
72,Romania,2019,162330,USD (1),mar,2019
72,Romania,2020,162330,USD (1),mar,2020
72,Romania,2021,162330,USD (1),mar,2021
72,Romania,2022,162330,USD (1),mar,2022
32,Reunion,1984,189400,USD (1),mar,1984
32,Reunion,1985,180500,USD (1),mar,1985
32,Reunion,1986,243210,USD (1),mar,1986
32,Reunion,1987,282340,USD (1),mar,1987
32,Reunion,1988,277690,USD (1),mar,1988
32,Reunion,1989,329860,USD (1),mar,1989
32,Reunion,1990,260500,USD (1),mar,1990
32,Reunion,1991,270100,USD (1),mar,1991
32,Reunion,1992,180100,USD (1),mar,1992
32,Reunion,1993,95100,USD (1),mar,1993
32,Reunion,1994,50100,USD (1),mar,1994
32,Reunion,1995,200,USD (1),mar,1995
32,Reunion,1996,200,USD (1),mar,1996
32,Reunion,1997,105700,USD (1),mar,1997
32,Reunion,1998,105200,USD (1),mar,1998
32,Reunion,1999,105200,USD (1),mar,1999
32,Reunion,2000,105200,USD (1),mar,2000
32,Reunion,2001,176010,USD (1),mar,2001
32,Reunion,2002,96880,USD (1),mar,2002
32,Reunion,2003,270120,USD (1),mar,2003
32,Reunion,2004,186260.00000000003,USD (1),mar,2004
32,Reunion,2005,372880,USD (1),mar,2005
32,Reunion,2006,376330,USD (1),mar,2006
32,Reunion,2007,342620,USD (1),mar,2007
32,Reunion,2008,367690,USD (1),mar,2008
32,Reunion,2009,306850,USD (1),mar,2009
32,Reunion,2010,331430,USD (1),mar,2010
32,Reunion,2011,375830.00000000006,USD (1),mar,2011
32,Reunion,2012,346890,USD (1),mar,2012
32,Reunion,2013,59770,USD (1),mar,2013
32,Reunion,2014,59780,USD (1),mar,2014
32,Reunion,2015,49930,USD (1),mar,2015
32,Reunion,2016,49810,USD (1),mar,2016
32,Reunion,2017,16950,USD (1),mar,2017
32,Reunion,2018,17710,USD (1),mar,2018
32,Reunion,2019,16790,USD (1),mar,2019
32,Reunion,2020,17130,USD (1),mar,2020
32,Reunion,2021,17130,USD (1),mar,2021
32,Reunion,2022,17130,USD (1),mar,2022
119,Saint Kitts and Nevis,1984,18000,USD (1),mar,1984
119,Saint Kitts and Nevis,1985,18000,USD (1),mar,1985
119,Saint Kitts and Nevis,1986,18000,USD (1),mar,1986
119,Saint Kitts and Nevis,1987,18000,USD (1),mar,1987
119,Saint Kitts and Nevis,1988,18000,USD (1),mar,1988
119,Saint Kitts and Nevis,1989,18000,USD (1),mar,1989
119,Saint Kitts and Nevis,1990,18000,USD (1),mar,1990
119,Saint Kitts and Nevis,1991,18000,USD (1),mar,1991
119,Saint Kitts and Nevis,1992,17138.75,USD (1),mar,1992
119,Saint Kitts and Nevis,1993,16277.5,USD (1),mar,1993
119,Saint Kitts and Nevis,1994,15416.25,USD (1),mar,1994
119,Saint Kitts and Nevis,1995,14555,USD (1),mar,1995
119,Saint Kitts and Nevis,1996,13693.75,USD (1),mar,1996
119,Saint Kitts and Nevis,1997,12832.5,USD (1),mar,1997
119,Saint Kitts and Nevis,1998,11971.25,USD (1),mar,1998
119,Saint Kitts and Nevis,1999,11110,USD (1),mar,1999
119,Saint Kitts and Nevis,2000,11110,USD (1),mar,2000
119,Saint Kitts and Nevis,2001,11110,USD (1),mar,2001
119,Saint Kitts and Nevis,2002,11110,USD (1),mar,2002
119,Saint Kitts and Nevis,2003,11110,USD (1),mar,2003
119,Saint Kitts and Nevis,2004,11110,USD (1),mar,2004
119,Saint Kitts and Nevis,2005,11110,USD (1),mar,2005
119,Saint Kitts and Nevis,2006,11110,USD (1),mar,2006
119,Saint Kitts and Nevis,2007,11110,USD (1),mar,2007
119,Saint Kitts and Nevis,2008,11110,USD (1),mar,2008
119,Saint Kitts and Nevis,2009,11110,USD (1),mar,2009
119,Saint Kitts and Nevis,2010,11110,USD (1),mar,2010
119,Saint Kitts and Nevis,2011,11420,USD (1),mar,2011
119,Saint Kitts and Nevis,2012,11480,USD (1),mar,2012
119,Saint Kitts and Nevis,2013,11480,USD (1),mar,2013
119,Saint Kitts and Nevis,2014,11980,USD (1),mar,2014
119,Saint Kitts and Nevis,2015,12730,USD (1),mar,2015
119,Saint Kitts and Nevis,2016,11480,USD (1),mar,2016
119,Saint Kitts and Nevis,2017,12730,USD (1),mar,2017
119,Saint Kitts and Nevis,2018,12570,USD (1),mar,2018
119,Saint Kitts and Nevis,2019,12570,USD (1),mar,2019
119,Saint Kitts and Nevis,2020,13670,USD (1),mar,2020
119,Saint Kitts and Nevis,2021,13670,USD (1),mar,2021
119,Saint Kitts and Nevis,2022,19410,USD (1),mar,2022
122,Saint Lucia,1984,30000,USD (1),mar,1984
122,Saint Lucia,1985,30000,USD (1),mar,1985
122,Saint Lucia,1986,30000,USD (1),mar,1986
122,Saint Lucia,1987,30000,USD (1),mar,1987
122,Saint Lucia,1988,52890,USD (1),mar,1988
122,Saint Lucia,1989,12400,USD (1),mar,1989
122,Saint Lucia,1990,12800,USD (1),mar,1990
122,Saint Lucia,1991,12800,USD (1),mar,1991
122,Saint Lucia,1992,6400,USD (1),mar,1992
122,Saint Lucia,1993,2310,USD (1),mar,1993
122,Saint Lucia,1994,3300,USD (1),mar,1994
122,Saint Lucia,1995,3300,USD (1),mar,1995
122,Saint Lucia,1996,3000,USD (1),mar,1996
122,Saint Lucia,1997,42800,USD (1),mar,1997
122,Saint Lucia,1998,82600,USD (1),mar,1998
122,Saint Lucia,1999,122400,USD (1),mar,1999
122,Saint Lucia,2000,73800,USD (1),mar,2000
122,Saint Lucia,2001,25200,USD (1),mar,2001
122,Saint Lucia,2002,14080,USD (1),mar,2002
122,Saint Lucia,2003,17600,USD (1),mar,2003
122,Saint Lucia,2004,5390,USD (1),mar,2004
122,Saint Lucia,2005,17110,USD (1),mar,2005
122,Saint Lucia,2006,12890,USD (1),mar,2006
122,Saint Lucia,2007,10100,USD (1),mar,2007
122,Saint Lucia,2008,11080,USD (1),mar,2008
122,Saint Lucia,2009,19720,USD (1),mar,2009
122,Saint Lucia,2010,27660,USD (1),mar,2010
122,Saint Lucia,2011,17760,USD (1),mar,2011
122,Saint Lucia,2012,21910,USD (1),mar,2012
122,Saint Lucia,2013,42370,USD (1),mar,2013
122,Saint Lucia,2014,76300,USD (1),mar,2014
122,Saint Lucia,2015,12780,USD (1),mar,2015
122,Saint Lucia,2016,29440,USD (1),mar,2016
122,Saint Lucia,2017,77780,USD (1),mar,2017
122,Saint Lucia,2018,333330,USD (1),mar,2018
122,Saint Lucia,2019,949070,USD (1),mar,2019
122,Saint Lucia,2020,1827000,USD (1),mar,2020
122,Saint Lucia,2021,3636490,USD (1),mar,2021
122,Saint Lucia,2022,2171060,USD (1),mar,2022
219,Saint Pierre and Miquelon,1984,8350,USD (1),mar,1984
219,Saint Pierre and Miquelon,1985,8350,USD (1),mar,1985
219,Saint Pierre and Miquelon,1986,8350,USD (1),mar,1986
219,Saint Pierre and Miquelon,1987,8350,USD (1),mar,1987
219,Saint Pierre and Miquelon,1988,8350,USD (1),mar,1988
219,Saint Pierre and Miquelon,1989,8350,USD (1),mar,1989
219,Saint Pierre and Miquelon,1990,8350,USD (1),mar,1990
219,Saint Pierre and Miquelon,1991,8350,USD (1),mar,1991
219,Saint Pierre and Miquelon,1992,8350,USD (1),mar,1992
219,Saint Pierre and Miquelon,1993,8350,USD (1),mar,1993
219,Saint Pierre and Miquelon,1994,8350,USD (1),mar,1994
219,Saint Pierre and Miquelon,1995,8350,USD (1),mar,1995
219,Saint Pierre and Miquelon,1996,8350,USD (1),mar,1996
219,Saint Pierre and Miquelon,1997,8350,USD (1),mar,1997
219,Saint Pierre and Miquelon,1998,8350,USD (1),mar,1998
219,Saint Pierre and Miquelon,1999,8350,USD (1),mar,1999
219,Saint Pierre and Miquelon,2000,8350,USD (1),mar,2000
219,Saint Pierre and Miquelon,2001,8350,USD (1),mar,2001
219,Saint Pierre and Miquelon,2002,8350,USD (1),mar,2002
219,Saint Pierre and Miquelon,2003,8350,USD (1),mar,2003
219,Saint Pierre and Miquelon,2004,8350,USD (1),mar,2004
219,Saint Pierre and Miquelon,2005,8350,USD (1),mar,2005
219,Saint Pierre and Miquelon,2006,8350,USD (1),mar,2006
219,Saint Pierre and Miquelon,2007,8350,USD (1),mar,2007
219,Saint Pierre and Miquelon,2008,8350,USD (1),mar,2008
219,Saint Pierre and Miquelon,2009,8350,USD (1),mar,2009
219,Saint Pierre and Miquelon,2010,8350,USD (1),mar,2010
219,Saint Pierre and Miquelon,2011,8350,USD (1),mar,2011
219,Saint Pierre and Miquelon,2012,11560,USD (1),mar,2012
219,Saint Pierre and Miquelon,2013,19920,USD (1),mar,2013
219,Saint Pierre and Miquelon,2014,565940,USD (1),mar,2014
219,Saint Pierre and Miquelon,2015,6660,USD (1),mar,2015
219,Saint Pierre and Miquelon,2016,6640,USD (1),mar,2016
219,Saint Pierre and Miquelon,2017,745590,USD (1),mar,2017
219,Saint Pierre and Miquelon,2018,434000,USD (1),mar,2018
219,Saint Pierre and Miquelon,2019,434000,USD (1),mar,2019
219,Saint Pierre and Miquelon,2020,434000,USD (1),mar,2020
219,Saint Pierre and Miquelon,2021,434000,USD (1),mar,2021
219,Saint Pierre and Miquelon,2022,434000,USD (1),mar,2022
127,Saint Vincent and the Grenadines,1984,1250,USD (1),mar,1984
127,Saint Vincent and the Grenadines,1985,1250,USD (1),mar,1985
127,Saint Vincent and the Grenadines,1986,1250,USD (1),mar,1986
127,Saint Vincent and the Grenadines,1987,1250,USD (1),mar,1987
127,Saint Vincent and the Grenadines,1988,1250,USD (1),mar,1988
127,Saint Vincent and the Grenadines,1989,1250,USD (1),mar,1989
127,Saint Vincent and the Grenadines,1990,1250,USD (1),mar,1990
127,Saint Vincent and the Grenadines,1991,1250,USD (1),mar,1991
127,Saint Vincent and the Grenadines,1992,1250,USD (1),mar,1992
127,Saint Vincent and the Grenadines,1993,1250,USD (1),mar,1993
127,Saint Vincent and the Grenadines,1994,1250,USD (1),mar,1994
127,Saint Vincent and the Grenadines,1995,1250,USD (1),mar,1995
127,Saint Vincent and the Grenadines,1996,1250,USD (1),mar,1996
127,Saint Vincent and the Grenadines,1997,1250,USD (1),mar,1997
127,Saint Vincent and the Grenadines,1998,1250,USD (1),mar,1998
127,Saint Vincent and the Grenadines,1999,1250,USD (1),mar,1999
127,Saint Vincent and the Grenadines,2000,1250,USD (1),mar,2000
127,Saint Vincent and the Grenadines,2001,1250,USD (1),mar,2001
127,Saint Vincent and the Grenadines,2002,1250,USD (1),mar,2002
127,Saint Vincent and the Grenadines,2003,1250,USD (1),mar,2003
127,Saint Vincent and the Grenadines,2004,1250,USD (1),mar,2004
127,Saint Vincent and the Grenadines,2005,1250,USD (1),mar,2005
127,Saint Vincent and the Grenadines,2006,1250,USD (1),mar,2006
127,Saint Vincent and the Grenadines,2007,1250,USD (1),mar,2007
127,Saint Vincent and the Grenadines,2008,1250,USD (1),mar,2008
127,Saint Vincent and the Grenadines,2009,1250,USD (1),mar,2009
127,Saint Vincent and the Grenadines,2010,1250,USD (1),mar,2010
127,Saint Vincent and the Grenadines,2011,1250,USD (1),mar,2011
127,Saint Vincent and the Grenadines,2012,1250,USD (1),mar,2012
127,Saint Vincent and the Grenadines,2013,1250,USD (1),mar,2013
127,Saint Vincent and the Grenadines,2014,3500,USD (1),mar,2014
127,Saint Vincent and the Grenadines,2015,3500,USD (1),mar,2015
127,Saint Vincent and the Grenadines,2016,3500,USD (1),mar,2016
127,Saint Vincent and the Grenadines,2017,2750,USD (1),mar,2017
127,Saint Vincent and the Grenadines,2018,2780,USD (1),mar,2018
127,Saint Vincent and the Grenadines,2019,670,USD (1),mar,2019
127,Saint Vincent and the Grenadines,2020,36310,USD (1),mar,2020
127,Saint Vincent and the Grenadines,2021,36110,USD (1),mar,2021
127,Saint Vincent and the Grenadines,2022,36110,USD (1),mar,2022
152,Samoa,1984,400,USD (1),mar,1984
152,Samoa,1985,400,USD (1),mar,1985
152,Samoa,1986,400,USD (1),mar,1986
152,Samoa,1987,400,USD (1),mar,1987
152,Samoa,1988,400,USD (1),mar,1988
152,Samoa,1989,400,USD (1),mar,1989
152,Samoa,1990,400,USD (1),mar,1990
152,Samoa,1991,400,USD (1),mar,1991
152,Samoa,1992,400,USD (1),mar,1992
152,Samoa,1993,400,USD (1),mar,1993
152,Samoa,1994,400,USD (1),mar,1994
152,Samoa,1995,400,USD (1),mar,1995
152,Samoa,1996,400,USD (1),mar,1996
152,Samoa,1997,400,USD (1),mar,1997
152,Samoa,1998,400,USD (1),mar,1998
152,Samoa,1999,400,USD (1),mar,1999
152,Samoa,2000,200,USD (1),mar,2000
152,Samoa,2001,200,USD (1),mar,2001
152,Samoa,2002,200,USD (1),mar,2002
152,Samoa,2003,200,USD (1),mar,2003
152,Samoa,2004,594,USD (1),mar,2004
152,Samoa,2005,988,USD (1),mar,2005
152,Samoa,2006,1382,USD (1),mar,2006
152,Samoa,2007,1776,USD (1),mar,2007
152,Samoa,2008,2170,USD (1),mar,2008
152,Samoa,2009,2564,USD (1),mar,2009
152,Samoa,2010,2958,USD (1),mar,2010
152,Samoa,2011,3352,USD (1),mar,2011
152,Samoa,2012,3746,USD (1),mar,2012
152,Samoa,2013,4140,USD (1),mar,2013
152,Samoa,2014,5960,USD (1),mar,2014
152,Samoa,2015,4930,USD (1),mar,2015
152,Samoa,2016,3900,USD (1),mar,2016
152,Samoa,2017,10969.999999999998,USD (1),mar,2017
152,Samoa,2018,10830,USD (1),mar,2018
152,Samoa,2019,10560,USD (1),mar,2019
152,Samoa,2020,3800,USD (1),mar,2020
152,Samoa,2021,3910,USD (1),mar,2021
152,Samoa,2022,7440,USD (1),mar,2022
50,Saudi Arabia,1984,91580,USD (1),mar,1984
50,Saudi Arabia,1985,91580,USD (1),mar,1985
50,Saudi Arabia,1986,91580,USD (1),mar,1986
50,Saudi Arabia,1987,85030,USD (1),mar,1987
50,Saudi Arabia,1988,136070,USD (1),mar,1988
50,Saudi Arabia,1989,196250,USD (1),mar,1989
50,Saudi Arabia,1990,473770,USD (1),mar,1990
50,Saudi Arabia,1991,1291100,USD (1),mar,1991
50,Saudi Arabia,1992,2001700,USD (1),mar,1992
50,Saudi Arabia,1993,2118200,USD (1),mar,1993
50,Saudi Arabia,1994,200470,USD (1),mar,1994
50,Saudi Arabia,1995,1804200,USD (1),mar,1995
50,Saudi Arabia,1996,1674410,USD (1),mar,1996
50,Saudi Arabia,1997,6814050,USD (1),mar,1997
50,Saudi Arabia,1998,14193600,USD (1),mar,1998
50,Saudi Arabia,1999,15280000,USD (1),mar,1999
50,Saudi Arabia,2000,16142600,USD (1),mar,2000
50,Saudi Arabia,2001,31613700,USD (1),mar,2001
50,Saudi Arabia,2002,35613000,USD (1),mar,2002
50,Saudi Arabia,2003,69504600,USD (1),mar,2003
50,Saudi Arabia,2004,65862899.99999999,USD (1),mar,2004
50,Saudi Arabia,2005,113393000,USD (1),mar,2005
50,Saudi Arabia,2006,141661000,USD (1),mar,2006
50,Saudi Arabia,2007,175616600,USD (1),mar,2007
50,Saudi Arabia,2008,218648500,USD (1),mar,2008
50,Saudi Arabia,2009,260641350,USD (1),mar,2009
50,Saudi Arabia,2010,260603000,USD (1),mar,2010
50,Saudi Arabia,2011,122702000,USD (1),mar,2011
50,Saudi Arabia,2012,75658000,USD (1),mar,2012
50,Saudi Arabia,2013,24705000,USD (1),mar,2013
50,Saudi Arabia,2014,142311330,USD (1),mar,2014
50,Saudi Arabia,2015,197590400,USD (1),mar,2015
50,Saudi Arabia,2016,258458670,USD (1),mar,2016
50,Saudi Arabia,2017,379018670,USD (1),mar,2017
50,Saudi Arabia,2018,515018670,USD (1),mar,2018
50,Saudi Arabia,2019,529660800.00000006,USD (1),mar,2019
50,Saudi Arabia,2020,636550930,USD (1),mar,2020
50,Saudi Arabia,2021,712306150,USD (1),mar,2021
50,Saudi Arabia,2022,739168000,USD (1),mar,2022
66,Senegal,1984,51660.00000000001,USD (1),mar,1984
66,Senegal,1985,67350,USD (1),mar,1985
66,Senegal,1986,97200,USD (1),mar,1986
66,Senegal,1987,119920,USD (1),mar,1987
66,Senegal,1988,116100.00000000001,USD (1),mar,1988
66,Senegal,1989,30130,USD (1),mar,1989
66,Senegal,1990,41430,USD (1),mar,1990
66,Senegal,1991,38670,USD (1),mar,1991
66,Senegal,1992,45540,USD (1),mar,1992
66,Senegal,1993,106179.99999999999,USD (1),mar,1993
66,Senegal,1994,99380,USD (1),mar,1994
66,Senegal,1995,240700,USD (1),mar,1995
66,Senegal,1996,293350,USD (1),mar,1996
66,Senegal,1997,216320,USD (1),mar,1997
66,Senegal,1998,206100,USD (1),mar,1998
66,Senegal,1999,650520,USD (1),mar,1999
66,Senegal,2000,65160,USD (1),mar,2000
66,Senegal,2001,73100,USD (1),mar,2001
66,Senegal,2002,71210.00000000001,USD (1),mar,2002
66,Senegal,2003,82520,USD (1),mar,2003
66,Senegal,2004,90160,USD (1),mar,2004
66,Senegal,2005,105550,USD (1),mar,2005
66,Senegal,2006,57300,USD (1),mar,2006
66,Senegal,2007,62690,USD (1),mar,2007
66,Senegal,2008,74040,USD (1),mar,2008
66,Senegal,2009,95399.99999999999,USD (1),mar,2009
66,Senegal,2010,150570,USD (1),mar,2010
66,Senegal,2011,491040,USD (1),mar,2011
66,Senegal,2012,690030,USD (1),mar,2012
66,Senegal,2013,1074920,USD (1),mar,2013
66,Senegal,2014,1657700,USD (1),mar,2014
66,Senegal,2015,2356609.9999999995,USD (1),mar,2015
66,Senegal,2016,4918190.000000001,USD (1),mar,2016
66,Senegal,2017,2082639.9999999998,USD (1),mar,2017
66,Senegal,2018,1732850.0000000002,USD (1),mar,2018
66,Senegal,2019,2129600,USD (1),mar,2019
66,Senegal,2020,1592510,USD (1),mar,2020
66,Senegal,2021,1604960,USD (1),mar,2021
66,Senegal,2022,3470090,USD (1),mar,2022
208,Singapore,1984,3732920,USD (1),mar,1984
208,Singapore,1985,2315060,USD (1),mar,1985
208,Singapore,1986,2901410,USD (1),mar,1986
208,Singapore,1987,3185080,USD (1),mar,1987
208,Singapore,1988,4924170,USD (1),mar,1988
208,Singapore,1989,5400010,USD (1),mar,1989
208,Singapore,1990,6455930,USD (1),mar,1990
208,Singapore,1991,7484380,USD (1),mar,1991
208,Singapore,1992,9188520,USD (1),mar,1992
208,Singapore,1993,8356030.000000001,USD (1),mar,1993
208,Singapore,1994,7590740,USD (1),mar,1994
208,Singapore,1995,9002150,USD (1),mar,1995
208,Singapore,1996,10660570,USD (1),mar,1996
208,Singapore,1997,6992210,USD (1),mar,1997
208,Singapore,1998,4576910,USD (1),mar,1998
208,Singapore,1999,5405220,USD (1),mar,1999
208,Singapore,2000,6355960,USD (1),mar,2000
208,Singapore,2001,5936540,USD (1),mar,2001
208,Singapore,2002,5086240,USD (1),mar,2002
208,Singapore,2003,7007950,USD (1),mar,2003
208,Singapore,2004,6798740,USD (1),mar,2004
208,Singapore,2005,7511019.999999999,USD (1),mar,2005
208,Singapore,2006,8113380,USD (1),mar,2006
208,Singapore,2007,8017200,USD (1),mar,2007
208,Singapore,2008,8117850,USD (1),mar,2008
208,Singapore,2009,7572110.000000001,USD (1),mar,2009
208,Singapore,2010,12733170,USD (1),mar,2010
208,Singapore,2011,12274750,USD (1),mar,2011
208,Singapore,2012,11239540,USD (1),mar,2012
208,Singapore,2013,24717930,USD (1),mar,2013
208,Singapore,2014,21189290,USD (1),mar,2014
208,Singapore,2015,24767820,USD (1),mar,2015
208,Singapore,2016,23301530,USD (1),mar,2016
208,Singapore,2017,26828520,USD (1),mar,2017
208,Singapore,2018,26978550,USD (1),mar,2018
208,Singapore,2019,28282670,USD (1),mar,2019
208,Singapore,2020,21640160,USD (1),mar,2020
208,Singapore,2021,26113980,USD (1),mar,2021
208,Singapore,2022,26134980,USD (1),mar,2022
188,Slovenia,1984,193600,USD (1),mar,1984
188,Slovenia,1985,193600,USD (1),mar,1985
188,Slovenia,1986,193600,USD (1),mar,1986
188,Slovenia,1987,193600,USD (1),mar,1987
188,Slovenia,1988,193600,USD (1),mar,1988
188,Slovenia,1989,193600,USD (1),mar,1989
188,Slovenia,1990,193600,USD (1),mar,1990
188,Slovenia,1991,193600,USD (1),mar,1991
188,Slovenia,1992,193600,USD (1),mar,1992
188,Slovenia,1993,232900,USD (1),mar,1993
188,Slovenia,1994,660600,USD (1),mar,1994
188,Slovenia,1995,352130,USD (1),mar,1995
188,Slovenia,1996,638040,USD (1),mar,1996
188,Slovenia,1997,764040,USD (1),mar,1997
188,Slovenia,1998,967290,USD (1),mar,1998
188,Slovenia,1999,549410,USD (1),mar,1999
188,Slovenia,2000,564860,USD (1),mar,2000
188,Slovenia,2001,580460,USD (1),mar,2001
188,Slovenia,2002,298050,USD (1),mar,2002
188,Slovenia,2003,602440,USD (1),mar,2003
188,Slovenia,2004,1153330,USD (1),mar,2004
188,Slovenia,2005,402590,USD (1),mar,2005
188,Slovenia,2006,521580.00000000006,USD (1),mar,2006
188,Slovenia,2007,422250,USD (1),mar,2007
188,Slovenia,2008,1348680,USD (1),mar,2008
188,Slovenia,2009,983989.9999999999,USD (1),mar,2009
188,Slovenia,2010,327250,USD (1),mar,2010
188,Slovenia,2011,815160,USD (1),mar,2011
188,Slovenia,2012,651380,USD (1),mar,2012
188,Slovenia,2013,668710,USD (1),mar,2013
188,Slovenia,2014,934990,USD (1),mar,2014
188,Slovenia,2015,982640,USD (1),mar,2015
188,Slovenia,2016,1059860,USD (1),mar,2016
188,Slovenia,2017,1255010,USD (1),mar,2017
188,Slovenia,2018,1406460,USD (1),mar,2018
188,Slovenia,2019,1545760,USD (1),mar,2019
188,Slovenia,2020,1105920,USD (1),mar,2020
188,Slovenia,2021,908760,USD (1),mar,2021
188,Slovenia,2022,1318880,USD (1),mar,2022
7,Solomon Islands,1984,60000,USD (1),mar,1984
7,Solomon Islands,1985,60000,USD (1),mar,1985
7,Solomon Islands,1986,60000,USD (1),mar,1986
7,Solomon Islands,1987,60000,USD (1),mar,1987
7,Solomon Islands,1988,75000,USD (1),mar,1988
7,Solomon Islands,1989,54000,USD (1),mar,1989
7,Solomon Islands,1990,125000,USD (1),mar,1990
7,Solomon Islands,1991,150000,USD (1),mar,1991
7,Solomon Islands,1992,120000,USD (1),mar,1992
7,Solomon Islands,1993,150000,USD (1),mar,1993
7,Solomon Islands,1994,208000,USD (1),mar,1994
7,Solomon Islands,1995,208000,USD (1),mar,1995
7,Solomon Islands,1996,195000,USD (1),mar,1996
7,Solomon Islands,1997,195000,USD (1),mar,1997
7,Solomon Islands,1998,195000,USD (1),mar,1998
7,Solomon Islands,1999,195000,USD (1),mar,1999
7,Solomon Islands,2000,210000,USD (1),mar,2000
7,Solomon Islands,2001,210000,USD (1),mar,2001
7,Solomon Islands,2002,230,USD (1),mar,2002
7,Solomon Islands,2003,10660,USD (1),mar,2003
7,Solomon Islands,2004,14180,USD (1),mar,2004
7,Solomon Islands,2005,40880,USD (1),mar,2005
7,Solomon Islands,2006,20640,USD (1),mar,2006
7,Solomon Islands,2007,32100,USD (1),mar,2007
7,Solomon Islands,2008,68170,USD (1),mar,2008
7,Solomon Islands,2009,204070,USD (1),mar,2009
7,Solomon Islands,2010,402570,USD (1),mar,2010
7,Solomon Islands,2011,304150,USD (1),mar,2011
7,Solomon Islands,2012,434330,USD (1),mar,2012
7,Solomon Islands,2013,708510,USD (1),mar,2013
7,Solomon Islands,2014,760220,USD (1),mar,2014
7,Solomon Islands,2015,709060,USD (1),mar,2015
7,Solomon Islands,2016,336549.99999999994,USD (1),mar,2016
7,Solomon Islands,2017,67430,USD (1),mar,2017
7,Solomon Islands,2018,216860,USD (1),mar,2018
7,Solomon Islands,2019,214010,USD (1),mar,2019
7,Solomon Islands,2020,209230.00000000003,USD (1),mar,2020
7,Solomon Islands,2021,638150,USD (1),mar,2021
7,Solomon Islands,2022,658709.9999999999,USD (1),mar,2022
102,South Africa,1984,44500,USD (1),mar,1984
102,South Africa,1985,429460,USD (1),mar,1985
102,South Africa,1986,415310,USD (1),mar,1986
102,South Africa,1987,824100,USD (1),mar,1987
102,South Africa,1988,991050,USD (1),mar,1988
102,South Africa,1989,2038600,USD (1),mar,1989
102,South Africa,1990,2918450,USD (1),mar,1990
102,South Africa,1991,3780950,USD (1),mar,1991
102,South Africa,1992,4213930,USD (1),mar,1992
102,South Africa,1993,4135890.0000000005,USD (1),mar,1993
102,South Africa,1994,4393860,USD (1),mar,1994
102,South Africa,1995,4420550,USD (1),mar,1995
102,South Africa,1996,4133700,USD (1),mar,1996
102,South Africa,1997,5706420,USD (1),mar,1997
102,South Africa,1998,7581770,USD (1),mar,1998
102,South Africa,1999,5103880,USD (1),mar,1999
102,South Africa,2000,9223430,USD (1),mar,2000
102,South Africa,2001,12868370,USD (1),mar,2001
102,South Africa,2002,12737910,USD (1),mar,2002
102,South Africa,2003,22390820,USD (1),mar,2003
102,South Africa,2004,28121960,USD (1),mar,2004
102,South Africa,2005,31216690.000000004,USD (1),mar,2005
102,South Africa,2006,31183149.999999996,USD (1),mar,2006
102,South Africa,2007,28895120,USD (1),mar,2007
102,South Africa,2008,37760960,USD (1),mar,2008
102,South Africa,2009,33895520,USD (1),mar,2009
102,South Africa,2010,52136659.99999999,USD (1),mar,2010
102,South Africa,2011,45063650,USD (1),mar,2011
102,South Africa,2012,54273590.00000001,USD (1),mar,2012
102,South Africa,2013,61014659.99999999,USD (1),mar,2013
102,South Africa,2014,50227620,USD (1),mar,2014
102,South Africa,2015,47178540,USD (1),mar,2015
102,South Africa,2016,39649830,USD (1),mar,2016
102,South Africa,2017,41127010,USD (1),mar,2017
102,South Africa,2018,69400280,USD (1),mar,2018
102,South Africa,2019,71347890,USD (1),mar,2019
102,South Africa,2020,49694790,USD (1),mar,2020
102,South Africa,2021,85024150.00000001,USD (1),mar,2021
102,South Africa,2022,82437820,USD (1),mar,2022
182,Spain,1984,167467500,USD (1),mar,1984
182,Spain,1985,186218750,USD (1),mar,1985
182,Spain,1986,187045350,USD (1),mar,1986
182,Spain,1987,185320250,USD (1),mar,1987
182,Spain,1988,205742500,USD (1),mar,1988
182,Spain,1989,242924820,USD (1),mar,1989
182,Spain,1990,247293850,USD (1),mar,1990
182,Spain,1991,247355620.00000003,USD (1),mar,1991
182,Spain,1992,178669050,USD (1),mar,1992
182,Spain,1993,130620770,USD (1),mar,1993
182,Spain,1994,156925720,USD (1),mar,1994
182,Spain,1995,195836280,USD (1),mar,1995
182,Spain,1996,191120900,USD (1),mar,1996
182,Spain,1997,182882220,USD (1),mar,1997
182,Spain,1998,215048400,USD (1),mar,1998
182,Spain,1999,235226199.99999997,USD (1),mar,1999
182,Spain,2000,256353400,USD (1),mar,2000
182,Spain,2001,259107050,USD (1),mar,2001
182,Spain,2002,222276000,USD (1),mar,2002
182,Spain,2003,228166200,USD (1),mar,2003
182,Spain,2004,339075050,USD (1),mar,2004
182,Spain,2005,287735400,USD (1),mar,2005
182,Spain,2006,326017420,USD (1),mar,2006
182,Spain,2007,380392780,USD (1),mar,2007
182,Spain,2008,519378460,USD (1),mar,2008
182,Spain,2009,482548160.00000006,USD (1),mar,2009
182,Spain,2010,479258550,USD (1),mar,2010
182,Spain,2011,554140700,USD (1),mar,2011
182,Spain,2012,487140350,USD (1),mar,2012
182,Spain,2013,510189200,USD (1),mar,2013
182,Spain,2014,567322250,USD (1),mar,2014
182,Spain,2015,515139279.99999994,USD (1),mar,2015
182,Spain,2016,559537890,USD (1),mar,2016
182,Spain,2017,594409650,USD (1),mar,2017
182,Spain,2018,637610980,USD (1),mar,2018
182,Spain,2019,644763540,USD (1),mar,2019
182,Spain,2020,590334750,USD (1),mar,2020
182,Spain,2021,694606870,USD (1),mar,2021
182,Spain,2022,782753160,USD (1),mar,2022
40,Sri Lanka,1984,50000,USD (1),mar,1984
40,Sri Lanka,1985,1250000,USD (1),mar,1985
40,Sri Lanka,1986,2000000,USD (1),mar,1986
40,Sri Lanka,1987,2500000,USD (1),mar,1987
40,Sri Lanka,1988,4348500,USD (1),mar,1988
40,Sri Lanka,1989,5250000,USD (1),mar,1989
40,Sri Lanka,1990,7800000,USD (1),mar,1990
40,Sri Lanka,1991,10800000,USD (1),mar,1991
40,Sri Lanka,1992,14000000,USD (1),mar,1992
40,Sri Lanka,1993,17500000,USD (1),mar,1993
40,Sri Lanka,1994,21700000,USD (1),mar,1994
40,Sri Lanka,1995,23303000,USD (1),mar,1995
40,Sri Lanka,1996,41593500,USD (1),mar,1996
40,Sri Lanka,1997,29120000,USD (1),mar,1997
40,Sri Lanka,1998,57376000,USD (1),mar,1998
40,Sri Lanka,1999,41867200,USD (1),mar,1999
40,Sri Lanka,2000,49006400,USD (1),mar,2000
40,Sri Lanka,2001,36239050,USD (1),mar,2001
40,Sri Lanka,2002,26086130,USD (1),mar,2002
40,Sri Lanka,2003,34119190,USD (1),mar,2003
40,Sri Lanka,2004,22374640,USD (1),mar,2004
40,Sri Lanka,2005,15372690,USD (1),mar,2005
40,Sri Lanka,2006,25090230,USD (1),mar,2006
40,Sri Lanka,2007,36649070,USD (1),mar,2007
40,Sri Lanka,2008,22417780,USD (1),mar,2008
40,Sri Lanka,2009,35277890,USD (1),mar,2009
40,Sri Lanka,2010,20268670.000000004,USD (1),mar,2010
40,Sri Lanka,2011,24718680,USD (1),mar,2011
40,Sri Lanka,2012,19540420,USD (1),mar,2012
40,Sri Lanka,2013,22486579.999999996,USD (1),mar,2013
40,Sri Lanka,2014,27791000,USD (1),mar,2014
40,Sri Lanka,2015,45512430,USD (1),mar,2015
40,Sri Lanka,2016,36516470,USD (1),mar,2016
40,Sri Lanka,2017,29395300,USD (1),mar,2017
40,Sri Lanka,2018,50008270,USD (1),mar,2018
40,Sri Lanka,2019,37500040,USD (1),mar,2019
40,Sri Lanka,2020,45070549.99999999,USD (1),mar,2020
40,Sri Lanka,2021,79937379.99999999,USD (1),mar,2021
40,Sri Lanka,2022,53158460,USD (1),mar,2022
168,Suriname,1984,2000,USD (1),mar,1984
168,Suriname,1985,2000,USD (1),mar,1985
168,Suriname,1986,2000,USD (1),mar,1986
168,Suriname,1987,2000,USD (1),mar,1987
168,Suriname,1988,2000,USD (1),mar,1988
168,Suriname,1989,2000,USD (1),mar,1989
168,Suriname,1990,2000,USD (1),mar,1990
168,Suriname,1991,2000,USD (1),mar,1991
168,Suriname,1992,2000,USD (1),mar,1992
168,Suriname,1993,2000,USD (1),mar,1993
168,Suriname,1994,2000,USD (1),mar,1994
168,Suriname,1995,2000,USD (1),mar,1995
168,Suriname,1996,2000,USD (1),mar,1996
168,Suriname,1997,2000,USD (1),mar,1997
168,Suriname,1998,863000,USD (1),mar,1998
168,Suriname,1999,1300000,USD (1),mar,1999
168,Suriname,2000,1924000,USD (1),mar,2000
168,Suriname,2001,2809600,USD (1),mar,2001
168,Suriname,2002,2809600,USD (1),mar,2002
168,Suriname,2003,1047800,USD (1),mar,2003
168,Suriname,2004,1160640,USD (1),mar,2004
168,Suriname,2005,1016400,USD (1),mar,2005
168,Suriname,2006,984600,USD (1),mar,2006
168,Suriname,2007,271790,USD (1),mar,2007
168,Suriname,2008,188570.00000000003,USD (1),mar,2008
168,Suriname,2009,243270,USD (1),mar,2009
168,Suriname,2010,447860,USD (1),mar,2010
168,Suriname,2011,667040,USD (1),mar,2011
168,Suriname,2012,602780,USD (1),mar,2012
168,Suriname,2013,650280,USD (1),mar,2013
168,Suriname,2014,660870,USD (1),mar,2014
168,Suriname,2015,626670,USD (1),mar,2015
168,Suriname,2016,227019.99999999997,USD (1),mar,2016
168,Suriname,2017,180750,USD (1),mar,2017
168,Suriname,2018,108449.99999999999,USD (1),mar,2018
168,Suriname,2019,108449.99999999999,USD (1),mar,2019
168,Suriname,2020,108449.99999999999,USD (1),mar,2020
168,Suriname,2021,108449.99999999999,USD (1),mar,2021
168,Suriname,2022,108449.99999999999,USD (1),mar,2022
222,Sweden,1984,3788640,USD (1),mar,1984
222,Sweden,1985,5257589.999999999,USD (1),mar,1985
222,Sweden,1986,9401430,USD (1),mar,1986
222,Sweden,1987,15424210,USD (1),mar,1987
222,Sweden,1988,18373480,USD (1),mar,1988
222,Sweden,1989,14395340,USD (1),mar,1989
222,Sweden,1990,16211640,USD (1),mar,1990
222,Sweden,1991,14496340,USD (1),mar,1991
222,Sweden,1992,9743060,USD (1),mar,1992
222,Sweden,1993,7824150,USD (1),mar,1993
222,Sweden,1994,10071490,USD (1),mar,1994
222,Sweden,1995,11625560,USD (1),mar,1995
222,Sweden,1996,12003250,USD (1),mar,1996
222,Sweden,1997,7693019.999999999,USD (1),mar,1997
222,Sweden,1998,6785400.000000001,USD (1),mar,1998
222,Sweden,1999,7534100,USD (1),mar,1999
222,Sweden,2000,4911190,USD (1),mar,2000
222,Sweden,2001,5794960,USD (1),mar,2001
222,Sweden,2002,5418860,USD (1),mar,2002
222,Sweden,2003,4695150.000000001,USD (1),mar,2003
222,Sweden,2004,5665390,USD (1),mar,2004
222,Sweden,2005,5935160,USD (1),mar,2005
222,Sweden,2006,7554200,USD (1),mar,2006
222,Sweden,2007,7119580,USD (1),mar,2007
222,Sweden,2008,9868200,USD (1),mar,2008
222,Sweden,2009,10666080,USD (1),mar,2009
222,Sweden,2010,9884460.000000002,USD (1),mar,2010
222,Sweden,2011,15781830,USD (1),mar,2011
222,Sweden,2012,13407369.999999998,USD (1),mar,2012
222,Sweden,2013,16604750,USD (1),mar,2013
222,Sweden,2014,14709210,USD (1),mar,2014
222,Sweden,2015,8815420,USD (1),mar,2015
222,Sweden,2016,11232039.999999998,USD (1),mar,2016
222,Sweden,2017,13774460.000000002,USD (1),mar,2017
222,Sweden,2018,15568100,USD (1),mar,2018
222,Sweden,2019,10820280,USD (1),mar,2019
222,Sweden,2020,6459720,USD (1),mar,2020
222,Sweden,2021,6476610,USD (1),mar,2021
222,Sweden,2022,2783400,USD (1),mar,2022
14,Taiwan,1984,253365580,USD (1),mar,1984
14,Taiwan,1985,288313210,USD (1),mar,1985
14,Taiwan,1986,451375790,USD (1),mar,1986
14,Taiwan,1987,585579860,USD (1),mar,1987
14,Taiwan,1988,488206860,USD (1),mar,1988
14,Taiwan,1989,406388460,USD (1),mar,1989
14,Taiwan,1990,464115730,USD (1),mar,1990
14,Taiwan,1991,467476130,USD (1),mar,1991
14,Taiwan,1992,444222720,USD (1),mar,1992
14,Taiwan,1993,393279930,USD (1),mar,1993
14,Taiwan,1994,432615279.99999994,USD (1),mar,1994
14,Taiwan,1995,534282569.99999994,USD (1),mar,1995
14,Taiwan,1996,451539640,USD (1),mar,1996
14,Taiwan,1997,357793050,USD (1),mar,1997
14,Taiwan,1998,372081500,USD (1),mar,1998
14,Taiwan,1999,339574270,USD (1),mar,1999
14,Taiwan,2000,378111100,USD (1),mar,2000
14,Taiwan,2001,394914830,USD (1),mar,2001
14,Taiwan,2002,342307310,USD (1),mar,2002
14,Taiwan,2003,372481710,USD (1),mar,2003
14,Taiwan,2004,372679880,USD (1),mar,2004
14,Taiwan,2005,376620029.99999994,USD (1),mar,2005
14,Taiwan,2006,361470110,USD (1),mar,2006
14,Taiwan,2007,458034080,USD (1),mar,2007
14,Taiwan,2008,529833199.99999994,USD (1),mar,2008
14,Taiwan,2009,405823500,USD (1),mar,2009
14,Taiwan,2010,545319480,USD (1),mar,2010
14,Taiwan,2011,695085080.0000001,USD (1),mar,2011
14,Taiwan,2012,759590670,USD (1),mar,2012
14,Taiwan,2013,852015540,USD (1),mar,2013
14,Taiwan,2014,900499240,USD (1),mar,2014
14,Taiwan,2015,768786390,USD (1),mar,2015
14,Taiwan,2016,620526080,USD (1),mar,2016
14,Taiwan,2017,753553170,USD (1),mar,2017
14,Taiwan,2018,732394130,USD (1),mar,2018
14,Taiwan,2019,686501290,USD (1),mar,2019
14,Taiwan,2020,677748840,USD (1),mar,2020
14,Taiwan,2021,689660130,USD (1),mar,2021
14,Taiwan,2022,674212440.0000001,USD (1),mar,2022
25,Thailand,1984,57034760,USD (1),mar,1984
25,Thailand,1985,57388680,USD (1),mar,1985
25,Thailand,1986,72980730,USD (1),mar,1986
25,Thailand,1987,139338540,USD (1),mar,1987
25,Thailand,1988,382305180,USD (1),mar,1988
25,Thailand,1989,447301800,USD (1),mar,1989
25,Thailand,1990,678086530,USD (1),mar,1990
25,Thailand,1991,967938760,USD (1),mar,1991
25,Thailand,1992,1032888900,USD (1),mar,1992
25,Thailand,1993,1326697750,USD (1),mar,1993
25,Thailand,1994,1673789840,USD (1),mar,1994
25,Thailand,1995,1654449500,USD (1),mar,1995
25,Thailand,1996,1664448030,USD (1),mar,1996
25,Thailand,1997,1670369180.0000002,USD (1),mar,1997
25,Thailand,1998,1487555870,USD (1),mar,1998
25,Thailand,1999,1864334569.9999998,USD (1),mar,1999
25,Thailand,2000,2267836989.9999995,USD (1),mar,2000
25,Thailand,2001,1543219130,USD (1),mar,2001
25,Thailand,2002,1319084140.0000002,USD (1),mar,2002
25,Thailand,2003,1144846550,USD (1),mar,2003
25,Thailand,2004,1224807010,USD (1),mar,2004
25,Thailand,2005,1238983349.9999998,USD (1),mar,2005
25,Thailand,2006,1462170609.9999998,USD (1),mar,2006
25,Thailand,2007,1526366210,USD (1),mar,2007
25,Thailand,2008,1657933099.9999998,USD (1),mar,2008
25,Thailand,2009,1942571630,USD (1),mar,2009
25,Thailand,2010,2148901660,USD (1),mar,2010
25,Thailand,2011,2674297250,USD (1),mar,2011
25,Thailand,2012,2681841890,USD (1),mar,2012
25,Thailand,2013,2131743070.0000002,USD (1),mar,2013
25,Thailand,2014,1798751520,USD (1),mar,2014
25,Thailand,2015,1600538440,USD (1),mar,2015
25,Thailand,2016,1763137240,USD (1),mar,2016
25,Thailand,2017,2051468640,USD (1),mar,2017
25,Thailand,2018,2224370350,USD (1),mar,2018
25,Thailand,2019,2355623960,USD (1),mar,2019
25,Thailand,2020,2192448489.9999995,USD (1),mar,2020
25,Thailand,2021,2165361490,USD (1),mar,2021
25,Thailand,2022,2129795790,USD (1),mar,2022
231,East Timor,1984,2000,USD (1),mar,1984
231,East Timor,1985,2000,USD (1),mar,1985
231,East Timor,1986,2000,USD (1),mar,1986
231,East Timor,1987,2000,USD (1),mar,1987
231,East Timor,1988,2000,USD (1),mar,1988
231,East Timor,1989,2000,USD (1),mar,1989
231,East Timor,1990,2000,USD (1),mar,1990
231,East Timor,1991,2000,USD (1),mar,1991
231,East Timor,1992,2000,USD (1),mar,1992
231,East Timor,1993,2000,USD (1),mar,1993
231,East Timor,1994,2000,USD (1),mar,1994
231,East Timor,1995,2000,USD (1),mar,1995
231,East Timor,1996,2000,USD (1),mar,1996
231,East Timor,1997,2000,USD (1),mar,1997
231,East Timor,1998,2000,USD (1),mar,1998
231,East Timor,1999,2000,USD (1),mar,1999
231,East Timor,2000,2000,USD (1),mar,2000
231,East Timor,2001,2000,USD (1),mar,2001
231,East Timor,2002,2000,USD (1),mar,2002
231,East Timor,2003,2000,USD (1),mar,2003
231,East Timor,2004,2000,USD (1),mar,2004
231,East Timor,2005,4000,USD (1),mar,2005
231,East Timor,2006,6000,USD (1),mar,2006
231,East Timor,2007,41750,USD (1),mar,2007
231,East Timor,2008,46500,USD (1),mar,2008
231,East Timor,2009,50250,USD (1),mar,2009
231,East Timor,2010,129000,USD (1),mar,2010
231,East Timor,2011,39000,USD (1),mar,2011
231,East Timor,2012,46500,USD (1),mar,2012
231,East Timor,2013,99000,USD (1),mar,2013
231,East Timor,2014,76500,USD (1),mar,2014
231,East Timor,2015,71500,USD (1),mar,2015
231,East Timor,2016,81500,USD (1),mar,2016
231,East Timor,2017,96500,USD (1),mar,2017
231,East Timor,2018,131500,USD (1),mar,2018
231,East Timor,2019,141500,USD (1),mar,2019
231,East Timor,2020,151500,USD (1),mar,2020
231,East Timor,2021,176500,USD (1),mar,2021
231,East Timor,2022,181500,USD (1),mar,2022
155,Tonga,1984,30000,USD (1),mar,1984
155,Tonga,1985,30000,USD (1),mar,1985
155,Tonga,1986,30000,USD (1),mar,1986
155,Tonga,1987,30000,USD (1),mar,1987
155,Tonga,1988,30000,USD (1),mar,1988
155,Tonga,1989,30000,USD (1),mar,1989
155,Tonga,1990,30000,USD (1),mar,1990
155,Tonga,1991,30000,USD (1),mar,1991
155,Tonga,1992,30000,USD (1),mar,1992
155,Tonga,1993,30000,USD (1),mar,1993
155,Tonga,1994,30000,USD (1),mar,1994
155,Tonga,1995,30000,USD (1),mar,1995
155,Tonga,1996,30000,USD (1),mar,1996
155,Tonga,1997,30000,USD (1),mar,1997
155,Tonga,1998,30000,USD (1),mar,1998
155,Tonga,1999,20000,USD (1),mar,1999
155,Tonga,2000,102500,USD (1),mar,2000
155,Tonga,2001,55300,USD (1),mar,2001
155,Tonga,2002,52700,USD (1),mar,2002
155,Tonga,2003,65200,USD (1),mar,2003
155,Tonga,2004,21300,USD (1),mar,2004
155,Tonga,2005,21400,USD (1),mar,2005
155,Tonga,2006,25500,USD (1),mar,2006
155,Tonga,2007,33410.00000000001,USD (1),mar,2007
155,Tonga,2008,76700,USD (1),mar,2008
155,Tonga,2009,63680,USD (1),mar,2009
155,Tonga,2010,64890,USD (1),mar,2010
155,Tonga,2011,62610,USD (1),mar,2011
155,Tonga,2012,90000,USD (1),mar,2012
155,Tonga,2013,39820,USD (1),mar,2013
155,Tonga,2014,38050,USD (1),mar,2014
155,Tonga,2015,51950,USD (1),mar,2015
155,Tonga,2016,6810,USD (1),mar,2016
155,Tonga,2017,24500,USD (1),mar,2017
155,Tonga,2018,32000,USD (1),mar,2018
155,Tonga,2019,36000,USD (1),mar,2019
155,Tonga,2020,22869.999999999996,USD (1),mar,2020
155,Tonga,2021,22070,USD (1),mar,2021
155,Tonga,2022,21480,USD (1),mar,2022
61,Tunisia,1984,71929.99999999999,USD (1),mar,1984
61,Tunisia,1985,165760,USD (1),mar,1985
61,Tunisia,1986,368940,USD (1),mar,1986
61,Tunisia,1987,487750,USD (1),mar,1987
61,Tunisia,1988,1956520,USD (1),mar,1988
61,Tunisia,1989,2180000,USD (1),mar,1989
61,Tunisia,1990,3717750,USD (1),mar,1990
61,Tunisia,1991,3795100,USD (1),mar,1991
61,Tunisia,1992,5599140,USD (1),mar,1992
61,Tunisia,1993,5273860,USD (1),mar,1993
61,Tunisia,1994,6257110,USD (1),mar,1994
61,Tunisia,1995,4262130,USD (1),mar,1995
61,Tunisia,1996,4542190,USD (1),mar,1996
61,Tunisia,1997,7087160,USD (1),mar,1997
61,Tunisia,1998,7374220,USD (1),mar,1998
61,Tunisia,1999,2654100,USD (1),mar,1999
61,Tunisia,2000,5311080,USD (1),mar,2000
61,Tunisia,2001,7350980,USD (1),mar,2001
61,Tunisia,2002,7227640,USD (1),mar,2002
61,Tunisia,2003,8170230,USD (1),mar,2003
61,Tunisia,2004,10052510,USD (1),mar,2004
61,Tunisia,2005,11188340,USD (1),mar,2005
61,Tunisia,2006,14117029.999999998,USD (1),mar,2006
61,Tunisia,2007,19037270,USD (1),mar,2007
61,Tunisia,2008,25346640,USD (1),mar,2008
61,Tunisia,2009,25495650,USD (1),mar,2009
61,Tunisia,2010,31312010.000000004,USD (1),mar,2010
61,Tunisia,2011,47163840.00000001,USD (1),mar,2011
61,Tunisia,2012,65354240,USD (1),mar,2012
61,Tunisia,2013,77510820,USD (1),mar,2013
61,Tunisia,2014,80873800,USD (1),mar,2014
61,Tunisia,2015,81695390,USD (1),mar,2015
61,Tunisia,2016,81491750,USD (1),mar,2016
61,Tunisia,2017,92438090,USD (1),mar,2017
61,Tunisia,2018,89995790.00000001,USD (1),mar,2018
61,Tunisia,2019,113403480,USD (1),mar,2019
61,Tunisia,2020,117427250,USD (1),mar,2020
61,Tunisia,2021,135986150,USD (1),mar,2021
61,Tunisia,2022,104482760,USD (1),mar,2022
111,Turks and Caicos Islands,1984,864000,USD (1),mar,1984
111,Turks and Caicos Islands,1985,864000,USD (1),mar,1985
111,Turks and Caicos Islands,1986,864000,USD (1),mar,1986
111,Turks and Caicos Islands,1987,864000,USD (1),mar,1987
111,Turks and Caicos Islands,1988,240000,USD (1),mar,1988
111,Turks and Caicos Islands,1989,24000,USD (1),mar,1989
111,Turks and Caicos Islands,1990,12000,USD (1),mar,1990
111,Turks and Caicos Islands,1991,4899.999999999999,USD (1),mar,1991
111,Turks and Caicos Islands,1992,4899.999999999999,USD (1),mar,1992
111,Turks and Caicos Islands,1993,2500,USD (1),mar,1993
111,Turks and Caicos Islands,1994,2500,USD (1),mar,1994
111,Turks and Caicos Islands,1995,12100,USD (1),mar,1995
111,Turks and Caicos Islands,1996,7300,USD (1),mar,1996
111,Turks and Caicos Islands,1997,9700,USD (1),mar,1997
111,Turks and Caicos Islands,1998,9700,USD (1),mar,1998
111,Turks and Caicos Islands,1999,24100,USD (1),mar,1999
111,Turks and Caicos Islands,2000,36100,USD (1),mar,2000
111,Turks and Caicos Islands,2001,48100,USD (1),mar,2001
111,Turks and Caicos Islands,2002,72100,USD (1),mar,2002
111,Turks and Caicos Islands,2003,60100,USD (1),mar,2003
111,Turks and Caicos Islands,2004,36000,USD (1),mar,2004
111,Turks and Caicos Islands,2005,36000,USD (1),mar,2005
111,Turks and Caicos Islands,2006,36000,USD (1),mar,2006
111,Turks and Caicos Islands,2007,100,USD (1),mar,2007
111,Turks and Caicos Islands,2008,100,USD (1),mar,2008
111,Turks and Caicos Islands,2009,1800,USD (1),mar,2009
111,Turks and Caicos Islands,2010,4500,USD (1),mar,2010
111,Turks and Caicos Islands,2011,4500,USD (1),mar,2011
111,Turks and Caicos Islands,2012,4500,USD (1),mar,2012
111,Turks and Caicos Islands,2013,4500,USD (1),mar,2013
111,Turks and Caicos Islands,2014,4500,USD (1),mar,2014
111,Turks and Caicos Islands,2015,4500,USD (1),mar,2015
111,Turks and Caicos Islands,2016,4500,USD (1),mar,2016
111,Turks and Caicos Islands,2017,4500,USD (1),mar,2017
111,Turks and Caicos Islands,2018,4500,USD (1),mar,2018
111,Turks and Caicos Islands,2019,4500,USD (1),mar,2019
111,Turks and Caicos Islands,2020,4500,USD (1),mar,2020
111,Turks and Caicos Islands,2021,4500,USD (1),mar,2021
111,Turks and Caicos Islands,2022,4500,USD (1),mar,2022
19,Tuvalu,1984,9780,USD (1),mar,1984
19,Tuvalu,1985,9780,USD (1),mar,1985
19,Tuvalu,1986,9780,USD (1),mar,1986
19,Tuvalu,1987,9780,USD (1),mar,1987
19,Tuvalu,1988,9780,USD (1),mar,1988
19,Tuvalu,1989,9780,USD (1),mar,1989
19,Tuvalu,1990,9780,USD (1),mar,1990
19,Tuvalu,1991,9780,USD (1),mar,1991
19,Tuvalu,1992,9780,USD (1),mar,1992
19,Tuvalu,1993,9780,USD (1),mar,1993
19,Tuvalu,1994,9780,USD (1),mar,1994
19,Tuvalu,1995,9780,USD (1),mar,1995
19,Tuvalu,1996,9780,USD (1),mar,1996
19,Tuvalu,1997,9780,USD (1),mar,1997
19,Tuvalu,1998,9780,USD (1),mar,1998
19,Tuvalu,1999,9780,USD (1),mar,1999
19,Tuvalu,2000,9780,USD (1),mar,2000
19,Tuvalu,2001,9780,USD (1),mar,2001
19,Tuvalu,2002,9780,USD (1),mar,2002
19,Tuvalu,2003,9780,USD (1),mar,2003
19,Tuvalu,2004,1470,USD (1),mar,2004
19,Tuvalu,2005,2290,USD (1),mar,2005
19,Tuvalu,2006,2260,USD (1),mar,2006
19,Tuvalu,2007,2520,USD (1),mar,2007
19,Tuvalu,2008,3760,USD (1),mar,2008
19,Tuvalu,2009,5000,USD (1),mar,2009
19,Tuvalu,2010,5000,USD (1),mar,2010
19,Tuvalu,2011,5000,USD (1),mar,2011
19,Tuvalu,2012,5000,USD (1),mar,2012
19,Tuvalu,2013,5000,USD (1),mar,2013
19,Tuvalu,2014,5000,USD (1),mar,2014
19,Tuvalu,2015,5000,USD (1),mar,2015
19,Tuvalu,2016,5000,USD (1),mar,2016
19,Tuvalu,2017,5000,USD (1),mar,2017
19,Tuvalu,2018,5000,USD (1),mar,2018
19,Tuvalu,2019,5000,USD (1),mar,2019
19,Tuvalu,2020,2000,USD (1),mar,2020
19,Tuvalu,2021,2000,USD (1),mar,2021
19,Tuvalu,2022,2000,USD (1),mar,2022
76,Turkey,1984,457000,USD (1),mar,1984
76,Turkey,1985,457000,USD (1),mar,1985
76,Turkey,1986,457000,USD (1),mar,1986
76,Turkey,1987,1280000,USD (1),mar,1987
76,Turkey,1988,1810000,USD (1),mar,1988
76,Turkey,1989,7113000,USD (1),mar,1989
76,Turkey,1990,10873500,USD (1),mar,1990
76,Turkey,1991,25899000,USD (1),mar,1991
76,Turkey,1992,22303500,USD (1),mar,1992
76,Turkey,1993,40662110,USD (1),mar,1993
76,Turkey,1994,67677940,USD (1),mar,1994
76,Turkey,1995,77268069.99999999,USD (1),mar,1995
76,Turkey,1996,116317990,USD (1),mar,1996
76,Turkey,1997,133690000,USD (1),mar,1997
76,Turkey,1998,172218000,USD (1),mar,1998
76,Turkey,1999,176732500,USD (1),mar,1999
76,Turkey,2000,135564600,USD (1),mar,2000
76,Turkey,2001,87192900,USD (1),mar,2001
76,Turkey,2002,79331000,USD (1),mar,2002
76,Turkey,2003,180500610,USD (1),mar,2003
76,Turkey,2004,249959960,USD (1),mar,2004
76,Turkey,2005,352213530,USD (1),mar,2005
76,Turkey,2006,359592110,USD (1),mar,2006
76,Turkey,2007,410129800,USD (1),mar,2007
76,Turkey,2008,449713440,USD (1),mar,2008
76,Turkey,2009,405927730,USD (1),mar,2009
76,Turkey,2010,482938410,USD (1),mar,2010
76,Turkey,2011,479139650,USD (1),mar,2011
76,Turkey,2012,590638060,USD (1),mar,2012
76,Turkey,2013,600828320,USD (1),mar,2013
76,Turkey,2014,695846380,USD (1),mar,2014
76,Turkey,2015,689120420,USD (1),mar,2015
76,Turkey,2016,815901200.0000001,USD (1),mar,2016
76,Turkey,2017,866909080,USD (1),mar,2017
76,Turkey,2018,906867250,USD (1),mar,2018
76,Turkey,2019,1038067540,USD (1),mar,2019
76,Turkey,2020,1225132260,USD (1),mar,2020
76,Turkey,2021,1715058590,USD (1),mar,2021
76,Turkey,2022,2062386540,USD (1),mar,2022
75,Ukraine,1984,579500,USD (1),mar,1984
75,Ukraine,1985,579500,USD (1),mar,1985
75,Ukraine,1986,579500,USD (1),mar,1986
75,Ukraine,1987,579500,USD (1),mar,1987
75,Ukraine,1988,579500,USD (1),mar,1988
75,Ukraine,1989,579500,USD (1),mar,1989
75,Ukraine,1990,579500,USD (1),mar,1990
75,Ukraine,1991,579500,USD (1),mar,1991
75,Ukraine,1992,579500,USD (1),mar,1992
75,Ukraine,1993,393200,USD (1),mar,1993
75,Ukraine,1994,891100,USD (1),mar,1994
75,Ukraine,1995,620000,USD (1),mar,1995
75,Ukraine,1996,635000,USD (1),mar,1996
75,Ukraine,1997,404400,USD (1),mar,1997
75,Ukraine,1998,211300,USD (1),mar,1998
75,Ukraine,1999,18200,USD (1),mar,1999
75,Ukraine,2000,29700,USD (1),mar,2000
75,Ukraine,2001,140700,USD (1),mar,2001
75,Ukraine,2002,113360,USD (1),mar,2002
75,Ukraine,2003,601600,USD (1),mar,2003
75,Ukraine,2004,905000,USD (1),mar,2004
75,Ukraine,2005,1817200,USD (1),mar,2005
75,Ukraine,2006,856699.9999999999,USD (1),mar,2006
75,Ukraine,2007,1172800,USD (1),mar,2007
75,Ukraine,2008,1056200,USD (1),mar,2008
75,Ukraine,2009,1355380,USD (1),mar,2009
75,Ukraine,2010,546520,USD (1),mar,2010
75,Ukraine,2011,1172300,USD (1),mar,2011
75,Ukraine,2012,1601340.0000000002,USD (1),mar,2012
75,Ukraine,2013,2522920,USD (1),mar,2013
75,Ukraine,2014,2489200,USD (1),mar,2014
75,Ukraine,2015,2424000,USD (1),mar,2015
75,Ukraine,2016,2424000,USD (1),mar,2016
75,Ukraine,2017,2424000,USD (1),mar,2017
75,Ukraine,2018,2424000,USD (1),mar,2018
75,Ukraine,2019,2424000,USD (1),mar,2019
75,Ukraine,2020,2424000,USD (1),mar,2020
75,Ukraine,2021,2424000,USD (1),mar,2021
75,Ukraine,2022,2424000,USD (1),mar,2022
54,United Arab Emirates,1984,32520.000000000004,USD (1),mar,1984
54,United Arab Emirates,1985,19170,USD (1),mar,1985
54,United Arab Emirates,1986,19170,USD (1),mar,1986
54,United Arab Emirates,1987,11240,USD (1),mar,1987
54,United Arab Emirates,1988,16800,USD (1),mar,1988
54,United Arab Emirates,1989,6300,USD (1),mar,1989
54,United Arab Emirates,1990,400,USD (1),mar,1990
54,United Arab Emirates,1991,400,USD (1),mar,1991
54,United Arab Emirates,1992,400,USD (1),mar,1992
54,United Arab Emirates,1993,400,USD (1),mar,1993
54,United Arab Emirates,1994,400,USD (1),mar,1994
54,United Arab Emirates,1995,400,USD (1),mar,1995
54,United Arab Emirates,1996,400,USD (1),mar,1996
54,United Arab Emirates,1997,400,USD (1),mar,1997
54,United Arab Emirates,1998,400,USD (1),mar,1998
54,United Arab Emirates,1999,500,USD (1),mar,1999
54,United Arab Emirates,2000,500,USD (1),mar,2000
54,United Arab Emirates,2001,500,USD (1),mar,2001
54,United Arab Emirates,2002,500,USD (1),mar,2002
54,United Arab Emirates,2003,6900500,USD (1),mar,2003
54,United Arab Emirates,2004,4332000,USD (1),mar,2004
54,United Arab Emirates,2005,4572000,USD (1),mar,2005
54,United Arab Emirates,2006,4628000,USD (1),mar,2006
54,United Arab Emirates,2007,4868000,USD (1),mar,2007
54,United Arab Emirates,2008,10003030,USD (1),mar,2008
54,United Arab Emirates,2009,816000,USD (1),mar,2009
54,United Arab Emirates,2010,1456000,USD (1),mar,2010
54,United Arab Emirates,2011,3005200,USD (1),mar,2011
54,United Arab Emirates,2012,2967000,USD (1),mar,2012
54,United Arab Emirates,2013,5107000,USD (1),mar,2013
54,United Arab Emirates,2014,5016000,USD (1),mar,2014
54,United Arab Emirates,2015,5032000,USD (1),mar,2015
54,United Arab Emirates,2016,21344400,USD (1),mar,2016
54,United Arab Emirates,2017,26172500,USD (1),mar,2017
54,United Arab Emirates,2018,26252500,USD (1),mar,2018
54,United Arab Emirates,2019,28421000,USD (1),mar,2019
54,United Arab Emirates,2020,29774540,USD (1),mar,2020
54,United Arab Emirates,2021,23870309.999999996,USD (1),mar,2021
54,United Arab Emirates,2022,30481460,USD (1),mar,2022
180,United Kingdom,1984,26622210,USD (1),mar,1984
180,United Kingdom,1985,46270800,USD (1),mar,1985
180,United Kingdom,1986,69632200,USD (1),mar,1986
180,United Kingdom,1987,87642750,USD (1),mar,1987
180,United Kingdom,1988,113878360,USD (1),mar,1988
180,United Kingdom,1989,148772490,USD (1),mar,1989
180,United Kingdom,1990,152905820,USD (1),mar,1990
180,United Kingdom,1991,177587100,USD (1),mar,1991
180,United Kingdom,1992,171901530,USD (1),mar,1992
180,United Kingdom,1993,229510420,USD (1),mar,1993
180,United Kingdom,1994,312849690,USD (1),mar,1994
180,United Kingdom,1995,195132259.99999997,USD (1),mar,1995
180,United Kingdom,1996,205977240,USD (1),mar,1996
180,United Kingdom,1997,353676029.99999994,USD (1),mar,1997
180,United Kingdom,1998,355599800,USD (1),mar,1998
180,United Kingdom,1999,405940380,USD (1),mar,1999
180,United Kingdom,2000,414918650,USD (1),mar,2000
180,United Kingdom,2001,455191760,USD (1),mar,2001
180,United Kingdom,2002,483650800,USD (1),mar,2002
180,United Kingdom,2003,473115990,USD (1),mar,2003
180,United Kingdom,2004,548150800,USD (1),mar,2004
180,United Kingdom,2005,584151740,USD (1),mar,2005
180,United Kingdom,2006,727079060,USD (1),mar,2006
180,United Kingdom,2007,876959870,USD (1),mar,2007
180,United Kingdom,2008,907582779.9999999,USD (1),mar,2008
180,United Kingdom,2009,725824539.9999999,USD (1),mar,2009
180,United Kingdom,2010,744352450,USD (1),mar,2010
180,United Kingdom,2011,1009739100,USD (1),mar,2011
180,United Kingdom,2012,891445730,USD (1),mar,2012
180,United Kingdom,2013,1203815550,USD (1),mar,2013
180,United Kingdom,2014,1302862450,USD (1),mar,2014
180,United Kingdom,2015,1051787429.9999999,USD (1),mar,2015
180,United Kingdom,2016,1079646950,USD (1),mar,2016
180,United Kingdom,2017,1419019200,USD (1),mar,2017
180,United Kingdom,2018,1234540270,USD (1),mar,2018
180,United Kingdom,2019,1421166400,USD (1),mar,2019
180,United Kingdom,2020,1250507579.9999998,USD (1),mar,2020
180,United Kingdom,2021,1544310950,USD (1),mar,2021
180,United Kingdom,2022,1175336940.0000002,USD (1),mar,2022
163,United States,1984,49741420,USD (1),mar,1984
163,United States,1985,67886050,USD (1),mar,1985
163,United States,1986,62106010,USD (1),mar,1986
163,United States,1987,73580180,USD (1),mar,1987
163,United States,1988,91320500,USD (1),mar,1988
163,United States,1989,96532570,USD (1),mar,1989
163,United States,1990,102861300,USD (1),mar,1990
163,United States,1991,127054960,USD (1),mar,1991
163,United States,1992,189261889.99999997,USD (1),mar,1992
163,United States,1993,182851910,USD (1),mar,1993
163,United States,1994,178748530,USD (1),mar,1994
163,United States,1995,175993260,USD (1),mar,1995
163,United States,1996,166108980,USD (1),mar,1996
163,United States,1997,178156140,USD (1),mar,1997
163,United States,1998,164648040,USD (1),mar,1998
163,United States,1999,194836520,USD (1),mar,1999
163,United States,2000,203264840,USD (1),mar,2000
163,United States,2001,205653940,USD (1),mar,2001
163,United States,2002,164999820,USD (1),mar,2002
163,United States,2003,209242870,USD (1),mar,2003
163,United States,2004,252629170,USD (1),mar,2004
163,United States,2005,248694940,USD (1),mar,2005
163,United States,2006,278254100,USD (1),mar,2006
163,United States,2007,253596040,USD (1),mar,2007
163,United States,2008,279693910,USD (1),mar,2008
163,United States,2009,281510080,USD (1),mar,2009
163,United States,2010,317051000,USD (1),mar,2010
163,United States,2011,342784300,USD (1),mar,2011
163,United States,2012,349565120,USD (1),mar,2012
163,United States,2013,442663700,USD (1),mar,2013
163,United States,2014,366159520,USD (1),mar,2014
163,United States,2015,365161320,USD (1),mar,2015
163,United States,2016,435392470,USD (1),mar,2016
163,United States,2017,415954820,USD (1),mar,2017
163,United States,2018,504275310,USD (1),mar,2018
163,United States,2019,453565620,USD (1),mar,2019
163,United States,2020,408159640,USD (1),mar,2020
163,United States,2021,415491160,USD (1),mar,2021
163,United States,2022,648723140,USD (1),mar,2022
6,Vanuatu,1984,435120,USD (1),mar,1984
6,Vanuatu,1985,435120,USD (1),mar,1985
6,Vanuatu,1986,435120,USD (1),mar,1986
6,Vanuatu,1987,435120,USD (1),mar,1987
6,Vanuatu,1988,435120,USD (1),mar,1988
6,Vanuatu,1989,435120,USD (1),mar,1989
6,Vanuatu,1990,435120,USD (1),mar,1990
6,Vanuatu,1991,435120,USD (1),mar,1991
6,Vanuatu,1992,435120,USD (1),mar,1992
6,Vanuatu,1993,435120,USD (1),mar,1993
6,Vanuatu,1994,435120,USD (1),mar,1994
6,Vanuatu,1995,435120,USD (1),mar,1995
6,Vanuatu,1996,435120,USD (1),mar,1996
6,Vanuatu,1997,435120,USD (1),mar,1997
6,Vanuatu,1998,435120,USD (1),mar,1998
6,Vanuatu,1999,435120,USD (1),mar,1999
6,Vanuatu,2000,435120,USD (1),mar,2000
6,Vanuatu,2001,435120,USD (1),mar,2001
6,Vanuatu,2002,435120,USD (1),mar,2002
6,Vanuatu,2003,435120,USD (1),mar,2003
6,Vanuatu,2004,435120,USD (1),mar,2004
6,Vanuatu,2005,435120,USD (1),mar,2005
6,Vanuatu,2006,435120,USD (1),mar,2006
6,Vanuatu,2007,332200,USD (1),mar,2007
6,Vanuatu,2008,337670,USD (1),mar,2008
6,Vanuatu,2009,401020,USD (1),mar,2009
6,Vanuatu,2010,464370,USD (1),mar,2010
6,Vanuatu,2011,352080,USD (1),mar,2011
6,Vanuatu,2012,412900,USD (1),mar,2012
6,Vanuatu,2013,323669.99999999994,USD (1),mar,2013
6,Vanuatu,2014,329140,USD (1),mar,2014
6,Vanuatu,2015,165240,USD (1),mar,2015
6,Vanuatu,2016,231420,USD (1),mar,2016
6,Vanuatu,2017,231870,USD (1),mar,2017
6,Vanuatu,2018,258700,USD (1),mar,2018
6,Vanuatu,2019,278910,USD (1),mar,2019
6,Vanuatu,2020,6500,USD (1),mar,2020
6,Vanuatu,2021,6500,USD (1),mar,2021
6,Vanuatu,2022,6500,USD (1),mar,2022
139,Venezuela,1984,286500,USD (1),mar,1984
139,Venezuela,1985,358000,USD (1),mar,1985
139,Venezuela,1986,50000,USD (1),mar,1986
139,Venezuela,1987,100,USD (1),mar,1987
139,Venezuela,1988,6500,USD (1),mar,1988
139,Venezuela,1989,410000,USD (1),mar,1989
139,Venezuela,1990,1928200,USD (1),mar,1990
139,Venezuela,1991,4586200,USD (1),mar,1991
139,Venezuela,1992,8894680,USD (1),mar,1992
139,Venezuela,1993,10261500,USD (1),mar,1993
139,Venezuela,1994,13365750,USD (1),mar,1994
139,Venezuela,1995,15450000,USD (1),mar,1995
139,Venezuela,1996,16008000,USD (1),mar,1996
139,Venezuela,1997,19619570,USD (1),mar,1997
139,Venezuela,1998,19022400,USD (1),mar,1998
139,Venezuela,1999,24850000,USD (1),mar,1999
139,Venezuela,2000,43790720,USD (1),mar,2000
139,Venezuela,2001,36807370,USD (1),mar,2001
139,Venezuela,2002,43760000,USD (1),mar,2002
139,Venezuela,2003,48623190,USD (1),mar,2003
139,Venezuela,2004,78423180,USD (1),mar,2004
139,Venezuela,2005,60060330,USD (1),mar,2005
139,Venezuela,2006,72165830,USD (1),mar,2006
139,Venezuela,2007,60217190,USD (1),mar,2007
139,Venezuela,2008,56011500,USD (1),mar,2008
139,Venezuela,2009,36705000,USD (1),mar,2009
139,Venezuela,2010,46795490,USD (1),mar,2010
139,Venezuela,2011,72589920,USD (1),mar,2011
139,Venezuela,2012,78321680,USD (1),mar,2012
139,Venezuela,2013,80000000,USD (1),mar,2013
139,Venezuela,2014,101251860,USD (1),mar,2014
139,Venezuela,2015,61323620,USD (1),mar,2015
139,Venezuela,2016,96589500,USD (1),mar,2016
139,Venezuela,2017,101257500,USD (1),mar,2017
139,Venezuela,2018,96797900,USD (1),mar,2018
139,Venezuela,2019,114217900,USD (1),mar,2019
139,Venezuela,2020,142432900,USD (1),mar,2020
139,Venezuela,2021,202210500,USD (1),mar,2021
139,Venezuela,2022,198789500,USD (1),mar,2022
207,Vietnam,1984,35800000,USD (1),mar,1984
207,Vietnam,1985,36000000,USD (1),mar,1985
207,Vietnam,1986,57680000,USD (1),mar,1986
207,Vietnam,1987,82640000,USD (1),mar,1987
207,Vietnam,1988,116520000,USD (1),mar,1988
207,Vietnam,1989,124406000,USD (1),mar,1989
207,Vietnam,1990,154257000,USD (1),mar,1990
207,Vietnam,1991,173191000,USD (1),mar,1991
207,Vietnam,1992,189770000,USD (1),mar,1992
207,Vietnam,1993,208510000,USD (1),mar,1993
207,Vietnam,1994,237440000,USD (1),mar,1994
207,Vietnam,1995,283768800,USD (1),mar,1995
207,Vietnam,1996,238700400,USD (1),mar,1996
207,Vietnam,1997,245288000,USD (1),mar,1997
207,Vietnam,1998,277711200,USD (1),mar,1998
207,Vietnam,1999,285287000,USD (1),mar,1999
207,Vietnam,2000,456491000,USD (1),mar,2000
207,Vietnam,2001,736729000,USD (1),mar,2001
207,Vietnam,2002,897800420,USD (1),mar,2002
207,Vietnam,2003,1107125500,USD (1),mar,2003
207,Vietnam,2004,1346501130,USD (1),mar,2004
207,Vietnam,2005,1580964750,USD (1),mar,2005
207,Vietnam,2006,1728755780,USD (1),mar,2006
207,Vietnam,2007,1865421510,USD (1),mar,2007
207,Vietnam,2008,1901772650,USD (1),mar,2008
207,Vietnam,2009,2045572400,USD (1),mar,2009
207,Vietnam,2010,2095921420,USD (1),mar,2010
207,Vietnam,2011,2305138330,USD (1),mar,2011
207,Vietnam,2012,2191541700,USD (1),mar,2012
207,Vietnam,2013,2569365620,USD (1),mar,2013
207,Vietnam,2014,3845447469.9999995,USD (1),mar,2014
207,Vietnam,2015,4834798910,USD (1),mar,2015
207,Vietnam,2016,5007274470,USD (1),mar,2016
207,Vietnam,2017,5411248410,USD (1),mar,2017
207,Vietnam,2018,7438408970,USD (1),mar,2018
207,Vietnam,2019,7903556210,USD (1),mar,2019
207,Vietnam,2020,8747270000,USD (1),mar,2020
207,Vietnam,2021,9365341560,USD (1),mar,2021
207,Vietnam,2022,10278087760,USD (1),mar,2022
13,Northern Mariana Islands and Guam,1984,200,USD (1),mar,1984
13,Northern Mariana Islands and Guam,1985,200,USD (1),mar,1985
13,Northern Mariana Islands and Guam,1986,200,USD (1),mar,1986
13,Northern Mariana Islands and Guam,1987,200,USD (1),mar,1987
13,Northern Mariana Islands and Guam,1988,200,USD (1),mar,1988
13,Northern Mariana Islands and Guam,1989,200,USD (1),mar,1989
13,Northern Mariana Islands and Guam,1990,200,USD (1),mar,1990
13,Northern Mariana Islands and Guam,1991,8500,USD (1),mar,1991
13,Northern Mariana Islands and Guam,1992,60100,USD (1),mar,1992
13,Northern Mariana Islands and Guam,1993,120100,USD (1),mar,1993
13,Northern Mariana Islands and Guam,1994,130000,USD (1),mar,1994
13,Northern Mariana Islands and Guam,1995,122500,USD (1),mar,1995
13,Northern Mariana Islands and Guam,1996,133500,USD (1),mar,1996
13,Northern Mariana Islands and Guam,1997,133500,USD (1),mar,1997
13,Northern Mariana Islands and Guam,1998,133500,USD (1),mar,1998
13,Northern Mariana Islands and Guam,1999,155000,USD (1),mar,1999
13,Northern Mariana Islands and Guam,2000,167850,USD (1),mar,2000
13,Northern Mariana Islands and Guam,2001,167850,USD (1),mar,2001
13,Northern Mariana Islands and Guam,2002,167850,USD (1),mar,2002
13,Northern Mariana Islands and Guam,2003,567500,USD (1),mar,2003
13,Northern Mariana Islands and Guam,2004,567500,USD (1),mar,2004
13,Northern Mariana Islands and Guam,2005,567500,USD (1),mar,2005
13,Northern Mariana Islands and Guam,2006,464800,USD (1),mar,2006
13,Northern Mariana Islands and Guam,2007,710000,USD (1),mar,2007
13,Northern Mariana Islands and Guam,2008,795000,USD (1),mar,2008
13,Northern Mariana Islands and Guam,2009,829000,USD (1),mar,2009
13,Northern Mariana Islands and Guam,2010,892280,USD (1),mar,2010
13,Northern Mariana Islands and Guam,2011,751000,USD (1),mar,2011
13,Northern Mariana Islands and Guam,2012,739000,USD (1),mar,2012
13,Northern Mariana Islands and Guam,2013,722500,USD (1),mar,2013
13,Northern Mariana Islands and Guam,2014,819500,USD (1),mar,2014
13,Northern Mariana Islands and Guam,2015,773500,USD (1),mar,2015
13,Northern Mariana Islands and Guam,2016,773500,USD (1),mar,2016
13,Northern Mariana Islands and Guam,2017,628500,USD (1),mar,2017
13,Northern Mariana Islands and Guam,2018,650250,USD (1),mar,2018
13,Northern Mariana Islands and Guam,2019,683250,USD (1),mar,2019
13,Northern Mariana Islands and Guam,2020,636250,USD (1),mar,2020
13,Northern Mariana Islands and Guam,2021,577500,USD (1),mar,2021
13,Northern Mariana Islands and Guam,2022,599250,USD (1),mar,2022
202,Tanzania,1984,56320,USD (1),mar,1984
202,Tanzania,1985,56320,USD (1),mar,1985
202,Tanzania,1986,56320,USD (1),mar,1986
202,Tanzania,1987,56320,USD (1),mar,1987
202,Tanzania,1988,56320,USD (1),mar,1988
202,Tanzania,1989,56320,USD (1),mar,1989
202,Tanzania,1990,289740,USD (1),mar,1990
202,Tanzania,1991,722820,USD (1),mar,1991
202,Tanzania,1992,461650,USD (1),mar,1992
202,Tanzania,1993,286430,USD (1),mar,1993
202,Tanzania,1994,374740,USD (1),mar,1994
202,Tanzania,1995,549420,USD (1),mar,1995
202,Tanzania,1996,753600,USD (1),mar,1996
202,Tanzania,1997,550330,USD (1),mar,1997
202,Tanzania,1998,666100,USD (1),mar,1998
202,Tanzania,1999,463650,USD (1),mar,1999
202,Tanzania,2000,580330,USD (1),mar,2000
202,Tanzania,2001,972259.9999999999,USD (1),mar,2001
202,Tanzania,2002,1103480,USD (1),mar,2002
202,Tanzania,2003,710650,USD (1),mar,2003
202,Tanzania,2004,563140,USD (1),mar,2004
202,Tanzania,2005,662680,USD (1),mar,2005
202,Tanzania,2006,1105620,USD (1),mar,2006
202,Tanzania,2007,804290,USD (1),mar,2007
202,Tanzania,2008,2686730,USD (1),mar,2008
202,Tanzania,2009,2350240,USD (1),mar,2009
202,Tanzania,2010,3858820,USD (1),mar,2010
202,Tanzania,2011,4432280,USD (1),mar,2011
202,Tanzania,2012,5357990,USD (1),mar,2012
202,Tanzania,2013,5086390,USD (1),mar,2013
202,Tanzania,2014,6488270.000000001,USD (1),mar,2014
202,Tanzania,2015,7860250,USD (1),mar,2015
202,Tanzania,2016,6139590,USD (1),mar,2016
202,Tanzania,2017,6258230,USD (1),mar,2017
202,Tanzania,2018,6369070,USD (1),mar,2018
202,Tanzania,2019,5566230,USD (1),mar,2019
202,Tanzania,2020,3523730,USD (1),mar,2020
202,Tanzania,2021,5339530,USD (1),mar,2021
202,Tanzania,2022,5428870,USD (1),mar,2022
209,China,1984,1262008840,USD (1),mar,1984
209,China,1985,1588281830,USD (1),mar,1985
209,China,1986,1963363990,USD (1),mar,1986
209,China,1987,2979660850,USD (1),mar,1987
209,China,1988,3460707000,USD (1),mar,1988
209,China,1989,3529149730,USD (1),mar,1989
209,China,1990,3713753360,USD (1),mar,1990
209,China,1991,4385863640,USD (1),mar,1991
209,China,1992,5256896780,USD (1),mar,1992
209,China,1993,6144858090,USD (1),mar,1993
209,China,1994,7315740200,USD (1),mar,1994
209,China,1995,8269560160,USD (1),mar,1995
209,China,1996,8746519130,USD (1),mar,1996
209,China,1997,8789959610,USD (1),mar,1997
209,China,1998,9864492490,USD (1),mar,1998
209,China,1999,10520517370,USD (1),mar,1999
209,China,2000,11162483120,USD (1),mar,2000
209,China,2001,12210797990,USD (1),mar,2001
209,China,2002,13582769920,USD (1),mar,2002
209,China,2003,12636441560,USD (1),mar,2003
209,China,2004,12590792570,USD (1),mar,2004
209,China,2005,14486070760,USD (1),mar,2005
209,China,2006,15603556710,USD (1),mar,2006
209,China,2007,16296721520.000002,USD (1),mar,2007
209,China,2008,20308636689.999996,USD (1),mar,2008
209,China,2009,21859980570,USD (1),mar,2009
209,China,2010,24890420240,USD (1),mar,2010
209,China,2011,29249647450,USD (1),mar,2011
209,China,2012,34411083370,USD (1),mar,2012
209,China,2013,39279167580,USD (1),mar,2013
209,China,2014,42244543730,USD (1),mar,2014
209,China,2015,43131026520,USD (1),mar,2015
209,China,2016,46293651910,USD (1),mar,2016
209,China,2017,49061084350,USD (1),mar,2017
209,China,2018,50233328710,USD (1),mar,2018
209,China,2019,51887862000,USD (1),mar,2019
209,China,2020,53786758490,USD (1),mar,2020
209,China,2021,56189948880,USD (1),mar,2021
209,China,2022,58590706960,USD (1),mar,2022
140,Guadeloupe and Martinique,1984,109929.99999999999,USD (1),mar,1984
140,Guadeloupe and Martinique,1985,109929.99999999999,USD (1),mar,1985
140,Guadeloupe and Martinique,1986,109929.99999999999,USD (1),mar,1986
140,Guadeloupe and Martinique,1987,109929.99999999999,USD (1),mar,1987
140,Guadeloupe and Martinique,1988,200,USD (1),mar,1988
140,Guadeloupe and Martinique,1989,38600,USD (1),mar,1989
140,Guadeloupe and Martinique,1990,102480,USD (1),mar,1990
140,Guadeloupe and Martinique,1991,145980,USD (1),mar,1991
140,Guadeloupe and Martinique,1992,303080.00000000006,USD (1),mar,1992
140,Guadeloupe and Martinique,1993,326260,USD (1),mar,1993
140,Guadeloupe and Martinique,1994,263600,USD (1),mar,1994
140,Guadeloupe and Martinique,1995,154300,USD (1),mar,1995
140,Guadeloupe and Martinique,1996,131100,USD (1),mar,1996
140,Guadeloupe and Martinique,1997,113320,USD (1),mar,1997
140,Guadeloupe and Martinique,1998,186450,USD (1),mar,1998
140,Guadeloupe and Martinique,1999,203640,USD (1),mar,1999
140,Guadeloupe and Martinique,2000,135220,USD (1),mar,2000
140,Guadeloupe and Martinique,2001,159920,USD (1),mar,2001
140,Guadeloupe and Martinique,2002,372860,USD (1),mar,2002
140,Guadeloupe and Martinique,2003,614360,USD (1),mar,2003
140,Guadeloupe and Martinique,2004,712140,USD (1),mar,2004
140,Guadeloupe and Martinique,2005,587460,USD (1),mar,2005
140,Guadeloupe and Martinique,2006,687179.9999999999,USD (1),mar,2006
140,Guadeloupe and Martinique,2007,487070,USD (1),mar,2007
140,Guadeloupe and Martinique,2008,588300,USD (1),mar,2008
140,Guadeloupe and Martinique,2009,498630,USD (1),mar,2009
140,Guadeloupe and Martinique,2010,546850,USD (1),mar,2010
140,Guadeloupe and Martinique,2011,333370,USD (1),mar,2011
140,Guadeloupe and Martinique,2012,323770,USD (1),mar,2012
140,Guadeloupe and Martinique,2013,374530,USD (1),mar,2013
140,Guadeloupe and Martinique,2014,786470,USD (1),mar,2014
140,Guadeloupe and Martinique,2015,453570,USD (1),mar,2015
140,Guadeloupe and Martinique,2016,761550,USD (1),mar,2016
140,Guadeloupe and Martinique,2017,534340,USD (1),mar,2017
140,Guadeloupe and Martinique,2018,684950,USD (1),mar,2018
140,Guadeloupe and Martinique,2019,593320,USD (1),mar,2019
140,Guadeloupe and Martinique,2020,810960,USD (1),mar,2020
140,Guadeloupe and Martinique,2021,865000,USD (1),mar,2021
140,Guadeloupe and Martinique,2022,792950,USD (1),mar,2022
186,Montenegro,1984,11200,USD (1),mar,1984
186,Montenegro,1985,11200,USD (1),mar,1985
186,Montenegro,1986,11200,USD (1),mar,1986
186,Montenegro,1987,11200,USD (1),mar,1987
186,Montenegro,1988,11200,USD (1),mar,1988
186,Montenegro,1989,11200,USD (1),mar,1989
186,Montenegro,1990,11200,USD (1),mar,1990
186,Montenegro,1991,11200,USD (1),mar,1991
186,Montenegro,1992,11200,USD (1),mar,1992
186,Montenegro,1993,80700,USD (1),mar,1993
186,Montenegro,1994,21800,USD (1),mar,1994
186,Montenegro,1995,45600,USD (1),mar,1995
186,Montenegro,1996,22700,USD (1),mar,1996
186,Montenegro,1997,22600,USD (1),mar,1997
186,Montenegro,1998,33900,USD (1),mar,1998
186,Montenegro,1999,76700,USD (1),mar,1999
186,Montenegro,2000,55050,USD (1),mar,2000
186,Montenegro,2001,71700,USD (1),mar,2001
186,Montenegro,2002,41700,USD (1),mar,2002
186,Montenegro,2003,49700,USD (1),mar,2003
186,Montenegro,2004,73700,USD (1),mar,2004
186,Montenegro,2005,73700,USD (1),mar,2005
186,Montenegro,2006,662130,USD (1),mar,2006
186,Montenegro,2007,910730,USD (1),mar,2007
186,Montenegro,2008,1204480,USD (1),mar,2008
186,Montenegro,2009,1327300,USD (1),mar,2009
186,Montenegro,2010,1225380,USD (1),mar,2010
186,Montenegro,2011,1352590.0000000002,USD (1),mar,2011
186,Montenegro,2012,1101070,USD (1),mar,2012
186,Montenegro,2013,1138210,USD (1),mar,2013
186,Montenegro,2014,1011250,USD (1),mar,2014
186,Montenegro,2015,1057150,USD (1),mar,2015
186,Montenegro,2016,1332830,USD (1),mar,2016
186,Montenegro,2017,1269430,USD (1),mar,2017
186,Montenegro,2018,1442060,USD (1),mar,2018
186,Montenegro,2019,1531210,USD (1),mar,2019
186,Montenegro,2020,1466000,USD (1),mar,2020
186,Montenegro,2021,1615390,USD (1),mar,2021
186,Montenegro,2022,1764690,USD (1),mar,2022
73,Russia,1984,6772650,USD (1),mar,1984
73,Russia,1985,6524160,USD (1),mar,1985
73,Russia,1986,8064240,USD (1),mar,1986
73,Russia,1987,8824380,USD (1),mar,1987
73,Russia,1988,11401200,USD (1),mar,1988
73,Russia,1989,7480000,USD (1),mar,1989
73,Russia,1990,13949500,USD (1),mar,1990
73,Russia,1991,20199789.999999996,USD (1),mar,1991
73,Russia,1992,5752000,USD (1),mar,1992
73,Russia,1993,6184000,USD (1),mar,1993
73,Russia,1994,11029700,USD (1),mar,1994
73,Russia,1995,17670000,USD (1),mar,1995
73,Russia,1996,3682000,USD (1),mar,1996
73,Russia,1997,19205700,USD (1),mar,1997
73,Russia,1998,10161000,USD (1),mar,1998
73,Russia,1999,8009300,USD (1),mar,1999
73,Russia,2000,8780200,USD (1),mar,2000
73,Russia,2001,3164500,USD (1),mar,2001
73,Russia,2002,932200,USD (1),mar,2002
73,Russia,2003,2837500,USD (1),mar,2003
73,Russia,2004,3255500,USD (1),mar,2004
73,Russia,2005,3378200,USD (1),mar,2005
73,Russia,2006,4212700,USD (1),mar,2006
73,Russia,2007,1226100,USD (1),mar,2007
73,Russia,2008,1143000,USD (1),mar,2008
73,Russia,2009,11814500,USD (1),mar,2009
73,Russia,2010,20248500,USD (1),mar,2010
73,Russia,2011,30969000,USD (1),mar,2011
73,Russia,2012,40777100,USD (1),mar,2012
73,Russia,2013,100135200,USD (1),mar,2013
73,Russia,2014,96866200,USD (1),mar,2014
73,Russia,2015,62064600,USD (1),mar,2015
73,Russia,2016,82965000,USD (1),mar,2016
73,Russia,2017,75094600,USD (1),mar,2017
73,Russia,2018,133676200.00000001,USD (1),mar,2018
73,Russia,2019,227514900,USD (1),mar,2019
73,Russia,2020,470366890,USD (1),mar,2020
73,Russia,2021,622978490,USD (1),mar,2021
73,Russia,2022,777788460,USD (1),mar,2022
