rgn_id,rgn_name,year,usd,unit,sector,usd_yr
5,New Caledonia,2008,NA,USD (1),tour,2015
5,New Caledonia,2009,NA,USD (1),tour,2015
5,New Caledonia,2010,NA,USD (1),tour,2015
5,New Caledonia,2011,NA,USD (1),tour,2015
5,New Caledonia,2012,NA,USD (1),tour,2015
5,New Caledonia,2013,NA,USD (1),tour,2015
5,New Caledonia,2014,NA,USD (1),tour,2015
5,New Caledonia,2015,NA,USD (1),tour,2015
5,New Caledonia,2016,NA,USD (1),tour,2015
5,New Caledonia,2017,NA,USD (1),tour,2015
5,New Caledonia,2018,NA,USD (1),tour,2015
5,New Caledonia,2019,NA,USD (1),tour,2015
6,Vanuatu,2008,NA,USD (1),tour,2015
6,Vanuatu,2009,NA,USD (1),tour,2015
6,Vanuatu,2010,NA,USD (1),tour,2015
6,Vanuatu,2011,NA,USD (1),tour,2015
6,Vanuatu,2012,NA,USD (1),tour,2015
6,Vanuatu,2013,NA,USD (1),tour,2015
6,Vanuatu,2014,NA,USD (1),tour,2015
6,Vanuatu,2015,NA,USD (1),tour,2015
6,Vanuatu,2016,NA,USD (1),tour,2015
6,Vanuatu,2017,NA,USD (1),tour,2015
6,Vanuatu,2018,NA,USD (1),tour,2015
6,Vanuatu,2019,NA,USD (1),tour,2015
7,Solomon Islands,2008,NA,USD (1),tour,2015
7,Solomon Islands,2009,NA,USD (1),tour,2015
7,Solomon Islands,2010,NA,USD (1),tour,2015
7,Solomon Islands,2011,NA,USD (1),tour,2015
7,Solomon Islands,2012,NA,USD (1),tour,2015
7,Solomon Islands,2013,NA,USD (1),tour,2015
7,Solomon Islands,2014,NA,USD (1),tour,2015
7,Solomon Islands,2015,NA,USD (1),tour,2015
7,Solomon Islands,2016,NA,USD (1),tour,2015
7,Solomon Islands,2017,NA,USD (1),tour,2015
7,Solomon Islands,2018,NA,USD (1),tour,2015
7,Solomon Islands,2019,NA,USD (1),tour,2015
8,Palau,2008,2961998.3464380205,USD (1),tour,2015
8,Palau,2009,2985800.710466224,USD (1),tour,2015
8,Palau,2010,3107881.9830063037,USD (1),tour,2015
8,Palau,2011,3794519.7804256,USD (1),tour,2015
8,Palau,2012,4231096.471061052,USD (1),tour,2015
8,Palau,2013,4367604.730105761,USD (1),tour,2015
8,Palau,2014,4799674.010331721,USD (1),tour,2015
8,Palau,2015,5454351.771045986,USD (1),tour,2015
8,Palau,2016,5200029.659228068,USD (1),tour,2015
8,Palau,2017,4512714.49981573,USD (1),tour,2015
8,Palau,2018,4185916.879129641,USD (1),tour,2015
8,Palau,2019,3879506.0223093093,USD (1),tour,2015
9,Micronesia,2008,787202.9766255373,USD (1),tour,2015
9,Micronesia,2009,703290.4462832649,USD (1),tour,2015
9,Micronesia,2010,723573.2990345805,USD (1),tour,2015
9,Micronesia,2011,713744.0649352322,USD (1),tour,2015
9,Micronesia,2012,700797.0288976341,USD (1),tour,2015
9,Micronesia,2013,670937.6268408648,USD (1),tour,2015
9,Micronesia,2014,639881.1072332656,USD (1),tour,2015
9,Micronesia,2015,681962.6258499561,USD (1),tour,2015
9,Micronesia,2016,693761.3466446804,USD (1),tour,2015
9,Micronesia,2017,724814.0402882055,USD (1),tour,2015
9,Micronesia,2018,721415.8395747226,USD (1),tour,2015
9,Micronesia,2019,750624.1417884756,USD (1),tour,2015
10,Nauru,2008,NA,USD (1),tour,2015
10,Nauru,2009,NA,USD (1),tour,2015
10,Nauru,2010,NA,USD (1),tour,2015
10,Nauru,2011,NA,USD (1),tour,2015
10,Nauru,2012,NA,USD (1),tour,2015
10,Nauru,2013,NA,USD (1),tour,2015
10,Nauru,2014,NA,USD (1),tour,2015
10,Nauru,2015,NA,USD (1),tour,2015
10,Nauru,2016,NA,USD (1),tour,2015
10,Nauru,2017,NA,USD (1),tour,2015
10,Nauru,2018,NA,USD (1),tour,2015
10,Nauru,2019,NA,USD (1),tour,2015
11,Marshall Islands,2008,1186491.466012344,USD (1),tour,2015
11,Marshall Islands,2009,1182337.8018163925,USD (1),tour,2015
11,Marshall Islands,2010,1146308.508554746,USD (1),tour,2015
11,Marshall Islands,2011,1075137.974250916,USD (1),tour,2015
11,Marshall Islands,2012,1013035.628782669,USD (1),tour,2015
11,Marshall Islands,2013,949835.3636948768,USD (1),tour,2015
11,Marshall Islands,2014,1037870.5601845473,USD (1),tour,2015
11,Marshall Islands,2015,1110350.9281685413,USD (1),tour,2015
11,Marshall Islands,2016,1164330.9221369752,USD (1),tour,2015
11,Marshall Islands,2017,1206831.1318056593,USD (1),tour,2015
11,Marshall Islands,2018,1274099.6047415964,USD (1),tour,2015
11,Marshall Islands,2019,1501218.5375516464,USD (1),tour,2015
13,Northern Mariana Islands and Guam,2008,12419323.901646903,USD (1),tour,2015
13,Northern Mariana Islands and Guam,2009,12353596.613010721,USD (1),tour,2015
13,Northern Mariana Islands and Guam,2010,12450372.219400298,USD (1),tour,2015
13,Northern Mariana Islands and Guam,2011,12343378.968574865,USD (1),tour,2015
13,Northern Mariana Islands and Guam,2012,12544132.988650566,USD (1),tour,2015
13,Northern Mariana Islands and Guam,2013,12630463.616620004,USD (1),tour,2015
13,Northern Mariana Islands and Guam,2014,12727121.96193992,USD (1),tour,2015
13,Northern Mariana Islands and Guam,2015,12641237.98131058,USD (1),tour,2015
13,Northern Mariana Islands and Guam,2016,13724357.759867514,USD (1),tour,2015
13,Northern Mariana Islands and Guam,2017,17596871.125014268,USD (1),tour,2015
13,Northern Mariana Islands and Guam,2018,21159942.26822648,USD (1),tour,2015
13,Northern Mariana Islands and Guam,2019,25599666.336433936,USD (1),tour,2015
15,Philippines,2008,185313795.165029,USD (1),tour,2015
15,Philippines,2009,192783631.52634946,USD (1),tour,2015
15,Philippines,2010,219479241.83871168,USD (1),tour,2015
15,Philippines,2011,249631691.32830036,USD (1),tour,2015
15,Philippines,2012,299760885.7948547,USD (1),tour,2015
15,Philippines,2013,335371269.0898604,USD (1),tour,2015
15,Philippines,2014,389992616.86109173,USD (1),tour,2015
15,Philippines,2015,463206002.31178385,USD (1),tour,2015
15,Philippines,2016,522197206.14516056,USD (1),tour,2015
15,Philippines,2017,630187529.0401909,USD (1),tour,2015
15,Philippines,2018,700164354.8724803,USD (1),tour,2015
15,Philippines,2019,779803950.8692049,USD (1),tour,2015
16,Australia,2008,353627211.7706789,USD (1),tour,2015
16,Australia,2009,347214282.6471078,USD (1),tour,2015
16,Australia,2010,341854121.9398794,USD (1),tour,2015
16,Australia,2011,349749903.5982029,USD (1),tour,2015
16,Australia,2012,376841785.8127852,USD (1),tour,2015
16,Australia,2013,400654492.2044177,USD (1),tour,2015
16,Australia,2014,425644884.5101799,USD (1),tour,2015
16,Australia,2015,449988712.7551989,USD (1),tour,2015
16,Australia,2016,462385436.3162476,USD (1),tour,2015
16,Australia,2017,473171333.22654235,USD (1),tour,2015
16,Australia,2018,487164126.1333515,USD (1),tour,2015
16,Australia,2019,385693666.9523859,USD (1),tour,2015
17,Papua New Guinea,2008,NA,USD (1),tour,2015
17,Papua New Guinea,2009,NA,USD (1),tour,2015
17,Papua New Guinea,2010,NA,USD (1),tour,2015
17,Papua New Guinea,2011,NA,USD (1),tour,2015
17,Papua New Guinea,2012,NA,USD (1),tour,2015
17,Papua New Guinea,2013,NA,USD (1),tour,2015
17,Papua New Guinea,2014,NA,USD (1),tour,2015
17,Papua New Guinea,2015,NA,USD (1),tour,2015
17,Papua New Guinea,2016,NA,USD (1),tour,2015
17,Papua New Guinea,2017,NA,USD (1),tour,2015
17,Papua New Guinea,2018,NA,USD (1),tour,2015
17,Papua New Guinea,2019,NA,USD (1),tour,2015
18,Fiji,2008,8462727.616680581,USD (1),tour,2015
18,Fiji,2009,7998281.067621963,USD (1),tour,2015
18,Fiji,2010,7907380.208338548,USD (1),tour,2015
18,Fiji,2011,7800336.476168785,USD (1),tour,2015
18,Fiji,2012,7937149.873517261,USD (1),tour,2015
18,Fiji,2013,8786078.918561835,USD (1),tour,2015
18,Fiji,2014,10256096.574090254,USD (1),tour,2015
18,Fiji,2015,11063667.73051066,USD (1),tour,2015
18,Fiji,2016,10424557.117010547,USD (1),tour,2015
18,Fiji,2017,11740661.952185271,USD (1),tour,2015
18,Fiji,2018,11337531.901586637,USD (1),tour,2015
18,Fiji,2019,10509167.232948128,USD (1),tour,2015
19,Tuvalu,2008,NA,USD (1),tour,2015
19,Tuvalu,2009,NA,USD (1),tour,2015
19,Tuvalu,2010,NA,USD (1),tour,2015
19,Tuvalu,2011,NA,USD (1),tour,2015
19,Tuvalu,2012,NA,USD (1),tour,2015
19,Tuvalu,2013,NA,USD (1),tour,2015
19,Tuvalu,2014,NA,USD (1),tour,2015
19,Tuvalu,2015,NA,USD (1),tour,2015
19,Tuvalu,2016,NA,USD (1),tour,2015
19,Tuvalu,2017,NA,USD (1),tour,2015
19,Tuvalu,2018,NA,USD (1),tour,2015
19,Tuvalu,2019,NA,USD (1),tour,2015
20,South Korea,2008,NA,USD (1),tour,2015
20,South Korea,2009,NA,USD (1),tour,2015
20,South Korea,2010,NA,USD (1),tour,2015
20,South Korea,2011,NA,USD (1),tour,2015
20,South Korea,2012,NA,USD (1),tour,2015
20,South Korea,2013,NA,USD (1),tour,2015
20,South Korea,2014,NA,USD (1),tour,2015
20,South Korea,2015,NA,USD (1),tour,2015
20,South Korea,2016,NA,USD (1),tour,2015
20,South Korea,2017,NA,USD (1),tour,2015
20,South Korea,2018,NA,USD (1),tour,2015
20,South Korea,2019,NA,USD (1),tour,2015
21,North Korea,2008,NA,USD (1),tour,2015
21,North Korea,2009,NA,USD (1),tour,2015
21,North Korea,2010,NA,USD (1),tour,2015
21,North Korea,2011,NA,USD (1),tour,2015
21,North Korea,2012,NA,USD (1),tour,2015
21,North Korea,2013,NA,USD (1),tour,2015
21,North Korea,2014,NA,USD (1),tour,2015
21,North Korea,2015,NA,USD (1),tour,2015
21,North Korea,2016,NA,USD (1),tour,2015
21,North Korea,2017,NA,USD (1),tour,2015
21,North Korea,2018,NA,USD (1),tour,2015
21,North Korea,2019,NA,USD (1),tour,2015
24,Cambodia,2008,NA,USD (1),tour,2015
24,Cambodia,2009,NA,USD (1),tour,2015
24,Cambodia,2010,NA,USD (1),tour,2015
24,Cambodia,2011,NA,USD (1),tour,2015
24,Cambodia,2012,NA,USD (1),tour,2015
24,Cambodia,2013,NA,USD (1),tour,2015
24,Cambodia,2014,NA,USD (1),tour,2015
24,Cambodia,2015,NA,USD (1),tour,2015
24,Cambodia,2016,NA,USD (1),tour,2015
24,Cambodia,2017,NA,USD (1),tour,2015
24,Cambodia,2018,NA,USD (1),tour,2015
24,Cambodia,2019,NA,USD (1),tour,2015
25,Thailand,2008,49322080.81059076,USD (1),tour,2015
25,Thailand,2009,49621082.241784625,USD (1),tour,2015
25,Thailand,2010,54036550.4880527,USD (1),tour,2015
25,Thailand,2011,65219020.22727272,USD (1),tour,2015
25,Thailand,2012,79956485.12287472,USD (1),tour,2015
25,Thailand,2013,94098632.1037123,USD (1),tour,2015
25,Thailand,2014,93314164.81448643,USD (1),tour,2015
25,Thailand,2015,117267872.67734982,USD (1),tour,2015
25,Thailand,2016,136979340.6878432,USD (1),tour,2015
25,Thailand,2017,155716550.1746048,USD (1),tour,2015
25,Thailand,2018,164307035.851363,USD (1),tour,2015
25,Thailand,2019,169521757.0047088,USD (1),tour,2015
28,Comoro Islands,2008,NA,USD (1),tour,2015
28,Comoro Islands,2009,NA,USD (1),tour,2015
28,Comoro Islands,2010,NA,USD (1),tour,2015
28,Comoro Islands,2011,NA,USD (1),tour,2015
28,Comoro Islands,2012,NA,USD (1),tour,2015
28,Comoro Islands,2013,NA,USD (1),tour,2015
28,Comoro Islands,2014,NA,USD (1),tour,2015
28,Comoro Islands,2015,NA,USD (1),tour,2015
28,Comoro Islands,2016,NA,USD (1),tour,2015
28,Comoro Islands,2017,NA,USD (1),tour,2015
28,Comoro Islands,2018,NA,USD (1),tour,2015
28,Comoro Islands,2019,NA,USD (1),tour,2015
31,Seychelles,2008,NA,USD (1),tour,2015
31,Seychelles,2009,NA,USD (1),tour,2015
31,Seychelles,2010,NA,USD (1),tour,2015
31,Seychelles,2011,NA,USD (1),tour,2015
31,Seychelles,2012,NA,USD (1),tour,2015
31,Seychelles,2013,NA,USD (1),tour,2015
31,Seychelles,2014,NA,USD (1),tour,2015
31,Seychelles,2015,NA,USD (1),tour,2015
31,Seychelles,2016,NA,USD (1),tour,2015
31,Seychelles,2017,NA,USD (1),tour,2015
31,Seychelles,2018,NA,USD (1),tour,2015
31,Seychelles,2019,NA,USD (1),tour,2015
37,Mauritius,2008,11707322.34330305,USD (1),tour,2015
37,Mauritius,2009,12100503.879010856,USD (1),tour,2015
37,Mauritius,2010,12645546.659960931,USD (1),tour,2015
37,Mauritius,2011,13735890.150064712,USD (1),tour,2015
37,Mauritius,2012,14112058.812668277,USD (1),tour,2015
37,Mauritius,2013,13295948.411316264,USD (1),tour,2015
37,Mauritius,2014,13995517.969450137,USD (1),tour,2015
37,Mauritius,2015,14710533.925167551,USD (1),tour,2015
37,Mauritius,2016,15290262.644708399,USD (1),tour,2015
37,Mauritius,2017,15743899.824261362,USD (1),tour,2015
37,Mauritius,2018,16747069.927760955,USD (1),tour,2015
37,Mauritius,2019,17058624.465383753,USD (1),tour,2015
39,Maldives,2008,NA,USD (1),tour,2015
39,Maldives,2009,NA,USD (1),tour,2015
39,Maldives,2010,NA,USD (1),tour,2015
39,Maldives,2011,NA,USD (1),tour,2015
39,Maldives,2012,NA,USD (1),tour,2015
39,Maldives,2013,NA,USD (1),tour,2015
39,Maldives,2014,NA,USD (1),tour,2015
39,Maldives,2015,NA,USD (1),tour,2015
39,Maldives,2016,NA,USD (1),tour,2015
39,Maldives,2017,NA,USD (1),tour,2015
39,Maldives,2018,NA,USD (1),tour,2015
39,Maldives,2019,NA,USD (1),tour,2015
40,Sri Lanka,2008,NA,USD (1),tour,2015
40,Sri Lanka,2009,NA,USD (1),tour,2015
40,Sri Lanka,2010,NA,USD (1),tour,2015
40,Sri Lanka,2011,NA,USD (1),tour,2015
40,Sri Lanka,2012,NA,USD (1),tour,2015
40,Sri Lanka,2013,NA,USD (1),tour,2015
40,Sri Lanka,2014,NA,USD (1),tour,2015
40,Sri Lanka,2015,NA,USD (1),tour,2015
40,Sri Lanka,2016,NA,USD (1),tour,2015
40,Sri Lanka,2017,NA,USD (1),tour,2015
40,Sri Lanka,2018,NA,USD (1),tour,2015
40,Sri Lanka,2019,NA,USD (1),tour,2015
41,Mozambique,2008,2631974.8660932425,USD (1),tour,2015
41,Mozambique,2009,2763886.348167547,USD (1),tour,2015
41,Mozambique,2010,2921749.247626896,USD (1),tour,2015
41,Mozambique,2011,3103897.411662904,USD (1),tour,2015
41,Mozambique,2012,3322603.9893622473,USD (1),tour,2015
41,Mozambique,2013,3508076.008613388,USD (1),tour,2015
41,Mozambique,2014,3740921.631453456,USD (1),tour,2015
41,Mozambique,2015,3974954.8102510185,USD (1),tour,2015
41,Mozambique,2016,3763258.534192499,USD (1),tour,2015
41,Mozambique,2017,3460463.4692295687,USD (1),tour,2015
41,Mozambique,2018,3797900.6033290476,USD (1),tour,2015
41,Mozambique,2019,3878091.028367298,USD (1),tour,2015
42,Madagascar,2008,NA,USD (1),tour,2015
42,Madagascar,2009,NA,USD (1),tour,2015
42,Madagascar,2010,NA,USD (1),tour,2015
42,Madagascar,2011,NA,USD (1),tour,2015
42,Madagascar,2012,NA,USD (1),tour,2015
42,Madagascar,2013,NA,USD (1),tour,2015
42,Madagascar,2014,NA,USD (1),tour,2015
42,Madagascar,2015,NA,USD (1),tour,2015
42,Madagascar,2016,NA,USD (1),tour,2015
42,Madagascar,2017,NA,USD (1),tour,2015
42,Madagascar,2018,NA,USD (1),tour,2015
42,Madagascar,2019,NA,USD (1),tour,2015
43,Kenya,2008,NA,USD (1),tour,2015
43,Kenya,2009,NA,USD (1),tour,2015
43,Kenya,2010,NA,USD (1),tour,2015
43,Kenya,2011,NA,USD (1),tour,2015
43,Kenya,2012,NA,USD (1),tour,2015
43,Kenya,2013,NA,USD (1),tour,2015
43,Kenya,2014,NA,USD (1),tour,2015
43,Kenya,2015,NA,USD (1),tour,2015
43,Kenya,2016,NA,USD (1),tour,2015
43,Kenya,2017,NA,USD (1),tour,2015
43,Kenya,2018,NA,USD (1),tour,2015
43,Kenya,2019,NA,USD (1),tour,2015
44,Somalia,2008,NA,USD (1),tour,2015
44,Somalia,2009,NA,USD (1),tour,2015
44,Somalia,2010,NA,USD (1),tour,2015
44,Somalia,2011,NA,USD (1),tour,2015
44,Somalia,2012,NA,USD (1),tour,2015
44,Somalia,2013,NA,USD (1),tour,2015
44,Somalia,2014,NA,USD (1),tour,2015
44,Somalia,2015,NA,USD (1),tour,2015
44,Somalia,2016,NA,USD (1),tour,2015
44,Somalia,2017,NA,USD (1),tour,2015
44,Somalia,2018,NA,USD (1),tour,2015
44,Somalia,2019,NA,USD (1),tour,2015
45,Eritrea,2008,NA,USD (1),tour,2015
45,Eritrea,2009,NA,USD (1),tour,2015
45,Eritrea,2010,NA,USD (1),tour,2015
45,Eritrea,2011,NA,USD (1),tour,2015
45,Eritrea,2012,NA,USD (1),tour,2015
45,Eritrea,2013,NA,USD (1),tour,2015
45,Eritrea,2014,NA,USD (1),tour,2015
45,Eritrea,2015,NA,USD (1),tour,2015
45,Eritrea,2016,NA,USD (1),tour,2015
45,Eritrea,2017,NA,USD (1),tour,2015
45,Eritrea,2018,NA,USD (1),tour,2015
45,Eritrea,2019,NA,USD (1),tour,2015
46,Djibouti,2008,NA,USD (1),tour,2015
46,Djibouti,2009,NA,USD (1),tour,2015
46,Djibouti,2010,NA,USD (1),tour,2015
46,Djibouti,2011,NA,USD (1),tour,2015
46,Djibouti,2012,NA,USD (1),tour,2015
46,Djibouti,2013,NA,USD (1),tour,2015
46,Djibouti,2014,NA,USD (1),tour,2015
46,Djibouti,2015,NA,USD (1),tour,2015
46,Djibouti,2016,NA,USD (1),tour,2015
46,Djibouti,2017,NA,USD (1),tour,2015
46,Djibouti,2018,NA,USD (1),tour,2015
46,Djibouti,2019,NA,USD (1),tour,2015
47,Yemen,2008,NA,USD (1),tour,2015
47,Yemen,2009,NA,USD (1),tour,2015
47,Yemen,2010,NA,USD (1),tour,2015
47,Yemen,2011,NA,USD (1),tour,2015
47,Yemen,2012,NA,USD (1),tour,2015
47,Yemen,2013,NA,USD (1),tour,2015
47,Yemen,2014,NA,USD (1),tour,2015
47,Yemen,2015,NA,USD (1),tour,2015
47,Yemen,2016,NA,USD (1),tour,2015
47,Yemen,2017,NA,USD (1),tour,2015
47,Yemen,2018,NA,USD (1),tour,2015
47,Yemen,2019,NA,USD (1),tour,2015
48,Oman,2008,12308050.752103379,USD (1),tour,2015
48,Oman,2009,14548573.484860176,USD (1),tour,2015
48,Oman,2010,13153276.796333885,USD (1),tour,2015
48,Oman,2011,12197895.038980486,USD (1),tour,2015
48,Oman,2012,13751711.493616976,USD (1),tour,2015
48,Oman,2013,15178375.824755458,USD (1),tour,2015
48,Oman,2014,15596894.96042851,USD (1),tour,2015
48,Oman,2015,19748190.320394445,USD (1),tour,2015
48,Oman,2016,20299015.51597438,USD (1),tour,2015
48,Oman,2017,19137880.96617536,USD (1),tour,2015
48,Oman,2018,18984653.64854243,USD (1),tour,2015
48,Oman,2019,20039697.62841198,USD (1),tour,2015
49,Sudan,2008,NA,USD (1),tour,2015
49,Sudan,2009,NA,USD (1),tour,2015
49,Sudan,2010,NA,USD (1),tour,2015
49,Sudan,2011,NA,USD (1),tour,2015
49,Sudan,2012,NA,USD (1),tour,2015
49,Sudan,2013,NA,USD (1),tour,2015
49,Sudan,2014,NA,USD (1),tour,2015
49,Sudan,2015,NA,USD (1),tour,2015
49,Sudan,2016,NA,USD (1),tour,2015
49,Sudan,2017,NA,USD (1),tour,2015
49,Sudan,2018,NA,USD (1),tour,2015
49,Sudan,2019,NA,USD (1),tour,2015
50,Saudi Arabia,2008,NA,USD (1),tour,2015
50,Saudi Arabia,2009,NA,USD (1),tour,2015
50,Saudi Arabia,2010,NA,USD (1),tour,2015
50,Saudi Arabia,2011,NA,USD (1),tour,2015
50,Saudi Arabia,2012,NA,USD (1),tour,2015
50,Saudi Arabia,2013,NA,USD (1),tour,2015
50,Saudi Arabia,2014,NA,USD (1),tour,2015
50,Saudi Arabia,2015,NA,USD (1),tour,2015
50,Saudi Arabia,2016,NA,USD (1),tour,2015
50,Saudi Arabia,2017,NA,USD (1),tour,2015
50,Saudi Arabia,2018,NA,USD (1),tour,2015
50,Saudi Arabia,2019,NA,USD (1),tour,2015
51,Kuwait,2008,NA,USD (1),tour,2015
51,Kuwait,2009,NA,USD (1),tour,2015
51,Kuwait,2010,NA,USD (1),tour,2015
51,Kuwait,2011,NA,USD (1),tour,2015
51,Kuwait,2012,NA,USD (1),tour,2015
51,Kuwait,2013,NA,USD (1),tour,2015
51,Kuwait,2014,NA,USD (1),tour,2015
51,Kuwait,2015,NA,USD (1),tour,2015
51,Kuwait,2016,NA,USD (1),tour,2015
51,Kuwait,2017,NA,USD (1),tour,2015
51,Kuwait,2018,NA,USD (1),tour,2015
51,Kuwait,2019,NA,USD (1),tour,2015
52,Bahrain,2008,NA,USD (1),tour,2015
52,Bahrain,2009,NA,USD (1),tour,2015
52,Bahrain,2010,NA,USD (1),tour,2015
52,Bahrain,2011,NA,USD (1),tour,2015
52,Bahrain,2012,NA,USD (1),tour,2015
52,Bahrain,2013,NA,USD (1),tour,2015
52,Bahrain,2014,NA,USD (1),tour,2015
52,Bahrain,2015,NA,USD (1),tour,2015
52,Bahrain,2016,NA,USD (1),tour,2015
52,Bahrain,2017,NA,USD (1),tour,2015
52,Bahrain,2018,NA,USD (1),tour,2015
52,Bahrain,2019,NA,USD (1),tour,2015
53,Pakistan,2008,NA,USD (1),tour,2015
53,Pakistan,2009,NA,USD (1),tour,2015
53,Pakistan,2010,NA,USD (1),tour,2015
53,Pakistan,2011,NA,USD (1),tour,2015
53,Pakistan,2012,NA,USD (1),tour,2015
53,Pakistan,2013,NA,USD (1),tour,2015
53,Pakistan,2014,NA,USD (1),tour,2015
53,Pakistan,2015,NA,USD (1),tour,2015
53,Pakistan,2016,NA,USD (1),tour,2015
53,Pakistan,2017,NA,USD (1),tour,2015
53,Pakistan,2018,NA,USD (1),tour,2015
53,Pakistan,2019,NA,USD (1),tour,2015
54,United Arab Emirates,2008,NA,USD (1),tour,2015
54,United Arab Emirates,2009,NA,USD (1),tour,2015
54,United Arab Emirates,2010,NA,USD (1),tour,2015
54,United Arab Emirates,2011,NA,USD (1),tour,2015
54,United Arab Emirates,2012,NA,USD (1),tour,2015
54,United Arab Emirates,2013,NA,USD (1),tour,2015
54,United Arab Emirates,2014,NA,USD (1),tour,2015
54,United Arab Emirates,2015,NA,USD (1),tour,2015
54,United Arab Emirates,2016,NA,USD (1),tour,2015
54,United Arab Emirates,2017,NA,USD (1),tour,2015
54,United Arab Emirates,2018,NA,USD (1),tour,2015
54,United Arab Emirates,2019,NA,USD (1),tour,2015
56,Cape Verde,2008,NA,USD (1),tour,2015
56,Cape Verde,2009,NA,USD (1),tour,2015
56,Cape Verde,2010,NA,USD (1),tour,2015
56,Cape Verde,2011,NA,USD (1),tour,2015
56,Cape Verde,2012,NA,USD (1),tour,2015
56,Cape Verde,2013,NA,USD (1),tour,2015
56,Cape Verde,2014,NA,USD (1),tour,2015
56,Cape Verde,2015,NA,USD (1),tour,2015
56,Cape Verde,2016,NA,USD (1),tour,2015
56,Cape Verde,2017,NA,USD (1),tour,2015
56,Cape Verde,2018,NA,USD (1),tour,2015
56,Cape Verde,2019,NA,USD (1),tour,2015
59,Belgium,2008,NA,USD (1),tour,2015
59,Belgium,2009,NA,USD (1),tour,2015
59,Belgium,2010,NA,USD (1),tour,2015
59,Belgium,2011,NA,USD (1),tour,2015
59,Belgium,2012,NA,USD (1),tour,2015
59,Belgium,2013,NA,USD (1),tour,2015
59,Belgium,2014,NA,USD (1),tour,2015
59,Belgium,2015,NA,USD (1),tour,2015
59,Belgium,2016,NA,USD (1),tour,2015
59,Belgium,2017,NA,USD (1),tour,2015
59,Belgium,2018,NA,USD (1),tour,2015
59,Belgium,2019,NA,USD (1),tour,2015
60,Gibraltar,2008,NA,USD (1),tour,2015
60,Gibraltar,2009,NA,USD (1),tour,2015
60,Gibraltar,2010,NA,USD (1),tour,2015
60,Gibraltar,2011,NA,USD (1),tour,2015
60,Gibraltar,2012,NA,USD (1),tour,2015
60,Gibraltar,2013,NA,USD (1),tour,2015
60,Gibraltar,2014,NA,USD (1),tour,2015
60,Gibraltar,2015,NA,USD (1),tour,2015
60,Gibraltar,2016,NA,USD (1),tour,2015
60,Gibraltar,2017,NA,USD (1),tour,2015
60,Gibraltar,2018,NA,USD (1),tour,2015
60,Gibraltar,2019,NA,USD (1),tour,2015
61,Tunisia,2008,NA,USD (1),tour,2015
61,Tunisia,2009,NA,USD (1),tour,2015
61,Tunisia,2010,NA,USD (1),tour,2015
61,Tunisia,2011,NA,USD (1),tour,2015
61,Tunisia,2012,NA,USD (1),tour,2015
61,Tunisia,2013,NA,USD (1),tour,2015
61,Tunisia,2014,NA,USD (1),tour,2015
61,Tunisia,2015,NA,USD (1),tour,2015
61,Tunisia,2016,NA,USD (1),tour,2015
61,Tunisia,2017,NA,USD (1),tour,2015
61,Tunisia,2018,NA,USD (1),tour,2015
61,Tunisia,2019,NA,USD (1),tour,2015
62,Morocco,2008,38231204.293098085,USD (1),tour,2015
62,Morocco,2009,39690339.59564317,USD (1),tour,2015
62,Morocco,2010,42508790.24545275,USD (1),tour,2015
62,Morocco,2011,43447683.83175649,USD (1),tour,2015
62,Morocco,2012,43769886.10704051,USD (1),tour,2015
62,Morocco,2013,45292806.73662078,USD (1),tour,2015
62,Morocco,2014,45605429.65002987,USD (1),tour,2015
62,Morocco,2015,45914539.60227,USD (1),tour,2015
62,Morocco,2016,47329489.6257265,USD (1),tour,2015
62,Morocco,2017,51400808.84147172,USD (1),tour,2015
62,Morocco,2018,54031230.00878194,USD (1),tour,2015
62,Morocco,2019,56739001.98862135,USD (1),tour,2015
64,Mauritania,2008,NA,USD (1),tour,2015
64,Mauritania,2009,NA,USD (1),tour,2015
64,Mauritania,2010,NA,USD (1),tour,2015
64,Mauritania,2011,NA,USD (1),tour,2015
64,Mauritania,2012,NA,USD (1),tour,2015
64,Mauritania,2013,NA,USD (1),tour,2015
64,Mauritania,2014,NA,USD (1),tour,2015
64,Mauritania,2015,NA,USD (1),tour,2015
64,Mauritania,2016,NA,USD (1),tour,2015
64,Mauritania,2017,NA,USD (1),tour,2015
64,Mauritania,2018,NA,USD (1),tour,2015
64,Mauritania,2019,NA,USD (1),tour,2015
65,Gambia,2008,NA,USD (1),tour,2015
65,Gambia,2009,NA,USD (1),tour,2015
65,Gambia,2010,NA,USD (1),tour,2015
65,Gambia,2011,NA,USD (1),tour,2015
65,Gambia,2012,NA,USD (1),tour,2015
65,Gambia,2013,NA,USD (1),tour,2015
65,Gambia,2014,NA,USD (1),tour,2015
65,Gambia,2015,NA,USD (1),tour,2015
65,Gambia,2016,NA,USD (1),tour,2015
65,Gambia,2017,NA,USD (1),tour,2015
65,Gambia,2018,NA,USD (1),tour,2015
65,Gambia,2019,NA,USD (1),tour,2015
66,Senegal,2008,NA,USD (1),tour,2015
66,Senegal,2009,NA,USD (1),tour,2015
66,Senegal,2010,NA,USD (1),tour,2015
66,Senegal,2011,NA,USD (1),tour,2015
66,Senegal,2012,NA,USD (1),tour,2015
66,Senegal,2013,NA,USD (1),tour,2015
66,Senegal,2014,NA,USD (1),tour,2015
66,Senegal,2015,NA,USD (1),tour,2015
66,Senegal,2016,NA,USD (1),tour,2015
66,Senegal,2017,NA,USD (1),tour,2015
66,Senegal,2018,NA,USD (1),tour,2015
66,Senegal,2019,NA,USD (1),tour,2015
67,Libya,2008,NA,USD (1),tour,2015
67,Libya,2009,NA,USD (1),tour,2015
67,Libya,2010,NA,USD (1),tour,2015
67,Libya,2011,NA,USD (1),tour,2015
67,Libya,2012,NA,USD (1),tour,2015
67,Libya,2013,NA,USD (1),tour,2015
67,Libya,2014,NA,USD (1),tour,2015
67,Libya,2015,NA,USD (1),tour,2015
67,Libya,2016,NA,USD (1),tour,2015
67,Libya,2017,NA,USD (1),tour,2015
67,Libya,2018,NA,USD (1),tour,2015
67,Libya,2019,NA,USD (1),tour,2015
68,Malta,2008,NA,USD (1),tour,2015
68,Malta,2009,NA,USD (1),tour,2015
68,Malta,2010,NA,USD (1),tour,2015
68,Malta,2011,NA,USD (1),tour,2015
68,Malta,2012,NA,USD (1),tour,2015
68,Malta,2013,NA,USD (1),tour,2015
68,Malta,2014,NA,USD (1),tour,2015
68,Malta,2015,NA,USD (1),tour,2015
68,Malta,2016,NA,USD (1),tour,2015
68,Malta,2017,NA,USD (1),tour,2015
68,Malta,2018,NA,USD (1),tour,2015
68,Malta,2019,NA,USD (1),tour,2015
69,Latvia,2008,9360334.125759041,USD (1),tour,2015
69,Latvia,2009,5917916.344480392,USD (1),tour,2015
69,Latvia,2010,5648665.446056056,USD (1),tour,2015
69,Latvia,2011,6356078.230381958,USD (1),tour,2015
69,Latvia,2012,8806644.27052636,USD (1),tour,2015
69,Latvia,2013,8572810.529877158,USD (1),tour,2015
69,Latvia,2014,8941390.404945547,USD (1),tour,2015
69,Latvia,2015,9065644.557664968,USD (1),tour,2015
69,Latvia,2016,10010747.953841897,USD (1),tour,2015
69,Latvia,2017,10639754.303589834,USD (1),tour,2015
69,Latvia,2018,11862560.453527844,USD (1),tour,2015
69,Latvia,2019,11753736.282939149,USD (1),tour,2015
70,Estonia,2008,9926261.099774478,USD (1),tour,2015
70,Estonia,2009,9442964.047349539,USD (1),tour,2015
70,Estonia,2010,9398308.672586573,USD (1),tour,2015
70,Estonia,2011,9766748.723866971,USD (1),tour,2015
70,Estonia,2012,9986155.071635237,USD (1),tour,2015
70,Estonia,2013,11181971.809153771,USD (1),tour,2015
70,Estonia,2014,13186244.02692923,USD (1),tour,2015
70,Estonia,2015,13476830.480495006,USD (1),tour,2015
70,Estonia,2016,13818079.811253494,USD (1),tour,2015
70,Estonia,2017,14437292.590461526,USD (1),tour,2015
70,Estonia,2018,14935416.93831965,USD (1),tour,2015
70,Estonia,2019,15499691.07695199,USD (1),tour,2015
71,Bulgaria,2008,NA,USD (1),tour,2015
71,Bulgaria,2009,NA,USD (1),tour,2015
71,Bulgaria,2010,NA,USD (1),tour,2015
71,Bulgaria,2011,NA,USD (1),tour,2015
71,Bulgaria,2012,NA,USD (1),tour,2015
71,Bulgaria,2013,NA,USD (1),tour,2015
71,Bulgaria,2014,NA,USD (1),tour,2015
71,Bulgaria,2015,NA,USD (1),tour,2015
71,Bulgaria,2016,NA,USD (1),tour,2015
71,Bulgaria,2017,NA,USD (1),tour,2015
71,Bulgaria,2018,NA,USD (1),tour,2015
71,Bulgaria,2019,NA,USD (1),tour,2015
72,Romania,2008,1510204.0447465226,USD (1),tour,2015
72,Romania,2009,1424015.3201686512,USD (1),tour,2015
72,Romania,2010,1363921.9380337633,USD (1),tour,2015
72,Romania,2011,1405053.9670517559,USD (1),tour,2015
72,Romania,2012,1441781.9068347262,USD (1),tour,2015
72,Romania,2013,1477754.1233060875,USD (1),tour,2015
72,Romania,2014,1527567.5409877952,USD (1),tour,2015
72,Romania,2015,1900532.1920013172,USD (1),tour,2015
72,Romania,2016,2080411.5742393257,USD (1),tour,2015
72,Romania,2017,2073645.4584384705,USD (1),tour,2015
72,Romania,2018,2081148.9903480948,USD (1),tour,2015
72,Romania,2019,1982903.056598096,USD (1),tour,2015
73,Russia,2008,51697355.22654258,USD (1),tour,2015
73,Russia,2009,47656950.69404379,USD (1),tour,2015
73,Russia,2010,49767467.03288629,USD (1),tour,2015
73,Russia,2011,51897440.054401904,USD (1),tour,2015
73,Russia,2012,53950309.283988275,USD (1),tour,2015
73,Russia,2013,54846153.78481723,USD (1),tour,2015
73,Russia,2014,55195181.38982433,USD (1),tour,2015
73,Russia,2015,54060338.09398956,USD (1),tour,2015
73,Russia,2016,55699618.86139175,USD (1),tour,2015
73,Russia,2017,44964434.90511271,USD (1),tour,2015
73,Russia,2018,46165807.350400835,USD (1),tour,2015
73,Russia,2019,48885750.78890418,USD (1),tour,2015
74,Georgia,2008,NA,USD (1),tour,2015
74,Georgia,2009,NA,USD (1),tour,2015
74,Georgia,2010,NA,USD (1),tour,2015
74,Georgia,2011,NA,USD (1),tour,2015
74,Georgia,2012,NA,USD (1),tour,2015
74,Georgia,2013,NA,USD (1),tour,2015
74,Georgia,2014,NA,USD (1),tour,2015
74,Georgia,2015,NA,USD (1),tour,2015
74,Georgia,2016,NA,USD (1),tour,2015
74,Georgia,2017,NA,USD (1),tour,2015
74,Georgia,2018,NA,USD (1),tour,2015
74,Georgia,2019,NA,USD (1),tour,2015
75,Ukraine,2008,NA,USD (1),tour,2015
75,Ukraine,2009,NA,USD (1),tour,2015
75,Ukraine,2010,NA,USD (1),tour,2015
75,Ukraine,2011,NA,USD (1),tour,2015
75,Ukraine,2012,NA,USD (1),tour,2015
75,Ukraine,2013,NA,USD (1),tour,2015
75,Ukraine,2014,NA,USD (1),tour,2015
75,Ukraine,2015,NA,USD (1),tour,2015
75,Ukraine,2016,NA,USD (1),tour,2015
75,Ukraine,2017,NA,USD (1),tour,2015
75,Ukraine,2018,NA,USD (1),tour,2015
75,Ukraine,2019,NA,USD (1),tour,2015
76,Turkey,2008,NA,USD (1),tour,2015
76,Turkey,2009,NA,USD (1),tour,2015
76,Turkey,2010,NA,USD (1),tour,2015
76,Turkey,2011,NA,USD (1),tour,2015
76,Turkey,2012,NA,USD (1),tour,2015
76,Turkey,2013,NA,USD (1),tour,2015
76,Turkey,2014,NA,USD (1),tour,2015
76,Turkey,2015,NA,USD (1),tour,2015
76,Turkey,2016,NA,USD (1),tour,2015
76,Turkey,2017,NA,USD (1),tour,2015
76,Turkey,2018,NA,USD (1),tour,2015
76,Turkey,2019,NA,USD (1),tour,2015
77,Syria,2008,NA,USD (1),tour,2015
77,Syria,2009,NA,USD (1),tour,2015
77,Syria,2010,NA,USD (1),tour,2015
77,Syria,2011,NA,USD (1),tour,2015
77,Syria,2012,NA,USD (1),tour,2015
77,Syria,2013,NA,USD (1),tour,2015
77,Syria,2014,NA,USD (1),tour,2015
77,Syria,2015,NA,USD (1),tour,2015
77,Syria,2016,NA,USD (1),tour,2015
77,Syria,2017,NA,USD (1),tour,2015
77,Syria,2018,NA,USD (1),tour,2015
77,Syria,2019,NA,USD (1),tour,2015
78,Lebanon,2008,10735243.108684367,USD (1),tour,2015
78,Lebanon,2009,15697753.728948751,USD (1),tour,2015
78,Lebanon,2010,16737466.75590915,USD (1),tour,2015
78,Lebanon,2011,16586196.218784902,USD (1),tour,2015
78,Lebanon,2012,15791696.540981945,USD (1),tour,2015
78,Lebanon,2013,16283667.235832134,USD (1),tour,2015
78,Lebanon,2014,17939529.35059939,USD (1),tour,2015
78,Lebanon,2015,19502916.997490026,USD (1),tour,2015
78,Lebanon,2016,19285532.6163502,USD (1),tour,2015
78,Lebanon,2017,19812445.00670491,USD (1),tour,2015
78,Lebanon,2018,18715230.210264582,USD (1),tour,2015
78,Lebanon,2019,17440781.98828504,USD (1),tour,2015
79,Israel,2008,82235976.81924832,USD (1),tour,2015
79,Israel,2009,78164099.76410824,USD (1),tour,2015
79,Israel,2010,90290956.56361224,USD (1),tour,2015
79,Israel,2011,93270532.7043419,USD (1),tour,2015
79,Israel,2012,97535905.9666403,USD (1),tour,2015
79,Israel,2013,97702428.57735197,USD (1),tour,2015
79,Israel,2014,98444740.53132962,USD (1),tour,2015
79,Israel,2015,103785564.639846,USD (1),tour,2015
79,Israel,2016,105945088.94359969,USD (1),tour,2015
79,Israel,2017,112106755.19995426,USD (1),tour,2015
79,Israel,2018,120942504.62945123,USD (1),tour,2015
79,Israel,2019,123508615.80998638,USD (1),tour,2015
80,Greece,2008,185577305.01272708,USD (1),tour,2015
80,Greece,2009,154012756.73699173,USD (1),tour,2015
80,Greece,2010,158745782.71441528,USD (1),tour,2015
80,Greece,2011,136954096.4682696,USD (1),tour,2015
80,Greece,2012,131500236.13459224,USD (1),tour,2015
80,Greece,2013,151155553.14537567,USD (1),tour,2015
80,Greece,2014,162150572.35660377,USD (1),tour,2015
80,Greece,2015,165881160.3918801,USD (1),tour,2015
80,Greece,2016,155202928.2431604,USD (1),tour,2015
80,Greece,2017,167522117.6313454,USD (1),tour,2015
80,Greece,2018,180878363.34968516,USD (1),tour,2015
80,Greece,2019,195574182.0608275,USD (1),tour,2015
81,Cyprus,2008,NA,USD (1),tour,2015
81,Cyprus,2009,NA,USD (1),tour,2015
81,Cyprus,2010,NA,USD (1),tour,2015
81,Cyprus,2011,NA,USD (1),tour,2015
81,Cyprus,2012,NA,USD (1),tour,2015
81,Cyprus,2013,NA,USD (1),tour,2015
81,Cyprus,2014,NA,USD (1),tour,2015
81,Cyprus,2015,NA,USD (1),tour,2015
81,Cyprus,2016,NA,USD (1),tour,2015
81,Cyprus,2017,NA,USD (1),tour,2015
81,Cyprus,2018,NA,USD (1),tour,2015
81,Cyprus,2019,NA,USD (1),tour,2015
82,Albania,2008,2190831.9432375655,USD (1),tour,2015
82,Albania,2009,2200255.4120099638,USD (1),tour,2015
82,Albania,2010,2410057.9369241437,USD (1),tour,2015
82,Albania,2011,2254768.0618943986,USD (1),tour,2015
82,Albania,2012,2149427.7558487747,USD (1),tour,2015
82,Albania,2013,2157682.666786128,USD (1),tour,2015
82,Albania,2014,2219236.5579141625,USD (1),tour,2015
82,Albania,2015,2400410.21702175,USD (1),tour,2015
82,Albania,2016,2704294.5064259144,USD (1),tour,2015
82,Albania,2017,3047273.619280692,USD (1),tour,2015
82,Albania,2018,3628923.3921084367,USD (1),tour,2015
82,Albania,2019,4467348.098598534,USD (1),tour,2015
84,Algeria,2008,7448038.274525557,USD (1),tour,2015
84,Algeria,2009,10311082.421298034,USD (1),tour,2015
84,Algeria,2010,9764107.590140613,USD (1),tour,2015
84,Algeria,2011,9033062.256299075,USD (1),tour,2015
84,Algeria,2012,9222206.051951582,USD (1),tour,2015
84,Algeria,2013,10473920.154530957,USD (1),tour,2015
84,Algeria,2014,11941732.082926767,USD (1),tour,2015
84,Algeria,2015,14496406.615852434,USD (1),tour,2015
84,Algeria,2016,16123580.27521484,USD (1),tour,2015
84,Algeria,2017,18588811.224910267,USD (1),tour,2015
84,Algeria,2018,19908142.448198784,USD (1),tour,2015
84,Algeria,2019,21153641.04662547,USD (1),tour,2015
96,Sierra Leone,2008,NA,USD (1),tour,2015
96,Sierra Leone,2009,NA,USD (1),tour,2015
96,Sierra Leone,2010,NA,USD (1),tour,2015
96,Sierra Leone,2011,NA,USD (1),tour,2015
96,Sierra Leone,2012,NA,USD (1),tour,2015
96,Sierra Leone,2013,NA,USD (1),tour,2015
96,Sierra Leone,2014,NA,USD (1),tour,2015
96,Sierra Leone,2015,NA,USD (1),tour,2015
96,Sierra Leone,2016,NA,USD (1),tour,2015
96,Sierra Leone,2017,NA,USD (1),tour,2015
96,Sierra Leone,2018,NA,USD (1),tour,2015
96,Sierra Leone,2019,NA,USD (1),tour,2015
97,Liberia,2008,NA,USD (1),tour,2015
97,Liberia,2009,NA,USD (1),tour,2015
97,Liberia,2010,NA,USD (1),tour,2015
97,Liberia,2011,NA,USD (1),tour,2015
97,Liberia,2012,NA,USD (1),tour,2015
97,Liberia,2013,NA,USD (1),tour,2015
97,Liberia,2014,NA,USD (1),tour,2015
97,Liberia,2015,NA,USD (1),tour,2015
97,Liberia,2016,NA,USD (1),tour,2015
97,Liberia,2017,NA,USD (1),tour,2015
97,Liberia,2018,NA,USD (1),tour,2015
97,Liberia,2019,NA,USD (1),tour,2015
98,Togo,2008,NA,USD (1),tour,2015
98,Togo,2009,NA,USD (1),tour,2015
98,Togo,2010,NA,USD (1),tour,2015
98,Togo,2011,NA,USD (1),tour,2015
98,Togo,2012,NA,USD (1),tour,2015
98,Togo,2013,NA,USD (1),tour,2015
98,Togo,2014,NA,USD (1),tour,2015
98,Togo,2015,NA,USD (1),tour,2015
98,Togo,2016,NA,USD (1),tour,2015
98,Togo,2017,NA,USD (1),tour,2015
98,Togo,2018,NA,USD (1),tour,2015
98,Togo,2019,NA,USD (1),tour,2015
99,Benin,2008,NA,USD (1),tour,2015
99,Benin,2009,NA,USD (1),tour,2015
99,Benin,2010,NA,USD (1),tour,2015
99,Benin,2011,NA,USD (1),tour,2015
99,Benin,2012,NA,USD (1),tour,2015
99,Benin,2013,NA,USD (1),tour,2015
99,Benin,2014,NA,USD (1),tour,2015
99,Benin,2015,NA,USD (1),tour,2015
99,Benin,2016,NA,USD (1),tour,2015
99,Benin,2017,NA,USD (1),tour,2015
99,Benin,2018,NA,USD (1),tour,2015
99,Benin,2019,NA,USD (1),tour,2015
100,Republique du Congo,2008,NA,USD (1),tour,2015
100,Republique du Congo,2009,NA,USD (1),tour,2015
100,Republique du Congo,2010,NA,USD (1),tour,2015
100,Republique du Congo,2011,NA,USD (1),tour,2015
100,Republique du Congo,2012,NA,USD (1),tour,2015
100,Republique du Congo,2013,NA,USD (1),tour,2015
100,Republique du Congo,2014,NA,USD (1),tour,2015
100,Republique du Congo,2015,NA,USD (1),tour,2015
100,Republique du Congo,2016,NA,USD (1),tour,2015
100,Republique du Congo,2017,NA,USD (1),tour,2015
100,Republique du Congo,2018,NA,USD (1),tour,2015
100,Republique du Congo,2019,NA,USD (1),tour,2015
101,Namibia,2008,180305.54633107927,USD (1),tour,2015
101,Namibia,2009,183837.853376594,USD (1),tour,2015
101,Namibia,2010,190672.44000246623,USD (1),tour,2015
101,Namibia,2011,230260.80498808064,USD (1),tour,2015
101,Namibia,2012,248771.9149097737,USD (1),tour,2015
101,Namibia,2013,278910.59156928794,USD (1),tour,2015
101,Namibia,2014,303188.4543719885,USD (1),tour,2015
101,Namibia,2015,355341.0830172601,USD (1),tour,2015
101,Namibia,2016,332107.11473648786,USD (1),tour,2015
101,Namibia,2017,325733.5590271596,USD (1),tour,2015
101,Namibia,2018,336968.38814999844,USD (1),tour,2015
101,Namibia,2019,341305.24794294377,USD (1),tour,2015
102,South Africa,2008,31229385.186216604,USD (1),tour,2015
102,South Africa,2009,29296642.639078144,USD (1),tour,2015
102,South Africa,2010,30410663.26484127,USD (1),tour,2015
102,South Africa,2011,29604404.223314717,USD (1),tour,2015
102,South Africa,2012,31209130.8838969,USD (1),tour,2015
102,South Africa,2013,36398476.225028284,USD (1),tour,2015
102,South Africa,2014,37536514.82054785,USD (1),tour,2015
102,South Africa,2015,32337747.43608109,USD (1),tour,2015
102,South Africa,2016,32970914.743823346,USD (1),tour,2015
102,South Africa,2017,29408386.72732847,USD (1),tour,2015
102,South Africa,2018,31407270.392822776,USD (1),tour,2015
102,South Africa,2019,41934142.96760366,USD (1),tour,2015
103,Sao Tome and Principe,2008,NA,USD (1),tour,2015
103,Sao Tome and Principe,2009,NA,USD (1),tour,2015
103,Sao Tome and Principe,2010,NA,USD (1),tour,2015
103,Sao Tome and Principe,2011,NA,USD (1),tour,2015
103,Sao Tome and Principe,2012,NA,USD (1),tour,2015
103,Sao Tome and Principe,2013,NA,USD (1),tour,2015
103,Sao Tome and Principe,2014,NA,USD (1),tour,2015
103,Sao Tome and Principe,2015,NA,USD (1),tour,2015
103,Sao Tome and Principe,2016,NA,USD (1),tour,2015
103,Sao Tome and Principe,2017,NA,USD (1),tour,2015
103,Sao Tome and Principe,2018,NA,USD (1),tour,2015
103,Sao Tome and Principe,2019,NA,USD (1),tour,2015
104,Equatorial Guinea,2008,1654301.7926195129,USD (1),tour,2015
104,Equatorial Guinea,2009,2654108.2062054705,USD (1),tour,2015
104,Equatorial Guinea,2010,2175947.0212758114,USD (1),tour,2015
104,Equatorial Guinea,2011,2595910.8663435145,USD (1),tour,2015
104,Equatorial Guinea,2012,2714823.130412558,USD (1),tour,2015
104,Equatorial Guinea,2013,3113404.2715283977,USD (1),tour,2015
104,Equatorial Guinea,2014,3223569.929379916,USD (1),tour,2015
104,Equatorial Guinea,2015,3823671.013388945,USD (1),tour,2015
104,Equatorial Guinea,2016,4105793.7319798074,USD (1),tour,2015
104,Equatorial Guinea,2017,3453438.063074132,USD (1),tour,2015
104,Equatorial Guinea,2018,3142476.073861858,USD (1),tour,2015
104,Equatorial Guinea,2019,3395488.8572647306,USD (1),tour,2015
106,Ghana,2008,NA,USD (1),tour,2015
106,Ghana,2009,NA,USD (1),tour,2015
106,Ghana,2010,NA,USD (1),tour,2015
106,Ghana,2011,NA,USD (1),tour,2015
106,Ghana,2012,NA,USD (1),tour,2015
106,Ghana,2013,NA,USD (1),tour,2015
106,Ghana,2014,NA,USD (1),tour,2015
106,Ghana,2015,NA,USD (1),tour,2015
106,Ghana,2016,NA,USD (1),tour,2015
106,Ghana,2017,NA,USD (1),tour,2015
106,Ghana,2018,NA,USD (1),tour,2015
106,Ghana,2019,NA,USD (1),tour,2015
108,Bermuda,2008,18286644.245440923,USD (1),tour,2015
108,Bermuda,2009,15124895.372359773,USD (1),tour,2015
108,Bermuda,2010,18083635.968567695,USD (1),tour,2015
108,Bermuda,2011,19007195.56828452,USD (1),tour,2015
108,Bermuda,2012,16356600.375444574,USD (1),tour,2015
108,Bermuda,2013,15866857.849328892,USD (1),tour,2015
108,Bermuda,2014,14002577.744795237,USD (1),tour,2015
108,Bermuda,2015,12833811.81796453,USD (1),tour,2015
108,Bermuda,2016,14462769.262616526,USD (1),tour,2015
108,Bermuda,2017,15271155.563992057,USD (1),tour,2015
108,Bermuda,2018,16752910.112728521,USD (1),tour,2015
108,Bermuda,2019,16135337.857860241,USD (1),tour,2015
110,Bahamas,2008,NA,USD (1),tour,2015
110,Bahamas,2009,NA,USD (1),tour,2015
110,Bahamas,2010,NA,USD (1),tour,2015
110,Bahamas,2011,NA,USD (1),tour,2015
110,Bahamas,2012,NA,USD (1),tour,2015
110,Bahamas,2013,NA,USD (1),tour,2015
110,Bahamas,2014,NA,USD (1),tour,2015
110,Bahamas,2015,NA,USD (1),tour,2015
110,Bahamas,2016,NA,USD (1),tour,2015
110,Bahamas,2017,NA,USD (1),tour,2015
110,Bahamas,2018,NA,USD (1),tour,2015
110,Bahamas,2019,NA,USD (1),tour,2015
111,Turks and Caicos Islands,2008,NA,USD (1),tour,2015
111,Turks and Caicos Islands,2009,NA,USD (1),tour,2015
111,Turks and Caicos Islands,2010,NA,USD (1),tour,2015
111,Turks and Caicos Islands,2011,NA,USD (1),tour,2015
111,Turks and Caicos Islands,2012,NA,USD (1),tour,2015
111,Turks and Caicos Islands,2013,NA,USD (1),tour,2015
111,Turks and Caicos Islands,2014,NA,USD (1),tour,2015
111,Turks and Caicos Islands,2015,NA,USD (1),tour,2015
111,Turks and Caicos Islands,2016,NA,USD (1),tour,2015
111,Turks and Caicos Islands,2017,NA,USD (1),tour,2015
111,Turks and Caicos Islands,2018,NA,USD (1),tour,2015
111,Turks and Caicos Islands,2019,NA,USD (1),tour,2015
112,Cuba,2008,NA,USD (1),tour,2015
112,Cuba,2009,NA,USD (1),tour,2015
112,Cuba,2010,NA,USD (1),tour,2015
112,Cuba,2011,NA,USD (1),tour,2015
112,Cuba,2012,NA,USD (1),tour,2015
112,Cuba,2013,NA,USD (1),tour,2015
112,Cuba,2014,NA,USD (1),tour,2015
112,Cuba,2015,NA,USD (1),tour,2015
112,Cuba,2016,NA,USD (1),tour,2015
112,Cuba,2017,NA,USD (1),tour,2015
112,Cuba,2018,NA,USD (1),tour,2015
112,Cuba,2019,NA,USD (1),tour,2015
113,Cayman Islands,2008,NA,USD (1),tour,2015
113,Cayman Islands,2009,NA,USD (1),tour,2015
113,Cayman Islands,2010,NA,USD (1),tour,2015
113,Cayman Islands,2011,NA,USD (1),tour,2015
113,Cayman Islands,2012,NA,USD (1),tour,2015
113,Cayman Islands,2013,NA,USD (1),tour,2015
113,Cayman Islands,2014,NA,USD (1),tour,2015
113,Cayman Islands,2015,NA,USD (1),tour,2015
113,Cayman Islands,2016,NA,USD (1),tour,2015
113,Cayman Islands,2017,NA,USD (1),tour,2015
113,Cayman Islands,2018,NA,USD (1),tour,2015
113,Cayman Islands,2019,NA,USD (1),tour,2015
114,Haiti,2008,NA,USD (1),tour,2015
114,Haiti,2009,NA,USD (1),tour,2015
114,Haiti,2010,NA,USD (1),tour,2015
114,Haiti,2011,NA,USD (1),tour,2015
114,Haiti,2012,NA,USD (1),tour,2015
114,Haiti,2013,NA,USD (1),tour,2015
114,Haiti,2014,NA,USD (1),tour,2015
114,Haiti,2015,NA,USD (1),tour,2015
114,Haiti,2016,NA,USD (1),tour,2015
114,Haiti,2017,NA,USD (1),tour,2015
114,Haiti,2018,NA,USD (1),tour,2015
114,Haiti,2019,NA,USD (1),tour,2015
115,Dominican Republic,2008,NA,USD (1),tour,2015
115,Dominican Republic,2009,NA,USD (1),tour,2015
115,Dominican Republic,2010,NA,USD (1),tour,2015
115,Dominican Republic,2011,NA,USD (1),tour,2015
115,Dominican Republic,2012,NA,USD (1),tour,2015
115,Dominican Republic,2013,NA,USD (1),tour,2015
115,Dominican Republic,2014,NA,USD (1),tour,2015
115,Dominican Republic,2015,NA,USD (1),tour,2015
115,Dominican Republic,2016,NA,USD (1),tour,2015
115,Dominican Republic,2017,NA,USD (1),tour,2015
115,Dominican Republic,2018,NA,USD (1),tour,2015
115,Dominican Republic,2019,NA,USD (1),tour,2015
116,Puerto Rico and Virgin Islands of the United States,2008,48244326.31285999,USD (1),tour,2015
116,Puerto Rico and Virgin Islands of the United States,2009,47313324.06627385,USD (1),tour,2015
116,Puerto Rico and Virgin Islands of the United States,2010,47192686.78577425,USD (1),tour,2015
116,Puerto Rico and Virgin Islands of the United States,2011,47204251.09918778,USD (1),tour,2015
116,Puerto Rico and Virgin Islands of the United States,2012,47439896.26917141,USD (1),tour,2015
116,Puerto Rico and Virgin Islands of the United States,2013,47663126.38268233,USD (1),tour,2015
116,Puerto Rico and Virgin Islands of the United States,2014,47680486.96476964,USD (1),tour,2015
116,Puerto Rico and Virgin Islands of the United States,2015,48076679.38331923,USD (1),tour,2015
116,Puerto Rico and Virgin Islands of the United States,2016,48826997.42635278,USD (1),tour,2015
116,Puerto Rico and Virgin Islands of the United States,2017,49232009.43959867,USD (1),tour,2015
116,Puerto Rico and Virgin Islands of the United States,2018,41610475.872069865,USD (1),tour,2015
116,Puerto Rico and Virgin Islands of the United States,2019,51263553.73695824,USD (1),tour,2015
117,British Virgin Islands,2008,NA,USD (1),tour,2015
117,British Virgin Islands,2009,NA,USD (1),tour,2015
117,British Virgin Islands,2010,NA,USD (1),tour,2015
117,British Virgin Islands,2011,NA,USD (1),tour,2015
117,British Virgin Islands,2012,NA,USD (1),tour,2015
117,British Virgin Islands,2013,NA,USD (1),tour,2015
117,British Virgin Islands,2014,NA,USD (1),tour,2015
117,British Virgin Islands,2015,NA,USD (1),tour,2015
117,British Virgin Islands,2016,NA,USD (1),tour,2015
117,British Virgin Islands,2017,NA,USD (1),tour,2015
117,British Virgin Islands,2018,NA,USD (1),tour,2015
117,British Virgin Islands,2019,NA,USD (1),tour,2015
119,Saint Kitts and Nevis,2008,NA,USD (1),tour,2015
119,Saint Kitts and Nevis,2009,NA,USD (1),tour,2015
119,Saint Kitts and Nevis,2010,NA,USD (1),tour,2015
119,Saint Kitts and Nevis,2011,NA,USD (1),tour,2015
119,Saint Kitts and Nevis,2012,NA,USD (1),tour,2015
119,Saint Kitts and Nevis,2013,NA,USD (1),tour,2015
119,Saint Kitts and Nevis,2014,NA,USD (1),tour,2015
119,Saint Kitts and Nevis,2015,NA,USD (1),tour,2015
119,Saint Kitts and Nevis,2016,NA,USD (1),tour,2015
119,Saint Kitts and Nevis,2017,NA,USD (1),tour,2015
119,Saint Kitts and Nevis,2018,NA,USD (1),tour,2015
119,Saint Kitts and Nevis,2019,NA,USD (1),tour,2015
120,Antigua and Barbuda,2008,3388105.4431394585,USD (1),tour,2015
120,Antigua and Barbuda,2009,2953530.5231150924,USD (1),tour,2015
120,Antigua and Barbuda,2010,2726848.5205852604,USD (1),tour,2015
120,Antigua and Barbuda,2011,2678300.978388999,USD (1),tour,2015
120,Antigua and Barbuda,2012,2690244.8381058048,USD (1),tour,2015
120,Antigua and Barbuda,2013,2768273.051328986,USD (1),tour,2015
120,Antigua and Barbuda,2014,2904046.1986094085,USD (1),tour,2015
120,Antigua and Barbuda,2015,3043519.6447800742,USD (1),tour,2015
120,Antigua and Barbuda,2016,3202565.2849454093,USD (1),tour,2015
120,Antigua and Barbuda,2017,3163494.2710712007,USD (1),tour,2015
120,Antigua and Barbuda,2018,3345151.995019943,USD (1),tour,2015
120,Antigua and Barbuda,2019,3435650.880970894,USD (1),tour,2015
122,Saint Lucia,2008,NA,USD (1),tour,2015
122,Saint Lucia,2009,NA,USD (1),tour,2015
122,Saint Lucia,2010,NA,USD (1),tour,2015
122,Saint Lucia,2011,NA,USD (1),tour,2015
122,Saint Lucia,2012,NA,USD (1),tour,2015
122,Saint Lucia,2013,NA,USD (1),tour,2015
122,Saint Lucia,2014,NA,USD (1),tour,2015
122,Saint Lucia,2015,NA,USD (1),tour,2015
122,Saint Lucia,2016,NA,USD (1),tour,2015
122,Saint Lucia,2017,NA,USD (1),tour,2015
122,Saint Lucia,2018,NA,USD (1),tour,2015
122,Saint Lucia,2019,NA,USD (1),tour,2015
123,Dominica,2008,NA,USD (1),tour,2015
123,Dominica,2009,NA,USD (1),tour,2015
123,Dominica,2010,NA,USD (1),tour,2015
123,Dominica,2011,NA,USD (1),tour,2015
123,Dominica,2012,NA,USD (1),tour,2015
123,Dominica,2013,NA,USD (1),tour,2015
123,Dominica,2014,NA,USD (1),tour,2015
123,Dominica,2015,NA,USD (1),tour,2015
123,Dominica,2016,NA,USD (1),tour,2015
123,Dominica,2017,NA,USD (1),tour,2015
123,Dominica,2018,NA,USD (1),tour,2015
123,Dominica,2019,NA,USD (1),tour,2015
124,Barbados,2008,NA,USD (1),tour,2015
124,Barbados,2009,NA,USD (1),tour,2015
124,Barbados,2010,NA,USD (1),tour,2015
124,Barbados,2011,NA,USD (1),tour,2015
124,Barbados,2012,NA,USD (1),tour,2015
124,Barbados,2013,NA,USD (1),tour,2015
124,Barbados,2014,NA,USD (1),tour,2015
124,Barbados,2015,NA,USD (1),tour,2015
124,Barbados,2016,NA,USD (1),tour,2015
124,Barbados,2017,NA,USD (1),tour,2015
124,Barbados,2018,NA,USD (1),tour,2015
124,Barbados,2019,NA,USD (1),tour,2015
125,Grenada,2008,NA,USD (1),tour,2015
125,Grenada,2009,NA,USD (1),tour,2015
125,Grenada,2010,NA,USD (1),tour,2015
125,Grenada,2011,NA,USD (1),tour,2015
125,Grenada,2012,NA,USD (1),tour,2015
125,Grenada,2013,NA,USD (1),tour,2015
125,Grenada,2014,NA,USD (1),tour,2015
125,Grenada,2015,NA,USD (1),tour,2015
125,Grenada,2016,NA,USD (1),tour,2015
125,Grenada,2017,NA,USD (1),tour,2015
125,Grenada,2018,NA,USD (1),tour,2015
125,Grenada,2019,NA,USD (1),tour,2015
126,Trinidad and Tobago,2008,NA,USD (1),tour,2015
126,Trinidad and Tobago,2009,NA,USD (1),tour,2015
126,Trinidad and Tobago,2010,NA,USD (1),tour,2015
126,Trinidad and Tobago,2011,NA,USD (1),tour,2015
126,Trinidad and Tobago,2012,NA,USD (1),tour,2015
126,Trinidad and Tobago,2013,NA,USD (1),tour,2015
126,Trinidad and Tobago,2014,NA,USD (1),tour,2015
126,Trinidad and Tobago,2015,NA,USD (1),tour,2015
126,Trinidad and Tobago,2016,NA,USD (1),tour,2015
126,Trinidad and Tobago,2017,NA,USD (1),tour,2015
126,Trinidad and Tobago,2018,NA,USD (1),tour,2015
126,Trinidad and Tobago,2019,NA,USD (1),tour,2015
127,Saint Vincent and the Grenadines,2008,NA,USD (1),tour,2015
127,Saint Vincent and the Grenadines,2009,NA,USD (1),tour,2015
127,Saint Vincent and the Grenadines,2010,NA,USD (1),tour,2015
127,Saint Vincent and the Grenadines,2011,NA,USD (1),tour,2015
127,Saint Vincent and the Grenadines,2012,NA,USD (1),tour,2015
127,Saint Vincent and the Grenadines,2013,NA,USD (1),tour,2015
127,Saint Vincent and the Grenadines,2014,NA,USD (1),tour,2015
127,Saint Vincent and the Grenadines,2015,NA,USD (1),tour,2015
127,Saint Vincent and the Grenadines,2016,NA,USD (1),tour,2015
127,Saint Vincent and the Grenadines,2017,NA,USD (1),tour,2015
127,Saint Vincent and the Grenadines,2018,NA,USD (1),tour,2015
127,Saint Vincent and the Grenadines,2019,NA,USD (1),tour,2015
129,Panama,2008,NA,USD (1),tour,2015
129,Panama,2009,NA,USD (1),tour,2015
129,Panama,2010,NA,USD (1),tour,2015
129,Panama,2011,NA,USD (1),tour,2015
129,Panama,2012,NA,USD (1),tour,2015
129,Panama,2013,NA,USD (1),tour,2015
129,Panama,2014,NA,USD (1),tour,2015
129,Panama,2015,NA,USD (1),tour,2015
129,Panama,2016,NA,USD (1),tour,2015
129,Panama,2017,NA,USD (1),tour,2015
129,Panama,2018,NA,USD (1),tour,2015
129,Panama,2019,NA,USD (1),tour,2015
130,Costa Rica,2008,9733093.224248389,USD (1),tour,2015
130,Costa Rica,2009,9672168.519612221,USD (1),tour,2015
130,Costa Rica,2010,10219831.621349482,USD (1),tour,2015
130,Costa Rica,2011,10685937.605749454,USD (1),tour,2015
130,Costa Rica,2012,11226576.19830761,USD (1),tour,2015
130,Costa Rica,2013,12250144.235449916,USD (1),tour,2015
130,Costa Rica,2014,12521206.78634971,USD (1),tour,2015
130,Costa Rica,2015,13264108.020475699,USD (1),tour,2015
130,Costa Rica,2016,14676456.210000684,USD (1),tour,2015
130,Costa Rica,2017,14740699.227391167,USD (1),tour,2015
130,Costa Rica,2018,14665842.8492561,USD (1),tour,2015
130,Costa Rica,2019,15576424.6802588,USD (1),tour,2015
131,Nicaragua,2008,NA,USD (1),tour,2015
131,Nicaragua,2009,NA,USD (1),tour,2015
131,Nicaragua,2010,NA,USD (1),tour,2015
131,Nicaragua,2011,NA,USD (1),tour,2015
131,Nicaragua,2012,NA,USD (1),tour,2015
131,Nicaragua,2013,NA,USD (1),tour,2015
131,Nicaragua,2014,NA,USD (1),tour,2015
131,Nicaragua,2015,NA,USD (1),tour,2015
131,Nicaragua,2016,NA,USD (1),tour,2015
131,Nicaragua,2017,NA,USD (1),tour,2015
131,Nicaragua,2018,NA,USD (1),tour,2015
131,Nicaragua,2019,NA,USD (1),tour,2015
132,Colombia,2008,12396219.538587179,USD (1),tour,2015
132,Colombia,2009,12156746.03634924,USD (1),tour,2015
132,Colombia,2010,12395152.962671362,USD (1),tour,2015
132,Colombia,2011,12196711.076431347,USD (1),tour,2015
132,Colombia,2012,12241361.843943024,USD (1),tour,2015
132,Colombia,2013,12661557.045545196,USD (1),tour,2015
132,Colombia,2014,13092877.205152798,USD (1),tour,2015
132,Colombia,2015,12455647.606621256,USD (1),tour,2015
132,Colombia,2016,13706399.935557093,USD (1),tour,2015
132,Colombia,2017,13887464.815598158,USD (1),tour,2015
132,Colombia,2018,17501299.649808783,USD (1),tour,2015
132,Colombia,2019,18555489.09616676,USD (1),tour,2015
133,Honduras,2008,4555346.498627041,USD (1),tour,2015
133,Honduras,2009,4569539.422014898,USD (1),tour,2015
133,Honduras,2010,4643114.321490777,USD (1),tour,2015
133,Honduras,2011,4795329.174751513,USD (1),tour,2015
133,Honduras,2012,5214096.825954148,USD (1),tour,2015
133,Honduras,2013,5419689.157659404,USD (1),tour,2015
133,Honduras,2014,5476902.15347101,USD (1),tour,2015
133,Honduras,2015,5664564.531347321,USD (1),tour,2015
133,Honduras,2016,5862705.06950116,USD (1),tour,2015
133,Honduras,2017,5741206.908349597,USD (1),tour,2015
133,Honduras,2018,5939987.147814528,USD (1),tour,2015
133,Honduras,2019,6070855.811165894,USD (1),tour,2015
134,El Salvador,2008,5148439.66201676,USD (1),tour,2015
134,El Salvador,2009,5034488.186344516,USD (1),tour,2015
134,El Salvador,2010,5137488.39578922,USD (1),tour,2015
134,El Salvador,2011,5324154.219044316,USD (1),tour,2015
134,El Salvador,2012,5470554.337576227,USD (1),tour,2015
134,El Salvador,2013,5581641.926510122,USD (1),tour,2015
134,El Salvador,2014,5668869.425961202,USD (1),tour,2015
134,El Salvador,2015,5967464.859933517,USD (1),tour,2015
134,El Salvador,2016,6489209.368692447,USD (1),tour,2015
134,El Salvador,2017,7160192.942660664,USD (1),tour,2015
134,El Salvador,2018,7356660.3483052915,USD (1),tour,2015
134,El Salvador,2019,7521162.083554709,USD (1),tour,2015
135,Mexico,2008,218297484.2135999,USD (1),tour,2015
135,Mexico,2009,211492279.518143,USD (1),tour,2015
135,Mexico,2010,215659986.41053417,USD (1),tour,2015
135,Mexico,2011,216849651.15385967,USD (1),tour,2015
135,Mexico,2012,225823601.7390186,USD (1),tour,2015
135,Mexico,2013,237295442.23675334,USD (1),tour,2015
135,Mexico,2014,241538322.1866291,USD (1),tour,2015
135,Mexico,2015,246334047.4018267,USD (1),tour,2015
135,Mexico,2016,238761219.66281033,USD (1),tour,2015
135,Mexico,2017,243332805.05824766,USD (1),tour,2015
135,Mexico,2018,248799877.46953642,USD (1),tour,2015
135,Mexico,2019,249480106.88929176,USD (1),tour,2015
136,Guatemala,2008,NA,USD (1),tour,2015
136,Guatemala,2009,NA,USD (1),tour,2015
136,Guatemala,2010,NA,USD (1),tour,2015
136,Guatemala,2011,NA,USD (1),tour,2015
136,Guatemala,2012,NA,USD (1),tour,2015
136,Guatemala,2013,NA,USD (1),tour,2015
136,Guatemala,2014,NA,USD (1),tour,2015
136,Guatemala,2015,NA,USD (1),tour,2015
136,Guatemala,2016,NA,USD (1),tour,2015
136,Guatemala,2017,NA,USD (1),tour,2015
136,Guatemala,2018,NA,USD (1),tour,2015
136,Guatemala,2019,NA,USD (1),tour,2015
137,Ecuador,2008,6786013.282465444,USD (1),tour,2015
137,Ecuador,2009,6257193.033656473,USD (1),tour,2015
137,Ecuador,2010,6745264.151762534,USD (1),tour,2015
137,Ecuador,2011,7915744.19482548,USD (1),tour,2015
137,Ecuador,2012,8558180.008656146,USD (1),tour,2015
137,Ecuador,2013,9130031.869133063,USD (1),tour,2015
137,Ecuador,2014,9864027.010863904,USD (1),tour,2015
137,Ecuador,2015,9560623.785829337,USD (1),tour,2015
137,Ecuador,2016,9318593.93929996,USD (1),tour,2015
137,Ecuador,2017,10891485.687392334,USD (1),tour,2015
137,Ecuador,2018,12234485.30098111,USD (1),tour,2015
137,Ecuador,2019,12057222.778694788,USD (1),tour,2015
138,Peru,2008,33350183.84212809,USD (1),tour,2015
138,Peru,2009,33904641.847726755,USD (1),tour,2015
138,Peru,2010,36926131.09748776,USD (1),tour,2015
138,Peru,2011,39532746.70063643,USD (1),tour,2015
138,Peru,2012,42232157.80578081,USD (1),tour,2015
138,Peru,2013,46199610.05278786,USD (1),tour,2015
138,Peru,2014,48761374.39184611,USD (1),tour,2015
138,Peru,2015,51751230.439323284,USD (1),tour,2015
138,Peru,2016,53729104.757125944,USD (1),tour,2015
138,Peru,2017,54904518.85149499,USD (1),tour,2015
138,Peru,2018,56856842.02809808,USD (1),tour,2015
138,Peru,2019,57949202.66971065,USD (1),tour,2015
139,Venezuela,2008,NA,USD (1),tour,2015
139,Venezuela,2009,NA,USD (1),tour,2015
139,Venezuela,2010,NA,USD (1),tour,2015
139,Venezuela,2011,NA,USD (1),tour,2015
139,Venezuela,2012,NA,USD (1),tour,2015
139,Venezuela,2013,NA,USD (1),tour,2015
139,Venezuela,2014,NA,USD (1),tour,2015
139,Venezuela,2015,NA,USD (1),tour,2015
139,Venezuela,2016,NA,USD (1),tour,2015
139,Venezuela,2017,NA,USD (1),tour,2015
139,Venezuela,2018,NA,USD (1),tour,2015
139,Venezuela,2019,NA,USD (1),tour,2015
141,Faeroe Islands,2008,NA,USD (1),tour,2015
141,Faeroe Islands,2009,NA,USD (1),tour,2015
141,Faeroe Islands,2010,NA,USD (1),tour,2015
141,Faeroe Islands,2011,NA,USD (1),tour,2015
141,Faeroe Islands,2012,NA,USD (1),tour,2015
141,Faeroe Islands,2013,NA,USD (1),tour,2015
141,Faeroe Islands,2014,NA,USD (1),tour,2015
141,Faeroe Islands,2015,NA,USD (1),tour,2015
141,Faeroe Islands,2016,NA,USD (1),tour,2015
141,Faeroe Islands,2017,NA,USD (1),tour,2015
141,Faeroe Islands,2018,NA,USD (1),tour,2015
141,Faeroe Islands,2019,NA,USD (1),tour,2015
143,Iceland,2008,8757412.487247445,USD (1),tour,2015
143,Iceland,2009,8052223.084326213,USD (1),tour,2015
143,Iceland,2010,7628536.859499099,USD (1),tour,2015
143,Iceland,2011,8314574.017599478,USD (1),tour,2015
143,Iceland,2012,9468315.802541746,USD (1),tour,2015
143,Iceland,2013,11138368.808132261,USD (1),tour,2015
143,Iceland,2014,13251711.884557128,USD (1),tour,2015
143,Iceland,2015,16449719.587204669,USD (1),tour,2015
143,Iceland,2016,22049489.971283983,USD (1),tour,2015
143,Iceland,2017,22366506.56413009,USD (1),tour,2015
143,Iceland,2018,23692994.593311325,USD (1),tour,2015
143,Iceland,2019,24159885.96481223,USD (1),tour,2015
145,Greenland,2008,NA,USD (1),tour,2015
145,Greenland,2009,NA,USD (1),tour,2015
145,Greenland,2010,NA,USD (1),tour,2015
145,Greenland,2011,NA,USD (1),tour,2015
145,Greenland,2012,NA,USD (1),tour,2015
145,Greenland,2013,NA,USD (1),tour,2015
145,Greenland,2014,NA,USD (1),tour,2015
145,Greenland,2015,NA,USD (1),tour,2015
145,Greenland,2016,NA,USD (1),tour,2015
145,Greenland,2017,NA,USD (1),tour,2015
145,Greenland,2018,NA,USD (1),tour,2015
145,Greenland,2019,NA,USD (1),tour,2015
147,French Polynesia,2008,NA,USD (1),tour,2015
147,French Polynesia,2009,NA,USD (1),tour,2015
147,French Polynesia,2010,NA,USD (1),tour,2015
147,French Polynesia,2011,NA,USD (1),tour,2015
147,French Polynesia,2012,NA,USD (1),tour,2015
147,French Polynesia,2013,NA,USD (1),tour,2015
147,French Polynesia,2014,NA,USD (1),tour,2015
147,French Polynesia,2015,NA,USD (1),tour,2015
147,French Polynesia,2016,NA,USD (1),tour,2015
147,French Polynesia,2017,NA,USD (1),tour,2015
147,French Polynesia,2018,NA,USD (1),tour,2015
147,French Polynesia,2019,NA,USD (1),tour,2015
151,American Samoa,2008,NA,USD (1),tour,2015
151,American Samoa,2009,NA,USD (1),tour,2015
151,American Samoa,2010,NA,USD (1),tour,2015
151,American Samoa,2011,NA,USD (1),tour,2015
151,American Samoa,2012,NA,USD (1),tour,2015
151,American Samoa,2013,NA,USD (1),tour,2015
151,American Samoa,2014,NA,USD (1),tour,2015
151,American Samoa,2015,NA,USD (1),tour,2015
151,American Samoa,2016,NA,USD (1),tour,2015
151,American Samoa,2017,NA,USD (1),tour,2015
151,American Samoa,2018,NA,USD (1),tour,2015
151,American Samoa,2019,NA,USD (1),tour,2015
152,Samoa,2008,NA,USD (1),tour,2015
152,Samoa,2009,NA,USD (1),tour,2015
152,Samoa,2010,NA,USD (1),tour,2015
152,Samoa,2011,NA,USD (1),tour,2015
152,Samoa,2012,NA,USD (1),tour,2015
152,Samoa,2013,NA,USD (1),tour,2015
152,Samoa,2014,NA,USD (1),tour,2015
152,Samoa,2015,NA,USD (1),tour,2015
152,Samoa,2016,NA,USD (1),tour,2015
152,Samoa,2017,NA,USD (1),tour,2015
152,Samoa,2018,NA,USD (1),tour,2015
152,Samoa,2019,NA,USD (1),tour,2015
155,Tonga,2008,NA,USD (1),tour,2015
155,Tonga,2009,NA,USD (1),tour,2015
155,Tonga,2010,NA,USD (1),tour,2015
155,Tonga,2011,NA,USD (1),tour,2015
155,Tonga,2012,NA,USD (1),tour,2015
155,Tonga,2013,NA,USD (1),tour,2015
155,Tonga,2014,NA,USD (1),tour,2015
155,Tonga,2015,NA,USD (1),tour,2015
155,Tonga,2016,NA,USD (1),tour,2015
155,Tonga,2017,NA,USD (1),tour,2015
155,Tonga,2018,NA,USD (1),tour,2015
155,Tonga,2019,NA,USD (1),tour,2015
162,New Zealand,2008,107757306.93052293,USD (1),tour,2015
162,New Zealand,2009,98345619.96047974,USD (1),tour,2015
162,New Zealand,2010,99811827.76500191,USD (1),tour,2015
162,New Zealand,2011,99750101.29955876,USD (1),tour,2015
162,New Zealand,2012,101697316.81042263,USD (1),tour,2015
162,New Zealand,2013,104119933.06955238,USD (1),tour,2015
162,New Zealand,2014,105574619.68754433,USD (1),tour,2015
162,New Zealand,2015,122329629.26542367,USD (1),tour,2015
162,New Zealand,2016,140490758.9722124,USD (1),tour,2015
162,New Zealand,2017,135899611.11906964,USD (1),tour,2015
162,New Zealand,2018,140722685.93197992,USD (1),tour,2015
162,New Zealand,2019,139173820.37388408,USD (1),tour,2015
164,Belize,2008,NA,USD (1),tour,2015
164,Belize,2009,NA,USD (1),tour,2015
164,Belize,2010,NA,USD (1),tour,2015
164,Belize,2011,NA,USD (1),tour,2015
164,Belize,2012,NA,USD (1),tour,2015
164,Belize,2013,NA,USD (1),tour,2015
164,Belize,2014,NA,USD (1),tour,2015
164,Belize,2015,NA,USD (1),tour,2015
164,Belize,2016,NA,USD (1),tour,2015
164,Belize,2017,NA,USD (1),tour,2015
164,Belize,2018,NA,USD (1),tour,2015
164,Belize,2019,NA,USD (1),tour,2015
166,Jamaica,2008,11885732.313567372,USD (1),tour,2015
166,Jamaica,2009,11591652.00024018,USD (1),tour,2015
166,Jamaica,2010,10942442.202664569,USD (1),tour,2015
166,Jamaica,2011,10466309.822103402,USD (1),tour,2015
166,Jamaica,2012,10222549.837269465,USD (1),tour,2015
166,Jamaica,2013,11053475.512119818,USD (1),tour,2015
166,Jamaica,2014,12074940.49161057,USD (1),tour,2015
166,Jamaica,2015,12650213.76262598,USD (1),tour,2015
166,Jamaica,2016,13784842.126542332,USD (1),tour,2015
166,Jamaica,2017,14889094.73806056,USD (1),tour,2015
166,Jamaica,2018,15484380.20839562,USD (1),tour,2015
166,Jamaica,2019,16622316.646865115,USD (1),tour,2015
167,Guyana,2008,1115242.8041826363,USD (1),tour,2015
167,Guyana,2009,1156142.1160844113,USD (1),tour,2015
167,Guyana,2010,1204634.6354216866,USD (1),tour,2015
167,Guyana,2011,1265340.312471332,USD (1),tour,2015
167,Guyana,2012,1330129.7836814004,USD (1),tour,2015
167,Guyana,2013,1374880.6933869212,USD (1),tour,2015
167,Guyana,2014,1487146.9964730362,USD (1),tour,2015
167,Guyana,2015,886622.6338748288,USD (1),tour,2015
167,Guyana,2016,967590.7914140574,USD (1),tour,2015
167,Guyana,2017,1002461.9458825571,USD (1),tour,2015
167,Guyana,2018,731972.0743128117,USD (1),tour,2015
167,Guyana,2019,770200.0641945322,USD (1),tour,2015
168,Suriname,2008,NA,USD (1),tour,2015
168,Suriname,2009,NA,USD (1),tour,2015
168,Suriname,2010,NA,USD (1),tour,2015
168,Suriname,2011,NA,USD (1),tour,2015
168,Suriname,2012,NA,USD (1),tour,2015
168,Suriname,2013,NA,USD (1),tour,2015
168,Suriname,2014,NA,USD (1),tour,2015
168,Suriname,2015,NA,USD (1),tour,2015
168,Suriname,2016,NA,USD (1),tour,2015
168,Suriname,2017,NA,USD (1),tour,2015
168,Suriname,2018,NA,USD (1),tour,2015
168,Suriname,2019,NA,USD (1),tour,2015
171,Brazil,2008,NA,USD (1),tour,2015
171,Brazil,2009,NA,USD (1),tour,2015
171,Brazil,2010,NA,USD (1),tour,2015
171,Brazil,2011,NA,USD (1),tour,2015
171,Brazil,2012,NA,USD (1),tour,2015
171,Brazil,2013,NA,USD (1),tour,2015
171,Brazil,2014,NA,USD (1),tour,2015
171,Brazil,2015,NA,USD (1),tour,2015
171,Brazil,2016,NA,USD (1),tour,2015
171,Brazil,2017,NA,USD (1),tour,2015
171,Brazil,2018,NA,USD (1),tour,2015
171,Brazil,2019,NA,USD (1),tour,2015
172,Argentina,2008,NA,USD (1),tour,2015
172,Argentina,2009,NA,USD (1),tour,2015
172,Argentina,2010,NA,USD (1),tour,2015
172,Argentina,2011,NA,USD (1),tour,2015
172,Argentina,2012,NA,USD (1),tour,2015
172,Argentina,2013,NA,USD (1),tour,2015
172,Argentina,2014,NA,USD (1),tour,2015
172,Argentina,2015,NA,USD (1),tour,2015
172,Argentina,2016,NA,USD (1),tour,2015
172,Argentina,2017,NA,USD (1),tour,2015
172,Argentina,2018,NA,USD (1),tour,2015
172,Argentina,2019,NA,USD (1),tour,2015
173,Uruguay,2008,25446495.167906705,USD (1),tour,2015
173,Uruguay,2009,25659092.0248822,USD (1),tour,2015
173,Uruguay,2010,30690556.695111997,USD (1),tour,2015
173,Uruguay,2011,38609971.94155359,USD (1),tour,2015
173,Uruguay,2012,36818352.16658783,USD (1),tour,2015
173,Uruguay,2013,36341431.912922435,USD (1),tour,2015
173,Uruguay,2014,37004021.57340486,USD (1),tour,2015
173,Uruguay,2015,38382911.337035604,USD (1),tour,2015
173,Uruguay,2016,43924198.80550305,USD (1),tour,2015
173,Uruguay,2017,52124035.016735666,USD (1),tour,2015
173,Uruguay,2018,49851912.72632924,USD (1),tour,2015
173,Uruguay,2019,43555158.46530387,USD (1),tour,2015
174,Finland,2008,46264492.65626925,USD (1),tour,2015
174,Finland,2009,42659001.05556706,USD (1),tour,2015
174,Finland,2010,44142976.31168885,USD (1),tour,2015
174,Finland,2011,45420278.86416223,USD (1),tour,2015
174,Finland,2012,46453444.58344036,USD (1),tour,2015
174,Finland,2013,45252537.05582374,USD (1),tour,2015
174,Finland,2014,44913638.67124997,USD (1),tour,2015
174,Finland,2015,45474123.679088034,USD (1),tour,2015
174,Finland,2016,47016457.66507075,USD (1),tour,2015
174,Finland,2017,52860582.37714098,USD (1),tour,2015
174,Finland,2018,54207169.10354304,USD (1),tour,2015
174,Finland,2019,55958167.98787803,USD (1),tour,2015
175,Denmark,2008,61771064.75028529,USD (1),tour,2015
175,Denmark,2009,63762776.40276814,USD (1),tour,2015
175,Denmark,2010,70048692.41262951,USD (1),tour,2015
175,Denmark,2011,52123388.245014004,USD (1),tour,2015
175,Denmark,2012,52885956.44499312,USD (1),tour,2015
175,Denmark,2013,60983576.910199374,USD (1),tour,2015
175,Denmark,2014,69240358.12180048,USD (1),tour,2015
175,Denmark,2015,70331758.08690524,USD (1),tour,2015
175,Denmark,2016,74735263.38345668,USD (1),tour,2015
175,Denmark,2017,92994365.26652019,USD (1),tour,2015
175,Denmark,2018,91506143.96219501,USD (1),tour,2015
175,Denmark,2019,102605200.8403174,USD (1),tour,2015
176,Germany,2008,147537388.81577674,USD (1),tour,2015
176,Germany,2009,139221535.4041467,USD (1),tour,2015
176,Germany,2010,144962432.92477056,USD (1),tour,2015
176,Germany,2011,149700281.1177708,USD (1),tour,2015
176,Germany,2012,149206550.87096605,USD (1),tour,2015
176,Germany,2013,148581287.54987332,USD (1),tour,2015
176,Germany,2014,150423213.1989065,USD (1),tour,2015
176,Germany,2015,151099522.4517996,USD (1),tour,2015
176,Germany,2016,151289872.17675158,USD (1),tour,2015
176,Germany,2017,154054543.73133078,USD (1),tour,2015
176,Germany,2018,154558111.18544048,USD (1),tour,2015
176,Germany,2019,155501932.0494394,USD (1),tour,2015
177,Netherlands,2008,189101846.62577155,USD (1),tour,2015
177,Netherlands,2009,182333670.46839806,USD (1),tour,2015
177,Netherlands,2010,184960051.41179085,USD (1),tour,2015
177,Netherlands,2011,189525640.80329782,USD (1),tour,2015
177,Netherlands,2012,194673630.78200972,USD (1),tour,2015
177,Netherlands,2013,202151671.2419359,USD (1),tour,2015
177,Netherlands,2014,221346976.6375961,USD (1),tour,2015
177,Netherlands,2015,242291895.8754458,USD (1),tour,2015
177,Netherlands,2016,261772657.53455192,USD (1),tour,2015
177,Netherlands,2017,277818776.59227836,USD (1),tour,2015
177,Netherlands,2018,289690527.91225326,USD (1),tour,2015
177,Netherlands,2019,297342094.8392756,USD (1),tour,2015
178,Poland,2008,8780211.146237638,USD (1),tour,2015
178,Poland,2009,6623160.344033318,USD (1),tour,2015
178,Poland,2010,6841833.348394825,USD (1),tour,2015
178,Poland,2011,8080910.408945743,USD (1),tour,2015
178,Poland,2012,9702787.811522488,USD (1),tour,2015
178,Poland,2013,6068529.28814932,USD (1),tour,2015
178,Poland,2014,6020719.835568221,USD (1),tour,2015
178,Poland,2015,5988071.152798876,USD (1),tour,2015
178,Poland,2016,7792938.105248977,USD (1),tour,2015
178,Poland,2017,9906813.961122775,USD (1),tour,2015
178,Poland,2018,12312709.445973132,USD (1),tour,2015
178,Poland,2019,13484803.114318164,USD (1),tour,2015
179,France,2008,NA,USD (1),tour,2015
179,France,2009,NA,USD (1),tour,2015
179,France,2010,NA,USD (1),tour,2015
179,France,2011,NA,USD (1),tour,2015
179,France,2012,NA,USD (1),tour,2015
179,France,2013,NA,USD (1),tour,2015
179,France,2014,NA,USD (1),tour,2015
179,France,2015,NA,USD (1),tour,2015
179,France,2016,NA,USD (1),tour,2015
179,France,2017,NA,USD (1),tour,2015
179,France,2018,NA,USD (1),tour,2015
179,France,2019,NA,USD (1),tour,2015
180,United Kingdom,2008,752940378.4395345,USD (1),tour,2015
180,United Kingdom,2009,726721414.811766,USD (1),tour,2015
180,United Kingdom,2010,723071952.9117206,USD (1),tour,2015
180,United Kingdom,2011,779035227.5163052,USD (1),tour,2015
180,United Kingdom,2012,812928860.220473,USD (1),tour,2015
180,United Kingdom,2013,817840592.0609161,USD (1),tour,2015
180,United Kingdom,2014,826273220.0170145,USD (1),tour,2015
180,United Kingdom,2015,920569382.7318143,USD (1),tour,2015
180,United Kingdom,2016,820577013.129205,USD (1),tour,2015
180,United Kingdom,2017,836110107.6741127,USD (1),tour,2015
180,United Kingdom,2018,801461049.7440885,USD (1),tour,2015
180,United Kingdom,2019,917940195.0366913,USD (1),tour,2015
181,Ireland,2008,NA,USD (1),tour,2015
181,Ireland,2009,NA,USD (1),tour,2015
181,Ireland,2010,NA,USD (1),tour,2015
181,Ireland,2011,NA,USD (1),tour,2015
181,Ireland,2012,NA,USD (1),tour,2015
181,Ireland,2013,NA,USD (1),tour,2015
181,Ireland,2014,NA,USD (1),tour,2015
181,Ireland,2015,NA,USD (1),tour,2015
181,Ireland,2016,NA,USD (1),tour,2015
181,Ireland,2017,NA,USD (1),tour,2015
181,Ireland,2018,NA,USD (1),tour,2015
181,Ireland,2019,NA,USD (1),tour,2015
182,Spain,2008,551529178.5150802,USD (1),tour,2015
182,Spain,2009,531766947.05202967,USD (1),tour,2015
182,Spain,2010,535515742.47360384,USD (1),tour,2015
182,Spain,2011,528899278.52912825,USD (1),tour,2015
182,Spain,2012,512964696.1802125,USD (1),tour,2015
182,Spain,2013,506680490.92201275,USD (1),tour,2015
182,Spain,2014,514916108.4938851,USD (1),tour,2015
182,Spain,2015,535357680.7152524,USD (1),tour,2015
182,Spain,2016,552837220.6984746,USD (1),tour,2015
182,Spain,2017,578687368.6840007,USD (1),tour,2015
182,Spain,2018,601115411.6553974,USD (1),tour,2015
182,Spain,2019,622465579.5308609,USD (1),tour,2015
183,Portugal,2008,75132150.45213553,USD (1),tour,2015
183,Portugal,2009,71212770.14944683,USD (1),tour,2015
183,Portugal,2010,76084865.10836272,USD (1),tour,2015
183,Portugal,2011,85212400.39763638,USD (1),tour,2015
183,Portugal,2012,91888837.36447492,USD (1),tour,2015
183,Portugal,2013,101208111.6246806,USD (1),tour,2015
183,Portugal,2014,112330486.96218392,USD (1),tour,2015
183,Portugal,2015,118463458.2716103,USD (1),tour,2015
183,Portugal,2016,125089355.2112786,USD (1),tour,2015
183,Portugal,2017,144744251.55614215,USD (1),tour,2015
183,Portugal,2018,154884934.3327529,USD (1),tour,2015
183,Portugal,2019,161207229.01601478,USD (1),tour,2015
184,Italy,2008,810272191.1680664,USD (1),tour,2015
184,Italy,2009,766380772.9890534,USD (1),tour,2015
184,Italy,2010,777938541.288789,USD (1),tour,2015
184,Italy,2011,787293852.3371261,USD (1),tour,2015
184,Italy,2012,767185217.5575527,USD (1),tour,2015
184,Italy,2013,756340699.3899478,USD (1),tour,2015
184,Italy,2014,760109134.7007864,USD (1),tour,2015
184,Italy,2015,770768424.6570511,USD (1),tour,2015
184,Italy,2016,784703917.8104782,USD (1),tour,2015
184,Italy,2017,802768874.7618277,USD (1),tour,2015
184,Italy,2018,825247672.6895643,USD (1),tour,2015
184,Italy,2019,844743545.502532,USD (1),tour,2015
185,Monaco,2008,NA,USD (1),tour,2015
185,Monaco,2009,NA,USD (1),tour,2015
185,Monaco,2010,NA,USD (1),tour,2015
185,Monaco,2011,NA,USD (1),tour,2015
185,Monaco,2012,NA,USD (1),tour,2015
185,Monaco,2013,NA,USD (1),tour,2015
185,Monaco,2014,NA,USD (1),tour,2015
185,Monaco,2015,NA,USD (1),tour,2015
185,Monaco,2016,NA,USD (1),tour,2015
185,Monaco,2017,NA,USD (1),tour,2015
185,Monaco,2018,NA,USD (1),tour,2015
185,Monaco,2019,NA,USD (1),tour,2015
186,Montenegro,2008,NA,USD (1),tour,2015
186,Montenegro,2009,NA,USD (1),tour,2015
186,Montenegro,2010,NA,USD (1),tour,2015
186,Montenegro,2011,NA,USD (1),tour,2015
186,Montenegro,2012,NA,USD (1),tour,2015
186,Montenegro,2013,NA,USD (1),tour,2015
186,Montenegro,2014,NA,USD (1),tour,2015
186,Montenegro,2015,NA,USD (1),tour,2015
186,Montenegro,2016,NA,USD (1),tour,2015
186,Montenegro,2017,NA,USD (1),tour,2015
186,Montenegro,2018,NA,USD (1),tour,2015
186,Montenegro,2019,NA,USD (1),tour,2015
187,Croatia,2008,NA,USD (1),tour,2015
187,Croatia,2009,NA,USD (1),tour,2015
187,Croatia,2010,NA,USD (1),tour,2015
187,Croatia,2011,NA,USD (1),tour,2015
187,Croatia,2012,NA,USD (1),tour,2015
187,Croatia,2013,NA,USD (1),tour,2015
187,Croatia,2014,NA,USD (1),tour,2015
187,Croatia,2015,NA,USD (1),tour,2015
187,Croatia,2016,NA,USD (1),tour,2015
187,Croatia,2017,NA,USD (1),tour,2015
187,Croatia,2018,NA,USD (1),tour,2015
187,Croatia,2019,NA,USD (1),tour,2015
188,Slovenia,2008,4731481.264028786,USD (1),tour,2015
188,Slovenia,2009,4384098.445727103,USD (1),tour,2015
188,Slovenia,2010,4448665.345338345,USD (1),tour,2015
188,Slovenia,2011,4477464.196822326,USD (1),tour,2015
188,Slovenia,2012,4352141.052508402,USD (1),tour,2015
188,Slovenia,2013,4328479.50240863,USD (1),tour,2015
188,Slovenia,2014,4472194.02879386,USD (1),tour,2015
188,Slovenia,2015,4626491.104585277,USD (1),tour,2015
188,Slovenia,2016,4949390.704867037,USD (1),tour,2015
188,Slovenia,2017,5374454.505585807,USD (1),tour,2015
188,Slovenia,2018,5681659.198243996,USD (1),tour,2015
188,Slovenia,2019,5955065.711629544,USD (1),tour,2015
189,Lithuania,2008,1487413.5617468439,USD (1),tour,2015
189,Lithuania,2009,1270685.9670309827,USD (1),tour,2015
189,Lithuania,2010,1262585.898620529,USD (1),tour,2015
189,Lithuania,2011,1352184.535770398,USD (1),tour,2015
189,Lithuania,2012,1496129.4046152392,USD (1),tour,2015
189,Lithuania,2013,1577508.6092009721,USD (1),tour,2015
189,Lithuania,2014,1658561.1494586098,USD (1),tour,2015
189,Lithuania,2015,1654226.3183005042,USD (1),tour,2015
189,Lithuania,2016,1734576.1797244414,USD (1),tour,2015
189,Lithuania,2017,1823794.0684749936,USD (1),tour,2015
189,Lithuania,2018,1877401.8946869704,USD (1),tour,2015
189,Lithuania,2019,1982334.3604377415,USD (1),tour,2015
190,Qatar,2008,16863237.20192946,USD (1),tour,2015
190,Qatar,2009,18575204.9630505,USD (1),tour,2015
190,Qatar,2010,22136235.738403857,USD (1),tour,2015
190,Qatar,2011,24093414.903364472,USD (1),tour,2015
190,Qatar,2012,24574525.413731106,USD (1),tour,2015
190,Qatar,2013,25545218.53570854,USD (1),tour,2015
190,Qatar,2014,30221375.961571578,USD (1),tour,2015
190,Qatar,2015,47765489.30534973,USD (1),tour,2015
190,Qatar,2016,60026190.88852434,USD (1),tour,2015
190,Qatar,2017,52665645.928931974,USD (1),tour,2015
190,Qatar,2018,48830075.59169518,USD (1),tour,2015
190,Qatar,2019,50710221.134669304,USD (1),tour,2015
191,Iran,2008,NA,USD (1),tour,2015
191,Iran,2009,NA,USD (1),tour,2015
191,Iran,2010,NA,USD (1),tour,2015
191,Iran,2011,NA,USD (1),tour,2015
191,Iran,2012,NA,USD (1),tour,2015
191,Iran,2013,NA,USD (1),tour,2015
191,Iran,2014,NA,USD (1),tour,2015
191,Iran,2015,NA,USD (1),tour,2015
191,Iran,2016,NA,USD (1),tour,2015
191,Iran,2017,NA,USD (1),tour,2015
191,Iran,2018,NA,USD (1),tour,2015
191,Iran,2019,NA,USD (1),tour,2015
192,Iraq,2008,NA,USD (1),tour,2015
192,Iraq,2009,NA,USD (1),tour,2015
192,Iraq,2010,NA,USD (1),tour,2015
192,Iraq,2011,NA,USD (1),tour,2015
192,Iraq,2012,NA,USD (1),tour,2015
192,Iraq,2013,NA,USD (1),tour,2015
192,Iraq,2014,NA,USD (1),tour,2015
192,Iraq,2015,NA,USD (1),tour,2015
192,Iraq,2016,NA,USD (1),tour,2015
192,Iraq,2017,NA,USD (1),tour,2015
192,Iraq,2018,NA,USD (1),tour,2015
192,Iraq,2019,NA,USD (1),tour,2015
193,Guinea Bissau,2008,NA,USD (1),tour,2015
193,Guinea Bissau,2009,NA,USD (1),tour,2015
193,Guinea Bissau,2010,NA,USD (1),tour,2015
193,Guinea Bissau,2011,NA,USD (1),tour,2015
193,Guinea Bissau,2012,NA,USD (1),tour,2015
193,Guinea Bissau,2013,NA,USD (1),tour,2015
193,Guinea Bissau,2014,NA,USD (1),tour,2015
193,Guinea Bissau,2015,NA,USD (1),tour,2015
193,Guinea Bissau,2016,NA,USD (1),tour,2015
193,Guinea Bissau,2017,NA,USD (1),tour,2015
193,Guinea Bissau,2018,NA,USD (1),tour,2015
193,Guinea Bissau,2019,NA,USD (1),tour,2015
194,Guinea,2008,466587.53832033154,USD (1),tour,2015
194,Guinea,2009,462337.9491043503,USD (1),tour,2015
194,Guinea,2010,485439.3916534303,USD (1),tour,2015
194,Guinea,2011,516605.3391716071,USD (1),tour,2015
194,Guinea,2012,538844.324463764,USD (1),tour,2015
194,Guinea,2013,490118.03903083445,USD (1),tour,2015
194,Guinea,2014,443684.39846412896,USD (1),tour,2015
194,Guinea,2015,396861.90630222415,USD (1),tour,2015
194,Guinea,2016,415226.832373776,USD (1),tour,2015
194,Guinea,2017,421857.3246167994,USD (1),tour,2015
194,Guinea,2018,448963.2865627338,USD (1),tour,2015
194,Guinea,2019,474054.3878825025,USD (1),tour,2015
195,Ivory Coast,2008,2898043.082901736,USD (1),tour,2015
195,Ivory Coast,2009,2993128.7453397643,USD (1),tour,2015
195,Ivory Coast,2010,3185299.587597309,USD (1),tour,2015
195,Ivory Coast,2011,3013998.492965605,USD (1),tour,2015
195,Ivory Coast,2012,3240123.410492305,USD (1),tour,2015
195,Ivory Coast,2013,5371924.24925005,USD (1),tour,2015
195,Ivory Coast,2014,7811692.614007346,USD (1),tour,2015
195,Ivory Coast,2015,8970521.707965286,USD (1),tour,2015
195,Ivory Coast,2016,10258817.84417456,USD (1),tour,2015
195,Ivory Coast,2017,11721302.500515783,USD (1),tour,2015
195,Ivory Coast,2018,12992278.105115114,USD (1),tour,2015
195,Ivory Coast,2019,16128238.74452664,USD (1),tour,2015
196,Nigeria,2008,23854467.975875936,USD (1),tour,2015
196,Nigeria,2009,25757870.87282031,USD (1),tour,2015
196,Nigeria,2010,27784276.05463028,USD (1),tour,2015
196,Nigeria,2011,29301756.306733042,USD (1),tour,2015
196,Nigeria,2012,31398445.155097846,USD (1),tour,2015
196,Nigeria,2013,37287529.798689,USD (1),tour,2015
196,Nigeria,2014,41434526.610151745,USD (1),tour,2015
196,Nigeria,2015,45081567.45034797,USD (1),tour,2015
196,Nigeria,2016,45475431.725138314,USD (1),tour,2015
196,Nigeria,2017,43896501.56315509,USD (1),tour,2015
196,Nigeria,2018,44541707.77941026,USD (1),tour,2015
196,Nigeria,2019,46641989.20283273,USD (1),tour,2015
197,Cameroon,2008,1734428.0915641908,USD (1),tour,2015
197,Cameroon,2009,1791850.4145418212,USD (1),tour,2015
197,Cameroon,2010,1854884.1593110207,USD (1),tour,2015
197,Cameroon,2011,1936970.570719036,USD (1),tour,2015
197,Cameroon,2012,2044476.4402188833,USD (1),tour,2015
197,Cameroon,2013,2228693.9891284015,USD (1),tour,2015
197,Cameroon,2014,2232358.6131276516,USD (1),tour,2015
197,Cameroon,2015,2743268.596232297,USD (1),tour,2015
197,Cameroon,2016,3127983.0680854484,USD (1),tour,2015
197,Cameroon,2017,3346318.424052717,USD (1),tour,2015
197,Cameroon,2018,4323711.7326432625,USD (1),tour,2015
197,Cameroon,2019,4528897.889951754,USD (1),tour,2015
198,Gabon,2008,NA,USD (1),tour,2015
198,Gabon,2009,NA,USD (1),tour,2015
198,Gabon,2010,NA,USD (1),tour,2015
198,Gabon,2011,NA,USD (1),tour,2015
198,Gabon,2012,NA,USD (1),tour,2015
198,Gabon,2013,NA,USD (1),tour,2015
198,Gabon,2014,NA,USD (1),tour,2015
198,Gabon,2015,NA,USD (1),tour,2015
198,Gabon,2016,NA,USD (1),tour,2015
198,Gabon,2017,NA,USD (1),tour,2015
198,Gabon,2018,NA,USD (1),tour,2015
198,Gabon,2019,NA,USD (1),tour,2015
199,Democratic Republic of the Congo,2008,NA,USD (1),tour,2015
199,Democratic Republic of the Congo,2009,NA,USD (1),tour,2015
199,Democratic Republic of the Congo,2010,NA,USD (1),tour,2015
199,Democratic Republic of the Congo,2011,NA,USD (1),tour,2015
199,Democratic Republic of the Congo,2012,NA,USD (1),tour,2015
199,Democratic Republic of the Congo,2013,NA,USD (1),tour,2015
199,Democratic Republic of the Congo,2014,NA,USD (1),tour,2015
199,Democratic Republic of the Congo,2015,NA,USD (1),tour,2015
199,Democratic Republic of the Congo,2016,NA,USD (1),tour,2015
199,Democratic Republic of the Congo,2017,NA,USD (1),tour,2015
199,Democratic Republic of the Congo,2018,NA,USD (1),tour,2015
199,Democratic Republic of the Congo,2019,NA,USD (1),tour,2015
200,Angola,2008,NA,USD (1),tour,2015
200,Angola,2009,NA,USD (1),tour,2015
200,Angola,2010,NA,USD (1),tour,2015
200,Angola,2011,NA,USD (1),tour,2015
200,Angola,2012,NA,USD (1),tour,2015
200,Angola,2013,NA,USD (1),tour,2015
200,Angola,2014,NA,USD (1),tour,2015
200,Angola,2015,NA,USD (1),tour,2015
200,Angola,2016,NA,USD (1),tour,2015
200,Angola,2017,NA,USD (1),tour,2015
200,Angola,2018,NA,USD (1),tour,2015
200,Angola,2019,NA,USD (1),tour,2015
202,Tanzania,2008,NA,USD (1),tour,2015
202,Tanzania,2009,NA,USD (1),tour,2015
202,Tanzania,2010,NA,USD (1),tour,2015
202,Tanzania,2011,NA,USD (1),tour,2015
202,Tanzania,2012,NA,USD (1),tour,2015
202,Tanzania,2013,NA,USD (1),tour,2015
202,Tanzania,2014,NA,USD (1),tour,2015
202,Tanzania,2015,NA,USD (1),tour,2015
202,Tanzania,2016,NA,USD (1),tour,2015
202,Tanzania,2017,NA,USD (1),tour,2015
202,Tanzania,2018,NA,USD (1),tour,2015
202,Tanzania,2019,NA,USD (1),tour,2015
203,India,2008,80201650.25618775,USD (1),tour,2015
203,India,2009,86147563.87699172,USD (1),tour,2015
203,India,2010,92885248.35462603,USD (1),tour,2015
203,India,2011,80756177.53833787,USD (1),tour,2015
203,India,2012,86424521.4441209,USD (1),tour,2015
203,India,2013,90438554.85527812,USD (1),tour,2015
203,India,2014,99105042.96386234,USD (1),tour,2015
203,India,2015,90039486.57602595,USD (1),tour,2015
203,India,2016,96207786.40447135,USD (1),tour,2015
203,India,2017,102138386.04193844,USD (1),tour,2015
203,India,2018,108052778.01078562,USD (1),tour,2015
203,India,2019,115658032.18196492,USD (1),tour,2015
204,Bangladesh,2008,NA,USD (1),tour,2015
204,Bangladesh,2009,NA,USD (1),tour,2015
204,Bangladesh,2010,NA,USD (1),tour,2015
204,Bangladesh,2011,NA,USD (1),tour,2015
204,Bangladesh,2012,NA,USD (1),tour,2015
204,Bangladesh,2013,NA,USD (1),tour,2015
204,Bangladesh,2014,NA,USD (1),tour,2015
204,Bangladesh,2015,NA,USD (1),tour,2015
204,Bangladesh,2016,NA,USD (1),tour,2015
204,Bangladesh,2017,NA,USD (1),tour,2015
204,Bangladesh,2018,NA,USD (1),tour,2015
204,Bangladesh,2019,NA,USD (1),tour,2015
205,Myanmar,2008,NA,USD (1),tour,2015
205,Myanmar,2009,NA,USD (1),tour,2015
205,Myanmar,2010,NA,USD (1),tour,2015
205,Myanmar,2011,NA,USD (1),tour,2015
205,Myanmar,2012,NA,USD (1),tour,2015
205,Myanmar,2013,NA,USD (1),tour,2015
205,Myanmar,2014,NA,USD (1),tour,2015
205,Myanmar,2015,NA,USD (1),tour,2015
205,Myanmar,2016,NA,USD (1),tour,2015
205,Myanmar,2017,NA,USD (1),tour,2015
205,Myanmar,2018,NA,USD (1),tour,2015
205,Myanmar,2019,NA,USD (1),tour,2015
206,Malaysia,2008,111199135.01495181,USD (1),tour,2015
206,Malaysia,2009,122000505.35358605,USD (1),tour,2015
206,Malaysia,2010,134853766.35737646,USD (1),tour,2015
206,Malaysia,2011,142815437.16968873,USD (1),tour,2015
206,Malaysia,2012,152354261.09459764,USD (1),tour,2015
206,Malaysia,2013,168743226.02245823,USD (1),tour,2015
206,Malaysia,2014,188869560.6983381,USD (1),tour,2015
206,Malaysia,2015,201741653.02986628,USD (1),tour,2015
206,Malaysia,2016,217509677.47464278,USD (1),tour,2015
206,Malaysia,2017,224523774.67433053,USD (1),tour,2015
206,Malaysia,2018,240192754.66737932,USD (1),tour,2015
206,Malaysia,2019,259672237.65323943,USD (1),tour,2015
207,Vietnam,2008,59899480.020585984,USD (1),tour,2015
207,Vietnam,2009,62995019.210670784,USD (1),tour,2015
207,Vietnam,2010,66877019.03545426,USD (1),tour,2015
207,Vietnam,2011,71040112.84068128,USD (1),tour,2015
207,Vietnam,2012,74797120.26962079,USD (1),tour,2015
207,Vietnam,2013,78774998.2514223,USD (1),tour,2015
207,Vietnam,2014,84745772.29411261,USD (1),tour,2015
207,Vietnam,2015,93260041.7352669,USD (1),tour,2015
207,Vietnam,2016,108940347.95050949,USD (1),tour,2015
207,Vietnam,2017,131689284.95769785,USD (1),tour,2015
207,Vietnam,2018,149712091.17654663,USD (1),tour,2015
207,Vietnam,2019,175624081.87006015,USD (1),tour,2015
208,Singapore,2008,NA,USD (1),tour,2015
208,Singapore,2009,NA,USD (1),tour,2015
208,Singapore,2010,NA,USD (1),tour,2015
208,Singapore,2011,NA,USD (1),tour,2015
208,Singapore,2012,NA,USD (1),tour,2015
208,Singapore,2013,NA,USD (1),tour,2015
208,Singapore,2014,NA,USD (1),tour,2015
208,Singapore,2015,NA,USD (1),tour,2015
208,Singapore,2016,NA,USD (1),tour,2015
208,Singapore,2017,NA,USD (1),tour,2015
208,Singapore,2018,NA,USD (1),tour,2015
208,Singapore,2019,NA,USD (1),tour,2015
210,Japan,2008,847261573.395917,USD (1),tour,2015
210,Japan,2009,757290413.3009468,USD (1),tour,2015
210,Japan,2010,745009764.3997431,USD (1),tour,2015
210,Japan,2011,744571606.1455771,USD (1),tour,2015
210,Japan,2012,754371116.0404984,USD (1),tour,2015
210,Japan,2013,814511664.6894685,USD (1),tour,2015
210,Japan,2014,771513133.2937392,USD (1),tour,2015
210,Japan,2015,829869225.809169,USD (1),tour,2015
210,Japan,2016,928398503.3926548,USD (1),tour,2015
210,Japan,2017,943591345.0141841,USD (1),tour,2015
210,Japan,2018,902123411.9293976,USD (1),tour,2015
210,Japan,2019,946031448.8285254,USD (1),tour,2015
212,Kiribati,2008,90546.78474742745,USD (1),tour,2015
212,Kiribati,2009,97935.54579038003,USD (1),tour,2015
212,Kiribati,2010,84782.97814583586,USD (1),tour,2015
212,Kiribati,2011,98340.82238204054,USD (1),tour,2015
212,Kiribati,2012,92788.09752703144,USD (1),tour,2015
212,Kiribati,2013,103938.61416336361,USD (1),tour,2015
212,Kiribati,2014,100602.49578258501,USD (1),tour,2015
212,Kiribati,2015,114744.95214560186,USD (1),tour,2015
212,Kiribati,2016,145301.55351283992,USD (1),tour,2015
212,Kiribati,2017,192955.75305517516,USD (1),tour,2015
212,Kiribati,2018,181798.54634677817,USD (1),tour,2015
212,Kiribati,2019,196625.50859570742,USD (1),tour,2015
214,Egypt,2008,43163972.87807517,USD (1),tour,2015
214,Egypt,2009,45132366.69379559,USD (1),tour,2015
214,Egypt,2010,53249759.70438794,USD (1),tour,2015
214,Egypt,2011,47749546.2203055,USD (1),tour,2015
214,Egypt,2012,42164741.23929916,USD (1),tour,2015
214,Egypt,2013,34931032.60330159,USD (1),tour,2015
214,Egypt,2014,39537508.969121076,USD (1),tour,2015
214,Egypt,2015,31594012.23895875,USD (1),tour,2015
214,Egypt,2016,24547188.320118386,USD (1),tour,2015
214,Egypt,2017,16793310.195058428,USD (1),tour,2015
214,Egypt,2018,17499192.74055385,USD (1),tour,2015
214,Egypt,2019,26339000.670057762,USD (1),tour,2015
215,Jordan,2008,3703369.3841668456,USD (1),tour,2015
215,Jordan,2009,3878699.2424938465,USD (1),tour,2015
215,Jordan,2010,3945208.3758477867,USD (1),tour,2015
215,Jordan,2011,3803577.4713294753,USD (1),tour,2015
215,Jordan,2012,3646782.3735696366,USD (1),tour,2015
215,Jordan,2013,3574177.005369035,USD (1),tour,2015
215,Jordan,2014,3546358.960970815,USD (1),tour,2015
215,Jordan,2015,3511714.7813332034,USD (1),tour,2015
215,Jordan,2016,3486113.2251825915,USD (1),tour,2015
215,Jordan,2017,3570555.753788413,USD (1),tour,2015
215,Jordan,2018,3656682.98783646,USD (1),tour,2015
215,Jordan,2019,3753543.3483981914,USD (1),tour,2015
216,Indonesia,2008,247819153.075297,USD (1),tour,2015
216,Indonesia,2009,230070797.4079674,USD (1),tour,2015
216,Indonesia,2010,237902005.4766328,USD (1),tour,2015
216,Indonesia,2011,248837667.66845542,USD (1),tour,2015
216,Indonesia,2012,261137628.610215,USD (1),tour,2015
216,Indonesia,2013,279737832.6313491,USD (1),tour,2015
216,Indonesia,2014,301723733.20678395,USD (1),tour,2015
216,Indonesia,2015,330253872.17761403,USD (1),tour,2015
216,Indonesia,2016,373893203.6580784,USD (1),tour,2015
216,Indonesia,2017,394626506.3735444,USD (1),tour,2015
216,Indonesia,2018,435919476.66532844,USD (1),tour,2015
216,Indonesia,2019,462763468.3321367,USD (1),tour,2015
218,Canada,2008,74736093.9904594,USD (1),tour,2015
218,Canada,2009,72585290.70442308,USD (1),tour,2015
218,Canada,2010,74620321.25097638,USD (1),tour,2015
218,Canada,2011,76167002.71200496,USD (1),tour,2015
218,Canada,2012,77880834.11375047,USD (1),tour,2015
218,Canada,2013,78028606.92525212,USD (1),tour,2015
218,Canada,2014,79945143.04419106,USD (1),tour,2015
218,Canada,2015,86090791.75685519,USD (1),tour,2015
218,Canada,2016,89229878.98073232,USD (1),tour,2015
218,Canada,2017,91483845.46232586,USD (1),tour,2015
218,Canada,2018,94230038.25335845,USD (1),tour,2015
218,Canada,2019,95757108.96478246,USD (1),tour,2015
220,Sint Maarten,2008,NA,USD (1),tour,2015
220,Sint Maarten,2009,NA,USD (1),tour,2015
220,Sint Maarten,2010,NA,USD (1),tour,2015
220,Sint Maarten,2011,NA,USD (1),tour,2015
220,Sint Maarten,2012,NA,USD (1),tour,2015
220,Sint Maarten,2013,NA,USD (1),tour,2015
220,Sint Maarten,2014,NA,USD (1),tour,2015
220,Sint Maarten,2015,NA,USD (1),tour,2015
220,Sint Maarten,2016,NA,USD (1),tour,2015
220,Sint Maarten,2017,NA,USD (1),tour,2015
220,Sint Maarten,2018,NA,USD (1),tour,2015
220,Sint Maarten,2019,NA,USD (1),tour,2015
221,Northern Saint-Martin,2008,NA,USD (1),tour,2015
221,Northern Saint-Martin,2009,NA,USD (1),tour,2015
221,Northern Saint-Martin,2010,NA,USD (1),tour,2015
221,Northern Saint-Martin,2011,NA,USD (1),tour,2015
221,Northern Saint-Martin,2012,NA,USD (1),tour,2015
221,Northern Saint-Martin,2013,NA,USD (1),tour,2015
221,Northern Saint-Martin,2014,NA,USD (1),tour,2015
221,Northern Saint-Martin,2015,NA,USD (1),tour,2015
221,Northern Saint-Martin,2016,NA,USD (1),tour,2015
221,Northern Saint-Martin,2017,NA,USD (1),tour,2015
221,Northern Saint-Martin,2018,NA,USD (1),tour,2015
221,Northern Saint-Martin,2019,NA,USD (1),tour,2015
222,Sweden,2008,106657800.9849974,USD (1),tour,2015
222,Sweden,2009,106920014.43823886,USD (1),tour,2015
222,Sweden,2010,103977517.43478926,USD (1),tour,2015
222,Sweden,2011,110330852.86789818,USD (1),tour,2015
222,Sweden,2012,115480529.49129173,USD (1),tour,2015
222,Sweden,2013,114070186.20202865,USD (1),tour,2015
222,Sweden,2014,115425424.2675495,USD (1),tour,2015
222,Sweden,2015,121954283.75694549,USD (1),tour,2015
222,Sweden,2016,128805828.88726321,USD (1),tour,2015
222,Sweden,2017,125729766.89542647,USD (1),tour,2015
222,Sweden,2018,128317613.64399122,USD (1),tour,2015
222,Sweden,2019,123157400.97475477,USD (1),tour,2015
223,Norway,2008,142785524.167123,USD (1),tour,2015
223,Norway,2009,156996339.2091708,USD (1),tour,2015
223,Norway,2010,153870359.5032617,USD (1),tour,2015
223,Norway,2011,160061268.94648337,USD (1),tour,2015
223,Norway,2012,164448866.87718952,USD (1),tour,2015
223,Norway,2013,166189295.5885503,USD (1),tour,2015
223,Norway,2014,169728009.05138513,USD (1),tour,2015
223,Norway,2015,187222605.4350822,USD (1),tour,2015
223,Norway,2016,203950307.03823236,USD (1),tour,2015
223,Norway,2017,199809003.06121546,USD (1),tour,2015
223,Norway,2018,187337763.02287507,USD (1),tour,2015
223,Norway,2019,200094171.7066404,USD (1),tour,2015
224,Chile,2008,25621419.75678858,USD (1),tour,2015
224,Chile,2009,25868934.42642512,USD (1),tour,2015
224,Chile,2010,26773843.152377803,USD (1),tour,2015
224,Chile,2011,27625519.75299381,USD (1),tour,2015
224,Chile,2012,32070160.55844132,USD (1),tour,2015
224,Chile,2013,30045060.26898878,USD (1),tour,2015
224,Chile,2014,30217640.837223966,USD (1),tour,2015
224,Chile,2015,33676941.69768376,USD (1),tour,2015
224,Chile,2016,36485440.6857565,USD (1),tour,2015
224,Chile,2017,35671200.47569933,USD (1),tour,2015
224,Chile,2018,34279044.63246761,USD (1),tour,2015
224,Chile,2019,34499266.19090453,USD (1),tour,2015
231,East Timor,2008,NA,USD (1),tour,2015
231,East Timor,2009,NA,USD (1),tour,2015
231,East Timor,2010,NA,USD (1),tour,2015
231,East Timor,2011,NA,USD (1),tour,2015
231,East Timor,2012,NA,USD (1),tour,2015
231,East Timor,2013,NA,USD (1),tour,2015
231,East Timor,2014,NA,USD (1),tour,2015
231,East Timor,2015,NA,USD (1),tour,2015
231,East Timor,2016,NA,USD (1),tour,2015
231,East Timor,2017,NA,USD (1),tour,2015
231,East Timor,2018,NA,USD (1),tour,2015
231,East Timor,2019,NA,USD (1),tour,2015
232,Bosnia and Herzegovina,2008,NA,USD (1),tour,2015
232,Bosnia and Herzegovina,2009,NA,USD (1),tour,2015
232,Bosnia and Herzegovina,2010,NA,USD (1),tour,2015
232,Bosnia and Herzegovina,2011,NA,USD (1),tour,2015
232,Bosnia and Herzegovina,2012,NA,USD (1),tour,2015
232,Bosnia and Herzegovina,2013,NA,USD (1),tour,2015
232,Bosnia and Herzegovina,2014,NA,USD (1),tour,2015
232,Bosnia and Herzegovina,2015,NA,USD (1),tour,2015
232,Bosnia and Herzegovina,2016,NA,USD (1),tour,2015
232,Bosnia and Herzegovina,2017,NA,USD (1),tour,2015
232,Bosnia and Herzegovina,2018,NA,USD (1),tour,2015
232,Bosnia and Herzegovina,2019,NA,USD (1),tour,2015
244,Curacao,2008,NA,USD (1),tour,2015
244,Curacao,2009,NA,USD (1),tour,2015
244,Curacao,2010,NA,USD (1),tour,2015
244,Curacao,2011,NA,USD (1),tour,2015
244,Curacao,2012,NA,USD (1),tour,2015
244,Curacao,2013,NA,USD (1),tour,2015
244,Curacao,2014,NA,USD (1),tour,2015
244,Curacao,2015,NA,USD (1),tour,2015
244,Curacao,2016,NA,USD (1),tour,2015
244,Curacao,2017,NA,USD (1),tour,2015
244,Curacao,2018,NA,USD (1),tour,2015
244,Curacao,2019,NA,USD (1),tour,2015
247,Brunei,2008,1526286.8766810244,USD (1),tour,2015
247,Brunei,2009,1504267.8707725182,USD (1),tour,2015
247,Brunei,2010,1548274.2351620551,USD (1),tour,2015
247,Brunei,2011,1291939.059596957,USD (1),tour,2015
247,Brunei,2012,1246341.0549753974,USD (1),tour,2015
247,Brunei,2013,1301368.6983324531,USD (1),tour,2015
247,Brunei,2014,1249095.3582421546,USD (1),tour,2015
247,Brunei,2015,1496156.6430224923,USD (1),tour,2015
247,Brunei,2016,1553860.1154360862,USD (1),tour,2015
247,Brunei,2017,1579454.0345916734,USD (1),tour,2015
247,Brunei,2018,1581443.42606513,USD (1),tour,2015
247,Brunei,2019,1647609.0695700622,USD (1),tour,2015
250,Aruba,2008,12314844.021372927,USD (1),tour,2015
250,Aruba,2009,10912056.930897743,USD (1),tour,2015
250,Aruba,2010,10543730.471097259,USD (1),tour,2015
250,Aruba,2011,10953119.998859286,USD (1),tour,2015
250,Aruba,2012,10786947.586435933,USD (1),tour,2015
250,Aruba,2013,11537183.393014796,USD (1),tour,2015
250,Aruba,2014,11981414.729338638,USD (1),tour,2015
250,Aruba,2015,12248218.748675305,USD (1),tour,2015
250,Aruba,2016,12154545.102235818,USD (1),tour,2015
250,Aruba,2017,13057164.94389904,USD (1),tour,2015
250,Aruba,2018,13288589.491370067,USD (1),tour,2015
250,Aruba,2019,13028055.48765714,USD (1),tour,2015
140,Guadeloupe and Martinique,2008,NA,USD (1),tour,2015
140,Guadeloupe and Martinique,2009,NA,USD (1),tour,2015
140,Guadeloupe and Martinique,2010,NA,USD (1),tour,2015
140,Guadeloupe and Martinique,2011,NA,USD (1),tour,2015
140,Guadeloupe and Martinique,2012,NA,USD (1),tour,2015
140,Guadeloupe and Martinique,2013,NA,USD (1),tour,2015
140,Guadeloupe and Martinique,2014,NA,USD (1),tour,2015
140,Guadeloupe and Martinique,2015,NA,USD (1),tour,2015
140,Guadeloupe and Martinique,2016,NA,USD (1),tour,2015
140,Guadeloupe and Martinique,2017,NA,USD (1),tour,2015
140,Guadeloupe and Martinique,2018,NA,USD (1),tour,2015
140,Guadeloupe and Martinique,2019,NA,USD (1),tour,2015
121,Montserrat,2008,NA,USD (1),tour,2015
121,Montserrat,2009,NA,USD (1),tour,2015
121,Montserrat,2010,NA,USD (1),tour,2015
121,Montserrat,2011,NA,USD (1),tour,2015
121,Montserrat,2012,NA,USD (1),tour,2015
121,Montserrat,2013,NA,USD (1),tour,2015
121,Montserrat,2014,NA,USD (1),tour,2015
121,Montserrat,2015,NA,USD (1),tour,2015
121,Montserrat,2016,NA,USD (1),tour,2015
121,Montserrat,2017,NA,USD (1),tour,2015
121,Montserrat,2018,NA,USD (1),tour,2015
121,Montserrat,2019,NA,USD (1),tour,2015
32,Reunion,2008,NA,USD (1),tour,2015
32,Reunion,2009,NA,USD (1),tour,2015
32,Reunion,2010,NA,USD (1),tour,2015
32,Reunion,2011,NA,USD (1),tour,2015
32,Reunion,2012,NA,USD (1),tour,2015
32,Reunion,2013,NA,USD (1),tour,2015
32,Reunion,2014,NA,USD (1),tour,2015
32,Reunion,2015,NA,USD (1),tour,2015
32,Reunion,2016,NA,USD (1),tour,2015
32,Reunion,2017,NA,USD (1),tour,2015
32,Reunion,2018,NA,USD (1),tour,2015
32,Reunion,2019,NA,USD (1),tour,2015
209,China,2008,741082776.9922718,USD (1),tour,2015
209,China,2009,825164868.5085073,USD (1),tour,2015
209,China,2010,1013657948.0156252,USD (1),tour,2015
209,China,2011,1434608196.1950452,USD (1),tour,2015
209,China,2012,1655353752.3577626,USD (1),tour,2015
209,China,2013,1894915634.2946453,USD (1),tour,2015
209,China,2014,2396989247.2572966,USD (1),tour,2015
209,China,2015,2659271396.14036,USD (1),tour,2015
209,China,2016,3015728315.089355,USD (1),tour,2015
209,China,2017,3436129449.139735,USD (1),tour,2015
209,China,2018,3821176501.010476,USD (1),tour,2015
209,China,2019,4218534423.1470423,USD (1),tour,2015
1,NA,2008,NA,USD (1),tour,2015
2,NA,2008,NA,USD (1),tour,2015
3,NA,2008,NA,USD (1),tour,2015
14,NA,2008,NA,USD (1),tour,2015
26,NA,2008,NA,USD (1),tour,2015
29,NA,2008,NA,USD (1),tour,2015
55,NA,2008,NA,USD (1),tour,2015
57,NA,2008,NA,USD (1),tour,2015
58,NA,2008,NA,USD (1),tour,2015
63,NA,2008,NA,USD (1),tour,2015
85,NA,2008,NA,USD (1),tour,2015
86,NA,2008,NA,USD (1),tour,2015
88,NA,2008,NA,USD (1),tour,2015
95,NA,2008,NA,USD (1),tour,2015
118,NA,2008,NA,USD (1),tour,2015
146,NA,2008,NA,USD (1),tour,2015
148,NA,2008,NA,USD (1),tour,2015
153,NA,2008,NA,USD (1),tour,2015
154,NA,2008,NA,USD (1),tour,2015
156,NA,2008,NA,USD (1),tour,2015
157,NA,2008,NA,USD (1),tour,2015
161,NA,2008,NA,USD (1),tour,2015
169,NA,2008,NA,USD (1),tour,2015
219,NA,2008,NA,USD (1),tour,2015
227,NA,2008,NA,USD (1),tour,2015
228,NA,2008,NA,USD (1),tour,2015
237,NA,2008,NA,USD (1),tour,2015
245,NA,2008,NA,USD (1),tour,2015
248,NA,2008,NA,USD (1),tour,2015
249,NA,2008,NA,USD (1),tour,2015
1,NA,2009,NA,USD (1),tour,2015
2,NA,2009,NA,USD (1),tour,2015
3,NA,2009,NA,USD (1),tour,2015
14,NA,2009,NA,USD (1),tour,2015
26,NA,2009,NA,USD (1),tour,2015
29,NA,2009,NA,USD (1),tour,2015
55,NA,2009,NA,USD (1),tour,2015
57,NA,2009,NA,USD (1),tour,2015
58,NA,2009,NA,USD (1),tour,2015
63,NA,2009,NA,USD (1),tour,2015
85,NA,2009,NA,USD (1),tour,2015
86,NA,2009,NA,USD (1),tour,2015
88,NA,2009,NA,USD (1),tour,2015
95,NA,2009,NA,USD (1),tour,2015
118,NA,2009,NA,USD (1),tour,2015
146,NA,2009,NA,USD (1),tour,2015
148,NA,2009,NA,USD (1),tour,2015
153,NA,2009,NA,USD (1),tour,2015
154,NA,2009,NA,USD (1),tour,2015
156,NA,2009,NA,USD (1),tour,2015
157,NA,2009,NA,USD (1),tour,2015
161,NA,2009,NA,USD (1),tour,2015
169,NA,2009,NA,USD (1),tour,2015
219,NA,2009,NA,USD (1),tour,2015
227,NA,2009,NA,USD (1),tour,2015
228,NA,2009,NA,USD (1),tour,2015
237,NA,2009,NA,USD (1),tour,2015
245,NA,2009,NA,USD (1),tour,2015
248,NA,2009,NA,USD (1),tour,2015
249,NA,2009,NA,USD (1),tour,2015
1,NA,2010,NA,USD (1),tour,2015
2,NA,2010,NA,USD (1),tour,2015
3,NA,2010,NA,USD (1),tour,2015
14,NA,2010,NA,USD (1),tour,2015
26,NA,2010,NA,USD (1),tour,2015
29,NA,2010,NA,USD (1),tour,2015
55,NA,2010,NA,USD (1),tour,2015
57,NA,2010,NA,USD (1),tour,2015
58,NA,2010,NA,USD (1),tour,2015
63,NA,2010,NA,USD (1),tour,2015
85,NA,2010,NA,USD (1),tour,2015
86,NA,2010,NA,USD (1),tour,2015
88,NA,2010,NA,USD (1),tour,2015
95,NA,2010,NA,USD (1),tour,2015
118,NA,2010,NA,USD (1),tour,2015
146,NA,2010,NA,USD (1),tour,2015
148,NA,2010,NA,USD (1),tour,2015
153,NA,2010,NA,USD (1),tour,2015
154,NA,2010,NA,USD (1),tour,2015
156,NA,2010,NA,USD (1),tour,2015
157,NA,2010,NA,USD (1),tour,2015
161,NA,2010,NA,USD (1),tour,2015
169,NA,2010,NA,USD (1),tour,2015
219,NA,2010,NA,USD (1),tour,2015
227,NA,2010,NA,USD (1),tour,2015
228,NA,2010,NA,USD (1),tour,2015
237,NA,2010,NA,USD (1),tour,2015
245,NA,2010,NA,USD (1),tour,2015
248,NA,2010,NA,USD (1),tour,2015
249,NA,2010,NA,USD (1),tour,2015
1,NA,2011,NA,USD (1),tour,2015
2,NA,2011,NA,USD (1),tour,2015
3,NA,2011,NA,USD (1),tour,2015
14,NA,2011,NA,USD (1),tour,2015
26,NA,2011,NA,USD (1),tour,2015
29,NA,2011,NA,USD (1),tour,2015
55,NA,2011,NA,USD (1),tour,2015
57,NA,2011,NA,USD (1),tour,2015
58,NA,2011,NA,USD (1),tour,2015
63,NA,2011,NA,USD (1),tour,2015
85,NA,2011,NA,USD (1),tour,2015
86,NA,2011,NA,USD (1),tour,2015
88,NA,2011,NA,USD (1),tour,2015
95,NA,2011,NA,USD (1),tour,2015
118,NA,2011,NA,USD (1),tour,2015
146,NA,2011,NA,USD (1),tour,2015
148,NA,2011,NA,USD (1),tour,2015
153,NA,2011,NA,USD (1),tour,2015
154,NA,2011,NA,USD (1),tour,2015
156,NA,2011,NA,USD (1),tour,2015
157,NA,2011,NA,USD (1),tour,2015
161,NA,2011,NA,USD (1),tour,2015
169,NA,2011,NA,USD (1),tour,2015
219,NA,2011,NA,USD (1),tour,2015
227,NA,2011,NA,USD (1),tour,2015
228,NA,2011,NA,USD (1),tour,2015
237,NA,2011,NA,USD (1),tour,2015
245,NA,2011,NA,USD (1),tour,2015
248,NA,2011,NA,USD (1),tour,2015
249,NA,2011,NA,USD (1),tour,2015
1,NA,2012,NA,USD (1),tour,2015
2,NA,2012,NA,USD (1),tour,2015
3,NA,2012,NA,USD (1),tour,2015
14,NA,2012,NA,USD (1),tour,2015
26,NA,2012,NA,USD (1),tour,2015
29,NA,2012,NA,USD (1),tour,2015
55,NA,2012,NA,USD (1),tour,2015
57,NA,2012,NA,USD (1),tour,2015
58,NA,2012,NA,USD (1),tour,2015
63,NA,2012,NA,USD (1),tour,2015
85,NA,2012,NA,USD (1),tour,2015
86,NA,2012,NA,USD (1),tour,2015
88,NA,2012,NA,USD (1),tour,2015
95,NA,2012,NA,USD (1),tour,2015
118,NA,2012,NA,USD (1),tour,2015
146,NA,2012,NA,USD (1),tour,2015
148,NA,2012,NA,USD (1),tour,2015
153,NA,2012,NA,USD (1),tour,2015
154,NA,2012,NA,USD (1),tour,2015
156,NA,2012,NA,USD (1),tour,2015
157,NA,2012,NA,USD (1),tour,2015
161,NA,2012,NA,USD (1),tour,2015
169,NA,2012,NA,USD (1),tour,2015
219,NA,2012,NA,USD (1),tour,2015
227,NA,2012,NA,USD (1),tour,2015
228,NA,2012,NA,USD (1),tour,2015
237,NA,2012,NA,USD (1),tour,2015
245,NA,2012,NA,USD (1),tour,2015
248,NA,2012,NA,USD (1),tour,2015
249,NA,2012,NA,USD (1),tour,2015
1,NA,2013,NA,USD (1),tour,2015
2,NA,2013,NA,USD (1),tour,2015
3,NA,2013,NA,USD (1),tour,2015
14,NA,2013,NA,USD (1),tour,2015
26,NA,2013,NA,USD (1),tour,2015
29,NA,2013,NA,USD (1),tour,2015
55,NA,2013,NA,USD (1),tour,2015
57,NA,2013,NA,USD (1),tour,2015
58,NA,2013,NA,USD (1),tour,2015
63,NA,2013,NA,USD (1),tour,2015
85,NA,2013,NA,USD (1),tour,2015
86,NA,2013,NA,USD (1),tour,2015
88,NA,2013,NA,USD (1),tour,2015
95,NA,2013,NA,USD (1),tour,2015
118,NA,2013,NA,USD (1),tour,2015
146,NA,2013,NA,USD (1),tour,2015
148,NA,2013,NA,USD (1),tour,2015
153,NA,2013,NA,USD (1),tour,2015
154,NA,2013,NA,USD (1),tour,2015
156,NA,2013,NA,USD (1),tour,2015
157,NA,2013,NA,USD (1),tour,2015
161,NA,2013,NA,USD (1),tour,2015
169,NA,2013,NA,USD (1),tour,2015
219,NA,2013,NA,USD (1),tour,2015
227,NA,2013,NA,USD (1),tour,2015
228,NA,2013,NA,USD (1),tour,2015
237,NA,2013,NA,USD (1),tour,2015
245,NA,2013,NA,USD (1),tour,2015
248,NA,2013,NA,USD (1),tour,2015
249,NA,2013,NA,USD (1),tour,2015
1,NA,2014,NA,USD (1),tour,2015
2,NA,2014,NA,USD (1),tour,2015
3,NA,2014,NA,USD (1),tour,2015
14,NA,2014,NA,USD (1),tour,2015
26,NA,2014,NA,USD (1),tour,2015
29,NA,2014,NA,USD (1),tour,2015
55,NA,2014,NA,USD (1),tour,2015
57,NA,2014,NA,USD (1),tour,2015
58,NA,2014,NA,USD (1),tour,2015
63,NA,2014,NA,USD (1),tour,2015
85,NA,2014,NA,USD (1),tour,2015
86,NA,2014,NA,USD (1),tour,2015
88,NA,2014,NA,USD (1),tour,2015
95,NA,2014,NA,USD (1),tour,2015
118,NA,2014,NA,USD (1),tour,2015
146,NA,2014,NA,USD (1),tour,2015
148,NA,2014,NA,USD (1),tour,2015
153,NA,2014,NA,USD (1),tour,2015
154,NA,2014,NA,USD (1),tour,2015
156,NA,2014,NA,USD (1),tour,2015
157,NA,2014,NA,USD (1),tour,2015
161,NA,2014,NA,USD (1),tour,2015
169,NA,2014,NA,USD (1),tour,2015
219,NA,2014,NA,USD (1),tour,2015
227,NA,2014,NA,USD (1),tour,2015
228,NA,2014,NA,USD (1),tour,2015
237,NA,2014,NA,USD (1),tour,2015
245,NA,2014,NA,USD (1),tour,2015
248,NA,2014,NA,USD (1),tour,2015
249,NA,2014,NA,USD (1),tour,2015
1,NA,2015,NA,USD (1),tour,2015
2,NA,2015,NA,USD (1),tour,2015
3,NA,2015,NA,USD (1),tour,2015
14,NA,2015,NA,USD (1),tour,2015
26,NA,2015,NA,USD (1),tour,2015
29,NA,2015,NA,USD (1),tour,2015
55,NA,2015,NA,USD (1),tour,2015
57,NA,2015,NA,USD (1),tour,2015
58,NA,2015,NA,USD (1),tour,2015
63,NA,2015,NA,USD (1),tour,2015
85,NA,2015,NA,USD (1),tour,2015
86,NA,2015,NA,USD (1),tour,2015
88,NA,2015,NA,USD (1),tour,2015
95,NA,2015,NA,USD (1),tour,2015
118,NA,2015,NA,USD (1),tour,2015
146,NA,2015,NA,USD (1),tour,2015
148,NA,2015,NA,USD (1),tour,2015
153,NA,2015,NA,USD (1),tour,2015
154,NA,2015,NA,USD (1),tour,2015
156,NA,2015,NA,USD (1),tour,2015
157,NA,2015,NA,USD (1),tour,2015
161,NA,2015,NA,USD (1),tour,2015
169,NA,2015,NA,USD (1),tour,2015
219,NA,2015,NA,USD (1),tour,2015
227,NA,2015,NA,USD (1),tour,2015
228,NA,2015,NA,USD (1),tour,2015
237,NA,2015,NA,USD (1),tour,2015
245,NA,2015,NA,USD (1),tour,2015
248,NA,2015,NA,USD (1),tour,2015
249,NA,2015,NA,USD (1),tour,2015
1,NA,2016,NA,USD (1),tour,2015
2,NA,2016,NA,USD (1),tour,2015
3,NA,2016,NA,USD (1),tour,2015
14,NA,2016,NA,USD (1),tour,2015
26,NA,2016,NA,USD (1),tour,2015
29,NA,2016,NA,USD (1),tour,2015
55,NA,2016,NA,USD (1),tour,2015
57,NA,2016,NA,USD (1),tour,2015
58,NA,2016,NA,USD (1),tour,2015
63,NA,2016,NA,USD (1),tour,2015
85,NA,2016,NA,USD (1),tour,2015
86,NA,2016,NA,USD (1),tour,2015
88,NA,2016,NA,USD (1),tour,2015
95,NA,2016,NA,USD (1),tour,2015
118,NA,2016,NA,USD (1),tour,2015
146,NA,2016,NA,USD (1),tour,2015
148,NA,2016,NA,USD (1),tour,2015
153,NA,2016,NA,USD (1),tour,2015
154,NA,2016,NA,USD (1),tour,2015
156,NA,2016,NA,USD (1),tour,2015
157,NA,2016,NA,USD (1),tour,2015
161,NA,2016,NA,USD (1),tour,2015
169,NA,2016,NA,USD (1),tour,2015
219,NA,2016,NA,USD (1),tour,2015
227,NA,2016,NA,USD (1),tour,2015
228,NA,2016,NA,USD (1),tour,2015
237,NA,2016,NA,USD (1),tour,2015
245,NA,2016,NA,USD (1),tour,2015
248,NA,2016,NA,USD (1),tour,2015
249,NA,2016,NA,USD (1),tour,2015
1,NA,2017,NA,USD (1),tour,2015
2,NA,2017,NA,USD (1),tour,2015
3,NA,2017,NA,USD (1),tour,2015
14,NA,2017,NA,USD (1),tour,2015
26,NA,2017,NA,USD (1),tour,2015
29,NA,2017,NA,USD (1),tour,2015
55,NA,2017,NA,USD (1),tour,2015
57,NA,2017,NA,USD (1),tour,2015
58,NA,2017,NA,USD (1),tour,2015
63,NA,2017,NA,USD (1),tour,2015
85,NA,2017,NA,USD (1),tour,2015
86,NA,2017,NA,USD (1),tour,2015
88,NA,2017,NA,USD (1),tour,2015
95,NA,2017,NA,USD (1),tour,2015
118,NA,2017,NA,USD (1),tour,2015
146,NA,2017,NA,USD (1),tour,2015
148,NA,2017,NA,USD (1),tour,2015
153,NA,2017,NA,USD (1),tour,2015
154,NA,2017,NA,USD (1),tour,2015
156,NA,2017,NA,USD (1),tour,2015
157,NA,2017,NA,USD (1),tour,2015
161,NA,2017,NA,USD (1),tour,2015
169,NA,2017,NA,USD (1),tour,2015
219,NA,2017,NA,USD (1),tour,2015
227,NA,2017,NA,USD (1),tour,2015
228,NA,2017,NA,USD (1),tour,2015
237,NA,2017,NA,USD (1),tour,2015
245,NA,2017,NA,USD (1),tour,2015
248,NA,2017,NA,USD (1),tour,2015
249,NA,2017,NA,USD (1),tour,2015
1,NA,2018,NA,USD (1),tour,2015
2,NA,2018,NA,USD (1),tour,2015
3,NA,2018,NA,USD (1),tour,2015
14,NA,2018,NA,USD (1),tour,2015
26,NA,2018,NA,USD (1),tour,2015
29,NA,2018,NA,USD (1),tour,2015
55,NA,2018,NA,USD (1),tour,2015
57,NA,2018,NA,USD (1),tour,2015
58,NA,2018,NA,USD (1),tour,2015
63,NA,2018,NA,USD (1),tour,2015
85,NA,2018,NA,USD (1),tour,2015
86,NA,2018,NA,USD (1),tour,2015
88,NA,2018,NA,USD (1),tour,2015
95,NA,2018,NA,USD (1),tour,2015
118,NA,2018,NA,USD (1),tour,2015
146,NA,2018,NA,USD (1),tour,2015
148,NA,2018,NA,USD (1),tour,2015
153,NA,2018,NA,USD (1),tour,2015
154,NA,2018,NA,USD (1),tour,2015
156,NA,2018,NA,USD (1),tour,2015
157,NA,2018,NA,USD (1),tour,2015
161,NA,2018,NA,USD (1),tour,2015
169,NA,2018,NA,USD (1),tour,2015
219,NA,2018,NA,USD (1),tour,2015
227,NA,2018,NA,USD (1),tour,2015
228,NA,2018,NA,USD (1),tour,2015
237,NA,2018,NA,USD (1),tour,2015
245,NA,2018,NA,USD (1),tour,2015
248,NA,2018,NA,USD (1),tour,2015
249,NA,2018,NA,USD (1),tour,2015
1,NA,2019,NA,USD (1),tour,2015
2,NA,2019,NA,USD (1),tour,2015
3,NA,2019,NA,USD (1),tour,2015
14,NA,2019,NA,USD (1),tour,2015
26,NA,2019,NA,USD (1),tour,2015
29,NA,2019,NA,USD (1),tour,2015
55,NA,2019,NA,USD (1),tour,2015
57,NA,2019,NA,USD (1),tour,2015
58,NA,2019,NA,USD (1),tour,2015
63,NA,2019,NA,USD (1),tour,2015
85,NA,2019,NA,USD (1),tour,2015
86,NA,2019,NA,USD (1),tour,2015
88,NA,2019,NA,USD (1),tour,2015
95,NA,2019,NA,USD (1),tour,2015
118,NA,2019,NA,USD (1),tour,2015
146,NA,2019,NA,USD (1),tour,2015
148,NA,2019,NA,USD (1),tour,2015
153,NA,2019,NA,USD (1),tour,2015
154,NA,2019,NA,USD (1),tour,2015
156,NA,2019,NA,USD (1),tour,2015
157,NA,2019,NA,USD (1),tour,2015
161,NA,2019,NA,USD (1),tour,2015
169,NA,2019,NA,USD (1),tour,2015
219,NA,2019,NA,USD (1),tour,2015
227,NA,2019,NA,USD (1),tour,2015
228,NA,2019,NA,USD (1),tour,2015
237,NA,2019,NA,USD (1),tour,2015
245,NA,2019,NA,USD (1),tour,2015
248,NA,2019,NA,USD (1),tour,2015
249,NA,2019,NA,USD (1),tour,2015
255,NA,2008,NA,USD (1),tour,2015
255,NA,2009,NA,USD (1),tour,2015
255,NA,2010,NA,USD (1),tour,2015
255,NA,2011,NA,USD (1),tour,2015
255,NA,2012,NA,USD (1),tour,2015
255,NA,2013,NA,USD (1),tour,2015
255,NA,2014,NA,USD (1),tour,2015
255,NA,2015,NA,USD (1),tour,2015
255,NA,2016,NA,USD (1),tour,2015
255,NA,2017,NA,USD (1),tour,2015
255,NA,2018,NA,USD (1),tour,2015
255,NA,2019,NA,USD (1),tour,2015
163,United States,2008,85527410734.95909,USD (1),tour,2015
163,United States,2009,82479907005.9167,USD (1),tour,2015
163,United States,2010,85459477785.62077,USD (1),tour,2015
163,United States,2011,88438936505.58206,USD (1),tour,2015
163,United States,2012,93001715305.49297,USD (1),tour,2015
163,United States,2013,97173329795.46396,USD (1),tour,2015
163,United States,2014,99750551514.34325,USD (1),tour,2015
163,United States,2015,128929777230,USD (1),tour,2015
163,United States,2016,116243096965.79204,USD (1),tour,2015
163,United States,2017,118907264993.68085,USD (1),tour,2015
163,United States,2018,138487247260.08023,USD (1),tour,2015
163,United States,2019,119003076735.36176,USD (1),tour,2015
