rgn_id,rgn_name,year,usd,unit,sector,usd_yr,adj_usd
3,Norfolk Island,1976,22.0013185809442,USD (1),cf,1976,94.76562969708546
3,Norfolk Island,1977,27.653689046400803,USD (1),cf,1977,111.84040813996974
3,Norfolk Island,1978,31.544483509357903,USD (1),cf,1978,118.53097579375088
3,Norfolk Island,1979,33.196778817277696,USD (1),cf,1979,112.12098645125657
3,Norfolk Island,1980,34.9012364056849,USD (1),cf,1980,103.81203186060858
3,Norfolk Island,1981,34.1187252743845,USD (1),cf,1981,91.9787486733198
3,Norfolk Island,1982,28.697626777279,USD (1),cf,1982,72.89482195131755
3,Norfolk Island,1983,30.4102690260098,USD (1),cf,1983,74.84088828022183
3,Norfolk Island,1984,28.8577059057413,USD (1),cf,1984,68.0916622580252
3,Norfolk Island,1985,25.6531156501108,USD (1),cf,1985,58.45752419606735
3,Norfolk Island,1986,31.8138162701973,USD (1),cf,1986,71.14595351686145
3,Norfolk Island,1987,36.7042531734494,USD (1),cf,1987,79.18091304235074
3,Norfolk Island,1988,42.7167887073781,USD (1),cf,1988,88.54108758472755
3,Norfolk Island,1989,39.528698388920205,USD (1),cf,1989,78.16018885830438
3,Norfolk Island,1990,43.616740288802305,USD (1),cf,1990,81.82652367586789
3,Norfolk Island,1991,49.086441412444,USD (1),cf,1991,88.34643382243921
3,Norfolk Island,1992,52.2683312672678,USD (1),cf,1992,91.30769627101556
3,Norfolk Island,1993,43.6939441017358,USD (1),cf,1993,74.14069597282337
3,Norfolk Island,1994,51.8178875213335,USD (1),cf,1994,85.69120592641464
3,Norfolk Island,1995,52.9669752964727,USD (1),cf,1995,85.20120036157734
3,Norfolk Island,1996,51.8069332355264,USD (1),cf,1996,80.96202670366627
3,Norfolk Island,1997,50.798471700515506,USD (1),cf,1997,77.57263140193433
3,Norfolk Island,1998,49.8142793052313,USD (1),cf,1998,74.90693964939582
3,Norfolk Island,1999,48.797321296239005,USD (1),cf,1999,71.8065679958992
3,Norfolk Island,2000,46.7909517166818,USD (1),cf,2000,66.60498599630182
3,Norfolk Island,2001,45.7671585462085,USD (1),cf,2001,63.3570792537495
3,Norfolk Island,2002,46.278201581371206,USD (1),cf,2002,63.06431404609718
3,Norfolk Island,2003,46.584612640457,USD (1),cf,2003,62.07275654907486
3,Norfolk Island,2004,47.1371034148724,USD (1),cf,2004,61.17123699952587
3,Norfolk Island,2005,49.7412622754978,USD (1),cf,2005,62.4325537876377
3,Norfolk Island,2006,51.70372262978861,USD (1),cf,2006,62.86765300051769
3,Norfolk Island,2007,53.21779375581081,USD (1),cf,2007,62.91391622156565
3,Norfolk Island,2008,64.6720384809547,USD (1),cf,2008,73.62842106231433
3,Norfolk Island,2009,62.65967987841671,USD (1),cf,2009,71.59191479137664
3,Norfolk Island,2010,63.6834215307469,USD (1),cf,2010,71.58752588610571
5,New Caledonia,1976,379550.4620598732,USD (1),cf,1976,1634826.4949027444
5,New Caledonia,1977,960010.8452018546,USD (1),cf,1977,3882592.4659099667
5,New Caledonia,1978,668877.2853372842,USD (1),cf,1978,2513361.085585175
5,New Caledonia,1979,876293.4809877885,USD (1),cf,1979,2959651.2977946023
5,New Caledonia,1980,1930980.0407160064,USD (1),cf,1980,5743606.306060765
5,New Caledonia,1981,1791462.2154103443,USD (1),cf,1981,4829502.026932022
5,New Caledonia,1982,3643533.131059412,USD (1),cf,1982,9254935.989082685
5,New Caledonia,1983,3453056.5247085565,USD (1),cf,1983,8498110.206455918
5,New Caledonia,1984,3582626.270655973,USD (1),cf,1984,8453443.209070237
5,New Caledonia,1985,2903899.333308727,USD (1),cf,1985,6617315.7231724225
5,New Caledonia,1986,2138178.2484125155,USD (1),cf,1986,4781656.151539019
5,New Caledonia,1987,3765477.860540135,USD (1),cf,1987,8123145.119705084
5,New Caledonia,1988,3982165.421667794,USD (1),cf,1988,8254020.680067242
5,New Caledonia,1989,3377435.9261731026,USD (1),cf,1989,6678212.048603783
5,New Caledonia,1990,5349580.769982963,USD (1),cf,1990,10035999.816413576
5,New Caledonia,1991,4959834.9374281075,USD (1),cf,1991,8926777.261931017
5,New Caledonia,1992,4599018.082306976,USD (1),cf,1992,8034037.743752603
5,New Caledonia,1993,3861915.575302144,USD (1),cf,1993,6552970.083783598
5,New Caledonia,1994,5430755.398257678,USD (1),cf,1994,8980836.568771623
5,New Caledonia,1995,4434528.566968218,USD (1),cf,1995,7133259.0699880645
5,New Caledonia,1996,5056366.116376625,USD (1),cf,1996,7901908.547191735
5,New Caledonia,1997,4227180.419802092,USD (1),cf,1997,6455184.528148985
5,New Caledonia,1998,4817877.671759061,USD (1),cf,1998,7244759.475195861
5,New Caledonia,1999,5686438.913535186,USD (1),cf,1999,8367747.483933356
5,New Caledonia,2000,5423230.605968983,USD (1),cf,2000,7719744.636792679
5,New Caledonia,2001,4046306.474797338,USD (1),cf,2001,5601443.658553991
5,New Caledonia,2002,3816386.3525198633,USD (1),cf,2002,5200672.87043052
5,New Caledonia,2003,3992931.4498864026,USD (1),cf,2003,5320474.8898285935
5,New Caledonia,2004,6723975.301724427,USD (1),cf,2004,8725905.008218395
5,New Caledonia,2005,6151259.624995725,USD (1),cf,2005,7720729.829336168
5,New Caledonia,2006,7064834.379535167,USD (1),cf,2006,8590281.969810275
5,New Caledonia,2007,9038128.15252912,USD (1),cf,2007,10684848.003979936
5,New Caledonia,2008,9819834.000315798,USD (1),cf,2008,11179775.518444566
5,New Caledonia,2009,9951424.889242304,USD (1),cf,2009,11370015.999217099
5,New Caledonia,2010,8580054.090231854,USD (1),cf,2010,9644972.420209976
5,New Caledonia,2011,9879674.59427777,USD (1),cf,2011,10766029.571039382
5,New Caledonia,2012,8481622.632957522,USD (1),cf,2012,9055169.387608431
5,New Caledonia,2013,6996514.36436613,USD (1),cf,2013,7361796.693364234
5,New Caledonia,2014,7941826.635955719,USD (1),cf,2014,8223066.476581323
5,New Caledonia,2015,8617247.728520649,USD (1),cf,2015,8911834.05703007
5,New Caledonia,2016,7708857.704404587,USD (1),cf,2016,7873064.853534007
5,New Caledonia,2017,7329087.406706971,USD (1),cf,2017,7329087.406706971
5,New Caledonia,2018,6300909.954478249,USD (1),cf,2018,6169492.967600307
5,New Caledonia,2019,7761056.099167138,USD (1),cf,2019,7417994.404913273
6,Vanuatu,1976,1456297.449120935,USD (1),cf,1976,6272666.989683762
6,Vanuatu,1977,1585336.5535838087,USD (1),cf,1977,6411610.649650479
6,Vanuatu,1978,1566960.354084257,USD (1),cf,1978,5887981.641691145
6,Vanuatu,1979,1561711.608189314,USD (1),cf,1979,5274627.608490459
6,Vanuatu,1980,1764686.4572216377,USD (1),cf,1980,5248974.122052515
6,Vanuatu,1981,1504104.9851453148,USD (1),cf,1981,4054831.864156275
6,Vanuatu,1982,1294920.6185963976,USD (1),cf,1982,3289226.968705611
6,Vanuatu,1983,1289519.9133057194,USD (1),cf,1983,3173560.078810583
6,Vanuatu,1984,1834917.1414792996,USD (1),cf,1984,4329608.135767019
6,Vanuatu,1985,5604993.158110728,USD (1),cf,1985,12772484.544489807
6,Vanuatu,1986,11084877.047772426,USD (1),cf,1986,24789360.084402423
6,Vanuatu,1987,15463382.60875129,USD (1),cf,1987,33358661.403573442
6,Vanuatu,1988,22154264.259237766,USD (1),cf,1988,45920180.60134672
6,Vanuatu,1989,26137042.671288632,USD (1),cf,1989,51680836.32012769
6,Vanuatu,1990,36129492.80638764,USD (1),cf,1990,67780186.66557617
6,Vanuatu,1991,35298786.964795165,USD (1),cf,1991,63531228.92724248
6,Vanuatu,1992,34863872.14823955,USD (1),cf,1992,60903797.22791133
6,Vanuatu,1993,48584439.79374809,USD (1),cf,1993,82438979.90465732
6,Vanuatu,1994,71415139.7140207,USD (1),cf,1994,118099168.76635218
6,Vanuatu,1995,93426108.9220461,USD (1),cf,1995,150282635.18381217
6,Vanuatu,1996,88068680.2556356,USD (1),cf,1996,137630591.0677588
6,Vanuatu,1997,92207812.58292048,USD (1),cf,1997,140807438.0670973
6,Vanuatu,1998,80928722.19295742,USD (1),cf,1998,121694481.8586176
6,Vanuatu,1999,101838450.12186706,USD (1),cf,1999,149858012.6740779
6,Vanuatu,2000,81340305.52932762,USD (1),cf,2000,115784563.29590496
6,Vanuatu,2001,43132368.49761127,USD (1),cf,2001,59709647.18174479
6,Vanuatu,2002,44575197.58817786,USD (1),cf,2002,60743593.38326713
6,Vanuatu,2003,70315462.07570621,USD (1),cf,2003,93693481.85307138
6,Vanuatu,2004,210564918.51798436,USD (1),cf,2004,273256428.6159657
6,Vanuatu,2005,221424804.58235252,USD (1),cf,2005,277920490.7474685
6,Vanuatu,2006,136627697.0884188,USD (1),cf,2006,166128514.81347337
6,Vanuatu,2007,135950826.79780695,USD (1),cf,2007,160720659.83524337
6,Vanuatu,2008,158643535.1616631,USD (1),cf,2008,180613960.53159586
6,Vanuatu,2009,147928335.9554816,USD (1),cf,2009,169015750.5353437
6,Vanuatu,2010,104691269.72656748,USD (1),cf,2010,117685086.6591939
6,Vanuatu,2011,96520428.25069933,USD (1),cf,2011,105179758.18335928
6,Vanuatu,2012,106577916.90137582,USD (1),cf,2012,113784959.82246877
6,Vanuatu,2013,79660351.35429813,USD (1),cf,2013,83819353.55969723
6,Vanuatu,2014,81116371.68235749,USD (1),cf,2014,83988904.2230188
6,Vanuatu,2015,99137299.03194612,USD (1),cf,2015,102526373.34664907
6,Vanuatu,2016,63576724.20314138,USD (1),cf,2016,64930978.36539169
6,Vanuatu,2017,55075563.68570816,USD (1),cf,2017,55075563.68570816
6,Vanuatu,2018,73429661.17372891,USD (1),cf,2018,71898151.45709488
6,Vanuatu,2019,82332698.63043824,USD (1),cf,2019,78693349.20121787
7,Solomon Islands,1976,10311868.688343758,USD (1),cf,1976,44416007.431978986
7,Solomon Islands,1977,9728063.818279048,USD (1),cf,1977,39343417.29316603
7,Solomon Islands,1978,14084168.561650945,USD (1),cf,1978,52922414.8609348
7,Solomon Islands,1979,20359838.758551165,USD (1),cf,1979,68764659.9136055
7,Solomon Islands,1980,25400937.301749215,USD (1),cf,1980,75553853.78923123
7,Solomon Islands,1981,26624151.950983867,USD (1),cf,1981,71774550.81472117
7,Solomon Islands,1982,20958948.00364786,USD (1),cf,1982,53237809.34465457
7,Solomon Islands,1983,29475991.567137018,USD (1),cf,1983,72541594.08909109
7,Solomon Islands,1984,27244537.645779766,USD (1),cf,1984,64285285.247965865
7,Solomon Islands,1985,22638426.759339295,USD (1),cf,1985,51587744.665987946
7,Solomon Islands,1986,29924870.063223965,USD (1),cf,1986,66921660.59029822
7,Solomon Islands,1987,26169527.293336347,USD (1),cf,1987,56454685.37885945
7,Solomon Islands,1988,32273441.06651866,USD (1),cf,1988,66894672.06221932
7,Solomon Islands,1989,32957763.8352796,USD (1),cf,1989,65167464.41706489
7,Solomon Islands,1990,23366998.418685287,USD (1),cf,1990,43837302.75761566
7,Solomon Islands,1991,36679173.12386235,USD (1),cf,1991,66015666.400041714
7,Solomon Islands,1992,28087827.566540204,USD (1),cf,1992,49066705.712190434
7,Solomon Islands,1993,29766119.586343963,USD (1),cf,1993,50507704.623857915
7,Solomon Islands,1994,37068871.23194498,USD (1),cf,1994,61300767.55615683
7,Solomon Islands,1995,50176047.70637127,USD (1),cf,1995,80711792.01858817
7,Solomon Islands,1996,47885292.33038821,USD (1),cf,1996,74833426.22773111
7,Solomon Islands,1997,58529770.212469995,USD (1),cf,1997,89378836.38506737
7,Solomon Islands,1998,50194574.542576626,USD (1),cf,1998,75478798.81889679
7,Solomon Islands,1999,41937894.93286554,USD (1),cf,1999,61712737.99682498
7,Solomon Islands,2000,16029818.16366242,USD (1),cf,2000,22817783.67703853
7,Solomon Islands,2001,18877035.11482951,USD (1),cf,2001,26132140.334614363
7,Solomon Islands,2002,17483545.299952112,USD (1),cf,2002,23825208.27860306
7,Solomon Islands,2003,24556428.191826414,USD (1),cf,2003,32720787.025334083
7,Solomon Islands,2004,27284548.030311517,USD (1),cf,2004,35407978.70622935
7,Solomon Islands,2005,22533554.3107804,USD (1),cf,2005,28282903.914713196
7,Solomon Islands,2006,30439721.68751921,USD (1),cf,2006,37012303.23753798
7,Solomon Islands,2007,30178705.860523637,USD (1),cf,2007,35677175.58710226
7,Solomon Islands,2008,33979715.55430385,USD (1),cf,2008,38685541.12681531
7,Solomon Islands,2009,39746226.46798349,USD (1),cf,2009,45412112.92646223
7,Solomon Islands,2010,52325500.27022228,USD (1),cf,2010,58819909.71998008
7,Solomon Islands,2011,56430402.952406384,USD (1),cf,2011,61493056.38498991
7,Solomon Islands,2012,55944737.23114314,USD (1),cf,2012,59727848.53746771
7,Solomon Islands,2013,45685054.23268841,USD (1),cf,2013,48070233.786598034
7,Solomon Islands,2014,86278519.71653828,USD (1),cf,2014,89333856.76263236
7,Solomon Islands,2015,85069334.17268029,USD (1),cf,2015,87977485.77887452
7,Solomon Islands,2016,85981419.33941598,USD (1),cf,2016,87812918.15405355
7,Solomon Islands,2017,74953582.52368762,USD (1),cf,2017,74953582.52368762
7,Solomon Islands,2018,91840761.8871598,USD (1),cf,2018,89925255.03386682
7,Solomon Islands,2019,93676192.36160432,USD (1),cf,2019,89535426.87141907
8,Palau,1976,2842849.5092625264,USD (1),cf,1976,12244921.72540288
8,Palau,1977,2497738.053773344,USD (1),cf,1977,10101655.619690362
8,Palau,1978,5920711.6354155,USD (1),cf,1978,22247558.034387324
8,Palau,1979,4222550.363518379,USD (1),cf,1979,14261519.61019141
8,Palau,1980,6450035.342155435,USD (1),cf,1980,19185316.722270183
8,Palau,1981,9557965.740342213,USD (1),cf,1981,25766781.190948136
8,Palau,1982,3753130.352956669,USD (1),cf,1982,9533323.816709073
8,Palau,1983,369433.6631740221,USD (1),cf,1983,909191.0199450132
8,Palau,1984,329456.05469634465,USD (1),cf,1984,777373.3116041578
8,Palau,1985,319173.59857776674,USD (1),cf,1985,727322.8958263048
8,Palau,1986,386533.4682078313,USD (1),cf,1986,864413.4965847359
8,Palau,1987,456108.30892540055,USD (1),cf,1987,983947.8868089379
8,Palau,1988,511155.7138392518,USD (1),cf,1988,1059496.3759684034
8,Palau,1989,453401.07896124455,USD (1),cf,1989,896511.0262801624
8,Palau,1990,852750.0787635641,USD (1),cf,1990,1599788.8436302734
8,Palau,1991,956605.170969004,USD (1),cf,1991,1721710.7820285233
8,Palau,1992,1418391.231623801,USD (1),cf,1992,2477791.6690767067
8,Palau,1993,1191907.114210535,USD (1),cf,1993,2022450.1312303818
8,Palau,1994,1088714.2509590287,USD (1),cf,1994,1800406.0284306926
8,Palau,1995,1185797.3086993983,USD (1),cf,1995,1907440.5046014537
8,Palau,1996,1016392.3841681508,USD (1),cf,1996,1588381.7514215524
8,Palau,1997,661723.6689605758,USD (1),cf,1997,1010495.8780028307
8,Palau,1998,647359.393104823,USD (1),cf,1998,973450.0160816351
8,Palau,1999,640741.4026209774,USD (1),cf,1999,942868.171303435
8,Palau,2000,1007314.601660296,USD (1),cf,2000,1433870.7052529305
8,Palau,2001,866219.7475077949,USD (1),cf,2001,1199138.310904835
8,Palau,2002,740614.3192551996,USD (1),cf,2002,1009251.2764227105
8,Palau,2003,772410.4615256955,USD (1),cf,2003,1029216.3831926777
8,Palau,2004,784165.3253487849,USD (1),cf,2004,1017634.9306305945
8,Palau,2005,624902.4342867078,USD (1),cf,2005,784343.8838472896
8,Palau,2006,646825.2492869233,USD (1),cf,2006,786488.540009211
8,Palau,2007,906371.798601646,USD (1),cf,2007,1071510.0228405728
8,Palau,2008,847270.9072590371,USD (1),cf,2008,964608.8259903657
8,Palau,2009,1284932.7988706434,USD (1),cf,2009,1468101.9696859107
8,Palau,2010,727029.825301667,USD (1),cf,2010,817265.548673851
8,Palau,2011,684479.7101388723,USD (1),cf,2011,745887.8052926668
8,Palau,2012,687642.9393920511,USD (1),cf,2012,734142.9304096187
8,Palau,2013,1246877.0805883862,USD (1),cf,2013,1311975.5196470395
8,Palau,2014,1228506.3907702232,USD (1),cf,2014,1272010.8586194103
8,Palau,2015,1161759.7676145383,USD (1),cf,2015,1201475.2957429467
8,Palau,2016,1153023.6422045026,USD (1),cf,2016,1177584.314151663
8,Palau,2017,6572105.721032704,USD (1),cf,2017,6572105.721032704
8,Palau,2018,6959754.355400173,USD (1),cf,2018,6814595.965039863
8,Palau,2019,8808022.236841785,USD (1),cf,2019,8418681.534624605
9,Micronesia,1976,477333.4337644724,USD (1),cf,1976,2056004.200827357
9,Micronesia,1977,569967.6727915135,USD (1),cf,1977,2305132.492255612
9,Micronesia,1978,627502.8761162492,USD (1),cf,1978,2357893.3602567706
9,Micronesia,1979,711524.1464355328,USD (1),cf,1979,2403148.498875421
9,Micronesia,1980,1036099.985377951,USD (1),cf,1980,3081829.0630905
9,Micronesia,1981,1084194.6616206502,USD (1),cf,1981,2922819.287420162
9,Micronesia,1982,1013828.9179272794,USD (1),cf,1982,2575226.134027141
9,Micronesia,1983,948614.4375815082,USD (1),cf,1983,2334578.0691161007
9,Micronesia,1984,831778.8612541556,USD (1),cf,1984,1962637.1368146306
9,Micronesia,1985,1108372.5605558956,USD (1),cf,1985,2525725.00980689
9,Micronesia,1986,1337744.0711088923,USD (1),cf,1986,2991627.1814811733
9,Micronesia,1987,1634320.599030823,USD (1),cf,1987,3525667.6283170027
9,Micronesia,1988,1346808.8892931952,USD (1),cf,1988,2791593.830792851
9,Micronesia,1989,1094359.333739183,USD (1),cf,1989,2163879.3001056174
9,Micronesia,1990,1103797.9586328934,USD (1),cf,1990,2070763.4086685034
9,Micronesia,1991,8402972.623885913,USD (1),cf,1991,15123782.5245915
9,Micronesia,1992,11456540.56662841,USD (1),cf,1992,20013463.23886487
9,Micronesia,1993,17284445.818899736,USD (1),cf,1993,29328568.726458244
9,Micronesia,1994,22448388.48397047,USD (1),cf,1994,37122885.01734285
9,Micronesia,1995,8183775.669947751,USD (1),cf,1995,13164193.474643325
9,Micronesia,1996,9608160.45801498,USD (1),cf,1996,15015290.32877553
9,Micronesia,1997,12383891.49019052,USD (1),cf,1997,18911022.66921845
9,Micronesia,1998,17692026.66733007,USD (1),cf,1998,26603929.482244298
9,Micronesia,1999,16487545.023588154,USD (1),cf,1999,24261865.02399223
9,Micronesia,2000,24657220.52640009,USD (1),cf,2000,35098534.38785894
9,Micronesia,2001,20156227.14301133,USD (1),cf,2001,27902970.62613121
9,Micronesia,2002,21023643.906060793,USD (1),cf,2002,28649377.814604584
9,Micronesia,2003,25760296.209926523,USD (1),cf,2003,34324909.11992992
9,Micronesia,2004,28950097.906658225,USD (1),cf,2004,37569412.88099855
9,Micronesia,2005,25466068.04807413,USD (1),cf,2005,31963637.238739904
9,Micronesia,2006,11706996.402716316,USD (1),cf,2006,14234785.235758707
9,Micronesia,2007,20040142.7837877,USD (1),cf,2007,23691396.715027608
9,Micronesia,2008,36244608.162181504,USD (1),cf,2008,41264097.02996422
9,Micronesia,2009,41503789.6575508,USD (1),cf,2009,47420219.484812275
9,Micronesia,2010,35638787.87250788,USD (1),cf,2010,40062116.45115208
9,Micronesia,2011,58255560.37893579,USD (1),cf,2011,63481957.80459726
9,Micronesia,2012,77652275.16272967,USD (1),cf,2012,82903299.91803795
9,Micronesia,2013,50555778.88458862,USD (1),cf,2013,53195255.01420688
9,Micronesia,2014,58017979.55672478,USD (1),cf,2014,60072540.56288923
9,Micronesia,2015,79139787.72869837,USD (1),cf,2015,81845233.85726343
9,Micronesia,2016,119817755.5698986,USD (1),cf,2016,122370005.56745365
9,Micronesia,2017,156561177.358956,USD (1),cf,2017,156561177.358956
9,Micronesia,2018,202548945.53943577,USD (1),cf,2018,198324417.2871032
9,Micronesia,2019,246380944.70545655,USD (1),cf,2019,235490176.33031332
10,Nauru,1976,26401.58229713304,USD (1),cf,1976,113718.75563650257
10,Nauru,1977,33184.42685568096,USD (1),cf,1977,134208.48976796368
10,Nauru,1978,41007.82856216527,USD (1),cf,1978,154090.26853187612
10,Nauru,1979,43155.812462461006,USD (1),cf,1979,145757.28238663354
10,Nauru,1980,48861.73096795886,USD (1),cf,1980,145336.84460485203
10,Nauru,1981,47766.215384138304,USD (1),cf,1981,128770.24814264772
10,Nauru,1982,40176.677488190595,USD (1),cf,1982,102052.75073184456
10,Nauru,1983,42574.37663641372,USD (1),cf,1983,104777.24359231057
10,Nauru,1984,43286.55885861195,USD (1),cf,1984,102137.49338703779
10,Nauru,1985,38479.6734751662,USD (1),cf,1985,87686.28629410102
10,Nauru,1986,47720.72440529595,USD (1),cf,1986,106718.93027529216
10,Nauru,1987,62397.23039486398,USD (1),cf,1987,134607.55217199627
10,Nauru,1988,72618.54080254278,USD (1),cf,1988,150519.84889403684
10,Nauru,1989,71151.65710005636,USD (1),cf,1989,140688.33994494786
10,Nauru,1990,78510.13251984413,USD (1),cf,1990,147287.74261656217
10,Nauru,1991,93264.2386836436,USD (1),cf,1991,167858.2242626345
10,Nauru,1992,197051.6088775996,USD (1),cf,1992,344230.0149417286
10,Nauru,1993,218469.720508679,USD (1),cf,1993,370703.4798641168
10,Nauru,1994,259089.4376066675,USD (1),cf,1994,428456.0296320731
10,Nauru,1995,254241.48142306897,USD (1),cf,1995,408965.76173557126
10,Nauru,1996,238311.89288342145,USD (1),cf,1996,372425.32283686486
10,Nauru,1997,223513.2754822682,USD (1),cf,1997,341319.57816851104
10,Nauru,1998,209219.97308197143,USD (1),cf,1998,314609.1465274624
10,Nauru,1999,195189.285184956,USD (1),cf,1999,287226.2719835968
10,Nauru,2000,190249.0449278223,USD (1),cf,2000,270811.6528587251
10,Nauru,2001,189951.9316624459,USD (1),cf,2001,262957.1066027518
10,Nauru,2002,174399.34903973484,USD (1),cf,2002,237657.7944140343
10,Nauru,2003,189664.1719552393,USD (1),cf,2003,252722.46144288097
10,Nauru,2004,152876.3855251419,USD (1),cf,2004,198392.2840629781
10,Nauru,2005,180014.78376645138,USD (1),cf,2005,225944.86259358746
10,Nauru,2006,241991.84046908695,USD (1),cf,2006,294243.0115622294
10,Nauru,2007,332344.9599199023,USD (1),cf,2007,392897.2151871155
10,Nauru,2008,567317.8430142436,USD (1),cf,2008,645885.2697818974
10,Nauru,2009,723297.0378448063,USD (1),cf,2009,826404.1565918855
10,Nauru,2010,729547.4367132335,USD (1),cf,2010,820095.6348684134
10,Nauru,2011,196468.5092142539,USD (1),cf,2011,214094.68093248535
10,Nauru,2012,177932.17878973068,USD (1),cf,2012,189964.3603791667
10,Nauru,2013,353465.2250764443,USD (1),cf,2013,371919.35722163855
10,Nauru,2014,355936.8159776468,USD (1),cf,2014,368541.4242103587
10,Nauru,2015,325269.8362911093,USD (1),cf,2015,336389.4013618362
10,Nauru,2016,362132.41660263995,USD (1),cf,2016,369846.23543518776
10,Nauru,2017,394635.4835639243,USD (1),cf,2017,394635.4835639243
10,Nauru,2018,13072500.895384936,USD (1),cf,2018,12799850.00987122
10,Nauru,2019,42785696.92343426,USD (1),cf,2019,40894442.24252029
11,Marshall Islands,1976,22610.18388535216,USD (1),cf,1976,97388.17723943606
11,Marshall Islands,1977,28434.79646412598,USD (1),cf,1977,114999.45763434132
11,Marshall Islands,1978,32356.87762528003,USD (1),cf,1978,121583.61310387787
11,Marshall Islands,1979,34410.18910208351,USD (1),cf,1979,116219.23823801486
11,Marshall Islands,1980,53633.32453577937,USD (1),cf,1980,159529.71782374385
11,Marshall Islands,1981,52537.03391098364,USD (1),cf,1981,141631.62894505935
11,Marshall Islands,1982,47215.20233842132,USD (1),cf,1982,119931.30284137686
11,Marshall Islands,1983,50018.23707004049,USD (1),cf,1983,123096.88182405836
11,Marshall Islands,1984,59025.533263824786,USD (1),cf,1984,139274.64257651096
11,Marshall Islands,1985,52555.997791981295,USD (1),cf,1985,119762.97750639654
11,Marshall Islands,1986,71262.71883865075,USD (1),cf,1986,159366.42240338083
11,Marshall Islands,1987,82345.20528603892,USD (1),cf,1987,177640.68126918966
11,Marshall Islands,1988,108420.67974576676,USD (1),cf,1988,224728.61822844748
11,Marshall Islands,1989,100326.6467196781,USD (1),cf,1989,198376.11595448817
11,Marshall Islands,1990,123693.52276181376,USD (1),cf,1990,232053.35616104078
11,Marshall Islands,1991,149002.05115790624,USD (1),cf,1991,268175.8846892593
11,Marshall Islands,1992,189706.67143774583,USD (1),cf,1992,331399.1228771151
11,Marshall Islands,1993,557007.3753956712,USD (1),cf,1993,945140.4610596867
11,Marshall Islands,1994,305474.88730524626,USD (1),cf,1994,505163.616765451
11,Marshall Islands,1995,257324.6427371354,USD (1),cf,1995,413925.2491028692
11,Marshall Islands,1996,1437743.012911423,USD (1),cf,1996,2246853.4795362414
11,Marshall Islands,1997,205259.00743770768,USD (1),cf,1997,313444.1016210851
11,Marshall Islands,1998,251014.57940955515,USD (1),cf,1998,377456.70946554135
11,Marshall Islands,1999,344363.8544730302,USD (1),cf,1999,506740.65450091474
11,Marshall Islands,2000,6695907.112352648,USD (1),cf,2000,9531347.04656554
11,Marshall Islands,2001,27718807.048985183,USD (1),cf,2001,38372114.651793964
11,Marshall Islands,2002,28935059.7118436,USD (1),cf,2002,39430436.58258363
11,Marshall Islands,2003,27453224.186646607,USD (1),cf,2003,36580690.59363485
11,Marshall Islands,2004,42744458.93720708,USD (1),cf,2004,55470770.12881137
11,Marshall Islands,2005,48617058.263053656,USD (1),cf,2005,61021513.45081515
11,Marshall Islands,2006,37014125.468331456,USD (1),cf,2006,45006260.24014782
11,Marshall Islands,2007,54177666.658651814,USD (1),cf,2007,64048675.08943202
11,Marshall Islands,2008,51638984.76051157,USD (1),cf,2008,58790429.41095881
11,Marshall Islands,2009,67184040.96730511,USD (1),cf,2009,76761230.5968455
11,Marshall Islands,2010,73713971.36333929,USD (1),cf,2010,82863023.15890683
11,Marshall Islands,2011,157444457.32481876,USD (1),cf,2011,171569586.34417045
11,Marshall Islands,2012,130226858.01390614,USD (1),cf,2012,139033096.51501897
11,Marshall Islands,2013,93036874.01407878,USD (1),cf,2013,97894253.59663965
11,Marshall Islands,2014,74743655.85291086,USD (1),cf,2014,77390514.67058864
11,Marshall Islands,2015,89554788.62612417,USD (1),cf,2015,92616278.4675374
11,Marshall Islands,2016,84737631.03013943,USD (1),cf,2016,86542635.78557676
11,Marshall Islands,2017,111280267.61170578,USD (1),cf,2017,111280267.61170578
11,Marshall Islands,2018,115175496.88773084,USD (1),cf,2018,112773301.51079205
11,Marshall Islands,2019,135465295.5775495,USD (1),cf,2019,129477327.80362475
13,Northern Mariana Islands and Guam,1976,68987.253342807,USD (1),cf,1976,297146.75872953533
13,Northern Mariana Islands and Guam,1977,107022.86385225736,USD (1),cf,1977,432834.86530354025
13,Northern Mariana Islands and Guam,1978,124178.17487560945,USD (1),cf,1978,466609.6446285621
13,Northern Mariana Islands and Guam,1979,107697.8810625487,USD (1),cf,1979,363745.9143222165
13,Northern Mariana Islands and Guam,1980,160244.6368184947,USD (1),cf,1980,476639.88603520003
13,Northern Mariana Islands and Guam,1981,184024.63221508672,USD (1),cf,1981,496101.6351018091
13,Northern Mariana Islands and Guam,1982,230833.6330756927,USD (1),cf,1982,586340.3519050091
13,Northern Mariana Islands and Guam,1983,274562.3106972999,USD (1),cf,1983,675708.8272807165
13,Northern Mariana Islands and Guam,1984,367034.7189698743,USD (1),cf,1984,866042.6508849292
13,Northern Mariana Islands and Guam,1985,302197.1686981688,USD (1),cf,1985,688637.5340174303
13,Northern Mariana Islands and Guam,1986,354650.20487283426,USD (1),cf,1986,793112.2370334722
13,Northern Mariana Islands and Guam,1987,302982.0449248728,USD (1),cf,1987,653613.4883121336
13,Northern Mariana Islands and Guam,1988,525217.6420674712,USD (1),cf,1988,1088643.1928650087
13,Northern Mariana Islands and Guam,1989,548231.2793569458,USD (1),cf,1989,1084019.0059124087
13,Northern Mariana Islands and Guam,1990,566711.1275242812,USD (1),cf,1990,1063169.8101852061
13,Northern Mariana Islands and Guam,1991,843465.2587514092,USD (1),cf,1991,1518080.0546873
13,Northern Mariana Islands and Guam,1992,648249.9035339486,USD (1),cf,1992,1132429.5967462773
13,Northern Mariana Islands and Guam,1993,680155.4691486628,USD (1),cf,1993,1154100.4340324763
13,Northern Mariana Islands and Guam,1994,932121.1147283356,USD (1),cf,1994,1541448.0638111788
13,Northern Mariana Islands and Guam,1995,896319.8573518738,USD (1),cf,1995,1441795.1436124966
13,Northern Mariana Islands and Guam,1996,691691.5951077924,USD (1),cf,1996,1080950.9441376529
13,Northern Mariana Islands and Guam,1997,657136.7664290151,USD (1),cf,1997,1003491.3739804439
13,Northern Mariana Islands and Guam,1998,804244.8509033985,USD (1),cf,1998,1209362.4830106026
13,Northern Mariana Islands and Guam,1999,592785.6093320015,USD (1),cf,1999,872299.934356635
13,Northern Mariana Islands and Guam,2000,699874.8523505913,USD (1),cf,2000,996242.9279538636
13,Northern Mariana Islands and Guam,2001,1087481.7386372385,USD (1),cf,2001,1505439.0285619488
13,Northern Mariana Islands and Guam,2002,804018.9359814525,USD (1),cf,2002,1095654.1297005357
13,Northern Mariana Islands and Guam,2003,694492.9577362665,USD (1),cf,2003,925393.3830754142
13,Northern Mariana Islands and Guam,2004,853294.0606580542,USD (1),cf,2004,1107345.3698542868
13,Northern Mariana Islands and Guam,2005,632375.452868984,USD (1),cf,2005,793723.6143416603
13,Northern Mariana Islands and Guam,2006,780590.791981305,USD (1),cf,2006,949136.9005876281
13,Northern Mariana Islands and Guam,2007,774884.2950418561,USD (1),cf,2007,916065.8903554643
13,Northern Mariana Islands and Guam,2008,905361.9076898944,USD (1),cf,2008,1030744.805930349
13,Northern Mariana Islands and Guam,2009,1206375.7521914511,USD (1),cf,2009,1378346.4937078704
13,Northern Mariana Islands and Guam,2010,555262.0712605154,USD (1),cf,2010,624178.7414129948
13,Northern Mariana Islands and Guam,2011,442339.84412648354,USD (1),cf,2011,482024.361923107
13,Northern Mariana Islands and Guam,2012,369227.6442736237,USD (1),cf,2012,394195.6635153255
13,Northern Mariana Islands and Guam,2013,394126.3820593356,USD (1),cf,2013,414703.4001658758
13,Northern Mariana Islands and Guam,2014,375859.50699091726,USD (1),cf,2014,389169.6272805202
13,Northern Mariana Islands and Guam,2015,265950.4472568274,USD (1),cf,2015,275042.1396731341
13,Northern Mariana Islands and Guam,2016,295233.9241337045,USD (1),cf,2016,301522.7314858739
13,Northern Mariana Islands and Guam,2017,728399.269617729,USD (1),cf,2017,728399.269617729
13,Northern Mariana Islands and Guam,2018,401390.3180029122,USD (1),cf,2018,393018.5897073141
13,Northern Mariana Islands and Guam,2019,365190.4715524507,USD (1),cf,2019,349047.96977236477
14,Taiwan,1976,309490670.9444236,USD (1),cf,1976,1333060025.9033701
14,Taiwan,1977,415936131.79260266,USD (1),cf,1977,1682179425.0232022
14,Taiwan,1978,456631609.73261464,USD (1),cf,1978,1715830606.7627156
14,Taiwan,1979,518403291.81889766,USD (1),cf,1979,1750889409.4285467
14,Taiwan,1980,627122061.6592406,USD (1),cf,1980,1865344100.9572754
14,Taiwan,1981,566909250.9287261,USD (1),cf,1981,1528298700.8574266
14,Taiwan,1982,556493222.3336821,USD (1),cf,1982,1413548049.5985107
14,Taiwan,1983,546912276.2287545,USD (1),cf,1983,1345972984.6292894
14,Taiwan,1984,591591392.3501346,USD (1),cf,1984,1395898946.8613982
14,Taiwan,1985,640245118.6633033,USD (1),cf,1985,1458970716.3118958
14,Taiwan,1986,827112363.3269322,USD (1),cf,1986,1849689998.040414
14,Taiwan,1987,904852649.185736,USD (1),cf,1987,1952009719.2208636
14,Taiwan,1988,1173944336.890462,USD (1),cf,1988,2433289381.0030303
14,Taiwan,1989,1247603066.4671135,USD (1),cf,1989,2466888495.4380865
14,Taiwan,1990,1286208473.6526709,USD (1),cf,1990,2412971887.04544
14,Taiwan,1991,1194016573.7668922,USD (1),cf,1991,2149007000.3414445
14,Taiwan,1992,1377959241.845017,USD (1),cf,1992,2407160911.3531303
14,Taiwan,1993,1524281110.1582134,USD (1),cf,1993,2586428501.4469147
14,Taiwan,1994,1498365089.837498,USD (1),cf,1994,2477845346.61616
14,Taiwan,1995,1670554766.6100717,USD (1),cf,1995,2687207842.0232425
14,Taiwan,1996,1452605965.3597038,USD (1),cf,1996,2270080771.28776
14,Taiwan,1997,1420169566.4637098,USD (1),cf,1997,2168693006.2979884
14,Taiwan,1998,1283516680.5167515,USD (1),cf,1998,1930055154.2128696
14,Taiwan,1999,1395321973.4060931,USD (1),cf,1999,2053253733.9765646
14,Taiwan,2000,1387773006.8283377,USD (1),cf,2000,1975437521.4576635
14,Taiwan,2001,1255591124.8906133,USD (1),cf,2001,1738158735.1480727
14,Taiwan,2002,1171691855.1829505,USD (1),cf,2002,1596690031.063269
14,Taiwan,2003,1333061281.4497056,USD (1),cf,2003,1776268679.6833603
14,Taiwan,2004,1279458161.7704947,USD (1),cf,2004,1660391343.0104115
14,Taiwan,2005,1243593700.8561172,USD (1),cf,2005,1560891844.4539
14,Taiwan,2006,1102272042.0936992,USD (1),cf,2006,1340275955.5768187
14,Taiwan,2007,1266929389.4128184,USD (1),cf,2007,1497760125.6807866
14,Taiwan,2008,1463543974.903446,USD (1),cf,2008,1666229093.1054842
14,Taiwan,2009,1360388394.5466354,USD (1),cf,2009,1554313877.9920194
14,Taiwan,2010,1348308810.404348,USD (1),cf,2010,1515654931.0197468
14,Taiwan,2011,1616457263.0171213,USD (1),cf,2011,1761477721.547964
14,Taiwan,2012,1713055406.529303,USD (1),cf,2012,1828896137.8929281
14,Taiwan,2013,1365526350.7773285,USD (1),cf,2013,1436819371.8080106
14,Taiwan,2014,1548688215.9404726,USD (1),cf,2014,1603531118.8386464
14,Taiwan,2015,1351942300.7204983,USD (1),cf,2015,1398159344.871114
14,Taiwan,2016,1271822856.1384065,USD (1),cf,2016,1298914082.0258424
14,Taiwan,2017,1494406980.3391848,USD (1),cf,2017,1494406980.3391848
14,Taiwan,2018,1605281437.2386992,USD (1),cf,2018,1571800360.5216665
14,Taiwan,2019,1437484750.51657,USD (1),cf,2019,1373943661.8199904
15,Philippines,1976,661886401.1698663,USD (1),cf,1976,2850923746.412487
15,Philippines,1977,940717020.2859688,USD (1),cf,1977,3804562035.700344
15,Philippines,1978,897120940.9096657,USD (1),cf,1978,3371005282.09584
15,Philippines,1979,934223549.8657212,USD (1),cf,1979,3155308126.5349426
15,Philippines,1980,1160851792.5056174,USD (1),cf,1980,3452897251.7835608
15,Philippines,1981,1207530658.9551003,USD (1),cf,1981,3255313851.9142127
15,Philippines,1982,1145164783.3351617,USD (1),cf,1982,2908832275.016808
15,Philippines,1983,1206970483.652861,USD (1),cf,1983,2970402631.0102525
15,Philippines,1984,1221890910.015811,USD (1),cf,1984,2883132270.8987317
15,Philippines,1985,1195298038.7973886,USD (1),cf,1985,2723808093.2367525
15,Philippines,1986,1522406984.4465864,USD (1),cf,1986,3404593011.7050467
15,Philippines,1987,1366665791.839519,USD (1),cf,1987,2948264461.6204467
15,Philippines,1988,1775373009.6416173,USD (1),cf,1988,3679898744.708052
15,Philippines,1989,1814954892.7900052,USD (1),cf,1989,3588714604.1098237
15,Philippines,1990,1891837304.2577891,USD (1),cf,1990,3549152663.4667473
15,Philippines,1991,2109108821.489945,USD (1),cf,1991,3796002267.8451223
15,Philippines,1992,2385178374.985086,USD (1),cf,1992,4166674874.3462777
15,Philippines,1993,2318677610.906958,USD (1),cf,1993,3934375239.9412236
15,Philippines,1994,2766676884.867222,USD (1),cf,1994,4575251713.520786
15,Philippines,1995,3119476279.9216332,USD (1),cf,1995,5017902609.33572
15,Philippines,1996,2611565021.991931,USD (1),cf,1996,4081260631.422186
15,Philippines,1997,2300839830.3021197,USD (1),cf,1997,3513534838.6692553
15,Philippines,1998,2048075273.3331337,USD (1),cf,1998,3079740448.656332
15,Philippines,1999,2177525835.1034107,USD (1),cf,1999,3204287710.6295495
15,Philippines,2000,1987289371.6067183,USD (1),cf,2000,2828824289.9593563
15,Philippines,2001,1825041355.324617,USD (1),cf,2001,2526468617.7519155
15,Philippines,2002,1925103940.8725789,USD (1),cf,2002,2623381102.76606
15,Philippines,2003,2190259595.331834,USD (1),cf,2003,2918462619.612638
15,Philippines,2004,2216558323.6539364,USD (1),cf,2004,2876494411.3372555
15,Philippines,2005,2391303885.9703164,USD (1),cf,2005,3001435863.379177
15,Philippines,2006,2405852429.717207,USD (1),cf,2006,2925326998.3073196
15,Philippines,2007,2898892185.238136,USD (1),cf,2007,3427061649.9863725
15,Philippines,2008,3587507471.2160916,USD (1),cf,2008,4084338716.6879606
15,Philippines,2009,3616667601.678098,USD (1),cf,2009,4132229198.592794
15,Philippines,2010,3493549890.3685317,USD (1),cf,2010,3927153836.89633
15,Philippines,2011,2993220181.5245833,USD (1),cf,2011,3261756921.183422
15,Philippines,2012,2997163937.4034123,USD (1),cf,2012,3199839029.640456
15,Philippines,2013,3077245965.189622,USD (1),cf,2013,3237906476.199138
15,Philippines,2014,3394544773.321332,USD (1),cf,2014,3514754049.4497175
15,Philippines,2015,3046138520.428173,USD (1),cf,2015,3150272785.930844
15,Philippines,2016,2840835507.7951837,USD (1),cf,2016,2901348429.1342483
15,Philippines,2017,3711932254.8741856,USD (1),cf,2017,3711932254.8741856
15,Philippines,2018,3146653995.1778584,USD (1),cf,2018,3081024778.162972
15,Philippines,2019,3219520433.941464,USD (1),cf,2019,3077208083.5808697
16,Australia,1976,153285950.7168057,USD (1),cf,1976,660244048.0988252
16,Australia,1977,287603829.83741194,USD (1),cf,1977,1163162341.8366675
16,Australia,1978,230532229.3742209,USD (1),cf,1978,866243699.6798182
16,Australia,1979,321645710.24706495,USD (1),cf,1979,1086347398.921319
16,Australia,1980,352183663.9830263,USD (1),cf,1980,1047553196.1451247
16,Australia,1981,431168055.65185046,USD (1),cf,1981,1162361662.3373673
16,Australia,1982,389805925.06514376,USD (1),cf,1982,990145760.9619966
16,Australia,1983,425580911.6045326,USD (1),cf,1983,1047371643.8466184
16,Australia,1984,471607530.4915015,USD (1),cf,1984,1112789103.5225978
16,Australia,1985,480340444.4510342,USD (1),cf,1985,1094584904.8836606
16,Australia,1986,584866023.6657184,USD (1),cf,1986,1307949055.2126312
16,Australia,1987,436636339.43293834,USD (1),cf,1987,941941628.9548414
16,Australia,1988,506688232.1637581,USD (1),cf,1988,1050236417.5707178
16,Australia,1989,530264481.2418387,USD (1),cf,1989,1048493213.485876
16,Australia,1990,519693878.7825701,USD (1),cf,1990,974963814.2335671
16,Australia,1991,612996264.6585501,USD (1),cf,1991,1103278876.4216635
16,Australia,1992,643485957.1456605,USD (1),cf,1992,1124107445.2766051
16,Australia,1993,610041135.239842,USD (1),cf,1993,1035129129.872631
16,Australia,1994,725321051.6784275,USD (1),cf,1994,1199462937.9005659
16,Australia,1995,749987992.325039,USD (1),cf,1995,1206409783.5527744
16,Australia,1996,650094764.9400606,USD (1),cf,1996,1015944902.1950207
16,Australia,1997,695591486.556056,USD (1),cf,1997,1062214279.0250306
16,Australia,1998,650074497.1424233,USD (1),cf,1998,977532783.8567177
16,Australia,1999,803505371.6074235,USD (1),cf,1999,1182379720.2131593
16,Australia,2000,717012275.3080981,USD (1),cf,2000,1020637341.2799447
16,Australia,2001,714272949.0135635,USD (1),cf,2001,988793040.1834117
16,Australia,2002,679695668.8102301,USD (1),cf,2002,926236103.584351
16,Australia,2003,715536143.9855158,USD (1),cf,2003,953432868.7130408
16,Australia,2004,754935040.6886244,USD (1),cf,2004,979701910.9714754
16,Australia,2005,738739477.6523293,USD (1),cf,2005,927226010.4323791
16,Australia,2006,686887714.5287229,USD (1),cf,2006,835201341.2363256
16,Australia,2007,606348879.4086827,USD (1),cf,2007,716823827.293531
16,Australia,2008,604019569.1565064,USD (1),cf,2008,687669790.7215315
16,Australia,2009,557236492.730613,USD (1),cf,2009,636671422.2546974
16,Australia,2010,568363672.1961849,USD (1),cf,2010,638906455.0563146
16,Australia,2011,574117528.4675848,USD (1),cf,2011,625624480.8218714
16,Australia,2012,551065589.2200484,USD (1),cf,2012,588329906.9071865
16,Australia,2013,557220409.8707997,USD (1),cf,2013,586312434.6252323
16,Australia,2014,611922330.7642158,USD (1),cf,2014,633592022.973339
16,Australia,2015,587671641.3315738,USD (1),cf,2015,607761586.1310016
16,Australia,2016,581058896.8984956,USD (1),cf,2016,593436090.5884856
16,Australia,2017,673953044.0230799,USD (1),cf,2017,673953044.0230799
16,Australia,2018,622207990.6999676,USD (1),cf,2018,609230706.4759561
16,Australia,2019,606475321.7181953,USD (1),cf,2019,579667314.0536032
17,Papua New Guinea,1976,21804858.78189644,USD (1),cf,1976,93919424.20724499
17,Papua New Guinea,1977,19393527.688734993,USD (1),cf,1977,78433660.27377182
17,Papua New Guinea,1978,34403023.852941096,USD (1),cf,1978,129272174.84271312
17,Papua New Guinea,1979,23497621.70739118,USD (1),cf,1979,79362414.63644536
17,Papua New Guinea,1980,39082726.1695599,USD (1),cf,1980,116249669.98741987
17,Papua New Guinea,1981,36573922.423145525,USD (1),cf,1981,98597576.30164523
17,Papua New Guinea,1982,5570805.25056516,USD (1),cf,1982,14150398.568390451
17,Papua New Guinea,1983,3692851.412763331,USD (1),cf,1983,9088255.016149187
17,Papua New Guinea,1984,5245842.633182861,USD (1),cf,1984,12377912.02128689
17,Papua New Guinea,1985,12577074.107994836,USD (1),cf,1985,28660246.342461903
17,Papua New Guinea,1986,11394712.124246413,USD (1),cf,1986,25482251.24092053
17,Papua New Guinea,1987,6808300.737049413,USD (1),cf,1987,14687329.72385989
17,Papua New Guinea,1988,7610132.312216318,USD (1),cf,1988,15773877.484168863
17,Papua New Guinea,1989,11258353.144411435,USD (1),cf,1989,22261168.312269345
17,Papua New Guinea,1990,11065394.230690146,USD (1),cf,1990,20759064.914184634
17,Papua New Guinea,1991,14084892.16058175,USD (1),cf,1991,25350177.306712862
17,Papua New Guinea,1992,14195395.27417025,USD (1),cf,1992,24797976.30257691
17,Papua New Guinea,1993,13096150.72357524,USD (1),cf,1993,22221791.81055642
17,Papua New Guinea,1994,15515497.389895586,USD (1),cf,1994,25657967.653369065
17,Papua New Guinea,1995,28493156.97331097,USD (1),cf,1995,45833298.2510068
17,Papua New Guinea,1996,26176144.00177405,USD (1),cf,1996,40907143.83798655
17,Papua New Guinea,1997,42310906.62073837,USD (1),cf,1997,64611557.27129667
17,Papua New Guinea,1998,74199911.4584698,USD (1),cf,1998,111576206.00216977
17,Papua New Guinea,1999,56314147.26583995,USD (1),cf,1999,82867779.15998603
17,Papua New Guinea,2000,84854092.64555976,USD (1),cf,2000,120786294.0383722
17,Papua New Guinea,2001,102130640.92037152,USD (1),cf,2001,141383020.41397464
17,Papua New Guinea,2002,121244370.69248632,USD (1),cf,2002,165222346.77222788
17,Papua New Guinea,2003,131266758.93961976,USD (1),cf,2003,174909462.77760398
17,Papua New Guinea,2004,201630614.6349744,USD (1),cf,2004,261662113.72047406
17,Papua New Guinea,2005,207160923.772008,USD (1),cf,2005,260017235.67967427
17,Papua New Guinea,2006,204313532.91911608,USD (1),cf,2006,248429158.24147022
17,Papua New Guinea,2007,213876688.935338,USD (1),cf,2007,252844380.41842878
17,Papua New Guinea,2008,318747670.0716139,USD (1),cf,2008,362890798.18592393
17,Papua New Guinea,2009,319087761.3111198,USD (1),cf,2009,364574218.43014437
17,Papua New Guinea,2010,266324496.3149908,USD (1),cf,2010,299379513.7852082
17,Papua New Guinea,2011,283714172.8578956,USD (1),cf,2011,309167589.02972484
17,Papua New Guinea,2012,413077823.9483403,USD (1),cf,2012,441011092.8046106
17,Papua New Guinea,2013,270433960.3056404,USD (1),cf,2013,284553097.59545207
17,Papua New Guinea,2014,239800755.5933267,USD (1),cf,2014,248292696.97865394
17,Papua New Guinea,2015,235200422.70908493,USD (1),cf,2015,243240905.14298475
17,Papua New Guinea,2016,406998559.1174626,USD (1),cf,2016,415668076.13997483
17,Papua New Guinea,2017,480809744.1564141,USD (1),cf,2017,480809744.1564141
17,Papua New Guinea,2018,463928265.4802357,USD (1),cf,2018,454252194.0528714
17,Papua New Guinea,2019,363334484.2514487,USD (1),cf,2019,347274022.6138202
18,Fiji,1976,3286901.846303037,USD (1),cf,1976,14157575.24129504
18,Fiji,1977,4414046.41652528,USD (1),cf,1977,17851822.66078928
18,Fiji,1978,5551383.177428048,USD (1),cf,1978,20859776.158020027
18,Fiji,1979,15351850.609505575,USD (1),cf,1979,51850351.01340118
18,Fiji,1980,21082206.36737614,USD (1),cf,1980,62707998.46923155
18,Fiji,1981,23881693.83940095,USD (1),cf,1981,64381312.5455947
18,Fiji,1982,22802498.38998046,USD (1),cf,1982,57920610.40736807
18,Fiji,1983,20775534.03731964,USD (1),cf,1983,51129420.14814533
18,Fiji,1984,21104070.30353538,USD (1),cf,1984,49796447.1629068
18,Fiji,1985,21259207.49723047,USD (1),cf,1985,48444822.594217665
18,Fiji,1986,27629120.561010517,USD (1),cf,1986,61787624.29664414
18,Fiji,1987,27844953.485927396,USD (1),cf,1987,60069028.791257
18,Fiji,1988,33207525.579127803,USD (1),cf,1988,68830792.75727004
18,Fiji,1989,35087054.043027975,USD (1),cf,1989,69377714.98323075
18,Fiji,1990,45428009.507814944,USD (1),cf,1990,85224527.80573998
18,Fiji,1991,43572489.86179852,USD (1),cf,1991,78422350.06831026
18,Fiji,1992,41619068.34777045,USD (1),cf,1992,72704468.64563742
18,Fiji,1993,44272634.27156354,USD (1),cf,1993,75122628.20223626
18,Fiji,1994,54433249.3872008,USD (1),cf,1994,90016228.09424923
18,Fiji,1995,57072321.21839827,USD (1),cf,1995,91804945.4025153
18,Fiji,1996,45734318.20845137,USD (1),cf,1996,71471960.62027213
18,Fiji,1997,46104881.7044932,USD (1),cf,1997,70405208.55386567
18,Fiji,1998,44155187.297839,USD (1),cf,1998,66397225.78059362
18,Fiji,1999,62155723.73908989,USD (1),cf,1999,91463815.72689481
18,Fiji,2000,60774069.27227604,USD (1),cf,2000,86509375.94362053
18,Fiji,2001,61439641.62800123,USD (1),cf,2001,85053046.06177521
18,Fiji,2002,43265413.511719525,USD (1),cf,2002,58958722.07220054
18,Fiji,2003,29753176.00354411,USD (1),cf,2003,39645315.17915508
18,Fiji,2004,49044570.7400618,USD (1),cf,2004,63646614.72460682
18,Fiji,2005,48917280.80805023,USD (1),cf,2005,61398336.62198733
18,Fiji,2006,54892711.40162227,USD (1),cf,2006,66745212.087814026
18,Fiji,2007,48458736.720702305,USD (1),cf,2007,57287773.26317259
18,Fiji,2008,58689942.775547504,USD (1),cf,2008,66817869.36519268
18,Fiji,2009,68993567.28250058,USD (1),cf,2009,78828707.70527628
18,Fiji,2010,55062826.87551863,USD (1),cf,2010,61896981.1854441
18,Fiji,2011,73058353.46209241,USD (1),cf,2011,79612783.42506312
18,Fiji,2012,66297914.36808031,USD (1),cf,2012,70781131.23252563
18,Fiji,2013,60768119.23536542,USD (1),cf,2013,63940773.355277285
18,Fiji,2014,64038375.53965833,USD (1),cf,2014,66306133.746461436
18,Fiji,2015,59819056.18791899,USD (1),cf,2015,61864010.29536265
18,Fiji,2016,67753719.20127955,USD (1),cf,2016,69196947.95183757
18,Fiji,2017,81099811.8374881,USD (1),cf,2017,81099811.8374881
18,Fiji,2018,72635766.43522777,USD (1),cf,2018,71120814.84356073
18,Fiji,2019,71168848.25180572,USD (1),cf,2019,68022974.11465307
19,Tuvalu,1976,22.0013185809442,USD (1),cf,1976,94.76562969708546
19,Tuvalu,1977,27.653689046400803,USD (1),cf,1977,111.84040813996974
19,Tuvalu,1978,25235.58680748632,USD (1),cf,1978,94824.7806350007
19,Tuvalu,1979,33196.7788172777,USD (1),cf,1979,112120.98645125658
19,Tuvalu,1980,52351.85460852735,USD (1),cf,1980,155718.04779091288
19,Tuvalu,1981,61413.70549389211,USD (1),cf,1981,165561.74761197565
19,Tuvalu,1982,243556.92949908896,USD (1),cf,1982,618658.788360236
19,Tuvalu,1983,392716.36635005026,USD (1),cf,1983,966490.6836135042
19,Tuvalu,1984,431334.52446634136,USD (1),cf,1984,1017762.2869995616
19,Tuvalu,1985,81766.09352775879,USD (1),cf,1985,186326.03758585636
19,Tuvalu,1986,314174.17678116134,USD (1),cf,1986,702594.7842167536
19,Tuvalu,1987,548680.2721431293,USD (1),cf,1987,1183650.4263229386
19,Tuvalu,1988,804805.1150063623,USD (1),cf,1988,1668157.2358951042
19,Tuvalu,1989,247055.00283400263,USD (1),cf,1989,488502.44169201073
19,Tuvalu,1990,264920.64260790264,USD (1),cf,1990,497000.3510360205
19,Tuvalu,1991,280511.8735219841,USD (1),cf,1991,504869.02202358085
19,Tuvalu,1992,263579.374062735,USD (1),cf,1992,460447.55680379004
19,Tuvalu,1993,1355745.602489074,USD (1),cf,1993,2300454.3214637735
19,Tuvalu,1994,471162.02041897346,USD (1),cf,1994,779160.3179463001
19,Tuvalu,1995,288616.0368867593,USD (1),cf,1995,464259.7136935391
19,Tuvalu,1996,270710.2279474593,USD (1),cf,1996,423056.28484891896
19,Tuvalu,1997,346228.296311931,USD (1),cf,1997,528713.5441606714
19,Tuvalu,1998,332404.2160746257,USD (1),cf,1998,499844.2795917732
19,Tuvalu,1999,275866.2871384227,USD (1),cf,1999,405944.6457096439
19,Tuvalu,2000,231075.31247522836,USD (1),cf,2000,328926.157448013
19,Tuvalu,2001,262116.8036751453,USD (1),cf,2001,362857.4644287471
19,Tuvalu,2002,320792.69069113414,USD (1),cf,2002,437151.19209778885
19,Tuvalu,2003,810099.5048606606,USD (1),cf,2003,1079436.0303872342
19,Tuvalu,2004,1960879.439458744,USD (1),cf,2004,2544692.232420514
19,Tuvalu,2005,2125154.4714794755,USD (1),cf,2005,2667379.450743006
19,Tuvalu,2006,2464791.8922316027,USD (1),cf,2006,2996992.740906233
19,Tuvalu,2007,3022983.7844090196,USD (1),cf,2007,3573762.366477173
19,Tuvalu,2008,5352304.61583373,USD (1),cf,2008,6093541.307259517
19,Tuvalu,2009,5554596.144057314,USD (1),cf,2009,6346412.471584249
19,Tuvalu,2010,13105359.063326703,USD (1),cf,2010,14731938.213144673
19,Tuvalu,2011,17416147.968820546,USD (1),cf,2011,18978637.631903343
19,Tuvalu,2012,32385958.925780524,USD (1),cf,2012,34575971.66767754
19,Tuvalu,2013,14210795.778126672,USD (1),cf,2013,14952729.876795648
19,Tuvalu,2014,6959685.51053951,USD (1),cf,2014,7206145.290324531
19,Tuvalu,2015,6458558.111538433,USD (1),cf,2015,6679348.203860575
19,Tuvalu,2016,10159343.405244645,USD (1),cf,2016,10375748.595425911
19,Tuvalu,2017,11469323.546182092,USD (1),cf,2017,11469323.546182092
19,Tuvalu,2018,19253486.837921903,USD (1),cf,2018,18851920.199862666
19,Tuvalu,2019,11049991.031658417,USD (1),cf,2019,10561548.660365988
20,South Korea,1976,1067667306.177726,USD (1),cf,1976,4598731853.487893
20,South Korea,1977,1078939510.321578,USD (1),cf,1977,4363578218.81308
20,South Korea,1978,1337833065.1707418,USD (1),cf,1978,5027017120.657259
20,South Korea,1979,1365375727.7543852,USD (1),cf,1979,4611509879.167787
20,South Korea,1980,1468659269.0279765,USD (1),cf,1980,4368455634.536666
20,South Korea,1981,1531505791.6076512,USD (1),cf,1981,4128700154.0990324
20,South Korea,1982,1488183140.8824728,USD (1),cf,1982,3780132968.049775
20,South Korea,1983,1400626970.0252304,USD (1),cf,1983,3446998988.93588
20,South Korea,1984,1690576602.764032,USD (1),cf,1984,3989027105.367578
20,South Korea,1985,1981852576.0285444,USD (1),cf,1985,4516184174.13273
20,South Korea,1986,2794218657.621065,USD (1),cf,1986,6248774087.417033
20,South Korea,1987,2263332636.6805563,USD (1),cf,1987,4882615206.581943
20,South Korea,1988,2058126299.248937,USD (1),cf,1988,4265974724.142981
20,South Korea,1989,2288768646.283076,USD (1),cf,1989,4525587660.042797
20,South Korea,1990,2390900055.891833,USD (1),cf,1990,4485411764.718538
20,South Korea,1991,2400989554.01439,USD (1),cf,1991,4321333114.36843
20,South Korea,1992,3039698113.61627,USD (1),cf,1992,5310057263.82283
20,South Korea,1993,3062288813.328045,USD (1),cf,1993,5196148540.889289
20,South Korea,1994,3312566162.011215,USD (1),cf,1994,5477988445.918629
20,South Korea,1995,3177653604.1712203,USD (1),cf,1995,5111485031.8196335
20,South Korea,1996,3020876761.2601867,USD (1),cf,1996,4720918412.63275
20,South Korea,1997,2641462130.025541,USD (1),cf,1997,4033687654.673285
20,South Korea,1998,2225860510.5031805,USD (1),cf,1998,3347080420.5878677
20,South Korea,1999,2554682564.7156415,USD (1),cf,1999,3759283961.050758
20,South Korea,2000,2028439232.120421,USD (1),cf,2000,2887399415.7627454
20,South Korea,2001,2107331157.7822397,USD (1),cf,2001,2917252270.374251
20,South Korea,2002,1787991619.865837,USD (1),cf,2002,2436535154.2182417
20,South Korea,2003,1777246050.5074012,USD (1),cf,2003,2368133063.000789
20,South Korea,2004,1807001457.8936317,USD (1),cf,2004,2345000147.04816
20,South Korea,2005,1904731223.8841195,USD (1),cf,2005,2390716060.3906927
20,South Korea,2006,2075265073.551067,USD (1),cf,2006,2523358820.0655975
20,South Korea,2007,2344728379.0400496,USD (1),cf,2007,2771930859.7821374
20,South Korea,2008,2829754927.746862,USD (1),cf,2008,3221645586.208977
20,South Korea,2009,2936130046.291366,USD (1),cf,2009,3354679955.2497754
20,South Korea,2010,2832136623.9549465,USD (1),cf,2010,3183648883.9167576
20,South Korea,2011,2873805387.1025443,USD (1),cf,2011,3131628828.835939
20,South Korea,2012,2857964639.163966,USD (1),cf,2012,3051226755.935126
20,South Korea,2013,3039720627.017765,USD (1),cf,2013,3198421970.6176248
20,South Korea,2014,3278716738.192784,USD (1),cf,2014,3394824255.4144654
20,South Korea,2015,2754752460.051351,USD (1),cf,2015,2848925499.8344536
20,South Korea,2016,2679473455.4811854,USD (1),cf,2016,2736549187.601799
20,South Korea,2017,3059062107.255658,USD (1),cf,2017,3059062107.255658
20,South Korea,2018,3277941297.586444,USD (1),cf,2018,3209573844.059289
20,South Korea,2019,3202089657.988113,USD (1),cf,2019,3060547799.6139584
21,North Korea,1976,129147740.07014246,USD (1),cf,1976,556274246.3218917
21,North Korea,1977,157349490.67402056,USD (1),cf,1977,636371922.3164278
21,North Korea,1978,283900351.5842211,USD (1),cf,1978,1066778782.1437579
21,North Korea,1979,286820168.9812793,USD (1),cf,1979,968725322.9388568
21,North Korea,1980,279209891.24547917,USD (1),cf,1980,830496254.8848686
21,North Korea,1981,338457754.72189426,USD (1),cf,1981,912429186.8393325
21,North Korea,1982,286976267.77278996,USD (1),cf,1982,728948219.5131754
21,North Korea,1983,206485726.68660653,USD (1),cf,1983,508169631.42270625
21,North Korea,1984,211298933.08887732,USD (1),cf,1984,498573782.4885947
21,North Korea,1985,184188426.55699417,USD (1),cf,1985,419722873.0009859
21,North Korea,1986,237981874.9104738,USD (1),cf,1986,532204224.3041815
21,North Korea,1987,342692435.37483126,USD (1),cf,1987,739279445.2854916
21,North Korea,1988,319357338.3854461,USD (1),cf,1988,661946904.822631
21,North Korea,1989,316849117.3009265,USD (1),cf,1989,626506509.376211
21,North Korea,1990,210121927.3066337,USD (1),cf,1990,394196052.839587
21,North Korea,1991,188900236.6494423,USD (1),cf,1991,339985172.605368
21,North Korea,1992,209609666.4385928,USD (1),cf,1992,366167721.3450545
21,North Korea,1993,190719501.97405428,USD (1),cf,1993,323616393.59045434
21,North Korea,1994,326399707.15456754,USD (1),cf,1994,539766977.3509845
21,North Korea,1995,304261188.73090816,USD (1),cf,1995,489426068.9460241
21,North Korea,1996,187575631.81563985,USD (1),cf,1996,293136504.39360154
21,North Korea,1997,199333089.97418377,USD (1),cf,1997,304394833.0953243
21,North Korea,1998,156950298.3878993,USD (1),cf,1998,236009969.29533818
21,North Korea,1999,182761421.20132175,USD (1),cf,1999,268938336.5707691
21,North Korea,2000,174224341.3068801,USD (1),cf,2000,248001149.5218754
21,North Korea,2001,180260490.49928677,USD (1),cf,2001,249540905.4366388
21,North Korea,2002,177808820.61785552,USD (1),cf,2002,242303955.6516481
21,North Korea,2003,182102281.39942497,USD (1),cf,2003,242646443.52802628
21,North Korea,2004,173311852.9829471,USD (1),cf,2004,224912004.8878918
21,North Korea,2005,150778268.77356827,USD (1),cf,2005,189248763.39235374
21,North Korea,2006,168896203.92058718,USD (1),cf,2006,205364476.69759524
21,North Korea,2007,162243438.00625104,USD (1),cf,2007,191803705.97587058
21,North Korea,2008,177339033.89038342,USD (1),cf,2008,201898584.99528205
21,North Korea,2009,185544774.1127948,USD (1),cf,2009,211994470.51187328
21,North Korea,2010,198131935.9392597,USD (1),cf,2010,222723194.7025325
21,North Korea,2011,201809255.35734555,USD (1),cf,2011,219914572.09987685
21,North Korea,2012,208075743.11274585,USD (1),cf,2012,222146301.58349892
21,North Korea,2013,273830682.50708073,USD (1),cf,2013,288127159.9025629
21,North Korea,2014,293691075.4728298,USD (1),cf,2014,304091407.16543937
21,North Korea,2015,263061794.24381593,USD (1),cf,2015,272054736.1411345
21,North Korea,2016,286000125.59910816,USD (1),cf,2016,292092242.8849743
21,North Korea,2017,295673199.4764424,USD (1),cf,2017,295673199.4764424
21,North Korea,2018,321739631.5445043,USD (1),cf,2018,315029163.81170535
21,North Korea,2019,314390813.2438314,USD (1),cf,2019,300493807.0025218
24,Cambodia,1976,2659399.4678332605,USD (1),cf,1976,11454752.780298922
24,Cambodia,1977,3325054.573235197,USD (1),cf,1977,13447589.575999007
24,Cambodia,1978,3846572.9737346256,USD (1),cf,1978,14453812.436123036
24,Cambodia,1979,3003175.993380917,USD (1),cf,1979,10143124.328959018
24,Cambodia,1980,456808.6467901752,USD (1),cf,1980,1358755.12384595
24,Cambodia,1981,302217.8202282673,USD (1),cf,1981,814731.9897746622
24,Cambodia,1982,977633.5516574656,USD (1),cf,1982,2483286.3091706214
24,Cambodia,1983,3290213.242710527,USD (1),cf,1983,8097346.3768174695
24,Cambodia,1984,2434262.7616724507,USD (1),cf,1984,5743803.695154828
24,Cambodia,1985,3124429.2422732473,USD (1),cf,1985,7119852.438988239
24,Cambodia,1986,3197855.9340977455,USD (1),cf,1986,7151437.215473891
24,Cambodia,1987,9793425.547109,USD (1),cf,1987,21127044.132130977
24,Cambodia,1988,11490448.126144793,USD (1),cf,1988,23816789.714556232
24,Cambodia,1989,12913600.838187024,USD (1),cf,1989,25534093.493864402
24,Cambodia,1990,20993005.11497067,USD (1),cf,1990,39383608.64873639
24,Cambodia,1991,23780313.582985148,USD (1),cf,1991,42800126.46635746
24,Cambodia,1992,23735448.63238843,USD (1),cf,1992,41463522.596513554
24,Cambodia,1993,22225972.13980721,USD (1),cf,1993,37713442.37730248
24,Cambodia,1994,23744944.249129903,USD (1),cf,1994,39266998.418754965
24,Cambodia,1995,23804831.724343337,USD (1),cf,1995,38291788.91124024
24,Cambodia,1996,22562777.679326385,USD (1),cf,1996,35260303.88013465
24,Cambodia,1997,20702315.37909325,USD (1),cf,1997,31613806.996730965
24,Cambodia,1998,20557582.84764328,USD (1),cf,1998,30912935.79237138
24,Cambodia,1999,26834046.264817987,USD (1),cf,1999,39487019.298091434
24,Cambodia,2000,23597568.42804777,USD (1),cf,2000,33590163.41906444
24,Cambodia,2001,28684183.868907597,USD (1),cf,2001,39708519.56816656
24,Cambodia,2002,35822626.09204686,USD (1),cf,2002,48816273.42092192
24,Cambodia,2003,46965682.21603441,USD (1),cf,2003,62580521.61681599
24,Cambodia,2004,48988376.45351701,USD (1),cf,2004,63573689.70861685
24,Cambodia,2005,47770813.06715152,USD (1),cf,2005,59959352.05213437
24,Cambodia,2006,62722966.29543378,USD (1),cf,2006,76266185.0957833
24,Cambodia,2007,93213414.1863955,USD (1),cf,2007,110196618.78051181
24,Cambodia,2008,82689011.94590712,USD (1),cf,2008,94140551.80235156
24,Cambodia,2009,83102001.91741118,USD (1),cf,2009,94948321.660887
24,Cambodia,2010,92132658.49458592,USD (1),cf,2010,103567756.1977809
24,Cambodia,2011,90576666.75549118,USD (1),cf,2011,98702752.14333452
24,Cambodia,2012,104928209.45299688,USD (1),cf,2012,112023695.37679258
24,Cambodia,2013,187892097.69941363,USD (1),cf,2013,197701791.4231253
24,Cambodia,2014,219031636.46443343,USD (1),cf,2014,226788091.6673629
24,Cambodia,2015,191379240.29120895,USD (1),cf,2015,197921666.5421934
24,Cambodia,2016,204115505.60485235,USD (1),cf,2016,208463390.40876207
24,Cambodia,2017,201433305.528197,USD (1),cf,2017,201433305.528197
24,Cambodia,2018,216416773.64633015,USD (1),cf,2018,211903006.5066756
24,Cambodia,2019,206838827.71295092,USD (1),cf,2019,197695938.16724807
25,Thailand,1976,620983865.1513677,USD (1),cf,1976,2674745461.1092615
25,Thailand,1977,1282585731.9783216,USD (1),cf,1977,5187189003.907131
25,Thailand,1978,1392990600.260172,USD (1),cf,1978,5234276068.314103
25,Thailand,1979,1244399634.81575,USD (1),cf,1979,4202917257.818659
25,Thailand,1980,1326753495.8938062,USD (1),cf,1980,3946363807.4571753
25,Thailand,1981,1457924383.0560808,USD (1),cf,1981,3930336181.5365825
25,Thailand,1982,1305456806.015962,USD (1),cf,1982,3315989931.0911603
25,Thailand,1983,1434047737.1075604,USD (1),cf,1983,3529248833.3324776
25,Thailand,1984,1420024753.765638,USD (1),cf,1984,3350642155.9382577
25,Thailand,1985,1613361666.4287288,USD (1),cf,1985,3676478519.748832
25,Thailand,1986,2302019934.885202,USD (1),cf,1986,5148059003.397749
25,Thailand,1987,1936227526.7040737,USD (1),cf,1987,4176961800.521307
25,Thailand,1988,1955676152.069754,USD (1),cf,1988,4053621508.254037
25,Thailand,1989,2257883812.0019507,USD (1),cf,1989,4464519004.138185
25,Thailand,1990,2282547201.0027046,USD (1),cf,1990,4282138035.7046967
25,Thailand,1991,2656604269.3363223,USD (1),cf,1991,4781391898.045215
25,Thailand,1992,3082720694.117996,USD (1),cf,1992,5385213531.834527
25,Thailand,1993,3076429769.7839603,USD (1),cf,1993,5220143178.473889
25,Thailand,1994,3559948992.679491,USD (1),cf,1994,5887085267.488731
25,Thailand,1995,3992592258.2878065,USD (1),cf,1995,6422372639.864818
25,Thailand,1996,3626731412.0853887,USD (1),cf,1996,5667726443.049298
25,Thailand,1997,3264618046.053383,USD (1),cf,1997,4985288019.049443
25,Thailand,1998,3110515300.2105513,USD (1),cf,1998,4677357278.296013
25,Thailand,1999,2885890821.670657,USD (1),cf,1999,4246665800.7108097
25,Thailand,2000,2728460259.4243307,USD (1),cf,2000,3883850417.721552
25,Thailand,2001,2492852820.995071,USD (1),cf,2001,3450943400.566474
25,Thailand,2002,2538647835.7165585,USD (1),cf,2002,3459470742.020358
25,Thailand,2003,2631092417.119185,USD (1),cf,2003,3505860622.400442
25,Thailand,2004,2695482362.449544,USD (1),cf,2004,3498008542.659394
25,Thailand,2005,2727007610.8738313,USD (1),cf,2005,3422793100.8707795
25,Thailand,2006,2546281825.6099806,USD (1),cf,2006,3096078079.3324366
25,Thailand,2007,2386278410.391091,USD (1),cf,2007,2821051182.2708426
25,Thailand,2008,1808680941.848484,USD (1),cf,2008,2059163822.2911568
25,Thailand,2009,1906343401.6612785,USD (1),cf,2009,2178095621.293587
25,Thailand,2010,1928596870.385452,USD (1),cf,2010,2167965776.083855
25,Thailand,2011,1855000185.617658,USD (1),cf,2011,2021421521.7382047
25,Thailand,2012,1862720125.8234863,USD (1),cf,2012,1988681528.4019997
25,Thailand,2013,2501693306.843963,USD (1),cf,2013,2632304681.304526
25,Thailand,2014,2510465001.406689,USD (1),cf,2014,2599366813.2008734
25,Thailand,2015,2064707200.8181827,USD (1),cf,2015,2135290585.7802873
25,Thailand,2016,2273635899.7437725,USD (1),cf,2016,2322066845.491015
25,Thailand,2017,2652421994.9945636,USD (1),cf,2017,2652421994.9945636
25,Thailand,2018,2740684770.3903737,USD (1),cf,2018,2683522783.1362977
25,Thailand,2019,2890903109.8407154,USD (1),cf,2019,2763116619.688666
28,Comoro Islands,1976,1976037.809279664,USD (1),cf,1976,8511329.292046469
28,Comoro Islands,1977,2984161.472954915,USD (1),cf,1977,12068908.29396555
28,Comoro Islands,1978,3358661.8997400487,USD (1),cf,1978,12620446.685056046
28,Comoro Islands,1979,4558056.833317584,USD (1),cf,1979,15394681.251015646
28,Comoro Islands,1980,6246467.333887836,USD (1),cf,1980,18579813.57291372
28,Comoro Islands,1981,6641868.484009895,USD (1),cf,1981,17905438.937094357
28,Comoro Islands,1982,6112864.842011069,USD (1),cf,1982,15527283.76214235
28,Comoro Islands,1983,6591370.737823112,USD (1),cf,1983,16221626.996493245
28,Comoro Islands,1984,6982777.827615045,USD (1),cf,1984,16476325.28426991
28,Comoro Islands,1985,6798323.021672025,USD (1),cf,1985,15491807.621050412
28,Comoro Islands,1986,7500826.298971581,USD (1),cf,1986,16774266.71080019
28,Comoro Islands,1987,9315975.578054473,USD (1),cf,1987,20097056.563575126
28,Comoro Islands,1988,10519072.684076456,USD (1),cf,1988,21803374.364376344
28,Comoro Islands,1989,11540453.104225984,USD (1),cf,1989,22818965.23032333
28,Comoro Islands,1990,10745729.735198554,USD (1),cf,1990,20159363.188758068
28,Comoro Islands,1991,11204969.508013578,USD (1),cf,1991,20166853.995474488
28,Comoro Islands,1992,12473978.815138018,USD (1),cf,1992,21790829.00350726
28,Comoro Islands,1993,14652493.95193492,USD (1),cf,1993,24862623.909725823
28,Comoro Islands,1994,16171419.75817498,USD (1),cf,1994,26742666.034962308
28,Comoro Islands,1995,15619332.31425363,USD (1),cf,1995,25124822.6762423
28,Comoro Islands,1996,15566022.15382207,USD (1),cf,1996,24326024.000652235
28,Comoro Islands,1997,13556754.314851,USD (1),cf,1997,20702061.898091465
28,Comoro Islands,1998,12178015.927333727,USD (1),cf,1998,18312377.83304377
28,Comoro Islands,1999,12519223.15212666,USD (1),cf,1999,18422372.881322585
28,Comoro Islands,2000,12070812.21614528,USD (1),cf,2000,17182302.32820235
28,Comoro Islands,2001,10843346.154969878,USD (1),cf,2001,15010823.55861439
28,Comoro Islands,2002,10525030.86256218,USD (1),cf,2002,14342688.976243047
28,Comoro Islands,2003,10236388.069121186,USD (1),cf,2003,13639714.672749944
28,Comoro Islands,2004,10389283.258573793,USD (1),cf,2004,13482485.39737185
28,Comoro Islands,2005,10481132.61854188,USD (1),cf,2005,13155353.242509387
28,Comoro Islands,2006,10243739.44749719,USD (1),cf,2006,12455580.067690017
28,Comoro Islands,2007,13784605.375716988,USD (1),cf,2007,16296119.146436965
28,Comoro Islands,2008,27462518.479340363,USD (1),cf,2008,31265782.26885375
28,Comoro Islands,2009,40933461.64395512,USD (1),cf,2009,46768590.325012796
28,Comoro Islands,2010,51806173.2538067,USD (1),cf,2010,58236126.133335724
28,Comoro Islands,2011,37389692.47680009,USD (1),cf,2011,40744108.62584945
28,Comoro Islands,2012,32840273.629853543,USD (1),cf,2012,35061008.1729185
28,Comoro Islands,2013,62688006.140987545,USD (1),cf,2013,65960895.995977774
28,Comoro Islands,2014,9772671.920464065,USD (1),cf,2014,10118746.547799075
28,Comoro Islands,2015,12898575.740349855,USD (1),cf,2015,13339522.106296174
28,Comoro Islands,2016,30472153.575659387,USD (1),cf,2016,31121243.967305083
28,Comoro Islands,2017,30301458.14844681,USD (1),cf,2017,30301458.14844681
28,Comoro Islands,2018,24504169.56056196,USD (1),cf,2018,23993090.342979033
28,Comoro Islands,2019,30381395.82584817,USD (1),cf,2019,29038448.037217792
29,Mayotte,1976,110006.592904721,USD (1),cf,1976,473828.14848542726
29,Mayotte,1977,138268.44523200401,USD (1),cf,1977,559202.0406998487
29,Mayotte,1978,189266.9010561474,USD (1),cf,1978,711185.8547625053
29,Mayotte,1979,199180.67290366621,USD (1),cf,1979,672725.9187075396
29,Mayotte,1980,258967.17413018196,USD (1),cf,1980,770285.2764057157
29,Mayotte,1981,176052.62241582404,USD (1),cf,1981,474610.34315433016
29,Mayotte,1982,120530.0324645718,USD (1),cf,1982,306158.2521955337
29,Mayotte,1983,145969.29132484703,USD (1),cf,1983,359236.2637450648
29,Mayotte,1984,158717.38248157717,USD (1),cf,1984,374504.1424191386
29,Mayotte,1985,200094.30207086424,USD (1),cf,1985,455968.6887293253
29,Mayotte,1986,254510.5301615784,USD (1),cf,1986,569167.6281348916
29,Mayotte,1987,440451.0380813928,USD (1),cf,1987,950170.9565082089
29,Mayotte,1988,427167.887073781,USD (1),cf,1988,885410.8758472754
29,Mayotte,1989,434815.68227812223,USD (1),cf,1989,859762.0774413482
29,Mayotte,1990,697867.8446208368,USD (1),cf,1990,1309224.378813886
29,Mayotte,1991,687210.1797742159,USD (1),cf,1991,1236850.0735141486
29,Mayotte,1992,574951.6439399457,USD (1),cf,1992,1004384.658981171
29,Mayotte,1993,218469.720508679,USD (1),cf,1993,370703.4798641168
29,Mayotte,1994,310907.325128001,USD (1),cf,1994,514147.23555848777
29,Mayotte,1995,1113029.2909314148,USD (1),cf,1995,1790387.8991418842
29,Mayotte,1996,1487134.4766813703,USD (1),cf,1996,2324040.6967470343
29,Mayotte,1997,2115588.5415644767,USD (1),cf,1997,3230643.848902871
29,Mayotte,1998,3934159.239388032,USD (1),cf,1998,5915890.640718442
29,Mayotte,1999,3720046.341159256,USD (1),cf,1999,5474148.036173789
29,Mayotte,2000,2073463.0860583023,USD (1),cf,2000,2951489.0111013884
29,Mayotte,2001,8600863.065735936,USD (1),cf,2001,11906475.739722801
29,Mayotte,2002,4212283.896589608,USD (1),cf,2002,5740171.083328731
29,Mayotte,2003,2236297.590308761,USD (1),cf,2003,2979807.0226726416
29,Mayotte,2004,1915206.2594887284,USD (1),cf,2004,2485420.77291063
29,Mayotte,2005,2181845.3469148804,USD (1),cf,2005,2738534.7847248027
29,Mayotte,2006,3990165.8187976754,USD (1),cf,2006,4851727.251959467
29,Mayotte,2007,12126961.502466949,USD (1),cf,2007,14336457.52939638
29,Mayotte,2008,20295279.26297057,USD (1),cf,2008,23105957.416068055
29,Mayotte,2009,25624527.499764018,USD (1),cf,2009,29277343.786180023
29,Mayotte,2010,28957116.22579112,USD (1),cf,2010,32551145.299251024
29,Mayotte,2011,56733087.96751135,USD (1),cf,2011,61822896.78532232
29,Mayotte,2012,62271035.17862069,USD (1),cf,2012,66481945.246308595
29,Mayotte,2013,37830441.998798124,USD (1),cf,2013,39805538.63130545
29,Mayotte,2014,2538197.0647533843,USD (1),cf,2014,2628080.937908683
29,Mayotte,2015,988107.264619766,USD (1),cf,2015,1021886.3667679406
29,Mayotte,2016,1310032.4688998908,USD (1),cf,2016,1337937.6015711187
29,Mayotte,2017,2071625.0286881423,USD (1),cf,2017,2071625.0286881423
29,Mayotte,2018,1914700.744266137,USD (1),cf,2018,1874766.1626894602
29,Mayotte,2019,2099445.8624913567,USD (1),cf,2019,2006644.1296630313
31,Seychelles,1976,2512055.1898221835,USD (1),cf,1976,10820101.123553406
31,Seychelles,1977,2806741.6908299346,USD (1),cf,1977,11351365.661166443
31,Seychelles,1978,3728867.108327576,USD (1),cf,1978,14011523.023484321
31,Seychelles,1979,3924266.3409997714,USD (1),cf,1979,13254075.513536202
31,Seychelles,1980,5218669.133883701,USD (1),cf,1980,15522677.767039351
31,Seychelles,1981,5100451.028771076,USD (1),cf,1981,13750018.487593492
31,Seychelles,1982,3961206.8580021462,USD (1),cf,1982,10061858.80342621
31,Seychelles,1983,3965607.4665104942,USD (1),cf,1983,9759518.57283743
31,Seychelles,1984,4489535.819035518,USD (1),cf,1984,10593356.162253125
31,Seychelles,1985,4142677.204721762,USD (1),cf,1985,9440204.310250051
31,Seychelles,1986,6161266.225862876,USD (1),cf,1986,13778578.363165043
31,Seychelles,1987,6383481.633632441,USD (1),cf,1987,13770881.04072142
31,Seychelles,1988,6538968.452033717,USD (1),cf,1988,13553626.008532042
31,Seychelles,1989,6753479.565617563,USD (1),cf,1989,13353671.125364557
31,Seychelles,1990,9514880.433142478,USD (1),cf,1990,17850247.035436224
31,Seychelles,1991,11780217.28383979,USD (1),cf,1991,21202192.63678109
31,Seychelles,1992,11803969.213855386,USD (1),cf,1992,20620387.32899201
31,Seychelles,1993,9690438.503293524,USD (1),cf,1993,16442916.053611306
31,Seychelles,1994,9038813.8593828,USD (1),cf,1994,14947480.432042316
31,Seychelles,1995,10622420.567363244,USD (1),cf,1995,17086929.695702795
31,Seychelles,1996,9885943.909621306,USD (1),cf,1996,15449400.39517424
31,Seychelles,1997,20044484.134349145,USD (1),cf,1997,30609255.10835807
31,Seychelles,1998,28784305.539967705,USD (1),cf,1998,43283658.180029124
31,Seychelles,1999,43339792.18647046,USD (1),cf,1999,63775667.43209308
31,Seychelles,2000,40928792.85825506,USD (1),cf,2000,58260445.132124275
31,Seychelles,2001,64977876.61685869,USD (1),cf,2001,89951148.58175355
31,Seychelles,2002,73732998.9748653,USD (1),cf,2002,100477564.90138206
31,Seychelles,2003,86084503.98195083,USD (1),cf,2003,114705310.51875414
31,Seychelles,2004,127789253.75655171,USD (1),cf,2004,165835958.5385172
31,Seychelles,2005,124551995.5109815,USD (1),cf,2005,156330957.50622746
31,Seychelles,2006,104156994.28326446,USD (1),cf,2006,126646698.55714695
31,Seychelles,2007,89319266.86263329,USD (1),cf,2007,105592969.48971687
31,Seychelles,2008,135806501.36174512,USD (1),cf,2008,154614242.88036028
31,Seychelles,2009,163901673.96469665,USD (1),cf,2009,187266112.74447918
31,Seychelles,2010,132108815.0858977,USD (1),cf,2010,148505576.3716836
31,Seychelles,2011,162020229.64634353,USD (1),cf,2011,176555874.06587455
31,Seychelles,2012,160099666.6213418,USD (1),cf,2012,170925972.88195693
31,Seychelles,2013,107711101.01075038,USD (1),cf,2013,113334610.05927664
31,Seychelles,2014,97522991.6712015,USD (1),cf,2014,100976523.44571374
31,Seychelles,2015,135671700.85336095,USD (1),cf,2015,140309727.92373756
31,Seychelles,2016,185366381.63640323,USD (1),cf,2016,189314889.47506243
31,Seychelles,2017,237071514.23737985,USD (1),cf,2017,237071514.23737985
31,Seychelles,2018,230059064.0195288,USD (1),cf,2018,225260761.9939749
31,Seychelles,2019,213375084.727703,USD (1),cf,2019,203943273.23930216
32,Reunion,1976,524509.0255496586,USD (1),cf,1976,2259202.233954695
32,Reunion,1977,286394.4136042478,USD (1),cf,1977,1158271.0738072474
32,Reunion,1978,724894.4066414793,USD (1),cf,1978,2723849.9987218706
32,Reunion,1979,1142310.7368889195,USD (1),cf,1979,3858115.4924341063
32,Reunion,1980,1064852.9787228568,USD (1),cf,1980,3167353.444705904
32,Reunion,1981,1189097.4182504062,USD (1),cf,1981,3205620.7171216067
32,Reunion,1982,1463580.790116408,USD (1),cf,1982,3717640.5538653363
32,Reunion,1983,1251495.4299469583,USD (1),cf,1983,3079980.3045398523
32,Reunion,1984,1214719.402661587,USD (1),cf,1984,2866210.625836585
32,Reunion,1985,821306.8309109235,USD (1),cf,1985,1871568.5297338662
32,Reunion,1986,1209866.6542447745,USD (1),cf,1986,2705652.035374805
32,Reunion,1987,730912.2876294876,USD (1),cf,1987,1576773.7328664786
32,Reunion,1988,1129897.0870528042,USD (1),cf,1988,2341990.584352878
32,Reunion,1989,1067119.087269732,USD (1),cf,1989,2110017.096304952
32,Reunion,1990,725644.857345078,USD (1),cf,1990,1361335.021981517
32,Reunion,1991,747450.2302615497,USD (1),cf,1991,1345270.9221375415
32,Reunion,1992,1059016.8641045538,USD (1),cf,1992,1849999.566259283
32,Reunion,1993,2780992.169622485,USD (1),cf,1993,4718839.1707259985
32,Reunion,1994,4901611.296643056,USD (1),cf,1994,8105791.32194371
32,Reunion,1995,5265482.974407927,USD (1),cf,1995,8469909.172496771
32,Reunion,1996,8319990.606691072,USD (1),cf,1996,13002184.449151186
32,Reunion,1997,8658907.822666407,USD (1),cf,1997,13222725.849530047
32,Reunion,1998,7971900.787521292,USD (1),cf,1998,11987540.5106808
32,Reunion,1999,9057087.864111546,USD (1),cf,1999,13327747.882121652
32,Reunion,2000,9563505.940319518,USD (1),cf,2000,13613255.466300702
32,Reunion,2001,8266591.417622106,USD (1),cf,2001,11443731.798989695
32,Reunion,2002,5142585.2389062205,USD (1),cf,2002,7007913.000788573
32,Reunion,2003,5368861.603852966,USD (1),cf,2003,7153865.201236359
32,Reunion,2004,6874675.517681232,USD (1),cf,2004,8921473.211572714
32,Reunion,2005,9750235.97904905,USD (1),cf,2005,12237971.140189527
32,Reunion,2006,7970207.098452742,USD (1),cf,2006,9691143.862030242
32,Reunion,2007,8926924.829451816,USD (1),cf,2007,10553383.768845586
32,Reunion,2008,9693167.943844758,USD (1),cf,2008,11035567.573879788
32,Reunion,2009,9464934.78165912,USD (1),cf,2009,10814175.969447974
32,Reunion,2010,8878194.325519223,USD (1),cf,2010,9980116.501641272
32,Reunion,2011,11353058.30527103,USD (1),cf,2011,12371597.89727035
32,Reunion,2012,7648411.677777925,USD (1),cf,2012,8165614.798673436
32,Reunion,2013,5099954.495374857,USD (1),cf,2013,5366218.9749195445
32,Reunion,2014,7134636.386573488,USD (1),cf,2014,7387291.612160655
32,Reunion,2015,5487100.954233797,USD (1),cf,2015,5674681.13936859
32,Reunion,2016,7124474.129997002,USD (1),cf,2016,7276233.266148222
32,Reunion,2017,5830963.309375958,USD (1),cf,2017,5830963.309375958
32,Reunion,2018,5702543.1820460865,USD (1),cf,2018,5583606.227234787
32,Reunion,2019,6011137.166158413,USD (1),cf,2019,5745427.07796101
37,Mauritius,1976,4072686.432875986,USD (1),cf,1976,17542161.982261807
37,Mauritius,1977,6718703.437078305,USD (1),cf,1977,27172596.513739083
37,Mauritius,1978,5587488.426909357,USD (1),cf,1978,20995444.58483154
37,Mauritius,1979,6871430.293406471,USD (1),cf,1979,23208021.08747972
37,Mauritius,1980,8357580.766664877,USD (1),cf,1980,24859217.901097097
37,Mauritius,1981,7812486.974203826,USD (1),cf,1981,21061243.35346645
37,Mauritius,1982,10817114.67105776,USD (1),cf,1982,27476545.502990335
37,Mauritius,1983,11334908.775140878,USD (1),cf,1983,27895663.81610317
37,Mauritius,1984,10131493.705666808,USD (1),cf,1984,23905928.275411572
37,Mauritius,1985,11986552.335441748,USD (1),cf,1985,27314583.6448715
37,Mauritius,1986,16164231.566994356,USD (1),cf,1986,36148434.94203762
37,Mauritius,1987,17326365.563509546,USD (1),cf,1987,37377615.02845746
37,Mauritius,1988,22059560.50277637,USD (1),cf,1988,45723883.6921176
37,Mauritius,1989,22671379.30019202,USD (1),cf,1989,44828171.93591044
37,Mauritius,1990,19155806.166703653,USD (1),cf,1990,35936959.44381528
37,Mauritius,1991,26621488.63070458,USD (1),cf,1991,47913711.32011052
37,Mauritius,1992,36210294.68304235,USD (1),cf,1992,63255866.57620546
37,Mauritius,1993,35398862.500265785,USD (1),cf,1993,60065447.429171816
37,Mauritius,1994,39368802.82557765,USD (1),cf,1994,65104162.893828675
37,Mauritius,1995,48719508.97406985,USD (1),cf,1995,78368844.40508765
37,Mauritius,1996,37419230.33329519,USD (1),cf,1996,58477437.98502613
37,Mauritius,1997,34409846.416350484,USD (1),cf,1997,52546114.93805313
37,Mauritius,1998,26205392.74181102,USD (1),cf,1998,39405684.47395785
37,Mauritius,1999,25422555.781396296,USD (1),cf,1999,37409973.167667955
37,Mauritius,2000,21850959.29687049,USD (1),cf,2000,31103937.504544288
37,Mauritius,2001,27085138.286602348,USD (1),cf,2001,37494904.808006525
37,Mauritius,2002,23662913.74163831,USD (1),cf,2002,32245968.349148
37,Mauritius,2003,24399184.561928056,USD (1),cf,2003,32511264.07334764
37,Mauritius,2004,22415254.059709515,USD (1),cf,2004,29088949.450772844
37,Mauritius,2005,24305891.56876472,USD (1),cf,2005,30507446.198664173
37,Mauritius,2006,19897393.55337642,USD (1),cf,2006,24193662.852579806
37,Mauritius,2007,21467190.923157595,USD (1),cf,2007,25378448.746842727
37,Mauritius,2008,15946365.177055707,USD (1),cf,2008,18154765.44806064
37,Mauritius,2009,18443807.268308535,USD (1),cf,2009,21073000.707048655
37,Mauritius,2010,20920227.045693796,USD (1),cf,2010,23516753.013242953
37,Mauritius,2011,14102517.95198715,USD (1),cf,2011,15367725.307991931
37,Mauritius,2012,11577778.677182678,USD (1),cf,2012,12360694.597134322
37,Mauritius,2013,14604208.153812366,USD (1),cf,2013,15366681.992895376
37,Mauritius,2014,23693118.740964204,USD (1),cf,2014,24532151.02460337
37,Mauritius,2015,25367534.99079204,USD (1),cf,2015,26234740.998057958
37,Mauritius,2016,28014745.20697046,USD (1),cf,2016,28611490.09712394
37,Mauritius,2017,47671408.36508921,USD (1),cf,2017,47671408.36508921
37,Mauritius,2018,50207204.09067308,USD (1),cf,2018,49160041.1366187
37,Mauritius,2019,54675186.36527938,USD (1),cf,2019,52258380.99389036
38,British Indian Ocean Territory,1976,22.0013185809442,USD (1),cf,1976,94.76562969708546
38,British Indian Ocean Territory,1977,27.653689046400803,USD (1),cf,1977,111.84040813996974
38,British Indian Ocean Territory,1978,31.544483509357903,USD (1),cf,1978,118.53097579375088
38,British Indian Ocean Territory,1979,33.196778817277696,USD (1),cf,1979,112.12098645125657
38,British Indian Ocean Territory,1980,34.9012364056849,USD (1),cf,1980,103.81203186060858
38,British Indian Ocean Territory,1981,34.1187252743845,USD (1),cf,1981,91.9787486733198
38,British Indian Ocean Territory,1982,28.697626777279,USD (1),cf,1982,72.89482195131755
38,British Indian Ocean Territory,1983,30.4102690260098,USD (1),cf,1983,74.84088828022183
38,British Indian Ocean Territory,1984,28.8577059057413,USD (1),cf,1984,68.0916622580252
38,British Indian Ocean Territory,1985,25.6531156501108,USD (1),cf,1985,58.45752419606735
38,British Indian Ocean Territory,1986,31.8138162701973,USD (1),cf,1986,71.14595351686145
38,British Indian Ocean Territory,1987,36.7042531734494,USD (1),cf,1987,79.18091304235074
38,British Indian Ocean Territory,1988,42.7167887073781,USD (1),cf,1988,88.54108758472755
38,British Indian Ocean Territory,1989,39.528698388920205,USD (1),cf,1989,78.16018885830438
38,British Indian Ocean Territory,1990,43.616740288802305,USD (1),cf,1990,81.82652367586789
38,British Indian Ocean Territory,1991,49.086441412444,USD (1),cf,1991,88.34643382243921
38,British Indian Ocean Territory,1992,52.2683312672678,USD (1),cf,1992,91.30769627101556
38,British Indian Ocean Territory,1993,43.6939441017358,USD (1),cf,1993,74.14069597282337
38,British Indian Ocean Territory,1994,51.8178875213335,USD (1),cf,1994,85.69120592641464
38,British Indian Ocean Territory,1995,52.9669752964727,USD (1),cf,1995,85.20120036157734
38,British Indian Ocean Territory,1996,51.8069332355264,USD (1),cf,1996,80.96202670366627
38,British Indian Ocean Territory,1997,50.798471700515506,USD (1),cf,1997,77.57263140193433
38,British Indian Ocean Territory,1998,49.8142793052313,USD (1),cf,1998,74.90693964939582
38,British Indian Ocean Territory,1999,48.797321296239005,USD (1),cf,1999,71.8065679958992
38,British Indian Ocean Territory,2000,46.7909517166818,USD (1),cf,2000,66.60498599630182
38,British Indian Ocean Territory,2001,45.7671585462085,USD (1),cf,2001,63.3570792537495
38,British Indian Ocean Territory,2002,37401.92109192804,USD (1),cf,2002,50968.41314201319
38,British Indian Ocean Territory,2003,37451.64241559775,USD (1),cf,2003,49903.31678764388
38,British Indian Ocean Territory,2004,36431.3359829145,USD (1),cf,2004,47278.040570415695
38,British Indian Ocean Territory,2005,38953.234231964656,USD (1),cf,2005,48892.001934328575
38,British Indian Ocean Territory,2006,43395.01952807533,USD (1),cf,2006,52764.924668498345
38,British Indian Ocean Territory,2007,47517.92668104676,USD (1),cf,2007,56175.55045501016
38,British Indian Ocean Territory,2008,48350.31032133697,USD (1),cf,2008,55046.30889099521
38,British Indian Ocean Territory,2009,49048.12685740305,USD (1),cf,2009,56040.01369725093
38,British Indian Ocean Territory,2010,95118.84098468118,USD (1),cf,2010,106924.57043878583
38,British Indian Ocean Territory,2011,69585.792964117,USD (1),cf,2011,75828.68217236802
38,British Indian Ocean Territory,2012,26685.58735548107,USD (1),cf,2012,28490.127911696847
38,British Indian Ocean Territory,2013,25186.566998923412,USD (1),cf,2013,26501.537193180568
38,British Indian Ocean Territory,2014,20525.40769546845,USD (1),cf,2014,21252.26344964904
38,British Indian Ocean Territory,2015,25311.67037919457,USD (1),cf,2015,26176.966617663937
38,British Indian Ocean Territory,2016,16313.236265684982,USD (1),cf,2016,16660.726143300995
38,British Indian Ocean Territory,2017,39455.37636037967,USD (1),cf,2017,39455.37636037967
38,British Indian Ocean Territory,2018,22103.991522571338,USD (1),cf,2018,21642.972402339772
39,Maldives,1976,18048377.948551364,USD (1),cf,1976,77739245.26445633
39,Maldives,1977,18204978.99018399,USD (1),cf,1977,73626787.26246649
39,Maldives,1978,18022490.624439187,USD (1),cf,1978,67720982.00037979
39,Maldives,1979,22003481.822407413,USD (1),cf,1979,74316008.21482722
39,Maldives,1980,34043834.633648634,USD (1),cf,1980,101261731.9502744
39,Maldives,1981,36555150.38726467,USD (1),cf,1981,98546969.82803035
39,Maldives,1982,30293755.6204455,USD (1),cf,1982,76949147.7231651
39,Maldives,1983,34327094.889185816,USD (1),cf,1983,84480353.3763155
39,Maldives,1984,38725440.4421015,USD (1),cf,1984,91375233.36019002
39,Maldives,1985,43206051.45389013,USD (1),cf,1985,98456609.82202776
39,Maldives,1986,37910208.217719644,USD (1),cf,1986,84779452.07092546
39,Maldives,1987,43770517.85880042,USD (1),cf,1987,94424740.15254912
39,Maldives,1988,53087335.5185648,USD (1),cf,1988,110036605.41966729
39,Maldives,1989,53587876.93304864,USD (1),cf,1989,105959435.8608242
39,Maldives,1990,54779289.280900106,USD (1),cf,1990,102767854.30573665
39,Maldives,1991,52203499.735581145,USD (1),cf,1991,93956557.08543676
39,Maldives,1992,57526629.72339367,USD (1),cf,1992,100493432.7713687
39,Maldives,1993,73618158.78297289,USD (1),cf,1993,124916659.29033399
39,Maldives,1994,88949518.51478444,USD (1),cf,1994,147095759.25818583
39,Maldives,1995,83838288.36789559,USD (1),cf,1995,134859934.23680478
39,Maldives,1996,90429790.39580716,USD (1),cf,1996,141320449.74651533
39,Maldives,1997,82714142.58040018,USD (1),cf,1997,126309975.07059473
39,Maldives,1998,90501983.16349912,USD (1),cf,1998,136090026.50504947
39,Maldives,1999,80420573.4310366,USD (1),cf,1999,118341032.27281073
39,Maldives,2000,66396364.09018748,USD (1),cf,2000,94512480.25920482
39,Maldives,2001,80601448.76651995,USD (1),cf,2001,111579406.27473119
39,Maldives,2002,107243454.8613014,USD (1),cf,2002,146142993.58348504
39,Maldives,2003,102631569.899083,USD (1),cf,2003,136753835.47275627
39,Maldives,2004,109712640.92516696,USD (1),cf,2004,142377394.31735587
39,Maldives,2005,124520962.89672127,USD (1),cf,2005,156292007.03994775
39,Maldives,2006,127197503.01780756,USD (1),cf,2006,154662141.82513538
39,Maldives,2007,119272710.85894194,USD (1),cf,2007,141003841.17631993
39,Maldives,2008,181680387.27054232,USD (1),cf,2008,206841169.18100822
39,Maldives,2009,158180439.62219343,USD (1),cf,2009,180729307.53984433
39,Maldives,2010,148743593.44481036,USD (1),cf,2010,167204989.77872458
39,Maldives,2011,180600760.225154,USD (1),cf,2011,196803356.89015055
39,Maldives,2012,188509881.4051766,USD (1),cf,2012,201257351.4799995
39,Maldives,2013,154144807.0863824,USD (1),cf,2013,162192582.19311988
39,Maldives,2014,136097876.40228766,USD (1),cf,2014,140917440.82032365
39,Maldives,2015,135600763.05316612,USD (1),cf,2015,140236365.0677975
39,Maldives,2016,168096554.97083083,USD (1),cf,2016,171677196.50407198
39,Maldives,2017,214222990.6146034,USD (1),cf,2017,214222990.6146034
39,Maldives,2018,214731445.52786696,USD (1),cf,2018,210252828.98468646
39,Maldives,2019,177795677.1885043,USD (1),cf,2019,169936581.02067128
40,Sri Lanka,1976,83196133.56229682,USD (1),cf,1976,358348248.82825416
40,Sri Lanka,1977,80369185.5865905,USD (1),cf,1977,325038822.2272693
40,Sri Lanka,1978,90180718.03403234,USD (1),cf,1978,338861420.98931277
40,Sri Lanka,1979,94109513.02827317,USD (1),cf,1979,317851665.4659766
40,Sri Lanka,1980,128183408.51898912,USD (1),cf,1980,381275320.29229754
40,Sri Lanka,1981,165507355.2709304,USD (1),cf,1981,446181951.74718124
40,Sri Lanka,1982,164057245.73048037,USD (1),cf,1982,416721696.54165447
40,Sri Lanka,1983,141139044.56068465,USD (1),cf,1983,347348833.2809216
40,Sri Lanka,1984,120392680.88120614,USD (1),cf,1984,284074478.8126189
40,Sri Lanka,1985,92472911.68835448,USD (1),cf,1985,210724402.68983203
40,Sri Lanka,1986,81723231.18285553,USD (1),cf,1986,182759501.64551267
40,Sri Lanka,1987,95500427.0330448,USD (1),cf,1987,206020020.96805602
40,Sri Lanka,1988,138000822.81011617,USD (1),cf,1988,286040765.4446301
40,Sri Lanka,1989,140846064.91087502,USD (1),cf,1989,278495257.42210275
40,Sri Lanka,1990,148082989.03419667,USD (1),cf,1990,277808844.21825534
40,Sri Lanka,1991,141632968.0285082,USD (1),cf,1991,254912910.30590189
40,Sri Lanka,1992,163451076.76493874,USD (1),cf,1992,285533150.00836086
40,Sri Lanka,1993,196347639.60052085,USD (1),cf,1993,333166322.0584703
40,Sri Lanka,1994,228165899.1747503,USD (1),cf,1994,377317794.8159229
40,Sri Lanka,1995,213587568.41222817,USD (1),cf,1995,343571010.2223685
40,Sri Lanka,1996,221700811.1290738,USD (1),cf,1996,346466116.98196125
40,Sri Lanka,1997,231830708.43434015,USD (1),cf,1997,354020849.2698389
40,Sri Lanka,1998,206753938.6386586,USD (1),cf,1998,310900910.7405569
40,Sri Lanka,1999,240374247.23312804,USD (1),cf,1999,353717156.39110345
40,Sri Lanka,2000,231225375.22765535,USD (1),cf,2000,329139765.5743124
40,Sri Lanka,2001,196358575.0918539,USD (1),cf,2001,271826047.31047994
40,Sri Lanka,2002,206628148.32638663,USD (1),cf,2002,281576681.7106443
40,Sri Lanka,2003,274344386.41265893,USD (1),cf,2003,365556593.54370105
40,Sri Lanka,2004,290599065.20584136,USD (1),cf,2004,377119148.22365874
40,Sri Lanka,2005,198577791.9334922,USD (1),cf,2005,249244150.80686665
40,Sri Lanka,2006,234409887.53688627,USD (1),cf,2006,285023954.17595863
40,Sri Lanka,2007,269172936.473384,USD (1),cf,2007,318215438.46977323
40,Sri Lanka,2008,381566565.8348284,USD (1),cf,2008,434409436.1717311
40,Sri Lanka,2009,410017260.43731725,USD (1),cf,2009,468465859.21249074
40,Sri Lanka,2010,432524252.8337016,USD (1),cf,2010,486207248.3205347
40,Sri Lanka,2011,462867757.6754626,USD (1),cf,2011,504393937.17491263
40,Sri Lanka,2012,650595494.6315902,USD (1),cf,2012,694590252.5552089
40,Sri Lanka,2013,607348765.016114,USD (1),cf,2013,639057950.4540985
40,Sri Lanka,2014,659255035.5882515,USD (1),cf,2014,682600896.6400465
40,Sri Lanka,2015,578362150.8253423,USD (1),cf,2015,598133844.5178131
40,Sri Lanka,2016,672250486.3952756,USD (1),cf,2016,686570161.255633
40,Sri Lanka,2017,736188809.2421228,USD (1),cf,2017,736188809.2421228
40,Sri Lanka,2018,718186889.2314397,USD (1),cf,2018,703207789.7553462
40,Sri Lanka,2019,761266951.3205974,USD (1),cf,2019,727616694.6077842
41,Mozambique,1976,15008728.42708994,USD (1),cf,1976,64646652.65915557
41,Mozambique,1977,31443714.380350668,USD (1),cf,1977,127168488.94316901
41,Mozambique,1978,30725170.310330395,USD (1),cf,1978,115452339.46316648
41,Mozambique,1979,29257189.92769901,USD (1),cf,1979,98815159.55331433
41,Mozambique,1980,67502048.39730783,USD (1),cf,1980,200781563.07769772
41,Mozambique,1981,68372083.94569507,USD (1),cf,1981,184320447.93401676
41,Mozambique,1982,31808668.19888521,USD (1),cf,1982,80797176.11708806
41,Mozambique,1983,36142669.23621026,USD (1),cf,1983,88948554.45516409
41,Mozambique,1984,33993832.93432146,USD (1),cf,1984,80210693.06687462
41,Mozambique,1985,52627691.72019387,USD (1),cf,1985,119926351.4060959
41,Mozambique,1986,95631833.7911908,USD (1),cf,1986,213863622.76863948
41,Mozambique,1987,41469638.72512976,USD (1),cf,1987,89461127.08724031
41,Mozambique,1988,33697411.07079132,USD (1),cf,1988,69846201.34804678
41,Mozambique,1989,58085606.44745712,USD (1),cf,1989,114852807.07231526
41,Mozambique,1990,55244865.41108489,USD (1),cf,1990,103641291.33902326
41,Mozambique,1991,65037268.45958843,USD (1),cf,1991,117054945.69627959
41,Mozambique,1992,46689393.019859225,USD (1),cf,1992,81561833.20903298
41,Mozambique,1993,57974373.359018065,USD (1),cf,1993,98371993.59750988
41,Mozambique,1994,58122352.05671076,USD (1),cf,1994,96116894.71070507
41,Mozambique,1995,55479695.27081707,USD (1),cf,1995,89243091.68703707
41,Mozambique,1996,49864086.88527753,USD (1),cf,1996,77925815.75145914
41,Mozambique,1997,54991487.09322718,USD (1),cf,1997,83975643.67047387
41,Mozambique,1998,50660629.99767915,USD (1),cf,1998,76179617.7072867
41,Mozambique,1999,45419791.16206892,USD (1),cf,1999,66836441.751363404
41,Mozambique,2000,49508966.69637301,USD (1),cf,2000,70473967.99000488
41,Mozambique,2001,48091207.943123475,USD (1),cf,2001,66574342.166877605
41,Mozambique,2002,47971573.34404208,USD (1),cf,2002,65371908.658435285
41,Mozambique,2003,84801950.61605428,USD (1),cf,2003,112996342.29233696
41,Mozambique,2004,76143555.61905415,USD (1),cf,2004,98813782.54757468
41,Mozambique,2005,70189915.43046525,USD (1),cf,2005,88098602.0457481
41,Mozambique,2006,74069562.05819057,USD (1),cf,2006,90062751.5491852
41,Mozambique,2007,77946910.0490014,USD (1),cf,2007,92148603.36102019
41,Mozambique,2008,98929195.98798044,USD (1),cf,2008,112629826.87184526
41,Mozambique,2009,110600979.81483497,USD (1),cf,2009,126367321.66698883
41,Mozambique,2010,127159579.32250328,USD (1),cf,2010,142942063.37548918
41,Mozambique,2011,135249585.21750987,USD (1),cf,2011,147383501.3519458
41,Mozambique,2012,152837794.86197984,USD (1),cf,2012,163173036.71658275
41,Mozambique,2013,223118322.556786,USD (1),cf,2013,234767148.85246053
41,Mozambique,2014,263812518.4384388,USD (1),cf,2014,273154776.0879269
41,Mozambique,2015,281755364.4885821,USD (1),cf,2015,291387358.482188
41,Mozambique,2016,321805820.340864,USD (1),cf,2016,328660638.3123042
41,Mozambique,2017,393012212.8650144,USD (1),cf,2017,393012212.8650144
41,Mozambique,2018,447821188.10913855,USD (1),cf,2018,438481059.2029041
41,Mozambique,2019,508085209.1768507,USD (1),cf,2019,485626336.2530684
42,Madagascar,1976,12255539.510478262,USD (1),cf,1976,52787923.356280066
42,Madagascar,1977,13542640.68322883,USD (1),cf,1977,54770792.380136415
42,Madagascar,1978,15677336.985286783,USD (1),cf,1978,58908875.46667992
42,Madagascar,1979,16836564.025055565,USD (1),cf,1979,56864919.856515534
42,Madagascar,1980,16727491.37692829,USD (1),cf,1980,49755110.32287906
42,Madagascar,1981,16546474.485829623,USD (1),cf,1981,44606708.073711194
42,Madagascar,1982,17708508.314637586,USD (1),cf,1982,44981369.73615375
42,Madagascar,1983,15686179.572266947,USD (1),cf,1983,38604315.269537345
42,Madagascar,1984,20532144.76288768,USD (1),cf,1984,48446951.09146844
42,Madagascar,1985,16962324.24739908,USD (1),cf,1985,38653218.33176973
42,Madagascar,1986,21624401.575135376,USD (1),cf,1986,48359136.05045113
42,Madagascar,1987,27103331.955341578,USD (1),cf,1987,58469152.35061256
42,Madagascar,1988,35770209.55210264,USD (1),cf,1988,74142587.79077525
42,Madagascar,1989,35022187.8612142,USD (1),cf,1989,69249454.92844224
42,Madagascar,1990,43236000.556015015,USD (1),cf,1990,81112242.67841195
42,Madagascar,1991,51746836.845738105,USD (1),cf,1991,93134649.10808532
42,Madagascar,1992,61965727.22664906,USD (1),cf,1992,108248104.80159083
42,Madagascar,1993,58972487.37594066,USD (1),cf,1993,100065612.00152875
42,Madagascar,1994,77614831.77544448,USD (1),cf,1994,128351595.38056147
42,Madagascar,1995,72286497.13902251,USD (1),cf,1995,116278044.7949912
42,Madagascar,1996,68122123.12886962,USD (1),cf,1996,106458823.31610174
42,Madagascar,1997,66240047.5939498,USD (1),cf,1997,101152940.709433
42,Madagascar,1998,56884886.688475475,USD (1),cf,1998,85539183.41419968
42,Madagascar,1999,63036294.707298726,USD (1),cf,1999,92759599.54092921
42,Madagascar,2000,55397399.14942795,USD (1),cf,2000,78855908.23030284
42,Madagascar,2001,56933052.61977663,USD (1),cf,2001,78814417.18404219
42,Madagascar,2002,67287515.97410415,USD (1),cf,2002,91694164.7205417
42,Madagascar,2003,72206424.02283016,USD (1),cf,2003,96213138.32189971
42,Madagascar,2004,76364353.7608029,USD (1),cf,2004,99100318.9377956
42,Madagascar,2005,76281481.25681695,USD (1),cf,2005,95744407.43360166
42,Madagascar,2006,87374218.45761438,USD (1),cf,2006,106240165.4618962
42,Madagascar,2007,136216877.20187974,USD (1),cf,2007,161035183.8252711
42,Madagascar,2008,98260229.7855242,USD (1),cf,2008,111868216.03681011
42,Madagascar,2009,113936965.2088596,USD (1),cf,2009,130178856.97227138
42,Madagascar,2010,97908220.72889774,USD (1),cf,2010,110060155.64833479
42,Madagascar,2011,103156647.36598606,USD (1),cf,2011,112411345.67678286
42,Madagascar,2012,115791862.2498554,USD (1),cf,2012,123621973.2654444
42,Madagascar,2013,155795636.80340257,USD (1),cf,2013,163929600.3880604
42,Madagascar,2014,135618057.59598342,USD (1),cf,2014,140420630.436288
42,Madagascar,2015,145258291.28250426,USD (1),cf,2015,150224042.30447367
42,Madagascar,2016,185584572.59769353,USD (1),cf,2016,189537728.14384627
42,Madagascar,2017,225138918.81939295,USD (1),cf,2017,225138918.81939295
42,Madagascar,2018,220966755.5302858,USD (1),cf,2018,216358090.207058
42,Madagascar,2019,207320533.5843159,USD (1),cf,2019,198156351.21064597
43,Kenya,1976,2590121.637724231,USD (1),cf,1976,11156354.428846654
43,Kenya,1977,2956456.311304461,USD (1),cf,1977,11956859.714068256
43,Kenya,1978,3132219.331773069,USD (1),cf,1978,11769570.222475627
43,Kenya,1979,3565894.238734524,USD (1),cf,1979,12043685.980149385
43,Kenya,1980,6444869.623293957,USD (1),cf,1980,19169951.542515595
43,Kenya,1981,6178366.254262624,USD (1),cf,1981,16655909.397036929
43,Kenya,1982,7034354.307676208,USD (1),cf,1982,17867958.517270796
43,Kenya,1983,6843266.340918428,USD (1),cf,1983,16841552.149848893
43,Kenya,1984,5502392.191981362,USD (1),cf,1984,12983257.64256434
43,Kenya,1985,5732561.0484450525,USD (1),cf,1985,13063182.295888588
43,Kenya,1986,6659253.664493505,USD (1),cf,1986,14892238.882855216
43,Kenya,1987,8058640.855343192,USD (1),cf,1987,17384648.525365915
43,Kenya,1988,10295642.656385409,USD (1),cf,1988,21340260.4869178
43,Kenya,1989,8188235.033860265,USD (1),cf,1989,16190616.50767867
43,Kenya,1990,10768096.127222372,USD (1),cf,1990,20201323.319074146
43,Kenya,1991,10697905.646644574,USD (1),cf,1991,19254233.675419457
43,Kenya,1992,10287286.500451785,USD (1),cf,1992,17970889.991362646
43,Kenya,1993,8105458.255022813,USD (1),cf,1993,13753492.1271203
43,Kenya,1994,8391832.926785465,USD (1),cf,1994,13877568.496654423
43,Kenya,1995,13030482.74049982,USD (1),cf,1995,20960471.39877618
43,Kenya,1996,14093269.36522616,USD (1),cf,1996,22024458.49288281
43,Kenya,1997,12738312.653821671,USD (1),cf,1997,19452247.264507305
43,Kenya,1998,9204828.204870705,USD (1),cf,1998,13841523.363219613
43,Kenya,1999,10338350.171052909,USD (1),cf,1999,15213159.755561078
43,Kenya,2000,8719007.79871521,USD (1),cf,2000,12411147.263072928
43,Kenya,2001,11213864.069694858,USD (1),cf,2001,15523744.474700173
43,Kenya,2002,11219228.284905154,USD (1),cf,2002,15288686.93546909
43,Kenya,2003,11268462.765796676,USD (1),cf,2003,15014926.738623409
43,Kenya,2004,13024345.949535305,USD (1),cf,2004,16902085.514899593
43,Kenya,2005,12117263.410680002,USD (1),cf,2005,15208936.505395155
43,Kenya,2006,11537176.18649969,USD (1),cf,2006,14028297.232911719
43,Kenya,2007,13137255.306945818,USD (1),cf,2007,15530823.83600807
43,Kenya,2008,16912854.148509394,USD (1),cf,2008,19255102.75942019
43,Kenya,2009,13788516.295195464,USD (1),cf,2009,15754090.75853206
43,Kenya,2010,17642623.119654763,USD (1),cf,2010,19832347.3977809
43,Kenya,2011,14686823.107725032,USD (1),cf,2011,16004451.399034273
43,Kenya,2012,16215384.1033677,USD (1),cf,2012,17311905.52743647
43,Kenya,2013,18984239.450304355,USD (1),cf,2013,19975391.16378949
43,Kenya,2014,22140659.588424705,USD (1),cf,2014,22924715.43091855
43,Kenya,2015,24965568.13044737,USD (1),cf,2015,25819032.63401026
43,Kenya,2016,36405956.55525284,USD (1),cf,2016,37181443.47776432
43,Kenya,2017,76974849.0187354,USD (1),cf,2017,76974849.0187354
43,Kenya,2018,72301961.30114691,USD (1),cf,2018,70793971.82530794
43,Kenya,2019,70927104.47159208,USD (1),cf,2019,67791916.12639296
44,Somalia,1976,4974769.431630287,USD (1),cf,1976,21427677.439050294
44,Somalia,1977,7548880.16463762,USD (1),cf,1977,30530098.07104478
44,Somalia,1978,3052653.1113513894,USD (1),cf,1978,11470593.644082623
44,Somalia,1979,9674387.394051516,USD (1),cf,1979,32674912.945713583
44,Somalia,1980,18556404.641669534,USD (1),cf,1980,55195123.96316034
44,Somalia,1981,7209920.362959949,USD (1),cf,1981,19436817.984440573
44,Somalia,1982,6071689.051444599,USD (1),cf,1982,15422693.164970603
44,Somalia,1983,8012705.910209566,USD (1),cf,1983,19719589.699629582
44,Somalia,1984,10099618.519549623,USD (1),cf,1984,23830716.669381887
44,Somalia,1985,8081769.429327831,USD (1),cf,1985,18416485.482921388
44,Somalia,1986,12262213.370857362,USD (1),cf,1986,27422263.8078825
44,Somalia,1987,14677924.97455348,USD (1),cf,1987,31664218.736725893
44,Somalia,1988,14346402.28143274,USD (1),cf,1988,29736459.583317712
44,Somalia,1989,13244100.917226316,USD (1),cf,1989,26187592.082187165
44,Somalia,1990,15427677.68885659,USD (1),cf,1990,28942860.59233491
44,Somalia,1991,18323696.905915897,USD (1),cf,1991,32979234.78458838
44,Somalia,1992,19533956.92517539,USD (1),cf,1992,34123924.805917166
44,Somalia,1993,16746023.154127248,USD (1),cf,1993,28414963.14759752
44,Somalia,1994,21973250.949636698,USD (1),cf,1994,36337150.39469537
44,Somalia,1995,25273257.53138314,USD (1),cf,1995,40653857.741892174
44,Somalia,1996,23008237.143580858,USD (1),cf,1996,35956452.03614323
44,Somalia,1997,23113281.263608593,USD (1),cf,1997,35295511.615420304
44,Somalia,1998,21224012.534864698,USD (1),cf,1998,31915062.272117887
44,Somalia,1999,27148685.560957283,USD (1),cf,1999,39950019.46720419
44,Somalia,2000,19518593.999848288,USD (1),cf,2000,27783911.89602391
44,Somalia,2001,26607449.960101392,USD (1),cf,2001,36833624.14033835
44,Somalia,2002,25196959.53830207,USD (1),cf,2002,34336445.99469337
44,Somalia,2003,24755967.21692951,USD (1),cf,2003,32986667.465788953
44,Somalia,2004,24729635.543539293,USD (1),cf,2004,32092391.919619948
44,Somalia,2005,21112189.84651409,USD (1),cf,2005,26498883.781173974
44,Somalia,2006,27413220.73270911,USD (1),cf,2006,33332316.53338691
44,Somalia,2007,27117500.94927751,USD (1),cf,2007,32058228.319072094
44,Somalia,2008,28964621.589935295,USD (1),cf,2008,32975910.52371718
44,Somalia,2009,25692029.407737516,USD (1),cf,2009,29354468.196219638
44,Somalia,2010,26327049.994155124,USD (1),cf,2010,29594646.890186884
44,Somalia,2011,28057285.983055204,USD (1),cf,2011,30574445.311350144
44,Somalia,2012,29260422.285279155,USD (1),cf,2012,31239079.07864147
44,Somalia,2013,49038862.79271093,USD (1),cf,2013,51599141.965947896
44,Somalia,2014,48243828.37718512,USD (1),cf,2014,49952262.37177026
44,Somalia,2015,44467712.12123074,USD (1),cf,2015,45987870.35083012
44,Somalia,2016,48629312.56938556,USD (1),cf,2016,49665170.42113703
44,Somalia,2017,49279828.00647848,USD (1),cf,2017,49279828.00647848
44,Somalia,2018,53885033.11464368,USD (1),cf,2018,52761162.31805952
44,Somalia,2019,52085641.50218248,USD (1),cf,2019,49783301.692790344
45,Eritrea,1993,207546.23448324503,USD (1),cf,1993,352168.30587091093
45,Eritrea,1994,7087997.29656313,USD (1),cf,1994,11721416.387258213
45,Eritrea,1995,11880165.29056572,USD (1),cf,1995,19110102.80622072
45,Eritrea,1996,8804266.128752692,USD (1),cf,1996,13758992.955279823
45,Eritrea,1997,2331095.80975629,USD (1),cf,1997,3559737.723585556
45,Eritrea,1998,3575041.3846759433,USD (1),cf,1998,5375876.414975867
45,Eritrea,1999,11572854.799943551,USD (1),cf,1999,17029766.450783927
45,Eritrea,2000,18533356.23467462,USD (1),cf,2000,26381466.655120112
45,Eritrea,2001,13346493.12843451,USD (1),cf,2001,18476017.514701057
45,Eritrea,2002,8420271.8629098,USD (1),cf,2002,11474488.008838598
45,Eritrea,2003,7868838.741234085,USD (1),cf,2003,10485018.202863827
45,Eritrea,2004,7725782.933468227,USD (1),cf,2004,10025980.906602902
45,Eritrea,2005,4123358.6612840057,USD (1),cf,2005,5175417.744337071
45,Eritrea,2006,9912291.23599912,USD (1),cf,2006,12052565.157191142
45,Eritrea,2007,3834049.118678104,USD (1),cf,2007,4532601.372929778
45,Eritrea,2008,4508886.874759005,USD (1),cf,2008,5133319.269576824
45,Eritrea,2009,7357883.67363206,USD (1),cf,2009,8406761.445791768
45,Eritrea,2010,6318517.533098259,USD (1),cf,2010,7102743.957375108
45,Eritrea,2011,4386704.341334946,USD (1),cf,2011,4780257.508235403
45,Eritrea,2012,4593995.961723771,USD (1),cf,2012,4904652.493940564
45,Eritrea,2013,4875992.255334548,USD (1),cf,2013,5130563.848337585
45,Eritrea,2014,6451023.2576264925,USD (1),cf,2014,6679470.041472537
45,Eritrea,2015,10433611.436522348,USD (1),cf,2015,10790291.362991942
45,Eritrea,2016,4813987.304510394,USD (1),cf,2016,4916530.529658683
45,Eritrea,2017,8116062.970441353,USD (1),cf,2017,8116062.970441353
45,Eritrea,2018,10181811.438631548,USD (1),cf,2018,9969451.16211731
45,Eritrea,2019,10993220.70469564,USD (1),cf,2019,10507287.75020195
46,Djibouti,1976,50603.03273617166,USD (1),cf,1976,217960.94830329658
46,Djibouti,1977,63603.48480672185,USD (1),cf,1977,257232.9387219304
46,Djibouti,1978,72552.31207152316,USD (1),cf,1978,272621.244325627
46,Djibouti,1979,105526.9189184461,USD (1),cf,1979,356413.5638407164
46,Djibouti,1980,125255.04078031046,USD (1),cf,1980,372565.0327410585
46,Djibouti,1981,197925.06129932677,USD (1),cf,1981,533575.0184978329
46,Djibouti,1982,195869.9545301381,USD (1),cf,1982,497529.13618597336
46,Djibouti,1983,377882.8875373964,USD (1),cf,1983,929984.8990156974
46,Djibouti,1984,404885.56726185424,USD (1),cf,1984,955354.2263267069
46,Djibouti,1985,418830.614415411,USD (1),cf,1985,954418.2122040561
46,Djibouti,1986,640409.9796602507,USD (1),cf,1986,1432163.2544073223
46,Djibouti,1987,572193.7683191384,USD (1),cf,1987,1234375.340605652
46,Djibouti,1988,776377.6651038887,USD (1),cf,1988,1609234.3297546753
46,Djibouti,1989,981496.8798511832,USD (1),cf,1989,1940716.1029746353
46,Djibouti,1990,918735.7886270008,USD (1),cf,1990,1723580.3331973106
46,Djibouti,1991,638156.8860957234,USD (1),cf,1991,1148563.2994266513
46,Djibouti,1992,759777.6914424392,USD (1),cf,1992,1327257.8060505958
46,Djibouti,1993,730556.5001842544,USD (1),cf,1993,1239621.839699725
46,Djibouti,1994,738545.0677536374,USD (1),cf,1994,1221331.4844369045
46,Djibouti,1995,1217714.2821326265,USD (1),cf,1995,1958781.2585938892
46,Djibouti,1996,1064981.0052316785,USD (1),cf,1996,1664314.3146975047
46,Djibouti,1997,1048177.677190438,USD (1),cf,1997,1600636.7489911006
46,Djibouti,1998,1197760.5573125335,USD (1),cf,1998,1801101.5924025332
46,Djibouti,1999,1277480.404962191,USD (1),cf,1999,1879846.7031717272
46,Djibouti,2000,1558721.9639098428,USD (1),cf,2000,2218776.296899513
46,Djibouti,2001,1708180.659149557,USD (1),cf,2001,2364694.266352401
46,Djibouti,2002,1651030.3551652732,USD (1),cf,2002,2249895.0533915083
46,Djibouti,2003,2096749.0545591193,USD (1),cf,2003,2793862.3127053715
46,Djibouti,2004,1947430.1728614385,USD (1),cf,2004,2527238.714599264
46,Djibouti,2005,2421153.9358565235,USD (1),cf,2005,3038902.0385389957
46,Djibouti,2006,1849754.6048396465,USD (1),cf,2006,2249155.8579994664
46,Djibouti,2007,2079658.8936498,USD (1),cf,2007,2458566.508879958
46,Djibouti,2008,2525894.9550853344,USD (1),cf,2008,2875704.2715913034
46,Djibouti,2009,2259289.2711028126,USD (1),cf,2009,2581354.4738771976
46,Djibouti,2010,2737200.5831259927,USD (1),cf,2010,3076929.8019797755
46,Djibouti,2011,2579570.5817829836,USD (1),cf,2011,2810996.7488346263
46,Djibouti,2012,3511309.5767930737,USD (1),cf,2012,3748752.3751225816
46,Djibouti,2013,2944019.359811417,USD (1),cf,2013,3097724.218025461
46,Djibouti,2014,4397485.482281704,USD (1),cf,2014,4553211.384253812
46,Djibouti,2015,3942894.7281106487,USD (1),cf,2015,4077685.1992965885
46,Djibouti,2016,4144118.0231662137,USD (1),cf,2016,4232392.2957411455
46,Djibouti,2017,4754230.307526222,USD (1),cf,2017,4754230.307526222
46,Djibouti,2018,4451255.76643802,USD (1),cf,2018,4358416.6963871
46,Djibouti,2019,5575717.1079449365,USD (1),cf,2019,5329253.877517169
47,Yemen,1976,29094942.03459372,USD (1),cf,1976,125319784.48312382
47,Yemen,1977,35524966.41406012,USD (1),cf,1977,143674384.13878867
47,Yemen,1978,39517627.47931596,USD (1),cf,1978,148490716.12751886
47,Yemen,1979,39882245.91906214,USD (1),cf,1979,134700923.21154746
47,Yemen,1980,57081774.71508288,USD (1),cf,1980,169786965.32415807
47,Yemen,1981,56829899.37519303,USD (1),cf,1981,153204523.02141967
47,Yemen,1982,42464396.93226459,USD (1),cf,1982,107863785.31127442
47,Yemen,1983,43107399.682096355,USD (1),cf,1983,106089034.6250896
47,Yemen,1984,56741842.4986943,USD (1),cf,1984,133886123.44789584
47,Yemen,1985,65757079.68799775,USD (1),cf,1985,149845193.4397783
47,Yemen,1986,76208536.80484775,USD (1),cf,1986,170426866.46131492
47,Yemen,1987,74892502.71063615,USD (1),cf,1987,161563204.04155502
47,Yemen,1988,82054281.79422022,USD (1),cf,1988,170077750.94734865
47,Yemen,1989,85058901.52224913,USD (1),cf,1989,168187167.2486536
47,Yemen,1990,92973529.41928072,USD (1),cf,1990,174421578.86816898
47,Yemen,1991,106768921.40905568,USD (1),cf,1991,192164132.86718842
47,Yemen,1992,118800346.39442132,USD (1),cf,1992,207532662.36885318
47,Yemen,1993,125327359.63240483,USD (1),cf,1993,212657791.7971404
47,Yemen,1994,148447225.19629472,USD (1),cf,1994,245487076.99177122
47,Yemen,1995,205664416.55306983,USD (1),cf,1995,330826048.9466146
47,Yemen,1996,152622093.92420867,USD (1),cf,1996,238512362.5767479
47,Yemen,1997,155653684.98864427,USD (1),cf,1997,237693488.1655971
47,Yemen,1998,157221956.9295836,USD (1),cf,1998,236418468.83143508
47,Yemen,1999,157915360.68188456,USD (1),cf,1999,232376691.6540695
47,Yemen,2000,131878790.10095772,USD (1),cf,2000,187724007.43351287
47,Yemen,2001,134447510.3276753,USD (1),cf,2001,186120393.70325962
47,Yemen,2002,157959528.75279662,USD (1),cf,2002,215254892.9613078
47,Yemen,2003,199331784.76960048,USD (1),cf,2003,265604298.2259435
47,Yemen,2004,211233044.30559137,USD (1),cf,2004,274123475.54796517
47,Yemen,2005,202721728.7742892,USD (1),cf,2005,254445397.17397127
47,Yemen,2006,196815029.55792895,USD (1),cf,2006,239311568.95859084
47,Yemen,2007,182107910.0534074,USD (1),cf,2007,215287425.27274522
47,Yemen,2008,195122666.9844655,USD (1),cf,2008,222145060.22977436
47,Yemen,2009,298571605.03676885,USD (1),cf,2009,341133452.14008504
47,Yemen,2010,267308393.729842,USD (1),cf,2010,300485528.19149965
47,Yemen,2011,256415434.14074865,USD (1),cf,2011,279419744.0499817
47,Yemen,2012,330208181.616248,USD (1),cf,2012,352537615.39572954
47,Yemen,2013,325532322.2275028,USD (1),cf,2013,342528100.21561766
47,Yemen,2014,329757969.92745686,USD (1),cf,2014,341435520.0879635
47,Yemen,2015,257029812.93377683,USD (1),cf,2015,265816547.54963583
47,Yemen,2016,221928826.3071543,USD (1),cf,2016,226656154.43732774
47,Yemen,2017,241801238.36166012,USD (1),cf,2017,241801238.36166012
47,Yemen,2018,226917846.6098652,USD (1),cf,2018,222185060.41140434
47,Yemen,2019,228328416.99487695,USD (1),cf,2019,218235623.87758824
48,Oman,1976,60156732.868895106,USD (1),cf,1976,259111318.7087694
48,Oman,1977,60129037.48297292,USD (1),cf,1977,243181156.8386203
48,Oman,1978,56751649.58899931,USD (1),cf,1978,213248963.22025836
48,Oman,1979,49561063.28197835,USD (1),cf,1979,167390798.22577354
48,Oman,1980,51703192.75098723,USD (1),cf,1980,153788634.61371243
48,Oman,1981,47589895.07497865,USD (1),cf,1981,128294916.15788645
48,Oman,1982,48504913.36135505,USD (1),cf,1982,123207296.91973877
48,Oman,1983,52009493.74527508,USD (1),cf,1983,127997444.13874935
48,Oman,1984,61049724.57038724,USD (1),cf,1984,144050855.60059127
48,Oman,1985,93240649.50015604,USD (1),cf,1985,212473899.80050492
48,Oman,1986,95412978.4791148,USD (1),cf,1986,213374191.70737872
48,Oman,1987,135336098.6449987,USD (1),cf,1987,291956242.99072397
48,Oman,1988,190654883.5842454,USD (1),cf,1988,395179302.01932603
48,Oman,1989,143784285.47929448,USD (1),cf,1989,284305007.9045368
48,Oman,1990,157151615.16833067,USD (1),cf,1990,294821902.64854836
48,Oman,1991,129559931.7257228,USD (1),cf,1991,233183698.08214644
48,Oman,1992,139249917.28498858,USD (1),cf,1992,243256075.81017387
48,Oman,1993,145154146.67059562,USD (1),cf,1993,246300252.32882816
48,Oman,1994,175002238.43591216,USD (1),cf,1994,289401084.62008077
48,Oman,1995,220999227.7021734,USD (1),cf,1995,355493198.80572194
48,Oman,1996,188459395.53842297,USD (1),cf,1996,294517618.8054199
48,Oman,1997,183574153.2314344,USD (1),cf,1997,280329892.74753636
48,Oman,1998,149559616.71372288,USD (1),cf,1998,224896422.05834562
48,Oman,1999,158926691.76079103,USD (1),cf,1999,233864892.48056573
48,Oman,2000,145198506.9824175,USD (1),cf,2000,206684073.9381667
48,Oman,2001,124918231.74827094,USD (1),cf,2001,172928679.87691817
48,Oman,2002,155065741.24536413,USD (1),cf,2002,211311465.6474673
48,Oman,2003,162181454.6188953,USD (1),cf,2003,216102472.0121996
48,Oman,2004,196265050.7973092,USD (1),cf,2004,254699060.1305849
48,Oman,2005,193967034.22721925,USD (1),cf,2005,243456976.02822316
48,Oman,2006,163919898.8174877,USD (1),cf,2006,199313681.77347657
48,Oman,2007,184681942.2102756,USD (1),cf,2007,218330438.37118164
48,Oman,2008,214022098.81841117,USD (1),cf,2008,243661860.3429802
48,Oman,2009,230870678.33811492,USD (1),cf,2009,263781652.94621816
48,Oman,2010,247211206.01991925,USD (1),cf,2010,277893966.5128074
48,Oman,2011,236274833.93960884,USD (1),cf,2011,257472229.96186167
48,Oman,2012,264237898.87479928,USD (1),cf,2012,282106270.9910638
48,Oman,2013,299852289.121869,USD (1),cf,2013,315507333.4513281
48,Oman,2014,324955479.25670725,USD (1),cf,2014,336462961.273856
48,Oman,2015,367261450.189395,USD (1),cf,2015,379816526.42983556
48,Oman,2016,384848566.2573144,USD (1),cf,2016,393046264.06610274
48,Oman,2017,615700285.9997454,USD (1),cf,2017,615700285.9997454
48,Oman,2018,784368965.215656,USD (1),cf,2018,768009517.6511105
48,Oman,2019,859618526.4975257,USD (1),cf,2019,821620838.5096886
49,Sudan,1976,176010.5486475536,USD (1),cf,1976,758125.0375766837
49,Sudan,1977,165922.13427840482,USD (1),cf,1977,671042.4488398185
49,Sudan,1978,236583.62632018424,USD (1),cf,1978,888982.3184531315
49,Sudan,1979,232377.45172094388,USD (1),cf,1979,784846.905158796
49,Sudan,1980,331561.74585400656,USD (1),cf,1980,986214.3026757817
49,Sudan,1981,296832.90988714516,USD (1),cf,1981,800215.1134578822
49,Sudan,1982,301325.08116142947,USD (1),cf,1982,765395.6304888341
49,Sudan,1983,1353256.971657436,USD (1),cf,1983,3330419.5284698717
49,Sudan,1984,383230.3344282445,USD (1),cf,1984,904257.2747865746
49,Sudan,1985,104921.24300895316,USD (1),cf,1985,239091.2739619154
49,Sudan,1986,378584.4136153479,USD (1),cf,1986,846636.8468506512
49,Sudan,1987,440451.0380813928,USD (1),cf,1987,950170.9565082089
49,Sudan,1988,512601.4644885372,USD (1),cf,1988,1062493.0510167305
49,Sudan,1989,474344.38066704245,USD (1),cf,1989,937922.2662996526
49,Sudan,1990,654251.1043320345,USD (1),cf,1990,1227397.8551380183
49,Sudan,1991,736296.6211866599,USD (1),cf,1991,1325196.5073365879
49,Sudan,1992,1045366.625345356,USD (1),cf,1992,1826153.925420311
49,Sudan,1993,1092348.602543395,USD (1),cf,1993,1853517.399320584
49,Sudan,1994,2072715.50085334,USD (1),cf,1994,3427648.237056585
49,Sudan,1995,2118679.011858908,USD (1),cf,1995,3408048.0144630936
49,Sudan,1996,2331311.9955986883,USD (1),cf,1996,3643291.2016649824
49,Sudan,1997,2539923.5850257752,USD (1),cf,1997,3878631.5700967168
49,Sudan,1998,2757146.515783032,USD (1),cf,1998,4145988.0689393533
49,Sudan,1999,2705326.586602379,USD (1),cf,1999,3980960.6825067666
49,Sudan,2000,2351880.4083204167,USD (1),cf,2000,3347804.562934559
49,Sudan,2001,2297337.84140061,USD (1),cf,2001,3180285.172025701
49,Sudan,2002,2338129.0674310145,USD (1),cf,2002,3186219.445660854
49,Sudan,2003,2350529.9215365197,USD (1),cf,2003,3132018.563875324
49,Sudan,2004,2612088.6574058216,USD (1),cf,2004,3389786.0231167832
49,Sudan,2005,2602956.0830447655,USD (1),cf,2005,3267090.303448169
49,Sudan,2006,2602357.3918880653,USD (1),cf,2006,3164261.549753328
49,Sudan,2007,3040091.8677539523,USD (1),cf,2007,3593987.4913144293
49,Sudan,2008,3705376.299082916,USD (1),cf,2008,4218531.110992274
49,Sudan,2009,3602411.6524488935,USD (1),cf,2009,4115941.0416078274
49,Sudan,2010,3387979.9045167295,USD (1),cf,2010,3808480.971756493
49,Sudan,2011,3364328.865030766,USD (1),cf,2011,3666159.6191236097
49,Sudan,2012,3477458.172761781,USD (1),cf,2012,3712611.861593882
49,Sudan,2013,5373289.014716524,USD (1),cf,2013,5653824.067381051
49,Sudan,2014,3852865.886725821,USD (1),cf,2014,3989305.453793278
49,Sudan,2015,2093370.4222490983,USD (1),cf,2015,2164933.678445105
49,Sudan,2016,3365044.5075573786,USD (1),cf,2016,3436723.6572404625
49,Sudan,2017,4613028.993942106,USD (1),cf,2017,4613028.993942106
49,Sudan,2018,4779610.079242782,USD (1),cf,2018,4679922.580198442
49,Sudan,2019,4133928.355245502,USD (1),cf,2019,3951196.4631739054
50,Saudi Arabia,1976,15167918.027778927,USD (1),cf,1976,65332325.32441053
50,Saudi Arabia,1977,38479354.99225947,USD (1),cf,1977,155622881.27548027
50,Saudi Arabia,1978,53842143.68289193,USD (1),cf,1978,202316256.9032796
50,Saudi Arabia,1979,47271087.64263006,USD (1),cf,1979,159656483.7295898
50,Saudi Arabia,1980,56368554.90190778,USD (1),cf,1980,167665527.64474994
50,Saudi Arabia,1981,43661979.231060304,USD (1),cf,1981,117705869.1957785
50,Saudi Arabia,1982,32366782.113337036,USD (1),cf,1982,82214840.88561623
50,Saudi Arabia,1983,38569431.22071314,USD (1),cf,1983,94920912.75326167
50,Saudi Arabia,1984,48467537.1494226,USD (1),cf,1984,114362353.71018125
50,Saudi Arabia,1985,50693567.725282274,USD (1),cf,1985,115518929.64209467
50,Saudi Arabia,1986,107133689.40504771,USD (1),cf,1986,239585481.40738747
50,Saudi Arabia,1987,62943268.25972576,USD (1),cf,1987,135785502.21748924
50,Saudi Arabia,1988,64671507.14001982,USD (1),cf,1988,134047660.21027724
50,Saudi Arabia,1989,100348187.40835464,USD (1),cf,1989,198418708.40917847
50,Saudi Arabia,1990,78040406.48815194,USD (1),cf,1990,146406520.22353294
50,Saudi Arabia,1991,81148453.19258833,USD (1),cf,1991,146052071.47802812
50,Saudi Arabia,1992,106437476.14198811,USD (1),cf,1992,185935929.2289518
50,Saudi Arabia,1993,103269456.16907026,USD (1),cf,1993,175229531.4719754
50,Saudi Arabia,1994,134060681.200954,USD (1),cf,1994,221696058.81167617
50,Saudi Arabia,1995,154329997.80598053,USD (1),cf,1995,248250933.553776
50,Saudi Arabia,1996,146878973.94513163,USD (1),cf,1996,229537219.59743834
50,Saudi Arabia,1997,129107886.47497076,USD (1),cf,1997,197156295.3242165
50,Saudi Arabia,1998,130104760.17174846,USD (1),cf,1998,195641682.54986313
50,Saudi Arabia,1999,103525567.97351138,USD (1),cf,1999,152340651.8746139
50,Saudi Arabia,2000,103668520.5997536,USD (1),cf,2000,147567854.6701203
50,Saudi Arabia,2001,110850507.90682235,USD (1),cf,2001,153454237.44583225
50,Saudi Arabia,2002,110620561.9125741,USD (1),cf,2002,150745050.97489586
50,Saudi Arabia,2003,110482395.38976257,USD (1),cf,2003,147214851.49865755
50,Saudi Arabia,2004,110799735.64811008,USD (1),cf,2004,143788149.83945072
50,Saudi Arabia,2005,131395427.67789827,USD (1),cf,2005,164920465.03594577
50,Saudi Arabia,2006,128622359.756059,USD (1),cf,2006,156394655.35491037
50,Saudi Arabia,2007,142606093.44245672,USD (1),cf,2007,168588496.10885736
50,Saudi Arabia,2008,152995408.0668147,USD (1),cf,2008,174183628.50989172
50,Saudi Arabia,2009,154513037.10945773,USD (1),cf,2009,176539111.0896404
50,Saudi Arabia,2010,153945262.16497362,USD (1),cf,2010,173052266.59276712
50,Saudi Arabia,2011,138679773.36666396,USD (1),cf,2011,151121428.82067144
50,Saudi Arabia,2012,139237856.8250613,USD (1),cf,2012,148653439.7108463
50,Saudi Arabia,2013,153999949.517367,USD (1),cf,2013,162040161.72814986
50,Saudi Arabia,2014,168990573.33631742,USD (1),cf,2014,174974949.99057007
50,Saudi Arabia,2015,167510214.0762196,USD (1),cf,2015,173236661.83624148
50,Saudi Arabia,2016,171574802.92855617,USD (1),cf,2016,175229534.96949694
50,Saudi Arabia,2017,216432210.93510884,USD (1),cf,2017,216432210.93510884
50,Saudi Arabia,2018,134102842.50223054,USD (1),cf,2018,131305882.75820424
50,Saudi Arabia,2019,195342153.13289183,USD (1),cf,2019,186707450.69591814
51,Kuwait,1976,2018785.9355932544,USD (1),cf,1976,8695457.03391675
51,Kuwait,1977,2970882.4629232977,USD (1),cf,1977,12015203.708688017
51,Kuwait,1978,3808808.9576514214,USD (1),cf,1978,14311911.058187803
51,Kuwait,1979,2061816.7043310313,USD (1),cf,1979,6963715.48708687
51,Kuwait,1980,2926556.5506570535,USD (1),cf,1980,8704900.260473188
51,Kuwait,1981,3263779.175594853,USD (1),cf,1981,8798638.346041473
51,Kuwait,1982,5609527.371119428,USD (1),cf,1982,14248756.600059316
51,Kuwait,1983,7183782.645625622,USD (1),cf,1983,17679576.39410626
51,Kuwait,1984,8462710.356437908,USD (1),cf,1984,19968323.790541433
51,Kuwait,1985,8386765.284591886,USD (1),cf,1985,19111500.577071242
51,Kuwait,1986,7693874.554644114,USD (1),cf,1986,17205984.870858077
51,Kuwait,1987,6257018.51190038,USD (1),cf,1987,13498066.187423332
51,Kuwait,1988,10558007.317679863,USD (1),cf,1988,21884076.002029248
51,Kuwait,1989,6612163.632303027,USD (1),cf,1989,13074246.79603608
51,Kuwait,1990,3387914.5428148075,USD (1),cf,1990,6355845.661869046
51,Kuwait,1991,2495669.901341286,USD (1),cf,1991,4491740.069908716
51,Kuwait,1992,10178810.983262813,USD (1),cf,1992,17781393.80244309
51,Kuwait,1993,13498479.852052957,USD (1),cf,1993,22904471.349076092
51,Kuwait,1994,13528796.544690944,USD (1),cf,1994,22372561.794812523
51,Kuwait,1995,16118537.740132373,USD (1),cf,1995,25927830.61229701
51,Kuwait,1996,12263828.313044911,USD (1),cf,1996,19165473.29400769
51,Kuwait,1997,11182455.25792142,USD (1),cf,1997,17076349.954098284
51,Kuwait,1998,11054881.45562188,USD (1),cf,1998,16623493.295034595
51,Kuwait,1999,13172043.9653924,USD (1),cf,1999,19383016.229598295
51,Kuwait,2000,8661179.48563065,USD (1),cf,2000,12328831.049320566
51,Kuwait,2001,6686446.894475241,USD (1),cf,2001,9256282.436488517
51,Kuwait,2002,6066019.621048253,USD (1),cf,2002,8266297.161935644
51,Kuwait,2003,5388542.308497236,USD (1),cf,2003,7180089.2163961865
51,Kuwait,2004,6956094.470251471,USD (1),cf,2004,9027133.035429345
51,Kuwait,2005,5729546.505797306,USD (1),cf,2005,7191418.231824155
51,Kuwait,2006,7745548.774293572,USD (1),cf,2006,9417977.04059949
51,Kuwait,2007,10099773.349998258,USD (1),cf,2007,11939921.773423973
51,Kuwait,2008,8013775.65913093,USD (1),cf,2008,9123597.498835288
51,Kuwait,2009,10999831.243596964,USD (1),cf,2009,12567874.311505578
51,Kuwait,2010,15130019.059678,USD (1),cf,2010,17007890.045120012
51,Kuwait,2011,8657008.128079666,USD (1),cf,2011,9433671.586472657
51,Kuwait,2012,7276823.6370243905,USD (1),cf,2012,7768899.123260334
51,Kuwait,2013,9298294.782040374,USD (1),cf,2013,9783751.196021786
51,Kuwait,2014,8854218.604621712,USD (1),cf,2014,9167768.514909877
51,Kuwait,2015,8976765.791754834,USD (1),cf,2015,9283642.483686263
51,Kuwait,2016,10985982.512670558,USD (1),cf,2016,11219996.02517327
51,Kuwait,2017,10487288.274129905,USD (1),cf,2017,10487288.274129905
51,Kuwait,2018,6595927.74022292,USD (1),cf,2018,6458357.618518729
51,Kuwait,2019,6481559.81413691,USD (1),cf,2019,6195055.649905421
52,Bahrain,1976,2652699.8630919578,USD (1),cf,1976,11425895.770674916
52,Bahrain,1977,5414371.305152227,USD (1),cf,1977,21897458.077781454
52,Bahrain,1978,4701877.259990848,USD (1),cf,1978,17667688.219521184
52,Bahrain,1979,3737334.4281826033,USD (1),cf,1979,12622719.363602377
52,Bahrain,1980,8440120.840510158,USD (1),cf,1980,25104729.340182036
52,Bahrain,1981,8867239.631859317,USD (1),cf,1981,23904691.601629663
52,Bahrain,1982,7153497.632511037,USD (1),cf,1982,18170594.394374024
52,Bahrain,1983,7291988.880235351,USD (1),cf,1983,17945876.265005916
52,Bahrain,1984,8573679.395143175,USD (1),cf,1984,20230162.56349509
52,Bahrain,1985,16469261.592654014,USD (1),cf,1985,37529642.44870491
52,Bahrain,1986,27167411.33385101,USD (1),cf,1986,60755093.557961
52,Bahrain,1987,13995988.905872848,USD (1),cf,1987,30193099.836704172
52,Bahrain,1988,11198978.476696938,USD (1),cf,1988,23212646.928055175
52,Bahrain,1989,24804490.53013786,USD (1),cf,1989,49045977.81830876
52,Bahrain,1990,19498616.254992828,USD (1),cf,1990,36580083.10734413
52,Bahrain,1991,19790888.67281072,USD (1),cf,1991,35619906.15144653
52,Bahrain,1992,22614454.182078883,USD (1),cf,1992,39505254.20896975
52,Bahrain,1993,29598092.761464275,USD (1),cf,1993,50222593.58628077
52,Bahrain,1994,26335937.600134965,USD (1),cf,1994,43551722.38986509
52,Bahrain,1995,37296375.487153545,USD (1),cf,1995,59993910.22151132
52,Bahrain,1996,45582128.060583875,USD (1),cf,1996,71234123.28758027
52,Bahrain,1997,31339668.402449463,USD (1),cf,1997,47857749.72866732
52,Bahrain,1998,29501355.476122335,USD (1),cf,1998,44361903.55549715
52,Bahrain,1999,27117135.860190604,USD (1),cf,1999,39903593.23573957
52,Bahrain,2000,30071546.825429365,USD (1),cf,2000,42805604.11171938
52,Bahrain,2001,26583263.060890403,USD (1),cf,2001,36800141.36931016
52,Bahrain,2002,25135531.58060516,USD (1),cf,2002,34252736.77776114
52,Bahrain,2003,30812536.7200455,USD (1),cf,2003,41056885.140261434
52,Bahrain,2004,31943474.830081914,USD (1),cf,2004,41454008.15619081
52,Bahrain,2005,27400002.266401827,USD (1),cf,2005,34391007.325143464
52,Bahrain,2006,37385514.15111833,USD (1),cf,2006,45457839.61683883
52,Bahrain,2007,35493216.91619298,USD (1),cf,2007,41959974.6232509
52,Bahrain,2008,37401523.12971872,USD (1),cf,2008,42581232.29218747
52,Bahrain,2009,37547305.72373741,USD (1),cf,2009,42899732.606924705
52,Bahrain,2010,43400037.972945265,USD (1),cf,2010,48786658.55518067
52,Bahrain,2011,28513103.84881135,USD (1),cf,2011,31071156.875573225
52,Bahrain,2012,41859712.936681554,USD (1),cf,2012,44690362.630074084
52,Bahrain,2013,41748331.820493154,USD (1),cf,2013,43927978.29657911
52,Bahrain,2014,54077120.1977566,USD (1),cf,2014,55992125.569071725
52,Bahrain,2015,52245961.73233909,USD (1),cf,2015,54032024.583385356
52,Bahrain,2016,45035137.727701575,USD (1),cf,2016,45994435.70160131
52,Bahrain,2017,57565351.36239517,USD (1),cf,2017,57565351.36239517
52,Bahrain,2018,49646916.472157925,USD (1),cf,2018,48611439.33985663
52,Bahrain,2019,48323435.178210095,USD (1),cf,2019,46187396.04480109
53,Pakistan,1976,91542983.53810512,USD (1),cf,1976,394300389.1981351
53,Pakistan,1977,148637497.6416096,USD (1),cf,1977,601137821.9104197
53,Pakistan,1978,143583643.93576762,USD (1),cf,1978,539527281.1704199
53,Pakistan,1979,174017338.41572228,USD (1),cf,1979,587737616.055633
53,Pakistan,1980,149858377.92845067,USD (1),cf,1980,445746463.6282461
53,Pakistan,1981,188277996.19504777,USD (1),cf,1981,507568039.3529288
53,Pakistan,1982,182273371.97639808,USD (1),cf,1982,462992466.2343669
53,Pakistan,1983,142755674.01908964,USD (1),cf,1983,351327423.0324138
53,Pakistan,1984,164337013.2920776,USD (1),cf,1984,387764032.32214224
53,Pakistan,1985,185182612.09172013,USD (1),cf,1985,421988392.15835863
53,Pakistan,1986,236284160.0604935,USD (1),cf,1986,528407586.36625725
53,Pakistan,1987,206449924.22397903,USD (1),cf,1987,445367827.5465789
53,Pakistan,1988,270396735.11908287,USD (1),cf,1988,560463970.5200483
53,Pakistan,1989,266122533.03833783,USD (1),cf,1989,526204714.2831567
53,Pakistan,1990,331026228.82391286,USD (1),cf,1990,621016732.8150179
53,Pakistan,1991,388930524.8217265,USD (1),cf,1991,700002360.8144138
53,Pakistan,1992,422116217.67920023,USD (1),cf,1992,737396018.9744741
53,Pakistan,1993,619140066.1611017,USD (1),cf,1993,1050568364.8737128
53,Pakistan,1994,531771632.74759144,USD (1),cf,1994,879390393.3046116
53,Pakistan,1995,638114357.0101821,USD (1),cf,1995,1026452971.5149552
53,Pakistan,1996,590118092.484954,USD (1),cf,1996,922215498.5487628
53,Pakistan,1997,609189647.2625347,USD (1),cf,1997,930272946.7841735
53,Pakistan,1998,638019798.6592463,USD (1),cf,1998,959405841.4545585
53,Pakistan,1999,678380028.1697692,USD (1),cf,1999,998254419.010229
53,Pakistan,2000,610706317.676562,USD (1),cf,2000,869315203.9948509
53,Pakistan,2001,564921522.5290524,USD (1),cf,2001,782040633.7632929
53,Pakistan,2002,560582071.0965675,USD (1),cf,2002,763917407.5959852
53,Pakistan,2003,514722507.82920015,USD (1),cf,2003,685854042.9520202
53,Pakistan,2004,499462558.22485733,USD (1),cf,2004,648167585.7902297
53,Pakistan,2005,466015996.0335603,USD (1),cf,2005,584918182.7578306
53,Pakistan,2006,477574607.06057274,USD (1),cf,2006,580693094.2578714
53,Pakistan,2007,529022873.73216,USD (1),cf,2007,625409255.2200717
53,Pakistan,2008,591296302.7098616,USD (1),cf,2008,673184488.5534631
53,Pakistan,2009,578827248.3754491,USD (1),cf,2009,661339973.7284014
53,Pakistan,2010,616084989.8391193,USD (1),cf,2010,692550731.3839182
53,Pakistan,2011,596811383.2939597,USD (1),cf,2011,650354314.766315
53,Pakistan,2012,632065494.879168,USD (1),cf,2012,674807211.7655226
53,Pakistan,2013,646208636.6660098,USD (1),cf,2013,679946664.4219829
53,Pakistan,2014,623421498.3840721,USD (1),cf,2014,645498404.7288065
53,Pakistan,2015,660378354.8835484,USD (1),cf,2015,682953826.9044315
53,Pakistan,2016,673107740.4447178,USD (1),cf,2016,687445675.7593391
53,Pakistan,2017,839442621.6584888,USD (1),cf,2017,839442621.6584888
53,Pakistan,2018,717950911.7949163,USD (1),cf,2018,702976734.059318
53,Pakistan,2019,639448666.1612589,USD (1),cf,2019,611183138.8929794
54,United Arab Emirates,1976,26991046.622770634,USD (1),cf,1976,116257737.91601905
54,United Arab Emirates,1977,32052882.119989816,USD (1),cf,1977,129632159.10712539
54,United Arab Emirates,1978,34905181.136187226,USD (1),cf,1978,131159071.88978143
54,United Arab Emirates,1979,38165258.85967233,USD (1),cf,1979,128901858.07084674
54,United Arab Emirates,1980,46769654.5928513,USD (1),cf,1980,139114065.07970843
54,United Arab Emirates,1981,50339138.56445062,USD (1),cf,1981,135706446.74486747
54,United Arab Emirates,1982,64722102.98856171,USD (1),cf,1982,164400569.08822122
54,United Arab Emirates,1983,57280648.24602198,USD (1),cf,1983,140969966.17598534
54,United Arab Emirates,1984,61589382.63782829,USD (1),cf,1984,145324214.43871373
54,United Arab Emirates,1985,54973376.376117304,USD (1),cf,1985,125271624.83799562
54,United Arab Emirates,1986,73391324.17930812,USD (1),cf,1986,164126670.44580197
54,United Arab Emirates,1987,79196165.11308184,USD (1),cf,1987,170847357.48397368
54,United Arab Emirates,1988,97284394.20206928,USD (1),cf,1988,201645917.8773617
54,United Arab Emirates,1989,101607592.93441609,USD (1),cf,1989,200908933.93589973
54,United Arab Emirates,1990,116133656.96935068,USD (1),cf,1990,217870784.67226365
54,United Arab Emirates,1991,120072866.9257172,USD (1),cf,1991,216108751.95842096
54,United Arab Emirates,1992,147845162.33651468,USD (1),cf,1992,258271133.79101226
54,United Arab Emirates,1993,138064276.391381,USD (1),cf,1993,234270028.743745
54,United Arab Emirates,1994,175652363.24079847,USD (1),cf,1994,290476195.5749696
54,United Arab Emirates,1995,223483542.3145404,USD (1),cf,1995,359489398.05751437
54,United Arab Emirates,1996,202994001.7210104,USD (1),cf,1996,317231782.7288494
54,United Arab Emirates,1997,179337505.1073936,USD (1),cf,1997,273860250.4078323
54,United Arab Emirates,1998,167498153.04204068,USD (1),cf,1998,251871034.09499276
54,United Arab Emirates,1999,174460048.57530037,USD (1),cf,1999,256722643.94471413
54,United Arab Emirates,2000,222249557.0424012,USD (1),cf,2000,316363059.3394387
54,United Arab Emirates,2001,247295579.87614065,USD (1),cf,2001,342339925.63675475
54,United Arab Emirates,2002,184514773.1176835,USD (1),cf,2002,251442303.29646236
54,United Arab Emirates,2003,194614454.65305853,USD (1),cf,2003,259318581.39180958
54,United Arab Emirates,2004,169911282.6168707,USD (1),cf,2004,220498982.43366963
54,United Arab Emirates,2005,177853955.55723646,USD (1),cf,2005,223232707.38830814
54,United Arab Emirates,2006,106247727.17352436,USD (1),cf,2006,129188865.0236269
54,United Arab Emirates,2007,109098307.38812356,USD (1),cf,2007,128975691.89781696
54,United Arab Emirates,2008,133270793.8304076,USD (1),cf,2008,151727367.0961188
54,United Arab Emirates,2009,161450496.1700843,USD (1),cf,2009,184465515.73934114
54,United Arab Emirates,2010,146631069.8311174,USD (1),cf,2010,164830269.08619335
54,United Arab Emirates,2011,130585442.21037672,USD (1),cf,2011,142300914.7688375
54,United Arab Emirates,2012,138675696.93677992,USD (1),cf,2012,148053265.28295717
54,United Arab Emirates,2013,128861229.9019387,USD (1),cf,2013,135588969.9914718
54,United Arab Emirates,2014,154922625.9267372,USD (1),cf,2014,160408821.56184152
54,United Arab Emirates,2015,159759946.67534304,USD (1),cf,2015,165221446.40433246
54,United Arab Emirates,2016,122676645.98370804,USD (1),cf,2016,125289793.49196132
54,United Arab Emirates,2017,206490231.5829623,USD (1),cf,2017,206490231.5829623
54,United Arab Emirates,2018,147739202.351601,USD (1),cf,2018,144657831.41358298
54,United Arab Emirates,2019,144224354.21124092,USD (1),cf,2019,137849210.07155514
56,Cape Verde,1976,1174706.2293861215,USD (1),cf,1976,5059777.445942846
56,Cape Verde,1977,2025729.1218650031,USD (1),cf,1977,8192699.765671647
56,Cape Verde,1978,2910081.397588849,USD (1),cf,1978,10934868.773271281
56,Cape Verde,1979,3216673.5808146945,USD (1),cf,1979,10864205.137425289
56,Cape Verde,1980,5286443.066428398,USD (1),cf,1980,15724268.036302786
56,Cape Verde,1981,10313292.13589934,USD (1),cf,1981,27803023.053578127
56,Cape Verde,1982,7253908.121567364,USD (1),cf,1982,18425647.008257784
56,Cape Verde,1983,6873145.508493815,USD (1),cf,1983,16915085.97621863
56,Cape Verde,1984,5543178.626032709,USD (1),cf,1984,13079495.926411463
56,Cape Verde,1985,4872030.849492195,USD (1),cf,1985,11102232.77175092
56,Cape Verde,1986,4106272.197029526,USD (1),cf,1986,9182948.954511939
56,Cape Verde,1987,4970871.90973754,USD (1),cf,1987,10723503.201920686
56,Cape Verde,1988,5793307.137793577,USD (1),cf,1988,12008058.897086795
56,Cape Verde,1989,8217856.32967959,USD (1),cf,1989,16249186.765992945
56,Cape Verde,1990,5623593.788883513,USD (1),cf,1990,10550057.782004327
56,Cape Verde,1991,5971948.065687827,USD (1),cf,1991,10748392.00795233
56,Cape Verde,1992,6300000.73053922,USD (1),cf,1992,11005489.160727905
56,Cape Verde,1993,5995828.63421139,USD (1),cf,1993,10173833.399868237
56,Cape Verde,1994,7888333.092268461,USD (1),cf,1994,13044931.157169111
56,Cape Verde,1995,7967932.116694109,USD (1),cf,1995,12816993.550075553
56,Cape Verde,1996,8056518.3691570945,USD (1),cf,1996,12590439.437457021
56,Cape Verde,1997,10549278.746938808,USD (1),cf,1997,16109447.477417698
56,Cape Verde,1998,9325249.060786506,USD (1),cf,1998,14022603.124131987
56,Cape Verde,1999,12648728.255563963,USD (1),cf,1999,18612943.116916716
56,Cape Verde,2000,11385523.35404344,USD (1),cf,2000,16206821.954559041
56,Cape Verde,2001,7637758.592746336,USD (1),cf,2001,10573216.51273289
56,Cape Verde,2002,7925190.240091185,USD (1),cf,2002,10799829.489859922
56,Cape Verde,2003,7798487.02062668,USD (1),cf,2003,10391276.407482246
56,Cape Verde,2004,10217662.914784338,USD (1),cf,2004,13259768.514845451
56,Cape Verde,2005,20251371.334796727,USD (1),cf,2005,25418430.74127068
56,Cape Verde,2006,20943583.99219634,USD (1),cf,2006,25465747.99722462
56,Cape Verde,2007,23029013.322514325,USD (1),cf,2007,27224830.50473672
56,Cape Verde,2008,37104481.32186602,USD (1),cf,2008,42243053.38495957
56,Cape Verde,2009,35994689.02947014,USD (1),cf,2009,41125787.9858329
56,Cape Verde,2010,32538732.596564937,USD (1),cf,2010,36577296.03823227
56,Cape Verde,2011,41157682.37289852,USD (1),cf,2011,44850143.72423912
56,Cape Verde,2012,37453916.05472029,USD (1),cf,2012,39986635.668851696
56,Cape Verde,2013,48045687.97681039,USD (1),cf,2013,50554114.30004791
56,Cape Verde,2014,47673017.980807014,USD (1),cf,2014,49361238.15906708
56,Cape Verde,2015,50513996.765489236,USD (1),cf,2015,52240851.24551436
56,Cape Verde,2016,41678283.774602935,USD (1),cf,2016,42566077.06663947
56,Cape Verde,2017,33617372.15762168,USD (1),cf,2017,33617372.15762168
56,Cape Verde,2018,49842035.50076672,USD (1),cf,2018,48802488.804702796
56,Cape Verde,2019,30061257.67685679,USD (1),cf,2019,28732460.94375094
59,Belgium,1976,32210298.886875667,USD (1),cf,1976,138738469.038391
59,Belgium,1977,34442116.51377966,USD (1),cf,1977,139294991.0459364
59,Belgium,1978,43805906.78453847,USD (1),cf,1978,164604276.21714225
59,Belgium,1979,47634826.74796157,USD (1),cf,1979,160885000.13249573
59,Belgium,1980,48382552.10254891,USD (1),cf,1980,143911550.35267577
59,Belgium,1981,46105837.194970645,USD (1),cf,1981,124294128.15469576
59,Belgium,1982,43973542.70056064,USD (1),cf,1982,111697165.43473546
59,Belgium,1983,55234250.41275965,USD (1),cf,1983,135933699.26611084
59,Belgium,1984,56389732.05187668,USD (1),cf,1984,133055295.60244823
59,Belgium,1985,53176549.86489412,USD (1),cf,1985,121177072.32092112
59,Belgium,1986,57437861.49313644,USD (1),cf,1986,128449582.69677177
59,Belgium,1987,75504810.33753873,USD (1),cf,1987,162884115.72805166
59,Belgium,1988,74723584.76654524,USD (1),cf,1988,154883072.0581941
59,Belgium,1989,68600791.0435428,USD (1),cf,1989,135644506.45547426
59,Belgium,1990,86397867.07196245,USD (1),cf,1990,162085407.31603926
59,Belgium,1991,98006944.70442152,USD (1),cf,1991,176394209.99611482
59,Belgium,1992,83270606.14334072,USD (1),cf,1992,145465658.26181117
59,Belgium,1993,72820018.35254183,USD (1),cf,1993,123562359.78241073
59,Belgium,1994,86440644.49557668,USD (1),cf,1994,142946835.9711288
59,Belgium,1995,88948720.61444311,USD (1),cf,1995,143080433.12946776
59,Belgium,1996,82352023.76751131,USD (1),cf,1996,128696804.28784917
59,Belgium,1997,68704900.52725887,USD (1),cf,1997,104916934.4213466
59,Belgium,1998,77011607.04024427,USD (1),cf,1998,115804220.82430401
59,Belgium,1999,66469177.99867111,USD (1),cf,1999,97811179.44195373
59,Belgium,2000,58872795.09525173,USD (1),cf,2000,83802990.72832073
59,Belgium,2001,59693053.31219442,USD (1),cf,2001,82635182.7321888
59,Belgium,2002,61438970.06128171,USD (1),cf,2002,83724223.72119823
59,Belgium,2003,58939947.686706126,USD (1),cf,2003,78535911.6755817
59,Belgium,2004,62324852.01378035,USD (1),cf,2004,80880835.20830944
59,Belgium,2005,58391558.44285495,USD (1),cf,2005,73289939.70913553
59,Belgium,2006,54084366.59290847,USD (1),cf,2006,65762328.48960846
59,Belgium,2007,67287610.40441537,USD (1),cf,2007,79547211.2796954
59,Belgium,2008,63985483.386978745,USD (1),cf,2008,72846785.46323508
59,Belgium,2009,61932811.66042831,USD (1),cf,2009,70761430.37735221
59,Belgium,2010,60599789.04879309,USD (1),cf,2010,68121166.59166163
59,Belgium,2011,62026024.58018593,USD (1),cf,2011,67590689.19041795
59,Belgium,2012,70007361.57024987,USD (1),cf,2012,74741419.75320494
59,Belgium,2013,72192112.13752757,USD (1),cf,2013,75961203.64274846
59,Belgium,2014,73230236.37857632,USD (1),cf,2014,75823501.24724562
59,Belgium,2015,68854071.567369,USD (1),cf,2015,71207893.66753024
59,Belgium,2016,70372317.8809237,USD (1),cf,2016,71871325.66391252
59,Belgium,2017,67134911.34936777,USD (1),cf,2017,67134911.34936777
59,Belgium,2018,64628871.15434106,USD (1),cf,2018,63280917.9898319
59,Belgium,2019,94797241.29196323,USD (1),cf,2019,90606922.11469258
60,Gibraltar,1976,220.013185809442,USD (1),cf,1976,947.6562969708547
60,Gibraltar,1977,276.536890464008,USD (1),cf,1977,1118.4040813996974
60,Gibraltar,1978,315.444835093579,USD (1),cf,1978,1185.3097579375087
60,Gibraltar,1979,331.967788172777,USD (1),cf,1979,1121.2098645125657
60,Gibraltar,1980,349.012364056849,USD (1),cf,1980,1038.120318606086
60,Gibraltar,1981,341.187252743845,USD (1),cf,1981,919.787486733198
60,Gibraltar,1982,286.97626777279,USD (1),cf,1982,728.9482195131754
60,Gibraltar,1983,304.102690260098,USD (1),cf,1983,748.4088828022183
60,Gibraltar,1984,288.577059057413,USD (1),cf,1984,680.9166225802519
60,Gibraltar,1985,256.531156501108,USD (1),cf,1985,584.5752419606735
60,Gibraltar,1986,318.138162701973,USD (1),cf,1986,711.4595351686145
60,Gibraltar,1987,367.042531734494,USD (1),cf,1987,791.8091304235074
60,Gibraltar,1988,427.167887073781,USD (1),cf,1988,885.4108758472754
60,Gibraltar,1989,395.286983889202,USD (1),cf,1989,781.6018885830438
60,Gibraltar,1990,436.167402888023,USD (1),cf,1990,818.2652367586788
60,Gibraltar,1991,490.86441412444,USD (1),cf,1991,883.464338224392
60,Gibraltar,1992,522.683312672678,USD (1),cf,1992,913.0769627101555
60,Gibraltar,1993,436.939441017358,USD (1),cf,1993,741.4069597282336
60,Gibraltar,1994,518.178875213335,USD (1),cf,1994,856.9120592641464
60,Gibraltar,1995,529.669752964727,USD (1),cf,1995,852.0120036157733
60,Gibraltar,1996,518.069332355264,USD (1),cf,1996,809.6202670366628
60,Gibraltar,1997,507.984717005155,USD (1),cf,1997,775.7263140193432
60,Gibraltar,1998,498.142793052313,USD (1),cf,1998,749.0693964939582
60,Gibraltar,1999,487.97321296239,USD (1),cf,1999,718.065679958992
60,Gibraltar,2000,467.909517166818,USD (1),cf,2000,666.0498599630182
60,Gibraltar,2001,457.671585462085,USD (1),cf,2001,633.570792537495
60,Gibraltar,2002,462.782015813712,USD (1),cf,2002,630.6431404609717
60,Gibraltar,2003,465.84612640457,USD (1),cf,2003,620.7275654907486
60,Gibraltar,2004,471.371034148724,USD (1),cf,2004,611.7123699952587
60,Gibraltar,2005,497.412622754978,USD (1),cf,2005,624.325537876377
60,Gibraltar,2006,517.037226297886,USD (1),cf,2006,628.6765300051769
60,Gibraltar,2007,532.177937558108,USD (1),cf,2007,629.1391622156565
60,Gibraltar,2008,646.720384809547,USD (1),cf,2008,736.2842106231434
60,Gibraltar,2009,626.596798784167,USD (1),cf,2009,715.9191479137663
60,Gibraltar,2010,636.834215307469,USD (1),cf,2010,715.8752588610571
60,Gibraltar,2011,676.34582409525,USD (1),cf,2011,737.0241876868986
60,Gibraltar,2012,687.518660254481,USD (1),cf,2012,734.0102472320307
60,Gibraltar,2013,1345.81212088454,USD (1),cf,2013,1416.0758779939874
60,Gibraltar,2014,1296.62930335283,USD (1),cf,2014,1342.5461730279326
60,Gibraltar,2015,1196.76139309727,USD (1),cf,2015,1237.6734750056855
60,Gibraltar,2016,1345.91721450517,USD (1),cf,2016,1374.5867317323239
60,Gibraltar,2017,1395.35057288025,USD (1),cf,2017,1395.35057288025
60,Gibraltar,2018,1553.65044269903,USD (1),cf,2018,1521.2462246866821
60,Gibraltar,2019,1495.05715875422,USD (1),cf,2019,1428.9711988880576
61,Tunisia,1976,23547786.405234262,USD (1),cf,1976,101426684.88048075
61,Tunisia,1977,34631655.118219554,USD (1),cf,1977,140061546.09192932
61,Tunisia,1978,38004318.01224058,USD (1),cf,1978,142804332.0801417
61,Tunisia,1979,43415072.075323015,USD (1),cf,1979,146632922.87274992
61,Tunisia,1980,67469198.85006915,USD (1),cf,1980,200683853.69557416
61,Tunisia,1981,47802230.26909089,USD (1),cf,1981,128867338.64133759
61,Tunisia,1982,48644271.27721137,USD (1),cf,1982,123561279.8655305
61,Tunisia,1983,54523783.8179404,USD (1),cf,1983,134185212.56235234
61,Tunisia,1984,57361545.92288405,USD (1),cf,1984,135348354.58982715
61,Tunisia,1985,70513954.21724999,USD (1),cf,1985,160685011.56106052
61,Tunisia,1986,110127167.62197286,USD (1),cf,1986,246279864.13300234
61,Tunisia,1987,106161201.09218489,USD (1),cf,1987,229018168.34220105
61,Tunisia,1988,113807877.1491218,USD (1),cf,1988,235894914.46841484
61,Tunisia,1989,111273720.8603232,USD (1),cf,1989,220021791.55605343
61,Tunisia,1990,108097859.19608334,USD (1),cf,1990,202795348.21380928
61,Tunisia,1991,107615721.70053972,USD (1),cf,1991,193688215.35839653
61,Tunisia,1992,141611152.44242802,USD (1),cf,1992,247380924.20981923
61,Tunisia,1993,135181502.05544594,USD (1),cf,1993,229378483.70260215
61,Tunisia,1994,144926475.01494744,USD (1),cf,1994,239664814.77235746
61,Tunisia,1995,152840960.78796455,USD (1),cf,1995,245855710.10354748
61,Tunisia,1996,151207714.25687233,USD (1),cf,1996,236302020.5000337
61,Tunisia,1997,164436829.58495742,USD (1),cf,1997,251105931.79847863
61,Tunisia,1998,171680332.48162603,USD (1),cf,1998,258159878.72454992
61,Tunisia,1999,160655083.48985493,USD (1),cf,1999,236408267.29950565
61,Tunisia,2000,152157450.98742265,USD (1),cf,2000,216589843.1306572
61,Tunisia,2001,155994261.80506536,USD (1),cf,2001,215948315.8285876
61,Tunisia,2002,151450270.7092861,USD (1),cf,2002,206384585.1395735
61,Tunisia,2003,143749639.52090877,USD (1),cf,2003,191542568.935078
61,Tunisia,2004,173036292.70845053,USD (1),cf,2004,224554402.03074282
61,Tunisia,2005,182642624.82045937,USD (1),cf,2005,229243187.17250615
61,Tunisia,2006,166565791.9061639,USD (1),cf,2006,202530879.30036274
61,Tunisia,2007,165765345.70050275,USD (1),cf,2007,195967294.69269985
61,Tunisia,2008,169504373.88800728,USD (1),cf,2008,192978908.74748755
61,Tunisia,2009,161123593.74595976,USD (1),cf,2009,184092012.86574796
61,Tunisia,2010,157229994.48080143,USD (1),cf,2010,176744685.34220132
61,Tunisia,2011,158605819.91402885,USD (1),cf,2011,172835140.574608
61,Tunisia,2012,182767166.4756491,USD (1),cf,2012,195126301.00982708
61,Tunisia,2013,195726655.75417972,USD (1),cf,2013,205945385.38689935
61,Tunisia,2014,219594440.45367768,USD (1),cf,2014,227370825.9461355
61,Tunisia,2015,220224150.96885735,USD (1),cf,2015,227752659.62113878
61,Tunisia,2016,215674213.9421403,USD (1),cf,2016,220268311.94863647
61,Tunisia,2017,262775840.5594361,USD (1),cf,2017,262775840.5594361
61,Tunisia,2018,245062763.45901155,USD (1),cf,2018,239951531.87461546
61,Tunisia,2019,309360077.5988958,USD (1),cf,2019,295685444.79125845
62,Morocco,1976,81268680.15001415,USD (1),cf,1976,350046185.6744136
62,Morocco,1977,96508775.7964996,USD (1),cf,1977,390312513.31634396
62,Morocco,1978,117096944.84231883,USD (1),cf,1978,440001343.8327366
62,Morocco,1979,111580224.3209095,USD (1),cf,1979,376858396.0562348
62,Morocco,1980,168460730.67308673,USD (1),cf,1980,501078257.9910923
62,Morocco,1981,192468978.545208,USD (1),cf,1981,518866272.48384583
62,Morocco,1982,182393907.95583463,USD (1),cf,1982,463298639.5924618
62,Morocco,1983,215260476.16459617,USD (1),cf,1983,529764640.8192846
62,Morocco,1984,240679068.07494769,USD (1),cf,1984,567898150.6522013
62,Morocco,1985,212061276.40888405,USD (1),cf,1985,483238658.64097184
62,Morocco,1986,324805411.8663087,USD (1),cf,1986,726369654.5677613
62,Morocco,1987,284205095.71729845,USD (1),cf,1987,613106575.5197744
62,Morocco,1988,358719280.3267267,USD (1),cf,1988,743534244.470331
62,Morocco,1989,378498252.4690812,USD (1),cf,1989,748405490.2200813
62,Morocco,1990,471546416.843667,USD (1),cf,1990,884637498.9658475
62,Morocco,1991,500979004.2090732,USD (1),cf,1991,901668712.749016
62,Morocco,1992,492116416.4398584,USD (1),cf,1992,859679564.9072194
62,Morocco,1993,503903891.40679383,USD (1),cf,1993,855033483.022869
62,Morocco,1994,624558605.9451466,USD (1),cf,1994,1032832148.804331
62,Morocco,1995,748850239.8016179,USD (1),cf,1995,1204579626.5508444
62,Morocco,1996,641925411.6642368,USD (1),cf,1996,1003178128.3915604
62,Morocco,1997,684862875.7159235,USD (1),cf,1997,1045830979.5615559
62,Morocco,1998,627672969.8880627,USD (1),cf,1998,943847064.1494275
62,Morocco,1999,745417667.1458114,USD (1),cf,1999,1096902104.0377417
62,Morocco,2000,798635280.5350491,USD (1),cf,2000,1136824315.912028
62,Morocco,2001,730887496.3675982,USD (1),cf,2001,1011793139.5322046
62,Morocco,2002,700768402.3995551,USD (1),cf,2002,954952376.9803741
62,Morocco,2003,650658783.1632295,USD (1),cf,2003,866985512.0515223
62,Morocco,2004,641901285.4918903,USD (1),cf,2004,833014606.7638049
62,Morocco,2005,757113549.3781796,USD (1),cf,2005,950288155.7991067
62,Morocco,2006,710092981.8834329,USD (1),cf,2006,863417118.0051658
62,Morocco,2007,776064449.5841786,USD (1),cf,2007,917461065.5170815
62,Morocco,2008,1015973187.3235068,USD (1),cf,2008,1156674559.5363588
62,Morocco,2009,1087238891.0638185,USD (1),cf,2009,1242226487.5585976
62,Morocco,2010,948776873.6465554,USD (1),cf,2010,1066534858.9902412
62,Morocco,2011,870943267.3320577,USD (1),cf,2011,949079939.9633511
62,Morocco,2012,1013585493.6175908,USD (1),cf,2012,1082126466.917519
62,Morocco,2013,1711803041.4992225,USD (1),cf,2013,1801174887.1384652
62,Morocco,2014,1926146762.2553904,USD (1),cf,2014,1994356411.4040763
62,Morocco,2015,1693383440.5616505,USD (1),cf,2015,1751272876.5195682
62,Morocco,2016,1750207416.9449964,USD (1),cf,2016,1787488760.2181373
62,Morocco,2017,1837385294.1035423,USD (1),cf,2017,1837385294.1035423
62,Morocco,2018,1905824097.0740368,USD (1),cf,2018,1866074654.189389
62,Morocco,2019,2171880723.3784213,USD (1),cf,2019,2075877154.9002254
64,Mauritania,1976,15634407.088119747,USD (1),cf,1976,67341619.87588747
64,Mauritania,1977,19661469.069352504,USD (1),cf,1977,79517301.35021438
64,Mauritania,1978,25112181.340553608,USD (1),cf,1978,94361074.50364247
64,Mauritania,1979,15358875.302625278,USD (1),cf,1979,51874076.67444901
64,Mauritania,1980,14193287.392563349,USD (1),cf,1980,42217243.70668885
64,Mauritania,1981,32533816.7155224,USD (1),cf,1981,87706083.0085443
64,Mauritania,1982,40749476.7776619,USD (1),cf,1982,103507717.81131434
64,Mauritania,1983,67662597.12546362,USD (1),cf,1983,166520357.57675543
64,Mauritania,1984,48838728.17122927,USD (1),cf,1984,115238203.43200694
64,Mauritania,1985,64618093.8480418,USD (1),cf,1985,147249707.8384839
64,Mauritania,1986,100301406.24214412,USD (1),cf,1986,224306292.76200214
64,Mauritania,1987,123559684.56740934,USD (1),cf,1987,266551361.03816503
64,Mauritania,1988,109966361.37127988,USD (1),cf,1988,227932424.8891065
64,Mauritania,1989,106182842.65536186,USD (1),cf,1989,209955586.03520745
64,Mauritania,1990,93253602.59827538,USD (1),cf,1990,174947005.90513316
64,Mauritania,1991,86154096.67760184,USD (1),cf,1991,155061295.57662734
64,Mauritania,1992,74792846.242562145,USD (1),cf,1992,130655835.42433245
64,Mauritania,1993,70189360.64636856,USD (1),cf,1993,119098610.92174861
64,Mauritania,1994,94953972.62019576,USD (1),cf,1994,157025320.99515697
64,Mauritania,1995,108184832.02891012,USD (1),cf,1995,174023105.87277564
64,Mauritania,1996,107881411.52346228,USD (1),cf,1996,168593220.54219285
64,Mauritania,1997,98469448.354434,USD (1),cf,1997,150369370.68862253
64,Mauritania,1998,109837599.98192072,USD (1),cf,1998,165165462.34999296
64,Mauritania,1999,95013936.52866273,USD (1),cf,1999,139815557.753358
64,Mauritania,2000,95205509.43128376,USD (1),cf,2000,135521108.0303951
64,Mauritania,2001,101784169.81781676,USD (1),cf,2001,140903388.34152398
64,Mauritania,2002,106950878.26238409,USD (1),cf,2002,145744293.07468894
64,Mauritania,2003,137306873.19519296,USD (1),cf,2003,182957754.27266264
64,Mauritania,2004,174965935.37853312,USD (1),cf,2004,227058557.36793262
64,Mauritania,2005,194818544.1734649,USD (1),cf,2005,244525745.45802262
64,Mauritania,2006,128760570.95276465,USD (1),cf,2006,156562709.28049502
64,Mauritania,2007,170448352.7285859,USD (1),cf,2007,201503531.56079918
64,Mauritania,2008,151120137.21815473,USD (1),cf,2008,172048652.7940469
64,Mauritania,2009,161641470.22680062,USD (1),cf,2009,184683713.4451438
64,Mauritania,2010,214810772.3650163,USD (1),cf,2010,241472134.46863005
64,Mauritania,2011,283640470.1230465,USD (1),cf,2011,309087274.05423856
64,Mauritania,2012,364234863.3432542,USD (1),cf,2012,388865259.2995048
64,Mauritania,2013,451958533.0785984,USD (1),cf,2013,475554920.79050636
64,Mauritania,2014,428325981.08146095,USD (1),cf,2014,443494069.75639826
64,Mauritania,2015,488255606.72501665,USD (1),cf,2015,504946948.4492675
64,Mauritania,2016,619577471.8366289,USD (1),cf,2016,632775153.5446434
64,Mauritania,2017,1169516866.9549708,USD (1),cf,2017,1169516866.9549708
64,Mauritania,2018,1231992407.5294535,USD (1),cf,2018,1206296955.4084547
64,Mauritania,2019,978906260.5401968,USD (1),cf,2019,935635700.97129035
65,Gambia,1976,3009510.6487864596,USD (1),cf,1976,12962776.3292037
65,Gambia,1977,5646573.713549371,USD (1),cf,1977,22836559.261809573
65,Gambia,1978,6653602.622357821,USD (1),cf,1978,25001455.83737236
65,Gambia,1979,4411629.231196567,USD (1),cf,1979,14900127.026828215
65,Gambia,1980,8222162.136237503,USD (1),cf,1980,24456421.76479298
65,Gambia,1981,11352666.242363518,USD (1),cf,1981,30605013.13225786
65,Gambia,1982,6152139.11054752,USD (1),cf,1982,15627044.304519309
65,Gambia,1983,7550351.092180016,USD (1),cf,1983,18581716.001360882
65,Gambia,1984,8725861.869094975,USD (1),cf,1984,20589247.157806348
65,Gambia,1985,8582196.68878024,USD (1),cf,1985,19556843.59874677
65,Gambia,1986,5954534.339781932,USD (1),cf,1986,13316259.192379288
65,Gambia,1987,24060950.643950503,USD (1),cf,1987,51905920.32078373
65,Gambia,1988,12575442.980816187,USD (1),cf,1988,26065709.33991763
65,Gambia,1989,17584618.40327246,USD (1),cf,1989,34770107.57799797
65,Gambia,1990,28196125.55462332,USD (1),cf,1990,52896913.43246603
65,Gambia,1991,16961856.007452015,USD (1),cf,1991,30528175.31987987
65,Gambia,1992,7509279.888576563,USD (1),cf,1992,13117982.354825528
65,Gambia,1993,11855637.74925749,USD (1),cf,1993,20116866.353035606
65,Gambia,1994,10582359.326512942,USD (1),cf,1994,17500040.538360383
65,Gambia,1995,19693550.421036124,USD (1),cf,1995,31678496.38122085
65,Gambia,1996,18313848.32099328,USD (1),cf,1996,28620228.687738225
65,Gambia,1997,16319363.26149276,USD (1),cf,1997,24920748.767038204
65,Gambia,1998,12119857.233167468,USD (1),cf,1998,18224923.194438923
65,Gambia,1999,15495502.760605004,USD (1),cf,1999,22802048.20783442
65,Gambia,2000,17090305.09336063,USD (1),cf,2000,24327342.99375207
65,Gambia,2001,23140991.71436586,USD (1),cf,2001,32034884.677779466
65,Gambia,2002,23410428.01813639,USD (1),cf,2002,31901900.550163116
65,Gambia,2003,20968168.23338561,USD (1),cf,2003,27939526.12800392
65,Gambia,2004,20116187.65294341,USD (1),cf,2004,26105381.818113323
65,Gambia,2005,32010922.84037381,USD (1),cf,2005,40178386.52655216
65,Gambia,2006,34388078.252886005,USD (1),cf,2006,41813193.731461205
65,Gambia,2007,54994135.766975805,USD (1),cf,2007,65013902.42137085
65,Gambia,2008,51667342.45402832,USD (1),cf,2008,58822714.34039122
65,Gambia,2009,60934436.04380133,USD (1),cf,2009,69620734.7623405
65,Gambia,2010,65395561.37837589,USD (1),cf,2010,73512168.95201881
65,Gambia,2011,50168947.02809796,USD (1),cf,2011,54669853.96110561
65,Gambia,2012,52419799.25868422,USD (1),cf,2012,55964546.1833404
65,Gambia,2013,68370261.8794631,USD (1),cf,2013,71939817.68867256
65,Gambia,2014,83943530.28798462,USD (1),cf,2014,86916179.54890649
65,Gambia,2015,93781496.515208,USD (1),cf,2015,96987479.16893832
65,Gambia,2016,82113842.96937272,USD (1),cf,2016,83862958.15285282
65,Gambia,2017,103157056.3175536,USD (1),cf,2017,103157056.3175536
65,Gambia,2018,85781168.04145353,USD (1),cf,2018,83992045.08678156
65,Gambia,2019,99572700.7678017,USD (1),cf,2019,95171292.12052996
66,Senegal,1976,92254861.8248314,USD (1),cf,1976,397366641.51665425
66,Senegal,1977,108888562.8185953,USD (1),cf,1977,440380351.6764953
66,Senegal,1978,128681152.14911738,USD (1),cf,1978,483529949.8872499
66,Senegal,1979,127425639.32070364,USD (1),cf,1979,430375743.9376443
66,Senegal,1980,156653190.00453958,USD (1),cf,1980,465957301.9931269
66,Senegal,1981,175568118.92648673,USD (1),cf,1981,473304197.50209033
66,Senegal,1982,161727602.11000887,USD (1),cf,1982,410804170.3907204
66,Senegal,1983,161692148.0619339,USD (1),cf,1983,397930842.98406506
66,Senegal,1984,172574587.4839322,USD (1),cf,1984,407201132.4689559
66,Senegal,1985,170933376.93567383,USD (1),cf,1985,389517677.08923477
66,Senegal,1986,238654788.70687145,USD (1),cf,1986,533709076.57568383
66,Senegal,1987,181875562.89885473,USD (1),cf,1987,392354342.76156455
66,Senegal,1988,219703540.1651603,USD (1),cf,1988,455389812.3216892
66,Senegal,1989,263230860.06133375,USD (1),cf,1989,520487002.46337044
66,Senegal,1990,261353339.5645464,USD (1),cf,1990,490307966.30017346
66,Senegal,1991,277460057.4012648,USD (1),cf,1991,499376322.5491588
66,Senegal,1992,312169050.9853783,USD (1),cf,1992,545329001.3571547
66,Senegal,1993,340207043.9508075,USD (1),cf,1993,577269631.5681822
66,Senegal,1994,341596034.1504032,USD (1),cf,1994,564897133.1372305
66,Senegal,1995,359415491.2730959,USD (1),cf,1995,578145742.957935
66,Senegal,1996,372929259.27819914,USD (1),cf,1996,582800539.6689885
66,Senegal,1997,385353760.8794747,USD (1),cf,1997,588460720.3989816
66,Senegal,1998,331228519.4565265,USD (1),cf,1998,498076356.07975507
66,Senegal,1999,348260672.04874575,USD (1),cf,1999,512474926.153236
66,Senegal,2000,294573474.097774,USD (1),cf,2000,419313166.2711899
66,Senegal,2001,290161073.64640164,USD (1),cf,2001,401680128.7938179
66,Senegal,2002,270963565.95526403,USD (1),cf,2002,369247957.66765016
66,Senegal,2003,299939891.3063,USD (1),cf,2003,399661922.62040645
66,Senegal,2004,271099453.3766345,USD (1),cf,2004,351813915.39879185
66,Senegal,2005,245223257.76882488,USD (1),cf,2005,307791027.6147829
66,Senegal,2006,242163590.06875184,USD (1),cf,2006,294451845.54333407
66,Senegal,2007,268203492.9448942,USD (1),cf,2007,317069365.2369593
66,Senegal,2008,315071429.24614155,USD (1),cf,2008,358705437.4986455
66,Senegal,2009,421778116.09834266,USD (1),cf,2009,481903243.15686405
66,Senegal,2010,381355358.3645676,USD (1),cf,2010,428687497.19340676
66,Senegal,2011,366653518.21284986,USD (1),cf,2011,399547837.50584996
66,Senegal,2012,377963704.8649648,USD (1),cf,2012,403522476.53900516
66,Senegal,2013,507018315.58601975,USD (1),cf,2013,533489329.7963559
66,Senegal,2014,545699214.8134993,USD (1),cf,2014,565023781.7221797
66,Senegal,2015,430513293.06172293,USD (1),cf,2015,445230675.4990184
66,Senegal,2016,502019391.26667607,USD (1),cf,2016,512712956.5403595
66,Senegal,2017,773608391.4468832,USD (1),cf,2017,773608391.4468832
66,Senegal,2018,707568903.6031003,USD (1),cf,2018,692811261.6130003
66,Senegal,2019,676949847.1355804,USD (1),cf,2019,647026656.462065
67,Libya,1976,997887.2934051248,USD (1),cf,1976,4298170.465481192
67,Libya,1977,675927.0524319726,USD (1),cf,1977,2733666.285535873
67,Libya,1978,1616744.878829739,USD (1),cf,1978,6075051.063695139
67,Libya,1979,1805215.519874806,USD (1),cf,1979,6097053.752098929
67,Libya,1980,13868252.551081892,USD (1),cf,1980,41250443.36393123
67,Libya,1981,8693027.556090282,USD (1),cf,1981,23435043.08445462
67,Libya,1982,8877794.736569377,USD (1),cf,1982,22550480.277168363
67,Libya,1983,4743651.508798742,USD (1),cf,1983,11674316.077462707
67,Libya,1984,6512377.064433582,USD (1),cf,1984,15366383.627885612
67,Libya,1985,10628940.3091657,USD (1),cf,1985,24220899.471870806
67,Libya,1986,16838399.581028674,USD (1),cf,1986,37656092.04867567
67,Libya,1987,16935825.096591804,USD (1),cf,1987,36535114.55298391
67,Libya,1988,19499337.992157515,USD (1),cf,1988,40417190.64686203
67,Libya,1989,23908959.87878364,USD (1),cf,1989,47275242.942356825
67,Libya,1990,31668235.165885165,USD (1),cf,1990,59410711.97472127
67,Libya,1991,31712510.45169435,USD (1),cf,1991,57076600.489799716
67,Libya,1992,46747089.785918206,USD (1),cf,1992,81662623.85345198
67,Libya,1993,54477847.22008959,USD (1),cf,1993,92439023.09652397
67,Libya,1994,58076148.450827226,USD (1),cf,1994,96040487.83856699
67,Libya,1995,67277672.31069903,USD (1),cf,1995,108220988.76365592
67,Libya,1996,61416011.998489216,USD (1),cf,1996,95978752.12664765
67,Libya,1997,54594093.64309305,USD (1),cf,1997,83368797.54702082
67,Libya,1998,63539065.67108108,USD (1),cf,1998,95545233.69572954
67,Libya,1999,66314420.04420075,USD (1),cf,1999,97583448.95828396
67,Libya,2000,69660357.71055406,USD (1),cf,2000,99158640.28375135
67,Libya,2001,69311165.09285045,USD (1),cf,2001,95949871.4678505
67,Libya,2002,45955979.345338635,USD (1),cf,2002,62625214.78140204
67,Libya,2003,48434285.34248733,USD (1),cf,2003,64537396.19768033
67,Libya,2004,46814637.61346733,USD (1),cf,2004,60752763.4291756
67,Libya,2005,45684507.3201291,USD (1),cf,2005,57340733.42828419
67,Libya,2006,38755384.46259447,USD (1),cf,2006,47123493.9840154
67,Libya,2007,40066031.636486426,USD (1),cf,2007,47365942.47545768
67,Libya,2008,72096024.89152505,USD (1),cf,2008,82080549.83755538
67,Libya,2009,100710513.50314803,USD (1),cf,2009,115066953.9854557
67,Libya,2010,94143218.87001444,USD (1),cf,2010,105827858.42630324
67,Libya,2011,57812483.83279237,USD (1),cf,2011,62999130.64743797
67,Libya,2012,67302971.68313527,USD (1),cf,2012,71854152.82590725
67,Libya,2013,65538188.894686095,USD (1),cf,2013,68959884.47494486
67,Libya,2014,49263708.47302906,USD (1),cf,2014,51008258.95929306
67,Libya,2015,52593774.57514877,USD (1),cf,2015,54391727.63889399
67,Libya,2016,62687546.9751556,USD (1),cf,2016,64022860.68432232
67,Libya,2017,74261574.01595983,USD (1),cf,2017,74261574.01595983
67,Libya,2018,69482066.09145936,USD (1),cf,2018,68032890.68127853
67,Libya,2019,75955355.58383265,USD (1),cf,2019,72597903.62867403
68,Malta,1976,1445953.3381136716,USD (1),cf,1976,6228112.105863804
68,Malta,1977,1304439.3130449182,USD (1),cf,1977,5275571.91085698
68,Malta,1978,1028652.5265605669,USD (1),cf,1978,3865245.968911193
68,Malta,1979,1308542.289657344,USD (1),cf,1979,4419556.88342893
68,Malta,1980,1219138.527504105,USD (1),cf,1980,3626268.3129224787
68,Malta,1981,1041417.3014234024,USD (1),cf,1981,2807498.212824074
68,Malta,1982,1399378.31186267,USD (1),cf,1982,3554559.88320706
68,Malta,1983,1260751.9323291995,USD (1),cf,1983,3102760.9271006854
68,Malta,1984,1644642.8931252798,USD (1),cf,1984,3880643.4849510347
68,Malta,1985,2659573.642592141,USD (1),cf,1985,6060553.918033794
68,Malta,1986,1590194.1333896597,USD (1),cf,1986,3556186.9389090072
68,Malta,1987,1700588.5244060073,USD (1),cf,1987,3668625.3071405855
68,Malta,1988,1812022.6880740328,USD (1),cf,1988,3755864.2488161856
68,Malta,1989,1723019.0170691195,USD (1),cf,1989,3406929.5795057206
68,Malta,1990,1905328.3369484344,USD (1),cf,1990,3574462.310601391
68,Malta,1991,2097442.0822311896,USD (1),cf,1991,3775004.3144757426
68,Malta,1992,1428065.973183906,USD (1),cf,1992,2494692.5025728745
68,Malta,1993,3539364.314624697,USD (1),cf,1993,6005659.1132322475
68,Malta,1994,5398125.106846529,USD (1),cf,1994,8926875.877695581
68,Malta,1995,7649464.210400768,USD (1),cf,1995,12304714.951175874
68,Malta,1996,7391694.606450659,USD (1),cf,1996,11551476.583107641
68,Malta,1997,3306824.3244169657,USD (1),cf,1997,5049739.802041026
68,Malta,1998,3980527.7926134886,USD (1),cf,1998,5985616.15851238
68,Malta,1999,5284731.621672294,USD (1),cf,1999,7776624.422229055
68,Malta,2000,4999421.575430702,USD (1),cf,2000,7116469.996964297
68,Malta,2001,2686911.3518401287,USD (1),cf,2001,3719585.416133225
68,Malta,2002,3232340.757434606,USD (1),cf,2002,4404781.207247936
68,Malta,2003,3890467.011408249,USD (1),cf,2003,5183943.752526221
68,Malta,2004,3516060.7212620405,USD (1),cf,2004,4562897.76213069
68,Malta,2005,5163969.624670873,USD (1),cf,2005,6481536.587558685
68,Malta,2006,4302543.831350463,USD (1),cf,2006,5231554.303074845
68,Malta,2007,4850481.080998141,USD (1),cf,2007,5734224.1913379915
68,Malta,2008,7341016.408598721,USD (1),cf,2008,8357668.319312983
68,Malta,2009,7647977.048922231,USD (1),cf,2009,8738208.08333628
68,Malta,2010,6090811.239779697,USD (1),cf,2010,6846775.766980352
68,Malta,2011,7437665.276102726,USD (1),cf,2011,8104935.394167036
68,Malta,2012,6786757.553149077,USD (1),cf,2012,7245693.648005007
68,Malta,2013,5402114.046243533,USD (1),cf,2013,5684154.030378401
68,Malta,2014,5844491.837679831,USD (1),cf,2014,6051459.834881512
68,Malta,2015,6121828.340097177,USD (1),cf,2015,6331107.1018653205
68,Malta,2016,8770459.25877613,USD (1),cf,2016,8957279.688814227
68,Malta,2017,6868077.9084771145,USD (1),cf,2017,6868077.9084771145
68,Malta,2018,7701005.156043127,USD (1),cf,2018,7540386.626203737
68,Malta,2019,8175388.136286566,USD (1),cf,2019,7814011.737329934
69,Latvia,1992,67587896.1537951,USD (1),cf,1992,118069487.66073075
69,Latvia,1993,55624416.38459392,USD (1),cf,1993,94384542.95253423
69,Latvia,1994,63269064.57220255,USD (1),cf,1994,104628009.75427938
69,Latvia,1995,65736566.31293943,USD (1),cf,1995,105742008.60368653
69,Latvia,1996,58201903.954914786,USD (1),cf,1996,90955858.76082501
69,Latvia,1997,27676676.486985065,USD (1),cf,1997,42264118.420981705
69,Latvia,1998,32193175.61031927,USD (1),cf,1998,48409658.76046191
69,Latvia,1999,46138123.56427247,USD (1),cf,1999,67893487.16107655
69,Latvia,2000,55325562.985982075,USD (1),cf,2000,78753652.42047636
69,Latvia,2001,48324940.08155639,USD (1),cf,2001,66897905.745855115
69,Latvia,2002,39446237.01536416,USD (1),cf,2002,53754247.0119471
69,Latvia,2003,45278344.43295413,USD (1),cf,2003,60332188.92735971
69,Latvia,2004,44791135.4096288,USD (1),cf,2004,58126803.75170812
69,Latvia,2005,50397567.735042565,USD (1),cf,2005,63256313.057702154
69,Latvia,2006,52643407.22246106,USD (1),cf,2006,64010235.427803665
69,Latvia,2007,64601437.52184167,USD (1),cf,2007,76371625.75154807
69,Latvia,2008,72692388.54072584,USD (1),cf,2008,82759503.44565211
69,Latvia,2009,84668982.07230921,USD (1),cf,2009,96738677.276283
69,Latvia,2010,79032954.51843387,USD (1),cf,2010,88842174.95619607
69,Latvia,2011,82130001.7527935,USD (1),cf,2011,89498294.6151102
69,Latvia,2012,49121224.731210545,USD (1),cf,2012,52442914.48896858
69,Latvia,2013,79652305.67369731,USD (1),cf,2013,83810887.82065085
69,Latvia,2014,84374607.55282576,USD (1),cf,2014,87362522.33222575
69,Latvia,2015,59468195.59651209,USD (1),cf,2015,61501155.30194974
69,Latvia,2016,89264946.53104442,USD (1),cf,2016,91166388.08686377
69,Latvia,2017,34096700.98643624,USD (1),cf,2017,34096700.98643624
69,Latvia,2018,33843576.008709535,USD (1),cf,2018,33137706.40949742
69,Latvia,2019,30158688.29757516,USD (1),cf,2019,28825584.84211236
70,Estonia,1992,42257801.649811275,USD (1),cf,1992,73820273.66421947
70,Estonia,1993,48326700.95230555,USD (1),cf,1993,82001643.85096332
70,Estonia,1994,47309656.15132466,USD (1),cf,1994,78235946.72596376
70,Estonia,1995,51966754.94555154,USD (1),cf,1995,83592273.77954093
70,Estonia,1996,40170768.93055304,USD (1),cf,1996,62777444.32538589
70,Estonia,1997,36526122.55508798,USD (1),cf,1997,55777808.79338869
70,Estonia,1998,45245708.65843493,USD (1),cf,1998,68037069.19264027
70,Estonia,1999,49652131.95896541,USD (1),cf,1999,73064444.82901575
70,Estonia,2000,49666673.356768616,USD (1),cf,2000,70698456.90339085
70,Estonia,2001,46811569.62839762,USD (1),cf,2001,64802894.065279506
70,Estonia,2002,50871480.26553824,USD (1),cf,2002,69323675.03120854
70,Estonia,2003,49283465.52673354,USD (1),cf,2003,65668906.19326278
70,Estonia,2004,52024398.42323531,USD (1),cf,2004,67513626.74316126
70,Estonia,2005,46841706.933120735,USD (1),cf,2005,58793188.06606531
70,Estonia,2006,35047504.764573745,USD (1),cf,2006,42615004.413700975
70,Estonia,2007,63061352.28338179,USD (1),cf,2007,74550941.6000944
70,Estonia,2008,60107995.074921325,USD (1),cf,2008,68432306.67440826
70,Estonia,2009,47881144.20412165,USD (1),cf,2009,54706675.85002847
70,Estonia,2010,51864224.53627061,USD (1),cf,2010,58301382.48398737
70,Estonia,2011,57218914.45022688,USD (1),cf,2011,62352309.1894858
70,Estonia,2012,42639909.00198797,USD (1),cf,2012,45523317.340820484
70,Estonia,2013,54208652.627925776,USD (1),cf,2013,57038842.32704631
70,Estonia,2014,58247475.92011599,USD (1),cf,2014,60310163.96350033
70,Estonia,2015,53949447.92110067,USD (1),cf,2015,55793745.57725215
70,Estonia,2016,59194758.26888911,USD (1),cf,2016,60455671.73641694
70,Estonia,2017,66035766.982151024,USD (1),cf,2017,66035766.982151024
70,Estonia,2018,72788395.78549878,USD (1),cf,2018,71270260.8299261
70,Estonia,2019,72234570.85618226,USD (1),cf,2019,69041588.61961757
71,Bulgaria,1976,36010257.802765325,USD (1),cf,1976,155105919.84196386
71,Bulgaria,1977,41705642.15088468,USD (1),cf,1977,168671023.6767325
71,Bulgaria,1978,29980377.073483497,USD (1),cf,1978,112653717.98306331
71,Bulgaria,1979,26829954.78792463,USD (1),cf,1979,90617255.78323479
71,Bulgaria,1980,33133503.713371582,USD (1),cf,1980,98553996.86029044
71,Bulgaria,1981,29218077.546649765,USD (1),cf,1981,78767368.64488113
71,Bulgaria,1982,24122283.076339815,USD (1),cf,1982,61272994.57742112
71,Bulgaria,1983,28519053.808007635,USD (1),cf,1983,70186531.99276853
71,Bulgaria,1984,35451172.77042242,USD (1),cf,1984,83649382.62310888
71,Bulgaria,1985,32739277.539015885,USD (1),cf,1985,74605250.09914416
71,Bulgaria,1986,39560753.783719406,USD (1),cf,1986,88470604.27721035
71,Bulgaria,1987,44446688.473769344,USD (1),cf,1987,95883421.42342636
71,Bulgaria,1988,42832355.84842244,USD (1),cf,1988,88780629.0078251
71,Bulgaria,1989,40181230.27651003,USD (1),cf,1989,79450441.70367463
71,Bulgaria,1990,21124614.256411366,USD (1),cf,1990,39630511.98118974
71,Bulgaria,1991,26010838.23699459,USD (1),cf,1991,46814654.573599875
71,Bulgaria,1992,17619216.24641784,USD (1),cf,1992,30779058.878597282
71,Bulgaria,1993,6340195.122729149,USD (1),cf,1993,10758160.854239874
71,Bulgaria,1994,13808677.168263514,USD (1),cf,1994,22835400.194766525
71,Bulgaria,1995,18121520.152896747,USD (1),cf,1995,29149772.301725853
71,Bulgaria,1996,17219566.44271955,USD (1),cf,1996,26910124.014154073
71,Bulgaria,1997,24825895.590635147,USD (1),cf,1997,37910787.143931024
71,Bulgaria,1998,25958241.79864353,USD (1),cf,1998,39034037.60799197
71,Bulgaria,1999,17166830.348748785,USD (1),cf,1999,25261451.611822467
71,Bulgaria,2000,17758920.050762683,USD (1),cf,2000,25279088.753152918
71,Bulgaria,2001,15821715.652283449,USD (1),cf,2001,21902554.677934118
71,Bulgaria,2002,5484270.860351675,USD (1),cf,2002,7473535.445039865
71,Bulgaria,2003,2897744.090694776,USD (1),cf,2003,3861166.880821198
71,Bulgaria,2004,9718175.772613486,USD (1),cf,2004,12611569.025729012
71,Bulgaria,2005,2377734.538149964,USD (1),cf,2005,2984404.348719071
71,Bulgaria,2006,10470367.740940752,USD (1),cf,2006,12731142.21655743
71,Bulgaria,2007,15541079.10898354,USD (1),cf,2007,18372617.127679307
71,Bulgaria,2008,11784996.135649124,USD (1),cf,2008,13417091.498497508
71,Bulgaria,2009,9365908.12579576,USD (1),cf,2009,10701032.909630226
71,Bulgaria,2010,19194944.443872582,USD (1),cf,2010,21577335.972669955
71,Bulgaria,2011,13366336.37949622,USD (1),cf,2011,14565497.207920482
71,Bulgaria,2012,14478545.25739694,USD (1),cf,2012,15457617.659436913
71,Bulgaria,2013,18200740.79372335,USD (1),cf,2013,19150986.67908635
71,Bulgaria,2014,15098620.096155746,USD (1),cf,2014,15633299.79947294
71,Bulgaria,2015,12221622.818933329,USD (1),cf,2015,12639427.100309676
71,Bulgaria,2016,12504100.87138697,USD (1),cf,2016,12770451.974916095
71,Bulgaria,2017,11301308.27600939,USD (1),cf,2017,11301308.27600939
71,Bulgaria,2018,12015923.564216789,USD (1),cf,2018,11765309.52897848
71,Bulgaria,2019,12240869.67704151,USD (1),cf,2019,11699786.938186256
72,Romania,1976,17555664.205759138,USD (1),cf,1976,75616993.91282351
72,Romania,1977,33884351.97914529,USD (1),cf,1977,137039211.96724498
72,Romania,1978,33325197.5614459,USD (1),cf,1978,125222154.43172158
72,Romania,1979,43654370.2822407,USD (1),cf,1979,147441144.3921723
72,Romania,1980,36497674.36406817,USD (1),cf,1980,108560558.9979502
72,Romania,1981,51995292.220339105,USD (1),cf,1981,140171178.05162975
72,Romania,1982,55276912.05141966,USD (1),cf,1982,140408846.11396176
72,Romania,1983,62431545.38244366,USD (1),cf,1983,153646530.03012732
72,Romania,1984,65168881.840981275,USD (1),cf,1984,153770279.12556303
72,Romania,1985,61812550.864318065,USD (1),cf,1985,140856523.51377872
72,Romania,1986,67711053.89969397,USD (1),cf,1986,151423754.1454014
72,Romania,1987,62083929.955015585,USD (1),cf,1987,133931679.13988371
72,Romania,1988,80689746.37373337,USD (1),cf,1988,167249414.50554767
72,Romania,1989,63287824.96332734,USD (1),cf,1989,125139166.05337787
72,Romania,1990,41235942.49106109,USD (1),cf,1990,77360064.09923741
72,Romania,1991,43399850.33112207,USD (1),cf,1991,78111631.13181435
72,Romania,1992,36802961.90628069,USD (1),cf,1992,64291198.63095429
72,Romania,1993,2370211.765914137,USD (1),cf,1993,4021819.351411395
72,Romania,1994,2833967.641344322,USD (1),cf,1994,4686530.39248757
72,Romania,1995,17381252.04855243,USD (1),cf,1995,27958997.659101974
72,Romania,1996,6541218.867297895,USD (1),cf,1996,10222383.444336623
72,Romania,1997,688761.8364195417,USD (1),cf,1997,1051784.9508403675
72,Romania,1998,1144689.3799206356,USD (1),cf,1998,1721297.1761294708
72,Romania,1999,740172.3564614136,USD (1),cf,1999,1089183.4885827606
72,Romania,2000,784350.3788464773,USD (1),cf,2000,1116490.3487235243
72,Romania,2001,645778.220142662,USD (1),cf,2001,893973.3899497989
72,Romania,2002,604760.338532735,USD (1),cf,2002,824120.0956090051
72,Romania,2003,626826.7592622117,USD (1),cf,2003,835229.9744645279
72,Romania,2004,982207.5077974212,USD (1),cf,2004,1274640.2279617535
72,Romania,2005,1053988.1404924842,USD (1),cf,2005,1322909.1555491837
72,Romania,2006,451358.25581915333,USD (1),cf,2006,548816.0767249854
72,Romania,2007,822695.0607736558,USD (1),cf,2007,972587.6342582902
72,Romania,2008,583454.035588937,USD (1),cf,2008,664256.1516829216
72,Romania,2009,669955.398726249,USD (1),cf,2009,765458.5837766703
72,Romania,2010,632292.0949008833,USD (1),cf,2010,710769.3905774682
72,Romania,2011,1345244.5193136295,USD (1),cf,2011,1465933.1273519476
72,Romania,2012,2222511.0889025186,USD (1),cf,2012,2372802.3807200147
72,Romania,2013,4810636.070094072,USD (1),cf,2013,5061795.469779725
72,Romania,2014,5375464.317708181,USD (1),cf,2014,5565822.883476463
72,Romania,2015,11180967.222755034,USD (1),cf,2015,11563196.002419122
72,Romania,2016,16188969.89261469,USD (1),cf,2016,16533812.759786747
72,Romania,2017,21051864.20751028,USD (1),cf,2017,21051864.20751028
72,Romania,2018,18753152.36889836,USD (1),cf,2018,18362021.120144047
72,Romania,2019,15627971.646843608,USD (1),cf,2019,14937168.95679568
73,Russia,1976,3793616137.3262086,USD (1),cf,1976,16340130740.805574
73,Russia,1977,4039193824.385993,USD (1),cf,1977,16335798276.959742
73,Russia,1978,4588160741.96321,USD (1),cf,1978,17240389105.820847
73,Russia,1979,4756970630.311577,USD (1),cf,1979,16066505805.454762
73,Russia,1980,5156701131.760956,USD (1),cf,1980,15338356955.709675
73,Russia,1981,5150163110.633702,USD (1),cf,1981,13884034487.5143
73,Russia,1982,5652894043.944611,USD (1),cf,1982,14358912255.742857
73,Russia,1983,4573003391.858321,USD (1),cf,1983,11254344236.889877
73,Russia,1984,6388398332.111194,USD (1),cf,1984,15073847623.947937
73,Russia,1985,7679641816.736883,USD (1),cf,1985,17500129553.155777
73,Russia,1986,9720858382.54242,USD (1),cf,1986,21738974436.59521
73,Russia,1987,8680334362.435303,USD (1),cf,1987,18725808071.41174
73,Russia,1988,7297621741.891995,USD (1),cf,1988,15126122196.013042
73,Russia,1989,7410226856.679411,USD (1),cf,1989,14652259097.994637
73,Russia,1990,7195685038.942266,USD (1),cf,1990,13499355713.069174
73,Russia,1991,8902101844.828613,USD (1),cf,1991,16022121972.675447
73,Russia,1992,8439812272.44637,USD (1),cf,1992,14743532017.81881
73,Russia,1993,5649976356.889595,USD (1),cf,1993,9586984831.45518
73,Russia,1994,5324237554.855129,USD (1),cf,1994,8804688082.40024
73,Russia,1995,5247284053.973242,USD (1),cf,1995,8440634896.258776
73,Russia,1996,5549421835.713898,USD (1),cf,1996,8672438432.330845
73,Russia,1997,4944026483.057834,USD (1),cf,1997,7549855953.791521
73,Russia,1998,3711257782.3115687,USD (1),cf,1998,5580708314.97042
73,Russia,1999,3601878998.8443685,USD (1),cf,1999,5300261620.374104
73,Russia,2000,3396596567.2591243,USD (1),cf,2000,4834914839.244992
73,Russia,2001,3203209003.757033,USD (1),cf,2001,4434314324.155722
73,Russia,2002,2730445002.885251,USD (1),cf,2002,3720836922.4284396
73,Russia,2003,2894941550.3654685,USD (1),cf,2003,3857432570.41869
73,Russia,2004,2428557180.521746,USD (1),cf,2004,3151611704.88308
73,Russia,2005,2577339056.568134,USD (1),cf,2005,3234937191.3191776
73,Russia,2006,2661591007.1888294,USD (1),cf,2006,3236284958.964276
73,Russia,2007,2995028137.684994,USD (1),cf,2007,3540713284.736106
73,Russia,2008,3226511781.3342357,USD (1),cf,2008,3673349001.8032293
73,Russia,2009,4172161838.478507,USD (1),cf,2009,4766910003.622156
73,Russia,2010,4488970578.055619,USD (1),cf,2010,5046121733.634726
73,Russia,2011,4751279815.698295,USD (1),cf,2011,5177540870.193991
73,Russia,2012,5077160907.732672,USD (1),cf,2012,5420490160.575784
73,Russia,2013,4705587664.561026,USD (1),cf,2013,4951262572.365109
73,Russia,2014,4782538392.440222,USD (1),cf,2014,4951899975.981495
73,Russia,2015,4629343624.582921,USD (1),cf,2015,4787600806.543791
73,Russia,2016,5076061956.677578,USD (1),cf,2016,5184187660.208736
73,Russia,2017,5742260809.103956,USD (1),cf,2017,5742260809.103956
73,Russia,2018,7065712019.8182335,USD (1),cf,2018,6918343688.815215
73,Russia,2019,6952137023.421425,USD (1),cf,2019,6644831951.087787
74,Georgia,1992,19348626.20268353,USD (1),cf,1992,33800170.04067614
74,Georgia,1993,9430679.97813055,USD (1),cf,1993,16002152.963064577
74,Georgia,1994,3375544.619984489,USD (1),cf,1994,5582135.879734684
74,Georgia,1995,4663637.242370434,USD (1),cf,1995,7501796.900367435
74,Georgia,1996,4361865.696476427,USD (1),cf,1996,6816568.071892011
74,Georgia,1997,2114406.9435747564,USD (1),cf,1997,3228839.470498296
74,Georgia,1998,2125390.998953444,USD (1),cf,1998,3196001.9799635136
74,Georgia,1999,1441599.773912136,USD (1),cf,1999,2121352.7595063522
74,Georgia,2000,2530505.5752258957,USD (1),cf,2000,3602070.105819101
74,Georgia,2001,2879797.142339481,USD (1),cf,2001,3986603.96619792
74,Georgia,2002,2917838.335669282,USD (1),cf,2002,3976201.9017277663
74,Georgia,2003,3351942.4150954857,USD (1),cf,2003,4466374.060134268
74,Georgia,2004,9613713.175226772,USD (1),cf,2004,12476004.770834373
74,Georgia,2005,8706774.222112132,USD (1),cf,2005,10928274.134422194
74,Georgia,2006,12986399.262326255,USD (1),cf,2006,15790438.309363255
74,Georgia,2007,30101954.616100214,USD (1),cf,2007,35586440.49605898
74,Georgia,2008,36895074.049026504,USD (1),cf,2008,42004645.45441816
74,Georgia,2009,35994476.693400204,USD (1),cf,2009,41125545.38092564
74,Georgia,2010,31674461.77840455,USD (1),cf,2010,35605755.75222878
74,Georgia,2011,13998174.799626978,USD (1),cf,2011,15254021.010028949
74,Georgia,2012,7898040.666999622,USD (1),cf,2012,8432124.272070244
74,Georgia,2013,20862300.011809856,USD (1),cf,2013,21951503.740938693
74,Georgia,2014,36108690.16776778,USD (1),cf,2014,37387388.72585589
74,Georgia,2015,32762709.600259177,USD (1),cf,2015,33882724.55598769
74,Georgia,2016,63651675.44242923,USD (1),cf,2016,65007526.14852548
74,Georgia,2017,227762219.38167277,USD (1),cf,2017,227762219.38167277
74,Georgia,2018,312096243.4776495,USD (1),cf,2018,305586906.2184166
74,Georgia,2019,368625892.1114944,USD (1),cf,2019,352331534.55528724
75,Ukraine,1992,318354546.3312516,USD (1),cf,1992,556134460.7363499
75,Ukraine,1993,116859813.7590198,USD (1),cf,1993,198289902.67335597
75,Ukraine,1994,158566321.4472187,USD (1),cf,1994,262221019.69196606
75,Ukraine,1995,331222410.8972281,USD (1),cf,1995,532795139.55894625
75,Ukraine,1996,245127508.9858868,USD (1),cf,1996,383076524.48937535
75,Ukraine,1997,205930266.81512383,USD (1),cf,1997,314469159.157587
75,Ukraine,1998,200482929.8660077,USD (1),cf,1998,301471042.7945508
75,Ukraine,1999,242370763.53429657,USD (1),cf,1999,356655083.714295
75,Ukraine,2000,216727320.15487364,USD (1),cf,2000,308502383.35257035
75,Ukraine,2001,158116781.30801517,USD (1),cf,2001,218886593.8567122
75,Ukraine,2002,182387191.17033404,USD (1),cf,2002,248543001.00074688
75,Ukraine,2003,178613124.59070036,USD (1),cf,2003,237997234.9401799
75,Ukraine,2004,181265921.91747636,USD (1),cf,2004,235234239.40498218
75,Ukraine,2005,183781020.7912179,USD (1),cf,2005,230672040.49115267
75,Ukraine,2006,187936699.52459764,USD (1),cf,2006,228516219.15842056
75,Ukraine,2007,124434946.0759434,USD (1),cf,2007,147106620.17254585
75,Ukraine,2008,170845781.4388237,USD (1),cf,2008,194506086.83383724
75,Ukraine,2009,137950323.88265112,USD (1),cf,2009,157615357.308128
75,Ukraine,2010,147724576.25690845,USD (1),cf,2010,166059496.68862587
75,Ukraine,2011,109185970.20667396,USD (1),cf,2011,118981589.1981419
75,Ukraine,2012,105368172.86499444,USD (1),cf,2012,112493410.12270775
75,Ukraine,2013,238970161.88468215,USD (1),cf,2013,251446599.8291069
75,Ukraine,2014,163627521.60502025,USD (1),cf,2014,169421979.25407225
75,Ukraine,2015,152435109.11665943,USD (1),cf,2015,157646204.41591442
75,Ukraine,2016,95871874.1297435,USD (1),cf,2016,97914050.51127729
75,Ukraine,2017,186711409.62888715,USD (1),cf,2017,186711409.62888715
75,Ukraine,2018,127865057.272715,USD (1),cf,2018,125198197.93411857
75,Ukraine,2019,149438301.82875457,USD (1),cf,2019,142832685.74291095
76,Turkey,1976,57279940.7227318,USD (1),cf,1976,246720196.86596686
76,Turkey,1977,79769659.46354407,USD (1),cf,1977,322614145.86023635
76,Turkey,1978,113355319.69009224,USD (1),cf,1978,425941881.41623217
76,Turkey,1979,187354668.5261241,USD (1),cf,1979,632783992.8994609
76,Turkey,1980,287824801.44172144,USD (1),cf,1980,856120886.6707761
76,Turkey,1981,374660023.66199386,USD (1),cf,1981,1010024843.460927
76,Turkey,1982,346415350.5063839,USD (1),cf,1982,879929392.5015079
76,Turkey,1983,373142415.932201,USD (1),cf,1983,918318408.8081775
76,Turkey,1984,336346018.51426935,USD (1),cf,1984,793630636.105022
76,Turkey,1985,327668979.4351433,USD (1),cf,1985,746681906.2014345
76,Turkey,1986,410574762.83519894,USD (1),cf,1986,918177584.9769286
76,Turkey,1987,590016382.2960062,USD (1),cf,1987,1272823496.486142
76,Turkey,1988,463673856.5674898,USD (1),cf,1988,961078507.7109408
76,Turkey,1989,293348138.1204267,USD (1),cf,1989,580037967.6339461
76,Turkey,1990,284024742.8415806,USD (1),cf,1990,532840308.3488903
76,Turkey,1991,284819668.15931845,USD (1),cf,1991,512622248.4318704
76,Turkey,1992,410844880.7177681,USD (1),cf,1992,717706088.4392856
76,Turkey,1993,517959907.5302349,USD (1),cf,1993,878883992.273549
76,Turkey,1994,487653479.1239055,USD (1),cf,1994,806432232.1733996
76,Turkey,1995,599337942.6032995,USD (1),cf,1995,964078311.9333577
76,Turkey,1996,574228606.384827,USD (1),cf,1996,897383976.6345522
76,Turkey,1997,417331362.1090292,USD (1),cf,1997,637292635.8141278
76,Turkey,1998,487634479.35244864,USD (1),cf,1998,733267790.3860084
76,Turkey,1999,619939459.9686083,USD (1),cf,1999,912257554.3712866
76,Turkey,2000,525259481.1565985,USD (1),cf,2000,747685163.5481325
76,Turkey,2001,393723573.5315364,USD (1),cf,2001,545045321.682387
76,Turkey,2002,335208064.80426854,USD (1),cf,2002,456795336.6215171
76,Turkey,2003,377845131.6947835,USD (1),cf,2003,503468582.08228606
76,Turkey,2004,412209383.8363673,USD (1),cf,2004,534936516.7849318
76,Turkey,2005,348363960.2168879,USD (1),cf,2005,437247683.0896361
76,Turkey,2006,498566656.42698145,USD (1),cf,2006,606217772.3315692
76,Turkey,2007,542888755.6350824,USD (1),cf,2007,641801459.2332891
76,Turkey,2008,425408787.3563334,USD (1),cf,2008,484323334.3928805
76,Turkey,2009,374369702.0112563,USD (1),cf,2009,427736685.83798313
76,Turkey,2010,361774771.3150386,USD (1),cf,2010,406676654.36209726
76,Turkey,2011,309842022.15418756,USD (1),cf,2011,337639498.2477129
76,Turkey,2012,355214006.44241583,USD (1),cf,2012,379234391.38738406
76,Turkey,2013,450078876.3032534,USD (1),cf,2013,473577128.66249037
76,Turkey,2014,400814704.9948461,USD (1),cf,2014,415008550.9348719
76,Turkey,2015,477570896.4116139,USD (1),cf,2015,493896974.2277616
76,Turkey,2016,434835311.4337417,USD (1),cf,2016,444097781.902037
76,Turkey,2017,500759306.4080379,USD (1),cf,2017,500759306.4080379
76,Turkey,2018,467668749.7054004,USD (1),cf,2018,457914663.64683414
76,Turkey,2019,681217830.6683847,USD (1),cf,2019,651105982.4664217
77,Syria,1976,1075627.9738376983,USD (1),cf,1976,4633020.602174979
77,Syria,1977,1240428.908045721,USD (1),cf,1977,5016693.256066916
77,Syria,1978,1242827.3286282856,USD (1),cf,1978,4670025.298139681
77,Syria,1979,981223.2944496988,USD (1),cf,1979,3314048.1583530298
77,Syria,1980,1366232.0924486886,USD (1),cf,1980,4063790.9746706556
77,Syria,1981,777648.0010515517,USD (1),cf,1981,2096417.420926654
77,Syria,1982,918349.9609975396,USD (1),cf,1982,2332700.1014911914
77,Syria,1983,758058.8827141786,USD (1),cf,1983,1865613.2276408803
77,Syria,1984,1283275.703904725,USD (1),cf,1984,3027973.74467752
77,Syria,1985,1049356.2192683956,USD (1),cf,1985,2391240.4019396775
77,Syria,1986,920319.4304667054,USD (1),cf,1986,2058131.0605602034
77,Syria,1987,1583002.2701833197,USD (1),cf,1987,3414960.236594556
77,Syria,1988,1636177.018238347,USD (1),cf,1988,3391380.6973729255
77,Syria,1989,1968217.47575886,USD (1),cf,1989,3891761.072068276
77,Syria,1990,2309688.5298556974,USD (1),cf,1990,4333056.113793033
77,Syria,1991,1739439.537089442,USD (1),cf,1991,3130666.545174502
77,Syria,1992,3399486.413586611,USD (1),cf,1992,5938572.466414148
77,Syria,1993,3368626.502726955,USD (1),cf,1993,5715948.02252591
77,Syria,1994,3239372.8850207417,USD (1),cf,1994,5356948.77272783
77,Syria,1995,2734311.767631794,USD (1),cf,1995,4398337.708752069
77,Syria,1996,4064180.975646342,USD (1),cf,1996,6351357.012060516
77,Syria,1997,3559230.612701556,USD (1),cf,1997,5435180.92475953
77,Syria,1998,3925757.62367149,USD (1),cf,1998,5903256.927449598
77,Syria,1999,3792895.135961079,USD (1),cf,1999,5581346.9929689765
77,Syria,2000,3848816.51489027,USD (1),cf,2000,5478631.24539115
77,Syria,2001,3893633.888356729,USD (1),cf,2001,5390093.654178551
77,Syria,2002,4173109.171561802,USD (1),cf,2002,5686786.831620525
77,Syria,2003,6508156.640399828,USD (1),cf,2003,8671945.516445972
77,Syria,2004,6208391.03769263,USD (1),cf,2004,8056815.799856807
77,Syria,2005,6374951.19228548,USD (1),cf,2005,8001495.438566354
77,Syria,2006,5409822.253083455,USD (1),cf,2006,6577917.621842232
77,Syria,2007,4630181.945461867,USD (1),cf,2007,5473787.213803591
77,Syria,2008,5759184.798233741,USD (1),cf,2008,6556770.0239557065
77,Syria,2009,5409316.158415933,USD (1),cf,2009,6180422.5978231365
77,Syria,2010,5619149.115695242,USD (1),cf,2010,6316573.028091873
77,Syria,2011,4437764.697452415,USD (1),cf,2011,4835898.744049674
77,Syria,2012,3815618.594810417,USD (1),cf,2012,4073639.4661393827
77,Syria,2013,3273500.4527366776,USD (1),cf,2013,3444407.251047858
77,Syria,2014,2609079.3200360145,USD (1),cf,2014,2701473.3102075444
77,Syria,2015,2657593.3613852123,USD (1),cf,2015,2748444.952945048
77,Syria,2016,3051710.8729724586,USD (1),cf,2016,3116715.6715604183
77,Syria,2017,3567685.272943959,USD (1),cf,2017,3567685.272943959
77,Syria,2018,3268914.310785059,USD (1),cf,2018,3200735.131557108
77,Syria,2019,3441748.9103371194,USD (1),cf,2019,3289613.4023225135
78,Lebanon,1976,424772.6751171534,USD (1),cf,1976,1829610.7975299826
78,Lebanon,1977,447046.6138502904,USD (1),cf,1977,1808000.2153316785
78,Lebanon,1978,560754.000982361,USD (1),cf,1978,2107079.0047005005
78,Lebanon,1979,576632.7749423143,USD (1),cf,1979,1947557.4995549987
78,Lebanon,1980,733624.6060630779,USD (1),cf,1980,2182130.7443979685
78,Lebanon,1981,885894.9112864677,USD (1),cf,1981,2388234.165869226
78,Lebanon,1982,766374.4171208412,USD (1),cf,1982,1946667.12748173
78,Lebanon,1983,655096.475595852,USD (1),cf,1983,1612218.6259155665
78,Lebanon,1984,638580.6568681139,USD (1),cf,1984,1506773.2187027608
78,Lebanon,1985,637476.8692131484,USD (1),cf,1985,1452662.5153346597
78,Lebanon,1986,429455.8491370247,USD (1),cf,1986,960401.7833242342
78,Lebanon,1987,1313448.1413603888,USD (1),cf,1987,2833459.7240061597
78,Lebanon,1988,2129932.450575409,USD (1),cf,1988,4414810.69534091
78,Lebanon,1989,2244912.788571546,USD (1),cf,1989,4438871.3688168535
78,Lebanon,1990,2218231.9508254286,USD (1),cf,1990,4161480.386680399
78,Lebanon,1991,2264882.228718395,USD (1),cf,1991,4076365.329762161
78,Lebanon,1992,2573408.0809465484,USD (1),cf,1992,4495493.882040039
78,Lebanon,1993,3168885.798798639,USD (1),cf,1993,5377024.285889402
78,Lebanon,1994,3962304.4336617216,USD (1),cf,1994,6552460.191054014
78,Lebanon,1995,8448454.235918999,USD (1),cf,1995,13589948.039719142
78,Lebanon,1996,7577545.006676708,USD (1),cf,1996,11841916.957132138
78,Lebanon,1997,6045647.302323758,USD (1),cf,1997,9232103.921041789
78,Lebanon,1998,5897083.635051204,USD (1),cf,1998,8867587.649949824
78,Lebanon,1999,6049190.951812473,USD (1),cf,1999,8901546.844436709
78,Lebanon,2000,5071897.771996103,USD (1),cf,2000,7219636.867485179
78,Lebanon,2001,5638943.698252697,USD (1),cf,2001,7806187.103289692
78,Lebanon,2002,4830339.388176878,USD (1),cf,2002,6582408.773806843
78,Lebanon,2003,5344433.236277375,USD (1),cf,2003,7121315.051573977
78,Lebanon,2004,5298987.109855209,USD (1),cf,2004,6876654.967562416
78,Lebanon,2005,5495411.436256363,USD (1),cf,2005,6897544.500962127
78,Lebanon,2006,4928941.784502352,USD (1),cf,2006,5993204.860443009
78,Lebanon,2007,5423463.611388073,USD (1),cf,2007,6411602.420859894
78,Lebanon,2008,6455615.869346342,USD (1),cf,2008,7349649.3169110045
78,Lebanon,2009,6931159.829256959,USD (1),cf,2009,7919207.453092964
78,Lebanon,2010,7251250.410518498,USD (1),cf,2010,8151243.510353823
78,Lebanon,2011,6887723.189585428,USD (1),cf,2011,7505655.254997922
78,Lebanon,2012,6730990.984941482,USD (1),cf,2012,7186156.016688662
78,Lebanon,2013,6640760.213169908,USD (1),cf,2013,6987468.907050281
78,Lebanon,2014,7656024.430491963,USD (1),cf,2014,7927143.303939668
78,Lebanon,2015,8445792.525030931,USD (1),cf,2015,8734517.543700935
78,Lebanon,2016,8721038.550543439,USD (1),cf,2016,8906806.26513159
78,Lebanon,2017,8956134.633993436,USD (1),cf,2017,8956134.633993436
78,Lebanon,2018,7015029.203152242,USD (1),cf,2018,6868717.954872331
78,Lebanon,2019,7237083.227284554,USD (1),cf,2019,6917182.687759411
79,Israel,1976,9301892.18462248,USD (1),cf,1976,40065765.46796756
79,Israel,1977,10214671.811886908,USD (1),cf,1977,41311416.44575497
79,Israel,1978,10959244.536815437,USD (1),cf,1978,41180257.35072525
79,Israel,1979,7945503.308273548,USD (1),cf,1979,26835666.004790027
79,Israel,1980,9410143.180094622,USD (1),cf,1980,27990013.656529117
79,Israel,1981,6682299.5175549295,USD (1),cf,1981,18014434.681898262
79,Israel,1982,8008575.770483302,USD (1),cf,1982,20342577.781909816
79,Israel,1983,5906552.026186197,USD (1),cf,1983,14536260.758990124
79,Israel,1984,6710097.469440804,USD (1),cf,1984,15832917.976916911
79,Israel,1985,6781303.948419284,USD (1),cf,1985,15453025.084845597
79,Israel,1986,7593758.863175285,USD (1),cf,1986,16982093.896224443
79,Israel,1987,9549310.41127106,USD (1),cf,1987,20600422.34659121
79,Israel,1988,9549674.406257676,USD (1),cf,1988,19794057.175090257
79,Israel,1989,8286099.956218824,USD (1),cf,1989,16384125.050228918
79,Israel,1990,8009315.602113821,USD (1),cf,1990,15025754.983164538
79,Israel,1991,5009247.832948113,USD (1),cf,1991,9015711.252222817
79,Israel,1992,6801637.996918916,USD (1),cf,1992,11881800.725422977
79,Israel,1993,5822272.459041498,USD (1),cf,1993,9879340.058010232
79,Israel,1994,5115066.089235686,USD (1),cf,1994,8458781.369646922
79,Israel,1995,6630150.333986884,USD (1),cf,1995,10665075.056136241
79,Israel,1996,5937215.290300563,USD (1),cf,1996,9278468.206048902
79,Israel,1997,5273680.110920878,USD (1),cf,1997,8053258.88125146
79,Israel,1998,5165510.512192095,USD (1),cf,1998,7767503.40648728
79,Israel,1999,5082989.854627898,USD (1),cf,1999,7479755.99732224
79,Israel,2000,5867437.590843978,USD (1),cf,2000,8352054.921614487
79,Israel,2001,6626593.983859012,USD (1),cf,2001,9173425.95769595
79,Israel,2002,5180042.407202814,USD (1),cf,2002,7058956.700500637
79,Israel,2003,4487959.527027962,USD (1),cf,2003,5980086.628033297
79,Israel,2004,3940035.974822332,USD (1),cf,2004,5113103.201977207
79,Israel,2005,4098374.456884547,USD (1),cf,2005,5144058.916401196
79,Israel,2006,3758993.066480177,USD (1),cf,2006,4570639.39915759
79,Israel,2007,4030973.6437758934,USD (1),cf,2007,4765404.9560851045
79,Israel,2008,4621466.522801427,USD (1),cf,2008,5261489.989470796
79,Israel,2009,4652571.964770109,USD (1),cf,2009,5315803.341301492
79,Israel,2010,4443436.115734256,USD (1),cf,2010,4994935.735430049
79,Israel,2011,3330098.005498804,USD (1),cf,2011,3628857.738130824
79,Israel,2012,3750907.7145612338,USD (1),cf,2012,4004552.687908921
79,Israel,2013,3180417.1820932287,USD (1),cf,2013,3346464.1784915347
79,Israel,2014,3249995.6250971346,USD (1),cf,2014,3365086.0562453126
79,Israel,2015,3322641.7362565557,USD (1),cf,2015,3436228.4475676883
79,Israel,2016,2838483.3685098267,USD (1),cf,2016,2898946.1866946737
79,Israel,2017,3495060.5003453987,USD (1),cf,2017,3495060.5003453987
79,Israel,2018,2990775.0607806174,USD (1),cf,2018,2928396.983684287
79,Israel,2019,3073947.3508451837,USD (1),cf,2019,2938069.762440521
80,Greece,1976,46247470.779954515,USD (1),cf,1976,199200364.93430316
80,Greece,1977,54566739.96276681,USD (1),cf,1977,220685437.5943642
80,Greece,1978,58313041.32841031,USD (1),cf,1978,219116020.3370371
80,Greece,1979,63727532.94865596,USD (1),cf,1979,215237565.5974625
80,Greece,1980,87924744.01670113,USD (1),cf,1980,261527878.87224743
80,Greece,1981,72692552.71384709,USD (1),cf,1981,195967756.20186502
80,Greece,1982,78435547.1437333,USD (1),cf,1982,199234079.1128906
80,Greece,1983,70664847.36659317,USD (1),cf,1983,173909015.4900895
80,Greece,1984,73200136.3230133,USD (1),cf,1984,172720554.29591107
80,Greece,1985,76051755.12747271,USD (1),cf,1985,173304380.4953346
80,Greece,1986,112512923.27710916,USD (1),cf,1986,251615183.21265402
80,Greece,1987,137104914.406711,USD (1),cf,1987,295772052.737737
80,Greece,1988,127828448.63864836,USD (1),cf,1988,264956009.31676635
80,Greece,1989,152452882.24376366,USD (1),cf,1989,301445444.7987936
80,Greece,1990,163067389.2864003,USD (1),cf,1990,305920100.90289116
80,Greece,1991,172430874.61657062,USD (1),cf,1991,310343394.52841765
80,Greece,1992,208721791.0387005,USD (1),cf,1992,364616689.2884669
80,Greece,1993,242731283.67093787,USD (1),cf,1993,411870950.8996974
80,Greece,1994,327692384.45873237,USD (1),cf,1994,541904676.9440446
80,Greece,1995,255861409.23264164,USD (1),cf,1995,411571532.4653921
80,Greece,1996,247388255.96481648,USD (1),cf,1996,386609539.20086616
80,Greece,1997,215562000.46602303,USD (1),cf,1997,329177454.4911104
80,Greece,1998,149251682.63344756,USD (1),cf,1998,224433374.11528817
80,Greece,1999,153942492.37247708,USD (1),cf,1999,226530509.30593705
80,Greece,2000,131659297.60799342,USD (1),cf,2000,187411568.9409449
80,Greece,2001,122266599.7566486,USD (1),cf,2001,169257932.9137792
80,Greece,2002,113749973.41407704,USD (1),cf,2002,155009568.2414807
80,Greece,2003,125190187.35361154,USD (1),cf,2003,166812592.86000937
80,Greece,2004,132220164.3159936,USD (1),cf,2004,171586084.45460823
80,Greece,2005,142017282.4595523,USD (1),cf,2005,178252445.1595534
80,Greece,2006,150635753.06891042,USD (1),cf,2006,183161207.19616833
80,Greece,2007,149558695.9177533,USD (1),cf,2007,176807841.90999553
80,Greece,2008,136952864.06276962,USD (1),cf,2008,155919364.50051796
80,Greece,2009,141571175.26581973,USD (1),cf,2009,161752366.69277593
80,Greece,2010,124181434.89628737,USD (1),cf,2010,139594284.847268
80,Greece,2011,116330417.68772475,USD (1),cf,2011,126767000.76364838
80,Greece,2012,105291560.4427089,USD (1),cf,2012,112411616.99290086
80,Greece,2013,122664192.02641982,USD (1),cf,2013,129068389.80471462
80,Greece,2014,129328239.35048024,USD (1),cf,2014,133908074.0774998
80,Greece,2015,130654658.25139016,USD (1),cf,2015,135121174.39314413
80,Greece,2016,157745445.599171,USD (1),cf,2016,161105597.11619666
80,Greece,2017,176801125.64635444,USD (1),cf,2017,176801125.64635444
80,Greece,2018,173646945.64739963,USD (1),cf,2018,170025221.3976633
80,Greece,2019,191708412.62023097,USD (1),cf,2019,183234332.28942737
81,Cyprus,1976,722671.5604009051,USD (1),cf,1976,3112741.867429841
81,Cyprus,1977,969199.1804743276,USD (1),cf,1977,3919753.047461165
81,Cyprus,1978,997707.2196067062,USD (1),cf,1978,3748966.4480120754
81,Cyprus,1979,1259971.6735412064,USD (1),cf,1979,4255511.286672045
81,Cyprus,1980,2098057.977830215,USD (1),cf,1980,6240571.511800002
81,Cyprus,1981,1667355.4015703737,USD (1),cf,1981,4494929.461660851
81,Cyprus,1982,1805847.096978625,USD (1),cf,1982,4587030.963472648
81,Cyprus,1983,2189936.460035727,USD (1),cf,1983,5389521.210948116
81,Cyprus,1984,2180486.2838524575,USD (1),cf,1984,5145001.34152379
81,Cyprus,1985,2366016.7440951657,USD (1),cf,1985,5391605.563733785
81,Cyprus,1986,3524041.0720466767,USD (1),cf,1986,7880892.382540579
81,Cyprus,1987,3465221.0436961763,USD (1),cf,1987,7475410.678888502
81,Cyprus,1988,3946412.186534952,USD (1),cf,1988,8179913.275949863
81,Cyprus,1989,3948387.738820981,USD (1),cf,1989,7807156.418754304
81,Cyprus,1990,4459400.243457745,USD (1),cf,1990,8365990.149317646
81,Cyprus,1991,5389148.1601226255,USD (1),cf,1991,9699460.942526044
81,Cyprus,1992,11132916.18978916,USD (1),cf,1992,19448122.89625401
81,Cyprus,1993,14532794.076705595,USD (1),cf,1993,24659514.93799512
81,Cyprus,1994,19478425.70716641,USD (1),cf,1994,32211459.560330056
81,Cyprus,1995,19223372.427788604,USD (1),cf,1995,30922181.164351102
81,Cyprus,1996,21155981.598710395,USD (1),cf,1996,33061813.162152126
81,Cyprus,1997,24700924.34506834,USD (1),cf,1997,37719947.77330294
81,Cyprus,1998,13811487.054245228,USD (1),cf,1998,20768667.973725192
81,Cyprus,1999,27828653.401478037,USD (1),cf,1999,40950610.3947054
81,Cyprus,2000,42442652.577325426,USD (1),cf,2000,60415361.877557755
81,Cyprus,2001,26661651.6620455,USD (1),cf,2001,36908657.45319507
81,Cyprus,2002,58368291.32653843,USD (1),cf,2002,79539742.8761069
81,Cyprus,2003,23878419.221345708,USD (1),cf,2003,31817358.11657489
81,Cyprus,2004,32884398.57024709,USD (1),cf,2004,42675073.19706823
81,Cyprus,2005,26287122.364278648,USD (1),cf,2005,32994180.401780244
81,Cyprus,2006,17065135.57683873,USD (1),cf,2006,20749860.30567511
81,Cyprus,2007,4415425.237862759,USD (1),cf,2007,5219902.477959308
81,Cyprus,2008,6008623.5573639,USD (1),cf,2008,6840753.3715952765
81,Cyprus,2009,3325906.3222249523,USD (1),cf,2009,3800019.446107106
81,Cyprus,2010,3631724.1743294536,USD (1),cf,2010,4082477.701288115
81,Cyprus,2011,3171020.65812402,USD (1),cf,2011,3455508.767010725
81,Cyprus,2012,3250619.019615172,USD (1),cf,2012,3470433.3252012595
81,Cyprus,2013,2392907.007084097,USD (1),cf,2013,2517838.7372432402
81,Cyprus,2014,2831622.9183591446,USD (1),cf,2014,2931897.731040862
81,Cyprus,2015,3480610.6417903174,USD (1),cf,2015,3599597.6249012062
81,Cyprus,2016,3467421.611880714,USD (1),cf,2016,3541281.5065044467
81,Cyprus,2017,5230311.154771794,USD (1),cf,2017,5230311.154771794
81,Cyprus,2018,3854999.1574222352,USD (1),cf,2018,3774596.1081253053
81,Cyprus,2019,4162969.6477928218,USD (1),cf,2019,3978954.0444714534
82,Albania,1976,1209632.495580312,USD (1),cf,1976,5210214.320745759
82,Albania,1977,1518187.5286474042,USD (1),cf,1977,6140038.406884339
82,Albania,1978,1889514.5622105384,USD (1),cf,1978,7100005.450045678
82,Albania,1979,1975208.339628023,USD (1),cf,1979,6671198.693849767
82,Albania,1980,2059172.947935409,USD (1),cf,1980,6124909.879775906
82,Albania,1981,2095913.29360544,USD (1),cf,1981,5650254.531002035
82,Albania,1982,1641504.2516603586,USD (1),cf,1982,4169583.815615363
82,Albania,1983,3516458.1040681996,USD (1),cf,1983,8654144.0288988
82,Albania,1984,2123930.639882397,USD (1),cf,1984,5011554.565796953
82,Albania,1985,3141990.9910836974,USD (1),cf,1985,7159871.607420425
82,Albania,1986,4151813.852436129,USD (1),cf,1986,9284794.783730308
82,Albania,1987,5814736.859120753,USD (1),cf,1987,12543946.104296198
82,Albania,1988,6078417.185389764,USD (1),cf,1988,12599019.839128293
82,Albania,1989,5112275.240050624,USD (1),cf,1989,10108513.928958269
82,Albania,1990,9073315.57025306,USD (1),cf,1990,17021855.975755673
82,Albania,1991,2796644.26839453,USD (1),cf,1991,5033437.761491203
82,Albania,1992,4882110.5961193945,USD (1),cf,1992,8528572.859779347
82,Albania,1993,3844933.6494221473,USD (1),cf,1993,6524154.83650882
82,Albania,1994,2642154.676271897,USD (1),cf,1994,4369329.420475534
82,Albania,1995,2536189.6067523947,USD (1),cf,1995,4079643.9220921677
82,Albania,1996,3645865.697760458,USD (1),cf,1996,5697628.8219594285
82,Albania,1997,1742057.4636412887,USD (1),cf,1997,2660237.1485649035
82,Albania,1998,3771772.92183251,USD (1),cf,1998,5671706.397592361
82,Albania,1999,3380157.5065076686,USD (1),cf,1999,4973992.493448594
82,Albania,2000,3282877.7994229463,USD (1),cf,2000,4673040.872989569
82,Albania,2001,3670999.177526964,USD (1),cf,2001,5081892.632600262
82,Albania,2002,4589959.142255534,USD (1),cf,2002,6254837.372990699
82,Albania,2003,2828656.5788423507,USD (1),cf,2003,3769109.609960207
82,Albania,2004,4413972.980445891,USD (1),cf,2004,5728145.510340542
82,Albania,2005,4416386.296240976,USD (1),cf,2005,5543210.251881196
82,Albania,2006,5199909.606427979,USD (1),cf,2006,6322680.382449461
82,Albania,2007,5584331.231473378,USD (1),cf,2007,6601779.639014572
82,Albania,2008,6376083.480202377,USD (1),cf,2008,7259102.54625821
82,Albania,2009,7854499.273443847,USD (1),cf,2009,8974170.372469677
82,Albania,2010,6486595.452347624,USD (1),cf,2010,7291682.963884635
82,Albania,2011,5592432.019362388,USD (1),cf,2011,6094157.041301252
82,Albania,2012,14794979.452677466,USD (1),cf,2012,15795449.859983375
82,Albania,2013,16955123.01585857,USD (1),cf,2013,17840336.209334698
82,Albania,2014,16594196.905705469,USD (1),cf,2014,17181838.704878144
82,Albania,2015,15266109.27401266,USD (1),cf,2015,15787991.343942089
82,Albania,2016,15965598.920316858,USD (1),cf,2016,16305683.740062727
82,Albania,2017,15346347.17060562,USD (1),cf,2017,15346347.17060562
82,Albania,2018,15509310.169719402,USD (1),cf,2018,15185835.175506648
82,Albania,2019,14816356.093001664,USD (1),cf,2019,14161429.217201963
84,Algeria,1976,11854183.143059306,USD (1),cf,1976,51059172.929279074
84,Algeria,1977,16415885.873188185,USD (1),cf,1977,66391119.570192926
84,Algeria,1978,15713609.498994552,USD (1),cf,1978,59045172.402497515
84,Algeria,1979,18705964.56855858,USD (1),cf,1979,63178756.33335421
84,Algeria,1980,34555966.15686162,USD (1),cf,1980,102785042.28193784
84,Algeria,1981,32273603.47745792,USD (1),cf,1981,87004588.80461597
84,Algeria,1982,34222863.205593236,USD (1),cf,1982,86929471.18578948
84,Algeria,1983,31105914.598252967,USD (1),cf,1983,76552899.8546789
84,Algeria,1984,30589590.3180007,USD (1),cf,1984,72178157.86702104
84,Algeria,1985,32144295.409242027,USD (1),cf,1985,73249423.27787721
84,Algeria,1986,38134721.12982015,USD (1),cf,1986,85281535.35048477
84,Algeria,1987,55532903.21215916,USD (1),cf,1987,119799358.38640082
84,Algeria,1988,66574460.555599965,USD (1),cf,1988,137992000.8345863
84,Algeria,1989,67889206.27859822,USD (1),cf,1989,134237488.2159779
84,Algeria,1990,68718879.19964008,USD (1),cf,1990,128919010.4206859
84,Algeria,1991,59375142.67305401,USD (1),cf,1991,106864175.97045514
84,Algeria,1992,78677975.89952128,USD (1),cf,1992,137442779.45124632
84,Algeria,1993,86957366.37825553,USD (1),cf,1993,147550874.5156182
84,Algeria,1994,98765003.78263237,USD (1),cf,1994,163327620.67879206
84,Algeria,1995,72540049.0800684,USD (1),cf,1995,116685901.38129234
84,Algeria,1996,63649813.43796396,USD (1),cf,1996,99469657.31053957
84,Algeria,1997,70968051.13099211,USD (1),cf,1997,108372915.31434426
84,Algeria,1998,92130528.96015228,USD (1),cf,1998,138538910.30719584
84,Algeria,1999,102030432.5068303,USD (1),cf,1999,150140519.9063128
84,Algeria,2000,101382656.2923628,USD (1),cf,2000,144314021.29855132
84,Algeria,2001,91807728.20291536,USD (1),cf,2001,127092651.07612133
84,Algeria,2002,91126050.05236386,USD (1),cf,2002,124179454.7304958
84,Algeria,2003,104855384.8120858,USD (1),cf,2003,139717009.6601304
84,Algeria,2004,93226703.27126268,USD (1),cf,2004,120983097.12199189
84,Algeria,2005,101448039.14930014,USD (1),cf,2005,127332115.6539884
84,Algeria,2006,102378945.9888588,USD (1),cf,2006,124484731.92292137
84,Algeria,2007,113279298.99504474,USD (1),cf,2007,133918447.64015149
84,Algeria,2008,131633893.42448495,USD (1),cf,2008,149863773.56860322
84,Algeria,2009,116384125.37472436,USD (1),cf,2009,132974863.62942937
84,Algeria,2010,90912962.27233076,USD (1),cf,2010,102196676.67998648
84,Algeria,2011,97733186.91839053,USD (1),cf,2011,106501319.4913056
84,Algeria,2012,144193046.75794905,USD (1),cf,2012,153943710.939811
84,Algeria,2013,140964716.46965805,USD (1),cf,2013,148324369.7565643
84,Algeria,2014,132139487.58271857,USD (1),cf,2014,136818875.60409164
84,Algeria,2015,115770391.8925934,USD (1),cf,2015,119728079.51771066
84,Algeria,2016,119304819.7138366,USD (1),cf,2016,121846143.61340931
84,Algeria,2017,136814858.57630652,USD (1),cf,2017,136814858.57630652
84,Algeria,2018,146705904.1165397,USD (1),cf,2018,143646084.50072417
84,Algeria,2019,140703094.06730032,USD (1),cf,2019,134483600.06793737
86,Saint Helena,1976,5075880.248448924,USD (1),cf,1976,21863189.073944025
86,Saint Helena,1977,4412722.872362143,USD (1),cf,1977,17846469.82272315
86,Saint Helena,1978,4076023.8172469735,USD (1),cf,1978,15315992.740015145
86,Saint Helena,1979,3286759.8938723593,USD (1),cf,1979,11100919.26562459
86,Saint Helena,1980,3641434.903020566,USD (1),cf,1980,10831271.184109926
86,Saint Helena,1981,3667397.7055692766,USD (1),cf,1981,9886730.794685336
86,Saint Helena,1982,4484026.625881053,USD (1),cf,1982,11389872.934627326
86,Saint Helena,1983,3474525.7130450527,USD (1),cf,1983,8550946.737575866
86,Saint Helena,1984,3730866.699161764,USD (1),cf,1984,8803226.286899477
86,Saint Helena,1985,4011232.335358925,USD (1),cf,1985,9140671.819303138
86,Saint Helena,1986,3680347.391560195,USD (1),cf,1986,8230443.723632532
86,Saint Helena,1987,5203402.865391391,USD (1),cf,1987,11225134.805546418
86,Saint Helena,1988,6266815.427177373,USD (1),cf,1988,12989521.694059262
86,Saint Helena,1989,5087056.124153765,USD (1),cf,1989,10058648.111421244
86,Saint Helena,1990,5885028.794796699,USD (1),cf,1990,11040518.957218468
86,Saint Helena,1991,5947111.912261719,USD (1),cf,1991,10703691.566813663
86,Saint Helena,1992,5176538.736306539,USD (1),cf,1992,9042910.213699868
86,Saint Helena,1993,4569648.749008101,USD (1),cf,1993,7753864.879168533
86,Saint Helena,1994,5406629.7191918,USD (1),cf,1994,8940939.949441133
86,Saint Helena,1995,5769735.124844504,USD (1),cf,1995,9281035.129031504
86,Saint Helena,1996,5432767.669518961,USD (1),cf,1996,8490135.463814424
86,Saint Helena,1997,5768016.141899504,USD (1),cf,1997,8808142.747559017
86,Saint Helena,1998,5724912.6016123155,USD (1),cf,1998,8608689.892297702
86,Saint Helena,1999,4774568.89523198,USD (1),cf,1999,7025906.27762604
86,Saint Helena,2000,5198068.12944994,USD (1),cf,2000,7399235.156963125
86,Saint Helena,2001,7059762.07300558,USD (1),cf,2001,9773075.70275376
86,Saint Helena,2002,5378018.433617771,USD (1),cf,2002,7328742.947087563
86,Saint Helena,2003,8081913.788779085,USD (1),cf,2003,10768935.032977317
86,Saint Helena,2004,5777384.762925671,USD (1),cf,2004,7497485.992295195
86,Saint Helena,2005,6162331.976618879,USD (1),cf,2005,7734627.248835485
86,Saint Helena,2006,8463545.99185976,USD (1),cf,2006,10291005.086423062
86,Saint Helena,2007,6780055.479933834,USD (1),cf,2007,8015361.260547344
86,Saint Helena,2008,7082616.748436763,USD (1),cf,2008,8063483.08211242
86,Saint Helena,2009,7244505.065329855,USD (1),cf,2009,8277220.540372424
86,Saint Helena,2010,8880566.519899873,USD (1),cf,2010,9982783.122286798
86,Saint Helena,2011,8959583.180244947,USD (1),cf,2011,9763392.15854058
86,Saint Helena,2012,5184663.620042227,USD (1),cf,2012,5535262.452590728
86,Saint Helena,2013,8738610.011925232,USD (1),cf,2013,9194845.738906603
86,Saint Helena,2014,13542345.11369028,USD (1),cf,2014,14021913.2478306
86,Saint Helena,2015,10744816.045099882,USD (1),cf,2015,11112134.707502836
86,Saint Helena,2016,13851400.181916334,USD (1),cf,2016,14146450.242838284
86,Saint Helena,2017,11846897.445425924,USD (1),cf,2017,11846897.445425924
86,Saint Helena,2018,13268346.437181072,USD (1),cf,2018,12991610.835145097
86,Saint Helena,2019,12218998.116524918,USD (1),cf,2019,11678882.16550252
95,Falkland Islands,1976,22.0013185809442,USD (1),cf,1976,94.76562969708546
95,Falkland Islands,1977,27.653689046400803,USD (1),cf,1977,111.84040813996974
95,Falkland Islands,1978,31.544483509357903,USD (1),cf,1978,118.53097579375088
95,Falkland Islands,1979,33.196778817277696,USD (1),cf,1979,112.12098645125657
95,Falkland Islands,1980,34.9012364056849,USD (1),cf,1980,103.81203186060858
95,Falkland Islands,1981,34.1187252743845,USD (1),cf,1981,91.9787486733198
95,Falkland Islands,1982,28.697626777279,USD (1),cf,1982,72.89482195131755
95,Falkland Islands,1983,30.4102690260098,USD (1),cf,1983,74.84088828022183
95,Falkland Islands,1984,28.8577059057413,USD (1),cf,1984,68.0916622580252
95,Falkland Islands,1985,21047.19054686625,USD (1),cf,1985,47961.684944392306
95,Falkland Islands,1986,30583.122788282904,USD (1),cf,1986,68393.72597791605
95,Falkland Islands,1987,106979.2178750263,USD (1),cf,1987,230782.84982048278
95,Falkland Islands,1988,2676311.895822107,USD (1),cf,1988,5547316.948268275
95,Falkland Islands,1989,7429699.447979481,USD (1),cf,1989,14690762.298848847
95,Falkland Islands,1990,9998195.794628987,USD (1),cf,1990,18756963.484389648
95,Falkland Islands,1991,2034005.3367858883,USD (1),cf,1991,3660830.0115087843
95,Falkland Islands,1992,2819569.7922490044,USD (1),cf,1992,4925514.47432234
95,Falkland Islands,1993,2750951.715252486,USD (1),cf,1993,4667865.969745428
95,Falkland Islands,1994,10839949.222530048,USD (1),cf,1994,17926016.777069036
95,Falkland Islands,1995,45879235.21015039,USD (1),cf,1995,73800059.1820895
95,Falkland Islands,1996,48522288.982104,USD (1),cf,1996,75828901.86594152
95,Falkland Islands,1997,43026243.7347872,USD (1),cf,1997,65703924.431540795
95,Falkland Islands,1998,88284156.65980117,USD (1),cf,1998,132755027.01529701
95,Falkland Islands,1999,60141089.97731226,USD (1),cf,1999,88499228.07414861
95,Falkland Islands,2000,100618991.33501278,USD (1),cf,2000,143226975.7924427
95,Falkland Islands,2001,76714039.76426643,USD (1),cf,2001,106197929.9482329
95,Falkland Islands,2002,59271411.90627526,USD (1),cf,2002,80770444.97592539
95,Falkland Islands,2003,109876017.6916096,USD (1),cf,2003,146406869.35389352
95,Falkland Islands,2004,80314918.23206289,USD (1),cf,2004,104227085.28630026
95,Falkland Islands,2005,143409323.4223131,USD (1),cf,2005,179999660.01310506
95,Falkland Islands,2006,115666063.24605696,USD (1),cf,2006,140640819.62058854
95,Falkland Islands,2007,111861620.66806476,USD (1),cf,2007,132242472.57245134
95,Falkland Islands,2008,136846340.69261375,USD (1),cf,2008,155798088.78793743
95,Falkland Islands,2009,107962759.39842324,USD (1),cf,2009,123353018.82313283
95,Falkland Islands,2010,179702934.75128445,USD (1),cf,2010,202006867.47186872
95,Falkland Islands,2011,109205701.15739895,USD (1),cf,2011,119003090.31105235
95,Falkland Islands,2012,125887289.96999018,USD (1),cf,2012,134400076.93760714
95,Falkland Islands,2013,102326552.89693122,USD (1),cf,2013,107668939.0643789
95,Falkland Islands,2014,123343229.41887304,USD (1),cf,2014,127711120.05337273
95,Falkland Islands,2015,96316322.18500952,USD (1),cf,2015,99608959.53534405
95,Falkland Islands,2016,129496005.67229114,USD (1),cf,2016,132254413.04345647
95,Falkland Islands,2017,154124923.44977915,USD (1),cf,2017,154124923.44977915
95,Falkland Islands,2018,195732578.64669788,USD (1),cf,2018,191650218.1772681
95,Falkland Islands,2019,195265729.7923326,USD (1),cf,2019,186634405.49363774
96,Sierra Leone,1976,17713317.629885826,USD (1),cf,1976,76296049.8501439
96,Sierra Leone,1977,20347683.405807633,USD (1),cf,1977,82292572.7193205
96,Sierra Leone,1978,22405486.995390363,USD (1),cf,1978,84190449.20833683
96,Sierra Leone,1979,21565240.17631066,USD (1),cf,1979,72835862.02549826
96,Sierra Leone,1980,20963420.531095967,USD (1),cf,1980,62354675.770941764
96,Sierra Leone,1981,30316698.79702791,USD (1),cf,1981,81729079.7599082
96,Sierra Leone,1982,30165426.56259972,USD (1),cf,1982,76623179.17198667
96,Sierra Leone,1983,25928444.84909364,USD (1),cf,1983,63810939.73786291
96,Sierra Leone,1984,30101564.089406464,USD (1),cf,1984,71026627.7613696
96,Sierra Leone,1985,30813896.2189542,USD (1),cf,1985,70217750.8713973
96,Sierra Leone,1986,20263806.25100489,USD (1),cf,1986,45316406.09741094
96,Sierra Leone,1987,14417124.62128248,USD (1),cf,1987,31101602.46454131
96,Sierra Leone,1988,27800261.552135818,USD (1),cf,1988,57622903.48714447
96,Sierra Leone,1989,36176620.47247044,USD (1),cf,1989,71532117.26232937
96,Sierra Leone,1990,54368535.735769965,USD (1),cf,1990,101997266.35113503
96,Sierra Leone,1991,46035953.3790769,USD (1),cf,1991,82856124.65739779
96,Sierra Leone,1992,44189663.291946866,USD (1),cf,1992,77195048.25106773
96,Sierra Leone,1993,46685270.125589564,USD (1),cf,1993,79216433.53438915
96,Sierra Leone,1994,33855375.978595816,USD (1),cf,1994,55986612.60561143
96,Sierra Leone,1995,51138414.68338646,USD (1),cf,1995,82259828.71826917
96,Sierra Leone,1996,56928178.16428563,USD (1),cf,1996,88965325.54386652
96,Sierra Leone,1997,68244017.74820073,USD (1),cf,1997,104213135.88681287
96,Sierra Leone,1998,46484527.25210713,USD (1),cf,1998,69899910.74986036
96,Sierra Leone,1999,40015716.96554926,USD (1),cf,1999,58884201.527120166
96,Sierra Leone,2000,62094185.78810469,USD (1),cf,2000,88388507.24624173
96,Sierra Leone,2001,50174713.40794009,USD (1),cf,2001,69458611.69667
96,Sierra Leone,2002,41315530.64544072,USD (1),cf,2002,56301574.18766368
96,Sierra Leone,2003,63385480.90007132,USD (1),cf,2003,84459466.36978547
96,Sierra Leone,2004,89293987.55028155,USD (1),cf,2004,115879493.63361983
96,Sierra Leone,2005,97415758.35499038,USD (1),cf,2005,122271013.94363613
96,Sierra Leone,2006,101565088.99790072,USD (1),cf,2006,123495145.94540958
96,Sierra Leone,2007,110339306.040838,USD (1),cf,2007,130442796.78431797
96,Sierra Leone,2008,186943650.27607977,USD (1),cf,2008,212833337.57148713
96,Sierra Leone,2009,209416899.25881156,USD (1),cf,2009,239269604.26070365
96,Sierra Leone,2010,233545228.6119915,USD (1),cf,2010,262531828.48797432
96,Sierra Leone,2011,194868315.31195688,USD (1),cf,2011,212350925.639016
96,Sierra Leone,2012,291833181.1643892,USD (1),cf,2012,311567609.49251217
96,Sierra Leone,2013,296583051.13645226,USD (1),cf,2013,312067411.2075549
96,Sierra Leone,2014,311550395.8380351,USD (1),cf,2014,322583170.4991743
96,Sierra Leone,2015,282566084.85177445,USD (1),cf,2015,292225793.8586613
96,Sierra Leone,2016,272611908.023823,USD (1),cf,2016,278418841.5478063
96,Sierra Leone,2017,364622971.4452704,USD (1),cf,2017,364622971.4452704
96,Sierra Leone,2018,323257441.8682199,USD (1),cf,2018,316515317.42855865
96,Sierra Leone,2019,325028439.5112097,USD (1),cf,2019,310661218.6440172
97,Liberia,1976,1980242.121046984,USD (1),cf,1976,8529438.399944123
97,Liberia,1977,2486907.855490862,USD (1),cf,1977,10057854.816328568
97,Liberia,1978,4513472.2567940615,USD (1),cf,1978,16959741.016432095
97,Liberia,1979,4525576.261624252,USD (1),cf,1979,15284979.229659835
97,Liberia,1980,5347799.312806585,USD (1),cf,1980,15906769.209895084
97,Liberia,1981,6552210.272635278,USD (1),cf,1981,17663734.417825095
97,Liberia,1982,6436376.130961322,USD (1),cf,1982,16349034.563708317
97,Liberia,1983,7426987.346644755,USD (1),cf,1983,18278112.88987451
97,Liberia,1984,7138943.75585305,USD (1),cf,1984,16844809.10195542
97,Liberia,1985,4866119.785021693,USD (1),cf,1985,11088762.82139394
97,Liberia,1986,10573009.49895725,USD (1),cf,1986,23644659.161837865
97,Liberia,1987,15964059.17081206,USD (1),cf,1987,34438754.95936752
97,Liberia,1988,11789486.172981938,USD (1),cf,1988,24436619.872613043
97,Liberia,1989,9771772.99664215,USD (1),cf,1989,19321749.868498337
97,Liberia,1990,2460929.9913653955,USD (1),cf,1990,4616790.362364868
97,Liberia,1991,4718908.438368014,USD (1),cf,1991,8493154.526348306
97,Liberia,1992,4578049.822714012,USD (1),cf,1992,7997408.231544603
97,Liberia,1993,4134161.493371709,USD (1),cf,1993,7014922.014569263
97,Liberia,1994,5470027.721520336,USD (1),cf,1994,9045781.183476798
97,Liberia,1995,8529513.374668727,USD (1),cf,1995,13720337.51133038
97,Liberia,1996,5884574.411585124,USD (1),cf,1996,9196202.91910578
97,Liberia,1997,7771795.125261443,USD (1),cf,1997,11868045.994327383
97,Liberia,1998,8059960.496074179,USD (1),cf,1998,12119958.029635485
97,Liberia,1999,12923526.219950784,USD (1),cf,1999,19017315.697023846
97,Liberia,2000,9705973.331991332,USD (1),cf,2000,13816051.910465522
97,Liberia,2001,7914170.107361343,USD (1),cf,2001,10955862.645776749
97,Liberia,2002,8209209.312094347,USD (1),cf,2002,11186868.470197016
97,Liberia,2003,7450547.90459984,USD (1),cf,2003,9927656.79536428
97,Liberia,2004,10799407.699346252,USD (1),cf,2004,14014716.220827043
97,Liberia,2005,14060190.917016547,USD (1),cf,2005,17647594.482609168
97,Liberia,2006,10199444.331686351,USD (1),cf,2006,12401720.696859932
97,Liberia,2007,19912058.021839704,USD (1),cf,2007,23539975.293473925
97,Liberia,2008,12744254.093512887,USD (1),cf,2008,14509196.37856509
97,Liberia,2009,15720479.625036713,USD (1),cf,2009,17961458.468651835
97,Liberia,2010,18108617.81760113,USD (1),cf,2010,20356179.294688594
97,Liberia,2011,19561548.893400315,USD (1),cf,2011,21316513.194033585
97,Liberia,2012,18167221.770902548,USD (1),cf,2012,19395730.92989718
97,Liberia,2013,22613737.087764908,USD (1),cf,2013,23794381.92326192
97,Liberia,2014,25973274.612786945,USD (1),cf,2014,26893052.888927344
97,Liberia,2015,25073129.04884492,USD (1),cf,2015,25930270.59373702
97,Liberia,2016,22803941.17271761,USD (1),cf,2016,23289690.20486636
97,Liberia,2017,28369725.30863828,USD (1),cf,2017,28369725.30863828
97,Liberia,2018,32954967.60588728,USD (1),cf,2018,32267631.558123607
97,Liberia,2019,38520226.67353531,USD (1),cf,2019,36817518.42651154
98,Togo,1976,3743339.1450424646,USD (1),cf,1976,16123574.136913152
98,Togo,1977,3353253.8882801053,USD (1),cf,1977,13561636.67107548
98,Togo,1978,5092938.777633476,USD (1),cf,1978,19137133.844389793
98,Togo,1979,2514926.743025868,USD (1),cf,1979,8494079.164510626
98,Togo,1980,3223889.6476311334,USD (1),cf,1980,9589303.110203145
98,Togo,1981,4549427.1735367235,USD (1),cf,1981,12264544.329751626
98,Togo,1982,7376422.982591925,USD (1),cf,1982,18736846.922107335
98,Togo,1983,6530221.113271374,USD (1),cf,1983,16071135.324895738
98,Togo,1984,7627037.308111392,USD (1),cf,1984,17996498.062237
98,Togo,1985,8365537.089916188,USD (1),cf,1985,19063126.42553273
98,Togo,1986,5958249.0404663775,USD (1),cf,1986,13324566.461145163
98,Togo,1987,11835529.137807002,USD (1),cf,1987,25532408.983839657
98,Togo,1988,8844287.661206685,USD (1),cf,1988,18331969.04851069
98,Togo,1989,7063613.65773838,USD (1),cf,1989,13966899.99956286
98,Togo,1990,8230046.104562709,USD (1),cf,1990,15439853.092400296
98,Togo,1991,4580705.345476509,USD (1),cf,1991,8244414.751191159
98,Togo,1992,3763089.861433755,USD (1),cf,1992,6573752.361661959
98,Togo,1993,9381887.925670505,USD (1),cf,1993,15919361.702131314
98,Togo,1994,5897845.426755668,USD (1),cf,1994,9753263.036402468
98,Togo,1995,7166476.60863926,USD (1),cf,1995,11527794.555032726
98,Togo,1996,10344891.558923855,USD (1),cf,1996,16166627.405495273
98,Togo,1997,6727013.965243782,USD (1),cf,1997,10272595.95205942
98,Togo,1998,12081225.607885089,USD (1),cf,1998,18166831.882792037
98,Togo,1999,19018961.598530676,USD (1),cf,1999,27986912.456638217
98,Togo,2000,15749224.695659231,USD (1),cf,2000,22418370.471678503
98,Togo,2001,11680226.23432381,USD (1),cf,2001,16169345.940115914
98,Togo,2002,10518200.701498829,USD (1),cf,2002,14333381.36688128
98,Togo,2003,15771016.295524696,USD (1),cf,2003,21014459.486852422
98,Togo,2004,16493994.962564103,USD (1),cf,2004,21404753.40717806
98,Togo,2005,13452978.382747542,USD (1),cf,2005,16885454.008643925
98,Togo,2006,17756449.241648197,USD (1),cf,2006,21590443.253733825
98,Togo,2007,12734761.204943351,USD (1),cf,2007,15054996.51537074
98,Togo,2008,21998485.28877387,USD (1),cf,2008,25045039.179520532
98,Togo,2009,32786849.170338355,USD (1),cf,2009,37460665.56093444
98,Togo,2010,28038135.822014157,USD (1),cf,2010,31518105.116062306
98,Togo,2011,24369030.39557628,USD (1),cf,2011,26555297.88483998
98,Togo,2012,12499232.636227949,USD (1),cf,2012,13344459.384029564
98,Togo,2013,20722153.555962864,USD (1),cf,2013,21804040.352526914
98,Togo,2014,21369879.78290847,USD (1),cf,2014,22126640.39477119
98,Togo,2015,23309169.48611133,USD (1),cf,2015,24106008.903503384
98,Togo,2016,40560344.58814401,USD (1),cf,2016,41424324.54573495
98,Togo,2017,40603929.9899774,USD (1),cf,2017,40603929.9899774
98,Togo,2018,33050057.882243868,USD (1),cf,2018,32360738.5530668
98,Togo,2019,34160855.93494452,USD (1),cf,2019,32650844.80186407
99,Benin,1976,1593042.4469472964,USD (1),cf,1976,6861664.679947906
99,Benin,1977,1654724.1272441302,USD (1),cf,1977,6692236.303066604
99,Benin,1978,1655238.1898555192,USD (1),cf,1978,6219692.8270026455
99,Benin,1979,1721226.7240121642,USD (1),cf,1979,5813384.463135523
99,Benin,1980,1761971.1166577374,USD (1),cf,1980,5240897.473481803
99,Benin,1981,1942414.9436494,USD (1),cf,1981,5236446.9799041115
99,Benin,1982,1739199.4983353526,USD (1),cf,1982,4417739.444202118
99,Benin,1983,1495864.7042513764,USD (1),cf,1983,3681382.8617383265
99,Benin,1984,1795980.254221593,USD (1),cf,1984,4237733.979685781
99,Benin,1985,3425183.1418103348,USD (1),cf,1985,7805201.096010917
99,Benin,1986,4982594.929461295,USD (1),cf,1986,11142689.208804071
99,Benin,1987,5545802.257854162,USD (1),cf,1987,11963782.07871747
99,Benin,1988,6367076.819514915,USD (1),cf,1988,13197338.175329348
99,Benin,1989,7112697.907563855,USD (1),cf,1989,14063954.402887272
99,Benin,1990,6994701.429589709,USD (1),cf,1990,13122303.462941015
99,Benin,1991,7249932.001046482,USD (1),cf,1991,13048524.58881367
99,Benin,1992,7128743.869120689,USD (1),cf,1992,12453222.902165953
99,Benin,1993,6838110.02550245,USD (1),cf,1993,11603032.110103149
99,Benin,1994,8978503.684688255,USD (1),cf,1994,14847745.536499137
99,Benin,1995,9814753.467912484,USD (1),cf,1995,15787738.907847088
99,Benin,1996,9353949.22142668,USD (1),cf,1996,14618018.078911485
99,Benin,1997,10516034.991129778,USD (1),cf,1997,16058682.060084019
99,Benin,1998,9034849.878859209,USD (1),cf,1998,13585922.832893133
99,Benin,1999,7838818.31237247,USD (1),cf,1999,11535031.538672939
99,Benin,2000,5326314.794447954,USD (1),cf,2000,7581788.984420748
99,Benin,2001,6433458.598396119,USD (1),cf,2001,8906061.88458834
99,Benin,2002,8031985.530592343,USD (1),cf,2002,10945361.760100957
99,Benin,2003,10803297.642241562,USD (1),cf,2003,14395106.591305474
99,Benin,2004,11269154.816005714,USD (1),cf,2004,14624321.184248567
99,Benin,2005,9979971.87460015,USD (1),cf,2005,12526323.264759764
99,Benin,2006,10755099.627852652,USD (1),cf,2006,13077353.757121569
99,Benin,2007,7164660.47246622,USD (1),cf,2007,8470040.129603926
99,Benin,2008,11162817.976633972,USD (1),cf,2008,12708748.348293053
99,Benin,2009,12874726.020681474,USD (1),cf,2009,14710038.257830914
99,Benin,2010,11258652.611846624,USD (1),cf,2010,12656026.73223373
99,Benin,2011,9282285.127884127,USD (1),cf,2011,10115045.31044982
99,Benin,2012,16792047.30110381,USD (1),cf,2012,17927564.01179415
99,Benin,2013,24362078.942265563,USD (1),cf,2013,25634003.285134062
99,Benin,2014,25168200.121235456,USD (1),cf,2014,26059468.706586257
99,Benin,2015,27298772.108237088,USD (1),cf,2015,28231998.737148397
99,Benin,2016,36595162.645871185,USD (1),cf,2016,37374679.866246454
99,Benin,2017,37028752.470439434,USD (1),cf,2017,37028752.470439434
99,Benin,2018,57583866.82651573,USD (1),cf,2018,56382850.09626665
99,Benin,2019,106212453.3164404,USD (1),cf,2019,101517547.91696675
100,Republique du Congo,1976,5126158.286944902,USD (1),cf,1976,22079750.184155498
100,Republique du Congo,1977,5101993.878663864,USD (1),cf,1977,20634103.347294997
100,Republique du Congo,1978,7047883.888071606,USD (1),cf,1978,26482999.928857833
100,Republique du Congo,1979,8010119.469784705,USD (1),cf,1979,27053904.883001726
100,Republique du Congo,1980,11380568.893405529,USD (1),cf,1980,33850949.19908415
100,Republique du Congo,1981,9981213.394257143,USD (1),cf,1981,26907790.688604873
100,Republique du Congo,1982,9483368.33144032,USD (1),cf,1982,24088697.347141776
100,Republique du Congo,1983,10400441.797251675,USD (1),cf,1983,25595903.211093526
100,Republique du Congo,1984,8490422.828786025,USD (1),cf,1984,20033713.198612414
100,Republique du Congo,1985,7419284.345991616,USD (1),cf,1985,16906835.024985954
100,Republique du Congo,1986,8240654.218869254,USD (1),cf,1986,18428760.543054588
100,Republique du Congo,1987,10081048.14673711,USD (1),cf,1987,21747523.179682948
100,Republique du Congo,1988,12802028.111437527,USD (1),cf,1988,26535362.946914446
100,Republique du Congo,1989,15203040.897307131,USD (1),cf,1989,30061008.740098577
100,Republique du Congo,1990,15989863.1447905,USD (1),cf,1990,29997540.08501618
100,Republique du Congo,1991,17196260.447974812,USD (1),cf,1991,30950059.567269687
100,Republique du Congo,1992,19915215.465477526,USD (1),cf,1992,34789946.43229418
100,Republique du Congo,1993,24037983.395599134,USD (1),cf,1993,40788096.734487556
100,Republique du Congo,1994,13827348.056308812,USD (1),cf,1994,22866276.229835685
100,Republique du Congo,1995,15419989.325963592,USD (1),cf,1995,24804165.10063205
100,Republique du Congo,1996,15179530.259381153,USD (1),cf,1996,23722028.25868814
100,Republique du Congo,1997,13381065.4901924,USD (1),cf,1997,20433773.424433656
100,Republique du Congo,1998,10843813.072855696,USD (1),cf,1998,16306104.650046173
100,Republique du Congo,1999,11308787.760475593,USD (1),cf,1999,16641184.714710368
100,Republique du Congo,2000,13662401.828906853,USD (1),cf,2000,19447864.364890955
100,Republique du Congo,2001,18184638.850905266,USD (1),cf,2001,25173631.955201704
100,Republique du Congo,2002,21370122.19367425,USD (1),cf,2002,29121531.32951137
100,Republique du Congo,2003,25639873.52998145,USD (1),cf,2003,34164449.10381021
100,Republique du Congo,2004,24438590.57034718,USD (1),cf,2004,31714694.103189457
100,Republique du Congo,2005,26036093.11057618,USD (1),cf,2005,32679102.00072869
100,Republique du Congo,2006,35916908.71568937,USD (1),cf,2006,43672131.11823977
100,Republique du Congo,2007,40802737.03172975,USD (1),cf,2007,48236873.38493856
100,Republique du Congo,2008,27671904.45426983,USD (1),cf,2008,31504165.951953363
100,Republique du Congo,2009,47251196.62796998,USD (1),cf,2009,53986928.2662171
100,Republique du Congo,2010,61864380.70400312,USD (1),cf,2010,69542713.76479825
100,Republique du Congo,2011,40810047.10133675,USD (1),cf,2011,44471320.35532593
100,Republique du Congo,2012,49798529.26464126,USD (1),cf,2012,53166019.90671948
100,Republique du Congo,2013,52446400.77699488,USD (1),cf,2013,55184584.73913476
100,Republique du Congo,2014,47198149.8392918,USD (1),cf,2014,48869553.75517801
100,Republique du Congo,2015,42153017.03807088,USD (1),cf,2015,43594045.88115976
100,Republique du Congo,2016,58699945.50118718,USD (1),cf,2016,59950318.91245082
100,Republique du Congo,2017,82922719.16613197,USD (1),cf,2017,82922719.16613197
100,Republique du Congo,2018,82850699.72264183,USD (1),cf,2018,81122697.03780101
100,Republique du Congo,2019,49855177.98606002,USD (1),cf,2019,47651431.27830704
101,Namibia,1976,10353041.423297845,USD (1),cf,1976,44593349.53717693
101,Namibia,1977,12566079.016968988,USD (1),cf,1977,50821263.073392265
101,Namibia,1978,13336695.832671966,USD (1),cf,1978,50113724.97007598
101,Namibia,1979,13846514.674038796,USD (1),cf,1979,46766130.31373448
101,Namibia,1980,14987026.294516552,USD (1),cf,1980,44578181.50329793
101,Namibia,1981,15488956.45527633,USD (1),cf,1981,41755804.81259807
101,Namibia,1982,16207985.455681918,USD (1),cf,1982,41169892.6587511
101,Namibia,1983,15729606.268011186,USD (1),cf,1983,38711190.10454107
101,Namibia,1984,16883576.1121974,USD (1),cf,1984,39837912.48321946
101,Namibia,1985,18612905.90022089,USD (1),cf,1985,42414512.60196489
101,Namibia,1986,19117907.45279531,USD (1),cf,1986,42753806.81853039
101,Namibia,1987,39287101.90405597,USD (1),cf,1987,84752810.11305976
101,Namibia,1988,45780063.602944046,USD (1),cf,1988,94890480.8568289
101,Namibia,1989,22049889.195537616,USD (1),cf,1989,43599298.08139032
101,Namibia,1990,175595096.72954097,USD (1),cf,1990,329422516.32671577
101,Namibia,1991,138126859.36582154,USD (1),cf,1991,248602569.03794026
101,Namibia,1992,259036459.5505647,USD (1),cf,1992,452511526.54597694
101,Namibia,1993,336827675.0405302,USD (1),cf,1993,571535455.6289833
101,Namibia,1994,331565860.96377033,USD (1),cf,1994,548310242.4489619
101,Namibia,1995,370293134.271968,USD (1),cf,1995,595643216.3443439
101,Namibia,1996,281836424.82450926,USD (1),cf,1996,440443908.3273195
101,Namibia,1997,298028959.35759306,USD (1),cf,1997,455109963.6943216
101,Namibia,1998,374676299.02252,USD (1),cf,1998,563409835.701297
101,Namibia,1999,317868873.9532325,USD (1),cf,1999,467752579.54706454
101,Namibia,2000,333806960.1382694,USD (1),cf,2000,475160412.2117265
101,Namibia,2001,343392852.1861311,USD (1),cf,2001,475370742.7381935
101,Namibia,2002,375960273.95433855,USD (1),cf,2002,512329260.3284137
101,Namibia,2003,400362499.09133726,USD (1),cf,2003,533472374.8651092
101,Namibia,2004,345463389.9648641,USD (1),cf,2004,448318232.79859746
101,Namibia,2005,349337649.82812643,USD (1),cf,2005,438469805.85542804
101,Namibia,2006,370779462.55336416,USD (1),cf,2006,450838612.887295
101,Namibia,2007,286125819.4162637,USD (1),cf,2007,338257085.8570417
101,Namibia,2008,339725777.44242746,USD (1),cf,2008,386774148.0673965
101,Namibia,2009,385686698.6786521,USD (1),cf,2009,440666937.9982016
101,Namibia,2010,391743820.43841463,USD (1),cf,2010,440365329.19037783
101,Namibia,2011,369464892.1946489,USD (1),cf,2011,402611433.8960418
101,Namibia,2012,450783146.72746813,USD (1),cf,2012,481266135.8965712
101,Namibia,2013,468945389.08367634,USD (1),cf,2013,493428646.74263865
101,Namibia,2014,459855895.9030483,USD (1),cf,2014,476140537.3089676
101,Namibia,2015,463751538.43820226,USD (1),cf,2015,479605192.3371089
101,Namibia,2016,466902811.449832,USD (1),cf,2016,476848354.94389373
101,Namibia,2017,531117538.6451053,USD (1),cf,2017,531117538.6451053
101,Namibia,2018,530195817.7099928,USD (1),cf,2018,519137615.4309376
101,Namibia,2019,475383424.3255499,USD (1),cf,2019,454370067.266215
102,South Africa,1976,497897778.1546115,USD (1),cf,1976,2144580394.0345747
102,South Africa,1977,540416637.1905074,USD (1),cf,1977,2185618604.722207
102,South Africa,1978,774230794.7971945,USD (1),cf,1978,2909235510.851158
102,South Africa,1979,696031119.4442283,USD (1),cf,1979,2350821329.455088
102,South Africa,1980,715379822.1551,USD (1),cf,1980,2127862521.1657276
102,South Africa,1981,694178828.9311674,USD (1),cf,1981,1871397583.7935565
102,South Africa,1982,581577932.5466356,USD (1),cf,1982,1477265704.6807551
102,South Africa,1983,573261986.742788,USD (1),cf,1983,1410820676.016376
102,South Africa,1984,495978676.5877604,USD (1),cf,1984,1170294431.7093854
102,South Africa,1985,537835838.2436782,USD (1),cf,1985,1225603624.7786605
102,South Africa,1986,596395447.4070206,USD (1),cf,1986,1333732565.075398
102,South Africa,1987,1240066101.8154483,USD (1),cf,1987,2675154993.907977
102,South Africa,1988,1110775383.2551095,USD (1),cf,1988,2302356133.778449
102,South Africa,1989,752849288.103881,USD (1),cf,1989,1488610678.7804794
102,South Africa,1990,495977700.4469063,USD (1),cf,1990,930471437.7919807
102,South Africa,1991,494706627.14961225,USD (1),cf,1991,890379604.6196055
102,South Africa,1992,648089003.5300245,USD (1),cf,1992,1132148520.0726566
102,South Africa,1993,492899631.5597756,USD (1),cf,1993,836361250.5088141
102,South Africa,1994,412003588.22367394,USD (1),cf,1994,681330058.2035774
102,South Africa,1995,499471564.8311119,USD (1),cf,1995,803436039.7566462
102,South Africa,1996,344493543.9134139,USD (1),cf,1996,538362218.3301206
102,South Africa,1997,369700723.01643336,USD (1),cf,1997,564557494.6557176
102,South Africa,1998,429893281.6823142,USD (1),cf,1998,646440951.3855217
102,South Africa,1999,513045148.73631144,USD (1),cf,1999,754959706.3751031
102,South Africa,2000,562341016.2790221,USD (1),cf,2000,800469196.2924347
102,South Africa,2001,628158960.0801889,USD (1),cf,2001,869582431.6375529
102,South Africa,2002,624294758.7171297,USD (1),cf,2002,850740075.7966747
102,South Africa,2003,663763641.1383635,USD (1),cf,2003,884447386.5331025
102,South Africa,2004,690080659.5972958,USD (1),cf,2004,895538429.790247
102,South Africa,2005,722908850.2071719,USD (1),cf,2005,907356259.3595622
102,South Africa,2006,542626662.7200601,USD (1),cf,2006,659791268.5122488
102,South Africa,2007,690730116.7297037,USD (1),cf,2007,816579073.0642579
102,South Africa,2008,718094932.7739888,USD (1),cf,2008,817543366.7297795
102,South Africa,2009,626748154.8745298,USD (1),cf,2009,716092080.0504359
102,South Africa,2010,728387745.7514712,USD (1),cf,2010,818792008.1984023
102,South Africa,2011,601813237.5367925,USD (1),cf,2011,655804910.3476266
102,South Africa,2012,886498038.0541084,USD (1),cf,2012,946445066.4392933
102,South Africa,2013,742906234.0112085,USD (1),cf,2013,781692764.7398437
102,South Africa,2014,1320442336.5011408,USD (1),cf,2014,1367202484.9273965
102,South Africa,2015,1047136510.7898482,USD (1),cf,2015,1082933566.866209
102,South Africa,2016,1186904252.739699,USD (1),cf,2016,1212186618.9611707
102,South Africa,2017,1125493201.30192,USD (1),cf,2017,1125493201.30192
102,South Africa,2018,1224747338.252,USD (1),cf,2018,1199202995.2852414
102,South Africa,2019,951546862.477072,USD (1),cf,2019,909485669.4342378
103,Sao Tome and Principe,1976,313258.1650828865,USD (1),cf,1976,1349287.642130006
103,Sao Tome and Principe,1977,520911.7257165749,USD (1),cf,1977,2106734.4726153365
103,Sao Tome and Principe,1978,740676.1717560152,USD (1),cf,1978,2783151.2714220174
103,Sao Tome and Principe,1979,836656.9499412421,USD (1),cf,1979,2825780.2681713407
103,Sao Tome and Principe,1980,859696.9133764794,USD (1),cf,1980,2557126.6967312633
103,Sao Tome and Principe,1981,1402456.115451089,USD (1),cf,1981,3780802.404868368
103,Sao Tome and Principe,1982,2042624.3042360437,USD (1),cf,1982,5188468.584050563
103,Sao Tome and Principe,1983,1964584.5578747375,USD (1),cf,1983,4834921.167162214
103,Sao Tome and Principe,1984,2338927.7407143605,USD (1),cf,1984,5518854.419226816
103,Sao Tome and Principe,1985,1812299.5112900368,USD (1),cf,1985,4129811.9096617713
103,Sao Tome and Principe,1986,1689855.0771981103,USD (1),cf,1986,3779060.9511124664
103,Sao Tome and Principe,1987,1788485.8830247791,USD (1),cf,1987,3858243.4714594763
103,Sao Tome and Principe,1988,3290614.181087874,USD (1),cf,1988,6820610.051263633
103,Sao Tome and Principe,1989,3422721.4483516966,USD (1),cf,1989,6767755.2187633645
103,Sao Tome and Principe,1990,3430591.7579393173,USD (1),cf,1990,6435909.603619006
103,Sao Tome and Principe,1991,2658143.727501278,USD (1),cf,1991,4784162.63544192
103,Sao Tome and Principe,1992,2858111.7810162893,USD (1),cf,1992,4992843.583913562
103,Sao Tome and Principe,1993,4016246.2234454807,USD (1),cf,1993,6814841.194266145
103,Sao Tome and Principe,1994,5381426.858594494,USD (1),cf,1994,8899261.995732786
103,Sao Tome and Principe,1995,5939983.1102721,USD (1),cf,1995,9554891.293865927
103,Sao Tome and Principe,1996,5086090.858246886,USD (1),cf,1996,7948361.313158769
103,Sao Tome and Principe,1997,5130823.155747387,USD (1),cf,1997,7835106.847225534
103,Sao Tome and Principe,1998,4292327.953008566,USD (1),cf,1998,6454477.619987609
103,Sao Tome and Principe,1999,4187429.819583376,USD (1),cf,1999,6161915.369136144
103,Sao Tome and Principe,2000,4576850.330675215,USD (1),cf,2000,6514957.294042618
103,Sao Tome and Principe,2001,5173776.594512883,USD (1),cf,2001,7162240.002485418
103,Sao Tome and Principe,2002,5108724.277024443,USD (1),cf,2002,6961769.929946449
103,Sao Tome and Principe,2003,5848359.1607112205,USD (1),cf,2003,7792782.934489977
103,Sao Tome and Principe,2004,5625903.906333432,USD (1),cf,2004,7300904.728106368
103,Sao Tome and Principe,2005,6535131.971961719,USD (1),cf,2005,8202545.727308397
103,Sao Tome and Principe,2006,5678577.182843953,USD (1),cf,2006,6904702.441328847
103,Sao Tome and Principe,2007,6737079.447677844,USD (1),cf,2007,7964555.124064217
103,Sao Tome and Principe,2008,8573586.240828816,USD (1),cf,2008,9760935.832256297
103,Sao Tome and Principe,2009,9586253.444439696,USD (1),cf,2009,10952788.796472367
103,Sao Tome and Principe,2010,9094593.3977041,USD (1),cf,2010,10223374.068672037
103,Sao Tome and Principe,2011,10965128.159190005,USD (1),cf,2011,11948864.599290585
103,Sao Tome and Principe,2012,10522768.8320583,USD (1),cf,2012,11234342.569153966
103,Sao Tome and Principe,2013,12801084.472846473,USD (1),cf,2013,13469418.689918641
103,Sao Tome and Principe,2014,15347326.985022549,USD (1),cf,2014,15890814.018062945
103,Sao Tome and Principe,2015,19829494.96379106,USD (1),cf,2015,20507379.399937138
103,Sao Tome and Principe,2016,18259230.24817439,USD (1),cf,2016,18648171.938282028
103,Sao Tome and Principe,2017,18682825.040632535,USD (1),cf,2017,18682825.040632535
103,Sao Tome and Principe,2018,12613389.786984682,USD (1),cf,2018,12350314.502288
103,Sao Tome and Principe,2019,11818819.86998348,USD (1),cf,2019,11296392.984148586
104,Equatorial Guinea,1976,3286443.5347570255,USD (1),cf,1976,14155601.169509504
104,Equatorial Guinea,1977,3185279.4877011534,USD (1),cf,1977,12882294.19758868
104,Equatorial Guinea,1978,2858364.7320789373,USD (1),cf,1978,10740539.174377378
104,Equatorial Guinea,1979,2854213.2898718817,USD (1),cf,1979,9640007.886432782
104,Equatorial Guinea,1980,1997904.384133352,USD (1),cf,1980,5942669.5137458695
104,Equatorial Guinea,1981,1902812.646215188,USD (1),cf,1981,5129685.378077147
104,Equatorial Guinea,1982,1565466.6571178834,USD (1),cf,1982,3976440.7742483118
104,Equatorial Guinea,1983,1634230.0447976016,USD (1),cf,1983,4021905.4985100683
104,Equatorial Guinea,1984,2729952.265960008,USD (1),cf,1984,6441502.601816204
104,Equatorial Guinea,1985,2236101.7763392334,USD (1),cf,1985,5095559.365111868
104,Equatorial Guinea,1986,3321511.963362607,USD (1),cf,1986,7427971.977460274
104,Equatorial Guinea,1987,3330046.3282020404,USD (1),cf,1987,7183802.582614578
104,Equatorial Guinea,1988,5141924.72494029,USD (1),cf,1988,10657908.077869607
104,Equatorial Guinea,1989,4951888.149150163,USD (1),cf,1989,9791380.154608445
104,Equatorial Guinea,1990,4368143.221499039,USD (1),cf,1990,8194788.79822057
104,Equatorial Guinea,1991,3863162.813086624,USD (1),cf,1991,6952972.103721145
104,Equatorial Guinea,1992,4368355.476786305,USD (1),cf,1992,7631092.583359625
104,Equatorial Guinea,1993,3554296.64692549,USD (1),cf,1993,6030996.572050351
104,Equatorial Guinea,1994,5987396.436528363,USD (1),cf,1994,9901353.481351446
104,Equatorial Guinea,1995,2994501.3763602306,USD (1),cf,1995,4816871.462306772
104,Equatorial Guinea,1996,4818936.321600321,USD (1),cf,1996,7530861.735801958
104,Equatorial Guinea,1997,5800050.6364462795,USD (1),cf,1997,8857061.542838424
104,Equatorial Guinea,1998,5039984.293710265,USD (1),cf,1998,7578746.588093486
104,Equatorial Guinea,1999,5789428.5837774705,USD (1),cf,1999,8519299.547913102
104,Equatorial Guinea,2000,1239813.8760258718,USD (1),cf,2000,1764823.8136024799
104,Equatorial Guinea,2001,1098400.7227377838,USD (1),cf,2001,1520554.5603756665
104,Equatorial Guinea,2002,995855.2162507185,USD (1),cf,2002,1357073.610383338
104,Equatorial Guinea,2003,1004032.645702786,USD (1),cf,2003,1337846.7792583362
104,Equatorial Guinea,2004,1187739.629270436,USD (1),cf,2004,1541365.444464435
104,Equatorial Guinea,2005,1220191.4574132282,USD (1),cf,2005,1531518.60872041
104,Equatorial Guinea,2006,1257279.2158578231,USD (1),cf,2006,1528752.4659157365
104,Equatorial Guinea,2007,1808427.8961854489,USD (1),cf,2007,2137918.036877102
104,Equatorial Guinea,2008,3313791.542226292,USD (1),cf,2008,3772716.0719640213
104,Equatorial Guinea,2009,6766225.033329728,USD (1),cf,2009,7730760.945241865
104,Equatorial Guinea,2010,6039832.617703379,USD (1),cf,2010,6789469.904013105
104,Equatorial Guinea,2011,5201685.568138617,USD (1),cf,2011,5668354.773371258
104,Equatorial Guinea,2012,10941677.859540822,USD (1),cf,2012,11681579.184835587
104,Equatorial Guinea,2013,8591325.557447376,USD (1),cf,2013,9039871.682756392
104,Equatorial Guinea,2014,7232167.119462831,USD (1),cf,2014,7488276.150960305
104,Equatorial Guinea,2015,6965833.166778699,USD (1),cf,2015,7203964.793286176
104,Equatorial Guinea,2016,7202972.654103699,USD (1),cf,2016,7356403.895169641
104,Equatorial Guinea,2017,9043329.494396748,USD (1),cf,2017,9043329.494396748
104,Equatorial Guinea,2018,8151707.957849901,USD (1),cf,2018,7981689.197786812
104,Equatorial Guinea,2019,8317544.176334464,USD (1),cf,2019,7949884.058857555
106,Ghana,1976,91938174.55409248,USD (1),cf,1976,396002583.7890134
106,Ghana,1977,105606125.10504626,USD (1),cf,1977,427105118.38080835
106,Ghana,1978,129092585.85711744,USD (1),cf,1978,485075945.68297184
106,Ghana,1979,127410644.2563812,USD (1),cf,1979,430325098.6201276
106,Ghana,1980,142749158.26337582,USD (1),cf,1980,424600435.16678447
106,Ghana,1981,165108968.91834176,USD (1),cf,1981,445107964.43068725
106,Ghana,1982,156386614.48926997,USD (1),cf,1982,397237531.42508304
106,Ghana,1983,141557624.3559341,USD (1),cf,1983,348378974.8974206
106,Ghana,1984,165153040.32023123,USD (1),cf,1984,389689501.9688269
106,Ghana,1985,129617371.35462952,USD (1),cf,1985,295368045.17392707
106,Ghana,1986,187511684.44314903,USD (1),cf,1986,419336601.1784646
106,Ghana,1987,291025081.5903053,USD (1),cf,1987,627819113.2142138
106,Ghana,1988,256969143.80007252,USD (1),cf,1988,532631973.42933357
106,Ghana,1989,218601738.96270433,USD (1),cf,1989,432241735.7123977
106,Ghana,1990,286520626.7363803,USD (1),cf,1990,537522673.4513203
106,Ghana,1991,235243346.0147591,USD (1),cf,1991,423394120.7152443
106,Ghana,1992,322740598.88786376,USD (1),cf,1992,563796468.3986961
106,Ghana,1993,282439037.0543325,USD (1),cf,1993,479247804.41760075
106,Ghana,1994,286213500.70154,USD (1),cf,1994,473311074.62530774
106,Ghana,1995,315714863.60187453,USD (1),cf,1995,507850131.1488465
106,Ghana,1996,369570552.1039339,USD (1),cf,1996,577551671.9412576
106,Ghana,1997,347511983.40052044,USD (1),cf,1997,530673819.38205296
106,Ghana,1998,307861800.8248987,USD (1),cf,1998,462939254.6952542
106,Ghana,1999,366596763.7499096,USD (1),cf,1999,539456977.2278334
106,Ghana,2000,269332857.48004353,USD (1),cf,2000,383384191.6578652
106,Ghana,2001,271885552.80555993,USD (1),cf,2001,376380685.7194197
106,Ghana,2002,206551442.11987177,USD (1),cf,2002,281472152.49101955
106,Ghana,2003,233238195.5262519,USD (1),cf,2003,310783688.18018633
106,Ghana,2004,313060841.76585853,USD (1),cf,2004,406268471.3224914
106,Ghana,2005,301547578.6802487,USD (1),cf,2005,378486282.09743446
106,Ghana,2006,270764093.3739856,USD (1),cf,2006,329227804.1393534
106,Ghana,2007,281763402.43441176,USD (1),cf,2007,333099849.5804101
106,Ghana,2008,360695454.4959013,USD (1),cf,2008,410647900.1231417
106,Ghana,2009,321227771.19833934,USD (1),cf,2009,367019290.05827594
106,Ghana,2010,318115331.21383256,USD (1),cf,2010,357598397.8348633
106,Ghana,2011,315343958.6695717,USD (1),cf,2011,343635040.98116636
106,Ghana,2012,326022942.93626535,USD (1),cf,2012,348069361.28742355
106,Ghana,2013,268427338.15203792,USD (1),cf,2013,282441711.3299627
106,Ghana,2014,347317876.3288191,USD (1),cf,2014,359617266.46444696
106,Ghana,2015,365530919.3696562,USD (1),cf,2015,378026836.2663457
106,Ghana,2016,346915729.4312559,USD (1),cf,2016,354305416.08814037
106,Ghana,2017,512899604.793992,USD (1),cf,2017,512899604.793992
106,Ghana,2018,487339397.25532186,USD (1),cf,2018,477175043.91002643
106,Ghana,2019,415944344.1492995,USD (1),cf,2019,397558370.69467074
108,Bermuda,1976,4193207.3818832394,USD (1),cf,1976,18061278.306237716
108,Bermuda,1977,5155764.895462692,USD (1),cf,1977,20851570.62461888
108,Bermuda,1978,6028982.5571975205,USD (1),cf,1978,22654394.87497483
108,Bermuda,1979,5264515.230876694,USD (1),cf,1979,17780720.356107257
108,Bermuda,1980,6258025.384045019,USD (1),cf,1980,18614192.431508213
108,Bermuda,1981,2952423.8996893307,USD (1),cf,1981,7959273.204456687
108,Bermuda,1982,2784278.8045803616,USD (1),cf,1982,7072344.668005909
108,Bermuda,1983,1045251.4958065982,USD (1),cf,1983,2572405.734243542
108,Bermuda,1984,603431.4006936323,USD (1),cf,1984,1423836.2282201792
108,Bermuda,1985,712416.2015568836,USD (1),cf,1985,1623431.9412972373
108,Bermuda,1986,941170.2798502046,USD (1),cf,1986,2104760.2844303115
108,Bermuda,1987,1028446.4497675744,USD (1),cf,1987,2218634.677647296
108,Bermuda,1988,1223040.963562671,USD (1),cf,1988,2535054.2573863505
108,Bermuda,1989,1249572.8473379237,USD (1),cf,1989,2470783.347814889
108,Bermuda,1990,845372.2308849914,USD (1),cf,1990,1585947.7440864823
108,Bermuda,1991,758101.2691745101,USD (1),cf,1991,1364440.8044387982
108,Bermuda,1992,888636.2243824347,USD (1),cf,1992,1552361.1430492632
108,Bermuda,1993,799594.0511058687,USD (1),cf,1993,1356766.038485487
108,Bermuda,1994,875531.8185566751,USD (1),cf,1994,1447866.3825919242
108,Bermuda,1995,1065649.1867762618,USD (1),cf,1995,1714173.5840015511
108,Bermuda,1996,908665.4515902032,USD (1),cf,1996,1420029.9450633463
108,Bermuda,1997,1326738.7425843852,USD (1),cf,1997,2026017.9489636088
108,Bermuda,1998,1297159.2886202668,USD (1),cf,1998,1950569.874813536
108,Bermuda,1999,1658025.1589396333,USD (1),cf,1999,2439828.5223801113
108,Bermuda,2000,1056153.6591554722,USD (1),cf,2000,1503391.0851809813
108,Bermuda,2001,1063152.8103020643,USD (1),cf,2001,1471759.6416466753
108,Bermuda,2002,1282870.9782285525,USD (1),cf,2002,1748196.245469403
108,Bermuda,2003,1263413.374338087,USD (1),cf,2003,1683464.6970537503
108,Bermuda,2004,1142287.6666555423,USD (1),cf,2004,1482381.0653705765
108,Bermuda,2005,1305477.089962358,USD (1),cf,2005,1638564.541972874
108,Bermuda,2006,1299174.9892802543,USD (1),cf,2006,1579694.4254448214
108,Bermuda,2007,1440151.8186736074,USD (1),cf,2007,1702543.162200774
108,Bermuda,2008,1606242.6118484722,USD (1),cf,2008,1828689.9583076972
108,Bermuda,2009,1626799.442626736,USD (1),cf,2009,1858702.2357148873
108,Bermuda,2010,1462220.60078662,USD (1),cf,2010,1643704.9485393993
108,Bermuda,2011,1863718.337464017,USD (1),cf,2011,2030921.82255146
108,Bermuda,2012,2056022.941591207,USD (1),cf,2012,2195055.9234472103
108,Bermuda,2013,1638549.2364375258,USD (1),cf,2013,1724096.560446799
108,Bermuda,2014,1715545.5755845602,USD (1),cf,2014,1776297.3127326602
108,Bermuda,2015,1579904.518872456,USD (1),cf,2015,1633914.6026338497
108,Bermuda,2016,1495969.5464258865,USD (1),cf,2016,1527835.3433860082
108,Bermuda,2017,1408244.1308459293,USD (1),cf,2017,1408244.1308459293
108,Bermuda,2018,1244768.8500548657,USD (1),cf,2018,1218806.921886464
108,Bermuda,2019,1397792.6431435577,USD (1),cf,2019,1336006.0632960189
110,Bahamas,1976,8335772.544505728,USD (1),cf,1976,35904426.87721223
110,Bahamas,1977,13751177.8730369,USD (1),cf,1977,55614183.81269946
110,Bahamas,1978,12755318.604984948,USD (1),cf,1978,47929152.50492324
110,Bahamas,1979,23477106.366810136,USD (1),cf,1979,79293124.77443823
110,Bahamas,1980,27458933.595374297,USD (1),cf,1980,81675263.76793392
110,Bahamas,1981,24055515.916879743,USD (1),cf,1981,64849909.68835781
110,Bahamas,1982,26478329.914333396,USD (1),cf,1982,67257587.52294241
110,Bahamas,1983,30438475.464656506,USD (1),cf,1983,74910305.45380013
110,Bahamas,1984,34478078.85021264,USD (1),cf,1984,81353303.27512857
110,Bahamas,1985,54294280.931100145,USD (1),cf,1985,123724123.20310715
110,Bahamas,1986,36904151.13414632,USD (1),cf,1986,82529583.96659906
110,Bahamas,1987,59340409.604284085,USD (1),cf,1987,128013170.31490834
110,Bahamas,1988,60644405.819147915,USD (1),cf,1988,125700498.78841911
110,Bahamas,1989,58477770.62412946,USD (1),cf,1989,115628234.22679913
110,Bahamas,1990,63170303.02424573,USD (1),cf,1990,118509688.29397433
110,Bahamas,1991,92533211.74582274,USD (1),cf,1991,166542512.20190567
110,Bahamas,1992,101325573.66887192,USD (1),cf,1992,177005932.2869097
110,Bahamas,1993,91006762.27175656,USD (1),cf,1993,154421964.68579426
110,Bahamas,1994,121325698.26534796,USD (1),cf,1994,200636226.05112386
110,Bahamas,1995,126371979.92821687,USD (1),cf,1995,203278445.13844195
110,Bahamas,1996,116762737.77750558,USD (1),cf,1996,182472640.3116445
110,Bahamas,1997,148295530.57863358,USD (1),cf,1997,226457098.94484648
110,Bahamas,1998,143704438.48308948,USD (1),cf,1998,216091848.58110866
110,Bahamas,1999,214541399.197891,USD (1),cf,1999,315703427.1597624
110,Bahamas,2000,179580684.83870322,USD (1),cf,2000,255625683.17292467
110,Bahamas,2001,161220080.9846354,USD (1),cf,2001,223182600.20286217
110,Bahamas,2002,231875415.1055644,USD (1),cf,2002,315981682.4790533
110,Bahamas,2003,207550979.84185323,USD (1),cf,2003,276556156.91557056
110,Bahamas,2004,179944289.47753197,USD (1),cf,2004,233519117.2325707
110,Bahamas,2005,190226437.3188472,USD (1),cf,2005,238761980.22400838
110,Bahamas,2006,186829669.3379534,USD (1),cf,2006,227170157.67396274
110,Bahamas,2007,142671846.56394187,USD (1),cf,2007,168666229.2519374
110,Bahamas,2008,136473447.96663594,USD (1),cf,2008,155373554.425263
110,Bahamas,2009,111737468.6362888,USD (1),cf,2009,127665818.73918504
110,Bahamas,2010,150726614.34851298,USD (1),cf,2010,169434134.458207
110,Bahamas,2011,141927144.96958032,USD (1),cf,2011,154660138.35725886
110,Bahamas,2012,176786335.70090872,USD (1),cf,2012,188741032.75544226
110,Bahamas,2013,125845528.39069004,USD (1),cf,2013,132415821.1551376
110,Bahamas,2014,138527584.92605576,USD (1),cf,2014,143433191.36808878
110,Bahamas,2015,124402023.39557263,USD (1),cf,2015,128654789.06806841
110,Bahamas,2016,154105285.22152904,USD (1),cf,2016,157387897.31820127
110,Bahamas,2017,124285115.6831626,USD (1),cf,2017,124285115.6831626
110,Bahamas,2018,105154777.57334766,USD (1),cf,2018,102961582.60240735
110,Bahamas,2019,105995637.9038393,USD (1),cf,2019,101310316.38854803
111,Turks and Caicos Islands,1976,4100774.355955976,USD (1),cf,1976,17663144.26374488
111,Turks and Caicos Islands,1977,3065873.5144425924,USD (1),cf,1977,12399378.057135228
111,Turks and Caicos Islands,1978,4026110.4961043056,USD (1),cf,1978,15128439.355018616
111,Turks and Caicos Islands,1979,6478293.526999051,USD (1),cf,1979,21880215.088515878
111,Turks and Caicos Islands,1980,5725066.480291303,USD (1),cf,1980,17028932.068415068
111,Turks and Caicos Islands,1981,4909502.830804979,USD (1),cf,1981,13235252.001767805
111,Turks and Caicos Islands,1982,5504880.426923291,USD (1),cf,1982,13982942.96940166
111,Turks and Caicos Islands,1983,6507836.952350656,USD (1),cf,1983,16016047.009653239
111,Turks and Caicos Islands,1984,6561666.668675519,USD (1),cf,1984,15482685.703173097
111,Turks and Caicos Islands,1985,7401249.318777688,USD (1),cf,1985,16865737.36440879
111,Turks and Caicos Islands,1986,7626292.217721581,USD (1),cf,1986,17054848.969386373
111,Turks and Caicos Islands,1987,4962182.009754978,USD (1),cf,1987,10704756.7582425
111,Turks and Caicos Islands,1988,6357521.116608689,USD (1),cf,1988,13177531.62260017
111,Turks and Caicos Islands,1989,6862035.1215356365,USD (1),cf,1989,13568318.282948503
111,Turks and Caicos Islands,1990,4791829.19580854,USD (1),cf,1990,8989638.440317048
111,Turks and Caicos Islands,1991,6501109.761577903,USD (1),cf,1991,11700784.306153657
111,Turks and Caicos Islands,1992,8312575.320574939,USD (1),cf,1992,14521261.42539219
111,Turks and Caicos Islands,1993,9889965.37047308,USD (1),cf,1993,16781476.94808047
111,Turks and Caicos Islands,1994,12504671.342628663,USD (1),cf,1994,20678966.633330505
111,Turks and Caicos Islands,1995,16051876.15135553,USD (1),cf,1995,25820600.638336703
111,Turks and Caicos Islands,1996,14190966.754057694,USD (1),cf,1996,22177136.48614478
111,Turks and Caicos Islands,1997,9174722.786399558,USD (1),cf,1997,14010409.469013186
111,Turks and Caicos Islands,1998,15350822.273757895,USD (1),cf,1998,23083403.66791631
111,Turks and Caicos Islands,1999,17804191.19033327,USD (1),cf,1999,26199345.196827248
111,Turks and Caicos Islands,2000,14877251.60587291,USD (1),cf,2000,21177152.81519591
111,Turks and Caicos Islands,2001,17144601.972226366,USD (1),cf,2001,23733872.50667155
111,Turks and Caicos Islands,2002,11607713.92379206,USD (1),cf,2002,15818084.783613313
111,Turks and Caicos Islands,2003,12168076.551934185,USD (1),cf,2003,16213638.166495383
111,Turks and Caicos Islands,2004,12717137.552143756,USD (1),cf,2004,16503411.936684906
111,Turks and Caicos Islands,2005,20508021.307292845,USD (1),cf,2005,25740563.96587026
111,Turks and Caicos Islands,2006,18942018.629579555,USD (1),cf,2006,23032002.21888197
111,Turks and Caicos Islands,2007,19722147.988867216,USD (1),cf,2007,23315464.221878417
111,Turks and Caicos Islands,2008,20558279.250722203,USD (1),cf,2008,23405380.076809812
111,Turks and Caicos Islands,2009,19108258.03637779,USD (1),cf,2009,21832169.96649877
111,Turks and Caicos Islands,2010,13609434.464728195,USD (1),cf,2010,15298577.221837947
111,Turks and Caicos Islands,2011,12534134.69815316,USD (1),cf,2011,13658634.555217594
111,Turks and Caicos Islands,2012,6808312.547846759,USD (1),cf,2012,7268706.240828704
111,Turks and Caicos Islands,2013,7845590.045491234,USD (1),cf,2013,8255201.925769424
111,Turks and Caicos Islands,2014,9133795.509957572,USD (1),cf,2014,9457245.934057418
111,Turks and Caicos Islands,2015,11002700.118325712,USD (1),cf,2015,11378834.71879915
111,Turks and Caicos Islands,2016,12698295.508923857,USD (1),cf,2016,12968783.171853725
111,Turks and Caicos Islands,2017,4708269.298119561,USD (1),cf,2017,4708269.298119561
111,Turks and Caicos Islands,2018,7048347.298627605,USD (1),cf,2018,6901341.140604892
111,Turks and Caicos Islands,2019,4268709.771420372,USD (1),cf,2019,4080020.1410724274
112,Cuba,1976,108317261.00982244,USD (1),cf,1976,466551739.11030513
112,Cuba,1977,140084882.95170116,USD (1),cf,1977,566548298.755723
112,Cuba,1978,159789412.90647295,USD (1),cf,1978,600421783.0257428
112,Cuba,1979,178690730.11497006,USD (1),cf,1979,603521836.8764814
112,Cuba,1980,187244632.61354017,USD (1),cf,1980,556950061.6155415
112,Cuba,1981,187786009.41294897,USD (1),cf,1981,506241719.9134615
112,Cuba,1982,181593721.93390027,USD (1),cf,1982,461266087.63095194
112,Cuba,1983,184624441.5222518,USD (1),cf,1983,454368134.3281499
112,Cuba,1984,208462122.3126081,USD (1),cf,1984,491880140.1769507
112,Cuba,1985,243446417.8292285,USD (1),cf,1985,554758145.3575437
112,Cuba,1986,268687510.7801818,USD (1),cf,1986,600871929.0440999
112,Cuba,1987,275317150.97399414,USD (1),cf,1987,593932896.2047607
112,Cuba,1988,262363670.06846368,USD (1),cf,1988,543813460.5509354
112,Cuba,1989,229389477.0159803,USD (1),cf,1989,453572355.6913825
112,Cuba,1990,196395994.50171217,USD (1),cf,1990,368445724.9104816
112,Cuba,1991,239575456.0527991,USD (1),cf,1991,431191110.30696076
112,Cuba,1992,205446840.01439703,USD (1),cf,1992,358895668.0471246
112,Cuba,1993,172168911.46251118,USD (1),cf,1993,292139407.0307077
112,Cuba,1994,221690287.80646917,USD (1),cf,1994,366609080.6285614
112,Cuba,1995,231673981.27388892,USD (1),cf,1995,372664309.91379315
112,Cuba,1996,210651957.66537604,USD (1),cf,1996,329199363.030207
112,Cuba,1997,230976825.26439127,USD (1),cf,1997,352716913.10433245
112,Cuba,1998,212941920.6285945,USD (1),cf,1998,320205929.30022514
112,Cuba,1999,292408573.0930691,USD (1),cf,1999,430287063.48292184
112,Cuba,2000,196944659.96537203,USD (1),cf,2000,280342584.1488795
112,Cuba,2001,189907440.38804147,USD (1),cf,2001,262895515.7745667
112,Cuba,2002,209255828.25821465,USD (1),cf,2002,285157478.4307168
112,Cuba,2003,131893870.6216004,USD (1),cf,2003,175745072.40400794
112,Cuba,2004,167174213.22880587,USD (1),cf,2004,216947005.1569192
112,Cuba,2005,138609966.0166948,USD (1),cf,2005,173975765.04814035
112,Cuba,2006,117631226.1628654,USD (1),cf,2006,143030302.8929636
112,Cuba,2007,118195999.57210816,USD (1),cf,2007,139730956.32119986
112,Cuba,2008,124776673.10768586,USD (1),cf,2008,142056901.90255818
112,Cuba,2009,85775200.7951843,USD (1),cf,2009,98002589.20022465
112,Cuba,2010,93487921.76971708,USD (1),cf,2010,105091228.75090212
112,Cuba,2011,104179447.22137415,USD (1),cf,2011,113525906.01814681
112,Cuba,2012,101483564.5616618,USD (1),cf,2012,108346115.70589384
112,Cuba,2013,113941776.06180067,USD (1),cf,2013,119890583.59116328
112,Cuba,2014,120154368.60419752,USD (1),cf,2014,124409333.74329086
112,Cuba,2015,108053284.38869075,USD (1),cf,2015,111747157.57584506
112,Cuba,2016,110785111.60026789,USD (1),cf,2016,113144956.34503086
112,Cuba,2017,97511457.3653971,USD (1),cf,2017,97511457.3653971
112,Cuba,2018,104872297.09835932,USD (1),cf,2018,102684993.77372772
112,Cuba,2019,79775360.52121435,USD (1),cf,2019,76249053.01996362
113,Cayman Islands,1976,22.0013185809442,USD (1),cf,1976,94.76562969708546
113,Cayman Islands,1977,27.653689046400803,USD (1),cf,1977,111.84040813996974
113,Cayman Islands,1978,31.544483509357903,USD (1),cf,1978,118.53097579375088
113,Cayman Islands,1979,195221.1389470003,USD (1),cf,1979,659352.7280268349
113,Cayman Islands,1980,1042349.280800168,USD (1),cf,1980,3100417.288674734
113,Cayman Islands,1981,3383338.128419021,USD (1),cf,1981,9120950.589099266
113,Cayman Islands,1982,355049.4370941393,USD (1),cf,1982,901860.8298782386
113,Cayman Islands,1983,213070.40629347623,USD (1),cf,1983,524374.7912783227
113,Cayman Islands,1984,119180.29405296104,USD (1),cf,1984,281213.7720501136
113,Cayman Islands,1985,31663.362806210334,USD (1),cf,1985,72153.48898038843
113,Cayman Islands,1986,37667.2506578915,USD (1),cf,1986,84236.1206104274
113,Cayman Islands,1987,139720.07657667244,USD (1),cf,1987,301413.65855907946
113,Cayman Islands,1988,146069.658865425,USD (1),cf,1988,302765.41964965255
113,Cayman Islands,1989,171007.77299408338,USD (1),cf,1989,338134.0741844932
113,Cayman Islands,1990,137917.612576635,USD (1),cf,1990,258738.24398836316
113,Cayman Islands,1991,459343.24591636896,USD (1),cf,1991,826732.118064013
113,Cayman Islands,1992,611921.0131068565,USD (1),cf,1992,1068966.5549281198
113,Cayman Islands,1993,390962.77644132014,USD (1),cf,1993,663392.9012527689
113,Cayman Islands,1994,64772.35940166687,USD (1),cf,1994,107114.00740801828
113,Cayman Islands,1995,66208.71912059087,USD (1),cf,1995,106501.50045197167
113,Cayman Islands,1996,56987.62655907904,USD (1),cf,1996,89058.2293740329
113,Cayman Islands,1997,63498.089625644374,USD (1),cf,1997,96965.7892524179
113,Cayman Islands,1998,62267.84913153912,USD (1),cf,1998,93633.67456174476
113,Cayman Islands,1999,60996.65162029875,USD (1),cf,1999,89758.20999487399
113,Cayman Islands,2000,58488.689645852246,USD (1),cf,2000,83256.23249537726
113,Cayman Islands,2001,57208.94818276062,USD (1),cf,2001,79196.34906718686
113,Cayman Islands,2002,57847.751976714,USD (1),cf,2002,78830.39255762147
113,Cayman Islands,2003,58230.76580057125,USD (1),cf,2003,77590.94568634358
113,Cayman Islands,2004,58921.3792685905,USD (1),cf,2004,76464.04624940734
113,Cayman Islands,2005,62176.577844372245,USD (1),cf,2005,78040.69223454711
113,Cayman Islands,2006,64629.65328723576,USD (1),cf,2006,78584.56625064711
113,Cayman Islands,2007,66522.2421947635,USD (1),cf,2007,78642.39527695705
113,Cayman Islands,2008,80840.04810119337,USD (1),cf,2008,92035.52632789292
113,Cayman Islands,2009,78324.59984802088,USD (1),cf,2009,89489.89348922079
113,Cayman Islands,2010,79604.27691343363,USD (1),cf,2010,89484.40735763214
113,Cayman Islands,2011,84543.22801190625,USD (1),cf,2011,92128.02346086231
113,Cayman Islands,2012,85939.83253181013,USD (1),cf,2012,91751.28090400383
113,Cayman Islands,2013,168226.5151105675,USD (1),cf,2013,177009.48474924843
113,Cayman Islands,2014,162078.66291910375,USD (1),cf,2014,167818.27162849158
113,Cayman Islands,2015,149595.17413715876,USD (1),cf,2015,154709.1843757107
113,Cayman Islands,2016,168239.65181314625,USD (1),cf,2016,171823.34146654047
113,Cayman Islands,2017,174418.82161003124,USD (1),cf,2017,174418.82161003124
113,Cayman Islands,2018,194206.30533737876,USD (1),cf,2018,190155.77808583528
113,Cayman Islands,2019,186882.1448442775,USD (1),cf,2019,178621.3998610072
114,Haiti,1976,1137047.8060576604,USD (1),cf,1976,4897572.431411945
114,Haiti,1977,2114780.622063914,USD (1),cf,1977,8552852.659233565
114,Haiti,1978,2053941.6975137785,USD (1),cf,1978,7717853.854147219
114,Haiti,1979,2836382.702852394,USD (1),cf,1979,9579785.687868461
114,Haiti,1980,3146475.6071488447,USD (1),cf,1980,9359038.808285842
114,Haiti,1981,3438372.9390916554,USD (1),cf,1981,9269315.833651423
114,Haiti,1982,3271721.7142811147,USD (1),cf,1982,8310498.066188668
114,Haiti,1983,3946383.1432744,USD (1),cf,1983,9712206.74450915
114,Haiti,1984,4491711.484907034,USD (1),cf,1984,10598489.789513499
114,Haiti,1985,4245686.532189337,USD (1),cf,1985,9674938.770382982
114,Haiti,1986,5198328.331979365,USD (1),cf,1986,11625138.673440078
114,Haiti,1987,7528266.201768821,USD (1),cf,1987,16240488.225302452
114,Haiti,1988,8446476.184456915,USD (1),cf,1988,17507406.57855546
114,Haiti,1989,8034999.731295002,USD (1),cf,1989,15887623.98132679
114,Haiti,1990,9918350.403646689,USD (1),cf,1990,18607170.75039895
114,Haiti,1991,11373150.297004102,USD (1),cf,1991,20469548.029045034
114,Haiti,1992,10951226.505124278,USD (1),cf,1992,19130728.670329172
114,Haiti,1993,10948972.609254388,USD (1),cf,1993,18578420.102049146
114,Haiti,1994,13708443.631806,USD (1),cf,1994,22669644.062585767
114,Haiti,1995,15992108.474777432,USD (1),cf,1995,25724460.019417588
114,Haiti,1996,15403245.850903315,USD (1),cf,1996,24071643.002577733
114,Haiti,1997,18652811.62987556,USD (1),cf,1997,28484079.003490318
114,Haiti,1998,18313811.693151116,USD (1),cf,1998,27538922.702133838
114,Haiti,1999,25734125.27305353,USD (1),cf,1999,37868456.037092544
114,Haiti,2000,20068753.37519095,USD (1),cf,2000,28567041.02988524
114,Haiti,2001,22479155.820204407,USD (1),cf,2001,31118682.087727323
114,Haiti,2002,23945808.235785097,USD (1),cf,2002,32631474.842727177
114,Haiti,2003,21486969.940728433,USD (1),cf,2003,28630815.595744774
114,Haiti,2004,20630006.433029354,USD (1),cf,2004,26772179.904852096
114,Haiti,2005,21042961.28800417,USD (1),cf,2005,26411991.82256479
114,Haiti,2006,22296309.31493544,USD (1),cf,2006,27110555.4089443
114,Haiti,2007,21868231.298785828,USD (1),cf,2007,25852557.47651897
114,Haiti,2008,21021928.14103233,USD (1),cf,2008,23933239.35761603
114,Haiti,2009,17978707.33649993,USD (1),cf,2009,20541600.055910215
114,Haiti,2010,14337555.551810808,USD (1),cf,2010,16117069.474874005
114,Haiti,2011,15470943.366614982,USD (1),cf,2011,16858919.004612066
114,Haiti,2012,16070631.650139095,USD (1),cf,2012,17157364.5816788
114,Haiti,2013,26469551.779362567,USD (1),cf,2013,27851505.566343382
114,Haiti,2014,26046243.93685694,USD (1),cf,2014,26968606.238312006
114,Haiti,2015,24017305.85077331,USD (1),cf,2015,24838353.37942336
114,Haiti,2016,26368833.211056776,USD (1),cf,2016,26930518.365133863
114,Haiti,2017,26335128.621705975,USD (1),cf,2017,26335128.621705975
114,Haiti,2018,28636908.885655083,USD (1),cf,2018,28039633.84023467
114,Haiti,2019,27784291.545118593,USD (1),cf,2019,26556143.467161182
115,Dominican Republic,1976,3439244.8164785104,USD (1),cf,1976,14813757.617159871
115,Dominican Republic,1977,3091265.0267808875,USD (1),cf,1977,12502069.495461632
115,Dominican Republic,1978,4574555.898587652,USD (1),cf,1978,17189267.794535223
115,Dominican Republic,1979,10359944.20216534,USD (1),cf,1979,34990357.64645337
115,Dominican Republic,1980,15188421.083653515,USD (1),cf,1980,45177220.5179456
115,Dominican Republic,1981,15506937.622337284,USD (1),cf,1981,41804279.22753157
115,Dominican Republic,1982,12304368.38828556,USD (1),cf,1982,31254317.642656963
115,Dominican Republic,1983,15008209.492213266,USD (1),cf,1983,36935803.78825998
115,Dominican Republic,1984,15537911.71869226,USD (1),cf,1984,36662728.5065551
115,Dominican Republic,1985,19870181.8726652,USD (1),cf,1985,45279554.08787033
115,Dominican Republic,1986,20746887.796337463,USD (1),cf,1986,46396732.232357584
115,Dominican Republic,1987,26589365.88863034,USD (1),cf,1987,57360389.770900965
115,Dominican Republic,1988,18590928.92937427,USD (1),cf,1988,38534288.65856816
115,Dominican Republic,1989,33157574.91015593,USD (1),cf,1989,65562551.328216314
115,Dominican Republic,1990,32100928.230588775,USD (1),cf,1990,60222459.232056856
115,Dominican Republic,1991,33498432.688277237,USD (1),cf,1991,60290927.21926382
115,Dominican Republic,1992,30242020.134292215,USD (1),cf,1992,52829870.82415483
115,Dominican Republic,1993,26540852.794977684,USD (1),cf,1993,45035012.022495076
115,Dominican Republic,1994,58152715.71778181,USD (1),cf,1994,96167107.07670414
115,Dominican Republic,1995,57122525.2450167,USD (1),cf,1995,91885702.20063211
115,Dominican Republic,1996,32594037.61087163,USD (1),cf,1996,50936798.96925631
115,Dominican Republic,1997,44783334.68602142,USD (1),cf,1997,68387118.71154474
115,Dominican Republic,1998,32446747.56986984,USD (1),cf,1998,48790961.06445487
115,Dominican Republic,1999,32672606.80605239,USD (1),cf,1999,48078617.84009245
115,Dominican Republic,2000,39966410.775755234,USD (1),cf,2000,56890534.01092902
115,Dominican Republic,2001,41517234.85056375,USD (1),cf,2001,57473761.15054034
115,Dominican Republic,2002,76212953.45041312,USD (1),cf,2002,103857052.92212933
115,Dominican Republic,2003,37716844.7859042,USD (1),cf,2003,50256691.88802999
115,Dominican Republic,2004,32200322.81608877,USD (1),cf,2004,41787327.51369548
115,Dominican Republic,2005,31460389.81805939,USD (1),cf,2005,39487387.12373952
115,Dominican Republic,2006,32581405.067852948,USD (1),cf,2006,39616421.48557732
115,Dominican Republic,2007,38531344.16577713,USD (1),cf,2007,45551639.548855275
115,Dominican Republic,2008,43302544.789415866,USD (1),cf,2008,49299482.059217304
115,Dominican Republic,2009,47742103.88796689,USD (1),cf,2009,54547815.12035299
115,Dominican Republic,2010,41637983.67967563,USD (1),cf,2010,46805905.8836041
115,Dominican Republic,2011,62118320.55318523,USD (1),cf,2011,67691265.49635963
115,Dominican Republic,2012,63266420.833645046,USD (1),cf,2012,67544641.15984963
115,Dominican Republic,2013,67079274.01193731,USD (1),cf,2013,70581428.39375031
115,Dominican Republic,2014,69217429.37750456,USD (1),cf,2014,71668590.76631026
115,Dominican Republic,2015,43583404.08926338,USD (1),cf,2015,45073331.66232187
115,Dominican Republic,2016,50526970.64564644,USD (1),cf,2016,51603250.7019156
115,Dominican Republic,2017,51464436.16120504,USD (1),cf,2017,51464436.16120504
115,Dominican Republic,2018,54893615.2927369,USD (1),cf,2018,53748708.67246673
115,Dominican Republic,2019,59768807.46225117,USD (1),cf,2019,57126848.93372908
116,Puerto Rico and Virgin Islands of the United States,1976,2487558.4745230344,USD (1),cf,1976,10714587.145275543
116,Puerto Rico and Virgin Islands of the United States,1977,2532388.653960011,USD (1),cf,1977,10241793.78572923
116,Puerto Rico and Virgin Islands of the United States,1978,2813706.009677496,USD (1),cf,1978,10572730.373755401
116,Puerto Rico and Virgin Islands of the United States,1979,3285308.5457285075,USD (1),cf,1979,11096017.386846878
116,Puerto Rico and Virgin Islands of the United States,1980,2450664.8883359144,USD (1),cf,1980,7289383.634161549
116,Puerto Rico and Virgin Islands of the United States,1981,1750547.2954938246,USD (1),cf,1981,4719201.800129118
116,Puerto Rico and Virgin Islands of the United States,1982,2407617.7943434864,USD (1),cf,1982,6115588.296118082
116,Puerto Rico and Virgin Islands of the United States,1983,2212332.6584957913,USD (1),cf,1983,5444639.151056365
116,Puerto Rico and Virgin Islands of the United States,1984,2665526.6871495154,USD (1),cf,1984,6289486.195263628
116,Puerto Rico and Virgin Islands of the United States,1985,1809058.56984356,USD (1),cf,1985,4122426.552825997
116,Puerto Rico and Virgin Islands of the United States,1986,2076442.3696316388,USD (1),cf,1986,4643594.816024818
116,Puerto Rico and Virgin Islands of the United States,1987,1948886.4910670489,USD (1),cf,1987,4204270.580015996
116,Puerto Rico and Virgin Islands of the United States,1988,2385473.0571421166,USD (1),cf,1988,4944481.672774878
116,Puerto Rico and Virgin Islands of the United States,1989,3256206.5035758778,USD (1),cf,1989,6438504.8244459
116,Puerto Rico and Virgin Islands of the United States,1990,3790893.412805879,USD (1),cf,1990,7111848.055167208
116,Puerto Rico and Virgin Islands of the United States,1991,3727942.119875381,USD (1),cf,1991,6709600.091400388
116,Puerto Rico and Virgin Islands of the United States,1992,3652086.131057906,USD (1),cf,1992,6379839.629949116
116,Puerto Rico and Virgin Islands of the United States,1993,4286246.864419151,USD (1),cf,1993,7272983.297169168
116,Puerto Rico and Virgin Islands of the United States,1994,5024087.259923592,USD (1),cf,1994,8308329.740480891
116,Puerto Rico and Virgin Islands of the United States,1995,8006341.663532333,USD (1),cf,1995,12878778.076710189
116,Puerto Rico and Virgin Islands of the United States,1996,6915475.874851143,USD (1),cf,1996,10807258.94163361
116,Puerto Rico and Virgin Islands of the United States,1997,7662101.360134434,USD (1),cf,1997,11700536.348378696
116,Puerto Rico and Virgin Islands of the United States,1998,10472666.04162215,USD (1),cf,1998,15748001.859894114
116,Puerto Rico and Virgin Islands of the United States,1999,16594101.474568743,USD (1),cf,1999,24418665.701559935
116,Puerto Rico and Virgin Islands of the United States,2000,17373312.74452706,USD (1),cf,2000,24730192.68907182
116,Puerto Rico and Virgin Islands of the United States,2001,18179481.217241723,USD (1),cf,2001,25166492.062423505
116,Puerto Rico and Virgin Islands of the United States,2002,13451153.378827749,USD (1),cf,2002,18330179.911444172
116,Puerto Rico and Virgin Islands of the United States,2003,15201720.0161979,USD (1),cf,2003,20255887.345796198
116,Puerto Rico and Virgin Islands of the United States,2004,12997433.72934543,USD (1),cf,2004,16867160.71723163
116,Puerto Rico and Virgin Islands of the United States,2005,15939375.294715438,USD (1),cf,2005,20006245.517393354
116,Puerto Rico and Virgin Islands of the United States,2006,16135207.343593445,USD (1),cf,2006,19619140.8427526
116,Puerto Rico and Virgin Islands of the United States,2007,12253375.49958289,USD (1),cf,2007,14485903.77777486
116,Puerto Rico and Virgin Islands of the United States,2008,13039176.203737965,USD (1),cf,2008,14844962.032815078
116,Puerto Rico and Virgin Islands of the United States,2009,13710772.113216937,USD (1),cf,2009,15665264.022383202
116,Puerto Rico and Virgin Islands of the United States,2010,8681862.002804391,USD (1),cf,2010,9759416.280189736
116,Puerto Rico and Virgin Islands of the United States,2011,8334794.713458328,USD (1),cf,2011,9082550.796319498
116,Puerto Rico and Virgin Islands of the United States,2012,7874994.369114697,USD (1),cf,2012,8407519.530721063
116,Puerto Rico and Virgin Islands of the United States,2013,8041312.111578237,USD (1),cf,2013,8461142.481866354
116,Puerto Rico and Virgin Islands of the United States,2014,8465089.734436713,USD (1),cf,2014,8764859.623270093
116,Puerto Rico and Virgin Islands of the United States,2015,8754610.899875775,USD (1),cf,2015,9053893.079496449
116,Puerto Rico and Virgin Islands of the United States,2016,9823582.566328064,USD (1),cf,2016,10032835.681291196
116,Puerto Rico and Virgin Islands of the United States,2017,6736316.341770684,USD (1),cf,2017,6736316.341770684
116,Puerto Rico and Virgin Islands of the United States,2018,7356656.755365961,USD (1),cf,2018,7203220.2404387295
116,Puerto Rico and Virgin Islands of the United States,2019,6577329.8918532,USD (1),cf,2019,6286592.406189632
117,British Virgin Islands,1976,169504.05688593333,USD (1),cf,1976,730099.8177863169
117,British Virgin Islands,1977,220036.17401106068,USD (1),cf,1977,889897.0211772647
117,British Virgin Islands,1978,249034.10478215857,USD (1),cf,1978,935766.0091976352
117,British Virgin Islands,1979,371879.0524343776,USD (1),cf,1979,1256008.7961847687
117,British Virgin Islands,1980,392705.13651532365,USD (1),cf,1980,1168082.3472807684
117,British Virgin Islands,1981,462491.00100739335,USD (1),cf,1981,1246803.4254863742
117,British Virgin Islands,1982,439112.14202663046,USD (1),cf,1982,1115388.4486028522
117,British Virgin Islands,1983,527715.3018135712,USD (1),cf,1983,1298728.4628430405
117,British Virgin Islands,1984,585280.1394533265,USD (1),cf,1984,1381007.1289851565
117,British Virgin Islands,1985,651065.4530340249,USD (1),cf,1985,1483627.7586342879
117,British Virgin Islands,1986,695877.5494015791,USD (1),cf,1986,1556206.629304368
117,British Virgin Islands,1987,926044.371486936,USD (1),cf,1987,1997725.9448805854
117,British Virgin Islands,1988,943816.429987828,USD (1),cf,1988,1956292.4957658025
117,British Virgin Islands,1989,837144.4529861071,USD (1),cf,1989,1655287.707763641
117,British Virgin Islands,1990,982152.6480519344,USD (1),cf,1990,1842552.5698849692
117,British Virgin Islands,1991,1296697.8484163473,USD (1),cf,1991,2333814.131895333
117,British Virgin Islands,1992,991051.3879379012,USD (1),cf,1992,1731270.483002211
117,British Virgin Islands,1993,670426.4181708652,USD (1),cf,1993,1137591.9996148946
117,British Virgin Islands,1994,1970510.6953835683,USD (1),cf,1994,3258632.2186290943
117,British Virgin Islands,1995,1027333.5979251146,USD (1),cf,1995,1652540.1955664784
117,British Virgin Islands,1996,1091328.0485365428,USD (1),cf,1996,1705488.5338683918
117,British Virgin Islands,1997,204031.72102033443,USD (1),cf,1997,311569.95396088035
117,British Virgin Islands,1998,246214.30412495456,USD (1),cf,1998,370238.41912672477
117,British Virgin Islands,1999,240795.45742089825,USD (1),cf,1999,354336.9784875884
117,British Virgin Islands,2000,96506.68087365378,USD (1),cf,2000,137373.27180390828
117,British Virgin Islands,2001,3463639.4317404963,USD (1),cf,2001,4794837.279697673
117,British Virgin Islands,2002,4588260.84961396,USD (1),cf,2002,6252523.072589415
117,British Virgin Islands,2003,5043810.848205246,USD (1),cf,2003,6720743.720176946
117,British Virgin Islands,2004,2289547.828822113,USD (1),cf,2004,2971215.087739954
117,British Virgin Islands,2005,2438798.233050935,USD (1),cf,2005,3061048.2102130065
117,British Virgin Islands,2006,2608832.453931497,USD (1),cf,2006,3172134.715030382
117,British Virgin Islands,2007,2492553.358746184,USD (1),cf,2007,2946689.107584751
117,British Virgin Islands,2008,2265300.3322577905,USD (1),cf,2008,2579020.092975659
117,British Virgin Islands,2009,2387208.29625131,USD (1),cf,2009,2727508.55520026
117,British Virgin Islands,2010,2465896.359362361,USD (1),cf,2010,2771952.4990201397
117,British Virgin Islands,2011,2518167.497919084,USD (1),cf,2011,2744084.8874849984
117,British Virgin Islands,2012,2255386.187391894,USD (1),cf,2012,2407900.568689243
117,British Virgin Islands,2013,2905339.2770715225,USD (1),cf,2013,3057024.6796004577
117,British Virgin Islands,2014,2897159.78035614,USD (1),cf,2014,2999755.416378383
117,British Virgin Islands,2015,2863353.969056851,USD (1),cf,2015,2961239.623449213
117,British Virgin Islands,2016,2872346.410659581,USD (1),cf,2016,2933530.5488928035
117,British Virgin Islands,2017,2877827.1584922876,USD (1),cf,2017,2877827.1584922876
117,British Virgin Islands,2018,3041259.687200977,USD (1),cf,2018,2977828.6610011435
117,British Virgin Islands,2019,3062794.522898287,USD (1),cf,2019,2927409.922561523
118,Anguilla,1976,221046.80237632483,USD (1),cf,1976,952108.3630806935
118,Anguilla,1977,378092.7998555257,USD (1),cf,1977,1529128.8254407246
118,Anguilla,1978,370955.39260353934,USD (1),cf,1978,1393895.2162018295
118,Anguilla,1979,603152.7408548984,USD (1),cf,1979,2037127.7785010107
118,Anguilla,1980,825916.4762178215,USD (1),cf,1980,2456648.427772039
118,Anguilla,1981,897137.5813273961,USD (1),cf,1981,2418542.6464409777
118,Anguilla,1982,871988.7160340417,USD (1),cf,1982,2214937.9351879046
118,Anguilla,1983,976130.978919022,USD (1),cf,1983,2402297.3778251954
118,Anguilla,1984,958007.8555340132,USD (1),cf,1984,2260482.7824022877
118,Anguilla,1985,981956.1768096546,USD (1),cf,1985,2237651.275901851
118,Anguilla,1986,1448751.9604861536,USD (1),cf,1986,3239876.623502313
118,Anguilla,1987,1714921.3085756267,USD (1),cf,1987,3699544.9646425764
118,Anguilla,1988,1545050.9777606162,USD (1),cf,1988,3202499.487540909
118,Anguilla,1989,1199492.561985881,USD (1),cf,1989,2371759.4810869475
118,Anguilla,1990,1246012.1560128955,USD (1),cf,1990,2337562.1953707463
118,Anguilla,1991,733436.087609145,USD (1),cf,1991,1320048.0807419738
118,Anguilla,1992,1386929.3996190836,USD (1),cf,1992,2422830.9054332837
118,Anguilla,1993,1100087.1963986238,USD (1),cf,1993,1866648.3891195774
118,Anguilla,1994,1488773.9014186473,USD (1),cf,1994,2461984.4047446796
118,Anguilla,1995,1652855.9255281982,USD (1),cf,1995,2658737.9794958113
118,Anguilla,1996,1684003.8435995241,USD (1),cf,1996,2631701.1187430494
118,Anguilla,1997,2307484.8633479364,USD (1),cf,1997,3523682.244326571
118,Anguilla,1998,2445653.455522945,USD (1),cf,1998,3677588.4013834368
118,Anguilla,1999,3711724.891057331,USD (1),cf,1999,5461902.799003067
118,Anguilla,2000,3025335.6151995133,USD (1),cf,2000,4306440.217428567
118,Anguilla,2001,3606424.1139788,USD (1),cf,2001,4992499.112246443
118,Anguilla,2002,4011454.699169741,USD (1),cf,2002,5466496.7584212925
118,Anguilla,2003,3656601.012755475,USD (1),cf,2003,4872323.533388181
118,Anguilla,2004,3742631.2984091495,USD (1),cf,2004,4856925.215404627
118,Anguilla,2005,4114488.780256269,USD (1),cf,2005,5164284.747323706
118,Anguilla,2006,4611932.433594852,USD (1),cf,2006,5607746.4667897485
118,Anguilla,2007,4565529.392599236,USD (1),cf,2007,5397355.159649414
118,Anguilla,2008,4329869.697321395,USD (1),cf,2008,4929510.136180712
118,Anguilla,2009,2377676.705652017,USD (1),cf,2009,2716618.2215226074
118,Anguilla,2010,2351786.9442020836,USD (1),cf,2010,2643680.3284099163
118,Anguilla,2011,3012053.541661075,USD (1),cf,2011,3282279.9161683926
118,Anguilla,2012,3468586.0615822114,USD (1),cf,2012,3703139.797929493
118,Anguilla,2013,3837259.4377155313,USD (1),cf,2013,4037599.6344737313
118,Anguilla,2014,4110304.133238562,USD (1),cf,2014,4255860.229127283
118,Anguilla,2015,4850688.465323198,USD (1),cf,2015,5016512.46745942
118,Anguilla,2016,6068047.797454888,USD (1),cf,2016,6197303.890615332
118,Anguilla,2017,4276156.3506130325,USD (1),cf,2017,4276156.3506130325
118,Anguilla,2018,4532161.752673225,USD (1),cf,2018,4437635.2404896235
118,Anguilla,2019,4505439.292264915,USD (1),cf,2019,4306285.515096855
119,Saint Kitts and Nevis,1976,687204.2417908951,USD (1),cf,1976,2959974.5335366866
119,Saint Kitts and Nevis,1977,790755.024787788,USD (1),cf,1977,3198067.518680969
119,Saint Kitts and Nevis,1978,728334.1704369872,USD (1),cf,1978,2736775.1924109864
119,Saint Kitts and Nevis,1979,705696.458808606,USD (1),cf,1979,2383465.6829896597
119,Saint Kitts and Nevis,1980,824671.5213599053,USD (1),cf,1980,2452945.370038704
119,Saint Kitts and Nevis,1981,674330.601268087,USD (1),cf,1981,1817889.8654028014
119,Saint Kitts and Nevis,1982,620597.9768221641,USD (1),cf,1982,1576380.4921881724
119,Saint Kitts and Nevis,1983,439097.4404076229,USD (1),cf,1983,1080636.3618017037
119,Saint Kitts and Nevis,1984,440056.9284526849,USD (1),cf,1984,1038343.3750547279
119,Saint Kitts and Nevis,1985,330567.2255797339,USD (1),cf,1985,753286.3396135153
119,Saint Kitts and Nevis,1986,371314.0176769014,USD (1),cf,1986,830377.8967425358
119,Saint Kitts and Nevis,1987,528882.2292022761,USD (1),cf,1987,1140940.7406333687
119,Saint Kitts and Nevis,1988,772641.7570800766,USD (1),cf,1988,1601490.7383107871
119,Saint Kitts and Nevis,1989,670266.9145776452,USD (1),cf,1989,1325320.3561983716
119,Saint Kitts and Nevis,1990,499338.66567462625,USD (1),cf,1990,936776.7256002583
119,Saint Kitts and Nevis,1991,362087.3804551635,USD (1),cf,1991,651689.7105360919
119,Saint Kitts and Nevis,1992,315361.6367540976,USD (1),cf,1992,550906.1384996971
119,Saint Kitts and Nevis,1993,162593.6912691616,USD (1),cf,1993,275891.99554560514
119,Saint Kitts and Nevis,1994,653045.9853356675,USD (1),cf,1994,1079941.7090435827
119,Saint Kitts and Nevis,1995,820448.4113092616,USD (1),cf,1995,1319750.4499176748
119,Saint Kitts and Nevis,1996,1604134.684141304,USD (1),cf,1996,2506884.446205068
119,Saint Kitts and Nevis,1997,747722.7822157345,USD (1),cf,1997,1141822.2209047556
119,Saint Kitts and Nevis,1998,2322577.762153298,USD (1),cf,1998,3492516.497019269
119,Saint Kitts and Nevis,1999,2183568.115161492,USD (1),cf,1999,3213179.087908374
119,Saint Kitts and Nevis,2000,1789258.7495495968,USD (1),cf,2000,2546935.8836534186
119,Saint Kitts and Nevis,2001,2034540.70901444,USD (1),cf,2001,2816485.9047533395
119,Saint Kitts and Nevis,2002,1479533.6961030066,USD (1),cf,2002,2016192.8178812843
119,Saint Kitts and Nevis,2003,1744398.8303171066,USD (1),cf,2003,2324365.016287113
119,Saint Kitts and Nevis,2004,2232428.8000463494,USD (1),cf,2004,2897090.005940325
119,Saint Kitts and Nevis,2005,3970293.6575539378,USD (1),cf,2005,4983298.79437046
119,Saint Kitts and Nevis,2006,3252500.782142948,USD (1),cf,2006,3954784.6877444703
119,Saint Kitts and Nevis,2007,3360643.1370801446,USD (1),cf,2007,3972942.2408412746
119,Saint Kitts and Nevis,2008,3798239.057547019,USD (1),cf,2008,4324254.363912723
119,Saint Kitts and Nevis,2009,3980570.7184913536,USD (1),cf,2009,4548007.271218806
119,Saint Kitts and Nevis,2010,17816809.315177854,USD (1),cf,2010,20028152.812774047
119,Saint Kitts and Nevis,2011,24515689.678969864,USD (1),cf,2011,26715114.705405843
119,Saint Kitts and Nevis,2012,17456847.26611154,USD (1),cf,2012,18637319.273556136
119,Saint Kitts and Nevis,2013,18538492.27996736,USD (1),cf,2013,19506371.895941444
119,Saint Kitts and Nevis,2014,48860043.315877914,USD (1),cf,2014,50590299.01459904
119,Saint Kitts and Nevis,2015,87521735.47629373,USD (1),cf,2015,90513724.04747066
119,Saint Kitts and Nevis,2016,53543104.794057526,USD (1),cf,2016,54683631.82554579
119,Saint Kitts and Nevis,2017,101871955.93493484,USD (1),cf,2017,101871955.93493484
119,Saint Kitts and Nevis,2018,3059839.2061016723,USD (1),cf,2018,2996020.670096237
119,Saint Kitts and Nevis,2019,1660444.926256018,USD (1),cf,2019,1587048.3366246463
120,Antigua and Barbuda,1976,794159.9339559356,USD (1),cf,1976,3420661.627376892
120,Antigua and Barbuda,1977,1238653.193179197,USD (1),cf,1977,5009511.694320161
120,Antigua and Barbuda,1978,986318.0471352752,USD (1),cf,1978,3706170.7012970736
120,Antigua and Barbuda,1979,1132938.320008614,USD (1),cf,1979,3826460.4745832384
120,Antigua and Barbuda,1980,890651.0770566995,USD (1),cf,1980,2649198.3525556424
120,Antigua and Barbuda,1981,819124.4537546623,USD (1),cf,1981,2208231.4523232025
120,Antigua and Barbuda,1982,632537.9917389171,USD (1),cf,1982,1606709.3158295017
120,Antigua and Barbuda,1983,735450.4524788428,USD (1),cf,1983,1809972.9766458375
120,Antigua and Barbuda,1984,1546887.695759966,USD (1),cf,1984,3649983.643011165
120,Antigua and Barbuda,1985,1594362.4685925783,USD (1),cf,1985,3633183.7370658624
120,Antigua and Barbuda,1986,1729307.3327390263,USD (1),cf,1986,3867288.918326786
120,Antigua and Barbuda,1987,2440864.2558034975,USD (1),cf,1987,5265598.498180687
120,Antigua and Barbuda,1988,1926983.830702731,USD (1),cf,1988,3994149.5906300433
120,Antigua and Barbuda,1989,1292219.5831324472,USD (1),cf,1989,2555108.8394132787
120,Antigua and Barbuda,1990,1366357.1931030331,USD (1),cf,1990,2563333.6758052316
120,Antigua and Barbuda,1991,2620541.1929372186,USD (1),cf,1991,4716485.090771154
120,Antigua and Barbuda,1992,3101146.018898665,USD (1),cf,1992,5417400.784000002
120,Antigua and Barbuda,1993,2114567.383085304,USD (1),cf,1993,3588037.2139979945
120,Antigua and Barbuda,1994,3075935.844221848,USD (1),cf,1994,5086673.047702647
120,Antigua and Barbuda,1995,3421145.4350175145,USD (1),cf,1995,5503159.205212049
120,Antigua and Barbuda,1996,2700100.2243845016,USD (1),cf,1996,4219620.286639268
120,Antigua and Barbuda,1997,3771420.4438094106,USD (1),cf,1997,5759208.853253317
120,Antigua and Barbuda,1998,7190560.758294454,USD (1),cf,1998,10812620.563403642
120,Antigua and Barbuda,1999,7885027.691280167,USD (1),cf,1999,11603029.87998434
120,Antigua and Barbuda,2000,6111496.498698206,USD (1),cf,2000,8699462.690499602
120,Antigua and Barbuda,2001,9442360.38419734,USD (1),cf,2001,13071389.926906781
120,Antigua and Barbuda,2002,10785121.742568582,USD (1),cf,2002,14697120.487770328
120,Antigua and Barbuda,2003,9728503.182047926,USD (1),cf,2003,12962971.57748003
120,Antigua and Barbuda,2004,9119608.963384213,USD (1),cf,2004,11834790.8723251
120,Antigua and Barbuda,2005,12361125.995225806,USD (1),cf,2005,15515019.689254124
120,Antigua and Barbuda,2006,12526518.188232508,USD (1),cf,2006,15231259.157126084
120,Antigua and Barbuda,2007,12712784.4413324,USD (1),cf,2007,15029015.651320178
120,Antigua and Barbuda,2008,10392180.629804358,USD (1),cf,2008,11831386.007605042
120,Antigua and Barbuda,2009,7198554.468639488,USD (1),cf,2009,8224719.614589641
120,Antigua and Barbuda,2010,8007429.9243383,USD (1),cf,2010,9001276.677839682
120,Antigua and Barbuda,2011,10250828.972285798,USD (1),cf,2011,11170482.062963512
120,Antigua and Barbuda,2012,14784242.896122282,USD (1),cf,2012,15783987.27287545
120,Antigua and Barbuda,2013,12499664.511733694,USD (1),cf,2013,13152261.837595781
120,Antigua and Barbuda,2014,10435013.833287286,USD (1),cf,2014,10804543.635677202
120,Antigua and Barbuda,2015,12276355.325326668,USD (1),cf,2015,12696030.67373236
120,Antigua and Barbuda,2016,12484485.34558687,USD (1),cf,2016,12750418.616838656
120,Antigua and Barbuda,2017,11689759.705516228,USD (1),cf,2017,11689759.705516228
120,Antigua and Barbuda,2018,11666281.677608415,USD (1),cf,2018,11422960.062600892
120,Antigua and Barbuda,2019,10045595.578793224,USD (1),cf,2019,9601550.464956233
121,Montserrat,1976,20901.25265189699,USD (1),cf,1976,90027.34821223118
121,Montserrat,1977,27100.615265472785,USD (1),cf,1977,109603.59997717034
121,Montserrat,1978,31544.4835093579,USD (1),cf,1978,118530.97579375087
121,Montserrat,1979,33860.71439362325,USD (1),cf,1979,114363.40618028172
121,Montserrat,1980,38042.34768219654,USD (1),cf,1980,113155.11472806336
121,Montserrat,1981,35483.47428535988,USD (1),cf,1981,95657.89862025258
121,Montserrat,1982,31854.365722779687,USD (1),cf,1982,80913.25236596247
121,Montserrat,1983,36492.32283121176,USD (1),cf,1983,89809.0659362662
121,Montserrat,1984,36072.13238217663,USD (1),cf,1984,85114.5778225315
121,Montserrat,1985,33862.11265814626,USD (1),cf,1985,77163.9319388089
121,Montserrat,1986,44539.342778276216,USD (1),cf,1986,99604.33492360602
121,Montserrat,1987,53221.167101501625,USD (1),cf,1987,114812.32391140856
121,Montserrat,1988,29474.584208090888,USD (1),cf,1988,61093.350433462
121,Montserrat,1989,27274.801888354938,USD (1),cf,1989,53930.53031223002
121,Montserrat,1990,32712.55521660173,USD (1),cf,1990,61369.892756900925
121,Montserrat,1991,61848.91617967944,USD (1),cf,1991,111316.5066162734
121,Montserrat,1992,12021.716191471593,USD (1),cf,1992,21000.770142333575
121,Montserrat,1993,25342.487579006764,USD (1),cf,1993,43001.60366423755
121,Montserrat,1994,32127.09026322677,USD (1),cf,1994,53128.54767437708
121,Montserrat,1995,25953.817895271623,USD (1),cf,1995,41748.5881771729
121,Montserrat,1996,22795.050623631618,USD (1),cf,1996,35623.29174961316
121,Montserrat,1997,23367.29698223713,USD (1),cf,1997,35683.41044488979
121,Montserrat,1998,18929.426135987895,USD (1),cf,1998,28464.63706677041
121,Montserrat,1999,16591.08924072126,USD (1),cf,1999,24414.233118605724
121,Montserrat,2000,15441.014066504991,USD (1),cf,2000,21979.645378779594
121,Montserrat,2001,14645.49073478672,USD (1),cf,2001,20274.26536119984
121,Montserrat,2002,14809.024506038784,USD (1),cf,2002,20180.580494751095
121,Montserrat,2003,15838.76829775538,USD (1),cf,2003,21104.73722668545
121,Montserrat,2004,14612.502058610444,USD (1),cf,2004,18963.08346985302
121,Montserrat,2005,24870.6311377489,USD (1),cf,2005,31216.27689381885
121,Montserrat,2006,25334.824088596415,USD (1),cf,2006,30805.149970253664
121,Montserrat,2007,18626.22781453378,USD (1),cf,2007,22019.870677547973
121,Montserrat,2008,20048.331929095955,USD (1),cf,2008,22824.810529317445
121,Montserrat,2009,23184.08155501418,USD (1),cf,2009,26489.008472809353
121,Montserrat,2010,15284.021167379256,USD (1),cf,2010,17181.006212665372
121,Montserrat,2011,22319.41219514325,USD (1),cf,2011,24321.79819366765
121,Montserrat,2012,28188.26507043372,USD (1),cf,2012,30094.420136513258
121,Montserrat,2013,59215.73331891976,USD (1),cf,2013,62307.338631735445
121,Montserrat,2014,53161.80143746603,USD (1),cf,2014,55044.393094145234
121,Montserrat,2015,40689.88736530718,USD (1),cf,2015,42080.89815019331
121,Montserrat,2016,41723.43364966027,USD (1),cf,2016,42612.188683702036
121,Montserrat,2017,36279.1148948865,USD (1),cf,2017,36279.1148948865
121,Montserrat,2018,46609.5132809709,USD (1),cf,2018,45637.386740600465
121,Montserrat,2019,44851.714762626594,USD (1),cf,2019,42869.13596664173
122,Saint Lucia,1976,1838075.1100763704,USD (1),cf,1976,7917086.632607253
122,Saint Lucia,1977,2096437.07711204,USD (1),cf,1977,8478665.466678202
122,Saint Lucia,1978,1776029.5004954515,USD (1),cf,1978,6673576.052363107
122,Saint Lucia,1979,602667.7081122802,USD (1),cf,1979,2035489.5969815678
122,Saint Lucia,1980,592574.5482796094,USD (1),cf,1980,1762584.2010504946
122,Saint Lucia,1981,488436.63119201455,USD (1),cf,1981,1316748.7877099111
122,Saint Lucia,1982,452312.22758854186,USD (1),cf,1982,1148917.9768194333
122,Saint Lucia,1983,379595.4276809107,USD (1),cf,1983,934199.5287990291
122,Saint Lucia,1984,350174.03408541664,USD (1),cf,1984,826258.7517648308
122,Saint Lucia,1985,348293.1644740156,USD (1),cf,1985,793679.6593156392
122,Saint Lucia,1986,334209.1211684865,USD (1),cf,1986,747399.3813762851
122,Saint Lucia,1987,304329.006842205,USD (1),cf,1987,656519.2462346184
122,Saint Lucia,1988,422045.5562397375,USD (1),cf,1988,874793.5809442842
122,Saint Lucia,1989,422336.24677934096,USD (1),cf,1989,835086.4601004247
122,Saint Lucia,1990,929570.7883227544,USD (1),cf,1990,1743907.169940776
122,Saint Lucia,1991,1025112.4851211515,USD (1),cf,1991,1845011.1623767593
122,Saint Lucia,1992,1334834.1172846635,USD (1),cf,1992,2331825.5088343136
122,Saint Lucia,1993,1356848.7274180085,USD (1),cf,1993,2302326.124333886
122,Saint Lucia,1994,2100416.2494751816,USD (1),cf,1994,3473456.94651995
122,Saint Lucia,1995,2801452.1432274804,USD (1),cf,1995,4506337.845846184
122,Saint Lucia,1996,2683427.423278318,USD (1),cf,1996,4193564.6279835626
122,Saint Lucia,1997,2030535.0507269003,USD (1),cf,1997,3100761.534074802
122,Saint Lucia,1998,2395213.2633058424,USD (1),cf,1998,3601740.261311807
122,Saint Lucia,1999,2795456.4805342015,USD (1),cf,1999,4113589.240492334
122,Saint Lucia,2000,2668456.672874233,USD (1),cf,2000,3798437.7920905096
122,Saint Lucia,2001,2580832.8198364484,USD (1),cf,2001,3572737.191931302
122,Saint Lucia,2002,2633118.230174515,USD (1),cf,2002,3588207.6077708513
122,Saint Lucia,2003,2106318.390071921,USD (1),cf,2003,2806613.1975996406
122,Saint Lucia,2004,2140670.7030268004,USD (1),cf,2004,2778012.7633272936
122,Saint Lucia,2005,2237183.5788293476,USD (1),cf,2005,2807992.3534004292
122,Saint Lucia,2006,2548935.4394491627,USD (1),cf,2006,3099304.6646836232
122,Saint Lucia,2007,2826434.6672638347,USD (1),cf,2007,3341402.5894778743
122,Saint Lucia,2008,3647521.01497752,USD (1),cf,2008,4152663.4915566132
122,Saint Lucia,2009,4147158.856030216,USD (1),cf,2009,4738342.807102135
122,Saint Lucia,2010,3816703.235096768,USD (1),cf,2010,4290415.544179835
122,Saint Lucia,2011,3978352.833276152,USD (1),cf,2011,4335270.745848935
122,Saint Lucia,2012,3552517.5669957288,USD (1),cf,2012,3792746.944034195
122,Saint Lucia,2013,3510707.4897468705,USD (1),cf,2013,3693998.6746856445
122,Saint Lucia,2014,3461648.1879452984,USD (1),cf,2014,3584233.7629403495
122,Saint Lucia,2015,3976446.513506078,USD (1),cf,2015,4112383.974727115
122,Saint Lucia,2016,4599509.81551969,USD (1),cf,2016,4697484.434219388
122,Saint Lucia,2017,4663574.2706464995,USD (1),cf,2017,4663574.2706464995
122,Saint Lucia,2018,4119507.602523346,USD (1),cf,2018,4033587.74643024
122,Saint Lucia,2019,3726270.859037545,USD (1),cf,2019,3561558.637167713
123,Dominica,1976,225293.5022688686,USD (1),cf,1976,970400.0480981551
123,Dominica,1977,289534.1243158164,USD (1),cf,1977,1170969.073225483
123,Dominica,1978,337525.9735501295,USD (1),cf,1978,1268281.4409931342
123,Dominica,1979,213123.3200069228,USD (1),cf,1979,719816.7330170671
123,Dominica,1980,504322.8660621468,USD (1),cf,1980,1500083.8603857942
123,Dominica,1981,516557.50065418135,USD (1),cf,1981,1392558.2549140616
123,Dominica,1982,443378.3337089605,USD (1),cf,1982,1126224.999147856
123,Dominica,1983,243282.1522080784,USD (1),cf,1983,598727.1062417746
123,Dominica,1984,202003.9413401891,USD (1),cf,1984,476641.63580617635
123,Dominica,1985,164179.9401607091,USD (1),cf,1985,374128.154854831
123,Dominica,1986,204880.9767800706,USD (1),cf,1986,458179.9406485877
123,Dominica,1987,183521.26586724696,USD (1),cf,1987,395904.5652117536
123,Dominica,1988,214586.06043393607,USD (1),cf,1988,444782.57252659823
123,Dominica,1989,201789.68417971808,USD (1),cf,1989,398999.2200088529
123,Dominica,1990,333231.337478708,USD (1),cf,1990,625153.5934413444
123,Dominica,1991,390753.83180991886,USD (1),cf,1991,703283.973119874
123,Dominica,1992,538646.893576879,USD (1),cf,1992,940963.7875093886
123,Dominica,1993,507142.5661345572,USD (1),cf,1993,860528.9264597646
123,Dominica,1994,637125.4355388586,USD (1),cf,1994,1053613.9064958924
123,Dominica,1995,704588.6011496118,USD (1),cf,1995,1133381.588112496
123,Dominica,1996,641499.0711027534,USD (1),cf,1996,1002511.8585746086
123,Dominica,1997,644292.9943609948,USD (1),cf,1997,983878.0832043577
123,Dominica,1998,714112.6195016665,USD (1),cf,1998,1073828.4611951772
123,Dominica,1999,840346.5801446744,USD (1),cf,1999,1236592.547384988
123,Dominica,2000,785178.6231508224,USD (1),cf,2000,1117669.3202611506
123,Dominica,2001,773841.8008105482,USD (1),cf,2001,1071256.2864115103
123,Dominica,2002,1161718.4380519742,USD (1),cf,2002,1583099.0381428828
123,Dominica,2003,763245.2723799128,USD (1),cf,2003,1017004.0125765847
123,Dominica,2004,560440.9973874084,USD (1),cf,2004,727301.1405410012
123,Dominica,2005,630953.5776501566,USD (1),cf,2005,791938.9531365007
123,Dominica,2006,786813.6515103824,USD (1),cf,2006,956703.4074781708
123,Dominica,2007,797486.7929162451,USD (1),cf,2007,942786.4955761975
123,Dominica,2008,1139260.942444065,USD (1),cf,2008,1297036.3443054778
123,Dominica,2009,1173911.4429349222,USD (1),cf,2009,1341254.3466275772
123,Dominica,2010,995697.7397494286,USD (1),cf,2010,1119279.3352762114
123,Dominica,2011,1105044.9685092058,USD (1),cf,2011,1204184.0745634488
123,Dominica,2012,864247.5281057573,USD (1),cf,2012,922689.926030184
123,Dominica,2013,743009.7252819428,USD (1),cf,2013,781801.6592057172
123,Dominica,2014,1456572.3041667603,USD (1),cf,2014,1508153.1534425304
123,Dominica,2015,1563879.023310467,USD (1),cf,2015,1617341.264878056
123,Dominica,2016,1323254.579700039,USD (1),cf,2016,1351441.357876116
123,Dominica,2017,1698681.0083987075,USD (1),cf,2017,1698681.0083987075
123,Dominica,2018,1367530.6660098068,USD (1),cf,2018,1339008.315922505
123,Dominica,2019,1681207.4771685482,USD (1),cf,2019,1606893.1212174806
124,Barbados,1976,7002889.168466037,USD (1),cf,1976,30163337.679377533
124,Barbados,1977,4440107.045492184,USD (1),cf,1977,17957220.221857984
124,Barbados,1978,5152894.556967585,USD (1),cf,1978,19362422.587089874
124,Barbados,1979,6366784.640150421,USD (1),cf,1979,21503597.632335376
124,Barbados,1980,4148561.943506883,USD (1),cf,1980,12339695.925067425
124,Barbados,1981,5058295.329925265,USD (1),cf,1981,13636373.314800413
124,Barbados,1982,5181508.170746278,USD (1),cf,1982,13161545.324886952
124,Barbados,1983,9883098.060126329,USD (1),cf,1983,24322699.583741374
124,Barbados,1984,8803004.685734417,USD (1),cf,1984,20771270.72660294
124,Barbados,1985,6032449.828891596,USD (1),cf,1985,13746559.546363315
124,Barbados,1986,6314603.013854791,USD (1),cf,1986,14121488.874065218
124,Barbados,1987,5663446.637366041,USD (1),cf,1987,12217572.541093359
124,Barbados,1988,13851732.770332512,USD (1),cf,1988,28711134.931508042
124,Barbados,1989,4178179.332307931,USD (1),cf,1989,8261523.880295234
124,Barbados,1990,4992424.538142406,USD (1),cf,1990,9365962.287997268
124,Barbados,1991,3087031.4203226683,USD (1),cf,1991,5556080.441679507
124,Barbados,1992,4501547.330798332,USD (1),cf,1992,7863765.811240529
124,Barbados,1993,7497008.811529776,USD (1),cf,1993,12721063.80936954
124,Barbados,1994,6384938.08899533,USD (1),cf,1994,10558767.846069597
124,Barbados,1995,10556824.511098294,USD (1),cf,1995,16981413.707646526
124,Barbados,1996,8996495.261599451,USD (1),cf,1996,14059401.785040269
124,Barbados,1997,4500939.881034288,USD (1),cf,1997,6873233.36048702
124,Barbados,1998,3662487.37918994,USD (1),cf,1998,5507371.07724941
124,Barbados,1999,3135315.0768961217,USD (1),cf,1999,4613700.286762696
124,Barbados,2000,5289471.398693749,USD (1),cf,2000,7529343.933225302
124,Barbados,2001,2859719.293321093,USD (1),cf,2001,3958809.497152644
124,Barbados,2002,3661132.5034697233,USD (1),cf,2002,4989105.066177196
124,Barbados,2003,3120769.6456539957,USD (1),cf,2003,4158342.4972431567
124,Barbados,2004,2289548.1202628077,USD (1),cf,2004,2971215.4659513095
124,Barbados,2005,3051854.939569159,USD (1),cf,2005,3830523.9744704985
124,Barbados,2006,2848094.1511187856,USD (1),cf,2006,3463058.0874689305
124,Barbados,2007,3050403.2507540057,USD (1),cf,2007,3606177.5773817045
124,Barbados,2008,4560968.201523187,USD (1),cf,2008,5192613.3006070405
124,Barbados,2009,3541942.393115833,USD (1),cf,2009,4046851.795220514
124,Barbados,2010,4107092.007849729,USD (1),cf,2010,4616846.085862498
124,Barbados,2011,2713538.960792649,USD (1),cf,2011,2956984.100567612
124,Barbados,2012,1846114.50464077,USD (1),cf,2012,1970952.9970698385
124,Barbados,2013,3866261.781683144,USD (1),cf,2013,4068116.16725011
124,Barbados,2014,3383992.190480516,USD (1),cf,2014,3503827.7733954405
124,Barbados,2015,2481224.6467509605,USD (1),cf,2015,2566046.9568342906
124,Barbados,2016,2842032.4305478055,USD (1),cf,2016,2902570.8476581597
124,Barbados,2017,3007889.0333083062,USD (1),cf,2017,3007889.0333083062
124,Barbados,2018,3015771.7700537913,USD (1),cf,2018,2952872.3409244567
124,Barbados,2019,1882243.698564117,USD (1),cf,2019,1799042.94547365
125,Grenada,1976,870457.7311266997,USD (1),cf,1976,3749296.8756138035
125,Grenada,1977,2569852.8459297335,USD (1),cf,1977,10393311.021404276
125,Grenada,1978,2250108.825577821,USD (1),cf,1978,8454967.876039218
125,Grenada,1979,1201260.1312020211,USD (1),cf,1979,4057215.058011507
125,Grenada,1980,1394774.8741471963,USD (1),cf,1980,4148690.0919578937
125,Grenada,1981,859026.0178497417,USD (1),cf,1981,2315799.8302757367
125,Grenada,1982,822140.3318058122,USD (1),cf,1982,2088318.0888473496
125,Grenada,1983,1128792.2752983684,USD (1),cf,1983,2778002.933644793
125,Grenada,1984,1218648.3977512722,USD (1),cf,1984,2875481.3491412764
125,Grenada,1985,1221835.7539604506,USD (1),cf,1985,2784281.4153630785
125,Grenada,1986,1733706.2860241684,USD (1),cf,1986,3877126.396587473
125,Grenada,1987,1919345.5050511896,USD (1),cf,1987,4140542.7544189594
125,Grenada,1988,2496634.4491715725,USD (1),cf,1988,5174891.093650196
125,Grenada,1989,1880103.906059565,USD (1),cf,1989,3717533.90220511
125,Grenada,1990,2258549.067654669,USD (1),cf,1990,4237116.701841198
125,Grenada,1991,2472489.87858163,USD (1),cf,1991,4450020.35489553
125,Grenada,1992,2678505.547302896,USD (1),cf,1992,4679088.944370413
125,Grenada,1993,3194084.4746372625,USD (1),cf,1993,5419781.867121235
125,Grenada,1994,3059656.2010961627,USD (1),cf,1994,5059751.4127572365
125,Grenada,1995,3946500.8340154975,USD (1),cf,1995,6348231.259270691
125,Grenada,1996,2726422.8749308037,USD (1),cf,1996,4260756.385677448
125,Grenada,1997,2350613.5662060417,USD (1),cf,1997,3589542.6306267637
125,Grenada,1998,3066404.38312111,USD (1),cf,1998,4611026.6227012165
125,Grenada,1999,4343877.705465155,USD (1),cf,1999,6392132.632235184
125,Grenada,2000,3439529.073103768,USD (1),cf,2000,4896027.487003964
125,Grenada,2001,3820839.18968579,USD (1),cf,2001,5289321.405267994
125,Grenada,2002,3898273.2090063295,USD (1),cf,2002,5312261.874697033
125,Grenada,2003,4979607.782757445,USD (1),cf,2003,6635194.8441563565
125,Grenada,2004,3848513.194855227,USD (1),cf,2004,4994331.337381539
125,Grenada,2005,4443825.236901521,USD (1),cf,2005,5577650.132581793
125,Grenada,2006,4110040.927632695,USD (1),cf,2006,4997485.939387079
125,Grenada,2007,4305821.030913471,USD (1),cf,2007,5090328.71311706
125,Grenada,2008,5508370.389623686,USD (1),cf,2008,6271220.514161379
125,Grenada,2009,5700096.374375026,USD (1),cf,2009,6512653.9862431735
125,Grenada,2010,4551315.181919568,USD (1),cf,2010,5116204.273732145
125,Grenada,2011,5698408.888825954,USD (1),cf,2011,6209641.625292689
125,Grenada,2012,5141204.194319121,USD (1),cf,2012,5488864.200930515
125,Grenada,2013,4924656.146889204,USD (1),cf,2013,5181768.442121874
125,Grenada,2014,4552885.34409049,USD (1),cf,2014,4714114.341807659
125,Grenada,2015,4193448.260621265,USD (1),cf,2015,4336804.070481766
125,Grenada,2016,4627005.545466791,USD (1),cf,2016,4725565.853460672
125,Grenada,2017,4997362.654084324,USD (1),cf,2017,4997362.654084324
125,Grenada,2018,4748667.996089975,USD (1),cf,2018,4649625.850711225
125,Grenada,2019,4467754.929645102,USD (1),cf,2019,4270266.913054217
126,Trinidad and Tobago,1976,2393489.0269622304,USD (1),cf,1976,10309404.59221358
126,Trinidad and Tobago,1977,3870400.121944968,USD (1),cf,1977,15653142.28336753
126,Trinidad and Tobago,1978,4295208.697109144,USD (1),cf,1978,16139597.846169187
126,Trinidad and Tobago,1979,4563738.9456626885,USD (1),cf,1979,15413872.391359912
126,Trinidad and Tobago,1980,6154940.052984412,USD (1),cf,1980,18307570.123116814
126,Trinidad and Tobago,1981,5077337.488387885,USD (1),cf,1981,13687707.996660458
126,Trinidad and Tobago,1982,5030144.380893806,USD (1),cf,1982,12777066.2668518
126,Trinidad and Tobago,1983,4402240.709418981,USD (1),cf,1983,10834090.446042355
126,Trinidad and Tobago,1984,4601375.345185609,USD (1),cf,1984,10857248.907802051
126,Trinidad and Tobago,1985,7469659.473730902,USD (1),cf,1985,17021628.303465817
126,Trinidad and Tobago,1986,8639453.463336527,USD (1),cf,1986,19320604.271215156
126,Trinidad and Tobago,1987,10050054.862217288,USD (1),cf,1987,21680662.356909525
126,Trinidad and Tobago,1988,11066234.49670321,USD (1),cf,1988,22937502.26679603
126,Trinidad and Tobago,1989,19610157.422899697,USD (1),cf,1989,38775210.674393
126,Trinidad and Tobago,1990,24197657.750453703,USD (1),cf,1990,45395648.59060261
126,Trinidad and Tobago,1991,21907787.350045536,USD (1),cf,1991,39429928.705856495
126,Trinidad and Tobago,1992,28617129.55827665,USD (1),cf,1992,49991344.86414631
126,Trinidad and Tobago,1993,16728489.81846785,USD (1),cf,1993,28385212.257966544
126,Trinidad and Tobago,1994,19287544.4668921,USD (1),cf,1994,31895799.380993314
126,Trinidad and Tobago,1995,18603112.33913944,USD (1),cf,1995,29924448.071353313
126,Trinidad and Tobago,1996,16243854.228894154,USD (1),cf,1996,25385315.781408615
126,Trinidad and Tobago,1997,15334321.834677769,USD (1),cf,1997,23416525.25479464
126,Trinidad and Tobago,1998,15827691.12980061,USD (1),cf,1998,23800482.929494962
126,Trinidad and Tobago,1999,14382217.285245243,USD (1),cf,1999,21163818.75052548
126,Trinidad and Tobago,2000,14595543.38827267,USD (1),cf,2000,20776152.809854753
126,Trinidad and Tobago,2001,15376723.28945049,USD (1),cf,2001,21286536.177007176
126,Trinidad and Tobago,2002,18218910.9664387,USD (1),cf,2002,24827307.101490237
126,Trinidad and Tobago,2003,14373102.95589276,USD (1),cf,2003,19151777.165602017
126,Trinidad and Tobago,2004,14059943.268840749,USD (1),cf,2004,18246011.307236668
126,Trinidad and Tobago,2005,17263843.951746844,USD (1),cf,2005,21668647.251634948
126,Trinidad and Tobago,2006,13778528.935842814,USD (1),cf,2006,16753605.580753516
126,Trinidad and Tobago,2007,13163783.568629012,USD (1),cf,2007,15562185.467433423
126,Trinidad and Tobago,2008,18160511.272864893,USD (1),cf,2008,20675546.992370967
126,Trinidad and Tobago,2009,19826180.900868773,USD (1),cf,2009,22652433.85295893
126,Trinidad and Tobago,2010,16454360.24840535,USD (1),cf,2010,18496602.599364318
126,Trinidad and Tobago,2011,17619935.30953117,USD (1),cf,2011,19200707.75327807
126,Trinidad and Tobago,2012,16162353.853197308,USD (1),cf,2012,17255289.25025217
126,Trinidad and Tobago,2013,22015015.914169636,USD (1),cf,2013,23164402.00376523
126,Trinidad and Tobago,2014,21785148.106910437,USD (1),cf,2014,22556614.40332316
126,Trinidad and Tobago,2015,19013501.10487513,USD (1),cf,2015,19663490.249791652
126,Trinidad and Tobago,2016,21256064.637210585,USD (1),cf,2016,21708842.1964322
126,Trinidad and Tobago,2017,23161391.89344129,USD (1),cf,2017,23161391.89344129
126,Trinidad and Tobago,2018,24467368.204434507,USD (1),cf,2018,23957056.5463581
126,Trinidad and Tobago,2019,23662496.17753437,USD (1),cf,2019,22616543.677614715
127,Saint Vincent and the Grenadines,1976,83384.99742177852,USD (1),cf,1976,359161.7365519539
127,Saint Vincent and the Grenadines,1977,160667.93335958867,USD (1),cf,1977,649792.7712932242
127,Saint Vincent and the Grenadines,1978,220180.49489531817,USD (1),cf,1978,827346.2110403812
127,Saint Vincent and the Grenadines,1979,181586.380130509,USD (1),cf,1979,613301.7958883735
127,Saint Vincent and the Grenadines,1980,174506.1820284245,USD (1),cf,1980,519060.1593030429
127,Saint Vincent and the Grenadines,1981,170593.62637192252,USD (1),cf,1981,459893.743366599
127,Saint Vincent and the Grenadines,1982,143488.133886395,USD (1),cf,1982,364474.1097565877
127,Saint Vincent and the Grenadines,1983,145969.29132484703,USD (1),cf,1983,359236.2637450648
127,Saint Vincent and the Grenadines,1984,138516.98834755825,USD (1),cf,1984,326839.97883852094
127,Saint Vincent and the Grenadines,1985,123904.54859003516,USD (1),cf,1985,282349.8418670053
127,Saint Vincent and the Grenadines,1986,190564.75945848183,USD (1),cf,1986,426164.26156600006
127,Saint Vincent and the Grenadines,1987,258030.89980934927,USD (1),cf,1987,556641.8186877257
127,Saint Vincent and the Grenadines,1988,5489970.8054098915,USD (1),cf,1988,11379319.481369082
127,Saint Vincent and the Grenadines,1989,8131545.539901654,USD (1),cf,1989,16078524.237134071
127,Saint Vincent and the Grenadines,1990,11638192.210399397,USD (1),cf,1990,21833653.871035248
127,Saint Vincent and the Grenadines,1991,10303184.158455726,USD (1),cf,1991,18543808.66127838
127,Saint Vincent and the Grenadines,1992,2054756.6075752575,USD (1),cf,1992,3589460.15085113
127,Saint Vincent and the Grenadines,1993,2387604.5513519584,USD (1),cf,1993,4051331.7528156624
127,Saint Vincent and the Grenadines,1994,5255903.899561283,USD (1),cf,1994,8691684.762357932
127,Saint Vincent and the Grenadines,1995,855193.2977917511,USD (1),cf,1995,1375640.1060319818
127,Saint Vincent and the Grenadines,1996,893750.3239209675,USD (1),cf,1996,1396721.115738217
127,Saint Vincent and the Grenadines,1997,2826719.972436447,USD (1),cf,1997,4316588.652332886
127,Saint Vincent and the Grenadines,1998,15465451.68579715,USD (1),cf,1998,23255774.694245066
127,Saint Vincent and the Grenadines,1999,8618538.046957668,USD (1),cf,1999,12682410.05560706
127,Saint Vincent and the Grenadines,2000,22200841.62467627,USD (1),cf,2000,31601980.538269315
127,Saint Vincent and the Grenadines,2001,24126274.374258447,USD (1),cf,2001,33398845.945052225
127,Saint Vincent and the Grenadines,2002,19973088.538276248,USD (1),cf,2002,27217763.11539711
127,Saint Vincent and the Grenadines,2003,24386019.67449928,USD (1),cf,2003,32493722.211216692
127,Saint Vincent and the Grenadines,2004,46124122.29253252,USD (1),cf,2004,59856660.92629292
127,Saint Vincent and the Grenadines,2005,21366025.205904543,USD (1),cf,2005,26817484.254973274
127,Saint Vincent and the Grenadines,2006,32226494.454100817,USD (1),cf,2006,39184878.14253156
127,Saint Vincent and the Grenadines,2007,37310792.704061285,USD (1),cf,2007,44108707.27024844
127,Saint Vincent and the Grenadines,2008,38964347.32432368,USD (1),cf,2008,44360490.84889173
127,Saint Vincent and the Grenadines,2009,41354027.138281815,USD (1),cf,2009,47249108.0852767
127,Saint Vincent and the Grenadines,2010,41202107.112266906,USD (1),cf,2010,46315930.24626411
127,Saint Vincent and the Grenadines,2011,43385886.75974201,USD (1),cf,2011,47278251.46100313
127,Saint Vincent and the Grenadines,2012,8179787.162870363,USD (1),cf,2012,8732923.11149999
127,Saint Vincent and the Grenadines,2013,35803367.928532876,USD (1),cf,2013,37672632.67120526
127,Saint Vincent and the Grenadines,2014,74742568.2550508,USD (1),cf,2014,77389388.55818237
127,Saint Vincent and the Grenadines,2015,26169597.816324137,USD (1),cf,2015,27064222.8732044
127,Saint Vincent and the Grenadines,2016,21968858.252908595,USD (1),cf,2016,22436819.10024364
127,Saint Vincent and the Grenadines,2017,45285295.20434775,USD (1),cf,2017,45285295.20434775
127,Saint Vincent and the Grenadines,2018,6063370.751974941,USD (1),cf,2018,5936908.07907449
127,Saint Vincent and the Grenadines,2019,5255526.68447878,USD (1),cf,2019,5023216.82026234
129,Panama,1976,99802454.4988909,USD (1),cf,1976,429876164.517419
129,Panama,1977,179687013.66430968,USD (1),cf,1977,726712045.9750847
129,Panama,1978,127510341.1863622,USD (1),cf,1978,479130531.9717775
129,Panama,1979,141933916.88701725,USD (1),cf,1979,479376955.814174
129,Panama,1980,224332639.86134169,USD (1),cf,1980,667266537.0922703
129,Panama,1981,146551009.54449165,USD (1),cf,1981,395078607.6065457
129,Panama,1982,95073627.42143874,USD (1),cf,1982,241496455.33193424
129,Panama,1983,131656561.73668416,USD (1),cf,1983,324012063.81521386
129,Panama,1984,123701713.73238106,USD (1),cf,1984,291882360.28590286
129,Panama,1985,279484743.26985544,USD (1),cf,1985,636881163.4799876
129,Panama,1986,205748444.1765114,USD (1),cf,1986,460119877.5156521
129,Panama,1987,170806565.5341844,USD (1),cf,1987,368475548.2889946
129,Panama,1988,104898553.89406662,USD (1),cf,1988,217428143.1001298
129,Panama,1989,228664219.2355906,USD (1),cf,1989,452138301.7660931
129,Panama,1990,157173652.80882505,USD (1),cf,1990,294863246.02954686
129,Panama,1991,194713683.94742116,USD (1),cf,1991,350448292.81153
129,Panama,1992,210093050.65530172,USD (1),cf,1992,367012146.6054626
129,Panama,1993,247794653.0418571,USD (1),cf,1993,420462570.10105294
129,Panama,1994,236905222.95325527,USD (1),cf,1994,391770008.7015848
129,Panama,1995,278002005.54072237,USD (1),cf,1995,447186278.6654684
129,Panama,1996,197070436.77613777,USD (1),cf,1996,307974646.79556847
129,Panama,1997,172159804.15351674,USD (1),cf,1997,262899425.56863245
129,Panama,1998,209166330.9709183,USD (1),cf,1998,314528483.58439934
129,Panama,1999,142478965.2592115,USD (1),cf,1999,209661621.48042884
129,Panama,2000,244609821.29627916,USD (1),cf,2000,348191971.401772
129,Panama,2001,314976508.09773374,USD (1),cf,2001,436033003.15157115
129,Panama,2002,272000242.41671234,USD (1),cf,2002,370660659.2786672
129,Panama,2003,229103754.74244407,USD (1),cf,2003,305274655.86901087
129,Panama,2004,216443533.69771016,USD (1),cf,2004,280885284.3651834
129,Panama,2005,263786208.13481975,USD (1),cf,2005,331090243.2793019
129,Panama,2006,278182900.32829535,USD (1),cf,2006,338248488.8707205
129,Panama,2007,273109310.3263247,USD (1),cf,2007,322869007.83676016
129,Panama,2008,329651265.0203507,USD (1),cf,2008,375304423.901695
129,Panama,2009,372697723.7262832,USD (1),cf,2009,425826364.44561267
129,Panama,2010,233851090.7954311,USD (1),cf,2010,262875652.93157765
129,Panama,2011,252287743.27347097,USD (1),cf,2011,274921737.40885615
129,Panama,2012,237808139.31580696,USD (1),cf,2012,253889270.53758025
129,Panama,2013,369069492.6310653,USD (1),cf,2013,388338310.90392506
129,Panama,2014,265449084.54058337,USD (1),cf,2014,274849297.06756234
129,Panama,2015,192957762.42985177,USD (1),cf,2015,199554151.50701267
129,Panama,2016,232042792.7752397,USD (1),cf,2016,236985559.51691663
129,Panama,2017,253375399.69883385,USD (1),cf,2017,253375399.69883385
129,Panama,2018,293388589.6749663,USD (1),cf,2018,287269434.70877767
129,Panama,2019,499542436.587449,USD (1),cf,2019,477461179.5448946
130,Costa Rica,1976,6747530.277372015,USD (1),cf,1976,29063437.869998198
130,Costa Rica,1977,13677300.631112352,USD (1),cf,1977,55315400.49756082
130,Costa Rica,1978,18331484.48966313,USD (1),cf,1978,68882051.71161509
130,Costa Rica,1979,17263326.641275622,USD (1),cf,1979,58306296.01456037
130,Costa Rica,1980,18744405.44969789,USD (1),cf,1980,55754323.23180519
130,Costa Rica,1981,19140910.45433805,USD (1),cf,1981,51600901.78925477
130,Costa Rica,1982,7740090.774349182,USD (1),cf,1982,19660599.2287114
130,Costa Rica,1983,7376649.841099243,USD (1),cf,1983,18154230.275563713
130,Costa Rica,1984,18184714.924990427,USD (1),cf,1984,42908035.41263376
130,Costa Rica,1985,23814861.166534364,USD (1),cf,1985,54268566.900670186
130,Costa Rica,1986,40197405.578529194,USD (1),cf,1986,89894363.01823242
130,Costa Rica,1987,15306395.31091362,USD (1),cf,1987,33019997.720100656
130,Costa Rica,1988,13435099.420431996,USD (1),cf,1988,27847559.4839958
130,Costa Rica,1989,23981350.17513027,USD (1),cf,1989,47418380.44661493
130,Costa Rica,1990,21922094.86077103,USD (1),cf,1990,41126613.36615349
130,Costa Rica,1991,22924204.768610924,USD (1),cf,1991,41259290.37114309
130,Costa Rica,1992,25947373.992444795,USD (1),cf,1992,45327541.28724725
130,Costa Rica,1993,28965487.699268907,USD (1),cf,1993,49149177.566021964
130,Costa Rica,1994,29838237.37123652,USD (1),cf,1994,49343473.178199336
130,Costa Rica,1995,29938888.423982024,USD (1),cf,1995,48158861.572457425
130,Costa Rica,1996,38032422.51726835,USD (1),cf,1996,59435712.850431025
130,Costa Rica,1997,33498898.919251103,USD (1),cf,1997,51155037.76479463
130,Costa Rica,1998,27001312.460380312,USD (1),cf,1998,40602528.253616296
130,Costa Rica,1999,29465616.096627664,USD (1),cf,1999,43359444.936307006
130,Costa Rica,2000,42730342.324443184,USD (1),cf,2000,60824876.342962965
130,Costa Rica,2001,36515574.64181489,USD (1),cf,2001,50549787.88429353
130,Costa Rica,2002,39705515.52767369,USD (1),cf,2002,54107571.492306225
130,Costa Rica,2003,30183751.092511196,USD (1),cf,2003,40219045.0259573
130,Costa Rica,2004,24506919.370457243,USD (1),cf,2004,31803366.442442853
130,Costa Rica,2005,26669519.512668654,USD (1),cf,2005,33474144.70994093
130,Costa Rica,2006,27091923.83993599,USD (1),cf,2006,32941644.8266389
130,Costa Rica,2007,28030966.098689165,USD (1),cf,2007,33138124.079973117
130,Costa Rica,2008,32979604.316176992,USD (1),cf,2008,37546925.22604018
130,Costa Rica,2009,32090209.894766074,USD (1),cf,2009,36664719.27212685
130,Costa Rica,2010,26276523.805338178,USD (1),cf,2010,29537849.61449225
130,Costa Rica,2011,17704126.9111257,USD (1),cf,2011,19292452.60415857
130,Costa Rica,2012,20218759.694090668,USD (1),cf,2012,21585998.54772128
130,Costa Rica,2013,42327466.703572616,USD (1),cf,2013,44537349.34124965
130,Costa Rica,2014,32482530.45770194,USD (1),cf,2014,33632817.67848828
130,Costa Rica,2015,33154856.408915862,USD (1),cf,2015,34288277.16336785
130,Costa Rica,2016,24819893.29851877,USD (1),cf,2016,25348584.328568205
130,Costa Rica,2017,31763161.2751045,USD (1),cf,2017,31763161.2751045
130,Costa Rica,2018,33366603.066345055,USD (1),cf,2018,32670681.60912524
130,Costa Rica,2019,42828227.922155574,USD (1),cf,2019,40935093.244976506
131,Nicaragua,1976,17970193.317923766,USD (1),cf,1976,77402482.91419993
131,Nicaragua,1977,46304843.38059089,USD (1),cf,1977,187271671.92243704
131,Nicaragua,1978,42466631.31211357,USD (1),cf,1978,159571839.13329944
131,Nicaragua,1979,35912580.5399834,USD (1),cf,1979,121293513.99773362
131,Nicaragua,1980,35744492.776957184,USD (1),cf,1980,106320256.96368605
131,Nicaragua,1981,27571233.997918848,USD (1),cf,1981,74327735.93132478
131,Nicaragua,1982,12337700.387124218,USD (1),cf,1982,31338984.22987975
131,Nicaragua,1983,18237740.548455343,USD (1),cf,1983,44883808.877297305
131,Nicaragua,1984,18958644.521086544,USD (1),cf,1984,44734173.3891242
131,Nicaragua,1985,22751600.989624817,USD (1),cf,1985,51845642.59135198
131,Nicaragua,1986,18463900.09988904,USD (1),cf,1986,41291235.45222927
131,Nicaragua,1987,21275596.56999049,USD (1),cf,1987,45897164.94085078
131,Nicaragua,1988,14023592.42166882,USD (1),cf,1988,29067356.4758167
131,Nicaragua,1989,21532778.304422967,USD (1),cf,1989,42576813.492787324
131,Nicaragua,1990,14387668.30675483,USD (1),cf,1990,26991766.77458984
131,Nicaragua,1991,28394417.04674923,USD (1),cf,1991,51104651.597567715
131,Nicaragua,1992,38138647.63750222,USD (1),cf,1992,66624511.8265925
131,Nicaragua,1993,39972753.5844373,USD (1),cf,1993,67826510.78144759
131,Nicaragua,1994,70445571.41190827,USD (1),cf,1994,116495794.31381713
131,Nicaragua,1995,62491460.22747216,USD (1),cf,1995,100522021.39024103
131,Nicaragua,1996,85881158.31036778,USD (1),cf,1996,134212009.82608476
131,Nicaragua,1997,99746168.72503954,USD (1),cf,1997,152319007.27013648
131,Nicaragua,1998,99945657.3639181,USD (1),cf,1998,150290708.383128
131,Nicaragua,1999,166300190.8635439,USD (1),cf,1999,244715194.3132266
131,Nicaragua,2000,157332738.8738437,USD (1),cf,2000,223956651.5531286
131,Nicaragua,2001,124019460.18358225,USD (1),cf,2001,171684478.94629878
131,Nicaragua,2002,134075205.61802448,USD (1),cf,2002,182707205.2059552
131,Nicaragua,2003,103067225.71258771,USD (1),cf,2003,137334335.2497874
131,Nicaragua,2004,110487187.8143996,USD (1),cf,2004,143382547.11411312
131,Nicaragua,2005,119276914.8512132,USD (1),cf,2005,149709960.33086345
131,Nicaragua,2006,126915263.39773606,USD (1),cf,2006,154318960.6846844
131,Nicaragua,2007,126135433.81461307,USD (1),cf,2007,149116931.67883188
131,Nicaragua,2008,135019304.07129776,USD (1),cf,2008,153718027.22176093
131,Nicaragua,2009,149355399.6994019,USD (1),cf,2009,170646244.43756035
131,Nicaragua,2010,148041905.1756686,USD (1),cf,2010,166416211.06797472
131,Nicaragua,2011,136437027.94398662,USD (1),cf,2011,148677475.49908713
131,Nicaragua,2012,136380745.28587827,USD (1),cf,2012,145603123.7434674
131,Nicaragua,2013,153556205.06760204,USD (1),cf,2013,161573249.74128732
131,Nicaragua,2014,188208537.0802171,USD (1),cf,2014,194873469.64537483
131,Nicaragua,2015,193698915.1345975,USD (1),cf,2015,200320641.00849843
131,Nicaragua,2016,195551570.14275917,USD (1),cf,2016,199717033.7006839
131,Nicaragua,2017,187952477.41650596,USD (1),cf,2017,187952477.41650596
131,Nicaragua,2018,205989554.16830876,USD (1),cf,2018,201693265.7381131
131,Nicaragua,2019,189500710.7583605,USD (1),cf,2019,181124217.3965806
132,Colombia,1976,11459265.840747155,USD (1),cf,1976,49358157.29722966
132,Colombia,1977,27905283.265672386,USD (1),cf,1977,112857936.04092273
132,Colombia,1978,24746544.916345116,USD (1),cf,1978,92987165.74605215
132,Colombia,1979,17669940.44848685,USD (1),cf,1979,59679620.258462496
132,Colombia,1980,34660076.42560287,USD (1),cf,1980,103094713.21765926
132,Colombia,1981,61698583.24498394,USD (1),cf,1981,166329733.48658183
132,Colombia,1982,23509862.176121097,USD (1),cf,1982,59717384.671864256
132,Colombia,1983,15750310.408424526,USD (1),cf,1983,38762143.82212533
132,Colombia,1984,38781214.174475595,USD (1),cf,1984,91506835.16388471
132,Colombia,1985,36836992.62550433,USD (1),cf,1985,83942996.12906757
132,Colombia,1986,61115562.18669139,USD (1),cf,1986,136674107.55007276
132,Colombia,1987,30442987.203874644,USD (1),cf,1987,65673683.950149685
132,Colombia,1988,77095722.20309328,USD (1),cf,1988,159799912.3659051
132,Colombia,1989,132620489.4637746,USD (1),cf,1989,262230807.6269684
132,Colombia,1990,156037045.2223365,USD (1),cf,1990,292730930.61647016
132,Colombia,1991,179792392.21049267,USD (1),cf,1991,323592752.35983056
132,Colombia,1992,185624713.8996646,USD (1),cf,1992,324268339.6659107
132,Colombia,1993,163367504.84436163,USD (1),cf,1993,277205016.7936978
132,Colombia,1994,99953850.36441655,USD (1),cf,1994,165293615.47571698
132,Colombia,1995,192978453.0817348,USD (1),cf,1995,310419761.6430456
132,Colombia,1996,191222135.55254865,USD (1),cf,1996,298835130.3203757
132,Colombia,1997,198508486.37534595,USD (1),cf,1997,303135608.7745125
132,Colombia,1998,195097938.4451383,USD (1),cf,1998,293373500.6238822
132,Colombia,1999,166799779.23342797,USD (1),cf,1999,245450352.0083439
132,Colombia,2000,166360322.18837762,USD (1),cf,2000,236807043.3101873
132,Colombia,2001,169122929.55601886,USD (1),cf,2001,234122790.05017358
132,Colombia,2002,141912082.36566302,USD (1),cf,2002,193386687.9746326
132,Colombia,2003,118680375.75366384,USD (1),cf,2003,158138442.15401062
132,Colombia,2004,133155460.26787068,USD (1),cf,2004,172799846.14533865
132,Colombia,2005,136064288.0467017,USD (1),cf,2005,170780567.1477065
132,Colombia,2006,114130310.25753498,USD (1),cf,2006,138773464.9879594
132,Colombia,2007,133288881.86398374,USD (1),cf,2007,157573716.5154691
132,Colombia,2008,156240174.03938344,USD (1),cf,2008,177877759.7123173
132,Colombia,2009,145514162.59155226,USD (1),cf,2009,166257433.0000897
132,Colombia,2010,95968629.68654644,USD (1),cf,2010,107879831.15233164
132,Colombia,2011,109927601.6797196,USD (1),cf,2011,119789756.13658006
132,Colombia,2012,93170636.13924262,USD (1),cf,2012,99471048.01783496
132,Colombia,2013,73560866.543250307,USD (1),cf,2013,77401419.60362719
132,Colombia,2014,105115752.45566449,USD (1),cf,2014,108838162.78051716
132,Colombia,2015,80824548.80327033,USD (1),cf,2015,83587589.60649364
132,Colombia,2016,72217906.7373371,USD (1),cf,2016,73756227.59318282
132,Colombia,2017,122614654.86945184,USD (1),cf,2017,122614654.86945184
132,Colombia,2018,92555207.04194236,USD (1),cf,2018,90624799.12988019
132,Colombia,2019,163729610.63354996,USD (1),cf,2019,156492276.31902295
133,Honduras,1976,9696280.085268464,USD (1),cf,1976,41764500.8238566
133,Honduras,1977,20395684.81920076,USD (1),cf,1977,82486705.86575805
133,Honduras,1978,24034726.53945651,USD (1),cf,1978,90312449.99819402
133,Honduras,1979,38714674.18965329,USD (1),cf,1979,130757489.57979445
133,Honduras,1980,32533842.1186369,USD (1),cf,1980,96770332.58391424
133,Honduras,1981,32723045.196486738,USD (1),cf,1981,88216213.40622126
133,Honduras,1982,21824469.825777013,USD (1),cf,1982,55436320.727102295
133,Honduras,1983,46252627.49855606,USD (1),cf,1983,113829566.0694572
133,Honduras,1984,41653256.7944081,USD (1),cf,1984,98283609.33664355
133,Honduras,1985,64005737.890080586,USD (1),cf,1985,145854290.07647145
133,Honduras,1986,114207550.16185072,USD (1),cf,1986,255404915.4643987
133,Honduras,1987,89858869.70507339,USD (1),cf,1987,193849669.5349782
133,Honduras,1988,76628502.46031484,USD (1),cf,1988,158831484.13385698
133,Honduras,1989,64009589.00394056,USD (1),cf,1989,126566311.7987403
133,Honduras,1990,62674880.81742265,USD (1),cf,1990,117580258.98156495
133,Honduras,1991,84052981.31816615,USD (1),cf,1991,151279680.04870608
133,Honduras,1992,80010491.15037839,USD (1),cf,1992,139770554.12573552
133,Honduras,1993,76549483.92974395,USD (1),cf,1993,129890586.24914132
133,Honduras,1994,76609100.76389797,USD (1),cf,1994,126688418.67962915
133,Honduras,1995,116344954.53473832,USD (1),cf,1995,187149251.52679008
133,Honduras,1996,93662266.28780292,USD (1),cf,1996,146372047.7304557
133,Honduras,1997,99608391.21502744,USD (1),cf,1997,152108611.88535687
133,Honduras,1998,86998243.43053141,USD (1),cf,1998,130821368.11261459
133,Honduras,1999,141696780.39052543,USD (1),cf,1999,208510615.45250165
133,Honduras,2000,74198454.19814599,USD (1),cf,2000,105618433.08378038
133,Honduras,2001,96714837.10572012,USD (1),cf,2001,133885733.66061
133,Honduras,2002,96629870.92448734,USD (1),cf,2002,131679631.40271935
133,Honduras,2003,97583615.03343108,USD (1),cf,2003,130027569.95961975
133,Honduras,2004,104391266.00663345,USD (1),cf,2004,135471686.0170397
133,Honduras,2005,109637428.801884,USD (1),cf,2005,137610996.53845522
133,Honduras,2006,115294387.40797453,USD (1),cf,2006,140188891.08568302
133,Honduras,2007,81940967.27537902,USD (1),cf,2007,96870365.83913915
133,Honduras,2008,91669937.53536418,USD (1),cf,2008,104365239.10712224
133,Honduras,2009,58584882.90128197,USD (1),cf,2009,66936249.16165684
133,Honduras,2010,72931016.47093074,USD (1),cf,2010,81982891.37137577
133,Honduras,2011,81253400.41837044,USD (1),cf,2011,88543048.99458365
133,Honduras,2012,106010604.20938368,USD (1),cf,2012,113179284.14647639
133,Honduras,2013,107969783.64358424,USD (1),cf,2013,113606798.30214314
133,Honduras,2014,97305686.26223828,USD (1),cf,2014,100751522.71155831
133,Honduras,2015,116729109.5446659,USD (1),cf,2015,120719571.56853539
133,Honduras,2016,115801204.32861751,USD (1),cf,2016,118267897.36637992
133,Honduras,2017,103531454.7428405,USD (1),cf,2017,103531454.7428405
133,Honduras,2018,108823430.55462532,USD (1),cf,2018,106553719.12428732
133,Honduras,2019,109116176.34772225,USD (1),cf,2019,104292917.7795526
134,El Salvador,1976,2947131.264016977,USD (1),cf,1976,12694091.447611341
134,El Salvador,1977,7693488.235691127,USD (1),cf,1977,31114939.59652158
134,El Salvador,1978,9133662.386877429,USD (1),cf,1978,34320483.1667665
134,El Salvador,1979,15402958.880321223,USD (1),cf,1979,52022967.45221922
134,El Salvador,1980,31991421.24471116,USD (1),cf,1980,95156928.05029532
134,El Salvador,1981,59478594.69201392,USD (1),cf,1981,160344991.45624053
134,El Salvador,1982,28450398.32012588,USD (1),cf,1982,72266837.11809976
134,El Salvador,1983,12056341.309525063,USD (1),cf,1983,29671138.13569516
134,El Salvador,1984,20847555.098274548,USD (1),cf,1984,49191182.60106949
134,El Salvador,1985,28132515.157619428,USD (1),cf,1985,64107502.883988515
134,El Salvador,1986,47316343.1789652,USD (1),cf,1986,105814603.43542889
134,El Salvador,1987,64386251.19830795,USD (1),cf,1987,138898403.22221863
134,El Salvador,1988,21610483.670357816,USD (1),cf,1988,44793061.1196667
134,El Salvador,1989,12605991.97258018,USD (1),cf,1989,24925857.756027434
134,El Salvador,1990,7804622.142342407,USD (1),cf,1990,14641742.924460074
134,El Salvador,1991,12245738.411798334,USD (1),cf,1991,22040043.789578456
134,El Salvador,1992,10907545.61083859,USD (1),cf,1992,19054422.39209944
134,El Salvador,1993,17125911.282371618,USD (1),cf,1993,29059564.3800766
134,El Salvador,1994,23470953.08269312,USD (1),cf,1994,38813899.4101262
134,El Salvador,1995,21730842.98077376,USD (1),cf,1995,34955628.41690491
134,El Salvador,1996,15040403.980411164,USD (1),cf,1996,23504606.674168915
134,El Salvador,1997,11201550.170984449,USD (1),cf,1997,17105509.15127695
134,El Salvador,1998,13432674.034886245,USD (1),cf,1998,20199037.651349958
134,El Salvador,1999,11195818.645192398,USD (1),cf,1999,16474947.629506994
134,El Salvador,2000,8174325.84652615,USD (1),cf,2000,11635815.014700286
134,El Salvador,2001,26084462.762279194,USD (1),cf,2001,36109634.65981023
134,El Salvador,2002,62457811.06915101,USD (1),cf,2002,85112620.57085402
134,El Salvador,2003,76817346.607126,USD (1),cf,2003,102357069.9512262
134,El Salvador,2004,80482011.14110805,USD (1),cf,2004,104443926.7805724
134,El Salvador,2005,122911346.8501064,USD (1),cf,2005,154271703.65779513
134,El Salvador,2006,105605202.34858006,USD (1),cf,2006,128407605.46078946
134,El Salvador,2007,132414300.1060247,USD (1),cf,2007,156539788.58336395
134,El Salvador,2008,97499035.83367458,USD (1),cf,2008,111001604.89985985
134,El Salvador,2009,78584539.62582293,USD (1),cf,2009,89786888.08701323
134,El Salvador,2010,41585651.50508824,USD (1),cf,2010,46747078.47118025
134,El Salvador,2011,85068320.18493605,USD (1),cf,2011,92700224.27662951
134,El Salvador,2012,81216477.88039204,USD (1),cf,2012,86708522.18939868
134,El Salvador,2013,64912182.86537669,USD (1),cf,2013,68301195.17959121
134,El Salvador,2014,68628259.79713942,USD (1),cf,2014,71058557.225237
134,El Salvador,2015,63784374.40534076,USD (1),cf,2015,65964885.54582359
134,El Salvador,2016,82576816.40322421,USD (1),cf,2016,84335793.43013307
134,El Salvador,2017,95440909.61876294,USD (1),cf,2017,95440909.61876294
134,El Salvador,2018,91254263.598221,USD (1),cf,2018,89350989.23809144
134,El Salvador,2019,76674577.20445521,USD (1),cf,2019,73285333.52088204
135,Mexico,1976,276941312.4970407,USD (1),cf,1976,1192861135.6344028
135,Mexico,1977,538983248.713352,USD (1),cf,1977,2179821520.9393086
135,Mexico,1978,808363384.5532573,USD (1),cf,1978,3037491507.4647565
135,Mexico,1979,906083785.1177849,USD (1),cf,1979,3060267032.3549604
135,Mexico,1980,1262829680.0063584,USD (1),cf,1980,3756225523.116094
135,Mexico,1981,1431186382.0573514,USD (1),cf,1981,3858254711.4901175
135,Mexico,1982,1094619685.142069,USD (1),cf,1982,2780442706.015427
135,Mexico,1983,761916284.5540267,USD (1),cf,1983,1875106447.8390007
135,Mexico,1984,899626291.27013,USD (1),cf,1984,2122727627.1956973
135,Mexico,1985,1142471650.1416612,USD (1),cf,1985,2603428957.4174466
135,Mexico,1986,1517624408.803784,USD (1),cf,1986,3393897630.129827
135,Mexico,1987,1165832110.68661,USD (1),cf,1987,2515012375.8690662
135,Mexico,1988,1097286088.3882773,USD (1),cf,1988,2274396240.855737
135,Mexico,1989,1625399281.4655604,USD (1),cf,1989,3213905845.306302
135,Mexico,1990,1370881246.4910843,USD (1),cf,1990,2571820957.5052648
135,Mexico,1991,1468030558.6739066,USD (1),cf,1991,2642181035.521622
135,Mexico,1992,1256324226.0823774,USD (1),cf,1992,2194676357.0178294
135,Mexico,1993,1356987225.4699948,USD (1),cf,1993,2302561130.401117
135,Mexico,1994,1449476983.4179947,USD (1),cf,1994,2396999117.7377367
135,Mexico,1995,1734527435.424411,USD (1),cf,1995,2790112494.2675314
135,Mexico,1996,1771454052.406188,USD (1),cf,1996,2768365184.6984367
135,Mexico,1997,1606777465.8106678,USD (1),cf,1997,2453655630.332678
135,Mexico,1998,1301201209.2483628,USD (1),cf,1998,1956647808.8673694
135,Mexico,1999,1355878312.309888,USD (1),cf,1999,1995211328.0150275
135,Mexico,2000,1349769065.199455,USD (1),cf,2000,1921340481.1725528
135,Mexico,2001,1298894737.0986588,USD (1),cf,2001,1798105440.9910567
135,Mexico,2002,1380206839.8924923,USD (1),cf,2002,1880837945.8416388
135,Mexico,2003,1320073134.7540348,USD (1),cf,2003,1758962319.8755322
135,Mexico,2004,1283591321.2847378,USD (1),cf,2004,1665755068.4387085
135,Mexico,2005,1353195512.9331722,USD (1),cf,2005,1698458136.797349
135,Mexico,2006,1491939876.9579487,USD (1),cf,2006,1814081340.9862373
135,Mexico,2007,1529069171.7229564,USD (1),cf,2007,1807660990.3854365
135,Mexico,2008,1704330861.5230246,USD (1),cf,2008,1940362376.835686
135,Mexico,2009,1795930440.1228485,USD (1),cf,2009,2051943120.201005
135,Mexico,2010,1715469384.5183234,USD (1),cf,2010,1928385850.1813602
135,Mexico,2011,1853617750.792913,USD (1),cf,2011,2019915061.7772806
135,Mexico,2012,2070020767.1797972,USD (1),cf,2012,2210000314.072461
135,Mexico,2013,2659393589.06548,USD (1),cf,2013,2798238367.100103
135,Mexico,2014,2440778346.0355105,USD (1),cf,2014,2527212379.981008
135,Mexico,2015,2272990770.9012017,USD (1),cf,2015,2350694467.8390794
135,Mexico,2016,2276768960.1566153,USD (1),cf,2016,2325266643.5371323
135,Mexico,2017,2964045333.917758,USD (1),cf,2017,2964045333.917758
135,Mexico,2018,2869408718.4739223,USD (1),cf,2018,2809561958.1444674
135,Mexico,2019,2787204116.7207975,USD (1),cf,2019,2664001429.574109
136,Guatemala,1976,1961357.059097084,USD (1),cf,1976,8448095.330392791
136,Guatemala,1977,3557458.901788102,USD (1),cf,1977,14387507.390046874
136,Guatemala,1978,7748807.839015415,USD (1),cf,1978,29116778.980524164
136,Guatemala,1979,7232908.10223816,USD (1),cf,1979,24428900.038703557
136,Guatemala,1980,5535034.445199756,USD (1),cf,1980,16463691.013566747
136,Guatemala,1981,7286061.877137095,USD (1),cf,1981,19642083.601481773
136,Guatemala,1982,3738486.676117613,USD (1),cf,1982,9496127.423286717
136,Guatemala,1983,2739596.889990375,USD (1),cf,1983,6742257.5118045835
136,Guatemala,1984,4570814.670315543,USD (1),cf,1984,10785138.977843419
136,Guatemala,1985,7509807.485824486,USD (1),cf,1985,17113116.3480525
136,Guatemala,1986,6117629.023026198,USD (1),cf,1986,13680991.504101785
136,Guatemala,1987,2413680.8926942376,USD (1),cf,1987,5206956.697177911
136,Guatemala,1988,2439339.4649356194,USD (1),cf,1988,5056133.0977682425
136,Guatemala,1989,6705250.406853204,USD (1),cf,1989,13258307.495618628
136,Guatemala,1990,6257898.1003796505,USD (1),cf,1990,11740034.759162081
136,Guatemala,1991,8577212.173918677,USD (1),cf,1991,15437381.197326386
136,Guatemala,1992,6183343.330237465,USD (1),cf,1992,10801700.016971763
136,Guatemala,1993,7981203.858006232,USD (1),cf,1993,13542654.958220117
136,Guatemala,1994,8507077.664933473,USD (1),cf,1994,14068148.643027833
136,Guatemala,1995,8364841.8660021555,USD (1),cf,1995,13455451.511606734
136,Guatemala,1996,4839783.349300622,USD (1),cf,1996,7563440.726835661
136,Guatemala,1997,3649065.844951861,USD (1),cf,1997,5572365.275488518
136,Guatemala,1998,10249556.7951746,USD (1),cf,1998,15412507.076230472
136,Guatemala,1999,19744965.90659354,USD (1),cf,1999,29055247.281735465
136,Guatemala,2000,67903037.04997066,USD (1),cf,2000,96657166.94980673
136,Guatemala,2001,33267965.45450523,USD (1),cf,2001,46054008.83220665
136,Guatemala,2002,21865765.883547187,USD (1),cf,2002,29796955.78951665
136,Guatemala,2003,21322809.34754819,USD (1),cf,2003,28412075.97427201
136,Guatemala,2004,10302580.224215882,USD (1),cf,2004,13369968.26163261
136,Guatemala,2005,18331909.504455857,USD (1),cf,2005,23009225.616914503
136,Guatemala,2006,19478660.573498443,USD (1),cf,2006,23684516.540865786
136,Guatemala,2007,21295469.336421948,USD (1),cf,2007,25175440.001856167
136,Guatemala,2008,38314389.93721882,USD (1),cf,2008,43620521.345929325
136,Guatemala,2009,36382827.48758838,USD (1),cf,2009,41569256.18539562
136,Guatemala,2010,35418369.163747825,USD (1),cf,2010,39814340.34804927
136,Guatemala,2011,37995847.94701364,USD (1),cf,2011,41404645.332265474
136,Guatemala,2012,24095876.958196186,USD (1),cf,2012,25725295.364072844
136,Guatemala,2013,21363866.670125116,USD (1),cf,2013,22479256.786868665
136,Guatemala,2014,18709367.606052987,USD (1),cf,2014,19371912.862318076
136,Guatemala,2015,14583964.072214374,USD (1),cf,2015,15082526.55602549
136,Guatemala,2016,19925798.43041724,USD (1),cf,2016,20350239.856092643
136,Guatemala,2017,21871395.835584052,USD (1),cf,2017,21871395.835584052
136,Guatemala,2018,19525192.656708974,USD (1),cf,2018,19117959.09747801
136,Guatemala,2019,20444298.846335836,USD (1),cf,2019,19540600.211712003
137,Ecuador,1976,123147429.93517996,USD (1),cf,1976,530429287.7015469
137,Ecuador,1977,226086220.59694397,USD (1),cf,1977,914365354.4363705
137,Ecuador,1978,339125194.865331,USD (1),cf,1978,1274290645.8338084
137,Ecuador,1979,341054154.3944319,USD (1),cf,1979,1151898756.0353508
137,Ecuador,1980,431973724.69547504,USD (1),cf,1980,1284884854.7877798
137,Ecuador,1981,365406868.48095137,USD (1),cf,1981,985079783.8788999
137,Ecuador,1982,348063464.86942905,USD (1),cf,1982,884115766.6564852
137,Ecuador,1983,200345517.8379315,USD (1),cf,1983,493058331.8788622
137,Ecuador,1984,467662249.5769898,USD (1),cf,1984,1103479952.7390451
137,Ecuador,1985,495395901.58267534,USD (1),cf,1985,1128892813.582149
137,Ecuador,1986,564163245.277381,USD (1),cf,1986,1261650965.8423738
137,Ecuador,1987,388090669.7074431,USD (1),cf,1987,837215606.1979567
137,Ecuador,1988,522983755.95595825,USD (1),cf,1988,1084012912.5504305
137,Ecuador,1989,465771342.3349501,USD (1),cf,1989,920970777.3198475
137,Ecuador,1990,270303803.1967624,USD (1),cf,1990,507099347.76201874
137,Ecuador,1991,320291882.6443364,USD (1),cf,1991,576465614.5297343
137,Ecuador,1992,248111617.7470725,USD (1),cf,1992,433426889.38583016
137,Ecuador,1993,336697979.18541914,USD (1),cf,1993,571315385.2929125
137,Ecuador,1994,418798555.5422651,USD (1),cf,1994,692566891.1123086
137,Ecuador,1995,474173047.3734663,USD (1),cf,1995,762741549.6013197
137,Ecuador,1996,538294121.5160131,USD (1),cf,1996,841226845.8832508
137,Ecuador,1997,498035485.3489226,USD (1),cf,1997,760533178.1992052
137,Ecuador,1998,312525405.4192196,USD (1),cf,1998,469952030.00321203
137,Ecuador,1999,491245306.23933613,USD (1),cf,1999,722880653.0382226
137,Ecuador,2000,492973644.3810967,USD (1),cf,2000,701727609.204468
137,Ecuador,2001,449878406.9895127,USD (1),cf,2001,622782422.8460084
137,Ecuador,2002,323532897.28913987,USD (1),cf,2002,440885331.3586668
137,Ecuador,2003,342764201.7030186,USD (1),cf,2003,456724176.5056939
137,Ecuador,2004,337499568.92828363,USD (1),cf,2004,437983342.68532914
137,Ecuador,2005,381932727.3493234,USD (1),cf,2005,479381391.87999046
137,Ecuador,2006,480485372.05921865,USD (1),cf,2006,584232355.1581203
137,Ecuador,2007,489967001.0663168,USD (1),cf,2007,579237519.6510694
137,Ecuador,2008,816964234.2158256,USD (1),cf,2008,930105004.3042655
137,Ecuador,2009,851261712.5263175,USD (1),cf,2009,972610394.8599585
137,Ecuador,2010,614500884.1819069,USD (1),cf,2010,690770013.5453317
137,Ecuador,2011,841884960.0151131,USD (1),cf,2011,917414666.6921271
137,Ecuador,2012,948294270.2784612,USD (1),cf,2012,1012420101.4677474
137,Ecuador,2013,730516171.0527003,USD (1),cf,2013,768655826.6634957
137,Ecuador,2014,897394261.3028822,USD (1),cf,2014,929173224.8330754
137,Ecuador,2015,912685640.244686,USD (1),cf,2015,943886404.1444038
137,Ecuador,2016,1154336083.221044,USD (1),cf,2016,1178924711.60559
137,Ecuador,2017,1245578107.346366,USD (1),cf,2017,1245578107.346366
137,Ecuador,2018,1139827099.7562869,USD (1),cf,2018,1116053923.4858766
137,Ecuador,2019,1101595083.629982,USD (1),cf,2019,1052901314.258519
138,Peru,1976,2381454437.3278365,USD (1),cf,1976,10257568359.732628
138,Peru,1977,1222802491.085599,USD (1),cf,1977,4945406359.640273
138,Peru,1978,2047754314.256173,USD (1),cf,1978,7694604255.689969
138,Peru,1979,2152858262.798341,USD (1),cf,1979,7271205240.824717
138,Peru,1980,1724175741.8862145,USD (1),cf,1980,5128476967.676288
138,Peru,1981,1926986407.8747816,USD (1),cf,1981,5194854059.799433
138,Peru,1982,2363418595.8267336,USD (1),cf,1982,6003317942.500529
138,Peru,1983,807975899.573642,USD (1),cf,1983,1988461002.4785774
138,Peru,1984,1569088994.2676058,USD (1),cf,1984,3702369072.5601935
138,Peru,1985,2175756422.8341947,USD (1),cf,1985,4958046245.428653
138,Peru,1986,4406501914.855715,USD (1),cf,1986,9854359431.250383
138,Peru,1987,3147994211.281303,USD (1),cf,1987,6791067365.500717
138,Peru,1988,5029053495.270858,USD (1),cf,1988,10423954596.478088
138,Peru,1989,5745813178.557988,USD (1),cf,1989,11361209993.86376
138,Peru,1990,6169957291.129905,USD (1),cf,1990,11575054738.589643
138,Peru,1991,6640486837.191964,USD (1),cf,1991,11951637031.117767
138,Peru,1992,7873291626.21982,USD (1),cf,1992,13753875492.677229
138,Peru,1993,8963125902.166904,USD (1),cf,1993,15208798522.088446
138,Peru,1994,10580730343.986494,USD (1),cf,1994,17497346691.046234
138,Peru,1995,8223636494.145893,USD (1),cf,1995,13228312485.594471
138,Peru,1996,10203090169.088823,USD (1),cf,1996,15945025253.168524
138,Peru,1997,6887229532.680229,USD (1),cf,1997,10517255736.922066
138,Peru,1998,3672232668.51821,USD (1),cf,1998,5522025305.108568
138,Peru,1999,10266159157.364223,USD (1),cf,1999,15106928741.328562
138,Peru,2000,11807627321.606808,USD (1),cf,2000,16807669507.70933
138,Peru,2001,7494685712.57175,USD (1),cf,2001,10375155717.69508
138,Peru,2002,9833075528.651186,USD (1),cf,2002,13399746359.79529
138,Peru,2003,6169265147.768524,USD (1),cf,2003,8220381621.71077
138,Peru,2004,10235159731.449524,USD (1),cf,2004,13282474660.141296
138,Peru,2005,9840780358.53823,USD (1),cf,2005,12351617569.411955
138,Peru,2006,7134248799.129621,USD (1),cf,2006,8674684434.90052
138,Peru,2007,8416699510.432358,USD (1),cf,2007,9950196926.448408
138,Peru,2008,8681152875.260544,USD (1),cf,2008,9883399290.00748
138,Peru,2009,9016980966.728382,USD (1),cf,2009,10302365640.84079
138,Peru,2010,5268799970.838532,USD (1),cf,2010,5922740098.363128
138,Peru,2011,10085003417.064629,USD (1),cf,2011,10989779468.550215
138,Peru,2012,6432194603.075944,USD (1),cf,2012,6867154338.910229
138,Peru,2013,13896293259.033928,USD (1),cf,2013,14621807436.772694
138,Peru,2014,8622212674.67303,USD (1),cf,2014,8927546677.74565
138,Peru,2015,9680807871.74088,USD (1),cf,2015,10011752709.093353
138,Peru,2016,8784508093.333326,USD (1),cf,2016,8971627779.001724
138,Peru,2017,10933909516.046616,USD (1),cf,2017,10933909516.046616
138,Peru,2018,19186021546.69923,USD (1),cf,2018,18785862020.526276
138,Peru,2019,12906023920.071814,USD (1),cf,2019,12335539391.223234
139,Venezuela,1976,69112041.20838703,USD (1),cf,1976,297684253.8172384
139,Venezuela,1977,90598051.95895968,USD (1),cf,1977,366407646.0386398
139,Venezuela,1978,97701745.13965116,USD (1),cf,1978,367122295.24124926
139,Venezuela,1979,124226480.33540094,USD (1),cf,1979,419570693.74826103
139,Venezuela,1980,157117009.49986285,USD (1),cf,1980,467336910.54528207
139,Venezuela,1981,160081228.46490175,USD (1),cf,1981,431553962.2854537
139,Venezuela,1982,139777305.8022044,USD (1),cf,1982,355048237.903547
139,Venezuela,1983,163263300.14385188,USD (1),cf,1983,401797511.09323204
139,Venezuela,1984,186222072.7103772,USD (1),cf,1984,439403274.86190325
139,Venezuela,1985,187036972.58293596,USD (1),cf,1985,426214051.32436377
139,Venezuela,1986,237310214.6518598,USD (1),cf,1986,530702175.3474445
139,Venezuela,1987,200633569.03109705,USD (1),cf,1987,432820390.262549
139,Venezuela,1988,237472764.7811296,USD (1),cf,1988,492220915.98476696
139,Venezuela,1989,382857065.32899415,USD (1),cf,1989,757024181.2019299
139,Venezuela,1990,404122666.13464254,USD (1),cf,1990,758148194.6946571
139,Venezuela,1991,375056670.5703548,USD (1),cf,1991,675032012.359489
139,Venezuela,1992,357028216.73539895,USD (1),cf,1992,623693605.3528265
139,Venezuela,1993,528777852.9912257,USD (1),cf,1993,897240083.0765773
139,Venezuela,1994,559541998.2917157,USD (1),cf,1994,925314228.2257795
139,Venezuela,1995,652574723.9328523,USD (1),cf,1995,1049713514.7607083
139,Venezuela,1996,600847418.2176088,USD (1),cf,1996,938982905.9637195
139,Venezuela,1997,514845824.1587699,USD (1),cf,1997,786203679.1529708
139,Venezuela,1998,457285998.0348248,USD (1),cf,1998,687632043.1621932
139,Venezuela,1999,364277174.2685459,USD (1),cf,1999,536043639.0487775
139,Venezuela,2000,399960972.6040679,USD (1),cf,2000,569327914.9495004
139,Venezuela,2001,449647585.0258595,USD (1),cf,2001,622462887.9238236
139,Venezuela,2002,445315550.1371741,USD (1),cf,2002,606841206.9574891
139,Venezuela,2003,462570847.66948974,USD (1),cf,2003,616363343.7439215
139,Venezuela,2004,420238325.6021994,USD (1),cf,2004,545355916.0274007
139,Venezuela,2005,346431615.7427629,USD (1),cf,2005,434822308.36454636
139,Venezuela,2006,320956345.4878694,USD (1),cf,2006,390257628.0807373
139,Venezuela,2007,448094611.3583603,USD (1),cf,2007,529736106.07930744
139,Venezuela,2008,466012708.18328696,USD (1),cf,2008,530550462.0611729
139,Venezuela,2009,503150072.60975367,USD (1),cf,2009,574874898.7458544
139,Venezuela,2010,277085942.93759227,USD (1),cf,2010,311476623.5219311
139,Venezuela,2011,260649772.8659196,USD (1),cf,2011,284033966.46125335
139,Venezuela,2012,240568071.53607175,USD (1),cf,2012,256835835.69784856
139,Venezuela,2013,245685966.12709537,USD (1),cf,2013,258513030.75318012
139,Venezuela,2014,236603619.61976343,USD (1),cf,2014,244982342.46571934
139,Venezuela,2015,301702546.66318727,USD (1),cf,2015,312016448.3082904
139,Venezuela,2016,359130731.8091013,USD (1),cf,2016,366780611.45358354
139,Venezuela,2017,376931712.5933225,USD (1),cf,2017,376931712.5933225
139,Venezuela,2018,266096237.0563445,USD (1),cf,2018,260546313.95854667
139,Venezuela,2019,246317266.73311257,USD (1),cf,2019,235429313.1131779
140,Guadeloupe and Martinique,1976,5944816.83875698,USD (1),cf,1976,25605933.9846378
140,Guadeloupe and Martinique,1977,7596037.747693363,USD (1),cf,1977,30720818.49633774
140,Guadeloupe and Martinique,1978,9028290.974188412,USD (1),cf,1978,33924541.468653426
140,Guadeloupe and Martinique,1979,9284812.869883912,USD (1),cf,1979,31359138.298228294
140,Guadeloupe and Martinique,1980,9696116.1839253,USD (1),cf,1980,28840626.461183473
140,Guadeloupe and Martinique,1981,9934592.683016364,USD (1),cf,1981,26782108.540526308
140,Guadeloupe and Martinique,1982,9965077.34639232,USD (1),cf,1982,25312286.08323447
140,Guadeloupe and Martinique,1983,8644572.015025053,USD (1),cf,1983,21274637.45399533
140,Guadeloupe and Martinique,1984,9148640.608049303,USD (1),cf,1984,21586821.504041005
140,Guadeloupe and Martinique,1985,8034691.787654201,USD (1),cf,1985,18309206.4134015
140,Guadeloupe and Martinique,1986,8488213.626259152,USD (1),cf,1986,18982383.218851674
140,Guadeloupe and Martinique,1987,8797646.92717115,USD (1),cf,1987,18978882.720369413
140,Guadeloupe and Martinique,1988,9815734.710799396,USD (1),cf,1988,20345532.822958395
140,Guadeloupe and Martinique,1989,9461809.143784048,USD (1),cf,1989,18708857.608797025
140,Guadeloupe and Martinique,1990,9919856.67209697,USD (1),cf,1990,18609996.56246544
140,Guadeloupe and Martinique,1991,13251804.795699175,USD (1),cf,1991,23850775.524222877
140,Guadeloupe and Martinique,1992,11963653.27117648,USD (1),cf,1992,20899339.86204004
140,Guadeloupe and Martinique,1993,12793966.668354211,USD (1),cf,1993,21709040.29254715
140,Guadeloupe and Martinique,1994,15582095.185937714,USD (1),cf,1994,25768100.384128146
140,Guadeloupe and Martinique,1995,19358063.427116863,USD (1),cf,1995,31138841.352259405
140,Guadeloupe and Martinique,1996,14639116.332932426,USD (1),cf,1996,22877488.65729418
140,Guadeloupe and Martinique,1997,14321529.73370774,USD (1),cf,1997,21869924.624789044
140,Guadeloupe and Martinique,1998,14023776.548711011,USD (1),cf,1998,21087892.83398487
140,Guadeloupe and Martinique,1999,14132392.062716927,USD (1),cf,1999,20796194.23032558
140,Guadeloupe and Martinique,2000,13923242.441311676,USD (1),cf,2000,19819160.19665101
140,Guadeloupe and Martinique,2001,13191981.27795732,USD (1),cf,2001,18262121.352752462
140,Guadeloupe and Martinique,2002,13265569.318722695,USD (1),cf,2002,18077280.46746219
140,Guadeloupe and Martinique,2003,10575577.483977536,USD (1),cf,2003,14091675.540921172
140,Guadeloupe and Martinique,2004,10678949.377106408,USD (1),cf,2004,13858393.83263435
140,Guadeloupe and Martinique,2005,10305493.067439258,USD (1),cf,2005,12934899.936344447
140,Guadeloupe and Martinique,2006,11500594.479031025,USD (1),cf,2006,13983816.758889109
140,Guadeloupe and Martinique,2007,8695973.55750883,USD (1),cf,2007,10280353.867588198
140,Guadeloupe and Martinique,2008,12435572.511868091,USD (1),cf,2008,14157765.71391676
140,Guadeloupe and Martinique,2009,11292169.291580096,USD (1),cf,2009,12901885.603329858
140,Guadeloupe and Martinique,2010,11127692.16049527,USD (1),cf,2010,12508812.04941954
140,Guadeloupe and Martinique,2011,13491113.27441832,USD (1),cf,2011,14701468.4615984
140,Guadeloupe and Martinique,2012,9535381.252943937,USD (1),cf,2012,10180185.579740316
140,Guadeloupe and Martinique,2013,10802116.336697282,USD (1),cf,2013,11366086.051913429
140,Guadeloupe and Martinique,2014,11920070.69444755,USD (1),cf,2014,12342190.055146607
140,Guadeloupe and Martinique,2015,12377722.705453008,USD (1),cf,2015,12800863.364974594
140,Guadeloupe and Martinique,2016,11880101.062657446,USD (1),cf,2016,12133160.283838006
140,Guadeloupe and Martinique,2017,13274735.962961543,USD (1),cf,2017,13274735.962961543
140,Guadeloupe and Martinique,2018,10594834.887072248,USD (1),cf,2018,10373860.25207707
140,Guadeloupe and Martinique,2019,10814098.935079884,USD (1),cf,2019,10336083.693971712
141,Faeroe Islands,1976,127414309.5124983,USD (1),cf,1976,548807892.0792148
141,Faeroe Islands,1977,164173461.23003593,USD (1),cf,1977,663970252.8986264
141,Faeroe Islands,1978,167325877.77175024,USD (1),cf,1978,628740665.921753
141,Faeroe Islands,1979,159159602.81818882,USD (1),cf,1979,537556121.616167
141,Faeroe Islands,1980,186974891.36989412,USD (1),cf,1980,556147729.3928657
141,Faeroe Islands,1981,163881247.92133865,USD (1),cf,1981,441798220.5842755
141,Faeroe Islands,1982,160098704.06440794,USD (1),cf,1982,406666607.5904077
141,Faeroe Islands,1983,207752407.9763984,USD (1),cf,1983,511286984.7356572
141,Faeroe Islands,1984,197352595.81328785,USD (1),cf,1984,465666478.95560616
141,Faeroe Islands,1985,218032761.35624605,USD (1),cf,1985,496846293.30640703
141,Faeroe Islands,1986,251338888.15933695,USD (1),cf,1986,562074813.7253553
141,Faeroe Islands,1987,263005949.3847823,USD (1),cf,1987,567374334.2344172
141,Faeroe Islands,1988,241655845.45049027,USD (1),cf,1988,500891383.1038431
141,Faeroe Islands,1989,225238358.46785143,USD (1),cf,1989,445364339.1636765
141,Faeroe Islands,1990,255906517.04144016,USD (1),cf,1990,480089537.56858784
141,Faeroe Islands,1991,277207567.3970249,USD (1),cf,1991,498921887.66228294
141,Faeroe Islands,1992,220408931.30752945,USD (1),cf,1992,385032987.80173624
141,Faeroe Islands,1993,214036615.45388404,USD (1),cf,1993,363181304.86160696
141,Faeroe Islands,1994,236196237.32708547,USD (1),cf,1994,390597559.64591897
141,Faeroe Islands,1995,243528833.03968316,USD (1),cf,1995,391733694.08951175
141,Faeroe Islands,1996,274420146.37057173,USD (1),cf,1996,428854012.98455155
141,Faeroe Islands,1997,265107549.4451948,USD (1),cf,1997,404836789.898415
141,Faeroe Islands,1998,265755412.66079012,USD (1),cf,1998,399622857.8497479
141,Faeroe Islands,1999,223936312.91385916,USD (1),cf,1999,329528294.85005647
141,Faeroe Islands,2000,252696387.381632,USD (1),cf,2000,359702864.02336985
141,Faeroe Islands,2001,279608508.0579994,USD (1),cf,2001,387071842.9497281
141,Faeroe Islands,2002,313800845.2112607,USD (1),cf,2002,427623251.85730165
141,Faeroe Islands,2003,337561387.1918857,USD (1),cf,2003,449791564.6363602
141,Faeroe Islands,2004,310291122.3147938,USD (1),cf,2004,402674123.07686245
141,Faeroe Islands,2005,326148593.85996455,USD (1),cf,2005,409364151.55984014
141,Faeroe Islands,2006,353024646.6250569,USD (1),cf,2006,429250155.61389565
141,Faeroe Islands,2007,372717651.2449721,USD (1),cf,2007,440625689.82699525
141,Faeroe Islands,2008,380304730.1909447,USD (1),cf,2008,432972849.84661216
141,Faeroe Islands,2009,338672353.98650324,USD (1),cf,2009,386950625.27997935
141,Faeroe Islands,2010,393984551.2165076,USD (1),cf,2010,442884169.5529843
141,Faeroe Islands,2011,367642451.2050035,USD (1),cf,2011,400625492.6184454
141,Faeroe Islands,2012,366791533.32826567,USD (1),cf,2012,391594817.1664787
141,Faeroe Islands,2013,396234903.256249,USD (1),cf,2013,416922005.54091555
141,Faeroe Islands,2014,388676531.2927853,USD (1),cf,2014,402440534.3019672
141,Faeroe Islands,2015,363686658.53305733,USD (1),cf,2015,376119528.14994437
141,Faeroe Islands,2016,377449779.8239697,USD (1),cf,2016,385489875.342792
141,Faeroe Islands,2017,445432610.0952405,USD (1),cf,2017,445432610.0952405
141,Faeroe Islands,2018,428819918.40245944,USD (1),cf,2018,419876095.68529093
141,Faeroe Islands,2019,447872845.0983849,USD (1),cf,2019,428075537.2208862
143,Iceland,1976,383637298.52842176,USD (1),cf,1976,1652429604.915726
143,Iceland,1977,563954158.4642166,USD (1),cf,1977,2280811907.193997
143,Iceland,1978,651455278.3429793,USD (1),cf,1978,2447896469.919241
143,Iceland,1979,792794823.5437429,USD (1),cf,1979,2677637434.596845
143,Iceland,1980,875698173.6929088,USD (1),cf,1980,2604721668.051778
143,Iceland,1981,870669743.7306795,USD (1),cf,1981,2347189494.6846786
143,Iceland,1982,652486056.526319,USD (1),cf,1982,1657379381.4149349
143,Iceland,1983,652838197.0521531,USD (1),cf,1983,1606660912.1034973
143,Iceland,1984,781036621.7578104,USD (1),cf,1984,1842907472.742007
143,Iceland,1985,825910406.548128,USD (1),cf,1985,1882059015.0952084
143,Iceland,1986,1156276811.2335515,USD (1),cf,1986,2585807863.0356297
143,Iceland,1987,1289822951.7707636,USD (1),cf,1987,2782493857.0897245
143,Iceland,1988,1112483149.72421,USD (1),cf,1988,2305895901.2818236
143,Iceland,1989,1039550240.6090008,USD (1),cf,1989,2055505150.5685258
143,Iceland,1990,1157920239.620281,USD (1),cf,1990,2172298692.536184
143,Iceland,1991,1220903929.247735,USD (1),cf,1991,2197399222.374604
143,Iceland,1992,1251255067.5496244,USD (1),cf,1992,2185821029.5865498
143,Iceland,1993,1309260335.550981,USD (1),cf,1993,2221577257.053015
143,Iceland,1994,1500258792.266291,USD (1),cf,1994,2480976961.055715
143,Iceland,1995,1463913998.8488705,USD (1),cf,1995,2354811261.73249
143,Iceland,1996,1584326855.6298723,USD (1),cf,1996,2475929478.5833893
143,Iceland,1997,1443613768.2507231,USD (1),cf,1997,2204493855.474285
143,Iceland,1998,1232949474.9297864,USD (1),cf,1998,1854016021.0572565
143,Iceland,1999,1110156676.7801638,USD (1),cf,1999,1633625346.2228546
143,Iceland,2000,1155818403.833571,USD (1),cf,2000,1645259730.29433
143,Iceland,2001,1116294108.6368666,USD (1),cf,2001,1545325000.6769037
143,Iceland,2002,1249735233.4659717,USD (1),cf,2002,1703041443.8035603
143,Iceland,2003,1113131763.6856773,USD (1),cf,2003,1483218450.4266288
143,Iceland,2004,1119156641.415265,USD (1),cf,2004,1452363238.1281714
143,Iceland,2005,1166394341.187956,USD (1),cf,2005,1463995365.4671206
143,Iceland,2006,1091989020.700376,USD (1),cf,2006,1327772611.7580144
143,Iceland,2007,1211220957.664915,USD (1),cf,2007,1431901784.6923516
143,Iceland,2008,1233354420.757655,USD (1),cf,2008,1404160758.5533907
143,Iceland,2009,1225401836.7332778,USD (1),cf,2009,1400084776.2202451
143,Iceland,2010,1237899316.91416,USD (1),cf,2010,1391541899.9778366
143,Iceland,2011,1274887708.017301,USD (1),cf,2011,1389264254.9399931
143,Iceland,2012,1362311892.3330731,USD (1),cf,2012,1454434543.6797433
143,Iceland,2013,1343483901.0960815,USD (1),cf,2013,1413626103.7424839
143,Iceland,2014,1172727268.2712631,USD (1),cf,2014,1214256458.6130288
143,Iceland,2015,1274754769.1840484,USD (1),cf,2015,1318333106.3787563
143,Iceland,2016,1204048587.698651,USD (1),cf,2016,1229696147.1141446
143,Iceland,2017,1405232294.8127909,USD (1),cf,2017,1405232294.8127909
143,Iceland,2018,1557904674.3212187,USD (1),cf,2018,1525411726.5372493
143,Iceland,2019,1316784384.2858386,USD (1),cf,2019,1258578609.7020664
144,Jan Mayen,1976,22.0013185809442,USD (1),cf,1976,94.76562969708546
144,Jan Mayen,1977,27.653689046400803,USD (1),cf,1977,111.84040813996974
144,Jan Mayen,1978,31.544483509357903,USD (1),cf,1978,118.53097579375088
144,Jan Mayen,1979,33.196778817277696,USD (1),cf,1979,112.12098645125657
144,Jan Mayen,1980,34.9012364056849,USD (1),cf,1980,103.81203186060858
144,Jan Mayen,1981,34.1187252743845,USD (1),cf,1981,91.9787486733198
144,Jan Mayen,1982,28.697626777279,USD (1),cf,1982,72.89482195131755
144,Jan Mayen,1983,30.4102690260098,USD (1),cf,1983,74.84088828022183
144,Jan Mayen,1984,28.8577059057413,USD (1),cf,1984,68.0916622580252
144,Jan Mayen,1985,25.6531156501108,USD (1),cf,1985,58.45752419606735
144,Jan Mayen,1986,31.8138162701973,USD (1),cf,1986,71.14595351686145
144,Jan Mayen,1987,36.7042531734494,USD (1),cf,1987,79.18091304235074
144,Jan Mayen,1988,42.7167887073781,USD (1),cf,1988,88.54108758472755
144,Jan Mayen,1989,39.528698388920205,USD (1),cf,1989,78.16018885830438
144,Jan Mayen,1990,43.616740288802305,USD (1),cf,1990,81.82652367586789
144,Jan Mayen,1991,49.086441412444,USD (1),cf,1991,88.34643382243921
144,Jan Mayen,1992,52.2683312672678,USD (1),cf,1992,91.30769627101556
144,Jan Mayen,1993,43.6939441017358,USD (1),cf,1993,74.14069597282337
144,Jan Mayen,1994,51.8178875213335,USD (1),cf,1994,85.69120592641464
144,Jan Mayen,1995,52.9669752964727,USD (1),cf,1995,85.20120036157734
144,Jan Mayen,1996,51.8069332355264,USD (1),cf,1996,80.96202670366627
144,Jan Mayen,1997,50.798471700515506,USD (1),cf,1997,77.57263140193433
144,Jan Mayen,1998,49.8142793052313,USD (1),cf,1998,74.90693964939582
144,Jan Mayen,1999,48.797321296239005,USD (1),cf,1999,71.8065679958992
144,Jan Mayen,2000,46.7909517166818,USD (1),cf,2000,66.60498599630182
144,Jan Mayen,2001,45.7671585462085,USD (1),cf,2001,63.3570792537495
144,Jan Mayen,2002,46.278201581371206,USD (1),cf,2002,63.06431404609718
144,Jan Mayen,2003,46.584612640457,USD (1),cf,2003,62.07275654907486
144,Jan Mayen,2004,47.1371034148724,USD (1),cf,2004,61.17123699952587
144,Jan Mayen,2005,49.7412622754978,USD (1),cf,2005,62.4325537876377
144,Jan Mayen,2006,51.70372262978861,USD (1),cf,2006,62.86765300051769
144,Jan Mayen,2007,53.21779375581081,USD (1),cf,2007,62.91391622156565
144,Jan Mayen,2008,64.6720384809547,USD (1),cf,2008,73.62842106231433
144,Jan Mayen,2009,62.65967987841671,USD (1),cf,2009,71.59191479137664
144,Jan Mayen,2010,63.6834215307469,USD (1),cf,2010,71.58752588610571
144,Jan Mayen,2011,67.63458240952501,USD (1),cf,2011,73.70241876868987
144,Jan Mayen,2012,68.75186602544811,USD (1),cf,2012,73.40102472320308
144,Jan Mayen,2013,134.581212088454,USD (1),cf,2013,141.60758779939874
144,Jan Mayen,2014,129.662930335283,USD (1),cf,2014,134.25461730279326
144,Jan Mayen,2015,119.676139309727,USD (1),cf,2015,123.76734750056856
144,Jan Mayen,2016,134.591721450517,USD (1),cf,2016,137.4586731732324
144,Jan Mayen,2017,139.535057288025,USD (1),cf,2017,139.535057288025
144,Jan Mayen,2018,155.36504426990302,USD (1),cf,2018,152.12462246866824
144,Jan Mayen,2019,149.505715875422,USD (1),cf,2019,142.89711988880578
145,Greenland,1976,35607595.589542836,USD (1),cf,1976,153371544.78390253
145,Greenland,1977,72218889.85033096,USD (1),cf,1977,292076406.2517646
145,Greenland,1978,80315884.6383724,USD (1),cf,1978,301793502.9781183
145,Greenland,1979,106059276.09434898,USD (1),cf,1979,358211582.016973
145,Greenland,1980,157637607.43687397,USD (1),cf,1980,468885403.8134106
145,Greenland,1981,157646696.7365409,USD (1),cf,1981,424990845.3993653
145,Greenland,1982,126192062.03534688,USD (1),cf,1982,320540369.5966674
145,Greenland,1983,124400282.2024021,USD (1),cf,1983,306154069.67873377
145,Greenland,1984,128923268.0242715,USD (1),cf,1984,304202962.36240435
145,Greenland,1985,207322538.9605914,USD (1),cf,1985,472440170.7371768
145,Greenland,1986,331417214.76787996,USD (1),cf,1986,741155778.2412832
145,Greenland,1987,182240962.2730812,USD (1),cf,1987,393142607.1607782
145,Greenland,1988,179065628.7052424,USD (1),cf,1988,371157710.92284214
145,Greenland,1989,331476350.3471754,USD (1),cf,1989,655428971.8899199
145,Greenland,1990,300131381.5304668,USD (1),cf,1990,563056923.4211806
145,Greenland,1991,316677460.5511896,USD (1),cf,1991,569960329.3008564
145,Greenland,1992,287231990.98404837,USD (1),cf,1992,501766380.4490825
145,Greenland,1993,315180702.7265049,USD (1),cf,1993,534804470.9110686
145,Greenland,1994,376452061.21576047,USD (1),cf,1994,622538521.7755558
145,Greenland,1995,365920835.297093,USD (1),cf,1995,588610058.0619631
145,Greenland,1996,289952304.72951514,USD (1),cf,1996,453127115.8548835
145,Greenland,1997,266014567.65968505,USD (1),cf,1997,406221866.7968363
145,Greenland,1998,284117556.7552381,USD (1),cf,1998,427234459.1556385
145,Greenland,1999,320379172.8213969,USD (1),cf,1999,471446551.7073923
145,Greenland,2000,321838925.427303,USD (1),cf,2000,458124409.4145664
145,Greenland,2001,319394541.5914731,USD (1),cf,2001,442149041.53149265
145,Greenland,2002,395517499.415,USD (1),cf,2002,538980317.7631512
145,Greenland,2003,376246049.8198416,USD (1),cf,2003,501337848.0415976
145,Greenland,2004,534232543.1014352,USD (1),cf,2004,693289641.0560185
145,Greenland,2005,552302751.2963852,USD (1),cf,2005,693220671.3289881
145,Greenland,2006,620611006.0730206,USD (1),cf,2006,754614085.6716946
145,Greenland,2007,731947637.6778617,USD (1),cf,2007,865306302.7516009
145,Greenland,2008,729384447.1916138,USD (1),cf,2008,830396357.6150869
145,Greenland,2009,719976456.6241133,USD (1),cf,2009,822610221.3488235
145,Greenland,2010,691226027.8561236,USD (1),cf,2010,777017942.3919517
145,Greenland,2011,674464788.9187633,USD (1),cf,2011,734974395.4451631
145,Greenland,2012,660009139.4915721,USD (1),cf,2012,704640469.6481854
145,Greenland,2013,652700949.9308537,USD (1),cf,2013,686777936.0861758
145,Greenland,2014,663124062.6542159,USD (1),cf,2014,686606935.5806446
145,Greenland,2015,575584235.6298972,USD (1),cf,2015,595260964.4491141
145,Greenland,2016,643182539.4329398,USD (1),cf,2016,656883035.0471939
145,Greenland,2017,734731097.2434644,USD (1),cf,2017,734731097.2434644
145,Greenland,2018,737064408.0048923,USD (1),cf,2018,721691583.3914993
145,Greenland,2019,774689753.0235866,USD (1),cf,2019,740446168.6714647
146,Pitcairn,1976,440.026371618884,USD (1),cf,1976,1895.3125939417093
146,Pitcairn,1977,553.073780928016,USD (1),cf,1977,2236.8081627993947
146,Pitcairn,1978,630.889670187158,USD (1),cf,1978,2370.6195158750174
146,Pitcairn,1979,663.935576345554,USD (1),cf,1979,2242.4197290251313
146,Pitcairn,1980,1047.0370921705469,USD (1),cf,1980,3114.3609558182575
146,Pitcairn,1981,1023.5617582315352,USD (1),cf,1981,2759.3624601995944
146,Pitcairn,1982,860.92880331837,USD (1),cf,1982,2186.8446585395263
146,Pitcairn,1983,912.308070780294,USD (1),cf,1983,2245.226648406655
146,Pitcairn,1984,865.7311771722391,USD (1),cf,1984,2042.749867740756
146,Pitcairn,1985,769.5934695033241,USD (1),cf,1985,1753.7257258820205
146,Pitcairn,1986,954.414488105919,USD (1),cf,1986,2134.3786055058436
146,Pitcairn,1987,1101.127595203482,USD (1),cf,1987,2375.4273912705225
146,Pitcairn,1988,1708.671548295124,USD (1),cf,1988,3541.6435033891016
146,Pitcairn,1989,1581.147935556808,USD (1),cf,1989,3126.407554332175
146,Pitcairn,1990,1744.669611552092,USD (1),cf,1990,3273.0609470347154
146,Pitcairn,1991,2454.3220706222,USD (1),cf,1991,4417.32169112196
146,Pitcairn,1992,4181.466501381424,USD (1),cf,1992,7304.615701681244
146,Pitcairn,1993,3495.515528138864,USD (1),cf,1993,5931.255677825869
146,Pitcairn,1994,4145.43100170668,USD (1),cf,1994,6855.296474113171
146,Pitcairn,1995,4237.358023717816,USD (1),cf,1995,6816.096028926187
146,Pitcairn,1996,4144.554658842112,USD (1),cf,1996,6476.962136293302
146,Pitcairn,1997,4063.87773604124,USD (1),cf,1997,6205.810512154746
146,Pitcairn,1998,3985.142344418504,USD (1),cf,1998,5992.555171951665
146,Pitcairn,1999,2439.86606481195,USD (1),cf,1999,3590.3283997949593
146,Pitcairn,2000,2339.5475858340897,USD (1),cf,2000,3330.2492998150906
146,Pitcairn,2001,2288.357927310425,USD (1),cf,2001,3167.853962687475
146,Pitcairn,2002,2313.91007906856,USD (1),cf,2002,3153.215702304859
146,Pitcairn,2003,2329.23063202285,USD (1),cf,2003,3103.637827453743
146,Pitcairn,2004,1414.113102446172,USD (1),cf,2004,1835.137109985776
146,Pitcairn,2005,1492.237868264934,USD (1),cf,2005,1872.976613629131
146,Pitcairn,2006,1551.111678893658,USD (1),cf,2006,1886.0295900155306
146,Pitcairn,2007,1596.533812674324,USD (1),cf,2007,1887.4174866469693
146,Pitcairn,2008,1940.161154428641,USD (1),cf,2008,2208.8526318694303
146,Pitcairn,2009,1879.7903963525011,USD (1),cf,2009,2147.757443741299
146,Pitcairn,2010,1910.5026459224068,USD (1),cf,2010,2147.625776583171
146,Pitcairn,2011,2029.03747228575,USD (1),cf,2011,2211.0725630606958
146,Pitcairn,2012,2062.555980763443,USD (1),cf,2012,2202.0307416960923
146,Pitcairn,2013,4037.43636265362,USD (1),cf,2013,4248.227633981963
146,Pitcairn,2014,3889.88791005849,USD (1),cf,2014,4027.6385190837977
146,Pitcairn,2015,3590.28417929181,USD (1),cf,2015,3713.020425017057
146,Pitcairn,2016,4037.7516435155103,USD (1),cf,2016,4123.760195196972
146,Pitcairn,2017,4186.05171864075,USD (1),cf,2017,4186.05171864075
146,Pitcairn,2018,4660.95132809709,USD (1),cf,2018,4563.738674060046
146,Pitcairn,2019,4485.17147626266,USD (1),cf,2019,4286.9135966641725
147,French Polynesia,1976,841645.3808614115,USD (1),cf,1976,3625194.290312034
147,French Polynesia,1977,849554.2026163277,USD (1),cf,1977,3435870.2955764597
147,French Polynesia,1978,1273296.9172970946,USD (1),cf,1978,4784517.26868904
147,French Polynesia,1979,1118619.4288533586,USD (1),cf,1979,3778098.9088406055
147,French Polynesia,1980,1548044.246703027,USD (1),cf,1980,4604582.393367299
147,French Polynesia,1981,1586157.264800157,USD (1),cf,1981,4276031.980741868
147,French Polynesia,1982,1354234.0740537834,USD (1),cf,1982,3439889.0359364366
147,French Polynesia,1983,1171155.4618404715,USD (1),cf,1983,2882260.429968815
147,French Polynesia,1984,1407077.331420079,USD (1),cf,1984,3320091.8581306133
147,French Polynesia,1985,1027378.7547998746,USD (1),cf,1985,2341158.8376392717
147,French Polynesia,1986,1019262.4915331772,USD (1),cf,1986,2279399.6554268175
147,French Polynesia,1987,1220985.4816296408,USD (1),cf,1987,2633992.981413484
147,French Polynesia,1988,1684242.6216229363,USD (1),cf,1988,3491008.5235243943
147,French Polynesia,1989,1867019.6907144736,USD (1),cf,1989,3691662.4522430305
147,French Polynesia,1990,2597927.524693622,USD (1),cf,1990,4873802.505642699
147,French Polynesia,1991,2786487.586625441,USD (1),cf,1991,5015157.629789888
147,French Polynesia,1992,2857833.7107426394,USD (1),cf,1992,4992357.822163133
147,French Polynesia,1993,7133970.919720135,USD (1),cf,1993,12105054.37106836
147,French Polynesia,1994,8164939.616720869,USD (1),cf,1994,13502355.181598565
147,French Polynesia,1995,9577499.690902922,USD (1),cf,1995,15406099.094012395
147,French Polynesia,1996,9543054.164619204,USD (1),cf,1996,14913544.536556529
147,French Polynesia,1997,12570191.925471893,USD (1),cf,1997,19195515.77525721
147,French Polynesia,1998,12944712.283492915,USD (1),cf,1998,19465277.734060638
147,French Polynesia,1999,12884610.58064479,USD (1),cf,1999,18960050.289298587
147,French Polynesia,2000,16645063.045538887,USD (1),cf,2000,23693559.33960256
147,French Polynesia,2001,17218672.134109095,USD (1),cf,2001,23836410.4239426
147,French Polynesia,2002,15470910.680307208,USD (1),cf,2002,21082547.211920075
147,French Polynesia,2003,13330903.369159129,USD (1),cf,2003,17763073.953188047
147,French Polynesia,2004,12605393.85433622,USD (1),cf,2004,16358398.778756507
147,French Polynesia,2005,13379997.226034837,USD (1),cf,2005,16793851.990852058
147,French Polynesia,2006,15412416.832694575,USD (1),cf,2006,18740284.52989831
147,French Polynesia,2007,14778243.675943743,USD (1),cf,2007,17470795.365858015
147,French Polynesia,2008,19059091.295415837,USD (1),cf,2008,21698570.694925956
147,French Polynesia,2009,23086919.886516288,USD (1),cf,2009,26377996.257209364
147,French Polynesia,2010,20527222.905382704,USD (1),cf,2010,23074970.93885671
147,French Polynesia,2011,24844043.345069516,USD (1),cf,2011,27072926.61968038
147,French Polynesia,2012,25249337.24826057,USD (1),cf,2012,26956755.281639453
147,French Polynesia,2013,20375810.162092622,USD (1),cf,2013,21439614.651530948
147,French Polynesia,2014,21494757.25770469,USD (1),cf,2014,22255940.09164796
147,French Polynesia,2015,20315571.620513752,USD (1),cf,2015,21010072.90953318
147,French Polynesia,2016,20738758.365855344,USD (1),cf,2016,21180516.73244126
147,French Polynesia,2017,21963392.99250359,USD (1),cf,2017,21963392.99250359
147,French Polynesia,2018,23185024.37082129,USD (1),cf,2018,22701458.33583305
147,French Polynesia,2019,24146846.137717392,USD (1),cf,2019,23079483.933264095
151,American Samoa,1976,34146.37581071998,USD (1),cf,1976,147077.67598887865
151,American Samoa,1977,65018.03112203218,USD (1),cf,1977,262953.81874526996
151,American Samoa,1978,70378.03992427321,USD (1),cf,1978,264451.2389686441
151,American Samoa,1979,83673.87963730478,USD (1),cf,1979,282605.67016988853
151,American Samoa,1980,78157.3447385477,USD (1),cf,1980,232475.22431088102
151,American Samoa,1981,80166.8280227544,USD (1),cf,1981,216117.23378710542
151,American Samoa,1982,54015.06998690384,USD (1),cf,1982,137203.64195762403
151,American Samoa,1983,52761.42580550907,USD (1),cf,1983,129847.97901123458
151,American Samoa,1984,81272.80538712759,USD (1),cf,1984,191768.54990685527
151,American Samoa,1985,56680.816109516105,USD (1),cf,1985,129162.48553849911
151,American Samoa,1986,116479.86537005332,USD (1),cf,1986,260486.5451188041
151,American Samoa,1987,87891.44660249475,USD (1),cf,1987,189605.41051500503
151,American Samoa,1988,92728.99942699626,USD (1),cf,1988,192203.73788284624
151,American Samoa,1989,81101.11435920943,USD (1),cf,1989,160361.42532615043
151,American Samoa,1990,28197.294444184183,USD (1),cf,1990,52899.106309987204
151,American Samoa,1991,37577.68353478572,USD (1),cf,1991,67632.8174558787
151,American Samoa,1992,38487.72301299725,USD (1),cf,1992,67234.31259100586
151,American Samoa,1993,33228.34406412289,USD (1),cf,1993,56382.47142904722
151,American Samoa,1994,182563.6571920215,USD (1),cf,1994,301905.39775825833
151,American Samoa,1995,262140.06886138607,USD (1),cf,1995,421671.20936852886
151,American Samoa,1996,418238.71898142254,USD (1),cf,1996,653608.5465769424
151,American Samoa,1997,679120.9891636524,USD (1),cf,1997,1037062.7384282987
151,American Samoa,1998,872443.3359310932,USD (1),cf,1998,1311914.1985708692
151,American Samoa,1999,761907.2717547433,USD (1),cf,1999,1121166.999796846
151,American Samoa,2000,1295789.716876273,USD (1),cf,2000,1844503.1096883295
151,American Samoa,2001,5143112.938556645,USD (1),cf,2001,7119791.23043269
151,American Samoa,2002,8012246.05837672,USD (1),cf,2002,10918462.351040702
151,American Samoa,2003,6360446.121512531,USD (1),cf,2003,8475125.1811693
151,American Samoa,2004,5513676.30992519,USD (1),cf,2004,7155263.60040802
151,American Samoa,2005,5375816.356725424,USD (1),cf,2005,6747435.197458781
151,American Samoa,2006,8358668.274749042,USD (1),cf,2006,10163482.045693217
151,American Samoa,2007,8713656.421554044,USD (1),cf,2007,10301258.496446032
151,American Samoa,2008,9052588.505257525,USD (1),cf,2008,10306274.76456079
151,American Samoa,2009,12166100.350133892,USD (1),cf,2009,13900396.894784318
151,American Samoa,2010,10899452.10978787,USD (1),cf,2010,12252243.854031777
151,American Samoa,2011,8880367.180358171,USD (1),cf,2011,9677069.295460207
151,American Samoa,2012,9230303.788233085,USD (1),cf,2012,9854478.077904006
151,American Samoa,2013,3712251.7497013416,USD (1),cf,2013,3906065.39666025
151,American Samoa,2014,3131760.7098233146,USD (1),cf,2014,3242664.148450472
151,American Samoa,2015,5438348.00294144,USD (1),cf,2015,5624261.536103622
151,American Samoa,2016,3633605.3764432017,USD (1),cf,2016,3711005.168060338
151,American Samoa,2017,3780394.874086792,USD (1),cf,2017,3780394.874086792
151,American Samoa,2018,3410354.864848424,USD (1),cf,2018,3339225.684498152
151,American Samoa,2019,2545648.7577289133,USD (1),cf,2019,2433123.5337590147
152,Samoa,1976,242014.5043903862,USD (1),cf,1976,1042421.92666794
152,Samoa,1977,345671.11308001005,USD (1),cf,1977,1398005.1017496218
152,Samoa,1978,508521.5389626451,USD (1),cf,1978,1910811.258250624
152,Samoa,1979,1218048.0625193703,USD (1),cf,1979,4113915.722559041
152,Samoa,1980,1530726.978829687,USD (1),cf,1980,4553073.021512695
152,Samoa,1981,2877512.1686848835,USD (1),cf,1981,7757322.89056514
152,Samoa,1982,3372462.610660378,USD (1),cf,1982,8566389.94748516
152,Samoa,1983,3067047.0496482523,USD (1),cf,1983,7548125.450537238
152,Samoa,1984,3083577.2500206535,USD (1),cf,1984,7275904.097877832
152,Samoa,1985,2622348.2192033506,USD (1),cf,1985,5975725.777930288
152,Samoa,1986,2209546.6452155965,USD (1),cf,1986,4941258.903953275
152,Samoa,1987,2414002.76983275,USD (1),cf,1987,5207651.072448112
152,Samoa,1988,2609535.8593789404,USD (1),cf,1988,5408907.131655488
152,Samoa,1989,4254044.196796857,USD (1),cf,1989,8411531.656362714
152,Samoa,1990,1486542.8157127523,USD (1),cf,1990,2788806.089123057
152,Samoa,1991,1847734.6076387223,USD (1),cf,1991,3325577.461677667
152,Samoa,1992,2967062.383243851,USD (1),cf,1992,5183169.700235708
152,Samoa,1993,1579511.6025642597,USD (1),cf,1993,2680144.6268754574
152,Samoa,1994,2335538.9751967043,USD (1),cf,1994,3862279.240741959
152,Samoa,1995,4819016.453702737,USD (1),cf,1995,7751735.56955984
152,Samoa,1996,5236659.04577754,USD (1),cf,1996,8183663.904110436
152,Samoa,1997,10071422.656130416,USD (1),cf,1997,15379729.571454152
152,Samoa,1998,11043003.61720733,USD (1),cf,1998,16605632.301405996
152,Samoa,1999,10950705.602196392,USD (1),cf,1999,16114257.207962666
152,Samoa,2000,11719385.233609335,USD (1),cf,2000,16682060.542306287
152,Samoa,2001,10094665.74446018,USD (1),cf,2001,13974399.065350274
152,Samoa,2002,9370853.499379328,USD (1),cf,2002,12769866.325201234
152,Samoa,2003,7733352.182485957,USD (1),cf,2003,10304485.969146363
152,Samoa,2004,6911055.670641935,USD (1),cf,2004,8968684.830395607
152,Samoa,2005,6773381.1645775,USD (1),cf,2005,8501583.283904003
152,Samoa,2006,10208500.262874804,USD (1),cf,2006,12412731.9956716
152,Samoa,2007,11151144.779417625,USD (1),cf,2007,13182849.925082184
152,Samoa,2008,13317791.611872807,USD (1),cf,2008,15162162.681912322
152,Samoa,2009,14630186.53070565,USD (1),cf,2009,16715742.396395577
152,Samoa,2010,13052871.884366697,USD (1),cf,2010,14672936.55789168
152,Samoa,2011,11490083.746255094,USD (1),cf,2011,12520916.575283652
152,Samoa,2012,12277070.073561652,USD (1),cf,2012,13107273.67988005
152,Samoa,2013,17721471.212283928,USD (1),cf,2013,18646694.822295394
152,Samoa,2014,12085987.451151948,USD (1),cf,2014,12513982.337010594
152,Samoa,2015,13234262.80390023,USD (1),cf,2015,13686684.854739781
152,Samoa,2016,14302837.844499858,USD (1),cf,2016,14607504.024232788
152,Samoa,2017,17829896.12850776,USD (1),cf,2017,17829896.12850776
152,Samoa,2018,17298983.300363984,USD (1),cf,2018,16938181.403842688
152,Samoa,2019,19726578.176860526,USD (1),cf,2019,18854604.9241596
153,Cook Islands,1976,431456.6932764205,USD (1),cf,1976,1858400.6715295492
153,Cook Islands,1977,476053.12440287427,USD (1),cf,1977,1925311.868524638
153,Cook Islands,1978,540943.2323144722,USD (1),cf,1978,2032638.4217461932
153,Cook Islands,1979,484791.7295791709,USD (1),cf,1979,1637367.5061369967
153,Cook Islands,1980,611147.6238982015,USD (1),cf,1980,1817828.9120244794
153,Cook Islands,1981,580038.733288624,USD (1),cf,1981,1563693.732426748
153,Cook Islands,1982,520295.9525689326,USD (1),cf,1982,1321603.3896758198
153,Cook Islands,1983,599600.2680863735,USD (1),cf,1983,1475640.2397579
153,Cook Islands,1984,625296.6683640934,USD (1),cf,1984,1475428.7708242724
153,Cook Islands,1985,665283.6859142659,USD (1),cf,1985,1516027.8266789825
153,Cook Islands,1986,871119.3442668903,USD (1),cf,1986,1948103.800200473
153,Cook Islands,1987,1003381.8968617736,USD (1),cf,1987,2164563.7182219387
153,Cook Islands,1988,1014701.5441665676,USD (1),cf,1988,2103219.390152626
153,Cook Islands,1989,1190840.4778122494,USD (1),cf,1989,2354651.6945776264
153,Cook Islands,1990,1305543.296822613,USD (1),cf,1990,2449244.6886213566
153,Cook Islands,1991,1298697.4906433718,USD (1),cf,1991,2337413.1147222607
153,Cook Islands,1992,1257409.632059705,USD (1),cf,1992,2196572.455800892
153,Cook Islands,1993,1168650.9259225638,USD (1),cf,1993,1982988.5989564683
153,Cook Islands,1994,1254918.9376802458,USD (1),cf,1994,2075258.60766599
153,Cook Islands,1995,1669244.5628869105,USD (1),cf,1995,2685100.284827335
153,Cook Islands,1996,1305002.1625321188,USD (1),cf,1996,2039410.8149759136
153,Cook Islands,1997,1099495.260108756,USD (1),cf,1997,1679002.09761084
153,Cook Islands,1998,960708.3713630174,USD (1),cf,1998,1444640.4725321708
153,Cook Islands,1999,908500.4178406422,USD (1),cf,1999,1336882.748787379
153,Cook Islands,2000,1310746.999290509,USD (1),cf,2000,1865794.183051724
153,Cook Islands,2001,974364.2111932416,USD (1),cf,2001,1348846.4766336577
153,Cook Islands,2002,1657106.9587927274,USD (1),cf,2002,2258175.7736096787
153,Cook Islands,2003,4314923.113942611,USD (1),cf,2003,5749520.212756419
153,Cook Islands,2004,5911185.150019836,USD (1),cf,2004,7671122.779382605
153,Cook Islands,2005,5506226.924124634,USD (1),cf,2005,6911119.518908706
153,Cook Islands,2006,5886501.851787243,USD (1),cf,2006,7157522.456455632
153,Cook Islands,2007,5775407.672426582,USD (1),cf,2007,6827669.634627783
153,Cook Islands,2008,7506511.431199104,USD (1),cf,2008,8546082.624690516
153,Cook Islands,2009,6046605.020016844,USD (1),cf,2009,6908557.978753185
153,Cook Islands,2010,17453618.535705674,USD (1),cf,2010,19619884.40159098
153,Cook Islands,2011,15518403.49035469,USD (1),cf,2011,16910637.01321154
153,Cook Islands,2012,19175363.55777645,USD (1),cf,2012,20472045.57414895
153,Cook Islands,2013,6392632.303549632,USD (1),cf,2013,6726386.440918673
153,Cook Islands,2014,6724753.429710332,USD (1),cf,2014,6962893.679996798
153,Cook Islands,2015,12466438.913996557,USD (1),cf,2015,12892612.39594329
153,Cook Islands,2016,3834131.958856746,USD (1),cf,2016,3915803.1872658706
153,Cook Islands,2017,6946435.185311066,USD (1),cf,2017,6946435.185311066
153,Cook Islands,2018,7580860.496745279,USD (1),cf,2018,7422747.803241985
153,Cook Islands,2019,9681109.274718013,USD (1),cf,2019,9253175.536370471
154,Niue,1976,6600.39557428326,USD (1),cf,1976,28429.68890912564
154,Niue,1977,11061.475618560322,USD (1),cf,1977,44736.1632559879
154,Niue,1978,18926.69010561474,USD (1),cf,1978,71118.58547625052
154,Niue,1979,9959.03364518331,USD (1),cf,1979,33636.29593537698
154,Niue,1980,15705.556382558205,USD (1),cf,1980,46715.41433727387
154,Niue,1981,15353.426373473028,USD (1),cf,1981,41390.43690299392
154,Niue,1982,15496.71845973066,USD (1),cf,1982,39363.20385371148
154,Niue,1983,18246.16141560588,USD (1),cf,1983,44904.5329681331
154,Niue,1984,20777.548252133736,USD (1),cf,1984,49025.99682577814
154,Niue,1985,23087.80408509972,USD (1),cf,1985,52611.77177646061
154,Niue,1986,33404.50708370716,USD (1),cf,1986,74703.25119270451
154,Niue,1987,42209.89114946681,USD (1),cf,1987,91058.04999870334
154,Niue,1988,49124.30701348482,USD (1),cf,1988,101822.25072243669
154,Niue,1989,45458.003147258234,USD (1),cf,1989,89884.21718705005
154,Niue,1990,50159.25133212264,USD (1),cf,1990,94100.50222724807
154,Niue,1991,58903.729694932794,USD (1),cf,1991,106015.72058692703
154,Niue,1992,62721.99752072136,USD (1),cf,1992,109569.23552521867
154,Niue,1993,52432.73292208296,USD (1),cf,1993,88968.83516738804
154,Niue,1994,77726.83128200025,USD (1),cf,1994,128536.80888962194
154,Niue,1995,79450.46294470904,USD (1),cf,1995,127801.800542366
154,Niue,1996,285062.63895312237,USD (1),cf,1996,445485.7206508755
154,Niue,1997,258653.0642735385,USD (1),cf,1997,394980.3634676753
154,Niue,1998,283826.27747829433,USD (1),cf,1998,426796.45544418355
154,Niue,1999,238904.884260665,USD (1),cf,1999,351554.9493397718
154,Niue,2000,230377.0957924028,USD (1),cf,2000,327932.27485584933
154,Niue,2001,210215.85477197848,USD (1),cf,2001,291009.16452429176
154,Niue,2002,243497.77820807215,USD (1),cf,2002,331819.7300178186
154,Niue,2003,287816.345075845,USD (1),cf,2003,383507.6199221603
154,Niue,2004,289501.3765616714,USD (1),cf,2004,375694.6446513195
154,Niue,2005,207557.71464312985,USD (1),cf,2005,260515.26621349048
154,Niue,2006,502184.8884639139,USD (1),cf,2006,610617.2574093066
154,Niue,2007,501191.86739122233,USD (1),cf,2007,592507.5229661969
154,Niue,2008,968494.544822601,USD (1),cf,2008,1102620.6350949132
154,Niue,2009,494810.8577117365,USD (1),cf,2009,565346.9157819409
154,Niue,2010,239153.55819945692,USD (1),cf,2010,268836.2391158903
154,Niue,2011,17793.62673975459,USD (1),cf,2011,19389.981909645983
154,Niue,2012,19890.322658848825,USD (1),cf,2012,21235.351847675658
154,Niue,2013,73377.1989324704,USD (1),cf,2013,77208.16285615246
154,Niue,2014,65810.84224049297,USD (1),cf,2014,68141.36790311035
154,Niue,2015,64792.78712858755,USD (1),cf,2015,67007.77152678819
154,Niue,2016,74127.06539527494,USD (1),cf,2016,75706.05343067912
154,Niue,2017,79433.78710725422,USD (1),cf,2017,79433.78710725422
154,Niue,2018,76565.5894315927,USD (1),cf,2018,74968.674202788
154,Niue,2019,83840.01422095748,USD (1),cf,2019,80134.03697283575
155,Tonga,1976,224193.4363398214,USD (1),cf,1976,965661.7666133009
155,Tonga,1977,331014.65788541763,USD (1),cf,1977,1338729.6854354378
155,Tonga,1978,381688.2504632306,USD (1),cf,1978,1434224.8071043857
155,Tonga,1979,663935.576345554,USD (1),cf,1979,2242419.7290251316
155,Tonga,1980,734197.1972351361,USD (1),cf,1980,2183833.8890174273
155,Tonga,1981,743234.5389880509,USD (1),cf,1981,2003644.1079537335
155,Tonga,1982,797820.0105156653,USD (1),cf,1982,2026542.0575398512
155,Tonga,1983,869411.9187967918,USD (1),cf,1983,2139657.5028163
155,Tonga,1984,934084.4913541496,USD (1),cf,1984,2204034.0252096057
155,Tonga,1985,924129.3902899168,USD (1),cf,1985,2105877.3885399937
155,Tonga,1986,1194974.387146001,USD (1),cf,1986,2672348.123207481
155,Tonga,1987,1341459.5831721,USD (1),cf,1987,2893887.912745016
155,Tonga,1988,1515018.997713207,USD (1),cf,1988,3140250.796658835
155,Tonga,1989,1411727.5459311907,USD (1),cf,1989,2791412.21703826
155,Tonga,1990,936590.787132476,USD (1),cf,1990,1757076.9321697913
155,Tonga,1991,1218190.718762334,USD (1),cf,1991,2192515.9498517346
155,Tonga,1992,1631772.7216368208,USD (1),cf,1992,2850548.3997314447
155,Tonga,1993,1658588.6198368263,USD (1),cf,1993,2814323.9786499785
155,Tonga,1994,1885078.027018579,USD (1),cf,1994,3117352.2721107537
155,Tonga,1995,2283255.6199434116,USD (1),cf,1995,3672781.3597551435
155,Tonga,1996,2549124.465554238,USD (1),cf,1996,3983680.7578033856
155,Tonga,1997,2590834.6917717527,USD (1),cf,1997,3956376.2026745146
155,Tonga,1998,3111116.62757733,USD (1),cf,1998,4678261.508837959
155,Tonga,1999,3840192.673848138,USD (1),cf,1999,5650946.589424438
155,Tonga,2000,3747836.895903348,USD (1),cf,2000,5334890.931040203
155,Tonga,2001,4949946.8948469125,USD (1),cf,2001,6852384.716041059
155,Tonga,2002,4588479.31657732,USD (1),cf,2002,6252820.78228243
155,Tonga,2003,4015829.851242745,USD (1),cf,2003,5350986.400222067
155,Tonga,2004,2336366.3736750972,USD (1),cf,2004,3031972.921711381
155,Tonga,2005,3031070.742761259,USD (1),cf,2005,3804436.769888615
155,Tonga,2006,4203696.423986361,USD (1),cf,2006,5111363.643870997
155,Tonga,2007,4044219.9218513006,USD (1),cf,2007,4781064.666311118
155,Tonga,2008,4189465.942442048,USD (1),cf,2008,4769661.969557188
155,Tonga,2009,3489950.257641008,USD (1),cf,2009,3987448.099894303
155,Tonga,2010,3455248.027924797,USD (1),cf,2010,3884098.11684754
155,Tonga,2011,3227089.155307105,USD (1),cf,2011,3516607.4492513784
155,Tonga,2012,2675781.722783951,USD (1),cf,2012,2856724.2133509726
155,Tonga,2013,2972440.6503539444,USD (1),cf,2013,3127629.3610496446
155,Tonga,2014,3361811.2708969335,USD (1),cf,2014,3480861.372262768
155,Tonga,2015,2806832.372597452,USD (1),cf,2015,2902785.798730046
155,Tonga,2016,2879849.744226645,USD (1),cf,2016,2941193.711718788
155,Tonga,2017,2366154.3750197217,USD (1),cf,2017,2366154.3750197217
155,Tonga,2018,2331648.356452581,USD (1),cf,2018,2283017.5707918336
155,Tonga,2019,2257462.364025486,USD (1),cf,2019,2157675.8332465077
156,Tokelau,1976,22001.3185809442,USD (1),cf,1976,94765.62969708546
156,Tokelau,1977,27653.689046400803,USD (1),cf,1977,111840.40813996975
156,Tokelau,1978,31544.4835093579,USD (1),cf,1978,118530.97579375087
156,Tokelau,1979,33196.7788172777,USD (1),cf,1979,112120.98645125658
156,Tokelau,1980,34901.2364056849,USD (1),cf,1980,103812.03186060858
156,Tokelau,1981,34118.7252743845,USD (1),cf,1981,91978.7486733198
156,Tokelau,1982,28697.626777279,USD (1),cf,1982,72894.82195131754
156,Tokelau,1983,30410.2690260098,USD (1),cf,1983,74840.88828022183
156,Tokelau,1984,43286.55885861195,USD (1),cf,1984,102137.49338703779
156,Tokelau,1985,38479.6734751662,USD (1),cf,1985,87686.28629410102
156,Tokelau,1986,47720.72440529595,USD (1),cf,1986,106718.93027529216
156,Tokelau,1987,73408.5063468988,USD (1),cf,1987,158361.82608470146
156,Tokelau,1988,85433.5774147562,USD (1),cf,1988,177082.1751694551
156,Tokelau,1989,79057.3967778404,USD (1),cf,1989,156320.37771660875
156,Tokelau,1990,148556.89806022518,USD (1),cf,1990,278697.9140543266
156,Tokelau,1991,186216.211605134,USD (1),cf,1991,335154.4284297546
156,Tokelau,1992,200960.3340385728,USD (1),cf,1992,351058.178021588
156,Tokelau,1993,185626.5020993032,USD (1),cf,1993,314974.4967998063
156,Tokelau,1994,210512.41747060075,USD (1),cf,1994,348124.2439324433
156,Tokelau,1995,230615.59714125155,USD (1),cf,1995,370961.8226934146
156,Tokelau,1996,194338.2527120876,USD (1),cf,1996,303704.887029104
156,Tokelau,1997,180125.00383728475,USD (1),cf,1997,275062.81313577195
156,Tokelau,1998,168326.21822707215,USD (1),cf,1998,253116.2157920088
156,Tokelau,1999,130228.2508336863,USD (1),cf,1999,191634.36639701057
156,Tokelau,2000,102224.56121849873,USD (1),cf,2000,145512.43816673206
156,Tokelau,2001,75942.17573264804,USD (1),cf,2001,105129.41155692856
156,Tokelau,2002,63149.24524636308,USD (1),cf,2002,86054.85299570822
156,Tokelau,2003,53436.75425684755,USD (1),cf,2003,71203.05289127542
156,Tokelau,2004,49383.28455143888,USD (1),cf,2004,64086.17382624273
156,Tokelau,2005,48434.8236076886,USD (1),cf,2005,60792.782324933476
156,Tokelau,2006,46219.1685021777,USD (1),cf,2006,56198.86730734701
156,Tokelau,2007,43956.81179402773,USD (1),cf,2007,51965.61111244164
156,Tokelau,2008,49733.9789108251,USD (1),cf,2008,56621.600715877656
156,Tokelau,2009,50759.696675991894,USD (1),cf,2009,57995.57045798874
156,Tokelau,2010,35770.09765304536,USD (1),cf,2010,40209.72382034451
156,Tokelau,2011,45568.3997047364,USD (1),cf,2011,49656.56854834882
156,Tokelau,2012,409308.5173093933,USD (1),cf,2012,436986.89701489534
156,Tokelau,2013,245962.05065980097,USD (1),cf,2013,258803.52943496837
156,Tokelau,2014,108070.15095295222,USD (1),cf,2014,111897.18387920491
156,Tokelau,2015,221101.9537501593,USD (1),cf,2015,228660.47067267337
156,Tokelau,2016,260700.37776635535,USD (1),cf,2016,266253.58259273536
156,Tokelau,2017,133171.70959174223,USD (1),cf,2017,133171.70959174223
156,Tokelau,2018,113471.53059272976,USD (1),cf,2018,111104.87454548277
156,Tokelau,2019,122543.8301862808,USD (1),cf,2019,117127.02950002174
161,Wallis and Futuna,1976,13200.79114856652,USD (1),cf,1976,56859.37781825128
161,Wallis and Futuna,1977,16592.21342784048,USD (1),cf,1977,67104.24488398184
161,Wallis and Futuna,1978,18926.69010561474,USD (1),cf,1978,71118.58547625052
161,Wallis and Futuna,1979,23237.74517209439,USD (1),cf,1979,78484.69051587961
161,Wallis and Futuna,1980,24430.86548397943,USD (1),cf,1980,72668.42230242601
161,Wallis and Futuna,1981,23883.107692069152,USD (1),cf,1981,64385.12407132386
161,Wallis and Futuna,1982,20088.338744095297,USD (1),cf,1982,51026.37536592228
161,Wallis and Futuna,1983,21287.18831820686,USD (1),cf,1983,52388.62179615528
161,Wallis and Futuna,1984,20200.394134018912,USD (1),cf,1984,47664.16358061764
161,Wallis and Futuna,1985,20522.49252008864,USD (1),cf,1985,46766.019356853874
161,Wallis and Futuna,1986,25451.05301615784,USD (1),cf,1986,56916.76281348916
161,Wallis and Futuna,1987,29363.402538759517,USD (1),cf,1987,63344.730433880584
161,Wallis and Futuna,1988,42716.7887073781,USD (1),cf,1988,88541.08758472755
161,Wallis and Futuna,1989,39528.6983889202,USD (1),cf,1989,78160.18885830438
161,Wallis and Futuna,1990,34893.39223104184,USD (1),cf,1990,65461.218940694314
161,Wallis and Futuna,1991,34360.5089887108,USD (1),cf,1991,61842.503675707434
161,Wallis and Futuna,1992,74743.71371219296,USD (1),cf,1992,130570.00566755225
161,Wallis and Futuna,1993,65540.91615260369,USD (1),cf,1993,111211.04395923503
161,Wallis and Futuna,1994,131195.73575266232,USD (1),cf,1994,216958.30044056478
161,Wallis and Futuna,1995,122871.9121394835,USD (1),cf,1995,197648.33363447554
161,Wallis and Futuna,1996,122529.15001757254,USD (1),cf,1996,191484.18360532282
161,Wallis and Futuna,1997,127096.51962404708,USD (1),cf,1997,194084.8049010275
161,Wallis and Futuna,1998,185049.47032578848,USD (1),cf,1998,278263.37546533206
161,Wallis and Futuna,1999,197471.54330548455,USD (1),cf,1999,290584.676063219
161,Wallis and Futuna,2000,178946.62669111043,USD (1),cf,2000,254723.1276041265
161,Wallis and Futuna,2001,161163.53949998188,USD (1),cf,2001,223104.3278469172
161,Wallis and Futuna,2002,164195.39214447234,USD (1),cf,2002,223752.63993165464
161,Wallis and Futuna,2003,161897.7650771168,USD (1),cf,2003,215724.46324784122
161,Wallis and Futuna,2004,210476.803591636,USD (1),cf,2004,273142.07922552037
161,Wallis and Futuna,2005,271634.69492848316,USD (1),cf,2005,340941.241253238
161,Wallis and Futuna,2006,334969.06200935965,USD (1),cf,2006,407295.9873140843
161,Wallis and Futuna,2007,370417.21343697706,USD (1),cf,2007,437906.11914751143
161,Wallis and Futuna,2008,474688.1888875741,USD (1),cf,2008,540427.4036454613
161,Wallis and Futuna,2009,487234.632594943,USD (1),cf,2009,556690.6879803591
161,Wallis and Futuna,2010,515052.477337381,USD (1),cf,2010,578978.5106990654
161,Wallis and Futuna,2011,383421.4515027707,USD (1),cf,2011,417820.10588086926
161,Wallis and Futuna,2012,295920.10748420405,USD (1),cf,2012,315930.9031336128
161,Wallis and Futuna,2013,439949.59021076513,USD (1),cf,2013,462919.00077503675
161,Wallis and Futuna,2014,299531.3740929297,USD (1),cf,2014,310138.5252904736
161,Wallis and Futuna,2015,276278.2281507276,USD (1),cf,2015,285722.98260621814
161,Wallis and Futuna,2016,276813.8794881364,USD (1),cf,2016,282710.3196266319
161,Wallis and Futuna,2017,329861.5523564012,USD (1),cf,2017,329861.5523564012
161,Wallis and Futuna,2018,442482.1826209291,USD (1),cf,2018,433253.4084268322
161,Wallis and Futuna,2019,484166.6226863676,USD (1),cf,2019,462765.02221374866
162,New Zealand,1976,60794490.03191273,USD (1),cf,1976,261858311.30036518
162,New Zealand,1977,72137733.60161906,USD (1),cf,1977,291748184.2932469
162,New Zealand,1978,96957949.34310032,USD (1),cf,1978,364327421.72460705
162,New Zealand,1979,105629545.08684637,USD (1),cf,1979,356760180.2187718
162,New Zealand,1980,136054742.9703649,USD (1),cf,1980,404688222.15495557
162,New Zealand,1981,140475137.049544,USD (1),cf,1981,378699005.3591107
162,New Zealand,1982,148240390.44930145,USD (1),cf,1982,376545313.3689476
162,New Zealand,1983,172364165.01956376,USD (1),cf,1983,424195103.52603793
162,New Zealand,1984,189953642.47448352,USD (1),cf,1984,448208160.0769555
162,New Zealand,1985,235656523.5991451,USD (1),cf,1985,537006776.0248312
162,New Zealand,1986,214307899.60966185,USD (1),cf,1986,479261580.39104855
162,New Zealand,1987,275066119.3670271,USD (1),cf,1987,593391353.7369653
162,New Zealand,1988,331464482.54941374,USD (1),cf,1988,687041949.2831626
162,New Zealand,1989,257449870.63440508,USD (1),cf,1989,509056238.39036834
162,New Zealand,1990,331617376.1573752,USD (1),cf,1990,622125745.7985009
162,New Zealand,1991,375345613.6122748,USD (1),cf,1991,675552055.9111686
162,New Zealand,1992,518141049.02345055,USD (1),cf,1992,905142069.446665
162,New Zealand,1993,420354240.96788806,USD (1),cf,1993,713264884.2119298
162,New Zealand,1994,519156078.9885293,USD (1),cf,1994,858528060.4934086
162,New Zealand,1995,752429558.8619173,USD (1),cf,1995,1210337219.4416525
162,New Zealand,1996,488606547.298406,USD (1),cf,1996,763576877.8305639
162,New Zealand,1997,689408399.0476017,USD (1),cf,1997,1052772294.8045808
162,New Zealand,1998,556205942.7347232,USD (1),cf,1998,836380362.5417473
162,New Zealand,1999,519408174.1337488,USD (1),cf,1999,764323069.0295187
162,New Zealand,2000,551962372.0027331,USD (1),cf,2000,785695625.092848
162,New Zealand,2001,530724229.43314606,USD (1),cf,2001,734700124.1541263
162,New Zealand,2002,569073329.443007,USD (1),cf,2002,775488630.4332607
162,New Zealand,2003,522178679.3398419,USD (1),cf,2003,695789193.0527697
162,New Zealand,2004,570246167.5874537,USD (1),cf,2004,740025604.8520267
162,New Zealand,2005,582954219.0127449,USD (1),cf,2005,731692742.9920009
162,New Zealand,2006,521969382.3490742,USD (1),cf,2006,634673643.160659
162,New Zealand,2007,516053680.97638667,USD (1),cf,2007,610077114.4281778
162,New Zealand,2008,530962892.3475181,USD (1),cf,2008,604495548.9958793
162,New Zealand,2009,540089020.7031935,USD (1),cf,2009,617079551.3952137
162,New Zealand,2010,558377729.0655667,USD (1),cf,2010,627681100.8718638
162,New Zealand,2011,559407781.533739,USD (1),cf,2011,609595048.9857242
162,New Zealand,2012,578314470.5076396,USD (1),cf,2012,617421419.9772432
162,New Zealand,2013,637752310.7304406,USD (1),cf,2013,671048840.5816507
162,New Zealand,2014,710939577.1461807,USD (1),cf,2014,736115716.4068642
162,New Zealand,2015,688060674.4282774,USD (1),cf,2015,711582484.9015547
162,New Zealand,2016,661396401.0807843,USD (1),cf,2016,675484871.984052
162,New Zealand,2017,763114871.636148,USD (1),cf,2017,763114871.636148
162,New Zealand,2018,765746659.3942311,USD (1),cf,2018,749775614.0346768
162,New Zealand,2019,800549209.3806181,USD (1),cf,2019,765162560.3737671
163,United States,1976,1914901792.4450195,USD (1),cf,1976,8247999932.435966
163,United States,1977,2627335959.0554123,USD (1),cf,1977,10625791209.575363
163,United States,1978,3158264079.884783,USD (1),cf,1978,11867435492.866503
163,United States,1979,3496713818.9287534,USD (1),cf,1979,11810031475.462982
163,United States,1980,4070865333.210297,USD (1),cf,1980,12108591132.967377
163,United States,1981,4140031552.103447,USD (1),cf,1981,11160877745.81744
163,United States,1982,3630354459.512039,USD (1),cf,1982,9221460854.58964
163,United States,1983,3712498408.954238,USD (1),cf,1983,9136607059.523352
163,United States,1984,4664310083.304251,USD (1),cf,1984,11005747577.317541
163,United States,1985,4982066584.367868,USD (1),cf,1985,11352978791.129622
163,United States,1986,6483377204.607882,USD (1),cf,1986,14498922396.286625
163,United States,1987,6514653037.230804,USD (1),cf,1987,14053852920.107817
163,United States,1988,5900119283.5573435,USD (1),cf,1988,12229453431.63309
163,United States,1989,6447255111.476397,USD (1),cf,1989,12748172787.59451
163,United States,1990,6805418466.995372,USD (1),cf,1990,12767202033.590498
163,United States,1991,7821080985.389596,USD (1),cf,1991,14076486170.384552
163,United States,1992,8909921958.013401,USD (1),cf,1992,15564767962.091206
163,United States,1993,8559132728.956923,USD (1),cf,1993,14523295401.557207
163,United States,1994,8668497365.328339,USD (1),cf,1994,14335088293.576532
163,United States,1995,7638008109.36461,USD (1),cf,1995,12286286986.311338
163,United States,1996,7097161068.567236,USD (1),cf,1996,11091190079.545784
163,United States,1997,6794843117.178368,USD (1),cf,1997,10376175560.366299
163,United States,1998,6023876151.96493,USD (1),cf,1998,9058248631.999886
163,United States,1999,6155266016.273585,USD (1),cf,1999,9057639148.820707
163,United States,2000,6271986969.35242,USD (1),cf,2000,8927914242.739622
163,United States,2001,6276766645.765128,USD (1),cf,2001,8689147730.932873
163,United States,2002,6042274544.432588,USD (1),cf,2002,8233939228.44711
163,United States,2003,6313777684.248994,USD (1),cf,2003,8412940730.540863
163,United States,2004,6164147737.370745,USD (1),cf,2004,7999399938.1775055
163,United States,2005,6078546334.02398,USD (1),cf,2005,7629464022.197497
163,United States,2006,5976043179.482576,USD (1),cf,2006,7266397656.004854
163,United States,2007,6068500423.477001,USD (1),cf,2007,7174163006.174603
163,United States,2008,6595323942.466153,USD (1),cf,2008,7508705457.324753
163,United States,2009,6990923926.007658,USD (1),cf,2009,7987491014.874029
163,United States,2010,7265829296.353813,USD (1),cf,2010,8167631862.958627
163,United States,2011,7728020257.042583,USD (1),cf,2011,8421339571.35599
163,United States,2012,8104739177.348693,USD (1),cf,2012,8652800209.255215
163,United States,2013,8001542803.171905,USD (1),cf,2013,8419296850.188065
163,United States,2014,8193023448.168425,USD (1),cf,2014,8483158792.897898
163,United States,2015,7848502446.113393,USD (1),cf,2015,8116808707.3162
163,United States,2016,7719211306.862426,USD (1),cf,2016,7883638999.11354
163,United States,2017,8172026243.797204,USD (1),cf,2017,8172026243.797204
163,United States,2018,8080190945.511696,USD (1),cf,2018,7911663803.379969
163,United States,2019,8626450812.219421,USD (1),cf,2019,8245136105.403269
164,Belize,1976,2911927.1948753633,USD (1),cf,1976,12542458.000378126
164,Belize,1977,4416940.754066425,USD (1),cf,1977,17863528.292227942
164,Belize,1978,4462559.53158864,USD (1),cf,1978,16768432.288960699
164,Belize,1979,6769915.038955215,USD (1),cf,1979,22865156.783338226
164,Belize,1980,4589361.1929225745,USD (1),cf,1980,13650831.874309054
164,Belize,1981,7491404.85949328,USD (1),cf,1981,20195656.175312646
164,Belize,1982,6536786.572487729,USD (1),cf,1982,16604087.056861361
164,Belize,1983,7075098.643337119,USD (1),cf,1983,17412100.717841633
164,Belize,1984,7011020.790316381,USD (1),cf,1984,16542966.419352056
164,Belize,1985,7840834.091725691,USD (1),cf,1985,17867449.509292826
164,Belize,1986,5930676.810417741,USD (1),cf,1986,13262906.062382057
164,Belize,1987,7105873.093689224,USD (1),cf,1987,15329273.064419348
164,Belize,1988,7433216.58191239,USD (1),cf,1988,15407175.968302092
164,Belize,1989,6552456.626181219,USD (1),cf,1989,12956187.99155107
164,Belize,1990,5909611.191543824,USD (1),cf,1990,11086636.389564842
164,Belize,1991,7904648.763725262,USD (1),cf,1991,14226892.575615397
164,Belize,1992,7782551.487169925,USD (1),cf,1992,13595361.28617632
164,Belize,1993,8896844.834091408,USD (1),cf,1993,15096331.574598024
164,Belize,1994,22123314.556800265,USD (1),cf,1994,36585310.48146502
164,Belize,1995,22967628.18893038,USD (1),cf,1995,36945086.635626435
164,Belize,1996,27426748.308559418,USD (1),cf,1996,42861543.62500664
164,Belize,1997,44127340.37023456,USD (1),cf,1997,67385371.93537585
164,Belize,1998,41545708.91064752,USD (1),cf,1998,62473289.85715996
164,Belize,1999,69499979.95547988,USD (1),cf,1999,102271085.86740063
164,Belize,2000,35983528.08691034,USD (1),cf,2000,51221065.10758866
164,Belize,2001,50935017.78151866,USD (1),cf,2001,70511127.64880529
164,Belize,2002,68103548.539049685,USD (1),cf,2002,92806190.0842992
164,Belize,2003,39273184.80762349,USD (1),cf,2003,52330473.546823144
164,Belize,2004,47150102.60985016,USD (1),cf,2004,61188106.44586815
164,Belize,2005,68028642.09879173,USD (1),cf,2005,85385888.14672907
164,Belize,2006,102144209.71940458,USD (1),cf,2006,124199311.11404943
164,Belize,2007,152873360.53737244,USD (1),cf,2007,180726428.4853463
164,Belize,2008,217395979.88326436,USD (1),cf,2008,247502987.69093502
164,Belize,2009,183033741.3535452,USD (1),cf,2009,209125486.12370893
164,Belize,2010,238042509.771229,USD (1),cf,2010,267587292.27533647
164,Belize,2011,188849617.6287125,USD (1),cf,2011,205792260.51106885
164,Belize,2012,144815950.22691017,USD (1),cf,2012,154608736.5684748
164,Belize,2013,55806114.20653761,USD (1),cf,2013,58719706.07644368
164,Belize,2014,86839182.4509102,USD (1),cf,2014,89914373.9593701
164,Belize,2015,106132762.00529024,USD (1),cf,2015,109760980.86108842
164,Belize,2016,103464668.0164732,USD (1),cf,2016,105668579.26014549
164,Belize,2017,172270784.6512539,USD (1),cf,2017,172270784.6512539
164,Belize,2018,322794701.16918176,USD (1),cf,2018,316062228.0320804
164,Belize,2019,292843438.1998028,USD (1),cf,2019,279898889.8321222
166,Jamaica,1976,2325633.277818465,USD (1),cf,1976,10017131.528100694
166,Jamaica,1977,2824361.5325454986,USD (1),cf,1977,11422625.965190394
166,Jamaica,1978,3036822.93013994,USD (1),cf,1978,11411110.443939932
166,Jamaica,1979,3194433.324209465,USD (1),cf,1979,10789089.430469722
166,Jamaica,1980,3141899.236496087,USD (1),cf,1980,9345426.616142051
166,Jamaica,1981,2790567.26647149,USD (1),cf,1981,7522933.028552444
166,Jamaica,1982,2337148.183058593,USD (1),cf,1982,5936588.485176993
166,Jamaica,1983,2631056.479181104,USD (1),cf,1983,6475135.219913044
166,Jamaica,1984,2807179.8218446868,USD (1),cf,1984,6623726.118456386
166,Jamaica,1985,4087706.9618082615,USD (1),cf,1985,9314939.82584947
166,Jamaica,1986,5095386.119152561,USD (1),cf,1986,11394926.68546303
166,Jamaica,1987,4130853.083734536,USD (1),cf,1987,8911357.418668652
166,Jamaica,1988,10024782.516863909,USD (1),cf,1988,20778835.996400274
166,Jamaica,1989,11521548.800642949,USD (1),cf,1989,22781585.706116714
166,Jamaica,1990,11893115.670126729,USD (1),cf,1990,22311899.158848926
166,Jamaica,1991,13576907.276358709,USD (1),cf,1991,24435899.317405753
166,Jamaica,1992,20134560.424085505,USD (1),cf,1992,35173120.76316664
166,Jamaica,1993,26669445.349001836,USD (1),cf,1993,45253210.25678757
166,Jamaica,1994,40183466.336685665,USD (1),cf,1994,66451371.39711535
166,Jamaica,1995,43933584.7799552,USD (1),cf,1995,70670340.12207572
166,Jamaica,1996,34284752.51837106,USD (1),cf,1996,53578987.899200305
166,Jamaica,1997,29359722.640440397,USD (1),cf,1997,44834241.38972269
166,Jamaica,1998,35379069.735330306,USD (1),cf,1998,53200365.00533786
166,Jamaica,1999,31662113.344125044,USD (1),cf,1999,46591649.589462474
166,Jamaica,2000,11991296.693649013,USD (1),cf,2000,17069115.26813953
166,Jamaica,2001,25530868.702837583,USD (1),cf,2001,35343275.02961744
166,Jamaica,2002,21554787.286272973,USD (1),cf,2002,29373178.476441238
166,Jamaica,2003,15142081.123077122,USD (1),cf,2003,20176420.107931323
166,Jamaica,2004,14315896.607910637,USD (1),cf,2004,18578169.654499985
166,Jamaica,2005,28201899.275442433,USD (1),cf,2005,35397505.26787329
166,Jamaica,2006,19531904.247166973,USD (1),cf,2006,23749256.652997237
166,Jamaica,2007,19211824.587771464,USD (1),cf,2007,22712161.42714471
166,Jamaica,2008,16471464.874963418,USD (1),cf,2008,18752585.813172966
166,Jamaica,2009,19495019.745032217,USD (1),cf,2009,22274065.15881833
166,Jamaica,2010,20027719.99779387,USD (1),cf,2010,22513471.94166579
166,Jamaica,2011,21826398.30660711,USD (1),cf,2011,23784553.565591797
166,Jamaica,2012,21070385.521109603,USD (1),cf,2012,22495213.264319625
166,Jamaica,2013,32256649.85778464,USD (1),cf,2013,33940743.33234944
166,Jamaica,2014,28035237.319482725,USD (1),cf,2014,29028034.82527762
166,Jamaica,2015,29924178.986991156,USD (1),cf,2015,30947156.89120766
166,Jamaica,2016,33420024.7832661,USD (1),cf,2016,34131908.07440003
166,Jamaica,2017,34459495.00710863,USD (1),cf,2017,34459495.00710863
166,Jamaica,2018,29176859.945457555,USD (1),cf,2018,28568323.234364495
166,Jamaica,2019,21762434.708727323,USD (1),cf,2019,20800470.560179766
167,Guyana,1976,11537229.78851613,USD (1),cf,1976,49693969.10672715
167,Guyana,1977,37234411.209917985,USD (1),cf,1977,150587928.4163965
167,Guyana,1978,52831472.57646598,USD (1),cf,1978,198518577.59064546
167,Guyana,1979,34752763.69340772,USD (1),cf,1979,117376272.21784233
167,Guyana,1980,20067015.445959218,USD (1),cf,1980,59688362.40093548
167,Guyana,1981,12027501.954262909,USD (1),cf,1981,32424264.696945593
167,Guyana,1982,9745917.487630388,USD (1),cf,1982,24755598.27739906
167,Guyana,1983,11677749.331847562,USD (1),cf,1983,28739408.137485806
167,Guyana,1984,12348255.82566831,USD (1),cf,1984,29136524.84724425
167,Guyana,1985,13304781.01518502,USD (1),cf,1985,30318522.269445915
167,Guyana,1986,16591868.980171308,USD (1),cf,1986,37104770.11608776
167,Guyana,1987,14333978.483131666,USD (1),cf,1987,30922233.95638462
167,Guyana,1988,16084107.327248726,USD (1),cf,1988,33338282.17611579
167,Guyana,1989,15904843.670073103,USD (1),cf,1989,31448685.02331374
167,Guyana,1990,16612775.786191905,USD (1),cf,1990,31166145.892376687
167,Guyana,1991,22870524.86778315,USD (1),cf,1991,41162676.56762394
167,Guyana,1992,22655660.476041075,USD (1),cf,1992,39577237.600869425
167,Guyana,1993,25650357.58846191,USD (1),cf,1993,43524003.215008646
167,Guyana,1994,32303991.68280134,USD (1),cf,1994,53421089.43357555
167,Guyana,1995,30712106.856893588,USD (1),cf,1995,49402639.19534446
167,Guyana,1996,27196275.425383795,USD (1),cf,1996,42501368.82683233
167,Guyana,1997,27885372.349987525,USD (1),cf,1997,42582810.82872267
167,Guyana,1998,32339185.017183814,USD (1),cf,1998,48629216.6458873
167,Guyana,1999,34031351.92598702,USD (1),cf,1999,50078047.75247172
167,Guyana,2000,29664235.262856457,USD (1),cf,2000,42225812.93573378
167,Guyana,2001,31231071.74809542,USD (1),cf,2001,43234265.59081285
167,Guyana,2002,35294536.17930328,USD (1),cf,2002,48096633.785762824
167,Guyana,2003,48080031.1550341,USD (1),cf,2003,64065361.92095486
167,Guyana,2004,46590446.204673134,USD (1),cf,2004,60461823.49423933
167,Guyana,2005,36720167.008137494,USD (1),cf,2005,46089176.20805674
167,Guyana,2006,50608268.19010383,USD (1),cf,2006,61535666.712313734
167,Guyana,2007,85260685.08535846,USD (1),cf,2007,100794926.2809835
167,Guyana,2008,62054232.74995741,USD (1),cf,2008,70648077.35971141
167,Guyana,2009,76022075.5897765,USD (1),cf,2009,86859140.81347835
167,Guyana,2010,79168946.5799347,USD (1),cf,2010,88995045.75033666
167,Guyana,2011,67662451.22561035,USD (1),cf,2011,73732787.83552718
167,Guyana,2012,84078412.52889834,USD (1),cf,2012,89763987.41580354
167,Guyana,2013,100195988.280107,USD (1),cf,2013,105427139.40038918
167,Guyana,2014,76248976.7911922,USD (1),cf,2014,78949142.76856747
167,Guyana,2015,65334845.337972976,USD (1),cf,2015,67568360.35555139
167,Guyana,2016,79104942.14126371,USD (1),cf,2016,80789964.42720406
167,Guyana,2017,74804327.98393297,USD (1),cf,2017,74804327.98393297
167,Guyana,2018,76580686.7631866,USD (1),cf,2018,74983456.65195344
167,Guyana,2019,69245827.156486,USD (1),cf,2019,66184956.25428189
168,Suriname,1976,4696355.643510728,USD (1),cf,1976,20228473.95265777
168,Suriname,1977,17606050.60355739,USD (1),cf,1977,71204528.33366542
168,Suriname,1978,9286833.512673222,USD (1),cf,1978,34896036.19487732
168,Suriname,1979,9124857.475575645,USD (1),cf,1979,30818894.418038674
168,Suriname,1980,10502981.396112869,USD (1),cf,1980,31240607.829785902
168,Suriname,1981,12139789.25016785,USD (1),cf,1981,32726973.68991613
168,Suriname,1982,4657482.530068629,USD (1),cf,1982,11830468.157022823
168,Suriname,1983,5851985.828498752,USD (1),cf,1983,14401971.16419865
168,Suriname,1984,8497377.899805062,USD (1),cf,1984,20050124.14785265
168,Suriname,1985,10799243.330886455,USD (1),cf,1985,24608980.715049606
168,Suriname,1986,17943275.627575167,USD (1),cf,1986,40126951.224508934
168,Suriname,1987,10999552.024680376,USD (1),cf,1987,23728982.258684088
168,Suriname,1988,5588863.33586496,USD (1),cf,1988,11584298.65853708
168,Suriname,1989,24604807.3418945,USD (1),cf,1989,48651143.77769932
168,Suriname,1990,14767185.3218166,USD (1),cf,1990,27703753.911013223
168,Suriname,1991,12842172.911178054,USD (1),cf,1991,23113514.579325132
168,Suriname,1992,8388607.767371225,USD (1),cf,1992,14654082.72254282
168,Suriname,1993,4908713.008599444,USD (1),cf,1993,8329195.413008199
168,Suriname,1994,10874961.824188923,USD (1),cf,1994,17983917.093007907
168,Suriname,1995,19421595.05297575,USD (1),cf,1995,31241036.55509668
168,Suriname,1996,28863038.23356595,USD (1),cf,1996,45106126.27061369
168,Suriname,1997,24848919.798610423,USD (1),cf,1997,37945946.63473455
168,Suriname,1998,29168798.277894475,USD (1),cf,1998,43861829.232932165
168,Suriname,1999,25921015.611544497,USD (1),cf,1999,38143470.18627418
168,Suriname,2000,28333683.737411827,USD (1),cf,2000,40331827.8281814
168,Suriname,2001,34869841.241633154,USD (1),cf,2001,48271541.54394923
168,Suriname,2002,37888953.129935384,USD (1),cf,2002,51632102.316308364
168,Suriname,2003,54422643.81424828,USD (1),cf,2003,72516724.4882281
168,Suriname,2004,49291347.59598018,USD (1),cf,2004,63966864.4736531
168,Suriname,2005,38919671.629789904,USD (1),cf,2005,48849875.963461116
168,Suriname,2006,31536073.180994023,USD (1),cf,2006,38345380.27247208
168,Suriname,2007,48658578.11515657,USD (1),cf,2007,57524025.16053584
168,Suriname,2008,28198289.18118861,USD (1),cf,2008,32103449.308790196
168,Suriname,2009,41712179.26585352,USD (1),cf,2009,47658315.356191844
168,Suriname,2010,44488474.56633888,USD (1),cf,2010,50010187.08006262
168,Suriname,2011,40776078.174173385,USD (1),cf,2011,44434303.90596341
168,Suriname,2012,41346605.98827791,USD (1),cf,2012,44142558.2142422
168,Suriname,2013,59780711.972783744,USD (1),cf,2013,62901814.361967735
168,Suriname,2014,51930206.72757311,USD (1),cf,2014,53769184.55133919
168,Suriname,2015,53840517.51440765,USD (1),cf,2015,55681091.312364295
168,Suriname,2016,64983852.59400846,USD (1),cf,2016,66368080.13887697
168,Suriname,2017,71387121.23290358,USD (1),cf,2017,71387121.23290358
168,Suriname,2018,64792704.60945223,USD (1),cf,2018,63441334.39896463
168,Suriname,2019,48858557.457968265,USD (1),cf,2019,46698864.33293994
169,French Guiana,1976,457810.8992884883,USD (1),cf,1976,1971915.3646926868
169,French Guiana,1977,1253727.1069071563,USD (1),cf,1977,5070475.447140731
169,French Guiana,1978,635673.3608041712,USD (1),cf,1978,2388594.6244724295
169,French Guiana,1979,1009573.2529243904,USD (1),cf,1979,3409799.174664896
169,French Guiana,1980,1051539.4758839118,USD (1),cf,1980,3127753.0774058006
169,French Guiana,1981,2081366.50548589,USD (1),cf,1981,5611038.6647089105
169,French Guiana,1982,1739663.9945690087,USD (1),cf,1982,4418919.310764331
169,French Guiana,1983,1862451.987303675,USD (1),cf,1983,4583568.826367625
169,French Guiana,1984,2703723.4367817296,USD (1),cf,1984,6379613.947753947
169,French Guiana,1985,5134295.105110528,USD (1),cf,1985,11699872.422141926
169,French Guiana,1986,12675159.076672385,USD (1),cf,1986,28345743.586019814
169,French Guiana,1987,11247979.78642892,USD (1),cf,1987,24264907.53435613
169,French Guiana,1988,8068777.708048945,USD (1),cf,1988,16724533.265925571
169,French Guiana,1989,25371798.382608563,USD (1),cf,1989,50167716.97737852
169,French Guiana,1990,23361924.487145778,USD (1),cf,1990,43827783.88535473
169,French Guiana,1991,25106918.83065449,USD (1),cf,1991,45187768.33546245
169,French Guiana,1992,22530849.512175106,USD (1),cf,1992,39359204.97377648
169,French Guiana,1993,23153575.946666513,USD (1),cf,1993,39287417.74714915
169,French Guiana,1994,30273304.253028072,USD (1),cf,1994,50062942.98954612
169,French Guiana,1995,27350099.612025928,USD (1),cf,1995,43994608.03472578
169,French Guiana,1996,19820870.23447394,USD (1),cf,1996,30975348.76109865
169,French Guiana,1997,17960037.75981004,USD (1),cf,1997,27426167.411497705
169,French Guiana,1998,20409020.09737756,USD (1),cf,1998,30689538.38256215
169,French Guiana,1999,15777794.108717144,USD (1),cf,1999,23217447.503213994
169,French Guiana,2000,12260670.784034478,USD (1),cf,2000,17452558.15313419
169,French Guiana,2001,12026186.551448444,USD (1),cf,2001,16648270.914420081
169,French Guiana,2002,13345236.655678743,USD (1),cf,2002,18185844.884084526
169,French Guiana,2003,15492837.003482208,USD (1),cf,2003,20643792.98361845
169,French Guiana,2004,14638749.775993971,USD (1),cf,2004,18997145.922240745
169,French Guiana,2005,13538024.216689233,USD (1),cf,2005,16992198.959597744
169,French Guiana,2006,12249698.66271359,USD (1),cf,2006,14894668.424603766
169,French Guiana,2007,12551463.516719898,USD (1),cf,2007,14838302.537912536
169,French Guiana,2008,6787278.940375961,USD (1),cf,2008,7727244.160342149
169,French Guiana,2009,6569920.974619038,USD (1),cf,2009,7506473.437363007
169,French Guiana,2010,8547603.451185381,USD (1),cf,2010,9608494.151503285
169,French Guiana,2011,9261222.831433233,USD (1),cf,2011,10092093.41013565
169,French Guiana,2012,2295945.7075914093,USD (1),cf,2012,2451202.8165703975
169,French Guiana,2013,3420186.5509525267,USD (1),cf,2013,3598751.7112418986
169,French Guiana,2014,4622509.736083704,USD (1),cf,2014,4786204.306748433
169,French Guiana,2015,6110678.472639404,USD (1),cf,2015,6319576.068793976
169,French Guiana,2016,6512586.968093666,USD (1),cf,2016,6651312.234598073
169,French Guiana,2017,6149140.808697858,USD (1),cf,2017,6149140.808697858
169,French Guiana,2018,4544618.788081892,USD (1),cf,2018,4449832.461669764
169,French Guiana,2019,4731198.308320236,USD (1),cf,2019,4522065.3131757295
171,Brazil,1976,258314009.8178205,USD (1),cf,1976,1112628304.9765434
171,Brazil,1977,455590766.254735,USD (1),cf,1977,1842555514.283648
171,Brazil,1978,504659062.64784336,USD (1),cf,1978,1896297687.7102191
171,Brazil,1979,658306050.8998853,USD (1),cf,1979,2223406199.1373367
171,Brazil,1980,562907106.2764995,USD (1),cf,1980,1674339836.333721
171,Brazil,1981,589633169.8433269,USD (1),cf,1981,1589558833.230783
171,Brazil,1982,517321357.1332196,USD (1),cf,1982,1314047621.8645535
171,Brazil,1983,482338915.5964975,USD (1),cf,1983,1187055361.6110973
171,Brazil,1984,634319626.1953403,USD (1),cf,1984,1496719035.5189247
171,Brazil,1985,806480556.4487123,USD (1),cf,1985,1837782875.3933377
171,Brazil,1986,932190363.7102708,USD (1),cf,1986,2084678295.8109345
171,Brazil,1987,626282837.3673899,USD (1),cf,1987,1351059961.6661167
171,Brazil,1988,561084820.8748481,USD (1),cf,1988,1162986773.3704538
171,Brazil,1989,720745606.2489327,USD (1),cf,1989,1425131992.6840758
171,Brazil,1990,678541069.6278971,USD (1),cf,1990,1272966675.8982937
171,Brazil,1991,728093372.7904485,USD (1),cf,1991,1310432191.1484277
171,Brazil,1992,699713231.2794915,USD (1),cf,1992,1222331030.0799341
171,Brazil,1993,680043978.5047745,USD (1),cf,1993,1153911254.6369727
171,Brazil,1994,773672847.1663281,USD (1),cf,1994,1279422269.750205
171,Brazil,1995,855356362.7667218,USD (1),cf,1995,1375902407.8063736
171,Brazil,1996,629818068.0275699,USD (1),cf,1996,984257203.766165
171,Brazil,1997,666811750.4536124,USD (1),cf,1997,1018265715.4997003
171,Brazil,1998,630140130.5762739,USD (1),cf,1998,947556993.4980952
171,Brazil,1999,665435591.8647885,USD (1),cf,1999,979206333.561862
171,Brazil,2000,758732920.2413346,USD (1),cf,2000,1080024955.1152112
171,Brazil,2001,785318511.5828205,USD (1),cf,2001,1087143898.7752335
171,Brazil,2002,807277759.6988367,USD (1),cf,2002,1100094999.8145704
171,Brazil,2003,732454788.0861629,USD (1),cf,2003,975976511.7074629
171,Brazil,2004,760087010.413197,USD (1),cf,2004,986387777.0558301
171,Brazil,2005,803331518.977098,USD (1),cf,2005,1008298462.3522089
171,Brazil,2006,852333860.2985917,USD (1),cf,2006,1036370819.0514612
171,Brazil,2007,880857562.1904366,USD (1),cf,2007,1041347169.0515282
171,Brazil,2008,891187629.5235616,USD (1),cf,2008,1014607542.5071083
171,Brazil,2009,1028281017.6655346,USD (1),cf,2009,1174864077.5239332
171,Brazil,2010,1009647712.6446372,USD (1),cf,2010,1134960717.0509653
171,Brazil,2011,942870821.546383,USD (1),cf,2011,1027460474.4895061
171,Brazil,2012,1003541483.3328764,USD (1),cf,2012,1071403257.6455622
171,Brazil,2013,968790161.0428436,USD (1),cf,2013,1019369908.0292187
171,Brazil,2014,1082246240.9078276,USD (1),cf,2014,1120571272.9517875
171,Brazil,2015,987116822.4384896,USD (1),cf,2015,1020862065.6638415
171,Brazil,2016,997569710.724172,USD (1),cf,2016,1018819042.9257876
171,Brazil,2017,1124558443.0880525,USD (1),cf,2017,1124558443.0880525
171,Brazil,2018,1105769539.6225414,USD (1),cf,2018,1082706695.9811525
171,Brazil,2019,1103552602.5630093,USD (1),cf,2019,1054772305.049871
172,Argentina,1976,77906188.05863006,USD (1),cf,1976,335563022.80309963
172,Argentina,1977,136777099.80455753,USD (1),cf,1977,553170560.3789618
172,Argentina,1978,252007660.51445416,USD (1),cf,1978,946939387.9730885
172,Argentina,1979,339301273.6183008,USD (1),cf,1979,1145978461.092488
172,Argentina,1980,223080420.5015753,USD (1),cf,1980,663541871.4511595
172,Argentina,1981,233777493.28613895,USD (1),cf,1981,630227569.3924613
172,Argentina,1982,331724957.65433735,USD (1),cf,1982,842614335.7668277
172,Argentina,1983,189970289.32743165,USD (1),cf,1983,467524479.5748276
172,Argentina,1984,128761705.60550974,USD (1),cf,1984,303821745.16905403
172,Argentina,1985,173040765.31786764,USD (1),cf,1985,394319928.3643961
172,Argentina,1986,221238159.24467897,USD (1),cf,1986,494759876.0266652
172,Argentina,1987,276758427.4226933,USD (1),cf,1987,597042115.8533704
172,Argentina,1988,313807798.1659772,USD (1),cf,1988,650444113.0282166
172,Argentina,1989,343701291.8997832,USD (1),cf,1989,679601377.7488838
172,Argentina,1990,356254307.9649337,USD (1),cf,1990,668345487.8173578
172,Argentina,1991,426577825.6225729,USD (1),cf,1991,767760476.3569322
172,Argentina,1992,572411682.806567,USD (1),cf,1992,999947593.6667869
172,Argentina,1993,732033508.6818607,USD (1),cf,1993,1242128055.1540985
172,Argentina,1994,866551743.8433682,USD (1),cf,1994,1433016039.0464492
172,Argentina,1995,952323495.8406798,USD (1),cf,1995,1531881035.7585764
172,Argentina,1996,995992206.3135716,USD (1),cf,1996,1556501081.3824043
172,Argentina,1997,1053425331.2423716,USD (1),cf,1997,1608650264.356197
172,Argentina,1998,799933198.0725402,USD (1),cf,1998,1202878946.1032176
172,Argentina,1999,834397814.7223399,USD (1),cf,1999,1227838779.4025755
172,Argentina,2000,723608949.3052311,USD (1),cf,2000,1030027434.0880927
172,Argentina,2001,734866187.802795,USD (1),cf,2001,1017300981.3251679
172,Argentina,2002,664568415.5177937,USD (1),cf,2002,905621865.7857696
172,Argentina,2003,696446848.3308294,USD (1),cf,2003,927996890.2921834
172,Argentina,2004,754453877.8274438,USD (1),cf,2004,979077491.4529998
172,Argentina,2005,857218327.1321986,USD (1),cf,2005,1075934282.0858119
172,Argentina,2006,1116969226.7112017,USD (1),cf,2006,1358146574.0859268
172,Argentina,2007,1109097028.3291254,USD (1),cf,2007,1311171181.6175592
172,Argentina,2008,1157391160.1924293,USD (1),cf,2008,1317677402.4456375
172,Argentina,2009,1220212075.3149192,USD (1),cf,2009,1394155206.232469
172,Argentina,2010,1279289541.7925048,USD (1),cf,2010,1438069296.334511
172,Argentina,2011,1205575840.197441,USD (1),cf,2011,1313734073.1053824
172,Argentina,2012,1099902047.330428,USD (1),cf,2012,1174279943.7519152
172,Argentina,2013,1311989839.5497496,USD (1),cf,2013,1380487762.8375838
172,Argentina,2014,1302746707.72869,USD (1),cf,2014,1348880209.912984
172,Argentina,2015,1189012815.1583695,USD (1),cf,2015,1229660006.7911308
172,Argentina,2016,1185807106.3753066,USD (1),cf,2016,1211066102.1723156
172,Argentina,2017,1343605633.2933738,USD (1),cf,2017,1343605633.2933738
172,Argentina,2018,1501284917.3210127,USD (1),cf,2018,1469972877.99574
172,Argentina,2019,1402622175.754398,USD (1),cf,2019,1340622116.2439425
173,Uruguay,1976,8443717.082454024,USD (1),cf,1976,36369373.19728829
173,Uruguay,1977,13359779.288023831,USD (1),cf,1977,54031242.11476475
173,Uruguay,1978,27045141.54548009,USD (1),cf,1978,101624330.50821315
173,Uruguay,1979,48482601.63564303,USD (1),cf,1979,163748330.85559517
173,Uruguay,1980,56520347.24365702,USD (1),cf,1980,168117026.58979312
173,Uruguay,1981,60862863.39918206,USD (1),cf,1981,164076763.45208797
173,Uruguay,1982,48511654.02553814,USD (1),cf,1982,123224418.87617347
173,Uruguay,1983,52331946.927410014,USD (1),cf,1983,128791014.31595238
173,Uruguay,1984,56896221.71559713,USD (1),cf,1984,134250391.4022281
173,Uruguay,1985,48148067.911001995,USD (1),cf,1985,109718323.62550223
173,Uruguay,1986,60486567.028399736,USD (1),cf,1986,135267471.5176622
173,Uruguay,1987,67279222.8750577,USD (1),cf,1987,145139318.61935866
173,Uruguay,1988,45380268.452989236,USD (1),cf,1988,94061806.73456314
173,Uruguay,1989,51936466.63551207,USD (1),cf,1989,102694098.37189269
173,Uruguay,1990,41514980.88698403,USD (1),cf,1990,77883549.84712413
173,Uruguay,1991,64777007.14590507,USD (1),cf,1991,116586523.90272012
173,Uruguay,1992,64301179.35998173,USD (1),cf,1992,112327912.7632308
173,Uruguay,1993,60314180.39493226,USD (1),cf,1993,102342221.63828535
173,Uruguay,1994,79967308.64281954,USD (1),cf,1994,132241884.80226685
173,Uruguay,1995,79958989.9706428,USD (1),cf,1995,128619802.94449194
173,Uruguay,1996,74046530.10303965,USD (1),cf,1996,115717275.14272368
173,Uruguay,1997,104715241.4978735,USD (1),cf,1997,159907110.56759304
173,Uruguay,1998,109922812.40630046,USD (1),cf,1998,165293598.33869773
173,Uruguay,1999,92140843.23753192,USD (1),cf,1999,135587723.86231923
173,Uruguay,2000,131604341.03511296,USD (1),cf,2000,187333340.53069004
173,Uruguay,2001,123494641.87122244,USD (1),cf,2001,170957954.58983412
173,Uruguay,2002,113623950.44639118,USD (1),cf,2002,154837833.9964239
173,Uruguay,2003,116047947.51488774,USD (1),cf,2003,154630801.58480367
173,Uruguay,2004,116846062.64203893,USD (1),cf,2004,151634650.25478077
173,Uruguay,2005,129548865.58548816,USD (1),cf,2005,162602759.73691085
173,Uruguay,2006,140376731.42560506,USD (1),cf,2006,170687045.18245417
173,Uruguay,2007,124776001.84138252,USD (1),cf,2007,147509815.2759012
173,Uruguay,2008,124871650.52114572,USD (1),cf,2008,142165032.6674743
173,Uruguay,2009,106266069.10367794,USD (1),cf,2009,121414462.68552637
173,Uruguay,2010,112153686.72133674,USD (1),cf,2010,126073705.8154061
173,Uruguay,2011,135424834.24207053,USD (1),cf,2011,147574472.84222227
173,Uruguay,2012,106698847.69560328,USD (1),cf,2012,113914068.23406594
173,Uruguay,2013,82997131.01227131,USD (1),cf,2013,87330343.77186091
173,Uruguay,2014,98390326.52451828,USD (1),cf,2014,101874572.78413545
173,Uruguay,2015,94202312.90442596,USD (1),cf,2015,97422681.44550475
173,Uruguay,2016,92761590.42357308,USD (1),cf,2016,94737514.34073953
173,Uruguay,2017,110151490.49635856,USD (1),cf,2017,110151490.49635856
173,Uruguay,2018,136631054.06164443,USD (1),cf,2018,133781363.84730059
173,Uruguay,2019,133319057.33500151,USD (1),cf,2019,127425959.65586194
174,Finland,1976,20890637.56510685,USD (1),cf,1976,89981626.16242513
174,Finland,1977,25765301.926829223,USD (1),cf,1977,104203163.58193724
174,Finland,1978,36251960.2668493,USD (1),cf,1978,136219704.58293295
174,Finland,1979,36532475.144533224,USD (1),cf,1979,123387186.8489611
174,Finland,1980,36036638.306727216,USD (1),cf,1980,107189229.64682804
174,Finland,1981,27946719.62698312,USD (1),cf,1981,75339986.47786193
174,Finland,1982,25903143.423243873,USD (1),cf,1982,65796556.714291364
174,Finland,1983,24896357.80797924,USD (1),cf,1983,61270932.253106944
174,Finland,1984,24999345.554915152,USD (1),cf,1984,58987606.28294713
174,Finland,1985,22866924.177041452,USD (1),cf,1985,52108437.49356677
174,Finland,1986,26497252.19624661,USD (1),cf,1986,59256401.59193089
174,Finland,1987,29492190.1841114,USD (1),cf,1987,63622559.90773876
174,Finland,1988,30665103.10747987,USD (1),cf,1988,63560994.68603352
174,Finland,1989,26513967.82639154,USD (1),cf,1989,52426131.32120333
174,Finland,1990,28824984.99610503,USD (1),cf,1990,54076675.64386647
174,Finland,1991,30331103.87507943,USD (1),cf,1991,54590326.455849215
174,Finland,1992,41178708.64387891,USD (1),cf,1992,71935203.02880868
174,Finland,1993,39969152.454159886,USD (1),cf,1993,67820400.31670138
174,Finland,1994,30186662.205175165,USD (1),cf,1994,49919663.09297772
174,Finland,1995,34384515.12648543,USD (1),cf,1995,55309972.79398106
174,Finland,1996,41558988.17152563,USD (1),cf,1996,64946903.82122598
174,Finland,1997,37880209.86024359,USD (1),cf,1997,57845589.809088185
174,Finland,1998,35110003.06935797,USD (1),cf,1998,52795762.93559483
174,Finland,1999,35676427.707982875,USD (1),cf,1999,52498820.91912087
174,Finland,2000,34152518.553197525,USD (1),cf,2000,48614698.7081517
174,Finland,2001,37803318.55839173,USD (1),cf,2001,52332456.85419949
174,Finland,2002,31054325.691364933,USD (1),cf,2002,42318406.527672045
174,Finland,2003,25705274.78264688,USD (1),cf,2003,34251594.53240996
174,Finland,2004,27256828.04093788,USD (1),cf,2004,35372005.642193675
174,Finland,2005,28340786.127925582,USD (1),cf,2005,35571828.56590349
174,Finland,2006,32978035.11789763,USD (1),cf,2006,40098692.37609577
174,Finland,2007,35500688.31168427,USD (1),cf,2007,41968807.28460012
174,Finland,2008,32357529.24826997,USD (1),cf,2008,36838699.443954855
174,Finland,2009,31586845.77046218,USD (1),cf,2009,36089599.80828463
174,Finland,2010,33600045.5188759,USD (1),cf,2010,37770334.42205265
174,Finland,2011,43392623.287323736,USD (1),cf,2011,47285592.35613676
174,Finland,2012,51448472.8257848,USD (1),cf,2012,54927536.43164638
174,Finland,2013,77928847.78450459,USD (1),cf,2013,81997449.59569255
174,Finland,2014,85861094.43449001,USD (1),cf,2014,88901649.4127831
174,Finland,2015,75331011.06487489,USD (1),cf,2015,77906251.637228
174,Finland,2016,85071192.96874206,USD (1),cf,2016,86883302.96040195
174,Finland,2017,73752321.77583618,USD (1),cf,2017,73752321.77583618
174,Finland,2018,67361946.5529533,USD (1),cf,2018,65956990.108538434
174,Finland,2019,58614440.66383159,USD (1),cf,2019,56023508.57096415
175,Denmark,1976,797333997.506282,USD (1),cf,1976,3434333177.5587826
175,Denmark,1977,988893913.0049256,USD (1),cf,1977,3999404876.9416265
175,Denmark,1978,1023018749.6816918,USD (1),cf,1978,3844076591.6836586
175,Denmark,1979,1027572532.8478986,USD (1),cf,1979,3470591127.7499857
175,Denmark,1980,1411968145.5335152,USD (1),cf,1980,4199830642.2867613
175,Denmark,1981,1244486689.8427997,USD (1),cf,1981,3354941532.891355
175,Denmark,1982,1267872778.7654412,USD (1),cf,1982,3220522769.436898
175,Denmark,1983,1279295597.6020994,USD (1),cf,1983,3148397628.959782
175,Denmark,1984,1243065972.7366245,USD (1),cf,1984,2933096229.3570952
175,Denmark,1985,1198998586.2740216,USD (1),cf,1985,2732240786.037287
175,Denmark,1986,1798976729.2503223,USD (1),cf,1986,4023092158.1406717
175,Denmark,1987,674484688.9143102,USD (1),cf,1987,1455044276.4478664
175,Denmark,1988,710892730.981637,USD (1),cf,1988,1473500641.3607032
175,Denmark,1989,607668644.0466719,USD (1),cf,1989,1201544647.75573
175,Denmark,1990,2211444169.948513,USD (1),cf,1990,4148746273.3800035
175,Denmark,1991,2497036623.340197,USD (1),cf,1991,4494199914.443297
175,Denmark,1992,882639350.0415363,USD (1),cf,1992,1541885186.239119
175,Denmark,1993,565800364.8244525,USD (1),cf,1993,960060568.8534262
175,Denmark,1994,664638861.5564419,USD (1),cf,1994,1099112840.6939192
175,Denmark,1995,740613784.2500968,USD (1),cf,1995,1191330693.6868017
175,Denmark,1996,667781170.8109374,USD (1),cf,1996,1043584586.2098982
175,Denmark,1997,625548930.7023321,USD (1),cf,1997,955254656.3079718
175,Denmark,1998,520121774.0512258,USD (1),cf,1998,782119723.1513566
175,Denmark,1999,453188224.1027497,USD (1),cf,1999,666878635.2312136
175,Denmark,2000,459730842.7596582,USD (1),cf,2000,654407854.9519728
175,Denmark,2001,825514700.7198834,USD (1),cf,2001,1142788890.1129484
175,Denmark,2002,422908731.38198745,USD (1),cf,2002,576306946.6261653
175,Denmark,2003,702987085.700096,USD (1),cf,2003,936711582.5260538
175,Denmark,2004,566520377.2358719,USD (1),cf,2004,735190534.6399006
175,Denmark,2005,581011758.4102838,USD (1),cf,2005,729254671.0473881
175,Denmark,2006,387380990.67198765,USD (1),cf,2006,471024763.05124164
175,Denmark,2007,321167676.81022644,USD (1),cf,2007,379683464.6063694
175,Denmark,2008,374404634.7026773,USD (1),cf,2008,426255654.5158056
175,Denmark,2009,363209220.05161655,USD (1),cf,2009,414985259.8007678
175,Denmark,2010,487806263.3639998,USD (1),cf,2010,548350617.2656686
175,Denmark,2011,346525239.11835814,USD (1),cf,2011,377613749.9124242
175,Denmark,2012,446101087.88293815,USD (1),cf,2012,476267465.5059286
175,Denmark,2013,479465122.9451743,USD (1),cf,2013,504497607.3598107
175,Denmark,2014,806929370.4991571,USD (1),cf,2014,835504747.1672719
175,Denmark,2015,434377423.2220344,USD (1),cf,2015,449226903.5115293
175,Denmark,2016,531364132.9931709,USD (1),cf,2016,542682773.5459186
175,Denmark,2017,471629069.6847915,USD (1),cf,2017,471629069.6847915
175,Denmark,2018,448828489.2826569,USD (1),cf,2018,439467351.27042687
175,Denmark,2019,1095780206.5832746,USD (1),cf,2019,1047343472.0207386
176,Germany,1976,308061109.18239623,USD (1),cf,1976,1326902516.7490444
176,Germany,1977,312824703.1436118,USD (1),cf,1977,1265163661.0631518
176,Germany,1978,325369692.5314109,USD (1),cf,1978,1222603221.1945975
176,Germany,1979,347727032.9890722,USD (1),cf,1979,1174436175.5427866
176,Germany,1980,285470065.08370835,USD (1),cf,1980,849116837.7889557
176,Germany,1981,278968357.81085443,USD (1),cf,1981,752055074.2895894
176,Germany,1982,276854138.05556184,USD (1),cf,1982,703237004.8112799
176,Germany,1983,234117435.5503702,USD (1),cf,1983,576172372.0198319
176,Germany,1984,234624844.817646,USD (1),cf,1984,553612811.1793622
176,Germany,1985,184944044.1792473,USD (1),cf,1985,421444750.9996783
176,Germany,1986,198002872.2168987,USD (1),cf,1986,442798280.5742522
176,Germany,1987,227081376.24499404,USD (1),cf,1987,489875400.02581203
176,Germany,1988,220242805.22006655,USD (1),cf,1988,456507572.2447236
176,Germany,1989,194219813.24053228,USD (1),cf,1989,384031296.2887642
176,Germany,1990,225651457.89184573,USD (1),cf,1990,423329993.0123742
176,Germany,1991,216694834.06104136,USD (1),cf,1991,390010260.80055064
176,Germany,1992,163446572.05210716,USD (1),cf,1992,285525280.7127273
176,Germany,1993,189160326.71334684,USD (1),cf,1993,320970756.0461919
176,Germany,1994,208385974.39443684,USD (1),cf,1994,344607746.4400409
176,Germany,1995,203174774.28059328,USD (1),cf,1995,326821279.7692428
176,Germany,1996,269174784.497055,USD (1),cf,1996,420656748.61178154
176,Germany,1997,260147256.81141588,USD (1),cf,1997,397262094.4549307
176,Germany,1998,236086948.39046967,USD (1),cf,1998,355009668.7484902
176,Germany,1999,196167860.6842663,USD (1),cf,1999,288666272.09556526
176,Germany,2000,178691816.61135042,USD (1),cf,2000,254360415.98635697
176,Germany,2001,157292190.63964313,USD (1),cf,2001,217745084.136916
176,Germany,2002,167455783.41655964,USD (1),cf,2002,228195646.18665212
176,Germany,2003,178949018.63428023,USD (1),cf,2003,238444804.81382763
176,Germany,2004,224058018.98108697,USD (1),cf,2004,290766830.9633964
176,Germany,2005,306138775.17506397,USD (1),cf,2005,384248904.69684863
176,Germany,2006,227007889.39579615,USD (1),cf,2006,276023707.63710636
176,Germany,2007,208298229.47456625,USD (1),cf,2007,246249542.36913306
176,Germany,2008,260259400.43333748,USD (1),cf,2008,296302531.521013
176,Germany,2009,230008386.1692151,USD (1),cf,2009,262796439.6862569
176,Germany,2010,250727268.2624364,USD (1),cf,2010,281846426.8353394
176,Germany,2011,244842371.88502377,USD (1),cf,2011,266808404.54849866
176,Germany,2012,341735571.5180072,USD (1),cf,2012,364844513.81300074
176,Germany,2013,318475515.5217702,USD (1),cf,2013,335102863.3667429
176,Germany,2014,341013057.1703573,USD (1),cf,2014,353089177.97304964
176,Germany,2015,253168026.43308428,USD (1),cf,2015,261822743.31630215
176,Germany,2016,260141029.80003,USD (1),cf,2016,265682319.89942402
176,Germany,2017,235614334.66451117,USD (1),cf,2017,235614334.66451117
176,Germany,2018,325159523.8287122,USD (1),cf,2018,318377727.9952604
176,Germany,2019,282103877.6253134,USD (1),cf,2019,269634049.68216646
177,Netherlands,1976,111030703.99728473,USD (1),cf,1976,478239271.9464834
177,Netherlands,1977,116149915.77091049,USD (1),cf,1977,469747597.2715637
177,Netherlands,1978,126361252.99528402,USD (1),cf,1978,474812739.1468873
177,Netherlands,1979,148517222.07087395,USD (1),cf,1979,501611844.18652165
177,Netherlands,1980,170175090.20643526,USD (1),cf,1980,506177537.1234364
177,Netherlands,1981,218698102.19089007,USD (1),cf,1981,589575888.7525077
177,Netherlands,1982,231537395.7775075,USD (1),cf,1982,588127979.0576972
177,Netherlands,1983,267471429.53084895,USD (1),cf,1983,658257885.1422964
177,Netherlands,1984,242257904.5862248,USD (1),cf,1984,571623519.6346723
177,Netherlands,1985,277485206.6225239,USD (1),cf,1985,632324681.392721
177,Netherlands,1986,286993778.8667031,USD (1),cf,1986,641810648.476227
177,Netherlands,1987,364850079.1039496,USD (1),cf,1987,787079422.3902655
177,Netherlands,1988,373547499.1872657,USD (1),cf,1988,774269387.8316512
177,Netherlands,1989,362399167.3109602,USD (1),cf,1989,716572731.0428308
177,Netherlands,1990,384215503.47952646,USD (1),cf,1990,720801664.3136052
177,Netherlands,1991,411920699.3769652,USD (1),cf,1991,741380384.4899254
177,Netherlands,1992,372190580.3083805,USD (1),cf,1992,650180781.3216428
177,Netherlands,1993,352004800.5289047,USD (1),cf,1993,597288284.0748423
177,Netherlands,1994,431206578.317928,USD (1),cf,1994,713086030.0751085
177,Netherlands,1995,425605506.5073027,USD (1),cf,1995,684617156.8595151
177,Netherlands,1996,400167077.993409,USD (1),cf,1996,625366830.8668278
177,Netherlands,1997,356040735.375781,USD (1),cf,1997,543697788.6304958
177,Netherlands,1998,460080448.0528478,USD (1),cf,1998,691834125.4119573
177,Netherlands,1999,397314421.9685847,USD (1),cf,1999,584658835.7512457
177,Netherlands,2000,322594677.7416671,USD (1),cf,2000,459200191.6003976
177,Netherlands,2001,296052103.0122548,USD (1),cf,2001,409835286.9088161
177,Netherlands,2002,294265602.40504915,USD (1),cf,2002,401002150.66495097
177,Netherlands,2003,329107286.4729536,USD (1),cf,2003,438526700.42426866
177,Netherlands,2004,340613144.1296673,USD (1),cf,2004,442023922.88142985
177,Netherlands,2005,375227803.99884456,USD (1),cf,2005,470965733.15781605
177,Netherlands,2006,332147251.9678364,USD (1),cf,2006,403864888.6329682
177,Netherlands,2007,332893379.28037584,USD (1),cf,2007,393545554.910807
177,Netherlands,2008,362401409.4942298,USD (1),cf,2008,412590111.5622829
177,Netherlands,2009,357217832.0973093,USD (1),cf,2009,408139790.16640097
177,Netherlands,2010,360026427.45156616,USD (1),cf,2010,404711313.79816854
177,Netherlands,2011,358650713.5034112,USD (1),cf,2011,390827061.1957706
177,Netherlands,2012,453406819.7030042,USD (1),cf,2012,484067227.6497992
177,Netherlands,2013,441692879.52429694,USD (1),cf,2013,464753305.8068822
177,Netherlands,2014,521757103.3795136,USD (1),cf,2014,540233820.5537953
177,Netherlands,2015,386173665.1186466,USD (1),cf,2015,399375267.96891755
177,Netherlands,2016,439891555.3141723,USD (1),cf,2016,449261729.33917415
177,Netherlands,2017,488074997.5628923,USD (1),cf,2017,488074997.5628923
177,Netherlands,2018,455669297.38773465,USD (1),cf,2018,446165481.8264721
177,Netherlands,2019,485201831.2728243,USD (1),cf,2019,463754471.51087177
178,Poland,1976,227192033.79096112,USD (1),cf,1976,978577536.8486108
178,Poland,1977,242204860.22267625,USD (1),cf,1977,979554314.6281976
178,Poland,1978,255395996.57779673,USD (1),cf,1978,959671337.7539752
178,Poland,1979,293909772.93261456,USD (1),cf,1979,992670218.1031648
178,Poland,1980,305006508.30677503,USD (1),cf,1980,907227038.8930523
178,Poland,1981,303016954.42866474,USD (1),cf,1981,816886330.6295298
178,Poland,1982,249854016.9652657,USD (1),cf,1982,634654015.8827521
178,Poland,1983,271071593.9611817,USD (1),cf,1983,667118033.7878251
178,Poland,1984,340845549.99912274,USD (1),cf,1984,804247577.7006819
178,Poland,1985,443002525.5685222,USD (1),cf,1985,1009500413.5386174
178,Poland,1986,512248616.2090736,USD (1),cf,1986,1145553112.1561146
178,Poland,1987,608215468.4463885,USD (1),cf,1987,1312083803.7620862
178,Poland,1988,419880429.6782284,USD (1),cf,1988,870305821.7677269
178,Poland,1989,412039655.979758,USD (1),cf,1989,814726986.7483333
178,Poland,1990,340765240.98535866,USD (1),cf,1990,639287458.777836
178,Poland,1991,545759498.765507,USD (1),cf,1991,982265245.8247083
178,Poland,1992,854130864.2975789,USD (1),cf,1992,1492083631.562627
178,Poland,1993,481185091.4102759,USD (1),cf,1993,816483801.1839547
178,Poland,1994,600616225.610324,USD (1),cf,1994,993238650.4627563
178,Poland,1995,457845125.92209333,USD (1),cf,1995,736476910.1862922
178,Poland,1996,293472299.30589634,USD (1),cf,1996,458628037.7796406
178,Poland,1997,272171602.3394405,USD (1),cf,1997,415624066.62200844
178,Poland,1998,171534147.04363874,USD (1),cf,1998,257940056.13685697
178,Poland,1999,199017791.26053423,USD (1),cf,1999,292860021.4300015
178,Poland,2000,153235912.54471248,USD (1),cf,2000,218124988.58689356
178,Poland,2001,132748196.48568454,USD (1),cf,2001,183767974.08220536
178,Poland,2002,124916921.34248328,USD (1),cf,2002,170227011.59556532
178,Poland,2003,89522305.12677975,USD (1),cf,2003,119286089.05122972
178,Poland,2004,100933293.17529124,USD (1),cf,2004,130984170.65695892
178,Poland,2005,79710997.15948518,USD (1),cf,2005,100048951.11150433
178,Poland,2006,100867584.66157858,USD (1),cf,2006,122647035.62855218
178,Poland,2007,107675786.12206046,USD (1),cf,2007,127293991.52205276
178,Poland,2008,109674748.5630564,USD (1),cf,2008,124863523.04299538
178,Poland,2009,133786465.5205613,USD (1),cf,2009,152857934.45438027
178,Poland,2010,133443226.47273256,USD (1),cf,2010,150005608.992444
178,Poland,2011,120846514.37799652,USD (1),cf,2011,131688259.05501959
178,Poland,2012,117753923.22635911,USD (1),cf,2012,125716713.30044903
178,Poland,2013,130974566.10911024,USD (1),cf,2013,137812641.76454216
178,Poland,2014,130083527.73652229,USD (1),cf,2014,134690109.1044664
178,Poland,2015,113980311.93865795,USD (1),cf,2015,117876804.49337903
178,Poland,2016,151784178.3920869,USD (1),cf,2016,155017348.35998955
178,Poland,2017,130498373.12872896,USD (1),cf,2017,130498373.12872896
178,Poland,2018,129508663.27045932,USD (1),cf,2018,126807523.52642961
178,Poland,2019,109141642.82059512,USD (1),cf,2019,104317258.55880609
179,France,1976,376726001.1348541,USD (1),cf,1976,1622660777.7831316
179,France,1977,424034422.9185385,USD (1),cf,1977,1714931517.6370027
179,France,1978,486565786.2339969,USD (1),cf,1978,1828310722.3188517
179,France,1979,511879022.9944711,USD (1),cf,1979,1728853914.3434885
179,France,1980,592570605.565242,USD (1),cf,1980,1762572473.6381829
179,France,1981,595567926.0516825,USD (1),cf,1981,1605558008.0339396
179,France,1982,542102280.1027297,USD (1),cf,1982,1376993627.1795974
179,France,1983,553502417.4954305,USD (1),cf,1983,1362191585.8481188
179,France,1984,500155036.11236185,USD (1),cf,1984,1180148827.729156
179,France,1985,505704874.5459093,USD (1),cf,1985,1152384581.391345
179,France,1986,604866448.542239,USD (1),cf,1986,1352676455.6130478
179,France,1987,695421969.1808324,USD (1),cf,1987,1500211602.4330206
179,France,1988,781721562.0508162,USD (1),cf,1988,1620310875.111652
179,France,1989,793682187.4962019,USD (1),cf,1989,1569349667.3688443
179,France,1990,844225139.2446462,USD (1),cf,1990,1583795760.2232778
179,France,1991,795726272.2015159,USD (1),cf,1991,1432158788.1497085
179,France,1992,834092882.6692948,USD (1),cf,1992,1457079224.5720153
179,France,1993,880541468.5793397,USD (1),cf,1993,1494119120.0638428
179,France,1994,902072363.5749396,USD (1),cf,1994,1491756464.132262
179,France,1995,885563558.5362011,USD (1),cf,1995,1424492861.0975244
179,France,1996,835557564.1108905,USD (1),cf,1996,1305779547.1206663
179,France,1997,800958043.9756398,USD (1),cf,1997,1223115992.1511202
179,France,1998,736143925.8298103,USD (1),cf,1998,1106957470.7188845
179,France,1999,771421074.9858621,USD (1),cf,1999,1135166816.5996506
179,France,2000,834557266.0869696,USD (1),cf,2000,1187957777.7644832
179,France,2001,740746073.7758584,USD (1),cf,2001,1025440713.2515504
179,France,2002,769579386.8811113,USD (1),cf,2002,1048722605.4438934
179,France,2003,810453721.0700625,USD (1),cf,2003,1079908014.059217
179,France,2004,802133011.1052866,USD (1),cf,2004,1040952136.9101213
179,France,2005,809753851.0205593,USD (1),cf,2005,1016359427.6836612
179,France,2006,830725418.2931784,USD (1),cf,2006,1010096656.0940833
179,France,2007,833201898.435913,USD (1),cf,2007,985008786.2412144
179,France,2008,786146503.7048182,USD (1),cf,2008,895019349.1811849
179,France,2009,835206573.5271382,USD (1),cf,2009,954266570.8023947
179,France,2010,821552052.3712914,USD (1),cf,2010,923519456.1196392
179,France,2011,929730121.2574503,USD (1),cf,2011,1013140856.3133411
179,France,2012,842593090.7308065,USD (1),cf,2012,899571165.9875476
179,France,2013,985155058.5455962,USD (1),cf,2013,1036589203.5310758
179,France,2014,1002539545.4405532,USD (1),cf,2014,1038041965.0859344
179,France,2015,991594886.0358804,USD (1),cf,2015,1025493214.8351357
179,France,2016,1004583266.6002792,USD (1),cf,2016,1025981995.2572241
179,France,2017,1052812672.6804398,USD (1),cf,2017,1052812672.6804398
179,France,2018,1119372416.9989395,USD (1),cf,2018,1096025860.5016947
179,France,2019,1074354904.9830415,USD (1),cf,2019,1026865232.2859217
180,United Kingdom,1976,507722903.9931266,USD (1),cf,1976,2186899868.3658276
180,United Kingdom,1977,518486665.55782086,USD (1),cf,1977,2096926749.7663546
180,United Kingdom,1978,538476277.1898348,USD (1),cf,1978,2023368636.172563
180,United Kingdom,1979,529818924.9049026,USD (1),cf,1979,1789445320.217768
180,United Kingdom,1980,567485354.3620906,USD (1),cf,1980,1687957612.810251
180,United Kingdom,1981,610658589.3894646,USD (1),cf,1981,1646240076.8772805
180,United Kingdom,1982,620794570.748998,USD (1),cf,1982,1576879860.285907
180,United Kingdom,1983,637492166.8420435,USD (1),cf,1983,1568893718.017927
180,United Kingdom,1984,563403883.6810818,USD (1),cf,1984,1329388659.229475
180,United Kingdom,1985,610498231.8496897,USD (1),cf,1985,1391184433.3752663
180,United Kingdom,1986,729875451.3813558,USD (1),cf,1986,1632236902.8616436
180,United Kingdom,1987,858057622.6801846,USD (1),cf,1987,1851060303.1670635
180,United Kingdom,1988,811110436.9521736,USD (1),cf,1988,1681226571.8528783
180,United Kingdom,1989,748340827.3726466,USD (1),cf,1989,1479696088.708566
180,United Kingdom,1990,847537089.2912979,USD (1),cf,1990,1590009093.8449838
180,United Kingdom,1991,942830388.8717064,USD (1),cf,1991,1696918744.961666
180,United Kingdom,1992,902260638.3944684,USD (1),cf,1992,1576161670.5641024
180,United Kingdom,1993,869845261.7297539,USD (1),cf,1993,1475969597.5979576
180,United Kingdom,1994,1015833345.068838,USD (1),cf,1994,1679882923.1194465
180,United Kingdom,1995,1070857187.178322,USD (1),cf,1995,1722551028.3101118
180,United Kingdom,1996,1063541367.255211,USD (1),cf,1996,1662064499.8365386
180,United Kingdom,1997,1051318578.0742368,USD (1),cf,1997,1605433112.7078156
180,United Kingdom,1998,1023097935.5312458,USD (1),cf,1998,1538457172.9458375
180,United Kingdom,1999,852424866.2462018,USD (1),cf,1999,1254366069.5617082
180,United Kingdom,2000,797716926.8134713,USD (1),cf,2000,1135517077.343005
180,United Kingdom,2001,828849568.3566333,USD (1),cf,2001,1147405464.0903125
180,United Kingdom,2002,828557425.2712598,USD (1),cf,2002,1129093263.9345706
180,United Kingdom,2003,709337667.4620945,USD (1),cf,2003,945173563.7106988
180,United Kingdom,2004,763122639.8822088,USD (1),cf,2004,990327204.7304012
180,United Kingdom,2005,734424829.9093668,USD (1),cf,2005,921810496.9338424
180,United Kingdom,2006,891241814.7555077,USD (1),cf,2006,1083679826.1276376
180,United Kingdom,2007,965223128.5627809,USD (1),cf,2007,1141083888.673714
180,United Kingdom,2008,986027130.3106008,USD (1),cf,2008,1122581295.3267941
180,United Kingdom,2009,937285181.0834616,USD (1),cf,2009,1070896642.7781045
180,United Kingdom,2010,979811406.6705432,USD (1),cf,2010,1101421260.8640049
180,United Kingdom,2011,997425270.0499916,USD (1),cf,2011,1086909275.177919
180,United Kingdom,2012,1003535365.4696188,USD (1),cf,2012,1071396726.0783744
180,United Kingdom,2013,1098282057.6706746,USD (1),cf,2013,1155622471.343808
180,United Kingdom,2014,1162943719.352492,USD (1),cf,2014,1204126449.8853505
180,United Kingdom,2015,1051611210.083732,USD (1),cf,2015,1087561236.7230496
180,United Kingdom,2016,1077497127.3384066,USD (1),cf,2016,1100449001.4369888
180,United Kingdom,2017,1059642412.6984688,USD (1),cf,2017,1059642412.6984688
180,United Kingdom,2018,1026109769.697438,USD (1),cf,2018,1004708376.0711389
180,United Kingdom,2019,1023076872.3514726,USD (1),cf,2019,977853840.7567768
181,Ireland,1976,42315470.87812263,USD (1),cf,1976,182264177.8919179
181,Ireland,1977,43074640.778375,USD (1),cf,1977,174207694.20863405
181,Ireland,1978,51189894.668975376,USD (1),cf,1978,192350214.39146352
181,Ireland,1979,59767497.59389453,USD (1),cf,1979,201862681.4618181
181,Ireland,1980,70458741.94529048,USD (1),cf,1980,209576104.37237903
181,Ireland,1981,82045640.73453379,USD (1),cf,1981,221182219.0944767
181,Ireland,1982,89835433.02310401,USD (1),cf,1982,228190921.35951135
181,Ireland,1983,92749209.06882729,USD (1),cf,1983,228259512.86593542
181,Ireland,1984,81313840.6145964,USD (1),cf,1984,191865375.2351961
181,Ireland,1985,96895229.36749376,USD (1),cf,1985,220801843.0388707
181,Ireland,1986,115946230.61988762,USD (1),cf,1986,259293165.71383667
181,Ireland,1987,144867040.31683442,USD (1),cf,1987,312517039.0424263
181,Ireland,1988,146366543.68912694,USD (1),cf,1988,303380786.7213217
181,Ireland,1989,129338039.64594202,USD (1),cf,1989,255740411.83514506
181,Ireland,1990,145516139.2316853,USD (1),cf,1990,272993344.6016662
181,Ireland,1991,165620873.72961593,USD (1),cf,1991,298086663.8431582
181,Ireland,1992,167153039.6037451,USD (1),cf,1992,292000119.4006666
181,Ireland,1993,162618684.98221225,USD (1),cf,1993,275934405.34217113
181,Ireland,1994,217713649.90118435,USD (1),cf,1994,360032917.18507373
181,Ireland,1995,281265146.2425687,USD (1),cf,1995,452435275.8602268
181,Ireland,1996,247426394.5770451,USD (1),cf,1996,386669140.8632085
181,Ireland,1997,236677425.2474143,USD (1),cf,1997,361422106.9113428
181,Ireland,1998,250279087.3409361,USD (1),cf,1998,376350732.208316
181,Ireland,1999,227289729.45971996,USD (1),cf,1999,334462937.3021922
181,Ireland,2000,223809684.29590243,USD (1),cf,2000,318583836.0079938
181,Ireland,2001,254836023.13092643,USD (1),cf,2001,352778425.12147844
181,Ireland,2002,255642178.86111575,USD (1),cf,2002,348369169.50583595
181,Ireland,2003,208448601.9435909,USD (1),cf,2003,277752214.4769861
181,Ireland,2004,219593676.17824975,USD (1),cf,2004,284973319.0193994
181,Ireland,2005,191327223.5447109,USD (1),cf,2005,240143627.8161882
181,Ireland,2006,196494765.9674073,USD (1),cf,2006,238922153.6659671
181,Ireland,2007,231752707.56775916,USD (1),cf,2007,273977356.0501458
181,Ireland,2008,234339545.80838755,USD (1),cf,2008,266793055.47810453
181,Ireland,2009,281099171.38253164,USD (1),cf,2009,321170295.8679924
181,Ireland,2010,324142770.31078225,USD (1),cf,2010,364373935.9891926
181,Ireland,2011,256958069.88853213,USD (1),cf,2011,280011062.36225927
181,Ireland,2012,330807746.0232648,USD (1),cf,2012,353177723.72160834
181,Ireland,2013,340806729.98640805,USD (1),cf,2013,358599972.3903263
181,Ireland,2014,346327255.61604875,USD (1),cf,2014,358591565.4075504
181,Ireland,2015,269047771.65020186,USD (1),cf,2015,278245348.15502405
181,Ireland,2016,264817720.14250997,USD (1),cf,2016,270458628.89072937
181,Ireland,2017,266174152.78603387,USD (1),cf,2017,266174152.78603387
181,Ireland,2018,243560106.97440517,USD (1),cf,2018,238480216.03587553
181,Ireland,2019,257582024.692202,USD (1),cf,2019,246196135.36591163
182,Spain,1976,630330864.8290628,USD (1),cf,1976,2715005516.749855
182,Spain,1977,704433837.2433654,USD (1),cf,1977,2848956887.1881475
182,Spain,1978,758466190.833918,USD (1),cf,1978,2849998722.579926
182,Spain,1979,722408949.8856282,USD (1),cf,1979,2439911550.702533
182,Spain,1980,891539067.178841,USD (1),cf,1980,2651839636.0270967
182,Spain,1981,839115327.336751,USD (1),cf,1981,2262123721.808063
182,Spain,1982,840108350.1712242,USD (1),cf,1982,2133958639.8841941
182,Spain,1983,838170136.6029496,USD (1),cf,1983,2062770227.3750813
182,Spain,1984,782268535.0979387,USD (1),cf,1984,1845814253.5984328
182,Spain,1985,826895397.021302,USD (1),cf,1985,1884303580.831543
182,Spain,1986,948912800.8864176,USD (1),cf,1986,2122075058.5230303
182,Spain,1987,1109400411.9659934,USD (1),cf,1987,2393274074.6396737
182,Spain,1988,1189092020.44075,USD (1),cf,1988,2464686693.7813697
182,Spain,1989,1323952164.7287438,USD (1),cf,1989,2617853748.0901423
182,Spain,1990,1178329391.0174282,USD (1),cf,1990,2210586971.278366
182,Spain,1991,1141182976.5933766,USD (1),cf,1991,2053916385.459183
182,Spain,1992,1258255762.0844598,USD (1),cf,1992,2198050562.743144
182,Spain,1993,1288781868.7148438,USD (1),cf,1993,2186829014.1351304
182,Spain,1994,1465325983.7204864,USD (1),cf,1994,2423208598.934543
182,Spain,1995,1557563730.8344953,USD (1),cf,1995,2505453610.744377
182,Spain,1996,1449903934.3881953,USD (1),cf,1996,2265858133.6984076
182,Spain,1997,1460906159.0670705,USD (1),cf,1997,2230900481.7752314
182,Spain,1998,1410132842.7412903,USD (1),cf,1998,2120450947.4406886
182,Spain,1999,1332562704.2006598,USD (1),cf,1999,1960901784.896929
182,Spain,2000,1257415553.9719458,USD (1),cf,2000,1789879074.7180963
182,Spain,2001,1159304370.1555955,USD (1),cf,2001,1604865610.8944972
182,Spain,2002,945124298.3940294,USD (1),cf,2002,1287941482.8105836
182,Spain,2003,964967118.9454384,USD (1),cf,2003,1285793004.5369322
182,Spain,2004,994629806.7890732,USD (1),cf,2004,1290761019.0296571
182,Spain,2005,1024398402.5034082,USD (1),cf,2005,1285769709.8645675
182,Spain,2006,1144413618.9654622,USD (1),cf,2006,1391516792.7335274
182,Spain,2007,1027176566.7360746,USD (1),cf,2007,1214325057.5345886
182,Spain,2008,1459691483.737295,USD (1),cf,2008,1661843073.2987366
182,Spain,2009,1643361105.2971015,USD (1),cf,2009,1877624789.1815026
182,Spain,2010,1542740076.4954998,USD (1),cf,2010,1734218145.1154044
182,Spain,2011,1764404566.3300772,USD (1),cf,2011,1922698116.7364206
182,Spain,2012,1588481487.6271548,USD (1),cf,2012,1695898245.1838293
182,Spain,2013,1498563665.130315,USD (1),cf,2013,1576802456.2258763
182,Spain,2014,1679818522.2444534,USD (1),cf,2014,1739305075.544054
182,Spain,2015,1477275256.572676,USD (1),cf,2015,1527776890.9392056
182,Spain,2016,1447666686.5215192,USD (1),cf,2016,1478503579.4307642
182,Spain,2017,1736382364.0230265,USD (1),cf,2017,1736382364.0230265
182,Spain,2018,1653109384.940179,USD (1),cf,2018,1618630769.0072405
182,Spain,2019,1442161397.6473544,USD (1),cf,2019,1378413587.2794435
183,Portugal,1976,137649196.7974792,USD (1),cf,1976,592892319.7861966
183,Portugal,1977,128577099.39568484,USD (1),cf,1977,520007122.729199
183,Portugal,1978,116034649.21226844,USD (1),cf,1978,436009681.1518765
183,Portugal,1979,119108568.69594572,USD (1),cf,1979,402285122.01419175
183,Portugal,1980,151801368.73664168,USD (1),cf,1980,451525795.378566
183,Portugal,1981,141507982.9243119,USD (1),cf,1981,381483396.3458653
183,Portugal,1982,125892542.37976629,USD (1),cf,1982,319779559.9264492
183,Portugal,1983,118144280.01091053,USD (1),cf,1983,290757798.08725953
183,Portugal,1984,161693440.24549153,USD (1),cf,1984,381526347.19115806
183,Portugal,1985,161547644.122867,USD (1),cf,1985,368129760.29636323
183,Portugal,1986,275873295.42528486,USD (1),cf,1986,616941661.0121443
183,Portugal,1987,300222692.5471046,USD (1),cf,1987,647660825.5609046
183,Portugal,1988,271781391.80687296,USD (1),cf,1988,563334013.2544925
183,Portugal,1989,279466456.64500755,USD (1),cf,1989,552589686.0053835
183,Portugal,1990,307812945.50770164,USD (1),cf,1990,577467804.9425645
183,Portugal,1991,335304183.3088811,USD (1),cf,1991,603484954.0666707
183,Portugal,1992,323940752.8190193,USD (1),cf,1992,565893020.708049
183,Portugal,1993,315055756.93206406,USD (1),cf,1993,534592460.5661761
183,Portugal,1994,279366446.5335499,USD (1),cf,1994,461988105.7285731
183,Portugal,1995,310150200.14806306,USD (1),cf,1995,498898968.5948369
183,Portugal,1996,308588285.50466317,USD (1),cf,1996,482250761.64775753
183,Portugal,1997,251067017.85162172,USD (1),cf,1997,383395968.04817015
183,Portugal,1998,227409960.10894707,USD (1),cf,1998,341961871.0766634
183,Portugal,1999,235592666.00271177,USD (1),cf,1999,346680931.2740443
183,Portugal,2000,203994365.64305177,USD (1),cf,2000,290377548.8314318
183,Portugal,2001,190926285.33922073,USD (1),cf,2001,264305938.49622142
183,Portugal,2002,198201663.62227204,USD (1),cf,2002,270093727.3276713
183,Portugal,2003,217760912.9475537,USD (1),cf,2003,290160621.05362993
183,Portugal,2004,214617745.549868,USD (1),cf,2004,278515904.16547984
183,Portugal,2005,231785365.71622908,USD (1),cf,2005,290924509.15533036
183,Portugal,2006,245030097.23741955,USD (1),cf,2006,297937292.40938765
183,Portugal,2007,284215033.204932,USD (1),cf,2007,335998160.12688744
183,Portugal,2008,300708938.99647933,USD (1),cf,2008,342353896.6404284
183,Portugal,2009,285842247.6464576,USD (1),cf,2009,326589505.0371882
183,Portugal,2010,303745253.8560938,USD (1),cf,2010,341444770.0914829
183,Portugal,2011,319915443.33075774,USD (1),cf,2011,348616656.3750973
183,Portugal,2012,309683846.7888867,USD (1),cf,2012,330625378.02412397
183,Portugal,2013,320750704.56018794,USD (1),cf,2013,337496838.1758434
183,Portugal,2014,334741497.16977865,USD (1),cf,2014,346595526.4290657
183,Portugal,2015,317834222.5430256,USD (1),cf,2015,328699596.22651726
183,Portugal,2016,298132721.5181836,USD (1),cf,2016,304483276.4434256
183,Portugal,2017,342467057.6032447,USD (1),cf,2017,342467057.6032447
183,Portugal,2018,366192500.07214254,USD (1),cf,2018,358554886.56481445
183,Portugal,2019,385696431.0508777,USD (1),cf,2019,368647505.0524968
184,Italy,1976,220825231.04175657,USD (1),cf,1976,951153995.4155949
184,Italy,1977,239944067.54516712,USD (1),cf,1977,970410942.2792782
184,Italy,1978,243864585.55190417,USD (1),cf,1978,916341118.0414735
184,Italy,1979,288312029.5019249,USD (1),cf,1979,973764030.885286
184,Italy,1980,414794347.7751471,USD (1),cf,1980,1233785632.8728795
184,Italy,1981,321712924.27761525,USD (1),cf,1981,867287742.1157801
184,Italy,1982,325467871.17133564,USD (1),cf,1982,826720714.71404
184,Italy,1983,330393803.9026275,USD (1),cf,1983,813112364.9450512
184,Italy,1984,384977041.7118691,USD (1),cf,1984,908378745.9391564
184,Italy,1985,382938460.63023967,USD (1),cf,1985,872628285.5158894
184,Italy,1986,449996787.12406707,USD (1),cf,1986,1006337945.3617282
184,Italy,1987,494836328.0321511,USD (1),cf,1987,1067494605.4603972
184,Italy,1988,633736394.3825804,USD (1),cf,1988,1313575090.6988428
184,Italy,1989,559503967.0966954,USD (1),cf,1989,1106308518.0539591
184,Italy,1990,562256042.8171893,USD (1),cf,1990,1054811916.1323937
184,Italy,1991,616123994.6926582,USD (1),cf,1991,1108908206.7728086
184,Italy,1992,747673343.7194058,USD (1),cf,1992,1306112686.651201
184,Italy,1993,680191216.7560266,USD (1),cf,1993,1154161091.236668
184,Italy,1994,768920534.2724093,USD (1),cf,1994,1271563373.0969617
184,Italy,1995,641743052.8946337,USD (1),cf,1995,1032289990.5890455
184,Italy,1996,528652806.5436635,USD (1),cf,1996,826159742.8624809
184,Italy,1997,504798356.1512724,USD (1),cf,1997,770860529.9168409
184,Italy,1998,402465069.42639905,USD (1),cf,1998,605196483.5582236
184,Italy,1999,385775598.3159393,USD (1),cf,1999,567679147.0470989
184,Italy,2000,393432714.0582735,USD (1),cf,2000,560035208.7088652
184,Italy,2001,377580199.867947,USD (1),cf,2001,522697484.56258273
184,Italy,2002,329369170.4882905,USD (1),cf,2002,448838548.0635746
184,Italy,2003,407604748.38764095,USD (1),cf,2003,543122479.3085399
184,Italy,2004,390684250.7595208,USD (1),cf,2004,507002704.10872334
184,Italy,2005,503088086.9811376,USD (1),cf,2005,631449074.9431889
184,Italy,2006,569746476.4845438,USD (1),cf,2006,692766825.2897007
184,Italy,2007,519698778.1677087,USD (1),cf,2007,614386337.3990992
184,Italy,2008,451139903.1465579,USD (1),cf,2008,513617933.300007
184,Italy,2009,483471035.00948495,USD (1),cf,2009,552390583.7000633
184,Italy,2010,428772424.3711904,USD (1),cf,2010,481989759.51851463
184,Italy,2011,400605087.0541428,USD (1),cf,2011,436545371.24448615
184,Italy,2012,348476469.0624978,USD (1),cf,2012,372041246.2934921
184,Italy,2013,354606350.26147974,USD (1),cf,2013,373120059.62520885
184,Italy,2014,377790584.2911208,USD (1),cf,2014,391169088.83248854
184,Italy,2015,390133912.2754204,USD (1),cf,2015,403470898.8011592
184,Italy,2016,397366877.10199213,USD (1),cf,2016,405831228.7023722
184,Italy,2017,430904443.9295748,USD (1),cf,2017,430904443.9295748
184,Italy,2018,450300994.7647521,USD (1),cf,2018,440909144.96088934
184,Italy,2019,455649934.12906814,USD (1),cf,2019,435508855.8541984
185,Monaco,1976,220.013185809442,USD (1),cf,1976,947.6562969708547
185,Monaco,1977,276.536890464008,USD (1),cf,1977,1118.4040813996974
185,Monaco,1978,315.444835093579,USD (1),cf,1978,1185.3097579375087
185,Monaco,1979,331.967788172777,USD (1),cf,1979,1121.2098645125657
185,Monaco,1980,349.012364056849,USD (1),cf,1980,1038.120318606086
185,Monaco,1981,682.37450548769,USD (1),cf,1981,1839.574973466396
185,Monaco,1982,573.95253554558,USD (1),cf,1982,1457.896439026351
185,Monaco,1983,608.205380520196,USD (1),cf,1983,1496.8177656044365
185,Monaco,1984,577.154118114826,USD (1),cf,1984,1361.8332451605038
185,Monaco,1985,513.062313002216,USD (1),cf,1985,1169.150483921347
185,Monaco,1986,636.276325403946,USD (1),cf,1986,1422.919070337229
185,Monaco,1987,734.085063468988,USD (1),cf,1987,1583.6182608470149
185,Monaco,1988,854.335774147562,USD (1),cf,1988,1770.8217516945508
185,Monaco,1989,790.573967778404,USD (1),cf,1989,1563.2037771660875
185,Monaco,1990,872.334805776046,USD (1),cf,1990,1636.5304735173577
185,Monaco,1991,981.72882824888,USD (1),cf,1991,1766.928676448784
185,Monaco,1992,1568.049938018034,USD (1),cf,1992,2739.2308881304666
185,Monaco,1993,1310.818323052074,USD (1),cf,1993,2224.220879184701
185,Monaco,1994,1554.536625640005,USD (1),cf,1994,2570.736177792439
185,Monaco,1995,1589.009258894181,USD (1),cf,1995,2556.03601084732
185,Monaco,1996,1554.207997065792,USD (1),cf,1996,2428.860801109988
185,Monaco,1997,1523.954151015465,USD (1),cf,1997,2327.17894205803
185,Monaco,1998,1494.428379156939,USD (1),cf,1998,2247.2081894818743
185,Monaco,1999,1463.91963888717,USD (1),cf,1999,2154.197039876976
185,Monaco,2000,1403.728551500454,USD (1),cf,2000,1998.1495798890544
185,Monaco,2001,1373.014756386255,USD (1),cf,2001,1900.712377612485
185,Monaco,2002,1388.346047441136,USD (1),cf,2002,1891.9294213829153
185,Monaco,2003,1397.53837921371,USD (1),cf,2003,1862.1826964722457
185,Monaco,2004,1414.113102446172,USD (1),cf,2004,1835.137109985776
185,Monaco,2005,994.825245509956,USD (1),cf,2005,1248.651075752754
185,Monaco,2006,517.037226297886,USD (1),cf,2006,628.6765300051769
185,Monaco,2007,532.177937558108,USD (1),cf,2007,629.1391622156565
185,Monaco,2008,646.720384809547,USD (1),cf,2008,736.2842106231434
185,Monaco,2009,626.596798784167,USD (1),cf,2009,715.9191479137663
185,Monaco,2010,636.834215307469,USD (1),cf,2010,715.8752588610571
185,Monaco,2011,676.34582409525,USD (1),cf,2011,737.0241876868986
185,Monaco,2012,687.518660254481,USD (1),cf,2012,734.0102472320307
185,Monaco,2013,1345.81212088454,USD (1),cf,2013,1416.0758779939874
185,Monaco,2014,1296.62930335283,USD (1),cf,2014,1342.5461730279326
185,Monaco,2015,1196.76139309727,USD (1),cf,2015,1237.6734750056855
185,Monaco,2016,1345.91721450517,USD (1),cf,2016,1374.5867317323239
185,Monaco,2017,1395.35057288025,USD (1),cf,2017,1395.35057288025
185,Monaco,2018,1553.65044269903,USD (1),cf,2018,1521.2462246866821
185,Monaco,2019,1495.05715875422,USD (1),cf,2019,1428.9711988880576
186,Montenegro,1992,323148.1579450486,USD (1),cf,1992,564508.4344726778
186,Montenegro,1993,483847.18009486946,USD (1),cf,1993,821000.8827126351
186,Montenegro,1994,508406.2413739248,USD (1),cf,1994,840751.0612220787
186,Montenegro,1995,823540.587393068,USD (1),cf,1995,1324724.43819235
186,Montenegro,1996,847492.8254871608,USD (1),cf,1996,1324431.547729693
186,Montenegro,1997,745757.2132212882,USD (1),cf,1997,1138820.66684226
186,Montenegro,1998,863824.0758699831,USD (1),cf,1998,1298953.2082238258
186,Montenegro,1999,807329.3810751076,USD (1),cf,1999,1188006.8527803598
186,Montenegro,2000,737947.5731682148,USD (1),cf,2000,1050437.8725716465
186,Montenegro,2001,793075.6672484321,USD (1),cf,2001,1097882.4008343816
186,Montenegro,2002,806147.1601833908,USD (1),cf,2002,1098554.307210579
186,Montenegro,2003,938193.4301498232,USD (1),cf,2003,1250117.7767668166
186,Montenegro,2004,800182.3514320886,USD (1),cf,2004,1038420.707175791
186,Montenegro,2005,564130.1362401594,USD (1),cf,2005,708065.7679929909
186,Montenegro,2006,853913.4397419291,USD (1),cf,2006,1038291.4632000756
186,Montenegro,2007,740777.5599244251,USD (1),cf,2007,875745.010357787
186,Montenegro,2008,1046013.8541935718,USD (1),cf,2008,1190875.5360519395
186,Montenegro,2009,897305.3014064854,USD (1),cf,2009,1025217.5690139649
186,Montenegro,2010,1031675.986834792,USD (1),cf,2010,1159723.0431149406
186,Montenegro,2011,801053.8719655426,USD (1),cf,2011,872920.4176999592
186,Montenegro,2012,914914.9046468018,USD (1),cf,2012,976783.5466567494
186,Montenegro,2013,1271411.720179451,USD (1),cf,2013,1337791.092832209
186,Montenegro,2014,1477169.169128192,USD (1),cf,2014,1529479.4046377176
186,Montenegro,2015,1469025.692562338,USD (1),cf,2015,1519245.31011211
186,Montenegro,2016,1552871.9243073664,USD (1),cf,2016,1585949.8045110619
186,Montenegro,2017,2099048.765291984,USD (1),cf,2017,2099048.765291984
186,Montenegro,2018,2596694.25718476,USD (1),cf,2018,2542535.455108889
186,Montenegro,2019,2439793.675748042,USD (1),cf,2019,2331947.560304834
187,Croatia,1992,31048002.825216237,USD (1),cf,1992,54237844.274967335
187,Croatia,1993,36966190.75880624,USD (1),cf,1993,62724919.1316004
187,Croatia,1994,29924596.994549923,USD (1),cf,1994,49486286.0294957
187,Croatia,1995,27657100.821153805,USD (1),cf,1995,44488441.62412262
187,Croatia,1996,24901933.880444653,USD (1),cf,1996,38915853.72629144
187,Croatia,1997,25119230.256228704,USD (1),cf,1997,38358728.6100769
187,Croatia,1998,28743384.257213384,USD (1),cf,1998,43222123.85492384
187,Croatia,1999,25976565.093944076,USD (1),cf,1999,38225212.74056004
187,Croatia,2000,27358700.23112306,USD (1),cf,2000,38943979.10101314
187,Croatia,2001,20924220.34846881,USD (1),cf,2001,28966130.49731665
187,Croatia,2002,19151055.202061977,USD (1),cf,2002,26097560.36982962
187,Croatia,2003,23743040.916408252,USD (1),cf,2003,31636970.1281791
187,Croatia,2004,26166421.64463109,USD (1),cf,2004,33956952.46195868
187,Croatia,2005,33610855.07872023,USD (1),cf,2005,42186535.314049706
187,Croatia,2006,38739667.44094977,USD (1),cf,2006,47104383.3240338
187,Croatia,2007,41196155.67180134,USD (1),cf,2007,48701971.72169109
187,Croatia,2008,48905406.38057843,USD (1),cf,2008,55678279.79124599
187,Croatia,2009,51690398.035984606,USD (1),cf,2009,59058944.745730154
187,Croatia,2010,45238086.69093345,USD (1),cf,2010,50852837.74304629
187,Croatia,2011,53067881.40989514,USD (1),cf,2011,57828866.23232027
187,Croatia,2012,54586405.58767476,USD (1),cf,2012,58277663.39620002
187,Croatia,2013,102058916.3345792,USD (1),cf,2013,107387329.41461083
187,Croatia,2014,112170529.99940214,USD (1),cf,2014,116142767.54952653
187,Croatia,2015,87344205.00187843,USD (1),cf,2015,90330124.57605027
187,Croatia,2016,84611491.87789655,USD (1),cf,2016,86413809.73063341
187,Croatia,2017,90415073.2717314,USD (1),cf,2017,90415073.2717314
187,Croatia,2018,94389067.00646324,USD (1),cf,2018,92420410.59495662
187,Croatia,2019,89131238.28458327,USD (1),cf,2019,85191373.24222963
188,Slovenia,1992,2218422.9813309414,USD (1),cf,1992,3875369.4037838127
188,Slovenia,1993,1170046.900238718,USD (1),cf,1993,1985357.3141065328
188,Slovenia,1994,831509.9307923608,USD (1),cf,1994,1375067.4162479504
188,Slovenia,1995,993009.9001949,USD (1),cf,1995,1597328.0519412602
188,Slovenia,1996,1090208.9265018136,USD (1),cf,1996,1703739.6098846367
188,Slovenia,1997,1184617.0630661868,USD (1),cf,1997,1808988.729571224
188,Slovenia,1998,1221297.7745205816,USD (1),cf,1998,1836495.0766305148
188,Slovenia,1999,1243816.1512179633,USD (1),cf,1999,1830308.8502465421
188,Slovenia,2000,1040593.851329686,USD (1),cf,2000,1481242.341795363
188,Slovenia,2001,1013650.3145212504,USD (1),cf,2001,1403231.604336322
188,Slovenia,2002,863968.0273360978,USD (1),cf,2002,1177348.063232503
188,Slovenia,2003,847466.619409051,USD (1),cf,2003,1129226.7160414334
188,Slovenia,2004,736857.6977206614,USD (1),cf,2004,956242.3992301138
188,Slovenia,2005,920274.0654121845,USD (1),cf,2005,1155078.4491554045
188,Slovenia,2006,867979.3284713202,USD (1),cf,2006,1055394.4756488113
188,Slovenia,2007,1030156.7707324558,USD (1),cf,2007,1217848.245763921
188,Slovenia,2008,712796.3787975289,USD (1),cf,2008,811511.0199480235
188,Slovenia,2009,842405.2221900556,USD (1),cf,2009,962491.3980388033
188,Slovenia,2010,705689.5660936639,USD (1),cf,2010,793276.6309657856
188,Slovenia,2011,772749.494670338,USD (1),cf,2011,842076.7132801273
188,Slovenia,2012,566712.8010211939,USD (1),cf,2012,605035.2190195873
188,Slovenia,2013,480594.88208759297,USD (1),cf,2013,505686.3503089163
188,Slovenia,2014,535214.6820852942,USD (1),cf,2014,554167.9656043113
188,Slovenia,2015,453867.7688138227,USD (1),cf,2015,469383.53949325986
188,Slovenia,2016,340957.8234522511,USD (1),cf,2016,348220.6001578682
188,Slovenia,2017,347906.80862731516,USD (1),cf,2017,347906.80862731516
188,Slovenia,2018,338944.91827523086,USD (1),cf,2018,331875.60285902454
188,Slovenia,2019,498653.7900267072,USD (1),cf,2019,476611.81379733403
189,Lithuania,1992,101070157.89371768,USD (1),cf,1992,176559745.74421412
189,Lithuania,1993,65044698.59348395,USD (1),cf,1993,110369052.7876115
189,Lithuania,1994,33638451.17690135,USD (1),cf,1994,55627884.20617804
189,Lithuania,1995,37617121.54953107,USD (1),cf,1995,60509853.39879965
189,Lithuania,1996,53318108.71621258,USD (1),cf,1996,83323637.82364935
189,Lithuania,1997,25731767.672404215,USD (1),cf,1997,39294113.8217622
189,Lithuania,1998,41111348.23870667,USD (1),cf,1998,61820131.182720855
189,Lithuania,1999,50777561.90732581,USD (1),cf,1999,74720545.20429988
189,Lithuania,2000,63351876.48364482,USD (1),cf,2000,90178777.97361112
189,Lithuania,2001,81458713.62074485,USD (1),cf,2001,112766148.01347698
189,Lithuania,2002,90828125.18164116,USD (1),cf,2002,123773466.01513132
189,Lithuania,2003,96068631.56314404,USD (1),cf,2003,128008894.8049544
189,Lithuania,2004,88773046.53632869,USD (1),cf,2004,115203452.80975305
189,Lithuania,2005,77825513.95966597,USD (1),cf,2005,97682394.13439308
189,Lithuania,2006,88272755.91177104,USD (1),cf,2006,107332716.2107149
189,Lithuania,2007,92477397.87882093,USD (1),cf,2007,109326502.50840692
189,Lithuania,2008,110945476.92460626,USD (1),cf,2008,126310233.631646
189,Lithuania,2009,103432234.45293988,USD (1),cf,2009,118176660.49371573
189,Lithuania,2010,96922254.0771084,USD (1),cf,2010,108951815.18057697
189,Lithuania,2011,88179503.3179969,USD (1),cf,2011,96090527.19519448
189,Lithuania,2012,44640530.05821107,USD (1),cf,2012,47659224.97647996
189,Lithuania,2013,67594260.2431478,USD (1),cf,2013,71123301.63757049
189,Lithuania,2014,122441857.63231488,USD (1),cf,2014,126777828.44921891
189,Lithuania,2015,67974059.31614931,USD (1),cf,2015,70297797.61388347
189,Lithuania,2016,88440619.30047986,USD (1),cf,2016,90324501.77949806
189,Lithuania,2017,101624836.76193948,USD (1),cf,2017,101624836.76193948
189,Lithuania,2018,86744270.56767368,USD (1),cf,2018,84935060.35053252
189,Lithuania,2019,138081668.91609806,USD (1),cf,2019,131978049.6820042
190,Qatar,1976,1755191.118388353,USD (1),cf,1976,7560082.863254722
190,Qatar,1977,5205545.97245528,USD (1),cf,1977,21052901.302748527
190,Qatar,1978,4050159.7293959376,USD (1),cf,1978,15218806.315324148
190,Qatar,1979,3604339.929353669,USD (1),cf,1979,12173534.986908281
190,Qatar,1980,3115856.3826061627,USD (1),cf,1980,9267963.412651597
190,Qatar,1981,3235681.120224218,USD (1),cf,1981,8722890.382060973
190,Qatar,1982,2913716.0112301772,USD (1),cf,1982,7401128.027195892
190,Qatar,1983,2341130.7185564237,USD (1),cf,1983,5761616.327925882
190,Qatar,1984,3422878.857352404,USD (1),cf,1984,8076508.640924413
190,Qatar,1985,3146393.637849122,USD (1),cf,1985,7169904.222301472
190,Qatar,1986,3204745.553788663,USD (1),cf,1986,7166844.627087632
190,Qatar,1987,3669027.846396649,USD (1),cf,1987,7915076.5847933525
190,Qatar,1988,4869063.120984049,USD (1),cf,1988,10092335.05832692
190,Qatar,1989,8785217.320999326,USD (1),cf,1989,17371030.99663463
190,Qatar,1990,10285035.451684112,USD (1),cf,1990,19295084.66982873
190,Qatar,1991,16422633.230748804,USD (1),cf,1991,29557674.95385649
190,Qatar,1992,18843260.738727774,USD (1),cf,1992,32917345.677051775
190,Qatar,1993,14760204.26948708,USD (1),cf,1993,25045388.77728223
190,Qatar,1994,12440736.035940634,USD (1),cf,1994,20573236.859435014
190,Qatar,1995,13835700.767146977,USD (1),cf,1995,22255722.676371545
190,Qatar,1996,14944125.999853786,USD (1),cf,1996,23354146.881510966
190,Qatar,1997,13587892.251919243,USD (1),cf,1997,20749611.59070922
190,Qatar,1998,12966293.940294707,USD (1),cf,1998,19497730.594688818
190,Qatar,1999,10182107.5762576,USD (1),cf,1999,14983244.583805744
190,Qatar,2000,14912439.305499526,USD (1),cf,2000,21227241.0513802
190,Qatar,2001,19570187.425480455,USD (1),cf,2001,27091695.33596958
190,Qatar,2002,14129890.282712732,USD (1),cf,2002,19255109.485166166
190,Qatar,2003,23703721.192448303,USD (1),cf,2003,31584577.64245039
190,Qatar,2004,21306540.807027947,USD (1),cf,2004,27650138.91234462
190,Qatar,2005,31175527.776621822,USD (1),cf,2005,39129843.62945494
190,Qatar,2006,31347195.077077977,USD (1),cf,2006,38115719.379746564
190,Qatar,2007,29587500.430606768,USD (1),cf,2007,34978254.30039515
190,Qatar,2008,35907748.68653998,USD (1),cf,2008,40880586.135705516
190,Qatar,2009,30079589.403014857,USD (1),cf,2009,34367481.699216254
190,Qatar,2010,29684122.28378503,USD (1),cf,2010,33368384.1307241
190,Qatar,2011,24058937.894692443,USD (1),cf,2011,26217385.436164137
190,Qatar,2012,22488402.926631197,USD (1),cf,2012,24009120.255616367
190,Qatar,2013,24819159.229481556,USD (1),cf,2013,26114947.362683102
190,Qatar,2014,38085341.58941326,USD (1),cf,2014,39434038.29229581
190,Qatar,2015,37809784.791756965,USD (1),cf,2015,39102337.36009855
190,Qatar,2016,29512529.79121849,USD (1),cf,2016,30141179.14063431
190,Qatar,2017,48563364.77635958,USD (1),cf,2017,48563364.77635958
190,Qatar,2018,35914165.30830465,USD (1),cf,2018,35165109.7869352
190,Qatar,2019,42386345.13916829,USD (1),cf,2019,40512742.99135845
191,Iran,1976,14812349.872799668,USD (1),cf,1976,63800797.11245941
191,Iran,1977,19074209.013057407,USD (1),cf,1977,77142232.90020974
191,Iran,1978,18918694.54240029,USD (1),cf,1978,71088541.49377263
191,Iran,1979,21526967.60662882,USD (1),cf,1979,72706597.72879128
191,Iran,1980,15722537.951565277,USD (1),cf,1980,46765925.18916214
191,Iran,1981,16941263.916371122,USD (1),cf,1981,45670998.650766306
191,Iran,1982,31820648.846732046,USD (1),cf,1982,80827608.15240704
191,Iran,1983,39387796.366324455,USD (1),cf,1983,96934942.10573927
191,Iran,1984,45833918.86881892,USD (1),cf,1984,108148157.50674188
191,Iran,1985,38619277.50507328,USD (1),cf,1985,88004411.62700288
191,Iran,1986,51941969.34524828,USD (1),cf,1986,116158995.36306584
191,Iran,1987,73567635.39828949,USD (1),cf,1987,158705110.10470688
191,Iran,1988,107527960.5120032,USD (1),cf,1988,222878237.28322494
191,Iran,1989,110762608.50240812,USD (1),cf,1989,219011167.88133982
191,Iran,1990,117983536.2596672,USD (1),cf,1990,221341222.6404454
191,Iran,1991,126110775.5409015,USD (1),cf,1991,226975860.64562935
191,Iran,1992,148268238.25970843,USD (1),cf,1992,259010206.32227454
191,Iran,1993,153188693.54271436,USD (1),cf,1993,259933420.7042482
191,Iran,1994,172839678.67037278,USD (1),cf,1994,285824860.9826212
191,Iran,1995,226397158.23485088,USD (1),cf,1995,364176159.42936087
191,Iran,1996,213527434.90731388,USD (1),cf,1996,333693056.2621374
191,Iran,1997,374224795.01121944,USD (1),cf,1997,571466052.286277
191,Iran,1998,316229343.1585754,USD (1),cf,1998,475521730.9920991
191,Iran,1999,319364841.230856,USD (1),cf,1999,469953935.54749304
191,Iran,2000,346471343.01358175,USD (1),cf,2000,493187637.8422164
191,Iran,2001,309307736.33929545,USD (1),cf,2001,428185524.02069676
191,Iran,2002,308945091.15902424,USD (1),cf,2002,421006209.96680355
191,Iran,2003,365538880.6312807,USD (1),cf,2003,487070830.0564766
191,Iran,2004,357289837.22475606,USD (1),cf,2004,463665769.15079916
191,Iran,2005,401412606.5889284,USD (1),cf,2005,503831487.2890571
191,Iran,2006,429662950.67625886,USD (1),cf,2006,522436295.036345
191,Iran,2007,432239849.2614,USD (1),cf,2007,510992653.86372024
191,Iran,2008,584079526.0014794,USD (1),cf,2008,664968265.7981845
191,Iran,2009,661156906.1511644,USD (1),cf,2009,755405852.3878368
191,Iran,2010,695945664.075675,USD (1),cf,2010,782323358.9653533
191,Iran,2011,813565507.004508,USD (1),cf,2011,886554534.0391322
191,Iran,2012,843197354.6360725,USD (1),cf,2012,900216291.6025143
191,Iran,2013,742495977.1156462,USD (1),cf,2013,781261088.6651739
191,Iran,2014,835246768.0380416,USD (1),cf,2014,864824934.2073414
191,Iran,2015,893284642.8960192,USD (1),cf,2015,923822170.8347412
191,Iran,2016,996933065.7820214,USD (1),cf,2016,1018168836.7460365
191,Iran,2017,1407284742.529781,USD (1),cf,2017,1407284742.529781
191,Iran,2018,1377090211.8448503,USD (1),cf,2018,1348368479.9668803
191,Iran,2019,1415993404.1741042,USD (1),cf,2019,1353402296.7163966
192,Iraq,1976,2042382.40386905,USD (1),cf,1976,8797093.404780444
192,Iraq,1977,2378493.794880933,USD (1),cf,1977,9619393.504118798
192,Iraq,1978,2712825.5818047794,USD (1),cf,1978,10193663.918262575
192,Iraq,1979,12722131.420690335,USD (1),cf,1979,42968564.28455428
192,Iraq,1980,10066988.83423025,USD (1),cf,1980,29943769.139057614
192,Iraq,1981,2975242.361310084,USD (1),cf,1981,8020788.209183513
192,Iraq,1982,2008833.8744095296,USD (1),cf,1982,5102637.536592227
192,Iraq,1983,1824616.141560588,USD (1),cf,1983,4490453.29681331
192,Iraq,1984,1442885.295287065,USD (1),cf,1984,3404583.1129012597
192,Iraq,1985,1410921.360756094,USD (1),cf,1985,3215163.8307837043
192,Iraq,1986,1590690.813509865,USD (1),cf,1986,3557297.675843072
192,Iraq,1987,1835212.65867247,USD (1),cf,1987,3959045.652117537
192,Iraq,1988,2135839.435368905,USD (1),cf,1988,4427054.379236377
192,Iraq,1989,1429753.0207272435,USD (1),cf,1989,2827054.031004869
192,Iraq,1990,1637372.4304416382,USD (1),cf,1990,3071767.6987920804
192,Iraq,1991,61358.051765555,USD (1),cf,1991,110433.042278049
192,Iraq,1992,283817.03878126416,USD (1),cf,1992,495800.7907516145
192,Iraq,1993,931991.8276900244,USD (1),cf,1993,1581421.045100322
192,Iraq,1994,2187233.032275487,USD (1),cf,1994,3617025.8021539617
192,Iraq,1995,2782355.212323711,USD (1),cf,1995,4475619.054993657
192,Iraq,1996,6055194.356568325,USD (1),cf,1996,9462841.681124514
192,Iraq,1997,5477599.203466587,USD (1),cf,1997,8364656.844070579
192,Iraq,1998,6706496.42286329,USD (1),cf,1998,10084721.284998158
192,Iraq,1999,6389033.277316572,USD (1),cf,1999,9401633.94770308
192,Iraq,2000,5796931.008179708,USD (1),cf,2000,8251691.715081832
192,Iraq,2001,8787294.440872032,USD (1),cf,2001,12164559.216719905
192,Iraq,2002,6525226.422973339,USD (1),cf,2002,8892068.280499702
192,Iraq,2003,1863384.50561828,USD (1),cf,2003,2482910.2619629945
192,Iraq,2004,2632417.7410305548,USD (1),cf,2004,3416167.686441462
192,Iraq,2005,1980856.00406991,USD (1),cf,2005,2486263.785078463
192,Iraq,2006,13403481.034507446,USD (1),cf,2006,16297576.882616028
192,Iraq,2007,11459935.7574209,USD (1),cf,2007,13547901.693466552
192,Iraq,2008,6436345.600095475,USD (1),cf,2008,7327710.322382405
192,Iraq,2009,11126483.497955907,USD (1),cf,2009,12712581.041890973
192,Iraq,2010,15750209.240380129,USD (1),cf,2010,17705055.48548327
192,Iraq,2011,3371760.24469961,USD (1),cf,2011,3674257.7049972815
192,Iraq,2012,12856464.175817084,USD (1),cf,2012,13725847.73877741
192,Iraq,2013,5773679.245233774,USD (1),cf,2013,6075118.3464422915
192,Iraq,2014,10135619.189578531,USD (1),cf,2014,10494546.682733996
192,Iraq,2015,11057814.282514676,USD (1),cf,2015,11435832.997242315
192,Iraq,2016,11200637.73746425,USD (1),cf,2016,11439223.642383669
192,Iraq,2017,15872894.49830129,USD (1),cf,2017,15872894.49830129
192,Iraq,2018,16763008.085324636,USD (1),cf,2018,16413384.930970838
192,Iraq,2019,24522036.526112027,USD (1),cf,2019,23438089.793900423
193,Guinea Bissau,1976,1511416.779315756,USD (1),cf,1976,6510080.852638226
193,Guinea Bissau,1977,2151291.7046442684,USD (1),cf,1977,8700515.214148656
193,Guinea Bissau,1978,2133737.4472517935,USD (1),cf,1978,8017692.9077121625
193,Guinea Bissau,1979,1699302.6661897523,USD (1),cf,1979,5739336.706767552
193,Guinea Bissau,1980,2292764.981978721,USD (1),cf,1980,6819718.03495458
193,Guinea Bissau,1981,2249134.1218340658,USD (1),cf,1981,6063313.92691503
193,Guinea Bissau,1982,2397426.880162375,USD (1),cf,1982,6089702.362046995
193,Guinea Bissau,1983,1791680.222527302,USD (1),cf,1983,4409396.682856087
193,Guinea Bissau,1984,1586245.5047602125,USD (1),cf,1984,3742850.991733
193,Guinea Bissau,1985,1672918.038890269,USD (1),cf,1985,3812193.7339039375
193,Guinea Bissau,1986,1921319.0221312768,USD (1),cf,1986,4296688.981876923
193,Guinea Bissau,1987,2020769.4014786335,USD (1),cf,1987,4359341.286716766
193,Guinea Bissau,1988,3494759.069039387,USD (1),cf,1988,7243750.716820437
193,Guinea Bissau,1989,3992741.5207387614,USD (1),cf,1989,7894857.256691469
193,Guinea Bissau,1990,3189363.393356687,USD (1),cf,1990,5983356.791209982
193,Guinea Bissau,1991,4502224.094594748,USD (1),cf,1991,8103163.146108008
193,Guinea Bissau,1992,6503340.1403527735,USD (1),cf,1992,11360703.352974568
193,Guinea Bissau,1993,9624633.57533363,USD (1),cf,1993,16331257.029513407
193,Guinea Bissau,1994,9180915.594043257,USD (1),cf,1994,15182473.97558028
193,Guinea Bissau,1995,11036072.703209924,USD (1),cf,1995,17752318.993637927
193,Guinea Bissau,1996,11806552.965916822,USD (1),cf,1996,18450859.697854403
193,Guinea Bissau,1997,12332937.142435305,USD (1),cf,1997,18833212.00475507
193,Guinea Bissau,1998,10159596.76735068,USD (1),cf,1998,15277232.00111046
193,Guinea Bissau,1999,9605598.648705753,USD (1),cf,1999,14134896.22355087
193,Guinea Bissau,2000,9102700.23531283,USD (1),cf,2000,12957317.589361897
193,Guinea Bissau,2001,11024238.170729924,USD (1),cf,2001,15261238.706570504
193,Guinea Bissau,2002,10687464.69832362,USD (1),cf,2002,14564041.104893941
193,Guinea Bissau,2003,8222045.52559337,USD (1),cf,2003,10955656.842842018
193,Guinea Bissau,2004,9081164.14768834,USD (1),cf,2004,11784899.87856511
193,Guinea Bissau,2005,10283304.29545792,USD (1),cf,2005,12907049.784642749
193,Guinea Bissau,2006,13438332.634727769,USD (1),cf,2006,16339953.682539167
193,Guinea Bissau,2007,11353590.288390728,USD (1),cf,2007,13422180.398822
193,Guinea Bissau,2008,10164207.843245937,USD (1),cf,2008,11571841.439137239
193,Guinea Bissau,2009,11451870.457785752,USD (1),cf,2009,13084352.419395048
193,Guinea Bissau,2010,12648981.276034515,USD (1),cf,2010,14218916.83526771
193,Guinea Bissau,2011,10392952.175923022,USD (1),cf,2011,11325355.849391198
193,Guinea Bissau,2012,9683023.119834816,USD (1),cf,2012,10337811.327932024
193,Guinea Bissau,2013,15056384.77514034,USD (1),cf,2013,15842466.388145521
193,Guinea Bissau,2014,18716767.81528311,USD (1),cf,2014,19379575.131368924
193,Guinea Bissau,2015,20088909.873104226,USD (1),cf,2015,20775662.579967674
193,Guinea Bissau,2016,25892124.547986448,USD (1),cf,2016,26443655.28314316
193,Guinea Bissau,2017,41906693.387877636,USD (1),cf,2017,41906693.387877636
193,Guinea Bissau,2018,60144664.63539869,USD (1),cf,2018,58890237.78907458
193,Guinea Bissau,2019,66705427.24877376,USD (1),cf,2019,63756849.55580385
194,Guinea,1976,2229780.044979446,USD (1),cf,1976,9604265.729395406
194,Guinea,1977,1978258.5695817643,USD (1),cf,1977,8000713.592214685
194,Guinea,1978,2965745.6308472287,USD (1),cf,1978,11144031.680724477
194,Guinea,1979,5981308.524027927,USD (1),cf,1979,20201665.218020562
194,Guinea,1980,9123954.317308253,USD (1),cf,1980,27138758.789899502
194,Guinea,1981,17367915.61300139,USD (1),cf,1981,46821184.91534119
194,Guinea,1982,18286706.58908077,USD (1),cf,1982,46450050.773620754
194,Guinea,1983,16990924.415513013,USD (1),cf,1983,41815344.50982641
194,Guinea,1984,19983668.103651583,USD (1),cf,1984,47152784.20380589
194,Guinea,1985,17089912.405638423,USD (1),cf,1985,38943962.269041754
194,Guinea,1986,4546505.728675016,USD (1),cf,1986,10167453.111856768
194,Guinea,1987,7500804.286872454,USD (1),cf,1987,16181245.513426254
194,Guinea,1988,23501788.634711612,USD (1),cf,1988,48713257.45383908
194,Guinea,1989,27977362.057698503,USD (1),cf,1989,55319704.19749023
194,Guinea,1990,41204679.35989839,USD (1),cf,1990,77301413.37647986
194,Guinea,1991,30532440.787990168,USD (1),cf,1991,54952695.32473962
194,Guinea,1992,29960019.91972111,USD (1),cf,1992,52337243.84877358
194,Guinea,1993,36754479.34950224,USD (1),cf,1993,62365683.27972494
194,Guinea,1994,41880622.84805479,USD (1),cf,1994,69257957.98452134
194,Guinea,1995,65841158.82300083,USD (1),cf,1995,105910253.20055433
194,Guinea,1996,56304877.95886216,USD (1),cf,1996,87991254.22320996
194,Guinea,1997,42153968.05557412,USD (1),cf,1997,64371901.68598678
194,Guinea,1998,45915514.82003236,USD (1),cf,1998,69044272.95877613
194,Guinea,1999,47493959.60562447,USD (1),cf,1999,69888636.2862425
194,Guinea,2000,58199174.85397908,USD (1),cf,2000,82844120.15418802
194,Guinea,2001,71007037.80255733,USD (1),cf,2001,98297527.40905753
194,Guinea,2002,64715103.486571014,USD (1),cf,2002,88188682.15150438
194,Guinea,2003,86315077.32654636,USD (1),cf,2003,115012543.36399098
194,Guinea,2004,70160711.35745157,USD (1),cf,2004,91049665.58356383
194,Guinea,2005,96943265.52523832,USD (1),cf,2005,121677966.38797931
194,Guinea,2006,82476687.51419613,USD (1),cf,2006,100285153.70936283
194,Guinea,2007,62486960.079451464,USD (1),cf,2007,73871896.8587395
194,Guinea,2008,88198587.78519146,USD (1),cf,2008,100413144.7080019
194,Guinea,2009,129992972.35949928,USD (1),cf,2009,148523672.93763784
194,Guinea,2010,125354286.02387445,USD (1),cf,2010,140912705.0646263
194,Guinea,2011,217564902.99488416,USD (1),cf,2011,237083737.6182294
194,Guinea,2012,289120685.6913786,USD (1),cf,2012,308671688.8610295
194,Guinea,2013,324223696.16608936,USD (1),cf,2013,341151151.8510392
194,Guinea,2014,301087705.43951,USD (1),cf,2014,311749970.2022243
194,Guinea,2015,307399977.4205037,USD (1),cf,2015,317908649.51454955
194,Guinea,2016,241286044.86246487,USD (1),cf,2016,246425703.0415153
194,Guinea,2017,609924443.4015536,USD (1),cf,2017,609924443.4015536
194,Guinea,2018,474412753.36003226,USD (1),cf,2018,464518008.78607875
194,Guinea,2019,589161301.2035298,USD (1),cf,2019,563118624.5887603
195,Ivory Coast,1976,35422080.74515192,USD (1),cf,1976,152572482.17398745
195,Ivory Coast,1977,29644003.090023596,USD (1),cf,1977,119889877.94459453
195,Ivory Coast,1978,32515032.079670087,USD (1),cf,1978,122177891.39660758
195,Ivory Coast,1979,30909873.364519816,USD (1),cf,1979,104397041.40540414
195,Ivory Coast,1980,27639556.572973058,USD (1),cf,1980,82212518.03844985
195,Ivory Coast,1981,33930632.48564224,USD (1),cf,1981,91471679.92430128
195,Ivory Coast,1982,30254972.622629233,USD (1),cf,1982,76850635.05720508
195,Ivory Coast,1983,32810350.492297456,USD (1),cf,1983,80747584.7559496
195,Ivory Coast,1984,31287354.085934576,USD (1),cf,1984,73824577.5435272
195,Ivory Coast,1985,32823512.485611595,USD (1),cf,1985,74797202.08251862
195,Ivory Coast,1986,29203466.613551818,USD (1),cf,1986,65308369.81558036
195,Ivory Coast,1987,40252617.68047298,USD (1),cf,1987,86835686.45908481
195,Ivory Coast,1988,51628282.58838257,USD (1),cf,1988,107012358.11102761
195,Ivory Coast,1989,59075543.11739812,USD (1),cf,1989,116810211.19220495
195,Ivory Coast,1990,84600877.69857536,USD (1),cf,1990,158714192.67383707
195,Ivory Coast,1991,71061428.00414716,USD (1),cf,1991,127897308.62227182
195,Ivory Coast,1992,81271613.40973164,USD (1),cf,1992,141973612.18069497
195,Ivory Coast,1993,41546381.93244512,USD (1),cf,1993,70496672.5927094
195,Ivory Coast,1994,46608794.74455256,USD (1),cf,1994,77076932.68648061
195,Ivory Coast,1995,53803681.84461151,USD (1),cf,1995,86547103.19731216
195,Ivory Coast,1996,48551353.437719546,USD (1),cf,1996,75874322.7601098
195,Ivory Coast,1997,46202617.44053626,USD (1),cf,1997,70554457.49725047
195,Ivory Coast,1998,38165838.19382077,USD (1),cf,1998,57390896.30777633
195,Ivory Coast,1999,42387273.68876802,USD (1),cf,1999,62374010.89735428
195,Ivory Coast,2000,43163280.635716826,USD (1),cf,2000,61441146.13662401
195,Ivory Coast,2001,28091231.555232465,USD (1),cf,2001,38887674.929247595
195,Ivory Coast,2002,26894031.40992764,USD (1),cf,2002,36649082.82615733
195,Ivory Coast,2003,26291204.174479205,USD (1),cf,2003,35032329.8532092
195,Ivory Coast,2004,26646944.173620217,USD (1),cf,2004,34580541.002088
195,Ivory Coast,2005,24247898.56519484,USD (1),cf,2005,30434656.50356899
195,Ivory Coast,2006,33009549.18877199,USD (1),cf,2006,40137011.00329693
195,Ivory Coast,2007,29382635.635880917,USD (1),cf,2007,34736063.75429189
195,Ivory Coast,2008,47196306.965822294,USD (1),cf,2008,53732488.467781246
195,Ivory Coast,2009,56955366.59956574,USD (1),cf,2009,65074442.77435975
195,Ivory Coast,2010,66872262.75283448,USD (1),cf,2010,75172151.9637523
195,Ivory Coast,2011,63656370.82447528,USD (1),cf,2011,69367301.94315156
195,Ivory Coast,2012,67965668.03264347,USD (1),cf,2012,72561662.22087003
195,Ivory Coast,2013,86469405.08696854,USD (1),cf,2013,90983902.45413144
195,Ivory Coast,2014,114121302.00266889,USD (1),cf,2014,118162621.24299434
195,Ivory Coast,2015,105628211.0760492,USD (1),cf,2015,109239181.52371594
195,Ivory Coast,2016,99236953.7110634,USD (1),cf,2016,101350809.98939
195,Ivory Coast,2017,116719034.92450544,USD (1),cf,2017,116719034.92450544
195,Ivory Coast,2018,163409182.10103312,USD (1),cf,2018,160000985.1112247
195,Ivory Coast,2019,158566502.8895349,USD (1),cf,2019,151557393.2479963
196,Nigeria,1976,75174903.81466058,USD (1),cf,1976,323798642.84972376
196,Nigeria,1977,90833161.22368474,USD (1),cf,1977,367358503.48410463
196,Nigeria,1978,96078197.51876657,USD (1),cf,1978,361021682.3181058
196,Nigeria,1979,106890771.76547033,USD (1),cf,1979,361019930.2422398
196,Nigeria,1980,102138188.43346857,USD (1),cf,1980,303805078.66801476
196,Nigeria,1981,133419544.64525586,USD (1),cf,1981,359678231.4211515
196,Nigeria,1982,130688326.53909507,USD (1),cf,1982,331961327.9564105
196,Nigeria,1983,125314216.9317001,USD (1),cf,1983,308403299.598808
196,Nigeria,1984,141498002.13647613,USD (1),cf,1984,333873877.67873085
196,Nigeria,1985,109032400.22579098,USD (1),cf,1985,248459651.50151053
196,Nigeria,1986,115300171.37334014,USD (1),cf,1986,257848368.8767133
196,Nigeria,1987,96256717.02914876,USD (1),cf,1987,207651541.220854
196,Nigeria,1988,156922601.65558192,USD (1),cf,1988,325260822.21181536
196,Nigeria,1989,205771656.95700547,USD (1),cf,1989,406872784.20363665
196,Nigeria,1990,205477246.92784727,USD (1),cf,1990,385482470.7042622
196,Nigeria,1991,192621251.87786776,USD (1),cf,1991,346682305.5848844
196,Nigeria,1992,264067320.36290708,USD (1),cf,1992,461299951.5807508
196,Nigeria,1993,228100592.2107207,USD (1),cf,1993,387045321.8629025
196,Nigeria,1994,253712217.0876631,USD (1),cf,1994,419563723.6573064
196,Nigeria,1995,345168431.5041262,USD (1),cf,1995,555228319.6551135
196,Nigeria,1996,311913790.25301534,USD (1),cf,1996,487447741.8089887
196,Nigeria,1997,510394955.1434313,USD (1),cf,1997,779406907.3213165
196,Nigeria,1998,415682033.967572,USD (1),cf,1998,625071153.6135198
196,Nigeria,1999,430824314.28988224,USD (1),cf,1999,633969541.6995652
196,Nigeria,2000,409423750.3804604,USD (1),cf,2000,582797788.0373359
196,Nigeria,2001,399435546.4518632,USD (1),cf,2001,552952605.6935418
196,Nigeria,2002,353152921.9334124,USD (1),cf,2002,481249184.5852249
196,Nigeria,2003,397947552.7259914,USD (1),cf,2003,530254523.1042254
196,Nigeria,2004,357662293.52394706,USD (1),cf,2004,464149116.8938552
196,Nigeria,2005,386824714.42728573,USD (1),cf,2005,485521550.6214738
196,Nigeria,2006,458061086.14745146,USD (1),cf,2006,556966190.2906575
196,Nigeria,2007,430834907.42193055,USD (1),cf,2007,509331735.8333687
196,Nigeria,2008,437020904.2816266,USD (1),cf,2008,497543604.76756644
196,Nigeria,2009,495634247.9345822,USD (1),cf,2009,566287681.5628769
196,Nigeria,2010,567342243.8789176,USD (1),cf,2010,637758251.5781476
196,Nigeria,2011,531554067.8978585,USD (1),cf,2011,579242439.5140685
196,Nigeria,2012,583273793.8044512,USD (1),cf,2012,622716104.0776701
196,Nigeria,2013,717888381.3405035,USD (1),cf,2013,755368750.3128461
196,Nigeria,2014,807421454.0739597,USD (1),cf,2014,836014256.6457735
196,Nigeria,2015,795869121.1491678,USD (1),cf,2015,823076434.8715508
196,Nigeria,2016,709207702.9959116,USD (1),cf,2016,724314607.2241533
196,Nigeria,2017,1202859878.263385,USD (1),cf,2017,1202859878.263385
196,Nigeria,2018,1036001211.8713368,USD (1),cf,2018,1014393514.1499527
196,Nigeria,2019,944265485.3489468,USD (1),cf,2019,902526150.7674042
197,Cameroon,1976,20454067.822540347,USD (1),cf,1976,88101202.20470643
197,Cameroon,1977,30020372.40904355,USD (1),cf,1977,121412036.45950098
197,Cameroon,1978,24761702.904355835,USD (1),cf,1978,93044123.12528606
197,Cameroon,1979,33784624.58884312,USD (1),cf,1979,114106415.46386945
197,Cameroon,1980,34968447.15798913,USD (1),cf,1980,104011946.97761132
197,Cameroon,1981,48203604.55729346,USD (1),cf,1981,129949380.96506514
197,Cameroon,1982,49840569.97847884,USD (1),cf,1982,126599997.3701615
197,Cameroon,1983,41567619.98834731,USD (1),cf,1983,102299575.21789187
197,Cameroon,1984,39586224.98506282,USD (1),cf,1984,93406311.31793544
197,Cameroon,1985,35107293.42591848,USD (1),cf,1985,80001411.24749506
197,Cameroon,1986,27411915.595352318,USD (1),cf,1986,61301883.94223006
197,Cameroon,1987,20281688.818098094,USD (1),cf,1987,43753039.49296841
197,Cameroon,1988,35954215.8229705,USD (1),cf,1988,74523986.20198673
197,Cameroon,1989,43862059.03873707,USD (1),cf,1989,86728553.12490433
197,Cameroon,1990,48825962.85942243,USD (1),cf,1990,91599206.62249205
197,Cameroon,1991,35738537.38414515,USD (1),cf,1991,64322697.61398342
197,Cameroon,1992,33343571.527471155,USD (1),cf,1992,58247979.757635824
197,Cameroon,1993,34976856.43129391,USD (1),cf,1993,59349379.69251979
197,Cameroon,1994,31632443.593509488,USD (1),cf,1994,52310550.80759805
197,Cameroon,1995,38846755.50722706,USD (1),cf,1995,62487808.3153235
197,Cameroon,1996,34640137.51929141,USD (1),cf,1996,54134370.89791571
197,Cameroon,1997,32999719.549276795,USD (1),cf,1997,50392757.79899649
197,Cameroon,1998,31124746.80979142,USD (1),cf,1998,46803036.46667292
197,Cameroon,1999,29187691.48167483,USD (1),cf,1999,42950471.40597343
197,Cameroon,2000,36173580.81232856,USD (1),cf,2000,51491597.30773895
197,Cameroon,2001,69171629.59051298,USD (1),cf,2001,95756707.58874753
197,Cameroon,2002,55459633.621782966,USD (1),cf,2002,75576051.62024061
197,Cameroon,2003,55712271.39844675,USD (1),cf,2003,74235118.92226064
197,Cameroon,2004,57449581.44972026,USD (1),cf,2004,74554049.94774468
197,Cameroon,2005,65579585.253747985,USD (1),cf,2005,82311963.87917998
197,Cameroon,2006,54296449.37611484,USD (1),cf,2006,66020204.44406285
197,Cameroon,2007,67767227.24357538,USD (1),cf,2007,80114212.8689725
197,Cameroon,2008,99853130.2982094,USD (1),cf,2008,113681716.15854976
197,Cameroon,2009,126691343.09276116,USD (1),cf,2009,144751391.27907085
197,Cameroon,2010,169021256.5419888,USD (1),cf,2010,189999426.65077823
197,Cameroon,2011,179990169.0866939,USD (1),cf,2011,196137986.56952447
197,Cameroon,2012,281036088.2565668,USD (1),cf,2012,300040392.4250882
197,Cameroon,2013,304953871.83271533,USD (1),cf,2013,320875265.64952564
197,Cameroon,2014,345712489.01512814,USD (1),cf,2014,357955028.3917378
197,Cameroon,2015,353928397.1656698,USD (1),cf,2015,366027674.14608896
197,Cameroon,2016,394432558.6644658,USD (1),cf,2016,402834406.05426884
197,Cameroon,2017,567186897.322722,USD (1),cf,2017,567186897.322722
197,Cameroon,2018,571019494.1182855,USD (1),cf,2018,559109839.4957407
197,Cameroon,2019,604792072.6826606,USD (1),cf,2019,578058469.6169533
198,Gabon,1976,4160031.038258008,USD (1),cf,1976,17918378.821230713
198,Gabon,1977,4634491.44476201,USD (1),cf,1977,18743373.21988664
198,Gabon,1978,13666762.320036303,USD (1),cf,1978,51353976.781854875
198,Gabon,1979,15529625.6366271,USD (1),cf,1979,52450780.09469778
198,Gabon,1980,18393243.38014738,USD (1),cf,1980,54709808.71866098
198,Gabon,1981,25814323.378441695,USD (1),cf,1981,69591379.60468031
198,Gabon,1982,19584775.619075406,USD (1),cf,1982,49747275.01994397
198,Gabon,1983,17650860.39187958,USD (1),cf,1983,43439473.34068634
198,Gabon,1984,21229131.505838707,USD (1),cf,1984,50091537.32622871
198,Gabon,1985,25367722.79682558,USD (1),cf,1985,57807179.8147511
198,Gabon,1986,27136039.037874375,USD (1),cf,1986,60684934.98621612
198,Gabon,1987,15184786.29033404,USD (1),cf,1987,32757654.4641795
198,Gabon,1988,18681223.646431055,USD (1),cf,1988,38721446.7454302
198,Gabon,1989,24754031.915982276,USD (1),cf,1989,48946205.88114237
198,Gabon,1990,24602185.441248905,USD (1),cf,1990,46154556.625664905
198,Gabon,1991,21132137.23740029,USD (1),cf,1991,38033903.258209996
198,Gabon,1992,22789503.97346761,USD (1),cf,1992,39811049.18648103
198,Gabon,1993,24009399.30797885,USD (1),cf,1993,40739594.72366011
198,Gabon,1994,23783345.540241975,USD (1),cf,1994,39330502.608175464
198,Gabon,1995,42197176.04782475,USD (1),cf,1995,67877201.4263554
198,Gabon,1996,53478415.8461857,USD (1),cf,1996,83574160.08634858
198,Gabon,1997,43877964.533631414,USD (1),cf,1997,67004558.51312543
198,Gabon,1998,55192326.41800009,USD (1),cf,1998,82994039.49559338
198,Gabon,1999,38997738.54926253,USD (1),cf,1999,57386218.96525596
198,Gabon,2000,45338705.86910638,USD (1),cf,2000,64537774.050568655
198,Gabon,2001,43519345.07804141,USD (1),cf,2001,60245352.40475757
198,Gabon,2002,41062152.87754267,USD (1),cf,2002,55956290.780335814
198,Gabon,2003,46848849.10183984,USD (1),cf,2003,62424844.60152679
198,Gabon,2004,50695124.04715909,USD (1),cf,2004,65788587.40035981
198,Gabon,2005,44028199.854778245,USD (1),cf,2005,55261825.4917174
198,Gabon,2006,38420463.41367484,USD (1),cf,2006,46716256.37683548
198,Gabon,2007,33019517.143872045,USD (1),cf,2007,39035574.16901162
198,Gabon,2008,24000251.904496517,USD (1),cf,2008,27324028.967268065
198,Gabon,2009,30531558.257476177,USD (1),cf,2009,34883879.41748957
198,Gabon,2010,39726550.61222101,USD (1),cf,2010,44657234.20568709
198,Gabon,2011,37000466.58037779,USD (1),cf,2011,40319963.3292904
198,Gabon,2012,43571106.486667655,USD (1),cf,2012,46517484.53287689
198,Gabon,2013,46650130.84282229,USD (1),cf,2013,49085696.26224328
198,Gabon,2014,52398957.30149196,USD (1),cf,2014,54254534.74934266
198,Gabon,2015,44132351.08395522,USD (1),cf,2015,45641044.7740858
198,Gabon,2016,35319107.37608152,USD (1),cf,2016,36071443.215502776
198,Gabon,2017,45569742.968919106,USD (1),cf,2017,45569742.968919106
198,Gabon,2018,38181608.60459505,USD (1),cf,2018,37385261.411376946
198,Gabon,2019,37888205.29300496,USD (1),cf,2019,36213434.26519968
199,Democratic Republic of the Congo,1976,2952722.8201282057,USD (1),cf,1976,12718175.792098135
199,Democratic Republic of the Congo,1977,1034113.8494801607,USD (1),cf,1977,4182288.836581436
199,Democratic Republic of the Congo,1978,590752.3067294176,USD (1),cf,1978,2219800.0911403233
199,Democratic Republic of the Congo,1979,452187.92833266314,USD (1),cf,1979,1527249.2811748637
199,Democratic Republic of the Congo,1980,234020.9612113299,USD (1),cf,1980,696083.9781986538
199,Democratic Republic of the Congo,1981,273743.0781142619,USD (1),cf,1981,737968.537231257
199,Democratic Republic of the Congo,1982,261647.2552154115,USD (1),cf,1982,664610.0122146326
199,Democratic Republic of the Congo,1983,405871.8211359174,USD (1),cf,1983,998866.7839716593
199,Democratic Republic of the Congo,1984,784210.8129310583,USD (1),cf,1984,1850397.1863740324
199,Democratic Republic of the Congo,1985,758551.2328192835,USD (1),cf,1985,1728563.0194513411
199,Democratic Republic of the Congo,1986,931496.301053534,USD (1),cf,1986,2083126.1478669534
199,Democratic Republic of the Congo,1987,991222.3098743368,USD (1),cf,1987,2138332.2295894553
199,Democratic Republic of the Congo,1988,1652496.069105658,USD (1),cf,1988,3425205.9580225544
199,Democratic Republic of the Congo,1989,2010027.375675184,USD (1),cf,1989,3974431.8861045577
199,Democratic Republic of the Congo,1990,2373147.9295082176,USD (1),cf,1990,4452108.15742905
199,Democratic Republic of the Congo,1991,3105557.694188335,USD (1),cf,1991,5589424.277185875
199,Democratic Republic of the Congo,1992,3621248.616911149,USD (1),cf,1992,6325969.488944088
199,Democratic Republic of the Congo,1993,3462120.091373472,USD (1),cf,1993,5874589.6803975385
199,Democratic Republic of the Congo,1994,4114193.566611952,USD (1),cf,1994,6803639.148595736
199,Democratic Republic of the Congo,1995,4997192.354163935,USD (1),cf,1995,8038344.357579684
199,Democratic Republic of the Congo,1996,5176252.617399875,USD (1),cf,1996,8089262.893242805
199,Democratic Republic of the Congo,1997,5030253.055229009,USD (1),cf,1997,7681529.641526087
199,Democratic Republic of the Congo,1998,5079505.283972484,USD (1),cf,1998,7638175.259425191
199,Democratic Republic of the Congo,1999,4826680.123904804,USD (1),cf,1999,7102589.349271069
199,Democratic Republic of the Congo,2000,5156510.003210553,USD (1),cf,2000,7340078.881771995
199,Democratic Republic of the Congo,2001,4370762.940692944,USD (1),cf,2001,6050600.099047988
199,Democratic Republic of the Congo,2002,3953614.568087008,USD (1),cf,2002,5387676.751022016
199,Democratic Republic of the Congo,2003,4050176.2455151216,USD (1),cf,2003,5396752.056501374
199,Democratic Republic of the Congo,2004,4334408.047845801,USD (1),cf,2004,5624891.703968643
199,Democratic Republic of the Congo,2005,4517773.826817557,USD (1),cf,2005,5670466.420433159
199,Democratic Republic of the Congo,2006,4930908.989228399,USD (1),cf,2006,5995596.826394545
199,Democratic Republic of the Congo,2007,5439566.883612367,USD (1),cf,2007,6430639.661002937
199,Democratic Republic of the Congo,2008,5841777.59023086,USD (1),cf,2008,6650801.030380019
199,Democratic Republic of the Congo,2009,6955759.006868487,USD (1),cf,2009,7947313.281768113
199,Democratic Republic of the Congo,2010,8298499.951708148,USD (1),cf,2010,9328473.028446382
199,Democratic Republic of the Congo,2011,6044339.435472641,USD (1),cf,2011,6586607.329900119
199,Democratic Republic of the Congo,2012,5467192.006546087,USD (1),cf,2012,5836896.05588959
199,Democratic Republic of the Congo,2013,6097923.230490429,USD (1),cf,2013,6416290.846660826
199,Democratic Republic of the Congo,2014,6692393.0964531405,USD (1),cf,2014,6929387.38682572
199,Democratic Republic of the Congo,2015,5711958.590057719,USD (1),cf,2015,5907225.682597464
199,Democratic Republic of the Congo,2016,11496005.643160691,USD (1),cf,2016,11740883.209386952
199,Democratic Republic of the Congo,2017,13261102.437181892,USD (1),cf,2017,13261102.437181892
199,Democratic Republic of the Congo,2018,14259367.780468194,USD (1),cf,2018,13961962.618034208
199,Democratic Republic of the Congo,2019,13112173.122478148,USD (1),cf,2019,12532576.187567437
200,Angola,1976,23713607.91408574,USD (1),cf,1976,102140922.96788526
200,Angola,1977,39863990.02104612,USD (1),cf,1977,161222790.44074777
200,Angola,1978,43432008.04892004,USD (1),cf,1978,163199321.14892074
200,Angola,1979,42040741.42614408,USD (1),cf,1979,141991168.0523714
200,Angola,1980,31008709.354142603,USD (1),cf,1980,92233899.28112298
200,Angola,1981,50032206.78690629,USD (1),cf,1981,134879006.66322407
200,Angola,1982,40895228.98628769,USD (1),cf,1982,103877942.89575236
200,Angola,1983,37461145.17116814,USD (1),cf,1983,92193376.4613077
200,Angola,1984,31053847.596240222,USD (1),cf,1984,73273603.56509458
200,Angola,1985,30706868.050743222,USD (1),cf,1985,69973858.40164082
200,Angola,1986,29059127.182049457,USD (1),cf,1986,64985580.29554604
200,Angola,1987,37827450.21808012,USD (1),cf,1987,81603950.1519755
200,Angola,1988,46622577.45256989,USD (1),cf,1988,96636798.75216693
200,Angola,1989,47035325.09260494,USD (1),cf,1989,93003059.60188663
200,Angola,1990,45937284.46017162,USD (1),cf,1990,86179945.35117352
200,Angola,1991,46675164.685003735,USD (1),cf,1991,84006585.71574014
200,Angola,1992,49472546.70501119,USD (1),cf,1992,86423732.28248884
200,Angola,1993,55811048.29796849,USD (1),cf,1993,94701223.44986157
200,Angola,1994,78592557.03040145,USD (1),cf,1994,129968458.9805583
200,Angola,1995,82677771.7005516,USD (1),cf,1995,132993159.46735877
200,Angola,1996,84428160.06576703,USD (1),cf,1996,131941316.01479627
200,Angola,1997,75789750.49387611,USD (1),cf,1997,115735969.65214133
200,Angola,1998,113482703.52514698,USD (1),cf,1998,170646692.93159398
200,Angola,1999,100022353.85241902,USD (1),cf,1999,147185578.2699937
200,Angola,2000,127634189.38111702,USD (1),cf,2000,181681993.72931007
200,Angola,2001,207226906.5085201,USD (1),cf,2001,286871458.84125066
200,Angola,2002,238864908.7089031,USD (1),cf,2002,325506417.76612145
200,Angola,2003,226717892.8160072,USD (1),cf,2003,302095558.34892535
200,Angola,2004,281644271.68994683,USD (1),cf,2004,365498243.3152385
200,Angola,2005,259590570.04348952,USD (1),cf,2005,325824104.28669596
200,Angola,2006,270507905.6710132,USD (1),cf,2006,328916300.0774739
200,Angola,2007,339534370.54915524,USD (1),cf,2007,401396514.87786716
200,Angola,2008,344164111.16694856,USD (1),cf,2008,391827143.3333544
200,Angola,2009,396395778.4732613,USD (1),cf,2009,452902613.789035
200,Angola,2010,430947841.8465756,USD (1),cf,2010,484435180.1804217
200,Angola,2011,419116241.289786,USD (1),cf,2011,456717253.62717456
200,Angola,2012,389696675.828197,USD (1),cf,2012,416048857.8801321
200,Angola,2013,490911592.7427402,USD (1),cf,2013,516541688.0431281
200,Angola,2014,489993798.0312092,USD (1),cf,2014,507345697.53527683
200,Angola,2015,454907261.93322575,USD (1),cf,2015,470458568.37433565
200,Angola,2016,599042446.4687073,USD (1),cf,2016,611802709.5471056
200,Angola,2017,772836893.7269243,USD (1),cf,2017,772836893.7269243
200,Angola,2018,647460743.9081113,USD (1),cf,2018,633956767.3871201
200,Angola,2019,491526745.4732141,USD (1),cf,2019,469799805.7476753
202,Tanzania,1976,20843906.748792954,USD (1),cf,1976,89780343.89754848
202,Tanzania,1977,28147646.485530175,USD (1),cf,1977,113838130.81282207
202,Tanzania,1978,26827550.842377443,USD (1),cf,1978,100806715.6515694
202,Tanzania,1979,21015516.145840045,USD (1),cf,1979,70979187.89119197
202,Tanzania,1980,25214079.875199053,USD (1),cf,1980,74998055.45323712
202,Tanzania,1981,32468502.29612166,USD (1),cf,1981,87530005.54613937
202,Tanzania,1982,19741227.092637464,USD (1),cf,1982,50144677.29985503
202,Tanzania,1983,27511746.548992533,USD (1),cf,1983,67707508.54278435
202,Tanzania,1984,29666416.61458912,USD (1),cf,1984,69999868.5662875
202,Tanzania,1985,32132729.61672206,USD (1),cf,1985,73223067.50864808
202,Tanzania,1986,42997649.17477155,USD (1),cf,1986,96156610.8115215
202,Tanzania,1987,30490677.024747603,USD (1),cf,1987,65776563.67751268
202,Tanzania,1988,47024414.51136639,USD (1),cf,1988,97469705.23447338
202,Tanzania,1989,59976948.77153202,USD (1),cf,1989,118592562.72505476
202,Tanzania,1990,64686022.073454216,USD (1),cf,1990,121353230.0131583
202,Tanzania,1991,91019969.28193054,USD (1),cf,1991,163818958.17462867
202,Tanzania,1992,106492318.38478088,USD (1),cf,1992,186031733.2985736
202,Tanzania,1993,54597854.37169503,USD (1),cf,1993,92642653.46051736
202,Tanzania,1994,68612630.16738234,USD (1),cf,1994,113464660.60403351
202,Tanzania,1995,105114414.2037158,USD (1),cf,1995,169084117.32653785
202,Tanzania,1996,119889742.88887978,USD (1),cf,1996,187359412.32300085
202,Tanzania,1997,95049986.7055931,USD (1),cf,1997,145147626.23059204
202,Tanzania,1998,77760769.65661669,USD (1),cf,1998,116930754.81565897
202,Tanzania,1999,70517710.83093059,USD (1),cf,1999,103768704.16628072
202,Tanzania,2000,94811926.29921316,USD (1),cf,2000,134960858.70786214
202,Tanzania,2001,89911368.89345787,USD (1),cf,2001,124467454.51860341
202,Tanzania,2002,79847905.15015115,USD (1),cf,2002,108810480.83638412
202,Tanzania,2003,79608774.84012842,USD (1),cf,2003,106076573.78114307
202,Tanzania,2004,86568782.76056539,USD (1),cf,2004,112342913.4030371
202,Tanzania,2005,94858792.60248718,USD (1),cf,2005,119061648.22645488
202,Tanzania,2006,88855302.83051951,USD (1),cf,2006,108041047.3652554
202,Tanzania,2007,96583600.0931838,USD (1),cf,2007,114180842.45509112
202,Tanzania,2008,105228425.50240606,USD (1),cf,2008,119801432.00368091
202,Tanzania,2009,114064604.23483214,USD (1),cf,2009,130324691.14010008
202,Tanzania,2010,165654563.40244865,USD (1),cf,2010,186214874.4630312
202,Tanzania,2011,158148691.59118727,USD (1),cf,2011,172337000.98564598
202,Tanzania,2012,188442873.952205,USD (1),cf,2012,201185812.82953748
202,Tanzania,2013,194691176.49603528,USD (1),cf,2013,204855844.59820613
202,Tanzania,2014,228273984.74684316,USD (1),cf,2014,236357734.49762678
202,Tanzania,2015,225716970.93031633,USD (1),cf,2015,233433255.27578735
202,Tanzania,2016,198544521.9252305,USD (1),cf,2016,202773738.64847836
202,Tanzania,2017,269136526.9661193,USD (1),cf,2017,269136526.9661193
202,Tanzania,2018,237248440.07529104,USD (1),cf,2018,232300190.47936925
202,Tanzania,2019,313281756.57188463,USD (1),cf,2019,299433773.9242767
203,India,1976,618873628.7512136,USD (1),cf,1976,2665656102.190405
203,India,1977,717539440.1815404,USD (1),cf,1977,2901960158.4358454
203,India,1978,742782935.2400043,USD (1),cf,1978,2791067607.4574385
203,India,1979,900352013.6843121,USD (1),cf,1979,3040908170.136087
203,India,1980,1014248183.8850218,USD (1),cf,1980,3016831941.314431
203,India,1981,930603202.3330848,USD (1),cf,1981,2508760728.122646
203,India,1982,962744995.7828217,USD (1),cf,1982,2445467898.6791415
203,India,1983,940989151.0171852,USD (1),cf,1983,2315811933.920879
203,India,1984,1052917805.687392,USD (1),cf,1984,2484429075.70359
203,India,1985,844778336.0766357,USD (1),cf,1985,1925054667.6306021
203,India,1986,978165597.0411206,USD (1),cf,1986,2187493745.1019926
203,India,1987,963572610.5204732,USD (1),cf,1987,2078684416.30091
203,India,1988,1757206346.925708,USD (1),cf,1988,3642243852.490611
203,India,1989,2444556127.8041,USD (1),cf,1989,4833626615.882938
203,India,1990,2240002962.6954293,USD (1),cf,1990,4202323563.0946064
203,India,1991,2988304648.526689,USD (1),cf,1991,5378390677.2557745
203,India,1992,3672793172.480448,USD (1),cf,1992,6416012819.393655
203,India,1993,4531040034.151503,USD (1),cf,1993,7688352894.637688
203,India,1994,4872920125.95596,USD (1),cf,1994,8058344752.173655
203,India,1995,4638907933.628888,USD (1),cf,1995,7462018023.489939
203,India,1996,4528754289.254486,USD (1),cf,1996,7077375609.825351
203,India,1997,4343027400.374397,USD (1),cf,1997,6632090541.698823
203,India,1998,3789829686.2093863,USD (1),cf,1998,5698858792.012328
203,India,1999,4251478943.8545423,USD (1),cf,1999,6256165374.564409
203,India,2000,3825792205.530791,USD (1),cf,2000,5445857092.564592
203,India,2001,3288439078.944781,USD (1),cf,2001,4552301299.969856
203,India,2002,3258790146.580952,USD (1),cf,2002,4440824366.369402
203,India,2003,3265181269.9485645,USD (1),cf,2003,4350767143.271195
203,India,2004,3361071946.8066683,USD (1),cf,2004,4361764167.411666
203,India,2005,3528992313.9064784,USD (1),cf,2005,4429401112.377004
203,India,2006,3782193909.968488,USD (1),cf,2006,4598849796.853444
203,India,2007,4528317130.609085,USD (1),cf,2007,5353362935.093738
203,India,2008,4904855123.671066,USD (1),cf,2008,5584124867.219927
203,India,2009,4921065404.336595,USD (1),cf,2009,5622570938.65892
203,India,2010,4941034709.543123,USD (1),cf,2010,5554294063.84498
203,India,2011,4755893908.600342,USD (1),cf,2011,5182568916.426985
203,India,2012,5134512906.448718,USD (1),cf,2012,5481720432.843935
203,India,2013,6317656358.361055,USD (1),cf,2013,6647496062.563661
203,India,2014,7041261026.183837,USD (1),cf,2014,7290609597.939572
203,India,2015,6382775653.575245,USD (1),cf,2015,6600975072.313418
203,India,2016,6365025392.661392,USD (1),cf,2016,6500607435.285958
203,India,2017,9121883310.18988,USD (1),cf,2017,9121883310.18988
203,India,2018,7444634864.9126,USD (1),cf,2018,7289363405.802485
203,India,2019,7751921793.036943,USD (1),cf,2019,7409263862.200945
204,Bangladesh,1976,21174069.0023007,USD (1),cf,1976,91202442.02047504
204,Bangladesh,1977,29249306.904378127,USD (1),cf,1977,118293599.68964599
204,Bangladesh,1978,35720973.12599689,USD (1),cf,1978,134224476.9888435
204,Bangladesh,1979,37392851.6597816,USD (1),cf,1979,126293079.1386954
204,Bangladesh,1980,40474963.85967278,USD (1),cf,1980,120390813.34874777
204,Bangladesh,1981,40335157.01937736,USD (1),cf,1981,108737276.68159866
204,Bangladesh,1982,35117285.88735631,USD (1),cf,1982,89201393.62182727
204,Bangladesh,1983,40445657.80459303,USD (1),cf,1983,99538381.41269502
204,Bangladesh,1984,49259425.01233115,USD (1),cf,1984,116230865.40281273
204,Bangladesh,1985,40841723.49989442,USD (1),cf,1985,93068852.62078714
204,Bangladesh,1986,64905846.44088707,USD (1),cf,1986,145150405.5545129
204,Bangladesh,1987,85930336.22062753,USD (1),cf,1987,185374769.7257952
204,Bangladesh,1988,142969213.03102672,USD (1),cf,1988,296338980.4326112
204,Bangladesh,1989,140392877.84579277,USD (1),cf,1989,277599169.5659719
204,Bangladesh,1990,133946623.19400568,USD (1),cf,1990,251288529.62220824
204,Bangladesh,1991,144113691.59648177,USD (1),cf,1991,259377749.7650969
204,Bangladesh,1992,172107711.07402033,USD (1),cf,1992,300655449.0574958
204,Bangladesh,1993,168512964.43226308,USD (1),cf,1993,285935928.20006573
204,Bangladesh,1994,164624897.9732292,USD (1),cf,1994,272240083.63967264
204,Bangladesh,1995,174872329.02617523,USD (1),cf,1995,281294755.074433
204,Bangladesh,1996,204260143.46725392,USD (1),cf,1996,319210463.8718533
204,Bangladesh,1997,203081443.8528807,USD (1),cf,1997,310118817.77561957
204,Bangladesh,1998,204178477.73376763,USD (1),cf,1998,307028127.73008806
204,Bangladesh,1999,246703870.39772105,USD (1),cf,1999,363031366.7633805
204,Bangladesh,2000,244089672.750773,USD (1),cf,2000,347451561.44389796
204,Bangladesh,2001,269341769.21850514,USD (1),cf,2001,372859237.0770117
204,Bangladesh,2002,287405357.2162638,USD (1),cf,2002,391653545.0096927
204,Bangladesh,2003,304207109.72099805,USD (1),cf,2003,405347877.5910236
204,Bangladesh,2004,337007556.15992206,USD (1),cf,2004,437344842.91593635
204,Bangladesh,2005,340289192.99747455,USD (1),cf,2005,427112670.11074334
204,Bangladesh,2006,412025719.1297031,USD (1),cf,2006,500990811.1067252
204,Bangladesh,2007,417503386.4896246,USD (1),cf,2007,493571251.7575034
204,Bangladesh,2008,553392848.2361518,USD (1),cf,2008,630031812.8182081
204,Bangladesh,2009,669516934.1341233,USD (1),cf,2009,764957615.3743515
204,Bangladesh,2010,717309389.1386216,USD (1),cf,2010,806338655.0063949
204,Bangladesh,2011,653073796.4565741,USD (1),cf,2011,711664310.1580226
204,Bangladesh,2012,671048822.3843652,USD (1),cf,2012,716426681.1911606
204,Bangladesh,2013,742738396.9113764,USD (1),cf,2013,781516165.001428
204,Bangladesh,2014,812530686.7032443,USD (1),cf,2014,841304419.9143487
204,Bangladesh,2015,775220520.605027,USD (1),cf,2015,801721948.2237734
204,Bangladesh,2016,805374414.6748024,USD (1),cf,2016,822529775.6487069
204,Bangladesh,2017,1052439541.329632,USD (1),cf,2017,1052439541.329632
204,Bangladesh,2018,979278120.131194,USD (1),cf,2018,958853486.1032677
204,Bangladesh,2019,934509002.3261448,USD (1),cf,2019,893200933.2261288
205,Myanmar,1976,80786641.69736901,USD (1),cf,1976,347969915.6847281
205,Myanmar,1977,105028710.99823023,USD (1),cf,1977,424769870.115605
205,Myanmar,1978,124897228.00695167,USD (1),cf,1978,469311545.5577772
205,Myanmar,1979,136770728.72718412,USD (1),cf,1979,461938464.1791771
205,Myanmar,1980,149649521.4602957,USD (1),cf,1980,445125230.2119175
205,Myanmar,1981,151995509.2248555,USD (1),cf,1981,409756127.46477234
205,Myanmar,1982,129302896.97038598,USD (1),cf,1982,328442199.2660515
205,Myanmar,1983,135320510.27262557,USD (1),cf,1983,333029187.6955826
205,Myanmar,1984,134363449.0802594,USD (1),cf,1984,317039428.72243947
205,Myanmar,1985,126258880.59030752,USD (1),cf,1985,287714820.59897083
205,Myanmar,1986,168578362.3009749,USD (1),cf,1986,376995586.64545614
205,Myanmar,1987,196720771.3048795,USD (1),cf,1987,424379436.70199394
205,Myanmar,1988,238616669.93246964,USD (1),cf,1988,494591941.73970455
205,Myanmar,1989,232429108.38893935,USD (1),cf,1989,459582625.9975937
205,Myanmar,1990,259177846.70909268,USD (1),cf,1990,486226665.9447416
205,Myanmar,1991,291228020.77036047,USD (1),cf,1991,524156087.1777925
205,Myanmar,1992,311102152.7617114,USD (1),cf,1992,543465233.8215022
205,Myanmar,1993,268500853.9058631,USD (1),cf,1993,455597236.34761626
205,Myanmar,1994,320449670.8262057,USD (1),cf,1994,529927406.25551295
205,Myanmar,1995,326917812.2673566,USD (1),cf,1995,525870882.16484356
205,Myanmar,1996,237649064.82881385,USD (1),cf,1996,371389478.8039222
205,Myanmar,1997,320531156.189355,USD (1),cf,1997,489472308.90137887
205,Myanmar,1998,334019045.998924,USD (1),cf,1998,502272538.5040877
205,Myanmar,1999,373645716.5480472,USD (1),cf,1999,549829700.4625075
205,Myanmar,2000,414642562.92526513,USD (1),cf,2000,590226552.0122331
205,Myanmar,2001,429685804.50151384,USD (1),cf,2001,594829096.5568109
205,Myanmar,2002,479270716.07948226,USD (1),cf,2002,653112651.7263162
205,Myanmar,2003,499967640.6613792,USD (1),cf,2003,666193575.1342266
205,Myanmar,2004,543562375.235044,USD (1),cf,2004,705397244.8599194
205,Myanmar,2005,608299945.5552807,USD (1),cf,2005,763505334.0535089
205,Myanmar,2006,633292578.3796462,USD (1),cf,2006,770033878.4201297
205,Myanmar,2007,717587919.574766,USD (1),cf,2007,848330287.0631486
205,Myanmar,2008,812948999.347761,USD (1),cf,2008,925533702.5411859
205,Myanmar,2009,804672259.8872483,USD (1),cf,2009,919379543.2184387
205,Myanmar,2010,816363961.3383452,USD (1),cf,2010,917687442.1952429
205,Myanmar,2011,847313202.6352352,USD (1),cf,2011,923329904.0827248
205,Myanmar,2012,842532698.2256546,USD (1),cf,2012,899506689.6028323
205,Myanmar,2013,1491064279.5200157,USD (1),cf,2013,1568911533.787505
205,Myanmar,2014,1484191365.047107,USD (1),cf,2014,1536750273.9855056
205,Myanmar,2015,1354541914.556066,USD (1),cf,2015,1400847828.2296999
205,Myanmar,2016,1626298453.5940747,USD (1),cf,2016,1660940399.6434467
205,Myanmar,2017,1789401429.868928,USD (1),cf,2017,1789401429.868928
205,Myanmar,2018,1797789566.6862986,USD (1),cf,2018,1760293381.2779362
205,Myanmar,2019,1598890363.426554,USD (1),cf,2019,1528214668.006422
206,Malaysia,1976,201569503.03820175,USD (1),cf,1976,868214366.9192759
206,Malaysia,1977,290021324.11888456,USD (1),cf,1977,1172939465.8457744
206,Malaysia,1978,354282128.67917955,USD (1),cf,1978,1331244063.8367946
206,Malaysia,1979,359117601.64263487,USD (1),cf,1979,1212907432.067637
206,Malaysia,1980,389648930.8340784,USD (1),cf,1980,1158991811.9809265
206,Malaysia,1981,506402865.9944282,USD (1),cf,1981,1365182947.60913
206,Malaysia,1982,454486357.697633,USD (1),cf,1982,1154440483.207546
206,Malaysia,1983,467863683.00875145,USD (1),cf,1983,1151431235.30024
206,Malaysia,1984,459802368.8137602,USD (1),cf,1984,1084934045.1722312
206,Malaysia,1985,403907722.5685909,USD (1),cf,1985,920412389.1645058
206,Malaysia,1986,488470127.3736092,USD (1),cf,1986,1092376742.2726321
206,Malaysia,1987,541581414.1166974,USD (1),cf,1987,1168336286.6390533
206,Malaysia,1988,731116161.5736343,USD (1),cf,1988,1515418692.6350121
206,Malaysia,1989,614154908.0892664,USD (1),cf,1989,1214369952.9951284
206,Malaysia,1990,748814308.225437,USD (1),cf,1990,1404801718.6779065
206,Malaysia,1991,846607832.9294982,USD (1),cf,1991,1523736101.7273338
206,Malaysia,1992,1149044338.4381602,USD (1),cf,1992,2007268816.7441814
206,Malaysia,1993,1143820855.3990126,USD (1),cf,1993,1940856474.070145
206,Malaysia,1994,1262478235.340042,USD (1),cf,1994,2087759413.1486137
206,Malaysia,1995,1371130873.4244847,USD (1),cf,1995,2205562911.884148
206,Malaysia,1996,1264182160.8952892,USD (1),cf,1996,1975618772.9428523
206,Malaysia,1997,1195375082.1258636,USD (1),cf,1997,1825416937.334073
206,Malaysia,1998,1171246040.9714184,USD (1),cf,1998,1761231071.2769117
206,Malaysia,1999,1344466517.6045918,USD (1),cf,1999,1978418565.816332
206,Malaysia,2000,1239887940.1253932,USD (1),cf,2000,1764929240.7872336
206,Malaysia,2001,1108019408.621943,USD (1),cf,2001,1533870043.8628993
206,Malaysia,2002,1070890639.3627764,USD (1),cf,2002,1459326017.046121
206,Malaysia,2003,1116428152.407085,USD (1),cf,2003,1487610800.6684198
206,Malaysia,2004,1142145011.5259974,USD (1),cf,2004,1482195937.5178573
206,Malaysia,2005,1039971185.7599744,USD (1),cf,2005,1305315828.7970521
206,Malaysia,2006,1145480496.1906147,USD (1),cf,2006,1392814031.3804483
206,Malaysia,2007,1457359985.4537327,USD (1),cf,2007,1722886605.3750474
206,Malaysia,2008,1750333921.9650474,USD (1),cf,2008,1992736366.954736
206,Malaysia,2009,1919571370.5475805,USD (1),cf,2009,2193209257.7374487
206,Malaysia,2010,2040352361.9036431,USD (1),cf,2010,2293591864.470302
206,Malaysia,2011,1808175401.2446392,USD (1),cf,2011,1970395851.9748054
206,Malaysia,2012,2005381212.8567183,USD (1),cf,2012,2140989684.9906416
206,Malaysia,2013,2308855530.657618,USD (1),cf,2013,2429399001.539947
206,Malaysia,2014,2431552746.386244,USD (1),cf,2014,2517660078.8946576
206,Malaysia,2015,2321975963.772062,USD (1),cf,2015,2401354252.0149326
206,Malaysia,2016,2424008204.670913,USD (1),cf,2016,2475642245.9281425
206,Malaysia,2017,3012883306.045805,USD (1),cf,2017,3012883306.045805
206,Malaysia,2018,2699413781.3900023,USD (1),cf,2018,2643112576.000623
206,Malaysia,2019,2689062851.6744385,USD (1),cf,2019,2570198299.4713483
207,Vietnam,1976,115403890.7945185,USD (1),cf,1976,497075770.27262384
207,Vietnam,1977,139604869.6698229,USD (1),cf,1977,564606970.737324
207,Vietnam,1978,160210527.37426034,USD (1),cf,1978,602004155.0678431
207,Vietnam,1979,176941768.31851915,USD (1),cf,1979,597614778.1536158
207,Vietnam,1980,173721813.33857638,USD (1),cf,1980,516727092.747048
207,Vietnam,1981,162697420.50073373,USD (1),cf,1981,438606806.95681053
207,Vietnam,1982,161788293.5236162,USD (1),cf,1982,410958332.608496
207,Vietnam,1983,203579234.14802873,USD (1),cf,1983,501016637.04501915
207,Vietnam,1984,178027811.63519812,USD (1),cf,1984,420068374.873399
207,Vietnam,1985,161932996.73084918,USD (1),cf,1985,369007889.8659791
207,Vietnam,1986,192649323.91262743,USD (1),cf,1986,430826019.98246765
207,Vietnam,1987,226192729.11104116,USD (1),cf,1987,487958349.94700104
207,Vietnam,1988,271238557.6522476,USD (1),cf,1988,562208855.491396
207,Vietnam,1989,285397102.832239,USD (1),cf,1989,564316366.7446542
207,Vietnam,1990,332236594.5608346,USD (1),cf,1990,623287421.0868353
207,Vietnam,1991,425840604.1961544,USD (1),cf,1991,766433615.3727694
207,Vietnam,1992,461364624.9133846,USD (1),cf,1992,805959172.990915
207,Vietnam,1993,449742122.214971,USD (1),cf,1993,763130786.9959008
207,Vietnam,1994,801758836.8343687,USD (1),cf,1994,1325868052.073932
207,Vietnam,1995,923788916.2848196,USD (1),cf,1995,1485981106.2956583
207,Vietnam,1996,887792453.4481,USD (1),cf,1996,1387410368.3498635
207,Vietnam,1997,830650074.3362398,USD (1),cf,1997,1268457689.4430583
207,Vietnam,1998,866184262.8612047,USD (1),cf,1998,1302502278.6305149
207,Vietnam,1999,933982591.6032766,USD (1),cf,1999,1374380451.4145713
207,Vietnam,2000,1094228398.924888,USD (1),cf,2000,1557588903.6932013
207,Vietnam,2001,1133908700.2994876,USD (1),cf,2001,1569709496.3598583
207,Vietnam,2002,1359412524.238062,USD (1),cf,2002,1852501078.6343238
207,Vietnam,2003,1522614011.0383196,USD (1),cf,2003,2028842647.13862
207,Vietnam,2004,1552512292.735015,USD (1),cf,2004,2014741902.3122842
207,Vietnam,2005,1634200963.7162015,USD (1),cf,2005,2051161046.1739142
207,Vietnam,2006,1899973377.7371032,USD (1),cf,2006,2310217929.124112
207,Vietnam,2007,2128366879.650733,USD (1),cf,2007,2516148943.894925
207,Vietnam,2008,2090628510.555152,USD (1),cf,2008,2380158100.403231
207,Vietnam,2009,2040623956.366673,USD (1),cf,2009,2331518078.1152787
207,Vietnam,2010,2045655888.1688824,USD (1),cf,2010,2299553640.9369946
207,Vietnam,2011,3174982525.786805,USD (1),cf,2011,3459826073.619062
207,Vietnam,2012,3124032935.2092505,USD (1),cf,2012,3335287199.7469583
207,Vietnam,2013,4282555822.912773,USD (1),cf,2013,4506144582.056226
207,Vietnam,2014,4384623679.38397,USD (1),cf,2014,4539894112.9150095
207,Vietnam,2015,4341169408.279929,USD (1),cf,2015,4489575163.540971
207,Vietnam,2016,5041307725.526241,USD (1),cf,2016,5148693125.70295
207,Vietnam,2017,5632961540.70645,USD (1),cf,2017,5632961540.70645
207,Vietnam,2018,5556536474.154685,USD (1),cf,2018,5440644755.9447155
207,Vietnam,2019,5670261568.0339,USD (1),cf,2019,5419619192.107634
208,Singapore,1976,6892497.572743755,USD (1),cf,1976,29687851.21962739
208,Singapore,1977,7742385.042100393,USD (1),cf,1977,31312694.000152044
208,Singapore,1978,9809609.073885892,USD (1),cf,1978,36860408.10710981
208,Singapore,1979,11003830.81895859,USD (1),cf,1979,37165062.69946435
208,Singapore,1980,12859854.681814767,USD (1),cf,1980,38251012.8991848
208,Singapore,1981,12105048.461249957,USD (1),cf,1981,32633317.954923276
208,Singapore,1982,14200772.709869135,USD (1),cf,1982,36071372.94978752
208,Singapore,1983,14642062.258122724,USD (1),cf,1983,36034700.801724575
208,Singapore,1984,17506010.220143948,USD (1),cf,1984,41306586.85375352
208,Singapore,1985,15711568.210462883,USD (1),cf,1985,35803034.27265489
208,Singapore,1986,14885386.108457142,USD (1),cf,1986,33288524.05377455
208,Singapore,1987,11201775.770294571,USD (1),cf,1987,24165233.086099334
208,Singapore,1988,14284472.51707863,USD (1),cf,1988,29608094.861724496
208,Singapore,1989,10593524.13728212,USD (1),cf,1989,20946600.34333588
208,Singapore,1990,11721982.310137955,USD (1),cf,1990,21990847.016021848
208,Singapore,1991,13225889.583182488,USD (1),cf,1991,23804132.978099752
208,Singapore,1992,11863463.235537034,USD (1),cf,1992,20724317.60436032
208,Singapore,1993,11029414.08352038,USD (1),cf,1993,18714914.689795088
208,Singapore,1994,14654186.939941492,USD (1),cf,1994,24233619.138520736
208,Singapore,1995,14413067.98508397,USD (1),cf,1995,23184459.492893748
208,Singapore,1996,12018573.361262836,USD (1),cf,1996,18782197.606463797
208,Singapore,1997,10963903.094087595,USD (1),cf,1997,16742606.322062904
208,Singapore,1998,9375820.469530197,USD (1),cf,1998,14098648.577676283
208,Singapore,1999,7027082.3236461375,USD (1),cf,1999,10340540.244461501
208,Singapore,2000,5430112.054670678,USD (1),cf,2000,7729540.094623628
208,Singapore,2001,3373981.220545016,USD (1),cf,2001,4670720.280239947
208,Singapore,2002,2704414.820752384,USD (1),cf,2002,3685365.025841926
208,Singapore,2003,2299203.074648039,USD (1),cf,2003,3063626.90639971
208,Singapore,2004,2467263.8420907655,USD (1),cf,2004,3201842.5039090523
208,Singapore,2005,2277704.9984940113,USD (1),cf,2005,2858852.6572414064
208,Singapore,2006,4173909.169270316,USD (1),cf,2006,5075144.689063139
208,Singapore,2007,6342292.136944021,USD (1),cf,2007,7497838.748958326
208,Singapore,2008,2769512.0391134056,USD (1),cf,2008,3153059.7046672897
208,Singapore,2009,4083813.0841295305,USD (1),cf,2009,4665966.996802633
208,Singapore,2010,3299439.2021124377,USD (1),cf,2010,3708950.9893374266
208,Singapore,2011,2717761.284363396,USD (1),cf,2011,2961585.229884916
208,Singapore,2012,3358176.3295119884,USD (1),cf,2012,3585263.9068174036
208,Singapore,2013,3361328.125882296,USD (1),cf,2013,3536820.3356321366
208,Singapore,2014,3108623.0229368196,USD (1),cf,2014,3218707.0985042313
208,Singapore,2015,2782464.5512527265,USD (1),cf,2015,2877584.94725205
208,Singapore,2016,2544575.1516578603,USD (1),cf,2016,2598777.401513966
208,Singapore,2017,2626709.5974566904,USD (1),cf,2017,2626709.5974566904
208,Singapore,2018,2839928.4753089664,USD (1),cf,2018,2780696.5793018327
208,Singapore,2019,3027792.671329746,USD (1),cf,2019,2893955.25662696
209,China,1976,2045230653.6010337,USD (1),cf,1976,8809361586.725674
209,China,1977,2075581765.1143408,USD (1),cf,1977,8394319880.749491
209,China,1978,2003042705.043007,USD (1),cf,1978,7526596728.549027
209,China,1979,1735938819.7857995,USD (1),cf,1979,5863074064.044839
209,China,1980,1886142068.108231,USD (1),cf,1980,5610237935.186509
209,China,1981,1687566534.468958,USD (1),cf,1981,4549415515.824124
209,China,1982,1827258261.7211895,USD (1),cf,1982,4641417448.243412
209,China,1983,1694027843.403109,USD (1),cf,1983,4169070272.389913
209,China,1984,2079182660.5542157,USD (1),cf,1984,4905968754.329611
209,China,1985,1996855586.7983973,USD (1),cf,1985,4550372569.688836
209,China,1986,2710655016.7868495,USD (1),cf,1986,6061898836.236929
209,China,1987,3245431017.898394,USD (1),cf,1987,7001264676.297742
209,China,1988,4153762370.677053,USD (1),cf,1988,8609697708.96517
209,China,1989,4223757525.183512,USD (1),cf,1989,8351645748.916493
209,China,1990,4691804374.341126,USD (1),cf,1990,8801988392.01486
209,China,1991,5644182340.81717,USD (1),cf,1991,10158474872.215366
209,China,1992,7211808190.327708,USD (1),cf,1992,12598328200.6869
209,China,1993,7440178443.091964,USD (1),cf,1993,12624632984.57238
209,China,1994,10172566949.92957,USD (1),cf,1994,16822367159.36701
209,China,1995,12733215774.56319,USD (1),cf,1995,20482296041.699833
209,China,1996,13530690293.254787,USD (1),cf,1996,21145279992.955006
209,China,1997,13300544772.68253,USD (1),cf,1997,20310812954.74793
209,China,1998,12775964742.53662,USD (1),cf,1998,19211527965.06479
209,China,1999,14546085329.935184,USD (1),cf,1999,21404954976.466026
209,China,2000,13704252529.632236,USD (1),cf,2000,19507437107.771408
209,China,2001,12704387180.174866,USD (1),cf,2001,17587127779.234608
209,China,2002,13033730171.594933,USD (1),cf,2002,17761348208.147038
209,China,2003,13165746475.253344,USD (1),cf,2003,17543006787.513863
209,China,2004,13405199512.402851,USD (1),cf,2004,17396330639.620895
209,China,2005,12932764990.74799,USD (1),cf,2005,16232510173.057749
209,China,2006,14987895579.832975,USD (1),cf,2006,18224100134.292107
209,China,2007,17055387990.76722,USD (1),cf,2007,20162828547.552544
209,China,2008,18487335479.35774,USD (1),cf,2008,21047632840.509163
209,China,2009,20045938278.440037,USD (1),cf,2009,22903517986.813202
209,China,2010,21095376624.697296,USD (1),cf,2010,23713641382.609222
209,China,2011,20826477899.87127,USD (1),cf,2011,22694925302.547703
209,China,2012,21534693699.780457,USD (1),cf,2012,22990919025.806736
209,China,2013,26987573213.455685,USD (1),cf,2013,28396572478.52202
209,China,2014,29865353829.504208,USD (1),cf,2014,30922960314.29072
209,China,2015,29151736985.73133,USD (1),cf,2015,30148308447.855606
209,China,2016,28046122175.07047,USD (1),cf,2016,28643535429.160294
209,China,2017,29923836152.990055,USD (1),cf,2017,29923836152.990055
209,China,2018,28720581641.16821,USD (1),cf,2018,28121561447.587807
209,China,2019,28042816592.579105,USD (1),cf,2019,26803240940.8926
210,Japan,1976,5193402960.002688,USD (1),cf,1976,22369391178.291874
210,Japan,1977,5529614154.95923,USD (1),cf,1977,22363537208.70688
210,Japan,1978,6223435118.249056,USD (1),cf,1978,23385066271.138115
210,Japan,1979,6557624278.732093,USD (1),cf,1979,22148151992.550648
210,Japan,1980,7378454966.727074,USD (1),cf,1980,21946855784.260155
210,Japan,1981,7399454997.662939,USD (1),cf,1981,19947773724.72798
210,Japan,1982,7168675419.720475,USD (1),cf,1982,18209147481.1792
210,Japan,1983,6805530498.25335,USD (1),cf,1983,16748682731.869013
210,Japan,1984,7956612228.572067,USD (1),cf,1984,18774151845.459564
210,Japan,1985,7823314004.346934,USD (1),cf,1985,17827525277.638863
210,Japan,1986,8962622491.157644,USD (1),cf,1986,20043314443.30442
210,Japan,1987,8651332959.810013,USD (1),cf,1987,18663244271.82896
210,Japan,1988,8732622059.921242,USD (1),cf,1988,18100514529.507767
210,Japan,1989,8611695109.020527,USD (1),cf,1989,17027925116.295923
210,Japan,1990,8670699651.777021,USD (1),cf,1990,16266534492.139011
210,Japan,1991,8412344270.816601,USD (1),cf,1991,15140649740.090227
210,Japan,1992,8102022184.464657,USD (1),cf,1992,14153445554.199322
210,Japan,1993,7563048277.150761,USD (1),cf,1993,12833120801.327349
210,Japan,1994,8351542929.449685,USD (1),cf,1994,13810940955.015377
210,Japan,1995,8053446295.232928,USD (1),cf,1995,12954549274.537073
210,Japan,1996,7405446622.589208,USD (1),cf,1996,11572967743.23435
210,Japan,1997,6582533710.1965885,USD (1),cf,1997,10051965031.591795
210,Japan,1998,5670602386.261611,USD (1),cf,1998,8527022304.602748
210,Japan,1999,6064532808.602249,USD (1),cf,1999,8924122798.474648
210,Japan,2000,6070460067.723332,USD (1),cf,2000,8641049026.95693
210,Japan,2001,5559156841.070463,USD (1),cf,2001,7695735364.652727
210,Japan,2002,5067672019.637827,USD (1),cf,2002,6905827123.967296
210,Japan,2003,5305231133.359297,USD (1),cf,2003,7069079292.753212
210,Japan,2004,5027455155.955166,USD (1),cf,2004,6524279783.224653
210,Japan,2005,4914775297.960442,USD (1),cf,2005,6168761288.054738
210,Japan,2006,4895157748.856928,USD (1),cf,2006,5952126134.929927
210,Japan,2007,5127779426.196099,USD (1),cf,2007,6062045463.640513
210,Japan,2008,6498992385.139559,USD (1),cf,2008,7399033014.163405
210,Japan,2009,6600933775.111386,USD (1),cf,2009,7541907160.84513
210,Japan,2010,6439898054.323531,USD (1),cf,2010,7239189691.546095
210,Japan,2011,6162819721.454685,USD (1),cf,2011,6715717074.3857
210,Japan,2012,6352905308.690748,USD (1),cf,2012,6782503320.779334
210,Japan,2013,6230893712.387801,USD (1),cf,2013,6556203609.354883
210,Japan,2014,6747518550.78392,USD (1),cf,2014,6986464970.647744
210,Japan,2015,5733132705.541713,USD (1),cf,2015,5929123649.261832
210,Japan,2016,5966718460.774969,USD (1),cf,2016,6093816127.598152
210,Japan,2017,6885345150.911195,USD (1),cf,2017,6885345150.911195
210,Japan,2018,7055609524.635303,USD (1),cf,2018,6908451899.6234
210,Japan,2019,6969695219.601126,USD (1),cf,2019,6661614022.929191
212,Kiribati,1976,6008998.472565506,USD (1),cf,1976,25882381.640285157
212,Kiribati,1977,7380427.072906121,USD (1),cf,1977,29848819.616655614
212,Kiribati,1978,7957454.62042128,USD (1),cf,1978,29900786.32015697
212,Kiribati,1979,8993074.396571554,USD (1),cf,1979,30373801.570420813
212,Kiribati,1980,12699220.426028406,USD (1),cf,1980,37773214.11046101
212,Kiribati,1981,13644389.801377606,USD (1),cf,1981,36783141.52269743
212,Kiribati,1982,11855895.377843987,USD (1),cf,1982,30115151.658660237
212,Kiribati,1983,20995912.14526396,USD (1),cf,1983,51671779.48544553
212,Kiribati,1984,19109078.62412865,USD (1),cf,1984,45089132.586847335
212,Kiribati,1985,21259319.985757597,USD (1),cf,1985,48445078.929583944
212,Kiribati,1986,22105779.29680651,USD (1),cf,1986,49435651.88618726
212,Kiribati,1987,28449611.69374772,USD (1),cf,1987,61373438.63028889
212,Kiribati,1988,26671924.22989215,USD (1),cf,1988,55284145.9003262
212,Kiribati,1989,38133939.18674324,USD (1),cf,1989,75402328.1875223
212,Kiribati,1990,35993256.76483445,USD (1),cf,1990,67524603.10738623
212,Kiribati,1991,36584763.61040118,USD (1),cf,1991,65845746.89491558
212,Kiribati,1992,43214446.00901543,USD (1),cf,1992,75491438.41105145
212,Kiribati,1993,41331622.34280015,USD (1),cf,1993,70132264.53181103
212,Kiribati,1994,49086350.55353273,USD (1),cf,1994,81174065.07023704
212,Kiribati,1995,63929762.19795465,USD (1),cf,1995,102835633.85690743
212,Kiribati,1996,63502615.10991841,USD (1),cf,1996,99239621.01574908
212,Kiribati,1997,53473534.5840604,USD (1),cf,1997,81657629.63309407
212,Kiribati,1998,57730363.44293801,USD (1),cf,1998,86810547.31035146
212,Kiribati,1999,100577588.5807703,USD (1),cf,1999,148002621.0751305
212,Kiribati,2000,37279753.222360454,USD (1),cf,2000,53066188.01762192
212,Kiribati,2001,44932257.844522655,USD (1),cf,2001,62201296.99402467
212,Kiribati,2002,33943455.63516695,USD (1),cf,2002,46255486.87802984
212,Kiribati,2003,40416638.05071256,USD (1),cf,2003,53854094.56158451
212,Kiribati,2004,37316790.66761026,USD (1),cf,2004,48427121.74948482
212,Kiribati,2005,39692494.65776333,USD (1),cf,2005,49819881.81082063
212,Kiribati,2006,35552431.98405421,USD (1),cf,2006,43228956.12955915
212,Kiribati,2007,46373831.32301417,USD (1),cf,2007,54823004.35294848
212,Kiribati,2008,40575629.422574095,USD (1),cf,2008,46194918.20833067
212,Kiribati,2009,57761535.903209776,USD (1),cf,2009,65995532.76725305
212,Kiribati,2010,57123425.27770609,USD (1),cf,2010,64213331.9390895
212,Kiribati,2011,106437178.89665468,USD (1),cf,2011,115986190.08394192
212,Kiribati,2012,126491013.73821306,USD (1),cf,2012,135044625.89022624
212,Kiribati,2013,94298422.77027234,USD (1),cf,2013,99221666.78815174
212,Kiribati,2014,116458795.24527615,USD (1),cf,2014,120582890.937059
212,Kiribati,2015,150818950.66048673,USD (1),cf,2015,155974796.5110903
212,Kiribati,2016,231110956.53022265,USD (1),cf,2016,236033874.13482675
212,Kiribati,2017,254384136.30655655,USD (1),cf,2017,254384136.30655655
212,Kiribati,2018,292746132.19499606,USD (1),cf,2018,286640376.8531197
212,Kiribati,2019,315779821.15411943,USD (1),cf,2019,301821416.6442048
214,Egypt,1976,11854462.293038543,USD (1),cf,1976,51060375.30373973
214,Egypt,1977,13012360.71381006,USD (1),cf,1977,52626169.718446195
214,Egypt,1978,13473116.75352438,USD (1),cf,1978,50626337.73365227
214,Egypt,1979,21089486.539265458,USD (1),cf,1979,71229020.36815292
214,Egypt,1980,28659846.097588513,USD (1),cf,1980,85247319.65422219
214,Egypt,1981,23363091.80060156,USD (1),cf,1981,62983242.535516895
214,Egypt,1982,17821855.663638506,USD (1),cf,1982,45269283.25904539
214,Egypt,1983,17997443.79842536,USD (1),cf,1983,44292428.965211935
214,Egypt,1984,12520003.787320672,USD (1),cf,1984,29541775.50149013
214,Egypt,1985,14780662.546797024,USD (1),cf,1985,33681715.32254256
214,Egypt,1986,21950924.91176575,USD (1),cf,1986,49089347.53884265
214,Egypt,1987,29589168.763337407,USD (1),cf,1987,63831768.69922072
214,Egypt,1988,41165158.69222723,USD (1),cf,1988,85324951.41841418
214,Egypt,1989,70689114.57841185,USD (1),cf,1989,139773753.52241936
214,Egypt,1990,89975929.76313712,USD (1),cf,1990,168797977.52588388
214,Egypt,1991,89522409.96678993,USD (1),cf,1991,161123630.88824883
214,Egypt,1992,97428659.43822277,USD (1),cf,1992,170198401.75476247
214,Egypt,1993,112074328.85720263,USD (1),cf,1993,190169803.0009149
214,Egypt,1994,138014331.8659632,USD (1),cf,1994,228234208.2712991
214,Egypt,1995,182856763.810003,USD (1),cf,1995,294138294.3549583
214,Egypt,1996,155083328.66142374,USD (1),cf,1996,242358692.4031533
214,Egypt,1997,136792502.28895268,USD (1),cf,1997,208891212.73507723
214,Egypt,1998,148376411.38087967,USD (1),cf,1998,223117207.5099014
214,Egypt,1999,150108291.31063807,USD (1),cf,1999,220888379.53439745
214,Egypt,2000,147876062.91134822,USD (1),cf,2000,210495464.14520037
214,Egypt,2001,151783285.06273395,USD (1),cf,2001,210118913.3558468
214,Egypt,2002,146669618.6045532,USD (1),cf,2002,199869886.30997655
214,Egypt,2003,154379809.9633765,USD (1),cf,2003,205706988.14026034
214,Egypt,2004,143930706.5600292,USD (1),cf,2004,186783207.3812759
214,Egypt,2005,138362169.32336268,USD (1),cf,2005,173664743.98278877
214,Egypt,2006,146564314.48860577,USD (1),cf,2006,178210658.6696674
214,Egypt,2007,192933276.181358,USD (1),cf,2007,228085140.6528063
214,Egypt,2008,209763227.0193936,USD (1),cf,2008,238813180.55131373
214,Egypt,2009,210858667.07672435,USD (1),cf,2009,240916898.32555118
214,Egypt,2010,216223296.81362137,USD (1),cf,2010,243059975.19858283
214,Egypt,2011,196035158.23275188,USD (1),cf,2011,213622451.86897027
214,Egypt,2012,168329982.80843768,USD (1),cf,2012,179712841.9060674
214,Egypt,2013,189160905.54968977,USD (1),cf,2013,199036842.70012268
214,Egypt,2014,209303975.5595846,USD (1),cf,2014,216715950.0872304
214,Egypt,2015,194186304.83877373,USD (1),cf,2015,200824692.452946
214,Egypt,2016,178376364.089476,USD (1),cf,2016,182175976.86511052
214,Egypt,2017,241555857.7491357,USD (1),cf,2017,241555857.7491357
214,Egypt,2018,201569816.8591945,USD (1),cf,2018,197365710.12404796
214,Egypt,2019,210811584.8853053,USD (1),cf,2019,201493087.6917524
215,Jordan,1976,10780.64610466266,USD (1),cf,1976,46435.15855157188
215,Jordan,1977,8572.64360438425,USD (1),cf,1977,34670.526523390625
215,Jordan,1978,9778.78988790095,USD (1),cf,1978,36744.60249606278
215,Jordan,1979,11950.840374219972,USD (1),cf,1979,40363.555122452366
215,Jordan,1980,19544.692387183542,USD (1),cf,1980,58134.737841940805
215,Jordan,1981,11941.553846034576,USD (1),cf,1981,32192.56203566193
215,Jordan,1982,5452.54908768301,USD (1),cf,1982,13850.016170750334
215,Jordan,1983,5169.7457344216655,USD (1),cf,1983,12722.95100763771
215,Jordan,1984,577.154118114826,USD (1),cf,1984,1361.8332451605038
215,Jordan,1985,513.062313002216,USD (1),cf,1985,1169.150483921347
215,Jordan,1986,636.276325403946,USD (1),cf,1986,1422.919070337229
215,Jordan,1987,734.085063468988,USD (1),cf,1987,1583.6182608470149
215,Jordan,1988,854.335774147562,USD (1),cf,1988,1770.8217516945508
215,Jordan,1989,790.573967778404,USD (1),cf,1989,1563.2037771660875
215,Jordan,1990,872.334805776046,USD (1),cf,1990,1636.5304735173577
215,Jordan,1991,9817.2882824888,USD (1),cf,1991,17669.28676448784
215,Jordan,1992,15680.49938018034,USD (1),cf,1992,27392.308881304667
215,Jordan,1993,19662.27484578111,USD (1),cf,1993,33363.31318777052
215,Jordan,1994,31090.7325128001,USD (1),cf,1994,51414.72355584878
215,Jordan,1995,39725.23147235452,USD (1),cf,1995,63900.900271183
215,Jordan,1996,46626.23991197376,USD (1),cf,1996,72865.82403329965
215,Jordan,1997,50798.4717005155,USD (1),cf,1997,77572.63140193433
215,Jordan,1998,175724.16736791635,USD (1),cf,1998,264240.6912948456
215,Jordan,1999,261440.73754851488,USD (1),cf,1999,384717.06230977864
215,Jordan,2000,213605.42342293012,USD (1),cf,2000,304058.4923761262
215,Jordan,2001,231471.19724265463,USD (1),cf,2001,320433.67896340764
215,Jordan,2002,227225.40788667928,USD (1),cf,2002,309645.01628313883
215,Jordan,2003,186660.17688490203,USD (1),cf,2003,248719.71795943024
215,Jordan,2004,207217.10139944765,USD (1),cf,2004,268911.86563790916
215,Jordan,2005,258065.06633623777,USD (1),cf,2005,323909.37418337184
215,Jordan,2006,216298.7001235744,USD (1),cf,2006,263002.17725517193
215,Jordan,2007,216074.27900148873,USD (1),cf,2007,255442.3648058604
215,Jordan,2008,286156.62038519216,USD (1),cf,2008,325786.23823175865
215,Jordan,2009,481811.6650981803,USD (1),cf,2009,550494.6680246559
215,Jordan,2010,322839.1607136391,USD (1),cf,2010,362908.52813990164
215,Jordan,2011,365149.32649313647,USD (1),cf,2011,397908.6972304884
215,Jordan,2012,311263.8505424443,USD (1),cf,2012,332312.22525143716
215,Jordan,2013,164983.7255418217,USD (1),cf,2013,173597.39177248633
215,Jordan,2014,317881.3617134186,USD (1),cf,2014,329138.33162779314
215,Jordan,2015,243594.4784832879,USD (1),cf,2015,251921.91728071915
215,Jordan,2016,363948.5873938761,USD (1),cf,2016,371701.09266213153
215,Jordan,2017,461238.2322430694,USD (1),cf,2017,461238.2322430694
215,Jordan,2018,418761.5160864385,USD (1),cf,2018,410027.4797231026
215,Jordan,2019,434848.6000267517,USD (1),cf,2019,415627.00240357406
216,Indonesia,1976,494187337.755482,USD (1),cf,1976,2128598523.6942415
216,Indonesia,1977,711208287.364891,USD (1),cf,1977,2876354941.214285
216,Indonesia,1978,839925166.025986,USD (1),cf,1978,3156087481.770116
216,Indonesia,1979,938170351.2208948,USD (1),cf,1979,3168638313.289053
216,Indonesia,1980,1190987694.7896583,USD (1),cf,1980,3542535028.843787
216,Indonesia,1981,1146376772.1653252,USD (1),cf,1981,3090452534.9043307
216,Indonesia,1982,1098863919.1824934,USD (1),cf,1982,2791223481.9693956
216,Indonesia,1983,1155679268.4950435,USD (1),cf,1983,2844172899.2015715
216,Indonesia,1984,1211193874.298592,USD (1),cf,1984,2857891908.9102206
216,Indonesia,1985,1246212130.065114,USD (1),cf,1985,2839829545.0868316
216,Indonesia,1986,1697212432.289192,USD (1),cf,1986,3795514369.931242
216,Indonesia,1987,1477392446.3098297,USD (1),cf,1987,3187131536.715334
216,Indonesia,1988,2051725267.2032444,USD (1),cf,1988,4252707005.380863
216,Indonesia,1989,2439064048.453051,USD (1),cf,1989,4822767114.3866005
216,Indonesia,1990,2473746828.7378607,USD (1),cf,1990,4640835195.604664
216,Indonesia,1991,2832049923.001808,USD (1),cf,1991,5097161332.230823
216,Indonesia,1992,3344831600.3831015,USD (1),cf,1992,5843095818.073926
216,Indonesia,1993,3702043512.3429112,USD (1),cf,1993,6281696197.708899
216,Indonesia,1994,4428266191.140621,USD (1),cf,1994,7323020837.655435
216,Indonesia,1995,5323276151.703867,USD (1),cf,1995,8562873666.896576
216,Indonesia,1996,4829994651.25027,USD (1),cf,1996,7548143298.799459
216,Indonesia,1997,4801619784.26413,USD (1),cf,1997,7332391491.084502
216,Indonesia,1998,4528842883.747005,USD (1),cf,1998,6810130856.170126
216,Indonesia,1999,4838503883.657681,USD (1),cf,1999,7119988329.094324
216,Indonesia,2000,4622567320.604362,USD (1),cf,2000,6580033539.818963
216,Indonesia,2001,4597952675.512169,USD (1),cf,2001,6365106799.743576
216,Indonesia,2002,4459159253.934306,USD (1),cf,2002,6076593514.058963
216,Indonesia,2003,4924628569.718436,USD (1),cf,2003,6561936505.988566
216,Indonesia,2004,4909965245.08522,USD (1),cf,2004,6371809591.757372
216,Indonesia,2005,5062047493.077253,USD (1),cf,2005,6353609416.598975
216,Indonesia,2006,5306384994.3568735,USD (1),cf,2006,6452146065.014311
216,Indonesia,2007,6594704849.072225,USD (1),cf,2007,7796240300.457405
216,Indonesia,2008,7786248850.1505375,USD (1),cf,2008,8864560671.049095
216,Indonesia,2009,8432200224.498821,USD (1),cf,2009,9634223493.44119
216,Indonesia,2010,8445464876.886132,USD (1),cf,2010,9493678589.527124
216,Indonesia,2011,8852196406.784063,USD (1),cf,2011,9646371181.018913
216,Indonesia,2012,9004968691.817646,USD (1),cf,2012,9613905306.004654
216,Indonesia,2013,9840261311.69855,USD (1),cf,2013,10354013357.7451
216,Indonesia,2014,10940530746.896118,USD (1),cf,2014,11327962160.934572
216,Indonesia,2015,11076995763.773323,USD (1),cf,2015,11455670210.158838
216,Indonesia,2016,10922209194.921572,USD (1),cf,2016,11154864265.603245
216,Indonesia,2017,16156995813.388128,USD (1),cf,2017,16156995813.388128
216,Indonesia,2018,14117580350.95896,USD (1),cf,2018,13823132424.36835
216,Indonesia,2019,13475547072.052048,USD (1),cf,2019,12879887931.019424
218,Canada,1976,843893548.5644673,USD (1),cf,1976,3634877756.6579676
218,Canada,1977,1013761796.2247522,USD (1),cf,1977,4099978590.7855844
218,Canada,1978,1273318834.4680352,USD (1),cf,1978,4784599624.250749
218,Canada,1979,1513358311.636709,USD (1),cf,1979,5111316001.135755
218,Canada,1980,1479299469.7345965,USD (1),cf,1980,4400104394.538159
218,Canada,1981,1506058776.0858686,USD (1),cf,1981,4060098979.045128
218,Canada,1982,1421729266.3682332,USD (1),cf,1982,3611333527.3055673
218,Canada,1983,1408659410.069671,USD (1),cf,1983,3466767145.129085
218,Canada,1984,1223142187.5999942,USD (1),cf,1984,2886084742.967424
218,Canada,1985,1437138253.0658617,USD (1),cf,1985,3274906071.743715
218,Canada,1986,1765065819.3636258,USD (1),cf,1986,3947256426.959515
218,Canada,1987,1987166994.8222592,USD (1),cf,1987,4286851888.0931554
218,Canada,1988,1916172435.5040336,USD (1),cf,1988,3971740305.705598
218,Canada,1989,1728782861.673088,USD (1),cf,1989,3418326443.0797153
218,Canada,1990,1933834450.1843,USD (1),cf,1990,3627940771.71877
218,Canada,1991,1978682430.144456,USD (1),cf,1991,3561259104.149767
218,Canada,1992,1740440578.029853,USD (1),cf,1992,3040380586.5525866
218,Canada,1993,1522764447.0057683,USD (1),cf,1993,2583854999.23762
218,Canada,1994,1526929666.149115,USD (1),cf,1994,2525082567.3521814
218,Canada,1995,1323563118.308849,USD (1),cf,1995,2129046746.638299
218,Canada,1996,1268139634.5361302,USD (1),cf,1996,1981803371.5395725
218,Canada,1997,1399263998.4494913,USD (1),cf,1997,2136768819.0630682
218,Canada,1998,1403285301.0019732,USD (1),cf,1998,2110154132.8933809
218,Canada,1999,1401251851.8605218,USD (1),cf,1999,2061979709.2787821
218,Canada,2000,1507297533.3032873,USD (1),cf,2000,2145575745.1954894
218,Canada,2001,1552321456.5204034,USD (1),cf,2001,2148932917.667591
218,Canada,2002,1549229172.7944558,USD (1),cf,2002,2111168363.1589832
218,Canada,2003,1664793297.164693,USD (1),cf,2003,2218292761.968577
218,Canada,2004,1805383423.464929,USD (1),cf,2004,2342900375.0990777
218,Canada,2005,1748949511.2319725,USD (1),cf,2005,2195187243.6827903
218,Canada,2006,1907559222.614637,USD (1),cf,2006,2319441718.8092628
218,Canada,2007,2066619584.4320295,USD (1),cf,2007,2443151476.6169133
218,Canada,2008,1998715020.8485785,USD (1),cf,2008,2275515579.7655797
218,Canada,2009,1972889552.2659569,USD (1),cf,2009,2254128029.2635694
218,Canada,2010,2077312759.6613784,USD (1),cf,2010,2335139623.1748996
218,Canada,2011,2196433783.508854,USD (1),cf,2011,2393486833.845957
218,Canada,2012,1968827808.5832808,USD (1),cf,2012,2101964455.772882
218,Canada,2013,2168088133.822374,USD (1),cf,2013,2281282253.315551
218,Canada,2014,2412972602.04269,USD (1),cf,2014,2498421965.412074
218,Canada,2015,2306199170.2588296,USD (1),cf,2015,2385038118.3523707
218,Canada,2016,2274844129.1739774,USD (1),cf,2016,2323300811.53718
218,Canada,2017,2118868326.2582808,USD (1),cf,2017,2118868326.2582808
218,Canada,2018,1976874090.930863,USD (1),cf,2018,1935642770.6383774
218,Canada,2019,2131135836.438441,USD (1),cf,2019,2036933312.7880633
219,Saint Pierre and Miquelon,1976,5784841.9999072915,USD (1),cf,1976,24916879.08624589
219,Saint Pierre and Miquelon,1977,5344687.265764147,USD (1),cf,1977,21615633.421659525
219,Saint Pierre and Miquelon,1978,7240272.252177583,USD (1),cf,1978,27205914.936234
219,Saint Pierre and Miquelon,1979,10168480.58987436,USD (1),cf,1979,34343695.836349905
219,Saint Pierre and Miquelon,1980,8327613.123867091,USD (1),cf,1980,24770080.60370312
219,Saint Pierre and Miquelon,1981,9669332.044484606,USD (1),cf,1981,26067007.334129404
219,Saint Pierre and Miquelon,1982,9362952.649975557,USD (1),cf,1982,23782829.55784186
219,Saint Pierre and Miquelon,1983,8162468.131250829,USD (1),cf,1983,20088160.51509855
219,Saint Pierre and Miquelon,1984,9709253.135790177,USD (1),cf,1984,22909623.77464543
219,Saint Pierre and Miquelon,1985,10744171.5783258,USD (1),cf,1985,24483484.913613867
219,Saint Pierre and Miquelon,1986,24348790.087992072,USD (1),cf,1986,54451747.41311717
219,Saint Pierre and Miquelon,1987,30353695.874584496,USD (1),cf,1987,65481058.61742467
219,Saint Pierre and Miquelon,1988,15772563.534422183,USD (1),cf,1988,32692530.772935785
219,Saint Pierre and Miquelon,1989,18799885.736700825,USD (1),cf,1989,37173058.55198483
219,Saint Pierre and Miquelon,1990,30184508.55577729,USD (1),cf,1990,56627189.18538351
219,Saint Pierre and Miquelon,1991,36876687.60852988,USD (1),cf,1991,66371155.61145213
219,Saint Pierre and Miquelon,1992,25306861.899978403,USD (1),cf,1992,44208628.89462112
219,Saint Pierre and Miquelon,1993,830187.655752091,USD (1),cf,1993,1408677.835129595
219,Saint Pierre and Miquelon,1994,924289.5662777649,USD (1),cf,1994,1528497.0373779947
219,Saint Pierre and Miquelon,1995,1287633.1384622552,USD (1),cf,1995,2071250.7823650483
219,Saint Pierre and Miquelon,1996,2300508.9684148165,USD (1),cf,1996,3595153.329884836
219,Saint Pierre and Miquelon,1997,7309171.241352618,USD (1),cf,1997,11161588.677348172
219,Saint Pierre and Miquelon,1998,12735970.676629912,USD (1),cf,1998,19151387.91841569
219,Saint Pierre and Miquelon,1999,10794902.259792378,USD (1),cf,1999,15884988.40789055
219,Saint Pierre and Miquelon,2000,11500177.665445773,USD (1),cf,2000,16370027.628416823
219,Saint Pierre and Miquelon,2001,7381474.883241925,USD (1),cf,2001,10218434.004701024
219,Saint Pierre and Miquelon,2002,5876513.703712548,USD (1),cf,2002,8008053.317618595
219,Saint Pierre and Miquelon,2003,6148241.7145704655,USD (1),cf,2003,8192368.45648815
219,Saint Pierre and Miquelon,2004,9238155.948648635,USD (1),cf,2004,11988632.861031204
219,Saint Pierre and Miquelon,2005,9642845.500995325,USD (1),cf,2005,12103180.395229442
219,Saint Pierre and Miquelon,2006,6368825.938772979,USD (1),cf,2006,7743990.544092724
219,Saint Pierre and Miquelon,2007,13387330.296513842,USD (1),cf,2007,15826461.73890542
219,Saint Pierre and Miquelon,2008,11756718.472490553,USD (1),cf,2008,13384897.682768155
219,Saint Pierre and Miquelon,2009,9729572.77907215,USD (1),cf,2009,11116538.525370961
219,Saint Pierre and Miquelon,2010,12987682.82140259,USD (1),cf,2010,14599656.517022947
219,Saint Pierre and Miquelon,2011,8621204.357343024,USD (1),cf,2011,9394655.680551155
219,Saint Pierre and Miquelon,2012,10439530.979620146,USD (1),cf,2012,11145475.982428046
219,Saint Pierre and Miquelon,2013,7804404.841900909,USD (1),cf,2013,8211866.476170264
219,Saint Pierre and Miquelon,2014,5692757.14437988,USD (1),cf,2014,5894351.838572421
219,Saint Pierre and Miquelon,2015,10055129.863261,USD (1),cf,2015,10398871.146141818
219,Saint Pierre and Miquelon,2016,8337608.738544364,USD (1),cf,2016,8515208.97635011
219,Saint Pierre and Miquelon,2017,10668890.300320257,USD (1),cf,2017,10668890.300320257
219,Saint Pierre and Miquelon,2018,12323329.913986107,USD (1),cf,2018,12066304.35778881
219,Saint Pierre and Miquelon,2019,13821646.767293222,USD (1),cf,2019,13210688.993405346
220,Sint Maarten,2011,199606.76834265864,USD (1),cf,2011,217514.48896923574
220,Sint Maarten,2012,193233.8108659064,USD (1),cf,2012,206300.723873839
220,Sint Maarten,2013,353225.0142868674,USD (1),cf,2013,371666.60522195365
220,Sint Maarten,2014,341472.3618396058,USD (1),cf,2014,353564.74776339676
220,Sint Maarten,2015,319372.6554470858,USD (1),cf,2015,330290.62147968274
220,Sint Maarten,2016,363146.7155378995,USD (1),cf,2016,370882.1400535343
220,Sint Maarten,2017,361627.8088422198,USD (1),cf,2017,361627.8088422198
220,Sint Maarten,2018,406385.7940896401,USD (1),cf,2018,397909.87601509236
220,Sint Maarten,2019,377481.60260711634,USD (1),cf,2019,360795.7963862389
221,Northern Saint-Martin,2007,47896.01438022973,USD (1),cf,2007,56622.52459940909
221,Northern Saint-Martin,2008,58204.83463285923,USD (1),cf,2008,66265.5789560829
221,Northern Saint-Martin,2009,56393.71189057503,USD (1),cf,2009,64432.723312238966
221,Northern Saint-Martin,2010,57315.079377672206,USD (1),cf,2010,64428.773297495136
221,Northern Saint-Martin,2011,60871.1241685725,USD (1),cf,2011,66332.17689182087
221,Northern Saint-Martin,2012,61876.67942290329,USD (1),cf,2012,66060.92225088275
221,Northern Saint-Martin,2013,121123.0908796086,USD (1),cf,2013,127446.82901945886
221,Northern Saint-Martin,2014,116696.6373017547,USD (1),cf,2014,120829.15557251393
221,Northern Saint-Martin,2015,107708.5253787543,USD (1),cf,2015,111390.6127505117
221,Northern Saint-Martin,2016,121132.5493054653,USD (1),cf,2016,123712.80585590914
221,Northern Saint-Martin,2017,125581.5515592225,USD (1),cf,2017,125581.5515592225
221,Northern Saint-Martin,2018,139828.5398429127,USD (1),cf,2018,136912.1602218014
221,Northern Saint-Martin,2019,134555.14428787978,USD (1),cf,2019,128607.40789992518
222,Sweden,1976,57417973.02047092,USD (1),cf,1976,247314739.30512378
222,Sweden,1977,66315933.19138611,USD (1),cf,1977,268202951.94115895
222,Sweden,1978,71881051.82535262,USD (1),cf,1978,270098929.06988525
222,Sweden,1979,81725745.24331905,USD (1),cf,1979,276025912.8025979
222,Sweden,1980,101053505.67089468,USD (1),cf,1980,300578742.49476016
222,Sweden,1981,102864650.9926541,USD (1),cf,1981,277307015.57380414
222,Sweden,1982,97080436.16527948,USD (1),cf,1982,246593948.83576775
222,Sweden,1983,96556611.98431054,USD (1),cf,1983,237629683.7115717
222,Sweden,1984,97236368.4548142,USD (1),cf,1984,229435630.87268293
222,Sweden,1985,93999081.56803086,USD (1),cf,1985,214202191.27057725
222,Sweden,1986,101675941.13009028,USD (1),cf,1986,227380196.07541043
222,Sweden,1987,120191055.99494936,USD (1),cf,1987,259284326.2123243
222,Sweden,1988,118442488.93236336,USD (1),cf,1988,245501291.2640171
222,Sweden,1989,108213054.77254544,USD (1),cf,1989,213969929.25845823
222,Sweden,1990,132953682.48921576,USD (1),cf,1990,249425738.28220332
222,Sweden,1991,137289469.99138972,USD (1),cf,1991,247095424.4411209
222,Sweden,1992,111855380.0425513,USD (1),cf,1992,195400480.93328315
222,Sweden,1993,112706468.58651572,USD (1),cf,1993,191242429.43569544
222,Sweden,1994,121912193.02941255,USD (1),cf,1994,201606112.0500761
222,Sweden,1995,123503968.93923014,USD (1),cf,1995,198665042.5881903
222,Sweden,1996,125199424.45852672,USD (1),cf,1996,195657193.2218503
222,Sweden,1997,114322182.9576154,USD (1),cf,1997,174577546.58287492
222,Sweden,1998,100523947.4185274,USD (1),cf,1998,151160297.160174
222,Sweden,1999,91725442.7364728,USD (1),cf,1999,134976450.87576023
222,Sweden,2000,93676440.5424646,USD (1),cf,2000,133344541.66038746
222,Sweden,2001,131131014.83595876,USD (1),cf,2001,181529252.92922097
222,Sweden,2002,90821912.42832848,USD (1),cf,2002,123764999.76076937
222,Sweden,2003,112690720.56568056,USD (1),cf,2003,150157386.0236072
222,Sweden,2004,104747805.10146064,USD (1),cf,2004,135934377.5251986
222,Sweden,2005,94218425.24892956,USD (1),cf,2005,118257893.60874131
222,Sweden,2006,88486823.85291967,USD (1),cf,2006,107593005.96081722
222,Sweden,2007,97227195.40867274,USD (1),cf,2007,114941698.90744719
222,Sweden,2008,97428365.93292224,USD (1),cf,2008,110921147.97703443
222,Sweden,2009,86163535.41945621,USD (1),cf,2009,98446281.52973163
222,Sweden,2010,85330113.01789512,USD (1),cf,2010,95920908.89123508
222,Sweden,2011,86212707.39080133,USD (1),cf,2011,93947280.17725609
222,Sweden,2012,91414606.86031334,USD (1),cf,2012,97596272.01583311
222,Sweden,2013,102530278.21917982,USD (1),cf,2013,107883300.7201375
222,Sweden,2014,139671054.66994184,USD (1),cf,2014,144617154.22058475
222,Sweden,2015,101080012.28199172,USD (1),cf,2015,104535499.53754391
222,Sweden,2016,126073039.62494136,USD (1),cf,2016,128758534.05391021
222,Sweden,2017,102060924.55829474,USD (1),cf,2017,102060924.55829474
222,Sweden,2018,104323483.6712916,USD (1),cf,2018,102147626.85319072
222,Sweden,2019,155535305.53774953,USD (1),cf,2019,148660183.8078861
223,Norway,1976,958112032.7287596,USD (1),cf,1976,4126847659.964155
223,Norway,1977,1220088249.8353553,USD (1),cf,1977,4934429095.496302
223,Norway,1978,1086388308.6886983,USD (1),cf,1978,4082192890.607744
223,Norway,1979,1190427448.8744009,USD (1),cf,1979,4020628043.495095
223,Norway,1980,1321543903.2507472,USD (1),cf,1980,3930868127.2710733
223,Norway,1981,1307375062.0782056,USD (1),cf,1981,3524478751.4655013
223,Norway,1982,1316088055.0124614,USD (1),cf,1982,3342994359.32261
223,Norway,1983,1579958585.4511745,USD (1),cf,1983,3888341266.5634
223,Norway,1984,1081892387.250538,USD (1),cf,1984,2552796513.791343
223,Norway,1985,1043484564.3938566,USD (1),cf,1985,2377860256.9475107
223,Norway,1986,1231583185.213065,USD (1),cf,1986,2754217202.461183
223,Norway,1987,1199861631.1635356,USD (1),cf,1987,2588423173.4957957
223,Norway,1988,930818053.8751146,USD (1),cf,1988,1929350153.1253266
223,Norway,1989,981992547.7939572,USD (1),cf,1989,1941696188.3707457
223,Norway,1990,1310570217.2340195,USD (1),cf,1990,2458675366.3688693
223,Norway,1991,1700004844.682669,USD (1),cf,1991,3059691458.3119206
223,Norway,1992,1482917860.3539584,USD (1),cf,1992,2590513419.984707
223,Norway,1993,1404473305.189999,USD (1),cf,1993,2383136392.530457
223,Norway,1994,1510415027.127707,USD (1),cf,1994,2497772319.851234
223,Norway,1995,1514862100.8612928,USD (1),cf,1995,2436764958.7919397
223,Norway,1996,1585314842.5514305,USD (1),cf,1996,2477473469.2913976
223,Norway,1997,1492964143.5570245,USD (1),cf,1997,2279855147.75395
223,Norway,1998,1437424455.8764555,USD (1),cf,1998,2161490007.857965
223,Norway,1999,1217923485.9656682,USD (1),cf,1999,1792207098.3748205
223,Norway,2000,1246363707.2165637,USD (1),cf,2000,1774147227.6115742
223,Norway,2001,1438955066.8216512,USD (1),cf,2001,1991995857.0108001
223,Norway,2002,1429050508.314918,USD (1),cf,2002,1947398277.472919
223,Norway,2003,1337762520.0886548,USD (1),cf,2003,1782532955.0518575
223,Norway,2004,1361131331.5093164,USD (1),cf,2004,1766381072.1336408
223,Norway,2005,1455455910.7080386,USD (1),cf,2005,1826809881.251761
223,Norway,2006,1514204394.396274,USD (1),cf,2006,1841153239.978094
223,Norway,2007,1744017630.9622624,USD (1),cf,2007,2061772414.4438553
223,Norway,2008,1936745730.605032,USD (1),cf,2008,2204964208.5369105
223,Norway,2009,1952883170.9553924,USD (1),cf,2009,2231269707.1519833
223,Norway,2010,2547578863.7342563,USD (1),cf,2010,2863773074.2281127
223,Norway,2011,2460337957.1193027,USD (1),cf,2011,2681067169.604829
223,Norway,2012,2358466727.048014,USD (1),cf,2012,2517951650.6043053
223,Norway,2013,2416870322.818028,USD (1),cf,2013,2543053158.217002
223,Norway,2014,2753310803.551276,USD (1),cf,2014,2850812389.405313
223,Norway,2015,2374898851.239733,USD (1),cf,2015,2456086343.4888463
223,Norway,2016,2709072166.3813033,USD (1),cf,2016,2766778383.6037545
223,Norway,2017,2925823588.7451987,USD (1),cf,2017,2925823588.7451987
223,Norway,2018,3232457912.2577567,USD (1),cf,2018,3165039097.8154464
223,Norway,2019,3862825317.223516,USD (1),cf,2019,3692076983.3626595
224,Chile,1976,669742730.9924805,USD (1),cf,1976,2884763083.8144217
224,Chile,1977,630897720.2963994,USD (1),cf,1977,2551553191.117889
224,Chile,1978,1064846576.166412,USD (1),cf,1978,4001248069.450755
224,Chile,1979,1229449005.4453146,USD (1),cf,1979,4152422017.8344746
224,Chile,1980,1379697767.5028682,USD (1),cf,1980,4103843970.831026
224,Chile,1981,1731104257.6576624,USD (1),cf,1981,4666786410.157886
224,Chile,1982,1453397266.032098,USD (1),cf,1982,3691773391.3740306
224,Chile,1983,1722307236.7475429,USD (1),cf,1983,4238666990.397012
224,Chile,1984,2020950725.4158895,USD (1),cf,1984,4768566658.9232235
224,Chile,1985,2083691579.291244,USD (1),cf,1985,4748251735.770488
224,Chile,1986,3266945084.6261954,USD (1),cf,1986,7305942838.133856
224,Chile,1987,2400016977.7259774,USD (1),cf,1987,5177479969.840423
224,Chile,1988,2967000356.2602067,USD (1),cf,1988,6149840527.740294
224,Chile,1989,3862961020.855109,USD (1),cf,1989,7638241967.181337
224,Chile,1990,2916293742.6091714,USD (1),cf,1990,5471068617.125845
224,Chile,1991,3469739631.5296903,USD (1),cf,1991,6244883799.222019
224,Chile,1992,3649811709.052013,USD (1),cf,1992,6375866435.690353
224,Chile,1993,3232468908.4595966,USD (1),cf,1993,5484913287.427089
224,Chile,1994,4811575007.219978,USD (1),cf,1994,7956898370.36156
224,Chile,1995,4755317443.095986,USD (1),cf,1995,7649271116.281886
224,Chile,1996,4253824587.1753736,USD (1),cf,1996,6647725281.3612795
224,Chile,1997,3610155484.092533,USD (1),cf,1997,5512946576.862074
224,Chile,1998,2007150617.6946015,USD (1),cf,1998,3018201051.6632714
224,Chile,1999,4343341123.418885,USD (1),cf,1999,6391343037.352364
224,Chile,2000,3382395713.5331073,USD (1),cf,2000,4814700510.857658
224,Chile,2001,2344487933.722096,USD (1),cf,2001,3245556694.902043
224,Chile,2002,3158901018.2675786,USD (1),cf,2002,4304703273.879039
224,Chile,2003,2338786934.6480365,USD (1),cf,2003,3116371346.372119
224,Chile,2004,3746042430.792507,USD (1),cf,2004,4861351944.506384
224,Chile,2005,3460510585.708444,USD (1),cf,2005,4343446534.95768
224,Chile,2006,3365943357.8572726,USD (1),cf,2006,4092721921.7142377
224,Chile,2007,3089921320.4128995,USD (1),cf,2007,3652895720.850141
224,Chile,2008,3030137439.500377,USD (1),cf,2008,3449778923.20371
224,Chile,2009,3274610202.739809,USD (1),cf,2009,3741410984.933438
224,Chile,2010,2531123012.97393,USD (1),cf,2010,2845274796.121086
224,Chile,2011,3238227116.945679,USD (1),cf,2011,3528744653.0851407
224,Chile,2012,2667834333.262078,USD (1),cf,2012,2848239403.1413994
224,Chile,2013,3234022278.2493496,USD (1),cf,2013,3402867953.153885
224,Chile,2014,3864146182.168528,USD (1),cf,2014,4000985212.5632443
224,Chile,2015,2506222356.321069,USD (1),cf,2015,2591899229.684393
224,Chile,2016,2266817894.4404616,USD (1),cf,2016,2315103609.1746883
224,Chile,2017,3661065657.9604855,USD (1),cf,2017,3661065657.9604855
224,Chile,2018,4065773113.816354,USD (1),cf,2018,3980973988.6412134
224,Chile,2019,3735337168.049974,USD (1),cf,2019,3570224188.436519
227,Jersey,1976,1975863.7538206852,USD (1),cf,1976,8510579.588108877
227,Jersey,1977,2802917.6352424864,USD (1),cf,1977,11335899.95107863
227,Jersey,1978,4247183.871319483,USD (1),cf,1978,15959140.636860792
227,Jersey,1979,4626841.658242589,USD (1),cf,1979,15626999.647505807
227,Jersey,1980,4998284.413963733,USD (1),cf,1980,14867154.125985866
227,Jersey,1981,4646587.203821043,USD (1),cf,1981,12526472.579847269
227,Jersey,1982,3336519.387058564,USD (1),cf,1982,8475090.590045435
227,Jersey,1983,5006136.062474079,USD (1),cf,1983,12320301.061682936
227,Jersey,1984,5161972.367489926,USD (1),cf,1984,12180014.59230526
227,Jersey,1985,4324009.273253878,USD (1),cf,1985,9853418.203186808
227,Jersey,1986,4202361.658348492,USD (1),cf,1986,9397835.980023041
227,Jersey,1987,4741503.986677071,USD (1),cf,1987,10228695.107481835
227,Jersey,1988,5355881.574759305,USD (1),cf,1988,11101386.456100456
227,Jersey,1989,5108866.368824347,USD (1),cf,1989,10101773.559816387
227,Jersey,1990,5981563.691612927,USD (1),cf,1990,11221621.785343122
227,Jersey,1991,5223908.614703941,USD (1),cf,1991,9402060.598477455
227,Jersey,1992,5350920.6727256905,USD (1),cf,1992,9347538.513468884
227,Jersey,1993,5126012.30423694,USD (1),cf,1993,8697912.89421009
227,Jersey,1994,5659282.503614497,USD (1),cf,1994,9358751.690009175
227,Jersey,1995,6714396.776339761,USD (1),cf,1995,10800591.535498723
227,Jersey,1996,9969077.140520222,USD (1),cf,1996,15579318.042092292
227,Jersey,1997,9269362.04056966,USD (1),cf,1997,14154929.879453344
227,Jersey,1998,8396729.262472957,USD (1),cf,1998,12626365.389377927
227,Jersey,1999,7146308.571754843,USD (1),cf,1999,10515984.86855757
227,Jersey,2000,6967440.8524760315,USD (1),cf,2000,9917864.103708312
227,Jersey,2001,7407897.258081001,USD (1),cf,2001,10255011.422874393
227,Jersey,2002,6517608.850990886,USD (1),cf,2002,8881687.649114847
227,Jersey,2003,6937004.506488852,USD (1),cf,2003,9243373.884731168
227,Jersey,2004,7044885.957384989,USD (1),cf,2004,9142360.41915677
227,Jersey,2005,8062970.152382299,USD (1),cf,2005,10120205.935640128
227,Jersey,2006,7689429.965044197,USD (1),cf,2006,9349740.990132608
227,Jersey,2007,8369628.839104332,USD (1),cf,2007,9894550.119930787
227,Jersey,2008,7883703.522843855,USD (1),cf,2008,8975511.768990235
227,Jersey,2009,6977990.346298543,USD (1),cf,2009,7972713.733242857
227,Jersey,2010,8867627.137858935,USD (1),cf,2010,9968237.761429284
227,Jersey,2011,8091208.4610376125,USD (1),cf,2011,8817111.203989303
227,Jersey,2012,7346504.513563221,USD (1),cf,2012,7843291.980316288
227,Jersey,2013,7545564.332762628,USD (1),cf,2013,7939512.114405789
227,Jersey,2014,8232585.559393779,USD (1),cf,2014,8524121.89691318
227,Jersey,2015,7246030.819788259,USD (1),cf,2015,7493741.1888893675
227,Jersey,2016,8089544.713849776,USD (1),cf,2016,8261860.915050022
227,Jersey,2017,7518669.152606801,USD (1),cf,2017,7518669.152606801
227,Jersey,2018,8467870.429066332,USD (1),cf,2018,8291257.5231368
227,Jersey,2019,8071575.176097646,USD (1),cf,2019,7714787.617828784
231,East Timor,1999,2102557.814304531,USD (1),cf,1999,3093970.255900172
231,East Timor,2000,2067471.640239726,USD (1),cf,2000,2942960.4355925983
231,East Timor,2001,2065687.301984045,USD (1),cf,2001,2859603.223414649
231,East Timor,2002,2177858.0075168284,USD (1),cf,2002,2967814.5788002172
231,East Timor,2003,2250699.4472752064,USD (1),cf,2003,2998997.113792051
231,East Timor,2004,2360482.66871841,USD (1),cf,2004,3063269.363214393
231,East Timor,2005,2241565.377612391,USD (1),cf,2005,2813492.1512683197
231,East Timor,2006,2168819.462180485,USD (1),cf,2006,2637113.5855230703
231,East Timor,2007,1995850.5958482365,USD (1),cf,2007,2359488.5904913577
231,East Timor,2008,2506887.742389709,USD (1),cf,2008,2854064.764124926
231,East Timor,2009,2339632.719067418,USD (1),cf,2009,2673151.0054248907
231,East Timor,2010,2378154.1866852725,USD (1),cf,2010,2673320.1563029448
231,East Timor,2011,2501657.2223091503,USD (1),cf,2011,2726093.392547958
231,East Timor,2012,2565078.759865341,USD (1),cf,2012,2738535.262448708
231,East Timor,2013,4648349.676131915,USD (1),cf,2013,4891036.235076596
231,East Timor,2014,4516070.257902893,USD (1),cf,2014,4675995.541821383
231,East Timor,2015,4162157.36716436,USD (1),cf,2015,4304443.477080093
231,East Timor,2016,4628435.196068092,USD (1),cf,2016,4727025.957192449
231,East Timor,2017,4745050.43473473,USD (1),cf,2017,4745050.43473473
231,East Timor,2018,5669140.148191467,USD (1),cf,2018,5550899.8746680245
231,East Timor,2019,8529386.233452832,USD (1),cf,2019,8152362.068853902
232,Bosnia and Herzegovina,1992,522.683312672678,USD (1),cf,1992,913.0769627101555
232,Bosnia and Herzegovina,1993,436.939441017358,USD (1),cf,1993,741.4069597282336
232,Bosnia and Herzegovina,1994,518.178875213335,USD (1),cf,1994,856.9120592641464
232,Bosnia and Herzegovina,1995,529.669752964727,USD (1),cf,1995,852.0120036157733
232,Bosnia and Herzegovina,1996,1036.138664710528,USD (1),cf,1996,1619.2405340733255
232,Bosnia and Herzegovina,1997,1523.954151015465,USD (1),cf,1997,2327.17894205803
232,Bosnia and Herzegovina,1998,1992.571172209252,USD (1),cf,1998,2996.2775859758326
232,Bosnia and Herzegovina,1999,2439.86606481195,USD (1),cf,1999,3590.3283997949593
232,Bosnia and Herzegovina,2000,2339.5475858340897,USD (1),cf,2000,3330.2492998150906
232,Bosnia and Herzegovina,2001,2288.357927310425,USD (1),cf,2001,3167.853962687475
232,Bosnia and Herzegovina,2002,2313.91007906856,USD (1),cf,2002,3153.215702304859
232,Bosnia and Herzegovina,2003,2329.23063202285,USD (1),cf,2003,3103.637827453743
232,Bosnia and Herzegovina,2004,2356.85517074362,USD (1),cf,2004,3058.5618499762936
232,Bosnia and Herzegovina,2005,2487.0631137748896,USD (1),cf,2005,3121.6276893818845
232,Bosnia and Herzegovina,2006,2585.1861314894304,USD (1),cf,2006,3143.3826500258847
232,Bosnia and Herzegovina,2007,2660.8896877905404,USD (1),cf,2007,3145.6958110782825
232,Bosnia and Herzegovina,2008,3233.601924047735,USD (1),cf,2008,3681.421053115717
232,Bosnia and Herzegovina,2009,3132.983993920835,USD (1),cf,2009,3579.5957395688315
232,Bosnia and Herzegovina,2010,3184.171076537345,USD (1),cf,2010,3579.3762943052852
232,Bosnia and Herzegovina,2011,3381.72912047625,USD (1),cf,2011,3685.120938434493
232,Bosnia and Herzegovina,2012,3437.593301272405,USD (1),cf,2012,3670.051236160153
232,Bosnia and Herzegovina,2013,6729.060604422701,USD (1),cf,2013,7080.379389969938
232,Bosnia and Herzegovina,2014,6483.14651676415,USD (1),cf,2014,6712.730865139663
232,Bosnia and Herzegovina,2015,5983.80696548635,USD (1),cf,2015,6188.367375028429
232,Bosnia and Herzegovina,2016,6729.58607252585,USD (1),cf,2016,6872.933658661619
232,Bosnia and Herzegovina,2017,6976.75286440125,USD (1),cf,2017,6976.75286440125
232,Bosnia and Herzegovina,2018,7768.2522134951505,USD (1),cf,2018,7606.231123433411
232,Bosnia and Herzegovina,2019,7475.2857937711,USD (1),cf,2019,7144.855994440288
244,Curacao,1976,238269.2725503408,USD (1),cf,1976,1026290.200181743
244,Curacao,1977,331628.08153557,USD (1),cf,1977,1341210.5678696271
244,Curacao,1978,408580.6755104882,USD (1),cf,1978,1535275.292884764
244,Curacao,1979,535592.5892634309,USD (1),cf,1979,1808945.6743599519
244,Curacao,1980,652533.764423231,USD (1),cf,1980,1940929.9760908564
244,Curacao,1981,601637.7338519132,USD (1),cf,1981,1621921.2608126693
244,Curacao,1982,496859.4274722755,USD (1),cf,1982,1262072.2884688375
244,Curacao,1983,533538.1441039512,USD (1),cf,1983,1313058.7105943821
244,Curacao,1984,533328.2328097334,USD (1),cf,1984,1258423.175416893
244,Curacao,1985,495354.78445861023,USD (1),cf,1985,1128799.117155263
244,Curacao,1986,617910.0817744012,USD (1),cf,1986,1381846.2262480706
244,Curacao,1987,794777.5044762451,USD (1),cf,1987,1714548.1253238623
244,Curacao,1988,1739463.857923142,USD (1),cf,1988,3605468.1649849648
244,Curacao,1989,1685622.5661877338,USD (1),cf,1989,3332985.488689447
244,Curacao,1990,1615455.7711350217,USD (1),cf,1990,3030651.2827148065
244,Curacao,1991,1419081.3842303646,USD (1),cf,1991,2554081.6566258627
244,Curacao,1992,1490371.3152868634,USD (1),cf,1992,2603533.8815659927
244,Curacao,1993,1460142.5709698626,USD (1),cf,1993,2477597.036769968
244,Curacao,1994,1499546.9107930132,USD (1),cf,1994,2479799.723139624
244,Curacao,1995,1546854.478543015,USD (1),cf,1995,2488227.0059571136
244,Curacao,1996,20282417.709506683,USD (1),cf,1996,31696638.686304756
244,Curacao,1997,27847737.649327926,USD (1),cf,1997,42525340.14772658
244,Curacao,1998,24654189.208434895,USD (1),cf,1998,37073102.10843656
244,Curacao,1999,27872374.42578665,USD (1),cf,1999,41014947.05543741
244,Curacao,2000,23044634.78666158,USD (1),cf,2000,32803085.23214478
244,Curacao,2001,24446244.123596657,USD (1),cf,2001,33841791.26679763
244,Curacao,2002,14853267.53100819,USD (1),cf,2002,20240871.429266214
244,Curacao,2003,18566373.247901555,USD (1),cf,2003,24739198.23077751
244,Curacao,2004,20784310.555455256,USD (1),cf,2004,26972425.00603794
244,Curacao,2005,610389.7568899269,USD (1),cf,2005,766128.3527021647
244,Curacao,2006,6726871.854987495,USD (1),cf,2006,8179346.167903416
244,Curacao,2007,4767375.02189055,USD (1),cf,2007,5635976.457427966
244,Curacao,2008,32164695.364449963,USD (1),cf,2008,36619160.13877025
244,Curacao,2009,39944279.78282732,USD (1),cf,2009,45638399.049659185
244,Curacao,2010,29391065.042116527,USD (1),cf,2010,33038953.921577346
244,Curacao,2011,45069379.58003199,USD (1),cf,2011,49112778.83464477
244,Curacao,2012,49144143.80299867,USD (1),cf,2012,52467383.40090081
244,Curacao,2013,31664231.95253305,USD (1),cf,2013,33317395.769714084
244,Curacao,2014,31496643.457178418,USD (1),cf,2014,32612017.966366798
244,Curacao,2015,34662182.6217108,USD (1),cf,2015,35847132.3223974
244,Curacao,2016,50478387.811520875,USD (1),cf,2016,51553632.99998026
244,Curacao,2017,53444318.21974726,USD (1),cf,2017,53444318.21974726
244,Curacao,2018,58918220.63604516,USD (1),cf,2018,57689373.51965434
244,Curacao,2019,41939546.7140868,USD (1),cf,2019,40085694.38160363
245,Bonaire,2011,785766.0266962732,USD (1),cf,2011,856261.0234379502
245,Bonaire,2012,1210360.5282948725,USD (1),cf,2012,1292207.8802701416
245,Bonaire,2013,1704822.4668734656,USD (1),cf,2013,1793829.8623845088
245,Bonaire,2014,1927187.5865213152,USD (1),cf,2014,1995434.0938468522
245,Bonaire,2015,2383619.453597571,USD (1),cf,2015,2465105.0654217405
245,Bonaire,2016,1754665.1087492767,USD (1),cf,2016,1792041.405761473
245,Bonaire,2017,1642797.7748307143,USD (1),cf,2017,1642797.7748307143
245,Bonaire,2018,1754784.4149823154,USD (1),cf,2018,1718185.1805696024
245,Bonaire,2019,1776988.6781361594,USD (1),cf,2019,1698440.5090723191
247,Brunei,1976,271912.84995551105,USD (1),cf,1976,1171202.187448952
247,Brunei,1977,599772.9442187072,USD (1),cf,1977,2425674.591197517
247,Brunei,1978,885577.0979589941,USD (1),cf,1978,3327628.348409574
247,Brunei,1979,926051.6462029766,USD (1),cf,1979,3127707.8010667767
247,Brunei,1980,807840.352548655,USD (1),cf,1980,2402881.876225053
247,Brunei,1981,793730.3740697764,USD (1),cf,1981,2139772.984008738
247,Brunei,1982,714295.8175284946,USD (1),cf,1982,1814382.3126355174
247,Brunei,1983,964668.209459527,USD (1),cf,1983,2374087.0437513255
247,Brunei,1984,1011827.2839199958,USD (1),cf,1984,2387473.2768147076
247,Brunei,1985,926601.6780430768,USD (1),cf,1985,2111511.1611827086
247,Brunei,1986,1238489.247854436,USD (1),cf,1986,2769661.3858151874
247,Brunei,1987,1412074.0042770316,USD (1),cf,1987,3046222.147979915
247,Brunei,1988,948029.2694521744,USD (1),cf,1988,1965024.6453322952
247,Brunei,1989,953320.691762358,USD (1),cf,1989,1885003.2595953306
247,Brunei,1990,883725.827935071,USD (1),cf,1990,1657900.4277646514
247,Brunei,1991,948378.3892845596,USD (1),cf,1991,1706904.110313426
247,Brunei,1992,1090319.1537595044,USD (1),cf,1992,1904681.6249189873
247,Brunei,1993,975501.981448962,USD (1),cf,1993,1655249.8822055545
247,Brunei,1994,3141403.748252539,USD (1),cf,1994,5194937.276798343
247,Brunei,1995,2613396.5160817974,USD (1),cf,1995,4203836.80481301
247,Brunei,1996,3299261.412440338,USD (1),cf,1996,5155968.012273642
247,Brunei,1997,2381875.9385119444,USD (1),cf,1997,3637282.344095569
247,Brunei,1998,2580810.8984248065,USD (1),cf,1998,3880827.9254681137
247,Brunei,1999,1670083.3969440914,USD (1),cf,1999,2457572.5432439083
247,Brunei,2000,1332160.1736679303,USD (1),cf,2000,1896274.9518161695
247,Brunei,2001,1543575.365126461,USD (1),cf,2001,2136825.3972706874
247,Brunei,2002,2000830.707959014,USD (1),cf,2002,2726575.6189323273
247,Brunei,2003,1435731.562572504,USD (1),cf,2003,1913074.096831464
247,Brunei,2004,1331914.997367387,USD (1),cf,2004,1728466.1564816658
247,Brunei,2005,1589868.545888804,USD (1),cf,2005,1995517.3826654304
247,Brunei,2006,2402774.3472064035,USD (1),cf,2006,2921584.2924951725
247,Brunei,2007,1831124.0257008444,USD (1),cf,2007,2164749.333143109
247,Brunei,2008,1797887.3468010256,USD (1),cf,2008,2046875.430281302
247,Brunei,2009,1428178.30019482,USD (1),cf,2009,1631767.3402231915
247,Brunei,2010,1561657.7975460193,USD (1),cf,2010,1755483.8499543997
247,Brunei,2011,1541669.2589860165,USD (1),cf,2011,1679980.111958248
247,Brunei,2012,3229145.2924945867,USD (1),cf,2012,3447507.4954544134
247,Brunei,2013,3989766.350532496,USD (1),cf,2013,4198068.8092687195
247,Brunei,2014,4569720.345984779,USD (1),cf,2014,4731545.513004895
247,Brunei,2015,5536621.773521021,USD (1),cf,2015,5725894.860705075
247,Brunei,2016,24726566.1131961,USD (1),cf,2016,25253269.171534844
247,Brunei,2017,27866144.02160723,USD (1),cf,2017,27866144.02160723
247,Brunei,2018,26225318.94143087,USD (1),cf,2018,25678342.009512275
247,Brunei,2019,24735628.77694188,USD (1),cf,2019,23642240.633856174
250,Aruba,1976,150948.43149766917,USD (1),cf,1976,650175.720606746
250,Aruba,1977,201419.8885794368,USD (1),cf,1977,814606.7784458353
250,Aruba,1978,244593.3001405217,USD (1),cf,1978,919079.3226863
250,Aruba,1979,289630.0126275977,USD (1),cf,1979,978215.4738698576
250,Aruba,1980,304598.1294547349,USD (1),cf,1980,906012.3358405186
250,Aruba,1981,295362.44192828395,USD (1),cf,1981,796250.961757238
250,Aruba,1982,242265.9664428407,USD (1),cf,1982,615379.6139929168
250,Aruba,1983,272929.63710538956,USD (1),cf,1983,671690.7522750096
250,Aruba,1984,259430.119992401,USD (1),cf,1984,612142.4955878778
250,Aruba,1985,251597.25980488927,USD (1),cf,1985,573332.0312164512
250,Aruba,1986,297481.177268182,USD (1),cf,1986,665263.8536134992
250,Aruba,1987,265133.1348292046,USD (1),cf,1987,571963.2434516627
250,Aruba,1988,489473.9050540664,USD (1),cf,1988,1014555.4759444081
250,Aruba,1989,414000.2326310523,USD (1),cf,1989,818603.6396001079
250,Aruba,1990,378176.1651056422,USD (1),cf,1990,709471.6552123957
250,Aruba,1991,322925.30860568985,USD (1),cf,1991,581205.2897990445
250,Aruba,1992,288575.41415414657,USD (1),cf,1992,504113.2101986595
250,Aruba,1993,288390.73805433675,USD (1),cf,1993,489346.76122806943
250,Aruba,1994,417532.2305563289,USD (1),cf,1994,690472.7703302727
250,Aruba,1995,470113.84140482615,USD (1),cf,1995,756212.024003394
250,Aruba,1996,450137.7333237526,USD (1),cf,1996,703459.1879816984
250,Aruba,1997,455248.1815775208,USD (1),cf,1997,695194.1309201929
250,Aruba,1998,428179.90271781053,USD (1),cf,1998,643864.5018919094
250,Aruba,1999,349742.7125269597,USD (1),cf,1999,514655.78849454137
250,Aruba,2000,340455.96096570574,USD (1),cf,2000,484624.9901002525
250,Aruba,2001,323555.7699172235,USD (1),cf,2001,447909.57553015306
250,Aruba,2002,312608.9076721343,USD (1),cf,2002,425998.97259142244
250,Aruba,2003,340019.8566384081,USD (1),cf,2003,453067.40974459646
250,Aruba,2004,323564.788302858,USD (1),cf,2004,419899.75870538165
250,Aruba,2005,337391.5285651634,USD (1),cf,2005,423475.6777576581
250,Aruba,2006,300321.5665555004,USD (1),cf,2006,365167.36270562554
250,Aruba,2007,343564.63620813465,USD (1),cf,2007,406161.08285644854
250,Aruba,2008,381039.64087527,USD (1),cf,2008,433809.5377658376
250,Aruba,2009,441373.79739880655,USD (1),cf,2009,504292.3193325471
250,Aruba,2010,393312.3229347668,USD (1),cf,2010,442128.5072728529
250,Aruba,2011,434588.1494555913,USD (1),cf,2011,473577.2239879334
250,Aruba,2012,308060.0314479439,USD (1),cf,2012,328891.75656951003
250,Aruba,2013,331527.4229733705,USD (1),cf,2013,348836.20029929595
250,Aruba,2014,325766.7223466698,USD (1),cf,2014,337302.9325000255
250,Aruba,2015,308514.7497677583,USD (1),cf,2015,319061.5310938058
250,Aruba,2016,353850.6951527307,USD (1),cf,2016,361388.1042081987
250,Aruba,2017,352390.2477095433,USD (1),cf,2017,352390.2477095433
250,Aruba,2018,350820.1473222341,USD (1),cf,2018,343503.1523119506
250,Aruba,2019,404318.7345181005,USD (1),cf,2019,386446.64748380583
