rgn_id,rgn_name,year,usd,unit,sector,usd_yr
3,Norfolk Island,2009,62.65967987841671,USD (1),cf,2009
3,Norfolk Island,2010,63.6834215307469,USD (1),cf,2010
5,New Caledonia,2009,9951424.889242304,USD (1),cf,2009
5,New Caledonia,2010,8580054.090231854,USD (1),cf,2010
5,New Caledonia,2011,9879674.59427777,USD (1),cf,2011
5,New Caledonia,2012,8481622.632957522,USD (1),cf,2012
5,New Caledonia,2013,6996514.36436613,USD (1),cf,2013
5,New Caledonia,2014,7941826.635955719,USD (1),cf,2014
5,New Caledonia,2015,8617247.728520649,USD (1),cf,2015
5,New Caledonia,2016,7708857.704404587,USD (1),cf,2016
5,New Caledonia,2017,7329087.406706971,USD (1),cf,2017
5,New Caledonia,2018,6300909.954478249,USD (1),cf,2018
5,New Caledonia,2019,7761056.099167138,USD (1),cf,2019
6,Vanuatu,2009,147928335.9554816,USD (1),cf,2009
6,Vanuatu,2010,104691269.72656748,USD (1),cf,2010
6,Vanuatu,2011,96520428.25069933,USD (1),cf,2011
6,Vanuatu,2012,106577916.90137582,USD (1),cf,2012
6,Vanuatu,2013,79660351.35429813,USD (1),cf,2013
6,Vanuatu,2014,81116371.68235749,USD (1),cf,2014
6,Vanuatu,2015,99137299.03194612,USD (1),cf,2015
6,Vanuatu,2016,63576724.20314138,USD (1),cf,2016
6,Vanuatu,2017,55075563.68570816,USD (1),cf,2017
6,Vanuatu,2018,73429661.17372891,USD (1),cf,2018
6,Vanuatu,2019,82332698.63043824,USD (1),cf,2019
7,Solomon Islands,2009,39746226.46798349,USD (1),cf,2009
7,Solomon Islands,2010,52325500.27022228,USD (1),cf,2010
7,Solomon Islands,2011,56430402.952406384,USD (1),cf,2011
7,Solomon Islands,2012,55944737.23114314,USD (1),cf,2012
7,Solomon Islands,2013,45685054.23268841,USD (1),cf,2013
7,Solomon Islands,2014,86278519.71653828,USD (1),cf,2014
7,Solomon Islands,2015,85069334.17268029,USD (1),cf,2015
7,Solomon Islands,2016,85981419.33941598,USD (1),cf,2016
7,Solomon Islands,2017,74953582.52368762,USD (1),cf,2017
7,Solomon Islands,2018,91840761.8871598,USD (1),cf,2018
7,Solomon Islands,2019,93676192.36160432,USD (1),cf,2019
8,Palau,2009,1284932.7988706434,USD (1),cf,2009
8,Palau,2010,727029.825301667,USD (1),cf,2010
8,Palau,2011,684479.7101388723,USD (1),cf,2011
8,Palau,2012,687642.9393920511,USD (1),cf,2012
8,Palau,2013,1246877.0805883862,USD (1),cf,2013
8,Palau,2014,1228506.3907702232,USD (1),cf,2014
8,Palau,2015,1161759.7676145383,USD (1),cf,2015
8,Palau,2016,1153023.6422045026,USD (1),cf,2016
8,Palau,2017,6572105.721032704,USD (1),cf,2017
8,Palau,2018,6959754.355400173,USD (1),cf,2018
8,Palau,2019,8808022.236841785,USD (1),cf,2019
9,Micronesia,2009,41503789.6575508,USD (1),cf,2009
9,Micronesia,2010,35638787.87250788,USD (1),cf,2010
9,Micronesia,2011,58255560.37893579,USD (1),cf,2011
9,Micronesia,2012,77652275.16272967,USD (1),cf,2012
9,Micronesia,2013,50555778.88458862,USD (1),cf,2013
9,Micronesia,2014,58017979.55672478,USD (1),cf,2014
9,Micronesia,2015,79139787.72869837,USD (1),cf,2015
9,Micronesia,2016,119817755.5698986,USD (1),cf,2016
9,Micronesia,2017,156561177.358956,USD (1),cf,2017
9,Micronesia,2018,202548945.53943577,USD (1),cf,2018
9,Micronesia,2019,246380944.70545655,USD (1),cf,2019
10,Nauru,2009,723297.0378448063,USD (1),cf,2009
10,Nauru,2010,729547.4367132335,USD (1),cf,2010
10,Nauru,2011,196468.5092142539,USD (1),cf,2011
10,Nauru,2012,177932.17878973068,USD (1),cf,2012
10,Nauru,2013,353465.2250764443,USD (1),cf,2013
10,Nauru,2014,355936.8159776468,USD (1),cf,2014
10,Nauru,2015,325269.8362911093,USD (1),cf,2015
10,Nauru,2016,362132.41660263995,USD (1),cf,2016
10,Nauru,2017,394635.4835639243,USD (1),cf,2017
10,Nauru,2018,13072500.895384936,USD (1),cf,2018
10,Nauru,2019,42785696.92343426,USD (1),cf,2019
11,Marshall Islands,2009,67184040.96730511,USD (1),cf,2009
11,Marshall Islands,2010,73713971.36333929,USD (1),cf,2010
11,Marshall Islands,2011,157444457.32481876,USD (1),cf,2011
11,Marshall Islands,2012,130226858.01390614,USD (1),cf,2012
11,Marshall Islands,2013,93036874.01407878,USD (1),cf,2013
11,Marshall Islands,2014,74743655.85291086,USD (1),cf,2014
11,Marshall Islands,2015,89554788.62612417,USD (1),cf,2015
11,Marshall Islands,2016,84737631.03013943,USD (1),cf,2016
11,Marshall Islands,2017,111280267.61170578,USD (1),cf,2017
11,Marshall Islands,2018,115175496.88773084,USD (1),cf,2018
11,Marshall Islands,2019,135465295.5775495,USD (1),cf,2019
13,Northern Mariana Islands and Guam,2009,1206375.7521914511,USD (1),cf,2009
13,Northern Mariana Islands and Guam,2010,555262.0712605154,USD (1),cf,2010
13,Northern Mariana Islands and Guam,2011,442339.84412648354,USD (1),cf,2011
13,Northern Mariana Islands and Guam,2012,369227.6442736237,USD (1),cf,2012
13,Northern Mariana Islands and Guam,2013,394126.3820593356,USD (1),cf,2013
13,Northern Mariana Islands and Guam,2014,375859.50699091726,USD (1),cf,2014
13,Northern Mariana Islands and Guam,2015,265950.4472568274,USD (1),cf,2015
13,Northern Mariana Islands and Guam,2016,295233.9241337045,USD (1),cf,2016
13,Northern Mariana Islands and Guam,2017,728399.269617729,USD (1),cf,2017
13,Northern Mariana Islands and Guam,2018,401390.3180029122,USD (1),cf,2018
13,Northern Mariana Islands and Guam,2019,365190.4715524507,USD (1),cf,2019
14,Taiwan,2009,1360388394.5466354,USD (1),cf,2009
14,Taiwan,2010,1348308810.404348,USD (1),cf,2010
14,Taiwan,2011,1616457263.0171213,USD (1),cf,2011
14,Taiwan,2012,1713055406.529303,USD (1),cf,2012
14,Taiwan,2013,1365526350.7773285,USD (1),cf,2013
14,Taiwan,2014,1548688215.9404726,USD (1),cf,2014
14,Taiwan,2015,1351942300.7204983,USD (1),cf,2015
14,Taiwan,2016,1271822856.1384065,USD (1),cf,2016
14,Taiwan,2017,1494406980.3391848,USD (1),cf,2017
14,Taiwan,2018,1605281437.2386992,USD (1),cf,2018
14,Taiwan,2019,1437484750.51657,USD (1),cf,2019
15,Philippines,2009,3616667601.678098,USD (1),cf,2009
15,Philippines,2010,3493549890.3685317,USD (1),cf,2010
15,Philippines,2011,2993220181.5245833,USD (1),cf,2011
15,Philippines,2012,2997163937.4034123,USD (1),cf,2012
15,Philippines,2013,3077245965.189622,USD (1),cf,2013
15,Philippines,2014,3394544773.321332,USD (1),cf,2014
15,Philippines,2015,3046138520.428173,USD (1),cf,2015
15,Philippines,2016,2840835507.7951837,USD (1),cf,2016
15,Philippines,2017,3711932254.8741856,USD (1),cf,2017
15,Philippines,2018,3146653995.1778584,USD (1),cf,2018
15,Philippines,2019,3219520433.941464,USD (1),cf,2019
16,Australia,2009,557236492.730613,USD (1),cf,2009
16,Australia,2010,568363672.1961849,USD (1),cf,2010
16,Australia,2011,574117528.4675848,USD (1),cf,2011
16,Australia,2012,551065589.2200484,USD (1),cf,2012
16,Australia,2013,557220409.8707997,USD (1),cf,2013
16,Australia,2014,611922330.7642158,USD (1),cf,2014
16,Australia,2015,587671641.3315738,USD (1),cf,2015
16,Australia,2016,581058896.8984956,USD (1),cf,2016
16,Australia,2017,673953044.0230799,USD (1),cf,2017
16,Australia,2018,622207990.6999676,USD (1),cf,2018
16,Australia,2019,606475321.7181953,USD (1),cf,2019
17,Papua New Guinea,2009,319087761.3111198,USD (1),cf,2009
17,Papua New Guinea,2010,266324496.3149908,USD (1),cf,2010
17,Papua New Guinea,2011,283714172.8578956,USD (1),cf,2011
17,Papua New Guinea,2012,413077823.9483403,USD (1),cf,2012
17,Papua New Guinea,2013,270433960.3056404,USD (1),cf,2013
17,Papua New Guinea,2014,239800755.5933267,USD (1),cf,2014
17,Papua New Guinea,2015,235200422.70908493,USD (1),cf,2015
17,Papua New Guinea,2016,406998559.1174626,USD (1),cf,2016
17,Papua New Guinea,2017,480809744.1564141,USD (1),cf,2017
17,Papua New Guinea,2018,463928265.4802357,USD (1),cf,2018
17,Papua New Guinea,2019,363334484.2514487,USD (1),cf,2019
18,Fiji,2009,68993567.28250058,USD (1),cf,2009
18,Fiji,2010,55062826.87551863,USD (1),cf,2010
18,Fiji,2011,73058353.46209241,USD (1),cf,2011
18,Fiji,2012,66297914.36808031,USD (1),cf,2012
18,Fiji,2013,60768119.23536542,USD (1),cf,2013
18,Fiji,2014,64038375.53965833,USD (1),cf,2014
18,Fiji,2015,59819056.18791899,USD (1),cf,2015
18,Fiji,2016,67753719.20127955,USD (1),cf,2016
18,Fiji,2017,81099811.8374881,USD (1),cf,2017
18,Fiji,2018,72635766.43522777,USD (1),cf,2018
18,Fiji,2019,71168848.25180572,USD (1),cf,2019
19,Tuvalu,2009,5554596.144057314,USD (1),cf,2009
19,Tuvalu,2010,13105359.063326703,USD (1),cf,2010
19,Tuvalu,2011,17416147.968820546,USD (1),cf,2011
19,Tuvalu,2012,32385958.925780524,USD (1),cf,2012
19,Tuvalu,2013,14210795.778126672,USD (1),cf,2013
19,Tuvalu,2014,6959685.51053951,USD (1),cf,2014
19,Tuvalu,2015,6458558.111538433,USD (1),cf,2015
19,Tuvalu,2016,10159343.405244645,USD (1),cf,2016
19,Tuvalu,2017,11469323.546182092,USD (1),cf,2017
19,Tuvalu,2018,19253486.837921903,USD (1),cf,2018
19,Tuvalu,2019,11049991.031658417,USD (1),cf,2019
20,South Korea,2009,2936130046.291366,USD (1),cf,2009
20,South Korea,2010,2832136623.9549465,USD (1),cf,2010
20,South Korea,2011,2873805387.1025443,USD (1),cf,2011
20,South Korea,2012,2857964639.163966,USD (1),cf,2012
20,South Korea,2013,3039720627.017765,USD (1),cf,2013
20,South Korea,2014,3278716738.192784,USD (1),cf,2014
20,South Korea,2015,2754752460.051351,USD (1),cf,2015
20,South Korea,2016,2679473455.4811854,USD (1),cf,2016
20,South Korea,2017,3059062107.255658,USD (1),cf,2017
20,South Korea,2018,3277941297.586444,USD (1),cf,2018
20,South Korea,2019,3202089657.988113,USD (1),cf,2019
21,North Korea,2009,185544774.1127948,USD (1),cf,2009
21,North Korea,2010,198131935.9392597,USD (1),cf,2010
21,North Korea,2011,201809255.35734555,USD (1),cf,2011
21,North Korea,2012,208075743.11274585,USD (1),cf,2012
21,North Korea,2013,273830682.50708073,USD (1),cf,2013
21,North Korea,2014,293691075.4728298,USD (1),cf,2014
21,North Korea,2015,263061794.24381593,USD (1),cf,2015
21,North Korea,2016,286000125.59910816,USD (1),cf,2016
21,North Korea,2017,295673199.4764424,USD (1),cf,2017
21,North Korea,2018,321739631.5445043,USD (1),cf,2018
21,North Korea,2019,314390813.2438314,USD (1),cf,2019
24,Cambodia,2009,83102001.91741118,USD (1),cf,2009
24,Cambodia,2010,92132658.49458592,USD (1),cf,2010
24,Cambodia,2011,90576666.75549118,USD (1),cf,2011
24,Cambodia,2012,104928209.45299688,USD (1),cf,2012
24,Cambodia,2013,187892097.69941363,USD (1),cf,2013
24,Cambodia,2014,219031636.46443343,USD (1),cf,2014
24,Cambodia,2015,191379240.29120895,USD (1),cf,2015
24,Cambodia,2016,204115505.60485235,USD (1),cf,2016
24,Cambodia,2017,201433305.528197,USD (1),cf,2017
24,Cambodia,2018,216416773.64633015,USD (1),cf,2018
24,Cambodia,2019,206838827.71295092,USD (1),cf,2019
25,Thailand,2009,1906343401.6612785,USD (1),cf,2009
25,Thailand,2010,1928596870.385452,USD (1),cf,2010
25,Thailand,2011,1855000185.617658,USD (1),cf,2011
25,Thailand,2012,1862720125.8234863,USD (1),cf,2012
25,Thailand,2013,2501693306.843963,USD (1),cf,2013
25,Thailand,2014,2510465001.406689,USD (1),cf,2014
25,Thailand,2015,2064707200.8181827,USD (1),cf,2015
25,Thailand,2016,2273635899.7437725,USD (1),cf,2016
25,Thailand,2017,2652421994.9945636,USD (1),cf,2017
25,Thailand,2018,2740684770.3903737,USD (1),cf,2018
25,Thailand,2019,2890903109.8407154,USD (1),cf,2019
28,Comoro Islands,2009,40933461.64395512,USD (1),cf,2009
28,Comoro Islands,2010,51806173.2538067,USD (1),cf,2010
28,Comoro Islands,2011,37389692.47680009,USD (1),cf,2011
28,Comoro Islands,2012,32840273.629853543,USD (1),cf,2012
28,Comoro Islands,2013,62688006.140987545,USD (1),cf,2013
28,Comoro Islands,2014,9772671.920464065,USD (1),cf,2014
28,Comoro Islands,2015,12898575.740349855,USD (1),cf,2015
28,Comoro Islands,2016,30472153.575659387,USD (1),cf,2016
28,Comoro Islands,2017,30301458.14844681,USD (1),cf,2017
28,Comoro Islands,2018,24504169.56056196,USD (1),cf,2018
28,Comoro Islands,2019,30381395.82584817,USD (1),cf,2019
29,Mayotte,2009,25624527.499764018,USD (1),cf,2009
29,Mayotte,2010,28957116.22579112,USD (1),cf,2010
29,Mayotte,2011,56733087.96751135,USD (1),cf,2011
29,Mayotte,2012,62271035.17862069,USD (1),cf,2012
29,Mayotte,2013,37830441.998798124,USD (1),cf,2013
29,Mayotte,2014,2538197.0647533843,USD (1),cf,2014
29,Mayotte,2015,988107.264619766,USD (1),cf,2015
29,Mayotte,2016,1310032.4688998908,USD (1),cf,2016
29,Mayotte,2017,2071625.0286881423,USD (1),cf,2017
29,Mayotte,2018,1914700.744266137,USD (1),cf,2018
29,Mayotte,2019,2099445.8624913567,USD (1),cf,2019
31,Seychelles,2009,163901673.96469665,USD (1),cf,2009
31,Seychelles,2010,132108815.0858977,USD (1),cf,2010
31,Seychelles,2011,162020229.64634353,USD (1),cf,2011
31,Seychelles,2012,160099666.6213418,USD (1),cf,2012
31,Seychelles,2013,107711101.01075038,USD (1),cf,2013
31,Seychelles,2014,97522991.6712015,USD (1),cf,2014
31,Seychelles,2015,135671700.85336095,USD (1),cf,2015
31,Seychelles,2016,185366381.63640323,USD (1),cf,2016
31,Seychelles,2017,237071514.23737985,USD (1),cf,2017
31,Seychelles,2018,230059064.0195288,USD (1),cf,2018
31,Seychelles,2019,213375084.727703,USD (1),cf,2019
32,Reunion,2009,9464934.78165912,USD (1),cf,2009
32,Reunion,2010,8878194.325519223,USD (1),cf,2010
32,Reunion,2011,11353058.30527103,USD (1),cf,2011
32,Reunion,2012,7648411.677777925,USD (1),cf,2012
32,Reunion,2013,5099954.495374857,USD (1),cf,2013
32,Reunion,2014,7134636.386573488,USD (1),cf,2014
32,Reunion,2015,5487100.954233797,USD (1),cf,2015
32,Reunion,2016,7124474.129997002,USD (1),cf,2016
32,Reunion,2017,5830963.309375958,USD (1),cf,2017
32,Reunion,2018,5702543.1820460865,USD (1),cf,2018
32,Reunion,2019,6011137.166158413,USD (1),cf,2019
37,Mauritius,2009,18443807.268308535,USD (1),cf,2009
37,Mauritius,2010,20920227.045693796,USD (1),cf,2010
37,Mauritius,2011,14102517.95198715,USD (1),cf,2011
37,Mauritius,2012,11577778.677182678,USD (1),cf,2012
37,Mauritius,2013,14604208.153812366,USD (1),cf,2013
37,Mauritius,2014,23693118.740964204,USD (1),cf,2014
37,Mauritius,2015,25367534.99079204,USD (1),cf,2015
37,Mauritius,2016,28014745.20697046,USD (1),cf,2016
37,Mauritius,2017,47671408.36508921,USD (1),cf,2017
37,Mauritius,2018,50207204.09067308,USD (1),cf,2018
37,Mauritius,2019,54675186.36527938,USD (1),cf,2019
38,British Indian Ocean Territory,2009,49048.12685740305,USD (1),cf,2009
38,British Indian Ocean Territory,2010,95118.84098468118,USD (1),cf,2010
38,British Indian Ocean Territory,2011,69585.792964117,USD (1),cf,2011
38,British Indian Ocean Territory,2012,26685.58735548107,USD (1),cf,2012
38,British Indian Ocean Territory,2013,25186.566998923412,USD (1),cf,2013
38,British Indian Ocean Territory,2014,20525.40769546845,USD (1),cf,2014
38,British Indian Ocean Territory,2015,25311.67037919457,USD (1),cf,2015
38,British Indian Ocean Territory,2016,16313.236265684982,USD (1),cf,2016
38,British Indian Ocean Territory,2017,39455.37636037967,USD (1),cf,2017
38,British Indian Ocean Territory,2018,22103.991522571338,USD (1),cf,2018
39,Maldives,2009,158180439.62219343,USD (1),cf,2009
39,Maldives,2010,148743593.44481036,USD (1),cf,2010
39,Maldives,2011,180600760.225154,USD (1),cf,2011
39,Maldives,2012,188509881.4051766,USD (1),cf,2012
39,Maldives,2013,154144807.0863824,USD (1),cf,2013
39,Maldives,2014,136097876.40228766,USD (1),cf,2014
39,Maldives,2015,135600763.05316612,USD (1),cf,2015
39,Maldives,2016,168096554.97083083,USD (1),cf,2016
39,Maldives,2017,214222990.6146034,USD (1),cf,2017
39,Maldives,2018,214731445.52786696,USD (1),cf,2018
39,Maldives,2019,177795677.1885043,USD (1),cf,2019
40,Sri Lanka,2009,410017260.43731725,USD (1),cf,2009
40,Sri Lanka,2010,432524252.8337016,USD (1),cf,2010
40,Sri Lanka,2011,462867757.6754626,USD (1),cf,2011
40,Sri Lanka,2012,650595494.6315902,USD (1),cf,2012
40,Sri Lanka,2013,607348765.016114,USD (1),cf,2013
40,Sri Lanka,2014,659255035.5882515,USD (1),cf,2014
40,Sri Lanka,2015,578362150.8253423,USD (1),cf,2015
40,Sri Lanka,2016,672250486.3952756,USD (1),cf,2016
40,Sri Lanka,2017,736188809.2421228,USD (1),cf,2017
40,Sri Lanka,2018,718186889.2314397,USD (1),cf,2018
40,Sri Lanka,2019,761266951.3205974,USD (1),cf,2019
41,Mozambique,2009,110600979.81483497,USD (1),cf,2009
41,Mozambique,2010,127159579.32250328,USD (1),cf,2010
41,Mozambique,2011,135249585.21750987,USD (1),cf,2011
41,Mozambique,2012,152837794.86197984,USD (1),cf,2012
41,Mozambique,2013,223118322.556786,USD (1),cf,2013
41,Mozambique,2014,263812518.4384388,USD (1),cf,2014
41,Mozambique,2015,281755364.4885821,USD (1),cf,2015
41,Mozambique,2016,321805820.340864,USD (1),cf,2016
41,Mozambique,2017,393012212.8650144,USD (1),cf,2017
41,Mozambique,2018,447821188.10913855,USD (1),cf,2018
41,Mozambique,2019,508085209.1768507,USD (1),cf,2019
42,Madagascar,2009,113936965.2088596,USD (1),cf,2009
42,Madagascar,2010,97908220.72889774,USD (1),cf,2010
42,Madagascar,2011,103156647.36598606,USD (1),cf,2011
42,Madagascar,2012,115791862.2498554,USD (1),cf,2012
42,Madagascar,2013,155795636.80340257,USD (1),cf,2013
42,Madagascar,2014,135618057.59598342,USD (1),cf,2014
42,Madagascar,2015,145258291.28250426,USD (1),cf,2015
42,Madagascar,2016,185584572.59769353,USD (1),cf,2016
42,Madagascar,2017,225138918.81939295,USD (1),cf,2017
42,Madagascar,2018,220966755.5302858,USD (1),cf,2018
42,Madagascar,2019,207320533.5843159,USD (1),cf,2019
43,Kenya,2009,13788516.295195464,USD (1),cf,2009
43,Kenya,2010,17642623.119654763,USD (1),cf,2010
43,Kenya,2011,14686823.107725032,USD (1),cf,2011
43,Kenya,2012,16215384.1033677,USD (1),cf,2012
43,Kenya,2013,18984239.450304355,USD (1),cf,2013
43,Kenya,2014,22140659.588424705,USD (1),cf,2014
43,Kenya,2015,24965568.13044737,USD (1),cf,2015
43,Kenya,2016,36405956.55525284,USD (1),cf,2016
43,Kenya,2017,76974849.0187354,USD (1),cf,2017
43,Kenya,2018,72301961.30114691,USD (1),cf,2018
43,Kenya,2019,70927104.47159208,USD (1),cf,2019
44,Somalia,2009,25692029.407737516,USD (1),cf,2009
44,Somalia,2010,26327049.994155124,USD (1),cf,2010
44,Somalia,2011,28057285.983055204,USD (1),cf,2011
44,Somalia,2012,29260422.285279155,USD (1),cf,2012
44,Somalia,2013,49038862.79271093,USD (1),cf,2013
44,Somalia,2014,48243828.37718512,USD (1),cf,2014
44,Somalia,2015,44467712.12123074,USD (1),cf,2015
44,Somalia,2016,48629312.56938556,USD (1),cf,2016
44,Somalia,2017,49279828.00647848,USD (1),cf,2017
44,Somalia,2018,53885033.11464368,USD (1),cf,2018
44,Somalia,2019,52085641.50218248,USD (1),cf,2019
45,Eritrea,2009,7357883.67363206,USD (1),cf,2009
45,Eritrea,2010,6318517.533098259,USD (1),cf,2010
45,Eritrea,2011,4386704.341334946,USD (1),cf,2011
45,Eritrea,2012,4593995.961723771,USD (1),cf,2012
45,Eritrea,2013,4875992.255334548,USD (1),cf,2013
45,Eritrea,2014,6451023.2576264925,USD (1),cf,2014
45,Eritrea,2015,10433611.436522348,USD (1),cf,2015
45,Eritrea,2016,4813987.304510394,USD (1),cf,2016
45,Eritrea,2017,8116062.970441353,USD (1),cf,2017
45,Eritrea,2018,10181811.438631548,USD (1),cf,2018
45,Eritrea,2019,10993220.70469564,USD (1),cf,2019
46,Djibouti,2009,2259289.2711028126,USD (1),cf,2009
46,Djibouti,2010,2737200.5831259927,USD (1),cf,2010
46,Djibouti,2011,2579570.5817829836,USD (1),cf,2011
46,Djibouti,2012,3511309.5767930737,USD (1),cf,2012
46,Djibouti,2013,2944019.359811417,USD (1),cf,2013
46,Djibouti,2014,4397485.482281704,USD (1),cf,2014
46,Djibouti,2015,3942894.7281106487,USD (1),cf,2015
46,Djibouti,2016,4144118.0231662137,USD (1),cf,2016
46,Djibouti,2017,4754230.307526222,USD (1),cf,2017
46,Djibouti,2018,4451255.76643802,USD (1),cf,2018
46,Djibouti,2019,5575717.1079449365,USD (1),cf,2019
47,Yemen,2009,298571605.03676885,USD (1),cf,2009
47,Yemen,2010,267308393.729842,USD (1),cf,2010
47,Yemen,2011,256415434.14074865,USD (1),cf,2011
47,Yemen,2012,330208181.616248,USD (1),cf,2012
47,Yemen,2013,325532322.2275028,USD (1),cf,2013
47,Yemen,2014,329757969.92745686,USD (1),cf,2014
47,Yemen,2015,257029812.93377683,USD (1),cf,2015
47,Yemen,2016,221928826.3071543,USD (1),cf,2016
47,Yemen,2017,241801238.36166012,USD (1),cf,2017
47,Yemen,2018,226917846.6098652,USD (1),cf,2018
47,Yemen,2019,228328416.99487695,USD (1),cf,2019
48,Oman,2009,230870678.33811492,USD (1),cf,2009
48,Oman,2010,247211206.01991925,USD (1),cf,2010
48,Oman,2011,236274833.93960884,USD (1),cf,2011
48,Oman,2012,264237898.87479928,USD (1),cf,2012
48,Oman,2013,299852289.121869,USD (1),cf,2013
48,Oman,2014,324955479.25670725,USD (1),cf,2014
48,Oman,2015,367261450.189395,USD (1),cf,2015
48,Oman,2016,384848566.2573144,USD (1),cf,2016
48,Oman,2017,615700285.9997454,USD (1),cf,2017
48,Oman,2018,784368965.215656,USD (1),cf,2018
48,Oman,2019,859618526.4975257,USD (1),cf,2019
49,Sudan,2009,3602411.6524488935,USD (1),cf,2009
49,Sudan,2010,3387979.9045167295,USD (1),cf,2010
49,Sudan,2011,3364328.865030766,USD (1),cf,2011
49,Sudan,2012,3477458.172761781,USD (1),cf,2012
49,Sudan,2013,5373289.014716524,USD (1),cf,2013
49,Sudan,2014,3852865.886725821,USD (1),cf,2014
49,Sudan,2015,2093370.4222490983,USD (1),cf,2015
49,Sudan,2016,3365044.5075573786,USD (1),cf,2016
49,Sudan,2017,4613028.993942106,USD (1),cf,2017
49,Sudan,2018,4779610.079242782,USD (1),cf,2018
49,Sudan,2019,4133928.355245502,USD (1),cf,2019
50,Saudi Arabia,2009,154513037.10945773,USD (1),cf,2009
50,Saudi Arabia,2010,153945262.16497362,USD (1),cf,2010
50,Saudi Arabia,2011,138679773.36666396,USD (1),cf,2011
50,Saudi Arabia,2012,139237856.8250613,USD (1),cf,2012
50,Saudi Arabia,2013,153999949.517367,USD (1),cf,2013
50,Saudi Arabia,2014,168990573.33631742,USD (1),cf,2014
50,Saudi Arabia,2015,167510214.0762196,USD (1),cf,2015
50,Saudi Arabia,2016,171574802.92855617,USD (1),cf,2016
50,Saudi Arabia,2017,216432210.93510884,USD (1),cf,2017
50,Saudi Arabia,2018,134102842.50223054,USD (1),cf,2018
50,Saudi Arabia,2019,195342153.13289183,USD (1),cf,2019
51,Kuwait,2009,10999831.243596964,USD (1),cf,2009
51,Kuwait,2010,15130019.059678,USD (1),cf,2010
51,Kuwait,2011,8657008.128079666,USD (1),cf,2011
51,Kuwait,2012,7276823.6370243905,USD (1),cf,2012
51,Kuwait,2013,9298294.782040374,USD (1),cf,2013
51,Kuwait,2014,8854218.604621712,USD (1),cf,2014
51,Kuwait,2015,8976765.791754834,USD (1),cf,2015
51,Kuwait,2016,10985982.512670558,USD (1),cf,2016
51,Kuwait,2017,10487288.274129905,USD (1),cf,2017
51,Kuwait,2018,6595927.74022292,USD (1),cf,2018
51,Kuwait,2019,6481559.81413691,USD (1),cf,2019
52,Bahrain,2009,37547305.72373741,USD (1),cf,2009
52,Bahrain,2010,43400037.972945265,USD (1),cf,2010
52,Bahrain,2011,28513103.84881135,USD (1),cf,2011
52,Bahrain,2012,41859712.936681554,USD (1),cf,2012
52,Bahrain,2013,41748331.820493154,USD (1),cf,2013
52,Bahrain,2014,54077120.1977566,USD (1),cf,2014
52,Bahrain,2015,52245961.73233909,USD (1),cf,2015
52,Bahrain,2016,45035137.727701575,USD (1),cf,2016
52,Bahrain,2017,57565351.36239517,USD (1),cf,2017
52,Bahrain,2018,49646916.472157925,USD (1),cf,2018
52,Bahrain,2019,48323435.178210095,USD (1),cf,2019
53,Pakistan,2009,578827248.3754491,USD (1),cf,2009
53,Pakistan,2010,616084989.8391193,USD (1),cf,2010
53,Pakistan,2011,596811383.2939597,USD (1),cf,2011
53,Pakistan,2012,632065494.879168,USD (1),cf,2012
53,Pakistan,2013,646208636.6660098,USD (1),cf,2013
53,Pakistan,2014,623421498.3840721,USD (1),cf,2014
53,Pakistan,2015,660378354.8835484,USD (1),cf,2015
53,Pakistan,2016,673107740.4447178,USD (1),cf,2016
53,Pakistan,2017,839442621.6584888,USD (1),cf,2017
53,Pakistan,2018,717950911.7949163,USD (1),cf,2018
53,Pakistan,2019,639448666.1612589,USD (1),cf,2019
54,United Arab Emirates,2009,161450496.1700843,USD (1),cf,2009
54,United Arab Emirates,2010,146631069.8311174,USD (1),cf,2010
54,United Arab Emirates,2011,130585442.21037672,USD (1),cf,2011
54,United Arab Emirates,2012,138675696.93677992,USD (1),cf,2012
54,United Arab Emirates,2013,128861229.9019387,USD (1),cf,2013
54,United Arab Emirates,2014,154922625.9267372,USD (1),cf,2014
54,United Arab Emirates,2015,159759946.67534304,USD (1),cf,2015
54,United Arab Emirates,2016,122676645.98370804,USD (1),cf,2016
54,United Arab Emirates,2017,206490231.5829623,USD (1),cf,2017
54,United Arab Emirates,2018,147739202.351601,USD (1),cf,2018
54,United Arab Emirates,2019,144224354.21124092,USD (1),cf,2019
56,Cape Verde,2009,35994689.02947014,USD (1),cf,2009
56,Cape Verde,2010,32538732.596564937,USD (1),cf,2010
56,Cape Verde,2011,41157682.37289852,USD (1),cf,2011
56,Cape Verde,2012,37453916.05472029,USD (1),cf,2012
56,Cape Verde,2013,48045687.97681039,USD (1),cf,2013
56,Cape Verde,2014,47673017.980807014,USD (1),cf,2014
56,Cape Verde,2015,50513996.765489236,USD (1),cf,2015
56,Cape Verde,2016,41678283.774602935,USD (1),cf,2016
56,Cape Verde,2017,33617372.15762168,USD (1),cf,2017
56,Cape Verde,2018,49842035.50076672,USD (1),cf,2018
56,Cape Verde,2019,30061257.67685679,USD (1),cf,2019
59,Belgium,2009,61932811.66042831,USD (1),cf,2009
59,Belgium,2010,60599789.04879309,USD (1),cf,2010
59,Belgium,2011,62026024.58018593,USD (1),cf,2011
59,Belgium,2012,70007361.57024987,USD (1),cf,2012
59,Belgium,2013,72192112.13752757,USD (1),cf,2013
59,Belgium,2014,73230236.37857632,USD (1),cf,2014
59,Belgium,2015,68854071.567369,USD (1),cf,2015
59,Belgium,2016,70372317.8809237,USD (1),cf,2016
59,Belgium,2017,67134911.34936777,USD (1),cf,2017
59,Belgium,2018,64628871.15434106,USD (1),cf,2018
59,Belgium,2019,94797241.29196323,USD (1),cf,2019
60,Gibraltar,2009,626.596798784167,USD (1),cf,2009
60,Gibraltar,2010,636.834215307469,USD (1),cf,2010
60,Gibraltar,2011,676.34582409525,USD (1),cf,2011
60,Gibraltar,2012,687.518660254481,USD (1),cf,2012
60,Gibraltar,2013,1345.81212088454,USD (1),cf,2013
60,Gibraltar,2014,1296.62930335283,USD (1),cf,2014
60,Gibraltar,2015,1196.76139309727,USD (1),cf,2015
60,Gibraltar,2016,1345.91721450517,USD (1),cf,2016
60,Gibraltar,2017,1395.35057288025,USD (1),cf,2017
60,Gibraltar,2018,1553.65044269903,USD (1),cf,2018
60,Gibraltar,2019,1495.05715875422,USD (1),cf,2019
61,Tunisia,2009,161123593.74595976,USD (1),cf,2009
61,Tunisia,2010,157229994.48080143,USD (1),cf,2010
61,Tunisia,2011,158605819.91402885,USD (1),cf,2011
61,Tunisia,2012,182767166.4756491,USD (1),cf,2012
61,Tunisia,2013,195726655.75417972,USD (1),cf,2013
61,Tunisia,2014,219594440.45367768,USD (1),cf,2014
61,Tunisia,2015,220224150.96885735,USD (1),cf,2015
61,Tunisia,2016,215674213.9421403,USD (1),cf,2016
61,Tunisia,2017,262775840.5594361,USD (1),cf,2017
61,Tunisia,2018,245062763.45901155,USD (1),cf,2018
61,Tunisia,2019,309360077.5988958,USD (1),cf,2019
62,Morocco,2009,1087238891.0638185,USD (1),cf,2009
62,Morocco,2010,948776873.6465554,USD (1),cf,2010
62,Morocco,2011,870943267.3320577,USD (1),cf,2011
62,Morocco,2012,1013585493.6175908,USD (1),cf,2012
62,Morocco,2013,1711803041.4992225,USD (1),cf,2013
62,Morocco,2014,1926146762.2553904,USD (1),cf,2014
62,Morocco,2015,1693383440.5616505,USD (1),cf,2015
62,Morocco,2016,1750207416.9449964,USD (1),cf,2016
62,Morocco,2017,1837385294.1035423,USD (1),cf,2017
62,Morocco,2018,1905824097.0740368,USD (1),cf,2018
62,Morocco,2019,2171880723.3784213,USD (1),cf,2019
64,Mauritania,2009,161641470.22680062,USD (1),cf,2009
64,Mauritania,2010,214810772.3650163,USD (1),cf,2010
64,Mauritania,2011,283640470.1230465,USD (1),cf,2011
64,Mauritania,2012,364234863.3432542,USD (1),cf,2012
64,Mauritania,2013,451958533.0785984,USD (1),cf,2013
64,Mauritania,2014,428325981.08146095,USD (1),cf,2014
64,Mauritania,2015,488255606.72501665,USD (1),cf,2015
64,Mauritania,2016,619577471.8366289,USD (1),cf,2016
64,Mauritania,2017,1169516866.9549708,USD (1),cf,2017
64,Mauritania,2018,1231992407.5294535,USD (1),cf,2018
64,Mauritania,2019,978906260.5401968,USD (1),cf,2019
65,Gambia,2009,60934436.04380133,USD (1),cf,2009
65,Gambia,2010,65395561.37837589,USD (1),cf,2010
65,Gambia,2011,50168947.02809796,USD (1),cf,2011
65,Gambia,2012,52419799.25868422,USD (1),cf,2012
65,Gambia,2013,68370261.8794631,USD (1),cf,2013
65,Gambia,2014,83943530.28798462,USD (1),cf,2014
65,Gambia,2015,93781496.515208,USD (1),cf,2015
65,Gambia,2016,82113842.96937272,USD (1),cf,2016
65,Gambia,2017,103157056.3175536,USD (1),cf,2017
65,Gambia,2018,85781168.04145353,USD (1),cf,2018
65,Gambia,2019,99572700.7678017,USD (1),cf,2019
66,Senegal,2009,421778116.09834266,USD (1),cf,2009
66,Senegal,2010,381355358.3645676,USD (1),cf,2010
66,Senegal,2011,366653518.21284986,USD (1),cf,2011
66,Senegal,2012,377963704.8649648,USD (1),cf,2012
66,Senegal,2013,507018315.58601975,USD (1),cf,2013
66,Senegal,2014,545699214.8134993,USD (1),cf,2014
66,Senegal,2015,430513293.06172293,USD (1),cf,2015
66,Senegal,2016,502019391.26667607,USD (1),cf,2016
66,Senegal,2017,773608391.4468832,USD (1),cf,2017
66,Senegal,2018,707568903.6031003,USD (1),cf,2018
66,Senegal,2019,676949847.1355804,USD (1),cf,2019
67,Libya,2009,100710513.50314803,USD (1),cf,2009
67,Libya,2010,94143218.87001444,USD (1),cf,2010
67,Libya,2011,57812483.83279237,USD (1),cf,2011
67,Libya,2012,67302971.68313527,USD (1),cf,2012
67,Libya,2013,65538188.894686095,USD (1),cf,2013
67,Libya,2014,49263708.47302906,USD (1),cf,2014
67,Libya,2015,52593774.57514877,USD (1),cf,2015
67,Libya,2016,62687546.9751556,USD (1),cf,2016
67,Libya,2017,74261574.01595983,USD (1),cf,2017
67,Libya,2018,69482066.09145936,USD (1),cf,2018
67,Libya,2019,75955355.58383265,USD (1),cf,2019
68,Malta,2009,7647977.048922231,USD (1),cf,2009
68,Malta,2010,6090811.239779697,USD (1),cf,2010
68,Malta,2011,7437665.276102726,USD (1),cf,2011
68,Malta,2012,6786757.553149077,USD (1),cf,2012
68,Malta,2013,5402114.046243533,USD (1),cf,2013
68,Malta,2014,5844491.837679831,USD (1),cf,2014
68,Malta,2015,6121828.340097177,USD (1),cf,2015
68,Malta,2016,8770459.25877613,USD (1),cf,2016
68,Malta,2017,6868077.9084771145,USD (1),cf,2017
68,Malta,2018,7701005.156043127,USD (1),cf,2018
68,Malta,2019,8175388.136286566,USD (1),cf,2019
69,Latvia,2009,84668982.07230921,USD (1),cf,2009
69,Latvia,2010,79032954.51843387,USD (1),cf,2010
69,Latvia,2011,82130001.7527935,USD (1),cf,2011
69,Latvia,2012,49121224.731210545,USD (1),cf,2012
69,Latvia,2013,79652305.67369731,USD (1),cf,2013
69,Latvia,2014,84374607.55282576,USD (1),cf,2014
69,Latvia,2015,59468195.59651209,USD (1),cf,2015
69,Latvia,2016,89264946.53104442,USD (1),cf,2016
69,Latvia,2017,34096700.98643624,USD (1),cf,2017
69,Latvia,2018,33843576.008709535,USD (1),cf,2018
69,Latvia,2019,30158688.29757516,USD (1),cf,2019
70,Estonia,2009,47881144.20412165,USD (1),cf,2009
70,Estonia,2010,51864224.53627061,USD (1),cf,2010
70,Estonia,2011,57218914.45022688,USD (1),cf,2011
70,Estonia,2012,42639909.00198797,USD (1),cf,2012
70,Estonia,2013,54208652.627925776,USD (1),cf,2013
70,Estonia,2014,58247475.92011599,USD (1),cf,2014
70,Estonia,2015,53949447.92110067,USD (1),cf,2015
70,Estonia,2016,59194758.26888911,USD (1),cf,2016
70,Estonia,2017,66035766.982151024,USD (1),cf,2017
70,Estonia,2018,72788395.78549878,USD (1),cf,2018
70,Estonia,2019,72234570.85618226,USD (1),cf,2019
71,Bulgaria,2009,9365908.12579576,USD (1),cf,2009
71,Bulgaria,2010,19194944.443872582,USD (1),cf,2010
71,Bulgaria,2011,13366336.37949622,USD (1),cf,2011
71,Bulgaria,2012,14478545.25739694,USD (1),cf,2012
71,Bulgaria,2013,18200740.79372335,USD (1),cf,2013
71,Bulgaria,2014,15098620.096155746,USD (1),cf,2014
71,Bulgaria,2015,12221622.818933329,USD (1),cf,2015
71,Bulgaria,2016,12504100.87138697,USD (1),cf,2016
71,Bulgaria,2017,11301308.27600939,USD (1),cf,2017
71,Bulgaria,2018,12015923.564216789,USD (1),cf,2018
71,Bulgaria,2019,12240869.67704151,USD (1),cf,2019
72,Romania,2009,669955.398726249,USD (1),cf,2009
72,Romania,2010,632292.0949008833,USD (1),cf,2010
72,Romania,2011,1345244.5193136295,USD (1),cf,2011
72,Romania,2012,2222511.0889025186,USD (1),cf,2012
72,Romania,2013,4810636.070094072,USD (1),cf,2013
72,Romania,2014,5375464.317708181,USD (1),cf,2014
72,Romania,2015,11180967.222755034,USD (1),cf,2015
72,Romania,2016,16188969.89261469,USD (1),cf,2016
72,Romania,2017,21051864.20751028,USD (1),cf,2017
72,Romania,2018,18753152.36889836,USD (1),cf,2018
72,Romania,2019,15627971.646843608,USD (1),cf,2019
73,Russia,2009,4172161838.478507,USD (1),cf,2009
73,Russia,2010,4488970578.055619,USD (1),cf,2010
73,Russia,2011,4751279815.698295,USD (1),cf,2011
73,Russia,2012,5077160907.732672,USD (1),cf,2012
73,Russia,2013,4705587664.561026,USD (1),cf,2013
73,Russia,2014,4782538392.440222,USD (1),cf,2014
73,Russia,2015,4629343624.582921,USD (1),cf,2015
73,Russia,2016,5076061956.677578,USD (1),cf,2016
73,Russia,2017,5742260809.103956,USD (1),cf,2017
73,Russia,2018,7065712019.8182335,USD (1),cf,2018
73,Russia,2019,6952137023.421425,USD (1),cf,2019
74,Georgia,2009,35994476.693400204,USD (1),cf,2009
74,Georgia,2010,31674461.77840455,USD (1),cf,2010
74,Georgia,2011,13998174.799626978,USD (1),cf,2011
74,Georgia,2012,7898040.666999622,USD (1),cf,2012
74,Georgia,2013,20862300.011809856,USD (1),cf,2013
74,Georgia,2014,36108690.16776778,USD (1),cf,2014
74,Georgia,2015,32762709.600259177,USD (1),cf,2015
74,Georgia,2016,63651675.44242923,USD (1),cf,2016
74,Georgia,2017,227762219.38167277,USD (1),cf,2017
74,Georgia,2018,312096243.4776495,USD (1),cf,2018
74,Georgia,2019,368625892.1114944,USD (1),cf,2019
75,Ukraine,2009,137950323.88265112,USD (1),cf,2009
75,Ukraine,2010,147724576.25690845,USD (1),cf,2010
75,Ukraine,2011,109185970.20667396,USD (1),cf,2011
75,Ukraine,2012,105368172.86499444,USD (1),cf,2012
75,Ukraine,2013,238970161.88468215,USD (1),cf,2013
75,Ukraine,2014,163627521.60502025,USD (1),cf,2014
75,Ukraine,2015,152435109.11665943,USD (1),cf,2015
75,Ukraine,2016,95871874.1297435,USD (1),cf,2016
75,Ukraine,2017,186711409.62888715,USD (1),cf,2017
75,Ukraine,2018,127865057.272715,USD (1),cf,2018
75,Ukraine,2019,149438301.82875457,USD (1),cf,2019
76,Turkey,2009,374369702.0112563,USD (1),cf,2009
76,Turkey,2010,361774771.3150386,USD (1),cf,2010
76,Turkey,2011,309842022.15418756,USD (1),cf,2011
76,Turkey,2012,355214006.44241583,USD (1),cf,2012
76,Turkey,2013,450078876.3032534,USD (1),cf,2013
76,Turkey,2014,400814704.9948461,USD (1),cf,2014
76,Turkey,2015,477570896.4116139,USD (1),cf,2015
76,Turkey,2016,434835311.4337417,USD (1),cf,2016
76,Turkey,2017,500759306.4080379,USD (1),cf,2017
76,Turkey,2018,467668749.7054004,USD (1),cf,2018
76,Turkey,2019,681217830.6683847,USD (1),cf,2019
77,Syria,2009,5409316.158415933,USD (1),cf,2009
77,Syria,2010,5619149.115695242,USD (1),cf,2010
77,Syria,2011,4437764.697452415,USD (1),cf,2011
77,Syria,2012,3815618.594810417,USD (1),cf,2012
77,Syria,2013,3273500.4527366776,USD (1),cf,2013
77,Syria,2014,2609079.3200360145,USD (1),cf,2014
77,Syria,2015,2657593.3613852123,USD (1),cf,2015
77,Syria,2016,3051710.8729724586,USD (1),cf,2016
77,Syria,2017,3567685.272943959,USD (1),cf,2017
77,Syria,2018,3268914.310785059,USD (1),cf,2018
77,Syria,2019,3441748.9103371194,USD (1),cf,2019
78,Lebanon,2009,6931159.829256959,USD (1),cf,2009
78,Lebanon,2010,7251250.410518498,USD (1),cf,2010
78,Lebanon,2011,6887723.189585428,USD (1),cf,2011
78,Lebanon,2012,6730990.984941482,USD (1),cf,2012
78,Lebanon,2013,6640760.213169908,USD (1),cf,2013
78,Lebanon,2014,7656024.430491963,USD (1),cf,2014
78,Lebanon,2015,8445792.525030931,USD (1),cf,2015
78,Lebanon,2016,8721038.550543439,USD (1),cf,2016
78,Lebanon,2017,8956134.633993436,USD (1),cf,2017
78,Lebanon,2018,7015029.203152242,USD (1),cf,2018
78,Lebanon,2019,7237083.227284554,USD (1),cf,2019
79,Israel,2009,4652571.964770109,USD (1),cf,2009
79,Israel,2010,4443436.115734256,USD (1),cf,2010
79,Israel,2011,3330098.005498804,USD (1),cf,2011
79,Israel,2012,3750907.7145612338,USD (1),cf,2012
79,Israel,2013,3180417.1820932287,USD (1),cf,2013
79,Israel,2014,3249995.6250971346,USD (1),cf,2014
79,Israel,2015,3322641.7362565557,USD (1),cf,2015
79,Israel,2016,2838483.3685098267,USD (1),cf,2016
79,Israel,2017,3495060.5003453987,USD (1),cf,2017
79,Israel,2018,2990775.0607806174,USD (1),cf,2018
79,Israel,2019,3073947.3508451837,USD (1),cf,2019
80,Greece,2009,141571175.26581973,USD (1),cf,2009
80,Greece,2010,124181434.89628737,USD (1),cf,2010
80,Greece,2011,116330417.68772475,USD (1),cf,2011
80,Greece,2012,105291560.4427089,USD (1),cf,2012
80,Greece,2013,122664192.02641982,USD (1),cf,2013
80,Greece,2014,129328239.35048024,USD (1),cf,2014
80,Greece,2015,130654658.25139016,USD (1),cf,2015
80,Greece,2016,157745445.599171,USD (1),cf,2016
80,Greece,2017,176801125.64635444,USD (1),cf,2017
80,Greece,2018,173646945.64739963,USD (1),cf,2018
80,Greece,2019,191708412.62023097,USD (1),cf,2019
81,Cyprus,2009,3325906.3222249523,USD (1),cf,2009
81,Cyprus,2010,3631724.1743294536,USD (1),cf,2010
81,Cyprus,2011,3171020.65812402,USD (1),cf,2011
81,Cyprus,2012,3250619.019615172,USD (1),cf,2012
81,Cyprus,2013,2392907.007084097,USD (1),cf,2013
81,Cyprus,2014,2831622.9183591446,USD (1),cf,2014
81,Cyprus,2015,3480610.6417903174,USD (1),cf,2015
81,Cyprus,2016,3467421.611880714,USD (1),cf,2016
81,Cyprus,2017,5230311.154771794,USD (1),cf,2017
81,Cyprus,2018,3854999.1574222352,USD (1),cf,2018
81,Cyprus,2019,4162969.6477928218,USD (1),cf,2019
82,Albania,2009,7854499.273443847,USD (1),cf,2009
82,Albania,2010,6486595.452347624,USD (1),cf,2010
82,Albania,2011,5592432.019362388,USD (1),cf,2011
82,Albania,2012,14794979.452677466,USD (1),cf,2012
82,Albania,2013,16955123.01585857,USD (1),cf,2013
82,Albania,2014,16594196.905705469,USD (1),cf,2014
82,Albania,2015,15266109.27401266,USD (1),cf,2015
82,Albania,2016,15965598.920316858,USD (1),cf,2016
82,Albania,2017,15346347.17060562,USD (1),cf,2017
82,Albania,2018,15509310.169719402,USD (1),cf,2018
82,Albania,2019,14816356.093001664,USD (1),cf,2019
84,Algeria,2009,116384125.37472436,USD (1),cf,2009
84,Algeria,2010,90912962.27233076,USD (1),cf,2010
84,Algeria,2011,97733186.91839053,USD (1),cf,2011
84,Algeria,2012,144193046.75794905,USD (1),cf,2012
84,Algeria,2013,140964716.46965805,USD (1),cf,2013
84,Algeria,2014,132139487.58271857,USD (1),cf,2014
84,Algeria,2015,115770391.8925934,USD (1),cf,2015
84,Algeria,2016,119304819.7138366,USD (1),cf,2016
84,Algeria,2017,136814858.57630652,USD (1),cf,2017
84,Algeria,2018,146705904.1165397,USD (1),cf,2018
84,Algeria,2019,140703094.06730032,USD (1),cf,2019
86,Saint Helena,2009,7244505.065329855,USD (1),cf,2009
86,Saint Helena,2010,8880566.519899873,USD (1),cf,2010
86,Saint Helena,2011,8959583.180244947,USD (1),cf,2011
86,Saint Helena,2012,5184663.620042227,USD (1),cf,2012
86,Saint Helena,2013,8738610.011925232,USD (1),cf,2013
86,Saint Helena,2014,13542345.11369028,USD (1),cf,2014
86,Saint Helena,2015,10744816.045099882,USD (1),cf,2015
86,Saint Helena,2016,13851400.181916334,USD (1),cf,2016
86,Saint Helena,2017,11846897.445425924,USD (1),cf,2017
86,Saint Helena,2018,13268346.437181072,USD (1),cf,2018
86,Saint Helena,2019,12218998.116524918,USD (1),cf,2019
95,Falkland Islands,2009,107962759.39842324,USD (1),cf,2009
95,Falkland Islands,2010,179702934.75128445,USD (1),cf,2010
95,Falkland Islands,2011,109205701.15739895,USD (1),cf,2011
95,Falkland Islands,2012,125887289.96999018,USD (1),cf,2012
95,Falkland Islands,2013,102326552.89693122,USD (1),cf,2013
95,Falkland Islands,2014,123343229.41887304,USD (1),cf,2014
95,Falkland Islands,2015,96316322.18500952,USD (1),cf,2015
95,Falkland Islands,2016,129496005.67229114,USD (1),cf,2016
95,Falkland Islands,2017,154124923.44977915,USD (1),cf,2017
95,Falkland Islands,2018,195732578.64669788,USD (1),cf,2018
95,Falkland Islands,2019,195265729.7923326,USD (1),cf,2019
96,Sierra Leone,2009,209416899.25881156,USD (1),cf,2009
96,Sierra Leone,2010,233545228.6119915,USD (1),cf,2010
96,Sierra Leone,2011,194868315.31195688,USD (1),cf,2011
96,Sierra Leone,2012,291833181.1643892,USD (1),cf,2012
96,Sierra Leone,2013,296583051.13645226,USD (1),cf,2013
96,Sierra Leone,2014,311550395.8380351,USD (1),cf,2014
96,Sierra Leone,2015,282566084.85177445,USD (1),cf,2015
96,Sierra Leone,2016,272611908.023823,USD (1),cf,2016
96,Sierra Leone,2017,364622971.4452704,USD (1),cf,2017
96,Sierra Leone,2018,323257441.8682199,USD (1),cf,2018
96,Sierra Leone,2019,325028439.5112097,USD (1),cf,2019
97,Liberia,2009,15720479.625036713,USD (1),cf,2009
97,Liberia,2010,18108617.81760113,USD (1),cf,2010
97,Liberia,2011,19561548.893400315,USD (1),cf,2011
97,Liberia,2012,18167221.770902548,USD (1),cf,2012
97,Liberia,2013,22613737.087764908,USD (1),cf,2013
97,Liberia,2014,25973274.612786945,USD (1),cf,2014
97,Liberia,2015,25073129.04884492,USD (1),cf,2015
97,Liberia,2016,22803941.17271761,USD (1),cf,2016
97,Liberia,2017,28369725.30863828,USD (1),cf,2017
97,Liberia,2018,32954967.60588728,USD (1),cf,2018
97,Liberia,2019,38520226.67353531,USD (1),cf,2019
98,Togo,2009,32786849.170338355,USD (1),cf,2009
98,Togo,2010,28038135.822014157,USD (1),cf,2010
98,Togo,2011,24369030.39557628,USD (1),cf,2011
98,Togo,2012,12499232.636227949,USD (1),cf,2012
98,Togo,2013,20722153.555962864,USD (1),cf,2013
98,Togo,2014,21369879.78290847,USD (1),cf,2014
98,Togo,2015,23309169.48611133,USD (1),cf,2015
98,Togo,2016,40560344.58814401,USD (1),cf,2016
98,Togo,2017,40603929.9899774,USD (1),cf,2017
98,Togo,2018,33050057.882243868,USD (1),cf,2018
98,Togo,2019,34160855.93494452,USD (1),cf,2019
99,Benin,2009,12874726.020681474,USD (1),cf,2009
99,Benin,2010,11258652.611846624,USD (1),cf,2010
99,Benin,2011,9282285.127884127,USD (1),cf,2011
99,Benin,2012,16792047.30110381,USD (1),cf,2012
99,Benin,2013,24362078.942265563,USD (1),cf,2013
99,Benin,2014,25168200.121235456,USD (1),cf,2014
99,Benin,2015,27298772.108237088,USD (1),cf,2015
99,Benin,2016,36595162.645871185,USD (1),cf,2016
99,Benin,2017,37028752.470439434,USD (1),cf,2017
99,Benin,2018,57583866.82651573,USD (1),cf,2018
99,Benin,2019,106212453.3164404,USD (1),cf,2019
100,Republique du Congo,2009,47251196.62796998,USD (1),cf,2009
100,Republique du Congo,2010,61864380.70400312,USD (1),cf,2010
100,Republique du Congo,2011,40810047.10133675,USD (1),cf,2011
100,Republique du Congo,2012,49798529.26464126,USD (1),cf,2012
100,Republique du Congo,2013,52446400.77699488,USD (1),cf,2013
100,Republique du Congo,2014,47198149.8392918,USD (1),cf,2014
100,Republique du Congo,2015,42153017.03807088,USD (1),cf,2015
100,Republique du Congo,2016,58699945.50118718,USD (1),cf,2016
100,Republique du Congo,2017,82922719.16613197,USD (1),cf,2017
100,Republique du Congo,2018,82850699.72264183,USD (1),cf,2018
100,Republique du Congo,2019,49855177.98606002,USD (1),cf,2019
101,Namibia,2009,385686698.6786521,USD (1),cf,2009
101,Namibia,2010,391743820.43841463,USD (1),cf,2010
101,Namibia,2011,369464892.1946489,USD (1),cf,2011
101,Namibia,2012,450783146.72746813,USD (1),cf,2012
101,Namibia,2013,468945389.08367634,USD (1),cf,2013
101,Namibia,2014,459855895.9030483,USD (1),cf,2014
101,Namibia,2015,463751538.43820226,USD (1),cf,2015
101,Namibia,2016,466902811.449832,USD (1),cf,2016
101,Namibia,2017,531117538.6451053,USD (1),cf,2017
101,Namibia,2018,530195817.7099928,USD (1),cf,2018
101,Namibia,2019,475383424.3255499,USD (1),cf,2019
102,South Africa,2009,626748154.8745298,USD (1),cf,2009
102,South Africa,2010,728387745.7514712,USD (1),cf,2010
102,South Africa,2011,601813237.5367925,USD (1),cf,2011
102,South Africa,2012,886498038.0541084,USD (1),cf,2012
102,South Africa,2013,742906234.0112085,USD (1),cf,2013
102,South Africa,2014,1320442336.5011408,USD (1),cf,2014
102,South Africa,2015,1047136510.7898482,USD (1),cf,2015
102,South Africa,2016,1186904252.739699,USD (1),cf,2016
102,South Africa,2017,1125493201.30192,USD (1),cf,2017
102,South Africa,2018,1224747338.252,USD (1),cf,2018
102,South Africa,2019,951546862.477072,USD (1),cf,2019
103,Sao Tome and Principe,2009,9586253.444439696,USD (1),cf,2009
103,Sao Tome and Principe,2010,9094593.3977041,USD (1),cf,2010
103,Sao Tome and Principe,2011,10965128.159190005,USD (1),cf,2011
103,Sao Tome and Principe,2012,10522768.8320583,USD (1),cf,2012
103,Sao Tome and Principe,2013,12801084.472846473,USD (1),cf,2013
103,Sao Tome and Principe,2014,15347326.985022549,USD (1),cf,2014
103,Sao Tome and Principe,2015,19829494.96379106,USD (1),cf,2015
103,Sao Tome and Principe,2016,18259230.24817439,USD (1),cf,2016
103,Sao Tome and Principe,2017,18682825.040632535,USD (1),cf,2017
103,Sao Tome and Principe,2018,12613389.786984682,USD (1),cf,2018
103,Sao Tome and Principe,2019,11818819.86998348,USD (1),cf,2019
104,Equatorial Guinea,2009,6766225.033329728,USD (1),cf,2009
104,Equatorial Guinea,2010,6039832.617703379,USD (1),cf,2010
104,Equatorial Guinea,2011,5201685.568138617,USD (1),cf,2011
104,Equatorial Guinea,2012,10941677.859540822,USD (1),cf,2012
104,Equatorial Guinea,2013,8591325.557447376,USD (1),cf,2013
104,Equatorial Guinea,2014,7232167.119462831,USD (1),cf,2014
104,Equatorial Guinea,2015,6965833.166778699,USD (1),cf,2015
104,Equatorial Guinea,2016,7202972.654103699,USD (1),cf,2016
104,Equatorial Guinea,2017,9043329.494396748,USD (1),cf,2017
104,Equatorial Guinea,2018,8151707.957849901,USD (1),cf,2018
104,Equatorial Guinea,2019,8317544.176334464,USD (1),cf,2019
106,Ghana,2009,321227771.19833934,USD (1),cf,2009
106,Ghana,2010,318115331.21383256,USD (1),cf,2010
106,Ghana,2011,315343958.6695717,USD (1),cf,2011
106,Ghana,2012,326022942.93626535,USD (1),cf,2012
106,Ghana,2013,268427338.15203792,USD (1),cf,2013
106,Ghana,2014,347317876.3288191,USD (1),cf,2014
106,Ghana,2015,365530919.3696562,USD (1),cf,2015
106,Ghana,2016,346915729.4312559,USD (1),cf,2016
106,Ghana,2017,512899604.793992,USD (1),cf,2017
106,Ghana,2018,487339397.25532186,USD (1),cf,2018
106,Ghana,2019,415944344.1492995,USD (1),cf,2019
108,Bermuda,2009,1626799.442626736,USD (1),cf,2009
108,Bermuda,2010,1462220.60078662,USD (1),cf,2010
108,Bermuda,2011,1863718.337464017,USD (1),cf,2011
108,Bermuda,2012,2056022.941591207,USD (1),cf,2012
108,Bermuda,2013,1638549.2364375258,USD (1),cf,2013
108,Bermuda,2014,1715545.5755845602,USD (1),cf,2014
108,Bermuda,2015,1579904.518872456,USD (1),cf,2015
108,Bermuda,2016,1495969.5464258865,USD (1),cf,2016
108,Bermuda,2017,1408244.1308459293,USD (1),cf,2017
108,Bermuda,2018,1244768.8500548657,USD (1),cf,2018
108,Bermuda,2019,1397792.6431435577,USD (1),cf,2019
110,Bahamas,2009,111737468.6362888,USD (1),cf,2009
110,Bahamas,2010,150726614.34851298,USD (1),cf,2010
110,Bahamas,2011,141927144.96958032,USD (1),cf,2011
110,Bahamas,2012,176786335.70090872,USD (1),cf,2012
110,Bahamas,2013,125845528.39069004,USD (1),cf,2013
110,Bahamas,2014,138527584.92605576,USD (1),cf,2014
110,Bahamas,2015,124402023.39557263,USD (1),cf,2015
110,Bahamas,2016,154105285.22152904,USD (1),cf,2016
110,Bahamas,2017,124285115.6831626,USD (1),cf,2017
110,Bahamas,2018,105154777.57334766,USD (1),cf,2018
110,Bahamas,2019,105995637.9038393,USD (1),cf,2019
111,Turks and Caicos Islands,2009,19108258.03637779,USD (1),cf,2009
111,Turks and Caicos Islands,2010,13609434.464728195,USD (1),cf,2010
111,Turks and Caicos Islands,2011,12534134.69815316,USD (1),cf,2011
111,Turks and Caicos Islands,2012,6808312.547846759,USD (1),cf,2012
111,Turks and Caicos Islands,2013,7845590.045491234,USD (1),cf,2013
111,Turks and Caicos Islands,2014,9133795.509957572,USD (1),cf,2014
111,Turks and Caicos Islands,2015,11002700.118325712,USD (1),cf,2015
111,Turks and Caicos Islands,2016,12698295.508923857,USD (1),cf,2016
111,Turks and Caicos Islands,2017,4708269.298119561,USD (1),cf,2017
111,Turks and Caicos Islands,2018,7048347.298627605,USD (1),cf,2018
111,Turks and Caicos Islands,2019,4268709.771420372,USD (1),cf,2019
112,Cuba,2009,85775200.7951843,USD (1),cf,2009
112,Cuba,2010,93487921.76971708,USD (1),cf,2010
112,Cuba,2011,104179447.22137415,USD (1),cf,2011
112,Cuba,2012,101483564.5616618,USD (1),cf,2012
112,Cuba,2013,113941776.06180067,USD (1),cf,2013
112,Cuba,2014,120154368.60419752,USD (1),cf,2014
112,Cuba,2015,108053284.38869075,USD (1),cf,2015
112,Cuba,2016,110785111.60026789,USD (1),cf,2016
112,Cuba,2017,97511457.3653971,USD (1),cf,2017
112,Cuba,2018,104872297.09835932,USD (1),cf,2018
112,Cuba,2019,79775360.52121435,USD (1),cf,2019
113,Cayman Islands,2009,78324.59984802088,USD (1),cf,2009
113,Cayman Islands,2010,79604.27691343363,USD (1),cf,2010
113,Cayman Islands,2011,84543.22801190625,USD (1),cf,2011
113,Cayman Islands,2012,85939.83253181013,USD (1),cf,2012
113,Cayman Islands,2013,168226.5151105675,USD (1),cf,2013
113,Cayman Islands,2014,162078.66291910375,USD (1),cf,2014
113,Cayman Islands,2015,149595.17413715876,USD (1),cf,2015
113,Cayman Islands,2016,168239.65181314625,USD (1),cf,2016
113,Cayman Islands,2017,174418.82161003124,USD (1),cf,2017
113,Cayman Islands,2018,194206.30533737876,USD (1),cf,2018
113,Cayman Islands,2019,186882.1448442775,USD (1),cf,2019
114,Haiti,2009,17978707.33649993,USD (1),cf,2009
114,Haiti,2010,14337555.551810808,USD (1),cf,2010
114,Haiti,2011,15470943.366614982,USD (1),cf,2011
114,Haiti,2012,16070631.650139095,USD (1),cf,2012
114,Haiti,2013,26469551.779362567,USD (1),cf,2013
114,Haiti,2014,26046243.93685694,USD (1),cf,2014
114,Haiti,2015,24017305.85077331,USD (1),cf,2015
114,Haiti,2016,26368833.211056776,USD (1),cf,2016
114,Haiti,2017,26335128.621705975,USD (1),cf,2017
114,Haiti,2018,28636908.885655083,USD (1),cf,2018
114,Haiti,2019,27784291.545118593,USD (1),cf,2019
115,Dominican Republic,2009,47742103.88796689,USD (1),cf,2009
115,Dominican Republic,2010,41637983.67967563,USD (1),cf,2010
115,Dominican Republic,2011,62118320.55318523,USD (1),cf,2011
115,Dominican Republic,2012,63266420.833645046,USD (1),cf,2012
115,Dominican Republic,2013,67079274.01193731,USD (1),cf,2013
115,Dominican Republic,2014,69217429.37750456,USD (1),cf,2014
115,Dominican Republic,2015,43583404.08926338,USD (1),cf,2015
115,Dominican Republic,2016,50526970.64564644,USD (1),cf,2016
115,Dominican Republic,2017,51464436.16120504,USD (1),cf,2017
115,Dominican Republic,2018,54893615.2927369,USD (1),cf,2018
115,Dominican Republic,2019,59768807.46225117,USD (1),cf,2019
116,Puerto Rico and Virgin Islands of the United States,2009,13710772.113216937,USD (1),cf,2009
116,Puerto Rico and Virgin Islands of the United States,2010,8681862.002804391,USD (1),cf,2010
116,Puerto Rico and Virgin Islands of the United States,2011,8334794.7134583285,USD (1),cf,2011
116,Puerto Rico and Virgin Islands of the United States,2012,7874994.369114697,USD (1),cf,2012
116,Puerto Rico and Virgin Islands of the United States,2013,8041312.111578237,USD (1),cf,2013
116,Puerto Rico and Virgin Islands of the United States,2014,8465089.734436713,USD (1),cf,2014
116,Puerto Rico and Virgin Islands of the United States,2015,8754610.899875775,USD (1),cf,2015
116,Puerto Rico and Virgin Islands of the United States,2016,9823582.566328064,USD (1),cf,2016
116,Puerto Rico and Virgin Islands of the United States,2017,6736316.341770684,USD (1),cf,2017
116,Puerto Rico and Virgin Islands of the United States,2018,7356656.755365961,USD (1),cf,2018
116,Puerto Rico and Virgin Islands of the United States,2019,6577329.8918532,USD (1),cf,2019
117,British Virgin Islands,2009,2387208.29625131,USD (1),cf,2009
117,British Virgin Islands,2010,2465896.359362361,USD (1),cf,2010
117,British Virgin Islands,2011,2518167.497919084,USD (1),cf,2011
117,British Virgin Islands,2012,2255386.187391894,USD (1),cf,2012
117,British Virgin Islands,2013,2905339.2770715225,USD (1),cf,2013
117,British Virgin Islands,2014,2897159.78035614,USD (1),cf,2014
117,British Virgin Islands,2015,2863353.969056851,USD (1),cf,2015
117,British Virgin Islands,2016,2872346.410659581,USD (1),cf,2016
117,British Virgin Islands,2017,2877827.1584922876,USD (1),cf,2017
117,British Virgin Islands,2018,3041259.687200977,USD (1),cf,2018
117,British Virgin Islands,2019,3062794.522898287,USD (1),cf,2019
118,Anguilla,2009,2377676.705652017,USD (1),cf,2009
118,Anguilla,2010,2351786.9442020836,USD (1),cf,2010
118,Anguilla,2011,3012053.541661075,USD (1),cf,2011
118,Anguilla,2012,3468586.0615822114,USD (1),cf,2012
118,Anguilla,2013,3837259.4377155313,USD (1),cf,2013
118,Anguilla,2014,4110304.133238562,USD (1),cf,2014
118,Anguilla,2015,4850688.465323198,USD (1),cf,2015
118,Anguilla,2016,6068047.797454888,USD (1),cf,2016
118,Anguilla,2017,4276156.3506130325,USD (1),cf,2017
118,Anguilla,2018,4532161.752673225,USD (1),cf,2018
118,Anguilla,2019,4505439.292264915,USD (1),cf,2019
119,Saint Kitts and Nevis,2009,3980570.7184913536,USD (1),cf,2009
119,Saint Kitts and Nevis,2010,17816809.315177854,USD (1),cf,2010
119,Saint Kitts and Nevis,2011,24515689.678969864,USD (1),cf,2011
119,Saint Kitts and Nevis,2012,17456847.26611154,USD (1),cf,2012
119,Saint Kitts and Nevis,2013,18538492.27996736,USD (1),cf,2013
119,Saint Kitts and Nevis,2014,48860043.315877914,USD (1),cf,2014
119,Saint Kitts and Nevis,2015,87521735.47629373,USD (1),cf,2015
119,Saint Kitts and Nevis,2016,53543104.794057526,USD (1),cf,2016
119,Saint Kitts and Nevis,2017,101871955.93493484,USD (1),cf,2017
119,Saint Kitts and Nevis,2018,3059839.2061016723,USD (1),cf,2018
119,Saint Kitts and Nevis,2019,1660444.926256018,USD (1),cf,2019
120,Antigua and Barbuda,2009,7198554.468639488,USD (1),cf,2009
120,Antigua and Barbuda,2010,8007429.9243383,USD (1),cf,2010
120,Antigua and Barbuda,2011,10250828.972285798,USD (1),cf,2011
120,Antigua and Barbuda,2012,14784242.896122282,USD (1),cf,2012
120,Antigua and Barbuda,2013,12499664.511733694,USD (1),cf,2013
120,Antigua and Barbuda,2014,10435013.833287286,USD (1),cf,2014
120,Antigua and Barbuda,2015,12276355.325326668,USD (1),cf,2015
120,Antigua and Barbuda,2016,12484485.34558687,USD (1),cf,2016
120,Antigua and Barbuda,2017,11689759.705516228,USD (1),cf,2017
120,Antigua and Barbuda,2018,11666281.677608415,USD (1),cf,2018
120,Antigua and Barbuda,2019,10045595.578793224,USD (1),cf,2019
121,Montserrat,2009,23184.08155501418,USD (1),cf,2009
121,Montserrat,2010,15284.021167379256,USD (1),cf,2010
121,Montserrat,2011,22319.41219514325,USD (1),cf,2011
121,Montserrat,2012,28188.26507043372,USD (1),cf,2012
121,Montserrat,2013,59215.73331891976,USD (1),cf,2013
121,Montserrat,2014,53161.80143746603,USD (1),cf,2014
121,Montserrat,2015,40689.88736530718,USD (1),cf,2015
121,Montserrat,2016,41723.43364966027,USD (1),cf,2016
121,Montserrat,2017,36279.1148948865,USD (1),cf,2017
121,Montserrat,2018,46609.5132809709,USD (1),cf,2018
121,Montserrat,2019,44851.714762626594,USD (1),cf,2019
122,Saint Lucia,2009,4147158.856030216,USD (1),cf,2009
122,Saint Lucia,2010,3816703.235096768,USD (1),cf,2010
122,Saint Lucia,2011,3978352.833276152,USD (1),cf,2011
122,Saint Lucia,2012,3552517.5669957288,USD (1),cf,2012
122,Saint Lucia,2013,3510707.4897468705,USD (1),cf,2013
122,Saint Lucia,2014,3461648.1879452984,USD (1),cf,2014
122,Saint Lucia,2015,3976446.513506078,USD (1),cf,2015
122,Saint Lucia,2016,4599509.81551969,USD (1),cf,2016
122,Saint Lucia,2017,4663574.2706464995,USD (1),cf,2017
122,Saint Lucia,2018,4119507.602523346,USD (1),cf,2018
122,Saint Lucia,2019,3726270.859037545,USD (1),cf,2019
123,Dominica,2009,1173911.4429349222,USD (1),cf,2009
123,Dominica,2010,995697.7397494286,USD (1),cf,2010
123,Dominica,2011,1105044.9685092058,USD (1),cf,2011
123,Dominica,2012,864247.5281057573,USD (1),cf,2012
123,Dominica,2013,743009.7252819428,USD (1),cf,2013
123,Dominica,2014,1456572.3041667603,USD (1),cf,2014
123,Dominica,2015,1563879.023310467,USD (1),cf,2015
123,Dominica,2016,1323254.579700039,USD (1),cf,2016
123,Dominica,2017,1698681.0083987075,USD (1),cf,2017
123,Dominica,2018,1367530.6660098068,USD (1),cf,2018
123,Dominica,2019,1681207.4771685482,USD (1),cf,2019
124,Barbados,2009,3541942.393115833,USD (1),cf,2009
124,Barbados,2010,4107092.007849729,USD (1),cf,2010
124,Barbados,2011,2713538.960792649,USD (1),cf,2011
124,Barbados,2012,1846114.50464077,USD (1),cf,2012
124,Barbados,2013,3866261.781683144,USD (1),cf,2013
124,Barbados,2014,3383992.190480516,USD (1),cf,2014
124,Barbados,2015,2481224.6467509605,USD (1),cf,2015
124,Barbados,2016,2842032.4305478055,USD (1),cf,2016
124,Barbados,2017,3007889.0333083062,USD (1),cf,2017
124,Barbados,2018,3015771.7700537913,USD (1),cf,2018
124,Barbados,2019,1882243.698564117,USD (1),cf,2019
125,Grenada,2009,5700096.374375026,USD (1),cf,2009
125,Grenada,2010,4551315.181919568,USD (1),cf,2010
125,Grenada,2011,5698408.888825954,USD (1),cf,2011
125,Grenada,2012,5141204.194319121,USD (1),cf,2012
125,Grenada,2013,4924656.146889204,USD (1),cf,2013
125,Grenada,2014,4552885.34409049,USD (1),cf,2014
125,Grenada,2015,4193448.260621265,USD (1),cf,2015
125,Grenada,2016,4627005.545466791,USD (1),cf,2016
125,Grenada,2017,4997362.654084324,USD (1),cf,2017
125,Grenada,2018,4748667.996089975,USD (1),cf,2018
125,Grenada,2019,4467754.929645102,USD (1),cf,2019
126,Trinidad and Tobago,2009,19826180.900868773,USD (1),cf,2009
126,Trinidad and Tobago,2010,16454360.24840535,USD (1),cf,2010
126,Trinidad and Tobago,2011,17619935.30953117,USD (1),cf,2011
126,Trinidad and Tobago,2012,16162353.853197308,USD (1),cf,2012
126,Trinidad and Tobago,2013,22015015.914169636,USD (1),cf,2013
126,Trinidad and Tobago,2014,21785148.106910437,USD (1),cf,2014
126,Trinidad and Tobago,2015,19013501.10487513,USD (1),cf,2015
126,Trinidad and Tobago,2016,21256064.637210585,USD (1),cf,2016
126,Trinidad and Tobago,2017,23161391.89344129,USD (1),cf,2017
126,Trinidad and Tobago,2018,24467368.204434507,USD (1),cf,2018
126,Trinidad and Tobago,2019,23662496.17753437,USD (1),cf,2019
127,Saint Vincent and the Grenadines,2009,41354027.138281815,USD (1),cf,2009
127,Saint Vincent and the Grenadines,2010,41202107.112266906,USD (1),cf,2010
127,Saint Vincent and the Grenadines,2011,43385886.75974201,USD (1),cf,2011
127,Saint Vincent and the Grenadines,2012,8179787.162870363,USD (1),cf,2012
127,Saint Vincent and the Grenadines,2013,35803367.928532876,USD (1),cf,2013
127,Saint Vincent and the Grenadines,2014,74742568.2550508,USD (1),cf,2014
127,Saint Vincent and the Grenadines,2015,26169597.816324137,USD (1),cf,2015
127,Saint Vincent and the Grenadines,2016,21968858.252908595,USD (1),cf,2016
127,Saint Vincent and the Grenadines,2017,45285295.20434775,USD (1),cf,2017
127,Saint Vincent and the Grenadines,2018,6063370.751974941,USD (1),cf,2018
127,Saint Vincent and the Grenadines,2019,5255526.68447878,USD (1),cf,2019
129,Panama,2009,372697723.7262832,USD (1),cf,2009
129,Panama,2010,233851090.7954311,USD (1),cf,2010
129,Panama,2011,252287743.27347097,USD (1),cf,2011
129,Panama,2012,237808139.31580696,USD (1),cf,2012
129,Panama,2013,369069492.6310653,USD (1),cf,2013
129,Panama,2014,265449084.54058337,USD (1),cf,2014
129,Panama,2015,192957762.42985177,USD (1),cf,2015
129,Panama,2016,232042792.7752397,USD (1),cf,2016
129,Panama,2017,253375399.69883385,USD (1),cf,2017
129,Panama,2018,293388589.6749663,USD (1),cf,2018
129,Panama,2019,499542436.587449,USD (1),cf,2019
130,Costa Rica,2009,32090209.894766074,USD (1),cf,2009
130,Costa Rica,2010,26276523.805338178,USD (1),cf,2010
130,Costa Rica,2011,17704126.9111257,USD (1),cf,2011
130,Costa Rica,2012,20218759.694090668,USD (1),cf,2012
130,Costa Rica,2013,42327466.703572616,USD (1),cf,2013
130,Costa Rica,2014,32482530.45770194,USD (1),cf,2014
130,Costa Rica,2015,33154856.408915862,USD (1),cf,2015
130,Costa Rica,2016,24819893.29851877,USD (1),cf,2016
130,Costa Rica,2017,31763161.2751045,USD (1),cf,2017
130,Costa Rica,2018,33366603.066345055,USD (1),cf,2018
130,Costa Rica,2019,42828227.922155574,USD (1),cf,2019
131,Nicaragua,2009,149355399.6994019,USD (1),cf,2009
131,Nicaragua,2010,148041905.1756686,USD (1),cf,2010
131,Nicaragua,2011,136437027.94398662,USD (1),cf,2011
131,Nicaragua,2012,136380745.28587827,USD (1),cf,2012
131,Nicaragua,2013,153556205.06760204,USD (1),cf,2013
131,Nicaragua,2014,188208537.0802171,USD (1),cf,2014
131,Nicaragua,2015,193698915.1345975,USD (1),cf,2015
131,Nicaragua,2016,195551570.14275917,USD (1),cf,2016
131,Nicaragua,2017,187952477.41650596,USD (1),cf,2017
131,Nicaragua,2018,205989554.16830876,USD (1),cf,2018
131,Nicaragua,2019,189500710.7583605,USD (1),cf,2019
132,Colombia,2009,145514162.59155226,USD (1),cf,2009
132,Colombia,2010,95968629.68654644,USD (1),cf,2010
132,Colombia,2011,109927601.6797196,USD (1),cf,2011
132,Colombia,2012,93170636.13924262,USD (1),cf,2012
132,Colombia,2013,73560866.543250307,USD (1),cf,2013
132,Colombia,2014,105115752.45566449,USD (1),cf,2014
132,Colombia,2015,80824548.80327033,USD (1),cf,2015
132,Colombia,2016,72217906.7373371,USD (1),cf,2016
132,Colombia,2017,122614654.86945184,USD (1),cf,2017
132,Colombia,2018,92555207.04194236,USD (1),cf,2018
132,Colombia,2019,163729610.63354996,USD (1),cf,2019
133,Honduras,2009,58584882.90128197,USD (1),cf,2009
133,Honduras,2010,72931016.47093074,USD (1),cf,2010
133,Honduras,2011,81253400.41837044,USD (1),cf,2011
133,Honduras,2012,106010604.20938368,USD (1),cf,2012
133,Honduras,2013,107969783.64358424,USD (1),cf,2013
133,Honduras,2014,97305686.26223828,USD (1),cf,2014
133,Honduras,2015,116729109.5446659,USD (1),cf,2015
133,Honduras,2016,115801204.32861751,USD (1),cf,2016
133,Honduras,2017,103531454.7428405,USD (1),cf,2017
133,Honduras,2018,108823430.55462532,USD (1),cf,2018
133,Honduras,2019,109116176.34772225,USD (1),cf,2019
134,El Salvador,2009,78584539.62582293,USD (1),cf,2009
134,El Salvador,2010,41585651.50508824,USD (1),cf,2010
134,El Salvador,2011,85068320.18493605,USD (1),cf,2011
134,El Salvador,2012,81216477.88039204,USD (1),cf,2012
134,El Salvador,2013,64912182.86537669,USD (1),cf,2013
134,El Salvador,2014,68628259.79713942,USD (1),cf,2014
134,El Salvador,2015,63784374.40534076,USD (1),cf,2015
134,El Salvador,2016,82576816.40322421,USD (1),cf,2016
134,El Salvador,2017,95440909.61876294,USD (1),cf,2017
134,El Salvador,2018,91254263.598221,USD (1),cf,2018
134,El Salvador,2019,76674577.20445521,USD (1),cf,2019
135,Mexico,2009,1795930440.1228485,USD (1),cf,2009
135,Mexico,2010,1715469384.5183234,USD (1),cf,2010
135,Mexico,2011,1853617750.792913,USD (1),cf,2011
135,Mexico,2012,2070020767.1797972,USD (1),cf,2012
135,Mexico,2013,2659393589.06548,USD (1),cf,2013
135,Mexico,2014,2440778346.0355105,USD (1),cf,2014
135,Mexico,2015,2272990770.9012017,USD (1),cf,2015
135,Mexico,2016,2276768960.1566153,USD (1),cf,2016
135,Mexico,2017,2964045333.917758,USD (1),cf,2017
135,Mexico,2018,2869408718.4739223,USD (1),cf,2018
135,Mexico,2019,2787204116.7207975,USD (1),cf,2019
136,Guatemala,2009,36382827.48758838,USD (1),cf,2009
136,Guatemala,2010,35418369.163747825,USD (1),cf,2010
136,Guatemala,2011,37995847.94701364,USD (1),cf,2011
136,Guatemala,2012,24095876.958196186,USD (1),cf,2012
136,Guatemala,2013,21363866.670125116,USD (1),cf,2013
136,Guatemala,2014,18709367.606052987,USD (1),cf,2014
136,Guatemala,2015,14583964.072214374,USD (1),cf,2015
136,Guatemala,2016,19925798.43041724,USD (1),cf,2016
136,Guatemala,2017,21871395.835584052,USD (1),cf,2017
136,Guatemala,2018,19525192.656708974,USD (1),cf,2018
136,Guatemala,2019,20444298.846335836,USD (1),cf,2019
137,Ecuador,2009,851261712.5263175,USD (1),cf,2009
137,Ecuador,2010,614500884.1819069,USD (1),cf,2010
137,Ecuador,2011,841884960.0151131,USD (1),cf,2011
137,Ecuador,2012,948294270.2784612,USD (1),cf,2012
137,Ecuador,2013,730516171.0527003,USD (1),cf,2013
137,Ecuador,2014,897394261.3028822,USD (1),cf,2014
137,Ecuador,2015,912685640.244686,USD (1),cf,2015
137,Ecuador,2016,1154336083.221044,USD (1),cf,2016
137,Ecuador,2017,1245578107.346366,USD (1),cf,2017
137,Ecuador,2018,1139827099.7562869,USD (1),cf,2018
137,Ecuador,2019,1101595083.629982,USD (1),cf,2019
138,Peru,2009,9016980966.728382,USD (1),cf,2009
138,Peru,2010,5268799970.838532,USD (1),cf,2010
138,Peru,2011,10085003417.064629,USD (1),cf,2011
138,Peru,2012,6432194603.075944,USD (1),cf,2012
138,Peru,2013,13896293259.033928,USD (1),cf,2013
138,Peru,2014,8622212674.67303,USD (1),cf,2014
138,Peru,2015,9680807871.74088,USD (1),cf,2015
138,Peru,2016,8784508093.333326,USD (1),cf,2016
138,Peru,2017,10933909516.046616,USD (1),cf,2017
138,Peru,2018,19186021546.69923,USD (1),cf,2018
138,Peru,2019,12906023920.071814,USD (1),cf,2019
139,Venezuela,2009,503150072.60975367,USD (1),cf,2009
139,Venezuela,2010,277085942.93759227,USD (1),cf,2010
139,Venezuela,2011,260649772.8659196,USD (1),cf,2011
139,Venezuela,2012,240568071.53607175,USD (1),cf,2012
139,Venezuela,2013,245685966.12709537,USD (1),cf,2013
139,Venezuela,2014,236603619.61976343,USD (1),cf,2014
139,Venezuela,2015,301702546.66318727,USD (1),cf,2015
139,Venezuela,2016,359130731.8091013,USD (1),cf,2016
139,Venezuela,2017,376931712.5933225,USD (1),cf,2017
139,Venezuela,2018,266096237.0563445,USD (1),cf,2018
139,Venezuela,2019,246317266.73311257,USD (1),cf,2019
140,Guadeloupe and Martinique,2009,11292169.291580096,USD (1),cf,2009
140,Guadeloupe and Martinique,2010,11127692.16049527,USD (1),cf,2010
140,Guadeloupe and Martinique,2011,13491113.274418319,USD (1),cf,2011
140,Guadeloupe and Martinique,2012,9535381.252943937,USD (1),cf,2012
140,Guadeloupe and Martinique,2013,10802116.336697282,USD (1),cf,2013
140,Guadeloupe and Martinique,2014,11920070.69444755,USD (1),cf,2014
140,Guadeloupe and Martinique,2015,12377722.705453008,USD (1),cf,2015
140,Guadeloupe and Martinique,2016,11880101.062657446,USD (1),cf,2016
140,Guadeloupe and Martinique,2017,13274735.962961543,USD (1),cf,2017
140,Guadeloupe and Martinique,2018,10594834.887072247,USD (1),cf,2018
140,Guadeloupe and Martinique,2019,10814098.935079884,USD (1),cf,2019
141,Faeroe Islands,2009,338672353.98650324,USD (1),cf,2009
141,Faeroe Islands,2010,393984551.2165076,USD (1),cf,2010
141,Faeroe Islands,2011,367642451.2050035,USD (1),cf,2011
141,Faeroe Islands,2012,366791533.32826567,USD (1),cf,2012
141,Faeroe Islands,2013,396234903.256249,USD (1),cf,2013
141,Faeroe Islands,2014,388676531.2927853,USD (1),cf,2014
141,Faeroe Islands,2015,363686658.53305733,USD (1),cf,2015
141,Faeroe Islands,2016,377449779.8239697,USD (1),cf,2016
141,Faeroe Islands,2017,445432610.0952405,USD (1),cf,2017
141,Faeroe Islands,2018,428819918.40245944,USD (1),cf,2018
141,Faeroe Islands,2019,447872845.0983849,USD (1),cf,2019
143,Iceland,2009,1225401836.7332778,USD (1),cf,2009
143,Iceland,2010,1237899316.91416,USD (1),cf,2010
143,Iceland,2011,1274887708.017301,USD (1),cf,2011
143,Iceland,2012,1362311892.3330731,USD (1),cf,2012
143,Iceland,2013,1343483901.0960815,USD (1),cf,2013
143,Iceland,2014,1172727268.2712631,USD (1),cf,2014
143,Iceland,2015,1274754769.1840484,USD (1),cf,2015
143,Iceland,2016,1204048587.698651,USD (1),cf,2016
143,Iceland,2017,1405232294.8127909,USD (1),cf,2017
143,Iceland,2018,1557904674.3212187,USD (1),cf,2018
143,Iceland,2019,1316784384.2858386,USD (1),cf,2019
144,Jan Mayen,2009,62.65967987841671,USD (1),cf,2009
144,Jan Mayen,2010,63.6834215307469,USD (1),cf,2010
144,Jan Mayen,2011,67.63458240952501,USD (1),cf,2011
144,Jan Mayen,2012,68.75186602544811,USD (1),cf,2012
144,Jan Mayen,2013,134.581212088454,USD (1),cf,2013
144,Jan Mayen,2014,129.662930335283,USD (1),cf,2014
144,Jan Mayen,2015,119.676139309727,USD (1),cf,2015
144,Jan Mayen,2016,134.591721450517,USD (1),cf,2016
144,Jan Mayen,2017,139.535057288025,USD (1),cf,2017
144,Jan Mayen,2018,155.36504426990302,USD (1),cf,2018
144,Jan Mayen,2019,149.505715875422,USD (1),cf,2019
145,Greenland,2009,719976456.6241133,USD (1),cf,2009
145,Greenland,2010,691226027.8561236,USD (1),cf,2010
145,Greenland,2011,674464788.9187633,USD (1),cf,2011
145,Greenland,2012,660009139.4915721,USD (1),cf,2012
145,Greenland,2013,652700949.9308537,USD (1),cf,2013
145,Greenland,2014,663124062.6542159,USD (1),cf,2014
145,Greenland,2015,575584235.6298972,USD (1),cf,2015
145,Greenland,2016,643182539.4329398,USD (1),cf,2016
145,Greenland,2017,734731097.2434644,USD (1),cf,2017
145,Greenland,2018,737064408.0048923,USD (1),cf,2018
145,Greenland,2019,774689753.0235866,USD (1),cf,2019
146,Pitcairn,2009,1879.7903963525011,USD (1),cf,2009
146,Pitcairn,2010,1910.5026459224068,USD (1),cf,2010
146,Pitcairn,2011,2029.03747228575,USD (1),cf,2011
146,Pitcairn,2012,2062.555980763443,USD (1),cf,2012
146,Pitcairn,2013,4037.43636265362,USD (1),cf,2013
146,Pitcairn,2014,3889.88791005849,USD (1),cf,2014
146,Pitcairn,2015,3590.28417929181,USD (1),cf,2015
146,Pitcairn,2016,4037.7516435155103,USD (1),cf,2016
146,Pitcairn,2017,4186.05171864075,USD (1),cf,2017
146,Pitcairn,2018,4660.95132809709,USD (1),cf,2018
146,Pitcairn,2019,4485.17147626266,USD (1),cf,2019
147,French Polynesia,2009,23086919.886516288,USD (1),cf,2009
147,French Polynesia,2010,20527222.905382704,USD (1),cf,2010
147,French Polynesia,2011,24844043.345069516,USD (1),cf,2011
147,French Polynesia,2012,25249337.24826057,USD (1),cf,2012
147,French Polynesia,2013,20375810.162092622,USD (1),cf,2013
147,French Polynesia,2014,21494757.25770469,USD (1),cf,2014
147,French Polynesia,2015,20315571.620513752,USD (1),cf,2015
147,French Polynesia,2016,20738758.365855344,USD (1),cf,2016
147,French Polynesia,2017,21963392.99250359,USD (1),cf,2017
147,French Polynesia,2018,23185024.37082129,USD (1),cf,2018
147,French Polynesia,2019,24146846.137717392,USD (1),cf,2019
151,American Samoa,2009,12166100.350133892,USD (1),cf,2009
151,American Samoa,2010,10899452.10978787,USD (1),cf,2010
151,American Samoa,2011,8880367.180358171,USD (1),cf,2011
151,American Samoa,2012,9230303.788233085,USD (1),cf,2012
151,American Samoa,2013,3712251.7497013416,USD (1),cf,2013
151,American Samoa,2014,3131760.7098233146,USD (1),cf,2014
151,American Samoa,2015,5438348.00294144,USD (1),cf,2015
151,American Samoa,2016,3633605.3764432017,USD (1),cf,2016
151,American Samoa,2017,3780394.874086792,USD (1),cf,2017
151,American Samoa,2018,3410354.864848424,USD (1),cf,2018
151,American Samoa,2019,2545648.7577289133,USD (1),cf,2019
152,Samoa,2009,14630186.53070565,USD (1),cf,2009
152,Samoa,2010,13052871.884366697,USD (1),cf,2010
152,Samoa,2011,11490083.746255094,USD (1),cf,2011
152,Samoa,2012,12277070.073561652,USD (1),cf,2012
152,Samoa,2013,17721471.212283928,USD (1),cf,2013
152,Samoa,2014,12085987.451151948,USD (1),cf,2014
152,Samoa,2015,13234262.80390023,USD (1),cf,2015
152,Samoa,2016,14302837.844499858,USD (1),cf,2016
152,Samoa,2017,17829896.12850776,USD (1),cf,2017
152,Samoa,2018,17298983.300363984,USD (1),cf,2018
152,Samoa,2019,19726578.176860526,USD (1),cf,2019
153,Cook Islands,2009,6046605.020016844,USD (1),cf,2009
153,Cook Islands,2010,17453618.535705674,USD (1),cf,2010
153,Cook Islands,2011,15518403.49035469,USD (1),cf,2011
153,Cook Islands,2012,19175363.55777645,USD (1),cf,2012
153,Cook Islands,2013,6392632.303549632,USD (1),cf,2013
153,Cook Islands,2014,6724753.429710332,USD (1),cf,2014
153,Cook Islands,2015,12466438.913996557,USD (1),cf,2015
153,Cook Islands,2016,3834131.958856746,USD (1),cf,2016
153,Cook Islands,2017,6946435.185311066,USD (1),cf,2017
153,Cook Islands,2018,7580860.496745279,USD (1),cf,2018
153,Cook Islands,2019,9681109.274718013,USD (1),cf,2019
154,Niue,2009,494810.8577117365,USD (1),cf,2009
154,Niue,2010,239153.55819945692,USD (1),cf,2010
154,Niue,2011,17793.62673975459,USD (1),cf,2011
154,Niue,2012,19890.322658848825,USD (1),cf,2012
154,Niue,2013,73377.1989324704,USD (1),cf,2013
154,Niue,2014,65810.84224049297,USD (1),cf,2014
154,Niue,2015,64792.78712858755,USD (1),cf,2015
154,Niue,2016,74127.06539527494,USD (1),cf,2016
154,Niue,2017,79433.78710725422,USD (1),cf,2017
154,Niue,2018,76565.5894315927,USD (1),cf,2018
154,Niue,2019,83840.01422095748,USD (1),cf,2019
155,Tonga,2009,3489950.257641008,USD (1),cf,2009
155,Tonga,2010,3455248.027924797,USD (1),cf,2010
155,Tonga,2011,3227089.155307105,USD (1),cf,2011
155,Tonga,2012,2675781.722783951,USD (1),cf,2012
155,Tonga,2013,2972440.6503539444,USD (1),cf,2013
155,Tonga,2014,3361811.2708969335,USD (1),cf,2014
155,Tonga,2015,2806832.372597452,USD (1),cf,2015
155,Tonga,2016,2879849.744226645,USD (1),cf,2016
155,Tonga,2017,2366154.3750197217,USD (1),cf,2017
155,Tonga,2018,2331648.356452581,USD (1),cf,2018
155,Tonga,2019,2257462.364025486,USD (1),cf,2019
156,Tokelau,2009,50759.696675991894,USD (1),cf,2009
156,Tokelau,2010,35770.09765304536,USD (1),cf,2010
156,Tokelau,2011,45568.3997047364,USD (1),cf,2011
156,Tokelau,2012,409308.5173093933,USD (1),cf,2012
156,Tokelau,2013,245962.05065980097,USD (1),cf,2013
156,Tokelau,2014,108070.15095295222,USD (1),cf,2014
156,Tokelau,2015,221101.9537501593,USD (1),cf,2015
156,Tokelau,2016,260700.37776635535,USD (1),cf,2016
156,Tokelau,2017,133171.70959174223,USD (1),cf,2017
156,Tokelau,2018,113471.53059272976,USD (1),cf,2018
156,Tokelau,2019,122543.8301862808,USD (1),cf,2019
161,Wallis and Futuna,2009,487234.632594943,USD (1),cf,2009
161,Wallis and Futuna,2010,515052.477337381,USD (1),cf,2010
161,Wallis and Futuna,2011,383421.4515027707,USD (1),cf,2011
161,Wallis and Futuna,2012,295920.10748420405,USD (1),cf,2012
161,Wallis and Futuna,2013,439949.59021076513,USD (1),cf,2013
161,Wallis and Futuna,2014,299531.3740929297,USD (1),cf,2014
161,Wallis and Futuna,2015,276278.2281507276,USD (1),cf,2015
161,Wallis and Futuna,2016,276813.8794881364,USD (1),cf,2016
161,Wallis and Futuna,2017,329861.5523564012,USD (1),cf,2017
161,Wallis and Futuna,2018,442482.1826209291,USD (1),cf,2018
161,Wallis and Futuna,2019,484166.6226863676,USD (1),cf,2019
162,New Zealand,2009,540089020.7031935,USD (1),cf,2009
162,New Zealand,2010,558377729.0655667,USD (1),cf,2010
162,New Zealand,2011,559407781.533739,USD (1),cf,2011
162,New Zealand,2012,578314470.5076396,USD (1),cf,2012
162,New Zealand,2013,637752310.7304406,USD (1),cf,2013
162,New Zealand,2014,710939577.1461807,USD (1),cf,2014
162,New Zealand,2015,688060674.4282774,USD (1),cf,2015
162,New Zealand,2016,661396401.0807843,USD (1),cf,2016
162,New Zealand,2017,763114871.636148,USD (1),cf,2017
162,New Zealand,2018,765746659.3942311,USD (1),cf,2018
162,New Zealand,2019,800549209.3806181,USD (1),cf,2019
163,United States,2009,6990923926.007658,USD (1),cf,2009
163,United States,2010,7265829296.353813,USD (1),cf,2010
163,United States,2011,7728020257.042583,USD (1),cf,2011
163,United States,2012,8104739177.348693,USD (1),cf,2012
163,United States,2013,8001542803.171905,USD (1),cf,2013
163,United States,2014,8193023448.168425,USD (1),cf,2014
163,United States,2015,7848502446.113393,USD (1),cf,2015
163,United States,2016,7719211306.862426,USD (1),cf,2016
163,United States,2017,8172026243.797204,USD (1),cf,2017
163,United States,2018,8080190945.511696,USD (1),cf,2018
163,United States,2019,8626450812.219421,USD (1),cf,2019
164,Belize,2009,183033741.3535452,USD (1),cf,2009
164,Belize,2010,238042509.771229,USD (1),cf,2010
164,Belize,2011,188849617.6287125,USD (1),cf,2011
164,Belize,2012,144815950.22691017,USD (1),cf,2012
164,Belize,2013,55806114.20653761,USD (1),cf,2013
164,Belize,2014,86839182.4509102,USD (1),cf,2014
164,Belize,2015,106132762.00529024,USD (1),cf,2015
164,Belize,2016,103464668.0164732,USD (1),cf,2016
164,Belize,2017,172270784.6512539,USD (1),cf,2017
164,Belize,2018,322794701.16918176,USD (1),cf,2018
164,Belize,2019,292843438.1998028,USD (1),cf,2019
166,Jamaica,2009,19495019.745032217,USD (1),cf,2009
166,Jamaica,2010,20027719.99779387,USD (1),cf,2010
166,Jamaica,2011,21826398.30660711,USD (1),cf,2011
166,Jamaica,2012,21070385.521109603,USD (1),cf,2012
166,Jamaica,2013,32256649.85778464,USD (1),cf,2013
166,Jamaica,2014,28035237.319482725,USD (1),cf,2014
166,Jamaica,2015,29924178.986991156,USD (1),cf,2015
166,Jamaica,2016,33420024.7832661,USD (1),cf,2016
166,Jamaica,2017,34459495.00710863,USD (1),cf,2017
166,Jamaica,2018,29176859.945457555,USD (1),cf,2018
166,Jamaica,2019,21762434.708727323,USD (1),cf,2019
167,Guyana,2009,76022075.5897765,USD (1),cf,2009
167,Guyana,2010,79168946.5799347,USD (1),cf,2010
167,Guyana,2011,67662451.22561035,USD (1),cf,2011
167,Guyana,2012,84078412.52889834,USD (1),cf,2012
167,Guyana,2013,100195988.280107,USD (1),cf,2013
167,Guyana,2014,76248976.7911922,USD (1),cf,2014
167,Guyana,2015,65334845.337972976,USD (1),cf,2015
167,Guyana,2016,79104942.14126371,USD (1),cf,2016
167,Guyana,2017,74804327.98393297,USD (1),cf,2017
167,Guyana,2018,76580686.7631866,USD (1),cf,2018
167,Guyana,2019,69245827.156486,USD (1),cf,2019
168,Suriname,2009,41712179.26585352,USD (1),cf,2009
168,Suriname,2010,44488474.56633888,USD (1),cf,2010
168,Suriname,2011,40776078.174173385,USD (1),cf,2011
168,Suriname,2012,41346605.98827791,USD (1),cf,2012
168,Suriname,2013,59780711.972783744,USD (1),cf,2013
168,Suriname,2014,51930206.72757311,USD (1),cf,2014
168,Suriname,2015,53840517.51440765,USD (1),cf,2015
168,Suriname,2016,64983852.59400846,USD (1),cf,2016
168,Suriname,2017,71387121.23290358,USD (1),cf,2017
168,Suriname,2018,64792704.60945223,USD (1),cf,2018
168,Suriname,2019,48858557.457968265,USD (1),cf,2019
169,French Guiana,2009,6569920.974619038,USD (1),cf,2009
169,French Guiana,2010,8547603.451185381,USD (1),cf,2010
169,French Guiana,2011,9261222.831433233,USD (1),cf,2011
169,French Guiana,2012,2295945.7075914093,USD (1),cf,2012
169,French Guiana,2013,3420186.5509525267,USD (1),cf,2013
169,French Guiana,2014,4622509.736083704,USD (1),cf,2014
169,French Guiana,2015,6110678.472639404,USD (1),cf,2015
169,French Guiana,2016,6512586.968093666,USD (1),cf,2016
169,French Guiana,2017,6149140.808697858,USD (1),cf,2017
169,French Guiana,2018,4544618.788081892,USD (1),cf,2018
169,French Guiana,2019,4731198.308320236,USD (1),cf,2019
171,Brazil,2009,1028281017.6655346,USD (1),cf,2009
171,Brazil,2010,1009647712.6446372,USD (1),cf,2010
171,Brazil,2011,942870821.546383,USD (1),cf,2011
171,Brazil,2012,1003541483.3328764,USD (1),cf,2012
171,Brazil,2013,968790161.0428436,USD (1),cf,2013
171,Brazil,2014,1082246240.9078276,USD (1),cf,2014
171,Brazil,2015,987116822.4384896,USD (1),cf,2015
171,Brazil,2016,997569710.724172,USD (1),cf,2016
171,Brazil,2017,1124558443.0880525,USD (1),cf,2017
171,Brazil,2018,1105769539.6225414,USD (1),cf,2018
171,Brazil,2019,1103552602.5630093,USD (1),cf,2019
172,Argentina,2009,1220212075.3149192,USD (1),cf,2009
172,Argentina,2010,1279289541.7925048,USD (1),cf,2010
172,Argentina,2011,1205575840.197441,USD (1),cf,2011
172,Argentina,2012,1099902047.330428,USD (1),cf,2012
172,Argentina,2013,1311989839.5497496,USD (1),cf,2013
172,Argentina,2014,1302746707.72869,USD (1),cf,2014
172,Argentina,2015,1189012815.1583695,USD (1),cf,2015
172,Argentina,2016,1185807106.3753066,USD (1),cf,2016
172,Argentina,2017,1343605633.2933738,USD (1),cf,2017
172,Argentina,2018,1501284917.3210127,USD (1),cf,2018
172,Argentina,2019,1402622175.754398,USD (1),cf,2019
173,Uruguay,2009,106266069.10367794,USD (1),cf,2009
173,Uruguay,2010,112153686.72133674,USD (1),cf,2010
173,Uruguay,2011,135424834.24207053,USD (1),cf,2011
173,Uruguay,2012,106698847.69560328,USD (1),cf,2012
173,Uruguay,2013,82997131.01227131,USD (1),cf,2013
173,Uruguay,2014,98390326.52451828,USD (1),cf,2014
173,Uruguay,2015,94202312.90442596,USD (1),cf,2015
173,Uruguay,2016,92761590.42357308,USD (1),cf,2016
173,Uruguay,2017,110151490.49635856,USD (1),cf,2017
173,Uruguay,2018,136631054.06164443,USD (1),cf,2018
173,Uruguay,2019,133319057.33500151,USD (1),cf,2019
174,Finland,2009,31586845.77046218,USD (1),cf,2009
174,Finland,2010,33600045.5188759,USD (1),cf,2010
174,Finland,2011,43392623.287323736,USD (1),cf,2011
174,Finland,2012,51448472.8257848,USD (1),cf,2012
174,Finland,2013,77928847.78450459,USD (1),cf,2013
174,Finland,2014,85861094.43449001,USD (1),cf,2014
174,Finland,2015,75331011.06487489,USD (1),cf,2015
174,Finland,2016,85071192.96874206,USD (1),cf,2016
174,Finland,2017,73752321.77583618,USD (1),cf,2017
174,Finland,2018,67361946.5529533,USD (1),cf,2018
174,Finland,2019,58614440.66383159,USD (1),cf,2019
175,Denmark,2009,363209220.05161655,USD (1),cf,2009
175,Denmark,2010,487806263.3639998,USD (1),cf,2010
175,Denmark,2011,346525239.11835814,USD (1),cf,2011
175,Denmark,2012,446101087.88293815,USD (1),cf,2012
175,Denmark,2013,479465122.9451743,USD (1),cf,2013
175,Denmark,2014,806929370.4991571,USD (1),cf,2014
175,Denmark,2015,434377423.2220344,USD (1),cf,2015
175,Denmark,2016,531364132.9931709,USD (1),cf,2016
175,Denmark,2017,471629069.6847915,USD (1),cf,2017
175,Denmark,2018,448828489.2826569,USD (1),cf,2018
175,Denmark,2019,1095780206.5832746,USD (1),cf,2019
176,Germany,2009,230008386.1692151,USD (1),cf,2009
176,Germany,2010,250727268.2624364,USD (1),cf,2010
176,Germany,2011,244842371.88502377,USD (1),cf,2011
176,Germany,2012,341735571.5180072,USD (1),cf,2012
176,Germany,2013,318475515.5217702,USD (1),cf,2013
176,Germany,2014,341013057.1703573,USD (1),cf,2014
176,Germany,2015,253168026.43308428,USD (1),cf,2015
176,Germany,2016,260141029.80003,USD (1),cf,2016
176,Germany,2017,235614334.66451117,USD (1),cf,2017
176,Germany,2018,325159523.8287122,USD (1),cf,2018
176,Germany,2019,282103877.6253134,USD (1),cf,2019
177,Netherlands,2009,357217832.0973093,USD (1),cf,2009
177,Netherlands,2010,360026427.45156616,USD (1),cf,2010
177,Netherlands,2011,358650713.5034112,USD (1),cf,2011
177,Netherlands,2012,453406819.7030042,USD (1),cf,2012
177,Netherlands,2013,441692879.52429694,USD (1),cf,2013
177,Netherlands,2014,521757103.3795136,USD (1),cf,2014
177,Netherlands,2015,386173665.1186466,USD (1),cf,2015
177,Netherlands,2016,439891555.3141723,USD (1),cf,2016
177,Netherlands,2017,488074997.5628923,USD (1),cf,2017
177,Netherlands,2018,455669297.38773465,USD (1),cf,2018
177,Netherlands,2019,485201831.2728243,USD (1),cf,2019
178,Poland,2009,133786465.5205613,USD (1),cf,2009
178,Poland,2010,133443226.47273256,USD (1),cf,2010
178,Poland,2011,120846514.37799652,USD (1),cf,2011
178,Poland,2012,117753923.22635911,USD (1),cf,2012
178,Poland,2013,130974566.10911024,USD (1),cf,2013
178,Poland,2014,130083527.73652229,USD (1),cf,2014
178,Poland,2015,113980311.93865795,USD (1),cf,2015
178,Poland,2016,151784178.3920869,USD (1),cf,2016
178,Poland,2017,130498373.12872896,USD (1),cf,2017
178,Poland,2018,129508663.27045932,USD (1),cf,2018
178,Poland,2019,109141642.82059512,USD (1),cf,2019
179,France,2009,835206573.5271382,USD (1),cf,2009
179,France,2010,821552052.3712914,USD (1),cf,2010
179,France,2011,929730121.2574503,USD (1),cf,2011
179,France,2012,842593090.7308065,USD (1),cf,2012
179,France,2013,985155058.5455962,USD (1),cf,2013
179,France,2014,1002539545.4405532,USD (1),cf,2014
179,France,2015,991594886.0358804,USD (1),cf,2015
179,France,2016,1004583266.6002792,USD (1),cf,2016
179,France,2017,1052812672.6804398,USD (1),cf,2017
179,France,2018,1119372416.9989395,USD (1),cf,2018
179,France,2019,1074354904.9830415,USD (1),cf,2019
180,United Kingdom,2009,937285181.0834616,USD (1),cf,2009
180,United Kingdom,2010,979811406.6705432,USD (1),cf,2010
180,United Kingdom,2011,997425270.0499916,USD (1),cf,2011
180,United Kingdom,2012,1003535365.4696188,USD (1),cf,2012
180,United Kingdom,2013,1098282057.6706746,USD (1),cf,2013
180,United Kingdom,2014,1162943719.352492,USD (1),cf,2014
180,United Kingdom,2015,1051611210.083732,USD (1),cf,2015
180,United Kingdom,2016,1077497127.3384066,USD (1),cf,2016
180,United Kingdom,2017,1059642412.6984688,USD (1),cf,2017
180,United Kingdom,2018,1026109769.697438,USD (1),cf,2018
180,United Kingdom,2019,1023076872.3514726,USD (1),cf,2019
181,Ireland,2009,281099171.38253164,USD (1),cf,2009
181,Ireland,2010,324142770.31078225,USD (1),cf,2010
181,Ireland,2011,256958069.88853213,USD (1),cf,2011
181,Ireland,2012,330807746.0232648,USD (1),cf,2012
181,Ireland,2013,340806729.98640805,USD (1),cf,2013
181,Ireland,2014,346327255.61604875,USD (1),cf,2014
181,Ireland,2015,269047771.65020186,USD (1),cf,2015
181,Ireland,2016,264817720.14250997,USD (1),cf,2016
181,Ireland,2017,266174152.78603387,USD (1),cf,2017
181,Ireland,2018,243560106.97440517,USD (1),cf,2018
181,Ireland,2019,257582024.692202,USD (1),cf,2019
182,Spain,2009,1643361105.2971015,USD (1),cf,2009
182,Spain,2010,1542740076.4954998,USD (1),cf,2010
182,Spain,2011,1764404566.3300772,USD (1),cf,2011
182,Spain,2012,1588481487.6271548,USD (1),cf,2012
182,Spain,2013,1498563665.130315,USD (1),cf,2013
182,Spain,2014,1679818522.2444534,USD (1),cf,2014
182,Spain,2015,1477275256.572676,USD (1),cf,2015
182,Spain,2016,1447666686.5215192,USD (1),cf,2016
182,Spain,2017,1736382364.0230265,USD (1),cf,2017
182,Spain,2018,1653109384.940179,USD (1),cf,2018
182,Spain,2019,1442161397.6473544,USD (1),cf,2019
183,Portugal,2009,285842247.6464576,USD (1),cf,2009
183,Portugal,2010,303745253.8560938,USD (1),cf,2010
183,Portugal,2011,319915443.33075774,USD (1),cf,2011
183,Portugal,2012,309683846.7888867,USD (1),cf,2012
183,Portugal,2013,320750704.56018794,USD (1),cf,2013
183,Portugal,2014,334741497.16977865,USD (1),cf,2014
183,Portugal,2015,317834222.5430256,USD (1),cf,2015
183,Portugal,2016,298132721.5181836,USD (1),cf,2016
183,Portugal,2017,342467057.6032447,USD (1),cf,2017
183,Portugal,2018,366192500.07214254,USD (1),cf,2018
183,Portugal,2019,385696431.0508777,USD (1),cf,2019
184,Italy,2009,483471035.00948495,USD (1),cf,2009
184,Italy,2010,428772424.3711904,USD (1),cf,2010
184,Italy,2011,400605087.0541428,USD (1),cf,2011
184,Italy,2012,348476469.0624978,USD (1),cf,2012
184,Italy,2013,354606350.26147974,USD (1),cf,2013
184,Italy,2014,377790584.2911208,USD (1),cf,2014
184,Italy,2015,390133912.2754204,USD (1),cf,2015
184,Italy,2016,397366877.10199213,USD (1),cf,2016
184,Italy,2017,430904443.9295748,USD (1),cf,2017
184,Italy,2018,450300994.7647521,USD (1),cf,2018
184,Italy,2019,455649934.12906814,USD (1),cf,2019
185,Monaco,2009,626.596798784167,USD (1),cf,2009
185,Monaco,2010,636.834215307469,USD (1),cf,2010
185,Monaco,2011,676.34582409525,USD (1),cf,2011
185,Monaco,2012,687.518660254481,USD (1),cf,2012
185,Monaco,2013,1345.81212088454,USD (1),cf,2013
185,Monaco,2014,1296.62930335283,USD (1),cf,2014
185,Monaco,2015,1196.76139309727,USD (1),cf,2015
185,Monaco,2016,1345.91721450517,USD (1),cf,2016
185,Monaco,2017,1395.35057288025,USD (1),cf,2017
185,Monaco,2018,1553.65044269903,USD (1),cf,2018
185,Monaco,2019,1495.05715875422,USD (1),cf,2019
186,Montenegro,2009,897305.3014064854,USD (1),cf,2009
186,Montenegro,2010,1031675.986834792,USD (1),cf,2010
186,Montenegro,2011,801053.8719655426,USD (1),cf,2011
186,Montenegro,2012,914914.9046468018,USD (1),cf,2012
186,Montenegro,2013,1271411.720179451,USD (1),cf,2013
186,Montenegro,2014,1477169.169128192,USD (1),cf,2014
186,Montenegro,2015,1469025.692562338,USD (1),cf,2015
186,Montenegro,2016,1552871.9243073664,USD (1),cf,2016
186,Montenegro,2017,2099048.765291984,USD (1),cf,2017
186,Montenegro,2018,2596694.25718476,USD (1),cf,2018
186,Montenegro,2019,2439793.675748042,USD (1),cf,2019
187,Croatia,2009,51690398.035984606,USD (1),cf,2009
187,Croatia,2010,45238086.69093345,USD (1),cf,2010
187,Croatia,2011,53067881.40989514,USD (1),cf,2011
187,Croatia,2012,54586405.58767476,USD (1),cf,2012
187,Croatia,2013,102058916.3345792,USD (1),cf,2013
187,Croatia,2014,112170529.99940214,USD (1),cf,2014
187,Croatia,2015,87344205.00187843,USD (1),cf,2015
187,Croatia,2016,84611491.87789655,USD (1),cf,2016
187,Croatia,2017,90415073.2717314,USD (1),cf,2017
187,Croatia,2018,94389067.00646324,USD (1),cf,2018
187,Croatia,2019,89131238.28458327,USD (1),cf,2019
188,Slovenia,2009,842405.2221900556,USD (1),cf,2009
188,Slovenia,2010,705689.5660936639,USD (1),cf,2010
188,Slovenia,2011,772749.494670338,USD (1),cf,2011
188,Slovenia,2012,566712.8010211939,USD (1),cf,2012
188,Slovenia,2013,480594.88208759297,USD (1),cf,2013
188,Slovenia,2014,535214.6820852942,USD (1),cf,2014
188,Slovenia,2015,453867.7688138227,USD (1),cf,2015
188,Slovenia,2016,340957.8234522511,USD (1),cf,2016
188,Slovenia,2017,347906.80862731516,USD (1),cf,2017
188,Slovenia,2018,338944.91827523086,USD (1),cf,2018
188,Slovenia,2019,498653.7900267072,USD (1),cf,2019
189,Lithuania,2009,103432234.45293988,USD (1),cf,2009
189,Lithuania,2010,96922254.0771084,USD (1),cf,2010
189,Lithuania,2011,88179503.3179969,USD (1),cf,2011
189,Lithuania,2012,44640530.05821107,USD (1),cf,2012
189,Lithuania,2013,67594260.2431478,USD (1),cf,2013
189,Lithuania,2014,122441857.63231488,USD (1),cf,2014
189,Lithuania,2015,67974059.31614931,USD (1),cf,2015
189,Lithuania,2016,88440619.30047986,USD (1),cf,2016
189,Lithuania,2017,101624836.76193948,USD (1),cf,2017
189,Lithuania,2018,86744270.56767368,USD (1),cf,2018
189,Lithuania,2019,138081668.91609806,USD (1),cf,2019
190,Qatar,2009,30079589.403014857,USD (1),cf,2009
190,Qatar,2010,29684122.28378503,USD (1),cf,2010
190,Qatar,2011,24058937.894692443,USD (1),cf,2011
190,Qatar,2012,22488402.926631197,USD (1),cf,2012
190,Qatar,2013,24819159.229481556,USD (1),cf,2013
190,Qatar,2014,38085341.58941326,USD (1),cf,2014
190,Qatar,2015,37809784.791756965,USD (1),cf,2015
190,Qatar,2016,29512529.79121849,USD (1),cf,2016
190,Qatar,2017,48563364.77635958,USD (1),cf,2017
190,Qatar,2018,35914165.30830465,USD (1),cf,2018
190,Qatar,2019,42386345.13916829,USD (1),cf,2019
191,Iran,2009,661156906.1511644,USD (1),cf,2009
191,Iran,2010,695945664.075675,USD (1),cf,2010
191,Iran,2011,813565507.004508,USD (1),cf,2011
191,Iran,2012,843197354.6360725,USD (1),cf,2012
191,Iran,2013,742495977.1156462,USD (1),cf,2013
191,Iran,2014,835246768.0380416,USD (1),cf,2014
191,Iran,2015,893284642.8960192,USD (1),cf,2015
191,Iran,2016,996933065.7820214,USD (1),cf,2016
191,Iran,2017,1407284742.529781,USD (1),cf,2017
191,Iran,2018,1377090211.8448503,USD (1),cf,2018
191,Iran,2019,1415993404.1741042,USD (1),cf,2019
192,Iraq,2009,11126483.497955907,USD (1),cf,2009
192,Iraq,2010,15750209.240380129,USD (1),cf,2010
192,Iraq,2011,3371760.24469961,USD (1),cf,2011
192,Iraq,2012,12856464.175817084,USD (1),cf,2012
192,Iraq,2013,5773679.245233774,USD (1),cf,2013
192,Iraq,2014,10135619.189578531,USD (1),cf,2014
192,Iraq,2015,11057814.282514676,USD (1),cf,2015
192,Iraq,2016,11200637.73746425,USD (1),cf,2016
192,Iraq,2017,15872894.49830129,USD (1),cf,2017
192,Iraq,2018,16763008.085324636,USD (1),cf,2018
192,Iraq,2019,24522036.526112027,USD (1),cf,2019
193,Guinea Bissau,2009,11451870.457785752,USD (1),cf,2009
193,Guinea Bissau,2010,12648981.276034515,USD (1),cf,2010
193,Guinea Bissau,2011,10392952.175923022,USD (1),cf,2011
193,Guinea Bissau,2012,9683023.119834816,USD (1),cf,2012
193,Guinea Bissau,2013,15056384.77514034,USD (1),cf,2013
193,Guinea Bissau,2014,18716767.81528311,USD (1),cf,2014
193,Guinea Bissau,2015,20088909.873104226,USD (1),cf,2015
193,Guinea Bissau,2016,25892124.547986448,USD (1),cf,2016
193,Guinea Bissau,2017,41906693.387877636,USD (1),cf,2017
193,Guinea Bissau,2018,60144664.63539869,USD (1),cf,2018
193,Guinea Bissau,2019,66705427.24877376,USD (1),cf,2019
194,Guinea,2009,129992972.35949928,USD (1),cf,2009
194,Guinea,2010,125354286.02387445,USD (1),cf,2010
194,Guinea,2011,217564902.99488416,USD (1),cf,2011
194,Guinea,2012,289120685.6913786,USD (1),cf,2012
194,Guinea,2013,324223696.16608936,USD (1),cf,2013
194,Guinea,2014,301087705.43951,USD (1),cf,2014
194,Guinea,2015,307399977.4205037,USD (1),cf,2015
194,Guinea,2016,241286044.86246487,USD (1),cf,2016
194,Guinea,2017,609924443.4015536,USD (1),cf,2017
194,Guinea,2018,474412753.36003226,USD (1),cf,2018
194,Guinea,2019,589161301.2035298,USD (1),cf,2019
195,Ivory Coast,2009,56955366.59956574,USD (1),cf,2009
195,Ivory Coast,2010,66872262.75283448,USD (1),cf,2010
195,Ivory Coast,2011,63656370.82447528,USD (1),cf,2011
195,Ivory Coast,2012,67965668.03264347,USD (1),cf,2012
195,Ivory Coast,2013,86469405.08696854,USD (1),cf,2013
195,Ivory Coast,2014,114121302.00266889,USD (1),cf,2014
195,Ivory Coast,2015,105628211.0760492,USD (1),cf,2015
195,Ivory Coast,2016,99236953.7110634,USD (1),cf,2016
195,Ivory Coast,2017,116719034.92450544,USD (1),cf,2017
195,Ivory Coast,2018,163409182.10103312,USD (1),cf,2018
195,Ivory Coast,2019,158566502.8895349,USD (1),cf,2019
196,Nigeria,2009,495634247.9345822,USD (1),cf,2009
196,Nigeria,2010,567342243.8789176,USD (1),cf,2010
196,Nigeria,2011,531554067.8978585,USD (1),cf,2011
196,Nigeria,2012,583273793.8044512,USD (1),cf,2012
196,Nigeria,2013,717888381.3405035,USD (1),cf,2013
196,Nigeria,2014,807421454.0739597,USD (1),cf,2014
196,Nigeria,2015,795869121.1491678,USD (1),cf,2015
196,Nigeria,2016,709207702.9959116,USD (1),cf,2016
196,Nigeria,2017,1202859878.263385,USD (1),cf,2017
196,Nigeria,2018,1036001211.8713368,USD (1),cf,2018
196,Nigeria,2019,944265485.3489468,USD (1),cf,2019
197,Cameroon,2009,126691343.09276116,USD (1),cf,2009
197,Cameroon,2010,169021256.5419888,USD (1),cf,2010
197,Cameroon,2011,179990169.0866939,USD (1),cf,2011
197,Cameroon,2012,281036088.2565668,USD (1),cf,2012
197,Cameroon,2013,304953871.83271533,USD (1),cf,2013
197,Cameroon,2014,345712489.01512814,USD (1),cf,2014
197,Cameroon,2015,353928397.1656698,USD (1),cf,2015
197,Cameroon,2016,394432558.6644658,USD (1),cf,2016
197,Cameroon,2017,567186897.322722,USD (1),cf,2017
197,Cameroon,2018,571019494.1182855,USD (1),cf,2018
197,Cameroon,2019,604792072.6826606,USD (1),cf,2019
198,Gabon,2009,30531558.257476177,USD (1),cf,2009
198,Gabon,2010,39726550.61222101,USD (1),cf,2010
198,Gabon,2011,37000466.58037779,USD (1),cf,2011
198,Gabon,2012,43571106.486667655,USD (1),cf,2012
198,Gabon,2013,46650130.84282229,USD (1),cf,2013
198,Gabon,2014,52398957.30149196,USD (1),cf,2014
198,Gabon,2015,44132351.08395522,USD (1),cf,2015
198,Gabon,2016,35319107.37608152,USD (1),cf,2016
198,Gabon,2017,45569742.968919106,USD (1),cf,2017
198,Gabon,2018,38181608.60459505,USD (1),cf,2018
198,Gabon,2019,37888205.29300496,USD (1),cf,2019
199,Democratic Republic of the Congo,2009,6955759.006868487,USD (1),cf,2009
199,Democratic Republic of the Congo,2010,8298499.951708148,USD (1),cf,2010
199,Democratic Republic of the Congo,2011,6044339.435472641,USD (1),cf,2011
199,Democratic Republic of the Congo,2012,5467192.006546087,USD (1),cf,2012
199,Democratic Republic of the Congo,2013,6097923.230490429,USD (1),cf,2013
199,Democratic Republic of the Congo,2014,6692393.0964531405,USD (1),cf,2014
199,Democratic Republic of the Congo,2015,5711958.590057719,USD (1),cf,2015
199,Democratic Republic of the Congo,2016,11496005.643160691,USD (1),cf,2016
199,Democratic Republic of the Congo,2017,13261102.437181892,USD (1),cf,2017
199,Democratic Republic of the Congo,2018,14259367.780468194,USD (1),cf,2018
199,Democratic Republic of the Congo,2019,13112173.122478148,USD (1),cf,2019
200,Angola,2009,396395778.4732613,USD (1),cf,2009
200,Angola,2010,430947841.8465756,USD (1),cf,2010
200,Angola,2011,419116241.289786,USD (1),cf,2011
200,Angola,2012,389696675.828197,USD (1),cf,2012
200,Angola,2013,490911592.7427402,USD (1),cf,2013
200,Angola,2014,489993798.0312092,USD (1),cf,2014
200,Angola,2015,454907261.93322575,USD (1),cf,2015
200,Angola,2016,599042446.4687073,USD (1),cf,2016
200,Angola,2017,772836893.7269243,USD (1),cf,2017
200,Angola,2018,647460743.9081113,USD (1),cf,2018
200,Angola,2019,491526745.4732141,USD (1),cf,2019
202,Tanzania,2009,114064604.23483214,USD (1),cf,2009
202,Tanzania,2010,165654563.40244865,USD (1),cf,2010
202,Tanzania,2011,158148691.59118727,USD (1),cf,2011
202,Tanzania,2012,188442873.952205,USD (1),cf,2012
202,Tanzania,2013,194691176.49603528,USD (1),cf,2013
202,Tanzania,2014,228273984.74684316,USD (1),cf,2014
202,Tanzania,2015,225716970.93031633,USD (1),cf,2015
202,Tanzania,2016,198544521.9252305,USD (1),cf,2016
202,Tanzania,2017,269136526.9661193,USD (1),cf,2017
202,Tanzania,2018,237248440.07529104,USD (1),cf,2018
202,Tanzania,2019,313281756.57188463,USD (1),cf,2019
203,India,2009,4921065404.336595,USD (1),cf,2009
203,India,2010,4941034709.543123,USD (1),cf,2010
203,India,2011,4755893908.600342,USD (1),cf,2011
203,India,2012,5134512906.448718,USD (1),cf,2012
203,India,2013,6317656358.361055,USD (1),cf,2013
203,India,2014,7041261026.183837,USD (1),cf,2014
203,India,2015,6382775653.575245,USD (1),cf,2015
203,India,2016,6365025392.661392,USD (1),cf,2016
203,India,2017,9121883310.18988,USD (1),cf,2017
203,India,2018,7444634864.9126,USD (1),cf,2018
203,India,2019,7751921793.036943,USD (1),cf,2019
204,Bangladesh,2009,669516934.1341233,USD (1),cf,2009
204,Bangladesh,2010,717309389.1386216,USD (1),cf,2010
204,Bangladesh,2011,653073796.4565741,USD (1),cf,2011
204,Bangladesh,2012,671048822.3843652,USD (1),cf,2012
204,Bangladesh,2013,742738396.9113764,USD (1),cf,2013
204,Bangladesh,2014,812530686.7032443,USD (1),cf,2014
204,Bangladesh,2015,775220520.605027,USD (1),cf,2015
204,Bangladesh,2016,805374414.6748024,USD (1),cf,2016
204,Bangladesh,2017,1052439541.329632,USD (1),cf,2017
204,Bangladesh,2018,979278120.131194,USD (1),cf,2018
204,Bangladesh,2019,934509002.3261448,USD (1),cf,2019
205,Myanmar,2009,804672259.8872483,USD (1),cf,2009
205,Myanmar,2010,816363961.3383452,USD (1),cf,2010
205,Myanmar,2011,847313202.6352352,USD (1),cf,2011
205,Myanmar,2012,842532698.2256546,USD (1),cf,2012
205,Myanmar,2013,1491064279.5200157,USD (1),cf,2013
205,Myanmar,2014,1484191365.047107,USD (1),cf,2014
205,Myanmar,2015,1354541914.556066,USD (1),cf,2015
205,Myanmar,2016,1626298453.5940747,USD (1),cf,2016
205,Myanmar,2017,1789401429.868928,USD (1),cf,2017
205,Myanmar,2018,1797789566.6862986,USD (1),cf,2018
205,Myanmar,2019,1598890363.426554,USD (1),cf,2019
206,Malaysia,2009,1919571370.5475805,USD (1),cf,2009
206,Malaysia,2010,2040352361.9036431,USD (1),cf,2010
206,Malaysia,2011,1808175401.2446392,USD (1),cf,2011
206,Malaysia,2012,2005381212.8567183,USD (1),cf,2012
206,Malaysia,2013,2308855530.657618,USD (1),cf,2013
206,Malaysia,2014,2431552746.386244,USD (1),cf,2014
206,Malaysia,2015,2321975963.772062,USD (1),cf,2015
206,Malaysia,2016,2424008204.670913,USD (1),cf,2016
206,Malaysia,2017,3012883306.045805,USD (1),cf,2017
206,Malaysia,2018,2699413781.3900023,USD (1),cf,2018
206,Malaysia,2019,2689062851.6744385,USD (1),cf,2019
207,Vietnam,2009,2040623956.366673,USD (1),cf,2009
207,Vietnam,2010,2045655888.1688824,USD (1),cf,2010
207,Vietnam,2011,3174982525.786805,USD (1),cf,2011
207,Vietnam,2012,3124032935.2092505,USD (1),cf,2012
207,Vietnam,2013,4282555822.912773,USD (1),cf,2013
207,Vietnam,2014,4384623679.38397,USD (1),cf,2014
207,Vietnam,2015,4341169408.279929,USD (1),cf,2015
207,Vietnam,2016,5041307725.526241,USD (1),cf,2016
207,Vietnam,2017,5632961540.70645,USD (1),cf,2017
207,Vietnam,2018,5556536474.154685,USD (1),cf,2018
207,Vietnam,2019,5670261568.0339,USD (1),cf,2019
208,Singapore,2009,4083813.0841295305,USD (1),cf,2009
208,Singapore,2010,3299439.2021124377,USD (1),cf,2010
208,Singapore,2011,2717761.284363396,USD (1),cf,2011
208,Singapore,2012,3358176.3295119884,USD (1),cf,2012
208,Singapore,2013,3361328.125882296,USD (1),cf,2013
208,Singapore,2014,3108623.0229368196,USD (1),cf,2014
208,Singapore,2015,2782464.5512527265,USD (1),cf,2015
208,Singapore,2016,2544575.1516578603,USD (1),cf,2016
208,Singapore,2017,2626709.5974566904,USD (1),cf,2017
208,Singapore,2018,2839928.4753089664,USD (1),cf,2018
208,Singapore,2019,3027792.671329746,USD (1),cf,2019
209,China,2009,20045938278.440037,USD (1),cf,2009
209,China,2010,21095376624.697296,USD (1),cf,2010
209,China,2011,20826477899.87127,USD (1),cf,2011
209,China,2012,21534693699.780457,USD (1),cf,2012
209,China,2013,26987573213.455685,USD (1),cf,2013
209,China,2014,29865353829.504208,USD (1),cf,2014
209,China,2015,29151736985.73133,USD (1),cf,2015
209,China,2016,28046122175.07047,USD (1),cf,2016
209,China,2017,29923836152.990055,USD (1),cf,2017
209,China,2018,28720581641.16821,USD (1),cf,2018
209,China,2019,28042816592.579105,USD (1),cf,2019
210,Japan,2009,6600933775.111386,USD (1),cf,2009
210,Japan,2010,6439898054.323531,USD (1),cf,2010
210,Japan,2011,6162819721.454685,USD (1),cf,2011
210,Japan,2012,6352905308.690748,USD (1),cf,2012
210,Japan,2013,6230893712.387801,USD (1),cf,2013
210,Japan,2014,6747518550.78392,USD (1),cf,2014
210,Japan,2015,5733132705.541713,USD (1),cf,2015
210,Japan,2016,5966718460.774969,USD (1),cf,2016
210,Japan,2017,6885345150.911195,USD (1),cf,2017
210,Japan,2018,7055609524.635303,USD (1),cf,2018
210,Japan,2019,6969695219.601126,USD (1),cf,2019
212,Kiribati,2009,57761535.903209776,USD (1),cf,2009
212,Kiribati,2010,57123425.27770609,USD (1),cf,2010
212,Kiribati,2011,106437178.89665468,USD (1),cf,2011
212,Kiribati,2012,126491013.73821306,USD (1),cf,2012
212,Kiribati,2013,94298422.77027234,USD (1),cf,2013
212,Kiribati,2014,116458795.24527615,USD (1),cf,2014
212,Kiribati,2015,150818950.66048673,USD (1),cf,2015
212,Kiribati,2016,231110956.53022265,USD (1),cf,2016
212,Kiribati,2017,254384136.30655655,USD (1),cf,2017
212,Kiribati,2018,292746132.19499606,USD (1),cf,2018
212,Kiribati,2019,315779821.15411943,USD (1),cf,2019
214,Egypt,2009,210858667.07672435,USD (1),cf,2009
214,Egypt,2010,216223296.81362137,USD (1),cf,2010
214,Egypt,2011,196035158.23275188,USD (1),cf,2011
214,Egypt,2012,168329982.80843768,USD (1),cf,2012
214,Egypt,2013,189160905.54968977,USD (1),cf,2013
214,Egypt,2014,209303975.5595846,USD (1),cf,2014
214,Egypt,2015,194186304.83877373,USD (1),cf,2015
214,Egypt,2016,178376364.089476,USD (1),cf,2016
214,Egypt,2017,241555857.7491357,USD (1),cf,2017
214,Egypt,2018,201569816.8591945,USD (1),cf,2018
214,Egypt,2019,210811584.8853053,USD (1),cf,2019
215,Jordan,2009,481811.6650981803,USD (1),cf,2009
215,Jordan,2010,322839.1607136391,USD (1),cf,2010
215,Jordan,2011,365149.32649313647,USD (1),cf,2011
215,Jordan,2012,311263.8505424443,USD (1),cf,2012
215,Jordan,2013,164983.7255418217,USD (1),cf,2013
215,Jordan,2014,317881.3617134186,USD (1),cf,2014
215,Jordan,2015,243594.4784832879,USD (1),cf,2015
215,Jordan,2016,363948.5873938761,USD (1),cf,2016
215,Jordan,2017,461238.2322430694,USD (1),cf,2017
215,Jordan,2018,418761.5160864385,USD (1),cf,2018
215,Jordan,2019,434848.6000267517,USD (1),cf,2019
216,Indonesia,2009,8432200224.498821,USD (1),cf,2009
216,Indonesia,2010,8445464876.886132,USD (1),cf,2010
216,Indonesia,2011,8852196406.784063,USD (1),cf,2011
216,Indonesia,2012,9004968691.817646,USD (1),cf,2012
216,Indonesia,2013,9840261311.69855,USD (1),cf,2013
216,Indonesia,2014,10940530746.896118,USD (1),cf,2014
216,Indonesia,2015,11076995763.773323,USD (1),cf,2015
216,Indonesia,2016,10922209194.921572,USD (1),cf,2016
216,Indonesia,2017,16156995813.388128,USD (1),cf,2017
216,Indonesia,2018,14117580350.95896,USD (1),cf,2018
216,Indonesia,2019,13475547072.052048,USD (1),cf,2019
218,Canada,2009,1972889552.2659569,USD (1),cf,2009
218,Canada,2010,2077312759.6613784,USD (1),cf,2010
218,Canada,2011,2196433783.508854,USD (1),cf,2011
218,Canada,2012,1968827808.5832808,USD (1),cf,2012
218,Canada,2013,2168088133.822374,USD (1),cf,2013
218,Canada,2014,2412972602.04269,USD (1),cf,2014
218,Canada,2015,2306199170.2588296,USD (1),cf,2015
218,Canada,2016,2274844129.1739774,USD (1),cf,2016
218,Canada,2017,2118868326.2582808,USD (1),cf,2017
218,Canada,2018,1976874090.930863,USD (1),cf,2018
218,Canada,2019,2131135836.438441,USD (1),cf,2019
219,Saint Pierre and Miquelon,2009,9729572.77907215,USD (1),cf,2009
219,Saint Pierre and Miquelon,2010,12987682.82140259,USD (1),cf,2010
219,Saint Pierre and Miquelon,2011,8621204.357343024,USD (1),cf,2011
219,Saint Pierre and Miquelon,2012,10439530.979620146,USD (1),cf,2012
219,Saint Pierre and Miquelon,2013,7804404.841900909,USD (1),cf,2013
219,Saint Pierre and Miquelon,2014,5692757.14437988,USD (1),cf,2014
219,Saint Pierre and Miquelon,2015,10055129.863261,USD (1),cf,2015
219,Saint Pierre and Miquelon,2016,8337608.738544364,USD (1),cf,2016
219,Saint Pierre and Miquelon,2017,10668890.300320257,USD (1),cf,2017
219,Saint Pierre and Miquelon,2018,12323329.913986107,USD (1),cf,2018
219,Saint Pierre and Miquelon,2019,13821646.767293222,USD (1),cf,2019
220,Sint Maarten,2011,199606.76834265864,USD (1),cf,2011
220,Sint Maarten,2012,193233.8108659064,USD (1),cf,2012
220,Sint Maarten,2013,353225.0142868674,USD (1),cf,2013
220,Sint Maarten,2014,341472.3618396058,USD (1),cf,2014
220,Sint Maarten,2015,319372.6554470858,USD (1),cf,2015
220,Sint Maarten,2016,363146.7155378995,USD (1),cf,2016
220,Sint Maarten,2017,361627.8088422198,USD (1),cf,2017
220,Sint Maarten,2018,406385.7940896401,USD (1),cf,2018
220,Sint Maarten,2019,377481.60260711634,USD (1),cf,2019
221,Northern Saint-Martin,2009,56393.71189057503,USD (1),cf,2009
221,Northern Saint-Martin,2010,57315.079377672206,USD (1),cf,2010
221,Northern Saint-Martin,2011,60871.1241685725,USD (1),cf,2011
221,Northern Saint-Martin,2012,61876.67942290329,USD (1),cf,2012
221,Northern Saint-Martin,2013,121123.0908796086,USD (1),cf,2013
221,Northern Saint-Martin,2014,116696.6373017547,USD (1),cf,2014
221,Northern Saint-Martin,2015,107708.5253787543,USD (1),cf,2015
221,Northern Saint-Martin,2016,121132.5493054653,USD (1),cf,2016
221,Northern Saint-Martin,2017,125581.5515592225,USD (1),cf,2017
221,Northern Saint-Martin,2018,139828.5398429127,USD (1),cf,2018
221,Northern Saint-Martin,2019,134555.14428787978,USD (1),cf,2019
222,Sweden,2009,86163535.41945621,USD (1),cf,2009
222,Sweden,2010,85330113.01789512,USD (1),cf,2010
222,Sweden,2011,86212707.39080133,USD (1),cf,2011
222,Sweden,2012,91414606.86031334,USD (1),cf,2012
222,Sweden,2013,102530278.21917982,USD (1),cf,2013
222,Sweden,2014,139671054.66994184,USD (1),cf,2014
222,Sweden,2015,101080012.28199172,USD (1),cf,2015
222,Sweden,2016,126073039.62494136,USD (1),cf,2016
222,Sweden,2017,102060924.55829474,USD (1),cf,2017
222,Sweden,2018,104323483.6712916,USD (1),cf,2018
222,Sweden,2019,155535305.53774953,USD (1),cf,2019
223,Norway,2009,1952883170.9553924,USD (1),cf,2009
223,Norway,2010,2547578863.7342563,USD (1),cf,2010
223,Norway,2011,2460337957.1193027,USD (1),cf,2011
223,Norway,2012,2358466727.048014,USD (1),cf,2012
223,Norway,2013,2416870322.818028,USD (1),cf,2013
223,Norway,2014,2753310803.551276,USD (1),cf,2014
223,Norway,2015,2374898851.239733,USD (1),cf,2015
223,Norway,2016,2709072166.3813033,USD (1),cf,2016
223,Norway,2017,2925823588.7451987,USD (1),cf,2017
223,Norway,2018,3232457912.2577567,USD (1),cf,2018
223,Norway,2019,3862825317.223516,USD (1),cf,2019
224,Chile,2009,3274610202.739809,USD (1),cf,2009
224,Chile,2010,2531123012.97393,USD (1),cf,2010
224,Chile,2011,3238227116.945679,USD (1),cf,2011
224,Chile,2012,2667834333.262078,USD (1),cf,2012
224,Chile,2013,3234022278.2493496,USD (1),cf,2013
224,Chile,2014,3864146182.168528,USD (1),cf,2014
224,Chile,2015,2506222356.321069,USD (1),cf,2015
224,Chile,2016,2266817894.4404616,USD (1),cf,2016
224,Chile,2017,3661065657.9604855,USD (1),cf,2017
224,Chile,2018,4065773113.816354,USD (1),cf,2018
224,Chile,2019,3735337168.049974,USD (1),cf,2019
227,Jersey,2009,6977990.346298543,USD (1),cf,2009
227,Jersey,2010,8867627.137858935,USD (1),cf,2010
227,Jersey,2011,8091208.4610376125,USD (1),cf,2011
227,Jersey,2012,7346504.513563221,USD (1),cf,2012
227,Jersey,2013,7545564.332762628,USD (1),cf,2013
227,Jersey,2014,8232585.559393779,USD (1),cf,2014
227,Jersey,2015,7246030.819788259,USD (1),cf,2015
227,Jersey,2016,8089544.713849776,USD (1),cf,2016
227,Jersey,2017,7518669.152606801,USD (1),cf,2017
227,Jersey,2018,8467870.429066332,USD (1),cf,2018
227,Jersey,2019,8071575.176097646,USD (1),cf,2019
231,East Timor,2009,2339632.719067418,USD (1),cf,2009
231,East Timor,2010,2378154.1866852725,USD (1),cf,2010
231,East Timor,2011,2501657.2223091503,USD (1),cf,2011
231,East Timor,2012,2565078.759865341,USD (1),cf,2012
231,East Timor,2013,4648349.676131915,USD (1),cf,2013
231,East Timor,2014,4516070.257902893,USD (1),cf,2014
231,East Timor,2015,4162157.36716436,USD (1),cf,2015
231,East Timor,2016,4628435.196068092,USD (1),cf,2016
231,East Timor,2017,4745050.43473473,USD (1),cf,2017
231,East Timor,2018,5669140.148191467,USD (1),cf,2018
231,East Timor,2019,8529386.233452832,USD (1),cf,2019
232,Bosnia and Herzegovina,2009,3132.983993920835,USD (1),cf,2009
232,Bosnia and Herzegovina,2010,3184.171076537345,USD (1),cf,2010
232,Bosnia and Herzegovina,2011,3381.72912047625,USD (1),cf,2011
232,Bosnia and Herzegovina,2012,3437.593301272405,USD (1),cf,2012
232,Bosnia and Herzegovina,2013,6729.060604422701,USD (1),cf,2013
232,Bosnia and Herzegovina,2014,6483.14651676415,USD (1),cf,2014
232,Bosnia and Herzegovina,2015,5983.80696548635,USD (1),cf,2015
232,Bosnia and Herzegovina,2016,6729.58607252585,USD (1),cf,2016
232,Bosnia and Herzegovina,2017,6976.75286440125,USD (1),cf,2017
232,Bosnia and Herzegovina,2018,7768.2522134951505,USD (1),cf,2018
232,Bosnia and Herzegovina,2019,7475.2857937711,USD (1),cf,2019
244,Curacao,2009,39944279.78282732,USD (1),cf,2009
244,Curacao,2010,29391065.042116527,USD (1),cf,2010
244,Curacao,2011,45069379.58003199,USD (1),cf,2011
244,Curacao,2012,49144143.80299867,USD (1),cf,2012
244,Curacao,2013,31664231.95253305,USD (1),cf,2013
244,Curacao,2014,31496643.457178418,USD (1),cf,2014
244,Curacao,2015,34662182.6217108,USD (1),cf,2015
244,Curacao,2016,50478387.811520875,USD (1),cf,2016
244,Curacao,2017,53444318.21974726,USD (1),cf,2017
244,Curacao,2018,58918220.63604516,USD (1),cf,2018
244,Curacao,2019,41939546.7140868,USD (1),cf,2019
245,Bonaire,2011,785766.0266962732,USD (1),cf,2011
245,Bonaire,2012,1210360.5282948725,USD (1),cf,2012
245,Bonaire,2013,1704822.4668734656,USD (1),cf,2013
245,Bonaire,2014,1927187.5865213152,USD (1),cf,2014
245,Bonaire,2015,2383619.453597571,USD (1),cf,2015
245,Bonaire,2016,1754665.1087492767,USD (1),cf,2016
245,Bonaire,2017,1642797.7748307143,USD (1),cf,2017
245,Bonaire,2018,1754784.4149823154,USD (1),cf,2018
245,Bonaire,2019,1776988.6781361594,USD (1),cf,2019
247,Brunei,2009,1428178.30019482,USD (1),cf,2009
247,Brunei,2010,1561657.7975460193,USD (1),cf,2010
247,Brunei,2011,1541669.2589860165,USD (1),cf,2011
247,Brunei,2012,3229145.2924945867,USD (1),cf,2012
247,Brunei,2013,3989766.350532496,USD (1),cf,2013
247,Brunei,2014,4569720.345984779,USD (1),cf,2014
247,Brunei,2015,5536621.773521021,USD (1),cf,2015
247,Brunei,2016,24726566.1131961,USD (1),cf,2016
247,Brunei,2017,27866144.02160723,USD (1),cf,2017
247,Brunei,2018,26225318.94143087,USD (1),cf,2018
247,Brunei,2019,24735628.77694188,USD (1),cf,2019
250,Aruba,2009,441373.79739880655,USD (1),cf,2009
250,Aruba,2010,393312.3229347668,USD (1),cf,2010
250,Aruba,2011,434588.1494555913,USD (1),cf,2011
250,Aruba,2012,308060.0314479439,USD (1),cf,2012
250,Aruba,2013,331527.4229733705,USD (1),cf,2013
250,Aruba,2014,325766.7223466698,USD (1),cf,2014
250,Aruba,2015,308514.7497677583,USD (1),cf,2015
250,Aruba,2016,353850.6951527307,USD (1),cf,2016
250,Aruba,2017,352390.2477095433,USD (1),cf,2017
250,Aruba,2018,350820.1473222341,USD (1),cf,2018
250,Aruba,2019,404318.7345181005,USD (1),cf,2019
