rgn_id,rgn_name,year,usd,unit,sector,usd_yr,adj_usd
82,Albania,1984,588900,USD (1),mar,1984,1389548.4289266812
82,Albania,1985,586300,USD (1),mar,1985,1336042.2532537973
82,Albania,1986,1138800,USD (1),mar,1986,2546724.0766365104
82,Albania,1987,1175200,USD (1),mar,1987,2535221.4242757633
82,Albania,1988,1935010,USD (1),mar,1988,4010785.8074483876
82,Albania,1989,938400,USD (1),mar,1989,1855500.5404678693
82,Albania,1990,2221500,USD (1),mar,1990,4167611.360737294
82,Albania,1991,397200,USD (1),mar,1991,714885.8728507627
82,Albania,1992,182650,USD (1),mar,1992,319071.80350991833
82,Albania,1993,191800,USD (1),mar,1993,325449.8027112779
82,Albania,1994,190450,USD (1),mar,1994,314947.0375836287
82,Albania,1995,195000,USD (1),mar,1995,313671.5656786616
82,Albania,1996,175000,USD (1),mar,1996,273483.75571140164
82,Albania,1997,205000,USD (1),mar,1997,313048.5801059082
82,Albania,1998,151700,USD (1),mar,1998,228114.96830427911
82,Albania,1999,204260,USD (1),mar,1999,300574.07228975964
82,Albania,2000,155990,USD (1),mar,2000,222045.31825880782
82,Albania,2001,469010,USD (1),mar,2001,649266.9565841497
82,Albania,2002,720660.0000000001,USD (1),mar,2002,982059.0906184863
82,Albania,2003,1530780,USD (1),mar,2003,2039723.6101019268
82,Albania,2004,2101570,USD (1),mar,2004,2727270.604848675
82,Albania,2005,1862420,USD (1),mar,2005,2337609.29067634
82,Albania,2006,2924339.9999999995,USD (1),mar,2006,3555767.0323260734
82,Albania,2007,4055089.999999999,USD (1),mar,2007,4793915.240108052
82,Albania,2008,4232900,USD (1),mar,2008,4819111.17749059
82,Albania,2009,4469910,USD (1),mar,2009,5107102.629091957
82,Albania,2010,4821210,USD (1),mar,2010,5419597.241814589
82,Albania,2011,4497210,USD (1),mar,2011,4900677.181738033
82,Albania,2012,11794710.000000002,USD (1),mar,2012,12592295.313011004
82,Albania,2013,13248900,USD (1),mar,2013,13940614.30181169
82,Albania,2014,13993170,USD (1),mar,2014,14488702.965027181
82,Albania,2015,12183470.000000002,USD (1),mar,2015,12599970.00195838
82,Albania,2016,13867130,USD (1),mar,2016,14162515.123350509
82,Albania,2017,17381190,USD (1),mar,2017,17381190
82,Albania,2018,15997529.999999998,USD (1),mar,2018,15663872.289402934
82,Albania,2019,16769110,USD (1),mar,2019,16027865.610805752
82,Albania,2020,33336400,USD (1),mar,2020,31295688.64140781
82,Albania,2021,33804010,USD (1),mar,2021,31347969.898536053
82,Albania,2022,36408170,USD (1),mar,2022,32247960.243600354
84,Algeria,1984,319010,USD (1),mar,1984,752725.1559040594
84,Algeria,1985,327170,USD (1),mar,1985,745544.8473427339
84,Algeria,1986,576110,USD (1),mar,1986,1288367.7623736039
84,Algeria,1987,631440,USD (1),mar,1987,1362185.3438943906
84,Algeria,1988,509849.99999999994,USD (1),mar,1988,1056789.9617715466
84,Algeria,1989,330850,USD (1),mar,1989,654190.4878663624
84,Algeria,1990,400960,USD (1),mar,1990,752214.9228904909
84,Algeria,1991,393320,USD (1),mar,1991,707902.5969528246
84,Algeria,1992,99240,USD (1),mar,1992,173362.63772419543
84,Algeria,1993,323320,USD (1),mar,1993,548615.3817132971
84,Algeria,1994,394600,USD (1),mar,1994,652549.7560015746
84,Algeria,1995,376599.99999999994,USD (1),mar,1995,605788.2647927381
84,Algeria,1996,329800,USD (1),mar,1996,515399.6721921158
84,Algeria,1997,329800,USD (1),mar,1997,503626.4474094074
84,Algeria,1998,313100,USD (1),mar,1998,470816.0618066565
84,Algeria,1999,271300,USD (1),mar,1999,399225.23162739543
84,Algeria,2000,388300,USD (1),mar,2000,552729.0023712743
84,Algeria,2001,530000,USD (1),mar,2001,733697.5480045188
84,Algeria,2002,543600,USD (1),mar,2002,740775.5691452406
84,Algeria,2003,170200,USD (1),mar,2003,226786.97032842602
84,Algeria,2004,137000,USD (1),mar,2004,177789.02100061785
84,Algeria,2005,131000,USD (1),mar,2005,164424.14550885436
84,Algeria,2006,181200,USD (1),mar,2006,220324.9233185897
84,Algeria,2007,247000,USD (1),mar,2007,292002.6594494054
84,Algeria,2008,2013920,USD (1),mar,2008,2292826.2851878973
84,Algeria,2009,2235370,USD (1),mar,2009,2554025.473442035
84,Algeria,2010,1688560,USD (1),mar,2010,1898136.5919838469
84,Algeria,2011,1858380,USD (1),mar,2011,2025104.556157779
84,Algeria,2012,3017160,USD (1),mar,2012,3221187.271802721
84,Algeria,2013,1639790,USD (1),mar,2013,1725402.1032665195
84,Algeria,2014,9299090,USD (1),mar,2014,9628393.913248722
84,Algeria,2015,3494700,USD (1),mar,2015,3614168.6371652693
84,Algeria,2016,2905560,USD (1),mar,2016,2967451.6242223373
84,Algeria,2017,16088260,USD (1),mar,2017,16088260
84,Algeria,2018,12581260,USD (1),mar,2018,12318854.840701882
84,Algeria,2019,15905120,USD (1),mar,2019,15202066.530885585
84,Algeria,2020,28468360,USD (1),mar,2020,26725649.16102244
84,Algeria,2021,18599830,USD (1),mar,2021,17248453.983947106
84,Algeria,2022,19783440,USD (1),mar,2022,17522868.8121829
120,Antigua and Barbuda,1984,0,USD (1),mar,1984,0
120,Antigua and Barbuda,1985,0,USD (1),mar,1985,0
120,Antigua and Barbuda,1986,0,USD (1),mar,1986,0
120,Antigua and Barbuda,1987,0,USD (1),mar,1987,0
120,Antigua and Barbuda,1988,0,USD (1),mar,1988,0
120,Antigua and Barbuda,1989,0,USD (1),mar,1989,0
120,Antigua and Barbuda,1990,0,USD (1),mar,1990,0
120,Antigua and Barbuda,1991,0,USD (1),mar,1991,0
120,Antigua and Barbuda,1992,0,USD (1),mar,1992,0
120,Antigua and Barbuda,1993,0,USD (1),mar,1993,0
120,Antigua and Barbuda,1994,18500,USD (1),mar,1994,30593.4376229831
120,Antigua and Barbuda,1995,18500,USD (1),mar,1995,29758.584436180714
120,Antigua and Barbuda,1996,18500,USD (1),mar,1996,28911.13988949103
120,Antigua and Barbuda,1997,18500,USD (1),mar,1997,28250.72552175269
120,Antigua and Barbuda,1998,18500,USD (1),mar,1998,27818.898573692575
120,Antigua and Barbuda,1999,18520,USD (1),mar,1999,27252.67707238984
120,Antigua and Barbuda,2000,18520,USD (1),mar,2000,26362.4546070461
120,Antigua and Barbuda,2001,18520,USD (1),mar,2001,25637.88413027111
120,Antigua and Barbuda,2002,18520,USD (1),mar,2002,25237.607690525856
120,Antigua and Barbuda,2003,18520,USD (1),mar,2003,24677.407112117802
120,Antigua and Barbuda,2004,18520,USD (1),mar,2004,24033.961087090822
120,Antigua and Barbuda,2005,18520,USD (1),mar,2005,23245.30667804567
120,Antigua and Barbuda,2006,18520,USD (1),mar,2006,22518.860816005967
120,Antigua and Barbuda,2007,18520,USD (1),mar,2007,21894.288473696306
120,Antigua and Barbuda,2008,29630,USD (1),mar,2008,33733.43669565692
120,Antigua and Barbuda,2009,29630,USD (1),mar,2009,33853.80262689733
120,Antigua and Barbuda,2010,29630,USD (1),mar,2010,33307.54442867377
120,Antigua and Barbuda,2011,29630,USD (1),mar,2011,32288.25536163486
120,Antigua and Barbuda,2012,29630,USD (1),mar,2012,31633.648485169706
120,Antigua and Barbuda,2013,29630,USD (1),mar,2013,31176.95822013
120,Antigua and Barbuda,2014,29630,USD (1),mar,2014,30679.272020118056
120,Antigua and Barbuda,2015,37040,USD (1),mar,2015,38306.23696471845
120,Antigua and Barbuda,2016,37040,USD (1),mar,2016,37828.99274535559
120,Antigua and Barbuda,2017,37040,USD (1),mar,2017,37040
120,Antigua and Barbuda,2018,48150,USD (1),mar,2018,47145.74379512033
120,Antigua and Barbuda,2019,48150,USD (1),mar,2019,46021.62721577334
120,Antigua and Barbuda,2020,48150,USD (1),mar,2020,45202.46361586092
120,Antigua and Barbuda,2021,48150,USD (1),mar,2021,44651.647855225194
120,Antigua and Barbuda,2022,48150,USD (1),mar,2022,42648.10029532814
172,Argentina,1984,0,USD (1),mar,1984,0
172,Argentina,1985,10000,USD (1),mar,1985,22787.689804772257
172,Argentina,1986,10000,USD (1),mar,1986,22363.225119744562
172,Argentina,1987,1650,USD (1),mar,1987,3559.492299229926
172,Argentina,1988,1800,USD (1),mar,1988,3730.9442604467667
172,Argentina,1989,100,USD (1),mar,1989,197.73023662274824
172,Argentina,1990,100,USD (1),mar,1990,187.60348236494684
172,Argentina,1991,100,USD (1),mar,1991,179.98133757572072
172,Argentina,1992,100,USD (1),mar,1992,174.69028388169633
172,Argentina,1993,100,USD (1),mar,1993,169.6818575137007
172,Argentina,1994,0,USD (1),mar,1994,0
172,Argentina,1995,0,USD (1),mar,1995,0
172,Argentina,1996,0,USD (1),mar,1996,0
172,Argentina,1997,0,USD (1),mar,1997,0
172,Argentina,1998,0,USD (1),mar,1998,0
172,Argentina,1999,14000,USD (1),mar,1999,20601.375756666184
172,Argentina,2000,75000,USD (1),mar,2000,106759.40040650418
172,Argentina,2001,75000,USD (1),mar,2001,103825.1247176206
172,Argentina,2002,114000,USD (1),mar,2002,155350.28492008356
172,Argentina,2003,74900,USD (1),mar,2003,99802.25662514164
172,Argentina,2004,132120,USD (1),mar,2004,171456.09820877103
172,Argentina,2005,309000,USD (1),mar,2005,387840.1600170687
172,Argentina,2006,248400,USD (1),mar,2006,302034.82865528524
172,Argentina,2007,270100,USD (1),mar,2007,319311.4101914348
172,Argentina,2008,283700,USD (1),mar,2008,322989.40231379913
172,Argentina,2009,200550,USD (1),mar,2009,229138.71470888495
172,Argentina,2010,812640,USD (1),mar,2010,913501.2792614732
172,Argentina,2011,1319669.9999999998,USD (1),mar,2011,1438064.1901143661
172,Argentina,2012,337240,USD (1),mar,2012,360044.9414491607
172,Argentina,2013,106100,USD (1),mar,2013,111639.39477407334
172,Argentina,2014,41980.00000000001,USD (1),mar,2014,43466.61624720068
172,Argentina,2015,303590,USD (1),mar,2015,313968.4254891705
172,Argentina,2016,185590,USD (1),mar,2016,189543.2711557922
172,Argentina,2017,53769.99999999999,USD (1),mar,2017,53769.99999999999
172,Argentina,2018,24000,USD (1),mar,2018,23499.436159561534
172,Argentina,2019,102760,USD (1),mar,2019,98217.70327503362
172,Argentina,2020,18009.999999999996,USD (1),mar,2020,16907.505082485048
172,Argentina,2021,140460,USD (1),mar,2021,130254.83816708058
172,Argentina,2022,51450,USD (1),mar,2022,45571.023057001716
16,Australia,1984,19022380,USD (1),mar,1984,44884561.45940962
16,Australia,1985,17911710,USD (1),mar,1985,40816649.13530373
16,Australia,1986,24776560,USD (1),mar,1986,55408378.89728583
16,Australia,1987,27389870,USD (1),mar,1987,59087291.722368956
16,Australia,1988,47904770.00000001,USD (1),mar,1988,99294459.26640138
16,Australia,1989,63307530.00000001,USD (1),mar,1989,125178128.86901733
16,Australia,1990,63732700,USD (1),mar,1990,119564764.60520448
16,Australia,1991,68037320,USD (1),mar,1991,122454478.58667333
16,Australia,1992,79303910,USD (1),mar,1992,138536225.50828496
16,Australia,1993,91284480,USD (1),mar,1993,154893201.2857226
16,Australia,1994,107404650,USD (1),mar,1994,177614997.8482882
16,Australia,1995,130470030,USD (1),mar,1995,209870454.27816382
16,Australia,1996,158598880,USD (1),mar,1996,247852670.5944109
16,Australia,1997,139287620,USD (1),mar,1997,212701422.76746976
16,Australia,1998,110436680,USD (1),mar,1998,166066313.49920774
16,Australia,1999,180378510,USD (1),mar,1999,265431818.78125495
16,Australia,2000,241012919.99999997,USD (1),mar,2000,343071931.0589434
16,Australia,2001,243995940,USD (1),mar,2001,337772118.6812409
16,Australia,2002,250828620,USD (1),mar,2002,341809627.92202955
16,Australia,2003,274670280,USD (1),mar,2003,365990838.07556087
16,Australia,2004,368222830,USD (1),mar,2004,477853842.74289733
16,Australia,2005,341504140,USD (1),mar,2005,428637606.1621082
16,Australia,2006,426400140,USD (1),mar,2006,518468974.3296684
16,Australia,2007,540355390,USD (1),mar,2007,638806521.9749823
16,Australia,2008,589096160,USD (1),mar,2008,670679649.7136208
16,Australia,2009,609600390,USD (1),mar,2009,696499874.5980303
16,Australia,2010,709268500,USD (1),mar,2010,797299766.3047183
16,Australia,2011,836585350,USD (1),mar,2011,911639602.180313
16,Australia,2012,954750850,USD (1),mar,2012,1019313289.9026996
16,Australia,2013,925050410,USD (1),mar,2013,973346540.1310877
16,Australia,2014,706877850,USD (1),mar,2014,731910153.396767
16,Australia,2015,661002160,USD (1),mar,2015,683598957.2124931
16,Australia,2016,746297870,USD (1),mar,2016,762194835.5859699
16,Australia,2017,813100370,USD (1),mar,2017,813100370
16,Australia,2018,919715090,USD (1),mar,2018,900532751.7683496
16,Australia,2019,872646630,USD (1),mar,2019,834073061.2037568
16,Australia,2020,960441540,USD (1),mar,2020,901647430.2598428
16,Australia,2021,1266304920,USD (1),mar,2021,1174301170.6163886
16,Australia,2022,1121227520,USD (1),mar,2022,993109527.0372179
110,Bahamas,1984,70000,USD (1),mar,1984,165169.62137012684
110,Bahamas,1985,48000,USD (1),mar,1985,109380.91106290683
110,Bahamas,1986,72000,USD (1),mar,1986,161015.22086216084
110,Bahamas,1987,120000,USD (1),mar,1987,258872.16721672192
110,Bahamas,1988,120000,USD (1),mar,1988,248729.61736311778
110,Bahamas,1989,89400,USD (1),mar,1989,176770.83154073692
110,Bahamas,1990,36100,USD (1),mar,1990,67724.85713374581
110,Bahamas,1991,13200,USD (1),mar,1991,23757.536559995133
110,Bahamas,1992,25200,USD (1),mar,1992,44021.95153818747
110,Bahamas,1993,24200,USD (1),mar,1993,41063.009518315564
110,Bahamas,1994,12200,USD (1),mar,1994,20175.131837859124
110,Bahamas,1995,60200,USD (1),mar,1995,96836.04232746373
110,Bahamas,1996,15200,USD (1),mar,1996,23754.017638933172
110,Bahamas,1997,15000,USD (1),mar,1997,22905.993666285965
110,Bahamas,1998,15000,USD (1),mar,1998,22555.863708399385
110,Bahamas,1999,15000,USD (1),mar,1999,22072.902596428055
110,Bahamas,2000,28000,USD (1),mar,2000,39856.842818428224
110,Bahamas,2001,182000,USD (1),mar,2001,251948.96931475928
110,Bahamas,2002,250000,USD (1),mar,2002,340680.4493861482
110,Bahamas,2003,500000,USD (1),mar,2003,666236.6930917333
110,Bahamas,2004,215340,USD (1),mar,2004,279453.19549104414
110,Bahamas,2005,586360,USD (1),mar,2005,735967.4958822278
110,Bahamas,2006,288180,USD (1),mar,2006,350404.17440370406
110,Bahamas,2007,240000,USD (1),mar,2007,283727.2804366692
110,Bahamas,2008,400000,USD (1),mar,2008,455395.70294508163
110,Bahamas,2009,337400,USD (1),mar,2009,385496.89525194606
110,Bahamas,2010,0,USD (1),mar,2010,0
110,Bahamas,2011,0,USD (1),mar,2011,0
110,Bahamas,2012,0,USD (1),mar,2012,0
110,Bahamas,2013,0,USD (1),mar,2013,0
110,Bahamas,2014,193240,USD (1),mar,2014,200083.10918554213
110,Bahamas,2015,192780,USD (1),mar,2015,199370.31215060537
110,Bahamas,2016,184000,USD (1),mar,2016,187919.402406734
110,Bahamas,2017,115000,USD (1),mar,2017,115000
110,Bahamas,2018,158280,USD (1),mar,2018,154978.78147230833
110,Bahamas,2019,115000,USD (1),mar,2019,109916.65897848255
110,Bahamas,2020,115000,USD (1),mar,2020,107960.19347505724
110,Bahamas,2021,0,USD (1),mar,2021,0
110,Bahamas,2022,0,USD (1),mar,2022,0
52,Bahrain,1984,0,USD (1),mar,1984,0
52,Bahrain,1985,0,USD (1),mar,1985,0
52,Bahrain,1986,0,USD (1),mar,1986,0
52,Bahrain,1987,0,USD (1),mar,1987,0
52,Bahrain,1988,0,USD (1),mar,1988,0
52,Bahrain,1989,0,USD (1),mar,1989,0
52,Bahrain,1990,0,USD (1),mar,1990,0
52,Bahrain,1991,0,USD (1),mar,1991,0
52,Bahrain,1992,0,USD (1),mar,1992,0
52,Bahrain,1993,0,USD (1),mar,1993,0
52,Bahrain,1994,0,USD (1),mar,1994,0
52,Bahrain,1995,18000,USD (1),mar,1995,28954.29837033799
52,Bahrain,1996,13500,USD (1),mar,1996,21097.3182977367
52,Bahrain,1997,100,USD (1),mar,1997,152.70662444190643
52,Bahrain,1998,4500,USD (1),mar,1998,6766.759112519816
52,Bahrain,1999,13500,USD (1),mar,1999,19865.61233678525
52,Bahrain,2000,55200,USD (1),mar,2000,78574.91869918708
52,Bahrain,2001,100,USD (1),mar,2001,138.43349962349413
52,Bahrain,2002,7800,USD (1),mar,2002,10629.230020847823
52,Bahrain,2003,11000,USD (1),mar,2003,14657.207248018132
52,Bahrain,2004,21400,USD (1),mar,2004,27771.423718344686
52,Bahrain,2005,8400,USD (1),mar,2005,10543.22765094944
52,Bahrain,2006,5620,USD (1),mar,2006,6833.47720226531
52,Bahrain,2007,4600,USD (1),mar,2007,5438.106208369493
52,Bahrain,2008,13300,USD (1),mar,2008,15141.907122923965
52,Bahrain,2009,15300,USD (1),mar,2009,17481.03881847888
52,Bahrain,2010,35080,USD (1),mar,2010,39433.97430164954
52,Bahrain,2011,39269.99999999999,USD (1),mar,2011,42793.107932885614
52,Bahrain,2012,22960,USD (1),mar,2012,24512.60780356046
52,Bahrain,2013,0,USD (1),mar,2013,0
52,Bahrain,2014,63400,USD (1),mar,2014,65645.15174065085
52,Bahrain,2015,63830,USD (1),mar,2015,66012.07088169489
52,Bahrain,2016,152890,USD (1),mar,2016,156146.72518459545
52,Bahrain,2017,170209.99999999997,USD (1),mar,2017,170209.99999999997
52,Bahrain,2018,170209.99999999997,USD (1),mar,2018,166659.959529957
52,Bahrain,2019,170209.99999999997,USD (1),mar,2019,162686.2132585001
52,Bahrain,2020,170209.99999999997,USD (1),mar,2020,159790.47418599555
52,Bahrain,2021,170209.99999999997,USD (1),mar,2021,157843.34333204318
52,Bahrain,2022,170209.99999999997,USD (1),mar,2022,150760.8131104424
204,Bangladesh,1984,38996690,USD (1),mar,1984,92015264.5998316
204,Bangladesh,1985,47324899.99999999,USD (1),mar,1985,107842514.12418664
204,Bangladesh,1986,58448610,USD (1),mar,1986,130709942.33661531
204,Bangladesh,1987,60151200,USD (1),mar,1987,129762262.53905402
204,Bangladesh,1988,65944640,USD (1),mar,1988,136686542.28623793
204,Bangladesh,1989,78361989.99999999,USD (1),mar,1989,154945348.24929428
204,Bangladesh,1990,118321160,USD (1),mar,1990,221974616.53460053
204,Bangladesh,1991,120537450,USD (1),mar,1991,216944914.78966555
204,Bangladesh,1992,138840000,USD (1),mar,1992,242539990.14134717
204,Bangladesh,1993,178787500,USD (1),mar,1993,303369951.0023076
204,Bangladesh,1994,189418100,USD (1),mar,1994,313240585.24399865
204,Bangladesh,1995,204784380,USD (1),mar,1995,329410446.672482
204,Bangladesh,1996,274000320,USD (1),mar,1996,428197923.31271935
204,Bangladesh,1997,315712170,USD (1),mar,1997,482113397.7592932
204,Bangladesh,1998,336653440,USD (1),mar,1998,506233940.640254
204,Bangladesh,1999,243183530,USD (1),mar,1999,357851091.383036
204,Bangladesh,2000,239217980,USD (1),mar,2000,340516908.1500681
204,Bangladesh,2001,217146370,USD (1),mar,2001,300603319.2963811
204,Bangladesh,2002,229443870,USD (1),mar,2002,312668162.96198785
204,Bangladesh,2003,235427920,USD (1),mar,2003,313701437.76453024
204,Bangladesh,2004,244789020,USD (1),mar,2004,317670074.5802968
204,Bangladesh,2005,240466370,USD (1),mar,2005,301820438.2508856
204,Bangladesh,2006,283932260,USD (1),mar,2006,345239257.2415777
204,Bangladesh,2007,301555700,USD (1),mar,2007,356498244.421567
204,Bangladesh,2008,332192220.00000006,USD (1),mar,2008,378197273.8494681
204,Bangladesh,2009,542166940.0000001,USD (1),mar,2009,619453681.3226086
204,Bangladesh,2010,479829290,USD (1),mar,2010,539383577.2816062
204,Bangladesh,2011,574852059.9999999,USD (1),mar,2011,626424910.8485265
204,Bangladesh,2012,696534800,USD (1),mar,2012,743636079.0039818
204,Bangladesh,2013,823925030,USD (1),mar,2013,866941486.2244129
204,Bangladesh,2014,982307150,USD (1),mar,2014,1017093090.1841685
204,Bangladesh,2015,988595970,USD (1),mar,2015,1022391778.8657045
204,Bangladesh,2016,1060918810,USD (1),mar,2016,1083517547.7025185
204,Bangladesh,2017,1080025560,USD (1),mar,2017,1080025560
204,Bangladesh,2018,1008818680,USD (1),mar,2018,987777923.634714
204,Bangladesh,2019,1019556950,USD (1),mar,2019,974489509.4112328
204,Bangladesh,2020,1055640100,USD (1),mar,2020,991018342.9219893
204,Bangladesh,2021,1106359150,USD (1),mar,2021,1025976306.6917189
204,Bangladesh,2022,1063067840,USD (1),mar,2022,941595511.133081
164,Belize,1984,100,USD (1),mar,1984,235.95660195732404
164,Belize,1985,100,USD (1),mar,1985,227.87689804772256
164,Belize,1986,230000,USD (1),mar,1986,514354.1777541249
164,Belize,1987,0,USD (1),mar,1987,0
164,Belize,1988,0,USD (1),mar,1988,0
164,Belize,1989,5962000,USD (1),mar,1989,11788676.70744825
164,Belize,1990,1089000,USD (1),mar,1990,2043001.922954271
164,Belize,1991,1727000,USD (1),mar,1991,3108277.6999326963
164,Belize,1992,3000000,USD (1),mar,1992,5240708.516450889
164,Belize,1993,5700000,USD (1),mar,1993,9671865.87828094
164,Belize,1994,5871200,USD (1),mar,1994,9709199.512003155
164,Belize,1995,7488000,USD (1),mar,1995,12044988.122060604
164,Belize,1996,5736000,USD (1),mar,1996,8964016.13006057
164,Belize,1997,8858000,USD (1),mar,1997,13526752.793064073
164,Belize,1998,9852000,USD (1),mar,1998,14814691.283676716
164,Belize,1999,15182400,USD (1),mar,1999,22341309.092000622
164,Belize,2000,17424000,USD (1),mar,2000,24802343.90243905
164,Belize,2001,33539199.999999996,USD (1),mar,2001,46429488.30572294
164,Belize,2002,30800000,USD (1),mar,2002,41971831.36437345
164,Belize,2003,64312800,USD (1),mar,2003,85695094.39094006
164,Belize,2004,49680000,USD (1),mar,2004,64471230.389129154
164,Belize,2005,47938500,USD (1),mar,2005,60169823.66012378
164,Belize,2006,32557500,USD (1),mar,2006,39587354.80653965
164,Belize,2007,12924000,USD (1),mar,2007,15278714.051514637
164,Belize,2008,12559500,USD (1),mar,2008,14298855.827846883
164,Belize,2009,18631500,USD (1),mar,2009,21287449.3298359
164,Belize,2010,23841200,USD (1),mar,2010,26800264.19955778
164,Belize,2011,17664500,USD (1),mar,2011,19249270.564819407
164,Belize,2012,20359900,USD (1),mar,2012,21736683.08448217
164,Belize,2013,24820000,USD (1),mar,2013,26115832.029147033
164,Belize,2014,28663040,USD (1),mar,2014,29678069.560699448
164,Belize,2015,16616500,USD (1),mar,2015,17184546.072468795
164,Belize,2016,4378000,USD (1),mar,2016,4471256.215960226
164,Belize,2017,2265000,USD (1),mar,2017,2265000
164,Belize,2018,2271000,USD (1),mar,2018,2223634.1465985104
164,Belize,2019,2531500,USD (1),mar,2019,2419600.193078509
164,Belize,2020,2533750,USD (1),mar,2020,2378644.697542837
164,Belize,2021,2683750,USD (1),mar,2021,2488761.369293055
164,Belize,2022,5813500,USD (1),mar,2022,5149215.5984816225
99,Benin,1984,12400,USD (1),mar,1984,29258.61864270818
99,Benin,1985,7410,USD (1),mar,1985,16885.678145336242
99,Benin,1986,14320,USD (1),mar,1986,32024.13837147421
99,Benin,1987,18740,USD (1),mar,1987,40427.2034470114
99,Benin,1988,234540.00000000003,USD (1),mar,1988,486142.03713621374
99,Benin,1989,0,USD (1),mar,1989,0
99,Benin,1990,0,USD (1),mar,1990,0
99,Benin,1991,0,USD (1),mar,1991,0
99,Benin,1992,0,USD (1),mar,1992,0
99,Benin,1993,0,USD (1),mar,1993,0
99,Benin,1994,0,USD (1),mar,1994,0
99,Benin,1995,0,USD (1),mar,1995,0
99,Benin,1996,0,USD (1),mar,1996,0
99,Benin,1997,0,USD (1),mar,1997,0
99,Benin,1998,0,USD (1),mar,1998,0
99,Benin,1999,0,USD (1),mar,1999,0
99,Benin,2000,0,USD (1),mar,2000,0
99,Benin,2001,0,USD (1),mar,2001,0
99,Benin,2002,0,USD (1),mar,2002,0
99,Benin,2003,0,USD (1),mar,2003,0
99,Benin,2004,0,USD (1),mar,2004,0
99,Benin,2005,228000,USD (1),mar,2005,286173.32195434195
99,Benin,2006,229200,USD (1),mar,2006,278689.14141622937
99,Benin,2007,325960,USD (1),mar,2007,385348.9347130695
99,Benin,2008,350000,USD (1),mar,2008,398471.24007694644
99,Benin,2009,330720,USD (1),mar,2009,377864.650852767
99,Benin,2010,315280,USD (1),mar,2010,354411.1578627157
99,Benin,2011,331040,USD (1),mar,2011,360739.252612744
99,Benin,2012,376060,USD (1),mar,2012,401490.0387895012
99,Benin,2013,388740,USD (1),mar,2013,409035.79947665666
99,Benin,2014,388860,USD (1),mar,2014,402630.5000925787
99,Benin,2015,304460,USD (1),mar,2015,314868.16701614956
99,Benin,2016,303740,USD (1),mar,2016,310209.99612511625
99,Benin,2017,309990,USD (1),mar,2017,309990
99,Benin,2018,405080,USD (1),mar,2018,396631.3166464661
99,Benin,2019,256010,USD (1),mar,2019,244693.59882679404
99,Benin,2020,338790,USD (1),mar,2020,318050.7299775186
99,Benin,2021,351650,USD (1),mar,2021,326100.76777341514
99,Benin,2022,312620,USD (1),mar,2022,276898.2162892104
249,Sint Eustatius,1984,0,USD (1),mar,1984,0
249,Sint Eustatius,1985,0,USD (1),mar,1985,0
249,Sint Eustatius,1986,0,USD (1),mar,1986,0
249,Sint Eustatius,1987,0,USD (1),mar,1987,0
249,Sint Eustatius,1988,0,USD (1),mar,1988,0
249,Sint Eustatius,1989,0,USD (1),mar,1989,0
249,Sint Eustatius,1990,0,USD (1),mar,1990,0
249,Sint Eustatius,1991,0,USD (1),mar,1991,0
249,Sint Eustatius,1992,0,USD (1),mar,1992,0
249,Sint Eustatius,1993,0,USD (1),mar,1993,0
249,Sint Eustatius,1994,0,USD (1),mar,1994,0
249,Sint Eustatius,1995,0,USD (1),mar,1995,0
249,Sint Eustatius,1996,0,USD (1),mar,1996,0
249,Sint Eustatius,1997,0,USD (1),mar,1997,0
249,Sint Eustatius,1998,0,USD (1),mar,1998,0
249,Sint Eustatius,1999,0,USD (1),mar,1999,0
249,Sint Eustatius,2000,0,USD (1),mar,2000,0
249,Sint Eustatius,2001,0,USD (1),mar,2001,0
249,Sint Eustatius,2002,0,USD (1),mar,2002,0
249,Sint Eustatius,2003,0,USD (1),mar,2003,0
249,Sint Eustatius,2004,0,USD (1),mar,2004,0
249,Sint Eustatius,2005,0,USD (1),mar,2005,0
249,Sint Eustatius,2006,0,USD (1),mar,2006,0
249,Sint Eustatius,2007,0,USD (1),mar,2007,0
249,Sint Eustatius,2008,0,USD (1),mar,2008,0
249,Sint Eustatius,2009,0,USD (1),mar,2009,0
249,Sint Eustatius,2010,0,USD (1),mar,2010,0
249,Sint Eustatius,2011,3850,USD (1),mar,2011,4195.402738518198
249,Sint Eustatius,2012,0,USD (1),mar,2012,0
249,Sint Eustatius,2013,0,USD (1),mar,2013,0
249,Sint Eustatius,2014,0,USD (1),mar,2014,0
249,Sint Eustatius,2015,0,USD (1),mar,2015,0
249,Sint Eustatius,2016,0,USD (1),mar,2016,0
249,Sint Eustatius,2017,0,USD (1),mar,2017,0
249,Sint Eustatius,2018,0,USD (1),mar,2018,0
249,Sint Eustatius,2019,0,USD (1),mar,2019,0
249,Sint Eustatius,2020,0,USD (1),mar,2020,0
249,Sint Eustatius,2021,0,USD (1),mar,2021,0
249,Sint Eustatius,2022,0,USD (1),mar,2022,0
232,Bosnia and Herzegovina,1984,0,USD (1),mar,1984,0
232,Bosnia and Herzegovina,1985,0,USD (1),mar,1985,0
232,Bosnia and Herzegovina,1986,0,USD (1),mar,1986,0
232,Bosnia and Herzegovina,1987,0,USD (1),mar,1987,0
232,Bosnia and Herzegovina,1988,0,USD (1),mar,1988,0
232,Bosnia and Herzegovina,1989,0,USD (1),mar,1989,0
232,Bosnia and Herzegovina,1990,0,USD (1),mar,1990,0
232,Bosnia and Herzegovina,1991,0,USD (1),mar,1991,0
232,Bosnia and Herzegovina,1992,0,USD (1),mar,1992,0
232,Bosnia and Herzegovina,1993,0,USD (1),mar,1993,0
232,Bosnia and Herzegovina,1994,0,USD (1),mar,1994,0
232,Bosnia and Herzegovina,1995,0,USD (1),mar,1995,0
232,Bosnia and Herzegovina,1996,0,USD (1),mar,1996,0
232,Bosnia and Herzegovina,1997,0,USD (1),mar,1997,0
232,Bosnia and Herzegovina,1998,0,USD (1),mar,1998,0
232,Bosnia and Herzegovina,1999,0,USD (1),mar,1999,0
232,Bosnia and Herzegovina,2000,0,USD (1),mar,2000,0
232,Bosnia and Herzegovina,2001,0,USD (1),mar,2001,0
232,Bosnia and Herzegovina,2002,1238000,USD (1),mar,2002,1687049.5853602057
232,Bosnia and Herzegovina,2003,1323000,USD (1),mar,2003,1762862.2899207263
232,Bosnia and Herzegovina,2004,614000,USD (1),mar,2004,796806.269302039
232,Bosnia and Herzegovina,2005,1706200,USD (1),mar,2005,2141530.3592916587
232,Bosnia and Herzegovina,2006,1815700,USD (1),mar,2006,2207748.141664257
232,Bosnia and Herzegovina,2007,2017700,USD (1),mar,2007,2385318.890571114
232,Bosnia and Herzegovina,2008,2073600,USD (1),mar,2008,2360771.3240673034
232,Bosnia and Herzegovina,2009,1771000,USD (1),mar,2009,2023458.8070278496
232,Bosnia and Herzegovina,2010,1771000,USD (1),mar,2010,1990808.6798238694
232,Bosnia and Herzegovina,2011,2140650,USD (1),mar,2011,2332698.408365969
232,Bosnia and Herzegovina,2012,450200,USD (1),mar,2012,480643.5554513466
232,Bosnia and Herzegovina,2013,1273100.0000000002,USD (1),mar,2013,1339567.5163701489
232,Bosnia and Herzegovina,2014,1170700,USD (1),mar,2014,1212157.3997283904
232,Bosnia and Herzegovina,2015,1019600,USD (1),mar,2015,1054455.7021929517
232,Bosnia and Herzegovina,2016,1015280,USD (1),mar,2016,1036906.5808451572
232,Bosnia and Herzegovina,2017,1227250,USD (1),mar,2017,1227250
232,Bosnia and Herzegovina,2018,1209700,USD (1),mar,2018,1184469.4967592328
232,Bosnia and Herzegovina,2019,1188120.0000000002,USD (1),mar,2019,1135601.572743606
232,Bosnia and Herzegovina,2020,867200,USD (1),mar,2020,814113.7372310403
232,Bosnia and Herzegovina,2021,825250,USD (1),mar,2021,765291.2231053913
232,Bosnia and Herzegovina,2022,760709.9999999999,USD (1),mar,2022,673786.8406159723
171,Brazil,1984,2050000,USD (1),mar,1984,4837110.340125143
171,Brazil,1985,3561500,USD (1),mar,1985,8115835.723969638
171,Brazil,1986,5478000,USD (1),mar,1986,12250574.720596071
171,Brazil,1987,7693000,USD (1),mar,1987,16595863.186652014
171,Brazil,1988,8104000,USD (1),mar,1988,16797540.15925589
171,Brazil,1989,7904000,USD (1),mar,1989,15628597.90266202
171,Brazil,1990,6904000,USD (1),mar,1990,12952144.42247593
171,Brazil,1991,5735000,USD (1),mar,1991,10321929.709967582
171,Brazil,1992,6015000,USD (1),mar,1992,10507620.575484034
171,Brazil,1993,6015000,USD (1),mar,1993,10206363.729449097
171,Brazil,1994,6015000,USD (1),mar,1994,9947001.475796936
171,Brazil,1995,7786400,USD (1),mar,1995,12524986.04615554
171,Brazil,1996,12576600,USD (1),mar,1996,19654261.72617151
171,Brazil,1997,14394200,USD (1),mar,1997,21980896.935416896
171,Brazil,1998,24857600,USD (1),mar,1998,37378975.84786057
171,Brazil,1999,48221800,USD (1),mar,1999,70959672.96162896
171,Brazil,2000,71195700,USD (1),mar,2000,101344136.58028466
171,Brazil,2001,88195700,USD (1),mar,2001,122092394.027438
171,Brazil,2002,127737200,USD (1),mar,2002,174070266.79731315
171,Brazil,2003,187997400,USD (1),mar,2003,250501532.17168763
171,Brazil,2004,161025000,USD (1),mar,2004,208966986.1797408
171,Brazil,2005,135833500,USD (1),mar,2005,170490894.4196715
171,Brazil,2006,139269850,USD (1),mar,2006,169341164.57969916
171,Brazil,2007,193564550.00000003,USD (1),mar,2007,228831430.668532
171,Brazil,2008,281553850,USD (1),mar,2008,320546033.5941102
171,Brazil,2009,295608630,USD (1),mar,2009,337748100.3991739
171,Brazil,2010,416863130,USD (1),mar,2010,468602336.25214344
171,Brazil,2011,507391560,USD (1),mar,2011,552912192.2922132
171,Brazil,2012,475978980,USD (1),mar,2012,508165769.1410605
171,Brazil,2013,382408430,USD (1),mar,2013,402373663.3525315
171,Brazil,2014,377330050,USD (1),mar,2014,390692245.87629926
171,Brazil,2015,300130240,USD (1),mar,2015,310390391.2990772
171,Brazil,2016,274591260,USD (1),mar,2016,280440355.8984355
171,Brazil,2017,305451840,USD (1),mar,2017,305451840
171,Brazil,2018,319136600.00000006,USD (1),mar,2018,312480423.2449803
171,Brazil,2019,317297900,USD (1),mar,2019,303272391.9033796
171,Brazil,2020,272885040.00000006,USD (1),mar,2020,256180188.82477164
171,Brazil,2021,312227060,USD (1),mar,2021,289542112.8554988
171,Brazil,2022,450210050,USD (1),mar,2022,398766425.05430317
117,British Virgin Islands,1984,0,USD (1),mar,1984,0
117,British Virgin Islands,1985,0,USD (1),mar,1985,0
117,British Virgin Islands,1986,0,USD (1),mar,1986,0
117,British Virgin Islands,1987,0,USD (1),mar,1987,0
117,British Virgin Islands,1988,0,USD (1),mar,1988,0
117,British Virgin Islands,1989,0,USD (1),mar,1989,0
117,British Virgin Islands,1990,0,USD (1),mar,1990,0
117,British Virgin Islands,1991,0,USD (1),mar,1991,0
117,British Virgin Islands,1992,0,USD (1),mar,1992,0
117,British Virgin Islands,1993,0,USD (1),mar,1993,0
117,British Virgin Islands,1994,0,USD (1),mar,1994,0
117,British Virgin Islands,1995,0,USD (1),mar,1995,0
117,British Virgin Islands,1996,0,USD (1),mar,1996,0
117,British Virgin Islands,1997,0,USD (1),mar,1997,0
117,British Virgin Islands,1998,0,USD (1),mar,1998,0
117,British Virgin Islands,1999,0,USD (1),mar,1999,0
117,British Virgin Islands,2000,0,USD (1),mar,2000,0
117,British Virgin Islands,2001,0,USD (1),mar,2001,0
117,British Virgin Islands,2002,0,USD (1),mar,2002,0
117,British Virgin Islands,2003,0,USD (1),mar,2003,0
117,British Virgin Islands,2004,0,USD (1),mar,2004,0
117,British Virgin Islands,2005,0,USD (1),mar,2005,0
117,British Virgin Islands,2006,0,USD (1),mar,2006,0
117,British Virgin Islands,2007,0,USD (1),mar,2007,0
117,British Virgin Islands,2008,0,USD (1),mar,2008,0
117,British Virgin Islands,2009,0,USD (1),mar,2009,0
117,British Virgin Islands,2010,0,USD (1),mar,2010,0
117,British Virgin Islands,2011,0,USD (1),mar,2011,0
117,British Virgin Islands,2012,0,USD (1),mar,2012,0
117,British Virgin Islands,2013,0,USD (1),mar,2013,0
117,British Virgin Islands,2014,0,USD (1),mar,2014,0
117,British Virgin Islands,2015,13750,USD (1),mar,2015,14220.052868922212
117,British Virgin Islands,2016,12150,USD (1),mar,2016,12408.808365444665
117,British Virgin Islands,2017,23170,USD (1),mar,2017,23170
117,British Virgin Islands,2018,24020,USD (1),mar,2018,23519.019023027835
117,British Virgin Islands,2019,22980,USD (1),mar,2019,21964.215855004597
117,British Virgin Islands,2020,23080,USD (1),mar,2020,21667.141438298444
117,British Virgin Islands,2021,24760,USD (1),mar,2021,22961.055054940305
117,British Virgin Islands,2022,22190,USD (1),mar,2022,19654.441236829312
247,Brunei,1984,0,USD (1),mar,1984,0
247,Brunei,1985,0,USD (1),mar,1985,0
247,Brunei,1986,0,USD (1),mar,1986,0
247,Brunei,1987,3120,USD (1),mar,1987,6730.67634763477
247,Brunei,1988,3260,USD (1),mar,1988,6757.154605031366
247,Brunei,1989,100,USD (1),mar,1989,197.73023662274824
247,Brunei,1990,21540,USD (1),mar,1990,40409.79010140955
247,Brunei,1991,100,USD (1),mar,1991,179.98133757572072
247,Brunei,1992,104910,USD (1),mar,1992,183267.57682028762
247,Brunei,1993,285970,USD (1),mar,1993,485239.20793192985
247,Brunei,1994,450080,USD (1),mar,1994,744296.9948839045
247,Brunei,1995,752410.0000000001,USD (1),mar,1995,1210305.757601445
247,Brunei,1996,962910,USD (1),mar,1996,1504801.389783233
247,Brunei,1997,1232240,USD (1),mar,1997,1881712.109022948
247,Brunei,1998,1151800,USD (1),mar,1998,1731989.5879556274
247,Brunei,1999,634719.9999999999,USD (1),mar,1999,934007.5157336541
247,Brunei,2000,432530,USD (1),mar,2000,615688.5794376701
247,Brunei,2001,353420,USD (1),mar,2001,489251.6743693529
247,Brunei,2002,464349.99999999994,USD (1),mar,2002,632779.8666898315
247,Brunei,2003,483780,USD (1),mar,2003,644623.9747678374
247,Brunei,2004,2761360,USD (1),mar,2004,3583499.93452749
247,Brunei,2005,2098380,USD (1),mar,2005,2633773.5759761054
247,Brunei,2006,2504410,USD (1),mar,2006,3045165.2384564527
247,Brunei,2007,3137130,USD (1),mar,2007,3708705.6803178666
247,Brunei,2008,2620799.9999999995,USD (1),mar,2008,2983752.6456961744
247,Brunei,2009,2322990,USD (1),mar,2009,2654135.8408456375
247,Brunei,2010,2659500,USD (1),mar,2010,2989585.3664548732
247,Brunei,2011,2959380,USD (1),mar,2011,3224880.767874282
247,Brunei,2012,3120799.9999999995,USD (1),mar,2012,3331835.6460518935
247,Brunei,2013,3348700.0000000005,USD (1),mar,2013,3523532.905560221
247,Brunei,2014,5206860.000000001,USD (1),mar,2014,5391247.867386836
247,Brunei,2015,6486150,USD (1),mar,2015,6707883.339327985
247,Brunei,2016,6220890,USD (1),mar,2016,6353401.8002066715
247,Brunei,2017,10744860,USD (1),mar,2017,10744860
247,Brunei,2018,9232119.999999998,USD (1),mar,2018,9039567.273225466
247,Brunei,2019,6960010,USD (1),mar,2019,6652356.918755028
247,Brunei,2020,25402270,USD (1),mar,2020,23847252.033962104
247,Brunei,2021,35582060,USD (1),mar,2021,32996835.162689388
247,Brunei,2022,36490630,USD (1),mar,2022,32320997.883275386
71,Bulgaria,1984,33000,USD (1),mar,1984,77865.67864591694
71,Bulgaria,1985,34960,USD (1),mar,1985,79665.7635574838
71,Bulgaria,1986,54530,USD (1),mar,1986,121946.66657796709
71,Bulgaria,1987,155520,USD (1),mar,1987,335498.3287128716
71,Bulgaria,1988,108000,USD (1),mar,1988,223856.655626806
71,Bulgaria,1989,0,USD (1),mar,1989,0
71,Bulgaria,1990,0,USD (1),mar,1990,0
71,Bulgaria,1991,0,USD (1),mar,1991,0
71,Bulgaria,1992,0,USD (1),mar,1992,0
71,Bulgaria,1993,0,USD (1),mar,1993,0
71,Bulgaria,1994,0,USD (1),mar,1994,0
71,Bulgaria,1995,159000,USD (1),mar,1995,255762.9689379856
71,Bulgaria,1996,29400,USD (1),mar,1996,45945.27095951548
71,Bulgaria,1997,46900,USD (1),mar,1997,71619.40686325412
71,Bulgaria,1998,64400.00000000001,USD (1),mar,1998,96839.8415213947
71,Bulgaria,1999,70000,USD (1),mar,1999,103006.87878333093
71,Bulgaria,2000,8000,USD (1),mar,2000,11387.669376693779
71,Bulgaria,2001,0,USD (1),mar,2001,0
71,Bulgaria,2002,44000,USD (1),mar,2002,59959.75909196208
71,Bulgaria,2003,12000,USD (1),mar,2003,15989.680634201599
71,Bulgaria,2004,118000,USD (1),mar,2004,153132.1494749847
71,Bulgaria,2005,171000,USD (1),mar,2005,214629.99146575647
71,Bulgaria,2006,228000,USD (1),mar,2006,277230.03596378834
71,Bulgaria,2007,777600,USD (1),mar,2007,919276.3886148082
71,Bulgaria,2008,1344700,USD (1),mar,2008,1530926.5043756282
71,Bulgaria,2009,1000290,USD (1),mar,2009,1142882.896714787
71,Bulgaria,2010,798750,USD (1),mar,2010,897887.3139521828
71,Bulgaria,2011,867370,USD (1),mar,2011,945186.0969632544
71,Bulgaria,2012,842000,USD (1),mar,2012,898937.9691026963
71,Bulgaria,2013,2157250,USD (1),mar,2013,2269878.2693343046
71,Bulgaria,2014,2940320,USD (1),mar,2014,3044444.046783447
71,Bulgaria,2015,3326000,USD (1),mar,2015,3439701.5157843838
71,Bulgaria,2016,3246850,USD (1),mar,2016,3316011.476653828
71,Bulgaria,2017,2863960,USD (1),mar,2017,2863960
71,Bulgaria,2018,2306520,USD (1),mar,2018,2258413.312114661
71,Bulgaria,2019,2931500,USD (1),mar,2019,2801919.0069167092
71,Bulgaria,2020,2055270,USD (1),mar,2020,1929455.189943312
71,Bulgaria,2021,2845150,USD (1),mar,2021,2638434.8057174236
71,Bulgaria,2022,2008620,USD (1),mar,2022,1779103.3689553896
56,Cape Verde,1984,0,USD (1),mar,1984,0
56,Cape Verde,1985,0,USD (1),mar,1985,0
56,Cape Verde,1986,0,USD (1),mar,1986,0
56,Cape Verde,1987,0,USD (1),mar,1987,0
56,Cape Verde,1988,0,USD (1),mar,1988,0
56,Cape Verde,1989,0,USD (1),mar,1989,0
56,Cape Verde,1990,0,USD (1),mar,1990,0
56,Cape Verde,1991,0,USD (1),mar,1991,0
56,Cape Verde,1992,0,USD (1),mar,1992,0
56,Cape Verde,1993,0,USD (1),mar,1993,0
56,Cape Verde,1994,0,USD (1),mar,1994,0
56,Cape Verde,1995,0,USD (1),mar,1995,0
56,Cape Verde,1996,0,USD (1),mar,1996,0
56,Cape Verde,1997,0,USD (1),mar,1997,0
56,Cape Verde,1998,0,USD (1),mar,1998,0
56,Cape Verde,1999,0,USD (1),mar,1999,0
56,Cape Verde,2000,0,USD (1),mar,2000,0
56,Cape Verde,2001,0,USD (1),mar,2001,0
56,Cape Verde,2002,0,USD (1),mar,2002,0
56,Cape Verde,2003,0,USD (1),mar,2003,0
56,Cape Verde,2004,0,USD (1),mar,2004,0
56,Cape Verde,2005,0,USD (1),mar,2005,0
56,Cape Verde,2006,0,USD (1),mar,2006,0
56,Cape Verde,2007,0,USD (1),mar,2007,0
56,Cape Verde,2008,0,USD (1),mar,2008,0
56,Cape Verde,2009,0,USD (1),mar,2009,0
56,Cape Verde,2010,0,USD (1),mar,2010,0
56,Cape Verde,2011,0,USD (1),mar,2011,0
56,Cape Verde,2012,0,USD (1),mar,2012,0
56,Cape Verde,2013,0,USD (1),mar,2013,0
56,Cape Verde,2014,0,USD (1),mar,2014,0
56,Cape Verde,2015,0,USD (1),mar,2015,0
56,Cape Verde,2016,0,USD (1),mar,2016,0
56,Cape Verde,2017,0,USD (1),mar,2017,0
56,Cape Verde,2018,0,USD (1),mar,2018,0
56,Cape Verde,2019,50760,USD (1),mar,2019,48516.2574760676
56,Cape Verde,2020,227280,USD (1),mar,2020,213366.8936783566
56,Cape Verde,2021,300370,USD (1),mar,2021,278546.53097142244
56,Cape Verde,2022,364820,USD (1),mar,2022,323133.53997386526
24,Cambodia,1984,0,USD (1),mar,1984,0
24,Cambodia,1985,0,USD (1),mar,1985,0
24,Cambodia,1986,0,USD (1),mar,1986,0
24,Cambodia,1987,0,USD (1),mar,1987,0
24,Cambodia,1988,0,USD (1),mar,1988,0
24,Cambodia,1989,0,USD (1),mar,1989,0
24,Cambodia,1990,0,USD (1),mar,1990,0
24,Cambodia,1991,0,USD (1),mar,1991,0
24,Cambodia,1992,0,USD (1),mar,1992,0
24,Cambodia,1993,2860000,USD (1),mar,1993,4852901.12489184
24,Cambodia,1994,3248000,USD (1),mar,1994,5371215.426997249
24,Cambodia,1995,4239800,USD (1),mar,1995,6820024.123919945
24,Cambodia,1996,3480000,USD (1),mar,1996,5438419.827861016
24,Cambodia,1997,1569400,USD (1),mar,1997,2396577.7639912795
24,Cambodia,1998,2763600,USD (1),mar,1998,4155692.329635503
24,Cambodia,1999,1196900,USD (1),mar,1999,1761270.4745109826
24,Cambodia,2000,656400,USD (1),mar,2000,934358.2723577246
24,Cambodia,2001,2273800,USD (1),mar,2001,3147700.914439009
24,Cambodia,2002,1715700,USD (1),mar,2002,2338021.788047258
24,Cambodia,2003,3081200,USD (1),mar,2003,4105616.997508497
24,Cambodia,2004,5495000,USD (1),mar,2004,7131026.791229161
24,Cambodia,2005,6207000,USD (1),mar,2005,7790692.146362282
24,Cambodia,2006,3670500,USD (1),mar,2006,4463038.802653883
24,Cambodia,2007,2027000,USD (1),mar,2007,2396313.322688035
24,Cambodia,2008,4265000,USD (1),mar,2008,4855656.682651933
24,Cambodia,2009,4795000,USD (1),mar,2009,5478534.7146801455
24,Cambodia,2010,5560000,USD (1),mar,2010,6250082.5860083075
24,Cambodia,2011,6600000,USD (1),mar,2011,7192118.980316911
24,Cambodia,2012,7180000,USD (1),mar,2012,7665528.050068123
24,Cambodia,2013,7900000,USD (1),mar,2013,8312452.579784914
24,Cambodia,2014,10450000,USD (1),mar,2014,10820060.499839138
24,Cambodia,2015,8990000,USD (1),mar,2015,9297329.112117141
24,Cambodia,2016,25741000,USD (1),mar,2016,26289311.616042066
24,Cambodia,2017,26890000,USD (1),mar,2017,26890000
24,Cambodia,2018,31070000,USD (1),mar,2018,30421978.394899037
24,Cambodia,2019,34524000,USD (1),mar,2019,32997936.822375055
24,Cambodia,2020,43320000,USD (1),mar,2020,40668135.48990852
24,Cambodia,2021,37670000,USD (1),mar,2021,34933075.279466935
24,Cambodia,2022,35810000,USD (1),mar,2022,31718140.63500936
218,Canada,1984,6422780,USD (1),mar,1984,15154973.439194618
218,Canada,1985,7525130,USD (1),mar,1985,17148032.818058584
218,Canada,1986,13019960.000000002,USD (1),mar,1986,29116829.653006945
218,Canada,1987,28235300,USD (1),mar,1987,60911110.858452566
218,Canada,1988,62990410,USD (1),mar,1988,130563171.4737159
218,Canada,1989,88662030,USD (1),mar,1989,175311641.71353203
218,Canada,1990,129717490,USD (1),mar,1990,243354528.4764017
218,Canada,1991,160131640,USD (1),mar,1991,288207067.5539378
218,Canada,1992,168631760,USD (1),mar,1992,294583300.25870085
218,Canada,1993,167453580.00000003,USD (1),mar,1993,284138345.0171908
218,Canada,1994,188368680.00000003,USD (1),mar,1994,311505160.09209
218,Canada,1995,212530580.00000003,USD (1),mar,1995,341870768.1189438
218,Canada,1996,209303210,USD (1),mar,1996,327091588.3042983
218,Canada,1997,214407310,USD (1),mar,1997,327414165.6576941
218,Canada,1998,238270870,USD (1),mar,1998,358293684.6267832
218,Canada,1999,312282520,USD (1),mar,1999,459532109.7684731
218,Canada,2000,346899089.99999994,USD (1),mar,2000,493796517.9994923
218,Canada,2001,425357020,USD (1),mar,2001,588836608.6802058
218,Canada,2002,357698769.99999994,USD (1),mar,2002,487443910.8338897
218,Canada,2003,371200930,USD (1),mar,2003,494615360.15155196
218,Canada,2004,346889970.00000006,USD (1),mar,2004,450169548.6221438
218,Canada,2005,504307600.00000006,USD (1),mar,2005,632979742.012375
218,Canada,2006,723096030,USD (1),mar,2006,879227800.0095289
218,Canada,2007,630557760,USD (1),mar,2007,745443493.3459915
218,Canada,2008,701982500,USD (1),mar,2008,799199535.1066145
218,Canada,2009,662598890,USD (1),mar,2009,757053393.2791514
218,Canada,2010,842549240,USD (1),mar,2010,947122721.722758
218,Canada,2011,798418130,USD (1),mar,2011,870048210.1518387
218,Canada,2012,819875470,USD (1),mar,2012,875317327.6946777
218,Canada,2013,863125500,USD (1),mar,2013,908188580.9054612
218,Canada,2014,630694150,USD (1),mar,2014,653028599.032978
218,Canada,2015,710869890,USD (1),mar,2015,735171448.6345395
218,Canada,2016,962824780,USD (1),mar,2016,983334006.9564954
218,Canada,2017,1018153380,USD (1),mar,2017,1018153380
218,Canada,2018,1042246000,USD (1),mar,2018,1020508055.8149321
218,Canada,2019,875001540,USD (1),mar,2019,836323877.1984961
218,Canada,2020,728536260,USD (1),mar,2020,683938396.3756052
218,Canada,2021,1021974500,USD (1),mar,2021,947722647.788574
218,Canada,2022,1002584270,USD (1),mar,2022,888023146.4481485
113,Cayman Islands,1984,0,USD (1),mar,1984,0
113,Cayman Islands,1985,0,USD (1),mar,1985,0
113,Cayman Islands,1986,0,USD (1),mar,1986,0
113,Cayman Islands,1987,0,USD (1),mar,1987,0
113,Cayman Islands,1988,0,USD (1),mar,1988,0
113,Cayman Islands,1989,0,USD (1),mar,1989,0
113,Cayman Islands,1990,0,USD (1),mar,1990,0
113,Cayman Islands,1991,0,USD (1),mar,1991,0
113,Cayman Islands,1992,0,USD (1),mar,1992,0
113,Cayman Islands,1993,0,USD (1),mar,1993,0
113,Cayman Islands,1994,0,USD (1),mar,1994,0
113,Cayman Islands,1995,0,USD (1),mar,1995,0
113,Cayman Islands,1996,0,USD (1),mar,1996,0
113,Cayman Islands,1997,0,USD (1),mar,1997,0
113,Cayman Islands,1998,0,USD (1),mar,1998,0
113,Cayman Islands,1999,0,USD (1),mar,1999,0
113,Cayman Islands,2000,0,USD (1),mar,2000,0
113,Cayman Islands,2001,0,USD (1),mar,2001,0
113,Cayman Islands,2002,0,USD (1),mar,2002,0
113,Cayman Islands,2003,0,USD (1),mar,2003,0
113,Cayman Islands,2004,0,USD (1),mar,2004,0
113,Cayman Islands,2005,0,USD (1),mar,2005,0
113,Cayman Islands,2006,0,USD (1),mar,2006,0
113,Cayman Islands,2007,240000,USD (1),mar,2007,283727.2804366692
113,Cayman Islands,2008,240000,USD (1),mar,2008,273237.421767049
113,Cayman Islands,2009,240000,USD (1),mar,2009,274212.37362319813
113,Cayman Islands,2010,240000,USD (1),mar,2010,269787.7375255385
113,Cayman Islands,2011,240000,USD (1),mar,2011,261531.5992842513
113,Cayman Islands,2012,240000,USD (1),mar,2012,256229.34986300132
113,Cayman Islands,2013,240000,USD (1),mar,2013,252530.20495549106
113,Cayman Islands,2014,240000,USD (1),mar,2014,248498.9971254922
113,Cayman Islands,2015,240000,USD (1),mar,2015,248204.55916664226
113,Cayman Islands,2016,240000,USD (1),mar,2016,245112.2640087835
113,Cayman Islands,2017,240000,USD (1),mar,2017,240000
113,Cayman Islands,2018,240000,USD (1),mar,2018,234994.36159561534
113,Cayman Islands,2019,2275210,USD (1),mar,2019,2174638.9710820285
113,Cayman Islands,2020,2361610,USD (1),mar,2020,2217042.3696750426
113,Cayman Islands,2021,2448010,USD (1),mar,2021,2270149.12702118
113,Cayman Islands,2022,2534410,USD (1),mar,2022,2244813.538307011
224,Chile,1984,4885300,USD (1),mar,1984,11527187.875421152
224,Chile,1985,8155200,USD (1),mar,1985,18583816.78958787
224,Chile,1986,16299600,USD (1),mar,1986,36451162.416178845
224,Chile,1987,24952260,USD (1),mar,1987,53828713.52629268
224,Chile,1988,54412770,USD (1),mar,1988,112783895.51472779
224,Chile,1989,73142550,USD (1),mar,1989,144624937.18691194
224,Chile,1990,158219070,USD (1),mar,1990,296824485.0854329
224,Chile,1991,209632170,USD (1),mar,1991,377298783.5550087
224,Chile,1992,281620150,USD (1),mar,1992,491963039.50305897
224,Chile,1993,361972300,USD (1),mar,1993,614201322.3250651
224,Chile,1994,472522350,USD (1),mar,1994,781409894.0643452
224,Chile,1995,575978700,USD (1),mar,1995,926503285.2644109
224,Chile,1996,823372650,USD (1),mar,1996,1286737398.1259966
224,Chile,1997,937710500,USD (1),mar,1997,1431946051.587323
224,Chile,1998,990245750,USD (1),mar,1998,1489056544.9881153
224,Chile,1999,914088800,USD (1),mar,1999,1345106203.1257203
224,Chile,2000,1264407200,USD (1),mar,2000,1799831393.8888907
224,Chile,2001,1751826400,USD (1),mar,2001,2425114592.8482704
224,Chile,2002,1678149000,USD (1),mar,2002,2286850221.8276606
224,Chile,2003,2171954900,USD (1),mar,2003,2894072100.2407727
224,Chile,2004,2798430800,USD (1),mar,2004,3631607826.7881446
224,Chile,2005,3192580170,USD (1),mar,2005,4007154705.5020075
224,Chile,2006,4339050660,USD (1),mar,2006,5275943730.353068
224,Chile,2007,4885079859.999999,USD (1),mar,2007,5775126764.140602
224,Chile,2008,4521357250,USD (1),mar,2008,5147516657.823978
224,Chile,2009,4601079200,USD (1),mar,2009,5256970202.751356
224,Chile,2010,3533108520,USD (1),mar,2010,3971622308.5125155
224,Chile,2011,6035727200,USD (1),mar,2011,6577222447.747734
224,Chile,2012,5650892229.999999,USD (1),mar,2012,6033018509.328273
224,Chile,2013,7262246650,USD (1),mar,2013,7641402645.674285
224,Chile,2014,9803531220,USD (1),mar,2014,10150698651.910221
224,Chile,2015,6859711000,USD (1),mar,2015,7094214769.856527
224,Chile,2016,7891942700,USD (1),mar,2016,8060049760.935799
224,Chile,2017,10373680670,USD (1),mar,2017,10373680670
224,Chile,2018,10482291030.000002,USD (1),mar,2018,10263663702.726233
224,Chile,2019,10926764450,USD (1),mar,2019,10443769059.033533
224,Chile,2020,8431793779.999999,USD (1),mar,2020,7915635546.352905
224,Chile,2021,9010932209.999998,USD (1),mar,2021,8356240329.973541
224,Chile,2022,11521089700.000002,USD (1),mar,2022,10204622825.276678
132,Colombia,1984,428000,USD (1),mar,1984,1009894.2563773469
132,Colombia,1985,648420,USD (1),mar,1985,1477599.3823210425
132,Colombia,1986,1254660,USD (1),mar,1986,2805824.402873871
132,Colombia,1987,4431889.999999999,USD (1),mar,1987,9560774.743050978
132,Colombia,1988,12922560,USD (1),mar,1988,26785195.034599427
132,Colombia,1989,27351600,USD (1),mar,1989,54082383.4001076
132,Colombia,1990,42900000,USD (1),mar,1990,80481893.93456219
132,Colombia,1991,42612650,USD (1),mar,1991,76694817.44646035
132,Colombia,1992,75601250,USD (1),mar,1992,132068038.24311094
132,Colombia,1993,51845850,USD (1),mar,1993,87973001.32376699
132,Colombia,1994,56347200,USD (1),mar,1994,93181326.94214882
132,Colombia,1995,56637000,USD (1),mar,1995,91104699.82226849
132,Colombia,1996,45344380.00000001,USD (1),mar,1996,70862579.10174268
132,Colombia,1997,58747000,USD (1),mar,1997,89710560.66088678
132,Colombia,1998,62005300,USD (1),mar,1998,93238873.06656109
132,Colombia,1999,75661400,USD (1),mar,1999,111337780.83395877
132,Colombia,2000,91120000,USD (1),mar,2000,129705554.20054214
132,Colombia,2001,96000000,USD (1),mar,2001,132896159.63855435
132,Colombia,2002,112000000,USD (1),mar,2002,152624841.3249944
132,Colombia,2003,132024000,USD (1),mar,2003,175918466.337486
132,Colombia,2004,144320000,USD (1),mar,2004,187288405.18838808
132,Colombia,2005,152000000,USD (1),mar,2005,190782214.63622797
132,Colombia,2006,172800000,USD (1),mar,2006,210111185.15150276
132,Colombia,2007,162400000,USD (1),mar,2007,191988793.0954795
132,Colombia,2008,147200000,USD (1),mar,2008,167585618.68379006
132,Colombia,2009,144825000,USD (1),mar,2009,165470029.20824862
132,Colombia,2010,41647100,USD (1),mar,2010,46816153.68124939
132,Colombia,2011,31320059.999999996,USD (1),mar,2011,34129939.089494616
132,Colombia,2012,30211000,USD (1),mar,2012,32253937.036296386
132,Colombia,2013,15868500,USD (1),mar,2013,16696981.488900874
132,Colombia,2014,10887000,USD (1),mar,2014,11272535.75710514
132,Colombia,2015,8699220,USD (1),mar,2015,8996608.60497349
132,Colombia,2016,10289100,USD (1),mar,2016,10508269.14838656
132,Colombia,2017,14595600,USD (1),mar,2017,14595600
132,Colombia,2018,21911530,USD (1),mar,2018,21454525.016388223
132,Colombia,2019,20411850,USD (1),mar,2019,19509585.700608164
132,Colombia,2020,49499240,USD (1),mar,2020,46469108.93276776
132,Colombia,2021,42318300,USD (1),mar,2021,39243651.701594524
132,Colombia,2022,66576160,USD (1),mar,2022,58968779.83297639
153,Cook Islands,1984,0,USD (1),mar,1984,0
153,Cook Islands,1985,1500,USD (1),mar,1985,3418.1534707158385
153,Cook Islands,1986,100,USD (1),mar,1986,223.6322511974456
153,Cook Islands,1987,100,USD (1),mar,1987,215.72680601393492
153,Cook Islands,1988,100,USD (1),mar,1988,207.27468113593147
153,Cook Islands,1989,200,USD (1),mar,1989,395.4604732454965
153,Cook Islands,1990,200,USD (1),mar,1990,375.2069647298937
153,Cook Islands,1991,200,USD (1),mar,1991,359.96267515144143
153,Cook Islands,1992,200,USD (1),mar,1992,349.38056776339266
153,Cook Islands,1993,200,USD (1),mar,1993,339.3637150274014
153,Cook Islands,1994,200,USD (1),mar,1994,330.7398661944119
153,Cook Islands,1995,200,USD (1),mar,1995,321.7144263370888
153,Cook Islands,1996,200,USD (1),mar,1996,312.55286367017334
153,Cook Islands,1997,200,USD (1),mar,1997,305.41324888381286
153,Cook Islands,1998,200,USD (1),mar,1998,300.74484944532514
153,Cook Islands,1999,200,USD (1),mar,1999,294.30536795237407
153,Cook Islands,2000,200,USD (1),mar,2000,284.6917344173445
153,Cook Islands,2001,200,USD (1),mar,2001,276.86699924698826
153,Cook Islands,2002,200,USD (1),mar,2002,272.54435950891855
153,Cook Islands,2003,200,USD (1),mar,2003,266.4946772366933
153,Cook Islands,2004,200,USD (1),mar,2004,259.5460160592961
153,Cook Islands,2005,1178750,USD (1),mar,2005,1479503.5230424586
153,Cook Islands,2006,2239439.9999999995,USD (1),mar,2006,2722982.5953453775
153,Cook Islands,2007,2200160,USD (1),mar,2007,2601022.555523092
153,Cook Islands,2008,0,USD (1),mar,2008,0
153,Cook Islands,2009,0,USD (1),mar,2009,0
153,Cook Islands,2010,0,USD (1),mar,2010,0
153,Cook Islands,2011,0,USD (1),mar,2011,0
153,Cook Islands,2012,12600,USD (1),mar,2012,13452.04086780757
153,Cook Islands,2013,18000,USD (1),mar,2013,18939.76537166183
153,Cook Islands,2014,18000,USD (1),mar,2014,18637.424784411913
153,Cook Islands,2015,33380,USD (1),mar,2015,34521.11743742716
153,Cook Islands,2016,32500,USD (1),mar,2016,33192.28575118943
153,Cook Islands,2017,22500,USD (1),mar,2017,22500
153,Cook Islands,2018,22500,USD (1),mar,2018,22030.72139958894
153,Cook Islands,2019,22500,USD (1),mar,2019,21505.43327839876
153,Cook Islands,2020,22500,USD (1),mar,2020,21122.64654946772
153,Cook Islands,2021,22500,USD (1),mar,2021,20865.256007114574
153,Cook Islands,2022,22500,USD (1),mar,2022,19929.018829592587
130,Costa Rica,1984,6000,USD (1),mar,1984,14157.396117439443
130,Costa Rica,1985,12000,USD (1),mar,1985,27345.227765726708
130,Costa Rica,1986,14000,USD (1),mar,1986,31308.515167642385
130,Costa Rica,1987,500100,USD (1),mar,1987,1078849.7568756884
130,Costa Rica,1988,1600100,USD (1),mar,1988,3316602.17285604
130,Costa Rica,1989,1760100,USD (1),mar,1989,3480249.8947969913
130,Costa Rica,1990,2550100,USD (1),mar,1990,4784076.40378851
130,Costa Rica,1991,4462600,USD (1),mar,1991,8031847.1706541125
130,Costa Rica,1992,5525100,USD (1),mar,1992,9651812.874747604
130,Costa Rica,1993,5950100,USD (1),mar,1993,10096240.203922704
130,Costa Rica,1994,6720100,USD (1),mar,1994,11113024.874065336
130,Costa Rica,1995,20408100,USD (1),mar,1995,32827900.92064971
130,Costa Rica,1996,19200100,USD (1),mar,1996,30005231.188768473
130,Costa Rica,1997,19200100,USD (1),mar,1997,29319824.599470478
130,Costa Rica,1998,19958000,USD (1),mar,1998,30011328.526148994
130,Costa Rica,1999,20952500,USD (1),mar,1999,30832166.11011059
130,Costa Rica,2000,11475000,USD (1),mar,2000,16334188.26219514
130,Costa Rica,2001,13500000,USD (1),mar,2001,18688522.449171707
130,Costa Rica,2002,30727500,USD (1),mar,2002,41873034.03405147
130,Costa Rica,2003,30306000,USD (1),mar,2003,40381938.44167614
130,Costa Rica,2004,30456000,USD (1),mar,2004,39523667.325509615
130,Costa Rica,2005,34288000,USD (1),mar,2005,43036451.15425648
130,Costa Rica,2006,34360000,USD (1),mar,2006,41779052.78822705
130,Costa Rica,2007,31651000,USD (1),mar,2007,37417717.30458757
130,Costa Rica,2008,31666000,USD (1),mar,2008,36051400.82364739
130,Costa Rica,2009,15682359.999999998,USD (1),mar,2009,17917904.831722904
130,Costa Rica,2010,15660970,USD (1),mar,2010,17604740.265647218
130,Costa Rica,2011,15671470,USD (1),mar,2011,17077435.884313192
130,Costa Rica,2012,16404809.999999998,USD (1),mar,2012,17514140.837191924
130,Costa Rica,2013,16697779.999999998,USD (1),mar,2013,17569557.523757078
130,Costa Rica,2014,16589660,USD (1),mar,2014,17177141.13605372
130,Costa Rica,2015,16321660,USD (1),mar,2015,16879626.771532577
130,Costa Rica,2016,19016430,USD (1),mar,2016,19421500.87776896
130,Costa Rica,2017,18429520,USD (1),mar,2017,18429520
130,Costa Rica,2018,17260800,USD (1),mar,2018,16900794.485956658
130,Costa Rica,2019,17415450,USD (1),mar,2019,16645635.466146206
130,Costa Rica,2020,15561919.999999998,USD (1),mar,2020,14609286.035159674
130,Costa Rica,2021,25476880,USD (1),mar,2021,23625849.93166832
130,Costa Rica,2022,18021250,USD (1),mar,2022,15962036.914790908
187,Croatia,1984,0,USD (1),mar,1984,0
187,Croatia,1985,0,USD (1),mar,1985,0
187,Croatia,1986,0,USD (1),mar,1986,0
187,Croatia,1987,0,USD (1),mar,1987,0
187,Croatia,1988,0,USD (1),mar,1988,0
187,Croatia,1989,0,USD (1),mar,1989,0
187,Croatia,1990,0,USD (1),mar,1990,0
187,Croatia,1991,0,USD (1),mar,1991,0
187,Croatia,1992,7401600,USD (1),mar,1992,12929876.051787635
187,Croatia,1993,2350700,USD (1),mar,1993,3988711.424574562
187,Croatia,1994,2834850,USD (1),mar,1994,4687989.548406143
187,Croatia,1995,3524500,USD (1),mar,1995,5669412.478125348
187,Croatia,1996,2754500,USD (1),mar,1996,4304634.314897462
187,Croatia,1997,4231700,USD (1),mar,1997,6462086.2265081545
187,Croatia,1998,15021000,USD (1),mar,1998,22587441.917591143
187,Croatia,1999,15518800,USD (1),mar,1999,22836330.720896512
187,Croatia,2000,19249500,USD (1),mar,2000,27400867.708333362
187,Croatia,2001,22963000,USD (1),mar,2001,31788484.518542953
187,Croatia,2002,27640000,USD (1),mar,2002,37665630.48413254
187,Croatia,2003,25786600,USD (1),mar,2003,34359958.22015858
187,Croatia,2004,52973600,USD (1),mar,2004,68745434.18159364
187,Croatia,2005,50685800,USD (1),mar,2005,63618086.67505871
187,Croatia,2006,80225400,USD (1),mar,2006,97547765.47021626
187,Croatia,2007,63205200,USD (1),mar,2007,74720997.93939902
187,Croatia,2008,61906200,USD (1),mar,2008,70479543.66414703
187,Croatia,2009,103813790,USD (1),mar,2009,118612607.37800096
187,Croatia,2010,81331070,USD (1),mar,2010,91425522.35762998
187,Croatia,2011,82796010,USD (1),mar,2011,90224053.7902286
187,Croatia,2012,71958710,USD (1),mar,2012,76824722.83450104
187,Croatia,2013,96139630,USD (1),mar,2013,101159001.95102115
187,Croatia,2014,93717890,USD (1),mar,2014,97036673.65715496
187,Croatia,2015,104733360,USD (1),mar,2015,108313739.37017184
187,Croatia,2016,111459140,USD (1),mar,2016,113833342.29113317
187,Croatia,2017,105930210,USD (1),mar,2017,105930210
187,Croatia,2018,133782980,USD (1),mar,2018,130992691.57274574
187,Croatia,2019,127750590,USD (1),mar,2019,122103635.08982559
187,Croatia,2020,144463650,USD (1),mar,2020,135620205.2531561
187,Croatia,2021,181850950,USD (1),mar,2021,168638516.75053298
187,Croatia,2022,175483780,USD (1),mar,2022,155431980.26258147
112,Cuba,1984,750000,USD (1),mar,1984,1769674.5146799304
112,Cuba,1985,850500,USD (1),mar,1985,1938093.0178958804
112,Cuba,1986,825000,USD (1),mar,1986,1844966.0723789262
112,Cuba,1987,2013000,USD (1),mar,1987,4342580.60506051
112,Cuba,1988,2231000,USD (1),mar,1988,4624298.136142631
112,Cuba,1989,2068000,USD (1),mar,1989,4089061.293358433
112,Cuba,1990,3316500,USD (1),mar,1990,6221869.492633462
112,Cuba,1991,3778500,USD (1),mar,1991,6800594.840298607
112,Cuba,1992,2811200,USD (1),mar,1992,4910893.260482247
112,Cuba,1993,2409000,USD (1),mar,1993,4087635.9475050494
112,Cuba,1994,3408000,USD (1),mar,1994,5635807.3199527785
112,Cuba,1995,5068550,USD (1),mar,1995,8153128.278054257
112,Cuba,1996,4604900,USD (1),mar,1996,7196373.409573905
112,Cuba,1997,6850700,USD (1),mar,1997,10461472.720641684
112,Cuba,1998,9317480,USD (1),mar,1998,14010920.59904914
112,Cuba,1999,5580900,USD (1),mar,1999,8212444.140027022
112,Cuba,2000,10087100,USD (1),mar,2000,14358569.971205978
112,Cuba,2001,6269700,USD (1),mar,2001,8679365.125894211
112,Cuba,2002,8235000,USD (1),mar,2002,11222014.00277972
112,Cuba,2003,6319950,USD (1),mar,2003,8421165.177010199
112,Cuba,2004,2557500,USD (1),mar,2004,3318944.680358249
112,Cuba,2005,9306000,USD (1),mar,2005,11680390.061873272
112,Cuba,2006,16320000,USD (1),mar,2006,19843834.153197482
112,Cuba,2007,13665000,USD (1),mar,2007,16154722.029862853
112,Cuba,2008,13800500,USD (1),mar,2008,15711720.996233998
112,Cuba,2009,13471000,USD (1),mar,2009,15391312.021158759
112,Cuba,2010,12237500,USD (1),mar,2010,13756364.324869905
112,Cuba,2011,9419000,USD (1),mar,2011,10264025.556909846
112,Cuba,2012,12114500,USD (1),mar,2012,12933710.24548054
112,Cuba,2013,15924350,USD (1),mar,2013,16755747.372012392
112,Cuba,2014,15533100,USD (1),mar,2014,16083165.717708262
112,Cuba,2015,17496500,USD (1),mar,2015,18094629.45607982
112,Cuba,2016,18767000,USD (1),mar,2016,19166757.744386833
112,Cuba,2017,20797500,USD (1),mar,2017,20797500
112,Cuba,2018,23845000,USD (1),mar,2018,23347668.9676977
112,Cuba,2019,24517000,USD (1),mar,2019,23433275.897177882
112,Cuba,2020,17684000,USD (1),mar,2020,16601461.40359054
112,Cuba,2021,17574500,USD (1),mar,2021,16297619.630979339
112,Cuba,2022,2328500,USD (1),mar,2022,2062432.015320282
81,Cyprus,1984,28110,USD (1),mar,1984,66327.40081020379
81,Cyprus,1985,20500,USD (1),mar,1985,46714.764099783126
81,Cyprus,1986,24190,USD (1),mar,1986,54096.641564662095
81,Cyprus,1987,30259.999999999996,USD (1),mar,1987,65278.9314998167
81,Cyprus,1988,84720,USD (1),mar,1988,175603.10985836116
81,Cyprus,1989,367130,USD (1),mar,1989,725927.0177130955
81,Cyprus,1990,796310,USD (1),mar,1990,1493905.2904203082
81,Cyprus,1991,975260,USD (1),mar,1991,1755285.9928409737
81,Cyprus,1992,817430.0000000001,USD (1),mar,1992,1427970.7875341505
81,Cyprus,1993,2016230,USD (1),mar,1993,3421176.5157484873
81,Cyprus,1994,2333230,USD (1),mar,1994,3858460.890003938
81,Cyprus,1995,3427249.9999999995,USD (1),mar,1995,5512978.838318937
81,Cyprus,1996,6430690.000000001,USD (1),mar,1996,10049652.874375736
81,Cyprus,1997,7314260,USD (1),mar,1997,11169359.548904587
81,Cyprus,1998,8281879.999999999,USD (1),mar,1998,12453663.768621245
81,Cyprus,1999,9105550,USD (1),mar,1999,13399061.215793699
81,Cyprus,2000,9814230,USD (1),mar,2000,13970150.803353673
81,Cyprus,2001,8985060,USD (1),mar,2001,12438333.00127072
81,Cyprus,2002,10051830,USD (1),mar,2002,13697847.846212663
81,Cyprus,2003,11047190,USD (1),mar,2003,14720086.66711213
81,Cyprus,2004,34762979.99999999,USD (1),mar,2004,45112964.826744944
81,Cyprus,2005,36548310.00000001,USD (1),mar,2005,45873470.54612762
81,Cyprus,2006,31779710,USD (1),mar,2006,38641623.448327914
81,Cyprus,2007,30833030.000000004,USD (1),mar,2007,36450715.62300932
81,Cyprus,2008,48164300,USD (1),mar,2008,54834538.13839449
81,Cyprus,2009,27378480.000000004,USD (1),mar,2009,31281324.945813578
81,Cyprus,2010,26066940,USD (1),mar,2010,29302253.195058167
81,Cyprus,2011,37244130.00000001,USD (1),mar,2011,40585487.01187735
81,Cyprus,2012,29606359.999999996,USD (1),mar,2012,31608409.894208197
81,Cyprus,2013,38118970,USD (1),mar,2013,40109130.44496756
81,Cyprus,2014,36367680,USD (1),mar,2014,37655550.032420084
81,Cyprus,2015,35451159.99999999,USD (1),mar,2015,36663081.41560875
81,Cyprus,2016,39855450,USD (1),mar,2016,40704414.92745363
81,Cyprus,2017,41949130,USD (1),mar,2017,41949130
81,Cyprus,2018,45578280,USD (1),mar,2018,44627661.71344251
81,Cyprus,2019,48460480,USD (1),mar,2019,46318383.079074554
81,Cyprus,2020,41947810,USD (1),mar,2020,39379945.07352122
81,Cyprus,2021,52725619.99999999,USD (1),mar,2021,48894824.863726236
81,Cyprus,2022,49630540,USD (1),mar,2022,43959465.16368214
195,Ivory Coast,1984,2510.0000000000005,USD (1),mar,1984,5922.510709128835
195,Ivory Coast,1985,84290,USD (1),mar,1985,192077.43736442534
195,Ivory Coast,1986,489740,USD (1),mar,1986,1095216.5870143701
195,Ivory Coast,1987,476440,USD (1),mar,1987,1027808.7945727916
195,Ivory Coast,1988,242050,USD (1),mar,1988,501708.3656895222
195,Ivory Coast,1989,184210,USD (1),mar,1989,364238.8688827645
195,Ivory Coast,1990,94640,USD (1),mar,1990,177547.9357101857
195,Ivory Coast,1991,551689.9999999999,USD (1),mar,1991,992939.0412714933
195,Ivory Coast,1992,818190,USD (1),mar,1992,1429298.433691651
195,Ivory Coast,1993,1129169.9999999998,USD (1),mar,1993,1915996.6304874537
195,Ivory Coast,1994,62970,USD (1),mar,1994,104133.44687131057
195,Ivory Coast,1995,606470,USD (1),mar,1995,975550.7407032712
195,Ivory Coast,1996,78330,USD (1),mar,1996,122411.32905642338
195,Ivory Coast,1997,410860,USD (1),mar,1997,627410.4371820168
195,Ivory Coast,1998,720500,USD (1),mar,1998,1083433.3201267838
195,Ivory Coast,1999,832000,USD (1),mar,1999,1224310.330681876
195,Ivory Coast,2000,862260,USD (1),mar,2000,1227391.4745934973
195,Ivory Coast,2001,882840,USD (1),mar,2001,1222146.3080760555
195,Ivory Coast,2002,883340,USD (1),mar,2002,1203746.6726430405
195,Ivory Coast,2003,1158080,USD (1),mar,2003,1543110.779071349
195,Ivory Coast,2004,1279270,USD (1),mar,2004,1660147.1598208789
195,Ivory Coast,2005,1279270,USD (1),mar,2005,1605670.8139321536
195,Ivory Coast,2006,1005620,USD (1),mar,2006,1222754.6875697582
195,Ivory Coast,2007,459690,USD (1),mar,2007,543444.1397663853
195,Ivory Coast,2008,493590.00000000006,USD (1),mar,2008,561946.9125416572
195,Ivory Coast,2009,466400.00000000006,USD (1),mar,2009,532886.0460744151
195,Ivory Coast,2010,641680,USD (1),mar,2010,721322.480897448
195,Ivory Coast,2011,2239800,USD (1),mar,2011,2440743.650320275
195,Ivory Coast,2012,2531060,USD (1),mar,2012,2702216.076101034
195,Ivory Coast,2013,2616430,USD (1),mar,2013,2753031.6839653975
195,Ivory Coast,2014,2617170,USD (1),mar,2014,2709850.5012788516
195,Ivory Coast,2015,2217480,USD (1),mar,2015,2293286.024420191
195,Ivory Coast,2016,2642560,USD (1),mar,2016,2698849.4349127123
195,Ivory Coast,2017,2652170,USD (1),mar,2017,2652170
195,Ivory Coast,2018,2772540,USD (1),mar,2018,2714713.6137429476
195,Ivory Coast,2019,2628380,USD (1),mar,2019,2512197.8097901214
195,Ivory Coast,2020,2675540,USD (1),mar,2020,2511754.9221761273
195,Ivory Coast,2021,2777120,USD (1),mar,2021,2575347.5449990234
195,Ivory Coast,2022,2565090,USD (1),mar,2022,2271987.8626488736
21,North Korea,1984,276400000,USD (1),mar,1984,652184047.8100437
21,North Korea,1985,296400000,USD (1),mar,1985,675427125.8134496
21,North Korea,1986,340400000,USD (1),mar,1986,761244183.0761049
21,North Korea,1987,430000000,USD (1),mar,1987,927625265.8599201
21,North Korea,1988,438500000,USD (1),mar,1988,908899476.7810595
21,North Korea,1989,481700000,USD (1),mar,1989,952466549.8117782
21,North Korea,1990,405150000,USD (1),mar,1990,760075508.8015821
21,North Korea,1991,472650000,USD (1),mar,1991,850681792.0516438
21,North Korea,1992,548050000,USD (1),mar,1992,957390100.8136367
21,North Korea,1993,563050000,USD (1),mar,1993,955393698.7308917
21,North Korea,1994,441721450,USD (1),mar,1994,730474466.341008
21,North Korea,1995,399904350,USD (1),mar,1995,643274992.7497818
21,North Korea,1996,425281550,USD (1),mar,1996,664614831.59295
21,North Korea,1997,289096100.00000006,USD (1),mar,1997,441468895.7031984
21,North Korea,1998,284450000,USD (1),mar,1998,427734362.12361366
21,North Korea,1999,284450000,USD (1),mar,1999,418575809.57026404
21,North Korea,2000,261400000,USD (1),mar,2000,372092096.8834692
21,North Korea,2001,283362250,USD (1),mar,2001,392268279.2868745
21,North Korea,2002,283362250,USD (1),mar,2002,386143914.67628026
21,North Korea,2003,283362250,USD (1),mar,2003,377572656.774066
21,North Korea,2004,283462250,USD (1),mar,2004,367857488.4535211
21,North Korea,2005,283862250,USD (1),mar,2005,356288609.9119908
21,North Korea,2006,283865000,USD (1),mar,2006,345157474.38096833
21,North Korea,2007,284365000,USD (1),mar,2007,336175450.4223893
21,North Korea,2008,106745000,USD (1),mar,2008,121528035.77718185
21,North Korea,2009,106925000,USD (1),mar,2009,122167325.20691858
21,North Korea,2010,107125000,USD (1),mar,2010,120420880.76009712
21,North Korea,2011,107165000,USD (1),mar,2011,116779307.6554033
21,North Korea,2012,107185000,USD (1),mar,2012,114433095.27110748
21,North Korea,2013,107475000,USD (1),mar,2013,113086182.40663083
21,North Korea,2014,116195000,USD (1),mar,2014,120309754.04581901
21,North Korea,2015,116195000,USD (1),mar,2015,120167203.13486665
21,North Korea,2016,123895000,USD (1),mar,2016,126534099.78903429
21,North Korea,2017,125560000,USD (1),mar,2017,125560000
21,North Korea,2018,133440000,USD (1),mar,2018,130656865.04716213
21,North Korea,2019,133440000,USD (1),mar,2019,127541556.29642357
21,North Korea,2020,133440000,USD (1),mar,2020,125271375.80270989
21,North Korea,2021,133440000,USD (1),mar,2021,123744878.29286084
21,North Korea,2022,133440000,USD (1),mar,2022,118192367.67203711
175,Denmark,1984,6912950,USD (1),mar,1984,16311561.915008832
175,Denmark,1985,6146020,USD (1),mar,1985,14005359.729392638
175,Denmark,1986,11570430,USD (1),mar,1986,25875213.082224607
175,Denmark,1987,10978800,USD (1),mar,1987,23684214.578657888
175,Denmark,1988,18220460,USD (1),mar,1988,37766400.36649994
175,Denmark,1989,23863830,USD (1),mar,1989,47186007.52625038
175,Denmark,1990,23140000,USD (1),mar,1990,43411445.8192487
175,Denmark,1991,18701920,USD (1),mar,1991,33659965.76834123
175,Denmark,1992,21073800,USD (1),mar,1992,36813881.04466092
175,Denmark,1993,23556000,USD (1),mar,1993,39970258.35592733
175,Denmark,1994,20718650,USD (1),mar,1994,34262417.64364426
175,Denmark,1995,22778800,USD (1),mar,1995,36641342.87323639
175,Denmark,1996,24966400,USD (1),mar,1996,39016599.077675074
175,Denmark,1997,19311600,USD (1),mar,1997,29490092.485723205
175,Denmark,1998,21279000,USD (1),mar,1998,31997748.25673537
175,Denmark,1999,21171000,USD (1),mar,1999,31153694.724598557
175,Denmark,2000,21804000,USD (1),mar,2000,31037092.886178896
175,Denmark,2001,19324200,USD (1),mar,2001,26751166.33424325
175,Denmark,2002,11842700,USD (1),mar,2002,16138305.431781348
175,Denmark,2003,20738780,USD (1),mar,2003,27633872.411913954
175,Denmark,2004,26574100,USD (1),mar,2004,34486008.9268067
175,Denmark,2005,32855570,USD (1),mar,2005,41238542.15615535
175,Denmark,2006,35615600,USD (1),mar,2006,43305763.45996448
175,Denmark,2007,31478710,USD (1),mar,2007,37214036.5831441
175,Denmark,2008,47862640,USD (1),mar,2008,54491101.46901846
175,Denmark,2009,46207330,USD (1),mar,2009,52794256.82537671
175,Denmark,2010,48086440,USD (1),mar,2010,54054716.05523981
175,Denmark,2011,52504120,USD (1),mar,2011,57214526.96921769
175,Denmark,2012,47408960,USD (1),mar,2012,50614862.49367098
175,Denmark,2013,55380750,USD (1),mar,2013,58272133.95037004
175,Denmark,2014,45056009.99999999,USD (1),mar,2014,46651555.41448394
175,Denmark,2015,51211770,USD (1),mar,2015,52962478.320806146
175,Denmark,2016,48215780,USD (1),mar,2016,49242829.1531226
175,Denmark,2017,54679310,USD (1),mar,2017,54679310
175,Denmark,2018,45297980,USD (1),mar,2018,44353207.8819623
175,Denmark,2019,47919820,USD (1),mar,2019,45801621.85435015
175,Denmark,2020,7826110,USD (1),mar,2020,7347029.1283224365
175,Denmark,2021,62798660,USD (1),mar,2021,58236005.235722035
175,Denmark,2022,63121009.99999999,USD (1),mar,2022,55908435.414795645
123,Dominica,1984,0,USD (1),mar,1984,0
123,Dominica,1985,0,USD (1),mar,1985,0
123,Dominica,1986,0,USD (1),mar,1986,0
123,Dominica,1987,0,USD (1),mar,1987,0
123,Dominica,1988,0,USD (1),mar,1988,0
123,Dominica,1989,0,USD (1),mar,1989,0
123,Dominica,1990,0,USD (1),mar,1990,0
123,Dominica,1991,0,USD (1),mar,1991,0
123,Dominica,1992,0,USD (1),mar,1992,0
123,Dominica,1993,0,USD (1),mar,1993,0
123,Dominica,1994,0,USD (1),mar,1994,0
123,Dominica,1995,0,USD (1),mar,1995,0
123,Dominica,1996,0,USD (1),mar,1996,0
123,Dominica,1997,0,USD (1),mar,1997,0
123,Dominica,1998,0,USD (1),mar,1998,0
123,Dominica,1999,0,USD (1),mar,1999,0
123,Dominica,2000,0,USD (1),mar,2000,0
123,Dominica,2001,0,USD (1),mar,2001,0
123,Dominica,2002,0,USD (1),mar,2002,0
123,Dominica,2003,0,USD (1),mar,2003,0
123,Dominica,2004,0,USD (1),mar,2004,0
123,Dominica,2005,0,USD (1),mar,2005,0
123,Dominica,2006,0,USD (1),mar,2006,0
123,Dominica,2007,0,USD (1),mar,2007,0
123,Dominica,2008,0,USD (1),mar,2008,0
123,Dominica,2009,0,USD (1),mar,2009,0
123,Dominica,2010,0,USD (1),mar,2010,0
123,Dominica,2011,0,USD (1),mar,2011,0
123,Dominica,2012,0,USD (1),mar,2012,0
123,Dominica,2013,0,USD (1),mar,2013,0
123,Dominica,2014,0,USD (1),mar,2014,0
123,Dominica,2015,0,USD (1),mar,2015,0
123,Dominica,2016,0,USD (1),mar,2016,0
123,Dominica,2017,0,USD (1),mar,2017,0
123,Dominica,2018,0,USD (1),mar,2018,0
123,Dominica,2019,0,USD (1),mar,2019,0
123,Dominica,2020,0,USD (1),mar,2020,0
123,Dominica,2021,5370,USD (1),mar,2021,4979.841100364679
123,Dominica,2022,10740,USD (1),mar,2022,9512.784987992196
115,Dominican Republic,1984,100,USD (1),mar,1984,235.95660195732404
115,Dominican Republic,1985,763840,USD (1),mar,1985,1740614.898047724
115,Dominican Republic,1986,1980000,USD (1),mar,1986,4427918.573709423
115,Dominican Republic,1987,2400000,USD (1),mar,1987,5177443.344334438
115,Dominican Republic,1988,2835470,USD (1),mar,1988,5877211.401204997
115,Dominican Republic,1989,2040000,USD (1),mar,1989,4033696.8271040637
115,Dominican Republic,1990,1350000,USD (1),mar,1990,2532647.0119267823
115,Dominican Republic,1991,608620,USD (1),mar,1991,1095402.4167533512
115,Dominican Republic,1992,1799850,USD (1),mar,1992,3144163.074444711
115,Dominican Republic,1993,2439500,USD (1),mar,1993,4139388.914046728
115,Dominican Republic,1994,2607510,USD (1),mar,1994,4312037.542502955
115,Dominican Republic,1995,1612670,USD (1),mar,1995,2594096.019605165
115,Dominican Republic,1996,1247100,USD (1),mar,1996,1948923.3814153657
115,Dominican Republic,1997,580100,USD (1),mar,1997,885851.1283874993
115,Dominican Republic,1998,0,USD (1),mar,1998,0
115,Dominican Republic,1999,0,USD (1),mar,1999,0
115,Dominican Republic,2000,4719000,USD (1),mar,2000,6717301.473577243
115,Dominican Republic,2001,5775000,USD (1),mar,2001,7994534.603256785
115,Dominican Republic,2002,9781120,USD (1),mar,2002,13328945.428399365
115,Dominican Republic,2003,5055000,USD (1),mar,2003,6735652.9671574235
115,Dominican Republic,2004,5756000,USD (1),mar,2004,7469734.342186542
115,Dominican Republic,2005,5946000,USD (1),mar,2005,7463099.001493497
115,Dominican Republic,2006,5950100,USD (1),mar,2006,7234852.793807619
115,Dominican Republic,2007,6550000,USD (1),mar,2007,7743390.361917431
115,Dominican Republic,2008,6550000,USD (1),mar,2008,7457104.635725712
115,Dominican Republic,2009,8026780.000000001,USD (1),mar,2009,9171009.984796727
115,Dominican Republic,2010,7986870,USD (1),mar,2010,8978164.946710823
115,Dominican Republic,2011,5841800,USD (1),mar,2011,6365897.06957808
115,Dominican Republic,2012,2095610,USD (1),mar,2012,2237319.949443351
115,Dominican Republic,2013,3355710,USD (1),mar,2013,3530908.891963295
115,Dominican Republic,2014,4827820,USD (1),mar,2014,4998785.11792664
115,Dominican Republic,2015,4667500,USD (1),mar,2015,4827061.582959594
115,Dominican Republic,2016,2838420,USD (1),mar,2016,2898881.46836588
115,Dominican Republic,2017,3292359.9999999995,USD (1),mar,2017,3292359.9999999995
115,Dominican Republic,2018,3682089.999999999,USD (1),mar,2018,3605293.287031663
115,Dominican Republic,2019,3645590,USD (1),mar,2019,3484444.1113510104
115,Dominican Republic,2020,3367120,USD (1),mar,2020,3160999.3622063887
115,Dominican Republic,2021,3397529.9999999995,USD (1),mar,2021,3150681.477415643
115,Dominican Republic,2022,3168430,USD (1),mar,2022,2806386.7168998243
137,Ecuador,1984,235200000,USD (1),mar,1984,554969927.8036262
137,Ecuador,1985,211435000,USD (1),mar,1985,481811519.3872022
137,Ecuador,1986,305396000,USD (1),mar,1986,682963949.866951
137,Ecuador,1987,506622089.99999994,USD (1),mar,1987,1092919653.3180428
137,Ecuador,1988,574733250,USD (1),mar,1988,1191276511.319676
137,Ecuador,1989,453964200,USD (1),mar,1989,897624486.842566
137,Ecuador,1990,311050089.99999994,USD (1),mar,1990,583540800.7393012
137,Ecuador,1991,505142500,USD (1),mar,1991,909162228.163435
137,Ecuador,1992,605489060,USD (1),mar,1992,1057730557.7866145
137,Ecuador,1993,510746980,USD (1),mar,1993,866644962.8591293
137,Ecuador,1994,535205190.00000006,USD (1),mar,1994,885068464.635774
137,Ecuador,1995,633582100,USD (1),mar,1995,1019162509.1947402
137,Ecuador,1996,647520100,USD (1),mar,1996,1011921307.694985
137,Ecuador,1997,676815100,USD (1),mar,1997,1033541492.9231135
137,Ecuador,1998,727200100,USD (1),mar,1998,1093508422.955627
137,Ecuador,1999,597095250,USD (1),mar,1999,878641686.269324
137,Ecuador,2000,313918100,USD (1),mar,2000,446849441.7699869
137,Ecuador,2001,262237599.99999997,USD (1),mar,2001,363024687.00865996
137,Ecuador,2002,363058000,USD (1),mar,2002,494747050.3729447
137,Ecuador,2003,387000000,USD (1),mar,2003,515667200.45300156
137,Ecuador,2004,430080000,USD (1),mar,2004,558127752.9339104
137,Ecuador,2005,568800000,USD (1),mar,2005,713927129.5071478
137,Ecuador,2006,716160000,USD (1),mar,2006,870794134.0167836
137,Ecuador,2007,720000000,USD (1),mar,2007,851181841.3100076
137,Ecuador,2008,720000000,USD (1),mar,2008,819712265.301147
137,Ecuador,2009,877590000,USD (1),mar,2009,1002691820.6999269
137,Ecuador,2010,1105415730,USD (1),mar,2010,1242615036.757673
137,Ecuador,2011,1287000000,USD (1),mar,2011,1402463201.1617978
137,Ecuador,2012,1391445000,USD (1),mar,2012,1485537698.8338494
137,Ecuador,2013,1672000000,USD (1),mar,2013,1759293761.189921
137,Ecuador,2014,1870044000,USD (1),mar,2014,1936266910.7522662
137,Ecuador,2015,2216998780,USD (1),mar,2015,2292788353.595349
137,Ecuador,2016,2197430310,USD (1),mar,2016,2244237992.8567624
137,Ecuador,2017,2392629000,USD (1),mar,2017,2392629000
137,Ecuador,2018,2912384000,USD (1),mar,2018,2851640911.672019
137,Ecuador,2019,2543655400,USD (1),mar,2019,2431218288.3528314
137,Ecuador,2020,3234247250,USD (1),mar,2020,3036260511.792798
137,Ecuador,2021,3205918360,USD (1),mar,2021,2972991436.413729
137,Ecuador,2022,4049107500,USD (1),mar,2022,3586432871.5797586
214,Egypt,1984,8200000,USD (1),mar,1984,19348441.36050057
214,Egypt,1985,17750000,USD (1),mar,1985,40448149.403470755
214,Egypt,1986,16500000,USD (1),mar,1986,36899321.44757853
214,Egypt,1987,30780000,USD (1),mar,1987,66400710.89108917
214,Egypt,1988,42160000,USD (1),mar,1988,87387005.56690872
214,Egypt,1989,58600000,USD (1),mar,1989,115869918.66093045
214,Egypt,1990,72520000,USD (1),mar,1990,136050045.41105944
214,Egypt,1991,76984400,USD (1),mar,1991,138557552.84464312
214,Egypt,1992,77664400,USD (1),mar,1992,135672160.83501616
214,Egypt,1993,64720500,USD (1),mar,1993,109818946.59215465
214,Egypt,1994,75657600,USD (1),mar,1994,125114922.50295168
214,Egypt,1995,89560540.00000001,USD (1),mar,1995,144064588.7426995
214,Egypt,1996,130656840,USD (1),mar,1996,204185847.50047824
214,Egypt,1997,169535100,USD (1),mar,1997,258891328.45421052
214,Egypt,1998,302701520,USD (1),mar,1998,455179615.29635537
214,Egypt,1999,392071890,USD (1),mar,1999,576944309.2511637
214,Egypt,2000,756994980,USD (1),mar,2000,1077551069.007115
214,Egypt,2001,689025669.9999999,USD (1),mar,2001,953842348.2852277
214,Egypt,2002,592387960,USD (1),mar,2002,807259985.6949743
214,Egypt,2003,561656550,USD (1),mar,2003,748392405.0506235
214,Egypt,2004,546985520,USD (1),mar,2004,709839562.7906122
214,Egypt,2005,752377309.9999999,USD (1),mar,2005,944343483.1832092
214,Egypt,2006,818713510,USD (1),mar,2006,995491122.0234184
214,Egypt,2007,1061227290,USD (1),mar,2007,1254579720.4869852
214,Egypt,2008,1035863290,USD (1),mar,2008,1179319227.7613873
214,Egypt,2009,1118560570,USD (1),mar,2009,1278013120.5875728
214,Egypt,2010,207903430,USD (1),mar,2010,233707483.34791318
214,Egypt,2011,211545140,USD (1),mar,2011,230523911.60421184
214,Egypt,2012,197542380,USD (1),mar,2012,210900648.3241248
214,Egypt,2013,190861440,USD (1),mar,2013,200826160.672084
214,Egypt,2014,282598730,USD (1),mar,2014,292606254.14140725
214,Egypt,2015,242389220,USD (1),mar,2015,250675456.23685944
214,Egypt,2016,350433300,USD (1),mar,2016,357897914.7794551
214,Egypt,2017,321933470,USD (1),mar,2017,321933470
214,Egypt,2018,305912820,USD (1),mar,2018,299532449.33255994
214,Egypt,2019,422336370,USD (1),mar,2019,403667850.047828
214,Egypt,2020,654985780,USD (1),mar,2020,614890361.1496632
214,Egypt,2021,780836690.0000001,USD (1),mar,2021,724104774.9599096
214,Egypt,2022,738942130,USD (1),mar,2022,654506294.3444113
134,El Salvador,1984,0,USD (1),mar,1984,0
134,El Salvador,1985,1693920,USD (1),mar,1985,3860052.351409982
134,El Salvador,1986,1725420,USD (1),mar,1986,3858595.588610966
134,El Salvador,1987,3474400,USD (1),mar,1987,7495212.148148155
134,El Salvador,1988,2625600,USD (1),mar,1988,5442204.027905017
134,El Salvador,1989,1649230,USD (1),mar,1989,3261026.3814533507
134,El Salvador,1990,1185800,USD (1),mar,1990,2224602.0938835396
134,El Salvador,1991,790500,USD (1),mar,1991,1422752.473536072
134,El Salvador,1992,982720,USD (1),mar,1992,1716716.357762206
134,El Salvador,1993,832500,USD (1),mar,1993,1412601.4638015581
134,El Salvador,1994,3655250,USD (1),mar,1994,6044684.47953562
134,El Salvador,1995,878750,USD (1),mar,1995,1413532.7607185838
134,El Salvador,1996,740810.0000000001,USD (1),mar,1996,1157711.4346775056
134,El Salvador,1997,864370,USD (1),mar,1997,1319950.2496885066
134,El Salvador,1998,281560,USD (1),mar,1998,423388.5990491287
134,El Salvador,1999,483960.00000000006,USD (1),mar,1999,712160.1293711548
134,El Salvador,2000,817840,USD (1),mar,2000,1164161.440379405
134,El Salvador,2001,1156530,USD (1),mar,2001,1601024.9531955966
134,El Salvador,2002,1188360,USD (1),mar,2002,1619404.075330092
134,El Salvador,2003,1898470,USD (1),mar,2003,2529660.749467726
134,El Salvador,2004,1176690,USD (1),mar,2004,1527026.0081840658
134,El Salvador,2005,740600,USD (1),mar,2005,929561.2378920423
134,El Salvador,2006,1293600,USD (1),mar,2006,1572915.6777313887
134,El Salvador,2007,555370,USD (1),mar,2007,656556.7489004707
134,El Salvador,2008,703000,USD (1),mar,2008,800357.947925981
134,El Salvador,2009,1262820,USD (1),mar,2009,1442836.9569118628
134,El Salvador,2010,1379130,USD (1),mar,2010,1550301.510223316
134,El Salvador,2011,2694780,USD (1),mar,2011,2936542.1796633946
134,El Salvador,2012,4214500,USD (1),mar,2012,4499494.145823413
134,El Salvador,2013,3083660,USD (1),mar,2013,3244655.3825543732
134,El Salvador,2014,3246020,USD (1),mar,2014,3360969.6443720423
134,El Salvador,2015,2202500,USD (1),mar,2015,2277793.92318554
134,El Salvador,2016,5074020,USD (1),mar,2016,5182102.207607699
134,El Salvador,2017,7941360,USD (1),mar,2017,7941360
134,El Salvador,2018,6836670,USD (1),mar,2018,6694078.758707899
134,El Salvador,2019,7145280,USD (1),mar,2019,6829437.435354536
134,El Salvador,2020,5028000,USD (1),mar,2020,4720207.4155877195
134,El Salvador,2021,5583780,USD (1),mar,2021,5178088.85277361
134,El Salvador,2022,5697000,USD (1),mar,2022,5046027.567652843
45,Eritrea,1984,0,USD (1),mar,1984,0
45,Eritrea,1985,0,USD (1),mar,1985,0
45,Eritrea,1986,0,USD (1),mar,1986,0
45,Eritrea,1987,0,USD (1),mar,1987,0
45,Eritrea,1988,0,USD (1),mar,1988,0
45,Eritrea,1989,0,USD (1),mar,1989,0
45,Eritrea,1990,0,USD (1),mar,1990,0
45,Eritrea,1991,0,USD (1),mar,1991,0
45,Eritrea,1992,0,USD (1),mar,1992,0
45,Eritrea,1993,0,USD (1),mar,1993,0
45,Eritrea,1994,0,USD (1),mar,1994,0
45,Eritrea,1995,0,USD (1),mar,1995,0
45,Eritrea,1996,0,USD (1),mar,1996,0
45,Eritrea,1997,0,USD (1),mar,1997,0
45,Eritrea,1998,0,USD (1),mar,1998,0
45,Eritrea,1999,0,USD (1),mar,1999,0
45,Eritrea,2000,27500,USD (1),mar,2000,39145.11348238486
45,Eritrea,2001,65000,USD (1),mar,2001,89981.77475527118
45,Eritrea,2002,80000,USD (1),mar,2002,109017.74380356741
45,Eritrea,2003,105000,USD (1),mar,2003,139909.70554926398
45,Eritrea,2004,27500,USD (1),mar,2004,35687.57720815322
45,Eritrea,2005,0,USD (1),mar,2005,0
45,Eritrea,2006,0,USD (1),mar,2006,0
45,Eritrea,2007,0,USD (1),mar,2007,0
45,Eritrea,2008,0,USD (1),mar,2008,0
45,Eritrea,2009,0,USD (1),mar,2009,0
45,Eritrea,2010,0,USD (1),mar,2010,0
45,Eritrea,2011,0,USD (1),mar,2011,0
45,Eritrea,2012,0,USD (1),mar,2012,0
45,Eritrea,2013,0,USD (1),mar,2013,0
45,Eritrea,2014,0,USD (1),mar,2014,0
45,Eritrea,2015,0,USD (1),mar,2015,0
45,Eritrea,2016,9000,USD (1),mar,2016,9191.70990032938
45,Eritrea,2017,9000,USD (1),mar,2017,9000
45,Eritrea,2018,9000,USD (1),mar,2018,8812.288559835575
45,Eritrea,2019,12000,USD (1),mar,2019,11469.564415146004
45,Eritrea,2020,12000,USD (1),mar,2020,11265.41149304945
45,Eritrea,2021,12000,USD (1),mar,2021,11128.136537127773
45,Eritrea,2022,12000,USD (1),mar,2022,10628.81004244938
70,Estonia,1984,0,USD (1),mar,1984,0
70,Estonia,1985,0,USD (1),mar,1985,0
70,Estonia,1986,0,USD (1),mar,1986,0
70,Estonia,1987,0,USD (1),mar,1987,0
70,Estonia,1988,0,USD (1),mar,1988,0
70,Estonia,1989,0,USD (1),mar,1989,0
70,Estonia,1990,0,USD (1),mar,1990,0
70,Estonia,1991,0,USD (1),mar,1991,0
70,Estonia,1992,292000,USD (1),mar,1992,510095.62893455324
70,Estonia,1993,408240,USD (1),mar,1993,692709.2151139317
70,Estonia,1994,433220,USD (1),mar,1994,716415.6241637155
70,Estonia,1995,425590,USD (1),mar,1995,684592.213524008
70,Estonia,1996,0,USD (1),mar,1996,0
70,Estonia,1997,0,USD (1),mar,1997,0
70,Estonia,1998,0,USD (1),mar,1998,0
70,Estonia,1999,0,USD (1),mar,1999,0
70,Estonia,2000,0,USD (1),mar,2000,0
70,Estonia,2001,0,USD (1),mar,2001,0
70,Estonia,2002,0,USD (1),mar,2002,0
70,Estonia,2003,0,USD (1),mar,2003,0
70,Estonia,2004,0,USD (1),mar,2004,0
70,Estonia,2005,0,USD (1),mar,2005,0
70,Estonia,2006,0,USD (1),mar,2006,0
70,Estonia,2007,0,USD (1),mar,2007,0
70,Estonia,2008,0,USD (1),mar,2008,0
70,Estonia,2009,0,USD (1),mar,2009,0
70,Estonia,2010,0,USD (1),mar,2010,0
70,Estonia,2011,0,USD (1),mar,2011,0
70,Estonia,2012,0,USD (1),mar,2012,0
70,Estonia,2013,0,USD (1),mar,2013,0
70,Estonia,2014,0,USD (1),mar,2014,0
70,Estonia,2015,0,USD (1),mar,2015,0
70,Estonia,2016,0,USD (1),mar,2016,0
70,Estonia,2017,0,USD (1),mar,2017,0
70,Estonia,2018,0,USD (1),mar,2018,0
70,Estonia,2019,635920,USD (1),mar,2019,607810.4502399706
70,Estonia,2020,594450,USD (1),mar,2020,558060.3218369371
70,Estonia,2021,1548270,USD (1),mar,2021,1435779.996361568
70,Estonia,2022,1576860,USD (1),mar,2022,1396678.783628061
95,Falkland Islands,1984,0,USD (1),mar,1984,0
95,Falkland Islands,1985,0,USD (1),mar,1985,0
95,Falkland Islands,1986,0,USD (1),mar,1986,0
95,Falkland Islands,1987,0,USD (1),mar,1987,0
95,Falkland Islands,1988,0,USD (1),mar,1988,0
95,Falkland Islands,1989,0,USD (1),mar,1989,0
95,Falkland Islands,1990,0,USD (1),mar,1990,0
95,Falkland Islands,1991,0,USD (1),mar,1991,0
95,Falkland Islands,1992,0,USD (1),mar,1992,0
95,Falkland Islands,1993,0,USD (1),mar,1993,0
95,Falkland Islands,1994,0,USD (1),mar,1994,0
95,Falkland Islands,1995,0,USD (1),mar,1995,0
95,Falkland Islands,1996,0,USD (1),mar,1996,0
95,Falkland Islands,1997,0,USD (1),mar,1997,0
95,Falkland Islands,1998,0,USD (1),mar,1998,0
95,Falkland Islands,1999,0,USD (1),mar,1999,0
95,Falkland Islands,2000,0,USD (1),mar,2000,0
95,Falkland Islands,2001,0,USD (1),mar,2001,0
95,Falkland Islands,2002,0,USD (1),mar,2002,0
95,Falkland Islands,2003,0,USD (1),mar,2003,0
95,Falkland Islands,2004,89389.99999999999,USD (1),mar,2004,116004.09187770239
95,Falkland Islands,2005,12000,USD (1),mar,2005,15061.75378707063
95,Falkland Islands,2006,16689.999999999996,USD (1),mar,2006,20293.72500103345
95,Falkland Islands,2007,18130,USD (1),mar,2007,21433.231642986717
95,Falkland Islands,2008,0,USD (1),mar,2008,0
95,Falkland Islands,2009,0,USD (1),mar,2009,0
95,Falkland Islands,2010,0,USD (1),mar,2010,0
95,Falkland Islands,2011,0,USD (1),mar,2011,0
95,Falkland Islands,2012,0,USD (1),mar,2012,0
95,Falkland Islands,2013,0,USD (1),mar,2013,0
95,Falkland Islands,2014,0,USD (1),mar,2014,0
95,Falkland Islands,2015,0,USD (1),mar,2015,0
95,Falkland Islands,2016,0,USD (1),mar,2016,0
95,Falkland Islands,2017,0,USD (1),mar,2017,0
95,Falkland Islands,2018,0,USD (1),mar,2018,0
95,Falkland Islands,2019,0,USD (1),mar,2019,0
95,Falkland Islands,2020,0,USD (1),mar,2020,0
95,Falkland Islands,2021,0,USD (1),mar,2021,0
95,Falkland Islands,2022,0,USD (1),mar,2022,0
141,Faeroe Islands,1984,2772960,USD (1),mar,1984,6542982.189635812
141,Faeroe Islands,1985,9616870,USD (1),mar,1985,21914625.045282017
141,Faeroe Islands,1986,12348410,USD (1),mar,1986,27615027.270090494
141,Faeroe Islands,1987,30729800,USD (1),mar,1987,66292416.03447017
141,Faeroe Islands,1988,25980000,USD (1),mar,1988,53849962.159115
141,Faeroe Islands,1989,44209490,USD (1),mar,1989,87415529.18671021
141,Faeroe Islands,1990,80389940,USD (1),mar,1990,150814326.91109136
141,Faeroe Islands,1991,85968090,USD (1),mar,1991,154726518.2702994
141,Faeroe Islands,1992,85941000,USD (1),mar,1992,150130576.87076864
141,Faeroe Islands,1993,75018940,USD (1),mar,1993,127293530.87908861
141,Faeroe Islands,1994,63809719.99999999,USD (1),mar,1994,105522091.27351442
141,Faeroe Islands,1995,41571500,USD (1),mar,1995,66870756.37236144
141,Faeroe Islands,1996,65848310,USD (1),mar,1996,102905389.29170655
141,Faeroe Islands,1997,73243870,USD (1),mar,1997,111848241.48761818
141,Faeroe Islands,1998,64879600.00000001,USD (1),mar,1998,97561027.67036459
141,Faeroe Islands,1999,146925580.00000003,USD (1),mar,1999,216204934.41757992
141,Faeroe Islands,2000,123013140,USD (1),mar,2000,175104120.9136181
141,Faeroe Islands,2001,120107540,USD (1),mar,2001,166269070.93368804
141,Faeroe Islands,2002,136127190,USD (1),mar,2002,185503489.0514943
141,Faeroe Islands,2003,162575590.00000003,USD (1),mar,2003,216627646.91807497
141,Faeroe Islands,2004,140363120,USD (1),mar,2004,182153442.98826453
141,Faeroe Islands,2005,85040299.99999999,USD (1),mar,2005,106738005.04821852
141,Faeroe Islands,2006,92877950,USD (1),mar,2006,112932269.38045147
141,Faeroe Islands,2007,136871780,USD (1),mar,2007,161809407.94969204
141,Faeroe Islands,2008,220465510,USD (1),mar,2008,250997614.75398982
141,Faeroe Islands,2009,297615270,USD (1),mar,2009,340040790.05503744
141,Faeroe Islands,2010,309890620,USD (1),mar,2010,348352871.8757766
141,Faeroe Islands,2011,413612940,USD (1),mar,2011,450720223.67858785
141,Faeroe Islands,2012,485358990,USD (1),mar,2012,518180076.90776235
141,Faeroe Islands,2013,496273580,USD (1),mar,2013,522183620.29748034
141,Faeroe Islands,2014,565632020,USD (1),mar,2014,585662457.1336098
141,Faeroe Islands,2015,439992120,USD (1),mar,2015,455033542.4224848
141,Faeroe Islands,2016,454515000,USD (1),mar,2016,464196669.48313427
141,Faeroe Islands,2017,526099970,USD (1),mar,2017,526099970
141,Faeroe Islands,2018,500114910.00000006,USD (1),mar,2018,489684099.99957764
141,Faeroe Islands,2019,570108010,USD (1),mar,2019,544907545.3571419
141,Faeroe Islands,2020,544294120,USD (1),mar,2020,510974769.5872697
141,Faeroe Islands,2021,736266380,USD (1),mar,2021,682772733.6947335
141,Faeroe Islands,2022,614504200,USD (1),mar,2022,544287367.6739435
18,Fiji,1984,29700,USD (1),mar,1984,70079.11078132525
18,Fiji,1985,54200,USD (1),mar,1985,123509.27874186562
18,Fiji,1986,729500,USD (1),mar,1986,1631397.2724853656
18,Fiji,1987,1129490,USD (1),mar,1987,2436612.7012467934
18,Fiji,1988,1159100,USD (1),mar,1988,2402520.829046582
18,Fiji,1989,606900,USD (1),mar,1989,1200024.806063459
18,Fiji,1990,681900,USD (1),mar,1990,1279268.1462465725
18,Fiji,1991,343150,USD (1),mar,1991,617605.9598910856
18,Fiji,1992,329400,USD (1),mar,1992,575429.7951063077
18,Fiji,1993,361490,USD (1),mar,1993,613382.9467262767
18,Fiji,1994,270400,USD (1),mar,1994,447160.29909484484
18,Fiji,1995,353400,USD (1),mar,1995,568469.3913376359
18,Fiji,1996,380400,USD (1),mar,1996,594475.5467006697
18,Fiji,1997,710200,USD (1),mar,1997,1084522.4467864195
18,Fiji,1998,509700,USD (1),mar,1998,766448.2488114111
18,Fiji,1999,1488100.0000000002,USD (1),mar,1999,2189779.0902496395
18,Fiji,2000,1439900,USD (1),mar,2000,2049638.1419376715
18,Fiji,2001,1256310,USD (1),mar,2001,1739153.899119919
18,Fiji,2002,94100,USD (1),mar,2002,128232.12114894617
18,Fiji,2003,23950,USD (1),mar,2003,31912.737599094024
18,Fiji,2004,323090.00000000006,USD (1),mar,2004,419283.61164299
18,Fiji,2005,323130,USD (1),mar,2005,405575.37510134437
18,Fiji,2006,440990,USD (1),mar,2006,536209.0945599606
18,Fiji,2007,213490,USD (1),mar,2007,252387.23791843545
18,Fiji,2008,254430,USD (1),mar,2008,289665.8217507928
18,Fiji,2009,184860,USD (1),mar,2009,211212.08078326835
18,Fiji,2010,63820,USD (1),mar,2010,71741.05587033277
18,Fiji,2011,178500,USD (1),mar,2011,194514.1269676619
18,Fiji,2012,81260,USD (1),mar,2012,86754.98737444787
18,Fiji,2013,53010.00000000001,USD (1),mar,2013,55777.60901954409
18,Fiji,2014,375630,USD (1),mar,2014,388931.992876036
18,Fiji,2015,271960.00000000006,USD (1),mar,2015,281257.1329623335
18,Fiji,2016,140190,USD (1),mar,2016,143176.20121413065
18,Fiji,2017,219950,USD (1),mar,2017,219950
18,Fiji,2018,230019.99999999997,USD (1),mar,2018,225222.51272593098
18,Fiji,2019,223460,USD (1),mar,2019,213582.4053507105
18,Fiji,2020,270650,USD (1),mar,2020,254081.96838281947
18,Fiji,2021,274400,USD (1),mar,2021,254463.38881565508
18,Fiji,2022,448810,USD (1),mar,2022,397526.3529293089
174,Finland,1984,24894860,USD (1),mar,1984,58741065.71803308
174,Finland,1985,30625320,USD (1),mar,1985,69788029.23318878
174,Finland,1986,32977960,USD (1),mar,1986,73749354.34699313
174,Finland,1987,46106770.00000001,USD (1),mar,1987,99464662.27719116
174,Finland,1988,67708990,USD (1),mar,1988,140343593.12285975
174,Finland,1989,66111700.000000015,USD (1),mar,1989,130722820.84532146
174,Finland,1990,66082369.99999999,USD (1),mar,1990,123972827.34928891
174,Finland,1991,75411360,USD (1),mar,1991,135726374.41204202
174,Finland,1992,68390820,USD (1),mar,1992,119472117.60701995
174,Finland,1993,51349760,USD (1),mar,1993,87131226.59682727
174,Finland,1994,56333439.99999999,USD (1),mar,1994,93158572.03935464
174,Finland,1995,55830730,USD (1),mar,1995,89807756.36965446
174,Finland,1996,48502170,USD (1),mar,1996,75797460.63858785
174,Finland,1997,37943900,USD (1),mar,1997,57942848.871612534
174,Finland,1998,41379800,USD (1),mar,1998,62223808.60538833
174,Finland,1999,38671860,USD (1),mar,1999,56906679.933513485
174,Finland,2000,49952350,USD (1),mar,2000,71105105.7986112
174,Finland,2001,33277059.999999996,USD (1),mar,2001,46066598.7298099
174,Finland,2002,29864530,USD (1),mar,2002,40697046.004424416
174,Finland,2003,36202810,USD (1),mar,2003,48239280.83005667
174,Finland,2004,43284100,USD (1),mar,2004,56171078.5685609
174,Finland,2005,42803910,USD (1),mar,2005,53725162.79532753
174,Finland,2006,43721480,USD (1),mar,2006,53161874.88065813
174,Finland,2007,43759770.00000001,USD (1),mar,2007,51732668.89430894
174,Finland,2008,45396929.99999999,USD (1),mar,2008,51683917.12224665
174,Finland,2009,45004470,USD (1),mar,2009,51419927.259808384
174,Finland,2010,45579509.99999999,USD (1),mar,2010,51236637.00176106
174,Finland,2011,48836090.00000001,USD (1),mar,2011,53217419.66870681
174,Finland,2012,40223750,USD (1),mar,2012,42943772.13146625
174,Finland,2013,53992230,USD (1),mar,2013,56811120.449600056
174,Finland,2014,55523229.99999999,USD (1),mar,2014,57489445.71736683
174,Finland,2015,44576290,USD (1),mar,2015,46100160.036393344
174,Finland,2016,57126810,USD (1),mar,2016,58343673.89458172
174,Finland,2017,68239470,USD (1),mar,2017,68239470
174,Finland,2018,63099450.00000001,USD (1),mar,2018,61783395.70743522
174,Finland,2019,56780660,USD (1),mar,2019,54270786.45037534
174,Finland,2020,51249000,USD (1),mar,2020,48111756.13394094
174,Finland,2021,61292080,USD (1),mar,2021,56838886.24037987
174,Finland,2022,77901720,USD (1),mar,2022,69000215.32167332
179,France,1984,149363660,USD (1),mar,1984,352433416.69509083
179,France,1985,173482580,USD (1),mar,1985,395326721.95715874
179,France,1986,325123810,USD (1),mar,1986,727081695.4819058
179,France,1987,362376570,USD (1),mar,1987,781743400.2038511
179,France,1988,347296380,USD (1),mar,1988,719857464.2416329
179,France,1989,327950440,USD (1),mar,1989,648457181.017344
179,France,1990,375259460,USD (1),mar,1990,703999814.8638947
179,France,1991,350626930,USD (1),mar,1991,631063038.5146859
179,France,1992,402466690,USD (1),mar,1992,703070203.2902666
179,France,1993,408759860,USD (1),mar,1993,693591323.2184024
179,France,1994,466401020,USD (1),mar,1994,771287054.7386861
179,France,1995,508488190,USD (1),mar,1995,817939931.7251731
179,France,1996,405311440,USD (1),mar,1996,633406256.2514082
179,France,1997,397811470.00000006,USD (1),mar,1997,607484467.4797274
179,France,1998,383432500,USD (1),mar,1998,576576747.4247231
179,France,1999,380946470,USD (1),mar,1999,560572955.1175401
179,France,2000,329024250,USD (1),mar,2000,468352421.98932976
179,France,2001,342760700,USD (1),mar,2001,474495632.3439858
179,France,2002,387495460,USD (1),mar,2002,528048509.7915688
179,France,2003,453596400,USD (1),mar,2003,604405131.0686302
179,France,2004,535239159.99999994,USD (1),mar,2004,694595958.0846207
179,France,2005,554891300,USD (1),mar,2005,696469678.2656287
179,France,2006,541583800,USD (1),mar,2006,658523229.6114261
179,France,2007,607293430,USD (1),mar,2007,717940472.1706531
179,France,2008,815266230,USD (1),mar,2008,928171844.7455915
179,France,2009,779100690.0000001,USD (1),mar,2009,890162706.2348813
179,France,2010,703790560,USD (1),mar,2010,791141928.6426322
179,France,2011,785712270,USD (1),mar,2011,856202443.9598311
179,France,2012,750109309.9999999,USD (1),mar,2012,800833420.1145186
179,France,2013,759074910,USD (1),mar,2013,798705594.1619622
179,France,2014,663807570.0000001,USD (1),mar,2014,687314647.6221249
179,France,2015,561191650,USD (1),mar,2015,580376358.7343774
179,France,2016,635523160,USD (1),mar,2016,649060502.4067348
179,France,2017,691577810,USD (1),mar,2017,691577810
179,France,2018,634607559.9999999,USD (1),mar,2018,621371660.1081297
179,France,2019,674617870,USD (1),mar,2019,644797759.6311327
179,France,2020,638550450,USD (1),mar,2020,599461131.5268248
179,France,2021,724425860,USD (1),mar,2021,671792490.0921841
179,France,2022,684322160,USD (1),mar,2022,606127520.5398877
147,French Polynesia,1984,19500,USD (1),mar,1984,46011.53738167819
147,French Polynesia,1985,9045770,USD (1),mar,1985,20613220.080531474
147,French Polynesia,1986,8888490,USD (1),mar,1986,19877530.284459833
147,French Polynesia,1987,81800,USD (1),mar,1987,176464.52731939877
147,French Polynesia,1988,206390,USD (1),mar,1988,427794.214396449
147,French Polynesia,1989,363500,USD (1),mar,1989,718749.4101236898
147,French Polynesia,1990,384500,USD (1),mar,1990,721335.3896932206
147,French Polynesia,1991,376000,USD (1),mar,1991,676729.8292847099
147,French Polynesia,1992,440100,USD (1),mar,1992,768811.9393633455
147,French Polynesia,1993,84750069.99999999,USD (1),mar,1993,143805493.02016157
147,French Polynesia,1994,121597020,USD (1),mar,1994,201084910.6221961
147,French Polynesia,1995,109117180,USD (1),mar,1995,175522854.8361043
147,French Polynesia,1996,158891689.99999997,USD (1),mar,1996,248310263.61446717
147,French Polynesia,1997,147232070,USD (1),mar,1997,224833124.1929448
147,French Polynesia,1998,138685320,USD (1),mar,1998,208544478.4183837
147,French Polynesia,1999,154205910,USD (1),mar,1999,226918135.4149034
147,French Polynesia,2000,150302350,USD (1),mar,2000,213949183.5425138
147,French Polynesia,2001,113841250,USD (1),mar,2001,157594426.390131
147,French Polynesia,2002,123617670,USD (1),mar,2002,168456493.47067428
147,French Polynesia,2003,102203260,USD (1),mar,2003,136183123.93118924
147,French Polynesia,2004,116482110,USD (1),mar,2004,151162337.9634035
147,French Polynesia,2005,139592110.00000003,USD (1),mar,2005,175208499.28647336
147,French Polynesia,2006,131482290,USD (1),mar,2006,159872105.1986897
147,French Polynesia,2007,143902510,USD (1),mar,2007,170121115.87629414
147,French Polynesia,2008,124049650,USD (1),mar,2008,141229193.90460336
147,French Polynesia,2009,95401640,USD (1),mar,2009,109001292.29977435
147,French Polynesia,2010,86782939.99999999,USD (1),mar,2010,97554054.32672729
147,French Polynesia,2011,90217000,USD (1),mar,2011,98310817.88594708
147,French Polynesia,2012,80773630,USD (1),mar,2012,86235727.92072758
147,French Polynesia,2013,91142260,USD (1),mar,2013,95900723.32461105
147,French Polynesia,2014,101355690,USD (1),mar,2014,104944947.15817615
147,French Polynesia,2015,73809530,USD (1),mar,2015,76332757.73311274
147,French Polynesia,2016,64645170.00000001,USD (1),mar,2016,66022183.23305289
147,French Polynesia,2017,82586680.00000001,USD (1),mar,2017,82586680.00000001
147,French Polynesia,2018,80330990,USD (1),mar,2018,78655540.46414067
147,French Polynesia,2019,51463460,USD (1),mar,2019,49188622.45802415
147,French Polynesia,2020,27870980,USD (1),mar,2020,26164838.201212615
147,French Polynesia,2021,54117780,USD (1),mar,2021,50185837.07718689
147,French Polynesia,2022,58837780,USD (1),mar,2022,52114632.24495228
65,Gambia,1984,0,USD (1),mar,1984,0
65,Gambia,1985,0,USD (1),mar,1985,0
65,Gambia,1986,0,USD (1),mar,1986,0
65,Gambia,1987,0,USD (1),mar,1987,0
65,Gambia,1988,0,USD (1),mar,1988,0
65,Gambia,1989,318000,USD (1),mar,1989,628782.1524603394
65,Gambia,1990,468000,USD (1),mar,1990,877984.2974679512
65,Gambia,1991,0,USD (1),mar,1991,0
65,Gambia,1992,0,USD (1),mar,1992,0
65,Gambia,1993,0,USD (1),mar,1993,0
65,Gambia,1994,0,USD (1),mar,1994,0
65,Gambia,1995,0,USD (1),mar,1995,0
65,Gambia,1996,0,USD (1),mar,1996,0
65,Gambia,1997,0,USD (1),mar,1997,0
65,Gambia,1998,0,USD (1),mar,1998,0
65,Gambia,1999,0,USD (1),mar,1999,0
65,Gambia,2000,0,USD (1),mar,2000,0
65,Gambia,2001,0,USD (1),mar,2001,0
65,Gambia,2002,0,USD (1),mar,2002,0
65,Gambia,2003,0,USD (1),mar,2003,0
65,Gambia,2004,0,USD (1),mar,2004,0
65,Gambia,2005,0,USD (1),mar,2005,0
65,Gambia,2006,260000,USD (1),mar,2006,316139.5146955481
65,Gambia,2007,10000,USD (1),mar,2007,11821.97001819455
65,Gambia,2008,10000,USD (1),mar,2008,11384.892573627041
65,Gambia,2009,10000,USD (1),mar,2009,11425.515567633256
65,Gambia,2010,10000,USD (1),mar,2010,11241.15573023077
65,Gambia,2011,10000,USD (1),mar,2011,10897.149970177137
65,Gambia,2012,10000,USD (1),mar,2012,10676.222910958388
65,Gambia,2013,10000,USD (1),mar,2013,10522.09187314546
65,Gambia,2014,10000,USD (1),mar,2014,10354.124880228841
65,Gambia,2015,10000,USD (1),mar,2015,10341.856631943427
65,Gambia,2016,10000,USD (1),mar,2016,10213.01100036598
65,Gambia,2017,10000,USD (1),mar,2017,10000
65,Gambia,2018,10000,USD (1),mar,2018,9791.431733150639
65,Gambia,2019,10000,USD (1),mar,2019,9557.970345955004
65,Gambia,2020,10000,USD (1),mar,2020,9387.842910874542
65,Gambia,2021,10000,USD (1),mar,2021,9273.447114273144
65,Gambia,2022,12500,USD (1),mar,2022,11071.677127551438
74,Georgia,1984,0,USD (1),mar,1984,0
74,Georgia,1985,0,USD (1),mar,1985,0
74,Georgia,1986,0,USD (1),mar,1986,0
74,Georgia,1987,0,USD (1),mar,1987,0
74,Georgia,1988,0,USD (1),mar,1988,0
74,Georgia,1989,0,USD (1),mar,1989,0
74,Georgia,1990,0,USD (1),mar,1990,0
74,Georgia,1991,0,USD (1),mar,1991,0
74,Georgia,1992,0,USD (1),mar,1992,0
74,Georgia,1993,0,USD (1),mar,1993,0
74,Georgia,1994,0,USD (1),mar,1994,0
74,Georgia,1995,0,USD (1),mar,1995,0
74,Georgia,1996,0,USD (1),mar,1996,0
74,Georgia,1997,0,USD (1),mar,1997,0
74,Georgia,1998,0,USD (1),mar,1998,0
74,Georgia,1999,0,USD (1),mar,1999,0
74,Georgia,2000,0,USD (1),mar,2000,0
74,Georgia,2001,0,USD (1),mar,2001,0
74,Georgia,2002,0,USD (1),mar,2002,0
74,Georgia,2003,0,USD (1),mar,2003,0
74,Georgia,2004,0,USD (1),mar,2004,0
74,Georgia,2005,0,USD (1),mar,2005,0
74,Georgia,2006,0,USD (1),mar,2006,0
74,Georgia,2007,0,USD (1),mar,2007,0
74,Georgia,2008,0,USD (1),mar,2008,0
74,Georgia,2009,0,USD (1),mar,2009,0
74,Georgia,2010,0,USD (1),mar,2010,0
74,Georgia,2011,0,USD (1),mar,2011,0
74,Georgia,2012,0,USD (1),mar,2012,0
74,Georgia,2013,0,USD (1),mar,2013,0
74,Georgia,2014,90620,USD (1),mar,2014,93829.07966463375
74,Georgia,2015,74910,USD (1),mar,2015,77470.8480298882
74,Georgia,2016,215490,USD (1),mar,2016,220080.17404688647
74,Georgia,2017,274150,USD (1),mar,2017,274150
74,Georgia,2018,351210,USD (1),mar,2018,343884.8738999836
74,Georgia,2019,0,USD (1),mar,2019,0
74,Georgia,2020,0,USD (1),mar,2020,0
74,Georgia,2021,0,USD (1),mar,2021,0
74,Georgia,2022,0,USD (1),mar,2022,0
176,Germany,1984,40265150,USD (1),mar,1984,95008279.71301946
176,Germany,1985,15484700,USD (1),mar,1985,35286054.03199569
176,Germany,1986,21619350,USD (1),mar,1986,48347839.09925496
176,Germany,1987,19353900,USD (1),mar,1987,41751550.30913095
176,Germany,1988,22043250,USD (1),mar,1988,45690076.14949622
176,Germany,1989,20332440.000000004,USD (1),mar,1989,40203381.72317832
176,Germany,1990,9868120,USD (1),mar,1990,18512936.763951793
176,Germany,1991,16049350,USD (1),mar,1991,28885834.80220893
176,Germany,1992,15507190,USD (1),mar,1992,27089554.233074024
176,Germany,1993,11704130.000000002,USD (1),mar,1993,19859785.1898183
176,Germany,1994,4027930,USD (1),mar,1994,6660985.146202287
176,Germany,1995,7988800,USD (1),mar,1995,12850561.045608675
176,Germany,1996,13230990.000000002,USD (1),mar,1996,20676919.068457134
176,Germany,1997,13049610,USD (1),mar,1997,19927618.933833465
176,Germany,1998,10757910,USD (1),mar,1998,16176930.116481788
176,Germany,1999,13934810,USD (1),mar,1999,20505446.92198211
176,Germany,2000,16875660,USD (1),mar,2000,24021804.574187018
176,Germany,2001,16695270,USD (1),mar,2001,23111846.532591324
176,Germany,2002,5703360.000000001,USD (1),mar,2002,7772092.99124393
176,Germany,2003,22889400,USD (1),mar,2003,30499516.325707838
176,Germany,2004,12343040,USD (1),mar,2004,16017934.290302671
176,Germany,2005,13229090,USD (1),mar,2005,16604441.367249848
176,Germany,2006,10165230,USD (1),mar,2006,12360118.765263949
176,Germany,2007,21637399.999999996,USD (1),mar,2007,25579669.40716827
176,Germany,2008,15418820,USD (1),mar,2008,17554160.93120921
176,Germany,2009,7410080.000000001,USD (1),mar,2009,8466398.439740784
176,Germany,2010,6467780.000000001,USD (1),mar,2010,7270532.220887198
176,Germany,2011,41123090,USD (1),mar,2011,44812447.896709174
176,Germany,2012,11203250,USD (1),mar,2012,11960839.432719456
176,Germany,2013,15496990.000000002,USD (1),mar,2013,16306075.253721649
176,Germany,2014,17954430,USD (1),mar,2014,18590241.03733271
176,Germany,2015,13950740,USD (1),mar,2015,14427655.298951844
176,Germany,2016,29060710,USD (1),mar,2016,29679735.09084456
176,Germany,2017,27662460,USD (1),mar,2017,27662460
176,Germany,2018,41879200.00000001,USD (1),mar,2018,41005732.78389623
176,Germany,2019,50795450,USD (1),mar,2019,48550140.48094401
176,Germany,2020,27136290,USD (1),mar,2020,25475122.770393573
176,Germany,2021,32990000,USD (1),mar,2021,30593102.029987104
176,Germany,2022,14142390.000000002,USD (1),mar,2022,12526398.071352975
106,Ghana,1984,0,USD (1),mar,1984,0
106,Ghana,1985,0,USD (1),mar,1985,0
106,Ghana,1986,0,USD (1),mar,1986,0
106,Ghana,1987,0,USD (1),mar,1987,0
106,Ghana,1988,0,USD (1),mar,1988,0
106,Ghana,1989,0,USD (1),mar,1989,0
106,Ghana,1990,0,USD (1),mar,1990,0
106,Ghana,1991,0,USD (1),mar,1991,0
106,Ghana,1992,0,USD (1),mar,1992,0
106,Ghana,1993,0,USD (1),mar,1993,0
106,Ghana,1994,0,USD (1),mar,1994,0
106,Ghana,1995,0,USD (1),mar,1995,0
106,Ghana,1996,0,USD (1),mar,1996,0
106,Ghana,1997,0,USD (1),mar,1997,0
106,Ghana,1998,0,USD (1),mar,1998,0
106,Ghana,1999,0,USD (1),mar,1999,0
106,Ghana,2000,0,USD (1),mar,2000,0
106,Ghana,2001,0,USD (1),mar,2001,0
106,Ghana,2002,0,USD (1),mar,2002,0
106,Ghana,2003,0,USD (1),mar,2003,0
106,Ghana,2004,0,USD (1),mar,2004,0
106,Ghana,2005,0,USD (1),mar,2005,0
106,Ghana,2006,0,USD (1),mar,2006,0
106,Ghana,2007,0,USD (1),mar,2007,0
106,Ghana,2008,0,USD (1),mar,2008,0
106,Ghana,2009,0,USD (1),mar,2009,0
106,Ghana,2010,0,USD (1),mar,2010,0
106,Ghana,2011,0,USD (1),mar,2011,0
106,Ghana,2012,0,USD (1),mar,2012,0
106,Ghana,2013,0,USD (1),mar,2013,0
106,Ghana,2014,72500,USD (1),mar,2014,75067.4053816591
106,Ghana,2015,75380,USD (1),mar,2015,77956.91529158955
106,Ghana,2016,65220,USD (1),mar,2016,66609.25774438691
106,Ghana,2017,65740,USD (1),mar,2017,65740
106,Ghana,2018,67610,USD (1),mar,2018,66199.86994783148
106,Ghana,2019,67080,USD (1),mar,2019,64114.86508066616
106,Ghana,2020,89350,USD (1),mar,2020,83880.37640866403
106,Ghana,2021,268700,USD (1),mar,2021,249177.52396051938
106,Ghana,2022,199460,USD (1),mar,2022,176668.5375889128
80,Greece,1984,426100,USD (1),mar,1984,1005411.0809401578
80,Greece,1985,632500,USD (1),mar,1985,1441321.380151845
80,Greece,1986,1091960,USD (1),mar,1986,2441974.730175627
80,Greece,1987,2088770,USD (1),mar,1987,4506036.805977268
80,Greece,1988,6142100,USD (1),mar,1988,12731018.190050047
80,Greece,1989,13440050,USD (1),mar,1989,26575042.66721567
80,Greece,1990,56331090,USD (1),mar,1990,105679086.49413233
80,Greece,1991,87025760,USD (1),mar,1991,156630126.8834365
80,Greece,1992,166524250,USD (1),mar,1992,290901685.0568657
80,Greece,1993,140691290,USD (1),mar,1993,238727594.23198742
80,Greece,1994,107586650,USD (1),mar,1994,177915971.1265251
80,Greece,1995,147930330,USD (1),mar,1995,237956606.2690312
80,Greece,1996,223200190,USD (1),mar,1996,348809292.7811339
80,Greece,1997,233637760,USD (1),mar,1997,356780336.7176827
80,Greece,1998,262740990,USD (1),mar,1998,395089997.40332836
80,Greece,1999,318054550,USD (1),mar,1999,468025806.8333838
80,Greece,2000,282495960,USD (1),mar,2000,402121324.09146386
80,Greece,2001,294101380,USD (1),mar,2001,407134832.774991
80,Greece,2002,234510730,USD (1),mar,2002,319572883.52909464
80,Greece,2003,338767440,USD (1),mar,2003,451398597.90550435
80,Greece,2004,358154580,USD (1),mar,2004,464787971.8619523
80,Greece,2005,414852470,USD (1),mar,2005,520700480.0915087
80,Greece,2006,451288050.00000006,USD (1),mar,2006,548730711.9803857
80,Greece,2007,516831870.00000006,USD (1),mar,2007,610997087.1587424
80,Greece,2008,526572230,USD (1),mar,2008,599496827.080523
80,Greece,2009,540851020,USD (1),mar,2009,617950174.8780326
80,Greece,2010,571668020,USD (1),mar,2010,642620923.8812678
80,Greece,2011,646933309.9999999,USD (1),mar,2011,704972929.9773096
80,Greece,2012,560238399.9999999,USD (1),mar,2012,598123004.1678668
80,Greece,2013,566099660,USD (1),mar,2013,595655263.1876408
80,Greece,2014,578696429.9999999,USD (1),mar,2014,599189510.3962606
80,Greece,2015,517478540.00000006,USD (1),mar,2015,535168887.07874024
80,Greece,2016,572022490,USD (1),mar,2016,584207198.2826738
80,Greece,2017,603190000,USD (1),mar,2017,603190000
80,Greece,2018,622758880,USD (1),mar,2018,609770105.9733351
80,Greece,2019,560904990,USD (1),mar,2019,536111326.1318188
80,Greece,2020,622063320,USD (1),mar,2020,583983272.8777082
80,Greece,2021,761956580,USD (1),mar,2021,706596404.8002434
80,Greece,2022,888844809.9999999,USD (1),mar,2022,787280220.2255841
125,Grenada,1984,0,USD (1),mar,1984,0
125,Grenada,1985,0,USD (1),mar,1985,0
125,Grenada,1986,0,USD (1),mar,1986,0
125,Grenada,1987,0,USD (1),mar,1987,0
125,Grenada,1988,0,USD (1),mar,1988,0
125,Grenada,1989,0,USD (1),mar,1989,0
125,Grenada,1990,0,USD (1),mar,1990,0
125,Grenada,1991,0,USD (1),mar,1991,0
125,Grenada,1992,0,USD (1),mar,1992,0
125,Grenada,1993,0,USD (1),mar,1993,0
125,Grenada,1994,0,USD (1),mar,1994,0
125,Grenada,1995,0,USD (1),mar,1995,0
125,Grenada,1996,0,USD (1),mar,1996,0
125,Grenada,1997,0,USD (1),mar,1997,0
125,Grenada,1998,0,USD (1),mar,1998,0
125,Grenada,1999,0,USD (1),mar,1999,0
125,Grenada,2000,0,USD (1),mar,2000,0
125,Grenada,2001,0,USD (1),mar,2001,0
125,Grenada,2002,0,USD (1),mar,2002,0
125,Grenada,2003,0,USD (1),mar,2003,0
125,Grenada,2004,0,USD (1),mar,2004,0
125,Grenada,2005,0,USD (1),mar,2005,0
125,Grenada,2006,0,USD (1),mar,2006,0
125,Grenada,2007,0,USD (1),mar,2007,0
125,Grenada,2008,0,USD (1),mar,2008,0
125,Grenada,2009,0,USD (1),mar,2009,0
125,Grenada,2010,0,USD (1),mar,2010,0
125,Grenada,2011,0,USD (1),mar,2011,0
125,Grenada,2012,0,USD (1),mar,2012,0
125,Grenada,2013,0,USD (1),mar,2013,0
125,Grenada,2014,0,USD (1),mar,2014,0
125,Grenada,2015,3500,USD (1),mar,2015,3619.6498211801995
125,Grenada,2016,55250,USD (1),mar,2016,56426.885777022035
125,Grenada,2017,45000,USD (1),mar,2017,45000
125,Grenada,2018,50000,USD (1),mar,2018,48957.158665753195
125,Grenada,2019,55000,USD (1),mar,2019,52568.83690275252
125,Grenada,2020,55000,USD (1),mar,2020,51633.13600980998
125,Grenada,2021,55000,USD (1),mar,2021,51003.9591285023
125,Grenada,2022,62500,USD (1),mar,2022,55358.385637757194
136,Guatemala,1984,218400,USD (1),mar,1984,515329.2186747957
136,Guatemala,1985,2784000,USD (1),mar,1985,6344092.841648596
136,Guatemala,1986,3262500,USD (1),mar,1986,7296002.195316663
136,Guatemala,1987,3451500,USD (1),mar,1987,7445810.709570964
136,Guatemala,1988,5102500,USD (1),mar,1988,10576190.604960904
136,Guatemala,1989,3503500,USD (1),mar,1989,6927478.840077984
136,Guatemala,1990,4362000,USD (1),mar,1990,8183263.900758981
136,Guatemala,1991,2950000,USD (1),mar,1991,5309449.45848376
136,Guatemala,1992,3410000,USD (1),mar,1992,5956938.680365845
136,Guatemala,1993,16440000,USD (1),mar,1993,27895697.375252392
136,Guatemala,1994,20010840,USD (1),mar,1994,33091912.720188923
136,Guatemala,1995,16519000,USD (1),mar,1995,26572003.04331185
136,Guatemala,1996,9478550,USD (1),mar,1996,14812739.729704607
136,Guatemala,1997,13317100,USD (1),mar,1997,20336093.88355312
136,Guatemala,1998,9419500,USD (1),mar,1998,14164330.546751201
136,Guatemala,1999,11054250,USD (1),mar,1999,16266625.568437656
136,Guatemala,2000,11676650,USD (1),mar,2000,16621228.703421427
136,Guatemala,2001,16366400,USD (1),mar,2001,22656580.28237954
136,Guatemala,2002,22966400,USD (1),mar,2002,31296813.891128134
136,Guatemala,2003,22090400,USD (1),mar,2003,29434870.09014725
136,Guatemala,2004,17784000,USD (1),mar,2004,23078831.747992612
136,Guatemala,2005,31920000,USD (1),mar,2005,40064265.07360787
136,Guatemala,2006,60426000,USD (1),mar,2006,73473255.05766612
136,Guatemala,2007,60750000,USD (1),mar,2007,71818467.8605319
136,Guatemala,2008,70771500,USD (1),mar,2008,80572592.47744462
136,Guatemala,2009,55854300,USD (1),mar,2009,63816417.41692581
136,Guatemala,2010,127141800,USD (1),mar,2010,142922077.36218545
136,Guatemala,2011,92475200,USD (1),mar,2011,100771612.29221249
136,Guatemala,2012,67452000,USD (1),mar,2012,72013258.77899653
136,Guatemala,2013,75702000,USD (1),mar,2013,79654339.89808576
136,Guatemala,2014,76400500,USD (1),mar,2014,79106031.79119235
136,Guatemala,2015,78474000,USD (1),mar,2015,81156685.73351285
136,Guatemala,2016,81999500,USD (1),mar,2016,83746179.55245101
136,Guatemala,2017,90502500,USD (1),mar,2017,90502500
136,Guatemala,2018,95001500,USD (1),mar,2018,93020070.17969105
136,Guatemala,2019,107250000,USD (1),mar,2019,102509231.96036741
136,Guatemala,2020,92556000,USD (1),mar,2020,86890118.84589042
136,Guatemala,2021,74125890,USD (1),mar,2021,68740252.07134286
136,Guatemala,2022,213658480,USD (1),mar,2022,189244616.48987252
167,Guyana,1984,37000,USD (1),mar,1984,87303.94272420989
167,Guyana,1985,69000,USD (1),mar,1985,157235.05965292855
167,Guyana,1986,213790.00000000003,USD (1),mar,1986,478103.389835019
167,Guyana,1987,187490,USD (1),mar,1987,404466.18859552656
167,Guyana,1988,130100,USD (1),mar,1988,269664.3601578469
167,Guyana,1989,102000,USD (1),mar,1989,201684.84135520319
167,Guyana,1990,132000,USD (1),mar,1990,247636.59672172982
167,Guyana,1991,170000,USD (1),mar,1991,305968.2738787252
167,Guyana,1992,212500,USD (1),mar,1992,371216.8532486047
167,Guyana,1993,380000,USD (1),mar,1993,644791.0585520626
167,Guyana,1994,481200,USD (1),mar,1994,795760.118063755
167,Guyana,1995,554000,USD (1),mar,1995,891148.960953736
167,Guyana,1996,630000,USD (1),mar,1996,984541.520561046
167,Guyana,1997,605000,USD (1),mar,1997,923875.0778735339
167,Guyana,1998,576000,USD (1),mar,1998,866145.1664025364
167,Guyana,1999,1216470,USD (1),mar,1999,1790068.2547651224
167,Guyana,2000,1170600,USD (1),mar,2000,1666300.7215447172
167,Guyana,2001,1194000,USD (1),mar,2001,1652895.9855045197
167,Guyana,2002,1194000,USD (1),mar,2002,1627089.8262682436
167,Guyana,2003,1194000,USD (1),mar,2003,1590973.223103059
167,Guyana,2004,1194000,USD (1),mar,2004,1549489.715873998
167,Guyana,2005,1194000,USD (1),mar,2005,1498644.5018135277
167,Guyana,2006,1330000,USD (1),mar,2006,1617175.2097887653
167,Guyana,2007,1330000,USD (1),mar,2007,1572322.012419875
167,Guyana,2008,451740,USD (1),mar,2008,514301.137121028
167,Guyana,2009,395650,USD (1),mar,2009,452050.52343340975
167,Guyana,2010,549610,USD (1),mar,2010,617825.1600892133
167,Guyana,2011,341680,USD (1),mar,2011,372333.82018101244
167,Guyana,2012,114680,USD (1),mar,2012,122434.9243428708
167,Guyana,2013,103360,USD (1),mar,2013,108756.34160083148
167,Guyana,2014,989210,USD (1),mar,2014,1024240.3872771172
167,Guyana,2015,622459.9999999999,USD (1),mar,2015,643739.2079119504
167,Guyana,2016,184310,USD (1),mar,2016,188236.00574774537
167,Guyana,2017,1570530,USD (1),mar,2017,1570530
167,Guyana,2018,837459.9999999999,USD (1),mar,2018,819993.2419244334
167,Guyana,2019,1483610.0000000002,USD (1),mar,2019,1418030.0384962305
167,Guyana,2020,978880,USD (1),mar,2020,918957.1668596872
167,Guyana,2021,1247439.9999999998,USD (1),mar,2021,1156806.8868228889
167,Guyana,2022,5995320.000000001,USD (1),mar,2022,5310259.785308136
114,Haiti,1984,0,USD (1),mar,1984,0
114,Haiti,1985,0,USD (1),mar,1985,0
114,Haiti,1986,0,USD (1),mar,1986,0
114,Haiti,1987,0,USD (1),mar,1987,0
114,Haiti,1988,0,USD (1),mar,1988,0
114,Haiti,1989,0,USD (1),mar,1989,0
114,Haiti,1990,0,USD (1),mar,1990,0
114,Haiti,1991,0,USD (1),mar,1991,0
114,Haiti,1992,0,USD (1),mar,1992,0
114,Haiti,1993,0,USD (1),mar,1993,0
114,Haiti,1994,0,USD (1),mar,1994,0
114,Haiti,1995,0,USD (1),mar,1995,0
114,Haiti,1996,0,USD (1),mar,1996,0
114,Haiti,1997,0,USD (1),mar,1997,0
114,Haiti,1998,0,USD (1),mar,1998,0
114,Haiti,1999,0,USD (1),mar,1999,0
114,Haiti,2000,0,USD (1),mar,2000,0
114,Haiti,2001,0,USD (1),mar,2001,0
114,Haiti,2002,0,USD (1),mar,2002,0
114,Haiti,2003,0,USD (1),mar,2003,0
114,Haiti,2004,0,USD (1),mar,2004,0
114,Haiti,2005,0,USD (1),mar,2005,0
114,Haiti,2006,0,USD (1),mar,2006,0
114,Haiti,2007,0,USD (1),mar,2007,0
114,Haiti,2008,0,USD (1),mar,2008,0
114,Haiti,2009,0,USD (1),mar,2009,0
114,Haiti,2010,0,USD (1),mar,2010,0
114,Haiti,2011,0,USD (1),mar,2011,0
114,Haiti,2012,0,USD (1),mar,2012,0
114,Haiti,2013,0,USD (1),mar,2013,0
114,Haiti,2014,0,USD (1),mar,2014,0
114,Haiti,2015,400000,USD (1),mar,2015,413674.26527773705
114,Haiti,2016,400000,USD (1),mar,2016,408520.44001463917
114,Haiti,2017,500000,USD (1),mar,2017,500000
114,Haiti,2018,500000,USD (1),mar,2018,489571.58665753197
114,Haiti,2019,500000,USD (1),mar,2019,477898.51729775016
114,Haiti,2020,500000,USD (1),mar,2020,469392.1455437271
114,Haiti,2021,500000,USD (1),mar,2021,463672.3557136572
114,Haiti,2022,500000,USD (1),mar,2022,442867.08510205755
133,Honduras,1984,2428800,USD (1),mar,1984,5730913.9483394865
133,Honduras,1985,1214400,USD (1),mar,1985,2767337.0498915426
133,Honduras,1986,4363920,USD (1),mar,1986,9759132.536455568
133,Honduras,1987,9729500,USD (1),mar,1987,20989139.591125797
133,Honduras,1988,14982000,USD (1),mar,1988,31053892.727785256
133,Honduras,1989,16500000,USD (1),mar,1989,32625489.042753458
133,Honduras,1990,18012190,USD (1),mar,1990,33791495.69019072
133,Honduras,1991,42456960,USD (1),mar,1991,76414604.50198871
133,Honduras,1992,56815000,USD (1),mar,1992,99250284.78738576
133,Honduras,1993,83108520,USD (1),mar,1993,141020080.48814544
133,Honduras,1994,58498500,USD (1),mar,1994,96738930.31286901
133,Honduras,1995,46461690,USD (1),mar,1995,74736979.72500828
133,Honduras,1996,69027660,USD (1),mar,1996,107873964.02725539
133,Honduras,1997,63180000,USD (1),mar,1997,96480045.32239649
133,Honduras,1998,42360000,USD (1),mar,1998,63697759.11251986
133,Honduras,1999,43134000,USD (1),mar,1999,63472838.70628852
133,Honduras,2000,48918000,USD (1),mar,2000,69632751.321138293
133,Honduras,2001,65316000,USD (1),mar,2001,90419224.61408141
133,Honduras,2002,75342000,USD (1),mar,2002,102670185.6706047
133,Honduras,2003,99162000,USD (1),mar,2003,132130725.92072491
133,Honduras,2004,108216000,USD (1),mar,2004,140435158.36936393
133,Honduras,2005,104156270,USD (1),mar,2005,130731341.17663758
133,Honduras,2006,125075840,USD (1),mar,2006,152082366.76053086
133,Honduras,2007,129821690,USD (1),mar,2007,153474812.68913472
133,Honduras,2008,147286440,USD (1),mar,2008,167684029.69519648
133,Honduras,2009,81028040,USD (1),mar,2009,92578713.24348101
133,Honduras,2010,61239160,USD (1),mar,2010,68839893.4348519
133,Honduras,2011,167834300,USD (1),mar,2011,182891553.7239701
133,Honduras,2012,175648000,USD (1),mar,2012,187525720.1864019
133,Honduras,2013,167750000,USD (1),mar,2013,176508091.1720151
133,Honduras,2014,176000000,USD (1),mar,2014,182232597.89202762
133,Honduras,2015,137500000,USD (1),mar,2015,142200528.68922213
133,Honduras,2016,126500000,USD (1),mar,2016,129194589.15462963
133,Honduras,2017,173250000,USD (1),mar,2017,173250000
133,Honduras,2018,173250000,USD (1),mar,2018,169636554.77683482
133,Honduras,2019,176550000,USD (1),mar,2019,168745966.45783558
133,Honduras,2020,178481050,USD (1),mar,2020,167555205.99679446
133,Honduras,2021,184622900,USD (1),mar,2021,171209069.92337394
133,Honduras,2022,275073640,USD (1),mar,2022,243642122.27042547
143,Iceland,1984,785500,USD (1),mar,1984,1853439.1083747803
143,Iceland,1985,627500,USD (1),mar,1985,1429927.535249459
143,Iceland,1986,1293980,USD (1),mar,1986,2893756.6040447066
143,Iceland,1987,3724410,USD (1),mar,1987,8034550.735863593
143,Iceland,1988,7423300,USD (1),mar,1988,15386621.404763602
143,Iceland,1989,8588800,USD (1),mar,1989,16982654.5630546
143,Iceland,1990,14845849.999999998,USD (1),mar,1990,27851331.586676456
143,Iceland,1991,17539900,USD (1),mar,1991,31568546.629443835
143,Iceland,1992,15820600,USD (1),mar,1992,27637051.05178765
143,Iceland,1993,13860640.000000002,USD (1),mar,1993,23518991.415287007
143,Iceland,1994,14521100,USD (1),mar,1994,24013533.35497837
143,Iceland,1995,15448000,USD (1),mar,1995,24849222.29027674
143,Iceland,1996,14358800,USD (1),mar,1996,22439420.294336423
143,Iceland,1997,12151199.999999998,USD (1),mar,1997,18555687.34918493
143,Iceland,1998,13792700,USD (1),mar,1998,20740417.42472268
143,Iceland,1999,13939600,USD (1),mar,1999,20512495.535544567
143,Iceland,2000,13781000,USD (1),mar,2000,19616683.96002712
143,Iceland,2001,15573000,USD (1),mar,2001,21558248.896366738
143,Iceland,2002,14076800,USD (1),mar,2002,19182762.19967572
143,Iceland,2003,24975900,USD (1),mar,2003,33279722.04597964
143,Iceland,2004,40487000,USD (1),mar,2004,52541197.76096361
143,Iceland,2005,32768000,USD (1),mar,2005,41128629.007894196
143,Iceland,2006,35951000,USD (1),mar,2006,43713583.43392173
143,Iceland,2007,21962000,USD (1),mar,2007,25963410.55395887
143,Iceland,2008,27887900,USD (1),mar,2008,31750074.560405355
143,Iceland,2009,26335300,USD (1),mar,2009,30089438.012829207
143,Iceland,2010,27450300.000000004,USD (1),mar,2010,30857309.714155372
143,Iceland,2011,38749799.99999999,USD (1),mar,2011,42226238.191437
143,Iceland,2012,43553800,USD (1),mar,2012,46499007.74192995
143,Iceland,2013,50550600,USD (1),mar,2013,53189805.74426269
143,Iceland,2014,58524000,USD (1),mar,2014,60596480.44905127
143,Iceland,2015,45011100,USD (1),mar,2015,46549834.30460688
143,Iceland,2016,81051800,USD (1),mar,2016,82778292.49994633
143,Iceland,2017,117190100,USD (1),mar,2017,117190100
143,Iceland,2018,113157300,USD (1),mar,2018,110797197.80576469
143,Iceland,2019,191685819.99999997,USD (1),mar,2019,183212738.33000684
143,Iceland,2020,261106120.00000003,USD (1),mar,2020,245122323.76279578
143,Iceland,2021,428683470,USD (1),mar,2021,397537348.7808098
143,Iceland,2022,407603400,USD (1),mar,2022,361028259.271376
203,India,1984,55000000,USD (1),mar,1984,129776131.07652822
203,India,1985,78000000,USD (1),mar,1985,177743980.4772236
203,India,1986,84000000,USD (1),mar,1986,187851091.0058543
203,India,1987,97500000,USD (1),mar,1987,210333635.86358654
203,India,1988,140000000,USD (1),mar,1988,290184553.5903041
203,India,1989,210000000,USD (1),mar,1989,415233496.9077713
203,India,1990,183679330,USD (1),mar,1990,344588819.46460253
203,India,1991,168600000,USD (1),mar,1991,303448535.1526651
203,India,1992,254685000,USD (1),mar,1992,444909949.5040983
203,India,1993,425211000,USD (1),mar,1993,721505923.1525818
203,India,1994,597544930,USD (1),mar,1994,988159650.9667461
203,India,1995,485040399.99999994,USD (1),mar,1995,780222470.1815603
203,India,1996,444680830,USD (1),mar,1996,694931334.1786476
203,India,1997,480401980,USD (1),mar,1997,733605647.4100825
203,India,1998,571347560,USD (1),mar,1998,859149179.5657693
203,India,1999,621673200,USD (1),mar,1999,914808799.3606492
203,India,2000,807557550,USD (1),mar,2000,1149524797.7566068
203,India,2001,676825390,USD (1),mar,2001,936953073.7173626
203,India,2002,716957799.9999999,USD (1),mar,2002,977014021.9796164
203,India,2003,640936620,USD (1),mar,2003,854030988.3803858
203,India,2004,726333860,USD (1),mar,2004,942585298.4598527
203,India,2005,689899460,USD (1),mar,2005,865924650.3627485
203,India,2006,782762870,USD (1),mar,2006,951777976.3211324
203,India,2007,791086040,USD (1),mar,2007,935219544.6692255
203,India,2008,809790370,USD (1),mar,2008,921937636.9607694
203,India,2009,727135130,USD (1),mar,2009,830789374.7588031
203,India,2010,638177960.0000001,USD (1),mar,2010,717385783.1960984
203,India,2011,1480378319.9999998,USD (1),mar,2011,1613190456.5638878
203,India,2012,1586541340,USD (1),mar,2012,1693826900.3290622
203,India,2013,2822778700,USD (1),mar,2013,2970153681.8958106
203,India,2014,3167165940,USD (1),mar,2014,3279323165.9167366
203,India,2015,2882262210,USD (1),mar,2015,2980794255.148842
203,India,2016,2670717540,USD (1),mar,2016,2727606761.4890366
203,India,2017,3831259760,USD (1),mar,2017,3831259760
203,India,2018,3890641450,USD (1),mar,2018,3809495015.5841217
203,India,2019,4400390880,USD (1),mar,2019,4205880554.1650844
203,India,2020,5033326920,USD (1),mar,2020,4725208244.4036
203,India,2021,5779674790,USD (1),mar,2021,5359750850.276275
203,India,2022,5342834260,USD (1),mar,2022,4732330869.819217
216,Indonesia,1984,162355770,USD (1),mar,1984,383089157.97364855
216,Indonesia,1985,211876680,USD (1),mar,1985,482818006.07049936
216,Indonesia,1986,259295010,USD (1),mar,1986,579867268.1056417
216,Indonesia,1987,375549700,USD (1),mar,1987,810161372.8049146
216,Indonesia,1988,592106000,USD (1),mar,1988,1227285823.4867184
216,Indonesia,1989,880853750,USD (1),mar,1989,1741714204.1753511
216,Indonesia,1990,980855350,USD (1),mar,1990,1840118793.5628877
216,Indonesia,1991,1246069750,USD (1),mar,1991,2242693003.176439
216,Indonesia,1992,1300124500,USD (1),mar,1992,2271191179.8654847
216,Indonesia,1993,1264795300,USD (1),mar,1993,2146128158.785983
216,Indonesia,1994,1218087650,USD (1),mar,1994,2014350731.870328
216,Indonesia,1995,1276687650,USD (1),mar,1995,2053644174.65698
216,Indonesia,1996,1398498600,USD (1),mar,1996,2185523711.3436413
216,Indonesia,1997,1353597750,USD (1),mar,1997,2067033432.5465956
216,Indonesia,1998,1172874150,USD (1),mar,1998,1763679298.3003185
216,Indonesia,1999,1403942050,USD (1),mar,1999,2065938408.045302
216,Indonesia,2000,1413444870,USD (1),mar,2000,2011980357.71799
216,Indonesia,2001,1510254200,USD (1),mar,2001,2090697742.2708042
216,Indonesia,2002,1176617730,USD (1),mar,2002,1603402628.048438
216,Indonesia,2003,1263681780,USD (1),mar,2003,1683822340.4549503
216,Indonesia,2004,1658360410,USD (1),mar,2004,2152104188.0298047
216,Indonesia,2005,1790662180.0000002,USD (1),mar,2005,2247542739.2482624
216,Indonesia,2006,2066263410,USD (1),mar,2006,2512413506.425263
216,Indonesia,2007,2077241530,USD (1),mar,2007,2455708708.8208575
216,Indonesia,2008,2324794450,USD (1),mar,2008,2646753506.9014363
216,Indonesia,2009,2583553300,USD (1),mar,2009,2951842844.896027
216,Indonesia,2010,4047800410,USD (1),mar,2010,4550195477.370196
216,Indonesia,2011,4256571460,USD (1),mar,2011,4638449755.839585
216,Indonesia,2012,4213093719.999999,USD (1),mar,2012,4497992769.947889
216,Indonesia,2013,6165950840,USD (1),mar,2013,6487870122.377843
216,Indonesia,2014,5430891330,USD (1),mar,2014,5623212704.17721
216,Indonesia,2015,4183514770,USD (1),mar,2015,4326530996.895778
216,Indonesia,2016,5785828700,USD (1),mar,2016,5909073215.933319
216,Indonesia,2017,7111630260,USD (1),mar,2017,7111630260
216,Indonesia,2018,7508632640,USD (1),mar,2018,7352026390.386666
216,Indonesia,2019,7263411550,USD (1),mar,2019,6942347220.536707
216,Indonesia,2020,6875239130,USD (1),mar,2020,6454366492.713776
216,Indonesia,2021,7900262979.999999,USD (1),mar,2021,7326267093.387995
216,Indonesia,2022,8116435520,USD (1),mar,2022,7189004280.322405
191,Iran,1984,0,USD (1),mar,1984,0
191,Iran,1985,0,USD (1),mar,1985,0
191,Iran,1986,0,USD (1),mar,1986,0
191,Iran,1987,0,USD (1),mar,1987,0
191,Iran,1988,0,USD (1),mar,1988,0
191,Iran,1989,0,USD (1),mar,1989,0
191,Iran,1990,0,USD (1),mar,1990,0
191,Iran,1991,0,USD (1),mar,1991,0
191,Iran,1992,217000,USD (1),mar,1992,379077.916023281
191,Iran,1993,105000,USD (1),mar,1993,178165.95038938572
191,Iran,1994,392000,USD (1),mar,1994,648250.1377410473
191,Iran,1995,884000,USD (1),mar,1995,1421977.7644099325
191,Iran,1996,1059500,USD (1),mar,1996,1655748.7952927432
191,Iran,1997,3406000,USD (1),mar,1997,5201187.628491333
191,Iran,1998,5648500,USD (1),mar,1998,8493786.410459595
191,Iran,1999,10800000,USD (1),mar,1999,15892489.8694282
191,Iran,2000,22275000,USD (1),mar,2000,31707541.920731742
191,Iran,2001,45642000,USD (1),mar,2001,63183817.89815518
191,Iran,2002,35760000,USD (1),mar,2002,48730931.480194636
191,Iran,2003,44772000,USD (1),mar,2003,59657498.44620617
191,Iran,2004,53418000,USD (1),mar,2004,69322145.4292774
191,Iran,2005,21462000,USD (1),mar,2005,26937946.64817582
191,Iran,2006,34200000,USD (1),mar,2006,41584505.39456826
191,Iran,2007,15048000,USD (1),mar,2007,17789700.48337916
191,Iran,2008,26232000,USD (1),mar,2008,29864850.199138455
191,Iran,2009,30768000,USD (1),mar,2009,35154026.298494004
191,Iran,2010,38154000,USD (1),mar,2010,42889505.57312248
191,Iran,2011,48156000,USD (1),mar,2011,52476315.39638503
191,Iran,2012,60912000,USD (1),mar,2012,65031008.995229736
191,Iran,2013,76188000,USD (1),mar,2013,80165713.56312063
191,Iran,2014,135280500,USD (1),mar,2014,140071119.08597976
191,Iran,2015,115397500,USD (1),mar,2015,119342440.06846917
191,Iran,2016,163553000,USD (1),mar,2016,167036858.8142857
191,Iran,2017,243167000,USD (1),mar,2017,243167000
191,Iran,2018,399954000,USD (1),mar,2018,391612228.7400531
191,Iran,2019,327884000,USD (1),mar,2019,313390554.89131105
191,Iran,2020,344500000,USD (1),mar,2020,323411188.279628
191,Iran,2021,385138000,USD (1),mar,2021,357155687.469693
191,Iran,2022,389600000,USD (1),mar,2022,345082032.71152323
181,Ireland,1984,8120240,USD (1),mar,1984,19160242.37477941
181,Ireland,1985,8290760,USD (1),mar,1985,18892726.712581363
181,Ireland,1986,12104000,USD (1),mar,1986,27068447.68493882
181,Ireland,1987,22226000,USD (1),mar,1987,47947439.90465718
181,Ireland,1988,35599240,USD (1),mar,1988,73788211.19681497
181,Ireland,1989,36910000,USD (1),mar,1989,72982230.33745638
181,Ireland,1990,47230670,USD (1),mar,1990,88606381.66429624
181,Ireland,1991,61279229.99999999,USD (1),mar,1991,110291177.8101023
181,Ireland,1992,66903110,USD (1),mar,1992,116873232.78468356
181,Ireland,1993,71301480,USD (1),mar,1993,120985675.6987598
181,Ireland,1994,70697070,USD (1),mar,1994,116911697.36068484
181,Ireland,1995,71890040.00000001,USD (1),mar,1995,115640314.88975187
181,Ireland,1996,79002240,USD (1),mar,1996,123461881.74179156
181,Ireland,1997,73661120,USD (1),mar,1997,112485409.87810203
181,Ireland,1998,81342290,USD (1),mar,1998,122316373.79793988
181,Ireland,1999,74721860,USD (1),mar,1999,109955222.5069289
181,Ireland,2000,94535000,USD (1),mar,2000,134566665.5657183
181,Ireland,2001,89556470,USD (1),mar,2001,123976155.56026462
181,Ireland,2002,111085140,USD (1),mar,2002,151378141.66129273
181,Ireland,2003,108004930,USD (1),mar,2003,143913694.80160826
181,Ireland,2004,118534020,USD (1),mar,2004,153825163.29246464
181,Ireland,2005,129480690,USD (1),mar,2005,162517189.41333485
181,Ireland,2006,144777289.99999997,USD (1),mar,2006,176037777.69052547
181,Ireland,2007,158469060,USD (1),mar,2007,187341647.61314732
181,Ireland,2008,130373860,USD (1),mar,2008,148429239.05090916
181,Ireland,2009,137042880,USD (1),mar,2009,156578555.8873296
181,Ireland,2010,146866160,USD (1),mar,2010,165094537.6060989
181,Ireland,2011,170430280,USD (1),mar,2011,185720432.06192812
181,Ireland,2012,160855890,USD (1),mar,2012,171733333.81806022
181,Ireland,2013,148755190,USD (1),mar,2013,156521577.5787209
181,Ireland,2014,151161210,USD (1),mar,2014,156514204.53864968
181,Ireland,2015,156194970,USD (1),mar,2015,161534598.63707045
181,Ireland,2016,168724370,USD (1),mar,2016,172318384.68398196
181,Ireland,2017,217871610.00000003,USD (1),mar,2017,217871610.00000003
181,Ireland,2018,203775039.99999997,USD (1),mar,2018,199524939.30800405
181,Ireland,2019,188621790,USD (1),mar,2019,180284147.5420952
181,Ireland,2020,195979610,USD (1),mar,2020,183982579.24144575
181,Ireland,2021,205281560,USD (1),mar,2021,190366769.01954892
181,Ireland,2022,186417890,USD (1),mar,2022,165116695.110352
79,Israel,1984,168000,USD (1),mar,1984,396407.09128830436
79,Israel,1985,0,USD (1),mar,1985,0
79,Israel,1986,450000,USD (1),mar,1986,1006345.1303885053
79,Israel,1987,675000,USD (1),mar,1987,1456155.9405940608
79,Israel,1988,900000,USD (1),mar,1988,1865472.1302233834
79,Israel,1989,800000,USD (1),mar,1989,1581841.8929819858
79,Israel,1990,1512000,USD (1),mar,1990,2836564.653357996
79,Israel,1991,1278000,USD (1),mar,1991,2300161.4942177106
79,Israel,1992,918000,USD (1),mar,1992,1603656.8060339722
79,Israel,1993,1880000,USD (1),mar,1993,3190018.9212575727
79,Israel,1994,4500000,USD (1),mar,1994,7441646.989374267
79,Israel,1995,10450000,USD (1),mar,1995,16809578.776112888
79,Israel,1996,9654000,USD (1),mar,1996,15086926.729359265
79,Israel,1997,20337650,USD (1),mar,1997,31056938.805809382
79,Israel,1998,21692900,USD (1),mar,1998,32620139.722662468
79,Israel,1999,28049300,USD (1),mar,1999,41275297.78653263
79,Israel,2000,21618720,USD (1),mar,2000,30773354.463414665
79,Israel,2001,22408500,USD (1),mar,2001,31020870.76313068
79,Israel,2002,17597430,USD (1),mar,2002,23980401.44176514
79,Israel,2003,17578280,USD (1),mar,2003,23422590.274881106
79,Israel,2004,20869400,USD (1),mar,2004,27082848.13773937
79,Israel,2005,21626809.999999996,USD (1),mar,2005,27144807.284979742
79,Israel,2006,28639040,USD (1),mar,2006,34822816.18056304
79,Israel,2007,21031930,USD (1),mar,2007,24863884.58847665
79,Israel,2008,26080590,USD (1),mar,2008,29692471.54068117
79,Israel,2009,11833440,USD (1),mar,2009,13520315.293865407
79,Israel,2010,14740480,USD (1),mar,2010,16570003.121835206
79,Israel,2011,17413980,USD (1),mar,2011,18976275.16376653
79,Israel,2012,24290590,USD (1),mar,2012,25933175.347869672
79,Israel,2013,30467059.999999996,USD (1),mar,2013,32057720.44246351
79,Israel,2014,27969530.000000004,USD (1),mar,2014,28960000.6461307
79,Israel,2015,18413770,USD (1),mar,2015,19043256.939358093
79,Israel,2016,20672500,USD (1),mar,2016,21112846.99050657
79,Israel,2017,27467560,USD (1),mar,2017,27467560
79,Israel,2018,24182870,USD (1),mar,2018,23678492.07166566
79,Israel,2019,38646080,USD (1),mar,2019,36937808.66274048
79,Israel,2020,28655830,USD (1),mar,2020,26901643.052072603
79,Israel,2021,31622670.000000004,USD (1),mar,2021,29325115.7857112
79,Israel,2022,28495830,USD (1),mar,2022,25239730.33932753
184,Italy,1984,77801700,USD (1),mar,1984,183578247.5850314
184,Italy,1985,74721370,USD (1),mar,1985,170272740.13476154
184,Italy,1986,93460360,USD (1),mar,1986,209007507.04523697
184,Italy,1987,109088220,USD (1),mar,1987,235332532.74345458
184,Italy,1988,125519540,USD (1),mar,1988,260170226.29828796
184,Italy,1989,140116460,USD (1),mar,1989,277052607.90541834
184,Italy,1990,188769640,USD (1),mar,1990,354138418.2877736
184,Italy,1991,204593040,USD (1),mar,1991,368229289.97882926
184,Italy,1992,204889380,USD (1),mar,1992,357921839.5654475
184,Italy,1993,160899350,USD (1),mar,1993,273017005.80747056
184,Italy,1994,211757270,USD (1),mar,1994,350182855.72746974
184,Italy,1995,276294060,USD (1),mar,1995,444438925.06622595
184,Italy,1996,249202010,USD (1),mar,1996,389444009.2893158
184,Italy,1997,239194870,USD (1),mar,1997,365266411.81520635
184,Italy,1998,289526400,USD (1),mar,1998,435367867.8922349
184,Italy,1999,252739960,USD (1),mar,1999,371913634.62034154
184,Italy,2000,332405870,USD (1),mar,2000,473166018.30403167
184,Italy,2001,280708590,USD (1),mar,2001,388594724.8807656
184,Italy,2002,255266400,USD (1),mar,2002,347857087.460737
184,Italy,2003,365835779.99999994,USD (1),mar,2003,487466440.5636696
184,Italy,2004,266499340.00000003,USD (1),mar,2004,345844209.89715916
184,Italy,2005,504491890,USD (1),mar,2005,633211052.8961599
184,Italy,2006,496454589.99999994,USD (1),mar,2006,603649665.9652973
184,Italy,2007,658955600,USD (1),mar,2007,779015334.65214
184,Italy,2008,307846740,USD (1),mar,2008,350480206.40412945
184,Italy,2009,320148870,USD (1),mar,2009,365786589.8145195
184,Italy,2010,303056570,USD (1),mar,2010,340670609.84395826
184,Italy,2011,406918139.99999994,USD (1),mar,2011,443424799.71655357
184,Italy,2012,290228620,USD (1),mar,2012,309854544.2259836
184,Italy,2013,355623920,USD (1),mar,2013,374190755.8528131
184,Italy,2014,340251370,USD (1),mar,2014,352300517.5648949
184,Italy,2015,284450630,USD (1),mar,2015,294174763.4325986
184,Italy,2016,300076570,USD (1),mar,2016,306468531.03620917
184,Italy,2017,306436880,USD (1),mar,2017,306436880
184,Italy,2018,397407600,USD (1),mar,2018,389118938.5635236
184,Italy,2019,329086180,USD (1),mar,2019,314539594.97036105
184,Italy,2020,341765899.99999994,USD (1),mar,2020,320844458.1493657
184,Italy,2021,522153310,USD (1),mar,2021,484216110.58276707
184,Italy,2022,400034340,USD (1),mar,2022,354324084.1930508
166,Jamaica,1984,900,USD (1),mar,1984,2123.6094176159163
166,Jamaica,1985,900,USD (1),mar,1985,2050.892082429503
166,Jamaica,1986,900,USD (1),mar,1986,2012.6902607770105
166,Jamaica,1987,900,USD (1),mar,1987,1941.5412541254143
166,Jamaica,1988,1000,USD (1),mar,1988,2072.746811359315
166,Jamaica,1989,4000,USD (1),mar,1989,7909.209464909929
166,Jamaica,1990,5000,USD (1),mar,1990,9380.174118247342
166,Jamaica,1991,5000,USD (1),mar,1991,8999.066878786036
166,Jamaica,1992,5000,USD (1),mar,1992,8734.514194084815
166,Jamaica,1993,5000,USD (1),mar,1993,8484.092875685034
166,Jamaica,1994,5000,USD (1),mar,1994,8268.496654860297
166,Jamaica,1995,5000,USD (1),mar,1995,8042.86065842722
166,Jamaica,1996,5000,USD (1),mar,1996,7813.821591754333
166,Jamaica,1997,5000,USD (1),mar,1997,7635.331222095322
166,Jamaica,1998,5000,USD (1),mar,1998,7518.621236133128
166,Jamaica,1999,5000,USD (1),mar,1999,7357.634198809352
166,Jamaica,2000,1000,USD (1),mar,2000,1423.4586720867223
166,Jamaica,2001,1000,USD (1),mar,2001,1384.3349962349412
166,Jamaica,2002,2241610,USD (1),mar,2002,3054690.8085939344
166,Jamaica,2003,8773590,USD (1),mar,2003,11690575.176285401
166,Jamaica,2004,2954090,USD (1),mar,2004,3833611.4529030304
166,Jamaica,2005,5635050,USD (1),mar,2005,7072811.306486029
166,Jamaica,2006,5408270,USD (1),mar,2006,6576030.2043942
166,Jamaica,2007,281990,USD (1),mar,2007,333367.7325430681
166,Jamaica,2008,1919550,USD (1),mar,2008,2185387.0539705786
166,Jamaica,2009,1633030,USD (1),mar,2009,1865820.9687412134
166,Jamaica,2010,1645720,USD (1),mar,2010,1849979.4808355381
166,Jamaica,2011,564650,USD (1),mar,2011,615307.573066052
166,Jamaica,2012,749569.9999999999,USD (1),mar,2012,800257.6407367078
166,Jamaica,2013,537860,USD (1),mar,2013,565941.2334890018
166,Jamaica,2014,36060,USD (1),mar,2014,37336.9743181052
166,Jamaica,2015,38470,USD (1),mar,2015,39785.122463086365
166,Jamaica,2016,35970,USD (1),mar,2016,36736.200568316424
166,Jamaica,2017,35170,USD (1),mar,2017,35170
166,Jamaica,2018,38800,USD (1),mar,2018,37990.755124624484
166,Jamaica,2019,37510,USD (1),mar,2019,35851.94676767722
166,Jamaica,2020,35110,USD (1),mar,2020,32960.71646008052
166,Jamaica,2021,33160,USD (1),mar,2021,30750.750630929746
166,Jamaica,2022,32590.000000000004,USD (1),mar,2022,28866.076606952112
210,Japan,1984,2028318750,USD (1),mar,1984,4785951999.363271
210,Japan,1985,2026545890,USD (1),mar,1985,4618029911.645612
210,Japan,1986,2972511360,USD (1),mar,1986,6647494071.467807
210,Japan,1987,3272913480,USD (1),mar,1987,7060551714.003527
210,Japan,1988,4182779370,USD (1),mar,1988,8669842601.787024
210,Japan,1989,3801721490,USD (1),mar,1989,7517152897.914869
210,Japan,1990,3887263170,USD (1),mar,1990,7292641075.6100235
210,Japan,1991,4337279030,USD (1),mar,1991,7806292812.585244
210,Japan,1992,4398817060.000001,USD (1),mar,1992,7684306009.550489
210,Japan,1993,4975957770,USD (1),mar,1993,8443297573.233318
210,Japan,1994,5617901870,USD (1),mar,1994,9290320563.885681
210,Japan,1995,5480487490,USD (1),mar,1995,8815759444.464708
210,Japan,1996,4720663760,USD (1),mar,1996,7377284883.060039
210,Japan,1997,4563437600,USD (1),mar,1997,6968671517.472749
210,Japan,1998,3840488940,USD (1),mar,1998,5775036340.283682
210,Japan,1999,4272348990,USD (1),mar,1999,6286876207.614519
210,Japan,2000,4509805000,USD (1),mar,2000,6419521036.670061
210,Japan,2001,3905708050.000001,USD (1),mar,2001,5406808338.691531
210,Japan,2002,3589749650,USD (1),mar,2002,4891830095.783072
210,Japan,2003,3671069230,USD (1),mar,2003,4891602047.812031
210,Japan,2004,3817248020,USD (1),mar,2004,4953757579.506182
210,Japan,2005,3785965060,USD (1),mar,2005,4751939465.01434
210,Japan,2006,3655955580,USD (1),mar,2006,4445353933.883389
210,Japan,2007,3661668350,USD (1),mar,2007,4328813345.027191
210,Japan,2008,3878327330,USD (1),mar,2008,4415434001.741179
210,Japan,2009,4203605719.999999,USD (1),mar,2009,4802836259.405219
210,Japan,2010,4672314189.999999,USD (1),mar,2010,5252221143.035703
210,Japan,2011,4643688149.999999,USD (1),mar,2011,5060296618.528441
210,Japan,2012,4955065689.999999,USD (1),mar,2012,5290138584.488182
210,Japan,2013,3977429100,USD (1),mar,2013,4185087440.912226
210,Japan,2014,4020006190,USD (1),mar,2014,4162364611.055295
210,Japan,2015,3860248060,USD (1),mar,2015,3992213200.025775
210,Japan,2016,4492363729.999999,USD (1),mar,2016,4588056019.213513
210,Japan,2017,4439166480,USD (1),mar,2017,4439166480
210,Japan,2018,4620767160,USD (1),mar,2018,4524392620.192436
210,Japan,2019,4432838060,USD (1),mar,2019,4236893472.5900707
210,Japan,2020,4662280399.999999,USD (1),mar,2020,4376875600.164931
210,Japan,2021,4440864450,USD (1),mar,2021,4118212161.8730693
210,Japan,2022,3566353730,USD (1),mar,2022,3158841361.6959004
215,Jordan,1984,0,USD (1),mar,1984,0
215,Jordan,1985,0,USD (1),mar,1985,0
215,Jordan,1986,0,USD (1),mar,1986,0
215,Jordan,1987,0,USD (1),mar,1987,0
215,Jordan,1988,0,USD (1),mar,1988,0
215,Jordan,1989,0,USD (1),mar,1989,0
215,Jordan,1990,0,USD (1),mar,1990,0
215,Jordan,1991,0,USD (1),mar,1991,0
215,Jordan,1992,0,USD (1),mar,1992,0
215,Jordan,1993,0,USD (1),mar,1993,0
215,Jordan,1994,0,USD (1),mar,1994,0
215,Jordan,1995,0,USD (1),mar,1995,0
215,Jordan,1996,0,USD (1),mar,1996,0
215,Jordan,1997,0,USD (1),mar,1997,0
215,Jordan,1998,412430,USD (1),mar,1998,620180.9912836773
215,Jordan,1999,1583220,USD (1),mar,1999,2329750.7232477884
215,Jordan,2000,1724260,USD (1),mar,2000,2454412.849932252
215,Jordan,2001,1569150,USD (1),mar,2001,2172229.259342058
215,Jordan,2002,1639640,USD (1),mar,2002,2234373.168126016
215,Jordan,2003,2115660,USD (1),mar,2003,2819060.644212913
215,Jordan,2004,1540910,USD (1),mar,2004,1999685.25802965
215,Jordan,2005,1131880,USD (1),mar,2005,1420674.8230424586
215,Jordan,2006,1579690,USD (1),mar,2006,1920778.5768054246
215,Jordan,2007,987310,USD (1),mar,2007,1167194.9218663662
215,Jordan,2008,1124470,USD (1),mar,2008,1280197.0152266398
215,Jordan,2009,1419720,USD (1),mar,2009,1622103.2961680286
215,Jordan,2010,1577460,USD (1),mar,2010,1773247.351820983
215,Jordan,2011,954370,USD (1),mar,2011,1039991.3017037956
215,Jordan,2012,0,USD (1),mar,2012,0
215,Jordan,2013,0,USD (1),mar,2013,0
215,Jordan,2014,0,USD (1),mar,2014,0
215,Jordan,2015,0,USD (1),mar,2015,0
215,Jordan,2016,0,USD (1),mar,2016,0
215,Jordan,2017,0,USD (1),mar,2017,0
215,Jordan,2018,0,USD (1),mar,2018,0
215,Jordan,2019,0,USD (1),mar,2019,0
215,Jordan,2020,0,USD (1),mar,2020,0
215,Jordan,2021,0,USD (1),mar,2021,0
215,Jordan,2022,0,USD (1),mar,2022,0
43,Kenya,1984,11820,USD (1),mar,1984,27890.070351355702
43,Kenya,1985,16440,USD (1),mar,1985,37462.96203904559
43,Kenya,1986,10630,USD (1),mar,1986,23772.108302288467
43,Kenya,1987,9480,USD (1),mar,1987,20450.901210121032
43,Kenya,1988,25380,USD (1),mar,1988,52606.31407229941
43,Kenya,1989,400000,USD (1),mar,1989,790920.9464909929
43,Kenya,1990,1770600,USD (1),mar,1990,3321707.2587537486
43,Kenya,1991,1352000,USD (1),mar,1991,2433347.684023744
43,Kenya,1992,700910,USD (1),mar,1992,1224421.6687551977
43,Kenya,1993,328180,USD (1),mar,1993,556861.9199884629
43,Kenya,1994,488880,USD (1),mar,1994,808460.5289256204
43,Kenya,1995,2340,USD (1),mar,1995,3764.0587881439387
43,Kenya,1996,6050,USD (1),mar,1996,9454.724126022744
43,Kenya,1997,5850,USD (1),mar,1997,8933.337529851526
43,Kenya,1998,2920,USD (1),mar,1998,4390.874801901747
43,Kenya,1999,0,USD (1),mar,1999,0
43,Kenya,2000,0,USD (1),mar,2000,0
43,Kenya,2001,0,USD (1),mar,2001,0
43,Kenya,2002,100,USD (1),mar,2002,136.27217975445927
43,Kenya,2003,100,USD (1),mar,2003,133.24733861834665
43,Kenya,2004,0,USD (1),mar,2004,0
43,Kenya,2005,0,USD (1),mar,2005,0
43,Kenya,2006,0,USD (1),mar,2006,0
43,Kenya,2007,0,USD (1),mar,2007,0
43,Kenya,2008,0,USD (1),mar,2008,0
43,Kenya,2009,0,USD (1),mar,2009,0
43,Kenya,2010,1140,USD (1),mar,2010,1281.4917532463078
43,Kenya,2011,4050,USD (1),mar,2011,4413.345737921741
43,Kenya,2012,10650,USD (1),mar,2012,11370.177400170684
43,Kenya,2013,10680,USD (1),mar,2013,11237.594120519352
43,Kenya,2014,15010.000000000002,USD (1),mar,2014,15541.541445223493
43,Kenya,2015,26380,USD (1),mar,2015,27281.81779506676
43,Kenya,2016,30590,USD (1),mar,2016,31241.60065011953
43,Kenya,2017,43800,USD (1),mar,2017,43800
43,Kenya,2018,51030,USD (1),mar,2018,49965.67613426771
43,Kenya,2019,55400,USD (1),mar,2019,52951.15571659072
43,Kenya,2020,58990,USD (1),mar,2020,55378.88533124892
43,Kenya,2021,59780,USD (1),mar,2021,55436.66684912486
43,Kenya,2022,55700,USD (1),mar,2022,49335.39328036921
212,Kiribati,1984,17610,USD (1),mar,1984,41551.957604684765
212,Kiribati,1985,15780,USD (1),mar,1985,35958.97451193062
212,Kiribati,1986,344859.99999999994,USD (1),mar,1986,771218.1814795109
212,Kiribati,1987,105540,USD (1),mar,1987,227678.0710671069
212,Kiribati,1988,145590,USD (1),mar,1988,301771.20826580265
212,Kiribati,1989,379870,USD (1),mar,1989,751117.8498588337
212,Kiribati,1990,1390700,USD (1),mar,1990,2609001.6292493157
212,Kiribati,1991,2122700,USD (1),mar,1991,3820463.8527198234
212,Kiribati,1992,948800,USD (1),mar,1992,1657461.4134695346
212,Kiribati,1993,591100,USD (1),mar,1993,1002989.4597634848
212,Kiribati,1994,1011900,USD (1),mar,1994,1673378.3530106267
212,Kiribati,1995,1604600.0000000002,USD (1),mar,1995,2581114.8425024636
212,Kiribati,1996,459560,USD (1),mar,1996,718183.9701413242
212,Kiribati,1997,339830,USD (1),mar,1997,518942.92184093065
212,Kiribati,1998,229280,USD (1),mar,1998,344773.89540412073
212,Kiribati,1999,380670,USD (1),mar,1999,560166.1220921512
212,Kiribati,2000,410910,USD (1),mar,2000,584913.4029471551
212,Kiribati,2001,310860,USD (1),mar,2001,430334.3769295938
212,Kiribati,2002,157670,USD (1),mar,2002,214860.34581885592
212,Kiribati,2003,167369.99999999997,USD (1),mar,2003,223016.07064552675
212,Kiribati,2004,170829.99999999997,USD (1),mar,2004,221691.22961704773
212,Kiribati,2005,219560,USD (1),mar,2005,275579.8884574356
212,Kiribati,2006,373040,USD (1),mar,2006,453587.2483154895
212,Kiribati,2007,52629.99999999999,USD (1),mar,2007,62219.02820575791
212,Kiribati,2008,109700,USD (1),mar,2008,124892.27153268864
212,Kiribati,2009,159140,USD (1),mar,2009,181825.65474331562
212,Kiribati,2010,451780.00000000006,USD (1),mar,2010,507852.9335803658
212,Kiribati,2011,441400.00000000006,USD (1),mar,2011,481000.1996836189
212,Kiribati,2012,628590,USD (1),mar,2012,671096.6959599333
212,Kiribati,2013,156880.00000000003,USD (1),mar,2013,165070.57730590602
212,Kiribati,2014,255280,USD (1),mar,2014,264320.09994248184
212,Kiribati,2015,96800,USD (1),mar,2015,100109.17219721238
212,Kiribati,2016,4460,USD (1),mar,2016,4555.002906163227
212,Kiribati,2017,11500,USD (1),mar,2017,11500
212,Kiribati,2018,4480,USD (1),mar,2018,4386.561416451486
212,Kiribati,2019,4170,USD (1),mar,2019,3985.6736342632366
212,Kiribati,2020,4130,USD (1),mar,2020,3877.179122191186
212,Kiribati,2021,4510,USD (1),mar,2021,4182.324648537188
212,Kiribati,2022,4160,USD (1),mar,2022,3684.6541480491187
51,Kuwait,1984,0,USD (1),mar,1984,0
51,Kuwait,1985,24000,USD (1),mar,1985,54690.455531453415
51,Kuwait,1986,36000,USD (1),mar,1986,80507.61043108042
51,Kuwait,1987,62500,USD (1),mar,1987,134829.25375870932
51,Kuwait,1988,100000,USD (1),mar,1988,207274.6811359315
51,Kuwait,1989,100000,USD (1),mar,1989,197730.23662274823
51,Kuwait,1990,100,USD (1),mar,1990,187.60348236494684
51,Kuwait,1991,100,USD (1),mar,1991,179.98133757572072
51,Kuwait,1992,100,USD (1),mar,1992,174.69028388169633
51,Kuwait,1993,100,USD (1),mar,1993,169.6818575137007
51,Kuwait,1994,100,USD (1),mar,1994,165.36993309720594
51,Kuwait,1995,603000,USD (1),mar,1995,969968.9954063228
51,Kuwait,1996,585000,USD (1),mar,1996,914217.1262352569
51,Kuwait,1997,924000,USD (1),mar,1997,1411009.2098432155
51,Kuwait,1998,900000,USD (1),mar,1998,1353351.822503963
51,Kuwait,1999,1146000,USD (1),mar,1999,1686369.7583671035
51,Kuwait,2000,2249000,USD (1),mar,2000,3201358.5535230385
51,Kuwait,2001,1172600,USD (1),mar,2001,1623271.216585092
51,Kuwait,2002,1172600,USD (1),mar,2002,1597927.5798007892
51,Kuwait,2003,1074200,USD (1),mar,2003,1431342.9114382798
51,Kuwait,2004,600000,USD (1),mar,2004,778638.0481778884
51,Kuwait,2005,852000,USD (1),mar,2005,1069384.5188820146
51,Kuwait,2006,66000,USD (1),mar,2006,80250.79988425452
51,Kuwait,2007,330000,USD (1),mar,2007,390125.0106004201
51,Kuwait,2008,122780,USD (1),mar,2008,139783.71101899282
51,Kuwait,2009,60000,USD (1),mar,2009,68553.09340579953
51,Kuwait,2010,60000,USD (1),mar,2010,67446.93438138462
51,Kuwait,2011,60000,USD (1),mar,2011,65382.89982106283
51,Kuwait,2012,60000,USD (1),mar,2012,64057.33746575033
51,Kuwait,2013,12000,USD (1),mar,2013,12626.510247774553
51,Kuwait,2014,12000,USD (1),mar,2014,12424.949856274608
51,Kuwait,2015,12000,USD (1),mar,2015,12410.227958332112
51,Kuwait,2016,60330,USD (1),mar,2016,61615.095365207955
51,Kuwait,2017,209660,USD (1),mar,2017,209660
51,Kuwait,2018,141080,USD (1),mar,2018,138137.51889128922
51,Kuwait,2019,2380,USD (1),mar,2019,2274.796942337291
51,Kuwait,2020,32659.999999999996,USD (1),mar,2020,30660.69494691625
51,Kuwait,2021,33150,USD (1),mar,2021,30741.477183815474
51,Kuwait,2022,52239.99999999999,USD (1),mar,2022,46270.75305146296
78,Lebanon,1984,0,USD (1),mar,1984,0
78,Lebanon,1985,0,USD (1),mar,1985,0
78,Lebanon,1986,0,USD (1),mar,1986,0
78,Lebanon,1987,0,USD (1),mar,1987,0
78,Lebanon,1988,0,USD (1),mar,1988,0
78,Lebanon,1989,0,USD (1),mar,1989,0
78,Lebanon,1990,0,USD (1),mar,1990,0
78,Lebanon,1991,0,USD (1),mar,1991,0
78,Lebanon,1992,0,USD (1),mar,1992,0
78,Lebanon,1993,0,USD (1),mar,1993,0
78,Lebanon,1994,0,USD (1),mar,1994,0
78,Lebanon,1995,0,USD (1),mar,1995,0
78,Lebanon,1996,0,USD (1),mar,1996,0
78,Lebanon,1997,0,USD (1),mar,1997,0
78,Lebanon,1998,0,USD (1),mar,1998,0
78,Lebanon,1999,0,USD (1),mar,1999,0
78,Lebanon,2000,0,USD (1),mar,2000,0
78,Lebanon,2001,0,USD (1),mar,2001,0
78,Lebanon,2002,0,USD (1),mar,2002,0
78,Lebanon,2003,60000,USD (1),mar,2003,79948.40317100799
78,Lebanon,2004,60000,USD (1),mar,2004,77863.80481778884
78,Lebanon,2005,120000,USD (1),mar,2005,150617.5378707063
78,Lebanon,2006,120000,USD (1),mar,2006,145910.54524409914
78,Lebanon,2007,180000,USD (1),mar,2007,212795.4603275019
78,Lebanon,2008,240000,USD (1),mar,2008,273237.421767049
78,Lebanon,2009,300000,USD (1),mar,2009,342765.46702899766
78,Lebanon,2010,300000,USD (1),mar,2010,337234.67190692306
78,Lebanon,2011,300000,USD (1),mar,2011,326914.49910531414
78,Lebanon,2012,300000,USD (1),mar,2012,320286.68732875166
78,Lebanon,2013,300000,USD (1),mar,2013,315662.7561943638
78,Lebanon,2014,120000,USD (1),mar,2014,124249.4985627461
78,Lebanon,2015,120000,USD (1),mar,2015,124102.27958332113
78,Lebanon,2016,120000,USD (1),mar,2016,122556.13200439175
78,Lebanon,2017,120000,USD (1),mar,2017,120000
78,Lebanon,2018,156500,USD (1),mar,2018,153235.9066238075
78,Lebanon,2019,156500,USD (1),mar,2019,149582.2359141958
78,Lebanon,2020,108500,USD (1),mar,2020,101858.09558298878
78,Lebanon,2021,108500,USD (1),mar,2021,100616.90118986362
78,Lebanon,2022,132500,USD (1),mar,2022,117359.77755204524
67,Libya,1984,0,USD (1),mar,1984,0
67,Libya,1985,0,USD (1),mar,1985,0
67,Libya,1986,0,USD (1),mar,1986,0
67,Libya,1987,0,USD (1),mar,1987,0
67,Libya,1988,0,USD (1),mar,1988,0
67,Libya,1989,0,USD (1),mar,1989,0
67,Libya,1990,0,USD (1),mar,1990,0
67,Libya,1991,0,USD (1),mar,1991,0
67,Libya,1992,0,USD (1),mar,1992,0
67,Libya,1993,0,USD (1),mar,1993,0
67,Libya,1994,0,USD (1),mar,1994,0
67,Libya,1995,135000,USD (1),mar,1995,217157.23777753493
67,Libya,1996,135000,USD (1),mar,1996,210973.182977367
67,Libya,1997,135000,USD (1),mar,1997,206153.9429965737
67,Libya,1998,135000,USD (1),mar,1998,203002.77337559446
67,Libya,1999,135000,USD (1),mar,1999,198656.1233678525
67,Libya,2000,135000,USD (1),mar,2000,192166.92073170753
67,Libya,2001,135000,USD (1),mar,2001,186885.22449171706
67,Libya,2002,135000,USD (1),mar,2002,183967.44266852
67,Libya,2003,700000,USD (1),mar,2003,932731.3703284266
67,Libya,2004,1376000,USD (1),mar,2004,1785676.5904879572
67,Libya,2005,1976000,USD (1),mar,2005,2480168.7902709637
67,Libya,2006,1978000,USD (1),mar,2006,2405092.1541069006
67,Libya,2007,1090000,USD (1),mar,2007,1288594.731983206
67,Libya,2008,500000,USD (1),mar,2008,569244.628681352
67,Libya,2009,500000,USD (1),mar,2009,571275.7783816628
67,Libya,2010,500000,USD (1),mar,2010,562057.7865115384
67,Libya,2011,0,USD (1),mar,2011,0
67,Libya,2012,0,USD (1),mar,2012,0
67,Libya,2013,0,USD (1),mar,2013,0
67,Libya,2014,0,USD (1),mar,2014,0
67,Libya,2015,0,USD (1),mar,2015,0
67,Libya,2016,0,USD (1),mar,2016,0
67,Libya,2017,0,USD (1),mar,2017,0
67,Libya,2018,0,USD (1),mar,2018,0
67,Libya,2019,0,USD (1),mar,2019,0
67,Libya,2020,0,USD (1),mar,2020,0
67,Libya,2021,0,USD (1),mar,2021,0
67,Libya,2022,0,USD (1),mar,2022,0
42,Madagascar,1984,0,USD (1),mar,1984,0
42,Madagascar,1985,0,USD (1),mar,1985,0
42,Madagascar,1986,0,USD (1),mar,1986,0
42,Madagascar,1987,0,USD (1),mar,1987,0
42,Madagascar,1988,0,USD (1),mar,1988,0
42,Madagascar,1989,100,USD (1),mar,1989,197.73023662274824
42,Madagascar,1990,90000,USD (1),mar,1990,168843.13412845216
42,Madagascar,1991,415720,USD (1),mar,1991,748218.4165697861
42,Madagascar,1992,570900,USD (1),mar,1992,997306.8306806043
42,Madagascar,1993,4131800,USD (1),mar,1993,7010914.988751085
42,Madagascar,1994,2162500,USD (1),mar,1994,3576124.803227078
42,Madagascar,1995,7675000,USD (1),mar,1995,12345791.110685783
42,Madagascar,1996,13337500,USD (1),mar,1996,20843369.096004684
42,Madagascar,1997,13623500,USD (1),mar,1997,20803986.980843123
42,Madagascar,1998,13706000,USD (1),mar,1998,20610044.53248813
42,Madagascar,1999,17430000,USD (1),mar,1999,25648712.8170494
42,Madagascar,2000,24094500,USD (1),mar,2000,34297524.974593535
42,Madagascar,2001,27089500,USD (1),mar,2001,37500942.88050644
42,Madagascar,2002,36659500,USD (1),mar,2002,49956699.737086
42,Madagascar,2003,35143000,USD (1),mar,2003,46827112.210645564
42,Madagascar,2004,31323000,USD (1),mar,2004,40648799.30512666
42,Madagascar,2005,33751500,USD (1),mar,2005,42363065.245359525
42,Madagascar,2006,43034500,USD (1),mar,2006,52326561.327559866
42,Madagascar,2007,42806750,USD (1),mar,2007,50606011.50763495
42,Madagascar,2008,40521750,USD (1),mar,2008,46133577.06453715
42,Madagascar,2009,16815000,USD (1),mar,2009,19212004.426975317
42,Madagascar,2010,20569000,USD (1),mar,2010,23121933.22151167
42,Madagascar,2011,40206330,USD (1),mar,2011,43813440.776043214
42,Madagascar,2012,29463390,USD (1),mar,2012,31455771.935250226
42,Madagascar,2013,36748930,USD (1),mar,2013,38667561.76997914
42,Madagascar,2014,30611100,USD (1),mar,2014,31695115.212117307
42,Madagascar,2015,20527240,USD (1),mar,2015,21228977.312949438
42,Madagascar,2016,58484530,USD (1),mar,2016,59730314.82412341
42,Madagascar,2017,66919500,USD (1),mar,2017,66919500
42,Madagascar,2018,57798570,USD (1),mar,2018,56593075.24287286
42,Madagascar,2019,42506509.99999999,USD (1),mar,2019,40627596.20900398
42,Madagascar,2020,54119200.00000001,USD (1),mar,2020,50806254.80622016
42,Madagascar,2021,36652660,USD (1),mar,2021,33989650.410743475
42,Madagascar,2022,79136470,USD (1),mar,2022,70093875.58833285
206,Malaysia,1984,18432030,USD (1),mar,1984,43491591.65975455
206,Malaysia,1985,14770610,USD (1),mar,1985,33658807.890726715
206,Malaysia,1986,18009530,USD (1),mar,1986,40275117.36907933
206,Malaysia,1987,22135540,USD (1),mar,1987,47752293.43593697
206,Malaysia,1988,24466600,USD (1),mar,1988,50713067.13480381
206,Malaysia,1989,25884080,USD (1),mar,1989,51180652.63162145
206,Malaysia,1990,27949650,USD (1),mar,1990,52434516.70881437
206,Malaysia,1991,38223939.99999999,USD (1),mar,1991,68795958.48614092
206,Malaysia,1992,39293880,USD (1),mar,1992,68642590.5201331
206,Malaysia,1993,69617200,USD (1),mar,1993,118127758.10902803
206,Malaysia,1994,92328540,USD (1),mar,1994,152683644.82762703
206,Malaysia,1995,104247790,USD (1),mar,1995,167690089.78379652
206,Malaysia,1996,121565920,USD (1),mar,1996,189978882.103496
206,Malaysia,1997,133906550,USD (1),mar,1997,204484172.41161367
206,Malaysia,1998,129282450,USD (1),mar,1998,194405154.8058639
206,Malaysia,1999,143860510,USD (1),mar,1999,211694601.64683095
206,Malaysia,2000,175726240,USD (1),mar,2000,250139040.24119267
206,Malaysia,2001,254638419.99999997,USD (1),mar,2001,352504876.1919713
206,Malaysia,2002,232419960.00000003,USD (1),mar,2002,316723745.6764424
206,Malaysia,2003,236987100,USD (1),mar,2003,315779003.6187998
206,Malaysia,2004,261285330.00000003,USD (1),mar,2004,339077832.2811925
206,Malaysia,2005,258593760,USD (1),mar,2005,324572961.99940276
206,Malaysia,2006,273613779.99999994,USD (1),mar,2006,332692798.5508248
206,Malaysia,2007,287510430,USD (1),mar,2007,339893968.33782226
206,Malaysia,2008,413396850.00000006,USD (1),mar,2008,470647872.75258124
206,Malaysia,2009,441578790,USD (1),mar,2009,504526533.9481656
206,Malaysia,2010,588721140,USD (1),mar,2010,661790601.6418991
206,Malaysia,2011,548290920,USD (1),mar,2011,597480838.2526395
206,Malaysia,2012,541964340,USD (1),mar,2012,578613210.3630441
206,Malaysia,2013,422913660,USD (1),mar,2013,444993638.49282026
206,Malaysia,2014,798990970,USD (1),mar,2014,827285228.1555176
206,Malaysia,2015,642067850,USD (1),mar,2015,664017365.2680157
206,Malaysia,2016,492491750,USD (1),mar,2016,502982366.0339492
206,Malaysia,2017,570279570,USD (1),mar,2017,570279570
206,Malaysia,2018,599281410,USD (1),mar,2018,586782301.4961259
206,Malaysia,2019,646979260,USD (1),mar,2019,618380858.1527913
206,Malaysia,2020,584437680,USD (1),mar,2020,548660913.1035964
206,Malaysia,2021,621245150,USD (1),mar,2021,576108404.3523687
206,Malaysia,2022,689975200,USD (1),mar,2022,611134611.2334183
68,Malta,1984,0,USD (1),mar,1984,0
68,Malta,1985,0,USD (1),mar,1985,0
68,Malta,1986,0,USD (1),mar,1986,0
68,Malta,1987,0,USD (1),mar,1987,0
68,Malta,1988,0,USD (1),mar,1988,0
68,Malta,1989,0,USD (1),mar,1989,0
68,Malta,1990,18000,USD (1),mar,1990,33768.62682569043
68,Malta,1991,1600200,USD (1),mar,1991,2880061.363886683
68,Malta,1992,4500200,USD (1),mar,1992,7861412.155244098
68,Malta,1993,5850200,USD (1),mar,1993,9926728.028266517
68,Malta,1994,8127200,USD (1),mar,1994,13439945.202676121
68,Malta,1995,8127200,USD (1),mar,1995,13073187.428633941
68,Malta,1996,10119580,USD (1),mar,1996,15814518.540697062
68,Malta,1997,10335599.999999998,USD (1),mar,1997,15783145.875817679
68,Malta,1998,10559900.000000002,USD (1),mar,1998,15879177.678288447
68,Malta,1999,8508500,USD (1),mar,1999,12520486.116113873
68,Malta,2000,5011019.999999999,USD (1),mar,2000,7132979.8750000065
68,Malta,2001,3080040,USD (1),mar,2001,4263807.161803468
68,Malta,2002,3747120,USD (1),mar,2002,5106282.102015294
68,Malta,2003,4540920,USD (1),mar,2003,6050655.048788227
68,Malta,2004,6328260,USD (1),mar,2004,8212373.357937006
68,Malta,2005,5365559.999999999,USD (1),mar,2005,6734561.970812889
68,Malta,2006,92092070,USD (1),mar,2006,111976701.21964787
68,Malta,2007,142413280,USD (1),mar,2007,168360552.63527456
68,Malta,2008,138006120,USD (1),mar,2008,157118485.07030824
68,Malta,2009,70349310,USD (1),mar,2009,80377713.65772578
68,Malta,2010,106738340,USD (1),mar,2010,119986230.23263201
68,Malta,2011,62808080,USD (1),mar,2011,68442906.70988832
68,Malta,2012,119500530,USD (1),mar,2012,127581429.62576702
68,Malta,2013,140650410,USD (1),mar,2013,147993653.6015577
68,Malta,2014,129289110,USD (1),mar,2014,133867559.05936435
68,Malta,2015,141930040,USD (1),mar,2015,146782012.5445996
68,Malta,2016,177732210,USD (1),mar,2016,181518101.58493564
68,Malta,2017,238893450,USD (1),mar,2017,238893450
68,Malta,2018,318086480,USD (1),mar,2018,311452205.41581863
68,Malta,2019,181246570,USD (1),mar,2019,173234934.13660577
68,Malta,2020,246072460,USD (1),mar,2020,231008959.91724592
68,Malta,2021,248620970,USD (1),mar,2021,230557341.679429
68,Malta,2022,337427910,USD (1),mar,2022,298871429.86755884
11,Marshall Islands,1984,0,USD (1),mar,1984,0
11,Marshall Islands,1985,0,USD (1),mar,1985,0
11,Marshall Islands,1986,0,USD (1),mar,1986,0
11,Marshall Islands,1987,0,USD (1),mar,1987,0
11,Marshall Islands,1988,0,USD (1),mar,1988,0
11,Marshall Islands,1989,0,USD (1),mar,1989,0
11,Marshall Islands,1990,0,USD (1),mar,1990,0
11,Marshall Islands,1991,0,USD (1),mar,1991,0
11,Marshall Islands,1992,0,USD (1),mar,1992,0
11,Marshall Islands,1993,0,USD (1),mar,1993,0
11,Marshall Islands,1994,0,USD (1),mar,1994,0
11,Marshall Islands,1995,0,USD (1),mar,1995,0
11,Marshall Islands,1996,0,USD (1),mar,1996,0
11,Marshall Islands,1997,0,USD (1),mar,1997,0
11,Marshall Islands,1998,0,USD (1),mar,1998,0
11,Marshall Islands,1999,0,USD (1),mar,1999,0
11,Marshall Islands,2000,0,USD (1),mar,2000,0
11,Marshall Islands,2001,0,USD (1),mar,2001,0
11,Marshall Islands,2002,0,USD (1),mar,2002,0
11,Marshall Islands,2003,0,USD (1),mar,2003,0
11,Marshall Islands,2004,0,USD (1),mar,2004,0
11,Marshall Islands,2005,0,USD (1),mar,2005,0
11,Marshall Islands,2006,0,USD (1),mar,2006,0
11,Marshall Islands,2007,0,USD (1),mar,2007,0
11,Marshall Islands,2008,0,USD (1),mar,2008,0
11,Marshall Islands,2009,0,USD (1),mar,2009,0
11,Marshall Islands,2010,0,USD (1),mar,2010,0
11,Marshall Islands,2011,0,USD (1),mar,2011,0
11,Marshall Islands,2012,0,USD (1),mar,2012,0
11,Marshall Islands,2013,0,USD (1),mar,2013,0
11,Marshall Islands,2014,2750,USD (1),mar,2014,2847.3843420629314
11,Marshall Islands,2015,900,USD (1),mar,2015,930.7670968749084
11,Marshall Islands,2016,44000,USD (1),mar,2016,44937.248401610304
11,Marshall Islands,2017,44000,USD (1),mar,2017,44000
11,Marshall Islands,2018,19980,USD (1),mar,2018,19563.280602834977
11,Marshall Islands,2019,39600,USD (1),mar,2019,37849.56256998181
11,Marshall Islands,2020,840700,USD (1),mar,2020,789235.9535172228
11,Marshall Islands,2021,76000,USD (1),mar,2021,70478.1980684759
11,Marshall Islands,2022,786550,USD (1),mar,2022,696674.2115740466
37,Mauritius,1984,33060,USD (1),mar,1984,78007.25260709133
37,Mauritius,1985,40370,USD (1),mar,1985,91993.9037418656
37,Mauritius,1986,38790,USD (1),mar,1986,86746.95023948915
37,Mauritius,1987,40560,USD (1),mar,1987,87498.792519252
37,Mauritius,1988,43690,USD (1),mar,1988,90558.30818828846
37,Mauritius,1989,60400,USD (1),mar,1989,119429.06292013993
37,Mauritius,1990,67910,USD (1),mar,1990,127401.5248740354
37,Mauritius,1991,89970,USD (1),mar,1991,161929.2094168759
37,Mauritius,1992,113280,USD (1),mar,1992,197889.1535811856
37,Mauritius,1993,178410,USD (1),mar,1993,302729.4019901934
37,Mauritius,1994,253460,USD (1),mar,1994,419146.63242817816
37,Mauritius,1995,332920,USD (1),mar,1995,535525.834080718
37,Mauritius,1996,220640,USD (1),mar,1996,344808.3192009352
37,Mauritius,1997,111720,USD (1),mar,1997,170603.84082649788
37,Mauritius,1998,87320,USD (1),mar,1998,131305.20126782896
37,Mauritius,1999,56480.00000000001,USD (1),mar,1999,83111.83590975044
37,Mauritius,2000,22500,USD (1),mar,2000,32027.820121951252
37,Mauritius,2001,42770,USD (1),mar,2001,59208.00778896843
37,Mauritius,2002,38590,USD (1),mar,2002,52587.43416724583
37,Mauritius,2003,44940,USD (1),mar,2003,59881.35397508499
37,Mauritius,2004,1938540,USD (1),mar,2004,2515701.6698579397
37,Mauritius,2005,2057250,USD (1),mar,2005,2582149.414870921
37,Mauritius,2006,2411440,USD (1),mar,2006,2932121.0435285866
37,Mauritius,2007,913800,USD (1),mar,2007,1080291.620262618
37,Mauritius,2008,1193850.0000000002,USD (1),mar,2008,1359185.3999024646
37,Mauritius,2009,1907560,USD (1),mar,2009,2179485.647619449
37,Mauritius,2010,2952529.9999999995,USD (1),mar,2010,3318984.952817825
37,Mauritius,2011,2946430.0000000005,USD (1),mar,2011,3210768.958662903
37,Mauritius,2012,2663230,USD (1),mar,2012,2843323.714315171
37,Mauritius,2013,3092050,USD (1),mar,2013,3253483.417635942
37,Mauritius,2014,6231880,USD (1),mar,2014,6452566.375860051
37,Mauritius,2015,5977250,USD (1),mar,2015,6181586.255328385
37,Mauritius,2016,7223300,USD (1),mar,2016,7377164.235894358
37,Mauritius,2017,8773020,USD (1),mar,2017,8773020
37,Mauritius,2018,15487110,USD (1),mar,2018,15164098.03087946
37,Mauritius,2019,23173910,USD (1),mar,2019,22149554.457983013
37,Mauritius,2020,20935800,USD (1),mar,2020,19654200.161348723
37,Mauritius,2021,13956780,USD (1),mar,2021,12942746.121554514
37,Mauritius,2022,8767220.000000002,USD (1),mar,2022,7765426.331696923
29,Mayotte,1984,0,USD (1),mar,1984,0
29,Mayotte,1985,0,USD (1),mar,1985,0
29,Mayotte,1986,0,USD (1),mar,1986,0
29,Mayotte,1987,0,USD (1),mar,1987,0
29,Mayotte,1988,0,USD (1),mar,1988,0
29,Mayotte,1989,0,USD (1),mar,1989,0
29,Mayotte,1990,0,USD (1),mar,1990,0
29,Mayotte,1991,0,USD (1),mar,1991,0
29,Mayotte,1992,0,USD (1),mar,1992,0
29,Mayotte,1993,0,USD (1),mar,1993,0
29,Mayotte,1994,0,USD (1),mar,1994,0
29,Mayotte,1995,0,USD (1),mar,1995,0
29,Mayotte,1996,3910,USD (1),mar,1996,6110.408484751888
29,Mayotte,1997,8000,USD (1),mar,1997,12216.529955352515
29,Mayotte,1998,8000,USD (1),mar,1998,12029.793977813006
29,Mayotte,1999,8000,USD (1),mar,1999,11772.214718094963
29,Mayotte,2000,12000,USD (1),mar,2000,17081.50406504067
29,Mayotte,2001,12000,USD (1),mar,2001,16612.019954819294
29,Mayotte,2002,0,USD (1),mar,2002,0
29,Mayotte,2003,1204690,USD (1),mar,2003,1605217.3636013602
29,Mayotte,2004,740120,USD (1),mar,2004,960475.9870290313
29,Mayotte,2005,887660.0000000001,USD (1),mar,2005,1114143.030552593
29,Mayotte,2006,730380,USD (1),mar,2006,888084.5336282094
29,Mayotte,2007,988500,USD (1),mar,2007,1168601.7362985313
29,Mayotte,2008,955810,USD (1),mar,2008,1088179.4170798461
29,Mayotte,2009,1054450,USD (1),mar,2009,1204763.4890290885
29,Mayotte,2010,604520,USD (1),mar,2010,679550.3462039105
29,Mayotte,2011,375900,USD (1),mar,2011,409623.8673789586
29,Mayotte,2012,809420,USD (1),mar,2012,864154.8348587939
29,Mayotte,2013,1087730,USD (1),mar,2013,1144519.4993176511
29,Mayotte,2014,956520,USD (1),mar,2014,990392.7530436491
29,Mayotte,2015,466000,USD (1),mar,2015,481930.51904856367
29,Mayotte,2016,166030,USD (1),mar,2016,169566.62163907636
29,Mayotte,2017,135560,USD (1),mar,2017,135560
29,Mayotte,2018,141720,USD (1),mar,2018,138764.17052221086
29,Mayotte,2019,117550,USD (1),mar,2019,112353.94141670107
29,Mayotte,2020,0,USD (1),mar,2020,0
29,Mayotte,2021,0,USD (1),mar,2021,0
29,Mayotte,2022,0,USD (1),mar,2022,0
135,Mexico,1984,0,USD (1),mar,1984,0
135,Mexico,1985,175000,USD (1),mar,1985,398784.57158351445
135,Mexico,1986,215000,USD (1),mar,1986,480809.34007450804
135,Mexico,1987,1720600,USD (1),mar,1987,3711795.4242757643
135,Mexico,1988,3036500,USD (1),mar,1988,6293895.692692559
135,Mexico,1989,14236000,USD (1),mar,1989,28148876.485614438
135,Mexico,1990,22410500,USD (1),mar,1990,42042878.415396415
135,Mexico,1991,26131500,USD (1),mar,1991,47031823.22859945
135,Mexico,1992,42137900,USD (1),mar,1992,73610817.13178532
135,Mexico,1993,57877550,USD (1),mar,1993,98207701.92342088
135,Mexico,1994,67743360,USD (1),mar,1994,112027149.10979937
135,Mexico,1995,74356390,USD (1),mar,1995,119607616.76673423
135,Mexico,1996,65365750,USD (1),mar,1996,102151261.74224316
135,Mexico,1997,109392480,USD (1),mar,1997,167049563.6012876
135,Mexico,1998,145582900,USD (1),mar,1998,218916536.71156913
135,Mexico,1999,169889700,USD (1),mar,1999,249997253.34909222
135,Mexico,2000,196097699.99999997,USD (1),mar,2000,279136971.64126045
135,Mexico,2001,307086130,USD (1),mar,2001,425110076.61735266
135,Mexico,2002,238586570,USD (1),mar,2002,325127119.5403988
135,Mexico,2003,204677240,USD (1),mar,2003,272726975.05748606
135,Mexico,2004,273134250,USD (1),mar,2004,354454532.184219
135,Mexico,2005,396830649.99999994,USD (1),mar,2005,498080462.12193316
135,Mexico,2006,488277200,USD (1),mar,2006,593706604.0188503
135,Mexico,2007,450643269.99999994,USD (1),mar,2007,532749122.68411505
135,Mexico,2008,500698630,USD (1),mar,2008,570040011.4312234
135,Mexico,2009,426107380,USD (1),mar,2009,486849650.36734194
135,Mexico,2010,339762240,USD (1),mar,2010,381932025.1092042
135,Mexico,2011,390888680.00000006,USD (1),mar,2011,425957256.7604582
135,Mexico,2012,385196730,USD (1),mar,2012,411244615.4052252
135,Mexico,2013,384603240,USD (1),mar,2013,404683062.5989413
135,Mexico,2014,488349630,USD (1),mar,2014,505643305.42335486
135,Mexico,2015,555902940,USD (1),mar,2015,574906850.6755849
135,Mexico,2016,638271410,USD (1),mar,2016,651867293.1549104
135,Mexico,2017,691981190.0000001,USD (1),mar,2017,691981190.0000001
135,Mexico,2018,650504030,USD (1),mar,2018,636936580.1884376
135,Mexico,2019,920967250,USD (1),mar,2019,880257766.5095729
135,Mexico,2020,722241620,USD (1),mar,2020,678029087.2255545
135,Mexico,2021,821465250,USD (1),mar,2021,761781455.2088168
135,Mexico,2022,991373260,USD (1),mar,2022,878093171.8086483
9,Micronesia,1984,300.00000000000006,USD (1),mar,1984,707.8698058719723
9,Micronesia,1985,25700,USD (1),mar,1985,58564.362798264694
9,Micronesia,1986,550,USD (1),mar,1986,1229.9773815859508
9,Micronesia,1987,500,USD (1),mar,1987,1078.6340300696745
9,Micronesia,1988,600.0000000000001,USD (1),mar,1988,1243.648086815589
9,Micronesia,1989,600.0000000000001,USD (1),mar,1989,1186.3814197364895
9,Micronesia,1990,300.00000000000006,USD (1),mar,1990,562.8104470948406
9,Micronesia,1991,300.00000000000006,USD (1),mar,1991,539.9440127271622
9,Micronesia,1992,300.00000000000006,USD (1),mar,1992,524.0708516450891
9,Micronesia,1993,300.00000000000006,USD (1),mar,1993,509.04557254110216
9,Micronesia,1994,300.00000000000006,USD (1),mar,1994,496.1097992916179
9,Micronesia,1995,300.00000000000006,USD (1),mar,1995,482.5716395056333
9,Micronesia,1996,300.00000000000006,USD (1),mar,1996,468.82929550526006
9,Micronesia,1997,300.00000000000006,USD (1),mar,1997,458.11987332571937
9,Micronesia,1998,300.00000000000006,USD (1),mar,1998,451.1172741679878
9,Micronesia,1999,300.00000000000006,USD (1),mar,1999,441.4580519285612
9,Micronesia,2000,300.00000000000006,USD (1),mar,2000,427.0376016260168
9,Micronesia,2001,300.00000000000006,USD (1),mar,2001,415.30049887048244
9,Micronesia,2002,300.00000000000006,USD (1),mar,2002,408.8165392633779
9,Micronesia,2003,300.00000000000006,USD (1),mar,2003,399.74201585504005
9,Micronesia,2004,300.00000000000006,USD (1),mar,2004,389.3190240889443
9,Micronesia,2005,300.00000000000006,USD (1),mar,2005,376.5438446767658
9,Micronesia,2006,300.00000000000006,USD (1),mar,2006,364.7763631102479
9,Micronesia,2007,300.00000000000006,USD (1),mar,2007,354.65910054583657
9,Micronesia,2008,0,USD (1),mar,2008,0
9,Micronesia,2009,0,USD (1),mar,2009,0
9,Micronesia,2010,0,USD (1),mar,2010,0
9,Micronesia,2011,0,USD (1),mar,2011,0
9,Micronesia,2012,0,USD (1),mar,2012,0
9,Micronesia,2013,0,USD (1),mar,2013,0
9,Micronesia,2014,0,USD (1),mar,2014,0
9,Micronesia,2015,0,USD (1),mar,2015,0
9,Micronesia,2016,2950,USD (1),mar,2016,3012.8382451079638
9,Micronesia,2017,2950,USD (1),mar,2017,2950
9,Micronesia,2018,2950,USD (1),mar,2018,2888.4723612794387
9,Micronesia,2019,2950,USD (1),mar,2019,2819.601252056726
9,Micronesia,2020,2950,USD (1),mar,2020,2769.4136587079897
9,Micronesia,2021,2950,USD (1),mar,2021,2735.6668987105777
9,Micronesia,2022,2950,USD (1),mar,2022,2612.9158021021394
62,Morocco,1984,250550,USD (1),mar,1984,591189.2662040754
62,Morocco,1985,358050,USD (1),mar,1985,815913.2334598706
62,Morocco,1986,372500,USD (1),mar,1986,833030.1357104849
62,Morocco,1987,502710,USD (1),mar,1987,1084480.2265126524
62,Morocco,1988,511940,USD (1),mar,1988,1061122.0026072876
62,Morocco,1989,540000,USD (1),mar,1989,1067743.2777628405
62,Morocco,1990,3489100,USD (1),mar,1990,6545673.10319536
62,Morocco,1991,5369000,USD (1),mar,1991,9663198.014440445
62,Morocco,1992,5726420,USD (1),mar,1992,10003499.354258234
62,Morocco,1993,8171470,USD (1),mar,1993,13865502.082174797
62,Morocco,1994,10470360,USD (1),mar,1994,17314827.32703661
62,Morocco,1995,10848550,USD (1),mar,1995,17450675.199196123
62,Morocco,1996,10056100,USD (1),mar,1996,15715314.26176815
62,Morocco,1997,6710389.999999999,USD (1),mar,1997,10247210.055887245
62,Morocco,1998,5520310,USD (1),mar,1998,8301023.999207614
62,Morocco,1999,5409510,USD (1),mar,1999,7960239.154960236
62,Morocco,2000,4058970,USD (1),mar,2000,5777776.046239844
62,Morocco,2001,2606280,USD (1),mar,2001,3607964.6139872023
62,Morocco,2002,3648100,USD (1),mar,2002,4971345.389622428
62,Morocco,2003,4518849.999999999,USD (1),mar,2003,6021247.361155157
62,Morocco,2004,4196920,USD (1),mar,2004,5446469.328597905
62,Morocco,2005,6335600,USD (1),mar,2005,7952103.9411137225
62,Morocco,2006,984810,USD (1),mar,2006,1197451.3671820106
62,Morocco,2007,1563040,USD (1),mar,2007,1847821.2017238808
62,Morocco,2008,843990,USD (1),mar,2008,960873.5483215486
62,Morocco,2009,1155770,USD (1),mar,2009,1320526.8127603487
62,Morocco,2010,875330,USD (1),mar,2010,983972.08453429
62,Morocco,2011,1108889.9999999998,USD (1),mar,2011,1208374.0630429725
62,Morocco,2012,1832050,USD (1),mar,2012,1955937.4184021316
62,Morocco,2013,1906120,USD (1),mar,2013,2005636.9761240026
62,Morocco,2014,3809000,USD (1),mar,2014,3943886.1668791655
62,Morocco,2015,1927800,USD (1),mar,2015,1993703.1215060537
62,Morocco,2016,2175770,USD (1),mar,2016,2222116.294426629
62,Morocco,2017,2255980,USD (1),mar,2017,2255980
62,Morocco,2018,2627090,USD (1),mar,2018,2572297.2391842715
62,Morocco,2019,3513580,USD (1),mar,2019,3358269.344814058
62,Morocco,2020,4332809.999999999,USD (1),mar,2020,4067573.9642666318
62,Morocco,2021,7466420,USD (1),mar,2021,6923945.100295129
62,Morocco,2022,9954500,USD (1),mar,2022,8817040.797296863
41,Mozambique,1984,100,USD (1),mar,1984,235.95660195732404
41,Mozambique,1985,100,USD (1),mar,1985,227.87689804772256
41,Mozambique,1986,23250,USD (1),mar,1986,51994.498403406105
41,Mozambique,1987,8090,USD (1),mar,1987,17452.298606527336
41,Mozambique,1988,3810,USD (1),mar,1988,7897.16535127899
41,Mozambique,1989,4500,USD (1),mar,1989,8897.86064802367
41,Mozambique,1990,7500,USD (1),mar,1990,14070.261177371012
41,Mozambique,1991,7500,USD (1),mar,1991,13498.600318179053
41,Mozambique,1992,6400,USD (1),mar,1992,11180.178168428565
41,Mozambique,1993,3200,USD (1),mar,1993,5429.819440438422
41,Mozambique,1994,100,USD (1),mar,1994,165.36993309720594
41,Mozambique,1995,0,USD (1),mar,1995,0
41,Mozambique,1996,0,USD (1),mar,1996,0
41,Mozambique,1997,0,USD (1),mar,1997,0
41,Mozambique,1998,0,USD (1),mar,1998,0
41,Mozambique,1999,0,USD (1),mar,1999,0
41,Mozambique,2000,0,USD (1),mar,2000,0
41,Mozambique,2001,0,USD (1),mar,2001,0
41,Mozambique,2002,3031400,USD (1),mar,2002,4130954.8570766784
41,Mozambique,2003,1780250,USD (1),mar,2003,2372135.7457531164
41,Mozambique,2004,3021400,USD (1),mar,2004,3920961.6646077866
41,Mozambique,2005,6647200,USD (1),mar,2005,8343207.48111799
41,Mozambique,2006,5973000,USD (1),mar,2006,7262697.3895250345
41,Mozambique,2007,4171800,USD (1),mar,2007,4931889.452190402
41,Mozambique,2008,3626000,USD (1),mar,2008,4128162.047197165
41,Mozambique,2009,2248600,USD (1),mar,2009,2569141.4305380136
41,Mozambique,2010,4002000,USD (1),mar,2010,4498710.523238354
41,Mozambique,2011,2501480,USD (1),mar,2011,2725900.2707398706
41,Mozambique,2012,342120,USD (1),mar,2012,365254.9382297084
41,Mozambique,2013,302280,USD (1),mar,2013,318061.79314144095
41,Mozambique,2014,287060,USD (1),mar,2014,297225.5088118491
41,Mozambique,2015,0,USD (1),mar,2015,0
41,Mozambique,2016,0,USD (1),mar,2016,0
41,Mozambique,2017,0,USD (1),mar,2017,0
41,Mozambique,2018,41440,USD (1),mar,2018,40575.69310217625
41,Mozambique,2019,79940,USD (1),mar,2019,76406.4149455643
41,Mozambique,2020,107970,USD (1),mar,2020,101360.53990871242
41,Mozambique,2021,152750,USD (1),mar,2021,141651.9046705223
41,Mozambique,2022,156620,USD (1),mar,2022,138723.6857373685
205,Myanmar,1984,0,USD (1),mar,1984,0
205,Myanmar,1985,0,USD (1),mar,1985,0
205,Myanmar,1986,0,USD (1),mar,1986,0
205,Myanmar,1987,0,USD (1),mar,1987,0
205,Myanmar,1988,0,USD (1),mar,1988,0
205,Myanmar,1989,25030,USD (1),mar,1989,49491.87822667388
205,Myanmar,1990,13430,USD (1),mar,1990,25195.14768161236
205,Myanmar,1991,13520,USD (1),mar,1991,24333.47684023744
205,Myanmar,1992,0,USD (1),mar,1992,0
205,Myanmar,1993,0,USD (1),mar,1993,0
205,Myanmar,1994,0,USD (1),mar,1994,0
205,Myanmar,1995,14859000,USD (1),mar,1995,23901773.304714013
205,Myanmar,1996,22450000,USD (1),mar,1996,35084058.94697695
205,Myanmar,1997,26537500,USD (1),mar,1997,40524520.46127092
205,Myanmar,1998,29900000,USD (1),mar,1998,44961354.99207611
205,Myanmar,1999,29616000,USD (1),mar,1999,43580738.88638755
205,Myanmar,2000,29784000,USD (1),mar,2000,42396293.08943094
205,Myanmar,2001,32838000,USD (1),mar,2001,45458792.606363
205,Myanmar,2002,25800000,USD (1),mar,2002,35158222.37665049
205,Myanmar,2003,76084000,USD (1),mar,2003,101379905.11438286
205,Myanmar,2004,118200000,USD (1),mar,2004,153391695.491044
205,Myanmar,2005,194560000,USD (1),mar,2005,244201234.73437178
205,Myanmar,2006,196504000,USD (1),mar,2006,238933381.5220538
205,Myanmar,2007,193212000,USD (1),mar,2007,228414647.11554053
205,Myanmar,2008,221121100,USD (1),mar,2008,251743996.92622423
205,Myanmar,2009,253039900,USD (1),mar,2009,289111131.6682362
205,Myanmar,2010,224195420,USD (1),mar,2010,252021563.0224494
205,Myanmar,2011,269426610,USD (1),mar,2011,293598217.51264274
205,Myanmar,2012,281652200,USD (1),mar,2012,300698167.0561834
205,Myanmar,2013,280412500,USD (1),mar,2013,295052608.7378401
205,Myanmar,2014,263416250,USD (1),mar,2014,272744474.79815805
205,Myanmar,2015,330714800,USD (1),mar,2015,342020504.7661844
205,Myanmar,2016,548867240,USD (1),mar,2016,560558715.9860514
205,Myanmar,2017,379561550,USD (1),mar,2017,379561550
205,Myanmar,2018,185921370,USD (1),mar,2018,182043640.20888412
205,Myanmar,2019,376362540,USD (1),mar,2019,359726199.6648304
205,Myanmar,2020,485006480.00000006,USD (1),mar,2020,455316464.49962157
205,Myanmar,2021,404414730,USD (1),mar,2021,375031861.08880526
205,Myanmar,2022,452424280,USD (1),mar,2022,400727644.2259942
101,Namibia,1984,0,USD (1),mar,1984,0
101,Namibia,1985,0,USD (1),mar,1985,0
101,Namibia,1986,0,USD (1),mar,1986,0
101,Namibia,1987,0,USD (1),mar,1987,0
101,Namibia,1988,0,USD (1),mar,1988,0
101,Namibia,1989,0,USD (1),mar,1989,0
101,Namibia,1990,36000,USD (1),mar,1990,67537.25365138086
101,Namibia,1991,40000,USD (1),mar,1991,71992.53503028829
101,Namibia,1992,45200,USD (1),mar,1992,78960.00831452674
101,Namibia,1993,77600,USD (1),mar,1993,131673.12143063173
101,Namibia,1994,91800,USD (1),mar,1994,151809.59858323506
101,Namibia,1995,92800,USD (1),mar,1995,149275.4938204092
101,Namibia,1996,92800,USD (1),mar,1996,145024.52874296042
101,Namibia,1997,84800,USD (1),mar,1997,129495.21752673665
101,Namibia,1998,84800,USD (1),mar,1998,127515.81616481785
101,Namibia,1999,86000,USD (1),mar,1999,126551.30821952086
101,Namibia,2000,91000,USD (1),mar,2000,129534.73915989173
101,Namibia,2001,92000,USD (1),mar,2001,127358.81965361458
101,Namibia,2002,107840,USD (1),mar,2002,146955.91864720886
101,Namibia,2003,219810,USD (1),mar,2003,292890.97501698777
101,Namibia,2004,352310,USD (1),mar,2004,457203.2845892531
101,Namibia,2005,352310,USD (1),mar,2005,442200.5397269044
101,Namibia,2006,745300,USD (1),mar,2006,906226.0780868924
101,Namibia,2007,1079550,USD (1),mar,2007,1276240.7733141927
101,Namibia,2008,1522780,USD (1),mar,2008,1733668.6713267786
101,Namibia,2009,1682960,USD (1),mar,2009,1922868.5679704063
101,Namibia,2010,1790200,USD (1),mar,2010,2012391.6988259123
101,Namibia,2011,2373790,USD (1),mar,2011,2586754.5627706787
101,Namibia,2012,3607190,USD (1),mar,2012,3851116.452217999
101,Namibia,2013,2113660,USD (1),mar,2013,2224012.4708592636
101,Namibia,2014,2331950.0000000005,USD (1),mar,2014,2414530.151444965
101,Namibia,2015,1947000,USD (1),mar,2015,2013559.4862393853
101,Namibia,2016,1755650,USD (1),mar,2016,1793047.2762792532
101,Namibia,2017,1737480,USD (1),mar,2017,1737480
101,Namibia,2018,1374800,USD (1),mar,2018,1346126.03467355
101,Namibia,2019,1862970,USD (1),mar,2019,1780621.2015403793
101,Namibia,2020,1326210,USD (1),mar,2020,1245025.1146830926
101,Namibia,2021,1484910,USD (1),mar,2021,1377023.4354455336
101,Namibia,2022,1412340,USD (1),mar,2022,1250957.7979460799
10,Nauru,1984,0,USD (1),mar,1984,0
10,Nauru,1985,0,USD (1),mar,1985,0
10,Nauru,1986,0,USD (1),mar,1986,0
10,Nauru,1987,0,USD (1),mar,1987,0
10,Nauru,1988,0,USD (1),mar,1988,0
10,Nauru,1989,0,USD (1),mar,1989,0
10,Nauru,1990,0,USD (1),mar,1990,0
10,Nauru,1991,0,USD (1),mar,1991,0
10,Nauru,1992,0,USD (1),mar,1992,0
10,Nauru,1993,0,USD (1),mar,1993,0
10,Nauru,1994,0,USD (1),mar,1994,0
10,Nauru,1995,0,USD (1),mar,1995,0
10,Nauru,1996,0,USD (1),mar,1996,0
10,Nauru,1997,0,USD (1),mar,1997,0
10,Nauru,1998,0,USD (1),mar,1998,0
10,Nauru,1999,0,USD (1),mar,1999,0
10,Nauru,2000,0,USD (1),mar,2000,0
10,Nauru,2001,2000,USD (1),mar,2001,2768.6699924698823
10,Nauru,2002,0,USD (1),mar,2002,0
10,Nauru,2003,0,USD (1),mar,2003,0
10,Nauru,2004,0,USD (1),mar,2004,0
10,Nauru,2005,0,USD (1),mar,2005,0
10,Nauru,2006,4000,USD (1),mar,2006,4863.684841469971
10,Nauru,2007,0,USD (1),mar,2007,0
10,Nauru,2008,0,USD (1),mar,2008,0
10,Nauru,2009,0,USD (1),mar,2009,0
10,Nauru,2010,0,USD (1),mar,2010,0
10,Nauru,2011,0,USD (1),mar,2011,0
10,Nauru,2012,5000,USD (1),mar,2012,5338.111455479194
10,Nauru,2013,500,USD (1),mar,2013,526.104593657273
10,Nauru,2014,1500,USD (1),mar,2014,1553.118732034326
10,Nauru,2015,1500,USD (1),mar,2015,1551.278494791514
10,Nauru,2016,1500,USD (1),mar,2016,1531.9516500548968
10,Nauru,2017,1500,USD (1),mar,2017,1500
10,Nauru,2018,2500,USD (1),mar,2018,2447.8579332876598
10,Nauru,2019,2670,USD (1),mar,2019,2551.978082369986
10,Nauru,2020,4450,USD (1),mar,2020,4177.590095339171
10,Nauru,2021,4450,USD (1),mar,2021,4126.683965851549
10,Nauru,2022,4450,USD (1),mar,2022,3941.5170574083118
177,Netherlands,1984,39096850,USD (1),mar,1984,92251598.73235205
177,Netherlands,1985,75563800,USD (1),mar,1985,172192443.48698497
177,Netherlands,1986,55832400,USD (1),mar,1986,124859253.01756263
177,Netherlands,1987,64556650,USD (1),mar,1987,139265999.1145949
177,Netherlands,1988,43645540,USD (1),mar,1988,90466153.86505543
177,Netherlands,1989,102748410,USD (1),mar,1989,203164674.2191115
177,Netherlands,1990,57831050,USD (1),mar,1990,108493063.68821359
177,Netherlands,1991,50774850,USD (1),mar,1991,91385254.18206583
177,Netherlands,1992,56960840,USD (1),mar,1992,99505053.09739883
177,Netherlands,1993,51480549.99999999,USD (1),mar,1993,87353153.49826942
177,Netherlands,1994,59881210,USD (1),mar,1994,99025516.9147974
177,Netherlands,1995,50951299.99999999,USD (1),mar,1995,81958841.25314455
177,Netherlands,1996,56812680,USD (1),mar,1996,88784829.1338859
177,Netherlands,1997,58434400,USD (1),mar,1997,89233199.75288138
177,Netherlands,1998,62079500,USD (1),mar,1998,93350449.4057053
177,Netherlands,1999,63738470,USD (1),mar,1999,93792869.33035678
177,Netherlands,2000,69768440,USD (1),mar,2000,99312490.95596217
177,Netherlands,2001,74959580,USD (1),mar,2001,103769169.89707278
177,Netherlands,2002,63620780,USD (1),mar,2002,86697423.68278907
177,Netherlands,2003,85003150,USD (1),mar,2003,113264435.11676113
177,Netherlands,2004,78091460,USD (1),mar,2004,101341636.6562694
177,Netherlands,2005,74644230,USD (1),mar,2005,93689417.82378925
177,Netherlands,2006,67268080,USD (1),mar,2006,81792685.25269733
177,Netherlands,2007,102469150,USD (1),mar,2007,121138721.908988
177,Netherlands,2008,101760950,USD (1),mar,2008,115853748.39402327
177,Netherlands,2009,84003680,USD (1),mar,2009,95978535.35784823
177,Netherlands,2010,101905330,USD (1),mar,2010,114553368.42705576
177,Netherlands,2011,77427870,USD (1),mar,2011,84374311.12613793
177,Netherlands,2012,96106310,USD (1),mar,2012,102605238.87096693
177,Netherlands,2013,104254690,USD (1),mar,2013,109697742.63862993
177,Netherlands,2014,100618010,USD (1),mar,2014,104181144.07401143
177,Netherlands,2015,90663840,USD (1),mar,2015,93763243.49814577
177,Netherlands,2016,69258930.00000001,USD (1),mar,2016,70734221.39635774
177,Netherlands,2017,76767480,USD (1),mar,2017,76767480
177,Netherlands,2018,81975959.99999999,USD (1),mar,2018,80266201.60994874
177,Netherlands,2019,75995520,USD (1),mar,2019,72636292.65854304
177,Netherlands,2020,73262180.00000001,USD (1),mar,2020,68777383.71482147
177,Netherlands,2021,90299860,USD (1),mar,2021,83739097.6136269
177,Netherlands,2022,86202040,USD (1),mar,2022,76352092.36930193
244,Curacao,1984,0,USD (1),mar,1984,0
244,Curacao,1985,0,USD (1),mar,1985,0
244,Curacao,1986,0,USD (1),mar,1986,0
244,Curacao,1987,52500,USD (1),mar,1987,113256.57315731584
244,Curacao,1988,25000,USD (1),mar,1988,51818.67028398287
244,Curacao,1989,25000,USD (1),mar,1989,49432.55915568706
244,Curacao,1990,25000,USD (1),mar,1990,46900.87059123671
244,Curacao,1991,25000,USD (1),mar,1991,44995.33439393018
244,Curacao,1992,12500,USD (1),mar,1992,21836.28548521204
244,Curacao,1993,12500,USD (1),mar,1993,21210.232189212584
244,Curacao,1994,12500,USD (1),mar,1994,20671.241637150742
244,Curacao,1995,10400,USD (1),mar,1995,16729.150169528617
244,Curacao,1996,10400,USD (1),mar,1996,16252.748910849012
244,Curacao,1997,12500,USD (1),mar,1997,19088.328055238304
244,Curacao,1998,12500,USD (1),mar,1998,18796.55309033282
244,Curacao,1999,12500,USD (1),mar,1999,18394.08549702338
244,Curacao,2000,12500,USD (1),mar,2000,17793.23340108403
244,Curacao,2001,13000,USD (1),mar,2001,17996.354951054236
244,Curacao,2002,0,USD (1),mar,2002,0
244,Curacao,2003,0,USD (1),mar,2003,0
244,Curacao,2004,0,USD (1),mar,2004,0
244,Curacao,2005,0,USD (1),mar,2005,0
244,Curacao,2006,0,USD (1),mar,2006,0
244,Curacao,2007,0,USD (1),mar,2007,0
244,Curacao,2008,0,USD (1),mar,2008,0
244,Curacao,2009,0,USD (1),mar,2009,0
244,Curacao,2010,0,USD (1),mar,2010,0
244,Curacao,2011,0,USD (1),mar,2011,0
244,Curacao,2012,0,USD (1),mar,2012,0
244,Curacao,2013,0,USD (1),mar,2013,0
244,Curacao,2014,0,USD (1),mar,2014,0
244,Curacao,2015,0,USD (1),mar,2015,0
244,Curacao,2016,0,USD (1),mar,2016,0
244,Curacao,2017,0,USD (1),mar,2017,0
244,Curacao,2018,0,USD (1),mar,2018,0
244,Curacao,2019,0,USD (1),mar,2019,0
244,Curacao,2020,0,USD (1),mar,2020,0
244,Curacao,2021,0,USD (1),mar,2021,0
244,Curacao,2022,0,USD (1),mar,2022,0
5,New Caledonia,1984,612000,USD (1),mar,1984,1444054.4039788232
5,New Caledonia,1985,1044000,USD (1),mar,1985,2379034.8156182235
5,New Caledonia,1986,708000,USD (1),mar,1986,1583316.338477915
5,New Caledonia,1987,1167210,USD (1),mar,1987,2517984.8524752497
5,New Caledonia,1988,3068480,USD (1),mar,1988,6360182.13571983
5,New Caledonia,1989,3967160.000000001,USD (1),mar,1989,7844274.85520302
5,New Caledonia,1990,6570430,USD (1),mar,1990,12326355.486351177
5,New Caledonia,1991,7654780,USD (1),mar,1991,13777175.432478754
5,New Caledonia,1992,9298259.999999998,USD (1),mar,1992,16243156.790058212
5,New Caledonia,1993,7303030,USD (1),mar,1993,12391916.958782814
5,New Caledonia,1994,8126210,USD (1),mar,1994,13438308.040338458
5,New Caledonia,1995,11176270,USD (1),mar,1995,17977836.458192077
5,New Caledonia,1996,11338920,USD (1),mar,1996,17720059.584635008
5,New Caledonia,1997,12164680,USD (1),mar,1997,18576272.202159703
5,New Caledonia,1998,17519170.000000004,USD (1),mar,1998,26344000.72028529
5,New Caledonia,1999,20185100,USD (1),mar,1999,29702916.413277328
5,New Caledonia,2000,12265100,USD (1),mar,2000,17458862.959010858
5,New Caledonia,2001,11966670,USD (1),mar,2001,16565880.069394784
5,New Caledonia,2002,14413340,USD (1),mar,2002,19641372.59342138
5,New Caledonia,2003,13937020,USD (1),mar,2003,18570708.232706696
5,New Caledonia,2004,21141989.999999996,USD (1),mar,2004,27436596.380327385
5,New Caledonia,2005,21022790,USD (1),mar,2005,26386673.908107545
5,New Caledonia,2006,19957460,USD (1),mar,2006,24266698.919060823
5,New Caledonia,2007,16427130.000000002,USD (1),mar,2007,19420103.834498424
5,New Caledonia,2008,23585400,USD (1),mar,2008,26851724.53060232
5,New Caledonia,2009,19795309.999999996,USD (1),mar,2009,22617162.257112622
5,New Caledonia,2010,12073360,USD (1),mar,2010,13571851.994713897
5,New Caledonia,2011,17130670,USD (1),mar,2011,18667548.00796144
5,New Caledonia,2012,16904680,USD (1),mar,2012,18047813.191842005
5,New Caledonia,2013,18729650,USD (1),mar,2013,19707509.805185888
5,New Caledonia,2014,19688910,USD (1),mar,2014,20386143.28955864
5,New Caledonia,2015,12511990,USD (1),mar,2015,12939720.676030984
5,New Caledonia,2016,17052060,USD (1),mar,2016,17415287.63589007
5,New Caledonia,2017,16130970.000000002,USD (1),mar,2017,16130970.000000002
5,New Caledonia,2018,18984410,USD (1),mar,2018,18588455.450914234
5,New Caledonia,2019,18139980,USD (1),mar,2019,17338139.091621686
5,New Caledonia,2020,18703960,USD (1),mar,2020,17558983.8291281
5,New Caledonia,2021,18664039.999999996,USD (1),mar,2021,17307998.78786785
5,New Caledonia,2022,16817550,USD (1),mar,2022,14895878.694116214
162,New Zealand,1984,5384769.999999999,USD (1),mar,1984,12705720.315217396
162,New Zealand,1985,4533990,USD (1),mar,1985,10331915.769793935
162,New Zealand,1986,8195420,USD (1),mar,1986,18327602.241085697
162,New Zealand,1987,10835430,USD (1),mar,1987,23374927.05687571
162,New Zealand,1988,17784390,USD (1),mar,1988,36862537.66447049
162,New Zealand,1989,17444710,USD (1),mar,1989,34493466.361152224
162,New Zealand,1990,23241080,USD (1),mar,1990,43601075.41922319
162,New Zealand,1991,30245559.999999996,USD (1),mar,1991,54436363.44526714
162,New Zealand,1992,31410200,USD (1),mar,1992,54870567.54780858
162,New Zealand,1993,34357500,USD (1),mar,1993,58298444.19526971
162,New Zealand,1994,38109510,USD (1),mar,1994,63021671.19067301
162,New Zealand,1995,52995570,USD (1),mar,1995,85247197.00478517
162,New Zealand,1996,44830080,USD (1),mar,1996,70058849.41281481
162,New Zealand,1997,45900000,USD (1),mar,1997,70092340.61883505
162,New Zealand,1998,56071250,USD (1),mar,1998,84315698.19730593
162,New Zealand,1999,56665000,USD (1),mar,1999,83384068.37510638
162,New Zealand,2000,93660750,USD (1),mar,2000,133322206.82164648
162,New Zealand,2001,94569880,USD (1),mar,2001,130916394.47373883
162,New Zealand,2002,108388490,USD (1),mar,2002,147703357.92594412
162,New Zealand,2003,246801880,USD (1),mar,2003,328856936.7600456
162,New Zealand,2004,165929250,USD (1),mar,2004,215331378.9260348
162,New Zealand,2005,210166229.99999997,USD (1),mar,2005,263789334.21807137
162,New Zealand,2006,225518280,USD (1),mar,2006,274212459.97759515
162,New Zealand,2007,422668060,USD (1),mar,2007,499676913.2968455
162,New Zealand,2008,379503000,USD (1),mar,2008,432060088.6369183
162,New Zealand,2009,124296340,USD (1),mar,2009,142014976.7669836
162,New Zealand,2010,327940000,USD (1),mar,2010,368642461.01718783
162,New Zealand,2011,273900529.99999994,USD (1),mar,2011,298473515.2321002
162,New Zealand,2012,364565190,USD (1),mar,2012,389217923.4015898
162,New Zealand,2013,387536680,USD (1),mar,2013,407769655.1173773
162,New Zealand,2014,535906640,USD (1),mar,2014,554884427.4703841
162,New Zealand,2015,645620670,USD (1),mar,2015,667691640.7759259
162,New Zealand,2016,785525570,USD (1),mar,2016,802258128.7478756
162,New Zealand,2017,803337250,USD (1),mar,2017,803337250
162,New Zealand,2018,786715030,USD (1),mar,2018,770306650.9688557
162,New Zealand,2019,826314410,USD (1),mar,2019,789788862.7215304
162,New Zealand,2020,909406360,USD (1),mar,2020,853736404.9830222
162,New Zealand,2021,834198220,USD (1),mar,2021,773589307.5990794
162,New Zealand,2022,846409389.9999999,USD (1),mar,2022,749693718.7046211
131,Nicaragua,1984,98000,USD (1),mar,1984,231237.46991817755
131,Nicaragua,1985,175000,USD (1),mar,1985,398784.57158351445
131,Nicaragua,1986,245000,USD (1),mar,1986,547899.0154337417
131,Nicaragua,1987,301500,USD (1),mar,1987,650416.3201320138
131,Nicaragua,1988,476000,USD (1),mar,1988,986627.4822070339
131,Nicaragua,1989,560000,USD (1),mar,1989,1107289.3250873901
131,Nicaragua,1990,595000,USD (1),mar,1990,1116240.7200714336
131,Nicaragua,1991,475000,USD (1),mar,1991,854911.3534846733
131,Nicaragua,1992,389900,USD (1),mar,1992,681117.416854734
131,Nicaragua,1993,1932000,USD (1),mar,1993,3278253.487164697
131,Nicaragua,1994,6384000,USD (1),mar,1994,10557216.528925627
131,Nicaragua,1995,15213000,USD (1),mar,1995,24471207.83933066
131,Nicaragua,1996,16183200,USD (1),mar,1996,25290527.516735744
131,Nicaragua,1997,19338400,USD (1),mar,1997,29531017.861073636
131,Nicaragua,1998,24794400,USD (1),mar,1998,37283940.475435846
131,Nicaragua,1999,21573350,USD (1),mar,1999,31745763.548576746
131,Nicaragua,2000,29544060,USD (1),mar,2000,42054748.41565045
131,Nicaragua,2001,26781060,USD (1),mar,2001,37073958.59426773
131,Nicaragua,2002,28679190.000000004,USD (1),mar,2002,39081757.34892291
131,Nicaragua,2003,32993549.999999996,USD (1),mar,2003,43963027.29071351
131,Nicaragua,2004,32623200,USD (1),mar,2004,42336107.95552815
131,Nicaragua,2005,39880620,USD (1),mar,2005,50056006.60964372
131,Nicaragua,2006,44960400,USD (1),mar,2006,54668303.98660662
131,Nicaragua,2007,44388000,USD (1),mar,2007,52475360.516761966
131,Nicaragua,2008,58760000,USD (1),mar,2008,66897628.7626325
131,Nicaragua,2009,65975600.00000001,USD (1),mar,2009,75380524.48839447
131,Nicaragua,2010,63859950,USD (1),mar,2010,71785964.28747505
131,Nicaragua,2011,43285000,USD (1),mar,2011,47168313.64591174
131,Nicaragua,2012,49661760,USD (1),mar,2012,53020001.99105169
131,Nicaragua,2013,61859090,USD (1),mar,2013,65088702.81691736
131,Nicaragua,2014,73267200,USD (1),mar,2014,75861773.84247026
131,Nicaragua,2015,87241360,USD (1),mar,2015,90223763.7495764
131,Nicaragua,2016,79629280,USD (1),mar,2016,81325471.25912227
131,Nicaragua,2017,98556480,USD (1),mar,2017,98556480
131,Nicaragua,2018,103104400,USD (1),mar,2018,100953969.39874569
131,Nicaragua,2019,110312600,USD (1),mar,2019,105436455.9585196
131,Nicaragua,2020,155563970,USD (1),mar,2020,146041011.2952
131,Nicaragua,2021,157674380,USD (1),mar,2021,146218502.42058071
131,Nicaragua,2022,161893300,USD (1),mar,2022,143394427.73710585
196,Nigeria,1984,1135550,USD (1),mar,1984,2679405.1935263933
196,Nigeria,1985,963400,USD (1),mar,1985,2195366.035791759
196,Nigeria,1986,915600,USD (1),mar,1986,2047576.891963812
196,Nigeria,1987,1036700,USD (1),mar,1987,2236439.7979464633
196,Nigeria,1988,1213400,USD (1),mar,1988,2515070.9809033927
196,Nigeria,1989,1861200,USD (1),mar,1989,3680155.16402259
196,Nigeria,1990,1031400,USD (1),mar,1990,1934942.3171120617
196,Nigeria,1991,4166600.000000001,USD (1),mar,1991,7499102.411429981
196,Nigeria,1992,10152900,USD (1),mar,1992,17736129.832224745
196,Nigeria,1993,9680100,USD (1),mar,1993,16425373.48918374
196,Nigeria,1994,9915100,USD (1),mar,1994,16396594.236521065
196,Nigeria,1995,9435100,USD (1),mar,1995,15177038.919665333
196,Nigeria,1996,0,USD (1),mar,1996,0
196,Nigeria,1997,0,USD (1),mar,1997,0
196,Nigeria,1998,0,USD (1),mar,1998,0
196,Nigeria,1999,4600,USD (1),mar,1999,6769.023462904604
196,Nigeria,2000,0,USD (1),mar,2000,0
196,Nigeria,2001,0,USD (1),mar,2001,0
196,Nigeria,2002,0,USD (1),mar,2002,0
196,Nigeria,2003,0,USD (1),mar,2003,0
196,Nigeria,2004,0,USD (1),mar,2004,0
196,Nigeria,2005,0,USD (1),mar,2005,0
196,Nigeria,2006,0,USD (1),mar,2006,0
196,Nigeria,2007,0,USD (1),mar,2007,0
196,Nigeria,2008,0,USD (1),mar,2008,0
196,Nigeria,2009,0,USD (1),mar,2009,0
196,Nigeria,2010,0,USD (1),mar,2010,0
196,Nigeria,2011,0,USD (1),mar,2011,0
196,Nigeria,2012,0,USD (1),mar,2012,0
196,Nigeria,2013,0,USD (1),mar,2013,0
196,Nigeria,2014,0,USD (1),mar,2014,0
196,Nigeria,2015,0,USD (1),mar,2015,0
196,Nigeria,2016,80000,USD (1),mar,2016,81704.08800292783
196,Nigeria,2017,480000,USD (1),mar,2017,480000
196,Nigeria,2018,360000,USD (1),mar,2018,352491.54239342303
196,Nigeria,2019,396000,USD (1),mar,2019,378495.62569981813
196,Nigeria,2020,357940,USD (1),mar,2020,336028.4491518434
196,Nigeria,2021,364000,USD (1),mar,2021,337553.47495954245
196,Nigeria,2022,360000,USD (1),mar,2022,318864.3012734814
223,Norway,1984,131061500,USD (1),mar,1984,309248261.8742983
223,Norway,1985,177533660,USD (1),mar,1985,404558197.3985904
223,Norway,1986,229512030,USD (1),mar,1986,513262919.45795673
223,Norway,1987,308522770,USD (1),mar,1987,665566317.5467186
223,Norway,1988,506565200,USD (1),mar,1988,1049981403.0455936
223,Norway,1989,518164330,USD (1),mar,1989,1024567555.8036779
223,Norway,1990,774869980,USD (1),mar,1990,1453683066.2805672
223,Norway,1991,669841600,USD (1),mar,1991,1205589871.3186088
223,Norway,1992,625201280,USD (1),mar,1992,1092165890.8639991
223,Norway,1993,635221290,USD (1),mar,1993,1077855284.1944914
223,Norway,1994,848623940.0000001,USD (1),mar,1994,1403368841.8248732
223,Norway,1995,1028311850,USD (1),mar,1995,1654113784.5919025
223,Norway,1996,997221650,USD (1),mar,1996,1558422412.1069765
223,Norway,1997,1053882420,USD (1),mar,1997,1609348269.168675
223,Norway,1998,1144395700,USD (1),mar,1998,1720855562.5118873
223,Norway,1999,1339486810,USD (1),mar,1999,1971090792.422009
223,Norway,2000,1384659600,USD (1),mar,2000,1971005715.5081322
223,Norway,2001,1019882070,USD (1),mar,2001,1411858441.533534
223,Norway,2002,1164783060,USD (1),mar,2002,1587275265.272691
223,Norway,2003,1352152830,USD (1),mar,2003,1801707660.0276573
223,Norway,2004,1681282930,USD (1),mar,2004,2181851431.7500024
223,Norway,2005,2135711850,USD (1),mar,2005,2680630503.7357597
223,Norway,2006,2748562550.0000005,USD (1),mar,2006,3342035502.566763
223,Norway,2007,2998235860,USD (1),mar,2007,3544505444.439575
223,Norway,2008,3134413880,USD (1),mar,2008,3568496530.508552
223,Norway,2009,3586046650,USD (1),mar,2009,4097243182.5834084
223,Norway,2010,5076287320,USD (1),mar,2010,5706333629.5515795
223,Norway,2011,5153444630,USD (1),mar,2011,5615785899.611403
223,Norway,2012,5159888280,USD (1),mar,2012,5508811747.292167
223,Norway,2013,6886711939.999999,USD (1),mar,2013,7246261573.65678
223,Norway,2014,7031740660,USD (1),mar,2014,7280752091.902277
223,Norway,2015,5808710979.999999,USD (1),mar,2015,6007285617.15556
223,Norway,2016,7620711800.000001,USD (1),mar,2016,7783041344.401883
223,Norway,2017,7853196530,USD (1),mar,2017,7853196530
223,Norway,2018,8338760880,USD (1),mar,2018,8164840789.558715
223,Norway,2019,8147277229.999999,USD (1),mar,2019,7787143416.461441
223,Norway,2020,7296170779.999999,USD (1),mar,2020,6849530513.355297
223,Norway,2021,9357901010,USD (1),mar,2021,8678000011.683825
223,Norway,2022,11073046520.000002,USD (1),mar,2022,9807775671.023766
48,Oman,1984,0,USD (1),mar,1984,0
48,Oman,1985,0,USD (1),mar,1985,0
48,Oman,1986,0,USD (1),mar,1986,0
48,Oman,1987,0,USD (1),mar,1987,0
48,Oman,1988,0,USD (1),mar,1988,0
48,Oman,1989,0,USD (1),mar,1989,0
48,Oman,1990,0,USD (1),mar,1990,0
48,Oman,1991,0,USD (1),mar,1991,0
48,Oman,1992,0,USD (1),mar,1992,0
48,Oman,1993,0,USD (1),mar,1993,0
48,Oman,1994,0,USD (1),mar,1994,0
48,Oman,1995,0,USD (1),mar,1995,0
48,Oman,1996,0,USD (1),mar,1996,0
48,Oman,1997,0,USD (1),mar,1997,0
48,Oman,1998,63040,USD (1),mar,1998,94794.77654516649
48,Oman,1999,100,USD (1),mar,1999,147.15268397618703
48,Oman,2000,100,USD (1),mar,2000,142.34586720867225
48,Oman,2001,100,USD (1),mar,2001,138.43349962349413
48,Oman,2002,100,USD (1),mar,2002,136.27217975445927
48,Oman,2003,1737600,USD (1),mar,2003,2315305.7558323913
48,Oman,2004,2518410,USD (1),mar,2004,3268216.41151946
48,Oman,2005,1136280,USD (1),mar,2005,1426197.4660977179
48,Oman,2006,840160,USD (1),mar,2006,1021568.3641023528
48,Oman,2007,688430,USD (1),mar,2007,813859.8819625673
48,Oman,2008,742520,USD (1),mar,2008,845351.0433769551
48,Oman,2009,769830,USD (1),mar,2009,879570.464943111
48,Oman,2010,716750,USD (1),mar,2010,805709.8369642904
48,Oman,2011,1014300,USD (1),mar,2011,1105297.921475067
48,Oman,2012,1094280,USD (1),mar,2012,1168277.7207003545
48,Oman,2013,5021070,USD (1),mar,2013,5283215.984149448
48,Oman,2014,4805180,USD (1),mar,2014,4975343.379197802
48,Oman,2015,2535760,USD (1),mar,2015,2622446.637301686
48,Oman,2016,1183360,USD (1),mar,2016,1208566.8697393085
48,Oman,2017,0,USD (1),mar,2017,0
48,Oman,2018,1820550,USD (1),mar,2018,1782579.1041787397
48,Oman,2019,4452360,USD (1),mar,2019,4255552.484951622
48,Oman,2020,5513650,USD (1),mar,2020,5176128.006554342
48,Oman,2021,7022110,USD (1),mar,2021,6511916.571560859
48,Oman,2022,17937580,USD (1),mar,2022,15887927.53676993
53,Pakistan,1984,0,USD (1),mar,1984,0
53,Pakistan,1985,0,USD (1),mar,1985,0
53,Pakistan,1986,0,USD (1),mar,1986,0
53,Pakistan,1987,0,USD (1),mar,1987,0
53,Pakistan,1988,150620,USD (1),mar,1988,312197.12472694
53,Pakistan,1989,140000,USD (1),mar,1989,276822.33127184754
53,Pakistan,1990,127500,USD (1),mar,1990,239194.44001530722
53,Pakistan,1991,115110,USD (1),mar,1991,207176.5176834121
53,Pakistan,1992,101000,USD (1),mar,1992,176437.18672051327
53,Pakistan,1993,72960,USD (1),mar,1993,123799.88324199602
53,Pakistan,1994,32710,USD (1),mar,1994,54092.505116096065
53,Pakistan,1995,41210,USD (1),mar,1995,66289.25754675714
53,Pakistan,1996,52410,USD (1),mar,1996,81904.47792476891
53,Pakistan,1997,57220,USD (1),mar,1997,87378.73050565887
53,Pakistan,1998,60460,USD (1),mar,1998,90915.1679873218
53,Pakistan,1999,69240,USD (1),mar,1999,101888.51838511191
53,Pakistan,2000,92550,USD (1),mar,2000,131741.10010162616
53,Pakistan,2001,0,USD (1),mar,2001,0
53,Pakistan,2002,50890,USD (1),mar,2002,69348.91227704432
53,Pakistan,2003,54140,USD (1),mar,2003,72140.10912797289
53,Pakistan,2004,70000,USD (1),mar,2004,90841.10562075365
53,Pakistan,2005,75600,USD (1),mar,2005,94889.04885854496
53,Pakistan,2006,112810,USD (1),mar,2006,137168.07174155687
53,Pakistan,2007,128750,USD (1),mar,2007,152207.86398425483
53,Pakistan,2008,126640,USD (1),mar,2008,144178.27955241286
53,Pakistan,2009,188100,USD (1),mar,2009,214913.94782718155
53,Pakistan,2010,202000,USD (1),mar,2010,227071.34575066154
53,Pakistan,2011,248080,USD (1),mar,2011,270336.4964601544
53,Pakistan,2012,271750,USD (1),mar,2012,290126.3576052942
53,Pakistan,2013,265590,USD (1),mar,2013,279456.2380588703
53,Pakistan,2014,277550,USD (1),mar,2014,287378.73605075147
53,Pakistan,2015,284850,USD (1),mar,2015,294587.7861609085
53,Pakistan,2016,294700,USD (1),mar,2016,300977.4341807854
53,Pakistan,2017,304590,USD (1),mar,2017,304590
53,Pakistan,2018,269910,USD (1),mar,2018,264280.5339094689
53,Pakistan,2019,232960,USD (1),mar,2019,222662.47717936776
53,Pakistan,2020,230760,USD (1),mar,2020,216633.86301134093
53,Pakistan,2021,232740,USD (1),mar,2021,215830.20813759317
53,Pakistan,2022,197100,USD (1),mar,2022,174578.20494723108
8,Palau,1984,0,USD (1),mar,1984,0
8,Palau,1985,0,USD (1),mar,1985,0
8,Palau,1986,0,USD (1),mar,1986,0
8,Palau,1987,0,USD (1),mar,1987,0
8,Palau,1988,0,USD (1),mar,1988,0
8,Palau,1989,27000,USD (1),mar,1989,53387.16388814202
8,Palau,1990,19000,USD (1),mar,1990,35644.6616493399
8,Palau,1991,19000,USD (1),mar,1991,34196.45413938694
8,Palau,1992,19000,USD (1),mar,1992,33191.1539375223
8,Palau,1993,19000,USD (1),mar,1993,32239.55292760313
8,Palau,1994,27000,USD (1),mar,1994,44649.881936245605
8,Palau,1995,27000,USD (1),mar,1995,43431.44755550699
8,Palau,1996,19000,USD (1),mar,1996,29692.522048666466
8,Palau,1997,19000,USD (1),mar,1997,29014.25864396222
8,Palau,1998,10000,USD (1),mar,1998,15037.242472266256
8,Palau,1999,10000,USD (1),mar,1999,14715.268397618704
8,Palau,2000,19000,USD (1),mar,2000,27045.714769647726
8,Palau,2001,19000,USD (1),mar,2001,26302.36492846388
8,Palau,2002,38600,USD (1),mar,2002,52601.06138522128
8,Palau,2003,31800,USD (1),mar,2003,42372.653680634234
8,Palau,2004,22860,USD (1),mar,2004,29666.109635577548
8,Palau,2005,21300,USD (1),mar,2005,26734.612972050367
8,Palau,2006,21300,USD (1),mar,2006,25899.121780827598
8,Palau,2007,79840,USD (1),mar,2007,94386.60862526529
8,Palau,2008,73140,USD (1),mar,2008,83269.10428350818
8,Palau,2009,152890.00000000003,USD (1),mar,2009,174684.70751354488
8,Palau,2010,130670,USD (1),mar,2010,146888.18192692546
8,Palau,2011,136520,USD (1),mar,2011,148767.8913928583
8,Palau,2012,218230,USD (1),mar,2012,232987.2125858449
8,Palau,2013,120350,USD (1),mar,2013,126633.37569330561
8,Palau,2014,183740,USD (1),mar,2014,190246.69054932473
8,Palau,2015,157920.00000000003,USD (1),mar,2015,163318.59993165062
8,Palau,2016,130340,USD (1),mar,2016,133116.38537877018
8,Palau,2017,119320,USD (1),mar,2017,119320
8,Palau,2018,130340,USD (1),mar,2018,127621.52120988544
8,Palau,2019,105000,USD (1),mar,2019,100358.68863252754
8,Palau,2020,92000,USD (1),mar,2020,86368.15478004579
8,Palau,2021,69200,USD (1),mar,2021,64172.25403077016
8,Palau,2022,62000,USD (1),mar,2022,54915.518552655136
129,Panama,1984,11018700,USD (1),mar,1984,25999350.099871665
129,Panama,1985,20320300,USD (1),mar,1985,46305269.31399137
129,Panama,1986,25500000,USD (1),mar,1986,57026224.05534863
129,Panama,1987,24140000,USD (1),mar,1987,52076450.971763894
129,Panama,1988,26452500,USD (1),mar,1988,54829335.02748228
129,Panama,1989,17475000,USD (1),mar,1989,34553358.849825256
129,Panama,1990,26613500,USD (1),mar,1990,49927852.77919513
129,Panama,1991,29438000,USD (1),mar,1991,52982906.15554066
129,Panama,1992,22958500,USD (1),mar,1992,40106268.824979246
129,Panama,1993,31915000,USD (1),mar,1993,54153964.825497575
129,Panama,1994,38526250,USD (1),mar,1994,63710833.8498623
129,Panama,1995,33177600,USD (1),mar,1995,53368562.75620699
129,Panama,1996,31850000,USD (1),mar,1996,49774043.5394751
129,Panama,1997,35673000,USD (1),mar,1997,54475034.137161285
129,Panama,1998,37746720,USD (1),mar,1998,56760658.11727422
129,Panama,1999,8849280,USD (1),mar,1999,13021953.032567924
129,Panama,2000,4630560,USD (1),mar,2000,6591410.788617893
129,Panama,2001,10697500,USD (1),mar,2001,14808923.622223282
129,Panama,2002,17253500,USD (1),mar,2002,23511720.53393563
129,Panama,2003,28083000,USD (1),mar,2003,37419850.10419029
129,Panama,2004,30061000,USD (1),mar,2004,39011063.94379251
129,Panama,2005,27327300,USD (1),mar,2005,34299755.35545126
129,Panama,2006,31442750,USD (1),mar,2006,38231906.63728248
129,Panama,2007,32927100,USD (1),mar,2007,38926318.89860938
129,Panama,2008,36341860,USD (1),mar,2008,41374817.202579364
129,Panama,2009,29221790,USD (1),mar,2009,33387401.65591098
129,Panama,2010,27628040,USD (1),mar,2010,31057110.01610449
129,Panama,2011,31529990,USD (1),mar,2011,34358702.95881855
129,Panama,2012,34627920,USD (1),mar,2012,36969539.28628342
129,Panama,2013,40552380.00000001,USD (1),mar,2013,42669586.803470656
129,Panama,2014,56081170,USD (1),mar,2014,58067143.76093433
129,Panama,2015,52758670,USD (1),mar,2015,54562260.123201475
129,Panama,2016,51081280,USD (1),mar,2016,52169367.455277465
129,Panama,2017,58083340,USD (1),mar,2017,58083340
129,Panama,2018,51157830,USD (1),mar,2018,50090840.006112576
129,Panama,2019,41827820,USD (1),mar,2019,39978906.31959436
129,Panama,2020,21372000,USD (1),mar,2020,20063697.86912107
129,Panama,2021,34882900,USD (1),mar,2021,32348472.83424787
129,Panama,2022,68519000,USD (1),mar,2022,60689619.60821576
17,Papua New Guinea,1984,0,USD (1),mar,1984,0
17,Papua New Guinea,1985,0,USD (1),mar,1985,0
17,Papua New Guinea,1986,0,USD (1),mar,1986,0
17,Papua New Guinea,1987,0,USD (1),mar,1987,0
17,Papua New Guinea,1988,0,USD (1),mar,1988,0
17,Papua New Guinea,1989,1000,USD (1),mar,1989,1977.3023662274823
17,Papua New Guinea,1990,100,USD (1),mar,1990,187.60348236494684
17,Papua New Guinea,1991,100,USD (1),mar,1991,179.98133757572072
17,Papua New Guinea,1992,100,USD (1),mar,1992,174.69028388169633
17,Papua New Guinea,1993,100,USD (1),mar,1993,169.6818575137007
17,Papua New Guinea,1994,100,USD (1),mar,1994,165.36993309720594
17,Papua New Guinea,1995,100,USD (1),mar,1995,160.8572131685444
17,Papua New Guinea,1996,100,USD (1),mar,1996,156.27643183508667
17,Papua New Guinea,1997,100,USD (1),mar,1997,152.70662444190643
17,Papua New Guinea,1998,100,USD (1),mar,1998,150.37242472266257
17,Papua New Guinea,1999,100,USD (1),mar,1999,147.15268397618703
17,Papua New Guinea,2000,100,USD (1),mar,2000,142.34586720867225
17,Papua New Guinea,2001,100,USD (1),mar,2001,138.43349962349413
17,Papua New Guinea,2002,10100,USD (1),mar,2002,13763.490155200387
17,Papua New Guinea,2003,10100,USD (1),mar,2003,13457.981200453012
17,Papua New Guinea,2004,10000,USD (1),mar,2004,12977.300802964806
17,Papua New Guinea,2005,10000,USD (1),mar,2005,12551.461489225523
17,Papua New Guinea,2006,10000,USD (1),mar,2006,12159.212103674929
17,Papua New Guinea,2007,10000,USD (1),mar,2007,11821.97001819455
17,Papua New Guinea,2008,199100,USD (1),mar,2008,226673.21114091438
17,Papua New Guinea,2009,185270,USD (1),mar,2009,211680.5269215413
17,Papua New Guinea,2010,368470,USD (1),mar,2010,414202.86519181315
17,Papua New Guinea,2011,132850,USD (1),mar,2011,144768.63735380326
17,Papua New Guinea,2012,275000,USD (1),mar,2012,293596.1300513557
17,Papua New Guinea,2013,287360,USD (1),mar,2013,302362.83206670795
17,Papua New Guinea,2014,286420,USD (1),mar,2014,296562.8448195145
17,Papua New Guinea,2015,254650,USD (1),mar,2015,263355.3791324394
17,Papua New Guinea,2016,145220,USD (1),mar,2016,148313.34574731474
17,Papua New Guinea,2017,90980,USD (1),mar,2017,90980
17,Papua New Guinea,2018,37379.99999999999,USD (1),mar,2018,36600.37181851708
17,Papua New Guinea,2019,24090,USD (1),mar,2019,23025.150563405605
17,Papua New Guinea,2020,25500,USD (1),mar,2020,23938.99942273008
17,Papua New Guinea,2021,25140,USD (1),mar,2021,23313.446045282686
17,Papua New Guinea,2022,29369.999999999996,USD (1),mar,2022,26014.012578894857
138,Peru,1984,14084000,USD (1),mar,1984,33232127.81966952
138,Peru,1985,35913000,USD (1),mar,1985,81837430.3958786
138,Peru,1986,11444000,USD (1),mar,1986,25592474.827035677
138,Peru,1987,20453000,USD (1),mar,1987,44122603.63403011
138,Peru,1988,23450000,USD (1),mar,1988,48605912.72637593
138,Peru,1989,22394500,USD (1),mar,1989,44280697.84048135
138,Peru,1990,17710000,USD (1),mar,1990,33224576.726832084
138,Peru,1991,31040000,USD (1),mar,1991,55866207.1835037
138,Peru,1992,20655000,USD (1),mar,1992,36082278.135764375
138,Peru,1993,20099500,USD (1),mar,1993,34105204.95096627
138,Peru,1994,33099000,USD (1),mar,1994,54735794.15584419
138,Peru,1995,41314050,USD (1),mar,1995,66456629.477059014
138,Peru,1996,56673750,USD (1),mar,1996,88567714.28713742
138,Peru,1997,46574240,USD (1),mar,1997,71121949.76347217
138,Peru,1998,38080930,USD (1),mar,1998,57263217.79793983
138,Peru,1999,61633520,USD (1),mar,1999,90695378.90900004
138,Peru,2000,33742270,USD (1),mar,2000,48030726.84739165
138,Peru,2001,38853710,USD (1),mar,2001,53786550.4865635
138,Peru,2002,64018710,USD (1),mar,2002,87239691.56768599
138,Peru,2003,71947970,USD (1),mar,2003,95868755.21492647
138,Peru,2004,105181260,USD (1),mar,2004,136496884.98548502
138,Peru,2005,140390830,USD (1),mar,2005,176211009.61854073
138,Peru,2006,157421199.99999997,USD (1),mar,2006,191411776.04150313
138,Peru,2007,245001670,USD (1),mar,2007,289640239.7147595
138,Peru,2008,239830890,USD (1),mar,2008,273044891.8487364
138,Peru,2009,239614680,USD (1),mar,2009,273772125.65734607
138,Peru,2010,603194550,USD (1),mar,2010,678060387.2176471
138,Peru,2011,583978980,USD (1),mar,2011,636370652.4491075
138,Peru,2012,356584100,USD (1),mar,2012,380697133.8103477
138,Peru,2013,745476149.9999999,USD (1),mar,2013,784396853.9538765
138,Peru,2014,655081810,USD (1),mar,2014,678279886.7506342
138,Peru,2015,267633469.99999997,USD (1),mar,2015,276782697.6649532
138,Peru,2016,265722400.00000003,USD (1),mar,2016,271382579.4243649
138,Peru,2017,218229419.99999997,USD (1),mar,2017,218229419.99999997
138,Peru,2018,419881830,USD (1),mar,2018,411124427.4435362
138,Peru,2019,299887550,USD (1),mar,2019,286631631.0021098
138,Peru,2020,197848080,USD (1),mar,2020,185736669.52581394
138,Peru,2021,204098210,USD (1),mar,2021,189269395.65528142
138,Peru,2022,195001830.00000003,USD (1),mar,2022,172719784.08333394
15,Philippines,1984,358664240,USD (1),mar,1984,846291953.1400614
15,Philippines,1985,403111480,USD (1),mar,1985,918597936.2982655
15,Philippines,1986,443022009.99999994,USD (1),mar,1986,990740094.2631725
15,Philippines,1987,499395520,USD (1),mar,1987,1077330004.6726816
15,Philippines,1988,658008370,USD (1),mar,1988,1363884750.7652402
15,Philippines,1989,635083750,USD (1),mar,1989,1255752601.6276228
15,Philippines,1990,748828830.0000001,USD (1),mar,1990,1404828962.032688
15,Philippines,1991,722021590,USD (1),mar,1991,1299504115.267486
15,Philippines,1992,821449050,USD (1),mar,1992,1434991677.3884976
15,Philippines,1993,931205270,USD (1),mar,1993,1580086399.4014719
15,Philippines,1994,1138921650,USD (1),mar,1994,1883433970.634594
15,Philippines,1995,1145974030,USD (1),mar,1995,1843381888.293259
15,Philippines,1996,1108231720,USD (1),mar,1996,1731904988.4806085
15,Philippines,1997,770869460,USD (1),mar,1997,1177168731.219552
15,Philippines,1998,540315190,USD (1),mar,1998,812485052.3478612
15,Philippines,1999,616022670,USD (1),mar,1999,906493892.8067696
15,Philippines,2000,612716620,USD (1),mar,2000,872176786.2706649
15,Philippines,2001,611919910,USD (1),mar,2001,847102146.3059355
15,Philippines,2002,569226990,USD (1),mar,2002,775698027.0236979
15,Philippines,2003,534607850,USD (1),mar,2003,712350732.1697627
15,Philippines,2004,632980670,USD (1),mar,2004,821438055.7052201
15,Philippines,2005,704957430,USD (1),mar,2005,884824603.4188398
15,Philippines,2006,875258370,USD (1),mar,2006,1064245216.6346788
15,Philippines,2007,987446360,USD (1),mar,2007,1167356126.2495341
15,Philippines,2008,1434642800,USD (1),mar,2008,1633325415.9527504
15,Philippines,2009,1271984960,USD (1),mar,2009,1453308396.2275364
15,Philippines,2010,1400465660,USD (1),mar,2010,1574285257.8900416
15,Philippines,2011,1538496810,USD (1),mar,2011,1676523046.7209122
15,Philippines,2012,1672192990,USD (1),mar,2012,1785270511.1382012
15,Philippines,2013,1683301300,USD (1),mar,2013,1771185092.8785188
15,Philippines,2014,1647380880.0000002,USD (1),mar,2014,1705718735.6821284
15,Philippines,2015,1570123780,USD (1),mar,2015,1623799502.7165082
15,Philippines,2016,1486204970,USD (1),mar,2016,1517862770.740859
15,Philippines,2017,1532011710,USD (1),mar,2017,1532011710
15,Philippines,2018,1619177580,USD (1),mar,2018,1585406673.841806
15,Philippines,2019,1777153589.9999998,USD (1),mar,2019,1698598131.3427474
15,Philippines,2020,1815271740,USD (1),mar,2020,1704148593.5669894
15,Philippines,2021,2089772710,USD (1),mar,2021,1937939670.7036269
15,Philippines,2022,1867283940,USD (1),mar,2022,1653917191.1313705
178,Poland,1984,487500,USD (1),mar,1984,1150288.4345419547
178,Poland,1985,737500,USD (1),mar,1985,1680592.1231019539
178,Poland,1986,750000,USD (1),mar,1986,1677241.883980842
178,Poland,1987,750000,USD (1),mar,1987,1617951.045104512
178,Poland,1988,750000,USD (1),mar,1988,1554560.1085194862
178,Poland,1989,750000,USD (1),mar,1989,1482976.7746706116
178,Poland,1990,500000,USD (1),mar,1990,938017.4118247342
178,Poland,1991,780000,USD (1),mar,1991,1403854.4330906214
178,Poland,1992,1925000,USD (1),mar,1992,3362787.9647226543
178,Poland,1993,900000,USD (1),mar,1993,1527136.7176233062
178,Poland,1994,0,USD (1),mar,1994,0
178,Poland,1995,0,USD (1),mar,1995,0
178,Poland,1996,0,USD (1),mar,1996,0
178,Poland,1997,0,USD (1),mar,1997,0
178,Poland,1998,0,USD (1),mar,1998,0
178,Poland,1999,0,USD (1),mar,1999,0
178,Poland,2000,0,USD (1),mar,2000,0
178,Poland,2001,0,USD (1),mar,2001,0
178,Poland,2002,0,USD (1),mar,2002,0
178,Poland,2003,0,USD (1),mar,2003,0
178,Poland,2004,0,USD (1),mar,2004,0
178,Poland,2005,0,USD (1),mar,2005,0
178,Poland,2006,0,USD (1),mar,2006,0
178,Poland,2007,0,USD (1),mar,2007,0
178,Poland,2008,0,USD (1),mar,2008,0
178,Poland,2009,0,USD (1),mar,2009,0
178,Poland,2010,0,USD (1),mar,2010,0
178,Poland,2011,0,USD (1),mar,2011,0
178,Poland,2012,0,USD (1),mar,2012,0
178,Poland,2013,0,USD (1),mar,2013,0
178,Poland,2014,0,USD (1),mar,2014,0
178,Poland,2015,0,USD (1),mar,2015,0
178,Poland,2016,0,USD (1),mar,2016,0
178,Poland,2017,0,USD (1),mar,2017,0
178,Poland,2018,0,USD (1),mar,2018,0
178,Poland,2019,0,USD (1),mar,2019,0
178,Poland,2020,0,USD (1),mar,2020,0
178,Poland,2021,0,USD (1),mar,2021,0
178,Poland,2022,0,USD (1),mar,2022,0
183,Portugal,1984,28991310,USD (1),mar,1984,68406909.93891388
183,Portugal,1985,24936720,USD (1),mar,1985,56825024.01084604
183,Portugal,1986,48761980,USD (1),mar,1986,109047513.6024482
183,Portugal,1987,51914980,USD (1),mar,1987,111994528.19677311
183,Portugal,1988,50981250,USD (1),mar,1988,105671223.37661207
183,Portugal,1989,68323410,USD (1),mar,1989,135096040.26173043
183,Portugal,1990,19551280.000000004,USD (1),mar,1990,36678882.126921386
183,Portugal,1991,30779910,USD (1),mar,1991,55398093.722603016
183,Portugal,1992,38883000,USD (1),mar,1992,67924823.08171998
183,Portugal,1993,26772920.000000004,USD (1),mar,1993,45428787.96665708
183,Portugal,1994,25709800,USD (1),mar,1994,42516279.05942545
183,Portugal,1995,24928300,USD (1),mar,1995,40098968.670294255
183,Portugal,1996,26848300,USD (1),mar,1996,41957565.24837957
183,Portugal,1997,44574900,USD (1),mar,1997,68068825.13835534
183,Portugal,1998,46776200,USD (1),mar,1998,70338506.13312209
183,Portugal,1999,35657200,USD (1),mar,1999,52470526.83075696
183,Portugal,2000,46176900,USD (1),mar,2000,65730908.75508137
183,Portugal,2001,51502600,USD (1),mar,2001,71296851.57708968
183,Portugal,2002,39717390,USD (1),mar,2002,54123753.09457963
183,Portugal,2003,38909550,USD (1),mar,2003,51845939.8433749
183,Portugal,2004,34619710,USD (1),mar,2004,44927039.03814087
183,Portugal,2005,40637400,USD (1),mar,2005,51005876.11222533
183,Portugal,2006,51704730,USD (1),mar,2006,62868877.883324414
183,Portugal,2007,51655590.00000001,USD (1),mar,2007,61067083.62521503
183,Portugal,2008,58003510,USD (1),mar,2008,66036373.024330184
183,Portugal,2009,46724330,USD (1),mar,2009,53384955.98022336
183,Portugal,2010,60416680,USD (1),mar,2010,67915330.85835187
183,Portugal,2011,77525230,USD (1),mar,2011,84480405.77824758
183,Portugal,2012,67099170,USD (1),mar,2012,71636569.60602918
183,Portugal,2013,70289770,USD (1),mar,2013,73959541.76822636
183,Portugal,2014,66553970,USD (1),mar,2014,68910811.66550039
183,Portugal,2015,57883900,USD (1),mar,2015,59862699.50977501
183,Portugal,2016,64969890,USD (1),mar,2016,66353820.126256764
183,Portugal,2017,91846190,USD (1),mar,2017,91846190
183,Portugal,2018,113383350,USD (1),mar,2018,111018533.12009256
183,Portugal,2019,112801720,USD (1),mar,2019,107815549.47327195
183,Portugal,2020,153144380,USD (1),mar,2020,143769538.2123277
183,Portugal,2021,187352510,USD (1),mar,2021,173740359.32113305
183,Portugal,2022,176543250,USD (1),mar,2022,156370389.04388765
116,Puerto Rico and Virgin Islands of the United States,1984,0,USD (1),mar,1984,0
116,Puerto Rico and Virgin Islands of the United States,1985,0,USD (1),mar,1985,0
116,Puerto Rico and Virgin Islands of the United States,1986,0,USD (1),mar,1986,0
116,Puerto Rico and Virgin Islands of the United States,1987,0,USD (1),mar,1987,0
116,Puerto Rico and Virgin Islands of the United States,1988,0,USD (1),mar,1988,0
116,Puerto Rico and Virgin Islands of the United States,1989,0,USD (1),mar,1989,0
116,Puerto Rico and Virgin Islands of the United States,1990,0,USD (1),mar,1990,0
116,Puerto Rico and Virgin Islands of the United States,1991,0,USD (1),mar,1991,0
116,Puerto Rico and Virgin Islands of the United States,1992,0,USD (1),mar,1992,0
116,Puerto Rico and Virgin Islands of the United States,1993,0,USD (1),mar,1993,0
116,Puerto Rico and Virgin Islands of the United States,1994,0,USD (1),mar,1994,0
116,Puerto Rico and Virgin Islands of the United States,1995,300.00000000000006,USD (1),mar,1995,482.5716395056333
116,Puerto Rico and Virgin Islands of the United States,1996,431080.00000000006,USD (1),mar,1996,673676.4423546917
116,Puerto Rico and Virgin Islands of the United States,1997,44110,USD (1),mar,1997,67358.89204132493
116,Puerto Rico and Virgin Islands of the United States,1998,2090340,USD (1),mar,1998,3143294.942947705
116,Puerto Rico and Virgin Islands of the United States,1999,1696100,USD (1),mar,1999,2495856.6729201083
116,Puerto Rico and Virgin Islands of the United States,2000,1680310,USD (1),mar,2000,2391851.8412940404
116,Puerto Rico and Virgin Islands of the United States,2001,1808200,USD (1),mar,2001,2503154.5401920206
116,Puerto Rico and Virgin Islands of the United States,2002,2144600,USD (1),mar,2002,2922493.1670141337
116,Puerto Rico and Virgin Islands of the United States,2003,931340,USD (1),mar,2003,1240985.7634881097
116,Puerto Rico and Virgin Islands of the United States,2004,1787440,USD (1),mar,2004,2319614.6547251414
116,Puerto Rico and Virgin Islands of the United States,2005,2879360,USD (1),mar,2005,3614017.61536164
116,Puerto Rico and Virgin Islands of the United States,2006,2671040,USD (1),mar,2006,3247774.1897399877
116,Puerto Rico and Virgin Islands of the United States,2007,320100,USD (1),mar,2007,378421.2602824075
116,Puerto Rico and Virgin Islands of the United States,2008,320000,USD (1),mar,2008,364316.5623560653
116,Puerto Rico and Virgin Islands of the United States,2009,240000,USD (1),mar,2009,274212.37362319813
116,Puerto Rico and Virgin Islands of the United States,2010,0,USD (1),mar,2010,0
116,Puerto Rico and Virgin Islands of the United States,2011,0,USD (1),mar,2011,0
116,Puerto Rico and Virgin Islands of the United States,2012,0,USD (1),mar,2012,0
116,Puerto Rico and Virgin Islands of the United States,2013,0,USD (1),mar,2013,0
116,Puerto Rico and Virgin Islands of the United States,2014,0,USD (1),mar,2014,0
116,Puerto Rico and Virgin Islands of the United States,2015,0,USD (1),mar,2015,0
116,Puerto Rico and Virgin Islands of the United States,2016,0,USD (1),mar,2016,0
116,Puerto Rico and Virgin Islands of the United States,2017,0,USD (1),mar,2017,0
116,Puerto Rico and Virgin Islands of the United States,2018,0,USD (1),mar,2018,0
116,Puerto Rico and Virgin Islands of the United States,2019,0,USD (1),mar,2019,0
116,Puerto Rico and Virgin Islands of the United States,2020,0,USD (1),mar,2020,0
116,Puerto Rico and Virgin Islands of the United States,2021,0,USD (1),mar,2021,0
116,Puerto Rico and Virgin Islands of the United States,2022,0,USD (1),mar,2022,0
190,Qatar,1984,0,USD (1),mar,1984,0
190,Qatar,1985,0,USD (1),mar,1985,0
190,Qatar,1986,0,USD (1),mar,1986,0
190,Qatar,1987,0,USD (1),mar,1987,0
190,Qatar,1988,0,USD (1),mar,1988,0
190,Qatar,1989,0,USD (1),mar,1989,0
190,Qatar,1990,0,USD (1),mar,1990,0
190,Qatar,1991,0,USD (1),mar,1991,0
190,Qatar,1992,0,USD (1),mar,1992,0
190,Qatar,1993,0,USD (1),mar,1993,0
190,Qatar,1994,0,USD (1),mar,1994,0
190,Qatar,1995,0,USD (1),mar,1995,0
190,Qatar,1996,6000,USD (1),mar,1996,9376.5859101052
190,Qatar,1997,10990,USD (1),mar,1997,16782.458026165517
190,Qatar,1998,100,USD (1),mar,1998,150.37242472266257
190,Qatar,1999,100,USD (1),mar,1999,147.15268397618703
190,Qatar,2000,100,USD (1),mar,2000,142.34586720867225
190,Qatar,2001,4100,USD (1),mar,2001,5675.7734845632585
190,Qatar,2002,200,USD (1),mar,2002,272.54435950891855
190,Qatar,2003,200,USD (1),mar,2003,266.4946772366933
190,Qatar,2004,200,USD (1),mar,2004,259.5460160592961
190,Qatar,2005,200,USD (1),mar,2005,251.02922978451048
190,Qatar,2006,200,USD (1),mar,2006,243.18424207349855
190,Qatar,2007,0,USD (1),mar,2007,0
190,Qatar,2008,0,USD (1),mar,2008,0
190,Qatar,2009,0,USD (1),mar,2009,0
190,Qatar,2010,0,USD (1),mar,2010,0
190,Qatar,2011,0,USD (1),mar,2011,0
190,Qatar,2012,0,USD (1),mar,2012,0
190,Qatar,2013,0,USD (1),mar,2013,0
190,Qatar,2014,0,USD (1),mar,2014,0
190,Qatar,2015,0,USD (1),mar,2015,0
190,Qatar,2016,0,USD (1),mar,2016,0
190,Qatar,2017,0,USD (1),mar,2017,0
190,Qatar,2018,0,USD (1),mar,2018,0
190,Qatar,2019,0,USD (1),mar,2019,0
190,Qatar,2020,9600,USD (1),mar,2020,9012.32919443956
190,Qatar,2021,2556700,USD (1),mar,2021,2370942.2237062147
190,Qatar,2022,2074630,USD (1),mar,2022,1837570.6815305632
20,South Korea,1984,240374240,USD (1),mar,1984,567178888.6847428
20,South Korea,1985,247031050,USD (1),mar,1985,562926693.9547185
20,South Korea,1986,286104050,USD (1),mar,1986,639820927.7820654
20,South Korea,1987,377233730.00000006,USD (1),mar,1987,813794276.9362311
20,South Korea,1988,492257950,USD (1),mar,1988,1020326096.228773
20,South Korea,1989,473218160,USD (1),mar,1989,935695387.5098153
20,South Korea,1990,535822090.00000006,USD (1),mar,1990,1005220900.1206397
20,South Korea,1991,636289929.9999999,USD (1),mar,1991,1145203126.8736167
20,South Korea,1992,760375050,USD (1),mar,1992,1328301333.4105904
20,South Korea,1993,716245640,USD (1),mar,1993,1215338906.3128936
20,South Korea,1994,884465710,USD (1),mar,1994,1462640352.8947275
20,South Korea,1995,802838280,USD (1),mar,1995,1291423283.4582753
20,South Korea,1996,845680580,USD (1),mar,1996,1321599435.1462655
20,South Korea,1997,1101734880,USD (1),mar,1997,1682422145.5470886
20,South Korea,1998,677967250,USD (1),mar,1998,1019475792.6505555
20,South Korea,1999,706699770,USD (1),mar,1999,1039927679.2085407
20,South Korea,2000,616820780,USD (1),mar,2000,878018888.4142964
20,South Korea,2001,555896700,USD (1),mar,2001,769547256.1015162
20,South Korea,2002,635665270,USD (1),mar,2002,866234919.3710688
20,South Korea,2003,979260310,USD (1),mar,2003,1304838301.220771
20,South Korea,2004,1064690620,USD (1),mar,2004,1381681043.7835097
20,South Korea,2005,1321444950,USD (1),mar,2005,1658606540.0056548
20,South Korea,2006,1519298670,USD (1),mar,2006,1847347477.736122
20,South Korea,2007,1707946990,USD (1),mar,2007,2019129810.8445625
20,South Korea,2008,1401294190,USD (1),mar,2008,1595358381.719772
20,South Korea,2009,1458566390,USD (1),mar,2009,1666487299.5371637
20,South Korea,2010,1569740000,USD (1),mar,2010,1764569179.5972447
20,South Korea,2011,1618105390.0000002,USD (1),mar,2011,1763273710.2381968
20,South Korea,2012,1561254099.9999998,USD (1),mar,2012,1666829679.2247717
20,South Korea,2013,1595616500,USD (1),mar,2013,1678922340.7306805
20,South Korea,2014,1864580000,USD (1),mar,2014,1930609416.9177094
20,South Korea,2015,1858164410,USD (1),mar,2015,1921686992.6799746
20,South Korea,2016,1997588390,USD (1),mar,2016,2040139220.1273365
20,South Korea,2017,2574990730,USD (1),mar,2017,2574990730
20,South Korea,2018,2779280830,USD (1),mar,2018,2721313851.4199247
20,South Korea,2019,2385912260,USD (1),mar,2019,2280447862.9130483
20,South Korea,2020,2452429150,USD (1),mar,2020,2302301961.0249577
20,South Korea,2021,2846183570,USD (1),mar,2021,2639393281.390814
20,South Korea,2022,2620564710,USD (1),mar,2022,2321123708.8780375
72,Romania,1984,0,USD (1),mar,1984,0
72,Romania,1985,0,USD (1),mar,1985,0
72,Romania,1986,0,USD (1),mar,1986,0
72,Romania,1987,0,USD (1),mar,1987,0
72,Romania,1988,0,USD (1),mar,1988,0
72,Romania,1989,0,USD (1),mar,1989,0
72,Romania,1990,0,USD (1),mar,1990,0
72,Romania,1991,0,USD (1),mar,1991,0
72,Romania,1992,0,USD (1),mar,1992,0
72,Romania,1993,0,USD (1),mar,1993,0
72,Romania,1994,0,USD (1),mar,1994,0
72,Romania,1995,0,USD (1),mar,1995,0
72,Romania,1996,0,USD (1),mar,1996,0
72,Romania,1997,0,USD (1),mar,1997,0
72,Romania,1998,0,USD (1),mar,1998,0
72,Romania,1999,0,USD (1),mar,1999,0
72,Romania,2000,0,USD (1),mar,2000,0
72,Romania,2001,0,USD (1),mar,2001,0
72,Romania,2002,0,USD (1),mar,2002,0
72,Romania,2003,0,USD (1),mar,2003,0
72,Romania,2004,0,USD (1),mar,2004,0
72,Romania,2005,0,USD (1),mar,2005,0
72,Romania,2006,0,USD (1),mar,2006,0
72,Romania,2007,0,USD (1),mar,2007,0
72,Romania,2008,0,USD (1),mar,2008,0
72,Romania,2009,0,USD (1),mar,2009,0
72,Romania,2010,0,USD (1),mar,2010,0
72,Romania,2011,2430,USD (1),mar,2011,2648.0074427530444
72,Romania,2012,14260,USD (1),mar,2012,15224.293871026663
72,Romania,2013,31360.000000000004,USD (1),mar,2013,32997.28011418417
72,Romania,2014,152210,USD (1),mar,2014,157600.1348019632
72,Romania,2015,181060,USD (1),mar,2015,187249.6561779677
72,Romania,2016,162330,USD (1),mar,2016,165787.80756894095
72,Romania,2017,0,USD (1),mar,2017,0
72,Romania,2018,0,USD (1),mar,2018,0
72,Romania,2019,0,USD (1),mar,2019,0
72,Romania,2020,0,USD (1),mar,2020,0
72,Romania,2021,0,USD (1),mar,2021,0
72,Romania,2022,0,USD (1),mar,2022,0
32,Reunion,1984,189400,USD (1),mar,1984,446901.8041071717
32,Reunion,1985,180500,USD (1),mar,1985,411317.8009761392
32,Reunion,1986,243210,USD (1),mar,1986,543895.9981373075
32,Reunion,1987,282340,USD (1),mar,1987,609083.0640997438
32,Reunion,1988,277690,USD (1),mar,1988,575581.0620463681
32,Reunion,1989,329860,USD (1),mar,1989,652232.9585237973
32,Reunion,1990,260500,USD (1),mar,1990,488707.0715606865
32,Reunion,1991,270100,USD (1),mar,1991,486129.59279202163
32,Reunion,1992,180100,USD (1),mar,1992,314617.20127093507
32,Reunion,1993,95100,USD (1),mar,1993,161367.44649552935
32,Reunion,1994,50100,USD (1),mar,1994,82850.33648170017
32,Reunion,1995,200,USD (1),mar,1995,321.7144263370888
32,Reunion,1996,200,USD (1),mar,1996,312.55286367017334
32,Reunion,1997,105700,USD (1),mar,1997,161410.9020350951
32,Reunion,1998,105200,USD (1),mar,1998,158191.79080824103
32,Reunion,1999,105200,USD (1),mar,1999,154804.62354294877
32,Reunion,2000,105200,USD (1),mar,2000,149747.8523035232
32,Reunion,2001,176010,USD (1),mar,2001,243656.80268731198
32,Reunion,2002,96880,USD (1),mar,2002,132020.48774612014
32,Reunion,2003,270120,USD (1),mar,2003,359927.711075878
32,Reunion,2004,186260.00000000003,USD (1),mar,2004,241715.20475602252
32,Reunion,2005,372880,USD (1),mar,2005,468018.89601024135
32,Reunion,2006,376330,USD (1),mar,2006,457587.62909759855
32,Reunion,2007,342620,USD (1),mar,2007,405044.33676338167
32,Reunion,2008,367690,USD (1),mar,2008,418611.11503969267
32,Reunion,2009,306850,USD (1),mar,2009,350591.94519282645
32,Reunion,2010,331430,USD (1),mar,2010,372565.62436703837
32,Reunion,2011,375830.00000000006,USD (1),mar,2011,409547.58732916747
32,Reunion,2012,346890,USD (1),mar,2012,370347.49655823555
32,Reunion,2013,59770,USD (1),mar,2013,62890.54312579042
32,Reunion,2014,59780,USD (1),mar,2014,61896.95853400801
32,Reunion,2015,49930,USD (1),mar,2015,51636.89016329353
32,Reunion,2016,49810,USD (1),mar,2016,50871.007792822944
32,Reunion,2017,16950,USD (1),mar,2017,16950
32,Reunion,2018,17710,USD (1),mar,2018,17340.62559940978
32,Reunion,2019,16790,USD (1),mar,2019,16047.83221085845
32,Reunion,2020,17130,USD (1),mar,2020,16081.37490632809
32,Reunion,2021,0,USD (1),mar,2021,0
32,Reunion,2022,0,USD (1),mar,2022,0
119,Saint Kitts and Nevis,1984,0,USD (1),mar,1984,0
119,Saint Kitts and Nevis,1985,0,USD (1),mar,1985,0
119,Saint Kitts and Nevis,1986,0,USD (1),mar,1986,0
119,Saint Kitts and Nevis,1987,0,USD (1),mar,1987,0
119,Saint Kitts and Nevis,1988,0,USD (1),mar,1988,0
119,Saint Kitts and Nevis,1989,18000,USD (1),mar,1989,35591.44259209468
119,Saint Kitts and Nevis,1990,18000,USD (1),mar,1990,33768.62682569043
119,Saint Kitts and Nevis,1991,18000,USD (1),mar,1991,32396.640763629726
119,Saint Kitts and Nevis,1992,0,USD (1),mar,1992,0
119,Saint Kitts and Nevis,1993,0,USD (1),mar,1993,0
119,Saint Kitts and Nevis,1994,0,USD (1),mar,1994,0
119,Saint Kitts and Nevis,1995,0,USD (1),mar,1995,0
119,Saint Kitts and Nevis,1996,0,USD (1),mar,1996,0
119,Saint Kitts and Nevis,1997,0,USD (1),mar,1997,0
119,Saint Kitts and Nevis,1998,0,USD (1),mar,1998,0
119,Saint Kitts and Nevis,1999,11110,USD (1),mar,1999,16348.66318975438
119,Saint Kitts and Nevis,2000,11110,USD (1),mar,2000,15814.625846883486
119,Saint Kitts and Nevis,2001,11110,USD (1),mar,2001,15379.961808170196
119,Saint Kitts and Nevis,2002,11110,USD (1),mar,2002,15139.839170720425
119,Saint Kitts and Nevis,2003,11110,USD (1),mar,2003,14803.779320498314
119,Saint Kitts and Nevis,2004,11110,USD (1),mar,2004,14417.7811920939
119,Saint Kitts and Nevis,2005,11110,USD (1),mar,2005,13944.673714529557
119,Saint Kitts and Nevis,2006,11110,USD (1),mar,2006,13508.884647182846
119,Saint Kitts and Nevis,2007,11110,USD (1),mar,2007,13134.208690214145
119,Saint Kitts and Nevis,2008,11110,USD (1),mar,2008,12648.615649299643
119,Saint Kitts and Nevis,2009,11110,USD (1),mar,2009,12693.747795640547
119,Saint Kitts and Nevis,2010,11110,USD (1),mar,2010,12488.924016286384
119,Saint Kitts and Nevis,2011,11420,USD (1),mar,2011,12444.545265942292
119,Saint Kitts and Nevis,2012,11480,USD (1),mar,2012,12256.30390178023
119,Saint Kitts and Nevis,2013,11480,USD (1),mar,2013,12079.361470370988
119,Saint Kitts and Nevis,2014,11980,USD (1),mar,2014,12404.241606514151
119,Saint Kitts and Nevis,2015,12730,USD (1),mar,2015,13165.183492463982
119,Saint Kitts and Nevis,2016,11480,USD (1),mar,2016,11724.536628420145
119,Saint Kitts and Nevis,2017,12730,USD (1),mar,2017,12730
119,Saint Kitts and Nevis,2018,12570,USD (1),mar,2018,12307.829688570353
119,Saint Kitts and Nevis,2019,12570,USD (1),mar,2019,12014.368724865439
119,Saint Kitts and Nevis,2020,13670,USD (1),mar,2020,12833.1812591655
119,Saint Kitts and Nevis,2021,13670,USD (1),mar,2021,12676.802205211388
119,Saint Kitts and Nevis,2022,19410,USD (1),mar,2022,17192.100243661873
122,Saint Lucia,1984,0,USD (1),mar,1984,0
122,Saint Lucia,1985,30000,USD (1),mar,1985,68363.06941431676
122,Saint Lucia,1986,30000,USD (1),mar,1986,67089.67535923368
122,Saint Lucia,1987,30000,USD (1),mar,1987,64718.04180418048
122,Saint Lucia,1988,52890,USD (1),mar,1988,109627.57885279416
122,Saint Lucia,1989,12400,USD (1),mar,1989,24518.54934122078
122,Saint Lucia,1990,12800,USD (1),mar,1990,24013.245742713196
122,Saint Lucia,1991,12800,USD (1),mar,1991,23037.61120969225
122,Saint Lucia,1992,6400,USD (1),mar,1992,11180.178168428565
122,Saint Lucia,1993,2310,USD (1),mar,1993,3919.6509085664857
122,Saint Lucia,1994,3300,USD (1),mar,1994,5457.207792207796
122,Saint Lucia,1995,3300,USD (1),mar,1995,5308.288034561965
122,Saint Lucia,1996,3000,USD (1),mar,1996,4688.2929550526
122,Saint Lucia,1997,0,USD (1),mar,1997,0
122,Saint Lucia,1998,0,USD (1),mar,1998,0
122,Saint Lucia,1999,122400,USD (1),mar,1999,180114.88518685295
122,Saint Lucia,2000,0,USD (1),mar,2000,0
122,Saint Lucia,2001,25200,USD (1),mar,2001,34885.241905120514
122,Saint Lucia,2002,14080,USD (1),mar,2002,19187.122909427864
122,Saint Lucia,2003,17600,USD (1),mar,2003,23451.531596829012
122,Saint Lucia,2004,5390,USD (1),mar,2004,6994.76513279803
122,Saint Lucia,2005,17110,USD (1),mar,2005,21475.55060806487
122,Saint Lucia,2006,12890,USD (1),mar,2006,15673.224401636982
122,Saint Lucia,2007,10100,USD (1),mar,2007,11940.189718376496
122,Saint Lucia,2008,11080,USD (1),mar,2008,12614.460971578761
122,Saint Lucia,2009,19720,USD (1),mar,2009,22531.11669937278
122,Saint Lucia,2010,27660,USD (1),mar,2010,31093.036749818308
122,Saint Lucia,2011,17760,USD (1),mar,2011,19353.338347034598
122,Saint Lucia,2012,21910,USD (1),mar,2012,23391.60439790983
122,Saint Lucia,2013,42370,USD (1),mar,2013,44582.10326651732
122,Saint Lucia,2014,76300,USD (1),mar,2014,79001.97283614606
122,Saint Lucia,2015,12780,USD (1),mar,2015,13216.892775623699
122,Saint Lucia,2016,29440,USD (1),mar,2016,30067.104385077444
122,Saint Lucia,2017,77780,USD (1),mar,2017,77780
122,Saint Lucia,2018,333330,USD (1),mar,2018,326377.7939611103
122,Saint Lucia,2019,949070,USD (1),mar,2019,907118.2916235515
122,Saint Lucia,2020,1827000,USD (1),mar,2020,1715158.8998167787
122,Saint Lucia,2021,3636490,USD (1),mar,2021,3372279.7696583145
122,Saint Lucia,2022,2171060,USD (1),mar,2022,1922982.027563346
219,Saint Pierre and Miquelon,1984,0,USD (1),mar,1984,0
219,Saint Pierre and Miquelon,1985,0,USD (1),mar,1985,0
219,Saint Pierre and Miquelon,1986,0,USD (1),mar,1986,0
219,Saint Pierre and Miquelon,1987,0,USD (1),mar,1987,0
219,Saint Pierre and Miquelon,1988,0,USD (1),mar,1988,0
219,Saint Pierre and Miquelon,1989,0,USD (1),mar,1989,0
219,Saint Pierre and Miquelon,1990,0,USD (1),mar,1990,0
219,Saint Pierre and Miquelon,1991,0,USD (1),mar,1991,0
219,Saint Pierre and Miquelon,1992,0,USD (1),mar,1992,0
219,Saint Pierre and Miquelon,1993,0,USD (1),mar,1993,0
219,Saint Pierre and Miquelon,1994,0,USD (1),mar,1994,0
219,Saint Pierre and Miquelon,1995,0,USD (1),mar,1995,0
219,Saint Pierre and Miquelon,1996,0,USD (1),mar,1996,0
219,Saint Pierre and Miquelon,1997,0,USD (1),mar,1997,0
219,Saint Pierre and Miquelon,1998,0,USD (1),mar,1998,0
219,Saint Pierre and Miquelon,1999,0,USD (1),mar,1999,0
219,Saint Pierre and Miquelon,2000,0,USD (1),mar,2000,0
219,Saint Pierre and Miquelon,2001,0,USD (1),mar,2001,0
219,Saint Pierre and Miquelon,2002,0,USD (1),mar,2002,0
219,Saint Pierre and Miquelon,2003,0,USD (1),mar,2003,0
219,Saint Pierre and Miquelon,2004,0,USD (1),mar,2004,0
219,Saint Pierre and Miquelon,2005,0,USD (1),mar,2005,0
219,Saint Pierre and Miquelon,2006,0,USD (1),mar,2006,0
219,Saint Pierre and Miquelon,2007,0,USD (1),mar,2007,0
219,Saint Pierre and Miquelon,2008,0,USD (1),mar,2008,0
219,Saint Pierre and Miquelon,2009,0,USD (1),mar,2009,0
219,Saint Pierre and Miquelon,2010,0,USD (1),mar,2010,0
219,Saint Pierre and Miquelon,2011,8350,USD (1),mar,2011,9099.12022509791
219,Saint Pierre and Miquelon,2012,11560,USD (1),mar,2012,12341.713685067896
219,Saint Pierre and Miquelon,2013,19920,USD (1),mar,2013,20960.007011305755
219,Saint Pierre and Miquelon,2014,565940,USD (1),mar,2014,585981.343471671
219,Saint Pierre and Miquelon,2015,6660,USD (1),mar,2015,6887.676516874322
219,Saint Pierre and Miquelon,2016,6640,USD (1),mar,2016,6781.43930424301
219,Saint Pierre and Miquelon,2017,745590,USD (1),mar,2017,745590
219,Saint Pierre and Miquelon,2018,434000,USD (1),mar,2018,424948.13721873774
219,Saint Pierre and Miquelon,2019,0,USD (1),mar,2019,0
219,Saint Pierre and Miquelon,2020,0,USD (1),mar,2020,0
219,Saint Pierre and Miquelon,2021,0,USD (1),mar,2021,0
219,Saint Pierre and Miquelon,2022,0,USD (1),mar,2022,0
127,Saint Vincent and the Grenadines,1984,0,USD (1),mar,1984,0
127,Saint Vincent and the Grenadines,1985,0,USD (1),mar,1985,0
127,Saint Vincent and the Grenadines,1986,0,USD (1),mar,1986,0
127,Saint Vincent and the Grenadines,1987,0,USD (1),mar,1987,0
127,Saint Vincent and the Grenadines,1988,0,USD (1),mar,1988,0
127,Saint Vincent and the Grenadines,1989,0,USD (1),mar,1989,0
127,Saint Vincent and the Grenadines,1990,0,USD (1),mar,1990,0
127,Saint Vincent and the Grenadines,1991,0,USD (1),mar,1991,0
127,Saint Vincent and the Grenadines,1992,0,USD (1),mar,1992,0
127,Saint Vincent and the Grenadines,1993,0,USD (1),mar,1993,0
127,Saint Vincent and the Grenadines,1994,0,USD (1),mar,1994,0
127,Saint Vincent and the Grenadines,1995,0,USD (1),mar,1995,0
127,Saint Vincent and the Grenadines,1996,0,USD (1),mar,1996,0
127,Saint Vincent and the Grenadines,1997,0,USD (1),mar,1997,0
127,Saint Vincent and the Grenadines,1998,0,USD (1),mar,1998,0
127,Saint Vincent and the Grenadines,1999,0,USD (1),mar,1999,0
127,Saint Vincent and the Grenadines,2000,0,USD (1),mar,2000,0
127,Saint Vincent and the Grenadines,2001,0,USD (1),mar,2001,0
127,Saint Vincent and the Grenadines,2002,0,USD (1),mar,2002,0
127,Saint Vincent and the Grenadines,2003,0,USD (1),mar,2003,0
127,Saint Vincent and the Grenadines,2004,0,USD (1),mar,2004,0
127,Saint Vincent and the Grenadines,2005,0,USD (1),mar,2005,0
127,Saint Vincent and the Grenadines,2006,0,USD (1),mar,2006,0
127,Saint Vincent and the Grenadines,2007,0,USD (1),mar,2007,0
127,Saint Vincent and the Grenadines,2008,0,USD (1),mar,2008,0
127,Saint Vincent and the Grenadines,2009,0,USD (1),mar,2009,0
127,Saint Vincent and the Grenadines,2010,0,USD (1),mar,2010,0
127,Saint Vincent and the Grenadines,2011,0,USD (1),mar,2011,0
127,Saint Vincent and the Grenadines,2012,0,USD (1),mar,2012,0
127,Saint Vincent and the Grenadines,2013,1250,USD (1),mar,2013,1315.2614841431825
127,Saint Vincent and the Grenadines,2014,3500,USD (1),mar,2014,3623.9437080800944
127,Saint Vincent and the Grenadines,2015,3500,USD (1),mar,2015,3619.6498211801995
127,Saint Vincent and the Grenadines,2016,3500,USD (1),mar,2016,3574.5538501280926
127,Saint Vincent and the Grenadines,2017,2750,USD (1),mar,2017,2750
127,Saint Vincent and the Grenadines,2018,2780,USD (1),mar,2018,2722.018021815878
127,Saint Vincent and the Grenadines,2019,670,USD (1),mar,2019,640.3840131789852
127,Saint Vincent and the Grenadines,2020,36310,USD (1),mar,2020,34087.25760938546
127,Saint Vincent and the Grenadines,2021,36110,USD (1),mar,2021,33486.41752964033
127,Saint Vincent and the Grenadines,2022,36110,USD (1),mar,2022,31983.860886070594
152,Samoa,1984,0,USD (1),mar,1984,0
152,Samoa,1985,0,USD (1),mar,1985,0
152,Samoa,1986,0,USD (1),mar,1986,0
152,Samoa,1987,0,USD (1),mar,1987,0
152,Samoa,1988,0,USD (1),mar,1988,0
152,Samoa,1989,0,USD (1),mar,1989,0
152,Samoa,1990,0,USD (1),mar,1990,0
152,Samoa,1991,0,USD (1),mar,1991,0
152,Samoa,1992,400,USD (1),mar,1992,698.7611355267853
152,Samoa,1993,400,USD (1),mar,1993,678.7274300548028
152,Samoa,1994,400,USD (1),mar,1994,661.4797323888238
152,Samoa,1995,400,USD (1),mar,1995,643.4288526741776
152,Samoa,1996,400,USD (1),mar,1996,625.1057273403467
152,Samoa,1997,400,USD (1),mar,1997,610.8264977676257
152,Samoa,1998,400,USD (1),mar,1998,601.4896988906503
152,Samoa,1999,400,USD (1),mar,1999,588.6107359047481
152,Samoa,2000,200,USD (1),mar,2000,284.6917344173445
152,Samoa,2001,200,USD (1),mar,2001,276.86699924698826
152,Samoa,2002,200,USD (1),mar,2002,272.54435950891855
152,Samoa,2003,200,USD (1),mar,2003,266.4946772366933
152,Samoa,2004,0,USD (1),mar,2004,0
152,Samoa,2005,0,USD (1),mar,2005,0
152,Samoa,2006,0,USD (1),mar,2006,0
152,Samoa,2007,0,USD (1),mar,2007,0
152,Samoa,2008,0,USD (1),mar,2008,0
152,Samoa,2009,0,USD (1),mar,2009,0
152,Samoa,2010,0,USD (1),mar,2010,0
152,Samoa,2011,0,USD (1),mar,2011,0
152,Samoa,2012,0,USD (1),mar,2012,0
152,Samoa,2013,4140,USD (1),mar,2013,4356.14603548222
152,Samoa,2014,5960,USD (1),mar,2014,6171.058428616389
152,Samoa,2015,0,USD (1),mar,2015,0
152,Samoa,2016,3900,USD (1),mar,2016,3983.074290142732
152,Samoa,2017,10969.999999999998,USD (1),mar,2017,10969.999999999998
152,Samoa,2018,10830,USD (1),mar,2018,10604.120567002143
152,Samoa,2019,10560,USD (1),mar,2019,10093.216685328483
152,Samoa,2020,3800,USD (1),mar,2020,3567.380306132326
152,Samoa,2021,3910,USD (1),mar,2021,3625.9178216807995
152,Samoa,2022,7440,USD (1),mar,2022,6589.862226318616
50,Saudi Arabia,1984,0,USD (1),mar,1984,0
50,Saudi Arabia,1985,0,USD (1),mar,1985,0
50,Saudi Arabia,1986,91580,USD (1),mar,1986,204802.41564662068
50,Saudi Arabia,1987,85030,USD (1),mar,1987,183432.50315364887
50,Saudi Arabia,1988,136070,USD (1),mar,1988,282038.65862166195
50,Saudi Arabia,1989,196250,USD (1),mar,1989,388045.5893721434
50,Saudi Arabia,1990,473770,USD (1),mar,1990,888809.0184004087
50,Saudi Arabia,1991,1291100,USD (1),mar,1991,2323739.04944013
50,Saudi Arabia,1992,2001700,USD (1),mar,1992,3496775.412459915
50,Saudi Arabia,1993,2118200,USD (1),mar,1993,3594201.105855208
50,Saudi Arabia,1994,200470,USD (1),mar,1994,331517.10487996874
50,Saudi Arabia,1995,1804200,USD (1),mar,1995,2902185.839986878
50,Saudi Arabia,1996,1674410,USD (1),mar,1996,2616708.2022898747
50,Saudi Arabia,1997,6814050,USD (1),mar,1997,10405505.742783725
50,Saudi Arabia,1998,14193600,USD (1),mar,1998,21343260.475435834
50,Saudi Arabia,1999,15280000,USD (1),mar,1999,22484930.11156138
50,Saudi Arabia,2000,16142600,USD (1),mar,2000,22978323.960027125
50,Saudi Arabia,2001,31613700,USD (1),mar,2001,43763951.27047256
50,Saudi Arabia,2002,35613000,USD (1),mar,2002,48530611.37595558
50,Saudi Arabia,2003,69504600,USD (1),mar,2003,92613029.71732737
50,Saudi Arabia,2004,65862899.99999999,USD (1),mar,2004,85472266.50555906
50,Saudi Arabia,2005,113393000,USD (1),mar,2005,142324787.26477498
50,Saudi Arabia,2006,141661000,USD (1),mar,2006,172248614.5818694
50,Saudi Arabia,2007,175616600,USD (1),mar,2007,207613417.98972648
50,Saudi Arabia,2008,218648500,USD (1),mar,2008,248928968.38846922
50,Saudi Arabia,2009,260641350,USD (1),mar,2009,297796180.1993948
50,Saudi Arabia,2010,260603000,USD (1),mar,2010,292947890.6765329
50,Saudi Arabia,2011,122702000,USD (1),mar,2011,133710209.56406751
50,Saudi Arabia,2012,75658000,USD (1),mar,2012,80774167.29972897
50,Saudi Arabia,2013,24705000,USD (1),mar,2013,25994827.97260586
50,Saudi Arabia,2014,142311330,USD (1),mar,2014,147350928.2691457
50,Saudi Arabia,2015,197590400,USD (1),mar,2015,204345158.86483544
50,Saudi Arabia,2016,258458670,USD (1),mar,2016,263964123.98499605
50,Saudi Arabia,2017,379018670,USD (1),mar,2017,379018670
50,Saudi Arabia,2018,515018670,USD (1),mar,2018,504277014.8603037
50,Saudi Arabia,2019,529660800.00000006,USD (1),mar,2019,506248221.9814805
50,Saudi Arabia,2020,636550930,USD (1),mar,2020,597584013.5611097
50,Saudi Arabia,2021,712306150,USD (1),mar,2021,660553341.1196513
50,Saudi Arabia,2022,739168000,USD (1),mar,2022,654706355.1214353
66,Senegal,1984,51660.00000000001,USD (1),mar,1984,121895.18057115361
66,Senegal,1985,67350,USD (1),mar,1985,153475.09083514113
66,Senegal,1986,97200,USD (1),mar,1986,217370.54816391712
66,Senegal,1987,119920,USD (1),mar,1987,258699.58577191076
66,Senegal,1988,116100,USD (1),mar,1988,240645.90479881645
66,Senegal,1989,30130,USD (1),mar,1989,59576.12029443404
66,Senegal,1990,41430,USD (1),mar,1990,77724.12274379747
66,Senegal,1991,38670,USD (1),mar,1991,69598.7832405312
66,Senegal,1992,45540,USD (1),mar,1992,79553.9552797245
66,Senegal,1993,106180,USD (1),mar,1993,180168.1963080474
66,Senegal,1994,99380,USD (1),mar,1994,164344.63951200325
66,Senegal,1995,240700,USD (1),mar,1995,387183.3120966864
66,Senegal,1996,293350,USD (1),mar,1996,458436.91278822673
66,Senegal,1997,216320,USD (1),mar,1997,330334.969992732
66,Senegal,1998,206100,USD (1),mar,1998,309917.56735340756
66,Senegal,1999,650520,USD (1),mar,1999,957257.6398018919
66,Senegal,2000,65160,USD (1),mar,2000,92752.56707317084
66,Senegal,2001,73100,USD (1),mar,2001,101194.8882247742
66,Senegal,2002,71210.00000000001,USD (1),mar,2002,97039.41920315046
66,Senegal,2003,82520,USD (1),mar,2003,109955.70382785966
66,Senegal,2004,90160,USD (1),mar,2004,117003.3440395307
66,Senegal,2005,105550,USD (1),mar,2005,132480.6760187754
66,Senegal,2006,57300,USD (1),mar,2006,69672.28535405734
66,Senegal,2007,62690,USD (1),mar,2007,74111.93004406164
66,Senegal,2008,74040,USD (1),mar,2008,84293.74461513461
66,Senegal,2009,95400,USD (1),mar,2009,108999.41851522126
66,Senegal,2010,150570,USD (1),mar,2010,169258.0818300847
66,Senegal,2011,491040,USD (1),mar,2011,535093.6521355782
66,Senegal,2012,690030,USD (1),mar,2012,736691.4095248617
66,Senegal,2013,1074920,USD (1),mar,2013,1131040.6996281517
66,Senegal,2014,1657700,USD (1),mar,2014,1716403.281395535
66,Senegal,2015,2356609.9999999995,USD (1),mar,2015,2437172.2757404195
66,Senegal,2016,4918190.000000001,USD (1),mar,2016,5022952.857188997
66,Senegal,2017,2082640,USD (1),mar,2017,2082640
66,Senegal,2018,1732850.0000000002,USD (1),mar,2018,1696708.2478790088
66,Senegal,2019,2129600,USD (1),mar,2019,2035465.3648745776
66,Senegal,2020,1592510,USD (1),mar,2020,1495023.3713996818
66,Senegal,2021,1604960,USD (1),mar,2021,1488351.1680523825
66,Senegal,2022,3470090,USD (1),mar,2022,3073577.2866835976
31,Seychelles,1984,0,USD (1),mar,1984,0
31,Seychelles,1985,0,USD (1),mar,1985,0
31,Seychelles,1986,0,USD (1),mar,1986,0
31,Seychelles,1987,0,USD (1),mar,1987,0
31,Seychelles,1988,0,USD (1),mar,1988,0
31,Seychelles,1989,111640,USD (1),mar,1989,220746.03616563612
31,Seychelles,1990,240000,USD (1),mar,1990,450248.3576758724
31,Seychelles,1991,180000,USD (1),mar,1991,323966.4076362973
31,Seychelles,1992,750000,USD (1),mar,1992,1310177.1291127224
31,Seychelles,1993,1400000,USD (1),mar,1993,2375546.0051918095
31,Seychelles,1994,2132000,USD (1),mar,1994,3525686.9736324307
31,Seychelles,1995,2457000,USD (1),mar,1995,3952261.7275511357
31,Seychelles,1996,3352680,USD (1),mar,1996,5239448.6748485835
31,Seychelles,1997,7008000,USD (1),mar,1997,10701680.240888802
31,Seychelles,1998,7398600,USD (1),mar,1998,11125454.215530913
31,Seychelles,1999,2379690,USD (1),mar,1999,3501777.7053129254
31,Seychelles,2000,4098180.000000001,USD (1),mar,2000,5833589.860772366
31,Seychelles,2001,2647870,USD (1),mar,2001,3665539.106480614
31,Seychelles,2002,2220050,USD (1),mar,2002,3025310.526638873
31,Seychelles,2003,10050310,USD (1),mar,2003,13391770.597893557
31,Seychelles,2004,8330990,USD (1),mar,2004,10811376.321649177
31,Seychelles,2005,5613980,USD (1),mar,2005,7046365.37712823
31,Seychelles,2006,5102030,USD (1),mar,2006,6203666.492931259
31,Seychelles,2007,2621930,USD (1),mar,2007,3099637.7849804834
31,Seychelles,2008,2236430,USD (1),mar,2008,2546151.529843672
31,Seychelles,2009,0,USD (1),mar,2009,0
31,Seychelles,2010,0,USD (1),mar,2010,0
31,Seychelles,2011,0,USD (1),mar,2011,0
31,Seychelles,2012,0,USD (1),mar,2012,0
31,Seychelles,2013,0,USD (1),mar,2013,0
31,Seychelles,2014,19610,USD (1),mar,2014,20304.438890128757
31,Seychelles,2015,18780,USD (1),mar,2015,19422.006754789756
31,Seychelles,2016,0,USD (1),mar,2016,0
31,Seychelles,2017,380,USD (1),mar,2017,380
31,Seychelles,2018,0,USD (1),mar,2018,0
31,Seychelles,2019,0,USD (1),mar,2019,0
31,Seychelles,2020,0,USD (1),mar,2020,0
31,Seychelles,2021,0,USD (1),mar,2021,0
31,Seychelles,2022,0,USD (1),mar,2022,0
208,Singapore,1984,3732920,USD (1),mar,1984,8808071.18578534
208,Singapore,1985,2315060,USD (1),mar,1985,5275486.915943606
208,Singapore,1986,2901410,USD (1),mar,1986,6488488.499467807
208,Singapore,1987,3185080,USD (1),mar,1987,6871071.352988639
208,Singapore,1988,4924170,USD (1),mar,1988,10206557.666091198
208,Singapore,1989,5400010,USD (1),mar,1989,10677452.550652066
208,Singapore,1990,6455930,USD (1),mar,1990,12111549.499043312
208,Singapore,1991,7484380,USD (1),mar,1991,13470487.233249726
208,Singapore,1992,9188520,USD (1),mar,1992,16051451.672526443
208,Singapore,1993,8356030.000000001,USD (1),mar,1993,14178666.918402085
208,Singapore,1994,7590740,USD (1),mar,1994,12552801.65958285
208,Singapore,1995,9002150,USD (1),mar,1995,14480607.61525212
208,Singapore,1996,10660570,USD (1),mar,1996,16659958.409281697
208,Singapore,1997,6992210,USD (1),mar,1997,10677567.864889426
208,Singapore,1998,4576910,USD (1),mar,1998,6882410.544374015
208,Singapore,1999,5405220,USD (1),mar,1999,7953926.304817657
208,Singapore,2000,6355960,USD (1),mar,2000,9047446.381436324
208,Singapore,2001,5936540,USD (1),mar,2001,8218160.078548578
208,Singapore,2002,5086240,USD (1),mar,2002,6931130.115543209
208,Singapore,2003,7007950,USD (1),mar,2003,9337906.866704425
208,Singapore,2004,6798740,USD (1),mar,2004,8822929.406114895
208,Singapore,2005,7511019.999999999,USD (1),mar,2005,9427427.827480268
208,Singapore,2006,8113380,USD (1),mar,2006,9865230.829771409
208,Singapore,2007,8017200,USD (1),mar,2007,9477909.802986935
208,Singapore,2008,8117850,USD (1),mar,2008,9242085.017881827
208,Singapore,2009,7572110.000000001,USD (1),mar,2009,8651526.068483146
208,Singapore,2010,12733170,USD (1),mar,2010,14313554.690950252
208,Singapore,2011,12274750,USD (1),mar,2011,13375979.159643183
208,Singapore,2012,11239540,USD (1),mar,2012,11999583.445663324
208,Singapore,2013,24717930,USD (1),mar,2013,26008433.037397835
208,Singapore,2014,21189290,USD (1),mar,2014,21939655.478338417
208,Singapore,2015,24767820,USD (1),mar,2015,25614524.352578104
208,Singapore,2016,23301530,USD (1),mar,2016,23797878.221535787
208,Singapore,2017,26828520,USD (1),mar,2017,26828520
208,Singapore,2018,26978550,USD (1),mar,2018,26415863.058439117
208,Singapore,2019,28282670,USD (1),mar,2019,27032492.11644312
208,Singapore,2020,21640160,USD (1),mar,2020,20315442.264619082
208,Singapore,2021,26113980,USD (1),mar,2021,24216661.247318663
208,Singapore,2022,26134980,USD (1),mar,2022,23148644.82360114
188,Slovenia,1984,0,USD (1),mar,1984,0
188,Slovenia,1985,0,USD (1),mar,1985,0
188,Slovenia,1986,0,USD (1),mar,1986,0
188,Slovenia,1987,0,USD (1),mar,1987,0
188,Slovenia,1988,0,USD (1),mar,1988,0
188,Slovenia,1989,0,USD (1),mar,1989,0
188,Slovenia,1990,0,USD (1),mar,1990,0
188,Slovenia,1991,0,USD (1),mar,1991,0
188,Slovenia,1992,193600,USD (1),mar,1992,338200.38959496404
188,Slovenia,1993,232900,USD (1),mar,1993,395189.0461494089
188,Slovenia,1994,660600,USD (1),mar,1994,1092433.7780401425
188,Slovenia,1995,352130,USD (1),mar,1995,566426.5047303954
188,Slovenia,1996,638040,USD (1),mar,1996,997106.1456805869
188,Slovenia,1997,764040,USD (1),mar,1997,1166739.693385942
188,Slovenia,1998,967290,USD (1),mar,1998,1454537.4270998428
188,Slovenia,1999,549410,USD (1),mar,1999,808471.5610335692
188,Slovenia,2000,564860,USD (1),mar,2000,804054.865514906
188,Slovenia,2001,580460,USD (1),mar,2001,803551.091914534
188,Slovenia,2002,298050,USD (1),mar,2002,406159.2317581659
188,Slovenia,2003,602440,USD (1),mar,2003,802735.2667723676
188,Slovenia,2004,1153330,USD (1),mar,2004,1496711.03350834
188,Slovenia,2005,402590,USD (1),mar,2005,505309.28809473035
188,Slovenia,2006,521580.00000000006,USD (1),mar,2006,634200.184903477
188,Slovenia,2007,422250,USD (1),mar,2007,499182.6840182649
188,Slovenia,2008,1348680,USD (1),mar,2008,1535457.6916199317
188,Slovenia,2009,983990,USD (1),mar,2009,1124259.3063395447
188,Slovenia,2010,327250,USD (1),mar,2010,367866.82127180195
188,Slovenia,2011,815160,USD (1),mar,2011,888292.0769689595
188,Slovenia,2012,651380,USD (1),mar,2012,695427.8079740074
188,Slovenia,2013,668710,USD (1),mar,2013,703622.8056491101
188,Slovenia,2014,934990,USD (1),mar,2014,968100.3221765164
188,Slovenia,2015,982640,USD (1),mar,2015,1016232.2000812889
188,Slovenia,2016,1059860,USD (1),mar,2016,1082436.1838847888
188,Slovenia,2017,1255010,USD (1),mar,2017,1255010
188,Slovenia,2018,1406460,USD (1),mar,2018,1377125.7075407049
188,Slovenia,2019,1545760,USD (1),mar,2019,1477432.8241963407
188,Slovenia,2020,1105920,USD (1),mar,2020,1038220.3231994373
188,Slovenia,2021,908760,USD (1),mar,2021,842733.7799566863
188,Slovenia,2022,1318880,USD (1),mar,2022,1168177.0823988032
7,Solomon Islands,1984,0,USD (1),mar,1984,0
7,Solomon Islands,1985,0,USD (1),mar,1985,0
7,Solomon Islands,1986,0,USD (1),mar,1986,0
7,Solomon Islands,1987,60000,USD (1),mar,1987,129436.08360836096
7,Solomon Islands,1988,75000,USD (1),mar,1988,155456.0108519486
7,Solomon Islands,1989,54000,USD (1),mar,1989,106774.32777628404
7,Solomon Islands,1990,125000,USD (1),mar,1990,234504.35295618355
7,Solomon Islands,1991,150000,USD (1),mar,1991,269972.00636358105
7,Solomon Islands,1992,120000,USD (1),mar,1992,209628.3406580356
7,Solomon Islands,1993,150000,USD (1),mar,1993,254522.78627055103
7,Solomon Islands,1994,208000,USD (1),mar,1994,343969.46084218833
7,Solomon Islands,1995,208000,USD (1),mar,1995,334583.0033905723
7,Solomon Islands,1996,195000,USD (1),mar,1996,304739.042078419
7,Solomon Islands,1997,195000,USD (1),mar,1997,297777.91766171757
7,Solomon Islands,1998,195000,USD (1),mar,1998,293226.228209192
7,Solomon Islands,1999,195000,USD (1),mar,1999,286947.7337535647
7,Solomon Islands,2000,210000,USD (1),mar,2000,298926.3211382117
7,Solomon Islands,2001,210000,USD (1),mar,2001,290710.34920933767
7,Solomon Islands,2002,230,USD (1),mar,2002,313.4260134352563
7,Solomon Islands,2003,10660,USD (1),mar,2003,14204.166296715754
7,Solomon Islands,2004,14180,USD (1),mar,2004,18401.812538604096
7,Solomon Islands,2005,40880,USD (1),mar,2005,51310.37456795394
7,Solomon Islands,2006,20640,USD (1),mar,2006,25096.613781985052
7,Solomon Islands,2007,32100,USD (1),mar,2007,37948.5237584045
7,Solomon Islands,2008,68170,USD (1),mar,2008,77610.81267441555
7,Solomon Islands,2009,204070,USD (1),mar,2009,233160.49618869185
7,Solomon Islands,2010,402570,USD (1),mar,2010,452535.2062319001
7,Solomon Islands,2011,304150,USD (1),mar,2011,331436.81634293764
7,Solomon Islands,2012,434330,USD (1),mar,2012,463700.3896916557
7,Solomon Islands,2013,708510,USD (1),mar,2013,745500.731304229
7,Solomon Islands,2014,760220,USD (1),mar,2014,787141.2816447569
7,Solomon Islands,2015,709060,USD (1),mar,2015,733299.6863445806
7,Solomon Islands,2016,336549.99999999994,USD (1),mar,2016,343718.885217317
7,Solomon Islands,2017,67430,USD (1),mar,2017,67430
7,Solomon Islands,2018,216860,USD (1),mar,2018,212336.98856510478
7,Solomon Islands,2019,214010,USD (1),mar,2019,204550.12337378302
7,Solomon Islands,2020,209230.00000000003,USD (1),mar,2020,196421.83722422807
7,Solomon Islands,2021,638150,USD (1),mar,2021,591785.0275973408
7,Solomon Islands,2022,658709.9999999999,USD (1),mar,2022,583441.9552551525
102,South Africa,1984,44500,USD (1),mar,1984,105000.6878710092
102,South Africa,1985,429460,USD (1),mar,1985,978640.1263557493
102,South Africa,1986,415310,USD (1),mar,1986,928767.1024481114
102,South Africa,1987,824100,USD (1),mar,1987,1777804.6083608377
102,South Africa,1988,991050,USD (1),mar,1988,2054195.7273976489
102,South Africa,1989,2038600,USD (1),mar,1989,4030928.6037913454
102,South Africa,1990,2918450,USD (1),mar,1990,5475113.831079791
102,South Africa,1991,3780950,USD (1),mar,1991,6805004.383069212
102,South Africa,1992,4213930,USD (1),mar,1992,7361326.279575965
102,South Africa,1993,4135890.000000001,USD (1),mar,1993,7017854.976723397
102,South Africa,1994,4393860,USD (1),mar,1994,7266123.3423848925
102,South Africa,1995,4420550,USD (1),mar,1995,7110773.536722089
102,South Africa,1996,4133700,USD (1),mar,1996,6459998.862766977
102,South Africa,1997,5706420,USD (1),mar,1997,8714081.358477836
102,South Africa,1998,7581770,USD (1),mar,1998,11400891.385895414
102,South Africa,1999,5103880,USD (1),mar,1999,7510496.406923815
102,South Africa,2000,9223430,USD (1),mar,2000,13129171.419884838
102,South Africa,2001,12868370,USD (1),mar,2001,17814134.93549983
102,South Africa,2002,12737910,USD (1),mar,2002,17358227.61216124
102,South Africa,2003,22390820,USD (1),mar,2003,29835171.744824488
102,South Africa,2004,28121960,USD (1),mar,2004,36494713.40889442
102,South Africa,2005,31216690.000000004,USD (1),mar,2005,39181508.23560916
102,South Africa,2006,31183149.999999996,USD (1),mar,2006,37916253.491071075
102,South Africa,2007,28895120,USD (1),mar,2007,34159724.23121337
102,South Africa,2008,37760960,USD (1),mar,2008,42990447.30770277
102,South Africa,2009,33895520,USD (1),mar,2009,38727379.14330243
102,South Africa,2010,52136659.99999999,USD (1),mar,2010,58607631.43140933
102,South Africa,2011,45063650,USD (1),mar,2011,49106535.2253573
102,South Africa,2012,54273590.00000001,USD (1),mar,2012,57943694.501796216
102,South Africa,2013,61014659.99999999,USD (1),mar,2013,64200185.81287333
102,South Africa,2014,50227620,USD (1),mar,2014,52006304.99166797
102,South Africa,2015,47178540,USD (1),mar,2015,48791369.678440824
102,South Africa,2016,39649830,USD (1),mar,2016,40494414.9952641
102,South Africa,2017,41127010,USD (1),mar,2017,41127010
102,South Africa,2018,69400280,USD (1),mar,2018,67952810.38815397
102,South Africa,2019,71347890,USD (1),mar,2019,68194101.68664595
102,South Africa,2020,49694790,USD (1),mar,2020,46652688.20088991
102,South Africa,2021,85024150.00000001,USD (1),mar,2021,78846695.84610271
102,South Africa,2022,82437820,USD (1),mar,2022,73017994.0911362
182,Spain,1984,167467500,USD (1),mar,1984,395150622.38288164
182,Spain,1985,186218750,USD (1),mar,1985,424349511.08324337
182,Spain,1986,187045350,USD (1),mar,1986,418293726.96514136
182,Spain,1987,185320250,USD (1),mar,1987,399785456.2220392
182,Spain,1988,205742500,USD (1),mar,1988,426452110.83609384
182,Spain,1989,242924820,USD (1),mar,1989,480335821.4013852
182,Spain,1990,247293850,USD (1),mar,1990,463931874.2743481
182,Spain,1991,247355620.00000003,USD (1),mar,1991,445193953.444717
182,Spain,1992,178669050,USD (1),mar,1992,312117470.6537299
182,Spain,1993,130620770,USD (1),mar,1993,221639748.83469868
182,Spain,1994,156925720,USD (1),mar,1994,259507958.17630872
182,Spain,1995,195836280,USD (1),mar,1995,315016782.3809475
182,Spain,1996,191120900,USD (1),mar,1996,298676923.01110417
182,Spain,1997,182882220,USD (1),mar,1997,279273264.8664211
182,Spain,1998,215048400,USD (1),mar,1998,323373493.4072903
182,Spain,1999,235226199.99999997,USD (1),mar,1999,346141666.7151936
182,Spain,2000,256353400,USD (1),mar,2000,364908470.34891635
182,Spain,2001,259107050,USD (1),mar,2001,358690957.0861967
182,Spain,2002,222276000,USD (1),mar,2002,302900350.2710219
182,Spain,2003,228166200,USD (1),mar,2003,304025389.1266141
182,Spain,2004,339075050,USD (1),mar,2004,440027891.8630332
182,Spain,2005,287735400,USD (1),mar,2005,361149979.21869016
182,Spain,2006,326017420,USD (1),mar,2006,396411495.9272873
182,Spain,2007,380392780,USD (1),mar,2007,449699204.0297675
182,Spain,2008,519378460,USD (1),mar,2008,591306797.2155849
182,Spain,2009,482548160.00000006,USD (1),mar,2009,551336151.4212784
182,Spain,2010,479258550,USD (1),mar,2010,538741999.559459
182,Spain,2011,554140700,USD (1),mar,2011,603855431.2478938
182,Spain,2012,487140350,USD (1),mar,2012,520081896.5522288
182,Spain,2013,510189200,USD (1),mar,2013,536825763.5086584
182,Spain,2014,567322250,USD (1),mar,2014,587412542.3832407
182,Spain,2015,515139279.99999994,USD (1),mar,2015,532749657.92425615
182,Spain,2016,559537890,USD (1),mar,2016,571456662.5691569
182,Spain,2017,594409650,USD (1),mar,2017,594409650
182,Spain,2018,637610980,USD (1),mar,2018,624312438.2977278
182,Spain,2019,644763540,USD (1),mar,2019,616263079.5472972
182,Spain,2020,590334750,USD (1),mar,2020,554196989.7830395
182,Spain,2021,694606870,USD (1),mar,2021,644140007.4155802
182,Spain,2022,782753160,USD (1),mar,2022,693311220.6472489
40,Sri Lanka,1984,50000,USD (1),mar,1984,117978.30097866202
40,Sri Lanka,1985,1250000,USD (1),mar,1985,2848461.2255965318
40,Sri Lanka,1986,2000000,USD (1),mar,1986,4472645.0239489125
40,Sri Lanka,1987,2500000,USD (1),mar,1987,5393170.150348373
40,Sri Lanka,1988,4348500,USD (1),mar,1988,9013339.50919598
40,Sri Lanka,1989,5250000,USD (1),mar,1989,10380837.422694283
40,Sri Lanka,1990,7800000,USD (1),mar,1990,14633071.624465853
40,Sri Lanka,1991,10800000,USD (1),mar,1991,19437984.458177835
40,Sri Lanka,1992,14000000,USD (1),mar,1992,24456639.743437484
40,Sri Lanka,1993,17500000,USD (1),mar,1993,29694325.06489762
40,Sri Lanka,1994,21700000,USD (1),mar,1994,35885275.482093684
40,Sri Lanka,1995,23303000,USD (1),mar,1995,37484556.3846659
40,Sri Lanka,1996,41593500,USD (1),mar,1996,65000837.67532677
40,Sri Lanka,1997,29120000,USD (1),mar,1997,44468169.037483156
40,Sri Lanka,1998,57376000,USD (1),mar,1998,86277682.40887487
40,Sri Lanka,1999,41867200,USD (1),mar,1999,61608708.50567818
40,Sri Lanka,2000,49006400,USD (1),mar,2000,69758585.06775075
40,Sri Lanka,2001,36239050,USD (1),mar,2001,50166985.14530785
40,Sri Lanka,2002,26086130,USD (1),mar,2002,35548137.96458192
40,Sri Lanka,2003,34119190,USD (1),mar,2003,45462912.63313707
40,Sri Lanka,2004,22374640,USD (1),mar,2004,29036243.363804847
40,Sri Lanka,2005,15372690,USD (1),mar,2005,19294972.65208023
40,Sri Lanka,2006,25090230,USD (1),mar,2006,30507742.82999878
40,Sri Lanka,2007,36649070,USD (1),mar,2007,43326420.67347133
40,Sri Lanka,2008,22417780,USD (1),mar,2008,25522401.70392048
40,Sri Lanka,2009,35277890,USD (1),mar,2009,40306808.13882536
40,Sri Lanka,2010,20268670.000000004,USD (1),mar,2010,22784327.591465652
40,Sri Lanka,2011,24718680,USD (1),mar,2011,26936316.302481823
40,Sri Lanka,2012,19540420,USD (1),mar,2012,20861787.96937495
40,Sri Lanka,2013,22486579.999999996,USD (1),mar,2013,23660586.067283522
40,Sri Lanka,2014,27791000,USD (1),mar,2014,28775148.454643972
40,Sri Lanka,2015,45512430,USD (1),mar,2015,47068302.6031361
40,Sri Lanka,2016,36516470,USD (1),mar,2016,37294310.980453424
40,Sri Lanka,2017,29395300,USD (1),mar,2017,29395300
40,Sri Lanka,2018,50008270,USD (1),mar,2018,48965256.17979652
40,Sri Lanka,2019,37500040,USD (1),mar,2019,35842427.029212646
40,Sri Lanka,2020,45070549.99999999,USD (1),mar,2020,42311524.33067165
40,Sri Lanka,2021,79937379.99999999,USD (1),mar,2021,74129506.58835557
40,Sri Lanka,2022,53158460,USD (1),mar,2022,47084264.45742864
168,Suriname,1984,0,USD (1),mar,1984,0
168,Suriname,1985,0,USD (1),mar,1985,0
168,Suriname,1986,0,USD (1),mar,1986,0
168,Suriname,1987,0,USD (1),mar,1987,0
168,Suriname,1988,0,USD (1),mar,1988,0
168,Suriname,1989,0,USD (1),mar,1989,0
168,Suriname,1990,0,USD (1),mar,1990,0
168,Suriname,1991,0,USD (1),mar,1991,0
168,Suriname,1992,0,USD (1),mar,1992,0
168,Suriname,1993,0,USD (1),mar,1993,0
168,Suriname,1994,2000,USD (1),mar,1994,3307.398661944119
168,Suriname,1995,2000,USD (1),mar,1995,3217.144263370888
168,Suriname,1996,2000,USD (1),mar,1996,3125.5286367017334
168,Suriname,1997,2000,USD (1),mar,1997,3054.1324888381287
168,Suriname,1998,863000,USD (1),mar,1998,1297714.025356578
168,Suriname,1999,1300000,USD (1),mar,1999,1912984.8916904314
168,Suriname,2000,1924000,USD (1),mar,2000,2738734.4850948537
168,Suriname,2001,2809600,USD (1),mar,2001,3889427.6054216907
168,Suriname,2002,2809600,USD (1),mar,2002,3828703.1623812877
168,Suriname,2003,1047800,USD (1),mar,2003,1396165.6140430362
168,Suriname,2004,1160640,USD (1),mar,2004,1506197.4403953073
168,Suriname,2005,1016400,USD (1),mar,2005,1275730.5457648824
168,Suriname,2006,984600,USD (1),mar,2006,1197196.0237278333
168,Suriname,2007,271790,USD (1),mar,2007,321309.32312450965
168,Suriname,2008,188570.00000000003,USD (1),mar,2008,214684.91926088516
168,Suriname,2009,243270,USD (1),mar,2009,277948.5172138142
168,Suriname,2010,447860,USD (1),mar,2010,503446.40053411527
168,Suriname,2011,667040,USD (1),mar,2011,726883.4916106958
168,Suriname,2012,602780,USD (1),mar,2012,643541.3646267498
168,Suriname,2013,650280,USD (1),mar,2013,684230.590326903
168,Suriname,2014,660870,USD (1),mar,2014,684273.0509596834
168,Suriname,2015,626670,USD (1),mar,2015,648093.1295539987
168,Suriname,2016,227019.99999999997,USD (1),mar,2016,231855.77573030844
168,Suriname,2017,180750,USD (1),mar,2017,180750
168,Suriname,2018,108450,USD (1),mar,2018,106188.07714601868
168,Suriname,2019,108450,USD (1),mar,2019,103656.18840188201
168,Suriname,2020,108450,USD (1),mar,2020,101811.15636843441
168,Suriname,2021,108450,USD (1),mar,2021,100570.53395429226
168,Suriname,2022,108450,USD (1),mar,2022,96057.87075863627
222,Sweden,1984,3788640,USD (1),mar,1984,8939546.204395961
222,Sweden,1985,5257589.999999999,USD (1),mar,1985,11980833.004067253
222,Sweden,1986,9401430,USD (1),mar,1986,21024629.55375201
222,Sweden,1987,15424210,USD (1),mar,1987,33274155.585881952
222,Sweden,1988,18373480,USD (1),mar,1988,38083572.083574146
222,Sweden,1989,14395340,USD (1),mar,1989,28463939.844649125
222,Sweden,1990,16211640,USD (1),mar,1990,30413601.18846867
222,Sweden,1991,14496340,USD (1),mar,1991,26090706.63152423
222,Sweden,1992,9743060,USD (1),mar,1992,17020179.172764
222,Sweden,1993,7824150,USD (1),mar,1993,13276163.054658212
222,Sweden,1994,10071490,USD (1),mar,1994,16655216.274891786
222,Sweden,1995,11625560,USD (1),mar,1995,18700551.83123703
222,Sweden,1996,12003250,USD (1),mar,1996,18758250.80424504
222,Sweden,1997,7693019.999999999,USD (1),mar,1997,11747751.15964075
222,Sweden,1998,6785400.000000001,USD (1),mar,1998,10203370.507131547
222,Sweden,1999,7534100,USD (1),mar,1999,11086630.363449907
222,Sweden,2000,4911190,USD (1),mar,2000,6990875.99576559
222,Sweden,2001,5794960,USD (1),mar,2001,8022165.929781634
222,Sweden,2002,5418860,USD (1),mar,2002,7384398.639842492
222,Sweden,2003,4695150.000000001,USD (1),mar,2003,6256162.419139304
222,Sweden,2004,5665390,USD (1),mar,2004,7352147.019610878
222,Sweden,2005,5935160,USD (1),mar,2005,7449493.217239176
222,Sweden,2006,7554200,USD (1),mar,2006,9185312.007358113
222,Sweden,2007,7119580,USD (1),mar,2007,8416746.130213756
222,Sweden,2008,9868200,USD (1),mar,2008,11234839.689506637
222,Sweden,2009,10666080,USD (1),mar,2009,12186546.30856217
222,Sweden,2010,9884460.000000002,USD (1),mar,2010,11111275.416923685
222,Sweden,2011,15781830,USD (1),mar,2011,17197696.831384066
222,Sweden,2012,13407369.999999998,USD (1),mar,2012,14314007.076969614
222,Sweden,2013,16604750,USD (1),mar,2013,17471670.50306121
222,Sweden,2014,14709210,USD (1),mar,2014,15230099.722951086
222,Sweden,2015,8815420,USD (1),mar,2015,9116780.979036672
222,Sweden,2016,11232039.999999998,USD (1),mar,2016,11471294.807655068
222,Sweden,2017,13774460.000000002,USD (1),mar,2017,13774460.000000002
222,Sweden,2018,15568100,USD (1),mar,2018,15243398.836486246
222,Sweden,2019,10820280,USD (1),mar,2019,10341991.537493
222,Sweden,2020,6459720,USD (1),mar,2020,6064283.6608234495
222,Sweden,2021,6476610,USD (1),mar,2021,6006050.0314772595
222,Sweden,2022,2783400,USD (1),mar,2022,2465352.489346134
14,Taiwan,1984,253365580,USD (1),mar,1984,597832813.0974654
14,Taiwan,1985,288313210,USD (1),mar,1985,656999199.6098162
14,Taiwan,1986,451375790,USD (1),mar,1986,1009421840.5372546
14,Taiwan,1987,585579860,USD (1),mar,1987,1263252728.6388717
14,Taiwan,1988,488206860,USD (1),mar,1988,1011929212.3487434
14,Taiwan,1989,406388460,USD (1),mar,1989,803552863.5655425
14,Taiwan,1990,464115730,USD (1),mar,1990,870697271.6834943
14,Taiwan,1991,467476130,USD (1),mar,1991,841369791.621215
14,Taiwan,1992,444222720,USD (1),mar,1992,776013930.634993
14,Taiwan,1993,393279930,USD (1),mar,1993,667324690.4525818
14,Taiwan,1994,432615279.99999994,USD (1),mar,1994,715415599.10429
14,Taiwan,1995,534282569.99999994,USD (1),mar,1995,859432052.5472773
14,Taiwan,1996,451539640,USD (1),mar,1996,705650037.7129956
14,Taiwan,1997,357793050,USD (1),mar,1997,546373689.1427425
14,Taiwan,1998,372081500,USD (1),mar,1998,559507973.4944537
14,Taiwan,1999,339574270,USD (1),mar,1999,499692652.3975441
14,Taiwan,2000,378111100,USD (1),mar,2000,538225524.3072499
14,Taiwan,2001,394914830,USD (1),mar,2001,546694419.7011725
14,Taiwan,2002,342307310,USD (1),mar,2002,466469632.7958541
14,Taiwan,2003,372481710,USD (1),mar,2003,496321965.415108
14,Taiwan,2004,372679880,USD (1),mar,2004,483637890.59728277
14,Taiwan,2005,376620029.99999994,USD (1),mar,2005,472713180.2615961
14,Taiwan,2006,361470110,USD (1),mar,2006,439519173.66287076
14,Taiwan,2007,458034080,USD (1),mar,2007,541486516.1071324
14,Taiwan,2008,529833199.99999994,USD (1),mar,2008,603209406.3941051
14,Taiwan,2009,405823500,USD (1),mar,2009,463674271.6961414
14,Taiwan,2010,545319480,USD (1),mar,2010,613002119.7408464
14,Taiwan,2011,695085080.0000001,USD (1),mar,2011,757444635.8792574
14,Taiwan,2012,759590670,USD (1),mar,2012,810955931.4004233
14,Taiwan,2013,852015540,USD (1),mar,2013,896498578.9227641
14,Taiwan,2014,900499240,USD (1),mar,2014,932388158.5511162
14,Taiwan,2015,768786390,USD (1),mar,2015,795067862.5969346
14,Taiwan,2016,620526080,USD (1),mar,2016,633743968.1053979
14,Taiwan,2017,753553170,USD (1),mar,2017,753553170
14,Taiwan,2018,732394130,USD (1),mar,2018,717118712.5655255
14,Taiwan,2019,686501290,USD (1),mar,2019,656155897.2279856
14,Taiwan,2020,677748840,USD (1),mar,2020,636259964.2947444
14,Taiwan,2021,689660130,USD (1),mar,2021,639552674.2377741
14,Taiwan,2022,674212440.0000001,USD (1),mar,2022,597172996.0846918
25,Thailand,1984,57034760,USD (1),mar,1984,134577281.63051507
25,Thailand,1985,57388680,USD (1),mar,1985,130775543.81453374
25,Thailand,1986,72980730,USD (1),mar,1986,163208449.43932953
25,Thailand,1987,139338540,USD (1),mar,1987,300590581.88844913
25,Thailand,1988,382305180,USD (1),mar,1988,792421842.8111489
25,Thailand,1989,447301800,USD (1),mar,1989,884450907.557812
25,Thailand,1990,678086530,USD (1),mar,1990,1272113943.72763
25,Thailand,1991,967938760,USD (1),mar,1991,1742109127.161845
25,Thailand,1992,1032888900,USD (1),mar,1992,1804356551.5925305
25,Thailand,1993,1326697750,USD (1),mar,1993,2251165385.792473
25,Thailand,1994,1673789840,USD (1),mar,1994,2767945138.5958304
25,Thailand,1995,1654449500,USD (1),mar,1995,2661301358.980917
25,Thailand,1996,1664448030,USD (1),mar,1996,2601139991.033393
25,Thailand,1997,1670369180.0000002,USD (1),mar,1997,2550764390.4959526
25,Thailand,1998,1487555870,USD (1),mar,1998,2236873830.8232985
25,Thailand,1999,1864334570,USD (1),mar,1999,2743418358.0509057
25,Thailand,2000,2267836989.9999995,USD (1),mar,2000,3228172230.294549
25,Thailand,2001,1543219130,USD (1),mar,2001,2136332248.5182393
25,Thailand,2002,1319084140.0000002,USD (1),mar,2002,1797544710.3733635
25,Thailand,2003,1144846550,USD (1),mar,2003,1525477559.1389594
25,Thailand,2004,1224807010,USD (1),mar,2004,1589468899.4349923
25,Thailand,2005,1238983349.9999998,USD (1),mar,2005,1555105180.3316627
25,Thailand,2006,1462170609.9999998,USD (1),mar,2006,1777884257.874975
25,Thailand,2007,1526366210,USD (1),mar,2007,1804465557.1405246
25,Thailand,2008,1657933099.9999998,USD (1),mar,2008,1887539023.7760456
25,Thailand,2009,1942571630,USD (1),mar,2009,2219488239.9807706
25,Thailand,2010,2148901660,USD (1),mar,2010,2415613820.901141
25,Thailand,2011,2674297250,USD (1),mar,2011,2914221819.8082304
25,Thailand,2012,2681841890,USD (1),mar,2012,2863194182.958595
25,Thailand,2013,2131743070,USD (1),mar,2013,2243039643.2481155
25,Thailand,2014,1798751520,USD (1),mar,2014,1862449786.6581445
25,Thailand,2015,1600538440,USD (1),mar,2015,1655253908.0394387
25,Thailand,2016,1763137240,USD (1),mar,2016,1800694002.7274911
25,Thailand,2017,2051468640,USD (1),mar,2017,2051468640
25,Thailand,2018,2224370350,USD (1),mar,2018,2177977043.1269393
25,Thailand,2019,2355623960,USD (1),mar,2019,2251498395.5901093
25,Thailand,2020,2192448489.9999995,USD (1),mar,2020,2058236201.430409
25,Thailand,2021,2165361490,USD (1),mar,2021,2008036526.0798697
25,Thailand,2022,2129795790,USD (1),mar,2022,1886432906.7598677
231,East Timor,1984,0,USD (1),mar,1984,0
231,East Timor,1985,0,USD (1),mar,1985,0
231,East Timor,1986,0,USD (1),mar,1986,0
231,East Timor,1987,0,USD (1),mar,1987,0
231,East Timor,1988,0,USD (1),mar,1988,0
231,East Timor,1989,0,USD (1),mar,1989,0
231,East Timor,1990,0,USD (1),mar,1990,0
231,East Timor,1991,0,USD (1),mar,1991,0
231,East Timor,1992,0,USD (1),mar,1992,0
231,East Timor,1993,0,USD (1),mar,1993,0
231,East Timor,1994,0,USD (1),mar,1994,0
231,East Timor,1995,0,USD (1),mar,1995,0
231,East Timor,1996,0,USD (1),mar,1996,0
231,East Timor,1997,0,USD (1),mar,1997,0
231,East Timor,1998,0,USD (1),mar,1998,0
231,East Timor,1999,0,USD (1),mar,1999,0
231,East Timor,2000,0,USD (1),mar,2000,0
231,East Timor,2001,0,USD (1),mar,2001,0
231,East Timor,2002,0,USD (1),mar,2002,0
231,East Timor,2003,0,USD (1),mar,2003,0
231,East Timor,2004,2000,USD (1),mar,2004,2595.460160592961
231,East Timor,2005,4000,USD (1),mar,2005,5020.584595690209
231,East Timor,2006,6000,USD (1),mar,2006,7295.527262204957
231,East Timor,2007,41750,USD (1),mar,2007,49356.72482596224
231,East Timor,2008,46500,USD (1),mar,2008,52939.75046736574
231,East Timor,2009,50250,USD (1),mar,2009,57413.21572735711
231,East Timor,2010,129000,USD (1),mar,2010,145010.90891997694
231,East Timor,2011,39000,USD (1),mar,2011,42498.88488369084
231,East Timor,2012,46500,USD (1),mar,2012,49644.436535956505
231,East Timor,2013,99000,USD (1),mar,2013,104168.70954414006
231,East Timor,2014,76500,USD (1),mar,2014,79209.05533375063
231,East Timor,2015,71500,USD (1),mar,2015,73944.2749183955
231,East Timor,2016,81500,USD (1),mar,2016,83236.03965298273
231,East Timor,2017,96500,USD (1),mar,2017,96500
231,East Timor,2018,131500,USD (1),mar,2018,128757.32729093092
231,East Timor,2019,141500,USD (1),mar,2019,135245.2803952633
231,East Timor,2020,151500,USD (1),mar,2020,142225.8200997493
231,East Timor,2021,176500,USD (1),mar,2021,163676.341566921
231,East Timor,2022,181500,USD (1),mar,2022,160760.7518920469
98,Togo,1984,0,USD (1),mar,1984,0
98,Togo,1985,0,USD (1),mar,1985,0
98,Togo,1986,0,USD (1),mar,1986,0
98,Togo,1987,0,USD (1),mar,1987,0
98,Togo,1988,0,USD (1),mar,1988,0
98,Togo,1989,0,USD (1),mar,1989,0
98,Togo,1990,0,USD (1),mar,1990,0
98,Togo,1991,0,USD (1),mar,1991,0
98,Togo,1992,0,USD (1),mar,1992,0
98,Togo,1993,0,USD (1),mar,1993,0
98,Togo,1994,0,USD (1),mar,1994,0
98,Togo,1995,0,USD (1),mar,1995,0
98,Togo,1996,0,USD (1),mar,1996,0
98,Togo,1997,0,USD (1),mar,1997,0
98,Togo,1998,0,USD (1),mar,1998,0
98,Togo,1999,0,USD (1),mar,1999,0
98,Togo,2000,0,USD (1),mar,2000,0
98,Togo,2001,0,USD (1),mar,2001,0
98,Togo,2002,0,USD (1),mar,2002,0
98,Togo,2003,0,USD (1),mar,2003,0
98,Togo,2004,0,USD (1),mar,2004,0
98,Togo,2005,0,USD (1),mar,2005,0
98,Togo,2006,0,USD (1),mar,2006,0
98,Togo,2007,0,USD (1),mar,2007,0
98,Togo,2008,0,USD (1),mar,2008,0
98,Togo,2009,0,USD (1),mar,2009,0
98,Togo,2010,0,USD (1),mar,2010,0
98,Togo,2011,0,USD (1),mar,2011,0
98,Togo,2012,0,USD (1),mar,2012,0
98,Togo,2013,0,USD (1),mar,2013,0
98,Togo,2014,0,USD (1),mar,2014,0
98,Togo,2015,0,USD (1),mar,2015,0
98,Togo,2016,0,USD (1),mar,2016,0
98,Togo,2017,0,USD (1),mar,2017,0
98,Togo,2018,0,USD (1),mar,2018,0
98,Togo,2019,0,USD (1),mar,2019,0
98,Togo,2020,0,USD (1),mar,2020,0
98,Togo,2021,0,USD (1),mar,2021,0
98,Togo,2022,62680,USD (1),mar,2022,55517.81778839393
155,Tonga,1984,0,USD (1),mar,1984,0
155,Tonga,1985,0,USD (1),mar,1985,0
155,Tonga,1986,0,USD (1),mar,1986,0
155,Tonga,1987,0,USD (1),mar,1987,0
155,Tonga,1988,0,USD (1),mar,1988,0
155,Tonga,1989,0,USD (1),mar,1989,0
155,Tonga,1990,0,USD (1),mar,1990,0
155,Tonga,1991,0,USD (1),mar,1991,0
155,Tonga,1992,0,USD (1),mar,1992,0
155,Tonga,1993,0,USD (1),mar,1993,0
155,Tonga,1994,0,USD (1),mar,1994,0
155,Tonga,1995,0,USD (1),mar,1995,0
155,Tonga,1996,0,USD (1),mar,1996,0
155,Tonga,1997,0,USD (1),mar,1997,0
155,Tonga,1998,30000,USD (1),mar,1998,45111.72741679877
155,Tonga,1999,20000,USD (1),mar,1999,29430.536795237407
155,Tonga,2000,102500,USD (1),mar,2000,145904.51388888905
155,Tonga,2001,55300,USD (1),mar,2001,76553.72529179225
155,Tonga,2002,52700,USD (1),mar,2002,71815.43873060003
155,Tonga,2003,65200,USD (1),mar,2003,86877.26477916203
155,Tonga,2004,21300,USD (1),mar,2004,27641.650710315036
155,Tonga,2005,21400,USD (1),mar,2005,26860.12758694262
155,Tonga,2006,25500,USD (1),mar,2006,31005.990864371066
155,Tonga,2007,33410.00000000001,USD (1),mar,2007,39497.201830788
155,Tonga,2008,76700,USD (1),mar,2008,87322.12603971941
155,Tonga,2009,63680,USD (1),mar,2009,72757.68313468857
155,Tonga,2010,64890,USD (1),mar,2010,72943.85953346746
155,Tonga,2011,62610,USD (1),mar,2011,68227.05596327905
155,Tonga,2012,90000,USD (1),mar,2012,96086.0061986255
155,Tonga,2013,39820,USD (1),mar,2013,41898.969838865225
155,Tonga,2014,38050,USD (1),mar,2014,39397.44516927074
155,Tonga,2015,51950,USD (1),mar,2015,53725.9452029461
155,Tonga,2016,6810,USD (1),mar,2016,6955.060491249232
155,Tonga,2017,24500,USD (1),mar,2017,24500
155,Tonga,2018,32000,USD (1),mar,2018,31332.581546082045
155,Tonga,2019,36000,USD (1),mar,2019,34408.693245438015
155,Tonga,2020,22869.999999999996,USD (1),mar,2020,21469.996737170073
155,Tonga,2021,22070,USD (1),mar,2021,20466.49778120083
155,Tonga,2022,21480,USD (1),mar,2022,19025.569975984392
61,Tunisia,1984,71929.99999999999,USD (1),mar,1984,169723.58378790316
61,Tunisia,1985,165760,USD (1),mar,1985,377728.7462039049
61,Tunisia,1986,368940,USD (1),mar,1986,825068.8275678558
61,Tunisia,1987,487750,USD (1),mar,1987,1052207.4963329677
61,Tunisia,1988,1956520,USD (1),mar,1988,4055370.591360727
61,Tunisia,1989,2180000,USD (1),mar,1989,4310519.158375911
61,Tunisia,1990,3717750,USD (1),mar,1990,6974628.465622811
61,Tunisia,1991,3795100,USD (1),mar,1991,6830471.742336176
61,Tunisia,1992,5599140,USD (1),mar,1992,9781153.56093361
61,Tunisia,1993,5273860,USD (1),mar,1993,8948783.610672055
61,Tunisia,1994,6257110,USD (1),mar,1994,10347378.620818581
61,Tunisia,1995,4262130,USD (1),mar,1995,6855943.539620481
61,Tunisia,1996,4542190,USD (1),mar,1996,7098372.459170123
61,Tunisia,1997,7087160,USD (1),mar,1997,10822562.804797016
61,Tunisia,1998,7374220,USD (1),mar,1998,11088793.418383528
61,Tunisia,1999,2654100,USD (1),mar,1999,3905579.38541198
61,Tunisia,2000,5311080,USD (1),mar,2000,7560102.8841463495
61,Tunisia,2001,7350980,USD (1),mar,2001,10176218.870623128
61,Tunisia,2002,7227640,USD (1),mar,2002,9849262.5728052
61,Tunisia,2003,8170230,USD (1),mar,2003,10886614.033997744
61,Tunisia,2004,10052510,USD (1),mar,2004,13045444.609481174
61,Tunisia,2005,11188340,USD (1),mar,2005,14043001.86383615
61,Tunisia,2006,14117029.999999998,USD (1),mar,2006,17165196.204394203
61,Tunisia,2007,19037270,USD (1),mar,2007,22505803.516827457
61,Tunisia,2008,25346640,USD (1),mar,2008,28856877.35023981
61,Tunisia,2009,25495650,USD (1),mar,2009,29130094.59819288
61,Tunisia,2010,31312010.000000004,USD (1),mar,2010,35198318.06365432
61,Tunisia,2011,47163840.00000001,USD (1),mar,2011,51395143.764943935
61,Tunisia,2012,65354240,USD (1),mar,2012,69773643.44162731
61,Tunisia,2013,77510820,USD (1),mar,2013,81557596.92028406
61,Tunisia,2014,80873800,USD (1),mar,2014,83737742.47386512
61,Tunisia,2015,81695390,USD (1),mar,2015,84488201.08707047
61,Tunisia,2016,81491750,USD (1),mar,2016,83227613.91890743
61,Tunisia,2017,92438090,USD (1),mar,2017,92438090
61,Tunisia,2018,89995790.00000001,USD (1),mar,2018,88118763.4055961
61,Tunisia,2019,113403480,USD (1),mar,2019,108390709.89681013
61,Tunisia,2020,117427250,USD (1),mar,2020,110238857.64559926
61,Tunisia,2021,135986150,USD (1),mar,2021,126106037.0298615
61,Tunisia,2022,104482760,USD (1),mar,2022,92543950.72923571
111,Turks and Caicos Islands,1984,0,USD (1),mar,1984,0
111,Turks and Caicos Islands,1985,0,USD (1),mar,1985,0
111,Turks and Caicos Islands,1986,0,USD (1),mar,1986,0
111,Turks and Caicos Islands,1987,864000,USD (1),mar,1987,1863879.6039603977
111,Turks and Caicos Islands,1988,240000,USD (1),mar,1988,497459.23472623556
111,Turks and Caicos Islands,1989,24000,USD (1),mar,1989,47455.25678945957
111,Turks and Caicos Islands,1990,12000,USD (1),mar,1990,22512.41788379362
111,Turks and Caicos Islands,1991,4899.999999999999,USD (1),mar,1991,8819.085541210312
111,Turks and Caicos Islands,1992,4899.999999999999,USD (1),mar,1992,8559.823910203118
111,Turks and Caicos Islands,1993,2500,USD (1),mar,1993,4242.046437842517
111,Turks and Caicos Islands,1994,2500,USD (1),mar,1994,4134.2483274301485
111,Turks and Caicos Islands,1995,12100,USD (1),mar,1995,19463.722793393874
111,Turks and Caicos Islands,1996,7300,USD (1),mar,1996,11408.179523961326
111,Turks and Caicos Islands,1997,9700,USD (1),mar,1997,14812.542570864924
111,Turks and Caicos Islands,1998,9700,USD (1),mar,1998,14586.125198098269
111,Turks and Caicos Islands,1999,24100,USD (1),mar,1999,35463.79683826108
111,Turks and Caicos Islands,2000,36100,USD (1),mar,2000,51386.85806233068
111,Turks and Caicos Islands,2001,48100,USD (1),mar,2001,66586.51331890067
111,Turks and Caicos Islands,2002,72100,USD (1),mar,2002,98252.24160296514
111,Turks and Caicos Islands,2003,60100,USD (1),mar,2003,80081.65050962634
111,Turks and Caicos Islands,2004,36000,USD (1),mar,2004,46718.282890673305
111,Turks and Caicos Islands,2005,36000,USD (1),mar,2005,45185.26136121189
111,Turks and Caicos Islands,2006,36000,USD (1),mar,2006,43773.163573229744
111,Turks and Caicos Islands,2007,100,USD (1),mar,2007,118.2197001819455
111,Turks and Caicos Islands,2008,100,USD (1),mar,2008,113.84892573627042
111,Turks and Caicos Islands,2009,1800,USD (1),mar,2009,2056.592802173986
111,Turks and Caicos Islands,2010,4500,USD (1),mar,2010,5058.520078603847
111,Turks and Caicos Islands,2011,4500,USD (1),mar,2011,4903.717486579712
111,Turks and Caicos Islands,2012,4500,USD (1),mar,2012,4804.300309931275
111,Turks and Caicos Islands,2013,4500,USD (1),mar,2013,4734.941342915457
111,Turks and Caicos Islands,2014,4500,USD (1),mar,2014,4659.356196102978
111,Turks and Caicos Islands,2015,4500,USD (1),mar,2015,4653.835484374542
111,Turks and Caicos Islands,2016,4500,USD (1),mar,2016,4595.85495016469
111,Turks and Caicos Islands,2017,4500,USD (1),mar,2017,4500
111,Turks and Caicos Islands,2018,4500,USD (1),mar,2018,4406.144279917788
111,Turks and Caicos Islands,2019,0,USD (1),mar,2019,0
111,Turks and Caicos Islands,2020,0,USD (1),mar,2020,0
111,Turks and Caicos Islands,2021,0,USD (1),mar,2021,0
111,Turks and Caicos Islands,2022,0,USD (1),mar,2022,0
19,Tuvalu,1984,0,USD (1),mar,1984,0
19,Tuvalu,1985,0,USD (1),mar,1985,0
19,Tuvalu,1986,0,USD (1),mar,1986,0
19,Tuvalu,1987,0,USD (1),mar,1987,0
19,Tuvalu,1988,0,USD (1),mar,1988,0
19,Tuvalu,1989,0,USD (1),mar,1989,0
19,Tuvalu,1990,0,USD (1),mar,1990,0
19,Tuvalu,1991,0,USD (1),mar,1991,0
19,Tuvalu,1992,0,USD (1),mar,1992,0
19,Tuvalu,1993,0,USD (1),mar,1993,0
19,Tuvalu,1994,0,USD (1),mar,1994,0
19,Tuvalu,1995,0,USD (1),mar,1995,0
19,Tuvalu,1996,0,USD (1),mar,1996,0
19,Tuvalu,1997,0,USD (1),mar,1997,0
19,Tuvalu,1998,0,USD (1),mar,1998,0
19,Tuvalu,1999,0,USD (1),mar,1999,0
19,Tuvalu,2000,0,USD (1),mar,2000,0
19,Tuvalu,2001,0,USD (1),mar,2001,0
19,Tuvalu,2002,0,USD (1),mar,2002,0
19,Tuvalu,2003,9780,USD (1),mar,2003,13031.589716874303
19,Tuvalu,2004,1470,USD (1),mar,2004,1907.6632180358265
19,Tuvalu,2005,2290,USD (1),mar,2005,2874.284681032645
19,Tuvalu,2006,2260,USD (1),mar,2006,2747.9819354305337
19,Tuvalu,2007,2520,USD (1),mar,2007,2979.1364445850263
19,Tuvalu,2008,0,USD (1),mar,2008,0
19,Tuvalu,2009,5000,USD (1),mar,2009,5712.757783816628
19,Tuvalu,2010,5000,USD (1),mar,2010,5620.577865115385
19,Tuvalu,2011,5000,USD (1),mar,2011,5448.574985088569
19,Tuvalu,2012,5000,USD (1),mar,2012,5338.111455479194
19,Tuvalu,2013,5000,USD (1),mar,2013,5261.04593657273
19,Tuvalu,2014,5000,USD (1),mar,2014,5177.0624401144205
19,Tuvalu,2015,5000,USD (1),mar,2015,5170.928315971713
19,Tuvalu,2016,5000,USD (1),mar,2016,5106.50550018299
19,Tuvalu,2017,5000,USD (1),mar,2017,5000
19,Tuvalu,2018,5000,USD (1),mar,2018,4895.7158665753195
19,Tuvalu,2019,5000,USD (1),mar,2019,4778.985172977502
19,Tuvalu,2020,2000,USD (1),mar,2020,1877.5685821749084
19,Tuvalu,2021,2000,USD (1),mar,2021,1854.689422854629
19,Tuvalu,2022,2000,USD (1),mar,2022,1771.46834040823
76,Turkey,1984,0,USD (1),mar,1984,0
76,Turkey,1985,0,USD (1),mar,1985,0
76,Turkey,1986,457000,USD (1),mar,1986,1021999.3879723265
76,Turkey,1987,1280000,USD (1),mar,1987,2761303.116978367
76,Turkey,1988,1810000,USD (1),mar,1988,3751671.7285603597
76,Turkey,1989,7113000,USD (1),mar,1989,14064551.73097608
76,Turkey,1990,10873500,USD (1),mar,1990,20399064.654952496
76,Turkey,1991,25899000,USD (1),mar,1991,46613366.6187359
76,Turkey,1992,22303500,USD (1),mar,1992,38962047.46555414
76,Turkey,1993,40662110,USD (1),mar,1993,68996223.55226424
76,Turkey,1994,67677940,USD (1),mar,1994,111918964.09956717
76,Turkey,1995,77268069.99999999,USD (1),mar,1995,124291264.07112008
76,Turkey,1996,116317990,USD (1),mar,1996,181777604.35429293
76,Turkey,1997,133690000,USD (1),mar,1997,204153486.2163847
76,Turkey,1998,172218000,USD (1),mar,1998,258968382.40887502
76,Turkey,1999,176732500,USD (1),mar,1999,260066617.20821476
76,Turkey,2000,135564600,USD (1),mar,2000,192970605.4979677
76,Turkey,2001,87192900,USD (1),mar,2001,120704182.8932136
76,Turkey,2002,79331000,USD (1),mar,2002,108106082.92101008
76,Turkey,2003,180500610,USD (1),mar,2003,240512259.01488128
76,Turkey,2004,249959960,USD (1),mar,2004,324380558.9617051
76,Turkey,2005,352213530,USD (1),mar,2005,442079455.77791786
76,Turkey,2006,359592110,USD (1),mar,2006,437235673.6298006
76,Turkey,2007,410129800,USD (1),mar,2007,484854219.9168127
76,Turkey,2008,449713440,USD (1),mar,2008,511993920.331627
76,Turkey,2009,405927730,USD (1),mar,2009,463793359.8449029
76,Turkey,2010,482938410,USD (1),mar,2010,542878587.4920037
76,Turkey,2011,479139650,USD (1),mar,2011,522125662.2708184
76,Turkey,2012,590638060,USD (1),mar,2012,630578358.8256016
76,Turkey,2013,600828320,USD (1),mar,2013,632197078.302764
76,Turkey,2014,695846380,USD (1),mar,2014,720488031.5975173
76,Turkey,2015,689120420,USD (1),mar,2015,712678458.578464
76,Turkey,2016,815901200.0000001,USD (1),mar,2016,833280793.0811805
76,Turkey,2017,866909080,USD (1),mar,2017,866909080
76,Turkey,2018,906867250,USD (1),mar,2018,887952876.9405054
76,Turkey,2019,1038067540,USD (1),mar,2019,992181876.441846
76,Turkey,2020,1225132260,USD (1),mar,2020,1150134920.1924706
76,Turkey,2021,1715058590,USD (1),mar,2021,1590450513.2244868
76,Turkey,2022,2062386540,USD (1),mar,2022,1826726230.6470358
75,Ukraine,1984,0,USD (1),mar,1984,0
75,Ukraine,1985,0,USD (1),mar,1985,0
75,Ukraine,1986,0,USD (1),mar,1986,0
75,Ukraine,1987,0,USD (1),mar,1987,0
75,Ukraine,1988,0,USD (1),mar,1988,0
75,Ukraine,1989,0,USD (1),mar,1989,0
75,Ukraine,1990,0,USD (1),mar,1990,0
75,Ukraine,1991,0,USD (1),mar,1991,0
75,Ukraine,1992,579500,USD (1),mar,1992,1012330.1950944301
75,Ukraine,1993,393200,USD (1),mar,1993,667189.063743871
75,Ukraine,1994,891100,USD (1),mar,1994,1473611.4738292021
75,Ukraine,1995,620000,USD (1),mar,1995,997314.7216449752
75,Ukraine,1996,635000,USD (1),mar,1996,992355.3421528003
75,Ukraine,1997,404400,USD (1),mar,1997,617545.5892430696
75,Ukraine,1998,0,USD (1),mar,1998,0
75,Ukraine,1999,18200,USD (1),mar,1999,26781.78848366604
75,Ukraine,2000,29700,USD (1),mar,2000,42276.72256097566
75,Ukraine,2001,140700,USD (1),mar,2001,194775.9339702562
75,Ukraine,2002,113360,USD (1),mar,2002,154478.14296965502
75,Ukraine,2003,601600,USD (1),mar,2003,801615.9891279734
75,Ukraine,2004,905000,USD (1),mar,2004,1174445.722668315
75,Ukraine,2005,1817200,USD (1),mar,2005,2280851.5818220624
75,Ukraine,2006,856699.9999999999,USD (1),mar,2006,1041679.700921831
75,Ukraine,2007,1172800,USD (1),mar,2007,1386480.6437338567
75,Ukraine,2008,1056200,USD (1),mar,2008,1202472.353626488
75,Ukraine,2009,1355380,USD (1),mar,2009,1548591.5290058763
75,Ukraine,2010,546520,USD (1),mar,2010,614351.642968572
75,Ukraine,2011,1172300,USD (1),mar,2011,1277472.891003866
75,Ukraine,2012,1601340.0000000002,USD (1),mar,2012,1709626.279623411
75,Ukraine,2013,2522920,USD (1),mar,2013,2654639.6028596144
75,Ukraine,2014,2489200,USD (1),mar,2014,2577348.765186563
75,Ukraine,2015,2424000,USD (1),mar,2015,2506866.047583087
75,Ukraine,2016,0,USD (1),mar,2016,0
75,Ukraine,2017,0,USD (1),mar,2017,0
75,Ukraine,2018,0,USD (1),mar,2018,0
75,Ukraine,2019,0,USD (1),mar,2019,0
75,Ukraine,2020,0,USD (1),mar,2020,0
75,Ukraine,2021,0,USD (1),mar,2021,0
75,Ukraine,2022,0,USD (1),mar,2022,0
54,United Arab Emirates,1984,32520.000000000004,USD (1),mar,1984,76733.08695652179
54,United Arab Emirates,1985,19170,USD (1),mar,1985,43684.00135574841
54,United Arab Emirates,1986,19170,USD (1),mar,1986,42870.302554550326
54,United Arab Emirates,1987,11240,USD (1),mar,1987,24247.692995966285
54,United Arab Emirates,1988,16800,USD (1),mar,1988,34822.14643083649
54,United Arab Emirates,1989,6300,USD (1),mar,1989,12457.004907233139
54,United Arab Emirates,1990,400,USD (1),mar,1990,750.4139294597874
54,United Arab Emirates,1991,400,USD (1),mar,1991,719.9253503028829
54,United Arab Emirates,1992,400,USD (1),mar,1992,698.7611355267853
54,United Arab Emirates,1993,400,USD (1),mar,1993,678.7274300548028
54,United Arab Emirates,1994,400,USD (1),mar,1994,661.4797323888238
54,United Arab Emirates,1995,400,USD (1),mar,1995,643.4288526741776
54,United Arab Emirates,1996,400,USD (1),mar,1996,625.1057273403467
54,United Arab Emirates,1997,400,USD (1),mar,1997,610.8264977676257
54,United Arab Emirates,1998,400,USD (1),mar,1998,601.4896988906503
54,United Arab Emirates,1999,500,USD (1),mar,1999,735.7634198809352
54,United Arab Emirates,2000,500,USD (1),mar,2000,711.7293360433612
54,United Arab Emirates,2001,500,USD (1),mar,2001,692.1674981174706
54,United Arab Emirates,2002,500,USD (1),mar,2002,681.3608987722963
54,United Arab Emirates,2003,6900500,USD (1),mar,2003,9194732.601359012
54,United Arab Emirates,2004,4332000,USD (1),mar,2004,5621766.707844354
54,United Arab Emirates,2005,4572000,USD (1),mar,2005,5738528.192873909
54,United Arab Emirates,2006,4628000,USD (1),mar,2006,5627283.3615807565
54,United Arab Emirates,2007,4868000,USD (1),mar,2007,5754935.004857107
54,United Arab Emirates,2008,10003030,USD (1),mar,2008,11388342.19607685
54,United Arab Emirates,2009,816000,USD (1),mar,2009,932322.0703188736
54,United Arab Emirates,2010,1456000,USD (1),mar,2010,1636712.2743216
54,United Arab Emirates,2011,3005200,USD (1),mar,2011,3274811.5090376334
54,United Arab Emirates,2012,2967000,USD (1),mar,2012,3167635.337681354
54,United Arab Emirates,2013,5107000,USD (1),mar,2013,5373632.319615386
54,United Arab Emirates,2014,5016000,USD (1),mar,2014,5193629.039922787
54,United Arab Emirates,2015,5032000,USD (1),mar,2015,5204022.257193932
54,United Arab Emirates,2016,21344400,USD (1),mar,2016,21799059.19962116
54,United Arab Emirates,2017,26172500,USD (1),mar,2017,26172500
54,United Arab Emirates,2018,26252500,USD (1),mar,2018,25704956.157453716
54,United Arab Emirates,2019,28421000,USD (1),mar,2019,27164707.520238716
54,United Arab Emirates,2020,29774540,USD (1),mar,2020,27951870.42635505
54,United Arab Emirates,2021,23870309.999999996,USD (1),mar,2021,22136005.738630533
54,United Arab Emirates,2022,30481460,USD (1),mar,2022,26998470.679709926
180,United Kingdom,1984,26622210,USD (1),mar,1984,62816862.081942916
180,United Kingdom,1985,46270800,USD (1),mar,1985,105440463.7418656
180,United Kingdom,1986,69632200,USD (1),mar,1986,155720056.41830772
180,United Kingdom,1987,87642750,USD (1),mar,1987,189068905.27777794
180,United Kingdom,1988,113878360,USD (1),mar,1988,236041007.57282814
180,United Kingdom,1989,148772490,USD (1),mar,1989,294168196.5065544
180,United Kingdom,1990,152905820,USD (1),mar,1990,286856643.0586774
180,United Kingdom,1991,177587100,USD (1),mar,1991,319623637.9419327
180,United Kingdom,1992,171901530,USD (1),mar,1992,300295270.7539794
180,United Kingdom,1993,229510420,USD (1),mar,1993,389437543.843496
180,United Kingdom,1994,312849690,USD (1),mar,1994,517359323.04781616
180,United Kingdom,1995,195132259.99999997,USD (1),mar,1995,313884315.42879826
180,United Kingdom,1996,205977240,USD (1),mar,1996,321893881.06439286
180,United Kingdom,1997,353676029.99999994,USD (1),mar,1997,540086726.8731443
180,United Kingdom,1998,355599800,USD (1),mar,1998,534724041.5689387
180,United Kingdom,1999,405940380,USD (1),mar,1999,597352164.5131328
180,United Kingdom,2000,414918650,USD (1),mar,2000,590619550.5530156
180,United Kingdom,2001,455191760,USD (1),mar,2001,630137883.3657763
180,United Kingdom,2002,483650800,USD (1),mar,2002,659081487.5598803
180,United Kingdom,2003,473115990,USD (1),mar,2003,630414465.2528431
180,United Kingdom,2004,548150800,USD (1),mar,2004,711351781.6985801
180,United Kingdom,2005,584151740,USD (1),mar,2005,733195806.847408
180,United Kingdom,2006,727079060,USD (1),mar,2006,884070850.6680589
180,United Kingdom,2007,876959870,USD (1),mar,2007,1036739329.029979
180,United Kingdom,2008,907582780,USD (1),mar,2008,1033273245.1973785
180,United Kingdom,2009,725824539.9999999,USD (1),mar,2009,829291958.1140245
180,United Kingdom,2010,744352450,USD (1),mar,2010,836738180.8628813
180,United Kingdom,2011,1009739100,USD (1),mar,2011,1100327840.345169
180,United Kingdom,2012,891445730,USD (1),mar,2012,951727332.6502025
180,United Kingdom,2013,1203815550,USD (1),mar,2013,1266665781.5421133
180,United Kingdom,2014,1302862450,USD (1),mar,2014,1349000050.9060905
180,United Kingdom,2015,1051787430,USD (1),mar,2015,1087743480.8340232
180,United Kingdom,2016,1079646950,USD (1),mar,2016,1102644617.6861577
180,United Kingdom,2017,1419019200,USD (1),mar,2017,1419019200
180,United Kingdom,2018,1234540270,USD (1),mar,2018,1208791677.5530357
180,United Kingdom,2019,1421166400,USD (1),mar,2019,1358346630.7867627
180,United Kingdom,2020,1250507579.9999998,USD (1),mar,2020,1173956871.9897878
180,United Kingdom,2021,1544310950,USD (1),mar,2021,1432108592.281792
180,United Kingdom,2022,1175336940.0000002,USD (1),mar,2022,1041036089.2611439
163,United States,1984,49741420,USD (1),mar,1984,117368164.39732078
163,United States,1985,67886050,USD (1),mar,1985,154696624.94712597
163,United States,1986,62106010,USD (1),mar,1986,138889068.29191068
163,United States,1987,73580180,USD (1),mar,1987,158732172.17330414
163,United States,1988,91320500,USD (1),mar,1988,189284275.1867383
163,United States,1989,96532570,USD (1),mar,1989,190874079.07902005
163,United States,1990,102861300,USD (1),mar,1990,192971380.80585507
163,United States,1991,127054960,USD (1),mar,1991,228675216.4642969
163,United States,1992,189261889.99999997,USD (1),mar,1992,330622132.92086375
163,United States,1993,182851910,USD (1),mar,1993,310266517.3872802
163,United States,1994,178748530,USD (1),mar,1994,295596324.47323906
163,United States,1995,175993260,USD (1),mar,1995,283097853.40047055
163,United States,1996,166108980,USD (1),mar,1996,259589186.90165773
163,United States,1997,178156140,USD (1),mar,1997,272056227.6299971
163,United States,1998,164648040,USD (1),mar,1998,247585250.00633934
163,United States,1999,194836520,USD (1),mar,1999,286707168.54580045
163,United States,2000,203264840,USD (1),mar,2000,289339099.2283201
163,United States,2001,205653940,USD (1),mar,2001,284693946.2556008
163,United States,2002,164999820,USD (1),mar,2002,224848851.30493423
163,United States,2003,209242870,USD (1),mar,2003,278810555.5236469
163,United States,2004,252629170,USD (1),mar,2004,327844473.06933326
163,United States,2005,248694940,USD (1),mar,2005,312148496.1975252
163,United States,2006,278254100,USD (1),mar,2006,338335062.0617174
163,United States,2007,253596040,USD (1),mar,2007,299800478.1612866
163,United States,2008,279693910,USD (1),mar,2008,318428511.884771
163,United States,2009,281510080,USD (1),mar,2009,321639780.14856833
163,United States,2010,317051000,USD (1),mar,2010,356401966.5425396
163,United States,2011,342784300,USD (1),mar,2011,373537192.4522191
163,United States,2012,349565120,USD (1),mar,2012,373203514.3015918
163,United States,2013,442663700,USD (1),mar,2013,465774812.03065
163,United States,2014,366159520,USD (1),mar,2014,379126139.616465
163,United States,2015,365161320,USD (1),mar,2015,377644601.8971216
163,United States,2016,435392470,USD (1),mar,2016,444666808.55865145
163,United States,2017,415954820,USD (1),mar,2017,415954820
163,United States,2018,504275310,USD (1),mar,2018,493757727.2578376
163,United States,2019,453565620,USD (1),mar,2019,433516674.5904696
163,United States,2020,408159640,USD (1),mar,2020,383173858.2879105
163,United States,2021,415491160,USD (1),mar,2021,385303529.87080014
163,United States,2022,648723140,USD (1),mar,2022,574596252.1001079
173,Uruguay,1984,0,USD (1),mar,1984,0
173,Uruguay,1985,0,USD (1),mar,1985,0
173,Uruguay,1986,0,USD (1),mar,1986,0
173,Uruguay,1987,0,USD (1),mar,1987,0
173,Uruguay,1988,0,USD (1),mar,1988,0
173,Uruguay,1989,0,USD (1),mar,1989,0
173,Uruguay,1990,0,USD (1),mar,1990,0
173,Uruguay,1991,0,USD (1),mar,1991,0
173,Uruguay,1992,10000,USD (1),mar,1992,17469.02838816963
173,Uruguay,1993,18000,USD (1),mar,1993,30542.734352466123
173,Uruguay,1994,48000,USD (1),mar,1994,79377.56788665884
173,Uruguay,1995,32000,USD (1),mar,1995,51474.30821393421
173,Uruguay,1996,100,USD (1),mar,1996,156.27643183508667
173,Uruguay,1997,100,USD (1),mar,1997,152.70662444190643
173,Uruguay,1998,0,USD (1),mar,1998,0
173,Uruguay,1999,0,USD (1),mar,1999,0
173,Uruguay,2000,0,USD (1),mar,2000,0
173,Uruguay,2001,0,USD (1),mar,2001,0
173,Uruguay,2002,0,USD (1),mar,2002,0
173,Uruguay,2003,0,USD (1),mar,2003,0
173,Uruguay,2004,0,USD (1),mar,2004,0
173,Uruguay,2005,0,USD (1),mar,2005,0
173,Uruguay,2006,0,USD (1),mar,2006,0
173,Uruguay,2007,0,USD (1),mar,2007,0
173,Uruguay,2008,0,USD (1),mar,2008,0
173,Uruguay,2009,0,USD (1),mar,2009,0
173,Uruguay,2010,0,USD (1),mar,2010,0
173,Uruguay,2011,0,USD (1),mar,2011,0
173,Uruguay,2012,0,USD (1),mar,2012,0
173,Uruguay,2013,0,USD (1),mar,2013,0
173,Uruguay,2014,0,USD (1),mar,2014,0
173,Uruguay,2015,0,USD (1),mar,2015,0
173,Uruguay,2016,0,USD (1),mar,2016,0
173,Uruguay,2017,0,USD (1),mar,2017,0
173,Uruguay,2018,0,USD (1),mar,2018,0
173,Uruguay,2019,0,USD (1),mar,2019,0
173,Uruguay,2020,0,USD (1),mar,2020,0
173,Uruguay,2021,0,USD (1),mar,2021,0
173,Uruguay,2022,0,USD (1),mar,2022,0
6,Vanuatu,1984,0,USD (1),mar,1984,0
6,Vanuatu,1985,0,USD (1),mar,1985,0
6,Vanuatu,1986,0,USD (1),mar,1986,0
6,Vanuatu,1987,0,USD (1),mar,1987,0
6,Vanuatu,1988,0,USD (1),mar,1988,0
6,Vanuatu,1989,0,USD (1),mar,1989,0
6,Vanuatu,1990,0,USD (1),mar,1990,0
6,Vanuatu,1991,0,USD (1),mar,1991,0
6,Vanuatu,1992,0,USD (1),mar,1992,0
6,Vanuatu,1993,0,USD (1),mar,1993,0
6,Vanuatu,1994,0,USD (1),mar,1994,0
6,Vanuatu,1995,0,USD (1),mar,1995,0
6,Vanuatu,1996,0,USD (1),mar,1996,0
6,Vanuatu,1997,0,USD (1),mar,1997,0
6,Vanuatu,1998,0,USD (1),mar,1998,0
6,Vanuatu,1999,0,USD (1),mar,1999,0
6,Vanuatu,2000,0,USD (1),mar,2000,0
6,Vanuatu,2001,0,USD (1),mar,2001,0
6,Vanuatu,2002,0,USD (1),mar,2002,0
6,Vanuatu,2003,0,USD (1),mar,2003,0
6,Vanuatu,2004,0,USD (1),mar,2004,0
6,Vanuatu,2005,0,USD (1),mar,2005,0
6,Vanuatu,2006,435120,USD (1),mar,2006,529071.6370551034
6,Vanuatu,2007,332200,USD (1),mar,2007,392725.84400442295
6,Vanuatu,2008,337670,USD (1),mar,2008,384433.6675336643
6,Vanuatu,2009,0,USD (1),mar,2009,0
6,Vanuatu,2010,464370,USD (1),mar,2010,522005.5486447262
6,Vanuatu,2011,352080,USD (1),mar,2011,383666.8561499967
6,Vanuatu,2012,412900,USD (1),mar,2012,440821.24399347184
6,Vanuatu,2013,323669.99999999994,USD (1),mar,2013,340568.54765809904
6,Vanuatu,2014,329140,USD (1),mar,2014,340795.6663078521
6,Vanuatu,2015,165240,USD (1),mar,2015,170888.8389862332
6,Vanuatu,2016,231420,USD (1),mar,2016,236349.50057046948
6,Vanuatu,2017,231870,USD (1),mar,2017,231870
6,Vanuatu,2018,258700,USD (1),mar,2018,253304.33893660703
6,Vanuatu,2019,278910,USD (1),mar,2019,266581.350919031
6,Vanuatu,2020,6500,USD (1),mar,2020,6102.097892068452
6,Vanuatu,2021,0,USD (1),mar,2021,0
6,Vanuatu,2022,0,USD (1),mar,2022,0
139,Venezuela,1984,286500,USD (1),mar,1984,676015.6646077334
139,Venezuela,1985,358000,USD (1),mar,1985,815799.2950108467
139,Venezuela,1986,50000,USD (1),mar,1986,111816.1255987228
139,Venezuela,1987,100,USD (1),mar,1987,215.72680601393492
139,Venezuela,1988,6500,USD (1),mar,1988,13472.854273835546
139,Venezuela,1989,410000,USD (1),mar,1989,810693.9701532677
139,Venezuela,1990,1928200,USD (1),mar,1990,3617370.346960905
139,Venezuela,1991,4586200,USD (1),mar,1991,8254304.103897703
139,Venezuela,1992,8894680,USD (1),mar,1992,15538141.742368465
139,Venezuela,1993,10261500,USD (1),mar,1993,17411903.808768395
139,Venezuela,1994,13365750,USD (1),mar,1994,22102931.832939804
139,Venezuela,1995,15450000,USD (1),mar,1995,24852439.43454011
139,Venezuela,1996,16008000,USD (1),mar,1996,25016731.208160672
139,Venezuela,1997,19619570,USD (1),mar,1997,29960383.077016942
139,Venezuela,1998,19022400,USD (1),mar,1998,28604444.120443765
139,Venezuela,1999,24850000,USD (1),mar,1999,36567441.96808248
139,Venezuela,2000,43790720,USD (1),mar,2000,62334280.14092147
139,Venezuela,2001,36807370,USD (1),mar,2001,50953730.410368085
139,Venezuela,2002,43760000,USD (1),mar,2002,59632705.86055137
139,Venezuela,2003,48623190,USD (1),mar,2003,64789106.626342066
139,Venezuela,2004,78423180,USD (1),mar,2004,101772119.67850535
139,Venezuela,2005,60060330,USD (1),mar,2005,75384491.90251765
139,Venezuela,2006,72165830,USD (1),mar,2006,87747963.36077473
139,Venezuela,2007,60217190,USD (1),mar,2007,71188581.47599247
139,Venezuela,2008,56011500,USD (1),mar,2008,63768491.0387711
139,Venezuela,2009,36705000,USD (1),mar,2009,41937354.890997864
139,Venezuela,2010,46795490,USD (1),mar,2010,52603539.05624567
139,Venezuela,2011,72589920,USD (1),mar,2011,79102324.45631608
139,Venezuela,2012,78321680,USD (1),mar,2012,83617971.44407514
139,Venezuela,2013,80000000,USD (1),mar,2013,84176734.98516369
139,Venezuela,2014,101251860,USD (1),mar,2014,104837440.27954474
139,Venezuela,2015,61323620,USD (1),mar,2015,63420008.619177856
139,Venezuela,2016,96589500,USD (1),mar,2016,98646962.60198498
139,Venezuela,2017,101257500,USD (1),mar,2017,101257500
139,Venezuela,2018,96797900,USD (1),mar,2018,94779002.97623423
139,Venezuela,2019,114217900,USD (1),mar,2019,109169130.1177254
139,Venezuela,2020,142432900,USD (1),mar,2020,133713769.05403025
139,Venezuela,2021,202210500,USD (1),mar,2021,187518837.77007297
139,Venezuela,2022,198789500,USD (1),mar,2022,176074652.82779092
207,Vietnam,1984,35800000,USD (1),mar,1984,84472463.500722
207,Vietnam,1985,36000000,USD (1),mar,1985,82035683.29718012
207,Vietnam,1986,57680000,USD (1),mar,1986,128991082.49068663
207,Vietnam,1987,82640000,USD (1),mar,1987,178276632.48991582
207,Vietnam,1988,116520000,USD (1),mar,1988,241516458.45958737
207,Vietnam,1989,124406000,USD (1),mar,1989,245988278.17289615
207,Vietnam,1990,154257000,USD (1),mar,1990,289391503.7916961
207,Vietnam,1991,173191000,USD (1),mar,1991,311711478.3607664
207,Vietnam,1992,189770000,USD (1),mar,1992,331509751.7222951
207,Vietnam,1993,208510000,USD (1),mar,1993,353803641.1018173
207,Vietnam,1994,237440000,USD (1),mar,1994,392654369.14600575
207,Vietnam,1995,283768800,USD (1),mar,1995,456462583.5218204
207,Vietnam,1996,238700400,USD (1),mar,1996,373032467.8960792
207,Vietnam,1997,245288000,USD (1),mar,1997,374571024.96106344
207,Vietnam,1998,277711200,USD (1),mar,1998,417601065.1664029
207,Vietnam,1999,285287000,USD (1),mar,1999,419807477.5351447
207,Vietnam,2000,456491000,USD (1),mar,2000,649796072.67954
207,Vietnam,2001,736729000,USD (1),mar,2001,1019879737.441172
207,Vietnam,2002,897800420,USD (1),mar,2002,1223452202.1786902
207,Vietnam,2003,1107125500,USD (1),mar,2003,1475215263.9150636
207,Vietnam,2004,1346501130,USD (1),mar,2004,1747395019.5542018
207,Vietnam,2005,1580964750,USD (1),mar,2005,1984341817.5448058
207,Vietnam,2006,1728755780,USD (1),mar,2006,2102030820.4473991
207,Vietnam,2007,1865421510,USD (1),mar,2007,2205295716.2515206
207,Vietnam,2008,1901772650,USD (1),mar,2008,2165147731.971202
207,Vietnam,2009,2045572400,USD (1),mar,2009,2337171930.092092
207,Vietnam,2010,2095921420,USD (1),mar,2010,2356057908.0546412
207,Vietnam,2011,2305138330,USD (1),mar,2011,2511943808.4013677
207,Vietnam,2012,2191541700,USD (1),mar,2012,2339738770.7860694
207,Vietnam,2013,2569365620,USD (1),mar,2013,2703510110.934135
207,Vietnam,2014,3845447469.999999,USD (1),mar,2014,3981624332.474004
207,Vietnam,2015,4834798910,USD (1),mar,2015,5000079717.149635
207,Vietnam,2016,5007274470,USD (1),mar,2016,5113934924.3961725
207,Vietnam,2017,5411248410,USD (1),mar,2017,5411248410
207,Vietnam,2018,7438408970,USD (1),mar,2018,7283267363.301036
207,Vietnam,2019,7903556210,USD (1),mar,2019,7554195588.276852
207,Vietnam,2020,8747270000,USD (1),mar,2020,8211799665.900556
207,Vietnam,2021,9365341560,USD (1),mar,2021,8684899966.376434
207,Vietnam,2022,10278087760,USD (1),mar,2022,9103653533.388672
47,Yemen,1984,0,USD (1),mar,1984,0
47,Yemen,1985,0,USD (1),mar,1985,0
47,Yemen,1986,0,USD (1),mar,1986,0
47,Yemen,1987,0,USD (1),mar,1987,0
47,Yemen,1988,0,USD (1),mar,1988,0
47,Yemen,1989,0,USD (1),mar,1989,0
47,Yemen,1990,0,USD (1),mar,1990,0
47,Yemen,1991,0,USD (1),mar,1991,0
47,Yemen,1992,0,USD (1),mar,1992,0
47,Yemen,1993,0,USD (1),mar,1993,0
47,Yemen,1994,0,USD (1),mar,1994,0
47,Yemen,1995,0,USD (1),mar,1995,0
47,Yemen,1996,0,USD (1),mar,1996,0
47,Yemen,1997,0,USD (1),mar,1997,0
47,Yemen,1998,0,USD (1),mar,1998,0
47,Yemen,1999,0,USD (1),mar,1999,0
47,Yemen,2000,0,USD (1),mar,2000,0
47,Yemen,2001,0,USD (1),mar,2001,0
47,Yemen,2002,0,USD (1),mar,2002,0
47,Yemen,2003,0,USD (1),mar,2003,0
47,Yemen,2004,0,USD (1),mar,2004,0
47,Yemen,2005,2470000,USD (1),mar,2005,3100210.9878387046
47,Yemen,2006,1950000,USD (1),mar,2006,2371046.360216611
47,Yemen,2007,1950000,USD (1),mar,2007,2305284.153547937
47,Yemen,2008,975000,USD (1),mar,2008,1110027.0259286365
47,Yemen,2009,975000,USD (1),mar,2009,1113987.7678442425
47,Yemen,2010,975000,USD (1),mar,2010,1096012.6836975
47,Yemen,2011,975000,USD (1),mar,2011,1062472.122092271
47,Yemen,2012,650000,USD (1),mar,2012,693954.4892122953
47,Yemen,2013,0,USD (1),mar,2013,0
47,Yemen,2014,0,USD (1),mar,2014,0
47,Yemen,2015,0,USD (1),mar,2015,0
47,Yemen,2016,0,USD (1),mar,2016,0
47,Yemen,2017,0,USD (1),mar,2017,0
47,Yemen,2018,0,USD (1),mar,2018,0
47,Yemen,2019,0,USD (1),mar,2019,0
47,Yemen,2020,0,USD (1),mar,2020,0
47,Yemen,2021,0,USD (1),mar,2021,0
47,Yemen,2022,0,USD (1),mar,2022,0
13,Northern Mariana Islands and Guam,1984,0,USD (1),mar,1984,0
13,Northern Mariana Islands and Guam,1985,0,USD (1),mar,1985,0
13,Northern Mariana Islands and Guam,1986,0,USD (1),mar,1986,0
13,Northern Mariana Islands and Guam,1987,0,USD (1),mar,1987,0
13,Northern Mariana Islands and Guam,1988,0,USD (1),mar,1988,0
13,Northern Mariana Islands and Guam,1989,0,USD (1),mar,1989,0
13,Northern Mariana Islands and Guam,1990,200,USD (1),mar,1990,375.2069647298937
13,Northern Mariana Islands and Guam,1991,8500,USD (1),mar,1991,15298.41369393626
13,Northern Mariana Islands and Guam,1992,60100,USD (1),mar,1992,104988.86061289949
13,Northern Mariana Islands and Guam,1993,120100,USD (1),mar,1993,203787.91087395453
13,Northern Mariana Islands and Guam,1994,130000,USD (1),mar,1994,214980.91302636772
13,Northern Mariana Islands and Guam,1995,122500,USD (1),mar,1995,197050.0861314669
13,Northern Mariana Islands and Guam,1996,133500,USD (1),mar,1996,208629.0364998407
13,Northern Mariana Islands and Guam,1997,133500,USD (1),mar,1997,203863.3436299451
13,Northern Mariana Islands and Guam,1998,133500,USD (1),mar,1998,200747.18700475452
13,Northern Mariana Islands and Guam,1999,155000,USD (1),mar,1999,228086.6601630899
13,Northern Mariana Islands and Guam,2000,167850,USD (1),mar,2000,238927.53810975637
13,Northern Mariana Islands and Guam,2001,167850,USD (1),mar,2001,232360.62911803488
13,Northern Mariana Islands and Guam,2002,167850,USD (1),mar,2002,228732.8537178599
13,Northern Mariana Islands and Guam,2003,567500,USD (1),mar,2003,756178.6466591173
13,Northern Mariana Islands and Guam,2004,567500,USD (1),mar,2004,736461.8205682527
13,Northern Mariana Islands and Guam,2005,567500,USD (1),mar,2005,712295.4395135485
13,Northern Mariana Islands and Guam,2006,464800,USD (1),mar,2006,565160.17857881065
13,Northern Mariana Islands and Guam,2007,710000,USD (1),mar,2007,839359.871291813
13,Northern Mariana Islands and Guam,2008,795000,USD (1),mar,2008,905098.9596033498
13,Northern Mariana Islands and Guam,2009,829000,USD (1),mar,2009,947175.2405567969
13,Northern Mariana Islands and Guam,2010,892280,USD (1),mar,2010,1003025.8434970311
13,Northern Mariana Islands and Guam,2011,751000,USD (1),mar,2011,818375.962760303
13,Northern Mariana Islands and Guam,2012,739000,USD (1),mar,2012,788972.8731198249
13,Northern Mariana Islands and Guam,2013,722500,USD (1),mar,2013,760221.1378347595
13,Northern Mariana Islands and Guam,2014,819500,USD (1),mar,2014,848520.5339347535
13,Northern Mariana Islands and Guam,2015,773500,USD (1),mar,2015,799942.610480824
13,Northern Mariana Islands and Guam,2016,773500,USD (1),mar,2016,789976.4008783085
13,Northern Mariana Islands and Guam,2017,628500,USD (1),mar,2017,628500
13,Northern Mariana Islands and Guam,2018,650250,USD (1),mar,2018,636687.8484481203
13,Northern Mariana Islands and Guam,2019,683250,USD (1),mar,2019,653048.3238873756
13,Northern Mariana Islands and Guam,2020,636250,USD (1),mar,2020,597301.5052043927
13,Northern Mariana Islands and Guam,2021,577500,USD (1),mar,2021,535541.570849274
13,Northern Mariana Islands and Guam,2022,599250,USD (1),mar,2022,530776.201494816
202,Tanzania,1984,0,USD (1),mar,1984,0
202,Tanzania,1985,0,USD (1),mar,1985,0
202,Tanzania,1986,0,USD (1),mar,1986,0
202,Tanzania,1987,0,USD (1),mar,1987,0
202,Tanzania,1988,0,USD (1),mar,1988,0
202,Tanzania,1989,56320,USD (1),mar,1989,111361.66926593179
202,Tanzania,1990,289740,USD (1),mar,1990,543562.329804197
202,Tanzania,1991,722820,USD (1),mar,1991,1300941.1042648244
202,Tanzania,1992,461650,USD (1),mar,1992,806457.6955398511
202,Tanzania,1993,286430,USD (1),mar,1993,486019.74447649287
202,Tanzania,1994,374740,USD (1),mar,1994,619707.2872884695
202,Tanzania,1995,549420,USD (1),mar,1995,883781.7005906167
202,Tanzania,1996,753600,USD (1),mar,1996,1177699.190309213
202,Tanzania,1997,550330,USD (1),mar,1997,840390.3662911437
202,Tanzania,1998,666100,USD (1),mar,1998,1001630.7210776553
202,Tanzania,1999,463650,USD (1),mar,1999,682273.4192555912
202,Tanzania,2000,580330,USD (1),mar,2000,826075.7711720876
202,Tanzania,2001,972260,USD (1),mar,2001,1345933.5434393839
202,Tanzania,2002,1103480,USD (1),mar,2002,1503736.2491545072
202,Tanzania,2003,710650,USD (1),mar,2003,946922.2118912805
202,Tanzania,2004,563140,USD (1),mar,2004,730803.71741816
202,Tanzania,2005,662680,USD (1),mar,2005,831760.249967997
202,Tanzania,2006,1105620,USD (1),mar,2006,1344346.8086065075
202,Tanzania,2007,804290,USD (1),mar,2007,950829.2265933694
202,Tanzania,2008,2686730,USD (1),mar,2008,3058813.242434098
202,Tanzania,2009,2350240,USD (1),mar,2009,2685270.3707674383
202,Tanzania,2010,3858820,USD (1),mar,2010,4337759.65549291
202,Tanzania,2011,4432280,USD (1),mar,2011,4829921.986981672
202,Tanzania,2012,5357990,USD (1),mar,2012,5720309.559468593
202,Tanzania,2013,5086390,USD (1),mar,2013,5351946.288264834
202,Tanzania,2014,6488270.000000001,USD (1),mar,2014,6718035.78366424
202,Tanzania,2015,7860250,USD (1),mar,2015,8128957.859123332
202,Tanzania,2016,6139590,USD (1),mar,2016,6270370.020773696
202,Tanzania,2017,6258230,USD (1),mar,2017,6258230
202,Tanzania,2018,6369070,USD (1),mar,2018,6236231.410865774
202,Tanzania,2019,5566230,USD (1),mar,2019,5320186.127876512
202,Tanzania,2020,3523730,USD (1),mar,2020,3308022.370033595
202,Tanzania,2021,5339530,USD (1),mar,2021,4951584.907007488
202,Tanzania,2022,5428870,USD (1),mar,2022,4808535.664596014
209,China,1984,1262008840,USD (1),mar,1984,2977793175.2650423
209,China,1985,1588281830,USD (1),mar,1985,3619327366.459602
209,China,1986,1963363990,USD (1),mar,1986,4390715090.036991
209,China,1987,2979660850,USD (1),mar,1987,6427927181.752665
209,China,1988,3460707000,USD (1),mar,1988,7173169399.298861
209,China,1989,3529149730,USD (1),mar,1989,6978196111.90008
209,China,1990,3713753360,USD (1),mar,1990,6967130629.805221
209,China,1991,4385863640,USD (1),mar,1991,7893736043.519192
209,China,1992,5256896780,USD (1),mar,1992,9183287908.349752
209,China,1993,6144858090,USD (1),mar,1993,10426709348.69291
209,China,1994,7315740200,USD (1),mar,1994,12098034674.305399
209,China,1995,8269560160,USD (1),mar,1995,13302184014.672222
209,China,1996,8746519130,USD (1),mar,1996,13668748006.137264
209,China,1997,8789959610,USD (1),mar,1997,13422850610.237963
209,China,1998,9864492490,USD (1),mar,1998,14833476543.797953
209,China,1999,10520517370,USD (1),mar,1999,15481223678.135963
209,China,2000,11162483120,USD (1),mar,2000,15889333399.185654
209,China,2001,12210797990,USD (1),mar,2001,16903834989.512278
209,China,2002,13582769920,USD (1),mar,2002,18509536641.01702
209,China,2003,12636441560,USD (1),mar,2003,16837722074.762686
209,China,2004,12590792570,USD (1),mar,2004,16339450252.862432
209,China,2005,14486070760,USD (1),mar,2005,18182135927.43359
209,China,2006,15603556710,USD (1),mar,2006,18972695560.861015
209,China,2007,16296721520.000002,USD (1),mar,2007,19265935320.43059
209,China,2008,20308636689.999996,USD (1),mar,2008,23121164703.247063
209,China,2009,21859980570,USD (1),mar,2009,24976154831.06955
209,China,2010,24890420240,USD (1),mar,2010,27979709010.87279
209,China,2011,29249647450,USD (1),mar,2011,31873779483.74593
209,China,2012,34411083370,USD (1),mar,2012,36738039666.56932
209,China,2013,39279167580,USD (1),mar,2013,41329900997.74367
209,China,2014,42244543730,USD (1),mar,2014,43740528128.87083
209,China,2015,43131026520,USD (1),mar,2015,44605489265.83898
209,China,2016,46293651910,USD (1),mar,2016,47279757620.39435
209,China,2017,49061084350,USD (1),mar,2017,49061084350
209,China,2018,50233328710,USD (1),mar,2018,49185620879.28811
209,China,2019,51887862000,USD (1),mar,2019,49594264631.10055
209,China,2020,53786758490,USD (1),mar,2020,50494163938.92676
209,China,2021,56189948880,USD (1),mar,2021,52107451929.23915
209,China,2022,58590706960,USD (1),mar,2022,51895791210.88807
140,Guadeloupe and Martinique,1984,0,USD (1),mar,1984,0
140,Guadeloupe and Martinique,1985,0,USD (1),mar,1985,0
140,Guadeloupe and Martinique,1986,0,USD (1),mar,1986,0
140,Guadeloupe and Martinique,1987,109930,USD (1),mar,1987,237148.47785111866
140,Guadeloupe and Martinique,1988,200,USD (1),mar,1988,414.54936227186295
140,Guadeloupe and Martinique,1989,38600,USD (1),mar,1989,76323.87133638082
140,Guadeloupe and Martinique,1990,102480,USD (1),mar,1990,192256.04872759752
140,Guadeloupe and Martinique,1991,145980,USD (1),mar,1991,262736.7565930371
140,Guadeloupe and Martinique,1992,303080.00000000006,USD (1),mar,1992,529451.3123886453
140,Guadeloupe and Martinique,1993,326260,USD (1),mar,1993,553604.0283241998
140,Guadeloupe and Martinique,1994,263600,USD (1),mar,1994,435915.14364423486
140,Guadeloupe and Martinique,1995,154300,USD (1),mar,1995,248202.67991906402
140,Guadeloupe and Martinique,1996,131100,USD (1),mar,1996,204878.40213579862
140,Guadeloupe and Martinique,1997,113320,USD (1),mar,1997,173047.14681756837
140,Guadeloupe and Martinique,1998,186450,USD (1),mar,1998,280369.3858954044
140,Guadeloupe and Martinique,1999,203640,USD (1),mar,1999,299661.7256491073
140,Guadeloupe and Martinique,2000,135220,USD (1),mar,2000,192480.0816395666
140,Guadeloupe and Martinique,2001,159920,USD (1),mar,2001,221382.8525978918
140,Guadeloupe and Martinique,2002,372860,USD (1),mar,2002,508104.44943247683
140,Guadeloupe and Martinique,2003,614360,USD (1),mar,2003,818618.3495356746
140,Guadeloupe and Martinique,2004,712140,USD (1),mar,2004,924165.4993823357
140,Guadeloupe and Martinique,2005,587460,USD (1),mar,2005,737348.1566460426
140,Guadeloupe and Martinique,2006,687179.9999999999,USD (1),mar,2006,835556.7373403335
140,Guadeloupe and Martinique,2007,487070,USD (1),mar,2007,575812.693676202
140,Guadeloupe and Martinique,2008,588300,USD (1),mar,2008,669773.2301064788
140,Guadeloupe and Martinique,2009,498630,USD (1),mar,2009,569710.482748897
140,Guadeloupe and Martinique,2010,546850,USD (1),mar,2010,614722.6011076696
140,Guadeloupe and Martinique,2011,333370,USD (1),mar,2011,363278.28855579527
140,Guadeloupe and Martinique,2012,323770,USD (1),mar,2012,345664.06918809976
140,Guadeloupe and Martinique,2013,374530,USD (1),mar,2013,394083.90692491696
140,Guadeloupe and Martinique,2014,786470,USD (1),mar,2014,814320.8594553577
140,Guadeloupe and Martinique,2015,453570,USD (1),mar,2015,469075.591255058
140,Guadeloupe and Martinique,2016,761550,USD (1),mar,2016,777771.8527328712
140,Guadeloupe and Martinique,2017,534340,USD (1),mar,2017,534340
140,Guadeloupe and Martinique,2018,684950,USD (1),mar,2018,670664.1165621531
140,Guadeloupe and Martinique,2019,593320,USD (1),mar,2019,567093.4965662023
140,Guadeloupe and Martinique,2020,810960,USD (1),mar,2020,761316.5087002818
140,Guadeloupe and Martinique,2021,865000,USD (1),mar,2021,802153.175384627
140,Guadeloupe and Martinique,2022,792950,USD (1),mar,2022,702342.910263353
186,Montenegro,1984,0,USD (1),mar,1984,0
186,Montenegro,1985,0,USD (1),mar,1985,0
186,Montenegro,1986,0,USD (1),mar,1986,0
186,Montenegro,1987,0,USD (1),mar,1987,0
186,Montenegro,1988,0,USD (1),mar,1988,0
186,Montenegro,1989,0,USD (1),mar,1989,0
186,Montenegro,1990,0,USD (1),mar,1990,0
186,Montenegro,1991,0,USD (1),mar,1991,0
186,Montenegro,1992,11200,USD (1),mar,1992,19565.31179474999
186,Montenegro,1993,80700,USD (1),mar,1993,136933.25901355644
186,Montenegro,1994,21800,USD (1),mar,1994,36050.64541519089
186,Montenegro,1995,45600,USD (1),mar,1995,73350.88920485624
186,Montenegro,1996,22700,USD (1),mar,1996,35474.750026564674
186,Montenegro,1997,22600,USD (1),mar,1997,34511.69712387086
186,Montenegro,1998,33900,USD (1),mar,1998,50976.25198098261
186,Montenegro,1999,76700,USD (1),mar,1999,112866.10860973546
186,Montenegro,2000,55050,USD (1),mar,2000,78361.39989837406
186,Montenegro,2001,71700,USD (1),mar,2001,99256.81923004528
186,Montenegro,2002,41700,USD (1),mar,2002,56825.49895760951
186,Montenegro,2003,49700,USD (1),mar,2003,66223.9272933183
186,Montenegro,2004,73700,USD (1),mar,2004,95642.70691785062
186,Montenegro,2005,73700,USD (1),mar,2005,92504.2711755921
186,Montenegro,2006,662130,USD (1),mar,2006,805097.911020628
186,Montenegro,2007,910730,USD (1),mar,2007,1076662.2754670323
186,Montenegro,2008,1204480,USD (1),mar,2008,1371287.5407082299
186,Montenegro,2009,1327300,USD (1),mar,2009,1516508.681291962
186,Montenegro,2010,1225380,USD (1),mar,2010,1377468.740871018
186,Montenegro,2011,1352590.0000000002,USD (1),mar,2011,1473937.6078161898
186,Montenegro,2012,1101070,USD (1),mar,2012,1175526.8760568954
186,Montenegro,2013,1138210,USD (1),mar,2013,1197635.0190932895
186,Montenegro,2014,1011250,USD (1),mar,2014,1047060.8785131415
186,Montenegro,2015,1057150,USD (1),mar,2015,1093289.3738458995
186,Montenegro,2016,1332830,USD (1),mar,2016,1361220.7451617788
186,Montenegro,2017,1269430,USD (1),mar,2017,1269430
186,Montenegro,2018,1442060,USD (1),mar,2018,1411983.2045107211
186,Montenegro,2019,1531210,USD (1),mar,2019,1463525.977342976
186,Montenegro,2020,1466000,USD (1),mar,2020,1376257.770734208
186,Montenegro,2021,1615390,USD (1),mar,2021,1498023.3733925696
186,Montenegro,2022,1764690,USD (1),mar,2022,1563046.2328174997
73,Russia,1984,6772650,USD (1),mar,1984,15980514.802462706
73,Russia,1985,6524160,USD (1),mar,1985,14867053.431670295
73,Russia,1986,8064240,USD (1),mar,1986,18034241.45396489
73,Russia,1987,8824380,USD (1),mar,1987,19036553.124532472
73,Russia,1988,11401200,USD (1),mar,1988,23631800.94566982
73,Russia,1989,7480000,USD (1),mar,1989,14790221.699381568
73,Russia,1990,13949500,USD (1),mar,1990,26169747.772498257
73,Russia,1991,20199789.999999996,USD (1),mar,1991,36355852.22948667
73,Russia,1992,5752000,USD (1),mar,1992,10048185.128875172
73,Russia,1993,6184000,USD (1),mar,1993,10493126.06864725
73,Russia,1994,11029700,USD (1),mar,1994,18239807.510822523
73,Russia,1995,17670000,USD (1),mar,1995,28423469.566881794
73,Russia,1996,3682000,USD (1),mar,1996,5754098.220167891
73,Russia,1997,19205700,USD (1),mar,1997,29328376.170439225
73,Russia,1998,10161000,USD (1),mar,1998,15279342.076069744
73,Russia,1999,8009300,USD (1),mar,1999,11785899.917704748
73,Russia,2000,8780200,USD (1),mar,2000,12498251.83265584
73,Russia,2001,3164500,USD (1),mar,2001,4380728.095585471
73,Russia,2002,932200,USD (1),mar,2002,1270329.2596710692
73,Russia,2003,2837500,USD (1),mar,2003,3780893.2332955864
73,Russia,2004,3255500,USD (1),mar,2004,4224760.276405193
73,Russia,2005,3378200,USD (1),mar,2005,4240134.720290166
73,Russia,2006,4212700,USD (1),mar,2006,5122311.282915137
73,Russia,2007,1226100,USD (1),mar,2007,1449491.7439308336
73,Russia,2008,1143000,USD (1),mar,2008,1301293.221165571
73,Russia,2009,11814500,USD (1),mar,2009,13498675.36738031
73,Russia,2010,20248500,USD (1),mar,2010,22761654.180357773
73,Russia,2011,30969000,USD (1),mar,2011,33747383.742641576
73,Russia,2012,40777100,USD (1),mar,2012,43534540.92624413
73,Russia,2013,100135200,USD (1),mar,2013,105363177.41357954
73,Russia,2014,96866200,USD (1),mar,2014,100296473.1473223
73,Russia,2015,62064600,USD (1),mar,2015,64186319.5118916
73,Russia,2016,82965000,USD (1),mar,2016,84732245.76453635
73,Russia,2017,75094600,USD (1),mar,2017,75094600
73,Russia,2018,133676200,USD (1),mar,2018,130888138.66469915
73,Russia,2019,227514900,USD (1),mar,2019,217458066.74629182
73,Russia,2020,470366890,USD (1),mar,2020,441573047.37966055
73,Russia,2021,622978490,USD (1),mar,2021,577715808.0344741
73,Russia,2022,777788460,USD (1),mar,2022,688913816.2124366
