rgn_id,rgn_name,year,usd,unit,sector,usd_yr,adj_usd
5,New Caledonia,2008,NA,USD (1),tour,2015,NA
5,New Caledonia,2009,NA,USD (1),tour,2015,NA
5,New Caledonia,2010,NA,USD (1),tour,2015,NA
5,New Caledonia,2011,NA,USD (1),tour,2015,NA
5,New Caledonia,2012,NA,USD (1),tour,2015,NA
5,New Caledonia,2013,NA,USD (1),tour,2015,NA
5,New Caledonia,2014,NA,USD (1),tour,2015,NA
5,New Caledonia,2015,NA,USD (1),tour,2015,NA
5,New Caledonia,2016,NA,USD (1),tour,2015,NA
5,New Caledonia,2017,NA,USD (1),tour,2015,NA
5,New Caledonia,2018,NA,USD (1),tour,2015,NA
5,New Caledonia,2019,NA,USD (1),tour,2015,NA
6,Vanuatu,2008,NA,USD (1),tour,2015,NA
6,Vanuatu,2009,NA,USD (1),tour,2015,NA
6,Vanuatu,2010,NA,USD (1),tour,2015,NA
6,Vanuatu,2011,NA,USD (1),tour,2015,NA
6,Vanuatu,2012,NA,USD (1),tour,2015,NA
6,Vanuatu,2013,NA,USD (1),tour,2015,NA
6,Vanuatu,2014,NA,USD (1),tour,2015,NA
6,Vanuatu,2015,NA,USD (1),tour,2015,NA
6,Vanuatu,2016,NA,USD (1),tour,2015,NA
6,Vanuatu,2017,NA,USD (1),tour,2015,NA
6,Vanuatu,2018,NA,USD (1),tour,2015,NA
6,Vanuatu,2019,NA,USD (1),tour,2015,NA
7,Solomon Islands,2008,NA,USD (1),tour,2015,NA
7,Solomon Islands,2009,NA,USD (1),tour,2015,NA
7,Solomon Islands,2010,NA,USD (1),tour,2015,NA
7,Solomon Islands,2011,NA,USD (1),tour,2015,NA
7,Solomon Islands,2012,NA,USD (1),tour,2015,NA
7,Solomon Islands,2013,NA,USD (1),tour,2015,NA
7,Solomon Islands,2014,NA,USD (1),tour,2015,NA
7,Solomon Islands,2015,NA,USD (1),tour,2015,NA
7,Solomon Islands,2016,NA,USD (1),tour,2015,NA
7,Solomon Islands,2017,NA,USD (1),tour,2015,NA
7,Solomon Islands,2018,NA,USD (1),tour,2015,NA
7,Solomon Islands,2019,NA,USD (1),tour,2015,NA
8,Palau,2008,45784544.61044087,USD (1),tour,2015,47349719.63199976
8,Palau,2009,43480803.46740731,USD (1),tour,2015,44967223.5701635
8,Palau,2010,45008898.61492743,USD (1),tour,2015,46547557.66372566
8,Palau,2011,54497032.65276614,USD (1),tour,2015,56360049.8561247
8,Palau,2012,60267200.22902797,USD (1),tour,2015,62327474.43772353
8,Palau,2013,61703935.643323846,USD (1),tour,2015,63813325.60499191
8,Palau,2014,67259193.27328159,USD (1),tour,2015,69558493.40124519
8,Palau,2015,75819670.64243026,USD (1),tour,2015,78411616.36651838
8,Palau,2016,71434560.64198133,USD (1),tour,2015,73876598.47252396
8,Palau,2017,61272309.2895824,USD (1),tour,2015,63366943.81809566
8,Palau,2018,56182295.53795114,USD (1),tour,2015,58102924.57069656
8,Palau,2019,51478407.12791852,USD (1),tour,2015,53238230.61577479
9,Micronesia,2008,5837044.620238129,USD (1),tour,2015,6036587.8616759395
9,Micronesia,2009,5208731.783282422,USD (1),tour,2015,5386795.733695383
9,Micronesia,2010,5405034.63941436,USD (1),tour,2015,5589809.333151135
9,Micronesia,2011,5326614.226039164,USD (1),tour,2015,5508708.065936733
9,Micronesia,2012,5326552.716956438,USD (1),tour,2015,5508644.454125221
9,Micronesia,2013,5143351.911841697,USD (1),tour,2015,5319180.807989896
9,Micronesia,2014,4946923.800137037,USD (1),tour,2015,5116037.6710166
9,Micronesia,2015,5365788.322375221,USD (1),tour,2015,5549221.354736078
9,Micronesia,2016,5460892.256751953,USD (1),tour,2015,5647576.480181869
9,Micronesia,2017,5707651.821106907,USD (1),tour,2015,5902771.6838938445
9,Micronesia,2018,5733914.882652883,USD (1),tour,2015,5929932.565616284
9,Micronesia,2019,5967952.224801985,USD (1),tour,2015,6171970.629518993
10,Nauru,2008,NA,USD (1),tour,2015,NA
10,Nauru,2009,NA,USD (1),tour,2015,NA
10,Nauru,2010,NA,USD (1),tour,2015,NA
10,Nauru,2011,NA,USD (1),tour,2015,NA
10,Nauru,2012,NA,USD (1),tour,2015,NA
10,Nauru,2013,NA,USD (1),tour,2015,NA
10,Nauru,2014,NA,USD (1),tour,2015,NA
10,Nauru,2015,NA,USD (1),tour,2015,NA
10,Nauru,2016,NA,USD (1),tour,2015,NA
10,Nauru,2017,NA,USD (1),tour,2015,NA
10,Nauru,2018,NA,USD (1),tour,2015,NA
10,Nauru,2019,NA,USD (1),tour,2015,NA
11,Marshall Islands,2008,4230840.637207028,USD (1),tour,2015,4375474.7302595265
11,Marshall Islands,2009,4218563.842773451,USD (1),tour,2015,4362778.245466336
11,Marshall Islands,2010,4092471.954345706,USD (1),tour,2015,4232375.822209261
11,Marshall Islands,2011,3906154.7851562505,USD (1),tour,2015,4039689.2770265723
11,Marshall Islands,2012,3679799.789428707,USD (1),tour,2015,3805596.18565273
11,Marshall Islands,2013,3449546.8902587947,USD (1),tour,2015,3567471.938422274
11,Marshall Islands,2014,3768522.994995108,USD (1),tour,2015,3897352.452842146
11,Marshall Islands,2015,4030904.4799804664,USD (1),tour,2015,4168703.6229016455
11,Marshall Islands,2016,4304490.570068368,USD (1),tour,2015,4451642.434919949
11,Marshall Islands,2017,4465211.5631103525,USD (1),tour,2015,4617857.7816983275
11,Marshall Islands,2018,4717907.287597662,USD (1),tour,2015,4879192.077113611
11,Marshall Islands,2019,5659326.171875,USD (1),tour,2015,5852793.990293647
13,Northern Mariana Islands and Guam,2008,635093393.9945412,USD (1),tour,2015,656804482.8585905
13,Northern Mariana Islands and Guam,2009,637879446.7697904,USD (1),tour,2015,659685778.6956561
13,Northern Mariana Islands and Guam,2010,652316265.6960876,USD (1),tour,2015,674616129.8513654
13,Northern Mariana Islands and Guam,2011,644118516.4695178,USD (1),tour,2015,666138135.1307844
13,Northern Mariana Islands and Guam,2012,648973002.3657867,USD (1),tour,2015,671158574.8468848
13,Northern Mariana Islands and Guam,2013,650902977.1064609,USD (1),tour,2015,673154527.0540173
13,Northern Mariana Islands and Guam,2014,653371588.717016,USD (1),tour,2015,675707529.7896485
13,Northern Mariana Islands and Guam,2015,649487999.9999999,USD (1),tour,2015,671691178.0167671
13,Northern Mariana Islands and Guam,2016,702955940.8553228,USD (1),tour,2015,726986955.8898652
13,Northern Mariana Islands and Guam,2017,902634664.9681532,USD (1),tour,2015,933491829.6122929
13,Northern Mariana Islands and Guam,2018,1086978490.2638772,USD (1),tour,2015,1124137570.8315332
13,Northern Mariana Islands and Guam,2019,1311070001.8198354,USD (1),tour,2015,1355889799.3262546
15,Philippines,2008,11986895533.982542,USD (1),tour,2015,12396675507.45304
15,Philippines,2009,12502137771.268044,USD (1),tour,2015,12929531642.325884
15,Philippines,2010,14275097815.927649,USD (1),tour,2015,14763101501.929249
15,Philippines,2011,16254849737.847763,USD (1),tour,2015,16810532556.260477
15,Philippines,2012,19548735063.971676,USD (1),tour,2015,20217021536.74405
15,Philippines,2013,21906818017.945908,USD (1),tour,2015,22655717120.367165
15,Philippines,2014,25510530470.789726,USD (1),tour,2015,26382624873.37316
15,Philippines,2015,30328702448.89197,USD (1),tour,2015,31365509255.93123
15,Philippines,2016,34184719519.54929,USD (1),tour,2015,35353346827.437675
15,Philippines,2017,41230077135.24205,USD (1),tour,2015,42639554665.66421
15,Philippines,2018,45769091290.240746,USD (1),tour,2015,47333738029.80004
15,Philippines,2019,50926983268.54421,USD (1),tour,2015,52667955966.06659
16,Australia,2008,32866458346.205635,USD (1),tour,2015,33990020021.619915
16,Australia,2009,32333705081.461,USD (1),tour,2015,33439054233.20103
16,Australia,2010,31873140646.508617,USD (1),tour,2015,32962745097.596073
16,Australia,2011,32640955610.100662,USD (1),tour,2015,33756808324.929054
16,Australia,2012,35176256843.82347,USD (1),tour,2015,36378780512.72411
16,Australia,2013,37382056328.54321,USD (1),tour,2015,38659986715.702736
16,Australia,2014,39679403225.165695,USD (1),tour,2015,41035869939.57372
16,Australia,2015,41904837299.312416,USD (1),tour,2015,43337381953.44044
16,Australia,2016,43069432494.79062,USD (1),tour,2015,44541789608.02901
16,Australia,2017,44068087468.96995,USD (1),tour,2015,45574584264.802986
16,Australia,2018,45348866108.69746,USD (1),tour,2015,46899147171.734726
16,Australia,2019,35874560792.44776,USD (1),tour,2015,37100956444.94335
17,Papua New Guinea,2008,NA,USD (1),tour,2015,NA
17,Papua New Guinea,2009,NA,USD (1),tour,2015,NA
17,Papua New Guinea,2010,NA,USD (1),tour,2015,NA
17,Papua New Guinea,2011,NA,USD (1),tour,2015,NA
17,Papua New Guinea,2012,NA,USD (1),tour,2015,NA
17,Papua New Guinea,2013,NA,USD (1),tour,2015,NA
17,Papua New Guinea,2014,NA,USD (1),tour,2015,NA
17,Papua New Guinea,2015,NA,USD (1),tour,2015,NA
17,Papua New Guinea,2016,NA,USD (1),tour,2015,NA
17,Papua New Guinea,2017,NA,USD (1),tour,2015,NA
17,Papua New Guinea,2018,NA,USD (1),tour,2015,NA
17,Papua New Guinea,2019,NA,USD (1),tour,2015,NA
18,Fiji,2008,498044271.067512,USD (1),tour,2015,515070244.77409786
18,Fiji,2009,472251143.91326624,USD (1),tour,2015,488395362.46222824
18,Fiji,2010,466756433.49660355,USD (1),tour,2015,482712811.725911
18,Fiji,2011,459408576.6773034,USD (1),tour,2015,475113763.548186
18,Fiji,2012,465892275.9910799,USD (1),tour,2015,481819112.4229567
18,Fiji,2013,513406828.7781986,USD (1),tour,2015,530957981.70848566
18,Fiji,2014,595945140.7770087,USD (1),tour,2015,616317920.6419166
18,Fiji,2015,641499745.4746544,USD (1),tour,2015,663429839.7127075
18,Fiji,2016,604421628.0013775,USD (1),tour,2015,625084182.2036089
18,Fiji,2017,682262701.3132169,USD (1),tour,2015,705586304.230373
18,Fiji,2018,661054754.9615928,USD (1),tour,2015,683653350.1677285
18,Fiji,2019,615489219.7056429,USD (1),tour,2015,636530126.8702488
19,Tuvalu,2008,NA,USD (1),tour,2015,NA
19,Tuvalu,2009,NA,USD (1),tour,2015,NA
19,Tuvalu,2010,NA,USD (1),tour,2015,NA
19,Tuvalu,2011,NA,USD (1),tour,2015,NA
19,Tuvalu,2012,NA,USD (1),tour,2015,NA
19,Tuvalu,2013,NA,USD (1),tour,2015,NA
19,Tuvalu,2014,NA,USD (1),tour,2015,NA
19,Tuvalu,2015,NA,USD (1),tour,2015,NA
19,Tuvalu,2016,NA,USD (1),tour,2015,NA
19,Tuvalu,2017,NA,USD (1),tour,2015,NA
19,Tuvalu,2018,NA,USD (1),tour,2015,NA
19,Tuvalu,2019,NA,USD (1),tour,2015,NA
20,South Korea,2008,NA,USD (1),tour,2015,NA
20,South Korea,2009,NA,USD (1),tour,2015,NA
20,South Korea,2010,NA,USD (1),tour,2015,NA
20,South Korea,2011,NA,USD (1),tour,2015,NA
20,South Korea,2012,NA,USD (1),tour,2015,NA
20,South Korea,2013,NA,USD (1),tour,2015,NA
20,South Korea,2014,NA,USD (1),tour,2015,NA
20,South Korea,2015,NA,USD (1),tour,2015,NA
20,South Korea,2016,NA,USD (1),tour,2015,NA
20,South Korea,2017,NA,USD (1),tour,2015,NA
20,South Korea,2018,NA,USD (1),tour,2015,NA
20,South Korea,2019,40953674004.8765,USD (1),tour,2015,42353702510.97812
21,North Korea,2008,NA,USD (1),tour,2015,NA
21,North Korea,2009,NA,USD (1),tour,2015,NA
21,North Korea,2010,NA,USD (1),tour,2015,NA
21,North Korea,2011,NA,USD (1),tour,2015,NA
21,North Korea,2012,NA,USD (1),tour,2015,NA
21,North Korea,2013,NA,USD (1),tour,2015,NA
21,North Korea,2014,NA,USD (1),tour,2015,NA
21,North Korea,2015,NA,USD (1),tour,2015,NA
21,North Korea,2016,NA,USD (1),tour,2015,NA
21,North Korea,2017,NA,USD (1),tour,2015,NA
21,North Korea,2018,NA,USD (1),tour,2015,NA
21,North Korea,2019,NA,USD (1),tour,2015,NA
24,Cambodia,2008,NA,USD (1),tour,2015,NA
24,Cambodia,2009,NA,USD (1),tour,2015,NA
24,Cambodia,2010,NA,USD (1),tour,2015,NA
24,Cambodia,2011,NA,USD (1),tour,2015,NA
24,Cambodia,2012,NA,USD (1),tour,2015,NA
24,Cambodia,2013,NA,USD (1),tour,2015,NA
24,Cambodia,2014,NA,USD (1),tour,2015,NA
24,Cambodia,2015,NA,USD (1),tour,2015,NA
24,Cambodia,2016,NA,USD (1),tour,2015,NA
24,Cambodia,2017,NA,USD (1),tour,2015,NA
24,Cambodia,2018,NA,USD (1),tour,2015,NA
24,Cambodia,2019,NA,USD (1),tour,2015,NA
25,Thailand,2008,11579781963.98656,USD (1),tour,2015,11975644490.07133
25,Thailand,2009,11499809878.482618,USD (1),tour,2015,11892938505.7874
25,Thailand,2010,12363835505.161407,USD (1),tour,2015,12786501421.53111
25,Thailand,2011,14690705835.513882,USD (1),tour,2015,15192917357.293924
25,Thailand,2012,17736211456.80742,USD (1),tour,2015,18342535608.01348
25,Thailand,2013,20560481891.213303,USD (1),tour,2015,21263355600.2597
25,Thailand,2014,20086330825.322723,USD (1),tour,2015,20772995365.72735
25,Thailand,2015,24869755894.160904,USD (1),tour,2015,25719944992.88421
25,Thailand,2016,28630410442.6897,USD (1),tour,2015,29609160011.199284
25,Thailand,2017,32078720685.24433,USD (1),tour,2015,33175353026.295486
25,Thailand,2018,33361765755.473396,USD (1),tour,2015,34502259843.15856
25,Thailand,2019,33925987947.342,USD (1),tour,2015,35085770344.84516
28,Comoro Islands,2008,NA,USD (1),tour,2015,NA
28,Comoro Islands,2009,NA,USD (1),tour,2015,NA
28,Comoro Islands,2010,NA,USD (1),tour,2015,NA
28,Comoro Islands,2011,NA,USD (1),tour,2015,NA
28,Comoro Islands,2012,NA,USD (1),tour,2015,NA
28,Comoro Islands,2013,NA,USD (1),tour,2015,NA
28,Comoro Islands,2014,NA,USD (1),tour,2015,NA
28,Comoro Islands,2015,NA,USD (1),tour,2015,NA
28,Comoro Islands,2016,NA,USD (1),tour,2015,NA
28,Comoro Islands,2017,NA,USD (1),tour,2015,NA
28,Comoro Islands,2018,NA,USD (1),tour,2015,NA
28,Comoro Islands,2019,NA,USD (1),tour,2015,NA
31,Seychelles,2008,NA,USD (1),tour,2015,NA
31,Seychelles,2009,NA,USD (1),tour,2015,NA
31,Seychelles,2010,NA,USD (1),tour,2015,NA
31,Seychelles,2011,NA,USD (1),tour,2015,NA
31,Seychelles,2012,NA,USD (1),tour,2015,NA
31,Seychelles,2013,NA,USD (1),tour,2015,NA
31,Seychelles,2014,NA,USD (1),tour,2015,NA
31,Seychelles,2015,NA,USD (1),tour,2015,NA
31,Seychelles,2016,NA,USD (1),tour,2015,NA
31,Seychelles,2017,NA,USD (1),tour,2015,NA
31,Seychelles,2018,NA,USD (1),tour,2015,NA
31,Seychelles,2019,NA,USD (1),tour,2015,NA
37,Mauritius,2008,891789275.9283254,USD (1),tour,2015,922275683.7555379
37,Mauritius,2009,921352777.0844344,USD (1),tour,2015,952849832.8050152
37,Mauritius,2010,961682260.5422592,USD (1),tour,2015,994558006.401131
37,Mauritius,2011,1042599188.32378,USD (1),tour,2015,1078241133.0225117
37,Mauritius,2012,1068259193.1168994,USD (1),tour,2015,1104778342.097054
37,Mauritius,2013,1003779127.457676,USD (1),tour,2015,1038093982.6304554
37,Mauritius,2014,1053773378.9672816,USD (1),tour,2015,1089797320.7838216
37,Mauritius,2015,1104670776.1996987,USD (1),tour,2015,1142434679.2954948
37,Mauritius,2016,1147338334.3454704,USD (1),tour,2015,1186560856.213363
37,Mauritius,2017,1179558154.6323028,USD (1),tour,2015,1219882132.4247031
37,Mauritius,2018,1253783066.4826682,USD (1),tour,2015,1296644472.1122148
37,Mauritius,2019,1276162180.0900347,USD (1),tour,2015,1319788630.5599508
39,Maldives,2008,NA,USD (1),tour,2015,NA
39,Maldives,2009,NA,USD (1),tour,2015,NA
39,Maldives,2010,NA,USD (1),tour,2015,NA
39,Maldives,2011,NA,USD (1),tour,2015,NA
39,Maldives,2012,NA,USD (1),tour,2015,NA
39,Maldives,2013,NA,USD (1),tour,2015,NA
39,Maldives,2014,NA,USD (1),tour,2015,NA
39,Maldives,2015,NA,USD (1),tour,2015,NA
39,Maldives,2016,NA,USD (1),tour,2015,NA
39,Maldives,2017,NA,USD (1),tour,2015,NA
39,Maldives,2018,NA,USD (1),tour,2015,NA
39,Maldives,2019,NA,USD (1),tour,2015,NA
40,Sri Lanka,2008,NA,USD (1),tour,2015,NA
40,Sri Lanka,2009,NA,USD (1),tour,2015,NA
40,Sri Lanka,2010,NA,USD (1),tour,2015,NA
40,Sri Lanka,2011,NA,USD (1),tour,2015,NA
40,Sri Lanka,2012,NA,USD (1),tour,2015,NA
40,Sri Lanka,2013,NA,USD (1),tour,2015,NA
40,Sri Lanka,2014,NA,USD (1),tour,2015,NA
40,Sri Lanka,2015,NA,USD (1),tour,2015,NA
40,Sri Lanka,2016,NA,USD (1),tour,2015,NA
40,Sri Lanka,2017,NA,USD (1),tour,2015,NA
40,Sri Lanka,2018,3253896327.376436,USD (1),tour,2015,3365132931.2934356
40,Sri Lanka,2019,NA,USD (1),tour,2015,NA
41,Mozambique,2008,524997617.3944273,USD (1),tour,2015,542945009.1205056
41,Mozambique,2009,556124578.4721061,USD (1),tour,2015,575136066.0058494
41,Mozambique,2010,593272195.1997373,USD (1),tour,2015,613553598.6474038
41,Mozambique,2011,635596580.2127259,USD (1),tour,2015,657324870.8313541
41,Mozambique,2012,686409368.9094987,USD (1),tour,2015,709874728.4084802
41,Mozambique,2013,731516169.565964,USD (1),tour,2015,756523534.9599617
41,Mozambique,2014,787861703.2378422,USD (1),tour,2015,814795278.0684522
41,Mozambique,2015,846109057.173903,USD (1),tour,2015,875033856.4281329
41,Mozambique,2016,810332791.9175787,USD (1),tour,2015,838034555.8174044
41,Mozambique,2017,754200806.801715,USD (1),tour,2015,779983661.5639399
41,Mozambique,2018,838164317.3033282,USD (1),tour,2015,866817520.3561759
41,Mozambique,2019,866812819.723884,USD (1),tour,2015,896445390.8315032
42,Madagascar,2008,NA,USD (1),tour,2015,NA
42,Madagascar,2009,NA,USD (1),tour,2015,NA
42,Madagascar,2010,NA,USD (1),tour,2015,NA
42,Madagascar,2011,NA,USD (1),tour,2015,NA
42,Madagascar,2012,NA,USD (1),tour,2015,NA
42,Madagascar,2013,NA,USD (1),tour,2015,NA
42,Madagascar,2014,NA,USD (1),tour,2015,NA
42,Madagascar,2015,NA,USD (1),tour,2015,NA
42,Madagascar,2016,NA,USD (1),tour,2015,NA
42,Madagascar,2017,NA,USD (1),tour,2015,NA
42,Madagascar,2018,NA,USD (1),tour,2015,NA
42,Madagascar,2019,NA,USD (1),tour,2015,NA
43,Kenya,2008,NA,USD (1),tour,2015,NA
43,Kenya,2009,NA,USD (1),tour,2015,NA
43,Kenya,2010,NA,USD (1),tour,2015,NA
43,Kenya,2011,NA,USD (1),tour,2015,NA
43,Kenya,2012,NA,USD (1),tour,2015,NA
43,Kenya,2013,NA,USD (1),tour,2015,NA
43,Kenya,2014,NA,USD (1),tour,2015,NA
43,Kenya,2015,NA,USD (1),tour,2015,NA
43,Kenya,2016,NA,USD (1),tour,2015,NA
43,Kenya,2017,NA,USD (1),tour,2015,NA
43,Kenya,2018,NA,USD (1),tour,2015,NA
43,Kenya,2019,NA,USD (1),tour,2015,NA
44,Somalia,2008,NA,USD (1),tour,2015,NA
44,Somalia,2009,NA,USD (1),tour,2015,NA
44,Somalia,2010,NA,USD (1),tour,2015,NA
44,Somalia,2011,NA,USD (1),tour,2015,NA
44,Somalia,2012,NA,USD (1),tour,2015,NA
44,Somalia,2013,NA,USD (1),tour,2015,NA
44,Somalia,2014,NA,USD (1),tour,2015,NA
44,Somalia,2015,NA,USD (1),tour,2015,NA
44,Somalia,2016,NA,USD (1),tour,2015,NA
44,Somalia,2017,NA,USD (1),tour,2015,NA
44,Somalia,2018,NA,USD (1),tour,2015,NA
44,Somalia,2019,NA,USD (1),tour,2015,NA
45,Eritrea,2008,NA,USD (1),tour,2015,NA
45,Eritrea,2009,NA,USD (1),tour,2015,NA
45,Eritrea,2010,NA,USD (1),tour,2015,NA
45,Eritrea,2011,NA,USD (1),tour,2015,NA
45,Eritrea,2012,NA,USD (1),tour,2015,NA
45,Eritrea,2013,NA,USD (1),tour,2015,NA
45,Eritrea,2014,NA,USD (1),tour,2015,NA
45,Eritrea,2015,NA,USD (1),tour,2015,NA
45,Eritrea,2016,NA,USD (1),tour,2015,NA
45,Eritrea,2017,NA,USD (1),tour,2015,NA
45,Eritrea,2018,NA,USD (1),tour,2015,NA
45,Eritrea,2019,NA,USD (1),tour,2015,NA
46,Djibouti,2008,NA,USD (1),tour,2015,NA
46,Djibouti,2009,NA,USD (1),tour,2015,NA
46,Djibouti,2010,NA,USD (1),tour,2015,NA
46,Djibouti,2011,NA,USD (1),tour,2015,NA
46,Djibouti,2012,NA,USD (1),tour,2015,NA
46,Djibouti,2013,NA,USD (1),tour,2015,NA
46,Djibouti,2014,NA,USD (1),tour,2015,NA
46,Djibouti,2015,NA,USD (1),tour,2015,NA
46,Djibouti,2016,NA,USD (1),tour,2015,NA
46,Djibouti,2017,NA,USD (1),tour,2015,NA
46,Djibouti,2018,NA,USD (1),tour,2015,NA
46,Djibouti,2019,NA,USD (1),tour,2015,NA
47,Yemen,2008,NA,USD (1),tour,2015,NA
47,Yemen,2009,NA,USD (1),tour,2015,NA
47,Yemen,2010,NA,USD (1),tour,2015,NA
47,Yemen,2011,NA,USD (1),tour,2015,NA
47,Yemen,2012,NA,USD (1),tour,2015,NA
47,Yemen,2013,NA,USD (1),tour,2015,NA
47,Yemen,2014,NA,USD (1),tour,2015,NA
47,Yemen,2015,NA,USD (1),tour,2015,NA
47,Yemen,2016,NA,USD (1),tour,2015,NA
47,Yemen,2017,NA,USD (1),tour,2015,NA
47,Yemen,2018,NA,USD (1),tour,2015,NA
47,Yemen,2019,NA,USD (1),tour,2015,NA
48,Oman,2008,1364550860.8146594,USD (1),tour,2015,1411198936.9540198
48,Oman,2009,1634736209.6566353,USD (1),tour,2015,1690620751.1315534
48,Oman,2010,1516430917.0339582,USD (1),tour,2015,1568271113.6211693
48,Oman,2011,1366333932.7567034,USD (1),tour,2015,1413042964.3929257
48,Oman,2012,1518935035.83868,USD (1),tour,2015,1570860837.387948
48,Oman,2013,1665340416.4254398,USD (1),tour,2015,1722271183.0052862
48,Oman,2014,1699309920.5762978,USD (1),tour,2015,1757401957.1839242
48,Oman,2015,2127523367.022555,USD (1),tour,2015,2200254164.285682
48,Oman,2016,2269054862.210099,USD (1),tour,2015,2346624007.4990993
48,Oman,2017,2203179185.069366,USD (1),tour,2015,2278496326.6469336
48,Oman,2018,2236401639.899748,USD (1),tour,2015,2312854513.1286364
48,Oman,2019,2404960771.14931,USD (1),tour,2015,2487175950.067427
49,Sudan,2008,NA,USD (1),tour,2015,NA
49,Sudan,2009,NA,USD (1),tour,2015,NA
49,Sudan,2010,NA,USD (1),tour,2015,NA
49,Sudan,2011,NA,USD (1),tour,2015,NA
49,Sudan,2012,NA,USD (1),tour,2015,NA
49,Sudan,2013,NA,USD (1),tour,2015,NA
49,Sudan,2014,NA,USD (1),tour,2015,NA
49,Sudan,2015,NA,USD (1),tour,2015,NA
49,Sudan,2016,NA,USD (1),tour,2015,NA
49,Sudan,2017,NA,USD (1),tour,2015,NA
49,Sudan,2018,NA,USD (1),tour,2015,NA
49,Sudan,2019,NA,USD (1),tour,2015,NA
50,Saudi Arabia,2008,18154747616.53084,USD (1),tour,2015,18775379703.92786
50,Saudi Arabia,2009,17780893450.337376,USD (1),tour,2015,18388745085.125103
50,Saudi Arabia,2010,18676962922.09056,USD (1),tour,2015,19315447286.038376
50,Saudi Arabia,2011,20730263714.151165,USD (1),tour,2015,21438941527.41304
50,Saudi Arabia,2012,21851546281.1177,USD (1),tour,2015,22598555882.559578
50,Saudi Arabia,2013,22405434528.210503,USD (1),tour,2015,23171379166.7148
50,Saudi Arabia,2014,23259400366.336964,USD (1),tour,2015,24054538393.36293
50,Saudi Arabia,2015,24308180466.595623,USD (1),tour,2015,25139171736.89396
50,Saudi Arabia,2016,24766266361.663956,USD (1),tour,2015,25612917602.08518
50,Saudi Arabia,2017,24991899098.3893,USD (1),tour,2015,25846263743.553833
50,Saudi Arabia,2018,25791446627.245552,USD (1),tour,2015,26673144334.939434
50,Saudi Arabia,2019,26074568041.367683,USD (1),tour,2015,26965944442.36785
51,Kuwait,2008,NA,USD (1),tour,2015,NA
51,Kuwait,2009,NA,USD (1),tour,2015,NA
51,Kuwait,2010,NA,USD (1),tour,2015,NA
51,Kuwait,2011,NA,USD (1),tour,2015,NA
51,Kuwait,2012,NA,USD (1),tour,2015,NA
51,Kuwait,2013,NA,USD (1),tour,2015,NA
51,Kuwait,2014,NA,USD (1),tour,2015,NA
51,Kuwait,2015,NA,USD (1),tour,2015,NA
51,Kuwait,2016,NA,USD (1),tour,2015,NA
51,Kuwait,2017,NA,USD (1),tour,2015,NA
51,Kuwait,2018,NA,USD (1),tour,2015,NA
51,Kuwait,2019,NA,USD (1),tour,2015,NA
52,Bahrain,2008,1780428789.605029,USD (1),tour,2015,1841293928.547978
52,Bahrain,2009,1825649650.030038,USD (1),tour,2015,1888060694.0768347
52,Bahrain,2010,1904778767.7100852,USD (1),tour,2015,1969894893.1227572
52,Bahrain,2011,1942560340.505386,USD (1),tour,2015,2008968054.040591
52,Bahrain,2012,2014981096.3265429,USD (1),tour,2015,2083864561.4285295
52,Bahrain,2013,2124129394.518768,USD (1),tour,2015,2196744166.58099
52,Bahrain,2014,2216537325.393806,USD (1),tour,2015,2292311123.8574076
52,Bahrain,2015,2279997837.533833,USD (1),tour,2015,2357941075.691594
52,Bahrain,2016,2359193940.3249574,USD (1),tour,2015,2439844549.7790403
52,Bahrain,2017,2449119481.789657,USD (1),tour,2015,2532844255.5168214
52,Bahrain,2018,2096248931.057668,USD (1),tour,2015,2167910590.986306
52,Bahrain,2019,2290393450.306975,USD (1),tour,2015,2368692069.3816977
53,Pakistan,2008,NA,USD (1),tour,2015,NA
53,Pakistan,2009,NA,USD (1),tour,2015,NA
53,Pakistan,2010,NA,USD (1),tour,2015,NA
53,Pakistan,2011,NA,USD (1),tour,2015,NA
53,Pakistan,2012,NA,USD (1),tour,2015,NA
53,Pakistan,2013,NA,USD (1),tour,2015,NA
53,Pakistan,2014,NA,USD (1),tour,2015,NA
53,Pakistan,2015,NA,USD (1),tour,2015,NA
53,Pakistan,2016,NA,USD (1),tour,2015,NA
53,Pakistan,2017,NA,USD (1),tour,2015,NA
53,Pakistan,2018,NA,USD (1),tour,2015,NA
53,Pakistan,2019,NA,USD (1),tour,2015,NA
54,United Arab Emirates,2008,18562367870.09926,USD (1),tour,2015,19196934726.19596
54,United Arab Emirates,2009,17589157419.164566,USD (1),tour,2015,18190454430.5684
54,United Arab Emirates,2010,17871085237.074177,USD (1),tour,2015,18482020137.906185
54,United Arab Emirates,2011,18981973665.366917,USD (1),tour,2015,19630885023.855034
54,United Arab Emirates,2012,19328296127.524048,USD (1),tour,2015,19989046749.060104
54,United Arab Emirates,2013,20305449669.141323,USD (1),tour,2015,20999604932.540264
54,United Arab Emirates,2014,21151312129.215862,USD (1),tour,2015,21874383761.78365
54,United Arab Emirates,2015,22586803643.83936,USD (1),tour,2015,23358948505.844402
54,United Arab Emirates,2016,23842966641.425476,USD (1),tour,2015,24658054268.583195
54,United Arab Emirates,2017,24018228829.682056,USD (1),tour,2015,24839307910.978218
54,United Arab Emirates,2018,24333807672.374268,USD (1),tour,2015,25165675025.697968
54,United Arab Emirates,2019,24603510975.771873,USD (1),tour,2015,25444598315.387924
56,Cape Verde,2008,NA,USD (1),tour,2015,NA
56,Cape Verde,2009,NA,USD (1),tour,2015,NA
56,Cape Verde,2010,NA,USD (1),tour,2015,NA
56,Cape Verde,2011,NA,USD (1),tour,2015,NA
56,Cape Verde,2012,NA,USD (1),tour,2015,NA
56,Cape Verde,2013,NA,USD (1),tour,2015,NA
56,Cape Verde,2014,NA,USD (1),tour,2015,NA
56,Cape Verde,2015,NA,USD (1),tour,2015,NA
56,Cape Verde,2016,NA,USD (1),tour,2015,NA
56,Cape Verde,2017,NA,USD (1),tour,2015,NA
56,Cape Verde,2018,NA,USD (1),tour,2015,NA
56,Cape Verde,2019,NA,USD (1),tour,2015,NA
59,Belgium,2008,9381800878.073524,USD (1),tour,2015,9702523963.047735
59,Belgium,2009,9192218787.7679,USD (1),tour,2015,9506460883.255243
59,Belgium,2010,9455510840.176409,USD (1),tour,2015,9778753749.089136
59,Belgium,2011,9615735785.548088,USD (1),tour,2015,9944456090.478622
59,Belgium,2012,9686816966.36811,USD (1),tour,2015,10017967228.605616
59,Belgium,2013,9731302917.027424,USD (1),tour,2015,10063973960.991049
59,Belgium,2014,9884914758.840427,USD (1),tour,2015,10222837125.490932
59,Belgium,2015,10086711241.736471,USD (1),tour,2015,10431532154.985064
59,Belgium,2016,10214478242.152737,USD (1),tour,2015,10563666955.044912
59,Belgium,2017,9861820358.617195,USD (1),tour,2015,10198953227.879993
59,Belgium,2018,9511258772.1577,USD (1),tour,2015,9836407461.09692
59,Belgium,2019,9185194112.169365,USD (1),tour,2015,9499196064.462646
60,Gibraltar,2008,NA,USD (1),tour,2015,NA
60,Gibraltar,2009,NA,USD (1),tour,2015,NA
60,Gibraltar,2010,NA,USD (1),tour,2015,NA
60,Gibraltar,2011,NA,USD (1),tour,2015,NA
60,Gibraltar,2012,NA,USD (1),tour,2015,NA
60,Gibraltar,2013,NA,USD (1),tour,2015,NA
60,Gibraltar,2014,NA,USD (1),tour,2015,NA
60,Gibraltar,2015,NA,USD (1),tour,2015,NA
60,Gibraltar,2016,NA,USD (1),tour,2015,NA
60,Gibraltar,2017,NA,USD (1),tour,2015,NA
60,Gibraltar,2018,NA,USD (1),tour,2015,NA
60,Gibraltar,2019,NA,USD (1),tour,2015,NA
61,Tunisia,2008,1641090371.281017,USD (1),tour,2015,1697192133.9851086
61,Tunisia,2009,1691036138.2160552,USD (1),tour,2015,1748845330.0865712
61,Tunisia,2010,1741279066.744174,USD (1),tour,2015,1800805846.4472497
61,Tunisia,2011,1705641459.151441,USD (1),tour,2015,1763949943.6042995
61,Tunisia,2012,1777562852.2295089,USD (1),tour,2015,1838330017.202602
61,Tunisia,2013,1820756402.388649,USD (1),tour,2015,1883000167.5196505
61,Tunisia,2014,1877023747.8625703,USD (1),tour,2015,1941191049.514783
61,Tunisia,2015,1895187765.0126655,USD (1),tour,2015,1959976015.6374276
61,Tunisia,2016,1916365084.8795,USD (1),tour,2015,1981877296.2285883
61,Tunisia,2017,1959250243.9924216,USD (1),tour,2015,2026228512.9469802
61,Tunisia,2018,2010679193.551834,USD (1),tour,2015,2079415595.2544696
61,Tunisia,2019,2217581762.830282,USD (1),tour,2015,2293391266.080315
62,Morocco,2008,5992248621.145285,USD (1),tour,2015,6197097614.284522
62,Morocco,2009,6216704436.449714,USD (1),tour,2015,6429226600.49296
62,Morocco,2010,6658257796.748048,USD (1),tour,2015,6885874755.248783
62,Morocco,2011,6784568468.732987,USD (1),tour,2015,7016503441.324051
62,Morocco,2012,6818959756.018458,USD (1),tour,2015,7052070417.5734825
62,Morocco,2013,7043188974.277439,USD (1),tour,2015,7283965060.366196
62,Morocco,2014,7079508867.54848,USD (1),tour,2015,7321526573.275855
62,Morocco,2015,7114675869.989115,USD (1),tour,2015,7357895783.01748
62,Morocco,2016,7323418118.818708,USD (1),tour,2015,7573774024.059992
62,Morocco,2017,7940734665.643689,USD (1),tour,2015,8212193946.439026
62,Morocco,2018,8332560066.961336,USD (1),tour,2015,8617414158.957106
62,Morocco,2019,8734106670.951017,USD (1),tour,2015,9032687899.90761
64,Mauritania,2008,NA,USD (1),tour,2015,NA
64,Mauritania,2009,NA,USD (1),tour,2015,NA
64,Mauritania,2010,NA,USD (1),tour,2015,NA
64,Mauritania,2011,NA,USD (1),tour,2015,NA
64,Mauritania,2012,NA,USD (1),tour,2015,NA
64,Mauritania,2013,NA,USD (1),tour,2015,NA
64,Mauritania,2014,NA,USD (1),tour,2015,NA
64,Mauritania,2015,NA,USD (1),tour,2015,NA
64,Mauritania,2016,NA,USD (1),tour,2015,NA
64,Mauritania,2017,NA,USD (1),tour,2015,NA
64,Mauritania,2018,NA,USD (1),tour,2015,NA
64,Mauritania,2019,NA,USD (1),tour,2015,NA
65,Gambia,2008,NA,USD (1),tour,2015,NA
65,Gambia,2009,NA,USD (1),tour,2015,NA
65,Gambia,2010,NA,USD (1),tour,2015,NA
65,Gambia,2011,NA,USD (1),tour,2015,NA
65,Gambia,2012,NA,USD (1),tour,2015,NA
65,Gambia,2013,NA,USD (1),tour,2015,NA
65,Gambia,2014,NA,USD (1),tour,2015,NA
65,Gambia,2015,NA,USD (1),tour,2015,NA
65,Gambia,2016,NA,USD (1),tour,2015,NA
65,Gambia,2017,NA,USD (1),tour,2015,NA
65,Gambia,2018,NA,USD (1),tour,2015,NA
65,Gambia,2019,NA,USD (1),tour,2015,NA
66,Senegal,2008,NA,USD (1),tour,2015,NA
66,Senegal,2009,NA,USD (1),tour,2015,NA
66,Senegal,2010,NA,USD (1),tour,2015,NA
66,Senegal,2011,NA,USD (1),tour,2015,NA
66,Senegal,2012,NA,USD (1),tour,2015,NA
66,Senegal,2013,NA,USD (1),tour,2015,NA
66,Senegal,2014,NA,USD (1),tour,2015,NA
66,Senegal,2015,NA,USD (1),tour,2015,NA
66,Senegal,2016,NA,USD (1),tour,2015,NA
66,Senegal,2017,NA,USD (1),tour,2015,NA
66,Senegal,2018,NA,USD (1),tour,2015,NA
66,Senegal,2019,NA,USD (1),tour,2015,NA
67,Libya,2008,NA,USD (1),tour,2015,NA
67,Libya,2009,NA,USD (1),tour,2015,NA
67,Libya,2010,NA,USD (1),tour,2015,NA
67,Libya,2011,NA,USD (1),tour,2015,NA
67,Libya,2012,NA,USD (1),tour,2015,NA
67,Libya,2013,NA,USD (1),tour,2015,NA
67,Libya,2014,NA,USD (1),tour,2015,NA
67,Libya,2015,NA,USD (1),tour,2015,NA
67,Libya,2016,NA,USD (1),tour,2015,NA
67,Libya,2017,NA,USD (1),tour,2015,NA
67,Libya,2018,NA,USD (1),tour,2015,NA
67,Libya,2019,NA,USD (1),tour,2015,NA
68,Malta,2008,NA,USD (1),tour,2015,NA
68,Malta,2009,NA,USD (1),tour,2015,NA
68,Malta,2010,502759458.7703724,USD (1),tour,2015,519946624.29566634
68,Malta,2011,NA,USD (1),tour,2015,NA
68,Malta,2012,NA,USD (1),tour,2015,NA
68,Malta,2013,NA,USD (1),tour,2015,NA
68,Malta,2014,NA,USD (1),tour,2015,NA
68,Malta,2015,NA,USD (1),tour,2015,NA
68,Malta,2016,NA,USD (1),tour,2015,NA
68,Malta,2017,NA,USD (1),tour,2015,NA
68,Malta,2018,NA,USD (1),tour,2015,NA
68,Malta,2019,NA,USD (1),tour,2015,NA
69,Latvia,2008,1178890483.1448948,USD (1),tour,2015,1219191636.1447022
69,Latvia,2009,746051203.0969502,USD (1),tour,2015,771555458.2517567
69,Latvia,2010,712810389.949067,USD (1),tour,2015,737178285.8612939
69,Latvia,2011,801913118.9935083,USD (1),tour,2015,829327050.7905452
69,Latvia,2012,1110852241.3299432,USD (1),tour,2015,1148827461.9107294
69,Latvia,2013,1081650614.2984333,USD (1),tour,2015,1118627557.8927934
69,Latvia,2014,1128468940.5515854,USD (1),tour,2015,1167046399.6785586
69,Latvia,2015,1145049802.976591,USD (1),tour,2015,1184194089.8818972
69,Latvia,2016,1255898165.856768,USD (1),tour,2015,1298831877.56114
69,Latvia,2017,1326332812.3883042,USD (1),tour,2015,1371674379.196216
69,Latvia,2018,1469212142.275036,USD (1),tour,2015,1519438133.7318892
69,Latvia,2019,1447683721.1064384,USD (1),tour,2015,1497173749.2081158
70,Estonia,2008,934650275.0946008,USD (1),tour,2015,966601914.6034845
70,Estonia,2009,888301069.5111861,USD (1),tour,2015,918668230.6886699
70,Estonia,2010,883258612.1598696,USD (1),tour,2015,913453393.5886694
70,Estonia,2011,915787675.263818,USD (1),tour,2015,947094484.287917
70,Estonia,2012,933507539.6334174,USD (1),tour,2015,965420113.9727049
70,Estonia,2013,1042884150.2617576,USD (1),tour,2015,1078535836.5733244
70,Estonia,2014,1227900861.4052002,USD (1),tour,2015,1269877466.6892416
70,Estonia,2015,1254912599.8247905,USD (1),tour,2015,1297812619.3007376
70,Estonia,2016,1288896397.4681406,USD (1),tour,2015,1332958175.604388
70,Estonia,2017,1348961900.301254,USD (1),tour,2015,1395077057.4869533
70,Estonia,2018,1400009327.9922638,USD (1),tour,2015,1447869575.3479455
70,Estonia,2019,1456481341.7276075,USD (1),tour,2015,1506272122.3247519
71,Bulgaria,2008,NA,USD (1),tour,2015,NA
71,Bulgaria,2009,NA,USD (1),tour,2015,NA
71,Bulgaria,2010,NA,USD (1),tour,2015,NA
71,Bulgaria,2011,NA,USD (1),tour,2015,NA
71,Bulgaria,2012,NA,USD (1),tour,2015,NA
71,Bulgaria,2013,NA,USD (1),tour,2015,NA
71,Bulgaria,2014,NA,USD (1),tour,2015,NA
71,Bulgaria,2015,NA,USD (1),tour,2015,NA
71,Bulgaria,2016,NA,USD (1),tour,2015,NA
71,Bulgaria,2017,NA,USD (1),tour,2015,NA
71,Bulgaria,2018,NA,USD (1),tour,2015,NA
71,Bulgaria,2019,NA,USD (1),tour,2015,NA
72,Romania,2008,3107314169.6802664,USD (1),tour,2015,3213539765.3239646
72,Romania,2009,2935871391.441633,USD (1),tour,2015,3036236102.011363
72,Romania,2010,2821336111.5791097,USD (1),tour,2015,2917785357.6475897
72,Romania,2011,2948778317.2954516,USD (1),tour,2015,3049584259.6852946
72,Romania,2012,3075018431.3426065,USD (1),tour,2015,3180139975.752881
72,Romania,2013,3206917061.1864233,USD (1),tour,2015,3316547647.7323337
72,Romania,2014,3374147692.1138444,USD (1),tour,2015,3489495168.684417
72,Romania,2015,4271957268.28995,USD (1),tour,2015,4417996960.644335
72,Romania,2016,5068335753.359946,USD (1),tour,2015,5241600172.380155
72,Romania,2017,5517126201.257392,USD (1),tour,2015,5705732819.374261
72,Romania,2018,6105926990.112384,USD (1),tour,2015,6314662153.685613
72,Romania,2019,6497492615.369277,USD (1),tour,2015,6719613709.52602
73,Russia,2008,42835856735.313515,USD (1),tour,2015,44300228906.30806
73,Russia,2009,39494662517.50074,USD (1),tour,2015,40844813748.29825
73,Russia,2010,41271922330.4751,USD (1),tour,2015,42682830366.64779
73,Russia,2011,43046627036.175514,USD (1),tour,2015,44518204529.6867
73,Russia,2012,44778860395.99567,USD (1),tour,2015,46309655435.719666
73,Russia,2013,45564918429.34185,USD (1),tour,2015,47122585384.245026
73,Russia,2014,45900397988.36118,USD (1),tour,2015,47469533534.477585
73,Russia,2015,44994912012.52443,USD (1),tour,2015,46533092920.04367
73,Russia,2016,46448185801.47302,USD (1),tour,2015,48036047837.27043
73,Russia,2017,37558772599.83336,USD (1),tour,2015,38842744149.92417
73,Russia,2018,38613139519.91824,USD (1),tour,2015,39933155302.42233
73,Russia,2019,40923436878.97388,USD (1),tour,2015,42322431708.87342
74,Georgia,2008,NA,USD (1),tour,2015,NA
74,Georgia,2009,NA,USD (1),tour,2015,NA
74,Georgia,2010,NA,USD (1),tour,2015,NA
74,Georgia,2011,NA,USD (1),tour,2015,NA
74,Georgia,2012,NA,USD (1),tour,2015,NA
74,Georgia,2013,NA,USD (1),tour,2015,NA
74,Georgia,2014,NA,USD (1),tour,2015,NA
74,Georgia,2015,NA,USD (1),tour,2015,NA
74,Georgia,2016,NA,USD (1),tour,2015,NA
74,Georgia,2017,NA,USD (1),tour,2015,NA
74,Georgia,2018,NA,USD (1),tour,2015,NA
74,Georgia,2019,NA,USD (1),tour,2015,NA
75,Ukraine,2008,NA,USD (1),tour,2015,NA
75,Ukraine,2009,NA,USD (1),tour,2015,NA
75,Ukraine,2010,NA,USD (1),tour,2015,NA
75,Ukraine,2011,NA,USD (1),tour,2015,NA
75,Ukraine,2012,NA,USD (1),tour,2015,NA
75,Ukraine,2013,NA,USD (1),tour,2015,NA
75,Ukraine,2014,NA,USD (1),tour,2015,NA
75,Ukraine,2015,NA,USD (1),tour,2015,NA
75,Ukraine,2016,NA,USD (1),tour,2015,NA
75,Ukraine,2017,NA,USD (1),tour,2015,NA
75,Ukraine,2018,NA,USD (1),tour,2015,NA
75,Ukraine,2019,NA,USD (1),tour,2015,NA
76,Turkey,2008,NA,USD (1),tour,2015,NA
76,Turkey,2009,NA,USD (1),tour,2015,NA
76,Turkey,2010,NA,USD (1),tour,2015,NA
76,Turkey,2011,NA,USD (1),tour,2015,NA
76,Turkey,2012,NA,USD (1),tour,2015,NA
76,Turkey,2013,NA,USD (1),tour,2015,NA
76,Turkey,2014,NA,USD (1),tour,2015,NA
76,Turkey,2015,NA,USD (1),tour,2015,NA
76,Turkey,2016,NA,USD (1),tour,2015,NA
76,Turkey,2017,NA,USD (1),tour,2015,NA
76,Turkey,2018,NA,USD (1),tour,2015,NA
76,Turkey,2019,NA,USD (1),tour,2015,NA
77,Syria,2008,NA,USD (1),tour,2015,NA
77,Syria,2009,NA,USD (1),tour,2015,NA
77,Syria,2010,NA,USD (1),tour,2015,NA
77,Syria,2011,NA,USD (1),tour,2015,NA
77,Syria,2012,NA,USD (1),tour,2015,NA
77,Syria,2013,NA,USD (1),tour,2015,NA
77,Syria,2014,NA,USD (1),tour,2015,NA
77,Syria,2015,NA,USD (1),tour,2015,NA
77,Syria,2016,NA,USD (1),tour,2015,NA
77,Syria,2017,NA,USD (1),tour,2015,NA
77,Syria,2018,NA,USD (1),tour,2015,NA
77,Syria,2019,NA,USD (1),tour,2015,NA
78,Lebanon,2008,834495640.9614329,USD (1),tour,2015,863023427.8804876
78,Lebanon,2009,1212572430.172573,USD (1),tour,2015,1254025022.8691983
78,Lebanon,2010,1309276725.22322,USD (1),tour,2015,1354035218.379893
78,Lebanon,2011,1275093549.0581849,USD (1),tour,2015,1318683467.667567
78,Lebanon,2012,1214382963.8019197,USD (1),tour,2015,1255897450.7913997
78,Lebanon,2013,1260868007.444825,USD (1),tour,2015,1303971616.4798558
78,Lebanon,2014,1391587859.4095323,USD (1),tour,2015,1439160213.2766428
78,Lebanon,2015,1497880135.104477,USD (1),tour,2015,1549086160.9086552
78,Lebanon,2016,1521165421.885824,USD (1),tour,2015,1573167470.661293
78,Lebanon,2017,1586065377.9188054,USD (1),tour,2015,1640286074.7325454
78,Lebanon,2018,1505973592.686024,USD (1),tour,2015,1557456298.7051625
78,Lebanon,2019,1401836652.320544,USD (1),tour,2015,1449759367.970259
79,Israel,2008,6343067586.876076,USD (1),tour,2015,6559909559.019974
79,Israel,2009,6029847732.934716,USD (1),tour,2015,6235982076.645993
79,Israel,2010,6953990655.943315,USD (1),tour,2015,7191717438.363998
79,Israel,2011,7172645979.978302,USD (1),tour,2015,7417847639.662096
79,Israel,2012,7477026415.3084965,USD (1),tour,2015,7732633522.0374365
79,Israel,2013,7459327578.436121,USD (1),tour,2015,7714329638.68881
79,Israel,2014,7485527636.362589,USD (1),tour,2015,7741425362.971225
79,Israel,2015,7865642231.829304,USD (1),tour,2015,8134534427.973818
79,Israel,2016,8002239213.1931,USD (1),tour,2015,8275801067.735881
79,Israel,2017,8444191005.905794,USD (1),tour,2015,8732861275.582388
79,Israel,2018,9088626136.079151,USD (1),tour,2015,9399326848.066454
79,Israel,2019,9259625288.991983,USD (1),tour,2015,9576171720.427282
80,Greece,2008,14624491117.650684,USD (1),tour,2015,15124439045.387346
80,Greece,2009,12022139618.883684,USD (1),tour,2015,12433124434.770205
80,Greece,2010,12284960742.539255,USD (1),tour,2015,12704930272.839424
80,Greece,2011,10580769974.611046,USD (1),tour,2015,10942480613.299913
80,Greece,2012,10152571223.237082,USD (1),tour,2015,10499643603.63124
80,Greece,2013,11670838373.900902,USD (1),tour,2015,12069813723.746689
80,Greece,2014,12520598307.034904,USD (1),tour,2015,12948623263.750856
80,Greece,2015,12808308810.140047,USD (1),tour,2015,13246169341.212627
80,Greece,2016,11958642888.942656,USD (1),tour,2015,12367457027.00547
80,Greece,2017,12879365845.32256,USD (1),tour,2015,13319655508.267477
80,Greece,2018,13874002589.577452,USD (1),tour,2015,14348294569.262184
80,Greece,2019,14963386371.937769,USD (1),tour,2015,15474919658.69565
81,Cyprus,2008,NA,USD (1),tour,2015,NA
81,Cyprus,2009,NA,USD (1),tour,2015,NA
81,Cyprus,2010,NA,USD (1),tour,2015,NA
81,Cyprus,2011,NA,USD (1),tour,2015,NA
81,Cyprus,2012,NA,USD (1),tour,2015,NA
81,Cyprus,2013,NA,USD (1),tour,2015,NA
81,Cyprus,2014,NA,USD (1),tour,2015,NA
81,Cyprus,2015,NA,USD (1),tour,2015,NA
81,Cyprus,2016,NA,USD (1),tour,2015,NA
81,Cyprus,2017,NA,USD (1),tour,2015,NA
81,Cyprus,2018,NA,USD (1),tour,2015,NA
81,Cyprus,2019,NA,USD (1),tour,2015,NA
82,Albania,2008,268033101.10191867,USD (1),tour,2015,277195990.42112404
82,Albania,2009,268143043.91796657,USD (1),tour,2015,277309691.705252
82,Albania,2010,293051909.48331493,USD (1),tour,2015,303070083.3593705
82,Albania,2011,270851806.6332623,USD (1),tour,2015,280111055.2704062
82,Albania,2012,255421735.5936385,USD (1),tour,2015,264153497.01915708
82,Albania,2013,254084701.33057505,USD (1),tour,2015,262770755.35309723
82,Albania,2014,259154717.8345674,USD (1),tour,2015,268014093.73368484
82,Albania,2015,278270237.9030304,USD (1),tour,2015,287783090.532993
82,Albania,2016,310221195.56016254,USD (1),tour,2015,320826312.8673286
82,Albania,2017,346297205.805173,USD (1),tour,2015,358135605.44797057
82,Albania,2018,408712992.18136346,USD (1),tour,2015,422685116.8752276
82,Albania,2019,498511079.6622598,USD (1),tour,2015,515553011.53024197
84,Algeria,2008,1216522828.057264,USD (1),tour,2015,1258110467.7254589
84,Algeria,2009,1692791515.2422671,USD (1),tour,2015,1750660715.8405802
84,Algeria,2010,1612768643.6172602,USD (1),tour,2015,1667902209.2783568
84,Algeria,2011,1495036532.6336703,USD (1),tour,2015,1546145348.001523
84,Algeria,2012,1530917409.4108832,USD (1),tour,2015,1583252836.3473592
84,Algeria,2013,1745245846.72944,USD (1),tour,2015,1804908233.437058
84,Algeria,2014,1998481019.0967052,USD (1),tour,2015,2066800418.1158319
84,Algeria,2015,2437420122.9214854,USD (1),tour,2015,2520744946.3067927
84,Algeria,2016,2727285623.6915517,USD (1),tour,2015,2820519691.457844
84,Algeria,2017,3163651323.48536,USD (1),tour,2015,3271802842.094367
84,Algeria,2018,3408438844.6444993,USD (1),tour,2015,3524958587.0060306
84,Algeria,2019,3641415664.4928546,USD (1),tour,2015,3765899873.949811
96,Sierra Leone,2008,109997430.14948556,USD (1),tour,2015,113757765.24881911
96,Sierra Leone,2009,113527722.3903823,USD (1),tour,2015,117408742.87124075
96,Sierra Leone,2010,121063116.40209152,USD (1),tour,2015,125201739.32467093
96,Sierra Leone,2011,128338805.15697502,USD (1),tour,2015,132726152.32483573
96,Sierra Leone,2012,147848547.25410983,USD (1),tour,2015,152902847.8943117
96,Sierra Leone,2013,179013563.4705432,USD (1),tour,2015,185133260.85856628
96,Sierra Leone,2014,187175245.68709436,USD (1),tour,2015,193573955.59447172
96,Sierra Leone,2015,148821027.38376686,USD (1),tour,2015,153908572.90214437
96,Sierra Leone,2016,158266292.97826934,USD (1),tour,2015,163676731.16504163
96,Sierra Leone,2017,164207298.17077217,USD (1),tour,2015,169820833.5600912
96,Sierra Leone,2018,199037496.19961745,USD (1),tour,2015,205841725.00774282
96,Sierra Leone,2019,189055941.18926921,USD (1),tour,2015,195518943.91965503
97,Liberia,2008,NA,USD (1),tour,2015,NA
97,Liberia,2009,NA,USD (1),tour,2015,NA
97,Liberia,2010,NA,USD (1),tour,2015,NA
97,Liberia,2011,NA,USD (1),tour,2015,NA
97,Liberia,2012,NA,USD (1),tour,2015,NA
97,Liberia,2013,NA,USD (1),tour,2015,NA
97,Liberia,2014,NA,USD (1),tour,2015,NA
97,Liberia,2015,NA,USD (1),tour,2015,NA
97,Liberia,2016,NA,USD (1),tour,2015,NA
97,Liberia,2017,NA,USD (1),tour,2015,NA
97,Liberia,2018,NA,USD (1),tour,2015,NA
97,Liberia,2019,NA,USD (1),tour,2015,NA
98,Togo,2008,NA,USD (1),tour,2015,NA
98,Togo,2009,NA,USD (1),tour,2015,NA
98,Togo,2010,NA,USD (1),tour,2015,NA
98,Togo,2011,NA,USD (1),tour,2015,NA
98,Togo,2012,NA,USD (1),tour,2015,NA
98,Togo,2013,NA,USD (1),tour,2015,NA
98,Togo,2014,NA,USD (1),tour,2015,NA
98,Togo,2015,NA,USD (1),tour,2015,NA
98,Togo,2016,NA,USD (1),tour,2015,NA
98,Togo,2017,NA,USD (1),tour,2015,NA
98,Togo,2018,NA,USD (1),tour,2015,NA
98,Togo,2019,NA,USD (1),tour,2015,NA
99,Benin,2008,NA,USD (1),tour,2015,NA
99,Benin,2009,NA,USD (1),tour,2015,NA
99,Benin,2010,NA,USD (1),tour,2015,NA
99,Benin,2011,NA,USD (1),tour,2015,NA
99,Benin,2012,NA,USD (1),tour,2015,NA
99,Benin,2013,NA,USD (1),tour,2015,NA
99,Benin,2014,NA,USD (1),tour,2015,NA
99,Benin,2015,NA,USD (1),tour,2015,NA
99,Benin,2016,NA,USD (1),tour,2015,NA
99,Benin,2017,NA,USD (1),tour,2015,NA
99,Benin,2018,NA,USD (1),tour,2015,NA
99,Benin,2019,NA,USD (1),tour,2015,NA
100,Republique du Congo,2008,NA,USD (1),tour,2015,NA
100,Republique du Congo,2009,NA,USD (1),tour,2015,NA
100,Republique du Congo,2010,NA,USD (1),tour,2015,NA
100,Republique du Congo,2011,NA,USD (1),tour,2015,NA
100,Republique du Congo,2012,NA,USD (1),tour,2015,NA
100,Republique du Congo,2013,NA,USD (1),tour,2015,NA
100,Republique du Congo,2014,NA,USD (1),tour,2015,NA
100,Republique du Congo,2015,NA,USD (1),tour,2015,NA
100,Republique du Congo,2016,NA,USD (1),tour,2015,NA
100,Republique du Congo,2017,NA,USD (1),tour,2015,NA
100,Republique du Congo,2018,NA,USD (1),tour,2015,NA
100,Republique du Congo,2019,NA,USD (1),tour,2015,NA
101,Namibia,2008,223092892.85031745,USD (1),tour,2015,230719471.34634998
101,Namibia,2009,223753182.924358,USD (1),tour,2015,231402333.87447226
101,Namibia,2010,228478558.97592363,USD (1),tour,2015,236289250.0402033
101,Namibia,2011,267816310.56319007,USD (1),tour,2015,276971788.7540548
101,Namibia,2012,281372320.7345022,USD (1),tour,2015,290991220.12334245
101,Namibia,2013,307417849.281924,USD (1),tour,2015,317927132.3374051
101,Namibia,2014,326147340.650007,USD (1),tour,2015,337296903.7891987
101,Namibia,2015,374060315.7557013,USD (1),tour,2015,386847815.7244952
101,Namibia,2016,340169752.166229,USD (1),tour,2015,351798680.74268675
101,Namibia,2017,325452843.7213748,USD (1),tour,2015,336578665.02247477
101,Namibia,2018,430975637.0955416,USD (1),tour,2015,445708825.07025707
101,Namibia,2019,528575710.1975898,USD (1),tour,2015,546645421.3991151
102,South Africa,2008,9333930623.667318,USD (1),tour,2015,9653017232.24737
102,South Africa,2009,8769082140.775066,USD (1),tour,2015,9068859029.363129
102,South Africa,2010,9122989578.832989,USD (1),tour,2015,9434865027.90047
102,South Africa,2011,8924509753.542866,USD (1),tour,2015,9229600038.15211
102,South Africa,2012,9460599317.525724,USD (1),tour,2015,9784016179.411287
102,South Africa,2013,11098640428.22647,USD (1),tour,2015,11478054811.820936
102,South Africa,2014,11511940336.493725,USD (1),tour,2015,11905483651.550467
102,South Africa,2015,9970824060.2704525,USD (1),tour,2015,10311683293.364906
102,South Africa,2016,10244078806.77724,USD (1),tour,2015,10594279434.602032
102,South Africa,2017,9202592204.9609,USD (1),tour,2015,9517188922.594576
102,South Africa,2018,9893703056.323893,USD (1),tour,2015,10231925856.75222
102,South Africa,2019,13292112411.868353,USD (1),tour,2015,13746512089.921827
103,Sao Tome and Principe,2008,NA,USD (1),tour,2015,NA
103,Sao Tome and Principe,2009,NA,USD (1),tour,2015,NA
103,Sao Tome and Principe,2010,NA,USD (1),tour,2015,NA
103,Sao Tome and Principe,2011,NA,USD (1),tour,2015,NA
103,Sao Tome and Principe,2012,NA,USD (1),tour,2015,NA
103,Sao Tome and Principe,2013,NA,USD (1),tour,2015,NA
103,Sao Tome and Principe,2014,NA,USD (1),tour,2015,NA
103,Sao Tome and Principe,2015,NA,USD (1),tour,2015,NA
103,Sao Tome and Principe,2016,NA,USD (1),tour,2015,NA
103,Sao Tome and Principe,2017,NA,USD (1),tour,2015,NA
103,Sao Tome and Principe,2018,NA,USD (1),tour,2015,NA
103,Sao Tome and Principe,2019,NA,USD (1),tour,2015,NA
104,Equatorial Guinea,2008,291577311.4911474,USD (1),tour,2015,301545075.2568957
104,Equatorial Guinea,2009,474719866.81753016,USD (1),tour,2015,490948480.29621744
104,Equatorial Guinea,2010,394943923.7779153,USD (1),tour,2015,408445343.73683923
104,Equatorial Guinea,2011,476049246.9244958,USD (1),tour,2015,492323306.14377713
104,Equatorial Guinea,2012,503115064.9355783,USD (1),tour,2015,520314387.0934658
104,Equatorial Guinea,2013,583173584.8925841,USD (1),tour,2015,603109760.6495594
104,Equatorial Guinea,2014,610372718.5342857,USD (1),tour,2015,631238714.713114
104,Equatorial Guinea,2015,731950032.7600979,USD (1),tour,2015,756972230.0551226
104,Equatorial Guinea,2016,791095874.0641689,USD (1),tour,2015,818140011.1693608
104,Equatorial Guinea,2017,669991097.6060964,USD (1),tour,2015,692895187.6120664
104,Equatorial Guinea,2018,613590772.8160298,USD (1),tour,2015,634566780.314675
104,Equatorial Guinea,2019,666993247.6714144,USD (1),tour,2015,689794854.1892102
106,Ghana,2008,NA,USD (1),tour,2015,NA
106,Ghana,2009,NA,USD (1),tour,2015,NA
106,Ghana,2010,NA,USD (1),tour,2015,NA
106,Ghana,2011,NA,USD (1),tour,2015,NA
106,Ghana,2012,NA,USD (1),tour,2015,NA
106,Ghana,2013,NA,USD (1),tour,2015,NA
106,Ghana,2014,NA,USD (1),tour,2015,NA
106,Ghana,2015,NA,USD (1),tour,2015,NA
106,Ghana,2016,NA,USD (1),tour,2015,NA
106,Ghana,2017,NA,USD (1),tour,2015,NA
106,Ghana,2018,NA,USD (1),tour,2015,NA
106,Ghana,2019,NA,USD (1),tour,2015,NA
108,Bermuda,2008,401748241.9323376,USD (1),tour,2015,415482272.01995575
108,Bermuda,2009,332717399.19314617,USD (1),tour,2015,344091564.14086074
108,Bermuda,2010,392285445.52229863,USD (1),tour,2015,405695983.6389666
108,Bermuda,2011,413911204.7156516,USD (1),tour,2015,428061033.7524255
108,Bermuda,2012,357570224.87709385,USD (1),tour,2015,369794000.1530675
108,Bermuda,2013,342855836.9252155,USD (1),tour,2015,354576591.09055537
108,Bermuda,2014,303753189.79971486,USD (1),tour,2015,314137194.04041517
108,Bermuda,2015,279490722,USD (1),tour,2015,289045297.68823564
108,Bermuda,2016,310707926.04033905,USD (1),tour,2015,321329682.5517668
108,Bermuda,2017,328778444.6468232,USD (1),tour,2015,340017953.8210794
108,Bermuda,2018,361455017.1864017,USD (1),tour,2015,373811596.6638414
108,Bermuda,2019,348880447.49076927,USD (1),tour,2015,360807156.9637803
110,Bahamas,2008,NA,USD (1),tour,2015,NA
110,Bahamas,2009,NA,USD (1),tour,2015,NA
110,Bahamas,2010,NA,USD (1),tour,2015,NA
110,Bahamas,2011,NA,USD (1),tour,2015,NA
110,Bahamas,2012,1775599659.8364606,USD (1),tour,2015,1836299711.7756193
110,Bahamas,2013,NA,USD (1),tour,2015,NA
110,Bahamas,2014,NA,USD (1),tour,2015,NA
110,Bahamas,2015,NA,USD (1),tour,2015,NA
110,Bahamas,2016,NA,USD (1),tour,2015,NA
110,Bahamas,2017,NA,USD (1),tour,2015,NA
110,Bahamas,2018,NA,USD (1),tour,2015,NA
110,Bahamas,2019,NA,USD (1),tour,2015,NA
111,Turks and Caicos Islands,2008,NA,USD (1),tour,2015,NA
111,Turks and Caicos Islands,2009,NA,USD (1),tour,2015,NA
111,Turks and Caicos Islands,2010,NA,USD (1),tour,2015,NA
111,Turks and Caicos Islands,2011,NA,USD (1),tour,2015,NA
111,Turks and Caicos Islands,2012,NA,USD (1),tour,2015,NA
111,Turks and Caicos Islands,2013,NA,USD (1),tour,2015,NA
111,Turks and Caicos Islands,2014,NA,USD (1),tour,2015,NA
111,Turks and Caicos Islands,2015,NA,USD (1),tour,2015,NA
111,Turks and Caicos Islands,2016,NA,USD (1),tour,2015,NA
111,Turks and Caicos Islands,2017,NA,USD (1),tour,2015,NA
111,Turks and Caicos Islands,2018,NA,USD (1),tour,2015,NA
111,Turks and Caicos Islands,2019,NA,USD (1),tour,2015,NA
112,Cuba,2008,NA,USD (1),tour,2015,NA
112,Cuba,2009,NA,USD (1),tour,2015,NA
112,Cuba,2010,NA,USD (1),tour,2015,NA
112,Cuba,2011,NA,USD (1),tour,2015,NA
112,Cuba,2012,NA,USD (1),tour,2015,NA
112,Cuba,2013,NA,USD (1),tour,2015,NA
112,Cuba,2014,NA,USD (1),tour,2015,NA
112,Cuba,2015,NA,USD (1),tour,2015,NA
112,Cuba,2016,NA,USD (1),tour,2015,NA
112,Cuba,2017,NA,USD (1),tour,2015,NA
112,Cuba,2018,NA,USD (1),tour,2015,NA
112,Cuba,2019,NA,USD (1),tour,2015,NA
113,Cayman Islands,2008,NA,USD (1),tour,2015,NA
113,Cayman Islands,2009,NA,USD (1),tour,2015,NA
113,Cayman Islands,2010,NA,USD (1),tour,2015,NA
113,Cayman Islands,2011,NA,USD (1),tour,2015,NA
113,Cayman Islands,2012,NA,USD (1),tour,2015,NA
113,Cayman Islands,2013,NA,USD (1),tour,2015,NA
113,Cayman Islands,2014,NA,USD (1),tour,2015,NA
113,Cayman Islands,2015,NA,USD (1),tour,2015,NA
113,Cayman Islands,2016,NA,USD (1),tour,2015,NA
113,Cayman Islands,2017,NA,USD (1),tour,2015,NA
113,Cayman Islands,2018,NA,USD (1),tour,2015,NA
113,Cayman Islands,2019,NA,USD (1),tour,2015,NA
114,Haiti,2008,NA,USD (1),tour,2015,NA
114,Haiti,2009,NA,USD (1),tour,2015,NA
114,Haiti,2010,NA,USD (1),tour,2015,NA
114,Haiti,2011,NA,USD (1),tour,2015,NA
114,Haiti,2012,NA,USD (1),tour,2015,NA
114,Haiti,2013,NA,USD (1),tour,2015,NA
114,Haiti,2014,NA,USD (1),tour,2015,NA
114,Haiti,2015,NA,USD (1),tour,2015,NA
114,Haiti,2016,NA,USD (1),tour,2015,NA
114,Haiti,2017,NA,USD (1),tour,2015,NA
114,Haiti,2018,NA,USD (1),tour,2015,NA
114,Haiti,2019,NA,USD (1),tour,2015,NA
115,Dominican Republic,2008,NA,USD (1),tour,2015,NA
115,Dominican Republic,2009,NA,USD (1),tour,2015,NA
115,Dominican Republic,2010,NA,USD (1),tour,2015,NA
115,Dominican Republic,2011,NA,USD (1),tour,2015,NA
115,Dominican Republic,2012,NA,USD (1),tour,2015,NA
115,Dominican Republic,2013,NA,USD (1),tour,2015,NA
115,Dominican Republic,2014,NA,USD (1),tour,2015,NA
115,Dominican Republic,2015,NA,USD (1),tour,2015,NA
115,Dominican Republic,2016,NA,USD (1),tour,2015,NA
115,Dominican Republic,2017,NA,USD (1),tour,2015,NA
115,Dominican Republic,2018,NA,USD (1),tour,2015,NA
115,Dominican Republic,2019,NA,USD (1),tour,2015,NA
116,Puerto Rico and Virgin Islands of the United States,2008,3719003137.350625,USD (1),tour,2015,3846139726.022797
116,Puerto Rico and Virgin Islands of the United States,2009,3646392385.075547,USD (1),tour,2015,3771046727.026156
116,Puerto Rico and Virgin Islands of the United States,2010,3631323518.368103,USD (1),tour,2015,3755462721.1167307
116,Puerto Rico and Virgin Islands of the United States,2011,3618304837.6072392,USD (1),tour,2015,3741998988.120141
116,Puerto Rico and Virgin Islands of the United States,2012,3619364100.346307,USD (1),tour,2015,3743094462.458441
116,Puerto Rico and Virgin Islands of the United States,2013,3608258926.468943,USD (1),tour,2015,3731609650.847191
116,Puerto Rico and Virgin Islands of the United States,2014,3565307530.88786,USD (1),tour,2015,3687189933.3230457
116,Puerto Rico and Virgin Islands of the United States,2015,3527897114.3423166,USD (1),tour,2015,3648500616.8775167
116,Puerto Rico and Virgin Islands of the United States,2016,3483315277.9117637,USD (1),tour,2015,3602394720.8021636
116,Puerto Rico and Virgin Islands of the United States,2017,3390875686.5697103,USD (1),tour,2015,3506795020.724668
116,Puerto Rico and Virgin Islands of the United States,2018,2758880547.65977,USD (1),tour,2015,2853194708.8554907
116,Puerto Rico and Virgin Islands of the United States,2019,3285234499.486943,USD (1),tour,2015,3397542419.600838
117,British Virgin Islands,2008,NA,USD (1),tour,2015,NA
117,British Virgin Islands,2009,NA,USD (1),tour,2015,NA
117,British Virgin Islands,2010,NA,USD (1),tour,2015,NA
117,British Virgin Islands,2011,NA,USD (1),tour,2015,NA
117,British Virgin Islands,2012,NA,USD (1),tour,2015,NA
117,British Virgin Islands,2013,NA,USD (1),tour,2015,NA
117,British Virgin Islands,2014,NA,USD (1),tour,2015,NA
117,British Virgin Islands,2015,NA,USD (1),tour,2015,NA
117,British Virgin Islands,2016,NA,USD (1),tour,2015,NA
117,British Virgin Islands,2017,NA,USD (1),tour,2015,NA
117,British Virgin Islands,2018,NA,USD (1),tour,2015,NA
117,British Virgin Islands,2019,NA,USD (1),tour,2015,NA
119,Saint Kitts and Nevis,2008,NA,USD (1),tour,2015,NA
119,Saint Kitts and Nevis,2009,NA,USD (1),tour,2015,NA
119,Saint Kitts and Nevis,2010,NA,USD (1),tour,2015,NA
119,Saint Kitts and Nevis,2011,NA,USD (1),tour,2015,NA
119,Saint Kitts and Nevis,2012,NA,USD (1),tour,2015,NA
119,Saint Kitts and Nevis,2013,NA,USD (1),tour,2015,NA
119,Saint Kitts and Nevis,2014,NA,USD (1),tour,2015,NA
119,Saint Kitts and Nevis,2015,NA,USD (1),tour,2015,NA
119,Saint Kitts and Nevis,2016,NA,USD (1),tour,2015,NA
119,Saint Kitts and Nevis,2017,NA,USD (1),tour,2015,NA
119,Saint Kitts and Nevis,2018,NA,USD (1),tour,2015,NA
119,Saint Kitts and Nevis,2019,NA,USD (1),tour,2015,NA
120,Antigua and Barbuda,2008,178756884.34536725,USD (1),tour,2015,184867806.98726806
120,Antigua and Barbuda,2009,157372258.9127188,USD (1),tour,2015,162752133.9520419
120,Antigua and Barbuda,2010,145033597.01362404,USD (1),tour,2015,149991666.71299583
120,Antigua and Barbuda,2011,142192792.3163612,USD (1),tour,2015,147053747.22315145
120,Antigua and Barbuda,2012,142573739.2015537,USD (1),tour,2015,147447717.03025606
120,Antigua and Barbuda,2013,148064475.46087328,USD (1),tour,2015,153126157.75002572
120,Antigua and Barbuda,2014,155045637.4787925,USD (1),tour,2015,160345975.42139465
120,Antigua and Barbuda,2015,162205024.61803073,USD (1),tour,2015,167750110.95805278
120,Antigua and Barbuda,2016,170348367.06370243,USD (1),tour,2015,176171838.96584842
120,Antigua and Barbuda,2017,166199785.73860535,USD (1),tour,2015,171881435.63683724
120,Antigua and Barbuda,2018,175434926.12644133,USD (1),tour,2015,181432285.42352423
120,Antigua and Barbuda,2019,179871790.65289903,USD (1),tour,2015,186020827.10632235
122,Saint Lucia,2008,535969287.35208297,USD (1),tour,2015,554291752.8920132
122,Saint Lucia,2009,NA,USD (1),tour,2015,NA
122,Saint Lucia,2010,NA,USD (1),tour,2015,NA
122,Saint Lucia,2011,NA,USD (1),tour,2015,NA
122,Saint Lucia,2012,NA,USD (1),tour,2015,NA
122,Saint Lucia,2013,NA,USD (1),tour,2015,NA
122,Saint Lucia,2014,NA,USD (1),tour,2015,NA
122,Saint Lucia,2015,NA,USD (1),tour,2015,NA
122,Saint Lucia,2016,NA,USD (1),tour,2015,NA
122,Saint Lucia,2017,NA,USD (1),tour,2015,NA
122,Saint Lucia,2018,NA,USD (1),tour,2015,NA
122,Saint Lucia,2019,NA,USD (1),tour,2015,NA
123,Dominica,2008,NA,USD (1),tour,2015,NA
123,Dominica,2009,NA,USD (1),tour,2015,NA
123,Dominica,2010,NA,USD (1),tour,2015,NA
123,Dominica,2011,NA,USD (1),tour,2015,NA
123,Dominica,2012,NA,USD (1),tour,2015,NA
123,Dominica,2013,NA,USD (1),tour,2015,NA
123,Dominica,2014,NA,USD (1),tour,2015,NA
123,Dominica,2015,NA,USD (1),tour,2015,NA
123,Dominica,2016,NA,USD (1),tour,2015,NA
123,Dominica,2017,NA,USD (1),tour,2015,NA
123,Dominica,2018,NA,USD (1),tour,2015,NA
123,Dominica,2019,NA,USD (1),tour,2015,NA
124,Barbados,2008,NA,USD (1),tour,2015,NA
124,Barbados,2009,NA,USD (1),tour,2015,NA
124,Barbados,2010,NA,USD (1),tour,2015,NA
124,Barbados,2011,NA,USD (1),tour,2015,NA
124,Barbados,2012,NA,USD (1),tour,2015,NA
124,Barbados,2013,NA,USD (1),tour,2015,NA
124,Barbados,2014,NA,USD (1),tour,2015,NA
124,Barbados,2015,NA,USD (1),tour,2015,NA
124,Barbados,2016,NA,USD (1),tour,2015,NA
124,Barbados,2017,NA,USD (1),tour,2015,NA
124,Barbados,2018,NA,USD (1),tour,2015,NA
124,Barbados,2019,NA,USD (1),tour,2015,NA
125,Grenada,2008,NA,USD (1),tour,2015,NA
125,Grenada,2009,NA,USD (1),tour,2015,NA
125,Grenada,2010,NA,USD (1),tour,2015,NA
125,Grenada,2011,NA,USD (1),tour,2015,NA
125,Grenada,2012,NA,USD (1),tour,2015,NA
125,Grenada,2013,NA,USD (1),tour,2015,NA
125,Grenada,2014,NA,USD (1),tour,2015,NA
125,Grenada,2015,NA,USD (1),tour,2015,NA
125,Grenada,2016,NA,USD (1),tour,2015,NA
125,Grenada,2017,NA,USD (1),tour,2015,NA
125,Grenada,2018,NA,USD (1),tour,2015,NA
125,Grenada,2019,NA,USD (1),tour,2015,NA
126,Trinidad and Tobago,2008,NA,USD (1),tour,2015,NA
126,Trinidad and Tobago,2009,NA,USD (1),tour,2015,NA
126,Trinidad and Tobago,2010,NA,USD (1),tour,2015,NA
126,Trinidad and Tobago,2011,NA,USD (1),tour,2015,NA
126,Trinidad and Tobago,2012,NA,USD (1),tour,2015,NA
126,Trinidad and Tobago,2013,NA,USD (1),tour,2015,NA
126,Trinidad and Tobago,2014,NA,USD (1),tour,2015,NA
126,Trinidad and Tobago,2015,NA,USD (1),tour,2015,NA
126,Trinidad and Tobago,2016,NA,USD (1),tour,2015,NA
126,Trinidad and Tobago,2017,NA,USD (1),tour,2015,NA
126,Trinidad and Tobago,2018,NA,USD (1),tour,2015,NA
126,Trinidad and Tobago,2019,NA,USD (1),tour,2015,NA
127,Saint Vincent and the Grenadines,2008,NA,USD (1),tour,2015,NA
127,Saint Vincent and the Grenadines,2009,NA,USD (1),tour,2015,NA
127,Saint Vincent and the Grenadines,2010,NA,USD (1),tour,2015,NA
127,Saint Vincent and the Grenadines,2011,NA,USD (1),tour,2015,NA
127,Saint Vincent and the Grenadines,2012,NA,USD (1),tour,2015,NA
127,Saint Vincent and the Grenadines,2013,NA,USD (1),tour,2015,NA
127,Saint Vincent and the Grenadines,2014,NA,USD (1),tour,2015,NA
127,Saint Vincent and the Grenadines,2015,NA,USD (1),tour,2015,NA
127,Saint Vincent and the Grenadines,2016,NA,USD (1),tour,2015,NA
127,Saint Vincent and the Grenadines,2017,NA,USD (1),tour,2015,NA
127,Saint Vincent and the Grenadines,2018,NA,USD (1),tour,2015,NA
127,Saint Vincent and the Grenadines,2019,NA,USD (1),tour,2015,NA
129,Panama,2008,2887419883.219437,USD (1),tour,2015,2986128246.847825
129,Panama,2009,3205075131.7869554,USD (1),tour,2015,3314642750.754788
129,Panama,2010,3317320179.586373,USD (1),tour,2015,3430724969.953509
129,Panama,2011,3817100030.062082,USD (1),tour,2015,3947590126.0688996
129,Panama,2012,4235902113.567896,USD (1),tour,2015,4380709236.546533
129,Panama,2013,4430962799.6486845,USD (1),tour,2015,4582438201.544136
129,Panama,2014,4655454088.753805,USD (1),tour,2015,4814603874.248669
129,Panama,2015,4922353800,USD (1),tour,2015,5090627729.130193
129,Panama,2016,5166168393.088694,USD (1),tour,2015,5342777285.780083
129,Panama,2017,5455016559.035416,USD (1),tour,2015,5641499917.842162
129,Panama,2018,5656057365.767063,USD (1),tour,2015,5849413437.881057
129,Panama,2019,5841682097.142737,USD (1),tour,2015,6041383873.80408
130,Costa Rica,2008,1978945594.7285695,USD (1),tour,2015,2046597162.3098886
130,Costa Rica,2009,1961660376.8659775,USD (1),tour,2015,2028721037.8112051
130,Costa Rica,2010,2066812110.9170945,USD (1),tour,2015,2137467453.6268947
130,Costa Rica,2011,2157817139.3390923,USD (1),tour,2015,2231583549.2995186
130,Costa Rica,2012,2263174555.212851,USD (1),tour,2015,2340542678.307364
130,Costa Rica,2013,2464944910.408676,USD (1),tour,2015,2549210686.9085164
130,Costa Rica,2014,2514412298.464279,USD (1),tour,2015,2600369150.431292
130,Costa Rica,2015,2658358170.777523,USD (1),tour,2015,2749235907.8536525
130,Costa Rica,2016,2937191500.223346,USD (1),tour,2015,3037601339.587268
130,Costa Rica,2017,2945903327.900407,USD (1),tour,2015,3046610986.8711033
130,Costa Rica,2018,2925744195.075806,USD (1),tour,2015,3025762700.721471
130,Costa Rica,2019,3102003746.8595705,USD (1),tour,2015,3208047802.177301
131,Nicaragua,2008,NA,USD (1),tour,2015,NA
131,Nicaragua,2009,NA,USD (1),tour,2015,NA
131,Nicaragua,2010,NA,USD (1),tour,2015,NA
131,Nicaragua,2011,NA,USD (1),tour,2015,NA
131,Nicaragua,2012,NA,USD (1),tour,2015,NA
131,Nicaragua,2013,NA,USD (1),tour,2015,NA
131,Nicaragua,2014,NA,USD (1),tour,2015,NA
131,Nicaragua,2015,NA,USD (1),tour,2015,NA
131,Nicaragua,2016,NA,USD (1),tour,2015,NA
131,Nicaragua,2017,NA,USD (1),tour,2015,NA
131,Nicaragua,2018,NA,USD (1),tour,2015,NA
131,Nicaragua,2019,NA,USD (1),tour,2015,NA
132,Colombia,2008,5680005206.151285,USD (1),tour,2015,5874179951.070886
132,Colombia,2009,5549833254.125957,USD (1),tour,2015,5739557984.536269
132,Colombia,2010,5635688407.817966,USD (1),tour,2015,5828348153.595893
132,Colombia,2011,5527535303.930252,USD (1),tour,2015,5716497764.12525
132,Colombia,2012,5526995032.8395815,USD (1),tour,2015,5715939023.509041
132,Colombia,2013,5696497754.403238,USD (1),tour,2015,5891236308.022597
132,Colombia,2014,5876919698.60737,USD (1),tour,2015,6077826096.04416
132,Colombia,2015,5587645878.023233,USD (1),tour,2015,5778663258.058593
132,Colombia,2016,6171759472.616532,USD (1),tour,2015,6382745163.263895
132,Colombia,2017,6286570468.984023,USD (1),tour,2015,6501481049.684212
132,Colombia,2018,7966174014.4535885,USD (1),tour,2015,8238502956.259224
132,Colombia,2019,8479157065.019491,USD (1),tour,2015,8769022672.616179
133,Honduras,2008,1045713319.723062,USD (1),tour,2015,1081461723.0689526
133,Honduras,2009,1054294978.5336266,USD (1),tour,2015,1090336751.5772638
133,Honduras,2010,1075992974.7319689,USD (1),tour,2015,1112776508.1656349
133,Honduras,2011,1117264736.788346,USD (1),tour,2015,1155459172.7791083
133,Honduras,2012,1220609163.6420546,USD (1),tour,2015,1262336497.40225
133,Honduras,2013,1274287622.816663,USD (1),tour,2015,1317849990.302993
133,Honduras,2014,1293052420.8401918,USD (1),tour,2015,1337256275.391664
133,Honduras,2015,1342706667.866624,USD (1),tour,2015,1388607985.7831106
133,Honduras,2016,1394977865.1374848,USD (1),tour,2015,1442666108.598638
133,Honduras,2017,1371126977.078136,USD (1),tour,2015,1417999862.1132064
133,Honduras,2018,1423846737.632292,USD (1),tour,2015,1472521882.645353
133,Honduras,2019,1460292007.7620318,USD (1),tour,2015,1510213058.504775
134,El Salvador,2008,609998945.7880982,USD (1),tour,2015,630852164.2977142
134,El Salvador,2009,597135480.9237062,USD (1),tour,2015,617548953.3559558
134,El Salvador,2010,609998945.7880982,USD (1),tour,2015,630852164.2977142
134,El Salvador,2011,633017774.4964327,USD (1),tour,2015,654657906.9314001
134,El Salvador,2012,651297429.4155282,USD (1),tour,2015,673562463.9768686
134,El Salvador,2013,665514941.7935967,USD (1),tour,2015,688266011.4445552
134,El Salvador,2014,677024356.1477641,USD (1),tour,2015,700168882.7613983
134,El Salvador,2015,713958554.890896,USD (1),tour,2015,738365701.5831158
134,El Salvador,2016,777702461.4377536,USD (1),tour,2015,804288735.8498759
134,El Salvador,2017,859700199.1503439,USD (1),tour,2015,889089620.6066068
134,El Salvador,2018,885043745.3127688,USD (1),tour,2015,915299552.7022908
134,El Salvador,2019,906616435.1696608,USD (1),tour,2015,937609719.2688265
135,Mexico,2008,96302859566.33788,USD (1),tour,2015,99595036688.12479
135,Mexico,2009,93037424590.78976,USD (1),tour,2015,96217970652.31956
135,Mexico,2010,94594982777.88457,USD (1),tour,2015,97828774999.00398
135,Mexico,2011,95004654299.42538,USD (1),tour,2015,98252451413.2005
135,Mexico,2012,98803543175.62273,USD (1),tour,2015,102181207825.03226
135,Mexico,2013,103664688406.11046,USD (1),tour,2015,107208534529.10823
135,Mexico,2014,105340068412.0086,USD (1),tour,2015,108941188511.61055
135,Mexico,2015,107233034586.36638,USD (1),tour,2015,110898866990.0432
135,Mexico,2016,104362824603.65796,USD (1),tour,2015,107930536975.56886
135,Mexico,2017,106762251660.04964,USD (1),tour,2015,110411990037.16975
135,Mexico,2018,109538697606.70683,USD (1),tour,2015,113283350629.83667
135,Mexico,2019,110186084112.71391,USD (1),tour,2015,113952868472.89467
136,Guatemala,2008,NA,USD (1),tour,2015,NA
136,Guatemala,2009,NA,USD (1),tour,2015,NA
136,Guatemala,2010,NA,USD (1),tour,2015,NA
136,Guatemala,2011,NA,USD (1),tour,2015,NA
136,Guatemala,2012,NA,USD (1),tour,2015,NA
136,Guatemala,2013,NA,USD (1),tour,2015,NA
136,Guatemala,2014,NA,USD (1),tour,2015,NA
136,Guatemala,2015,NA,USD (1),tour,2015,NA
136,Guatemala,2016,NA,USD (1),tour,2015,NA
136,Guatemala,2017,NA,USD (1),tour,2015,NA
136,Guatemala,2018,NA,USD (1),tour,2015,NA
136,Guatemala,2019,NA,USD (1),tour,2015,NA
137,Ecuador,2008,1310401304.9338138,USD (1),tour,2015,1355198242.5937083
137,Ecuador,2009,1208240990.2151706,USD (1),tour,2015,1249545509.7642655
137,Ecuador,2010,1302353626.0765307,USD (1),tour,2015,1346875448.4975138
137,Ecuador,2011,1527808805.3358114,USD (1),tour,2015,1580037962.5803726
137,Ecuador,2012,1650921474.2012453,USD (1),tour,2015,1707359319.6785967
137,Ecuador,2013,1760657677.6544645,USD (1),tour,2015,1820846928.0232935
137,Ecuador,2014,1903029560.5785768,USD (1),tour,2015,1968085888.185394
137,Ecuador,2015,1846981602,USD (1),tour,2015,1910121892.9721196
137,Ecuador,2016,1805312973.4329543,USD (1),tour,2015,1867028794.7031107
137,Ecuador,2017,2117706700.7777293,USD (1),tour,2015,2190101908.7949195
137,Ecuador,2018,2387917100.745238,USD (1),tour,2015,2469549630.4873257
137,Ecuador,2019,2360803594.791918,USD (1),tour,2015,2441509231.3514676
138,Peru,2008,4940449064.101801,USD (1),tour,2015,5109341591.835991
138,Peru,2009,4994587673.819064,USD (1),tour,2015,5165330965.830858
138,Peru,2010,5410759649.328037,USD (1),tour,2015,5595730056.325505
138,Peru,2011,5753108822.729797,USD (1),tour,2015,5949782663.26404
138,Peru,2012,6106333866.4592285,USD (1),tour,2015,6315082939.370212
138,Peru,2013,6643255617.1203575,USD (1),tour,2015,6870359716.1611595
138,Peru,2014,6985332972.437728,USD (1),tour,2015,7224131212.733821
138,Peru,2015,7402316075.13914,USD (1),tour,2015,7655369159.341915
138,Peru,2016,7694953221.896421,USD (1),tour,2015,7958010301.036394
138,Peru,2017,7888776430.920372,USD (1),tour,2015,8158459485.003284
138,Peru,2018,8201909683.99842,USD (1),tour,2015,8482297406.006007
138,Peru,2019,8385684278.022285,USD (1),tour,2015,8672354456.40485
139,Venezuela,2008,NA,USD (1),tour,2015,NA
139,Venezuela,2009,NA,USD (1),tour,2015,NA
139,Venezuela,2010,NA,USD (1),tour,2015,NA
139,Venezuela,2011,NA,USD (1),tour,2015,NA
139,Venezuela,2012,NA,USD (1),tour,2015,NA
139,Venezuela,2013,NA,USD (1),tour,2015,NA
139,Venezuela,2014,NA,USD (1),tour,2015,NA
139,Venezuela,2015,NA,USD (1),tour,2015,NA
139,Venezuela,2016,NA,USD (1),tour,2015,NA
139,Venezuela,2017,NA,USD (1),tour,2015,NA
139,Venezuela,2018,NA,USD (1),tour,2015,NA
139,Venezuela,2019,NA,USD (1),tour,2015,NA
141,Faeroe Islands,2008,NA,USD (1),tour,2015,NA
141,Faeroe Islands,2009,NA,USD (1),tour,2015,NA
141,Faeroe Islands,2010,NA,USD (1),tour,2015,NA
141,Faeroe Islands,2011,NA,USD (1),tour,2015,NA
141,Faeroe Islands,2012,NA,USD (1),tour,2015,NA
141,Faeroe Islands,2013,NA,USD (1),tour,2015,NA
141,Faeroe Islands,2014,NA,USD (1),tour,2015,NA
141,Faeroe Islands,2015,NA,USD (1),tour,2015,NA
141,Faeroe Islands,2016,NA,USD (1),tour,2015,NA
141,Faeroe Islands,2017,NA,USD (1),tour,2015,NA
141,Faeroe Islands,2018,NA,USD (1),tour,2015,NA
141,Faeroe Islands,2019,NA,USD (1),tour,2015,NA
143,Iceland,2008,599837935.5651398,USD (1),tour,2015,620343793.2015594
143,Iceland,2009,553867498.5132358,USD (1),tour,2015,572801826.2717024
143,Iceland,2010,525240939.3671875,USD (1),tour,2015,543196649.2162744
143,Iceland,2011,574876986.996917,USD (1),tour,2015,594529538.0525721
143,Iceland,2012,657353871.5601262,USD (1),tour,2015,679825949.6127778
143,Iceland,2013,771731195.6462076,USD (1),tour,2015,798113338.3771362
143,Iceland,2014,919101814.860602,USD (1),tour,2015,950521919.9447356
143,Iceland,2015,1138618683.7409282,USD (1),tour,2015,1177543118.5700812
143,Iceland,2016,1526659432.8784842,USD (1),tour,2015,1578849298.0633342
143,Iceland,2017,1549045325.8647716,USD (1),tour,2015,1602000467.6475556
143,Iceland,2018,1646256427.7308269,USD (1),tour,2015,1702534795.5007546
143,Iceland,2019,1679129986.0105467,USD (1),tour,2015,1736532158.1718247
145,Greenland,2008,NA,USD (1),tour,2015,NA
145,Greenland,2009,NA,USD (1),tour,2015,NA
145,Greenland,2010,NA,USD (1),tour,2015,NA
145,Greenland,2011,NA,USD (1),tour,2015,NA
145,Greenland,2012,NA,USD (1),tour,2015,NA
145,Greenland,2013,NA,USD (1),tour,2015,NA
145,Greenland,2014,NA,USD (1),tour,2015,NA
145,Greenland,2015,NA,USD (1),tour,2015,NA
145,Greenland,2016,NA,USD (1),tour,2015,NA
145,Greenland,2017,NA,USD (1),tour,2015,NA
145,Greenland,2018,NA,USD (1),tour,2015,NA
145,Greenland,2019,NA,USD (1),tour,2015,NA
147,French Polynesia,2008,421664448.1979933,USD (1),tour,2015,436079327.00511825
147,French Polynesia,2009,403822173.1840004,USD (1),tour,2015,417627101.98687613
147,French Polynesia,2010,393863659.1805672,USD (1),tour,2015,407328149.57780546
147,French Polynesia,2011,382197585.167799,USD (1),tour,2015,395263263.0880365
147,French Polynesia,2012,378652558.4289806,USD (1),tour,2015,391597047.25910985
147,French Polynesia,2013,380162630.1874557,USD (1),tour,2015,393158741.82211953
147,French Polynesia,2014,382419102.40735614,USD (1),tour,2015,395492353.0413369
147,French Polynesia,2015,388786784.4122658,USD (1),tour,2015,402077718.478595
147,French Polynesia,2016,397999648.86017144,USD (1),tour,2015,411605530.8075719
147,French Polynesia,2017,415410152.9835012,USD (1),tour,2015,429611224.5609055
147,French Polynesia,2018,423020584.2476236,USD (1),tour,2015,437481823.4649869
147,French Polynesia,2019,434441862.9380336,USD (1),tour,2015,449293546.141956
151,American Samoa,2008,NA,USD (1),tour,2015,NA
151,American Samoa,2009,NA,USD (1),tour,2015,NA
151,American Samoa,2010,NA,USD (1),tour,2015,NA
151,American Samoa,2011,NA,USD (1),tour,2015,NA
151,American Samoa,2012,NA,USD (1),tour,2015,NA
151,American Samoa,2013,NA,USD (1),tour,2015,NA
151,American Samoa,2014,NA,USD (1),tour,2015,NA
151,American Samoa,2015,NA,USD (1),tour,2015,NA
151,American Samoa,2016,NA,USD (1),tour,2015,NA
151,American Samoa,2017,NA,USD (1),tour,2015,NA
151,American Samoa,2018,NA,USD (1),tour,2015,NA
151,American Samoa,2019,NA,USD (1),tour,2015,NA
152,Samoa,2008,NA,USD (1),tour,2015,NA
152,Samoa,2009,NA,USD (1),tour,2015,NA
152,Samoa,2010,NA,USD (1),tour,2015,NA
152,Samoa,2011,NA,USD (1),tour,2015,NA
152,Samoa,2012,NA,USD (1),tour,2015,NA
152,Samoa,2013,NA,USD (1),tour,2015,NA
152,Samoa,2014,NA,USD (1),tour,2015,NA
152,Samoa,2015,NA,USD (1),tour,2015,NA
152,Samoa,2016,NA,USD (1),tour,2015,NA
152,Samoa,2017,NA,USD (1),tour,2015,NA
152,Samoa,2018,NA,USD (1),tour,2015,NA
152,Samoa,2019,NA,USD (1),tour,2015,NA
155,Tonga,2008,NA,USD (1),tour,2015,NA
155,Tonga,2009,NA,USD (1),tour,2015,NA
155,Tonga,2010,NA,USD (1),tour,2015,NA
155,Tonga,2011,NA,USD (1),tour,2015,NA
155,Tonga,2012,NA,USD (1),tour,2015,NA
155,Tonga,2013,NA,USD (1),tour,2015,NA
155,Tonga,2014,NA,USD (1),tour,2015,NA
155,Tonga,2015,NA,USD (1),tour,2015,NA
155,Tonga,2016,NA,USD (1),tour,2015,NA
155,Tonga,2017,NA,USD (1),tour,2015,NA
155,Tonga,2018,NA,USD (1),tour,2015,NA
155,Tonga,2019,NA,USD (1),tour,2015,NA
162,New Zealand,2008,8656373195.488049,USD (1),tour,2015,8952297054.033539
162,New Zealand,2009,7892939508.708332,USD (1),tour,2015,8162764880.366356
162,New Zealand,2010,8006962592.792748,USD (1),tour,2015,8280685919.199662
162,New Zealand,2011,8028994755.836024,USD (1),tour,2015,8303471266.348178
162,New Zealand,2012,8212815617.427056,USD (1),tour,2015,8493576166.001656
162,New Zealand,2013,8439504077.825627,USD (1),tour,2015,8728014121.757456
162,New Zealand,2014,8584656880.350101,USD (1),tour,2015,8878129069.100746
162,New Zealand,2015,9973836363.953337,USD (1),tour,2015,10314798574.646933
162,New Zealand,2016,11456367544.76196,USD (1),tour,2015,11848011067.07779
162,New Zealand,2017,11081342217.263174,USD (1),tour,2015,11460165250.043783
162,New Zealand,2018,11469133459.09099,USD (1),tour,2015,11861213392.654442
162,New Zealand,2019,11335201430.98728,USD (1),tour,2015,11722702809.347042
163,United States,2008,458804802562.4905,USD (1),tour,2015,474489349014.8387
163,United States,2009,423502948805.9988,USD (1),tour,2015,437980677975.6916
163,United States,2010,441928962249.3731,USD (1),tour,2015,457036596908.6556
163,United States,2011,463161409551.4772,USD (1),tour,2015,478994889503.021
163,United States,2012,472984512101.4993,USD (1),tour,2015,489153801328.3417
163,United States,2013,492293727811.503,USD (1),tour,2015,509123115383.1544
163,United States,2014,514245060377.5769,USD (1),tour,2015,531824868810.99915
163,United States,2015,529392408091.0416,USD (1),tour,2015,547490038651.684
163,United States,2016,539024446067.23114,USD (1),tour,2015,557451354234.0027
163,United States,2017,552271631075.4739,USD (1),tour,2015,571151403047.2103
163,United States,2018,568654797017.0457,USD (1),tour,2015,588094638381.7177
163,United States,2019,582683724464.0487,USD (1),tour,2015,602603154017.4019
164,Belize,2008,NA,USD (1),tour,2015,NA
164,Belize,2009,NA,USD (1),tour,2015,NA
164,Belize,2010,NA,USD (1),tour,2015,NA
164,Belize,2011,NA,USD (1),tour,2015,NA
164,Belize,2012,NA,USD (1),tour,2015,NA
164,Belize,2013,NA,USD (1),tour,2015,NA
164,Belize,2014,NA,USD (1),tour,2015,NA
164,Belize,2015,NA,USD (1),tour,2015,NA
164,Belize,2016,NA,USD (1),tour,2015,NA
164,Belize,2017,NA,USD (1),tour,2015,NA
164,Belize,2018,NA,USD (1),tour,2015,NA
164,Belize,2019,NA,USD (1),tour,2015,NA
166,Jamaica,2008,1028902508.4763694,USD (1),tour,2015,1064076223.0909568
166,Jamaica,2009,1003848263.47854,USD (1),tour,2015,1038165482.1120431
166,Jamaica,2010,948003186.6649013,USD (1),tour,2015,980411304.3113911
166,Jamaica,2011,908499544.542278,USD (1),tour,2015,939557203.9842141
166,Jamaica,2012,889033515.2393088,USD (1),tour,2015,919425715.5597624
166,Jamaica,2013,963451223.4434526,USD (1),tour,2015,996387442.4722679
166,Jamaica,2014,1054453614.54909,USD (1),tour,2015,1090500810.6701224
166,Jamaica,2015,1106737079.6042807,USD (1),tour,2015,1144571620.652323
166,Jamaica,2016,1208261581.892484,USD (1),tour,2015,1249566805.3817241
166,Jamaica,2017,1307474396.548785,USD (1),tour,2015,1352171275.9044282
166,Jamaica,2018,1361788768.4570415,USD (1),tour,2015,1408342420.6373527
166,Jamaica,2019,1463544671.8055046,USD (1),tour,2015,1513576917.0257223
167,Guyana,2008,101245755.1820022,USD (1),tour,2015,104706908.468511
167,Guyana,2009,104902254.2081289,USD (1),tour,2015,108488407.33881532
167,Guyana,2010,109243572.7370565,USD (1),tour,2015,112978136.72079219
167,Guyana,2011,114920143.5901692,USD (1),tour,2015,118848764.91318823
167,Guyana,2012,120983710.3155033,USD (1),tour,2015,125119618.68835102
167,Guyana,2013,125403710.2341144,USD (1),tour,2015,129690719.23549877
167,Guyana,2014,136019879.304056,USD (1),tour,2015,140669809.0856796
167,Guyana,2015,81316963.6803874,USD (1),tour,2015,84096838.01275171
167,Guyana,2016,88855864.7447986,USD (1),tour,2015,91893461.40980636
167,Guyana,2017,92174179.501563,USD (1),tour,2015,95325214.95721832
167,Guyana,2018,67387288.16082872,USD (1),tour,2015,69690967.29747494
167,Guyana,2019,70994421.90024267,USD (1),tour,2015,73421413.29600143
168,Suriname,2008,NA,USD (1),tour,2015,NA
168,Suriname,2009,NA,USD (1),tour,2015,NA
168,Suriname,2010,NA,USD (1),tour,2015,NA
168,Suriname,2011,NA,USD (1),tour,2015,NA
168,Suriname,2012,NA,USD (1),tour,2015,NA
168,Suriname,2013,NA,USD (1),tour,2015,NA
168,Suriname,2014,NA,USD (1),tour,2015,NA
168,Suriname,2015,NA,USD (1),tour,2015,NA
168,Suriname,2016,NA,USD (1),tour,2015,NA
168,Suriname,2017,NA,USD (1),tour,2015,NA
168,Suriname,2018,NA,USD (1),tour,2015,NA
168,Suriname,2019,NA,USD (1),tour,2015,NA
171,Brazil,2008,NA,USD (1),tour,2015,NA
171,Brazil,2009,NA,USD (1),tour,2015,NA
171,Brazil,2010,NA,USD (1),tour,2015,NA
171,Brazil,2011,NA,USD (1),tour,2015,NA
171,Brazil,2012,NA,USD (1),tour,2015,NA
171,Brazil,2013,NA,USD (1),tour,2015,NA
171,Brazil,2014,NA,USD (1),tour,2015,NA
171,Brazil,2015,NA,USD (1),tour,2015,NA
171,Brazil,2016,NA,USD (1),tour,2015,NA
171,Brazil,2017,NA,USD (1),tour,2015,NA
171,Brazil,2018,NA,USD (1),tour,2015,NA
171,Brazil,2019,NA,USD (1),tour,2015,NA
172,Argentina,2008,10230633747.025822,USD (1),tour,2015,10580374746.566322
172,Argentina,2009,9625131123.238617,USD (1),tour,2015,9954172614.019037
172,Argentina,2010,10599713972.513258,USD (1),tour,2015,10962072224.333965
172,Argentina,2011,11236115678.99853,USD (1),tour,2015,11620229745.213446
172,Argentina,2012,11120785889.38564,USD (1),tour,2015,11500957330.256575
172,Argentina,2013,11388276796.994247,USD (1),tour,2015,11777592591.94024
172,Argentina,2014,11102133209.416288,USD (1),tour,2015,11481666996.05212
172,Argentina,2015,11405350211.715033,USD (1),tour,2015,11795249672.666248
172,Argentina,2016,11168081535.580324,USD (1),tour,2015,11549869809.48263
172,Argentina,2017,11893530713.830065,USD (1),tour,2015,12300118949.00463
172,Argentina,2018,10728129602.01011,USD (1),tour,2015,11094877827.289686
172,Argentina,2019,10133382973.548822,USD (1),tour,2015,10479799390.90185
173,Uruguay,2008,2521603461.7936597,USD (1),tour,2015,2607806148.4482265
173,Uruguay,2009,2537965918.3647213,USD (1),tour,2015,2624727966.4486585
173,Uruguay,2010,3029158131.031408,USD (1),tour,2015,3132711910.661252
173,Uruguay,2011,3802080974.8847656,USD (1),tour,2015,3932057634.529794
173,Uruguay,2012,3617421173.6706862,USD (1),tour,2015,3741085115.545876
173,Uruguay,2013,3562522802.799213,USD (1),tour,2015,3684310007.4578724
173,Uruguay,2014,3620438205.778459,USD (1),tour,2015,3744205286.897132
173,Uruguay,2015,3749221319.9134784,USD (1),tour,2015,3877390937.1970897
173,Uruguay,2016,4281815665.722675,USD (1),tour,2015,4428192373.931331
173,Uruguay,2017,5072445304.345835,USD (1),tour,2015,5245850211.091927
173,Uruguay,2018,4841694384.446015,USD (1),tour,2015,5007210917.962627
173,Uruguay,2019,4223033189.070018,USD (1),tour,2015,4367400379.330096
174,Finland,2008,5987821784.40352,USD (1),tour,2015,6192519443.192886
174,Finland,2009,5504338262.0813675,USD (1),tour,2015,5692507716.016615
174,Finland,2010,5679704203.291827,USD (1),tour,2015,5873868658.229054
174,Finland,2011,5824404030.205709,USD (1),tour,2015,6023515144.690094
174,Finland,2012,5938205681.632278,USD (1),tour,2015,6141207181.043292
174,Finland,2013,5765709547.335397,USD (1),tour,2015,5962814151.99701
174,Finland,2014,5701888560.655546,USD (1),tour,2015,5896811402.561792
174,Finland,2015,5750362433.181985,USD (1),tour,2015,5946942386.568145
174,Finland,2016,5930605859.465584,USD (1),tour,2015,6133347553.915669
174,Finland,2017,6646509195.801663,USD (1),tour,2015,6873724520.5874405
174,Finland,2018,6793024545.016677,USD (1),tour,2015,7025248594.18352
174,Finland,2019,6985386321.556069,USD (1),tour,2015,7224186385.627153
175,Denmark,2008,4931623613.344268,USD (1),tour,2015,5100214437.191322
175,Denmark,2009,5096419774.737603,USD (1),tour,2015,5270644264.65377
175,Denmark,2010,5606152570.391362,USD (1),tour,2015,5797802613.97886
175,Denmark,2011,4178847237.5107217,USD (1),tour,2015,4321703901.7128725
175,Denmark,2012,4247339075.0569534,USD (1),tour,2015,4392537178.149021
175,Denmark,2013,4905225371.369631,USD (1),tour,2015,5072913753.807617
175,Denmark,2014,5576899882.538405,USD (1),tour,2015,5767549903.591433
175,Denmark,2015,5671416835.617769,USD (1),tour,2015,5865297981.394923
175,Denmark,2016,6033365031.248298,USD (1),tour,2015,6239619616.1350765
175,Denmark,2017,7514595458.202079,USD (1),tour,2015,7771486887.577912
175,Denmark,2018,7400073537.949535,USD (1),tour,2015,7653049959.531246
175,Denmark,2019,8304048713.030381,USD (1),tour,2015,8587928125.483453
176,Germany,2008,132227352676.29472,USD (1),tour,2015,136747632419.9661
176,Germany,2009,124698543622.94852,USD (1),tour,2015,128961446036.06769
176,Germany,2010,129910796224.02332,USD (1),tour,2015,134351882949.04666
176,Germany,2011,134055269941.79909,USD (1),tour,2015,138638038249.45612
176,Germany,2012,133657516931.2981,USD (1),tour,2015,138226687788.5036
176,Germany,2013,133279424012.35132,USD (1),tour,2015,137835669512.37354
176,Germany,2014,135240047016.90468,USD (1),tour,2015,139863317714.61166
176,Germany,2015,136258807919.3751,USD (1),tour,2015,140916905634.1695
176,Germany,2016,137154016009.08289,USD (1),tour,2015,141842717006.12088
176,Germany,2017,140494508513.64755,USD (1),tour,2015,145297406462.34982
176,Germany,2018,141794573881.70755,USD (1),tour,2015,146641915427.21295
176,Germany,2019,143381636204.63312,USD (1),tour,2015,148283232528.17847
177,Netherlands,2008,23815479828.300888,USD (1),tour,2015,24629627800.522846
177,Netherlands,2009,22942193823.87212,USD (1),tour,2015,23726487934.87434
177,Netherlands,2010,23250247684.97048,USD (1),tour,2015,24045072821.513927
177,Netherlands,2011,23798850558.166855,USD (1),tour,2015,24612430047.76084
177,Netherlands,2012,24418059514.1194,USD (1),tour,2015,25252807072.5285
177,Netherlands,2013,25324999123.818977,USD (1),tour,2015,26190751014.26288
177,Netherlands,2014,27691123733.04767,USD (1),tour,2015,28637763162.458504
177,Netherlands,2015,30262342432.59191,USD (1),tour,2015,31296880678.464363
177,Netherlands,2016,32649757711.68515,USD (1),tour,2015,33765911332.19371
177,Netherlands,2017,34596859421.451294,USD (1),tour,2015,35779576005.21505
177,Netherlands,2018,36017003315.86011,USD (1),tour,2015,37248268460.48563
177,Netherlands,2019,36904675976.60297,USD (1),tour,2015,38166286799.835464
178,Poland,2008,8388119174.080627,USD (1),tour,2015,8674872590.999756
178,Poland,2009,6313104671.79964,USD (1),tour,2015,6528922341.820414
178,Poland,2010,6503957413.273186,USD (1),tour,2015,6726299510.833692
178,Poland,2011,7661138244.059397,USD (1),tour,2015,7923039335.756109
178,Poland,2012,9169903957.67239,USD (1),tour,2015,9483383205.893848
178,Poland,2013,5715898877.314313,USD (1),tour,2015,5911300671.187101
178,Poland,2014,5652034273.745248,USD (1),tour,2015,5845252813.790384
178,Poland,2015,5604185863.1095495,USD (1),tour,2015,5795768673.50431
178,Poland,2016,7284890343.028608,USD (1),tour,2015,7533929150.703104
178,Poland,2017,9252400083.986134,USD (1),tour,2015,9568699516.996592
178,Poland,2018,11490250696.37884,USD (1),tour,2015,11883052536.703808
178,Poland,2019,12573068576.734316,USD (1),tour,2015,13002887264.417929
179,France,2008,94316300702.52936,USD (1),tour,2015,97540565992.08237
179,France,2009,91606297391.9175,USD (1),tour,2015,94737919421.03838
179,France,2010,93392105018.42892,USD (1),tour,2015,96584776065.59962
179,France,2011,95439914296.02838,USD (1),tour,2015,98702591061.44934
179,France,2012,95738769834.08775,USD (1),tour,2015,99011663174.27657
179,France,2013,96290537902.7399,USD (1),tour,2015,99582293800.28505
179,France,2014,97211251707.203125,USD (1),tour,2015,100534482816.76604
179,France,2015,98293127723.87991,USD (1),tour,2015,101653343482.56699
179,France,2016,99369893949.3986,USD (1),tour,2015,102766919675.61029
179,France,2017,101646875567.54066,USD (1),tour,2015,105121741420.44987
179,France,2018,103542656955.79968,USD (1),tour,2015,107082331352.73802
179,France,2019,105450918939.43697,USD (1),tour,2015,109055828537.83449
180,United Kingdom,2008,93041070530.92606,USD (1),tour,2015,96221741231.33737
180,United Kingdom,2009,90094736147.18845,USD (1),tour,2015,93174684452.6994
180,United Kingdom,2010,89854892589.58322,USD (1),tour,2015,92926641684.01456
180,United Kingdom,2011,97087472215.62308,USD (1),tour,2015,100406471841.17647
180,United Kingdom,2012,101505460836.78772,USD (1),tour,2015,104975492333.34068
180,United Kingdom,2013,102242401462.34496,USD (1),tour,2015,105737625762.91745
180,United Kingdom,2014,103388462551.48096,USD (1),tour,2015,106922865710.4468
180,United Kingdom,2015,115285038716.5524,USD (1),tour,2015,119226134221.46321
180,United Kingdom,2016,102855588673.79042,USD (1),tour,2015,106371775185.84846
180,United Kingdom,2017,104881955034.12918,USD (1),tour,2015,108467414224.09012
180,United Kingdom,2018,100589806175.0043,USD (1),tour,2015,104028535409.68721
180,United Kingdom,2019,115224233762.89674,USD (1),tour,2015,119163250610.14134
181,Ireland,2008,NA,USD (1),tour,2015,NA
181,Ireland,2009,NA,USD (1),tour,2015,NA
181,Ireland,2010,NA,USD (1),tour,2015,NA
181,Ireland,2011,NA,USD (1),tour,2015,NA
181,Ireland,2012,NA,USD (1),tour,2015,NA
181,Ireland,2013,NA,USD (1),tour,2015,NA
181,Ireland,2014,NA,USD (1),tour,2015,NA
181,Ireland,2015,NA,USD (1),tour,2015,NA
181,Ireland,2016,NA,USD (1),tour,2015,NA
181,Ireland,2017,NA,USD (1),tour,2015,NA
181,Ireland,2018,NA,USD (1),tour,2015,NA
181,Ireland,2019,17699205584.787857,USD (1),tour,2015,18304264665.716843
182,Spain,2008,80725012452.83022,USD (1),tour,2015,83484650539.9018
182,Spain,2009,77687243824.20105,USD (1),tour,2015,80343033776.07196
182,Spain,2010,77813811507.1993,USD (1),tour,2015,80473928259.25247
182,Spain,2011,77180107672.15451,USD (1),tour,2015,79818560838.33789
182,Spain,2012,74896408384.5094,USD (1),tour,2015,77456791776.00818
182,Spain,2013,73845355728.09201,USD (1),tour,2015,76369808187.47899
182,Spain,2014,74876071013.22466,USD (1),tour,2015,77435759158.19844
182,Spain,2015,77750203133.17986,USD (1),tour,2015,80408145390.78247
182,Spain,2016,80112078699.0979,USD (1),tour,2015,82850763239.30394
182,Spain,2017,83765192052.97055,USD (1),tour,2015,86628760695.90283
182,Spain,2018,86976945617.004,USD (1),tour,2015,89950310185.53955
182,Spain,2019,90026457330.06741,USD (1),tour,2015,93104071478.93297
183,Portugal,2008,8588210396.622529,USD (1),tour,2015,8881804064.683619
183,Portugal,2009,8115655085.897037,USD (1),tour,2015,8393094137.264967
183,Portugal,2010,8631032826.51283,USD (1),tour,2015,8926090407.739313
183,Portugal,2011,9666965242.943504,USD (1),tour,2015,9997436860.850187
183,Portugal,2012,10409106478.389818,USD (1),tour,2015,10764948686.614103
183,Portugal,2013,11436959712.755388,USD (1),tour,2015,11827939765.46291
183,Portugal,2014,12660357865.195312,USD (1),tour,2015,13093160595.094727
183,Portugal,2015,13322514554.897274,USD (1),tour,2015,13777953550.37272
183,Portugal,2016,14036035239.92623,USD (1),tour,2015,14515866413.222273
183,Portugal,2017,16212614589.560389,USD (1),tour,2015,16766853571.418787
183,Portugal,2018,17324223191.37544,USD (1),tour,2015,17916463250.49942
183,Portugal,2019,18011352889.15722,USD (1),tour,2015,18627082932.700397
184,Italy,2008,101554775872.0048,USD (1),tour,2015,105026493235.74213
184,Italy,2009,96191731926.1818,USD (1),tour,2015,99480110075.89075
184,Italy,2010,97839780866.89746,USD (1),tour,2015,101184498662.6215
184,Italy,2011,99533423505.76788,USD (1),tour,2015,102936039598.31593
184,Italy,2012,97538158753.80006,USD (1),tour,2015,100872565397.5538
184,Italy,2013,96696259985.1457,USD (1),tour,2015,100001885761.1505
184,Italy,2014,97645661878.95218,USD (1),tour,2015,100983743588.3347
184,Italy,2015,99366864971.48456,USD (1),tour,2015,102763787150.07745
184,Italy,2016,101473723385.71828,USD (1),tour,2015,104942669916.45834
184,Italy,2017,104001449984.3337,USD (1),tour,2015,107556808525.2214
184,Italy,2018,107008969346.47644,USD (1),tour,2015,110667141931.32883
184,Italy,2019,109580577219.40929,USD (1),tour,2015,113326661924.87367
185,Monaco,2008,NA,USD (1),tour,2015,NA
185,Monaco,2009,NA,USD (1),tour,2015,NA
185,Monaco,2010,NA,USD (1),tour,2015,NA
185,Monaco,2011,NA,USD (1),tour,2015,NA
185,Monaco,2012,NA,USD (1),tour,2015,NA
185,Monaco,2013,NA,USD (1),tour,2015,NA
185,Monaco,2014,NA,USD (1),tour,2015,NA
185,Monaco,2015,NA,USD (1),tour,2015,NA
185,Monaco,2016,NA,USD (1),tour,2015,NA
185,Monaco,2017,NA,USD (1),tour,2015,NA
185,Monaco,2018,NA,USD (1),tour,2015,NA
185,Monaco,2019,NA,USD (1),tour,2015,NA
186,Montenegro,2008,NA,USD (1),tour,2015,NA
186,Montenegro,2009,360691669.421482,USD (1),tour,2015,373022153.34933
186,Montenegro,2010,NA,USD (1),tour,2015,NA
186,Montenegro,2011,NA,USD (1),tour,2015,NA
186,Montenegro,2012,NA,USD (1),tour,2015,NA
186,Montenegro,2013,NA,USD (1),tour,2015,NA
186,Montenegro,2014,NA,USD (1),tour,2015,NA
186,Montenegro,2015,NA,USD (1),tour,2015,NA
186,Montenegro,2016,NA,USD (1),tour,2015,NA
186,Montenegro,2017,NA,USD (1),tour,2015,NA
186,Montenegro,2018,NA,USD (1),tour,2015,NA
186,Montenegro,2019,NA,USD (1),tour,2015,NA
187,Croatia,2008,5762586833.786939,USD (1),tour,2015,5959584686.414932
187,Croatia,2009,5346809266.986716,USD (1),tour,2015,5529593487.752315
187,Croatia,2010,5281318117.578141,USD (1),tour,2015,5461863479.967848
187,Croatia,2011,5278241912.13427,USD (1),tour,2015,5458682112.400755
187,Croatia,2012,5266689475.270986,USD (1),tour,2015,5446734747.821789
187,Croatia,2013,5359947512.0588255,USD (1),tour,2015,5543180872.445423
187,Croatia,2014,5450677891.355422,USD (1),tour,2015,5637012929.930148
187,Croatia,2015,5701446808.5177965,USD (1),tour,2015,5896354548.834246
187,Croatia,2016,6025408617.37308,USD (1),tour,2015,6231391206.974886
187,Croatia,2017,6306000481.985944,USD (1),tour,2015,6521575290.566478
187,Croatia,2018,6574303481.388059,USD (1),tour,2015,6799050405.940186
187,Croatia,2019,6883571146.256598,USD (1),tour,2015,7118890591.036822
188,Slovenia,2008,2200365241.184609,USD (1),tour,2015,2275586186.2242846
188,Slovenia,2009,2034272039.7714784,USD (1),tour,2015,2103814978.5687747
188,Slovenia,2010,2057676800.6115649,USD (1),tour,2015,2128019846.6800845
188,Slovenia,2011,2071435546.3883948,USD (1),tour,2015,2142248944.3060176
188,Slovenia,2012,2012901321.6601136,USD (1),tour,2015,2081713688.2858334
188,Slovenia,2013,1999471044.4934068,USD (1),tour,2015,2067824288.187299
188,Slovenia,2014,2062309496.236765,USD (1),tour,2015,2132810914.0776095
188,Slovenia,2015,2129818206.9268343,USD (1),tour,2015,2202627454.814014
188,Slovenia,2016,2275244451.2438064,USD (1),tour,2015,2353025191.7388244
188,Slovenia,2017,2465981019.998241,USD (1),tour,2015,2550282216.5915422
188,Slovenia,2018,2602032120.027986,USD (1),tour,2015,2690984313.7041245
188,Slovenia,2019,2720823850.1084614,USD (1),tour,2015,2813837017.859404
189,Lithuania,2008,1113462040.3015552,USD (1),tour,2015,1151526478.5909898
189,Lithuania,2009,948239768.752528,USD (1),tour,2015,980655974.1145833
189,Lithuania,2010,940066629.1252472,USD (1),tour,2015,972203430.288764
189,Lithuania,2011,1007039028.6140336,USD (1),tour,2015,1041465325.669791
189,Lithuania,2012,1116004346.9651165,USD (1),tour,2015,1154155695.6938884
189,Lithuania,2013,1178617449.789301,USD (1),tour,2015,1218909268.962773
189,Lithuania,2014,1240822275.699381,USD (1),tour,2015,1283240608.100478
189,Lithuania,2015,1238846921.8207684,USD (1),tour,2015,1281197725.4394813
189,Lithuania,2016,1285166647.9792671,USD (1),tour,2015,1329100922.1556888
189,Lithuania,2017,1335185977.9754958,USD (1),tour,2015,1380830196.1203752
189,Lithuania,2018,1358237004.3082347,USD (1),tour,2015,1404669237.075609
189,Lithuania,2019,1418465446.3809595,USD (1),tour,2015,1466956628.3837519
190,Qatar,2008,1593385018.8534048,USD (1),tour,2015,1647855942.4468386
190,Qatar,2009,1783899072.651484,USD (1),tour,2015,1844882845.521848
190,Qatar,2010,2133406493.193488,USD (1),tour,2015,2206338409.0264244
190,Qatar,2011,2418753375.217427,USD (1),tour,2015,2501440063.4527893
190,Qatar,2012,2533160696.3328805,USD (1),tour,2015,2619758474.714863
190,Qatar,2013,2673904134.1753173,USD (1),tour,2015,2765313320.320195
190,Qatar,2014,3182695389.9468107,USD (1),tour,2015,3291497942.5977197
190,Qatar,2015,5028891918.246845,USD (1),tour,2015,5200807923.604784
190,Qatar,2016,6412312738.623073,USD (1),tour,2015,6631521902.202435
190,Qatar,2017,5668853016.828586,USD (1),tour,2015,5862646516.760121
190,Qatar,2018,5267748202.4315,USD (1),tour,2015,5447829668.272428
190,Qatar,2019,5468823354.929729,USD (1),tour,2015,5655778708.210712
191,Iran,2008,NA,USD (1),tour,2015,NA
191,Iran,2009,NA,USD (1),tour,2015,NA
191,Iran,2010,NA,USD (1),tour,2015,NA
191,Iran,2011,NA,USD (1),tour,2015,NA
191,Iran,2012,NA,USD (1),tour,2015,NA
191,Iran,2013,NA,USD (1),tour,2015,NA
191,Iran,2014,NA,USD (1),tour,2015,NA
191,Iran,2015,NA,USD (1),tour,2015,NA
191,Iran,2016,NA,USD (1),tour,2015,NA
191,Iran,2017,NA,USD (1),tour,2015,NA
191,Iran,2018,NA,USD (1),tour,2015,NA
191,Iran,2019,NA,USD (1),tour,2015,NA
192,Iraq,2008,NA,USD (1),tour,2015,NA
192,Iraq,2009,NA,USD (1),tour,2015,NA
192,Iraq,2010,NA,USD (1),tour,2015,NA
192,Iraq,2011,NA,USD (1),tour,2015,NA
192,Iraq,2012,NA,USD (1),tour,2015,NA
192,Iraq,2013,NA,USD (1),tour,2015,NA
192,Iraq,2014,NA,USD (1),tour,2015,NA
192,Iraq,2015,NA,USD (1),tour,2015,NA
192,Iraq,2016,NA,USD (1),tour,2015,NA
192,Iraq,2017,NA,USD (1),tour,2015,NA
192,Iraq,2018,NA,USD (1),tour,2015,NA
192,Iraq,2019,NA,USD (1),tour,2015,NA
193,Guinea Bissau,2008,NA,USD (1),tour,2015,NA
193,Guinea Bissau,2009,NA,USD (1),tour,2015,NA
193,Guinea Bissau,2010,NA,USD (1),tour,2015,NA
193,Guinea Bissau,2011,NA,USD (1),tour,2015,NA
193,Guinea Bissau,2012,NA,USD (1),tour,2015,NA
193,Guinea Bissau,2013,NA,USD (1),tour,2015,NA
193,Guinea Bissau,2014,NA,USD (1),tour,2015,NA
193,Guinea Bissau,2015,NA,USD (1),tour,2015,NA
193,Guinea Bissau,2016,NA,USD (1),tour,2015,NA
193,Guinea Bissau,2017,NA,USD (1),tour,2015,NA
193,Guinea Bissau,2018,NA,USD (1),tour,2015,NA
193,Guinea Bissau,2019,NA,USD (1),tour,2015,NA
194,Guinea,2008,113831028.93616588,USD (1),tour,2015,117722418.15244313
194,Guinea,2009,112553113.94110323,USD (1),tour,2015,116400816.78576827
194,Guinea,2010,117970712.52216876,USD (1),tour,2015,122003619.56724824
194,Guinea,2011,124591348.28224298,USD (1),tour,2015,128850586.15154879
194,Guinea,2012,129065581.79467356,USD (1),tour,2015,133477774.30388816
194,Guinea,2013,116726941.31010276,USD (1),tour,2015,120717329.21143574
194,Guinea,2014,105256962.32342134,USD (1),tour,2015,108855241.38626945
194,Guinea,2015,93989582.17503887,USD (1),tour,2015,97202678.37505175
194,Guinea,2016,97921553.01636226,USD (1),tour,2015,101269066.2472466
194,Guinea,2017,99283417.04795192,USD (1),tour,2015,102677486.50393666
194,Guinea,2018,105596345.1053022,USD (1),tour,2015,109206226.19362564
194,Guinea,2019,111527601.49299608,USD (1),tour,2015,115340246.51450852
195,Ivory Coast,2008,751091776.8206953,USD (1),tour,2015,776768347.331128
195,Ivory Coast,2009,778156028.8003632,USD (1),tour,2015,804757808.7135797
195,Ivory Coast,2010,831444538.0544544,USD (1),tour,2015,859868020.9971598
195,Ivory Coast,2011,786792247.8083304,USD (1),tour,2015,813689262.5958258
195,Ivory Coast,2012,846749056.8226199,USD (1),tour,2015,875695734.8892853
195,Ivory Coast,2013,1406791590.0337946,USD (1),tour,2015,1454883693.5153239
195,Ivory Coast,2014,2051514796.0553377,USD (1),tour,2015,2121647189.9114962
195,Ivory Coast,2015,2364054266.734079,USD (1),tour,2015,2444871029.669799
195,Ivory Coast,2016,2710386536.363832,USD (1),tour,2015,2803042897.622447
195,Ivory Coast,2017,3106384765.8699665,USD (1),tour,2015,3212578589.228034
195,Ivory Coast,2018,3455890828.9846125,USD (1),tour,2015,3574032748.900698
195,Ivory Coast,2019,4307787344.497139,USD (1),tour,2015,4455051911.7689705
196,Nigeria,2008,14483740225.000076,USD (1),tour,2015,14978876490.126282
196,Nigeria,2009,15647787578.705393,USD (1),tour,2015,16182717574.607634
196,Nigeria,2010,16900495610.76794,USD (1),tour,2015,17478250261.535122
196,Nigeria,2011,17797561107.70113,USD (1),tour,2015,18405982537.409733
196,Nigeria,2012,19058639209.11243,USD (1),tour,2015,19710171430.05764
196,Nigeria,2013,22634183513.34453,USD (1),tour,2015,23407948087.61067
196,Nigeria,2014,25166994989.992264,USD (1),tour,2015,26027345404.33385
196,Nigeria,2015,27412283563.715027,USD (1),tour,2015,28349390657.012005
196,Nigeria,2016,27648139984.981743,USD (1),tour,2015,28593309986.458366
196,Nigeria,2017,26697438849.949196,USD (1),tour,2015,27610108502.62512
196,Nigeria,2018,27111092680.708733,USD (1),tour,2015,28037903363.92205
196,Nigeria,2019,28422942407.65446,USD (1),tour,2015,29394599543.794735
197,Cameroon,2008,793775837.0638833,USD (1),tour,2015,820911590.4815567
197,Cameroon,2009,814249314.4498285,USD (1),tour,2015,842084967.2698348
197,Cameroon,2010,837854603.3680944,USD (1),tour,2015,866497218.6446657
197,Cameroon,2011,866167480.6775067,USD (1),tour,2015,895777990.4418403
197,Cameroon,2012,906236204.0313616,USD (1),tour,2015,937216489.6768973
197,Cameroon,2013,980341058.4157158,USD (1),tour,2015,1013854667.6543009
197,Cameroon,2014,975449208.6200128,USD (1),tour,2015,1008795586.7290846
197,Cameroon,2015,1191778621.7919817,USD (1),tour,2015,1232520364.3587804
197,Cameroon,2016,1346848916.577832,USD (1),tour,2015,1392891840.013627
197,Cameroon,2017,1429406794.9297888,USD (1),tour,2015,1478272014.1889634
197,Cameroon,2018,1833876281.0319004,USD (1),tour,2015,1896568557.9153507
197,Cameroon,2019,1908855201.8426647,USD (1),tour,2015,1974110682.859627
198,Gabon,2008,NA,USD (1),tour,2015,NA
198,Gabon,2009,NA,USD (1),tour,2015,NA
198,Gabon,2010,NA,USD (1),tour,2015,NA
198,Gabon,2011,NA,USD (1),tour,2015,NA
198,Gabon,2012,NA,USD (1),tour,2015,NA
198,Gabon,2013,NA,USD (1),tour,2015,NA
198,Gabon,2014,NA,USD (1),tour,2015,NA
198,Gabon,2015,NA,USD (1),tour,2015,NA
198,Gabon,2016,NA,USD (1),tour,2015,NA
198,Gabon,2017,NA,USD (1),tour,2015,NA
198,Gabon,2018,NA,USD (1),tour,2015,NA
198,Gabon,2019,NA,USD (1),tour,2015,NA
199,Democratic Republic of the Congo,2008,NA,USD (1),tour,2015,NA
199,Democratic Republic of the Congo,2009,NA,USD (1),tour,2015,NA
199,Democratic Republic of the Congo,2010,NA,USD (1),tour,2015,NA
199,Democratic Republic of the Congo,2011,NA,USD (1),tour,2015,NA
199,Democratic Republic of the Congo,2012,NA,USD (1),tour,2015,NA
199,Democratic Republic of the Congo,2013,NA,USD (1),tour,2015,NA
199,Democratic Republic of the Congo,2014,NA,USD (1),tour,2015,NA
199,Democratic Republic of the Congo,2015,NA,USD (1),tour,2015,NA
199,Democratic Republic of the Congo,2016,NA,USD (1),tour,2015,NA
199,Democratic Republic of the Congo,2017,NA,USD (1),tour,2015,NA
199,Democratic Republic of the Congo,2018,NA,USD (1),tour,2015,NA
199,Democratic Republic of the Congo,2019,NA,USD (1),tour,2015,NA
200,Angola,2008,NA,USD (1),tour,2015,NA
200,Angola,2009,NA,USD (1),tour,2015,NA
200,Angola,2010,NA,USD (1),tour,2015,NA
200,Angola,2011,NA,USD (1),tour,2015,NA
200,Angola,2012,NA,USD (1),tour,2015,NA
200,Angola,2013,NA,USD (1),tour,2015,NA
200,Angola,2014,NA,USD (1),tour,2015,NA
200,Angola,2015,NA,USD (1),tour,2015,NA
200,Angola,2016,NA,USD (1),tour,2015,NA
200,Angola,2017,NA,USD (1),tour,2015,NA
200,Angola,2018,NA,USD (1),tour,2015,NA
200,Angola,2019,NA,USD (1),tour,2015,NA
202,Tanzania,2008,NA,USD (1),tour,2015,NA
202,Tanzania,2009,NA,USD (1),tour,2015,NA
202,Tanzania,2010,NA,USD (1),tour,2015,NA
202,Tanzania,2011,NA,USD (1),tour,2015,NA
202,Tanzania,2012,NA,USD (1),tour,2015,NA
202,Tanzania,2013,NA,USD (1),tour,2015,NA
202,Tanzania,2014,NA,USD (1),tour,2015,NA
202,Tanzania,2015,NA,USD (1),tour,2015,NA
202,Tanzania,2016,NA,USD (1),tour,2015,NA
202,Tanzania,2017,NA,USD (1),tour,2015,NA
202,Tanzania,2018,NA,USD (1),tour,2015,NA
202,Tanzania,2019,NA,USD (1),tour,2015,NA
203,India,2008,48325181527.71755,USD (1),tour,2015,49977209907.229576
203,India,2009,52124453577.70495,USD (1),tour,2015,53906362591.90152
203,India,2010,56407211724.38695,USD (1),tour,2015,58335529666.128815
203,India,2011,49260447572.769066,USD (1),tour,2015,50944448642.29433
203,India,2012,52926972389.29876,USD (1),tour,2015,54736316041.2956
203,India,2013,55581519707.38569,USD (1),tour,2015,57481610819.9321
203,India,2014,61105074903.37575,USD (1),tour,2015,63193992413.48763
203,India,2015,55683058173.726585,USD (1),tour,2015,57586620446.084595
203,India,2016,59694977954.21886,USD (1),tour,2015,61735690364.9555
203,India,2017,63571336762.12107,USD (1),tour,2015,65744565069.48508
203,India,2018,67447577995.801025,USD (1),tour,2015,69753318180.43964
203,India,2019,72390579772.88899,USD (1),tour,2015,74865299751.44817
204,Bangladesh,2008,NA,USD (1),tour,2015,NA
204,Bangladesh,2009,NA,USD (1),tour,2015,NA
204,Bangladesh,2010,NA,USD (1),tour,2015,NA
204,Bangladesh,2011,NA,USD (1),tour,2015,NA
204,Bangladesh,2012,NA,USD (1),tour,2015,NA
204,Bangladesh,2013,NA,USD (1),tour,2015,NA
204,Bangladesh,2014,NA,USD (1),tour,2015,NA
204,Bangladesh,2015,NA,USD (1),tour,2015,NA
204,Bangladesh,2016,NA,USD (1),tour,2015,NA
204,Bangladesh,2017,NA,USD (1),tour,2015,NA
204,Bangladesh,2018,NA,USD (1),tour,2015,NA
204,Bangladesh,2019,7790341342.500884,USD (1),tour,2015,8056659327.804583
205,Myanmar,2008,NA,USD (1),tour,2015,NA
205,Myanmar,2009,NA,USD (1),tour,2015,NA
205,Myanmar,2010,NA,USD (1),tour,2015,NA
205,Myanmar,2011,NA,USD (1),tour,2015,NA
205,Myanmar,2012,NA,USD (1),tour,2015,NA
205,Myanmar,2013,NA,USD (1),tour,2015,NA
205,Myanmar,2014,NA,USD (1),tour,2015,NA
205,Myanmar,2015,NA,USD (1),tour,2015,NA
205,Myanmar,2016,NA,USD (1),tour,2015,NA
205,Myanmar,2017,NA,USD (1),tour,2015,NA
205,Myanmar,2018,NA,USD (1),tour,2015,NA
205,Myanmar,2019,NA,USD (1),tour,2015,NA
206,Malaysia,2008,10689207963.716871,USD (1),tour,2015,11054625626.978783
206,Malaysia,2009,11730330865.515411,USD (1),tour,2015,12131340005.642124
206,Malaysia,2010,12957238148.409622,USD (1),tour,2015,13400189927.680042
206,Malaysia,2011,13707885062.684711,USD (1),tour,2015,14176498204.544413
206,Malaysia,2012,14595596204.861095,USD (1),tour,2015,15094556340.841103
206,Malaysia,2013,16127042063.675844,USD (1),tour,2015,16678355691.985664
206,Malaysia,2014,18006865822.75898,USD (1),tour,2015,18622442472.96154
206,Malaysia,2015,19192684695.204308,USD (1),tour,2015,19848799349.989777
206,Malaysia,2016,20677091688.060036,USD (1),tour,2015,21383951780.3466
206,Malaysia,2017,21332251989.765907,USD (1),tour,2015,22061509171.46489
206,Malaysia,2018,22811063218.299297,USD (1),tour,2015,23590874542.584934
206,Malaysia,2019,24649827380.134624,USD (1),tour,2015,25492498076.750595
207,Vietnam,2008,9580054343.802464,USD (1),tour,2015,9907554854.983194
207,Vietnam,2009,10097175861.570831,USD (1),tour,2015,10442354514.788538
207,Vietnam,2010,10745742187.30728,USD (1),tour,2015,11113092510.495806
207,Vietnam,2011,11434884782.99584,USD (1),tour,2015,11825793902.85345
207,Vietnam,2012,12064323127.740292,USD (1),tour,2015,12476750014.85294
207,Vietnam,2013,12734316616.824171,USD (1),tour,2015,13169647675.697044
207,Vietnam,2014,13731051599.544184,USD (1),tour,2015,14200456704.830341
207,Vietnam,2015,15145052186.564203,USD (1),tour,2015,15662795839.67483
207,Vietnam,2016,17766425340.805428,USD (1),tour,2015,18373782373.673637
207,Vietnam,2017,21565466630.475773,USD (1),tour,2015,22302696409.334053
207,Vietnam,2018,24612787382.09096,USD (1),tour,2015,25454191841.80909
207,Vietnam,2019,28975182954.11529,USD (1),tour,2015,29965718799.579136
208,Singapore,2008,NA,USD (1),tour,2015,NA
208,Singapore,2009,NA,USD (1),tour,2015,NA
208,Singapore,2010,NA,USD (1),tour,2015,NA
208,Singapore,2011,NA,USD (1),tour,2015,NA
208,Singapore,2012,NA,USD (1),tour,2015,NA
208,Singapore,2013,NA,USD (1),tour,2015,NA
208,Singapore,2014,NA,USD (1),tour,2015,NA
208,Singapore,2015,8093005138.459307,USD (1),tour,2015,8369669886.352761
208,Singapore,2016,NA,USD (1),tour,2015,NA
208,Singapore,2017,NA,USD (1),tour,2015,NA
208,Singapore,2018,NA,USD (1),tour,2015,NA
208,Singapore,2019,NA,USD (1),tour,2015,NA
210,Japan,2008,81652362124.44914,USD (1),tour,2015,84443702275.05806
210,Japan,2009,72950873832.13501,USD (1),tour,2015,75444747834.69336
210,Japan,2010,71721432943.01189,USD (1),tour,2015,74173277693.41733
210,Japan,2011,71738509474.64006,USD (1),tour,2015,74190937997.60426
210,Japan,2012,72724735350.4602,USD (1),tour,2015,75210878659.04875
210,Japan,2013,78546641450.32549,USD (1),tour,2015,81231810479.9931
210,Japan,2014,74402673103.83768,USD (1),tour,2015,76946177827.32425
210,Japan,2015,80008751735.35524,USD (1),tour,2015,82743903974.77988
210,Japan,2016,89568754561.111,USD (1),tour,2015,92630721837.27388
210,Japan,2017,91069328345.8442,USD (1),tour,2015,94182593732.01022
210,Japan,2018,87072497218.06964,USD (1),tour,2015,90049128281.45691
210,Japan,2019,91286651001.889,USD (1),tour,2015,94407345707.1791
212,Kiribati,2008,809629.7876690833,USD (1),tour,2015,837307.5189024458
212,Kiribati,2009,870889.2254945204,USD (1),tour,2015,900661.151236858
212,Kiribati,2010,749972.8559461008,USD (1),tour,2015,775611.1754043734
212,Kiribati,2011,866081.7071871699,USD (1),tour,2015,895689.2847278519
212,Kiribati,2012,806133.4107182844,USD (1),tour,2015,833691.6159868065
212,Kiribati,2013,899515.8117791761,USD (1),tour,2015,930266.3563586448
212,Kiribati,2014,859526.000404425,USD (1),tour,2015,888909.4667610311
212,Kiribati,2015,977018.8341885224,USD (1),tour,2015,1010418.8709886206
212,Kiribati,2016,1232472.875156178,USD (1),tour,2015,1274605.7777624303
212,Kiribati,2017,1616491.6102521208,USD (1),tour,2015,1671752.4479966804
212,Kiribati,2018,1517864.6437650356,USD (1),tour,2015,1569753.853251388
212,Kiribati,2019,1636304.4129733054,USD (1),tour,2015,1692242.5645186275
214,Egypt,2008,14676346909.194769,USD (1),tour,2015,15178067561.555834
214,Egypt,2009,15362260628.99119,USD (1),tour,2015,15887429696.757593
214,Egypt,2010,18172116295.854317,USD (1),tour,2015,18793342143.07282
214,Egypt,2011,16291255366.858433,USD (1),tour,2015,16848182735.842882
214,Egypt,2012,14403400009.476528,USD (1),tour,2015,14895789791.053885
214,Egypt,2013,11958522409.642847,USD (1),tour,2015,12367332429.040897
214,Egypt,2014,13569501604.328604,USD (1),tour,2015,14033384015.889275
214,Egypt,2015,10869097035.04043,USD (1),tour,2015,11240664325.50695
214,Egypt,2016,8488969299.152938,USD (1),tour,2015,8779170344.480896
214,Egypt,2017,5836265725.428442,USD (1),tour,2015,6035782339.830625
214,Egypt,2018,6109689259.306722,USD (1),tour,2015,6318553038.547474
214,Egypt,2019,9235468736.116434,USD (1),tour,2015,9551189359.771193
215,Jordan,2008,2102740527.594809,USD (1),tour,2015,2174624107.0562596
215,Jordan,2009,2257817371.595202,USD (1),tour,2015,2335002355.814892
215,Jordan,2010,2360667840.184759,USD (1),tour,2015,2441368835.883032
215,Jordan,2011,2338666295.2931004,USD (1),tour,2015,2418615153.5879517
215,Jordan,2012,2306759358.2747545,USD (1),tour,2015,2385617456.767133
215,Jordan,2013,2321446014.3047366,USD (1),tour,2015,2400806185.8736076
215,Jordan,2014,2352946627.9046125,USD (1),tour,2015,2433383668.840424
215,Jordan,2015,2363454845.598589,USD (1),tour,2015,2444251116.9252596
215,Jordan,2016,2361390768.500964,USD (1),tour,2015,2442116477.983168
215,Jordan,2017,2419802086.97091,USD (1),tour,2015,2502524626.1130652
215,Jordan,2018,2466239846.669952,USD (1),tour,2015,2550549891.4246783
215,Jordan,2019,2509429602.1486797,USD (1),tour,2015,2595216117.337648
216,Indonesia,2008,27819000715.393986,USD (1),tour,2015,28770011704.253624
216,Indonesia,2009,25824460805.118694,USD (1),tour,2015,26707287124.377987
216,Indonesia,2010,26708118611.204823,USD (1),tour,2015,27621153358.602028
216,Indonesia,2011,27936898419.16788,USD (1),tour,2015,28891939819.22012
216,Indonesia,2012,29325292469.28919,USD (1),tour,2015,30327797040.719902
216,Indonesia,2013,31423991091.766094,USD (1),tour,2015,32498241067.451233
216,Indonesia,2014,33900196946.423298,USD (1),tour,2015,35059097661.45561
216,Indonesia,2015,37102817428.775826,USD (1),tour,2015,38371201848.957146
216,Indonesia,2016,42049349590.29149,USD (1),tour,2015,43486834492.92637
216,Indonesia,2017,44413226817.572945,USD (1),tour,2015,45931522430.93244
216,Indonesia,2018,49081519015.435326,USD (1),tour,2015,50759403293.56372
216,Indonesia,2019,52113239368.55239,USD (1),tour,2015,53894765017.571884
218,Canada,2008,26723460400.886444,USD (1),tour,2015,27637019617.5385
218,Canada,2009,26050548816.715008,USD (1),tour,2015,26941104104.59101
218,Canada,2010,26873386998.614407,USD (1),tour,2015,27792071555.440266
218,Canada,2011,27530418727.94613,USD (1),tour,2015,28471564350.17892
218,Canada,2012,28244111777.677124,USD (1),tour,2015,29209655470.13216
218,Canada,2013,28384245624.92012,USD (1),tour,2015,29354579885.879135
218,Canada,2014,29162207988.61196,USD (1),tour,2015,30159137408.91402
218,Canada,2015,31486205751.320267,USD (1),tour,2015,32562582576.402676
218,Canada,2016,32747520593.13065,USD (1),tour,2015,33867016302.577213
218,Canada,2017,33682955651.505623,USD (1),tour,2015,34834429828.79797
218,Canada,2018,34798506539.68801,USD (1),tour,2015,35988116563.919914
218,Canada,2019,35460623298.18774,USD (1),tour,2015,36672868222.92104
220,Sint Maarten,2008,NA,USD (1),tour,2015,NA
220,Sint Maarten,2009,NA,USD (1),tour,2015,NA
220,Sint Maarten,2010,NA,USD (1),tour,2015,NA
220,Sint Maarten,2011,NA,USD (1),tour,2015,NA
220,Sint Maarten,2012,NA,USD (1),tour,2015,NA
220,Sint Maarten,2013,NA,USD (1),tour,2015,NA
220,Sint Maarten,2014,NA,USD (1),tour,2015,NA
220,Sint Maarten,2015,NA,USD (1),tour,2015,NA
220,Sint Maarten,2016,NA,USD (1),tour,2015,NA
220,Sint Maarten,2017,NA,USD (1),tour,2015,NA
220,Sint Maarten,2018,NA,USD (1),tour,2015,NA
220,Sint Maarten,2019,NA,USD (1),tour,2015,NA
221,Northern Saint-Martin,2008,NA,USD (1),tour,2015,NA
221,Northern Saint-Martin,2009,NA,USD (1),tour,2015,NA
221,Northern Saint-Martin,2010,NA,USD (1),tour,2015,NA
221,Northern Saint-Martin,2011,NA,USD (1),tour,2015,NA
221,Northern Saint-Martin,2012,NA,USD (1),tour,2015,NA
221,Northern Saint-Martin,2013,NA,USD (1),tour,2015,NA
221,Northern Saint-Martin,2014,NA,USD (1),tour,2015,NA
221,Northern Saint-Martin,2015,NA,USD (1),tour,2015,NA
221,Northern Saint-Martin,2016,NA,USD (1),tour,2015,NA
221,Northern Saint-Martin,2017,NA,USD (1),tour,2015,NA
221,Northern Saint-Martin,2018,NA,USD (1),tour,2015,NA
221,Northern Saint-Martin,2019,NA,USD (1),tour,2015,NA
222,Sweden,2008,11870567704.695787,USD (1),tour,2015,12276370934.17416
222,Sweden,2009,11885674695.274944,USD (1),tour,2015,12291994367.245134
222,Sweden,2010,11545141643.486856,USD (1),tour,2015,11939819967.242079
222,Sweden,2011,12223517092.56307,USD (1),tour,2015,12641386130.939722
222,Sweden,2012,12764958996.05936,USD (1),tour,2015,13201337584.988241
222,Sweden,2013,12579602554.44872,USD (1),tour,2015,13009644610.493797
222,Sweden,2014,12698534073.33795,USD (1),tour,2015,13132641882.230965
222,Sweden,2015,13383825923.159857,USD (1),tour,2015,13841360888.420712
222,Sweden,2016,14113270268.65927,USD (1),tour,2015,14595741772.634386
222,Sweden,2017,13751892526.872726,USD (1),tour,2015,14222010093.081196
222,Sweden,2018,14007728271.910557,USD (1),tour,2015,14486591752.731962
222,Sweden,2019,13414734225.146349,USD (1),tour,2015,13873325811.208824
223,Norway,2008,11885540808.101698,USD (1),tour,2015,12291855903.050077
223,Norway,2009,13067635300.196344,USD (1),tour,2015,13514361079.31536
223,Norway,2010,12814525328.097565,USD (1),tour,2015,13252598374.959282
223,Norway,2011,13316104619.200155,USD (1),tour,2015,13771324486.772762
223,Norway,2012,13678030918.673132,USD (1),tour,2015,14145623476.820698
223,Norway,2013,13817025813.78525,USD (1),tour,2015,14289370004.602852
223,Norway,2014,14100016740.72544,USD (1),tour,2015,14582035164.058472
223,Norway,2015,15526380489.8212,USD (1),tour,2015,16057160103.87344
223,Norway,2016,16885261506.6653,USD (1),tour,2015,17462495369.48056
223,Norway,2017,16496561206.985613,USD (1),tour,2015,17060507092.272482
223,Norway,2018,15416230484.654327,USD (1),tour,2015,15943244547.729078
223,Norway,2019,16409973338.84468,USD (1),tour,2015,16970959160.434568
224,Chile,2008,6213431612.436838,USD (1),tour,2015,6425841892.820685
224,Chile,2009,6275803779.289281,USD (1),tour,2015,6490346293.561847
224,Chile,2010,6497334624.897569,USD (1),tour,2015,6719450318.045258
224,Chile,2011,6711301820.608971,USD (1),tour,2015,6940732124.243888
224,Chile,2012,7797146366.997565,USD (1),tour,2015,8063696986.576736
224,Chile,2013,7312873369.408761,USD (1),tour,2015,7562868795.398247
224,Chile,2014,7369094589.886087,USD (1),tour,2015,7621011975.583186
224,Chile,2015,8238822864.824613,USD (1),tour,2015,8520472488.399356
224,Chile,2016,8985552983.690563,USD (1),tour,2015,9292730071.60593
224,Chile,2017,8852645675.068544,USD (1),tour,2015,9155279238.495293
224,Chile,2018,8570372340.5037565,USD (1),tour,2015,8863356202.78633
224,Chile,2019,8671766579.794668,USD (1),tour,2015,8968216671.391485
231,East Timor,2008,NA,USD (1),tour,2015,NA
231,East Timor,2009,NA,USD (1),tour,2015,NA
231,East Timor,2010,NA,USD (1),tour,2015,NA
231,East Timor,2011,NA,USD (1),tour,2015,NA
231,East Timor,2012,NA,USD (1),tour,2015,NA
231,East Timor,2013,NA,USD (1),tour,2015,NA
231,East Timor,2014,NA,USD (1),tour,2015,NA
231,East Timor,2015,NA,USD (1),tour,2015,NA
231,East Timor,2016,NA,USD (1),tour,2015,NA
231,East Timor,2017,NA,USD (1),tour,2015,NA
231,East Timor,2018,NA,USD (1),tour,2015,NA
231,East Timor,2019,NA,USD (1),tour,2015,NA
232,Bosnia and Herzegovina,2008,NA,USD (1),tour,2015,NA
232,Bosnia and Herzegovina,2009,NA,USD (1),tour,2015,NA
232,Bosnia and Herzegovina,2010,NA,USD (1),tour,2015,NA
232,Bosnia and Herzegovina,2011,NA,USD (1),tour,2015,NA
232,Bosnia and Herzegovina,2012,NA,USD (1),tour,2015,NA
232,Bosnia and Herzegovina,2013,NA,USD (1),tour,2015,NA
232,Bosnia and Herzegovina,2014,NA,USD (1),tour,2015,NA
232,Bosnia and Herzegovina,2015,NA,USD (1),tour,2015,NA
232,Bosnia and Herzegovina,2016,NA,USD (1),tour,2015,NA
232,Bosnia and Herzegovina,2017,NA,USD (1),tour,2015,NA
232,Bosnia and Herzegovina,2018,NA,USD (1),tour,2015,NA
232,Bosnia and Herzegovina,2019,NA,USD (1),tour,2015,NA
244,Curacao,2008,NA,USD (1),tour,2015,NA
244,Curacao,2009,NA,USD (1),tour,2015,NA
244,Curacao,2010,NA,USD (1),tour,2015,NA
244,Curacao,2011,NA,USD (1),tour,2015,NA
244,Curacao,2012,NA,USD (1),tour,2015,NA
244,Curacao,2013,NA,USD (1),tour,2015,NA
244,Curacao,2014,NA,USD (1),tour,2015,NA
244,Curacao,2015,NA,USD (1),tour,2015,NA
244,Curacao,2016,NA,USD (1),tour,2015,NA
244,Curacao,2017,NA,USD (1),tour,2015,NA
244,Curacao,2018,NA,USD (1),tour,2015,NA
244,Curacao,2019,NA,USD (1),tour,2015,NA
247,Brunei,2008,104433525.03714356,USD (1),tour,2015,108003654.3502613
247,Brunei,2009,102590758.37080307,USD (1),tour,2015,106097891.48331954
247,Brunei,2010,105257057.03986555,USD (1),tour,2015,108855339.34065811
247,Brunei,2011,87629042.95569322,USD (1),tour,2015,90624699.90421914
247,Brunei,2012,84347620.88139896,USD (1),tour,2015,87231100.24009457
247,Brunei,2013,87880454.56304665,USD (1),tour,2015,90884706.1841047
247,Brunei,2014,84377980.15401042,USD (1),tour,2015,87262497.36457434
247,Brunei,2015,100856273.6060732,USD (1),tour,2015,104304112.2066069
247,Brunei,2016,104662082.8844118,USD (1),tour,2015,108240025.59911668
247,Brunei,2017,106052625.98818986,USD (1),tour,2015,109678105.34109771
247,Brunei,2018,106108025.53706676,USD (1),tour,2015,109735398.76029363
247,Brunei,2019,110213461.62075073,USD (1),tour,2015,113981181.89920032
250,Aruba,2008,644588264.6559347,USD (1),tour,2015,666623941.9704883
250,Aruba,2009,569314914.2120064,USD (1),tour,2015,588777322.1207741
250,Aruba,2010,553752937.018727,USD (1),tour,2015,572683348.4165272
250,Aruba,2011,572410186.8814453,USD (1),tour,2015,591978408.7391851
250,Aruba,2012,566452542.3182789,USD (1),tour,2015,585817098.1455507
250,Aruba,2013,602883839.0384619,USD (1),tour,2015,623493822.9051431
250,Aruba,2014,629096642.0127736,USD (1),tour,2015,650602727.9333143
250,Aruba,2015,639987968.7150834,USD (1),tour,2015,661866381.8620087
250,Aruba,2016,638937929.069475,USD (1),tour,2015,660780445.914735
250,Aruba,2017,683973682.3159778,USD (1),tour,2015,707355776.2534262
250,Aruba,2018,700264089.9744731,USD (1),tour,2015,724203082.3014333
250,Aruba,2019,684138154.2956312,USD (1),tour,2015,707525870.8167809
140,Guadeloupe and Martinique,2008,NA,USD (1),tour,2015,NA
140,Guadeloupe and Martinique,2009,NA,USD (1),tour,2015,NA
140,Guadeloupe and Martinique,2010,NA,USD (1),tour,2015,NA
140,Guadeloupe and Martinique,2011,NA,USD (1),tour,2015,NA
140,Guadeloupe and Martinique,2012,NA,USD (1),tour,2015,NA
140,Guadeloupe and Martinique,2013,NA,USD (1),tour,2015,NA
140,Guadeloupe and Martinique,2014,NA,USD (1),tour,2015,NA
140,Guadeloupe and Martinique,2015,NA,USD (1),tour,2015,NA
140,Guadeloupe and Martinique,2016,NA,USD (1),tour,2015,NA
140,Guadeloupe and Martinique,2017,NA,USD (1),tour,2015,NA
140,Guadeloupe and Martinique,2018,NA,USD (1),tour,2015,NA
140,Guadeloupe and Martinique,2019,NA,USD (1),tour,2015,NA
121,Montserrat,2008,NA,USD (1),tour,2015,NA
121,Montserrat,2009,NA,USD (1),tour,2015,NA
121,Montserrat,2010,NA,USD (1),tour,2015,NA
121,Montserrat,2011,NA,USD (1),tour,2015,NA
121,Montserrat,2012,NA,USD (1),tour,2015,NA
121,Montserrat,2013,NA,USD (1),tour,2015,NA
121,Montserrat,2014,NA,USD (1),tour,2015,NA
121,Montserrat,2015,NA,USD (1),tour,2015,NA
121,Montserrat,2016,NA,USD (1),tour,2015,NA
121,Montserrat,2017,NA,USD (1),tour,2015,NA
121,Montserrat,2018,NA,USD (1),tour,2015,NA
121,Montserrat,2019,NA,USD (1),tour,2015,NA
32,Reunion,2008,NA,USD (1),tour,2015,NA
32,Reunion,2009,NA,USD (1),tour,2015,NA
32,Reunion,2010,NA,USD (1),tour,2015,NA
32,Reunion,2011,NA,USD (1),tour,2015,NA
32,Reunion,2012,NA,USD (1),tour,2015,NA
32,Reunion,2013,NA,USD (1),tour,2015,NA
32,Reunion,2014,NA,USD (1),tour,2015,NA
32,Reunion,2015,NA,USD (1),tour,2015,NA
32,Reunion,2016,NA,USD (1),tour,2015,NA
32,Reunion,2017,NA,USD (1),tour,2015,NA
32,Reunion,2018,NA,USD (1),tour,2015,NA
32,Reunion,2019,NA,USD (1),tour,2015,NA
209,China,2008,324358616190.72504,USD (1),tour,2015,335447030598.0042
209,China,2009,358397514983.2188,USD (1),tour,2015,370649571720.1245
209,China,2010,436974649760.86865,USD (1),tour,2015,451912917962.0596
209,China,2011,613370089686.5845,USD (1),tour,2015,634338552986.0939
209,China,2012,702068203243.8619,USD (1),tour,2015,726068870379.414
209,China,2013,797324161847.0209,USD (1),tour,2015,824581217100.6348
209,China,2014,1000692614392.6542,USD (1),tour,2015,1034901955069.3477
209,China,2015,1101530829108.863,USD (1),tour,2015,1139187391030.9636
209,China,2016,1239943646518.551,USD (1),tour,2015,1282331942398.3994
209,China,2017,1402306073870.787,USD (1),tour,2015,1450244837007.515
209,China,2018,1547694568216.3428,USD (1),tour,2015,1600603533453.1003
209,China,2019,1695395387149.3655,USD (1),tour,2015,1753353602835.6958
