rgn_id,rgn_name,year,labor_force_total,sector,data_source
5,New Caledonia,2009,116892,liv,World Bank
5,New Caledonia,2010,119234,liv,World Bank
5,New Caledonia,2011,121920,liv,World Bank
5,New Caledonia,2012,124548,liv,World Bank
5,New Caledonia,2013,127142,liv,World Bank
5,New Caledonia,2014,129509,liv,World Bank
5,New Caledonia,2015,128247,liv,World Bank
5,New Caledonia,2016,126568,liv,World Bank
5,New Caledonia,2017,124736,liv,World Bank
5,New Caledonia,2018,122671,liv,World Bank
5,New Caledonia,2019,120317,liv,World Bank
5,New Caledonia,2020,120505,liv,World Bank
5,New Caledonia,2021,119056,liv,World Bank
5,New Caledonia,2022,119298,liv,World Bank
5,New Caledonia,2023,119284,liv,World Bank
6,Vanuatu,2009,101100,liv,World Bank
6,Vanuatu,2010,103881,liv,World Bank
6,Vanuatu,2011,106195,liv,World Bank
6,Vanuatu,2012,108625,liv,World Bank
6,Vanuatu,2013,111122,liv,World Bank
6,Vanuatu,2014,113452,liv,World Bank
6,Vanuatu,2015,116023,liv,World Bank
6,Vanuatu,2016,118474,liv,World Bank
6,Vanuatu,2017,120987,liv,World Bank
6,Vanuatu,2018,123831,liv,World Bank
6,Vanuatu,2019,126757,liv,World Bank
6,Vanuatu,2020,128712,liv,World Bank
6,Vanuatu,2021,132628,liv,World Bank
6,Vanuatu,2022,137347,liv,World Bank
6,Vanuatu,2023,141633,liv,World Bank
7,Solomon Islands,2009,261602,liv,World Bank
7,Solomon Islands,2010,267773,liv,World Bank
7,Solomon Islands,2011,274476,liv,World Bank
7,Solomon Islands,2012,282266,liv,World Bank
7,Solomon Islands,2013,289781,liv,World Bank
7,Solomon Islands,2014,298221,liv,World Bank
7,Solomon Islands,2015,306843,liv,World Bank
7,Solomon Islands,2016,314911,liv,World Bank
7,Solomon Islands,2017,323217,liv,World Bank
7,Solomon Islands,2018,331935,liv,World Bank
7,Solomon Islands,2019,341348,liv,World Bank
7,Solomon Islands,2020,347558,liv,World Bank
7,Solomon Islands,2021,357421,liv,World Bank
7,Solomon Islands,2022,371572,liv,World Bank
7,Solomon Islands,2023,382330,liv,World Bank
8,Palau,2009,0,liv,World Bank
8,Palau,2010,0,liv,World Bank
8,Palau,2011,0,liv,World Bank
8,Palau,2012,0,liv,World Bank
8,Palau,2013,0,liv,World Bank
8,Palau,2014,0,liv,World Bank
8,Palau,2015,0,liv,World Bank
8,Palau,2016,0,liv,World Bank
8,Palau,2017,0,liv,World Bank
8,Palau,2018,0,liv,World Bank
8,Palau,2019,0,liv,World Bank
8,Palau,2020,0,liv,World Bank
8,Palau,2021,0,liv,World Bank
8,Palau,2022,0,liv,World Bank
8,Palau,2023,0,liv,World Bank
9,Micronesia,2009,0,liv,World Bank
9,Micronesia,2010,0,liv,World Bank
9,Micronesia,2011,0,liv,World Bank
9,Micronesia,2012,0,liv,World Bank
9,Micronesia,2013,0,liv,World Bank
9,Micronesia,2014,0,liv,World Bank
9,Micronesia,2015,0,liv,World Bank
9,Micronesia,2016,0,liv,World Bank
9,Micronesia,2017,0,liv,World Bank
9,Micronesia,2018,0,liv,World Bank
9,Micronesia,2019,0,liv,World Bank
9,Micronesia,2020,0,liv,World Bank
9,Micronesia,2021,0,liv,World Bank
9,Micronesia,2022,0,liv,World Bank
9,Micronesia,2023,0,liv,World Bank
10,Nauru,2009,0,liv,World Bank
10,Nauru,2010,0,liv,World Bank
10,Nauru,2011,0,liv,World Bank
10,Nauru,2012,0,liv,World Bank
10,Nauru,2013,0,liv,World Bank
10,Nauru,2014,0,liv,World Bank
10,Nauru,2015,0,liv,World Bank
10,Nauru,2016,0,liv,World Bank
10,Nauru,2017,0,liv,World Bank
10,Nauru,2018,0,liv,World Bank
10,Nauru,2019,0,liv,World Bank
10,Nauru,2020,0,liv,World Bank
10,Nauru,2021,0,liv,World Bank
10,Nauru,2022,0,liv,World Bank
10,Nauru,2023,0,liv,World Bank
11,Marshall Islands,2009,0,liv,World Bank
11,Marshall Islands,2010,0,liv,World Bank
11,Marshall Islands,2011,0,liv,World Bank
11,Marshall Islands,2012,0,liv,World Bank
11,Marshall Islands,2013,0,liv,World Bank
11,Marshall Islands,2014,0,liv,World Bank
11,Marshall Islands,2015,0,liv,World Bank
11,Marshall Islands,2016,0,liv,World Bank
11,Marshall Islands,2017,0,liv,World Bank
11,Marshall Islands,2018,0,liv,World Bank
11,Marshall Islands,2019,0,liv,World Bank
11,Marshall Islands,2020,0,liv,World Bank
11,Marshall Islands,2021,0,liv,World Bank
11,Marshall Islands,2022,0,liv,World Bank
11,Marshall Islands,2023,0,liv,World Bank
13,Northern Mariana Islands and Guam,2009,73744,liv,World Bank
13,Northern Mariana Islands and Guam,2010,73809,liv,World Bank
13,Northern Mariana Islands and Guam,2011,75657,liv,World Bank
13,Northern Mariana Islands and Guam,2012,76031,liv,World Bank
13,Northern Mariana Islands and Guam,2013,76362,liv,World Bank
13,Northern Mariana Islands and Guam,2014,76650,liv,World Bank
13,Northern Mariana Islands and Guam,2015,76879,liv,World Bank
13,Northern Mariana Islands and Guam,2016,77049,liv,World Bank
13,Northern Mariana Islands and Guam,2017,77176,liv,World Bank
13,Northern Mariana Islands and Guam,2018,77271,liv,World Bank
13,Northern Mariana Islands and Guam,2019,77344,liv,World Bank
13,Northern Mariana Islands and Guam,2020,76694,liv,World Bank
13,Northern Mariana Islands and Guam,2021,78638,liv,World Bank
13,Northern Mariana Islands and Guam,2022,79681,liv,World Bank
13,Northern Mariana Islands and Guam,2023,80212,liv,World Bank
15,Philippines,2009,37171260,liv,World Bank
15,Philippines,2010,38081598,liv,World Bank
15,Philippines,2011,39490704,liv,World Bank
15,Philippines,2012,40075145,liv,World Bank
15,Philippines,2013,40789298,liv,World Bank
15,Philippines,2014,42179845,liv,World Bank
15,Philippines,2015,42622144,liv,World Bank
15,Philippines,2016,43756699,liv,World Bank
15,Philippines,2017,42974771,liv,World Bank
15,Philippines,2018,43800369,liv,World Bank
15,Philippines,2019,45091808,liv,World Bank
15,Philippines,2020,42419079,liv,World Bank
15,Philippines,2021,44606252,liv,World Bank
15,Philippines,2022,47871825,liv,World Bank
15,Philippines,2023,49477060,liv,World Bank
16,Australia,2009,11475357,liv,World Bank
16,Australia,2010,11664763,liv,World Bank
16,Australia,2011,11845859,liv,World Bank
16,Australia,2012,12009987,liv,World Bank
16,Australia,2013,12180641,liv,World Bank
16,Australia,2014,12320167,liv,World Bank
16,Australia,2015,12556446,liv,World Bank
16,Australia,2016,12730379,liv,World Bank
16,Australia,2017,13007821,liv,World Bank
16,Australia,2018,13308589,liv,World Bank
16,Australia,2019,13587463,liv,World Bank
16,Australia,2020,13587001,liv,World Bank
16,Australia,2021,13806208,liv,World Bank
16,Australia,2022,14079368,liv,World Bank
16,Australia,2023,14501414,liv,World Bank
17,Papua New Guinea,2009,2318777,liv,World Bank
17,Papua New Guinea,2010,2277473,liv,World Bank
17,Papua New Guinea,2011,2356040,liv,World Bank
17,Papua New Guinea,2012,2427646,liv,World Bank
17,Papua New Guinea,2013,2501036,liv,World Bank
17,Papua New Guinea,2014,2557241,liv,World Bank
17,Papua New Guinea,2015,2626351,liv,World Bank
17,Papua New Guinea,2016,2697995,liv,World Bank
17,Papua New Guinea,2017,2774084,liv,World Bank
17,Papua New Guinea,2018,2858747,liv,World Bank
17,Papua New Guinea,2019,2931028,liv,World Bank
17,Papua New Guinea,2020,2981624,liv,World Bank
17,Papua New Guinea,2021,3042793,liv,World Bank
17,Papua New Guinea,2022,3167368,liv,World Bank
17,Papua New Guinea,2023,3228808,liv,World Bank
18,Fiji,2009,377788,liv,World Bank
18,Fiji,2010,387052,liv,World Bank
18,Fiji,2011,396150,liv,World Bank
18,Fiji,2012,389837,liv,World Bank
18,Fiji,2013,382931,liv,World Bank
18,Fiji,2014,375549,liv,World Bank
18,Fiji,2015,372681,liv,World Bank
18,Fiji,2016,369664,liv,World Bank
18,Fiji,2017,370182,liv,World Bank
18,Fiji,2018,370907,liv,World Bank
18,Fiji,2019,372177,liv,World Bank
18,Fiji,2020,362045,liv,World Bank
18,Fiji,2021,363896,liv,World Bank
18,Fiji,2022,382456,liv,World Bank
18,Fiji,2023,390514,liv,World Bank
19,Tuvalu,2009,0,liv,World Bank
19,Tuvalu,2010,0,liv,World Bank
19,Tuvalu,2011,0,liv,World Bank
19,Tuvalu,2012,0,liv,World Bank
19,Tuvalu,2013,0,liv,World Bank
19,Tuvalu,2014,0,liv,World Bank
19,Tuvalu,2015,0,liv,World Bank
19,Tuvalu,2016,0,liv,World Bank
19,Tuvalu,2017,0,liv,World Bank
19,Tuvalu,2018,0,liv,World Bank
19,Tuvalu,2019,0,liv,World Bank
19,Tuvalu,2020,0,liv,World Bank
19,Tuvalu,2021,0,liv,World Bank
19,Tuvalu,2022,0,liv,World Bank
19,Tuvalu,2023,0,liv,World Bank
20,South Korea,2009,25091241,liv,World Bank
20,South Korea,2010,25419751,liv,World Bank
20,South Korea,2011,25870939,liv,World Bank
20,South Korea,2012,26269374,liv,World Bank
20,South Korea,2013,26634430,liv,World Bank
20,South Korea,2014,27387622,liv,World Bank
20,South Korea,2015,27788180,liv,World Bank
20,South Korea,2016,28041851,liv,World Bank
20,South Korea,2017,28349693,liv,World Bank
20,South Korea,2018,28513895,liv,World Bank
20,South Korea,2019,28808833,liv,World Bank
20,South Korea,2020,28597159,liv,World Bank
20,South Korea,2021,28772631,liv,World Bank
20,South Korea,2022,29339606,liv,World Bank
20,South Korea,2023,29610896,liv,World Bank
21,North Korea,2009,14200502,liv,World Bank
21,North Korea,2010,14356047,liv,World Bank
21,North Korea,2011,14498304,liv,World Bank
21,North Korea,2012,14631733,liv,World Bank
21,North Korea,2013,14763271,liv,World Bank
21,North Korea,2014,14892585,liv,World Bank
21,North Korea,2015,15038607,liv,World Bank
21,North Korea,2016,15129331,liv,World Bank
21,North Korea,2017,15283296,liv,World Bank
21,North Korea,2018,15433647,liv,World Bank
21,North Korea,2019,15529009,liv,World Bank
21,North Korea,2020,15312602,liv,World Bank
21,North Korea,2021,15453092,liv,World Bank
21,North Korea,2022,15772130,liv,World Bank
21,North Korea,2023,15836683,liv,World Bank
24,Cambodia,2009,6707925,liv,World Bank
24,Cambodia,2010,6778050,liv,World Bank
24,Cambodia,2011,6831932,liv,World Bank
24,Cambodia,2012,6865596,liv,World Bank
24,Cambodia,2013,7112623,liv,World Bank
24,Cambodia,2014,7368200,liv,World Bank
24,Cambodia,2015,7620595,liv,World Bank
24,Cambodia,2016,7874603,liv,World Bank
24,Cambodia,2017,8131979,liv,World Bank
24,Cambodia,2018,8386085,liv,World Bank
24,Cambodia,2019,8636531,liv,World Bank
24,Cambodia,2020,8690980,liv,World Bank
24,Cambodia,2021,8922729,liv,World Bank
24,Cambodia,2022,9057330,liv,World Bank
24,Cambodia,2023,9174840,liv,World Bank
25,Thailand,2009,39613757,liv,World Bank
25,Thailand,2010,39447288,liv,World Bank
25,Thailand,2011,40871917,liv,World Bank
25,Thailand,2012,41198445,liv,World Bank
25,Thailand,2013,40085032,liv,World Bank
25,Thailand,2014,40209226,liv,World Bank
25,Thailand,2015,40201742,liv,World Bank
25,Thailand,2016,39942542,liv,World Bank
25,Thailand,2017,39798925,liv,World Bank
25,Thailand,2018,40229448,liv,World Bank
25,Thailand,2019,39952396,liv,World Bank
25,Thailand,2020,40206906,liv,World Bank
25,Thailand,2021,40356693,liv,World Bank
25,Thailand,2022,40907648,liv,World Bank
25,Thailand,2023,40813511,liv,World Bank
28,Comoro Islands,2009,158474,liv,World Bank
28,Comoro Islands,2010,164449,liv,World Bank
28,Comoro Islands,2011,170591,liv,World Bank
28,Comoro Islands,2012,176900,liv,World Bank
28,Comoro Islands,2013,183361,liv,World Bank
28,Comoro Islands,2014,189967,liv,World Bank
28,Comoro Islands,2015,194996,liv,World Bank
28,Comoro Islands,2016,200128,liv,World Bank
28,Comoro Islands,2017,204998,liv,World Bank
28,Comoro Islands,2018,209430,liv,World Bank
28,Comoro Islands,2019,213692,liv,World Bank
28,Comoro Islands,2020,216486,liv,World Bank
28,Comoro Islands,2021,222655,liv,World Bank
28,Comoro Islands,2022,228765,liv,World Bank
28,Comoro Islands,2023,234437,liv,World Bank
31,Seychelles,2009,0,liv,World Bank
31,Seychelles,2010,0,liv,World Bank
31,Seychelles,2011,0,liv,World Bank
31,Seychelles,2012,0,liv,World Bank
31,Seychelles,2013,0,liv,World Bank
31,Seychelles,2014,0,liv,World Bank
31,Seychelles,2015,0,liv,World Bank
31,Seychelles,2016,0,liv,World Bank
31,Seychelles,2017,0,liv,World Bank
31,Seychelles,2018,0,liv,World Bank
31,Seychelles,2019,0,liv,World Bank
31,Seychelles,2020,0,liv,World Bank
31,Seychelles,2021,0,liv,World Bank
31,Seychelles,2022,0,liv,World Bank
31,Seychelles,2023,0,liv,World Bank
37,Mauritius,2009,559155,liv,World Bank
37,Mauritius,2010,571591,liv,World Bank
37,Mauritius,2011,567989,liv,World Bank
37,Mauritius,2012,575615,liv,World Bank
37,Mauritius,2013,590490,liv,World Bank
37,Mauritius,2014,597842,liv,World Bank
37,Mauritius,2015,606421,liv,World Bank
37,Mauritius,2016,603463,liv,World Bank
37,Mauritius,2017,610015,liv,World Bank
37,Mauritius,2018,607684,liv,World Bank
37,Mauritius,2019,616374,liv,World Bank
37,Mauritius,2020,578873,liv,World Bank
37,Mauritius,2021,551754,liv,World Bank
37,Mauritius,2022,583049,liv,World Bank
37,Mauritius,2023,588041,liv,World Bank
39,Maldives,2009,133288,liv,World Bank
39,Maldives,2010,142505,liv,World Bank
39,Maldives,2011,151786,liv,World Bank
39,Maldives,2012,161070,liv,World Bank
39,Maldives,2013,170346,liv,World Bank
39,Maldives,2014,181104,liv,World Bank
39,Maldives,2015,193444,liv,World Bank
39,Maldives,2016,205847,liv,World Bank
39,Maldives,2017,221221,liv,World Bank
39,Maldives,2018,236538,liv,World Bank
39,Maldives,2019,250805,liv,World Bank
39,Maldives,2020,240220,liv,World Bank
39,Maldives,2021,251908,liv,World Bank
39,Maldives,2022,260823,liv,World Bank
39,Maldives,2023,260231,liv,World Bank
40,Sri Lanka,2009,8156187,liv,World Bank
40,Sri Lanka,2010,8203628,liv,World Bank
40,Sri Lanka,2011,8224720,liv,World Bank
40,Sri Lanka,2012,8248982,liv,World Bank
40,Sri Lanka,2013,8220580,liv,World Bank
40,Sri Lanka,2014,8203072,liv,World Bank
40,Sri Lanka,2015,8589975,liv,World Bank
40,Sri Lanka,2016,8660411,liv,World Bank
40,Sri Lanka,2017,8764804,liv,World Bank
40,Sri Lanka,2018,8491355,liv,World Bank
40,Sri Lanka,2019,8666096,liv,World Bank
40,Sri Lanka,2020,8456529,liv,World Bank
40,Sri Lanka,2021,8694780,liv,World Bank
40,Sri Lanka,2022,8774915,liv,World Bank
40,Sri Lanka,2023,8707414,liv,World Bank
41,Mozambique,2009,9909785,liv,World Bank
41,Mozambique,2010,10136050,liv,World Bank
41,Mozambique,2011,10392301,liv,World Bank
41,Mozambique,2012,10678295,liv,World Bank
41,Mozambique,2013,10991654,liv,World Bank
41,Mozambique,2014,11326670,liv,World Bank
41,Mozambique,2015,11678215,liv,World Bank
41,Mozambique,2016,12098571,liv,World Bank
41,Mozambique,2017,12527179,liv,World Bank
41,Mozambique,2018,12938717,liv,World Bank
41,Mozambique,2019,13352327,liv,World Bank
41,Mozambique,2020,13664108,liv,World Bank
41,Mozambique,2021,14105884,liv,World Bank
41,Mozambique,2022,14692946,liv,World Bank
41,Mozambique,2023,15191227,liv,World Bank
42,Madagascar,2009,10322072,liv,World Bank
42,Madagascar,2010,10675098,liv,World Bank
42,Madagascar,2011,11039128,liv,World Bank
42,Madagascar,2012,11412154,liv,World Bank
42,Madagascar,2013,11791420,liv,World Bank
42,Madagascar,2014,12174101,liv,World Bank
42,Madagascar,2015,12558421,liv,World Bank
42,Madagascar,2016,12935229,liv,World Bank
42,Madagascar,2017,13321070,liv,World Bank
42,Madagascar,2018,13715256,liv,World Bank
42,Madagascar,2019,14118618,liv,World Bank
42,Madagascar,2020,14403570,liv,World Bank
42,Madagascar,2021,14889869,liv,World Bank
42,Madagascar,2022,15363211,liv,World Bank
42,Madagascar,2023,15829771,liv,World Bank
43,Kenya,2009,16792371,liv,World Bank
43,Kenya,2010,17354366,liv,World Bank
43,Kenya,2011,17926485,liv,World Bank
43,Kenya,2012,18509902,liv,World Bank
43,Kenya,2013,19107609,liv,World Bank
43,Kenya,2014,19718332,liv,World Bank
43,Kenya,2015,20338656,liv,World Bank
43,Kenya,2016,20989035,liv,World Bank
43,Kenya,2017,21584016,liv,World Bank
43,Kenya,2018,22170317,liv,World Bank
43,Kenya,2019,22761544,liv,World Bank
43,Kenya,2020,23216615,liv,World Bank
43,Kenya,2021,24065691,liv,World Bank
43,Kenya,2022,24750308,liv,World Bank
43,Kenya,2023,25501846,liv,World Bank
44,Somalia,2009,2100606,liv,World Bank
44,Somalia,2010,2155063,liv,World Bank
44,Somalia,2011,2192517,liv,World Bank
44,Somalia,2012,2232868,liv,World Bank
44,Somalia,2013,2304763,liv,World Bank
44,Somalia,2014,2383988,liv,World Bank
44,Somalia,2015,2463102,liv,World Bank
44,Somalia,2016,2555824,liv,World Bank
44,Somalia,2017,2657433,liv,World Bank
44,Somalia,2018,2755958,liv,World Bank
44,Somalia,2019,2858312,liv,World Bank
44,Somalia,2020,2935354,liv,World Bank
44,Somalia,2021,3038348,liv,World Bank
44,Somalia,2022,3163183,liv,World Bank
44,Somalia,2023,3276784,liv,World Bank
45,Eritrea,2009,1367558,liv,World Bank
45,Eritrea,2010,1401601,liv,World Bank
45,Eritrea,2011,1438963,liv,World Bank
45,Eritrea,2012,1467999,liv,World Bank
45,Eritrea,2013,1496111,liv,World Bank
45,Eritrea,2014,1508859,liv,World Bank
45,Eritrea,2015,1517960,liv,World Bank
45,Eritrea,2016,1526925,liv,World Bank
45,Eritrea,2017,1544776,liv,World Bank
45,Eritrea,2018,1575236,liv,World Bank
45,Eritrea,2019,1610509,liv,World Bank
45,Eritrea,2020,1633675,liv,World Bank
45,Eritrea,2021,1684158,liv,World Bank
45,Eritrea,2022,1749410,liv,World Bank
45,Eritrea,2023,1800336,liv,World Bank
46,Djibouti,2009,191254,liv,World Bank
46,Djibouti,2010,194539,liv,World Bank
46,Djibouti,2011,198551,liv,World Bank
46,Djibouti,2012,202701,liv,World Bank
46,Djibouti,2013,207030,liv,World Bank
46,Djibouti,2014,211481,liv,World Bank
46,Djibouti,2015,215965,liv,World Bank
46,Djibouti,2016,220911,liv,World Bank
46,Djibouti,2017,225672,liv,World Bank
46,Djibouti,2018,230329,liv,World Bank
46,Djibouti,2019,234947,liv,World Bank
46,Djibouti,2020,235554,liv,World Bank
46,Djibouti,2021,240479,liv,World Bank
46,Djibouti,2022,249967,liv,World Bank
46,Djibouti,2023,255564,liv,World Bank
47,Yemen,2009,5329984,liv,World Bank
47,Yemen,2010,5491295,liv,World Bank
47,Yemen,2011,5582610,liv,World Bank
47,Yemen,2012,5677003,liv,World Bank
47,Yemen,2013,5777525,liv,World Bank
47,Yemen,2014,5882886,liv,World Bank
47,Yemen,2015,5273905,liv,World Bank
47,Yemen,2016,5483245,liv,World Bank
47,Yemen,2017,5692713,liv,World Bank
47,Yemen,2018,5898001,liv,World Bank
47,Yemen,2019,6104306,liv,World Bank
47,Yemen,2020,6237915,liv,World Bank
47,Yemen,2021,6334868,liv,World Bank
47,Yemen,2022,6663004,liv,World Bank
47,Yemen,2023,6882832,liv,World Bank
48,Oman,2009,1127703,liv,World Bank
48,Oman,2010,1271697,liv,World Bank
48,Oman,2011,1518006,liv,World Bank
48,Oman,2012,1778911,liv,World Bank
48,Oman,2013,2003105,liv,World Bank
48,Oman,2014,2140011,liv,World Bank
48,Oman,2015,2259888,liv,World Bank
48,Oman,2016,2403188,liv,World Bank
48,Oman,2017,2487119,liv,World Bank
48,Oman,2018,2491968,liv,World Bank
48,Oman,2019,2440790,liv,World Bank
48,Oman,2020,2239957,liv,World Bank
48,Oman,2021,2198742,liv,World Bank
48,Oman,2022,2261053,liv,World Bank
48,Oman,2023,2315787,liv,World Bank
49,Sudan,2009,9396319,liv,World Bank
49,Sudan,2010,9606346,liv,World Bank
49,Sudan,2011,9759019,liv,World Bank
49,Sudan,2012,9943798,liv,World Bank
49,Sudan,2013,10162684,liv,World Bank
49,Sudan,2014,10453350,liv,World Bank
49,Sudan,2015,10804007,liv,World Bank
49,Sudan,2016,11164590,liv,World Bank
49,Sudan,2017,11559488,liv,World Bank
49,Sudan,2018,11955874,liv,World Bank
49,Sudan,2019,12312326,liv,World Bank
49,Sudan,2020,12568040,liv,World Bank
49,Sudan,2021,13019705,liv,World Bank
49,Sudan,2022,13450139,liv,World Bank
49,Sudan,2023,13589630,liv,World Bank
50,Saudi Arabia,2009,10384920,liv,World Bank
50,Saudi Arabia,2010,11036836,liv,World Bank
50,Saudi Arabia,2011,11614140,liv,World Bank
50,Saudi Arabia,2012,12176429,liv,World Bank
50,Saudi Arabia,2013,12635859,liv,World Bank
50,Saudi Arabia,2014,12977992,liv,World Bank
50,Saudi Arabia,2015,13441489,liv,World Bank
50,Saudi Arabia,2016,13967604,liv,World Bank
50,Saudi Arabia,2017,13926541,liv,World Bank
50,Saudi Arabia,2018,14523667,liv,World Bank
50,Saudi Arabia,2019,15485557,liv,World Bank
50,Saudi Arabia,2020,15995144,liv,World Bank
50,Saudi Arabia,2021,16336779,liv,World Bank
50,Saudi Arabia,2022,16617140,liv,World Bank
50,Saudi Arabia,2023,16933906,liv,World Bank
51,Kuwait,2009,1461758,liv,World Bank
51,Kuwait,2010,1556530,liv,World Bank
51,Kuwait,2011,1690072,liv,World Bank
51,Kuwait,2012,1859490,liv,World Bank
51,Kuwait,2013,2029027,liv,World Bank
51,Kuwait,2014,2112205,liv,World Bank
51,Kuwait,2015,2228983,liv,World Bank
51,Kuwait,2016,2324359,liv,World Bank
51,Kuwait,2017,2370836,liv,World Bank
51,Kuwait,2018,2494915,liv,World Bank
51,Kuwait,2019,2567952,liv,World Bank
51,Kuwait,2020,2394743,liv,World Bank
51,Kuwait,2021,2367558,liv,World Bank
51,Kuwait,2022,2421525,liv,World Bank
51,Kuwait,2023,2462920,liv,World Bank
52,Bahrain,2009,664657,liv,World Bank
52,Bahrain,2010,692760,liv,World Bank
52,Bahrain,2011,685093,liv,World Bank
52,Bahrain,2012,699050,liv,World Bank
52,Bahrain,2013,722754,liv,World Bank
52,Bahrain,2014,742612,liv,World Bank
52,Bahrain,2015,768564,liv,World Bank
52,Bahrain,2016,801959,liv,World Bank
52,Bahrain,2017,837075,liv,World Bank
52,Bahrain,2018,860599,liv,World Bank
52,Bahrain,2019,864408,liv,World Bank
52,Bahrain,2020,840235,liv,World Bank
52,Bahrain,2021,833682,liv,World Bank
52,Bahrain,2022,844182,liv,World Bank
52,Bahrain,2023,855301,liv,World Bank
53,Pakistan,2009,58053611,liv,World Bank
53,Pakistan,2010,60255359,liv,World Bank
53,Pakistan,2011,61545907,liv,World Bank
53,Pakistan,2012,63271852,liv,World Bank
53,Pakistan,2013,64802508,liv,World Bank
53,Pakistan,2014,65271548,liv,World Bank
53,Pakistan,2015,67587826,liv,World Bank
53,Pakistan,2016,68081288,liv,World Bank
53,Pakistan,2017,68740238,liv,World Bank
53,Pakistan,2018,69627363,liv,World Bank
53,Pakistan,2019,71922561,liv,World Bank
53,Pakistan,2020,73715942,liv,World Bank
53,Pakistan,2021,76944640,liv,World Bank
53,Pakistan,2022,78863081,liv,World Bank
53,Pakistan,2023,80989797,liv,World Bank
54,United Arab Emirates,2009,5298911,liv,World Bank
54,United Arab Emirates,2010,5685095,liv,World Bank
54,United Arab Emirates,2011,5782838,liv,World Bank
54,United Arab Emirates,2012,5879032,liv,World Bank
54,United Arab Emirates,2013,5973682,liv,World Bank
54,United Arab Emirates,2014,6066398,liv,World Bank
54,United Arab Emirates,2015,6155854,liv,World Bank
54,United Arab Emirates,2016,6244154,liv,World Bank
54,United Arab Emirates,2017,6328526,liv,World Bank
54,United Arab Emirates,2018,6404956,liv,World Bank
54,United Arab Emirates,2019,6479503,liv,World Bank
54,United Arab Emirates,2020,6491560,liv,World Bank
54,United Arab Emirates,2021,6462165,liv,World Bank
54,United Arab Emirates,2022,6588824,liv,World Bank
54,United Arab Emirates,2023,6668172,liv,World Bank
56,Cape Verde,2009,205079,liv,World Bank
56,Cape Verde,2010,209631,liv,World Bank
56,Cape Verde,2011,214157,liv,World Bank
56,Cape Verde,2012,218615,liv,World Bank
56,Cape Verde,2013,223037,liv,World Bank
56,Cape Verde,2014,227455,liv,World Bank
56,Cape Verde,2015,231746,liv,World Bank
56,Cape Verde,2016,235863,liv,World Bank
56,Cape Verde,2017,239923,liv,World Bank
56,Cape Verde,2018,228928,liv,World Bank
56,Cape Verde,2019,240383,liv,World Bank
56,Cape Verde,2020,232695,liv,World Bank
56,Cape Verde,2021,238872,liv,World Bank
56,Cape Verde,2022,251844,liv,World Bank
56,Cape Verde,2023,257317,liv,World Bank
59,Belgium,2009,4797213,liv,World Bank
59,Belgium,2010,4893955,liv,World Bank
59,Belgium,2011,4876780,liv,World Bank
59,Belgium,2012,4910968,liv,World Bank
59,Belgium,2013,4962050,liv,World Bank
59,Belgium,2014,4978926,liv,World Bank
59,Belgium,2015,4989597,liv,World Bank
59,Belgium,2016,4997187,liv,World Bank
59,Belgium,2017,5086330,liv,World Bank
59,Belgium,2018,5144068,liv,World Bank
59,Belgium,2019,5194405,liv,World Bank
59,Belgium,2020,5167188,liv,World Bank
59,Belgium,2021,5259744,liv,World Bank
59,Belgium,2022,5374303,liv,World Bank
59,Belgium,2023,5432007,liv,World Bank
60,Gibraltar,2009,0,liv,World Bank
60,Gibraltar,2010,0,liv,World Bank
60,Gibraltar,2011,0,liv,World Bank
60,Gibraltar,2012,0,liv,World Bank
60,Gibraltar,2013,0,liv,World Bank
60,Gibraltar,2014,0,liv,World Bank
60,Gibraltar,2015,0,liv,World Bank
60,Gibraltar,2016,0,liv,World Bank
60,Gibraltar,2017,0,liv,World Bank
60,Gibraltar,2018,0,liv,World Bank
60,Gibraltar,2019,0,liv,World Bank
60,Gibraltar,2020,0,liv,World Bank
60,Gibraltar,2021,0,liv,World Bank
60,Gibraltar,2022,0,liv,World Bank
60,Gibraltar,2023,0,liv,World Bank
61,Tunisia,2009,3810664,liv,World Bank
61,Tunisia,2010,3892730,liv,World Bank
61,Tunisia,2011,3974997,liv,World Bank
61,Tunisia,2012,4077364,liv,World Bank
61,Tunisia,2013,4084374,liv,World Bank
61,Tunisia,2014,4103893,liv,World Bank
61,Tunisia,2015,4121291,liv,World Bank
61,Tunisia,2016,4162572,liv,World Bank
61,Tunisia,2017,4178516,liv,World Bank
61,Tunisia,2018,4204927,liv,World Bank
61,Tunisia,2019,4240681,liv,World Bank
61,Tunisia,2020,4087964,liv,World Bank
61,Tunisia,2021,4136323,liv,World Bank
61,Tunisia,2022,4359803,liv,World Bank
61,Tunisia,2023,4445313,liv,World Bank
62,Morocco,2009,11361433,liv,World Bank
62,Morocco,2010,11445798,liv,World Bank
62,Morocco,2011,11533785,liv,World Bank
62,Morocco,2012,11546217,liv,World Bank
62,Morocco,2013,11708832,liv,World Bank
62,Morocco,2014,11827998,liv,World Bank
62,Morocco,2015,11854873,liv,World Bank
62,Morocco,2016,11796246,liv,World Bank
62,Morocco,2017,11696824,liv,World Bank
62,Morocco,2018,11926569,liv,World Bank
62,Morocco,2019,12161541,liv,World Bank
62,Morocco,2020,11951801,liv,World Bank
62,Morocco,2021,12285624,liv,World Bank
62,Morocco,2022,12182515,liv,World Bank
62,Morocco,2023,12284010,liv,World Bank
64,Mauritania,2009,833058,liv,World Bank
64,Mauritania,2010,852255,liv,World Bank
64,Mauritania,2011,870528,liv,World Bank
64,Mauritania,2012,888042,liv,World Bank
64,Mauritania,2013,901566,liv,World Bank
64,Mauritania,2014,917505,liv,World Bank
64,Mauritania,2015,934016,liv,World Bank
64,Mauritania,2016,951251,liv,World Bank
64,Mauritania,2017,969240,liv,World Bank
64,Mauritania,2018,998331,liv,World Bank
64,Mauritania,2019,1028733,liv,World Bank
64,Mauritania,2020,1051969,liv,World Bank
64,Mauritania,2021,1080558,liv,World Bank
64,Mauritania,2022,1134631,liv,World Bank
64,Mauritania,2023,1178602,liv,World Bank
65,Gambia,2009,603612,liv,World Bank
65,Gambia,2010,623760,liv,World Bank
65,Gambia,2011,644694,liv,World Bank
65,Gambia,2012,666649,liv,World Bank
65,Gambia,2013,690889,liv,World Bank
65,Gambia,2014,715942,liv,World Bank
65,Gambia,2015,741651,liv,World Bank
65,Gambia,2016,768197,liv,World Bank
65,Gambia,2017,795622,liv,World Bank
65,Gambia,2018,824123,liv,World Bank
65,Gambia,2019,850152,liv,World Bank
65,Gambia,2020,869883,liv,World Bank
65,Gambia,2021,903526,liv,World Bank
65,Gambia,2022,936575,liv,World Bank
65,Gambia,2023,969074,liv,World Bank
66,Senegal,2009,3359706,liv,World Bank
66,Senegal,2010,3414678,liv,World Bank
66,Senegal,2011,3470634,liv,World Bank
66,Senegal,2012,3527583,liv,World Bank
66,Senegal,2013,3585375,liv,World Bank
66,Senegal,2014,3646878,liv,World Bank
66,Senegal,2015,3713527,liv,World Bank
66,Senegal,2016,4215630,liv,World Bank
66,Senegal,2017,3989175,liv,World Bank
66,Senegal,2018,4408782,liv,World Bank
66,Senegal,2019,4679043,liv,World Bank
66,Senegal,2020,4782834,liv,World Bank
66,Senegal,2021,4993873,liv,World Bank
66,Senegal,2022,5123718,liv,World Bank
66,Senegal,2023,5257332,liv,World Bank
67,Libya,2009,2129497,liv,World Bank
67,Libya,2010,2178451,liv,World Bank
67,Libya,2011,2038177,liv,World Bank
67,Libya,2012,1894791,liv,World Bank
67,Libya,2013,1939404,liv,World Bank
67,Libya,2014,1982647,liv,World Bank
67,Libya,2015,2018817,liv,World Bank
67,Libya,2016,2056298,liv,World Bank
67,Libya,2017,2099059,liv,World Bank
67,Libya,2018,2146167,liv,World Bank
67,Libya,2019,2192333,liv,World Bank
67,Libya,2020,2160986,liv,World Bank
67,Libya,2021,2222452,liv,World Bank
67,Libya,2022,2326941,liv,World Bank
67,Libya,2023,2397855,liv,World Bank
68,Malta,2009,171711,liv,World Bank
68,Malta,2010,175569,liv,World Bank
68,Malta,2011,179957,liv,World Bank
68,Malta,2012,187153,liv,World Bank
68,Malta,2013,196571,liv,World Bank
68,Malta,2014,205554,liv,World Bank
68,Malta,2015,212910,liv,World Bank
68,Malta,2016,222635,liv,World Bank
68,Malta,2017,233766,liv,World Bank
68,Malta,2018,250469,liv,World Bank
68,Malta,2019,265572,liv,World Bank
68,Malta,2020,275724,liv,World Bank
68,Malta,2021,282572,liv,World Bank
68,Malta,2022,294774,liv,World Bank
68,Malta,2023,313357,liv,World Bank
69,Latvia,2009,1105823,liv,World Bank
69,Latvia,2010,1059977,liv,World Bank
69,Latvia,2011,1033395,liv,World Bank
69,Latvia,2012,1039903,liv,World Bank
69,Latvia,2013,1021195,liv,World Bank
69,Latvia,2014,1006638,liv,World Bank
69,Latvia,2015,1009906,liv,World Bank
69,Latvia,2016,1004171,liv,World Bank
69,Latvia,2017,999649,liv,World Bank
69,Latvia,2018,1000243,liv,World Bank
69,Latvia,2019,988868,liv,World Bank
69,Latvia,2020,988585,liv,World Bank
69,Latvia,2021,956869,liv,World Bank
69,Latvia,2022,969623,liv,World Bank
69,Latvia,2023,977523,liv,World Bank
70,Estonia,2009,687516,liv,World Bank
70,Estonia,2010,681606,liv,World Bank
70,Estonia,2011,687098,liv,World Bank
70,Estonia,2012,683224,liv,World Bank
70,Estonia,2013,679674,liv,World Bank
70,Estonia,2014,674311,liv,World Bank
70,Estonia,2015,684580,liv,World Bank
70,Estonia,2016,691052,liv,World Bank
70,Estonia,2017,700098,liv,World Bank
70,Estonia,2018,703757,liv,World Bank
70,Estonia,2019,703307,liv,World Bank
70,Estonia,2020,703979,liv,World Bank
70,Estonia,2021,702984,liv,World Bank
70,Estonia,2022,734484,liv,World Bank
70,Estonia,2023,752419,liv,World Bank
71,Bulgaria,2009,3409927,liv,World Bank
71,Bulgaria,2010,3405748,liv,World Bank
71,Bulgaria,2011,3323514,liv,World Bank
71,Bulgaria,2012,3335298,liv,World Bank
71,Bulgaria,2013,3363140,liv,World Bank
71,Bulgaria,2014,3357878,liv,World Bank
71,Bulgaria,2015,3333481,liv,World Bank
71,Bulgaria,2016,3265483,liv,World Bank
71,Bulgaria,2017,3364252,liv,World Bank
71,Bulgaria,2018,3338430,liv,World Bank
71,Bulgaria,2019,3391873,liv,World Bank
71,Bulgaria,2020,3311854,liv,World Bank
71,Bulgaria,2021,3268751,liv,World Bank
71,Bulgaria,2022,3147100,liv,World Bank
71,Bulgaria,2023,3102757,liv,World Bank
72,Romania,2009,9338466,liv,World Bank
72,Romania,2010,9351118,liv,World Bank
72,Romania,2011,9173378,liv,World Bank
72,Romania,2012,9217871,liv,World Bank
72,Romania,2013,9175559,liv,World Bank
72,Romania,2014,9205404,liv,World Bank
72,Romania,2015,9108577,liv,World Bank
72,Romania,2016,8915255,liv,World Bank
72,Romania,2017,9055160,liv,World Bank
72,Romania,2018,8999055,liv,World Bank
72,Romania,2019,8972261,liv,World Bank
72,Romania,2020,8908333,liv,World Bank
72,Romania,2021,8200518,liv,World Bank
72,Romania,2022,8295738,liv,World Bank
72,Romania,2023,8282417,liv,World Bank
73,Russia,2009,75954036,liv,World Bank
73,Russia,2010,75870233,liv,World Bank
73,Russia,2011,76104185,liv,World Bank
73,Russia,2012,76005341,liv,World Bank
73,Russia,2013,75771697,liv,World Bank
73,Russia,2014,75645949,liv,World Bank
73,Russia,2015,75405173,liv,World Bank
73,Russia,2016,75532228,liv,World Bank
73,Russia,2017,75021883,liv,World Bank
73,Russia,2018,74975854,liv,World Bank
73,Russia,2019,74132155,liv,World Bank
73,Russia,2020,73659292,liv,World Bank
73,Russia,2021,74031444,liv,World Bank
73,Russia,2022,73798702,liv,World Bank
73,Russia,2023,72407755,liv,World Bank
74,Georgia,2009,2001608,liv,World Bank
74,Georgia,2010,2015786,liv,World Bank
74,Georgia,2011,2022484,liv,World Bank
74,Georgia,2012,2047551,liv,World Bank
74,Georgia,2013,2027705,liv,World Bank
74,Georgia,2014,2039516,liv,World Bank
74,Georgia,2015,2065655,liv,World Bank
74,Georgia,2016,2046196,liv,World Bank
74,Georgia,2017,1971577,liv,World Bank
74,Georgia,2018,1895181,liv,World Bank
74,Georgia,2019,1856196,liv,World Bank
74,Georgia,2020,1866753,liv,World Bank
74,Georgia,2021,1876551,liv,World Bank
74,Georgia,2022,1839750,liv,World Bank
74,Georgia,2023,1853143,liv,World Bank
75,Ukraine,2009,22246256,liv,World Bank
75,Ukraine,2010,22140771,liv,World Bank
75,Ukraine,2011,22037073,liv,World Bank
75,Ukraine,2012,21940939,liv,World Bank
75,Ukraine,2013,21834999,liv,World Bank
75,Ukraine,2014,21670714,liv,World Bank
75,Ukraine,2015,21569556,liv,World Bank
75,Ukraine,2016,21469121,liv,World Bank
75,Ukraine,2017,21368630,liv,World Bank
75,Ukraine,2018,21276539,liv,World Bank
75,Ukraine,2019,21190326,liv,World Bank
75,Ukraine,2020,20621250,liv,World Bank
75,Ukraine,2021,20311702,liv,World Bank
75,Ukraine,2022,0,liv,World Bank
75,Ukraine,2023,0,liv,World Bank
76,Turkey,2009,24694136,liv,World Bank
76,Turkey,2010,25794958,liv,World Bank
76,Turkey,2011,26981022,liv,World Bank
76,Turkey,2012,27535298,liv,World Bank
76,Turkey,2013,28576887,liv,World Bank
76,Turkey,2014,29245699,liv,World Bank
76,Turkey,2015,30216096,liv,World Bank
76,Turkey,2016,31174275,liv,World Bank
76,Turkey,2017,32167323,liv,World Bank
76,Turkey,2018,32874112,liv,World Bank
76,Turkey,2019,33249207,liv,World Bank
76,Turkey,2020,31361351,liv,World Bank
76,Turkey,2021,33070239,liv,World Bank
76,Turkey,2022,34630319,liv,World Bank
76,Turkey,2023,35071478,liv,World Bank
77,Syria,2009,5949301,liv,World Bank
77,Syria,2010,6062430,liv,World Bank
77,Syria,2011,6271527,liv,World Bank
77,Syria,2012,5590992,liv,World Bank
77,Syria,2013,5000118,liv,World Bank
77,Syria,2014,4548018,liv,World Bank
77,Syria,2015,4305060,liv,World Bank
77,Syria,2016,4290210,liv,World Bank
77,Syria,2017,4372836,liv,World Bank
77,Syria,2018,4572156,liv,World Bank
77,Syria,2019,4914951,liv,World Bank
77,Syria,2020,4992919,liv,World Bank
77,Syria,2021,5281602,liv,World Bank
77,Syria,2022,5816121,liv,World Bank
77,Syria,2023,6314719,liv,World Bank
78,Lebanon,2009,1618641,liv,World Bank
78,Lebanon,2010,1660064,liv,World Bank
78,Lebanon,2011,1702170,liv,World Bank
78,Lebanon,2012,1772391,liv,World Bank
78,Lebanon,2013,1970051,liv,World Bank
78,Lebanon,2014,2204614,liv,World Bank
78,Lebanon,2015,2262668,liv,World Bank
78,Lebanon,2016,2213003,liv,World Bank
78,Lebanon,2017,2160129,liv,World Bank
78,Lebanon,2018,2104271,liv,World Bank
78,Lebanon,2019,2045681,liv,World Bank
78,Lebanon,2020,1807359,liv,World Bank
78,Lebanon,2021,1839833,liv,World Bank
78,Lebanon,2022,1813059,liv,World Bank
78,Lebanon,2023,1771423,liv,World Bank
79,Israel,2009,3403706,liv,World Bank
79,Israel,2010,3482638,liv,World Bank
79,Israel,2011,3531041,liv,World Bank
79,Israel,2012,3719680,liv,World Bank
79,Israel,2013,3777692,liv,World Bank
79,Israel,2014,3878824,liv,World Bank
79,Israel,2015,3947873,liv,World Bank
79,Israel,2016,4025458,liv,World Bank
79,Israel,2017,4091598,liv,World Bank
79,Israel,2018,4168871,liv,World Bank
79,Israel,2019,4222447,liv,World Bank
79,Israel,2020,4193305,liv,World Bank
79,Israel,2021,4262382,liv,World Bank
79,Israel,2022,4450601,liv,World Bank
79,Israel,2023,4553808,liv,World Bank
80,Greece,2009,5019313,liv,World Bank
80,Greece,2010,5028603,liv,World Bank
80,Greece,2011,4942452,liv,World Bank
80,Greece,2012,4893346,liv,World Bank
80,Greece,2013,4838419,liv,World Bank
80,Greece,2014,4784920,liv,World Bank
80,Greece,2015,4754679,liv,World Bank
80,Greece,2016,4730250,liv,World Bank
80,Greece,2017,4709718,liv,World Bank
80,Greece,2018,4682252,liv,World Bank
80,Greece,2019,4684352,liv,World Bank
80,Greece,2020,4599448,liv,World Bank
80,Greece,2021,4571642,liv,World Bank
80,Greece,2022,4651589,liv,World Bank
80,Greece,2023,4645359,liv,World Bank
81,Cyprus,2009,585771,liv,World Bank
81,Cyprus,2010,603570,liv,World Bank
81,Cyprus,2011,609156,liv,World Bank
81,Cyprus,2012,615106,liv,World Bank
81,Cyprus,2013,620095,liv,World Bank
81,Cyprus,2014,630237,liv,World Bank
81,Cyprus,2015,621262,liv,World Bank
81,Cyprus,2016,616189,liv,World Bank
81,Cyprus,2017,625955,liv,World Bank
81,Cyprus,2018,639464,liv,World Bank
81,Cyprus,2019,650331,liv,World Bank
81,Cyprus,2020,652883,liv,World Bank
81,Cyprus,2021,667244,liv,World Bank
81,Cyprus,2022,684941,liv,World Bank
81,Cyprus,2023,692875,liv,World Bank
82,Albania,2009,1258916,liv,World Bank
82,Albania,2010,1270655,liv,World Bank
82,Albania,2011,1388801,liv,World Bank
82,Albania,2012,1328695,liv,World Bank
82,Albania,2013,1227940,liv,World Bank
82,Albania,2014,1256110,liv,World Bank
82,Albania,2015,1308343,liv,World Bank
82,Albania,2016,1354998,liv,World Bank
82,Albania,2017,1377319,liv,World Bank
82,Albania,2018,1409389,liv,World Bank
82,Albania,2019,1433004,liv,World Bank
82,Albania,2020,1359716,liv,World Bank
82,Albania,2021,1382433,liv,World Bank
82,Albania,2022,1404942,liv,World Bank
82,Albania,2023,1387831,liv,World Bank
84,Algeria,2009,10551825,liv,World Bank
84,Algeria,2010,10832192,liv,World Bank
84,Algeria,2011,11067848,liv,World Bank
84,Algeria,2012,11293832,liv,World Bank
84,Algeria,2013,11793700,liv,World Bank
84,Algeria,2014,11279335,liv,World Bank
84,Algeria,2015,11709257,liv,World Bank
84,Algeria,2016,11918706,liv,World Bank
84,Algeria,2017,12069182,liv,World Bank
84,Algeria,2018,12225526,liv,World Bank
84,Algeria,2019,12402025,liv,World Bank
84,Algeria,2020,11881326,liv,World Bank
84,Algeria,2021,12202063,liv,World Bank
84,Algeria,2022,13023244,liv,World Bank
84,Algeria,2023,13425064,liv,World Bank
96,Sierra Leone,2009,2183363,liv,World Bank
96,Sierra Leone,2010,2218455,liv,World Bank
96,Sierra Leone,2011,2252288,liv,World Bank
96,Sierra Leone,2012,2285506,liv,World Bank
96,Sierra Leone,2013,2318440,liv,World Bank
96,Sierra Leone,2014,2351170,liv,World Bank
96,Sierra Leone,2015,2391699,liv,World Bank
96,Sierra Leone,2016,2433870,liv,World Bank
96,Sierra Leone,2017,2476830,liv,World Bank
96,Sierra Leone,2018,2518499,liv,World Bank
96,Sierra Leone,2019,2590128,liv,World Bank
96,Sierra Leone,2020,2642106,liv,World Bank
96,Sierra Leone,2021,2717703,liv,World Bank
96,Sierra Leone,2022,2829083,liv,World Bank
96,Sierra Leone,2023,2912540,liv,World Bank
97,Liberia,2009,1712607,liv,World Bank
97,Liberia,2010,1761778,liv,World Bank
97,Liberia,2011,1844453,liv,World Bank
97,Liberia,2012,1919299,liv,World Bank
97,Liberia,2013,1956885,liv,World Bank
97,Liberia,2014,1995521,liv,World Bank
97,Liberia,2015,2037859,liv,World Bank
97,Liberia,2016,2082707,liv,World Bank
97,Liberia,2017,2126267,liv,World Bank
97,Liberia,2018,2172641,liv,World Bank
97,Liberia,2019,2222981,liv,World Bank
97,Liberia,2020,2261533,liv,World Bank
97,Liberia,2021,2338007,liv,World Bank
97,Liberia,2022,2417780,liv,World Bank
97,Liberia,2023,2498590,liv,World Bank
98,Togo,2009,2177901,liv,World Bank
98,Togo,2010,2236750,liv,World Bank
98,Togo,2011,2296975,liv,World Bank
98,Togo,2012,2357837,liv,World Bank
98,Togo,2013,2419881,liv,World Bank
98,Togo,2014,2483698,liv,World Bank
98,Togo,2015,2549134,liv,World Bank
98,Togo,2016,2616440,liv,World Bank
98,Togo,2017,2685319,liv,World Bank
98,Togo,2018,2755426,liv,World Bank
98,Togo,2019,2826292,liv,World Bank
98,Togo,2020,2877773,liv,World Bank
98,Togo,2021,2975025,liv,World Bank
98,Togo,2022,3074425,liv,World Bank
98,Togo,2023,3165789,liv,World Bank
99,Benin,2009,3697926,liv,World Bank
99,Benin,2010,3822693,liv,World Bank
99,Benin,2011,3947757,liv,World Bank
99,Benin,2012,4004243,liv,World Bank
99,Benin,2013,4056023,liv,World Bank
99,Benin,2014,4105299,liv,World Bank
99,Benin,2015,4152214,liv,World Bank
99,Benin,2016,4195476,liv,World Bank
99,Benin,2017,4235801,liv,World Bank
99,Benin,2018,4273806,liv,World Bank
99,Benin,2019,4402996,liv,World Bank
99,Benin,2020,4496108,liv,World Bank
99,Benin,2021,4560387,liv,World Bank
99,Benin,2022,4796679,liv,World Bank
99,Benin,2023,4964239,liv,World Bank
100,Republique du Congo,2009,1713269,liv,World Bank
100,Republique du Congo,2010,1788231,liv,World Bank
100,Republique du Congo,2011,1842541,liv,World Bank
100,Republique du Congo,2012,1885866,liv,World Bank
100,Republique du Congo,2013,1920877,liv,World Bank
100,Republique du Congo,2014,1958120,liv,World Bank
100,Republique du Congo,2015,1998054,liv,World Bank
100,Republique du Congo,2016,2041747,liv,World Bank
100,Republique du Congo,2017,2089952,liv,World Bank
100,Republique du Congo,2018,2141300,liv,World Bank
100,Republique du Congo,2019,2195390,liv,World Bank
100,Republique du Congo,2020,2227600,liv,World Bank
100,Republique du Congo,2021,2306220,liv,World Bank
100,Republique du Congo,2022,2384161,liv,World Bank
100,Republique du Congo,2023,2461099,liv,World Bank
101,Namibia,2009,734219,liv,World Bank
101,Namibia,2010,753051,liv,World Bank
101,Namibia,2011,771227,liv,World Bank
101,Namibia,2012,789420,liv,World Bank
101,Namibia,2013,862767,liv,World Bank
101,Namibia,2014,867194,liv,World Bank
101,Namibia,2015,881284,liv,World Bank
101,Namibia,2016,895063,liv,World Bank
101,Namibia,2017,899482,liv,World Bank
101,Namibia,2018,903161,liv,World Bank
101,Namibia,2019,918680,liv,World Bank
101,Namibia,2020,915520,liv,World Bank
101,Namibia,2021,938865,liv,World Bank
101,Namibia,2022,968424,liv,World Bank
101,Namibia,2023,988727,liv,World Bank
102,South Africa,2009,21088301,liv,World Bank
102,South Africa,2010,19990943,liv,World Bank
102,South Africa,2011,21055801,liv,World Bank
102,South Africa,2012,21285409,liv,World Bank
102,South Africa,2013,21678833,liv,World Bank
102,South Africa,2014,21981198,liv,World Bank
102,South Africa,2015,23120551,liv,World Bank
102,South Africa,2016,23430091,liv,World Bank
102,South Africa,2017,23776332,liv,World Bank
102,South Africa,2018,23771537,liv,World Bank
102,South Africa,2019,24142655,liv,World Bank
102,South Africa,2020,22920638,liv,World Bank
102,South Africa,2021,23621462,liv,World Bank
102,South Africa,2022,24366735,liv,World Bank
102,South Africa,2023,25158403,liv,World Bank
103,Sao Tome and Principe,2009,56019,liv,World Bank
103,Sao Tome and Principe,2010,57294,liv,World Bank
103,Sao Tome and Principe,2011,58619,liv,World Bank
103,Sao Tome and Principe,2012,59818,liv,World Bank
103,Sao Tome and Principe,2013,60884,liv,World Bank
103,Sao Tome and Principe,2014,61970,liv,World Bank
103,Sao Tome and Principe,2015,63092,liv,World Bank
103,Sao Tome and Principe,2016,64262,liv,World Bank
103,Sao Tome and Principe,2017,65490,liv,World Bank
103,Sao Tome and Principe,2018,66758,liv,World Bank
103,Sao Tome and Principe,2019,68083,liv,World Bank
103,Sao Tome and Principe,2020,69308,liv,World Bank
103,Sao Tome and Principe,2021,71873,liv,World Bank
103,Sao Tome and Principe,2022,74171,liv,World Bank
103,Sao Tome and Principe,2023,76394,liv,World Bank
104,Equatorial Guinea,2009,358332,liv,World Bank
104,Equatorial Guinea,2010,375633,liv,World Bank
104,Equatorial Guinea,2011,392909,liv,World Bank
104,Equatorial Guinea,2012,409858,liv,World Bank
104,Equatorial Guinea,2013,426879,liv,World Bank
104,Equatorial Guinea,2014,443914,liv,World Bank
104,Equatorial Guinea,2015,460736,liv,World Bank
104,Equatorial Guinea,2016,477565,liv,World Bank
104,Equatorial Guinea,2017,493923,liv,World Bank
104,Equatorial Guinea,2018,510441,liv,World Bank
104,Equatorial Guinea,2019,527542,liv,World Bank
104,Equatorial Guinea,2020,516539,liv,World Bank
104,Equatorial Guinea,2021,535701,liv,World Bank
104,Equatorial Guinea,2022,571718,liv,World Bank
104,Equatorial Guinea,2023,592618,liv,World Bank
106,Ghana,2009,10827195,liv,World Bank
106,Ghana,2010,11061367,liv,World Bank
106,Ghana,2011,11285674,liv,World Bank
106,Ghana,2012,11512114,liv,World Bank
106,Ghana,2013,11743140,liv,World Bank
106,Ghana,2014,11979984,liv,World Bank
106,Ghana,2015,12224092,liv,World Bank
106,Ghana,2016,12541094,liv,World Bank
106,Ghana,2017,12867254,liv,World Bank
106,Ghana,2018,13189616,liv,World Bank
106,Ghana,2019,13512595,liv,World Bank
106,Ghana,2020,13730721,liv,World Bank
106,Ghana,2021,14064388,liv,World Bank
106,Ghana,2022,14549322,liv,World Bank
106,Ghana,2023,14887115,liv,World Bank
108,Bermuda,2009,0,liv,World Bank
108,Bermuda,2010,0,liv,World Bank
108,Bermuda,2011,0,liv,World Bank
108,Bermuda,2012,0,liv,World Bank
108,Bermuda,2013,0,liv,World Bank
108,Bermuda,2014,0,liv,World Bank
108,Bermuda,2015,0,liv,World Bank
108,Bermuda,2016,0,liv,World Bank
108,Bermuda,2017,0,liv,World Bank
108,Bermuda,2018,0,liv,World Bank
108,Bermuda,2019,0,liv,World Bank
108,Bermuda,2020,0,liv,World Bank
108,Bermuda,2021,0,liv,World Bank
108,Bermuda,2022,0,liv,World Bank
108,Bermuda,2023,0,liv,World Bank
110,Bahamas,2009,200213,liv,World Bank
110,Bahamas,2010,203958,liv,World Bank
110,Bahamas,2011,207993,liv,World Bank
110,Bahamas,2012,211907,liv,World Bank
110,Bahamas,2013,215010,liv,World Bank
110,Bahamas,2014,218498,liv,World Bank
110,Bahamas,2015,221828,liv,World Bank
110,Bahamas,2016,225308,liv,World Bank
110,Bahamas,2017,228906,liv,World Bank
110,Bahamas,2018,232371,liv,World Bank
110,Bahamas,2019,235402,liv,World Bank
110,Bahamas,2020,221416,liv,World Bank
110,Bahamas,2021,230610,liv,World Bank
110,Bahamas,2022,238456,liv,World Bank
110,Bahamas,2023,242250,liv,World Bank
111,Turks and Caicos Islands,2009,0,liv,World Bank
111,Turks and Caicos Islands,2010,0,liv,World Bank
111,Turks and Caicos Islands,2011,0,liv,World Bank
111,Turks and Caicos Islands,2012,0,liv,World Bank
111,Turks and Caicos Islands,2013,0,liv,World Bank
111,Turks and Caicos Islands,2014,0,liv,World Bank
111,Turks and Caicos Islands,2015,0,liv,World Bank
111,Turks and Caicos Islands,2016,0,liv,World Bank
111,Turks and Caicos Islands,2017,0,liv,World Bank
111,Turks and Caicos Islands,2018,0,liv,World Bank
111,Turks and Caicos Islands,2019,0,liv,World Bank
111,Turks and Caicos Islands,2020,0,liv,World Bank
111,Turks and Caicos Islands,2021,0,liv,World Bank
111,Turks and Caicos Islands,2022,0,liv,World Bank
111,Turks and Caicos Islands,2023,0,liv,World Bank
112,Cuba,2009,5148033,liv,World Bank
112,Cuba,2010,5108192,liv,World Bank
112,Cuba,2011,5177768,liv,World Bank
112,Cuba,2012,5206440,liv,World Bank
112,Cuba,2013,5235766,liv,World Bank
112,Cuba,2014,5258253,liv,World Bank
112,Cuba,2015,5292666,liv,World Bank
112,Cuba,2016,5308720,liv,World Bank
112,Cuba,2017,5326759,liv,World Bank
112,Cuba,2018,5342937,liv,World Bank
112,Cuba,2019,5345176,liv,World Bank
112,Cuba,2020,5016414,liv,World Bank
112,Cuba,2021,5106046,liv,World Bank
112,Cuba,2022,5286176,liv,World Bank
112,Cuba,2023,5317246,liv,World Bank
113,Cayman Islands,2009,0,liv,World Bank
113,Cayman Islands,2010,0,liv,World Bank
113,Cayman Islands,2011,0,liv,World Bank
113,Cayman Islands,2012,0,liv,World Bank
113,Cayman Islands,2013,0,liv,World Bank
113,Cayman Islands,2014,0,liv,World Bank
113,Cayman Islands,2015,0,liv,World Bank
113,Cayman Islands,2016,0,liv,World Bank
113,Cayman Islands,2017,0,liv,World Bank
113,Cayman Islands,2018,0,liv,World Bank
113,Cayman Islands,2019,0,liv,World Bank
113,Cayman Islands,2020,0,liv,World Bank
113,Cayman Islands,2021,0,liv,World Bank
113,Cayman Islands,2022,0,liv,World Bank
113,Cayman Islands,2023,0,liv,World Bank
114,Haiti,2009,4039702,liv,World Bank
114,Haiti,2010,4132947,liv,World Bank
114,Haiti,2011,4215096,liv,World Bank
114,Haiti,2012,4302197,liv,World Bank
114,Haiti,2013,4396256,liv,World Bank
114,Haiti,2014,4491380,liv,World Bank
114,Haiti,2015,4582391,liv,World Bank
114,Haiti,2016,4673043,liv,World Bank
114,Haiti,2017,4763697,liv,World Bank
114,Haiti,2018,4851862,liv,World Bank
114,Haiti,2019,4929943,liv,World Bank
114,Haiti,2020,4968486,liv,World Bank
114,Haiti,2021,5078941,liv,World Bank
114,Haiti,2022,5149531,liv,World Bank
114,Haiti,2023,5237767,liv,World Bank
115,Dominican Republic,2009,3690074,liv,World Bank
115,Dominican Republic,2010,3844470,liv,World Bank
115,Dominican Republic,2011,4015614,liv,World Bank
115,Dominican Republic,2012,4176432,liv,World Bank
115,Dominican Republic,2013,4236156,liv,World Bank
115,Dominican Republic,2014,4325193,liv,World Bank
115,Dominican Republic,2015,4579344,liv,World Bank
115,Dominican Republic,2016,4685793,liv,World Bank
115,Dominican Republic,2017,4752184,liv,World Bank
115,Dominican Republic,2018,4931651,liv,World Bank
115,Dominican Republic,2019,5091385,liv,World Bank
115,Dominican Republic,2020,4805372,liv,World Bank
115,Dominican Republic,2021,5101650,liv,World Bank
115,Dominican Republic,2022,5174651,liv,World Bank
115,Dominican Republic,2023,5301571,liv,World Bank
116,Puerto Rico and Virgin Islands of the United States,2009,1345885,liv,World Bank
116,Puerto Rico and Virgin Islands of the United States,2010,1306746,liv,World Bank
116,Puerto Rico and Virgin Islands of the United States,2011,1259350,liv,World Bank
116,Puerto Rico and Virgin Islands of the United States,2012,1248307,liv,World Bank
116,Puerto Rico and Virgin Islands of the United States,2013,1236591,liv,World Bank
116,Puerto Rico and Virgin Islands of the United States,2014,1222115,liv,World Bank
116,Puerto Rico and Virgin Islands of the United States,2015,1209360,liv,World Bank
116,Puerto Rico and Virgin Islands of the United States,2016,1198218,liv,World Bank
116,Puerto Rico and Virgin Islands of the United States,2017,1177519,liv,World Bank
116,Puerto Rico and Virgin Islands of the United States,2018,1150402,liv,World Bank
116,Puerto Rico and Virgin Islands of the United States,2019,1164760,liv,World Bank
116,Puerto Rico and Virgin Islands of the United States,2020,1192064,liv,World Bank
116,Puerto Rico and Virgin Islands of the United States,2021,1188785,liv,World Bank
116,Puerto Rico and Virgin Islands of the United States,2022,1206067,liv,World Bank
116,Puerto Rico and Virgin Islands of the United States,2023,1200587,liv,World Bank
117,British Virgin Islands,2009,0,liv,World Bank
117,British Virgin Islands,2010,0,liv,World Bank
117,British Virgin Islands,2011,0,liv,World Bank
117,British Virgin Islands,2012,0,liv,World Bank
117,British Virgin Islands,2013,0,liv,World Bank
117,British Virgin Islands,2014,0,liv,World Bank
117,British Virgin Islands,2015,0,liv,World Bank
117,British Virgin Islands,2016,0,liv,World Bank
117,British Virgin Islands,2017,0,liv,World Bank
117,British Virgin Islands,2018,0,liv,World Bank
117,British Virgin Islands,2019,0,liv,World Bank
117,British Virgin Islands,2020,0,liv,World Bank
117,British Virgin Islands,2021,0,liv,World Bank
117,British Virgin Islands,2022,0,liv,World Bank
117,British Virgin Islands,2023,0,liv,World Bank
119,Saint Kitts and Nevis,2009,0,liv,World Bank
119,Saint Kitts and Nevis,2010,0,liv,World Bank
119,Saint Kitts and Nevis,2011,0,liv,World Bank
119,Saint Kitts and Nevis,2012,0,liv,World Bank
119,Saint Kitts and Nevis,2013,0,liv,World Bank
119,Saint Kitts and Nevis,2014,0,liv,World Bank
119,Saint Kitts and Nevis,2015,0,liv,World Bank
119,Saint Kitts and Nevis,2016,0,liv,World Bank
119,Saint Kitts and Nevis,2017,0,liv,World Bank
119,Saint Kitts and Nevis,2018,0,liv,World Bank
119,Saint Kitts and Nevis,2019,0,liv,World Bank
119,Saint Kitts and Nevis,2020,0,liv,World Bank
119,Saint Kitts and Nevis,2021,0,liv,World Bank
119,Saint Kitts and Nevis,2022,0,liv,World Bank
119,Saint Kitts and Nevis,2023,0,liv,World Bank
120,Antigua and Barbuda,2009,0,liv,World Bank
120,Antigua and Barbuda,2010,0,liv,World Bank
120,Antigua and Barbuda,2011,0,liv,World Bank
120,Antigua and Barbuda,2012,0,liv,World Bank
120,Antigua and Barbuda,2013,0,liv,World Bank
120,Antigua and Barbuda,2014,0,liv,World Bank
120,Antigua and Barbuda,2015,0,liv,World Bank
120,Antigua and Barbuda,2016,0,liv,World Bank
120,Antigua and Barbuda,2017,0,liv,World Bank
120,Antigua and Barbuda,2018,0,liv,World Bank
120,Antigua and Barbuda,2019,0,liv,World Bank
120,Antigua and Barbuda,2020,0,liv,World Bank
120,Antigua and Barbuda,2021,0,liv,World Bank
120,Antigua and Barbuda,2022,0,liv,World Bank
120,Antigua and Barbuda,2023,0,liv,World Bank
122,Saint Lucia,2009,84795,liv,World Bank
122,Saint Lucia,2010,86680,liv,World Bank
122,Saint Lucia,2011,88652,liv,World Bank
122,Saint Lucia,2012,92651,liv,World Bank
122,Saint Lucia,2013,94186,liv,World Bank
122,Saint Lucia,2014,95689,liv,World Bank
122,Saint Lucia,2015,97178,liv,World Bank
122,Saint Lucia,2016,98609,liv,World Bank
122,Saint Lucia,2017,99931,liv,World Bank
122,Saint Lucia,2018,101318,liv,World Bank
122,Saint Lucia,2019,100592,liv,World Bank
122,Saint Lucia,2020,96953,liv,World Bank
122,Saint Lucia,2021,100490,liv,World Bank
122,Saint Lucia,2022,103026,liv,World Bank
122,Saint Lucia,2023,100833,liv,World Bank
123,Dominica,2009,0,liv,World Bank
123,Dominica,2010,0,liv,World Bank
123,Dominica,2011,0,liv,World Bank
123,Dominica,2012,0,liv,World Bank
123,Dominica,2013,0,liv,World Bank
123,Dominica,2014,0,liv,World Bank
123,Dominica,2015,0,liv,World Bank
123,Dominica,2016,0,liv,World Bank
123,Dominica,2017,0,liv,World Bank
123,Dominica,2018,0,liv,World Bank
123,Dominica,2019,0,liv,World Bank
123,Dominica,2020,0,liv,World Bank
123,Dominica,2021,0,liv,World Bank
123,Dominica,2022,0,liv,World Bank
123,Dominica,2023,0,liv,World Bank
124,Barbados,2009,147741,liv,World Bank
124,Barbados,2010,148400,liv,World Bank
124,Barbados,2011,149131,liv,World Bank
124,Barbados,2012,146825,liv,World Bank
124,Barbados,2013,148815,liv,World Bank
124,Barbados,2014,143390,liv,World Bank
124,Barbados,2015,144417,liv,World Bank
124,Barbados,2016,148685,liv,World Bank
124,Barbados,2017,147106,liv,World Bank
124,Barbados,2018,146039,liv,World Bank
124,Barbados,2019,143823,liv,World Bank
124,Barbados,2020,141156,liv,World Bank
124,Barbados,2021,142587,liv,World Bank
124,Barbados,2022,145313,liv,World Bank
124,Barbados,2023,145851,liv,World Bank
125,Grenada,2009,0,liv,World Bank
125,Grenada,2010,0,liv,World Bank
125,Grenada,2011,0,liv,World Bank
125,Grenada,2012,0,liv,World Bank
125,Grenada,2013,0,liv,World Bank
125,Grenada,2014,0,liv,World Bank
125,Grenada,2015,0,liv,World Bank
125,Grenada,2016,0,liv,World Bank
125,Grenada,2017,0,liv,World Bank
125,Grenada,2018,0,liv,World Bank
125,Grenada,2019,0,liv,World Bank
125,Grenada,2020,0,liv,World Bank
125,Grenada,2021,0,liv,World Bank
125,Grenada,2022,0,liv,World Bank
125,Grenada,2023,0,liv,World Bank
126,Trinidad and Tobago,2009,694170,liv,World Bank
126,Trinidad and Tobago,2010,679616,liv,World Bank
126,Trinidad and Tobago,2011,674603,liv,World Bank
126,Trinidad and Tobago,2012,693119,liv,World Bank
126,Trinidad and Tobago,2013,694768,liv,World Bank
126,Trinidad and Tobago,2014,707968,liv,World Bank
126,Trinidad and Tobago,2015,696897,liv,World Bank
126,Trinidad and Tobago,2016,693991,liv,World Bank
126,Trinidad and Tobago,2017,690375,liv,World Bank
126,Trinidad and Tobago,2018,695724,liv,World Bank
126,Trinidad and Tobago,2019,695102,liv,World Bank
126,Trinidad and Tobago,2020,672932,liv,World Bank
126,Trinidad and Tobago,2021,668306,liv,World Bank
126,Trinidad and Tobago,2022,675249,liv,World Bank
126,Trinidad and Tobago,2023,681265,liv,World Bank
127,Saint Vincent and the Grenadines,2009,52466,liv,World Bank
127,Saint Vincent and the Grenadines,2010,52522,liv,World Bank
127,Saint Vincent and the Grenadines,2011,52595,liv,World Bank
127,Saint Vincent and the Grenadines,2012,52661,liv,World Bank
127,Saint Vincent and the Grenadines,2013,52680,liv,World Bank
127,Saint Vincent and the Grenadines,2014,52692,liv,World Bank
127,Saint Vincent and the Grenadines,2015,52739,liv,World Bank
127,Saint Vincent and the Grenadines,2016,52749,liv,World Bank
127,Saint Vincent and the Grenadines,2017,52771,liv,World Bank
127,Saint Vincent and the Grenadines,2018,52888,liv,World Bank
127,Saint Vincent and the Grenadines,2019,52886,liv,World Bank
127,Saint Vincent and the Grenadines,2020,51085,liv,World Bank
127,Saint Vincent and the Grenadines,2021,51715,liv,World Bank
127,Saint Vincent and the Grenadines,2022,52818,liv,World Bank
127,Saint Vincent and the Grenadines,2023,53060,liv,World Bank
129,Panama,2009,1611067,liv,World Bank
129,Panama,2010,1618269,liv,World Bank
129,Panama,2011,1611450,liv,World Bank
129,Panama,2012,1689370,liv,World Bank
129,Panama,2013,1744928,liv,World Bank
129,Panama,2014,1778532,liv,World Bank
129,Panama,2015,1813736,liv,World Bank
129,Panama,2016,1859078,liv,World Bank
129,Panama,2017,1885561,liv,World Bank
129,Panama,2018,1966334,liv,World Bank
129,Panama,2019,2041466,liv,World Bank
129,Panama,2020,1929211,liv,World Bank
129,Panama,2021,1996749,liv,World Bank
129,Panama,2022,2049663,liv,World Bank
129,Panama,2023,2095776,liv,World Bank
130,Costa Rica,2009,2064610,liv,World Bank
130,Costa Rica,2010,2060686,liv,World Bank
130,Costa Rica,2011,2149242,liv,World Bank
130,Costa Rica,2012,2321866,liv,World Bank
130,Costa Rica,2013,2337155,liv,World Bank
130,Costa Rica,2014,2395003,liv,World Bank
130,Costa Rica,2015,2380187,liv,World Bank
130,Costa Rica,2016,2296246,liv,World Bank
130,Costa Rica,2017,2335223,liv,World Bank
130,Costa Rica,2018,2459739,liv,World Bank
130,Costa Rica,2019,2573190,liv,World Bank
130,Costa Rica,2020,2456537,liv,World Bank
130,Costa Rica,2021,2529009,liv,World Bank
130,Costa Rica,2022,2542517,liv,World Bank
130,Costa Rica,2023,2407610,liv,World Bank
131,Nicaragua,2009,2373348,liv,World Bank
131,Nicaragua,2010,2442683,liv,World Bank
131,Nicaragua,2011,2512841,liv,World Bank
131,Nicaragua,2012,2583025,liv,World Bank
131,Nicaragua,2013,2652874,liv,World Bank
131,Nicaragua,2014,2722579,liv,World Bank
131,Nicaragua,2015,2784302,liv,World Bank
131,Nicaragua,2016,2845599,liv,World Bank
131,Nicaragua,2017,2907286,liv,World Bank
131,Nicaragua,2018,2954104,liv,World Bank
131,Nicaragua,2019,2999937,liv,World Bank
131,Nicaragua,2020,3024864,liv,World Bank
131,Nicaragua,2021,3085985,liv,World Bank
131,Nicaragua,2022,3189118,liv,World Bank
131,Nicaragua,2023,3264024,liv,World Bank
132,Colombia,2009,21438903,liv,World Bank
132,Colombia,2010,21906084,liv,World Bank
132,Colombia,2011,22469752,liv,World Bank
132,Colombia,2012,23071179,liv,World Bank
132,Colombia,2013,23198264,liv,World Bank
132,Colombia,2014,23488075,liv,World Bank
132,Colombia,2015,23882464,liv,World Bank
132,Colombia,2016,24079276,liv,World Bank
132,Colombia,2017,24461484,liv,World Bank
132,Colombia,2018,24812159,liv,World Bank
132,Colombia,2019,25072923,liv,World Bank
132,Colombia,2020,25219253,liv,World Bank
132,Colombia,2021,25983568,liv,World Bank
132,Colombia,2022,25770913,liv,World Bank
132,Colombia,2023,26003385,liv,World Bank
133,Honduras,2009,3103859,liv,World Bank
133,Honduras,2010,3260247,liv,World Bank
133,Honduras,2011,3243536,liv,World Bank
133,Honduras,2012,3268694,liv,World Bank
133,Honduras,2013,3613486,liv,World Bank
133,Honduras,2014,3810624,liv,World Bank
133,Honduras,2015,3919626,liv,World Bank
133,Honduras,2016,3983810,liv,World Bank
133,Honduras,2017,4161688,liv,World Bank
133,Honduras,2018,4431793,liv,World Bank
133,Honduras,2019,4399023,liv,World Bank
133,Honduras,2020,4206572,liv,World Bank
133,Honduras,2021,4452659,liv,World Bank
133,Honduras,2022,4564937,liv,World Bank
133,Honduras,2023,4675950,liv,World Bank
134,El Salvador,2009,2481794,liv,World Bank
134,El Salvador,2010,2494725,liv,World Bank
134,El Salvador,2011,2517133,liv,World Bank
134,El Salvador,2012,2579866,liv,World Bank
134,El Salvador,2013,2630753,liv,World Bank
134,El Salvador,2014,2617260,liv,World Bank
134,El Salvador,2015,2618193,liv,World Bank
134,El Salvador,2016,2673318,liv,World Bank
134,El Salvador,2017,2687119,liv,World Bank
134,El Salvador,2018,2694155,liv,World Bank
134,El Salvador,2019,2762085,liv,World Bank
134,El Salvador,2020,2632889,liv,World Bank
134,El Salvador,2021,2768977,liv,World Bank
134,El Salvador,2022,2835063,liv,World Bank
134,El Salvador,2023,2870401,liv,World Bank
135,Mexico,2009,46933484,liv,World Bank
135,Mexico,2010,47714802,liv,World Bank
135,Mexico,2011,48766229,liv,World Bank
135,Mexico,2012,50313010,liv,World Bank
135,Mexico,2013,51144538,liv,World Bank
135,Mexico,2014,51654365,liv,World Bank
135,Mexico,2015,52724092,liv,World Bank
135,Mexico,2016,53567895,liv,World Bank
135,Mexico,2017,54292612,liv,World Bank
135,Mexico,2018,55360235,liv,World Bank
135,Mexico,2019,56818605,liv,World Bank
135,Mexico,2020,53137902,liv,World Bank
135,Mexico,2021,56993986,liv,World Bank
135,Mexico,2022,58718432,liv,World Bank
135,Mexico,2023,60042318,liv,World Bank
136,Guatemala,2009,5145327,liv,World Bank
136,Guatemala,2010,5253574,liv,World Bank
136,Guatemala,2011,5486770,liv,World Bank
136,Guatemala,2012,5980602,liv,World Bank
136,Guatemala,2013,5682211,liv,World Bank
136,Guatemala,2014,5883588,liv,World Bank
136,Guatemala,2015,6022488,liv,World Bank
136,Guatemala,2016,6184488,liv,World Bank
136,Guatemala,2017,6364813,liv,World Bank
136,Guatemala,2018,6472399,liv,World Bank
136,Guatemala,2019,6481136,liv,World Bank
136,Guatemala,2020,6460734,liv,World Bank
136,Guatemala,2021,6764382,liv,World Bank
136,Guatemala,2022,7069008,liv,World Bank
136,Guatemala,2023,7257874,liv,World Bank
137,Ecuador,2009,6457726,liv,World Bank
137,Ecuador,2010,6467670,liv,World Bank
137,Ecuador,2011,6517322,liv,World Bank
137,Ecuador,2012,6732540,liv,World Bank
137,Ecuador,2013,6857058,liv,World Bank
137,Ecuador,2014,7045425,liv,World Bank
137,Ecuador,2015,7548658,liv,World Bank
137,Ecuador,2016,7951902,liv,World Bank
137,Ecuador,2017,8190955,liv,World Bank
137,Ecuador,2018,8227052,liv,World Bank
137,Ecuador,2019,8387366,liv,World Bank
137,Ecuador,2020,7769265,liv,World Bank
137,Ecuador,2021,8652009,liv,World Bank
137,Ecuador,2022,8813437,liv,World Bank
137,Ecuador,2023,8893065,liv,World Bank
138,Peru,2009,15918391,liv,World Bank
138,Peru,2010,16255080,liv,World Bank
138,Peru,2011,16342847,liv,World Bank
138,Peru,2012,16520323,liv,World Bank
138,Peru,2013,16618192,liv,World Bank
138,Peru,2014,16683502,liv,World Bank
138,Peru,2015,16688971,liv,World Bank
138,Peru,2016,16861950,liv,World Bank
138,Peru,2017,17556265,liv,World Bank
138,Peru,2018,18029865,liv,World Bank
138,Peru,2019,18527166,liv,World Bank
138,Peru,2020,16830784,liv,World Bank
138,Peru,2021,17866091,liv,World Bank
138,Peru,2022,18268448,liv,World Bank
138,Peru,2023,18529435,liv,World Bank
139,Venezuela,2009,12638870,liv,World Bank
139,Venezuela,2010,12831302,liv,World Bank
139,Venezuela,2011,13014061,liv,World Bank
139,Venezuela,2012,13131113,liv,World Bank
139,Venezuela,2013,13251950,liv,World Bank
139,Venezuela,2014,13365100,liv,World Bank
139,Venezuela,2015,13467003,liv,World Bank
139,Venezuela,2016,13499592,liv,World Bank
139,Venezuela,2017,13279022,liv,World Bank
139,Venezuela,2018,12663428,liv,World Bank
139,Venezuela,2019,11515104,liv,World Bank
139,Venezuela,2020,10397649,liv,World Bank
139,Venezuela,2021,10401333,liv,World Bank
139,Venezuela,2022,10968535,liv,World Bank
139,Venezuela,2023,11548202,liv,World Bank
141,Faeroe Islands,2009,0,liv,World Bank
141,Faeroe Islands,2010,0,liv,World Bank
141,Faeroe Islands,2011,0,liv,World Bank
141,Faeroe Islands,2012,0,liv,World Bank
141,Faeroe Islands,2013,0,liv,World Bank
141,Faeroe Islands,2014,0,liv,World Bank
141,Faeroe Islands,2015,0,liv,World Bank
141,Faeroe Islands,2016,0,liv,World Bank
141,Faeroe Islands,2017,0,liv,World Bank
141,Faeroe Islands,2018,0,liv,World Bank
141,Faeroe Islands,2019,0,liv,World Bank
141,Faeroe Islands,2020,0,liv,World Bank
141,Faeroe Islands,2021,0,liv,World Bank
141,Faeroe Islands,2022,0,liv,World Bank
141,Faeroe Islands,2023,0,liv,World Bank
143,Iceland,2009,188716,liv,World Bank
143,Iceland,2010,188369,liv,World Bank
143,Iceland,2011,187550,liv,World Bank
143,Iceland,2012,189063,liv,World Bank
143,Iceland,2013,192997,liv,World Bank
143,Iceland,2014,198891,liv,World Bank
143,Iceland,2015,203751,liv,World Bank
143,Iceland,2016,209633,liv,World Bank
143,Iceland,2017,213259,liv,World Bank
143,Iceland,2018,217130,liv,World Bank
143,Iceland,2019,220983,liv,World Bank
143,Iceland,2020,219015,liv,World Bank
143,Iceland,2021,222391,liv,World Bank
143,Iceland,2022,231368,liv,World Bank
143,Iceland,2023,239195,liv,World Bank
145,Greenland,2009,0,liv,World Bank
145,Greenland,2010,0,liv,World Bank
145,Greenland,2011,0,liv,World Bank
145,Greenland,2012,0,liv,World Bank
145,Greenland,2013,0,liv,World Bank
145,Greenland,2014,0,liv,World Bank
145,Greenland,2015,0,liv,World Bank
145,Greenland,2016,0,liv,World Bank
145,Greenland,2017,0,liv,World Bank
145,Greenland,2018,0,liv,World Bank
145,Greenland,2019,0,liv,World Bank
145,Greenland,2020,0,liv,World Bank
145,Greenland,2021,0,liv,World Bank
145,Greenland,2022,0,liv,World Bank
145,Greenland,2023,0,liv,World Bank
147,French Polynesia,2009,117409,liv,World Bank
147,French Polynesia,2010,118724,liv,World Bank
147,French Polynesia,2011,119968,liv,World Bank
147,French Polynesia,2012,121131,liv,World Bank
147,French Polynesia,2013,122181,liv,World Bank
147,French Polynesia,2014,123435,liv,World Bank
147,French Polynesia,2015,124841,liv,World Bank
147,French Polynesia,2016,126232,liv,World Bank
147,French Polynesia,2017,127720,liv,World Bank
147,French Polynesia,2018,129270,liv,World Bank
147,French Polynesia,2019,130760,liv,World Bank
147,French Polynesia,2020,131112,liv,World Bank
147,French Polynesia,2021,133089,liv,World Bank
147,French Polynesia,2022,135923,liv,World Bank
147,French Polynesia,2023,137413,liv,World Bank
151,American Samoa,2009,0,liv,World Bank
151,American Samoa,2010,0,liv,World Bank
151,American Samoa,2011,0,liv,World Bank
151,American Samoa,2012,0,liv,World Bank
151,American Samoa,2013,0,liv,World Bank
151,American Samoa,2014,0,liv,World Bank
151,American Samoa,2015,0,liv,World Bank
151,American Samoa,2016,0,liv,World Bank
151,American Samoa,2017,0,liv,World Bank
151,American Samoa,2018,0,liv,World Bank
151,American Samoa,2019,0,liv,World Bank
151,American Samoa,2020,0,liv,World Bank
151,American Samoa,2021,0,liv,World Bank
151,American Samoa,2022,0,liv,World Bank
151,American Samoa,2023,0,liv,World Bank
152,Samoa,2009,63706,liv,World Bank
152,Samoa,2010,64460,liv,World Bank
152,Samoa,2011,65054,liv,World Bank
152,Samoa,2012,66037,liv,World Bank
152,Samoa,2013,66849,liv,World Bank
152,Samoa,2014,67605,liv,World Bank
152,Samoa,2015,68129,liv,World Bank
152,Samoa,2016,68515,liv,World Bank
152,Samoa,2017,69251,liv,World Bank
152,Samoa,2018,70143,liv,World Bank
152,Samoa,2019,70843,liv,World Bank
152,Samoa,2020,71346,liv,World Bank
152,Samoa,2021,72959,liv,World Bank
152,Samoa,2022,75463,liv,World Bank
152,Samoa,2023,76895,liv,World Bank
155,Tonga,2009,37294,liv,World Bank
155,Tonga,2010,37347,liv,World Bank
155,Tonga,2011,37363,liv,World Bank
155,Tonga,2012,37242,liv,World Bank
155,Tonga,2013,37036,liv,World Bank
155,Tonga,2014,36797,liv,World Bank
155,Tonga,2015,36573,liv,World Bank
155,Tonga,2016,36418,liv,World Bank
155,Tonga,2017,36317,liv,World Bank
155,Tonga,2018,36260,liv,World Bank
155,Tonga,2019,36419,liv,World Bank
155,Tonga,2020,36409,liv,World Bank
155,Tonga,2021,36740,liv,World Bank
155,Tonga,2022,37850,liv,World Bank
155,Tonga,2023,38483,liv,World Bank
162,New Zealand,2009,2318533,liv,World Bank
162,New Zealand,2010,2339998,liv,World Bank
162,New Zealand,2011,2373473,liv,World Bank
162,New Zealand,2012,2380183,liv,World Bank
162,New Zealand,2013,2395429,liv,World Bank
162,New Zealand,2014,2474895,liv,World Bank
162,New Zealand,2015,2535320,liv,World Bank
162,New Zealand,2016,2642836,liv,World Bank
162,New Zealand,2017,2740052,liv,World Bank
162,New Zealand,2018,2794483,liv,World Bank
162,New Zealand,2019,2834203,liv,World Bank
162,New Zealand,2020,2893601,liv,World Bank
162,New Zealand,2021,2934771,liv,World Bank
162,New Zealand,2022,2966709,liv,World Bank
162,New Zealand,2023,3068205,liv,World Bank
163,United States,2009,157377606,liv,World Bank
163,United States,2010,157357516,liv,World Bank
163,United States,2011,157443452,liv,World Bank
163,United States,2012,158452840,liv,World Bank
163,United States,2013,158809862,liv,World Bank
163,United States,2014,159540139,liv,World Bank
163,United States,2015,160644681,liv,World Bank
163,United States,2016,162448669,liv,World Bank
163,United States,2017,163971527,liv,World Bank
163,United States,2018,165307010,liv,World Bank
163,United States,2019,167100511,liv,World Bank
163,United States,2020,165649358,liv,World Bank
163,United States,2021,166198588,liv,World Bank
163,United States,2022,168181985,liv,World Bank
163,United States,2023,170548899,liv,World Bank
164,Belize,2009,123774,liv,World Bank
164,Belize,2010,128753,liv,World Bank
164,Belize,2011,133836,liv,World Bank
164,Belize,2012,138977,liv,World Bank
164,Belize,2013,144234,liv,World Bank
164,Belize,2014,151065,liv,World Bank
164,Belize,2015,156821,liv,World Bank
164,Belize,2016,162580,liv,World Bank
164,Belize,2017,166748,liv,World Bank
164,Belize,2018,170728,liv,World Bank
164,Belize,2019,174493,liv,World Bank
164,Belize,2020,172620,liv,World Bank
164,Belize,2021,177472,liv,World Bank
164,Belize,2022,185068,liv,World Bank
164,Belize,2023,190064,liv,World Bank
166,Jamaica,2009,1228184,liv,World Bank
166,Jamaica,2010,1213350,liv,World Bank
166,Jamaica,2011,1239320,liv,World Bank
166,Jamaica,2012,1256812,liv,World Bank
166,Jamaica,2013,1299092,liv,World Bank
166,Jamaica,2014,1331653,liv,World Bank
166,Jamaica,2015,1409375,liv,World Bank
166,Jamaica,2016,1408534,liv,World Bank
166,Jamaica,2017,1436161,liv,World Bank
166,Jamaica,2018,1443443,liv,World Bank
166,Jamaica,2019,1487233,liv,World Bank
166,Jamaica,2020,1453541,liv,World Bank
166,Jamaica,2021,1516188,liv,World Bank
166,Jamaica,2022,1516583,liv,World Bank
166,Jamaica,2023,1559374,liv,World Bank
167,Guyana,2009,279981,liv,World Bank
167,Guyana,2010,280727,liv,World Bank
167,Guyana,2011,281215,liv,World Bank
167,Guyana,2012,282787,liv,World Bank
167,Guyana,2013,285029,liv,World Bank
167,Guyana,2014,286708,liv,World Bank
167,Guyana,2015,288326,liv,World Bank
167,Guyana,2016,289827,liv,World Bank
167,Guyana,2017,291179,liv,World Bank
167,Guyana,2018,301413,liv,World Bank
167,Guyana,2019,284892,liv,World Bank
167,Guyana,2020,281272,liv,World Bank
167,Guyana,2021,283296,liv,World Bank
167,Guyana,2022,288357,liv,World Bank
167,Guyana,2023,295000,liv,World Bank
168,Suriname,2009,197210,liv,World Bank
168,Suriname,2010,202052,liv,World Bank
168,Suriname,2011,207067,liv,World Bank
168,Suriname,2012,212231,liv,World Bank
168,Suriname,2013,217561,liv,World Bank
168,Suriname,2014,223039,liv,World Bank
168,Suriname,2015,228664,liv,World Bank
168,Suriname,2016,234453,liv,World Bank
168,Suriname,2017,238158,liv,World Bank
168,Suriname,2018,242573,liv,World Bank
168,Suriname,2019,246470,liv,World Bank
168,Suriname,2020,235583,liv,World Bank
168,Suriname,2021,243125,liv,World Bank
168,Suriname,2022,246023,liv,World Bank
168,Suriname,2023,250230,liv,World Bank
171,Brazil,2009,95703669,liv,World Bank
171,Brazil,2010,95367508,liv,World Bank
171,Brazil,2011,94948394,liv,World Bank
171,Brazil,2012,97188186,liv,World Bank
171,Brazil,2013,98532617,liv,World Bank
171,Brazil,2014,99628945,liv,World Bank
171,Brazil,2015,101474161,liv,World Bank
171,Brazil,2016,102923211,liv,World Bank
171,Brazil,2017,104715941,liv,World Bank
171,Brazil,2018,106048382,liv,World Bank
171,Brazil,2019,107999623,liv,World Bank
171,Brazil,2020,101755860,liv,World Bank
171,Brazil,2021,106047171,liv,World Bank
171,Brazil,2022,108750811,liv,World Bank
171,Brazil,2023,108695239,liv,World Bank
172,Argentina,2009,18324357,liv,World Bank
172,Argentina,2010,18255867,liv,World Bank
172,Argentina,2011,18663922,liv,World Bank
172,Argentina,2012,18835226,liv,World Bank
172,Argentina,2013,18964106,liv,World Bank
172,Argentina,2014,19049721,liv,World Bank
172,Argentina,2015,19229476,liv,World Bank
172,Argentina,2016,19404277,liv,World Bank
172,Argentina,2017,19580710,liv,World Bank
172,Argentina,2018,20103008,liv,World Bank
172,Argentina,2019,20607477,liv,World Bank
172,Argentina,2020,19406591,liv,World Bank
172,Argentina,2021,21191985,liv,World Bank
172,Argentina,2022,21511126,liv,World Bank
172,Argentina,2023,21906419,liv,World Bank
173,Uruguay,2009,1675615,liv,World Bank
173,Uruguay,2010,1674178,liv,World Bank
173,Uruguay,2011,1730444,liv,World Bank
173,Uruguay,2012,1720216,liv,World Bank
173,Uruguay,2013,1720501,liv,World Bank
173,Uruguay,2014,1757881,liv,World Bank
173,Uruguay,2015,1742337,liv,World Bank
173,Uruguay,2016,1742862,liv,World Bank
173,Uruguay,2017,1738336,liv,World Bank
173,Uruguay,2018,1735162,liv,World Bank
173,Uruguay,2019,1743411,liv,World Bank
173,Uruguay,2020,1684519,liv,World Bank
173,Uruguay,2021,1738442,liv,World Bank
173,Uruguay,2022,1750626,liv,World Bank
173,Uruguay,2023,1775121,liv,World Bank
174,Finland,2009,2688826,liv,World Bank
174,Finland,2010,2678175,liv,World Bank
174,Finland,2011,2693382,liv,World Bank
174,Finland,2012,2700773,liv,World Bank
174,Finland,2013,2686349,liv,World Bank
174,Finland,2014,2690277,liv,World Bank
174,Finland,2015,2699822,liv,World Bank
174,Finland,2016,2694829,liv,World Bank
174,Finland,2017,2716261,liv,World Bank
174,Finland,2018,2749812,liv,World Bank
174,Finland,2019,2758855,liv,World Bank
174,Finland,2020,2751071,liv,World Bank
174,Finland,2021,2799859,liv,World Bank
174,Finland,2022,2845714,liv,World Bank
174,Finland,2023,2879817,liv,World Bank
175,Denmark,2009,2909160,liv,World Bank
175,Denmark,2010,2888564,liv,World Bank
175,Denmark,2011,2887130,liv,World Bank
175,Denmark,2012,2871734,liv,World Bank
175,Denmark,2013,2850392,liv,World Bank
175,Denmark,2014,2865028,liv,World Bank
175,Denmark,2015,2895364,liv,World Bank
175,Denmark,2016,2939677,liv,World Bank
175,Denmark,2017,2966464,liv,World Bank
175,Denmark,2018,2990219,liv,World Bank
175,Denmark,2019,3032098,liv,World Bank
175,Denmark,2020,3028252,liv,World Bank
175,Denmark,2021,3070703,liv,World Bank
175,Denmark,2022,3141486,liv,World Bank
175,Denmark,2023,3179505,liv,World Bank
176,Germany,2009,41978630,liv,World Bank
176,Germany,2010,41949335,liv,World Bank
176,Germany,2011,41729225,liv,World Bank
176,Germany,2012,41853628,liv,World Bank
176,Germany,2013,42212988,liv,World Bank
176,Germany,2014,42458390,liv,World Bank
176,Germany,2015,42660629,liv,World Bank
176,Germany,2016,43567225,liv,World Bank
176,Germany,2017,43819028,liv,World Bank
176,Germany,2018,43935038,liv,World Bank
176,Germany,2019,44433744,liv,World Bank
176,Germany,2020,43501190,liv,World Bank
176,Germany,2021,43386527,liv,World Bank
176,Germany,2022,44198105,liv,World Bank
176,Germany,2023,44783712,liv,World Bank
177,Netherlands,2009,8909191,liv,World Bank
177,Netherlands,2010,8887012,liv,World Bank
177,Netherlands,2011,8900853,liv,World Bank
177,Netherlands,2012,9013873,liv,World Bank
177,Netherlands,2013,9054383,liv,World Bank
177,Netherlands,2014,9031991,liv,World Bank
177,Netherlands,2015,9095975,liv,World Bank
177,Netherlands,2016,9128587,liv,World Bank
177,Netherlands,2017,9194515,liv,World Bank
177,Netherlands,2018,9309225,liv,World Bank
177,Netherlands,2019,9466453,liv,World Bank
177,Netherlands,2020,9502134,liv,World Bank
177,Netherlands,2021,9620091,liv,World Bank
177,Netherlands,2022,9793778,liv,World Bank
177,Netherlands,2023,9998892,liv,World Bank
178,Poland,2009,17842910,liv,World Bank
178,Poland,2010,18055100,liv,World Bank
178,Poland,2011,18149148,liv,World Bank
178,Poland,2012,18268758,liv,World Bank
178,Poland,2013,18287361,liv,World Bank
178,Poland,2014,18392967,liv,World Bank
178,Poland,2015,18332404,liv,World Bank
178,Poland,2016,18371736,liv,World Bank
178,Poland,2017,18432689,liv,World Bank
178,Poland,2018,18388899,liv,World Bank
178,Poland,2019,18327422,liv,World Bank
178,Poland,2020,18245536,liv,World Bank
178,Poland,2021,18519217,liv,World Bank
178,Poland,2022,18300937,liv,World Bank
178,Poland,2023,18387400,liv,World Bank
179,France,2009,29790243,liv,World Bank
179,France,2010,29884514,liv,World Bank
179,France,2011,29908458,liv,World Bank
179,France,2012,30175391,liv,World Bank
179,France,2013,30427131,liv,World Bank
179,France,2014,30406445,liv,World Bank
179,France,2015,30521969,liv,World Bank
179,France,2016,30573605,liv,World Bank
179,France,2017,30547530,liv,World Bank
179,France,2018,30691326,liv,World Bank
179,France,2019,30652293,liv,World Bank
179,France,2020,30379167,liv,World Bank
179,France,2021,31271173,liv,World Bank
179,France,2022,31616935,liv,World Bank
179,France,2023,31825317,liv,World Bank
180,United Kingdom,2009,32084960,liv,World Bank
180,United Kingdom,2010,32236187,liv,World Bank
180,United Kingdom,2011,32478068,liv,World Bank
180,United Kingdom,2012,32778349,liv,World Bank
180,United Kingdom,2013,33061439,liv,World Bank
180,United Kingdom,2014,33331376,liv,World Bank
180,United Kingdom,2015,33614102,liv,World Bank
180,United Kingdom,2016,33939706,liv,World Bank
180,United Kingdom,2017,34128763,liv,World Bank
180,United Kingdom,2018,34415434,liv,World Bank
180,United Kingdom,2019,34695933,liv,World Bank
180,United Kingdom,2020,34633314,liv,World Bank
180,United Kingdom,2021,34311328,liv,World Bank
180,United Kingdom,2022,34797067,liv,World Bank
180,United Kingdom,2023,35275169,liv,World Bank
181,Ireland,2009,2303515,liv,World Bank
181,Ireland,2010,2252263,liv,World Bank
181,Ireland,2011,2231095,liv,World Bank
181,Ireland,2012,2225018,liv,World Bank
181,Ireland,2013,2247873,liv,World Bank
181,Ireland,2014,2258498,liv,World Bank
181,Ireland,2015,2285833,liv,World Bank
181,Ireland,2016,2330010,liv,World Bank
181,Ireland,2017,2354153,liv,World Bank
181,Ireland,2018,2397838,liv,World Bank
181,Ireland,2019,2446760,liv,World Bank
181,Ireland,2020,2432234,liv,World Bank
181,Ireland,2021,2551560,liv,World Bank
181,Ireland,2022,2673388,liv,World Bank
181,Ireland,2023,2766155,liv,World Bank
182,Spain,2009,23364217,liv,World Bank
182,Spain,2010,23482007,liv,World Bank
182,Spain,2011,23558862,liv,World Bank
182,Spain,2012,23569775,liv,World Bank
182,Spain,2013,23332032,liv,World Bank
182,Spain,2014,23091303,liv,World Bank
182,Spain,2015,23036096,liv,World Bank
182,Spain,2016,22977372,liv,World Bank
182,Spain,2017,22897891,liv,World Bank
182,Spain,2018,22930164,liv,World Bank
182,Spain,2019,23139046,liv,World Bank
182,Spain,2020,22838137,liv,World Bank
182,Spain,2021,23384158,liv,World Bank
182,Spain,2022,23687273,liv,World Bank
182,Spain,2023,24107955,liv,World Bank
183,Portugal,2009,5490080,liv,World Bank
183,Portugal,2010,5491635,liv,World Bank
183,Portugal,2011,5428758,liv,World Bank
183,Portugal,2012,5385170,liv,World Bank
183,Portugal,2013,5289169,liv,World Bank
183,Portugal,2014,5231791,liv,World Bank
183,Portugal,2015,5204013,liv,World Bank
183,Portugal,2016,5187357,liv,World Bank
183,Portugal,2017,5226891,liv,World Bank
183,Portugal,2018,5242420,liv,World Bank
183,Portugal,2019,5264058,liv,World Bank
183,Portugal,2020,5166305,liv,World Bank
183,Portugal,2021,5190888,liv,World Bank
183,Portugal,2022,5295941,liv,World Bank
183,Portugal,2023,5418819,liv,World Bank
184,Italy,2009,24612153,liv,World Bank
184,Italy,2010,24546580,liv,World Bank
184,Italy,2011,24567360,liv,World Bank
184,Italy,2012,25127011,liv,World Bank
184,Italy,2013,25287655,liv,World Bank
184,Italy,2014,25689865,liv,World Bank
184,Italy,2015,25654398,liv,World Bank
184,Italy,2016,25932536,liv,World Bank
184,Italy,2017,26103399,liv,World Bank
184,Italy,2018,26164164,liv,World Bank
184,Italy,2019,25907430,liv,World Bank
184,Italy,2020,25126337,liv,World Bank
184,Italy,2021,25087249,liv,World Bank
184,Italy,2022,25342466,liv,World Bank
184,Italy,2023,25668665,liv,World Bank
185,Monaco,2009,0,liv,World Bank
185,Monaco,2010,0,liv,World Bank
185,Monaco,2011,0,liv,World Bank
185,Monaco,2012,0,liv,World Bank
185,Monaco,2013,0,liv,World Bank
185,Monaco,2014,0,liv,World Bank
185,Monaco,2015,0,liv,World Bank
185,Monaco,2016,0,liv,World Bank
185,Monaco,2017,0,liv,World Bank
185,Monaco,2018,0,liv,World Bank
185,Monaco,2019,0,liv,World Bank
185,Monaco,2020,0,liv,World Bank
185,Monaco,2021,0,liv,World Bank
185,Monaco,2022,0,liv,World Bank
185,Monaco,2023,0,liv,World Bank
186,Montenegro,2009,242945,liv,World Bank
186,Montenegro,2010,243784,liv,World Bank
186,Montenegro,2011,244506,liv,World Bank
186,Montenegro,2012,251895,liv,World Bank
186,Montenegro,2013,252989,liv,World Bank
186,Montenegro,2014,266788,liv,World Bank
186,Montenegro,2015,272361,liv,World Bank
186,Montenegro,2016,276767,liv,World Bank
186,Montenegro,2017,277876,liv,World Bank
186,Montenegro,2018,284888,liv,World Bank
186,Montenegro,2019,292098,liv,World Bank
186,Montenegro,2020,271119,liv,World Bank
186,Montenegro,2021,276234,liv,World Bank
186,Montenegro,2022,284490,liv,World Bank
186,Montenegro,2023,285512,liv,World Bank
187,Croatia,2009,1934048,liv,World Bank
187,Croatia,2010,1912849,liv,World Bank
187,Croatia,2011,1883510,liv,World Bank
187,Croatia,2012,1865281,liv,World Bank
187,Croatia,2013,1844972,liv,World Bank
187,Croatia,2014,1896011,liv,World Bank
187,Croatia,2015,1896675,liv,World Bank
187,Croatia,2016,1835203,liv,World Bank
187,Croatia,2017,1824724,liv,World Bank
187,Croatia,2018,1794304,liv,World Bank
187,Croatia,2019,1781597,liv,World Bank
187,Croatia,2020,1772376,liv,World Bank
187,Croatia,2021,1724579,liv,World Bank
187,Croatia,2022,1732504,liv,World Bank
187,Croatia,2023,1744221,liv,World Bank
188,Slovenia,2009,1041583,liv,World Bank
188,Slovenia,2010,1040408,liv,World Bank
188,Slovenia,2011,1019339,liv,World Bank
188,Slovenia,2012,1013066,liv,World Bank
188,Slovenia,2013,1007387,liv,World Bank
188,Slovenia,2014,1014398,liv,World Bank
188,Slovenia,2015,1007275,liv,World Bank
188,Slovenia,2016,994139,liv,World Bank
188,Slovenia,2017,1025695,liv,World Bank
188,Slovenia,2018,1035268,liv,World Bank
188,Slovenia,2019,1028736,liv,World Bank
188,Slovenia,2020,1030278,liv,World Bank
188,Slovenia,2021,1045561,liv,World Bank
188,Slovenia,2022,1055916,liv,World Bank
188,Slovenia,2023,1055488,liv,World Bank
189,Lithuania,2009,1507231,liv,World Bank
189,Lithuania,2010,1483908,liv,World Bank
189,Lithuania,2011,1477415,liv,World Bank
189,Lithuania,2012,1469043,liv,World Bank
189,Lithuania,2013,1461653,liv,World Bank
189,Lithuania,2014,1473507,liv,World Bank
189,Lithuania,2015,1465455,liv,World Bank
189,Lithuania,2016,1475011,liv,World Bank
189,Lithuania,2017,1461249,liv,World Bank
189,Lithuania,2018,1466791,liv,World Bank
189,Lithuania,2019,1470500,liv,World Bank
189,Lithuania,2020,1478716,liv,World Bank
189,Lithuania,2021,1468048,liv,World Bank
189,Lithuania,2022,1489419,liv,World Bank
189,Lithuania,2023,1509766,liv,World Bank
190,Qatar,2009,1200173,liv,World Bank
190,Qatar,2010,1279336,liv,World Bank
190,Qatar,2011,1339473,liv,World Bank
190,Qatar,2012,1405646,liv,World Bank
190,Qatar,2013,1498732,liv,World Bank
190,Qatar,2014,1645653,liv,World Bank
190,Qatar,2015,1816808,liv,World Bank
190,Qatar,2016,1960463,liv,World Bank
190,Qatar,2017,2045789,liv,World Bank
190,Qatar,2018,2081887,liv,World Bank
190,Qatar,2019,2095831,liv,World Bank
190,Qatar,2020,2047230,liv,World Bank
190,Qatar,2021,1984481,liv,World Bank
190,Qatar,2022,2011040,liv,World Bank
190,Qatar,2023,2035269,liv,World Bank
191,Iran,2009,24401195,liv,World Bank
191,Iran,2010,24374967,liv,World Bank
191,Iran,2011,23747702,liv,World Bank
191,Iran,2012,24358270,liv,World Bank
191,Iran,2013,24633773,liv,World Bank
191,Iran,2014,24780719,liv,World Bank
191,Iran,2015,25883066,liv,World Bank
191,Iran,2016,27040336,liv,World Bank
191,Iran,2017,28100798,liv,World Bank
191,Iran,2018,28610021,liv,World Bank
191,Iran,2019,28702961,liv,World Bank
191,Iran,2020,27169143,liv,World Bank
191,Iran,2021,27176983,liv,World Bank
191,Iran,2022,28641414,liv,World Bank
191,Iran,2023,29158831,liv,World Bank
192,Iraq,2009,7347180,liv,World Bank
192,Iraq,2010,7588942,liv,World Bank
192,Iraq,2011,7854695,liv,World Bank
192,Iraq,2012,8207067,liv,World Bank
192,Iraq,2013,8827667,liv,World Bank
192,Iraq,2014,9385898,liv,World Bank
192,Iraq,2015,9709072,liv,World Bank
192,Iraq,2016,10025430,liv,World Bank
192,Iraq,2017,10020634,liv,World Bank
192,Iraq,2018,10315657,liv,World Bank
192,Iraq,2019,10543641,liv,World Bank
192,Iraq,2020,10307044,liv,World Bank
192,Iraq,2021,10683686,liv,World Bank
192,Iraq,2022,11356412,liv,World Bank
192,Iraq,2023,11811525,liv,World Bank
193,Guinea Bissau,2009,485013,liv,World Bank
193,Guinea Bissau,2010,498226,liv,World Bank
193,Guinea Bissau,2011,512456,liv,World Bank
193,Guinea Bissau,2012,527323,liv,World Bank
193,Guinea Bissau,2013,542768,liv,World Bank
193,Guinea Bissau,2014,558624,liv,World Bank
193,Guinea Bissau,2015,574927,liv,World Bank
193,Guinea Bissau,2016,591938,liv,World Bank
193,Guinea Bissau,2017,609483,liv,World Bank
193,Guinea Bissau,2018,627598,liv,World Bank
193,Guinea Bissau,2019,646095,liv,World Bank
193,Guinea Bissau,2020,659318,liv,World Bank
193,Guinea Bissau,2021,683858,liv,World Bank
193,Guinea Bissau,2022,705360,liv,World Bank
193,Guinea Bissau,2023,726412,liv,World Bank
194,Guinea,2009,3311120,liv,World Bank
194,Guinea,2010,3368027,liv,World Bank
194,Guinea,2011,3426953,liv,World Bank
194,Guinea,2012,3486597,liv,World Bank
194,Guinea,2013,3545237,liv,World Bank
194,Guinea,2014,3605101,liv,World Bank
194,Guinea,2015,3668093,liv,World Bank
194,Guinea,2016,3732312,liv,World Bank
194,Guinea,2017,3795285,liv,World Bank
194,Guinea,2018,3858186,liv,World Bank
194,Guinea,2019,3923389,liv,World Bank
194,Guinea,2020,4004061,liv,World Bank
194,Guinea,2021,4121670,liv,World Bank
194,Guinea,2022,4267534,liv,World Bank
194,Guinea,2023,4400646,liv,World Bank
195,Ivory Coast,2009,7478860,liv,World Bank
195,Ivory Coast,2010,7674193,liv,World Bank
195,Ivory Coast,2011,7842038,liv,World Bank
195,Ivory Coast,2012,7988446,liv,World Bank
195,Ivory Coast,2013,8151021,liv,World Bank
195,Ivory Coast,2014,8360975,liv,World Bank
195,Ivory Coast,2015,8617882,liv,World Bank
195,Ivory Coast,2016,8883562,liv,World Bank
195,Ivory Coast,2017,9157647,liv,World Bank
195,Ivory Coast,2018,9441715,liv,World Bank
195,Ivory Coast,2019,9735200,liv,World Bank
195,Ivory Coast,2020,9943686,liv,World Bank
195,Ivory Coast,2021,10263449,liv,World Bank
195,Ivory Coast,2022,10609451,liv,World Bank
195,Ivory Coast,2023,10954094,liv,World Bank
196,Nigeria,2009,52747992,liv,World Bank
196,Nigeria,2010,54153463,liv,World Bank
196,Nigeria,2011,55649284,liv,World Bank
196,Nigeria,2012,56878596,liv,World Bank
196,Nigeria,2013,58122761,liv,World Bank
196,Nigeria,2014,59530047,liv,World Bank
196,Nigeria,2015,60960864,liv,World Bank
196,Nigeria,2016,62454314,liv,World Bank
196,Nigeria,2017,64052256,liv,World Bank
196,Nigeria,2018,65702232,liv,World Bank
196,Nigeria,2019,67373496,liv,World Bank
196,Nigeria,2020,68632664,liv,World Bank
196,Nigeria,2021,70911721,liv,World Bank
196,Nigeria,2022,73389347,liv,World Bank
196,Nigeria,2023,75721345,liv,World Bank
197,Cameroon,2009,8476630,liv,World Bank
197,Cameroon,2010,8515123,liv,World Bank
197,Cameroon,2011,8654090,liv,World Bank
197,Cameroon,2012,8788788,liv,World Bank
197,Cameroon,2013,8923111,liv,World Bank
197,Cameroon,2014,9090658,liv,World Bank
197,Cameroon,2015,9409632,liv,World Bank
197,Cameroon,2016,9710777,liv,World Bank
197,Cameroon,2017,9995553,liv,World Bank
197,Cameroon,2018,10284558,liv,World Bank
197,Cameroon,2019,10593291,liv,World Bank
197,Cameroon,2020,10815307,liv,World Bank
197,Cameroon,2021,11098782,liv,World Bank
197,Cameroon,2022,11592475,liv,World Bank
197,Cameroon,2023,11965019,liv,World Bank
198,Gabon,2009,503461,liv,World Bank
198,Gabon,2010,521999,liv,World Bank
198,Gabon,2011,541121,liv,World Bank
198,Gabon,2012,561059,liv,World Bank
198,Gabon,2013,581623,liv,World Bank
198,Gabon,2014,601861,liv,World Bank
198,Gabon,2015,620925,liv,World Bank
198,Gabon,2016,640147,liv,World Bank
198,Gabon,2017,657900,liv,World Bank
198,Gabon,2018,674918,liv,World Bank
198,Gabon,2019,691727,liv,World Bank
198,Gabon,2020,665807,liv,World Bank
198,Gabon,2021,688927,liv,World Bank
198,Gabon,2022,740047,liv,World Bank
198,Gabon,2023,763104,liv,World Bank
199,Democratic Republic of the Congo,2009,23839481,liv,World Bank
199,Democratic Republic of the Congo,2010,24288870,liv,World Bank
199,Democratic Republic of the Congo,2011,24786531,liv,World Bank
199,Democratic Republic of the Congo,2012,25253938,liv,World Bank
199,Democratic Republic of the Congo,2013,26115602,liv,World Bank
199,Democratic Republic of the Congo,2014,27012080,liv,World Bank
199,Democratic Republic of the Congo,2015,27914047,liv,World Bank
199,Democratic Republic of the Congo,2016,28894272,liv,World Bank
199,Democratic Republic of the Congo,2017,29889010,liv,World Bank
199,Democratic Republic of the Congo,2018,30825948,liv,World Bank
199,Democratic Republic of the Congo,2019,31747599,liv,World Bank
199,Democratic Republic of the Congo,2020,32441900,liv,World Bank
199,Democratic Republic of the Congo,2021,33694649,liv,World Bank
199,Democratic Republic of the Congo,2022,34812162,liv,World Bank
199,Democratic Republic of the Congo,2023,35983053,liv,World Bank
200,Angola,2009,9435748,liv,World Bank
200,Angola,2010,9793696,liv,World Bank
200,Angola,2011,10175962,liv,World Bank
200,Angola,2012,10527326,liv,World Bank
200,Angola,2013,10886364,liv,World Bank
200,Angola,2014,11251540,liv,World Bank
200,Angola,2015,11623549,liv,World Bank
200,Angola,2016,12011479,liv,World Bank
200,Angola,2017,12415650,liv,World Bank
200,Angola,2018,12825924,liv,World Bank
200,Angola,2019,13246117,liv,World Bank
200,Angola,2020,13728470,liv,World Bank
200,Angola,2021,14445598,liv,World Bank
200,Angola,2022,14746279,liv,World Bank
200,Angola,2023,15222540,liv,World Bank
202,Tanzania,2009,21001337,liv,World Bank
202,Tanzania,2010,21393289,liv,World Bank
202,Tanzania,2011,21865045,liv,World Bank
202,Tanzania,2012,22376520,liv,World Bank
202,Tanzania,2013,22926545,liv,World Bank
202,Tanzania,2014,23506979,liv,World Bank
202,Tanzania,2015,24200892,liv,World Bank
202,Tanzania,2016,24960918,liv,World Bank
202,Tanzania,2017,25739955,liv,World Bank
202,Tanzania,2018,26515547,liv,World Bank
202,Tanzania,2019,27288953,liv,World Bank
202,Tanzania,2020,27839215,liv,World Bank
202,Tanzania,2021,28746124,liv,World Bank
202,Tanzania,2022,30096296,liv,World Bank
202,Tanzania,2023,31219073,liv,World Bank
203,India,2009,459168942,liv,World Bank
203,India,2010,468646281,liv,World Bank
203,India,2011,472419461,liv,World Bank
203,India,2012,476025371,liv,World Bank
203,India,2013,483634725,liv,World Bank
203,India,2014,490933119,liv,World Bank
203,India,2015,497800426,liv,World Bank
203,India,2016,504122684,liv,World Bank
203,India,2017,510055221,liv,World Bank
203,India,2018,515366255,liv,World Bank
203,India,2019,520273563,liv,World Bank
203,India,2020,520521842,liv,World Bank
203,India,2021,535026237,liv,World Bank
203,India,2022,554145127,liv,World Bank
203,India,2023,593729164,liv,World Bank
204,Bangladesh,2009,55755782,liv,World Bank
204,Bangladesh,2010,56625232,liv,World Bank
204,Bangladesh,2011,57602724,liv,World Bank
204,Bangladesh,2012,58662413,liv,World Bank
204,Bangladesh,2013,59781774,liv,World Bank
204,Bangladesh,2014,60904130,liv,World Bank
204,Bangladesh,2015,62009866,liv,World Bank
204,Bangladesh,2016,63166277,liv,World Bank
204,Bangladesh,2017,67164738,liv,World Bank
204,Bangladesh,2018,68748318,liv,World Bank
204,Bangladesh,2019,70248864,liv,World Bank
204,Bangladesh,2020,70941233,liv,World Bank
204,Bangladesh,2021,73234222,liv,World Bank
204,Bangladesh,2022,73862460,liv,World Bank
204,Bangladesh,2023,74913612,liv,World Bank
205,Myanmar,2009,23281426,liv,World Bank
205,Myanmar,2010,23425673,liv,World Bank
205,Myanmar,2011,23653727,liv,World Bank
205,Myanmar,2012,23865743,liv,World Bank
205,Myanmar,2013,24061830,liv,World Bank
205,Myanmar,2014,24256532,liv,World Bank
205,Myanmar,2015,24454335,liv,World Bank
205,Myanmar,2016,24239329,liv,World Bank
205,Myanmar,2017,24004375,liv,World Bank
205,Myanmar,2018,24412306,liv,World Bank
205,Myanmar,2019,23943305,liv,World Bank
205,Myanmar,2020,24060818,liv,World Bank
205,Myanmar,2021,22303449,liv,World Bank
205,Myanmar,2022,22526660,liv,World Bank
205,Myanmar,2023,22884069,liv,World Bank
206,Malaysia,2009,12181257,liv,World Bank
206,Malaysia,2010,12521773,liv,World Bank
206,Malaysia,2011,13097899,liv,World Bank
206,Malaysia,2012,13645753,liv,World Bank
206,Malaysia,2013,14299077,liv,World Bank
206,Malaysia,2014,14684559,liv,World Bank
206,Malaysia,2015,15045055,liv,World Bank
206,Malaysia,2016,15327169,liv,World Bank
206,Malaysia,2017,15658484,liv,World Bank
206,Malaysia,2018,16042818,liv,World Bank
206,Malaysia,2019,16435873,liv,World Bank
206,Malaysia,2020,16627612,liv,World Bank
206,Malaysia,2021,16996006,liv,World Bank
206,Malaysia,2022,17129366,liv,World Bank
206,Malaysia,2023,17307639,liv,World Bank
207,Vietnam,2009,49365082,liv,World Bank
207,Vietnam,2010,50409727,liv,World Bank
207,Vietnam,2011,51233476,liv,World Bank
207,Vietnam,2012,51880301,liv,World Bank
207,Vietnam,2013,53110641,liv,World Bank
207,Vietnam,2014,53761703,liv,World Bank
207,Vietnam,2015,54503887,liv,World Bank
207,Vietnam,2016,54678041,liv,World Bank
207,Vietnam,2017,54999075,liv,World Bank
207,Vietnam,2018,55246118,liv,World Bank
207,Vietnam,2019,55877866,liv,World Bank
207,Vietnam,2020,54751935,liv,World Bank
207,Vietnam,2021,55034918,liv,World Bank
207,Vietnam,2022,55688922,liv,World Bank
207,Vietnam,2023,56149382,liv,World Bank
208,Singapore,2009,2884413,liv,World Bank
208,Singapore,2010,2990900,liv,World Bank
208,Singapore,2011,3073730,liv,World Bank
208,Singapore,2012,3185075,liv,World Bank
208,Singapore,2013,3244474,liv,World Bank
208,Singapore,2014,3339133,liv,World Bank
208,Singapore,2015,3437533,liv,World Bank
208,Singapore,2016,3480133,liv,World Bank
208,Singapore,2017,3474178,liv,World Bank
208,Singapore,2018,3471429,liv,World Bank
208,Singapore,2019,3527441,liv,World Bank
208,Singapore,2020,3511798,liv,World Bank
208,Singapore,2021,3418165,liv,World Bank
208,Singapore,2022,3540908,liv,World Bank
208,Singapore,2023,3619025,liv,World Bank
209,China,2009,779625259,liv,World Bank
209,China,2010,778068815,liv,World Bank
209,China,2011,782418748,liv,World Bank
209,China,2012,783115577,liv,World Bank
209,China,2013,783289270,liv,World Bank
209,China,2014,784336566,liv,World Bank
209,China,2015,785028934,liv,World Bank
209,China,2016,784860872,liv,World Bank
209,China,2017,783041197,liv,World Bank
209,China,2018,780686373,liv,World Bank
209,China,2019,779716127,liv,World Bank
209,China,2020,767995459,liv,World Bank
209,China,2021,784636492,liv,World Bank
209,China,2022,785970750,liv,World Bank
209,China,2023,783477524,liv,World Bank
210,Japan,2009,66456031,liv,World Bank
210,Japan,2010,66231664,liv,World Bank
210,Japan,2011,65813075,liv,World Bank
210,Japan,2012,65518909,liv,World Bank
210,Japan,2013,65768575,liv,World Bank
210,Japan,2014,65973877,liv,World Bank
210,Japan,2015,66061546,liv,World Bank
210,Japan,2016,66669411,liv,World Bank
210,Japan,2017,67225084,liv,World Bank
210,Japan,2018,68386819,liv,World Bank
210,Japan,2019,69045531,liv,World Bank
210,Japan,2020,68898380,liv,World Bank
210,Japan,2021,68881069,liv,World Bank
210,Japan,2022,69113783,liv,World Bank
210,Japan,2023,69349452,liv,World Bank
212,Kiribati,2009,0,liv,World Bank
212,Kiribati,2010,0,liv,World Bank
212,Kiribati,2011,0,liv,World Bank
212,Kiribati,2012,0,liv,World Bank
212,Kiribati,2013,0,liv,World Bank
212,Kiribati,2014,0,liv,World Bank
212,Kiribati,2015,0,liv,World Bank
212,Kiribati,2016,0,liv,World Bank
212,Kiribati,2017,0,liv,World Bank
212,Kiribati,2018,0,liv,World Bank
212,Kiribati,2019,0,liv,World Bank
212,Kiribati,2020,0,liv,World Bank
212,Kiribati,2021,0,liv,World Bank
212,Kiribati,2022,0,liv,World Bank
212,Kiribati,2023,0,liv,World Bank
214,Egypt,2009,27281764,liv,World Bank
214,Egypt,2010,28739910,liv,World Bank
214,Egypt,2011,29061496,liv,World Bank
214,Egypt,2012,29544119,liv,World Bank
214,Egypt,2013,30181706,liv,World Bank
214,Egypt,2014,30655760,liv,World Bank
214,Egypt,2015,30540697,liv,World Bank
214,Egypt,2016,30927659,liv,World Bank
214,Egypt,2017,30428646,liv,World Bank
214,Egypt,2018,29899860,liv,World Bank
214,Egypt,2019,29708924,liv,World Bank
214,Egypt,2020,29873073,liv,World Bank
214,Egypt,2021,31447172,liv,World Bank
214,Egypt,2022,32614163,liv,World Bank
214,Egypt,2023,33430910,liv,World Bank
215,Jordan,2009,1710771,liv,World Bank
215,Jordan,2010,1734495,liv,World Bank
215,Jordan,2011,1768822,liv,World Bank
215,Jordan,2012,1759866,liv,World Bank
215,Jordan,2013,1842302,liv,World Bank
215,Jordan,2014,2038462,liv,World Bank
215,Jordan,2015,2321528,liv,World Bank
215,Jordan,2016,2533543,liv,World Bank
215,Jordan,2017,2698786,liv,World Bank
215,Jordan,2018,2707735,liv,World Bank
215,Jordan,2019,2791809,liv,World Bank
215,Jordan,2020,2922682,liv,World Bank
215,Jordan,2021,2905249,liv,World Bank
215,Jordan,2022,3009098,liv,World Bank
215,Jordan,2023,3062800,liv,World Bank
216,Indonesia,2009,114480686,liv,World Bank
216,Indonesia,2010,117183517,liv,World Bank
216,Indonesia,2011,119580336,liv,World Bank
216,Indonesia,2012,122341620,liv,World Bank
216,Indonesia,2013,122963171,liv,World Bank
216,Indonesia,2014,124478015,liv,World Bank
216,Indonesia,2015,126141821,liv,World Bank
216,Indonesia,2016,127339757,liv,World Bank
216,Indonesia,2017,129760147,liv,World Bank
216,Indonesia,2018,133327293,liv,World Bank
216,Indonesia,2019,136201932,liv,World Bank
216,Indonesia,2020,136106881,liv,World Bank
216,Indonesia,2021,134381715,liv,World Bank
216,Indonesia,2022,138099490,liv,World Bank
216,Indonesia,2023,140931083,liv,World Bank
218,Canada,2009,18788041,liv,World Bank
218,Canada,2010,18985996,liv,World Bank
218,Canada,2011,19146747,liv,World Bank
218,Canada,2012,19315804,liv,World Bank
218,Canada,2013,19521201,liv,World Bank
218,Canada,2014,19584895,liv,World Bank
218,Canada,2015,19691006,liv,World Bank
218,Canada,2016,19878324,liv,World Bank
218,Canada,2017,20144897,liv,World Bank
218,Canada,2018,20348244,liv,World Bank
218,Canada,2019,20767967,liv,World Bank
218,Canada,2020,20482633,liv,World Bank
218,Canada,2021,20967796,liv,World Bank
218,Canada,2022,21367763,liv,World Bank
218,Canada,2023,22110473,liv,World Bank
220,Sint Maarten,2009,0,liv,World Bank
220,Sint Maarten,2010,0,liv,World Bank
220,Sint Maarten,2011,0,liv,World Bank
220,Sint Maarten,2012,0,liv,World Bank
220,Sint Maarten,2013,0,liv,World Bank
220,Sint Maarten,2014,0,liv,World Bank
220,Sint Maarten,2015,0,liv,World Bank
220,Sint Maarten,2016,0,liv,World Bank
220,Sint Maarten,2017,0,liv,World Bank
220,Sint Maarten,2018,0,liv,World Bank
220,Sint Maarten,2019,0,liv,World Bank
220,Sint Maarten,2020,0,liv,World Bank
220,Sint Maarten,2021,0,liv,World Bank
220,Sint Maarten,2022,0,liv,World Bank
220,Sint Maarten,2023,0,liv,World Bank
221,Northern Saint-Martin,2009,0,liv,World Bank
221,Northern Saint-Martin,2010,0,liv,World Bank
221,Northern Saint-Martin,2011,0,liv,World Bank
221,Northern Saint-Martin,2012,0,liv,World Bank
221,Northern Saint-Martin,2013,0,liv,World Bank
221,Northern Saint-Martin,2014,0,liv,World Bank
221,Northern Saint-Martin,2015,0,liv,World Bank
221,Northern Saint-Martin,2016,0,liv,World Bank
221,Northern Saint-Martin,2017,0,liv,World Bank
221,Northern Saint-Martin,2018,0,liv,World Bank
221,Northern Saint-Martin,2019,0,liv,World Bank
221,Northern Saint-Martin,2020,0,liv,World Bank
221,Northern Saint-Martin,2021,0,liv,World Bank
221,Northern Saint-Martin,2022,0,liv,World Bank
221,Northern Saint-Martin,2023,0,liv,World Bank
222,Sweden,2009,4912421,liv,World Bank
222,Sweden,2010,4947828,liv,World Bank
222,Sweden,2011,5012570,liv,World Bank
222,Sweden,2012,5052398,liv,World Bank
222,Sweden,2013,5122087,liv,World Bank
222,Sweden,2014,5174559,liv,World Bank
222,Sweden,2015,5230067,liv,World Bank
222,Sweden,2016,5307317,liv,World Bank
222,Sweden,2017,5406464,liv,World Bank
222,Sweden,2018,5483210,liv,World Bank
222,Sweden,2019,5554111,liv,World Bank
222,Sweden,2020,5569519,liv,World Bank
222,Sweden,2021,5638697,liv,World Bank
222,Sweden,2022,5723799,liv,World Bank
222,Sweden,2023,5825253,liv,World Bank
223,Norway,2009,2599655,liv,World Bank
223,Norway,2010,2605230,liv,World Bank
223,Norway,2011,2626987,liv,World Bank
223,Norway,2012,2673469,liv,World Bank
223,Norway,2013,2699916,liv,World Bank
223,Norway,2014,2724239,liv,World Bank
223,Norway,2015,2762042,liv,World Bank
223,Norway,2016,2769692,liv,World Bank
223,Norway,2017,2760886,liv,World Bank
223,Norway,2018,2796121,liv,World Bank
223,Norway,2019,2825244,liv,World Bank
223,Norway,2020,2832047,liv,World Bank
223,Norway,2021,2965991,liv,World Bank
223,Norway,2022,2981183,liv,World Bank
223,Norway,2023,3009339,liv,World Bank
224,Chile,2009,7672069,liv,World Bank
224,Chile,2010,7836109,liv,World Bank
224,Chile,2011,8131735,liv,World Bank
224,Chile,2012,8209415,liv,World Bank
224,Chile,2013,8324494,liv,World Bank
224,Chile,2014,8468946,liv,World Bank
224,Chile,2015,8566113,liv,World Bank
224,Chile,2016,8661001,liv,World Bank
224,Chile,2017,8872208,liv,World Bank
224,Chile,2018,9059235,liv,World Bank
224,Chile,2019,9214285,liv,World Bank
224,Chile,2020,8852361,liv,World Bank
224,Chile,2021,9147766,liv,World Bank
224,Chile,2022,9629968,liv,World Bank
224,Chile,2023,9847754,liv,World Bank
231,East Timor,2009,422042,liv,World Bank
231,East Timor,2010,431707,liv,World Bank
231,East Timor,2011,442441,liv,World Bank
231,East Timor,2012,453650,liv,World Bank
231,East Timor,2013,466912,liv,World Bank
231,East Timor,2014,480394,liv,World Bank
231,East Timor,2015,493404,liv,World Bank
231,East Timor,2016,505198,liv,World Bank
231,East Timor,2017,520019,liv,World Bank
231,East Timor,2018,534219,liv,World Bank
231,East Timor,2019,542209,liv,World Bank
231,East Timor,2020,550988,liv,World Bank
231,East Timor,2021,562445,liv,World Bank
231,East Timor,2022,580820,liv,World Bank
231,East Timor,2023,596825,liv,World Bank
232,Bosnia and Herzegovina,2009,1463957,liv,World Bank
232,Bosnia and Herzegovina,2010,1464249,liv,World Bank
232,Bosnia and Herzegovina,2011,1428367,liv,World Bank
232,Bosnia and Herzegovina,2012,1416274,liv,World Bank
232,Bosnia and Herzegovina,2013,1386578,liv,World Bank
232,Bosnia and Herzegovina,2014,1400680,liv,World Bank
232,Bosnia and Herzegovina,2015,1385813,liv,World Bank
232,Bosnia and Herzegovina,2016,1365760,liv,World Bank
232,Bosnia and Herzegovina,2017,1351075,liv,World Bank
232,Bosnia and Herzegovina,2018,1330417,liv,World Bank
232,Bosnia and Herzegovina,2019,1344543,liv,World Bank
232,Bosnia and Herzegovina,2020,1321242,liv,World Bank
232,Bosnia and Herzegovina,2021,1387825,liv,World Bank
232,Bosnia and Herzegovina,2022,1381592,liv,World Bank
232,Bosnia and Herzegovina,2023,1368568,liv,World Bank
244,Curacao,2009,0,liv,World Bank
244,Curacao,2010,0,liv,World Bank
244,Curacao,2011,0,liv,World Bank
244,Curacao,2012,0,liv,World Bank
244,Curacao,2013,0,liv,World Bank
244,Curacao,2014,0,liv,World Bank
244,Curacao,2015,0,liv,World Bank
244,Curacao,2016,0,liv,World Bank
244,Curacao,2017,0,liv,World Bank
244,Curacao,2018,0,liv,World Bank
244,Curacao,2019,0,liv,World Bank
244,Curacao,2020,0,liv,World Bank
244,Curacao,2021,0,liv,World Bank
244,Curacao,2022,0,liv,World Bank
244,Curacao,2023,0,liv,World Bank
247,Brunei,2009,191393,liv,World Bank
247,Brunei,2010,195182,liv,World Bank
247,Brunei,2011,198598,liv,World Bank
247,Brunei,2012,200259,liv,World Bank
247,Brunei,2013,201720,liv,World Bank
247,Brunei,2014,203072,liv,World Bank
247,Brunei,2015,204352,liv,World Bank
247,Brunei,2016,205465,liv,World Bank
247,Brunei,2017,206363,liv,World Bank
247,Brunei,2018,218003,liv,World Bank
247,Brunei,2019,216668,liv,World Bank
247,Brunei,2020,217415,liv,World Bank
247,Brunei,2021,220478,liv,World Bank
247,Brunei,2022,225294,liv,World Bank
247,Brunei,2023,227798,liv,World Bank
250,Aruba,2009,0,liv,World Bank
250,Aruba,2010,0,liv,World Bank
250,Aruba,2011,0,liv,World Bank
250,Aruba,2012,0,liv,World Bank
250,Aruba,2013,0,liv,World Bank
250,Aruba,2014,0,liv,World Bank
250,Aruba,2015,0,liv,World Bank
250,Aruba,2016,0,liv,World Bank
250,Aruba,2017,0,liv,World Bank
250,Aruba,2018,0,liv,World Bank
250,Aruba,2019,0,liv,World Bank
250,Aruba,2020,0,liv,World Bank
250,Aruba,2021,0,liv,World Bank
250,Aruba,2022,0,liv,World Bank
250,Aruba,2023,0,liv,World Bank
